============================================================
grid5x5 — double [naive]: ε̂=0.10, ε̃=0.10, β=0.70
  mini_benders=false, valid_inequality=none
============================================================
Set parameter Username
Set parameter LicenseID to value 2742039
Academic license - for non-commercial use only - expires 2026-11-20
Set parameter Username
Set parameter LicenseID to value 2742039
Academic license - for non-commercial use only - expires 2026-11-20
Set parameter OutputFlag to value 1
Set parameter LogFile to value "global_miqcp.log"
Set parameter Username
Set parameter LicenseID to value 2742039
Academic license - for non-commercial use only - expires 2026-11-20

=== True-DRO Benders iter 1 ===
  OMP: t₀=-10000.000000, UB=Inf, gap=NaN, x=[0, 0, 0, 0, 0, 0, 0, 0, 0, 0, 0, 0, 0, 0, 0, 0, 0, 0, 0, 0, 0, 0, 0, 0, 0, 0, 0, 0, 0, 0, 0, 0, 0, 0, 0, 0, 0, 0, 0, 0, 0, 0, 0, 0, 0, 0, 0] (0.000s)
  Sub: Z₀=48.053728 [LOCAL] (0.6s), α=[0.000,0.000,0.000,0.000,0.000,0.000,0.000,0.000,0.000,0.000,0.000,0.000,0.000,0.000,0.000,0.000,0.000,0.000,0.000,0.000,0.000,0.000,0.000,0.000,2.929,0.000,0.000,0.037,4.949,0.000,0.000,0.000,0.000,0.000,0.000,0.239,2.095,0.000,0.000,0.000,0.000,0.000,0.000,0.000,0.000,0.000,0.000]
  Iter 1: LB=-10000.000000  UB=Inf  gap=NaN
  Cut: intercept=48.053728, π_x_range=[-829.2006, -774.0995]

=== True-DRO Benders iter 2 ===
  OMP: t₀=-1602.218659, UB=Inf, gap=NaN, x=[0, 0, 0, 0, 0, 0, 0, 0, 0, 0, 1, 0, 0, 0, 0, 0, 0, 0, 0, 0, 0, 0, 0, 0, 0, 0, 0, 0, 0, 0, 0, 0, 1, 0, 0, 0, 0, 0, 0, 0, 0, 0, 0, 0, 0, 0, 0] (0.028s)
  Sub: Z₀=42.535037 [LOCAL] (0.5s), α=[0.000,0.000,0.000,0.000,0.000,0.000,0.000,0.000,0.000,0.000,0.000,0.000,0.000,0.000,0.000,0.000,0.000,0.000,0.000,0.000,0.000,0.000,0.000,0.000,2.108,0.000,0.000,0.000,8.091,0.000,0.000,0.000,0.000,0.000,0.000,0.000,0.051,0.000,0.000,0.000,0.000,0.000,0.000,0.000,0.000,0.000,0.000]
  Iter 2: LB=-1602.218659  UB=Inf  gap=NaN
  Cut: intercept=-1092.681205, π_x_range=[-818.6869, 588.9029]

=== True-DRO Benders iter 3 ===
  OMP: t₀=-1592.547444, UB=Inf, gap=NaN, x=[0, 0, 0, 0, 0, 0, 0, 0, 0, 1, 0, 0, 0, 0, 0, 0, 0, 0, 0, 0, 0, 0, 0, 0, 0, 0, 0, 1, 0, 0, 0, 0, 0, 0, 0, 0, 0, 0, 0, 0, 0, 0, 0, 0, 0, 0, 0] (0.063s)
  Sub: Z₀=35.836545 [LOCAL] (0.4s), α=[0.000,0.000,0.000,0.000,0.000,0.000,0.000,0.000,0.000,0.000,0.000,0.000,0.000,0.000,0.000,0.000,0.000,0.000,0.000,0.000,0.000,0.000,0.000,0.000,0.000,0.000,0.000,6.596,3.523,0.000,0.000,0.000,0.000,0.000,0.000,0.000,0.131,0.000,0.000,0.000,0.000,0.000,0.000,0.000,0.000,0.000,0.000]
  Iter 3: LB=-1592.547444  UB=Inf  gap=NaN
  Cut: intercept=-1092.433764, π_x_range=[-825.7939, 582.2446]

=== True-DRO Benders iter 4 ===
  OMP: t₀=-1585.284328, UB=Inf, gap=NaN, x=[0, 0, 0, 0, 0, 0, 0, 0, 0, 0, 0, 0, 0, 0, 0, 0, 0, 0, 0, 0, 0, 0, 0, 0, 0, 0, 1, 0, 0, 0, 0, 1, 0, 0, 0, 0, 0, 0, 0, 0, 0, 0, 0, 0, 0, 0, 0] (0.082s)
  Sub: Z₀=42.028330 [LOCAL] (0.5s), α=[0.000,0.000,0.000,0.000,0.000,0.000,0.000,0.000,0.000,0.000,0.000,0.000,0.000,0.000,0.000,0.000,0.000,0.000,0.000,0.000,0.000,0.000,0.000,0.000,7.253,0.000,0.000,0.012,2.984,0.000,0.000,0.000,0.000,0.000,0.000,0.000,0.000,0.000,0.000,0.000,0.000,0.000,0.000,0.000,0.000,0.000,0.000]
  Iter 4: LB=-1585.284328  UB=Inf  gap=NaN
  Cut: intercept=-1100.111056, π_x_range=[-829.9179, 578.2172]

=== True-DRO Benders iter 5 ===
  OMP: t₀=-1582.799178, UB=Inf, gap=NaN, x=[0, 0, 0, 0, 0, 0, 0, 0, 0, 0, 0, 0, 0, 0, 0, 1, 0, 0, 0, 0, 0, 0, 0, 0, 0, 0, 0, 0, 0, 1, 0, 0, 0, 0, 0, 0, 0, 0, 0, 0, 0, 0, 0, 0, 0, 0, 0] (0.109s)
Set parameter NonConvex to value 2
Set parameter MIPGap to value 0.0001
Set parameter DualReductions to value 0
Set parameter MIPFocus to value 0
  Sub: Z₀=45.170411 [TIME_LIMIT] (15.7s), α=[0.000,0.000,0.000,0.000,0.000,0.000,0.000,0.000,0.000,0.000,0.000,0.000,0.000,0.000,0.000,0.000,0.000,0.000,0.000,0.000,0.000,0.000,0.912,0.282,0.000,0.000,0.000,0.058,6.214,0.100,0.000,0.000,0.000,0.000,0.000,1.087,1.597,0.000,0.000,0.000,0.000,0.000,0.000,0.000,0.000,0.000,0.000]
  Iter 5: LB=-1582.799178  UB=46.163253  gap=3.53e+01
  Cut: intercept=-201.284264, π_x_range=[-257.0000, 128.0613]

=== True-DRO Benders iter 6 ===
  OMP: t₀=-712.284264, UB=46.163253, gap=1.64e+01, x=[0, 0, 0, 0, 0, 0, 0, 0, 0, 0, 1, 0, 0, 0, 0, 0, 1, 0, 0, 0, 0, 0, 0, 0, 0, 0, 0, 0, 0, 0, 0, 0, 0, 0, 0, 0, 0, 0, 0, 0, 0, 0, 0, 0, 0, 0, 0] (0.036s)
  Sub: Z₀=43.704852 [LOCAL] (0.4s), α=[0.000,0.000,0.000,0.000,0.000,0.000,0.000,0.000,0.000,0.000,0.000,0.000,0.000,0.000,0.000,0.000,0.000,0.000,0.000,0.000,0.000,0.000,4.451,0.000,0.000,0.000,0.000,0.000,5.798,0.000,0.000,0.000,0.000,0.000,0.000,0.000,0.000,0.000,0.000,0.000,0.000,0.000,0.000,0.000,0.000,0.000,0.000]
  Iter 6: LB=-712.284264  UB=46.163253  gap=1.64e+01
  Cut: intercept=-1057.593569, π_x_range=[-829.5789, 554.8221]

=== True-DRO Benders iter 7 ===
  OMP: t₀=-691.284264, UB=46.163253, gap=1.60e+01, x=[0, 0, 0, 0, 0, 0, 0, 0, 0, 1, 0, 0, 0, 0, 0, 0, 1, 0, 0, 0, 0, 0, 0, 0, 0, 0, 0, 0, 0, 0, 0, 0, 0, 0, 0, 0, 0, 0, 0, 0, 0, 0, 0, 0, 0, 0, 0] (0.035s)
  Sub: Z₀=48.053728 [LOCAL] (0.5s), α=[0.000,0.000,0.000,0.000,0.000,0.000,0.000,0.000,0.000,0.000,0.000,0.000,0.000,0.000,0.000,0.000,0.000,0.000,0.000,0.000,0.000,0.000,0.000,0.000,2.929,0.000,0.000,0.044,4.942,0.000,0.000,0.000,0.000,0.000,0.000,0.238,2.096,0.000,0.000,0.000,0.000,0.000,0.000,0.000,0.000,0.000,0.000]
  Iter 7: LB=-691.284264  UB=46.163253  gap=1.60e+01
  Cut: intercept=-1048.634530, π_x_range=[-825.3709, 548.3458]

=== True-DRO Benders iter 8 ===
  OMP: t₀=-688.284264, UB=46.163253, gap=1.59e+01, x=[0, 0, 0, 0, 0, 0, 0, 0, 0, 0, 0, 0, 0, 0, 0, 0, 1, 0, 0, 0, 0, 0, 0, 0, 0, 0, 0, 0, 0, 0, 0, 0, 1, 0, 0, 0, 0, 0, 0, 0, 0, 0, 0, 0, 0, 0, 0] (0.069s)
  Sub: Z₀=45.185140 [LOCAL] (0.4s), α=[0.000,0.000,0.000,0.000,0.000,0.000,0.000,0.000,0.000,0.000,0.000,0.000,0.000,0.000,0.000,0.000,0.000,0.000,0.000,0.000,0.000,0.000,0.000,0.000,2.929,0.000,0.000,0.000,5.078,0.000,0.000,0.000,0.000,0.000,0.000,0.222,2.020,0.000,0.000,0.000,0.000,0.000,0.000,0.000,0.000,0.000,0.000]
  Iter 8: LB=-688.284264  UB=46.163253  gap=1.59e+01
  Cut: intercept=-1103.119540, π_x_range=[-825.5591, 593.6445]

=== True-DRO Benders iter 9 ===
  OMP: t₀=-688.284264, UB=46.163253, gap=1.59e+01, x=[0, 0, 0, 0, 0, 0, 0, 0, 0, 1, 1, 0, 0, 0, 0, 0, 0, 0, 0, 0, 0, 0, 0, 0, 0, 0, 0, 0, 0, 0, 0, 0, 0, 0, 0, 0, 0, 0, 0, 0, 0, 0, 0, 0, 0, 0, 0] (0.080s)
  Sub: Z₀=43.704852 [LOCAL] (0.4s), α=[0.000,0.000,0.000,0.000,0.000,0.000,0.000,0.000,0.000,0.000,0.000,0.000,0.000,0.000,0.000,0.000,0.000,0.000,0.000,0.000,0.000,0.000,4.451,0.000,0.000,0.000,0.000,0.000,5.798,0.000,0.000,0.000,0.000,0.000,0.000,0.000,0.000,0.000,0.000,0.000,0.000,0.000,0.000,0.000,0.000,0.000,0.000]
  Iter 9: LB=-688.284264  UB=46.163253  gap=1.59e+01
  Cut: intercept=-1064.482425, π_x_range=[-829.8212, 554.8221]

=== True-DRO Benders iter 10 ===
  OMP: t₀=-681.284264, UB=46.163253, gap=1.58e+01, x=[0, 0, 0, 0, 0, 0, 0, 0, 0, 0, 0, 0, 0, 0, 0, 0, 1, 0, 0, 0, 0, 0, 0, 0, 0, 0, 0, 1, 0, 0, 0, 0, 0, 0, 0, 0, 0, 0, 0, 0, 0, 0, 0, 0, 0, 0, 0] (0.064s)
  Sub: Z₀=40.405254 [TIME_LIMIT] (15.7s), α=[0.000,0.000,0.000,0.000,0.000,0.000,0.000,0.000,0.000,0.000,0.000,0.000,0.000,0.000,0.000,0.000,0.000,0.000,0.000,0.000,0.000,0.000,0.000,0.000,2.929,0.000,0.000,1.928,5.360,0.000,0.000,0.000,0.000,0.000,0.000,0.000,0.031,0.000,0.000,0.000,0.000,0.000,0.000,0.000,0.000,0.000,0.000]
  Iter 10: LB=-681.284264  UB=41.800376  gap=1.73e+01
  Cut: intercept=-244.827279, π_x_range=[-264.9997, 166.4490]

=== True-DRO Benders iter 11 ===
  OMP: t₀=-664.284264, UB=41.800376, gap=1.69e+01, x=[0, 0, 0, 0, 0, 0, 0, 0, 0, 1, 0, 0, 0, 0, 0, 0, 0, 0, 0, 0, 0, 0, 0, 0, 0, 0, 0, 0, 0, 0, 0, 0, 1, 0, 0, 0, 0, 0, 0, 0, 0, 0, 0, 0, 0, 0, 0] (0.103s)
  Sub: Z₀=44.707753 [LOCAL] (0.4s), α=[0.000,0.000,0.000,0.000,0.000,0.000,0.000,0.000,0.000,0.000,0.000,0.000,0.000,0.000,0.000,0.000,0.000,0.000,0.000,0.000,0.000,0.000,0.000,0.000,2.929,0.000,0.000,0.000,5.078,0.000,0.000,0.000,0.000,0.000,0.000,0.225,2.017,0.000,0.000,0.000,0.000,0.000,0.000,0.000,0.000,0.000,0.000]
  Iter 11: LB=-664.284264  UB=41.800376  gap=1.69e+01
  Cut: intercept=-1096.631994, π_x_range=[-820.8909, 593.3779]

=== True-DRO Benders iter 12 ===
  OMP: t₀=-657.061869, UB=41.800376, gap=1.67e+01, x=[0, 0, 0, 0, 0, 0, 0, 0, 0, 0, 1, 0, 0, 0, 0, 0, 0, 0, 0, 0, 0, 0, 0, 0, 0, 0, 0, 0, 0, 0, 0, 1, 0, 0, 0, 0, 0, 0, 0, 0, 0, 0, 0, 0, 0, 0, 0] (0.117s)
  Sub: Z₀=36.195168 [LOCAL] (0.5s), α=[0.000,0.000,0.000,0.000,0.000,0.000,0.000,0.000,0.000,0.000,0.000,0.000,0.000,0.000,0.000,0.000,0.000,0.000,0.000,0.000,0.000,0.000,4.451,0.000,0.000,0.000,0.000,0.000,4.304,0.000,0.000,1.494,0.000,0.000,0.000,0.000,0.000,0.000,0.000,0.000,0.000,0.000,0.000,0.000,0.000,0.000,0.000]
  Iter 12: LB=-657.061869  UB=41.800376  gap=1.67e+01
  Cut: intercept=-1085.704049, π_x_range=[-826.3886, 571.1389]

=== True-DRO Benders iter 13 ===
  OMP: t₀=-641.284264, UB=41.800376, gap=1.63e+01, x=[0, 0, 0, 0, 0, 0, 0, 0, 0, 0, 1, 0, 0, 0, 0, 0, 0, 0, 0, 0, 0, 0, 0, 0, 0, 0, 0, 0, 0, 0, 0, 0, 0, 1, 0, 0, 0, 0, 0, 0, 0, 0, 0, 0, 0, 0, 0] (0.175s)
  Sub: Z₀=40.129043 [LOCAL] (0.5s), α=[0.000,0.000,0.000,0.000,0.000,0.000,0.000,0.000,0.000,0.000,2.487,0.000,0.000,0.000,0.000,0.000,0.000,0.000,0.000,0.000,0.000,0.000,4.349,0.000,1.279,0.000,0.000,0.000,2.089,0.000,0.000,0.000,0.000,0.000,0.000,0.000,0.045,0.000,0.000,0.000,0.000,0.000,0.000,0.000,0.000,0.000,0.000]
  Iter 13: LB=-641.284264  UB=41.800376  gap=1.63e+01
  Cut: intercept=-1089.201929, π_x_range=[-824.6463, 578.4890]

=== True-DRO Benders iter 14 ===
  OMP: t₀=-640.284264, UB=41.800376, gap=1.63e+01, x=[0, 0, 0, 0, 0, 0, 0, 0, 0, 0, 1, 0, 0, 0, 0, 0, 0, 1, 0, 0, 0, 0, 0, 0, 0, 0, 0, 0, 0, 0, 0, 0, 0, 0, 0, 0, 0, 0, 0, 0, 0, 0, 0, 0, 0, 0, 0] (0.177s)
  Sub: Z₀=43.704852 [LOCAL] (0.5s), α=[0.000,0.000,0.000,0.000,0.000,0.000,0.000,0.000,0.000,0.000,0.000,0.000,0.000,0.000,0.000,0.000,0.000,0.000,0.000,0.000,0.000,0.000,4.451,0.000,0.000,0.000,0.000,0.000,5.798,0.000,0.000,0.000,0.000,0.000,0.000,0.000,0.000,0.000,0.000,0.000,0.000,0.000,0.000,0.000,0.000,0.000,0.000]
  Iter 14: LB=-640.284264  UB=41.800376  gap=1.63e+01
  Cut: intercept=-1087.009867, π_x_range=[-829.5611, 575.8926]

=== True-DRO Benders iter 15 ===
  OMP: t₀=-636.000418, UB=41.800376, gap=1.62e+01, x=[0, 0, 0, 0, 0, 0, 0, 0, 0, 0, 1, 0, 0, 0, 0, 0, 0, 0, 0, 0, 0, 0, 0, 1, 0, 0, 0, 0, 0, 0, 0, 0, 0, 0, 0, 0, 0, 0, 0, 0, 0, 0, 0, 0, 0, 0, 0] (0.198s)
  Sub: Z₀=41.598988 [TIME_LIMIT] (15.6s), α=[0.000,0.000,0.000,0.000,0.000,0.000,0.000,0.000,0.000,0.000,0.000,0.000,0.000,0.000,0.000,0.000,0.000,0.000,0.000,0.000,0.000,0.000,8.980,0.000,0.000,0.000,0.000,0.000,1.218,0.000,0.000,0.000,0.000,0.000,0.000,0.000,0.051,0.000,0.000,0.000,0.000,0.000,0.000,0.000,0.000,0.000,0.000]
  Iter 15: LB=-636.000418  UB=41.800376  gap=1.62e+01
  Cut: intercept=-180.043011, π_x_range=[-279.0000, 127.3735]

=== True-DRO Benders iter 16 ===
  OMP: t₀=-630.043011, UB=41.800376, gap=1.61e+01, x=[0, 0, 0, 0, 0, 0, 0, 0, 0, 1, 0, 0, 0, 0, 0, 0, 0, 0, 0, 0, 0, 0, 0, 0, 0, 0, 0, 0, 0, 0, 0, 1, 0, 0, 0, 0, 0, 0, 0, 0, 0, 0, 0, 0, 0, 0, 0] (0.079s)
  Sub: Z₀=46.010884 [LOCAL] (0.5s), α=[0.000,0.000,0.000,0.000,0.000,0.000,0.000,0.000,0.000,0.000,0.000,0.000,0.000,0.000,0.000,0.000,0.000,0.000,0.000,0.000,0.000,0.000,0.000,0.000,5.867,0.000,0.000,0.000,0.960,0.000,0.000,3.421,0.000,0.000,0.000,0.000,0.000,0.000,0.000,0.000,0.000,0.000,0.000,0.000,0.000,0.000,0.000]
  Iter 16: LB=-630.043011  UB=41.800376  gap=1.61e+01
  Cut: intercept=-1072.962322, π_x_range=[-827.7243, 565.1735]

=== True-DRO Benders iter 17 ===
  OMP: t₀=-619.284264, UB=41.800376, gap=1.58e+01, x=[0, 0, 0, 0, 0, 0, 0, 0, 0, 1, 0, 0, 0, 0, 0, 0, 0, 1, 0, 0, 0, 0, 0, 0, 0, 0, 0, 0, 0, 0, 0, 0, 0, 0, 0, 0, 0, 0, 0, 0, 0, 0, 0, 0, 0, 0, 0] (0.084s)
  Sub: Z₀=48.053728 [LOCAL] (0.5s), α=[0.000,0.000,0.000,0.000,0.000,0.000,0.000,0.000,0.000,0.000,0.000,0.000,0.000,0.000,0.000,0.000,0.000,0.000,0.000,0.000,0.000,0.000,0.000,0.000,2.929,0.000,0.000,0.041,4.945,0.000,0.000,0.000,0.000,0.000,0.000,0.354,1.980,0.000,0.000,0.000,0.000,0.000,0.000,0.000,0.000,0.000,0.000]
  Iter 17: LB=-619.284264  UB=41.800376  gap=1.58e+01
  Cut: intercept=-1077.295475, π_x_range=[-825.3527, 577.0045]

=== True-DRO Benders iter 18 ===
  OMP: t₀=-615.043011, UB=41.800376, gap=1.57e+01, x=[0, 0, 0, 0, 0, 0, 0, 0, 0, 0, 0, 0, 0, 0, 0, 0, 0, 0, 0, 0, 0, 0, 0, 0, 0, 0, 0, 0, 0, 0, 0, 1, 1, 0, 0, 0, 0, 0, 0, 0, 0, 0, 0, 0, 0, 0, 0] (0.081s)
  Sub: Z₀=39.129260 [LOCAL] (0.4s), α=[0.000,0.000,0.000,0.000,0.000,0.000,0.000,0.000,0.000,0.000,0.000,0.000,0.000,0.000,0.000,0.000,0.000,0.000,0.000,0.000,0.000,0.000,0.000,0.000,4.548,0.000,0.000,0.000,4.985,0.000,0.000,0.716,0.000,0.000,0.000,0.000,0.000,0.000,0.000,0.000,0.000,0.000,0.000,0.000,0.000,0.000,0.000]
  Iter 18: LB=-615.043011  UB=41.800376  gap=1.57e+01
  Cut: intercept=-1120.073054, π_x_range=[-825.5537, 593.6120]

=== True-DRO Benders iter 19 ===
  OMP: t₀=-609.284264, UB=41.800376, gap=1.56e+01, x=[0, 0, 0, 0, 0, 0, 0, 0, 0, 1, 0, 0, 0, 0, 0, 0, 0, 0, 0, 0, 0, 0, 0, 0, 0, 0, 1, 0, 0, 0, 0, 0, 0, 0, 0, 0, 0, 0, 0, 0, 0, 0, 0, 0, 0, 0, 0] (0.153s)
  Sub: Z₀=44.005066 [LOCAL] (0.4s), α=[0.000,0.000,0.000,0.000,0.000,0.000,0.000,0.000,0.000,0.000,0.000,0.000,0.000,0.000,0.000,0.000,0.000,0.000,0.000,0.000,0.000,0.000,0.000,0.000,6.083,0.000,0.000,0.033,4.134,0.000,0.000,0.000,0.000,0.000,0.000,0.000,0.000,0.000,0.000,0.000,0.000,0.000,0.000,0.000,0.000,0.000,0.000]
  Iter 19: LB=-609.284264  UB=41.800376  gap=1.56e+01
  Cut: intercept=-1091.674159, π_x_range=[-826.3572, 583.9664]

=== True-DRO Benders iter 20 ===
  OMP: t₀=-609.043011, UB=41.800376, gap=1.56e+01, x=[0, 0, 0, 0, 0, 0, 0, 0, 0, 0, 0, 0, 0, 0, 0, 0, 0, 1, 0, 0, 0, 0, 0, 0, 0, 0, 0, 0, 0, 0, 0, 0, 1, 0, 0, 0, 0, 0, 0, 0, 0, 0, 0, 0, 0, 0, 0] (0.141s)
  Sub: Z₀=48.053731 [TIME_LIMIT] (15.8s), α=[0.000,0.000,0.000,0.000,0.000,0.000,0.000,0.000,0.000,0.000,0.000,0.000,0.000,0.000,0.000,0.000,0.000,0.000,0.000,0.000,0.000,0.000,0.000,0.000,2.929,0.000,0.000,0.000,5.078,0.000,0.000,0.000,0.000,0.000,0.000,0.000,2.242,0.000,0.000,0.000,0.000,0.000,0.000,0.000,0.000,0.000,0.000]
  Iter 20: LB=-609.043011  UB=41.800376  gap=1.56e+01
  Cut: intercept=-162.617099, π_x_range=[-246.0000, 132.9709]

=== True-DRO Benders iter 21 ===
  OMP: t₀=-514.617099, UB=41.800376, gap=1.33e+01, x=[0, 0, 0, 0, 0, 0, 0, 0, 0, 1, 0, 0, 0, 0, 0, 0, 0, 0, 0, 0, 0, 0, 0, 0, 0, 0, 0, 0, 0, 0, 0, 0, 0, 1, 0, 0, 0, 0, 0, 0, 0, 0, 0, 0, 0, 0, 0] (0.193s)
  Sub: Z₀=46.502582 [LOCAL] (0.6s), α=[0.000,0.000,0.000,0.000,0.000,0.000,0.000,0.000,0.000,0.000,0.000,0.000,0.000,0.000,0.000,0.000,0.000,0.000,0.000,0.000,0.000,0.000,0.000,0.000,5.790,0.000,0.000,0.000,0.907,0.000,0.000,0.000,0.000,0.000,0.000,1.000,2.551,0.000,0.000,0.000,0.000,0.000,0.000,0.000,0.000,0.000,0.000]
  Iter 21: LB=-514.617099  UB=41.800376  gap=1.33e+01
  Cut: intercept=-1075.040345, π_x_range=[-828.4638, 570.7194]

=== True-DRO Benders iter 22 ===
  OMP: t₀=-508.617099, UB=41.800376, gap=1.32e+01, x=[0, 0, 0, 0, 0, 0, 0, 0, 0, 1, 0, 0, 0, 0, 0, 0, 0, 0, 0, 0, 0, 0, 0, 0, 0, 0, 0, 0, 0, 0, 1, 0, 0, 0, 0, 0, 0, 0, 0, 0, 0, 0, 0, 0, 0, 0, 0] (0.247s)
  Sub: Z₀=43.968600 [LOCAL] (0.5s), α=[0.000,0.000,0.000,0.000,0.000,0.000,0.000,0.000,0.000,0.000,0.000,0.000,0.000,0.000,0.000,0.000,0.000,0.000,0.000,0.000,0.000,0.000,0.000,0.000,5.491,0.000,0.000,0.000,1.172,0.000,2.605,0.000,0.000,0.000,0.000,0.000,0.981,0.000,0.000,0.000,0.000,0.000,0.000,0.000,0.000,0.000,0.000]
  Iter 22: LB=-508.617099  UB=41.800376  gap=1.32e+01
  Cut: intercept=-1087.208576, π_x_range=[-827.5874, 578.5945]

=== True-DRO Benders iter 23 ===
  OMP: t₀=-505.617099, UB=41.800376, gap=1.31e+01, x=[0, 0, 0, 0, 0, 0, 0, 0, 0, 1, 0, 0, 0, 0, 0, 0, 0, 0, 0, 0, 0, 0, 0, 0, 0, 0, 0, 0, 0, 0, 0, 0, 0, 0, 1, 0, 0, 0, 0, 0, 0, 0, 0, 0, 0, 0, 0] (0.243s)
  Sub: Z₀=41.978898 [LOCAL] (4.6s), α=[0.000,0.000,0.000,0.000,0.000,0.000,0.000,0.000,0.000,0.000,0.000,0.000,0.000,0.000,0.000,0.000,0.000,0.000,0.000,0.000,0.000,0.000,0.022,0.426,0.136,0.000,0.000,1.037,4.482,0.000,0.000,0.000,0.000,0.000,2.321,0.836,0.990,0.000,0.000,0.000,0.000,0.000,0.000,0.000,0.000,0.000,0.000]
  Iter 23: LB=-505.617099  UB=41.800376  gap=1.31e+01
  Cut: intercept=-1088.307130, π_x_range=[-826.7877, 583.4780]

=== True-DRO Benders iter 24 ===
  OMP: t₀=-495.617099, UB=41.800376, gap=1.29e+01, x=[0, 0, 0, 0, 0, 0, 0, 0, 0, 1, 0, 0, 1, 0, 0, 0, 0, 0, 0, 0, 0, 0, 0, 0, 0, 0, 0, 0, 0, 0, 0, 0, 0, 0, 0, 0, 0, 0, 0, 0, 0, 0, 0, 0, 0, 0, 0] (0.276s)
  Sub: Z₀=48.053728 [LOCAL] (0.5s), α=[0.000,0.000,0.000,0.000,0.000,0.000,0.000,0.000,0.000,0.000,0.000,0.000,0.000,0.000,0.000,0.000,0.000,0.000,0.000,0.000,0.000,0.000,0.000,0.000,2.929,0.000,0.000,0.042,4.969,0.000,0.000,0.000,0.000,0.000,0.000,0.510,1.800,0.000,0.000,0.000,0.000,0.000,0.000,0.000,0.000,0.000,0.000]
  Iter 24: LB=-495.617099  UB=41.800376  gap=1.29e+01
  Cut: intercept=-1077.286165, π_x_range=[-825.3279, 577.0347]

=== True-DRO Benders iter 25 ===
  OMP: t₀=-492.438497, UB=41.800376, gap=1.28e+01, x=[0, 0, 0, 0, 0, 0, 0, 0, 0, 0, 0, 0, 0, 0, 0, 0, 0, 0, 0, 0, 0, 0, 0, 0, 0, 0, 0, 0, 0, 0, 0, 1, 0, 1, 0, 0, 0, 0, 0, 0, 0, 0, 0, 0, 0, 0, 0] (0.260s)
  Sub: Z₀=45.951753 [TIME_LIMIT] (15.7s), α=[0.000,0.000,0.000,0.000,0.000,0.000,0.000,0.000,0.000,0.000,0.000,0.000,0.000,0.000,0.000,0.000,0.000,0.000,0.000,0.000,0.000,0.000,0.000,0.000,6.218,0.000,0.000,0.000,0.325,0.000,0.000,3.706,0.000,0.000,0.000,0.000,0.000,0.000,0.000,0.000,0.000,0.000,0.000,0.000,0.000,0.000,0.000]
  Iter 25: LB=-492.438497  UB=41.800376  gap=1.28e+01
  Cut: intercept=-89.631266, π_x_range=[-273.0000, 80.1013]

=== True-DRO Benders iter 26 ===
  OMP: t₀=-486.459065, UB=41.800376, gap=1.26e+01, x=[0, 0, 0, 0, 0, 0, 0, 0, 0, 1, 0, 0, 0, 0, 0, 0, 0, 0, 0, 0, 0, 0, 0, 0, 0, 0, 0, 0, 0, 0, 0, 0, 0, 0, 0, 0, 1, 0, 0, 0, 0, 0, 0, 0, 0, 0, 0] (0.135s)
  Sub: Z₀=45.213828 [LOCAL] (0.4s), α=[0.000,0.000,0.000,0.000,0.000,0.000,0.000,0.000,0.000,0.000,0.000,0.000,0.000,0.000,0.000,0.000,0.000,0.000,0.000,0.000,0.000,0.000,0.000,0.000,0.160,0.000,0.000,0.000,2.744,0.000,0.000,0.000,0.000,0.000,0.000,0.000,7.345,0.000,0.000,0.000,0.000,0.000,0.000,0.000,0.000,0.000,0.000]
  Iter 26: LB=-486.459065  UB=41.800376  gap=1.26e+01
  Cut: intercept=-1093.671124, π_x_range=[-826.8572, 585.2408]

=== True-DRO Benders iter 27 ===
  OMP: t₀=-460.631265, UB=41.800376, gap=1.20e+01, x=[0, 0, 0, 0, 0, 0, 0, 0, 0, 1, 0, 0, 0, 0, 0, 0, 0, 0, 0, 0, 0, 0, 0, 0, 0, 0, 0, 0, 0, 0, 0, 0, 0, 0, 0, 1, 0, 0, 0, 0, 0, 0, 0, 0, 0, 0, 0] (0.188s)
  Sub: Z₀=45.054943 [LOCAL] (0.4s), α=[0.000,0.000,0.000,0.000,0.000,0.000,0.000,0.000,0.000,0.000,0.000,0.000,0.000,0.000,0.000,0.000,0.000,0.000,0.000,0.000,0.000,0.000,0.000,0.000,1.958,0.000,0.000,0.000,2.744,0.000,0.000,0.000,0.000,0.000,0.000,3.148,2.399,0.000,0.000,0.000,0.000,0.000,0.000,0.000,0.000,0.000,0.000]
  Iter 27: LB=-460.631265  UB=41.800376  gap=1.20e+01
  Cut: intercept=-1088.544347, π_x_range=[-827.0134, 583.6461]

=== True-DRO Benders iter 28 ===
  OMP: t₀=-456.669505, UB=41.800376, gap=1.19e+01, x=[0, 0, 0, 0, 0, 0, 0, 0, 0, 1, 0, 0, 0, 0, 0, 0, 0, 0, 0, 0, 0, 0, 1, 0, 0, 0, 0, 0, 0, 0, 0, 0, 0, 0, 0, 0, 0, 0, 0, 0, 0, 0, 0, 0, 0, 0, 0] (0.214s)
  Sub: Z₀=43.587790 [LOCAL] (5.8s), α=[0.000,0.000,0.000,0.000,0.000,0.000,0.000,0.000,0.000,0.000,0.000,0.000,0.000,0.000,0.000,0.000,0.000,0.000,0.000,0.000,0.000,0.000,3.592,0.000,3.578,0.000,0.000,0.000,0.040,0.000,0.000,0.000,0.000,0.000,0.000,0.539,2.501,0.000,0.000,0.000,0.000,0.000,0.000,0.000,0.000,0.000,0.000]
  Iter 28: LB=-456.669505  UB=41.800376  gap=1.19e+01
  Cut: intercept=-1085.726091, π_x_range=[-827.4883, 580.7443]

=== True-DRO Benders iter 29 ===
  OMP: t₀=-444.631266, UB=41.800376, gap=1.16e+01, x=[0, 0, 0, 0, 0, 0, 0, 0, 0, 1, 0, 1, 0, 0, 0, 0, 0, 0, 0, 0, 0, 0, 0, 0, 0, 0, 0, 0, 0, 0, 0, 0, 0, 0, 0, 0, 0, 0, 0, 0, 0, 0, 0, 0, 0, 0, 0] (0.254s)
  Sub: Z₀=48.053728 [LOCAL] (0.6s), α=[0.000,0.000,0.000,0.000,0.000,0.000,0.000,0.000,0.000,0.000,0.000,0.000,0.000,0.000,0.000,0.000,0.000,0.000,0.000,0.000,0.000,0.000,0.000,0.000,2.929,0.000,0.000,0.041,4.946,0.000,0.000,0.000,0.000,0.000,0.000,0.237,2.096,0.000,0.000,0.000,0.000,0.000,0.000,0.000,0.000,0.000,0.000]
  Iter 29: LB=-444.631266  UB=41.800376  gap=1.16e+01
  Cut: intercept=-1083.096803, π_x_range=[-825.3326, 582.8357]

=== True-DRO Benders iter 30 ===
  OMP: t₀=-444.631266, UB=41.800376, gap=1.16e+01, x=[0, 0, 0, 0, 0, 0, 0, 0, 0, 1, 0, 0, 0, 0, 0, 0, 0, 0, 1, 0, 0, 0, 0, 0, 0, 0, 0, 0, 0, 0, 0, 0, 0, 0, 0, 0, 0, 0, 0, 0, 0, 0, 0, 0, 0, 0, 0] (0.263s)
  Sub: Z₀=48.053729 [TIME_LIMIT] (15.8s), α=[0.000,0.000,0.000,0.000,0.000,0.000,0.000,0.000,0.000,0.000,0.000,0.000,0.000,0.000,0.000,0.000,0.000,0.000,0.000,0.000,0.000,0.000,0.000,0.000,2.929,0.000,0.000,0.058,5.013,0.000,0.000,0.000,0.000,0.000,0.000,0.262,1.987,0.000,0.000,0.000,0.000,0.000,0.000,0.000,0.000,0.000,0.000]
  Iter 30: LB=-444.631266  UB=41.800376  gap=1.16e+01
  Cut: intercept=-68.831390, π_x_range=[-264.0000, 93.2460]

=== True-DRO Benders iter 31 ===
  OMP: t₀=-428.631266, UB=41.800376, gap=1.13e+01, x=[0, 0, 0, 0, 0, 0, 0, 0, 0, 0, 0, 0, 0, 0, 0, 0, 0, 0, 0, 0, 0, 0, 0, 0, 0, 0, 1, 0, 0, 0, 1, 0, 0, 0, 0, 0, 0, 0, 0, 0, 0, 0, 0, 0, 0, 0, 0] (0.191s)
  Sub: Z₀=43.284033 [LOCAL] (0.5s), α=[0.000,0.000,0.000,0.000,0.000,0.000,0.000,0.000,0.000,0.000,0.000,0.000,0.000,0.000,0.000,0.000,0.000,0.000,0.000,0.000,0.000,0.000,0.000,0.000,5.491,0.000,0.000,0.026,3.668,0.000,1.065,0.000,0.000,0.000,0.000,0.000,0.000,0.000,0.000,0.000,0.000,0.000,0.000,0.000,0.000,0.000,0.000]
  Iter 31: LB=-428.631266  UB=41.800376  gap=1.13e+01
  Cut: intercept=-1110.341571, π_x_range=[-829.7457, 584.0598]

=== True-DRO Benders iter 32 ===
  OMP: t₀=-417.631265, UB=41.800376, gap=1.10e+01, x=[0, 0, 0, 0, 0, 0, 0, 0, 0, 0, 0, 0, 0, 0, 0, 0, 0, 0, 0, 0, 0, 0, 0, 0, 0, 0, 1, 0, 0, 0, 0, 0, 0, 0, 1, 0, 0, 0, 0, 0, 0, 0, 0, 0, 0, 0, 0] (0.157s)
  Sub: Z₀=42.691512 [LOCAL] (1.0s), α=[0.000,0.000,0.000,0.000,0.000,0.000,0.000,0.000,0.000,0.000,0.000,0.000,0.000,0.000,0.000,0.000,0.000,0.000,0.000,0.000,0.000,0.000,0.048,0.777,1.319,0.000,0.000,0.807,5.097,0.000,0.000,0.000,0.000,0.000,2.200,0.000,0.000,0.000,0.000,0.000,0.000,0.000,0.000,0.000,0.000,0.000,0.000]
  Iter 32: LB=-417.631265  UB=41.800376  gap=1.10e+01
  Cut: intercept=-1119.922017, π_x_range=[-830.1718, 583.1964]

=== True-DRO Benders iter 33 ===
  OMP: t₀=-407.459065, UB=41.800376, gap=1.07e+01, x=[0, 0, 0, 0, 0, 0, 0, 0, 0, 0, 0, 0, 0, 0, 0, 0, 0, 0, 0, 0, 0, 0, 0, 0, 0, 0, 1, 0, 0, 0, 0, 0, 0, 0, 0, 0, 1, 0, 0, 0, 0, 0, 0, 0, 0, 0, 0] (0.212s)
  Sub: Z₀=40.591482 [LOCAL] (0.5s), α=[0.000,0.000,0.000,0.000,0.000,0.000,0.000,0.000,0.000,0.000,0.000,0.000,0.000,0.000,0.000,0.000,0.000,0.000,0.000,0.000,0.000,0.000,0.000,0.000,3.642,0.000,0.000,0.038,5.033,0.000,0.000,0.000,0.000,0.000,0.000,0.000,1.536,0.000,0.000,0.000,0.000,0.000,0.000,0.000,0.000,0.000,0.000]
  Iter 33: LB=-407.459065  UB=41.800376  gap=1.07e+01
  Cut: intercept=-1124.804879, π_x_range=[-829.7748, 589.0450]

=== True-DRO Benders iter 34 ===
  OMP: t₀=-399.831390, UB=41.800376, gap=1.06e+01, x=[0, 0, 0, 0, 0, 0, 0, 0, 0, 0, 0, 0, 1, 0, 0, 0, 0, 0, 0, 0, 0, 0, 0, 0, 0, 0, 1, 0, 0, 0, 0, 0, 0, 0, 0, 0, 0, 0, 0, 0, 0, 0, 0, 0, 0, 0, 0] (0.190s)
  Sub: Z₀=44.113163 [LOCAL] (0.5s), α=[0.000,0.000,0.000,0.000,0.000,0.000,0.000,0.000,0.000,0.000,0.000,0.000,0.000,0.000,0.000,0.000,0.000,0.000,0.000,0.000,0.000,0.000,0.000,0.000,5.265,0.000,0.000,0.038,4.947,0.000,0.000,0.000,0.000,0.000,0.000,0.000,0.000,0.000,0.000,0.000,0.000,0.000,0.000,0.000,0.000,0.000,0.000]
  Iter 34: LB=-399.831390  UB=41.800376  gap=1.06e+01
  Cut: intercept=-1126.843870, π_x_range=[-829.6914, 587.2515]

=== True-DRO Benders iter 35 ===
  OMP: t₀=-395.432825, UB=41.800376, gap=1.05e+01, x=[0, 0, 0, 0, 0, 0, 0, 0, 0, 0, 0, 0, 0, 0, 0, 0, 0, 0, 0, 0, 0, 0, 0, 0, 0, 0, 1, 0, 0, 0, 0, 0, 0, 0, 0, 1, 0, 0, 0, 0, 0, 0, 0, 0, 0, 0, 0] (0.258s)
  Sub: Z₀=41.171494 [TIME_LIMIT] (15.8s), α=[0.000,0.000,0.000,0.000,0.000,0.000,0.000,0.000,0.000,0.000,0.000,0.000,0.000,0.000,0.000,0.000,0.000,0.000,0.000,0.000,0.000,0.000,0.134,0.122,4.472,0.000,0.000,0.000,3.000,0.000,0.000,0.000,0.000,0.000,0.105,2.126,0.290,0.000,0.000,0.000,0.000,0.000,0.000,0.000,0.000,0.000,0.000]
  Iter 35: LB=-395.432825  UB=41.800376  gap=1.05e+01
  Cut: intercept=-53.352688, π_x_range=[-264.0000, 74.7027]

=== True-DRO Benders iter 36 ===
  OMP: t₀=-385.806039, UB=41.800376, gap=1.02e+01, x=[0, 0, 0, 0, 0, 0, 0, 0, 0, 0, 0, 0, 0, 0, 0, 0, 0, 0, 0, 0, 0, 0, 0, 0, 0, 0, 0, 0, 0, 0, 1, 0, 0, 0, 0, 0, 1, 0, 0, 0, 0, 0, 0, 0, 0, 0, 0] (0.248s)
  Sub: Z₀=41.431029 [LOCAL] (0.6s), α=[0.000,0.000,0.000,0.000,0.000,0.000,0.000,0.000,0.000,0.000,0.000,0.000,0.000,0.000,0.000,0.000,0.000,0.000,0.000,0.000,0.000,0.000,0.000,0.000,1.562,0.000,0.000,0.000,2.744,0.000,0.000,0.000,0.000,0.000,0.000,0.000,5.943,0.000,0.000,0.000,0.000,0.000,0.000,0.000,0.000,0.000,0.000]
  Iter 36: LB=-385.806039  UB=41.800376  gap=1.02e+01
  Cut: intercept=-1132.091846, π_x_range=[-832.8330, 588.5462]

=== True-DRO Benders iter 37 ===
  OMP: t₀=-361.084630, UB=41.800376, gap=9.64e+00, x=[0, 0, 0, 0, 0, 0, 0, 0, 0, 0, 0, 0, 0, 0, 0, 0, 0, 0, 0, 0, 0, 0, 1, 0, 0, 0, 0, 0, 0, 0, 1, 0, 0, 0, 0, 0, 0, 0, 0, 0, 0, 0, 0, 0, 0, 0, 0] (0.764s)
  Sub: Z₀=41.219738 [LOCAL] (0.7s), α=[0.000,0.000,0.000,0.000,0.000,0.000,0.000,0.000,0.000,0.000,0.000,0.000,0.000,0.000,0.000,0.000,0.000,0.000,0.000,0.000,0.000,0.000,0.000,0.000,3.601,0.000,0.000,0.000,0.000,0.000,0.778,0.000,0.000,0.000,0.000,0.000,5.870,0.000,0.000,0.000,0.000,0.000,0.000,0.000,0.000,0.000,0.000]
  Iter 37: LB=-361.084630  UB=41.800376  gap=9.64e+00
  Cut: intercept=-1125.347370, π_x_range=[-832.6221, 589.2757]

=== True-DRO Benders iter 38 ===
  OMP: t₀=-355.829347, UB=41.800376, gap=9.51e+00, x=[0, 0, 0, 0, 0, 0, 0, 0, 0, 0, 0, 0, 0, 0, 0, 0, 0, 0, 0, 0, 0, 0, 0, 0, 0, 0, 0, 0, 0, 0, 1, 0, 0, 0, 1, 0, 0, 0, 0, 0, 0, 0, 0, 0, 0, 0, 0] (0.495s)
  Sub: Z₀=40.606580 [LOCAL] (0.5s), α=[0.000,0.000,0.000,0.000,0.000,0.000,0.000,0.000,0.000,0.000,0.000,0.000,0.000,0.000,0.000,0.000,0.000,0.000,0.000,0.000,0.000,0.000,0.073,0.051,0.372,0.000,0.000,0.000,2.868,0.000,3.953,0.328,0.000,0.000,2.554,0.022,0.028,0.000,0.000,0.000,0.000,0.000,0.000,0.000,0.000,0.000,0.000]
  Iter 38: LB=-355.829347  UB=41.800376  gap=9.51e+00
  Cut: intercept=-1122.248299, π_x_range=[-829.8733, 592.3809]

=== True-DRO Benders iter 39 ===
  OMP: t₀=-355.333611, UB=41.800376, gap=9.50e+00, x=[0, 0, 0, 0, 0, 0, 0, 0, 0, 0, 0, 0, 0, 0, 0, 0, 0, 0, 0, 0, 0, 0, 0, 0, 0, 0, 0, 0, 0, 0, 0, 0, 0, 0, 1, 0, 1, 0, 0, 0, 0, 0, 0, 0, 0, 0, 0] (0.457s)
  Sub: Z₀=40.993723 [LOCAL] (0.5s), α=[0.000,0.000,0.000,0.000,0.000,0.000,0.000,0.000,0.000,0.000,0.000,0.000,0.000,0.000,0.000,0.000,0.000,0.000,0.000,0.000,0.000,0.000,0.000,0.000,0.000,0.000,0.000,0.000,0.907,0.000,0.000,0.000,0.000,0.000,0.000,0.000,9.342,0.000,0.000,0.000,0.000,0.000,0.000,0.000,0.000,0.000,0.000]
  Iter 39: LB=-355.333611  UB=41.800376  gap=9.50e+00
  Cut: intercept=-1128.617184, π_x_range=[-831.0604, 590.8434]

=== True-DRO Benders iter 40 ===
  OMP: t₀=-354.734747, UB=41.800376, gap=9.49e+00, x=[0, 0, 0, 0, 0, 0, 0, 0, 0, 0, 0, 0, 0, 0, 0, 0, 0, 0, 0, 0, 0, 0, 0, 0, 1, 0, 0, 0, 0, 0, 1, 0, 0, 0, 0, 0, 0, 0, 0, 0, 0, 0, 0, 0, 0, 0, 0] (0.584s)
  Sub: Z₀=39.840884 (1.9s), α=[0.000,0.000,0.000,0.000,0.000,0.000,0.000,0.000,0.000,0.000,0.000,0.000,0.000,0.000,0.000,0.000,0.000,0.000,0.000,0.000,0.000,0.000,0.000,0.000,7.855,0.000,0.000,0.000,0.270,0.000,2.124,0.000,0.000,0.000,0.000,0.000,0.000,0.000,0.000,0.000,0.000,0.000,0.000,0.000,0.000,0.000,0.000]
  Iter 40: LB=-354.734747  UB=39.840884  gap=9.90e+00
  Cut: intercept=-80.780874, π_x_range=[-273.0000, 84.1135]
  Sherali-Cut: intercept=-49.749674, π_x_range=[-123.7258, 64.2452]

=== True-DRO Benders iter 41 ===
  OMP: t₀=-257.062847, UB=39.840884, gap=7.45e+00, x=[0, 0, 0, 0, 0, 0, 0, 0, 0, 0, 1, 0, 0, 0, 0, 0, 0, 0, 0, 0, 0, 0, 0, 0, 0, 0, 0, 1, 0, 0, 0, 0, 0, 0, 0, 0, 0, 0, 0, 0, 0, 0, 0, 0, 0, 0, 0] (0.086s)
  Sub: Z₀=34.161603 [LOCAL] (0.5s), α=[0.000,0.000,0.000,0.000,0.000,0.000,0.000,0.000,0.000,0.000,0.000,0.000,0.000,0.000,0.000,0.000,0.000,0.000,0.000,0.000,0.000,0.000,0.000,0.000,0.758,0.000,0.000,0.000,9.491,0.000,0.000,0.000,0.000,0.000,0.000,0.000,0.000,0.000,0.000,0.000,0.000,0.000,0.000,0.000,0.000,0.000,0.000]
  Iter 41: LB=-257.062847  UB=39.840884  gap=7.45e+00
  Cut: intercept=-1092.610680, π_x_range=[-819.3086, 579.0775]

=== True-DRO Benders iter 42 ===
  OMP: t₀=-247.238279, UB=39.840884, gap=7.21e+00, x=[0, 0, 0, 0, 0, 0, 0, 0, 0, 0, 0, 0, 0, 0, 0, 0, 0, 0, 0, 0, 0, 0, 1, 0, 0, 0, 0, 1, 0, 0, 0, 0, 0, 0, 0, 0, 0, 0, 0, 0, 0, 0, 0, 0, 0, 0, 0] (0.130s)
  Sub: Z₀=36.216596 [LOCAL] (0.5s), α=[0.000,0.000,0.000,0.000,0.000,0.000,0.000,0.000,0.000,0.000,0.000,0.000,0.000,0.000,0.000,0.000,0.000,0.000,0.000,0.000,0.000,0.000,0.000,0.000,2.929,0.000,0.000,2.019,5.144,0.000,0.000,0.000,0.000,0.000,0.000,0.000,0.157,0.000,0.000,0.000,0.000,0.000,0.000,0.000,0.000,0.000,0.000]
  Iter 42: LB=-247.238279  UB=39.840884  gap=7.21e+00
  Cut: intercept=-1118.554740, π_x_range=[-826.3940, 582.9457]

=== True-DRO Benders iter 43 ===
  OMP: t₀=-237.983494, UB=39.840884, gap=6.97e+00, x=[0, 0, 0, 0, 0, 0, 0, 0, 0, 0, 0, 0, 0, 0, 0, 0, 0, 0, 0, 0, 0, 0, 0, 0, 0, 0, 0, 1, 0, 0, 0, 0, 0, 0, 0, 0, 1, 0, 0, 0, 0, 0, 0, 0, 0, 0, 0] (0.125s)
  Sub: Z₀=30.512471 [LOCAL] (0.4s), α=[0.000,0.000,0.000,0.000,0.000,0.000,0.000,0.000,0.000,0.000,0.000,0.000,0.000,0.000,0.000,0.000,0.000,0.000,0.000,0.000,0.000,0.000,0.000,0.000,0.000,0.000,0.000,0.000,5.071,0.000,0.000,0.000,0.000,0.000,0.000,0.000,5.178,0.000,0.000,0.000,0.000,0.000,0.000,0.000,0.000,0.000,0.000]
  Iter 43: LB=-237.983494  UB=39.840884  gap=6.97e+00
  Cut: intercept=-1144.730065, π_x_range=[-829.0790, 588.5130]

=== True-DRO Benders iter 44 ===
  OMP: t₀=-232.722357, UB=39.840884, gap=6.84e+00, x=[0, 0, 0, 0, 0, 0, 0, 0, 0, 0, 0, 0, 0, 0, 0, 0, 0, 0, 0, 0, 0, 0, 0, 0, 0, 0, 0, 1, 0, 0, 0, 1, 0, 0, 0, 0, 0, 0, 0, 0, 0, 0, 0, 0, 0, 0, 0] (0.137s)
  Sub: Z₀=35.006149 [LOCAL] (0.4s), α=[0.000,0.000,0.000,0.000,0.000,0.000,0.000,0.000,0.000,0.000,0.000,0.000,0.000,0.000,0.000,0.000,0.000,0.000,0.000,0.000,0.000,0.000,0.000,0.000,5.178,0.000,0.000,0.641,4.430,0.000,0.000,0.000,0.000,0.000,0.000,0.000,0.000,0.000,0.000,0.000,0.000,0.000,0.000,0.000,0.000,0.000,0.000]
  Iter 44: LB=-232.722357  UB=39.840884  gap=6.84e+00
  Cut: intercept=-1121.796600, π_x_range=[-827.9307, 588.0751]

=== True-DRO Benders iter 45 ===
  OMP: t₀=-230.561079, UB=39.840884, gap=6.79e+00, x=[0, 0, 0, 0, 0, 0, 0, 0, 0, 0, 0, 0, 0, 0, 0, 0, 0, 0, 0, 0, 0, 0, 0, 1, 0, 0, 0, 1, 0, 0, 0, 0, 0, 0, 0, 0, 0, 0, 0, 0, 0, 0, 0, 0, 0, 0, 0] (0.206s)
  Sub: Z₀=37.405157 [TIME_LIMIT] (16.1s), α=[0.000,0.000,0.000,0.000,0.000,0.000,0.000,0.000,0.000,0.000,0.000,0.000,0.000,0.000,0.000,0.000,0.000,0.000,0.000,0.000,0.000,0.000,0.000,0.000,2.787,0.000,0.000,1.141,3.930,0.000,0.000,0.000,0.000,0.000,0.000,0.308,2.083,0.000,0.000,0.000,0.000,0.000,0.000,0.000,0.000,0.000,0.000]
  Iter 45: LB=-230.561079  UB=38.334136  gap=7.01e+00
  Cut: intercept=-128.285093, π_x_range=[-282.0000, 112.1337]

=== True-DRO Benders iter 46 ===
  OMP: t₀=-225.645638, UB=38.334136, gap=6.89e+00, x=[0, 0, 0, 0, 0, 0, 0, 0, 0, 0, 0, 0, 0, 0, 0, 0, 0, 0, 0, 0, 0, 0, 0, 0, 0, 0, 0, 1, 0, 1, 0, 0, 0, 0, 0, 0, 0, 0, 0, 0, 0, 0, 0, 0, 0, 0, 0] (0.223s)
  Sub: Z₀=33.719288 [LOCAL] (0.5s), α=[0.000,0.000,0.000,0.000,0.000,0.000,0.000,0.000,0.000,0.000,0.000,0.000,0.000,0.000,0.000,0.000,0.000,0.000,0.000,0.000,0.000,0.000,0.000,0.000,0.000,0.000,0.000,3.989,6.102,0.000,0.000,0.000,0.000,0.000,0.000,0.000,0.157,0.000,0.000,0.000,0.000,0.000,0.000,0.000,0.000,0.000,0.000]
  Iter 46: LB=-225.645638  UB=38.334136  gap=6.89e+00
  Cut: intercept=-1102.464645, π_x_range=[-828.6237, 579.6692]

=== True-DRO Benders iter 47 ===
  OMP: t₀=-224.153819, UB=38.334136, gap=6.85e+00, x=[0, 0, 0, 0, 0, 0, 0, 0, 0, 0, 0, 0, 0, 0, 0, 0, 0, 0, 0, 0, 0, 0, 0, 0, 0, 0, 0, 0, 0, 1, 0, 0, 1, 0, 0, 0, 0, 0, 0, 0, 0, 0, 0, 0, 0, 0, 0] (0.269s)
  Sub: Z₀=39.827693 [LOCAL] (0.5s), α=[0.000,0.000,0.000,0.000,0.000,0.000,0.000,0.000,0.000,0.000,0.000,0.000,0.000,0.000,0.000,0.000,0.000,0.000,0.000,0.000,0.000,0.000,0.000,0.000,0.000,0.495,0.000,0.000,6.868,0.000,0.000,0.000,0.000,0.000,0.000,0.438,2.448,0.000,0.000,0.000,0.000,0.000,0.000,0.000,0.000,0.000,0.000]
  Iter 47: LB=-224.153819  UB=38.334136  gap=6.85e+00
  Cut: intercept=-1113.380728, π_x_range=[-824.7188, 593.0962]

=== True-DRO Benders iter 48 ===
  OMP: t₀=-216.151345, UB=38.334136, gap=6.64e+00, x=[0, 0, 0, 0, 0, 0, 0, 0, 0, 0, 0, 0, 0, 0, 0, 0, 0, 0, 0, 0, 0, 0, 0, 0, 0, 0, 1, 1, 0, 0, 0, 0, 0, 0, 0, 0, 0, 0, 0, 0, 0, 0, 0, 0, 0, 0, 0] (0.281s)
  Sub: Z₀=30.013893 [LOCAL] (0.5s), α=[0.000,0.000,0.000,0.000,0.000,0.000,0.000,0.000,0.000,0.000,0.000,0.000,0.000,0.000,0.000,0.000,0.000,0.000,0.000,0.000,0.000,0.000,0.000,0.000,2.239,0.000,0.000,1.042,6.968,0.000,0.000,0.000,0.000,0.000,0.000,0.000,0.000,0.000,0.000,0.000,0.000,0.000,0.000,0.000,0.000,0.000,0.000]
  Iter 48: LB=-216.151345  UB=38.334136  gap=6.64e+00
  Cut: intercept=-1138.953974, π_x_range=[-828.7642, 586.8708]

=== True-DRO Benders iter 49 ===
  OMP: t₀=-203.805436, UB=38.334136, gap=6.32e+00, x=[0, 0, 0, 0, 0, 0, 0, 0, 0, 0, 0, 0, 0, 0, 0, 0, 0, 0, 0, 0, 0, 0, 0, 0, 0, 0, 0, 1, 0, 0, 0, 0, 1, 0, 0, 0, 0, 0, 0, 0, 0, 0, 0, 0, 0, 0, 0] (0.286s)
  Sub: Z₀=36.032212 [LOCAL] (0.5s), α=[0.000,0.000,0.000,0.000,0.000,0.000,0.000,0.000,0.000,0.000,0.000,0.000,0.000,0.000,0.000,0.000,0.000,0.000,0.000,0.000,0.000,0.000,0.000,0.000,0.000,0.000,0.000,0.000,10.249,0.000,0.000,0.000,0.000,0.000,0.000,0.000,0.000,0.000,0.000,0.000,0.000,0.000,0.000,0.000,0.000,0.000,0.000]
  Iter 49: LB=-203.805436  UB=38.334136  gap=6.32e+00
  Cut: intercept=-1092.755828, π_x_range=[-824.6474, 567.0982]

=== True-DRO Benders iter 50 ===
  OMP: t₀=-197.845146, UB=38.334136, gap=6.16e+00, x=[0, 0, 0, 0, 0, 0, 0, 0, 0, 0, 1, 0, 0, 0, 0, 0, 0, 0, 0, 0, 0, 0, 0, 0, 0, 0, 0, 0, 0, 0, 0, 0, 0, 0, 0, 0, 1, 0, 0, 0, 0, 0, 0, 0, 0, 0, 0] (0.324s)
  Sub: Z₀=41.777725 (1.8s), α=[0.000,0.000,0.000,0.000,0.000,0.000,0.000,0.000,0.000,0.000,0.000,0.000,0.000,0.000,0.000,0.000,0.000,0.000,0.000,0.000,0.000,0.000,3.012,0.000,0.000,0.000,0.000,0.000,5.215,0.000,0.000,0.000,0.000,0.000,0.000,0.000,2.021,0.000,0.000,0.000,0.000,0.000,0.000,0.000,0.000,0.000,0.000]
  Iter 50: LB=-197.845146  UB=38.334136  gap=6.16e+00
  Cut: intercept=-209.729334, π_x_range=[-273.0000, 169.6425]
  Sherali-Cut: intercept=-159.557036, π_x_range=[-119.0000, 133.2243]

=== True-DRO Benders iter 51 ===
  OMP: t₀=-183.172705, UB=38.334136, gap=5.78e+00, x=[0, 0, 0, 0, 0, 0, 0, 0, 0, 0, 0, 0, 0, 0, 0, 1, 0, 0, 0, 0, 0, 0, 0, 0, 0, 0, 0, 1, 0, 0, 0, 0, 0, 0, 0, 0, 0, 0, 0, 0, 0, 0, 0, 0, 0, 0, 0] (0.468s)
  Sub: Z₀=35.421181 [LOCAL] (0.4s), α=[0.000,0.000,0.000,0.000,0.000,0.000,0.000,0.000,0.000,0.000,0.000,0.000,0.000,0.000,0.000,0.000,0.000,0.000,0.000,0.000,0.000,0.000,0.000,0.000,0.000,0.000,0.000,4.058,6.191,0.000,0.000,0.000,0.000,0.000,0.000,0.000,0.000,0.000,0.000,0.000,0.000,0.000,0.000,0.000,0.000,0.000,0.000]
  Iter 51: LB=-183.172705  UB=38.334136  gap=5.78e+00
  Cut: intercept=-1079.594315, π_x_range=[-827.9104, 580.9850]

=== True-DRO Benders iter 52 ===
  OMP: t₀=-181.680887, UB=38.334136, gap=5.74e+00, x=[0, 0, 0, 0, 0, 0, 0, 0, 0, 0, 0, 0, 0, 0, 0, 1, 0, 0, 0, 0, 0, 0, 0, 0, 0, 0, 0, 0, 0, 0, 0, 0, 1, 0, 0, 0, 0, 0, 0, 0, 0, 0, 0, 0, 0, 0, 0] (0.488s)
  Sub: Z₀=44.753188 [LOCAL] (0.4s), α=[0.000,0.000,0.000,0.000,0.000,0.000,0.000,0.000,0.000,0.000,0.000,0.000,0.000,0.000,0.000,0.000,0.000,0.000,0.000,0.000,0.000,0.000,0.000,0.000,3.574,0.000,0.000,0.000,5.078,0.000,0.000,0.000,0.000,0.000,0.000,1.439,0.157,0.000,0.000,0.000,0.000,0.000,0.000,0.000,0.000,0.000,0.000]
  Iter 52: LB=-181.680887  UB=38.334136  gap=5.74e+00
  Cut: intercept=-1098.159531, π_x_range=[-825.5695, 593.6346]

=== True-DRO Benders iter 53 ===
  OMP: t₀=-181.385914, UB=38.334136, gap=5.73e+00, x=[0, 0, 0, 0, 0, 0, 0, 0, 0, 0, 0, 0, 0, 0, 0, 0, 0, 0, 0, 0, 0, 0, 0, 0, 0, 0, 0, 1, 0, 0, 0, 0, 0, 1, 0, 0, 0, 0, 0, 0, 0, 0, 0, 0, 0, 0, 0] (0.491s)
  Sub: Z₀=38.260906 [LOCAL] (0.5s), α=[0.000,0.000,0.000,0.000,0.000,0.000,0.000,0.000,0.000,0.000,0.000,0.000,0.000,0.000,0.000,0.000,0.000,0.000,0.000,0.000,0.000,0.000,0.000,0.000,2.929,0.000,0.000,7.316,0.000,0.000,0.000,0.000,0.000,0.000,0.000,0.000,0.004,0.000,0.000,0.000,0.000,0.000,0.000,0.000,0.000,0.000,0.000]
  Iter 53: LB=-181.385914  UB=38.334136  gap=5.73e+00
  Cut: intercept=-1116.899605, π_x_range=[-828.5171, 584.1635]

=== True-DRO Benders iter 54 ===
  OMP: t₀=-180.598163, UB=38.334136, gap=5.71e+00, x=[0, 0, 0, 0, 0, 0, 0, 0, 0, 0, 0, 0, 0, 0, 0, 0, 0, 0, 0, 0, 0, 0, 1, 1, 0, 0, 0, 0, 0, 0, 0, 0, 0, 0, 0, 0, 0, 0, 0, 0, 0, 0, 0, 0, 0, 0, 0] (0.503s)
  Sub: Z₀=37.384281 [LOCAL] (0.6s), α=[0.000,0.000,0.000,0.000,0.000,0.000,0.000,0.000,0.000,0.000,0.000,0.000,0.000,0.000,0.000,0.000,0.000,0.000,0.000,0.000,0.000,0.000,5.127,0.177,2.555,0.000,0.000,0.000,0.000,0.000,0.000,0.000,0.000,0.000,0.000,0.265,2.126,0.000,0.000,0.000,0.000,0.000,0.000,0.000,0.000,0.000,0.000]
  Iter 54: LB=-180.598163  UB=38.334136  gap=5.71e+00
  Cut: intercept=-1140.945931, π_x_range=[-828.3256, 592.2328]

=== True-DRO Benders iter 55 ===
  OMP: t₀=-178.758666, UB=38.334136, gap=5.66e+00, x=[0, 0, 0, 0, 0, 0, 0, 0, 0, 0, 0, 0, 0, 0, 0, 0, 0, 0, 0, 0, 0, 0, 1, 0, 0, 0, 0, 0, 0, 0, 0, 0, 0, 0, 1, 0, 0, 0, 0, 0, 0, 0, 0, 0, 0, 0, 0] (0.479s)
  Sub: Z₀=39.596263 [TIME_LIMIT] (16.0s), α=[0.000,0.000,0.000,0.000,0.000,0.000,0.000,0.000,0.000,0.000,0.000,0.000,0.000,0.000,0.000,0.000,0.000,0.000,0.000,0.000,0.000,0.000,0.000,0.000,0.000,0.000,0.000,0.000,1.633,0.000,0.000,0.000,0.000,0.000,2.330,2.227,4.059,0.000,0.000,0.000,0.000,0.000,0.000,0.000,0.000,0.000,0.000]
  Iter 55: LB=-178.758666  UB=38.334136  gap=5.66e+00
  Cut: intercept=-61.586558, π_x_range=[-273.0000, 51.3429]

=== True-DRO Benders iter 56 ===
  OMP: t₀=-175.682722, UB=38.334136, gap=5.58e+00, x=[0, 0, 0, 0, 0, 0, 0, 0, 0, 0, 0, 0, 0, 0, 0, 0, 0, 0, 0, 0, 0, 0, 1, 0, 0, 0, 0, 0, 0, 1, 0, 0, 0, 0, 0, 0, 0, 0, 0, 0, 0, 0, 0, 0, 0, 0, 0] (0.481s)
  Sub: Z₀=40.923999 [LOCAL] (0.6s), α=[0.000,0.000,0.000,0.000,0.000,0.000,0.000,0.000,0.000,0.000,0.000,0.000,0.000,0.000,0.000,0.000,0.000,0.000,0.000,0.000,0.000,0.000,5.645,0.060,0.000,0.000,0.000,0.000,2.153,0.000,0.000,0.000,0.000,0.000,0.000,0.419,1.972,0.000,0.000,0.000,0.000,0.000,0.000,0.000,0.000,0.000,0.000]
  Iter 56: LB=-175.682722  UB=38.334136  gap=5.58e+00
  Cut: intercept=-1098.551060, π_x_range=[-829.5943, 580.8635]

=== True-DRO Benders iter 57 ===
  OMP: t₀=-173.604335, UB=38.334136, gap=5.53e+00, x=[0, 0, 0, 0, 0, 0, 0, 0, 0, 0, 0, 0, 0, 0, 0, 0, 0, 0, 0, 0, 0, 0, 0, 0, 0, 0, 0, 1, 0, 0, 0, 0, 0, 0, 1, 0, 0, 0, 0, 0, 0, 0, 0, 0, 0, 0, 0] (0.556s)
  Sub: Z₀=34.007623 [LOCAL] (0.5s), α=[0.000,0.000,0.000,0.000,0.000,0.000,0.000,0.000,0.000,0.000,0.000,0.000,0.000,0.000,0.000,0.000,0.000,0.000,0.000,0.000,0.000,0.000,0.000,0.000,0.000,0.000,0.000,4.055,6.194,0.000,0.000,0.000,0.000,0.000,0.000,0.000,0.000,0.000,0.000,0.000,0.000,0.000,0.000,0.000,0.000,0.000,0.000]
  Iter 57: LB=-173.604335  UB=38.334136  gap=5.53e+00
  Cut: intercept=-1140.120662, π_x_range=[-825.4659, 594.5639]

=== True-DRO Benders iter 58 ===
  OMP: t₀=-173.475986, UB=38.334136, gap=5.53e+00, x=[0, 0, 0, 0, 0, 0, 0, 0, 0, 0, 0, 0, 0, 0, 0, 0, 0, 1, 0, 0, 0, 0, 0, 0, 0, 0, 0, 1, 0, 0, 0, 0, 0, 0, 0, 0, 0, 0, 0, 0, 0, 0, 0, 0, 0, 0, 0] (0.557s)
  Sub: Z₀=35.836545 [LOCAL] (0.4s), α=[0.000,0.000,0.000,0.000,0.000,0.000,0.000,0.000,0.000,0.000,0.000,0.000,0.000,0.000,0.000,0.000,0.000,0.000,0.000,0.000,0.000,0.000,0.000,0.000,0.000,0.000,0.000,3.904,6.214,0.000,0.000,0.000,0.000,0.000,0.000,0.000,0.131,0.000,0.000,0.000,0.000,0.000,0.000,0.000,0.000,0.000,0.000]
  Iter 58: LB=-173.475986  UB=38.334136  gap=5.53e+00
  Cut: intercept=-1126.876460, π_x_range=[-828.3871, 582.9564]

=== True-DRO Benders iter 59 ===
  OMP: t₀=-172.139409, UB=38.334136, gap=5.49e+00, x=[0, 0, 0, 0, 0, 0, 0, 0, 0, 0, 0, 0, 0, 0, 0, 0, 0, 0, 0, 0, 0, 0, 1, 0, 0, 0, 0, 0, 0, 0, 0, 1, 0, 0, 0, 0, 0, 0, 0, 0, 0, 0, 0, 0, 0, 0, 0] (0.578s)
  Sub: Z₀=40.126943 [LOCAL] (0.4s), α=[0.000,0.000,0.000,0.000,0.000,0.000,0.000,0.000,0.000,0.000,0.000,0.000,0.000,0.000,0.000,0.000,0.000,0.000,0.000,0.000,0.000,0.000,1.785,0.000,4.711,0.000,0.000,0.000,0.000,0.000,0.000,3.753,0.000,0.000,0.000,0.000,0.000,0.000,0.000,0.000,0.000,0.000,0.000,0.000,0.000,0.000,0.000]
  Iter 59: LB=-172.139409  UB=38.334136  gap=5.49e+00
  Cut: intercept=-1109.663493, π_x_range=[-831.0222, 586.5582]

=== True-DRO Benders iter 60 ===
  OMP: t₀=-166.646206, UB=38.334136, gap=5.35e+00, x=[0, 0, 0, 0, 0, 0, 0, 0, 0, 0, 0, 0, 0, 0, 0, 0, 0, 0, 0, 0, 0, 0, 0, 0, 0, 0, 0, 0, 0, 0, 0, 0, 1, 1, 0, 0, 0, 0, 0, 0, 0, 0, 0, 0, 0, 0, 0] (0.598s)
  Sub: Z₀=45.374884 [TIME_LIMIT] (16.1s), α=[0.000,0.000,0.000,0.000,0.000,0.000,0.000,0.000,0.000,0.000,0.000,0.000,0.000,0.000,0.000,0.000,0.000,0.000,0.000,0.000,0.000,0.000,0.000,0.000,4.417,0.000,0.000,0.000,0.000,0.000,0.000,0.000,3.588,0.066,0.000,0.603,1.576,0.000,0.000,0.000,0.000,0.000,0.000,0.000,0.000,0.000,0.000]
  Iter 60: LB=-166.646206  UB=38.334136  gap=5.35e+00
  Cut: intercept=-154.428433, π_x_range=[-267.0000, 126.8311]

=== True-DRO Benders iter 61 ===
  OMP: t₀=-166.082241, UB=38.334136, gap=5.33e+00, x=[0, 0, 0, 0, 0, 0, 0, 0, 0, 0, 0, 0, 0, 0, 0, 0, 0, 0, 0, 0, 0, 0, 0, 1, 0, 0, 0, 0, 0, 0, 0, 1, 0, 0, 0, 0, 0, 0, 0, 0, 0, 0, 0, 0, 0, 0, 0] (0.615s)
  Sub: Z₀=38.353170 [LOCAL] (0.5s), α=[0.000,0.000,0.000,0.000,0.000,0.000,0.000,0.000,0.000,0.000,0.000,0.000,0.000,0.000,0.000,0.000,0.000,0.000,0.000,0.000,0.000,0.000,1.513,2.632,2.538,0.000,0.000,0.000,0.000,0.000,0.000,3.566,0.000,0.000,0.000,0.000,0.000,0.000,0.000,0.000,0.000,0.000,0.000,0.000,0.000,0.000,0.000]
  Iter 61: LB=-166.082241  UB=38.334136  gap=5.33e+00
  Cut: intercept=-1120.955041, π_x_range=[-827.3840, 591.2830]

=== True-DRO Benders iter 62 ===
  OMP: t₀=-165.646206, UB=38.334136, gap=5.32e+00, x=[0, 0, 0, 0, 0, 0, 0, 0, 0, 0, 0, 0, 0, 0, 0, 0, 0, 0, 0, 0, 0, 0, 0, 0, 0, 0, 1, 0, 0, 0, 0, 0, 1, 0, 0, 0, 0, 0, 0, 0, 0, 0, 0, 0, 0, 0, 0] (0.612s)
  Sub: Z₀=41.260943 [LOCAL] (0.5s), α=[0.000,0.000,0.000,0.000,0.000,0.000,0.000,0.000,0.000,0.000,0.000,0.000,0.000,0.000,0.000,0.000,0.000,0.000,0.000,0.000,0.000,0.000,0.000,0.000,5.161,0.010,0.000,0.000,5.078,0.000,0.000,0.000,0.000,0.000,0.000,0.000,0.000,0.000,0.000,0.000,0.000,0.000,0.000,0.000,0.000,0.000,0.000]
  Iter 62: LB=-165.646206  UB=38.334136  gap=5.32e+00
  Cut: intercept=-1145.723990, π_x_range=[-826.0084, 593.9912]

=== True-DRO Benders iter 63 ===
  OMP: t₀=-164.242745, UB=38.334136, gap=5.28e+00, x=[0, 0, 0, 0, 0, 0, 0, 0, 0, 0, 0, 0, 0, 0, 0, 0, 0, 0, 0, 0, 0, 0, 0, 0, 0, 0, 0, 0, 0, 0, 0, 1, 0, 0, 1, 0, 0, 0, 0, 0, 0, 0, 0, 0, 0, 0, 0] (0.907s)
  Sub: Z₀=41.308518 [LOCAL] (0.5s), α=[0.000,0.000,0.000,0.000,0.000,0.000,0.000,0.000,0.000,0.000,0.000,0.000,0.000,0.000,0.000,0.000,0.000,0.000,0.000,0.000,0.000,0.000,0.040,0.032,0.180,0.074,0.000,0.000,2.817,0.000,0.000,4.900,0.000,0.000,2.206,0.000,0.000,0.000,0.000,0.000,0.000,0.000,0.000,0.000,0.000,0.000,0.000]
  Iter 63: LB=-164.242745  UB=38.334136  gap=5.28e+00
  Cut: intercept=-1104.658871, π_x_range=[-829.7873, 586.0788]

=== True-DRO Benders iter 64 ===
  OMP: t₀=-163.362654, UB=38.334136, gap=5.26e+00, x=[0, 0, 0, 0, 0, 0, 0, 0, 0, 0, 0, 0, 0, 0, 0, 0, 0, 0, 0, 0, 0, 0, 1, 0, 0, 0, 0, 0, 0, 0, 0, 0, 0, 0, 0, 0, 1, 0, 0, 0, 0, 0, 0, 0, 0, 0, 0] (0.936s)
  Sub: Z₀=43.492508 [LOCAL] (0.5s), α=[0.000,0.000,0.000,0.000,0.000,0.000,0.000,0.000,0.000,0.000,0.000,0.000,0.000,0.000,0.000,0.000,0.000,0.000,0.000,0.000,0.000,0.000,0.000,0.000,1.532,0.000,0.000,0.000,0.000,0.000,0.000,0.000,0.000,0.000,0.000,0.006,8.711,0.000,0.000,0.000,0.000,0.000,0.000,0.000,0.000,0.000,0.000]
  Iter 64: LB=-163.362654  UB=38.334136  gap=5.26e+00
  Cut: intercept=-1127.100414, π_x_range=[-830.7315, 590.9235]

=== True-DRO Benders iter 65 ===
  OMP: t₀=-162.327077, UB=38.334136, gap=5.23e+00, x=[0, 0, 0, 0, 0, 0, 0, 0, 0, 0, 0, 0, 0, 0, 0, 0, 0, 0, 0, 0, 0, 0, 0, 1, 0, 0, 0, 0, 0, 0, 0, 0, 1, 0, 0, 0, 0, 0, 0, 0, 0, 0, 0, 0, 0, 0, 0] (0.964s)
  Sub: Z₀=41.586875 [TIME_LIMIT] (16.0s), α=[0.000,0.000,0.000,0.000,0.000,0.000,0.000,0.000,0.000,0.000,0.000,0.000,0.000,0.000,0.000,0.000,0.000,0.000,0.000,0.000,0.000,0.000,0.000,0.000,4.021,0.000,0.000,0.000,2.271,0.000,0.000,0.000,0.473,0.000,0.000,0.822,2.661,0.000,0.000,0.000,0.000,0.000,0.000,0.000,0.000,0.000,0.000]
  Iter 65: LB=-162.327077  UB=38.334136  gap=5.23e+00
  Cut: intercept=-143.597577, π_x_range=[-264.0000, 125.9162]

=== True-DRO Benders iter 66 ===
  OMP: t₀=-162.081466, UB=38.334136, gap=5.23e+00, x=[0, 0, 0, 0, 0, 0, 0, 0, 0, 0, 0, 0, 0, 0, 0, 0, 0, 0, 0, 0, 0, 0, 0, 1, 0, 0, 0, 0, 0, 0, 0, 0, 0, 0, 1, 0, 0, 0, 0, 0, 0, 0, 0, 0, 0, 0, 0] (0.988s)
  Sub: Z₀=42.380963 [LOCAL] (0.5s), α=[0.000,0.000,0.000,0.000,0.000,0.000,0.000,0.000,0.000,0.000,0.000,0.000,0.000,0.000,0.000,0.000,0.000,0.000,0.000,0.000,0.000,0.000,3.982,4.190,0.000,0.000,0.000,0.000,0.000,0.000,0.000,0.000,0.000,0.000,2.066,0.006,0.005,0.000,0.000,0.000,0.000,0.000,0.000,0.000,0.000,0.000,0.000]
  Iter 66: LB=-162.081466  UB=38.334136  gap=5.23e+00
  Cut: intercept=-1120.827486, π_x_range=[-828.1637, 592.5082]

=== True-DRO Benders iter 67 ===
  OMP: t₀=-161.166800, UB=38.334136, gap=5.20e+00, x=[0, 0, 0, 0, 0, 0, 0, 0, 0, 0, 0, 0, 0, 0, 0, 0, 0, 0, 0, 0, 0, 0, 0, 0, 0, 0, 0, 0, 0, 1, 0, 1, 0, 0, 0, 0, 0, 0, 0, 0, 0, 0, 0, 0, 0, 0, 0] (1.029s)
  Sub: Z₀=42.083811 [LOCAL] (0.5s), α=[0.000,0.000,0.000,0.000,0.000,0.000,0.000,0.000,0.000,0.000,0.000,0.000,0.000,0.000,0.000,0.000,0.000,0.000,0.000,0.000,0.000,0.000,0.000,0.000,0.000,0.000,0.000,0.032,4.430,0.000,0.000,5.787,0.000,0.000,0.000,0.000,0.000,0.000,0.000,0.000,0.000,0.000,0.000,0.000,0.000,0.000,0.000]
  Iter 67: LB=-161.166800  UB=38.334136  gap=5.20e+00
  Cut: intercept=-1075.738174, π_x_range=[-829.0534, 561.4466]

=== True-DRO Benders iter 68 ===
  OMP: t₀=-159.399780, UB=38.334136, gap=5.16e+00, x=[0, 0, 0, 0, 0, 0, 0, 0, 0, 0, 0, 0, 0, 0, 0, 0, 0, 0, 0, 0, 0, 0, 0, 1, 0, 0, 1, 0, 0, 0, 0, 0, 0, 0, 0, 0, 0, 0, 0, 0, 0, 0, 0, 0, 0, 0, 0] (0.989s)
  Sub: Z₀=38.589328 [LOCAL] (0.6s), α=[0.000,0.000,0.000,0.000,0.000,0.000,0.000,0.000,0.000,0.000,0.000,0.000,0.000,0.000,0.000,0.000,0.000,0.000,0.000,0.000,0.000,0.000,3.230,3.706,3.313,0.000,0.000,0.000,0.000,0.000,0.000,0.000,0.000,0.000,0.000,0.000,0.000,0.000,0.000,0.000,0.000,0.000,0.000,0.000,0.000,0.000,0.000]
  Iter 68: LB=-159.399780  UB=38.334136  gap=5.16e+00
  Cut: intercept=-1130.605979, π_x_range=[-827.7211, 588.1294]

=== True-DRO Benders iter 69 ===
  OMP: t₀=-159.005522, UB=38.334136, gap=5.15e+00, x=[0, 0, 0, 0, 0, 0, 0, 0, 0, 0, 0, 0, 0, 0, 0, 0, 0, 0, 0, 0, 0, 0, 0, 1, 0, 0, 0, 0, 0, 1, 0, 0, 0, 0, 0, 0, 0, 0, 0, 0, 0, 0, 0, 0, 0, 0, 0] (0.869s)
  Sub: Z₀=42.261883 [LOCAL] (0.6s), α=[0.000,0.000,0.000,0.000,0.000,0.000,0.000,0.000,0.000,0.000,0.000,0.000,0.000,0.000,0.000,0.000,0.000,0.000,0.000,0.000,0.000,0.000,0.054,8.785,0.000,0.000,0.000,0.000,1.077,0.000,0.000,0.000,0.000,0.000,0.000,0.064,0.269,0.000,0.000,0.000,0.000,0.000,0.000,0.000,0.000,0.000,0.000]
  Iter 69: LB=-159.005522  UB=38.334136  gap=5.15e+00
  Cut: intercept=-1088.183053, π_x_range=[-830.3618, 570.1980]

=== True-DRO Benders iter 70 ===
  OMP: t₀=-157.646206, UB=38.334136, gap=5.11e+00, x=[0, 0, 0, 0, 0, 0, 0, 0, 0, 0, 0, 0, 0, 0, 0, 0, 0, 0, 0, 0, 0, 0, 0, 0, 0, 0, 0, 0, 0, 0, 0, 0, 1, 0, 1, 0, 0, 0, 0, 0, 0, 0, 0, 0, 0, 0, 0] (0.934s)
  Sub: Z₀=41.595112 [TIME_LIMIT] (15.8s), α=[0.000,0.000,0.000,0.000,0.000,0.000,0.000,0.000,0.000,0.000,0.000,0.000,0.000,0.000,0.000,0.000,0.000,0.000,0.000,0.000,0.000,0.000,0.000,0.000,0.000,0.000,0.000,0.000,6.239,0.000,0.000,0.000,0.000,0.000,2.257,0.889,0.865,0.000,0.000,0.000,0.000,0.000,0.000,0.000,0.000,0.000,0.000]
  Iter 70: LB=-157.646206  UB=38.334136  gap=5.11e+00
  Cut: intercept=-169.994847, π_x_range=[-255.0000, 147.7948]

=== True-DRO Benders iter 71 ===
  OMP: t₀=-157.418647, UB=38.334136, gap=5.11e+00, x=[0, 0, 0, 0, 0, 0, 0, 0, 0, 0, 0, 0, 0, 0, 0, 0, 0, 0, 0, 0, 0, 0, 0, 0, 0, 0, 1, 0, 0, 1, 0, 0, 0, 0, 0, 0, 0, 0, 0, 0, 0, 0, 0, 0, 0, 0, 0] (0.984s)
  Sub: Z₀=40.987696 [LOCAL] (4.5s), α=[0.000,0.000,0.000,0.000,0.000,0.000,0.000,0.000,0.000,0.000,0.000,0.000,0.000,0.000,0.000,0.000,0.000,0.000,0.000,0.000,0.000,0.000,1.240,0.024,0.000,0.884,1.667,0.948,5.387,0.100,0.000,0.000,0.000,0.000,0.000,0.000,0.000,0.000,0.000,0.000,0.000,0.000,0.000,0.000,0.000,0.000,0.000]
  Iter 71: LB=-157.418647  UB=38.334136  gap=5.11e+00
  Cut: intercept=-1078.708442, π_x_range=[-828.4823, 570.3533]

=== True-DRO Benders iter 72 ===
  OMP: t₀=-157.166025, UB=38.334136, gap=5.10e+00, x=[0, 0, 0, 0, 0, 0, 0, 0, 0, 0, 0, 0, 0, 0, 0, 0, 0, 0, 0, 0, 0, 0, 0, 0, 0, 0, 0, 0, 0, 1, 0, 0, 0, 0, 1, 0, 0, 0, 0, 0, 0, 0, 0, 0, 0, 0, 0] (1.019s)
  Sub: Z₀=41.122026 [LOCAL] (0.6s), α=[0.000,0.000,0.000,0.000,0.000,0.000,0.000,0.000,0.000,0.000,0.000,0.000,0.000,0.000,0.000,0.000,0.000,0.000,0.000,0.000,0.000,0.000,0.000,0.000,0.000,0.000,0.000,0.011,2.946,0.000,0.000,0.000,0.000,0.000,0.000,2.418,4.874,0.000,0.000,0.000,0.000,0.000,0.000,0.000,0.000,0.000,0.000]
  Iter 72: LB=-157.166025  UB=38.334136  gap=5.10e+00
  Cut: intercept=-1083.277959, π_x_range=[-830.0216, 580.9263]

=== True-DRO Benders iter 73 ===
  OMP: t₀=-152.151345, UB=38.334136, gap=4.97e+00, x=[0, 0, 0, 0, 0, 0, 0, 0, 0, 0, 0, 1, 0, 0, 0, 0, 0, 0, 0, 0, 0, 0, 0, 0, 0, 0, 0, 1, 0, 0, 0, 0, 0, 0, 0, 0, 0, 0, 0, 0, 0, 0, 0, 0, 0, 0, 0] (0.953s)
  Sub: Z₀=35.836545 [LOCAL] (0.4s), α=[0.000,0.000,0.000,0.000,0.000,0.000,0.000,0.000,0.000,0.000,0.000,0.000,0.000,0.000,0.000,0.000,0.000,0.000,0.000,0.000,0.000,0.000,0.000,0.000,0.000,0.000,0.000,3.918,6.219,0.000,0.000,0.000,0.000,0.000,0.000,0.000,0.112,0.000,0.000,0.000,0.000,0.000,0.000,0.000,0.000,0.000,0.000]
  Iter 73: LB=-152.151345  UB=38.334136  gap=4.97e+00
  Cut: intercept=-1130.416166, π_x_range=[-828.3869, 583.3129]

=== True-DRO Benders iter 74 ===
  OMP: t₀=-150.151345, UB=38.334136, gap=4.92e+00, x=[0, 0, 0, 0, 0, 0, 0, 0, 0, 0, 0, 0, 1, 0, 0, 0, 0, 0, 0, 0, 0, 0, 0, 0, 0, 0, 0, 1, 0, 0, 0, 0, 0, 0, 0, 0, 0, 0, 0, 0, 0, 0, 0, 0, 0, 0, 0] (1.001s)
  Sub: Z₀=35.836545 [LOCAL] (0.4s), α=[0.000,0.000,0.000,0.000,0.000,0.000,0.000,0.000,0.000,0.000,0.000,0.000,0.000,0.000,0.000,0.000,0.000,0.000,0.000,0.000,0.000,0.000,0.000,0.000,0.000,0.000,0.000,3.902,6.217,0.000,0.000,0.000,0.000,0.000,0.000,0.000,0.131,0.000,0.000,0.000,0.000,0.000,0.000,0.000,0.000,0.000,0.000]
  Iter 74: LB=-150.151345  UB=38.334136  gap=4.92e+00
  Cut: intercept=-1130.156736, π_x_range=[-828.3833, 583.0408]

=== True-DRO Benders iter 75 ===
  OMP: t₀=-148.130090, UB=38.334136, gap=4.86e+00, x=[0, 0, 0, 0, 0, 0, 0, 0, 0, 0, 0, 0, 0, 0, 0, 0, 0, 0, 0, 0, 0, 0, 0, 0, 1, 0, 0, 1, 0, 0, 0, 0, 0, 0, 0, 0, 0, 0, 0, 0, 0, 0, 0, 0, 0, 0, 0] (1.095s)
  Sub: Z₀=38.532048 [TIME_LIMIT] (16.0s), α=[0.000,0.000,0.000,0.000,0.000,0.000,0.000,0.000,0.000,0.000,0.000,0.000,0.000,0.000,0.000,0.000,0.000,0.000,0.000,0.000,0.000,0.000,0.000,0.000,8.119,0.000,0.000,0.000,2.130,0.000,0.000,0.000,0.000,0.000,0.000,0.000,0.000,0.000,0.000,0.000,0.000,0.000,0.000,0.000,0.000,0.000,0.000]
  Iter 75: LB=-148.130090  UB=38.334136  gap=4.86e+00
  Cut: intercept=-120.359104, π_x_range=[-189.3801, 126.5773]

=== True-DRO Benders iter 76 ===
  OMP: t₀=-147.646206, UB=38.334136, gap=4.85e+00, x=[0, 0, 0, 0, 0, 0, 0, 0, 0, 0, 0, 0, 1, 0, 0, 0, 0, 0, 0, 0, 0, 0, 0, 0, 0, 0, 0, 0, 0, 0, 0, 0, 1, 0, 0, 0, 0, 0, 0, 0, 0, 0, 0, 0, 0, 0, 0] (0.564s)
  Sub: Z₀=45.185140 [LOCAL] (0.5s), α=[0.000,0.000,0.000,0.000,0.000,0.000,0.000,0.000,0.000,0.000,0.000,0.000,0.000,0.000,0.000,0.000,0.000,0.000,0.000,0.000,0.000,0.000,0.000,0.000,2.929,0.000,0.000,0.000,5.078,0.000,0.000,0.000,0.000,0.000,0.000,0.482,1.760,0.000,0.000,0.000,0.000,0.000,0.000,0.000,0.000,0.000,0.000]
  Iter 76: LB=-147.646206  UB=38.334136  gap=4.85e+00
  Cut: intercept=-1127.294878, π_x_range=[-825.5513, 593.5866]

=== True-DRO Benders iter 77 ===
  OMP: t₀=-138.962568, UB=38.334136, gap=4.63e+00, x=[0, 0, 0, 0, 0, 0, 0, 0, 0, 0, 0, 0, 0, 0, 0, 0, 0, 0, 0, 0, 0, 0, 0, 0, 0, 0, 0, 0, 0, 0, 0, 1, 0, 0, 0, 0, 1, 0, 0, 0, 0, 0, 0, 0, 0, 0, 0] (0.600s)
  Sub: Z₀=40.477990 [LOCAL] (0.5s), α=[0.000,0.000,0.000,0.000,0.000,0.000,0.000,0.000,0.000,0.000,0.000,0.000,0.000,0.000,0.000,0.000,0.000,0.000,0.000,0.000,0.000,0.000,0.000,0.000,3.656,0.000,0.000,0.038,5.033,0.000,0.000,0.000,0.000,0.000,0.000,0.000,1.521,0.000,0.000,0.000,0.000,0.000,0.000,0.000,0.000,0.000,0.000]
  Iter 77: LB=-138.962568  UB=38.334136  gap=4.63e+00
  Cut: intercept=-1108.365006, π_x_range=[-829.4614, 583.1421]

=== True-DRO Benders iter 78 ===
  OMP: t₀=-138.488172, UB=38.334136, gap=4.61e+00, x=[0, 0, 0, 0, 0, 0, 0, 0, 0, 0, 0, 0, 0, 0, 0, 0, 0, 0, 0, 0, 0, 0, 0, 0, 0, 0, 0, 0, 0, 0, 0, 0, 1, 0, 0, 0, 1, 0, 0, 0, 0, 0, 0, 0, 0, 0, 0] (0.688s)
  Sub: Z₀=42.013372 [LOCAL] (0.5s), α=[0.000,0.000,0.000,0.000,0.000,0.000,0.000,0.000,0.000,0.000,0.000,0.000,0.000,0.000,0.000,0.000,0.000,0.000,0.000,0.000,0.000,0.000,0.000,0.000,0.079,0.000,0.000,0.000,2.905,0.000,0.000,0.000,0.000,0.000,0.000,0.000,7.264,0.000,0.000,0.000,0.000,0.000,0.000,0.000,0.000,0.000,0.000]
  Iter 78: LB=-138.488172  UB=38.334136  gap=4.61e+00
  Cut: intercept=-1148.627666, π_x_range=[-826.6016, 596.5795]

=== True-DRO Benders iter 79 ===
  OMP: t₀=-137.140634, UB=38.334136, gap=4.58e+00, x=[0, 0, 0, 0, 0, 0, 0, 0, 0, 0, 0, 0, 0, 0, 0, 0, 0, 0, 0, 0, 0, 0, 0, 0, 1, 0, 0, 0, 0, 0, 0, 0, 1, 0, 0, 0, 0, 0, 0, 0, 0, 0, 0, 0, 0, 0, 0] (0.751s)
  Sub: Z₀=39.170663 [LOCAL] (0.5s), α=[0.000,0.000,0.000,0.000,0.000,0.000,0.000,0.000,0.000,0.000,0.000,0.000,0.000,0.000,0.000,0.000,0.000,0.000,0.000,0.000,0.000,0.000,0.000,0.000,7.505,0.000,0.000,0.000,2.744,0.000,0.000,0.000,0.000,0.000,0.000,0.000,0.000,0.000,0.000,0.000,0.000,0.000,0.000,0.000,0.000,0.000,0.000]
  Iter 79: LB=-137.140634  UB=38.334136  gap=4.58e+00
  Cut: intercept=-1137.090266, π_x_range=[-827.4655, 593.9704]

=== True-DRO Benders iter 80 ===
  OMP: t₀=-133.434759, UB=38.334136, gap=4.48e+00, x=[0, 0, 0, 0, 0, 0, 0, 0, 0, 0, 0, 0, 0, 0, 1, 0, 0, 0, 0, 0, 0, 0, 1, 0, 0, 0, 0, 0, 0, 0, 0, 0, 0, 0, 0, 0, 0, 0, 0, 0, 0, 0, 0, 0, 0, 0, 0] (0.790s)
  Sub: Z₀=43.539098 [TIME_LIMIT] (16.1s), α=[0.000,0.000,0.000,0.000,0.000,0.000,0.000,0.000,0.000,0.000,0.000,0.000,0.000,0.000,0.000,0.000,0.000,0.000,0.000,0.000,0.000,0.000,4.199,0.000,2.929,0.000,0.000,0.000,0.730,0.000,0.000,0.000,0.000,0.000,0.000,0.280,2.111,0.000,0.000,0.000,0.000,0.000,0.000,0.000,0.000,0.000,0.000]
  Iter 80: LB=-133.434759  UB=38.334136  gap=4.48e+00
  Cut: intercept=-30.470399, π_x_range=[-264.0000, 48.7990]

=== True-DRO Benders iter 81 ===
  OMP: t₀=-133.209790, UB=38.334136, gap=4.47e+00, x=[0, 0, 0, 0, 0, 0, 0, 0, 0, 0, 0, 0, 0, 0, 0, 1, 0, 0, 0, 0, 0, 0, 1, 0, 0, 0, 0, 0, 0, 0, 0, 0, 0, 0, 0, 0, 0, 0, 0, 0, 0, 0, 0, 0, 0, 0, 0] (1.199s)
  Sub: Z₀=43.131003 [LOCAL] (0.5s), α=[0.000,0.000,0.000,0.000,0.000,0.000,0.000,0.000,0.000,0.000,0.000,0.000,0.000,0.000,0.000,0.000,0.000,0.000,0.000,0.000,0.000,0.000,3.552,0.000,4.337,0.000,0.000,0.000,0.000,0.000,0.000,0.000,0.000,0.000,0.000,2.202,0.157,0.000,0.000,0.000,0.000,0.000,0.000,0.000,0.000,0.000,0.000]
  Iter 81: LB=-133.209790  UB=38.334136  gap=4.47e+00
  Cut: intercept=-1083.248763, π_x_range=[-829.3979, 582.7209]

=== True-DRO Benders iter 82 ===
  OMP: t₀=-132.212993, UB=38.334136, gap=4.45e+00, x=[0, 0, 0, 0, 0, 0, 0, 0, 0, 0, 0, 0, 0, 0, 0, 0, 0, 0, 0, 0, 0, 0, 0, 0, 0, 0, 0, 0, 0, 0, 0, 1, 0, 0, 0, 1, 0, 0, 0, 0, 0, 0, 0, 0, 0, 0, 0] (1.572s)
  Sub: Z₀=39.915637 [LOCAL] (0.5s), α=[0.000,0.000,0.000,0.000,0.000,0.000,0.000,0.000,0.000,0.000,0.000,0.000,0.000,0.000,0.000,0.000,0.000,0.000,0.000,0.000,0.000,0.000,0.000,0.000,5.265,0.000,0.000,0.037,4.947,0.000,0.000,0.000,0.000,0.000,0.000,0.000,0.000,0.000,0.000,0.000,0.000,0.000,0.000,0.000,0.000,0.000,0.000]
  Iter 82: LB=-132.212993  UB=38.334136  gap=4.45e+00
  Cut: intercept=-1114.675262, π_x_range=[-829.3313, 589.8576]

=== True-DRO Benders iter 83 ===
  OMP: t₀=-131.422998, UB=38.334136, gap=4.43e+00, x=[0, 0, 0, 0, 0, 0, 0, 0, 0, 0, 0, 0, 0, 0, 0, 0, 0, 0, 0, 0, 0, 0, 1, 0, 0, 0, 0, 0, 0, 0, 0, 0, 0, 1, 0, 0, 0, 0, 0, 0, 0, 0, 0, 0, 0, 0, 0] (1.218s)
  Sub: Z₀=42.893025 [LOCAL] (0.5s), α=[0.000,0.000,0.000,0.000,0.000,0.000,0.000,0.000,0.000,0.000,0.000,0.000,0.000,0.000,0.000,0.000,0.000,0.000,0.000,0.000,0.000,0.000,0.000,0.000,5.394,0.000,0.000,0.000,0.000,0.000,0.000,0.000,0.000,0.000,0.000,1.311,3.545,0.000,0.000,0.000,0.000,0.000,0.000,0.000,0.000,0.000,0.000]
  Iter 83: LB=-131.422998  UB=38.334136  gap=4.43e+00
  Cut: intercept=-1117.187762, π_x_range=[-831.7445, 585.6395]

=== True-DRO Benders iter 84 ===
  OMP: t₀=-130.051715, UB=38.334136, gap=4.39e+00, x=[0, 0, 0, 0, 0, 0, 0, 0, 0, 0, 0, 0, 0, 0, 0, 0, 0, 0, 0, 0, 0, 0, 0, 1, 0, 0, 0, 0, 0, 0, 0, 0, 0, 0, 0, 1, 0, 0, 0, 0, 0, 0, 0, 0, 0, 0, 0] (0.946s)
  Sub: Z₀=41.827641 [LOCAL] (0.6s), α=[0.000,0.000,0.000,0.000,0.000,0.000,0.000,0.000,0.000,0.000,0.000,0.000,0.000,0.000,0.000,0.000,0.000,0.000,0.000,0.000,0.000,0.000,2.102,2.972,0.000,0.000,0.000,0.000,0.000,0.000,0.000,0.000,0.000,0.000,0.000,3.090,2.085,0.000,0.000,0.000,0.000,0.000,0.000,0.000,0.000,0.000,0.000]
  Iter 84: LB=-130.051715  UB=38.334136  gap=4.39e+00
  Cut: intercept=-1138.305139, π_x_range=[-828.8735, 593.4932]

=== True-DRO Benders iter 85 ===
  OMP: t₀=-128.646206, UB=38.334136, gap=4.36e+00, x=[0, 0, 0, 0, 0, 0, 0, 0, 0, 0, 0, 1, 0, 0, 0, 0, 0, 0, 0, 0, 0, 0, 0, 0, 0, 0, 0, 0, 0, 0, 0, 0, 1, 0, 0, 0, 0, 0, 0, 0, 0, 0, 0, 0, 0, 0, 0] (0.928s)
  Sub: Z₀=48.053730 [TIME_LIMIT] (16.0s), α=[0.000,0.000,0.000,0.000,0.000,0.000,0.000,0.000,0.000,0.000,0.000,0.000,0.000,0.000,0.000,0.000,0.000,0.000,0.000,0.000,0.000,0.000,0.000,0.000,2.929,0.000,0.000,0.000,5.078,0.000,0.000,0.000,0.000,0.000,0.000,0.275,1.967,0.000,0.000,0.000,0.000,0.000,0.000,0.000,0.000,0.000,0.000]
  Iter 85: LB=-128.646206  UB=38.334136  gap=4.36e+00
  Cut: intercept=-111.087196, π_x_range=[-274.0000, 136.8075]

=== True-DRO Benders iter 86 ===
  OMP: t₀=-128.212218, UB=38.334136, gap=4.34e+00, x=[0, 0, 0, 0, 0, 0, 0, 0, 0, 0, 0, 0, 0, 0, 0, 0, 0, 0, 0, 0, 0, 0, 0, 0, 0, 0, 0, 0, 0, 0, 0, 0, 0, 0, 1, 1, 0, 0, 0, 0, 0, 0, 0, 0, 0, 0, 0] (1.065s)
  Sub: Z₀=41.967945 [LOCAL] (0.4s), α=[0.000,0.000,0.000,0.000,0.000,0.000,0.000,0.000,0.000,0.000,0.000,0.000,0.000,0.000,0.000,0.000,0.000,0.000,0.000,0.000,0.000,0.000,0.000,0.000,0.000,0.000,0.000,0.000,2.744,0.000,0.000,0.000,0.000,0.000,2.310,3.632,1.562,0.000,0.000,0.000,0.000,0.000,0.000,0.000,0.000,0.000,0.000]
  Iter 86: LB=-128.212218  UB=38.334136  gap=4.34e+00
  Cut: intercept=-1133.094821, π_x_range=[-830.6019, 592.0948]

=== True-DRO Benders iter 87 ===
  OMP: t₀=-125.843207, UB=38.334136, gap=4.28e+00, x=[0, 0, 0, 0, 0, 0, 0, 0, 0, 0, 0, 0, 0, 0, 0, 0, 0, 0, 0, 0, 0, 0, 0, 0, 0, 1, 0, 0, 0, 0, 0, 1, 0, 0, 0, 0, 0, 0, 0, 0, 0, 0, 0, 0, 0, 0, 0] (1.019s)
  Sub: Z₀=44.128363 [LOCAL] (0.5s), α=[0.000,0.000,0.000,0.000,0.000,0.000,0.000,0.000,0.000,0.000,0.000,0.000,0.000,0.000,0.000,0.000,0.000,0.000,0.000,0.000,0.000,0.000,0.000,0.000,3.882,0.062,0.000,0.000,2.515,0.000,0.000,3.790,0.000,0.000,0.000,0.000,0.000,0.000,0.000,0.000,0.000,0.000,0.000,0.000,0.000,0.000,0.000]
  Iter 87: LB=-125.843207  UB=38.334136  gap=4.28e+00
  Cut: intercept=-1120.471187, π_x_range=[-830.4093, 596.3337]

=== True-DRO Benders iter 88 ===
  OMP: t₀=-125.136274, UB=38.334136, gap=4.26e+00, x=[0, 0, 0, 0, 0, 0, 0, 0, 0, 0, 0, 0, 0, 0, 0, 0, 0, 0, 0, 0, 0, 0, 0, 0, 0, 0, 0, 0, 0, 1, 0, 0, 0, 0, 0, 1, 0, 0, 0, 0, 0, 0, 0, 0, 0, 0, 0] (1.086s)
  Sub: Z₀=41.474508 [LOCAL] (0.6s), α=[0.000,0.000,0.000,0.000,0.000,0.000,0.000,0.000,0.000,0.000,0.000,0.000,0.000,0.000,0.000,0.000,0.000,0.000,0.000,0.000,0.000,0.000,0.000,0.000,0.000,0.000,0.000,0.028,4.076,0.000,0.000,0.000,0.000,0.000,0.000,3.373,2.773,0.000,0.000,0.000,0.000,0.000,0.000,0.000,0.000,0.000,0.000]
  Iter 88: LB=-125.136274  UB=38.334136  gap=4.26e+00
  Cut: intercept=-1099.801510, π_x_range=[-830.3204, 582.1850]

=== True-DRO Benders iter 89 ===
  OMP: t₀=-124.958834, UB=38.334136, gap=4.26e+00, x=[0, 0, 0, 0, 0, 0, 0, 0, 0, 0, 0, 0, 0, 0, 0, 0, 0, 0, 0, 0, 0, 0, 0, 1, 0, 0, 0, 0, 0, 0, 0, 0, 0, 0, 0, 0, 1, 0, 0, 0, 0, 0, 0, 0, 0, 0, 0] (1.066s)
  Sub: Z₀=42.738354 [LOCAL] (0.5s), α=[0.000,0.000,0.000,0.000,0.000,0.000,0.000,0.000,0.000,0.000,0.000,0.000,0.000,0.000,0.000,0.000,0.000,0.000,0.000,0.000,0.000,0.000,0.000,0.000,1.532,0.000,0.000,0.000,0.000,0.000,0.000,0.000,0.000,0.000,0.000,0.006,8.711,0.000,0.000,0.000,0.000,0.000,0.000,0.000,0.000,0.000,0.000]
  Iter 89: LB=-124.958834  UB=38.334136  gap=4.26e+00
  Cut: intercept=-1133.594607, π_x_range=[-828.7223, 597.0572]

=== True-DRO Benders iter 90 ===
  OMP: t₀=-123.681929, UB=38.334136, gap=4.23e+00, x=[0, 0, 0, 0, 0, 0, 0, 0, 0, 0, 0, 0, 0, 0, 0, 0, 0, 0, 0, 0, 0, 0, 0, 1, 0, 1, 0, 0, 0, 0, 0, 0, 0, 0, 0, 0, 0, 0, 0, 0, 0, 0, 0, 0, 0, 0, 0] (1.359s)
  Sub: Z₀=40.783246 [TIME_LIMIT] (15.9s), α=[0.000,0.000,0.000,0.000,0.000,0.000,0.000,0.000,0.000,0.000,0.000,0.000,0.000,0.000,0.000,0.000,0.000,0.000,0.000,0.000,0.000,0.000,3.178,4.466,0.000,2.605,0.000,0.000,0.000,0.000,0.000,0.000,0.000,0.000,0.000,0.000,0.000,0.000,0.000,0.000,0.000,0.000,0.000,0.000,0.000,0.000,0.000]
  Iter 90: LB=-123.681929  UB=38.334136  gap=4.23e+00
  Cut: intercept=-37.826611, π_x_range=[-276.0000, 52.4160]

=== True-DRO Benders iter 91 ===
  OMP: t₀=-123.513070, UB=38.334136, gap=4.22e+00, x=[0, 0, 0, 0, 0, 0, 0, 0, 0, 0, 0, 0, 0, 0, 0, 0, 0, 1, 0, 0, 0, 0, 1, 0, 0, 0, 0, 0, 0, 0, 0, 0, 0, 0, 0, 0, 0, 0, 0, 0, 0, 0, 0, 0, 0, 0, 0] (1.230s)
  Sub: Z₀=43.587791 [LOCAL] (5.8s), α=[0.000,0.000,0.000,0.000,0.000,0.000,0.000,0.000,0.000,0.000,0.000,0.000,0.000,0.000,0.000,0.000,0.000,0.000,0.000,0.000,0.000,0.000,3.564,0.000,3.606,0.000,0.000,0.000,0.012,0.000,0.000,0.000,0.000,0.000,0.000,0.696,2.371,0.000,0.000,0.000,0.000,0.000,0.000,0.000,0.000,0.000,0.000]
  Iter 91: LB=-123.513070  UB=38.334136  gap=4.22e+00
  Cut: intercept=-1111.523229, π_x_range=[-830.4929, 580.7077]

=== True-DRO Benders iter 92 ===
  OMP: t₀=-123.513078, UB=38.334136, gap=4.22e+00, x=[0, 0, 0, 0, 0, 0, 0, 0, 0, 0, 0, 0, 0, 0, 0, 0, 1, 0, 0, 0, 0, 0, 1, 0, 0, 0, 0, 0, 0, 0, 0, 0, 0, 0, 0, 0, 0, 0, 0, 0, 0, 0, 0, 0, 0, 0, 0] (1.217s)
  Sub: Z₀=43.587789 [LOCAL] (3.0s), α=[0.000,0.000,0.000,0.000,0.000,0.000,0.000,0.000,0.000,0.000,0.000,0.000,0.000,0.000,0.000,0.000,0.000,0.000,0.000,0.000,0.000,0.000,3.552,0.000,3.618,0.000,0.000,0.000,0.000,0.000,0.000,0.000,0.000,0.000,0.000,0.543,2.536,0.000,0.000,0.000,0.000,0.000,0.000,0.000,0.000,0.000,0.000]
  Iter 92: LB=-123.513078  UB=38.334136  gap=4.22e+00
  Cut: intercept=-1085.545191, π_x_range=[-830.4976, 580.8177]

=== True-DRO Benders iter 93 ===
  OMP: t₀=-122.168213, UB=38.334136, gap=4.19e+00, x=[0, 0, 0, 0, 0, 0, 0, 0, 0, 0, 0, 0, 0, 0, 0, 0, 0, 0, 0, 0, 0, 0, 0, 0, 0, 0, 0, 0, 0, 0, 0, 0, 0, 1, 0, 0, 1, 0, 0, 0, 0, 0, 0, 0, 0, 0, 0] (1.247s)
  Sub: Z₀=44.157883 [LOCAL] (0.5s), α=[0.000,0.000,0.000,0.000,0.000,0.000,0.000,0.000,0.000,0.000,0.000,0.000,0.000,0.000,0.000,0.000,0.000,0.000,0.000,0.000,0.000,0.000,0.000,0.000,1.348,0.000,0.000,0.000,0.368,0.000,0.000,0.000,0.000,0.000,0.000,0.000,8.533,0.000,0.000,0.000,0.000,0.000,0.000,0.000,0.000,0.000,0.000]
  Iter 93: LB=-122.168213  UB=38.334136  gap=4.19e+00
  Cut: intercept=-1118.456961, π_x_range=[-831.3083, 583.7546]

=== True-DRO Benders iter 94 ===
  OMP: t₀=-121.243695, UB=38.334136, gap=4.16e+00, x=[0, 0, 0, 0, 0, 0, 0, 0, 0, 0, 0, 0, 0, 0, 0, 0, 0, 0, 0, 0, 0, 0, 0, 0, 0, 1, 0, 0, 0, 0, 0, 0, 0, 0, 1, 0, 0, 0, 0, 0, 0, 0, 0, 0, 0, 0, 0] (1.144s)
  Sub: Z₀=43.105988 [LOCAL] (0.6s), α=[0.000,0.000,0.000,0.000,0.000,0.000,0.000,0.000,0.000,0.000,0.000,0.000,0.000,0.000,0.000,0.000,0.000,0.000,0.000,0.000,0.000,0.000,0.114,0.068,0.971,2.784,0.000,0.000,2.926,0.000,0.000,0.775,0.000,0.000,2.591,0.000,0.021,0.000,0.000,0.000,0.000,0.000,0.000,0.000,0.000,0.000,0.000]
  Iter 94: LB=-121.243695  UB=38.334136  gap=4.16e+00
  Cut: intercept=-1128.376313, π_x_range=[-829.6397, 586.0834]

=== True-DRO Benders iter 95 ===
  OMP: t₀=-120.541821, UB=38.334136, gap=4.14e+00, x=[0, 0, 0, 0, 0, 0, 0, 0, 0, 0, 0, 0, 0, 0, 0, 0, 0, 0, 0, 0, 0, 0, 0, 0, 0, 0, 0, 0, 0, 0, 0, 0, 0, 0, 0, 1, 1, 0, 0, 0, 0, 0, 0, 0, 0, 0, 0] (1.472s)
  Sub: Z₀=44.144354 [TIME_LIMIT] (15.9s), α=[0.000,0.000,0.000,0.000,0.000,0.000,0.000,0.000,0.000,0.000,0.000,0.000,0.000,0.000,0.000,0.000,0.000,0.000,0.000,0.000,0.000,0.000,0.000,0.000,0.160,0.000,0.000,0.000,2.744,0.000,0.000,0.000,0.000,0.000,0.000,2.331,5.014,0.000,0.000,0.000,0.000,0.000,0.000,0.000,0.000,0.000,0.000]
  Iter 95: LB=-120.541821  UB=38.334136  gap=4.14e+00
  Cut: intercept=-36.778645, π_x_range=[-269.0000, 57.8572]

=== True-DRO Benders iter 96 ===
  OMP: t₀=-118.918837, UB=38.334136, gap=4.10e+00, x=[0, 0, 0, 0, 0, 0, 0, 0, 0, 0, 0, 0, 0, 0, 1, 0, 0, 0, 0, 0, 0, 0, 0, 0, 0, 0, 0, 0, 0, 0, 0, 1, 0, 0, 0, 0, 0, 0, 0, 0, 0, 0, 0, 0, 0, 0, 0] (1.481s)
  Sub: Z₀=45.357783 [LOCAL] (0.5s), α=[0.000,0.000,0.000,0.000,0.000,0.000,0.000,0.000,0.000,0.000,0.000,0.000,0.000,0.000,0.000,0.000,0.000,0.000,0.000,0.000,0.000,0.000,0.000,0.000,2.929,0.000,0.000,0.000,2.421,0.000,0.000,4.900,0.000,0.000,0.000,0.000,0.000,0.000,0.000,0.000,0.000,0.000,0.000,0.000,0.000,0.000,0.000]
  Iter 96: LB=-118.918837  UB=38.334136  gap=4.10e+00
  Cut: intercept=-1121.379337, π_x_range=[-829.8124, 597.9341]

=== True-DRO Benders iter 97 ===
  OMP: t₀=-118.766488, UB=38.334136, gap=4.10e+00, x=[0, 0, 0, 0, 0, 0, 0, 0, 0, 0, 0, 0, 0, 0, 0, 0, 0, 0, 0, 0, 0, 0, 0, 0, 0, 1, 0, 0, 0, 1, 0, 0, 0, 0, 0, 0, 0, 0, 0, 0, 0, 0, 0, 0, 0, 0, 0] (1.787s)
  Sub: Z₀=40.820869 [LOCAL] (0.6s), α=[0.000,0.000,0.000,0.000,0.000,0.000,0.000,0.000,0.000,0.000,0.000,0.000,0.000,0.000,0.000,0.000,0.000,0.000,0.000,0.000,0.000,0.000,0.000,0.000,0.000,4.615,0.000,0.037,5.035,0.000,0.000,0.000,0.000,0.000,0.000,0.000,0.562,0.000,0.000,0.000,0.000,0.000,0.000,0.000,0.000,0.000,0.000]
  Iter 97: LB=-118.766488  UB=38.334136  gap=4.10e+00
  Cut: intercept=-1103.741458, π_x_range=[-827.9624, 586.5875]

=== True-DRO Benders iter 98 ===
  OMP: t₀=-118.693868, UB=38.334136, gap=4.10e+00, x=[0, 0, 0, 0, 0, 0, 0, 0, 0, 0, 0, 0, 0, 0, 0, 1, 0, 0, 0, 0, 0, 0, 0, 0, 0, 0, 0, 0, 0, 0, 0, 1, 0, 0, 0, 0, 0, 0, 0, 0, 0, 0, 0, 0, 0, 0, 0] (1.634s)
  Sub: Z₀=45.624521 [LOCAL] (0.5s), α=[0.000,0.000,0.000,0.000,0.000,0.000,0.000,0.000,0.000,0.000,0.000,0.000,0.000,0.000,0.000,0.000,0.000,0.000,0.000,0.000,0.000,0.000,0.000,0.000,4.389,0.000,0.000,0.000,0.960,0.000,0.000,4.900,0.000,0.000,0.000,0.000,0.000,0.000,0.000,0.000,0.000,0.000,0.000,0.000,0.000,0.000,0.000]
  Iter 98: LB=-118.693868  UB=38.334136  gap=4.10e+00
  Cut: intercept=-1066.174311, π_x_range=[-830.4811, 567.7451]

=== True-DRO Benders iter 99 ===
  OMP: t₀=-117.671350, UB=38.334136, gap=4.07e+00, x=[0, 0, 0, 0, 0, 0, 0, 0, 0, 0, 0, 0, 1, 0, 0, 0, 0, 0, 0, 0, 0, 0, 1, 0, 0, 0, 0, 0, 0, 0, 0, 0, 0, 0, 0, 0, 0, 0, 0, 0, 0, 0, 0, 0, 0, 0, 0] (1.698s)
  Sub: Z₀=43.582945 [LOCAL] (5.4s), α=[0.000,0.000,0.000,0.000,0.000,0.000,0.000,0.000,0.000,0.000,0.000,0.000,0.000,0.000,0.000,0.000,0.000,0.000,0.000,0.000,0.000,0.000,3.552,0.000,3.632,0.000,0.000,0.000,0.000,0.000,0.000,0.000,0.000,0.000,0.000,1.022,2.043,0.000,0.000,0.000,0.000,0.000,0.000,0.000,0.000,0.000,0.000]
  Iter 99: LB=-117.671350  UB=38.334136  gap=4.07e+00
  Cut: intercept=-1112.783768, π_x_range=[-830.5249, 580.6787]

=== True-DRO Benders iter 100 ===
  OMP: t₀=-117.235428, UB=38.334136, gap=4.06e+00, x=[0, 0, 0, 0, 0, 0, 0, 0, 0, 0, 0, 0, 0, 0, 0, 0, 0, 0, 0, 0, 0, 0, 0, 0, 0, 0, 0, 0, 0, 1, 0, 0, 0, 0, 0, 0, 1, 0, 0, 0, 0, 0, 0, 0, 0, 0, 0] (1.724s)
  Sub: Z₀=41.881320 (3.3s), α=[0.000,0.000,0.000,0.000,0.000,0.000,0.000,0.000,0.000,0.000,0.000,0.000,0.000,0.000,0.000,0.000,0.000,0.000,0.000,0.000,0.000,0.000,0.000,0.000,0.000,0.000,0.000,0.000,2.744,0.000,0.000,0.000,0.000,0.000,0.000,0.000,7.505,0.000,0.000,0.000,0.000,0.000,0.000,0.000,0.000,0.000,0.000]
  Iter 100: LB=-117.235428  UB=38.334136  gap=4.06e+00
  Cut: intercept=-209.768449, π_x_range=[-256.0000, 189.4338]
  Sherali-Cut: intercept=-145.241871, π_x_range=[-129.7845, 131.2856]

=== True-DRO Benders iter 101 ===
  OMP: t₀=-117.011409, UB=38.334136, gap=4.05e+00, x=[0, 0, 0, 0, 0, 0, 0, 0, 0, 0, 0, 0, 0, 0, 0, 0, 0, 0, 0, 0, 0, 0, 0, 0, 0, 0, 0, 0, 1, 0, 0, 1, 0, 0, 0, 0, 0, 0, 0, 0, 0, 0, 0, 0, 0, 0, 0] (1.528s)
  Sub: Z₀=44.637327 [LOCAL] (0.6s), α=[0.000,0.000,0.000,0.000,0.000,0.000,0.000,0.000,0.000,0.000,0.000,0.000,0.000,0.000,0.000,0.000,0.000,0.000,0.000,0.000,0.000,0.000,0.000,0.000,5.920,0.000,0.000,0.000,0.960,0.000,0.000,3.368,0.000,0.000,0.000,0.000,0.000,0.000,0.000,0.000,0.000,0.000,0.000,0.000,0.000,0.000,0.000]
  Iter 101: LB=-117.011409  UB=38.334136  gap=4.05e+00
  Cut: intercept=-1126.721426, π_x_range=[-831.2626, 599.0594]

=== True-DRO Benders iter 102 ===
  OMP: t₀=-116.532590, UB=38.334136, gap=4.04e+00, x=[0, 0, 0, 0, 0, 0, 0, 0, 0, 0, 0, 0, 0, 0, 0, 1, 0, 0, 0, 0, 0, 0, 0, 1, 0, 0, 0, 0, 0, 0, 0, 0, 0, 0, 0, 0, 0, 0, 0, 0, 0, 0, 0, 0, 0, 0, 0] (1.540s)
  Sub: Z₀=41.293725 [LOCAL] (0.5s), α=[0.000,0.000,0.000,0.000,0.000,0.000,0.000,0.000,0.000,0.000,0.000,0.000,0.000,0.000,0.000,0.000,0.000,0.000,0.000,0.000,0.000,0.000,3.206,3.730,2.519,0.000,0.000,0.000,0.000,0.000,0.000,0.000,0.000,0.000,0.000,0.794,0.000,0.000,0.000,0.000,0.000,0.000,0.000,0.000,0.000,0.000,0.000]
  Iter 102: LB=-116.532590  UB=38.334136  gap=4.04e+00
  Cut: intercept=-1080.028845, π_x_range=[-827.2144, 578.4980]

=== True-DRO Benders iter 103 ===
  OMP: t₀=-116.381927, UB=38.334136, gap=4.04e+00, x=[0, 0, 0, 0, 0, 0, 0, 0, 0, 0, 0, 0, 0, 0, 0, 0, 0, 0, 0, 0, 0, 0, 1, 0, 0, 0, 1, 0, 0, 0, 0, 0, 0, 0, 0, 0, 0, 0, 0, 0, 0, 0, 0, 0, 0, 0, 0] (1.660s)
  Sub: Z₀=39.366637 [LOCAL] (0.5s), α=[0.000,0.000,0.000,0.000,0.000,0.000,0.000,0.000,0.000,0.000,0.000,0.000,0.000,0.000,0.000,0.000,0.000,0.000,0.000,0.000,0.000,0.000,3.552,0.000,6.378,0.319,0.000,0.000,0.000,0.000,0.000,0.000,0.000,0.000,0.000,0.000,0.000,0.000,0.000,0.000,0.000,0.000,0.000,0.000,0.000,0.000,0.000]
  Iter 103: LB=-116.381927  UB=38.334136  gap=4.04e+00
  Cut: intercept=-1121.398450, π_x_range=[-829.8914, 581.3855]

=== True-DRO Benders iter 104 ===
  OMP: t₀=-115.337215, UB=38.334136, gap=4.01e+00, x=[0, 0, 0, 0, 0, 0, 0, 0, 0, 0, 0, 0, 1, 0, 0, 0, 0, 0, 0, 0, 0, 0, 0, 0, 0, 0, 0, 0, 0, 0, 0, 1, 0, 0, 0, 0, 0, 0, 0, 0, 0, 0, 0, 0, 0, 0, 0] (1.732s)
  Sub: Z₀=46.010884 [LOCAL] (0.5s), α=[0.000,0.000,0.000,0.000,0.000,0.000,0.000,0.000,0.000,0.000,0.000,0.000,0.000,0.000,0.000,0.000,0.000,0.000,0.000,0.000,0.000,0.000,0.000,0.000,5.877,0.000,0.000,0.000,0.960,0.000,0.000,3.412,0.000,0.000,0.000,0.000,0.000,0.000,0.000,0.000,0.000,0.000,0.000,0.000,0.000,0.000,0.000]
  Iter 104: LB=-115.337215  UB=38.334136  gap=4.01e+00
  Cut: intercept=-1102.525664, π_x_range=[-830.8874, 581.5517]

=== True-DRO Benders iter 105 ===
  OMP: t₀=-114.945715, UB=38.334136, gap=4.00e+00, x=[0, 0, 0, 0, 0, 0, 0, 0, 0, 0, 0, 0, 0, 0, 0, 1, 0, 0, 0, 0, 0, 0, 0, 0, 0, 0, 1, 0, 0, 0, 0, 0, 0, 0, 0, 0, 0, 0, 0, 0, 0, 0, 0, 0, 0, 0, 0] (1.682s)
  Sub: Z₀=44.428182 [TIME_LIMIT] (15.8s), α=[0.000,0.000,0.000,0.000,0.000,0.000,0.000,0.000,0.000,0.000,0.000,0.000,0.000,0.000,0.000,0.000,0.000,0.000,0.000,0.000,0.000,0.000,0.000,0.000,4.998,0.000,0.001,0.000,2.745,0.000,0.000,0.000,0.000,0.000,0.000,2.505,0.000,0.000,0.000,0.000,0.000,0.000,0.000,0.000,0.000,0.000,0.000]
  Iter 105: LB=-114.945715  UB=38.334136  gap=4.00e+00
  Cut: intercept=-152.791920, π_x_range=[-276.9997, 125.9278]

=== True-DRO Benders iter 106 ===
  OMP: t₀=-114.918062, UB=38.334136, gap=4.00e+00, x=[0, 0, 0, 0, 0, 0, 0, 0, 0, 0, 0, 0, 0, 0, 1, 0, 0, 0, 0, 0, 0, 0, 0, 0, 0, 0, 0, 0, 0, 0, 0, 0, 0, 0, 1, 0, 0, 0, 0, 0, 0, 0, 0, 0, 0, 0, 0] (1.762s)
  Sub: Z₀=42.173251 [LOCAL] (0.5s), α=[0.000,0.000,0.000,0.000,0.000,0.000,0.000,0.000,0.000,0.000,0.000,0.000,0.000,0.000,0.000,0.000,0.000,0.000,0.000,0.000,0.000,0.000,0.052,0.041,0.490,0.000,0.000,0.039,5.126,0.000,0.000,0.000,0.000,0.000,3.439,0.180,0.882,0.000,0.000,0.000,0.000,0.000,0.000,0.000,0.000,0.000,0.000]
  Iter 106: LB=-114.918062  UB=38.334136  gap=4.00e+00
  Cut: intercept=-1126.732325, π_x_range=[-829.3670, 590.6486]

=== True-DRO Benders iter 107 ===
  OMP: t₀=-114.745798, UB=38.334136, gap=3.99e+00, x=[0, 0, 0, 0, 0, 0, 0, 0, 0, 0, 0, 0, 0, 0, 0, 0, 0, 0, 0, 0, 0, 0, 0, 1, 0, 0, 0, 0, 0, 0, 0, 0, 0, 1, 0, 0, 0, 0, 0, 0, 0, 0, 0, 0, 0, 0, 0] (1.731s)
  Sub: Z₀=42.351387 [LOCAL] (0.8s), α=[0.000,0.000,0.000,0.000,0.000,0.000,0.000,0.000,0.000,0.000,0.000,0.000,0.000,0.000,0.000,0.000,0.000,0.000,0.000,0.000,0.000,0.000,3.774,4.135,2.289,0.000,0.000,0.000,0.000,0.000,0.000,0.000,0.000,0.000,0.000,0.000,0.051,0.000,0.000,0.000,0.000,0.000,0.000,0.000,0.000,0.000,0.000]
  Iter 107: LB=-114.745798  UB=38.334136  gap=3.99e+00
  Cut: intercept=-1104.834220, π_x_range=[-831.3208, 573.9729]

=== True-DRO Benders iter 108 ===
  OMP: t₀=-114.693093, UB=38.334136, gap=3.99e+00, x=[0, 0, 0, 0, 0, 0, 0, 0, 0, 0, 0, 0, 0, 0, 0, 1, 0, 0, 0, 0, 0, 0, 0, 0, 0, 0, 0, 0, 0, 0, 0, 0, 0, 0, 1, 0, 0, 0, 0, 0, 0, 0, 0, 0, 0, 0, 0] (1.666s)
  Sub: Z₀=41.712047 [LOCAL] (0.4s), α=[0.000,0.000,0.000,0.000,0.000,0.000,0.000,0.000,0.000,0.000,0.000,0.000,0.000,0.000,0.000,0.000,0.000,0.000,0.000,0.000,0.000,0.000,0.000,0.000,0.000,0.000,0.000,0.036,4.800,0.000,0.000,0.000,0.000,0.000,2.425,2.843,0.146,0.000,0.000,0.000,0.000,0.000,0.000,0.000,0.000,0.000,0.000]
  Iter 108: LB=-114.693093  UB=38.334136  gap=3.99e+00
  Cut: intercept=-1080.845052, π_x_range=[-829.6067, 582.6711]

=== True-DRO Benders iter 109 ===
  OMP: t₀=-113.175937, UB=38.334136, gap=3.95e+00, x=[0, 0, 0, 0, 0, 0, 0, 0, 0, 0, 0, 0, 1, 0, 0, 0, 0, 0, 0, 0, 0, 0, 0, 1, 0, 0, 0, 0, 0, 0, 0, 0, 0, 0, 0, 0, 0, 0, 0, 0, 0, 0, 0, 0, 0, 0, 0] (1.683s)
  Sub: Z₀=42.436611 [LOCAL] (0.5s), α=[0.000,0.000,0.000,0.000,0.000,0.000,0.000,0.000,0.000,0.000,0.000,0.000,0.000,0.000,0.000,0.000,0.000,0.000,0.000,0.000,0.000,0.000,3.721,4.041,2.363,0.000,0.000,0.000,0.000,0.000,0.000,0.000,0.000,0.000,0.000,0.000,0.125,0.000,0.000,0.000,0.000,0.000,0.000,0.000,0.000,0.000,0.000]
  Iter 109: LB=-113.175937  UB=38.334136  gap=3.95e+00
  Cut: intercept=-1106.289201, π_x_range=[-829.1743, 577.4589]

=== True-DRO Benders iter 110 ===
  OMP: t₀=-113.158923, UB=38.334136, gap=3.95e+00, x=[0, 0, 0, 0, 0, 0, 0, 0, 0, 0, 0, 0, 0, 0, 0, 0, 0, 0, 0, 0, 0, 0, 0, 0, 0, 0, 1, 0, 0, 0, 0, 0, 0, 1, 0, 0, 0, 0, 0, 0, 0, 0, 0, 0, 0, 0, 0] (1.671s)
  Sub: Z₀=44.530093 [TIME_LIMIT] (15.8s), α=[0.000,0.000,0.000,0.000,0.000,0.000,0.000,0.000,0.000,0.000,0.000,0.000,0.000,0.000,0.000,0.000,0.000,0.000,0.000,0.000,0.000,0.000,0.000,0.000,7.303,0.000,0.000,0.000,0.907,0.000,0.000,0.000,0.000,0.000,0.925,0.472,0.642,0.000,0.000,0.000,0.000,0.000,0.000,0.000,0.000,0.000,0.000]
  Iter 110: LB=-113.158923  UB=38.334136  gap=3.95e+00
  Cut: intercept=-69.536234, π_x_range=[-280.0000, 58.0830]

=== True-DRO Benders iter 111 ===
  OMP: t₀=-113.010634, UB=38.334136, gap=3.95e+00, x=[0, 0, 0, 0, 0, 0, 0, 0, 0, 0, 0, 0, 0, 0, 0, 0, 0, 0, 0, 0, 0, 0, 0, 0, 0, 0, 0, 0, 1, 0, 0, 0, 0, 0, 1, 0, 0, 0, 0, 0, 0, 0, 0, 0, 0, 0, 0] (1.861s)
  Sub: Z₀=43.199438 [LOCAL] (0.6s), α=[0.000,0.000,0.000,0.000,0.000,0.000,0.000,0.000,0.000,0.000,0.000,0.000,0.000,0.000,0.000,0.000,0.000,0.000,0.000,0.000,0.000,0.000,0.278,0.109,1.594,0.000,0.000,0.000,4.229,0.000,0.000,0.184,0.000,0.000,3.735,0.068,0.052,0.000,0.000,0.000,0.000,0.000,0.000,0.000,0.000,0.000,0.000]
  Iter 111: LB=-113.010634  UB=38.334136  gap=3.95e+00
  Cut: intercept=-1146.252831, π_x_range=[-829.4010, 597.4232]

=== True-DRO Benders iter 112 ===
  OMP: t₀=-112.906301, UB=38.334136, gap=3.95e+00, x=[0, 0, 0, 0, 0, 0, 0, 0, 0, 0, 0, 0, 0, 0, 0, 0, 0, 0, 0, 0, 0, 0, 0, 0, 0, 0, 0, 0, 0, 0, 0, 0, 0, 1, 1, 0, 0, 0, 0, 0, 0, 0, 0, 0, 0, 0, 0] (1.817s)
  Sub: Z₀=44.344661 [LOCAL] (0.5s), α=[0.000,0.000,0.000,0.000,0.000,0.000,0.000,0.000,0.000,0.000,0.000,0.000,0.000,0.000,0.000,0.000,0.000,0.000,0.000,0.000,0.000,0.000,0.000,0.000,3.404,0.000,0.000,0.000,0.907,0.000,0.000,0.228,0.000,0.000,5.551,0.086,0.073,0.000,0.000,0.000,0.000,0.000,0.000,0.000,0.000,0.000,0.000]
  Iter 112: LB=-112.906301  UB=38.334136  gap=3.95e+00
  Cut: intercept=-1116.143489, π_x_range=[-831.0786, 591.0034]

=== True-DRO Benders iter 113 ===
  OMP: t₀=-111.336440, UB=38.334136, gap=3.90e+00, x=[0, 0, 0, 0, 0, 0, 0, 0, 0, 0, 0, 0, 1, 0, 0, 0, 0, 0, 0, 0, 0, 0, 0, 0, 0, 0, 0, 0, 0, 0, 0, 0, 0, 0, 1, 0, 0, 0, 0, 0, 0, 0, 0, 0, 0, 0, 0] (2.007s)
  Sub: Z₀=43.622750 [LOCAL] (0.6s), α=[0.000,0.000,0.000,0.000,0.000,0.000,0.000,0.000,0.000,0.000,0.000,0.000,0.000,0.000,0.000,0.000,0.000,0.000,0.000,0.000,0.000,0.000,0.490,0.134,1.898,0.000,0.000,0.000,3.368,0.000,0.000,0.192,0.000,0.000,4.041,0.075,0.051,0.000,0.000,0.000,0.000,0.000,0.000,0.000,0.000,0.000,0.000]
  Iter 113: LB=-111.336440  UB=38.334136  gap=3.90e+00
  Cut: intercept=-1118.867217, π_x_range=[-829.5482, 592.0048]

=== True-DRO Benders iter 114 ===
  OMP: t₀=-109.671349, UB=38.334136, gap=3.86e+00, x=[0, 0, 0, 0, 0, 0, 0, 0, 0, 0, 0, 1, 0, 0, 0, 0, 0, 0, 0, 0, 0, 0, 1, 0, 0, 0, 0, 0, 0, 0, 0, 0, 0, 0, 0, 0, 0, 0, 0, 0, 0, 0, 0, 0, 0, 0, 0] (1.991s)
  Sub: Z₀=43.587789 [LOCAL] (5.6s), α=[0.000,0.000,0.000,0.000,0.000,0.000,0.000,0.000,0.000,0.000,0.000,0.000,0.000,0.000,0.000,0.000,0.000,0.000,0.000,0.000,0.000,0.000,3.552,0.000,3.618,0.000,0.000,0.000,0.000,0.000,0.000,0.000,0.000,0.000,0.000,0.567,2.513,0.000,0.000,0.000,0.000,0.000,0.000,0.000,0.000,0.000,0.000]
  Iter 114: LB=-109.671349  UB=38.334136  gap=3.86e+00
  Cut: intercept=-1118.464637, π_x_range=[-830.3326, 581.0263]

=== True-DRO Benders iter 115 ===
  OMP: t₀=-109.667283, UB=38.334136, gap=3.86e+00, x=[0, 0, 0, 0, 0, 0, 0, 0, 0, 0, 0, 0, 0, 1, 0, 0, 0, 0, 0, 0, 0, 0, 0, 0, 0, 0, 0, 0, 0, 0, 0, 1, 0, 0, 0, 0, 0, 0, 0, 0, 0, 0, 0, 0, 0, 0, 0] (2.029s)
  Sub: Z₀=46.461609 [TIME_LIMIT] (16.1s), α=[0.000,0.000,0.000,0.000,0.000,0.000,0.000,0.000,0.000,0.000,0.000,0.000,0.000,0.000,0.000,0.000,0.000,0.000,0.000,0.000,0.000,0.000,0.000,0.000,5.724,0.000,0.000,0.000,0.907,0.000,0.000,3.618,0.000,0.000,0.000,0.000,0.000,0.000,0.000,0.000,0.000,0.000,0.000,0.000,0.000,0.000,0.000]
  Iter 115: LB=-109.667283  UB=38.334136  gap=3.86e+00
  Cut: intercept=-44.253111, π_x_range=[-265.0000, 58.5071]

=== True-DRO Benders iter 116 ===
  OMP: t₀=-109.307712, UB=38.334136, gap=3.85e+00, x=[0, 0, 0, 0, 0, 0, 0, 0, 0, 0, 0, 0, 0, 0, 1, 0, 0, 0, 0, 0, 0, 0, 0, 1, 0, 0, 0, 0, 0, 0, 0, 0, 0, 0, 0, 0, 0, 0, 0, 0, 0, 0, 0, 0, 0, 0, 0] (1.888s)
  Sub: Z₀=41.586083 [LOCAL] (0.6s), α=[0.000,0.000,0.000,0.000,0.000,0.000,0.000,0.000,0.000,0.000,0.000,0.000,0.000,0.000,0.000,0.000,0.000,0.000,0.000,0.000,0.000,0.000,3.657,4.039,2.396,0.000,0.000,0.000,0.000,0.000,0.000,0.000,0.000,0.000,0.000,0.000,0.157,0.000,0.000,0.000,0.000,0.000,0.000,0.000,0.000,0.000,0.000]
  Iter 116: LB=-109.307712  UB=38.334136  gap=3.85e+00
  Cut: intercept=-1122.589933, π_x_range=[-827.2593, 591.0430]

=== True-DRO Benders iter 117 ===
  OMP: t₀=-109.279742, UB=38.334136, gap=3.85e+00, x=[0, 0, 0, 0, 0, 0, 0, 0, 0, 0, 0, 0, 0, 0, 1, 0, 0, 0, 0, 0, 0, 0, 0, 0, 0, 0, 0, 0, 0, 0, 0, 0, 1, 0, 0, 0, 0, 0, 0, 0, 0, 0, 0, 0, 0, 0, 0] (1.962s)
  Sub: Z₀=45.065907 [LOCAL] (0.5s), α=[0.000,0.000,0.000,0.000,0.000,0.000,0.000,0.000,0.000,0.000,0.000,0.000,0.000,0.000,0.000,0.000,0.000,0.000,0.000,0.000,0.000,0.000,0.000,0.000,2.878,0.000,0.000,0.000,5.078,0.000,0.000,0.000,0.000,0.000,0.000,0.216,2.077,0.000,0.000,0.000,0.000,0.000,0.000,0.000,0.000,0.000,0.000]
  Iter 117: LB=-109.279742  UB=38.334136  gap=3.85e+00
  Cut: intercept=-1137.842501, π_x_range=[-825.4891, 593.6546]

=== True-DRO Benders iter 118 ===
  OMP: t₀=-108.997157, UB=38.334136, gap=3.84e+00, x=[0, 0, 0, 0, 0, 0, 0, 0, 0, 0, 0, 0, 0, 0, 0, 0, 1, 0, 0, 0, 0, 0, 0, 0, 0, 0, 0, 0, 0, 0, 0, 1, 0, 0, 0, 0, 0, 0, 0, 0, 0, 0, 0, 0, 0, 0, 0] (2.061s)
  Sub: Z₀=46.010884 [LOCAL] (0.5s), α=[0.000,0.000,0.000,0.000,0.000,0.000,0.000,0.000,0.000,0.000,0.000,0.000,0.000,0.000,0.000,0.000,0.000,0.000,0.000,0.000,0.000,0.000,0.000,0.000,5.866,0.000,0.000,0.000,0.960,0.000,0.000,3.422,0.000,0.000,0.000,0.000,0.000,0.000,0.000,0.000,0.000,0.000,0.000,0.000,0.000,0.000,0.000]
  Iter 118: LB=-108.997157  UB=38.334136  gap=3.84e+00
  Cut: intercept=-1067.401673, π_x_range=[-830.8620, 567.1296]

=== True-DRO Benders iter 119 ===
  OMP: t₀=-108.997149, UB=38.334136, gap=3.84e+00, x=[0, 0, 0, 0, 0, 0, 0, 0, 0, 0, 0, 0, 0, 0, 0, 0, 0, 1, 0, 0, 0, 0, 0, 0, 0, 0, 0, 0, 0, 0, 0, 1, 0, 0, 0, 0, 0, 0, 0, 0, 0, 0, 0, 0, 0, 0, 0] (2.046s)
  Sub: Z₀=46.010884 [LOCAL] (0.4s), α=[0.000,0.000,0.000,0.000,0.000,0.000,0.000,0.000,0.000,0.000,0.000,0.000,0.000,0.000,0.000,0.000,0.000,0.000,0.000,0.000,0.000,0.000,0.000,0.000,5.871,0.000,0.000,0.000,0.960,0.000,0.000,3.418,0.000,0.000,0.000,0.000,0.000,0.000,0.000,0.000,0.000,0.000,0.000,0.000,0.000,0.000,0.000]
  Iter 119: LB=-108.997149  UB=38.334136  gap=3.84e+00
  Cut: intercept=-1097.776757, π_x_range=[-830.8793, 576.7130]

=== True-DRO Benders iter 120 ===
  OMP: t₀=-107.745998, UB=38.334136, gap=3.81e+00, x=[0, 0, 0, 0, 0, 0, 0, 0, 0, 0, 0, 0, 0, 0, 0, 0, 0, 0, 1, 0, 0, 0, 0, 0, 0, 0, 0, 0, 0, 0, 0, 1, 0, 0, 0, 0, 0, 0, 0, 0, 0, 0, 0, 0, 0, 0, 0] (2.311s)
  Sub: Z₀=46.461609 [TIME_LIMIT] (15.9s), α=[0.000,0.000,0.000,0.000,0.000,0.000,0.000,0.000,0.000,0.000,0.000,0.000,0.000,0.000,0.000,0.000,0.000,0.000,0.000,0.000,0.000,0.000,0.000,0.000,5.777,0.000,0.000,0.000,0.907,0.000,0.000,3.566,0.000,0.000,0.000,0.000,0.000,0.000,0.000,0.000,0.000,0.000,0.000,0.000,0.000,0.000,0.000]
  Iter 120: LB=-107.745998  UB=38.334136  gap=3.81e+00
  Cut: intercept=-39.923861, π_x_range=[-265.0000, 58.5992]

=== True-DRO Benders iter 121 ===
  OMP: t₀=-107.738402, UB=38.334136, gap=3.81e+00, x=[0, 0, 0, 0, 0, 0, 0, 0, 0, 0, 0, 0, 0, 0, 0, 0, 0, 0, 0, 0, 0, 0, 0, 0, 0, 0, 0, 0, 0, 0, 1, 0, 1, 0, 0, 0, 0, 0, 0, 0, 0, 0, 0, 0, 0, 0, 0] (2.373s)
  Sub: Z₀=40.105753 [LOCAL] (0.5s), α=[0.000,0.000,0.000,0.000,0.000,0.000,0.000,0.000,0.000,0.000,0.000,0.000,0.000,0.000,0.000,0.000,0.000,0.000,0.000,0.000,0.000,0.000,0.000,0.000,5.304,0.000,0.000,0.000,3.135,0.000,1.810,0.000,0.000,0.000,0.000,0.000,0.000,0.000,0.000,0.000,0.000,0.000,0.000,0.000,0.000,0.000,0.000]
  Iter 121: LB=-107.738402  UB=38.334136  gap=3.81e+00
  Cut: intercept=-1135.005753, π_x_range=[-827.0128, 593.8237]

=== True-DRO Benders iter 122 ===
  OMP: t₀=-106.835917, UB=38.334136, gap=3.79e+00, x=[0, 0, 0, 0, 0, 0, 0, 0, 0, 0, 0, 0, 0, 0, 0, 0, 0, 0, 1, 0, 0, 0, 0, 1, 0, 0, 0, 0, 0, 0, 0, 0, 0, 0, 0, 0, 0, 0, 0, 0, 0, 0, 0, 0, 0, 0, 0] (2.122s)
  Sub: Z₀=42.436611 [LOCAL] (0.6s), α=[0.000,0.000,0.000,0.000,0.000,0.000,0.000,0.000,0.000,0.000,0.000,0.000,0.000,0.000,0.000,0.000,0.000,0.000,0.000,0.000,0.000,0.000,3.722,4.040,2.363,0.000,0.000,0.000,0.000,0.000,0.000,0.000,0.000,0.000,0.000,0.000,0.125,0.000,0.000,0.000,0.000,0.000,0.000,0.000,0.000,0.000,0.000]
  Iter 122: LB=-106.835917  UB=38.334136  gap=3.79e+00
  Cut: intercept=-1122.826300, π_x_range=[-829.1697, 587.8011]

=== True-DRO Benders iter 123 ===
  OMP: t₀=-106.835899, UB=38.334136, gap=3.79e+00, x=[0, 0, 0, 0, 0, 0, 0, 0, 0, 1, 0, 0, 0, 0, 0, 0, 0, 0, 0, 0, 0, 0, 0, 1, 0, 0, 0, 0, 0, 0, 0, 0, 0, 0, 0, 0, 0, 0, 0, 0, 0, 0, 0, 0, 0, 0, 0] (2.592s)
  Sub: Z₀=42.349430 [LOCAL] (0.6s), α=[0.000,0.000,0.000,0.000,0.000,0.000,0.000,0.000,0.000,0.000,0.000,0.000,0.000,0.000,0.000,0.000,0.000,0.000,0.000,0.000,0.000,0.000,0.319,7.442,2.363,0.000,0.000,0.000,0.000,0.000,0.000,0.000,0.000,0.000,0.000,0.000,0.125,0.000,0.000,0.000,0.000,0.000,0.000,0.000,0.000,0.000,0.000]
  Iter 123: LB=-106.835899  UB=38.334136  gap=3.79e+00
  Cut: intercept=-1081.161912, π_x_range=[-828.8462, 576.5694]

=== True-DRO Benders iter 124 ===
  OMP: t₀=-106.835878, UB=38.334136, gap=3.79e+00, x=[0, 0, 0, 0, 0, 0, 0, 0, 0, 0, 0, 0, 0, 0, 0, 0, 1, 0, 0, 0, 0, 0, 0, 1, 0, 0, 0, 0, 0, 0, 0, 0, 0, 0, 0, 0, 0, 0, 0, 0, 0, 0, 0, 0, 0, 0, 0] (1.853s)
  Sub: Z₀=42.318758 [LOCAL] (0.5s), α=[0.000,0.000,0.000,0.000,0.000,0.000,0.000,0.000,0.000,0.000,0.000,0.000,0.000,0.000,0.000,0.000,0.000,0.000,0.000,0.000,0.000,0.000,3.830,3.931,2.363,0.000,0.000,0.000,0.000,0.000,0.000,0.000,0.000,0.000,0.000,0.000,0.125,0.000,0.000,0.000,0.000,0.000,0.000,0.000,0.000,0.000,0.000]
  Iter 124: LB=-106.835878  UB=38.334136  gap=3.79e+00
  Cut: intercept=-1075.765393, π_x_range=[-828.6608, 577.0276]

=== True-DRO Benders iter 125 ===
  OMP: t₀=-106.835870, UB=38.334136, gap=3.79e+00, x=[0, 0, 0, 0, 0, 0, 0, 0, 0, 0, 0, 0, 0, 0, 0, 0, 0, 1, 0, 0, 0, 0, 0, 1, 0, 0, 0, 0, 0, 0, 0, 0, 0, 0, 0, 0, 0, 0, 0, 0, 0, 0, 0, 0, 0, 0, 0] (1.968s)
  Sub: Z₀=42.788142 [TIME_LIMIT] (16.0s), α=[0.000,0.000,0.000,0.000,0.000,0.000,0.000,0.000,0.000,0.000,0.000,0.000,0.000,0.000,0.000,0.000,0.000,0.000,0.000,0.000,0.000,0.000,3.119,4.643,2.363,0.000,0.000,0.000,0.000,0.000,0.000,0.000,0.000,0.000,0.000,0.000,0.125,0.000,0.000,0.000,0.000,0.000,0.000,0.000,0.000,0.000,0.000]
  Iter 125: LB=-106.835870  UB=38.334136  gap=3.79e+00
  Cut: intercept=-96.073695, π_x_range=[-289.0000, 84.6981]

=== True-DRO Benders iter 126 ===
  OMP: t₀=-106.646206, UB=38.334136, gap=3.78e+00, x=[0, 0, 0, 0, 0, 0, 0, 0, 0, 0, 0, 0, 0, 0, 0, 0, 0, 0, 1, 0, 0, 0, 0, 0, 0, 0, 0, 0, 0, 0, 0, 0, 1, 0, 0, 0, 0, 0, 0, 0, 0, 0, 0, 0, 0, 0, 0] (1.918s)
  Sub: Z₀=45.185140 [LOCAL] (0.5s), α=[0.000,0.000,0.000,0.000,0.000,0.000,0.000,0.000,0.000,0.000,0.000,0.000,0.000,0.000,0.000,0.000,0.000,0.000,0.000,0.000,0.000,0.000,0.000,0.000,2.929,0.000,0.000,0.000,5.078,0.000,0.000,0.000,0.000,0.000,0.000,0.216,2.026,0.000,0.000,0.000,0.000,0.000,0.000,0.000,0.000,0.000,0.000]
  Iter 126: LB=-106.646206  UB=38.334136  gap=3.78e+00
  Cut: intercept=-1137.335023, π_x_range=[-825.5498, 593.5889]

=== True-DRO Benders iter 127 ===
  OMP: t₀=-105.666508, UB=38.334136, gap=3.76e+00, x=[0, 0, 0, 0, 0, 0, 0, 0, 0, 0, 0, 0, 0, 1, 0, 0, 0, 0, 0, 0, 0, 0, 0, 0, 0, 0, 0, 0, 0, 0, 0, 0, 0, 0, 1, 0, 0, 0, 0, 0, 0, 0, 0, 0, 0, 0, 0] (2.171s)
  Sub: Z₀=43.622750 [LOCAL] (0.7s), α=[0.000,0.000,0.000,0.000,0.000,0.000,0.000,0.000,0.000,0.000,0.000,0.000,0.000,0.000,0.000,0.000,0.000,0.000,0.000,0.000,0.000,0.000,0.418,0.126,1.973,0.000,0.000,0.000,3.288,0.000,0.000,0.196,0.000,0.000,4.116,0.073,0.058,0.000,0.000,0.000,0.000,0.000,0.000,0.000,0.000,0.000,0.000]
  Iter 127: LB=-105.666508  UB=38.334136  gap=3.76e+00
  Cut: intercept=-1141.531958, π_x_range=[-829.6221, 593.1538]

=== True-DRO Benders iter 128 ===
  OMP: t₀=-105.349563, UB=38.334136, gap=3.75e+00, x=[0, 0, 0, 0, 0, 0, 0, 0, 0, 0, 0, 0, 0, 0, 0, 0, 0, 0, 0, 0, 0, 0, 1, 0, 0, 0, 0, 0, 0, 0, 0, 0, 0, 0, 0, 1, 0, 0, 0, 0, 0, 0, 0, 0, 0, 0, 0] (2.215s)
  Sub: Z₀=43.436174 [LOCAL] (1.3s), α=[0.000,0.000,0.000,0.000,0.000,0.000,0.000,0.000,0.000,0.000,0.000,0.000,0.000,0.000,0.000,0.000,0.000,0.000,0.000,0.000,0.000,0.000,0.001,0.000,1.536,0.000,0.000,0.000,0.000,0.000,0.000,0.000,0.000,0.000,0.000,3.434,5.278,0.000,0.000,0.000,0.000,0.000,0.000,0.000,0.000,0.000,0.000]
  Iter 128: LB=-105.349563  UB=38.334136  gap=3.75e+00
  Cut: intercept=-1129.703345, π_x_range=[-833.1447, 588.7595]

=== True-DRO Benders iter 129 ===
  OMP: t₀=-105.249004, UB=38.334136, gap=3.75e+00, x=[0, 0, 0, 0, 0, 0, 0, 0, 0, 0, 0, 0, 0, 0, 0, 0, 1, 0, 0, 0, 0, 0, 0, 0, 0, 0, 1, 0, 0, 0, 0, 0, 0, 0, 0, 0, 0, 0, 0, 0, 0, 0, 0, 0, 0, 0, 0] (2.250s)
  Sub: Z₀=43.811079 [LOCAL] (0.4s), α=[0.000,0.000,0.000,0.000,0.000,0.000,0.000,0.000,0.000,0.000,0.000,0.000,0.000,0.000,0.000,0.000,0.000,0.000,0.000,0.000,0.000,0.000,0.000,0.000,6.180,0.000,0.000,0.031,4.038,0.000,0.000,0.000,0.000,0.000,0.000,0.000,0.000,0.000,0.000,0.000,0.000,0.000,0.000,0.000,0.000,0.000,0.000]
  Iter 129: LB=-105.249004  UB=38.334136  gap=3.75e+00
  Cut: intercept=-1082.632173, π_x_range=[-829.9808, 583.5372]

=== True-DRO Benders iter 130 ===
  OMP: t₀=-105.248996, UB=38.334136, gap=3.75e+00, x=[0, 0, 0, 0, 0, 0, 0, 0, 0, 0, 0, 0, 0, 0, 0, 0, 0, 1, 0, 0, 0, 0, 0, 0, 0, 0, 1, 0, 0, 0, 0, 0, 0, 0, 0, 0, 0, 0, 0, 0, 0, 0, 0, 0, 0, 0, 0] (2.300s)
  Sub: Z₀=44.463471 [TIME_LIMIT] (15.7s), α=[0.000,0.000,0.000,0.000,0.000,0.000,0.000,0.000,0.000,0.000,0.000,0.000,0.000,0.000,0.000,0.000,0.000,0.000,0.000,0.000,0.000,0.000,0.382,0.313,5.554,0.134,0.000,0.001,3.440,0.000,0.000,0.000,0.000,0.000,0.338,0.000,0.086,0.000,0.000,0.000,0.000,0.000,0.000,0.000,0.000,0.000,0.000]
  Iter 130: LB=-105.248996  UB=38.334136  gap=3.75e+00
  Cut: intercept=-99.764196, π_x_range=[-264.9997, 72.5020]

=== True-DRO Benders iter 131 ===
  OMP: t₀=-105.228321, UB=38.334136, gap=3.75e+00, x=[0, 0, 0, 0, 0, 0, 0, 0, 0, 0, 0, 1, 0, 0, 0, 0, 0, 0, 0, 0, 0, 0, 0, 1, 0, 0, 0, 0, 0, 0, 0, 0, 0, 0, 0, 0, 0, 0, 0, 0, 0, 0, 0, 0, 0, 0, 0] (2.216s)
  Sub: Z₀=42.390432 [LOCAL] (0.6s), α=[0.000,0.000,0.000,0.000,0.000,0.000,0.000,0.000,0.000,0.000,0.000,0.000,0.000,0.000,0.000,0.000,0.000,0.000,0.000,0.000,0.000,0.000,3.721,4.040,2.363,0.000,0.000,0.000,0.000,0.000,0.000,0.000,0.000,0.000,0.000,0.000,0.125,0.000,0.000,0.000,0.000,0.000,0.000,0.000,0.000,0.000,0.000]
  Iter 131: LB=-105.228321  UB=38.334136  gap=3.75e+00
  Cut: intercept=-1120.579907, π_x_range=[-829.1812, 585.5287]

=== True-DRO Benders iter 132 ===
  OMP: t₀=-105.132091, UB=38.334136, gap=3.74e+00, x=[0, 0, 0, 0, 0, 0, 0, 0, 0, 0, 0, 1, 0, 0, 0, 0, 0, 0, 0, 0, 0, 0, 0, 0, 0, 0, 0, 0, 0, 0, 0, 0, 0, 0, 1, 0, 0, 0, 0, 0, 0, 0, 0, 0, 0, 0, 0] (2.350s)
  Sub: Z₀=42.173251 [LOCAL] (0.5s), α=[0.000,0.000,0.000,0.000,0.000,0.000,0.000,0.000,0.000,0.000,0.000,0.000,0.000,0.000,0.000,0.000,0.000,0.000,0.000,0.000,0.000,0.000,0.048,0.039,0.497,0.000,0.000,0.038,5.120,0.000,0.000,0.000,0.000,0.000,2.871,0.670,0.966,0.000,0.000,0.000,0.000,0.000,0.000,0.000,0.000,0.000,0.000]
  Iter 132: LB=-105.132091  UB=38.334136  gap=3.74e+00
  Cut: intercept=-1129.021323, π_x_range=[-829.3555, 586.6984]

=== True-DRO Benders iter 133 ===
  OMP: t₀=-104.996420, UB=38.334136, gap=3.74e+00, x=[0, 0, 0, 0, 0, 0, 0, 0, 0, 0, 0, 0, 0, 0, 0, 0, 0, 0, 1, 0, 0, 0, 0, 0, 0, 0, 0, 0, 0, 0, 0, 0, 0, 0, 1, 0, 0, 0, 0, 0, 0, 0, 0, 0, 0, 0, 0] (2.287s)
  Sub: Z₀=43.622750 [LOCAL] (0.7s), α=[0.000,0.000,0.000,0.000,0.000,0.000,0.000,0.000,0.000,0.000,0.000,0.000,0.000,0.000,0.000,0.000,0.000,0.000,0.000,0.000,0.000,0.000,0.422,0.127,1.976,0.000,0.000,0.000,3.294,0.000,0.000,0.189,0.000,0.000,4.119,0.069,0.055,0.000,0.000,0.000,0.000,0.000,0.000,0.000,0.000,0.000,0.000]
  Iter 133: LB=-104.996420  UB=38.334136  gap=3.74e+00
  Cut: intercept=-1138.679344, π_x_range=[-829.6080, 592.0005]

=== True-DRO Benders iter 134 ===
  OMP: t₀=-104.996382, UB=38.334136, gap=3.74e+00, x=[0, 0, 0, 0, 0, 0, 0, 0, 0, 0, 0, 0, 0, 0, 0, 0, 1, 0, 0, 0, 0, 0, 0, 0, 0, 0, 0, 0, 0, 0, 0, 0, 0, 0, 1, 0, 0, 0, 0, 0, 0, 0, 0, 0, 0, 0, 0] (2.303s)
  Sub: Z₀=41.716005 [LOCAL] (0.6s), α=[0.000,0.000,0.000,0.000,0.000,0.000,0.000,0.000,0.000,0.000,0.000,0.000,0.000,0.000,0.000,0.000,0.000,0.000,0.000,0.000,0.000,0.000,0.000,0.000,0.000,0.000,0.000,0.040,5.033,0.000,0.000,0.000,0.000,0.000,2.343,1.147,1.687,0.000,0.000,0.000,0.000,0.000,0.000,0.000,0.000,0.000,0.000]
  Iter 134: LB=-104.996382  UB=38.334136  gap=3.74e+00
  Cut: intercept=-1083.659311, π_x_range=[-829.5787, 582.7368]

=== True-DRO Benders iter 135 ===
  OMP: t₀=-104.996374, UB=38.334136, gap=3.74e+00, x=[0, 0, 0, 0, 0, 0, 0, 0, 0, 0, 0, 0, 0, 0, 0, 0, 0, 1, 0, 0, 0, 0, 0, 0, 0, 0, 0, 0, 0, 0, 0, 0, 0, 0, 1, 0, 0, 0, 0, 0, 0, 0, 0, 0, 0, 0, 0] (2.220s)
  Sub: Z₀=43.945444 [TIME_LIMIT] (16.0s), α=[0.000,0.000,0.000,0.000,0.000,0.000,0.000,0.000,0.000,0.000,0.000,0.000,0.000,0.000,0.000,0.000,0.000,0.000,0.000,0.000,0.000,0.000,0.614,0.210,1.566,0.000,0.000,0.000,3.568,0.000,0.000,0.324,0.000,0.000,3.656,0.234,0.077,0.000,0.000,0.000,0.000,0.000,0.000,0.000,0.000,0.000,0.000]
  Iter 135: LB=-104.996374  UB=38.334136  gap=3.74e+00
  Cut: intercept=-78.060496, π_x_range=[-284.0000, 72.5002]

=== True-DRO Benders iter 136 ===
  OMP: t₀=-104.974865, UB=38.334136, gap=3.74e+00, x=[0, 0, 0, 0, 0, 0, 0, 0, 0, 0, 1, 0, 0, 0, 0, 0, 0, 0, 0, 0, 0, 0, 1, 0, 0, 0, 0, 0, 0, 0, 0, 0, 0, 0, 0, 0, 0, 0, 0, 0, 0, 0, 0, 0, 0, 0, 0] (2.175s)
  Sub: Z₀=39.540745 [LOCAL] (0.5s), α=[0.000,0.000,0.000,0.000,0.000,0.000,0.000,0.000,0.000,0.000,0.000,0.000,0.000,0.000,0.000,0.000,0.000,0.000,0.000,0.000,0.000,0.000,5.204,0.000,0.000,0.000,0.000,0.000,5.046,0.000,0.000,0.000,0.000,0.000,0.000,0.000,0.000,0.000,0.000,0.000,0.000,0.000,0.000,0.000,0.000,0.000,0.000]
  Iter 136: LB=-104.974865  UB=38.334136  gap=3.74e+00
  Cut: intercept=-1113.042239, π_x_range=[-822.4413, 597.9611]

=== True-DRO Benders iter 137 ===
  OMP: t₀=-103.649985, UB=38.334136, gap=3.70e+00, x=[0, 0, 0, 0, 0, 0, 0, 0, 0, 0, 0, 0, 0, 0, 1, 0, 0, 0, 0, 0, 0, 0, 0, 0, 0, 0, 1, 0, 0, 0, 0, 0, 0, 0, 0, 0, 0, 0, 0, 0, 0, 0, 0, 0, 0, 0, 0] (2.377s)
  Sub: Z₀=44.129038 [LOCAL] (0.5s), α=[0.000,0.000,0.000,0.000,0.000,0.000,0.000,0.000,0.000,0.000,0.000,0.000,0.000,0.000,0.000,0.000,0.000,0.000,0.000,0.000,0.000,0.000,0.000,0.000,4.929,0.249,0.000,0.039,5.032,0.000,0.000,0.000,0.000,0.000,0.000,0.000,0.000,0.000,0.000,0.000,0.000,0.000,0.000,0.000,0.000,0.000,0.000]
  Iter 137: LB=-103.649985  UB=38.334136  gap=3.70e+00
  Cut: intercept=-1135.731351, π_x_range=[-829.5293, 595.1120]

=== True-DRO Benders iter 138 ===
  OMP: t₀=-102.649985, UB=38.334136, gap=3.68e+00, x=[0, 0, 0, 0, 0, 0, 0, 0, 0, 0, 0, 1, 0, 0, 0, 0, 0, 0, 0, 0, 0, 0, 0, 0, 0, 0, 1, 0, 0, 0, 0, 0, 0, 0, 0, 0, 0, 0, 0, 0, 0, 0, 0, 0, 0, 0, 0] (2.200s)
  Sub: Z₀=44.129038 [LOCAL] (0.5s), α=[0.000,0.000,0.000,0.000,0.000,0.000,0.000,0.000,0.000,0.000,0.000,0.000,0.000,0.000,0.000,0.000,0.000,0.000,0.000,0.000,0.000,0.000,0.000,0.000,5.178,0.000,0.000,0.039,5.032,0.000,0.000,0.000,0.000,0.000,0.000,0.000,0.000,0.000,0.000,0.000,0.000,0.000,0.000,0.000,0.000,0.000,0.000]
  Iter 138: LB=-102.649985  UB=38.334136  gap=3.68e+00
  Cut: intercept=-1127.500056, π_x_range=[-829.6566, 586.6221]

=== True-DRO Benders iter 139 ===
  OMP: t₀=-102.649985, UB=38.334136, gap=3.68e+00, x=[0, 0, 0, 0, 0, 0, 0, 0, 0, 0, 0, 0, 0, 0, 0, 0, 0, 0, 1, 0, 0, 0, 0, 0, 0, 0, 1, 0, 0, 0, 0, 0, 0, 0, 0, 0, 0, 0, 0, 0, 0, 0, 0, 0, 0, 0, 0] (2.283s)
  Sub: Z₀=44.122997 [LOCAL] (0.5s), α=[0.000,0.000,0.000,0.000,0.000,0.000,0.000,0.000,0.000,0.000,0.000,0.000,0.000,0.000,0.000,0.000,0.000,0.000,0.000,0.000,0.000,0.000,0.000,0.000,5.265,0.000,0.000,0.038,4.947,0.000,0.000,0.000,0.000,0.000,0.000,0.000,0.000,0.000,0.000,0.000,0.000,0.000,0.000,0.000,0.000,0.000,0.000]
  Iter 139: LB=-102.649985  UB=38.334136  gap=3.68e+00
  Cut: intercept=-1134.120099, π_x_range=[-829.6167, 593.5420]

=== True-DRO Benders iter 140 ===
  OMP: t₀=-101.955788, UB=38.334136, gap=3.66e+00, x=[0, 0, 0, 0, 0, 0, 0, 0, 0, 0, 0, 0, 0, 0, 0, 0, 0, 0, 0, 0, 0, 0, 1, 0, 0, 0, 0, 0, 0, 0, 0, 0, 1, 0, 0, 0, 0, 0, 0, 0, 0, 0, 0, 0, 0, 0, 0] (2.652s)
  Sub: Z₀=42.556664 [TIME_LIMIT] (16.0s), α=[0.000,0.000,0.000,0.000,0.000,0.000,0.000,0.000,0.000,0.000,0.000,0.000,0.000,0.000,0.000,0.000,0.000,0.000,0.000,0.000,0.000,0.000,0.000,0.000,3.588,0.000,0.000,0.000,3.611,0.000,0.000,0.000,0.000,0.000,0.000,0.597,2.453,0.000,0.000,0.000,0.000,0.000,0.000,0.000,0.000,0.000,0.000]
  Iter 140: LB=-101.955788  UB=38.334136  gap=3.66e+00
  Cut: intercept=-120.870176, π_x_range=[-264.0000, 125.5828]

=== True-DRO Benders iter 141 ===
  OMP: t₀=-100.279742, UB=38.334136, gap=3.62e+00, x=[0, 0, 0, 0, 0, 0, 0, 0, 0, 0, 0, 0, 0, 1, 0, 0, 0, 0, 0, 0, 0, 0, 0, 0, 0, 0, 0, 0, 0, 0, 0, 0, 1, 0, 0, 0, 0, 0, 0, 0, 0, 0, 0, 0, 0, 0, 0] (2.060s)
  Sub: Z₀=45.185140 [LOCAL] (0.4s), α=[0.000,0.000,0.000,0.000,0.000,0.000,0.000,0.000,0.000,0.000,0.000,0.000,0.000,0.000,0.000,0.000,0.000,0.000,0.000,0.000,0.000,0.000,0.000,0.000,2.929,0.000,0.000,0.000,5.078,0.000,0.000,0.000,0.000,0.000,0.000,0.224,2.018,0.000,0.000,0.000,0.000,0.000,0.000,0.000,0.000,0.000,0.000]
  Iter 141: LB=-100.279742  UB=38.334136  gap=3.62e+00
  Cut: intercept=-1136.927882, π_x_range=[-825.5764, 592.8415]

=== True-DRO Benders iter 142 ===
  OMP: t₀=-99.257842, UB=38.334136, gap=3.59e+00, x=[0, 0, 0, 0, 0, 0, 0, 0, 0, 0, 0, 0, 0, 0, 0, 0, 0, 0, 0, 0, 0, 0, 0, 0, 0, 0, 0, 0, 0, 0, 0, 0, 1, 0, 0, 1, 0, 0, 0, 0, 0, 0, 0, 0, 0, 0, 0] (2.080s)
  Sub: Z₀=41.382355 [LOCAL] (0.5s), α=[0.000,0.000,0.000,0.000,0.000,0.000,0.000,0.000,0.000,0.000,0.000,0.000,0.000,0.000,0.000,0.000,0.000,0.000,0.000,0.000,0.000,0.000,0.000,0.000,0.000,0.000,0.000,0.000,5.074,0.000,0.000,0.000,0.000,0.000,0.000,3.108,2.067,0.000,0.000,0.000,0.000,0.000,0.000,0.000,0.000,0.000,0.000]
  Iter 142: LB=-99.257842  UB=38.334136  gap=3.59e+00
  Cut: intercept=-1142.211670, π_x_range=[-825.7309, 593.4641]

=== True-DRO Benders iter 143 ===
  OMP: t₀=-98.167174, UB=38.334136, gap=3.56e+00, x=[0, 0, 0, 0, 0, 0, 0, 0, 0, 0, 0, 0, 0, 0, 0, 0, 0, 0, 0, 0, 0, 0, 1, 0, 1, 0, 0, 0, 0, 0, 0, 0, 0, 0, 0, 0, 0, 0, 0, 0, 0, 0, 0, 0, 0, 0, 0] (2.159s)
  Sub: Z₀=39.806008 [LOCAL] (0.6s), α=[0.000,0.000,0.000,0.000,0.000,0.000,0.000,0.000,0.000,0.000,0.000,0.000,0.000,0.000,0.000,0.000,0.000,0.000,0.000,0.000,0.000,0.000,0.000,0.000,8.230,0.000,0.000,0.000,1.862,0.000,0.000,0.000,0.000,0.000,0.000,0.000,0.157,0.000,0.000,0.000,0.000,0.000,0.000,0.000,0.000,0.000,0.000]
  Iter 143: LB=-98.167174  UB=38.334136  gap=3.56e+00
  Cut: intercept=-1133.710820, π_x_range=[-830.2242, 590.8239]

=== True-DRO Benders iter 144 ===
  OMP: t₀=-97.671350, UB=38.334136, gap=3.55e+00, x=[0, 0, 0, 0, 0, 0, 0, 0, 0, 0, 0, 0, 0, 1, 0, 0, 0, 0, 0, 0, 0, 0, 1, 0, 0, 0, 0, 0, 0, 0, 0, 0, 0, 0, 0, 0, 0, 0, 0, 0, 0, 0, 0, 0, 0, 0, 0] (2.040s)
  Sub: Z₀=43.587789 [LOCAL] (0.6s), α=[0.000,0.000,0.000,0.000,0.000,0.000,0.000,0.000,0.000,0.000,0.000,0.000,0.000,0.000,0.000,0.000,0.000,0.000,0.000,0.000,0.000,0.000,3.552,0.000,3.618,0.000,0.000,0.000,0.000,0.000,0.000,0.000,0.000,0.000,0.000,0.545,2.535,0.000,0.000,0.000,0.000,0.000,0.000,0.000,0.000,0.000,0.000]
  Iter 144: LB=-97.671350  UB=38.334136  gap=3.55e+00
  Cut: intercept=-1126.556903, π_x_range=[-830.5066, 589.4401]

=== True-DRO Benders iter 145 ===
  OMP: t₀=-97.671350, UB=38.334136, gap=3.55e+00, x=[0, 0, 0, 0, 0, 0, 0, 0, 0, 0, 0, 0, 0, 0, 0, 0, 0, 0, 1, 0, 0, 0, 1, 0, 0, 0, 0, 0, 0, 0, 0, 0, 0, 0, 0, 0, 0, 0, 0, 0, 0, 0, 0, 0, 0, 0, 0] (2.049s)
  Sub: Z₀=43.587789 [TIME_LIMIT] (16.1s), α=[0.000,0.000,0.000,0.000,0.000,0.000,0.000,0.000,0.000,0.000,0.000,0.000,0.000,0.000,0.000,0.000,0.000,0.000,0.000,0.000,0.000,0.000,3.957,0.000,3.213,0.000,0.000,0.000,0.405,0.000,0.000,0.000,0.000,0.000,0.000,0.409,2.265,0.000,0.000,0.000,0.000,0.000,0.000,0.000,0.000,0.000,0.000]
  Iter 145: LB=-97.671350  UB=38.334136  gap=3.55e+00
  Cut: intercept=-27.819094, π_x_range=[-254.0000, 48.4602]

=== True-DRO Benders iter 146 ===
  OMP: t₀=-97.646206, UB=38.334136, gap=3.55e+00, x=[0, 0, 0, 0, 0, 0, 0, 0, 0, 0, 0, 0, 0, 0, 0, 0, 0, 0, 0, 0, 0, 0, 0, 0, 0, 1, 0, 0, 0, 0, 0, 0, 1, 0, 0, 0, 0, 0, 0, 0, 0, 0, 0, 0, 0, 0, 0] (2.027s)
  Sub: Z₀=40.105753 [LOCAL] (0.5s), α=[0.000,0.000,0.000,0.000,0.000,0.000,0.000,0.000,0.000,0.000,0.000,0.000,0.000,0.000,0.000,0.000,0.000,0.000,0.000,0.000,0.000,0.000,0.000,0.000,6.316,0.799,0.000,0.000,3.135,0.000,0.000,0.000,0.000,0.000,0.000,0.000,0.000,0.000,0.000,0.000,0.000,0.000,0.000,0.000,0.000,0.000,0.000]
  Iter 146: LB=-97.646206  UB=38.334136  gap=3.55e+00
  Cut: intercept=-1143.839409, π_x_range=[-827.0134, 593.8235]

=== True-DRO Benders iter 147 ===
  OMP: t₀=-97.274272, UB=38.334136, gap=3.54e+00, x=[0, 0, 0, 0, 0, 0, 0, 0, 0, 0, 0, 0, 0, 0, 0, 1, 0, 0, 0, 0, 0, 0, 0, 0, 0, 0, 0, 0, 0, 0, 0, 0, 0, 0, 0, 0, 1, 0, 0, 0, 0, 0, 0, 0, 0, 0, 0] (2.095s)
  Sub: Z₀=42.130813 [LOCAL] (4.6s), α=[0.000,0.000,0.000,0.000,0.000,0.000,0.000,0.000,0.000,0.000,0.000,0.000,0.000,0.000,0.000,0.000,0.000,0.000,0.000,0.000,0.000,0.000,0.000,0.000,0.000,0.000,0.000,0.000,2.744,0.000,0.000,0.000,0.000,0.000,0.000,0.000,7.505,0.000,0.000,0.000,0.000,0.000,0.000,0.000,0.000,0.000,0.000]
  Iter 147: LB=-97.274272  UB=38.334136  gap=3.54e+00
  Cut: intercept=-1083.825483, π_x_range=[-830.0866, 583.8443]

=== True-DRO Benders iter 148 ===
  OMP: t₀=-96.671349, UB=38.334136, gap=3.52e+00, x=[0, 0, 0, 0, 0, 0, 0, 0, 0, 0, 0, 0, 0, 0, 0, 0, 0, 0, 0, 0, 0, 0, 1, 0, 0, 1, 0, 0, 0, 0, 0, 0, 0, 0, 0, 0, 0, 0, 0, 0, 0, 0, 0, 0, 0, 0, 0] (2.121s)
  Sub: Z₀=39.841062 [LOCAL] (0.5s), α=[0.000,0.000,0.000,0.000,0.000,0.000,0.000,0.000,0.000,0.000,0.000,0.000,0.000,0.000,0.000,0.000,0.000,0.000,0.000,0.000,0.000,0.000,3.303,0.000,6.436,0.510,0.000,0.000,0.000,0.000,0.000,0.000,0.000,0.000,0.000,0.000,0.000,0.000,0.000,0.000,0.000,0.000,0.000,0.000,0.000,0.000,0.000]
  Iter 148: LB=-96.671349  UB=38.334136  gap=3.52e+00
  Cut: intercept=-1136.065930, π_x_range=[-830.6904, 591.6269]

=== True-DRO Benders iter 149 ===
  OMP: t₀=-95.410612, UB=38.334136, gap=3.49e+00, x=[0, 0, 0, 0, 0, 0, 0, 0, 0, 0, 0, 0, 0, 1, 0, 0, 0, 0, 0, 0, 0, 0, 0, 1, 0, 0, 0, 0, 0, 0, 0, 0, 0, 0, 0, 0, 0, 0, 0, 0, 0, 0, 0, 0, 0, 0, 0] (2.597s)
  Sub: Z₀=42.436611 [LOCAL] (0.5s), α=[0.000,0.000,0.000,0.000,0.000,0.000,0.000,0.000,0.000,0.000,0.000,0.000,0.000,0.000,0.000,0.000,0.000,0.000,0.000,0.000,0.000,0.000,3.722,4.039,2.363,0.000,0.000,0.000,0.000,0.000,0.000,0.000,0.000,0.000,0.000,0.000,0.125,0.000,0.000,0.000,0.000,0.000,0.000,0.000,0.000,0.000,0.000]
  Iter 149: LB=-95.410612  UB=38.334136  gap=3.49e+00
  Cut: intercept=-1129.268461, π_x_range=[-829.1416, 594.2275]

=== True-DRO Benders iter 150 ===
  OMP: t₀=-95.410612, UB=38.334136, gap=3.49e+00, x=[0, 0, 0, 0, 0, 0, 0, 0, 0, 0, 0, 0, 0, 0, 0, 0, 0, 0, 0, 0, 0, 0, 0, 1, 0, 0, 0, 0, 1, 0, 0, 0, 0, 0, 0, 0, 0, 0, 0, 0, 0, 0, 0, 0, 0, 0, 0] (2.378s)
  Sub: Z₀=42.757116 [TIME_LIMIT] (16.0s), α=[0.000,0.000,0.000,0.000,0.000,0.000,0.000,0.000,0.000,0.000,0.000,0.000,0.000,0.000,0.000,0.000,0.000,0.000,0.000,0.000,0.000,0.000,3.180,4.729,2.289,0.000,0.000,0.000,0.000,0.000,0.000,0.000,0.000,0.000,0.000,0.000,0.051,0.000,0.000,0.000,0.000,0.000,0.000,0.000,0.000,0.000,0.000]
  Iter 150: LB=-95.410612  UB=38.334136  gap=3.49e+00
  Cut: intercept=-0.517084, π_x_range=[-293.0000, 39.5854]

=== True-DRO Benders iter 151 ===
  OMP: t₀=-95.324699, UB=38.334136, gap=3.49e+00, x=[0, 0, 0, 0, 0, 0, 0, 0, 0, 0, 0, 1, 0, 0, 0, 0, 0, 0, 0, 0, 0, 0, 0, 0, 0, 0, 0, 0, 0, 0, 0, 1, 0, 0, 0, 0, 0, 0, 0, 0, 0, 0, 0, 0, 0, 0, 0] (2.520s)
  Sub: Z₀=46.010884 [LOCAL] (0.5s), α=[0.000,0.000,0.000,0.000,0.000,0.000,0.000,0.000,0.000,0.000,0.000,0.000,0.000,0.000,0.000,0.000,0.000,0.000,0.000,0.000,0.000,0.000,0.000,0.000,5.491,0.000,0.000,0.000,0.960,0.000,0.000,3.798,0.000,0.000,0.000,0.000,0.000,0.000,0.000,0.000,0.000,0.000,0.000,0.000,0.000,0.000,0.000]
  Iter 151: LB=-95.324699  UB=38.334136  gap=3.49e+00
  Cut: intercept=-1104.600758, π_x_range=[-830.4095, 586.6837]

=== True-DRO Benders iter 152 ===
  OMP: t₀=-93.649985, UB=38.334136, gap=3.44e+00, x=[0, 0, 0, 0, 0, 0, 0, 0, 0, 0, 0, 0, 0, 0, 0, 0, 0, 0, 0, 0, 0, 0, 0, 0, 0, 1, 1, 0, 0, 0, 0, 0, 0, 0, 0, 0, 0, 0, 0, 0, 0, 0, 0, 0, 0, 0, 0] (2.561s)
  Sub: Z₀=42.743432 [LOCAL] (0.5s), α=[0.000,0.000,0.000,0.000,0.000,0.000,0.000,0.000,0.000,0.000,0.000,0.000,0.000,0.000,0.000,0.000,0.000,0.000,0.000,0.000,0.000,0.000,0.000,0.000,7.115,0.000,0.000,0.016,3.118,0.000,0.000,0.000,0.000,0.000,0.000,0.000,0.000,0.000,0.000,0.000,0.000,0.000,0.000,0.000,0.000,0.000,0.000]
  Iter 152: LB=-93.649985  UB=38.334136  gap=3.44e+00
  Cut: intercept=-1134.668962, π_x_range=[-830.5626, 593.7024]

=== True-DRO Benders iter 153 ===
  OMP: t₀=-92.649985, UB=38.334136, gap=3.42e+00, x=[0, 0, 0, 0, 0, 0, 0, 0, 0, 0, 0, 0, 0, 1, 0, 0, 0, 0, 0, 0, 0, 0, 0, 0, 0, 0, 1, 0, 0, 0, 0, 0, 0, 0, 0, 0, 0, 0, 0, 0, 0, 0, 0, 0, 0, 0, 0] (2.418s)
  Sub: Z₀=44.122996 [LOCAL] (0.5s), α=[0.000,0.000,0.000,0.000,0.000,0.000,0.000,0.000,0.000,0.000,0.000,0.000,0.000,0.000,0.000,0.000,0.000,0.000,0.000,0.000,0.000,0.000,0.000,0.000,5.265,0.000,0.000,0.076,4.909,0.000,0.000,0.000,0.000,0.000,0.000,0.000,0.000,0.000,0.000,0.000,0.000,0.000,0.000,0.000,0.000,0.000,0.000]
  Iter 153: LB=-92.649985  UB=38.334136  gap=3.42e+00
  Cut: intercept=-1133.293910, π_x_range=[-829.6606, 592.8453]

=== True-DRO Benders iter 154 ===
  OMP: t₀=-92.358908, UB=38.334136, gap=3.41e+00, x=[0, 0, 0, 0, 0, 0, 0, 0, 0, 0, 0, 0, 0, 0, 0, 0, 0, 0, 0, 0, 0, 0, 1, 0, 0, 0, 0, 0, 1, 0, 0, 0, 0, 0, 0, 0, 0, 0, 0, 0, 0, 0, 0, 0, 0, 0, 0] (2.191s)
  Sub: Z₀=42.395720 [LOCAL] (0.5s), α=[0.000,0.000,0.000,0.000,0.000,0.000,0.000,0.000,0.000,0.000,0.000,0.000,0.000,0.000,0.000,0.000,0.000,0.000,0.000,0.000,0.000,0.000,0.284,0.000,4.510,0.000,0.000,0.000,1.482,0.000,0.000,0.000,0.000,0.000,0.000,0.943,3.030,0.000,0.000,0.000,0.000,0.000,0.000,0.000,0.000,0.000,0.000]
  Iter 154: LB=-92.358908  UB=38.334136  gap=3.41e+00
  Cut: intercept=-1138.645496, π_x_range=[-831.6204, 595.5865]

=== True-DRO Benders iter 155 ===
  OMP: t₀=-92.341474, UB=38.334136, gap=3.41e+00, x=[0, 0, 0, 0, 0, 0, 0, 0, 0, 0, 0, 0, 1, 0, 0, 0, 0, 0, 0, 0, 0, 0, 0, 0, 0, 0, 0, 0, 0, 0, 0, 0, 0, 0, 0, 0, 1, 0, 0, 0, 0, 0, 0, 0, 0, 0, 0] (2.444s)
  Sub: Z₀=45.642717 (2.0s), α=[0.000,0.000,0.000,0.000,0.000,0.000,0.000,0.000,0.000,0.000,0.000,0.000,0.000,0.000,0.000,0.000,0.000,0.000,0.000,0.000,0.000,0.000,0.000,0.000,0.160,0.000,0.000,0.000,2.744,0.000,0.000,0.000,0.000,0.000,0.000,0.000,7.345,0.000,0.000,0.000,0.000,0.000,0.000,0.000,0.000,0.000,0.000]
  Iter 155: LB=-92.341474  UB=38.334136  gap=3.41e+00
  Cut: intercept=-63.127051, π_x_range=[-263.0000, 58.2771]
  Sherali-Cut: intercept=0.288927, π_x_range=[-137.9331, 45.3537]

=== True-DRO Benders iter 156 ===
  OMP: t₀=-87.279742, UB=38.334136, gap=3.28e+00, x=[0, 0, 0, 0, 0, 0, 0, 0, 0, 0, 0, 0, 0, 0, 0, 0, 0, 0, 0, 0, 0, 0, 0, 0, 0, 0, 0, 0, 1, 0, 0, 0, 1, 0, 0, 0, 0, 0, 0, 0, 0, 0, 0, 0, 0, 0, 0] (2.226s)
  Sub: Z₀=42.719622 [LOCAL] (0.5s), α=[0.000,0.000,0.000,0.000,0.000,0.000,0.000,0.000,0.000,0.000,0.000,0.000,0.000,0.000,0.000,0.000,0.000,0.000,0.000,0.000,0.000,0.000,0.000,0.000,2.760,0.000,0.000,0.000,6.968,0.000,0.000,0.000,0.000,0.000,0.000,0.051,0.470,0.000,0.000,0.000,0.000,0.000,0.000,0.000,0.000,0.000,0.000]
  Iter 156: LB=-87.279742  UB=38.334136  gap=3.28e+00
  Cut: intercept=-1146.543354, π_x_range=[-825.5948, 596.9761]

=== True-DRO Benders iter 157 ===
  OMP: t₀=-83.651253, UB=38.334136, gap=3.18e+00, x=[0, 0, 0, 0, 0, 0, 0, 0, 0, 0, 0, 0, 0, 0, 0, 0, 0, 0, 0, 0, 0, 0, 0, 0, 1, 0, 0, 0, 0, 0, 0, 1, 0, 0, 0, 0, 0, 0, 0, 0, 0, 0, 0, 0, 0, 0, 0] (2.099s)
  Sub: Z₀=39.740522 [LOCAL] (0.4s), α=[0.000,0.000,0.000,0.000,0.000,0.000,0.000,0.000,0.000,0.000,0.000,0.000,0.000,0.000,0.000,0.000,0.000,0.000,0.000,0.000,0.000,0.000,0.000,0.000,7.944,0.000,0.000,0.000,0.118,0.000,0.000,2.187,0.000,0.000,0.000,0.000,0.000,0.000,0.000,0.000,0.000,0.000,0.000,0.000,0.000,0.000,0.000]
  Iter 157: LB=-83.651253  UB=38.334136  gap=3.18e+00
  Cut: intercept=-1122.859139, π_x_range=[-831.1376, 587.8297]

=== True-DRO Benders iter 158 ===
  OMP: t₀=-81.489974, UB=38.334136, gap=3.13e+00, x=[0, 0, 0, 0, 0, 0, 0, 0, 0, 0, 0, 0, 0, 0, 0, 0, 0, 0, 0, 0, 0, 0, 0, 1, 1, 0, 0, 0, 0, 0, 0, 0, 0, 0, 0, 0, 0, 0, 0, 0, 0, 0, 0, 0, 0, 0, 0] (2.068s)
  Sub: Z₀=37.999314 [LOCAL] (0.5s), α=[0.000,0.000,0.000,0.000,0.000,0.000,0.000,0.000,0.000,0.000,0.000,0.000,0.000,0.000,0.000,0.000,0.000,0.000,0.000,0.000,0.000,0.000,0.923,2.114,7.212,0.000,0.000,0.000,0.000,0.000,0.000,0.000,0.000,0.000,0.000,0.000,0.000,0.000,0.000,0.000,0.000,0.000,0.000,0.000,0.000,0.000,0.000]
  Iter 158: LB=-81.489974  UB=38.334136  gap=3.13e+00
  Cut: intercept=-1139.318597, π_x_range=[-827.8452, 595.5935]

=== True-DRO Benders iter 159 ===
  OMP: t₀=-79.903100, UB=38.334136, gap=3.08e+00, x=[0, 0, 0, 0, 0, 0, 0, 0, 0, 0, 0, 0, 0, 0, 0, 0, 0, 0, 0, 0, 0, 0, 0, 0, 1, 0, 1, 0, 0, 0, 0, 0, 0, 0, 0, 0, 0, 0, 0, 0, 0, 0, 0, 0, 0, 0, 0] (2.121s)
  Sub: Z₀=42.626028 [LOCAL] (0.5s), α=[0.000,0.000,0.000,0.000,0.000,0.000,0.000,0.000,0.000,0.000,0.000,0.000,0.000,0.000,0.000,0.000,0.000,0.000,0.000,0.000,0.000,0.000,0.000,0.000,8.119,0.000,0.000,0.000,2.130,0.000,0.000,0.000,0.000,0.000,0.000,0.000,0.000,0.000,0.000,0.000,0.000,0.000,0.000,0.000,0.000,0.000,0.000]
  Iter 159: LB=-79.903100  UB=38.334136  gap=3.08e+00
  Cut: intercept=-1137.546511, π_x_range=[-831.3441, 593.0989]

=== True-DRO Benders iter 160 ===
  OMP: t₀=-79.650478, UB=38.334136, gap=3.08e+00, x=[0, 0, 0, 0, 0, 0, 0, 0, 0, 0, 0, 0, 0, 0, 0, 0, 0, 0, 0, 0, 0, 0, 0, 0, 1, 0, 0, 0, 0, 0, 0, 0, 0, 0, 1, 0, 0, 0, 0, 0, 0, 0, 0, 0, 0, 0, 0] (1.868s)
  Sub: Z₀=39.119687 [TIME_LIMIT] (16.0s), α=[0.000,0.000,0.000,0.000,0.000,0.000,0.000,0.000,0.000,0.000,0.000,0.000,0.000,0.000,0.000,0.000,0.000,0.000,0.000,0.000,0.000,0.000,0.026,0.024,1.339,0.000,0.000,0.047,5.083,0.000,0.000,0.000,0.000,0.000,1.248,0.429,2.053,0.000,0.000,0.000,0.000,0.000,0.000,0.000,0.000,0.000,0.000]
  Iter 160: LB=-79.650478  UB=38.334136  gap=3.08e+00
  Cut: intercept=-36.758451, π_x_range=[-267.0000, 49.5876]

=== True-DRO Benders iter 161 ===
  OMP: t₀=-77.621157, UB=38.334136, gap=3.02e+00, x=[0, 0, 0, 0, 0, 0, 0, 0, 0, 0, 1, 0, 0, 0, 0, 0, 0, 0, 0, 0, 0, 0, 0, 0, 1, 0, 0, 0, 0, 0, 0, 0, 0, 0, 0, 0, 0, 0, 0, 0, 0, 0, 0, 0, 0, 0, 0] (1.791s)
  Sub: Z₀=27.743296 [LOCAL] (0.4s), α=[0.000,0.000,0.000,0.000,0.000,0.000,0.000,0.000,0.000,0.000,0.421,0.000,0.000,0.000,0.000,0.000,0.000,0.000,0.000,0.000,0.000,0.000,1.472,0.000,5.413,0.000,0.000,0.000,2.943,0.000,0.000,0.000,0.000,0.000,0.000,0.000,0.000,0.000,0.000,0.000,0.000,0.000,0.000,0.000,0.000,0.000,0.000]
  Iter 161: LB=-77.621157  UB=38.334136  gap=3.02e+00
  Cut: intercept=-1109.982482, π_x_range=[-826.3287, 583.5530]

=== True-DRO Benders iter 162 ===
  OMP: t₀=-74.671499, UB=38.334136, gap=2.95e+00, x=[0, 0, 0, 0, 0, 0, 0, 0, 0, 0, 0, 0, 0, 0, 0, 0, 0, 0, 0, 0, 0, 0, 0, 0, 0, 0, 0, 1, 0, 0, 1, 0, 0, 0, 0, 0, 0, 0, 0, 0, 0, 0, 0, 0, 0, 0, 0] (1.984s)
  Sub: Z₀=31.134239 [LOCAL] (0.5s), α=[0.000,0.000,0.000,0.000,0.000,0.000,0.000,0.000,0.000,0.000,0.000,0.000,0.000,0.000,0.000,0.000,0.000,0.000,0.000,0.000,0.000,0.000,0.000,0.000,0.000,0.000,0.000,3.281,6.968,0.000,0.000,0.000,0.000,0.000,0.000,0.000,0.000,0.000,0.000,0.000,0.000,0.000,0.000,0.000,0.000,0.000,0.000]
  Iter 162: LB=-74.671499  UB=38.334136  gap=2.95e+00
  Cut: intercept=-1136.078906, π_x_range=[-828.5996, 584.0354]

=== True-DRO Benders iter 163 ===
  OMP: t₀=-72.386910, UB=38.334136, gap=2.89e+00, x=[0, 0, 0, 0, 0, 0, 0, 0, 0, 0, 0, 0, 0, 0, 0, 0, 0, 0, 0, 0, 0, 0, 0, 0, 0, 0, 1, 0, 1, 0, 0, 0, 0, 0, 0, 0, 0, 0, 0, 0, 0, 0, 0, 0, 0, 0, 0] (2.346s)
  Sub: Z₀=43.059781 [LOCAL] (0.5s), α=[0.000,0.000,0.000,0.000,0.000,0.000,0.000,0.000,0.000,0.000,0.000,0.000,0.000,0.000,0.000,0.000,0.000,0.000,0.000,0.000,0.000,0.000,0.000,0.000,5.265,0.000,0.000,0.028,4.956,0.000,0.000,0.000,0.000,0.000,0.000,0.000,0.000,0.000,0.000,0.000,0.000,0.000,0.000,0.000,0.000,0.000,0.000]
  Iter 163: LB=-72.386910  UB=38.334136  gap=2.89e+00
  Cut: intercept=-1138.464079, π_x_range=[-829.9510, 597.6030]

=== True-DRO Benders iter 164 ===
  OMP: t₀=-70.036284, UB=38.334136, gap=2.83e+00, x=[0, 0, 0, 0, 0, 0, 0, 0, 0, 0, 1, 0, 0, 0, 0, 0, 0, 0, 0, 0, 0, 0, 0, 0, 0, 0, 1, 0, 0, 0, 0, 0, 0, 0, 0, 0, 0, 0, 0, 0, 0, 0, 0, 0, 0, 0, 0] (2.364s)
  Sub: Z₀=39.806806 [LOCAL] (0.5s), α=[0.000,0.000,0.000,0.000,0.000,0.000,0.000,0.000,0.000,0.000,0.000,0.000,0.000,0.000,0.000,0.000,0.000,0.000,0.000,0.000,0.000,0.000,4.451,0.000,0.000,0.000,0.000,0.000,5.798,0.000,0.000,0.000,0.000,0.000,0.000,0.000,0.000,0.000,0.000,0.000,0.000,0.000,0.000,0.000,0.000,0.000,0.000]
  Iter 164: LB=-70.036284  UB=38.334136  gap=2.83e+00
  Cut: intercept=-1102.418248, π_x_range=[-828.2743, 589.5305]

=== True-DRO Benders iter 165 ===
  OMP: t₀=-67.965198, UB=38.334136, gap=2.77e+00, x=[0, 0, 0, 0, 0, 0, 0, 0, 0, 0, 1, 0, 0, 0, 0, 0, 0, 0, 0, 0, 0, 0, 0, 0, 0, 0, 0, 0, 0, 0, 1, 0, 0, 0, 0, 0, 0, 0, 0, 0, 0, 0, 0, 0, 0, 0, 0] (2.576s)
  Sub: Z₀=41.425067 [TIME_LIMIT] (15.8s), α=[0.000,0.000,0.000,0.000,0.000,0.000,0.000,0.000,0.000,0.000,0.000,0.000,0.000,0.000,0.000,0.000,0.000,0.000,0.000,0.000,0.000,0.000,3.915,0.000,0.000,0.000,0.000,0.000,6.335,0.000,0.000,0.000,0.000,0.000,0.000,0.000,0.000,0.000,0.000,0.000,0.000,0.000,0.000,0.000,0.000,0.000,0.000]
  Iter 165: LB=-67.965198  UB=38.334136  gap=2.77e+00
  Cut: intercept=-177.891194, π_x_range=[-165.0071, 155.4647]

=== True-DRO Benders iter 166 ===
  OMP: t₀=-67.898022, UB=38.334136, gap=2.77e+00, x=[0, 0, 0, 0, 0, 0, 0, 0, 0, 0, 1, 0, 0, 0, 0, 0, 0, 0, 0, 0, 0, 0, 0, 0, 0, 0, 0, 0, 0, 0, 0, 0, 0, 0, 1, 0, 0, 0, 0, 0, 0, 0, 0, 0, 0, 0, 0] (2.513s)
  Sub: Z₀=40.756430 [LOCAL] (0.5s), α=[0.000,0.000,0.000,0.000,0.000,0.000,0.000,0.000,0.000,0.000,0.000,0.000,0.000,0.000,0.000,0.000,0.000,0.000,0.000,0.000,0.000,0.000,5.204,0.000,0.000,0.000,0.000,0.000,5.046,0.000,0.000,0.000,0.000,0.000,0.000,0.000,0.000,0.000,0.000,0.000,0.000,0.000,0.000,0.000,0.000,0.000,0.000]
  Iter 166: LB=-67.898022  UB=38.334136  gap=2.77e+00
  Cut: intercept=-1108.963772, π_x_range=[-832.0850, 596.7418]

=== True-DRO Benders iter 167 ===
  OMP: t₀=-62.794361, UB=38.334136, gap=2.64e+00, x=[0, 0, 0, 0, 0, 0, 0, 0, 0, 0, 0, 0, 0, 0, 0, 0, 0, 0, 0, 0, 0, 0, 0, 0, 0, 1, 0, 0, 0, 0, 0, 0, 0, 0, 0, 1, 0, 0, 0, 0, 0, 0, 0, 0, 0, 0, 0] (3.035s)
  Sub: Z₀=43.314442 [LOCAL] (0.5s), α=[0.000,0.000,0.000,0.000,0.000,0.000,0.000,0.000,0.000,0.000,0.000,0.000,0.000,0.000,0.000,0.000,0.000,0.000,0.000,0.000,0.000,0.000,0.110,0.067,3.711,0.000,0.000,0.000,2.922,0.000,0.000,0.000,0.000,0.000,0.111,0.000,3.328,0.000,0.000,0.000,0.000,0.000,0.000,0.000,0.000,0.000,0.000]
  Iter 167: LB=-62.794361  UB=38.334136  gap=2.64e+00
  Cut: intercept=-1136.122976, π_x_range=[-829.5061, 594.3075]

=== True-DRO Benders iter 168 ===
  OMP: t₀=-57.779928, UB=38.334136, gap=2.51e+00, x=[0, 0, 0, 0, 0, 0, 0, 0, 0, 0, 0, 0, 0, 0, 0, 0, 0, 0, 0, 0, 0, 0, 0, 0, 0, 1, 0, 0, 0, 0, 0, 0, 0, 1, 0, 0, 0, 0, 0, 0, 0, 0, 0, 0, 0, 0, 0] (2.880s)
  Sub: Z₀=46.557834 [LOCAL] (0.5s), α=[0.000,0.000,0.000,0.000,0.000,0.000,0.000,0.000,0.000,0.000,0.000,0.000,0.000,0.000,0.000,0.000,0.000,0.000,0.000,0.000,0.000,0.000,0.000,0.000,7.241,2.483,0.000,0.000,0.368,0.000,0.000,0.000,0.000,0.000,0.000,0.000,0.157,0.000,0.000,0.000,0.000,0.000,0.000,0.000,0.000,0.000,0.000]
  Iter 168: LB=-57.779928  UB=38.334136  gap=2.51e+00
  Cut: intercept=-1114.066428, π_x_range=[-831.0678, 588.9434]

=== True-DRO Benders iter 169 ===
  OMP: t₀=-56.998133, UB=38.334136, gap=2.49e+00, x=[0, 0, 0, 0, 0, 0, 0, 0, 0, 0, 0, 0, 0, 0, 0, 0, 0, 0, 0, 0, 0, 0, 0, 0, 0, 0, 0, 0, 0, 0, 0, 0, 0, 1, 0, 1, 0, 0, 0, 0, 0, 0, 0, 0, 0, 0, 0] (2.469s)
  Sub: Z₀=44.973460 [LOCAL] (0.4s), α=[0.000,0.000,0.000,0.000,0.000,0.000,0.000,0.000,0.000,0.000,0.000,0.000,0.000,0.000,0.000,0.000,0.000,0.000,0.000,0.000,0.000,0.000,0.000,0.000,2.876,0.000,0.000,0.000,0.907,0.000,0.000,0.000,0.000,0.000,0.000,3.325,3.141,0.000,0.000,0.000,0.000,0.000,0.000,0.000,0.000,0.000,0.000]
  Iter 169: LB=-56.998133  UB=38.334136  gap=2.49e+00
  Cut: intercept=-1116.109686, π_x_range=[-831.4211, 583.0944]

=== True-DRO Benders iter 170 ===
  OMP: t₀=-55.427927, UB=38.334136, gap=2.45e+00, x=[0, 0, 0, 0, 0, 0, 0, 0, 0, 0, 1, 0, 0, 0, 0, 0, 0, 0, 0, 0, 0, 0, 0, 0, 0, 0, 0, 0, 0, 0, 0, 0, 0, 0, 0, 1, 0, 0, 0, 0, 0, 0, 0, 0, 0, 0, 0] (2.514s)
  Sub: Z₀=42.047723 [TIME_LIMIT] (15.8s), α=[0.000,0.000,0.000,0.000,0.000,0.000,0.000,0.000,0.000,0.000,0.000,0.000,0.000,0.000,0.000,0.000,0.000,0.000,0.000,0.000,0.000,0.000,4.451,0.000,0.000,0.000,0.000,0.000,5.747,0.000,0.000,0.000,0.000,0.000,0.000,0.047,0.004,0.000,0.000,0.000,0.000,0.000,0.000,0.000,0.000,0.000,0.000]
  Iter 170: LB=-55.427927  UB=38.334136  gap=2.45e+00
  Cut: intercept=-156.685391, π_x_range=[-273.0000, 167.8121]

=== True-DRO Benders iter 171 ===
  OMP: t₀=-54.647539, UB=38.334136, gap=2.43e+00, x=[0, 0, 0, 0, 0, 0, 0, 0, 0, 0, 1, 0, 0, 0, 0, 0, 0, 0, 0, 0, 0, 0, 0, 0, 0, 1, 0, 0, 0, 0, 0, 0, 0, 0, 0, 0, 0, 0, 0, 0, 0, 0, 0, 0, 0, 0, 0] (2.622s)
  Sub: Z₀=41.118106 [LOCAL] (0.5s), α=[0.000,0.000,0.000,0.000,0.000,0.000,0.000,0.000,0.000,0.000,0.000,0.000,0.000,0.000,0.000,0.000,0.000,0.000,0.000,0.000,0.000,0.000,4.451,0.000,0.000,0.000,0.000,0.000,5.798,0.000,0.000,0.000,0.000,0.000,0.000,0.000,0.000,0.000,0.000,0.000,0.000,0.000,0.000,0.000,0.000,0.000,0.000]
  Iter 171: LB=-54.647539  UB=38.334136  gap=2.43e+00
  Cut: intercept=-1109.751409, π_x_range=[-829.0283, 596.4438]

=== True-DRO Benders iter 172 ===
  OMP: t₀=-52.840030, UB=38.334136, gap=2.38e+00, x=[0, 0, 0, 0, 0, 0, 0, 0, 0, 0, 0, 0, 0, 0, 0, 1, 0, 0, 0, 0, 0, 0, 0, 0, 0, 1, 0, 0, 0, 0, 0, 0, 0, 0, 0, 0, 0, 0, 0, 0, 0, 0, 0, 0, 0, 0, 0] (2.576s)
  Sub: Z₀=43.622481 [LOCAL] (0.5s), α=[0.000,0.000,0.000,0.000,0.000,0.000,0.000,0.000,0.000,0.000,0.000,0.000,0.000,0.000,0.000,0.000,0.000,0.000,0.000,0.000,0.000,0.000,0.000,0.000,6.361,0.000,0.000,0.026,3.787,0.000,0.000,0.000,0.000,0.000,0.000,0.000,0.075,0.000,0.000,0.000,0.000,0.000,0.000,0.000,0.000,0.000,0.000]
  Iter 172: LB=-52.840030  UB=38.334136  gap=2.38e+00
  Cut: intercept=-1087.224451, π_x_range=[-830.0483, 594.6967]

=== True-DRO Benders iter 173 ===
  OMP: t₀=-52.121533, UB=38.334136, gap=2.36e+00, x=[0, 0, 0, 0, 0, 0, 0, 0, 0, 0, 1, 0, 0, 0, 0, 0, 0, 0, 0, 0, 0, 0, 0, 0, 0, 0, 0, 0, 0, 1, 0, 0, 0, 0, 0, 0, 0, 0, 0, 0, 0, 0, 0, 0, 0, 0, 0] (2.449s)
  Sub: Z₀=42.287134 [LOCAL] (0.5s), α=[0.000,0.000,0.000,0.000,0.000,0.000,0.000,0.000,0.000,0.000,0.000,0.000,0.000,0.000,0.000,0.000,0.000,0.000,0.000,0.000,0.000,0.000,4.451,0.000,0.000,0.000,0.000,0.000,5.747,0.000,0.000,0.000,0.000,0.000,0.000,0.000,0.051,0.000,0.000,0.000,0.000,0.000,0.000,0.000,0.000,0.000,0.000]
  Iter 173: LB=-52.121533  UB=38.334136  gap=2.36e+00
  Cut: intercept=-1067.918510, π_x_range=[-826.7046, 557.7758]

=== True-DRO Benders iter 174 ===
  OMP: t₀=-52.058235, UB=38.334136, gap=2.36e+00, x=[0, 0, 0, 0, 0, 0, 0, 0, 0, 0, 0, 0, 0, 0, 0, 1, 0, 0, 0, 0, 0, 0, 0, 0, 0, 0, 0, 0, 0, 0, 0, 0, 0, 0, 0, 1, 0, 0, 0, 0, 0, 0, 0, 0, 0, 0, 0] (2.661s)
  Sub: Z₀=45.076984 [LOCAL] (0.5s), α=[0.000,0.000,0.000,0.000,0.000,0.000,0.000,0.000,0.000,0.000,0.000,0.000,0.000,0.000,0.000,0.000,0.000,0.000,0.000,0.000,0.000,0.000,0.000,0.000,1.339,0.000,0.000,0.000,2.744,0.000,0.000,0.000,0.000,0.000,0.000,6.008,0.157,0.000,0.000,0.000,0.000,0.000,0.000,0.000,0.000,0.000,0.000]
  Iter 174: LB=-52.058235  UB=38.334136  gap=2.36e+00
  Cut: intercept=-1076.522194, π_x_range=[-830.0858, 584.8065]

=== True-DRO Benders iter 175 ===
  OMP: t₀=-47.620726, UB=38.334136, gap=2.24e+00, x=[0, 0, 0, 0, 0, 0, 0, 0, 0, 0, 0, 0, 0, 0, 0, 0, 0, 0, 0, 0, 0, 0, 0, 0, 1, 0, 0, 0, 0, 0, 0, 0, 0, 0, 0, 1, 0, 0, 0, 0, 0, 0, 0, 0, 0, 0, 0] (2.515s)
  Sub: Z₀=41.535039 [TIME_LIMIT] (15.7s), α=[0.000,0.000,0.000,0.000,0.000,0.000,0.000,0.000,0.000,0.000,0.000,0.000,0.000,0.000,0.000,0.000,0.000,0.000,0.000,0.000,0.000,0.000,0.000,0.000,6.413,0.000,0.000,0.000,0.907,0.000,0.000,0.000,0.000,0.000,0.000,1.331,1.598,0.000,0.000,0.000,0.000,0.000,0.000,0.000,0.000,0.000,0.000]
  Iter 175: LB=-47.620726  UB=38.334136  gap=2.24e+00
  Cut: intercept=-16.830847, π_x_range=[-266.0000, 35.4127]

=== True-DRO Benders iter 176 ===
  OMP: t₀=-47.583932, UB=38.334136, gap=2.24e+00, x=[0, 0, 0, 0, 0, 0, 0, 0, 0, 0, 0, 0, 0, 0, 0, 0, 0, 0, 0, 0, 0, 0, 0, 0, 1, 0, 0, 0, 0, 1, 0, 0, 0, 0, 0, 0, 0, 0, 0, 0, 0, 0, 0, 0, 0, 0, 0] (2.488s)
  Sub: Z₀=38.992248 [LOCAL] (0.5s), α=[0.000,0.000,0.000,0.000,0.000,0.000,0.000,0.000,0.000,0.000,0.000,0.000,0.000,0.000,0.000,0.000,0.000,0.000,0.000,0.000,0.000,0.000,0.000,0.000,2.787,0.000,0.000,0.036,5.035,0.000,0.000,0.000,0.000,0.000,0.000,0.412,1.979,0.000,0.000,0.000,0.000,0.000,0.000,0.000,0.000,0.000,0.000]
  Iter 176: LB=-47.583932  UB=38.334136  gap=2.24e+00
  Cut: intercept=-1097.973472, π_x_range=[-830.0184, 582.4691]

=== True-DRO Benders iter 177 ===
  OMP: t₀=-47.043803, UB=38.334136, gap=2.23e+00, x=[0, 0, 0, 0, 0, 0, 0, 0, 0, 0, 0, 0, 0, 0, 0, 1, 0, 0, 0, 0, 0, 0, 0, 0, 0, 0, 0, 0, 0, 0, 0, 0, 0, 1, 0, 0, 0, 0, 0, 0, 0, 0, 0, 0, 0, 0, 0] (2.497s)
  Sub: Z₀=45.954611 [LOCAL] (3.1s), α=[0.000,0.000,0.000,0.000,0.000,0.000,0.000,0.000,0.000,0.000,0.000,0.000,0.000,0.000,0.000,0.000,0.000,0.000,0.000,0.000,0.000,0.000,0.000,0.000,6.378,0.000,0.000,0.000,0.907,0.000,0.000,0.000,0.000,0.000,0.000,2.964,0.000,0.000,0.000,0.000,0.000,0.000,0.000,0.000,0.000,0.000,0.000]
  Iter 177: LB=-47.043803  UB=38.334136  gap=2.23e+00
  Cut: intercept=-1060.505488, π_x_range=[-831.3099, 570.5676]

=== True-DRO Benders iter 178 ===
  OMP: t₀=-45.116860, UB=38.334136, gap=2.18e+00, x=[0, 0, 0, 0, 0, 0, 0, 0, 0, 0, 0, 0, 0, 0, 0, 0, 0, 0, 0, 0, 0, 0, 0, 0, 0, 0, 0, 0, 0, 1, 0, 0, 0, 1, 0, 0, 0, 0, 0, 0, 0, 0, 0, 0, 0, 0, 0] (2.538s)
  Sub: Z₀=41.735939 [LOCAL] (0.6s), α=[0.000,0.000,0.000,0.000,0.000,0.000,0.000,0.000,0.000,0.000,0.000,0.000,0.000,0.000,0.000,0.000,0.000,0.000,0.000,0.000,0.000,0.000,0.000,0.000,0.000,0.604,0.000,0.000,2.089,3.317,0.000,1.652,0.000,0.000,0.000,0.323,2.265,0.000,0.000,0.000,0.000,0.000,0.000,0.000,0.000,0.000,0.000]
  Iter 178: LB=-45.116860  UB=38.334136  gap=2.18e+00
  Cut: intercept=-1061.086726, π_x_range=[-829.5052, 569.4372]

=== True-DRO Benders iter 179 ===
  OMP: t₀=-44.751383, UB=38.334136, gap=2.17e+00, x=[0, 0, 0, 0, 0, 0, 0, 0, 0, 0, 0, 0, 0, 0, 0, 0, 0, 0, 0, 0, 0, 0, 0, 0, 0, 0, 0, 0, 0, 0, 1, 1, 0, 0, 0, 0, 0, 0, 0, 0, 0, 0, 0, 0, 0, 0, 0] (2.584s)
  Sub: Z₀=40.201350 [LOCAL] (0.5s), α=[0.000,0.000,0.000,0.000,0.000,0.000,0.000,0.000,0.000,0.000,0.000,0.000,0.000,0.000,0.000,0.000,0.000,0.000,0.000,0.000,0.000,0.000,0.000,0.000,3.774,0.000,0.000,0.000,0.118,0.000,2.459,3.899,0.000,0.000,0.000,0.000,0.000,0.000,0.000,0.000,0.000,0.000,0.000,0.000,0.000,0.000,0.000]
  Iter 179: LB=-44.751383  UB=38.334136  gap=2.17e+00
  Cut: intercept=-1123.772178, π_x_range=[-831.2775, 589.5818]

=== True-DRO Benders iter 180 ===
  OMP: t₀=-42.590105, UB=38.334136, gap=2.11e+00, x=[0, 0, 0, 0, 0, 0, 0, 0, 0, 0, 0, 0, 0, 0, 0, 0, 0, 0, 0, 0, 0, 0, 0, 1, 0, 0, 0, 0, 0, 0, 1, 0, 0, 0, 0, 0, 0, 0, 0, 0, 0, 0, 0, 0, 0, 0, 0] (2.583s)
  Sub: Z₀=40.164363 [TIME_LIMIT] (15.8s), α=[0.000,0.000,0.000,0.000,0.000,0.000,0.000,0.000,0.000,0.000,0.000,0.000,0.000,0.000,0.000,0.000,0.000,0.000,0.000,0.000,0.000,0.000,2.647,4.247,0.000,0.000,0.000,0.000,0.000,0.000,3.355,0.000,0.000,0.000,0.000,0.000,0.000,0.000,0.000,0.000,0.000,0.000,0.000,0.000,0.000,0.000,0.000]
  Iter 180: LB=-42.590105  UB=38.334136  gap=2.11e+00
  Cut: intercept=-99.172815, π_x_range=[-285.0000, 73.2544]

=== True-DRO Benders iter 181 ===
  OMP: t₀=-42.306923, UB=38.334136, gap=2.10e+00, x=[0, 0, 0, 0, 0, 0, 0, 0, 0, 0, 0, 0, 0, 0, 0, 0, 0, 0, 0, 0, 0, 0, 0, 0, 0, 0, 0, 1, 0, 0, 0, 0, 0, 0, 0, 1, 0, 0, 0, 0, 0, 0, 0, 0, 0, 0, 0] (2.709s)
  Sub: Z₀=34.178844 [LOCAL] (0.4s), α=[0.000,0.000,0.000,0.000,0.000,0.000,0.000,0.000,0.000,0.000,0.000,0.000,0.000,0.000,0.000,0.000,0.000,0.000,0.000,0.000,0.000,0.000,0.000,0.000,0.533,0.000,0.000,2.806,6.061,0.000,0.000,0.000,0.000,0.000,0.000,0.808,0.041,0.000,0.000,0.000,0.000,0.000,0.000,0.000,0.000,0.000,0.000]
  Iter 181: LB=-42.306923  UB=38.334136  gap=2.10e+00
  Cut: intercept=-1128.625303, π_x_range=[-825.5700, 583.0124]

=== True-DRO Benders iter 182 ===
  OMP: t₀=-41.270474, UB=38.334136, gap=2.08e+00, x=[0, 0, 0, 0, 0, 0, 0, 0, 0, 0, 0, 0, 0, 0, 0, 0, 0, 0, 0, 0, 0, 0, 0, 0, 0, 1, 0, 0, 1, 0, 0, 0, 0, 0, 0, 0, 0, 0, 0, 0, 0, 0, 0, 0, 0, 0, 0] (2.545s)
  Sub: Z₀=46.584506 [LOCAL] (0.6s), α=[0.000,0.000,0.000,0.000,0.000,0.000,0.000,0.000,0.000,0.000,0.000,0.000,0.000,0.000,0.000,0.000,0.000,0.000,0.000,0.000,0.000,0.000,0.000,0.000,6.918,2.324,0.000,0.000,1.007,0.000,0.000,0.000,0.000,0.000,0.000,0.000,0.000,0.000,0.000,0.000,0.000,0.000,0.000,0.000,0.000,0.000,0.000]
  Iter 182: LB=-41.270474  UB=38.334136  gap=2.08e+00
  Cut: intercept=-1142.101640, π_x_range=[-830.8192, 598.8188]

=== True-DRO Benders iter 183 ===
  OMP: t₀=-41.250940, UB=38.334136, gap=2.08e+00, x=[0, 0, 0, 0, 0, 0, 0, 0, 0, 0, 0, 0, 0, 0, 0, 0, 0, 0, 0, 0, 0, 0, 0, 0, 1, 1, 0, 0, 0, 0, 0, 0, 0, 0, 0, 0, 0, 0, 0, 0, 0, 0, 0, 0, 0, 0, 0] (2.671s)
  Sub: Z₀=42.141935 [LOCAL] (0.5s), α=[0.000,0.000,0.000,0.000,0.000,0.000,0.000,0.000,0.000,0.000,0.000,0.000,0.000,0.000,0.000,0.000,0.000,0.000,0.000,0.000,0.000,0.000,0.000,0.000,8.146,1.196,0.000,0.000,0.907,0.000,0.000,0.000,0.000,0.000,0.000,0.000,0.000,0.000,0.000,0.000,0.000,0.000,0.000,0.000,0.000,0.000,0.000]
  Iter 183: LB=-41.250940  UB=38.334136  gap=2.08e+00
  Cut: intercept=-1133.152749, π_x_range=[-831.0787, 591.9895]

=== True-DRO Benders iter 184 ===
  OMP: t₀=-40.488679, UB=38.334136, gap=2.06e+00, x=[0, 0, 0, 0, 0, 0, 0, 0, 0, 0, 0, 0, 0, 0, 0, 0, 0, 0, 0, 0, 0, 0, 0, 0, 0, 0, 0, 0, 1, 0, 0, 0, 0, 0, 0, 1, 0, 0, 0, 0, 0, 0, 0, 0, 0, 0, 0] (2.637s)
  Sub: Z₀=44.652427 [LOCAL] (0.5s), α=[0.000,0.000,0.000,0.000,0.000,0.000,0.000,0.000,0.000,0.000,0.000,0.000,0.000,0.000,0.000,0.000,0.000,0.000,0.000,0.000,0.000,0.000,0.000,0.000,1.233,0.000,0.000,0.000,3.842,0.000,0.000,0.000,0.000,0.000,0.000,3.053,2.122,0.000,0.000,0.000,0.000,0.000,0.000,0.000,0.000,0.000,0.000]
  Iter 184: LB=-40.488679  UB=38.334136  gap=2.06e+00
  Cut: intercept=-1139.265482, π_x_range=[-830.8477, 597.9563]

=== True-DRO Benders iter 185 ===
  OMP: t₀=-37.674664, UB=38.334136, gap=1.98e+00, x=[0, 0, 0, 0, 0, 0, 0, 0, 0, 0, 0, 0, 0, 0, 0, 0, 0, 0, 0, 0, 0, 0, 0, 0, 0, 0, 0, 0, 0, 1, 1, 0, 0, 0, 0, 0, 0, 0, 0, 0, 0, 0, 0, 0, 0, 0, 0] (2.598s)
  Sub: Z₀=40.375616 [TIME_LIMIT] (15.8s), α=[0.000,0.000,0.000,0.000,0.000,0.000,0.000,0.000,0.000,0.000,0.000,0.000,0.000,0.000,0.000,0.000,0.000,0.000,0.000,0.000,0.000,0.000,0.000,0.000,0.000,0.000,0.000,0.046,5.025,0.000,3.674,0.000,0.000,0.000,0.000,0.000,1.504,0.000,0.000,0.000,0.000,0.000,0.000,0.000,0.000,0.000,0.000]
  Iter 185: LB=-37.674664  UB=38.334136  gap=1.98e+00
  Cut: intercept=-182.708765, π_x_range=[-268.0000, 155.8619]

=== True-DRO Benders iter 186 ===
  OMP: t₀=-36.937684, UB=38.334136, gap=1.96e+00, x=[0, 0, 0, 0, 0, 0, 0, 0, 0, 0, 0, 0, 0, 0, 1, 0, 0, 0, 0, 0, 0, 0, 0, 0, 0, 1, 0, 0, 0, 0, 0, 0, 0, 0, 0, 0, 0, 0, 0, 0, 0, 0, 0, 0, 0, 0, 0] (2.694s)
  Sub: Z₀=46.710248 [LOCAL] (0.7s), α=[0.000,0.000,0.000,0.000,0.000,0.000,0.000,0.000,0.000,0.000,0.000,0.000,0.000,0.000,0.000,0.000,0.000,0.000,0.000,0.000,0.000,0.000,0.000,0.000,4.799,4.543,0.000,0.000,0.907,0.000,0.000,0.000,0.000,0.000,0.000,0.000,0.000,0.000,0.000,0.000,0.000,0.000,0.000,0.000,0.000,0.000,0.000]
  Iter 186: LB=-36.937684  UB=38.334136  gap=1.96e+00
  Cut: intercept=-1137.190633, π_x_range=[-830.7054, 595.6313]

=== True-DRO Benders iter 187 ===
  OMP: t₀=-36.210837, UB=38.334136, gap=1.94e+00, x=[0, 0, 0, 0, 0, 0, 0, 0, 0, 0, 0, 1, 0, 0, 0, 0, 0, 0, 0, 0, 0, 0, 0, 0, 0, 1, 0, 0, 0, 0, 0, 0, 0, 0, 0, 0, 0, 0, 0, 0, 0, 0, 0, 0, 0, 0, 0] (3.048s)
  Sub: Z₀=46.519148 [LOCAL] (0.6s), α=[0.000,0.000,0.000,0.000,0.000,0.000,0.000,0.000,0.000,0.000,0.000,0.000,0.000,0.000,0.000,0.000,0.000,0.000,0.000,0.000,0.000,0.000,0.000,0.000,6.235,2.605,0.000,0.000,1.252,0.000,0.000,0.000,0.000,0.000,0.000,0.000,0.157,0.000,0.000,0.000,0.000,0.000,0.000,0.000,0.000,0.000,0.000]
  Iter 187: LB=-36.210837  UB=38.334136  gap=1.94e+00
  Cut: intercept=-1132.059556, π_x_range=[-830.5217, 589.8351]

=== True-DRO Benders iter 188 ===
  OMP: t₀=-36.155890, UB=38.334136, gap=1.94e+00, x=[0, 0, 0, 0, 0, 0, 0, 0, 0, 0, 0, 0, 0, 0, 1, 0, 0, 0, 0, 0, 0, 0, 0, 0, 0, 0, 0, 0, 0, 0, 0, 0, 0, 0, 0, 1, 0, 0, 0, 0, 0, 0, 0, 0, 0, 0, 0] (2.862s)
  Sub: Z₀=45.144709 [LOCAL] (0.5s), α=[0.000,0.000,0.000,0.000,0.000,0.000,0.000,0.000,0.000,0.000,0.000,0.000,0.000,0.000,0.000,0.000,0.000,0.000,0.000,0.000,0.000,0.000,0.000,0.000,1.958,0.000,0.000,0.000,2.744,0.000,0.000,0.000,0.000,0.000,0.000,3.034,2.513,0.000,0.000,0.000,0.000,0.000,0.000,0.000,0.000,0.000,0.000]
  Iter 188: LB=-36.155890  UB=38.334136  gap=1.94e+00
  Cut: intercept=-1128.997070, π_x_range=[-830.3913, 590.6323]

=== True-DRO Benders iter 189 ===
  OMP: t₀=-35.474246, UB=38.334136, gap=1.93e+00, x=[0, 0, 0, 0, 0, 0, 0, 0, 0, 0, 0, 0, 0, 0, 0, 0, 0, 0, 0, 0, 0, 0, 0, 0, 0, 0, 0, 0, 1, 0, 0, 0, 0, 1, 0, 0, 0, 0, 0, 0, 0, 0, 0, 0, 0, 0, 0] (3.144s)
  Sub: Z₀=46.452582 [LOCAL] (0.7s), α=[0.000,0.000,0.000,0.000,0.000,0.000,0.000,0.000,0.000,0.000,0.000,0.000,0.000,0.000,0.000,0.000,0.000,0.000,0.000,0.000,0.000,0.000,0.000,0.000,5.740,0.000,0.000,0.000,1.007,0.000,0.000,0.000,0.000,0.000,0.000,0.984,2.518,0.000,0.000,0.000,0.000,0.000,0.000,0.000,0.000,0.000,0.000]
  Iter 189: LB=-35.474246  UB=38.334136  gap=1.93e+00
  Cut: intercept=-1125.287682, π_x_range=[-831.7364, 598.7133]

=== True-DRO Benders iter 190 ===
  OMP: t₀=-35.429043, UB=38.334136, gap=1.92e+00, x=[0, 0, 0, 0, 0, 0, 0, 0, 0, 0, 0, 1, 0, 0, 0, 0, 0, 0, 0, 0, 0, 0, 0, 0, 0, 0, 0, 0, 0, 0, 0, 0, 0, 0, 0, 1, 0, 0, 0, 0, 0, 0, 0, 0, 0, 0, 0] (2.686s)
  Sub: Z₀=45.152938 [TIME_LIMIT] (15.9s), α=[0.000,0.000,0.000,0.000,0.000,0.000,0.000,0.000,0.000,0.000,0.000,0.000,0.000,0.000,0.000,0.000,0.000,0.000,0.000,0.000,0.000,0.000,0.000,0.000,1.958,0.000,0.000,0.000,2.744,0.000,0.000,0.000,0.000,0.000,0.000,0.000,5.547,0.000,0.000,0.000,0.000,0.000,0.000,0.000,0.000,0.000,0.000]
  Iter 190: LB=-35.429043  UB=38.334136  gap=1.92e+00
  Cut: intercept=31.234791, π_x_range=[-197.8319, 13.8181]

=== True-DRO Benders iter 191 ===
  OMP: t₀=-34.326570, UB=38.334136, gap=1.90e+00, x=[0, 0, 0, 0, 0, 0, 0, 0, 0, 0, 0, 0, 0, 0, 1, 0, 0, 0, 0, 0, 0, 0, 0, 0, 1, 0, 0, 0, 0, 0, 0, 0, 0, 0, 0, 0, 0, 0, 0, 0, 0, 0, 0, 0, 0, 0, 0] (2.760s)
  Sub: Z₀=43.854167 [LOCAL] (0.6s), α=[0.000,0.000,0.000,0.000,0.000,0.000,0.000,0.000,0.000,0.000,0.000,0.000,0.000,0.000,0.000,0.000,0.000,0.000,0.000,0.000,0.000,0.000,0.000,0.000,9.185,0.000,0.000,0.000,0.907,0.000,0.000,0.000,0.000,0.000,0.000,0.000,0.157,0.000,0.000,0.000,0.000,0.000,0.000,0.000,0.000,0.000,0.000]
  Iter 191: LB=-34.326570  UB=38.334136  gap=1.90e+00
  Cut: intercept=-1130.994789, π_x_range=[-831.0090, 594.5169]

=== True-DRO Benders iter 192 ===
  OMP: t₀=-34.101601, UB=38.334136, gap=1.89e+00, x=[0, 0, 0, 0, 0, 0, 0, 0, 0, 0, 0, 0, 0, 0, 0, 1, 0, 0, 0, 0, 0, 0, 0, 0, 1, 0, 0, 0, 0, 0, 0, 0, 0, 0, 0, 0, 0, 0, 0, 0, 0, 0, 0, 0, 0, 0, 0] (2.610s)
  Sub: Z₀=43.385185 [LOCAL] (0.8s), α=[0.000,0.000,0.000,0.000,0.000,0.000,0.000,0.000,0.000,0.000,0.000,0.000,0.000,0.000,0.000,0.000,0.000,0.000,0.000,0.000,0.000,0.000,0.000,0.000,9.342,0.000,0.000,0.000,0.907,0.000,0.000,0.000,0.000,0.000,0.000,0.000,0.000,0.000,0.000,0.000,0.000,0.000,0.000,0.000,0.000,0.000,0.000]
  Iter 192: LB=-34.101601  UB=38.334136  gap=1.89e+00
  Cut: intercept=-1077.821494, π_x_range=[-830.7436, 582.3795]

=== True-DRO Benders iter 193 ===
  OMP: t₀=-33.691416, UB=38.334136, gap=1.88e+00, x=[0, 0, 0, 0, 0, 0, 0, 0, 0, 0, 0, 0, 0, 1, 0, 0, 0, 0, 0, 0, 0, 0, 0, 0, 0, 1, 0, 0, 0, 0, 0, 0, 0, 0, 0, 0, 0, 0, 0, 0, 0, 0, 0, 0, 0, 0, 0] (2.913s)
  Sub: Z₀=46.710248 [LOCAL] (0.6s), α=[0.000,0.000,0.000,0.000,0.000,0.000,0.000,0.000,0.000,0.000,0.000,0.000,0.000,0.000,0.000,0.000,0.000,0.000,0.000,0.000,0.000,0.000,0.000,0.000,7.003,2.340,0.000,0.000,0.907,0.000,0.000,0.000,0.000,0.000,0.000,0.000,0.000,0.000,0.000,0.000,0.000,0.000,0.000,0.000,0.000,0.000,0.000]
  Iter 193: LB=-33.691416  UB=38.334136  gap=1.88e+00
  Cut: intercept=-1137.407739, π_x_range=[-830.5528, 594.2132]

=== True-DRO Benders iter 194 ===
  OMP: t₀=-32.419142, UB=38.334136, gap=1.85e+00, x=[0, 0, 0, 0, 0, 0, 0, 0, 0, 0, 0, 0, 0, 0, 0, 0, 0, 0, 0, 0, 0, 0, 0, 0, 1, 0, 0, 0, 1, 0, 0, 0, 0, 0, 0, 0, 0, 0, 0, 0, 0, 0, 0, 0, 0, 0, 0] (2.684s)
  Sub: Z₀=43.806270 [LOCAL] (0.5s), α=[0.000,0.000,0.000,0.000,0.000,0.000,0.000,0.000,0.000,0.000,0.000,0.000,0.000,0.000,0.000,0.000,0.000,0.000,0.000,0.000,0.000,0.000,0.000,0.000,9.085,0.000,0.000,0.000,1.007,0.000,0.000,0.000,0.000,0.000,0.000,0.000,0.157,0.000,0.000,0.000,0.000,0.000,0.000,0.000,0.000,0.000,0.000]
  Iter 194: LB=-32.419142  UB=38.334136  gap=1.85e+00
  Cut: intercept=-1137.447301, π_x_range=[-831.2326, 598.8359]

=== True-DRO Benders iter 195 ===
  OMP: t₀=-32.314809, UB=38.334136, gap=1.84e+00, x=[0, 0, 0, 0, 0, 0, 0, 0, 0, 0, 0, 0, 0, 0, 0, 0, 0, 0, 0, 0, 0, 0, 0, 0, 1, 0, 0, 0, 0, 0, 0, 0, 0, 1, 0, 0, 0, 0, 0, 0, 0, 0, 0, 0, 0, 0, 0] (2.701s)
  Sub: Z₀=44.298162 (15.5s), α=[0.000,0.000,0.000,0.000,0.000,0.000,0.000,0.000,0.000,0.000,0.000,0.000,0.000,0.000,0.000,0.000,0.000,0.000,0.000,0.000,0.000,0.000,0.000,0.000,8.730,0.000,0.000,0.000,0.907,0.000,0.000,0.000,0.000,0.000,0.454,0.000,0.157,0.000,0.000,0.000,0.000,0.000,0.000,0.000,0.000,0.000,0.000]
  Iter 195: LB=-32.314809  UB=38.334136  gap=1.84e+00
  Cut: intercept=5.473719, π_x_range=[-193.4393, 22.0739]
  Sherali-Cut: intercept=18.975610, π_x_range=[-133.7689, 15.7333]

=== True-DRO Benders iter 196 ===
  OMP: t₀=-32.160378, UB=38.334136, gap=1.84e+00, x=[0, 0, 0, 0, 0, 0, 0, 0, 0, 0, 1, 0, 0, 0, 0, 1, 0, 0, 0, 0, 0, 0, 0, 0, 0, 0, 0, 0, 0, 0, 0, 0, 0, 0, 0, 0, 0, 0, 0, 0, 0, 0, 0, 0, 0, 0, 0] (2.714s)
  Sub: Z₀=43.704852 [LOCAL] (0.5s), α=[0.000,0.000,0.000,0.000,0.000,0.000,0.000,0.000,0.000,0.000,0.000,0.000,0.000,0.000,0.000,0.000,0.000,0.000,0.000,0.000,0.000,0.000,4.451,0.000,0.000,0.000,0.000,0.000,5.798,0.000,0.000,0.000,0.000,0.000,0.000,0.000,0.000,0.000,0.000,0.000,0.000,0.000,0.000,0.000,0.000,0.000,0.000]
  Iter 196: LB=-32.160378  UB=38.334136  gap=1.84e+00
  Cut: intercept=-1054.003137, π_x_range=[-829.5606, 554.8231]

=== True-DRO Benders iter 197 ===
  OMP: t₀=-31.528661, UB=38.334136, gap=1.82e+00, x=[0, 0, 0, 0, 0, 0, 0, 0, 0, 0, 1, 0, 0, 0, 0, 0, 0, 0, 0, 0, 0, 0, 0, 0, 0, 0, 0, 0, 1, 0, 0, 0, 0, 0, 0, 0, 0, 0, 0, 0, 0, 0, 0, 0, 0, 0, 0] (2.651s)
  Sub: Z₀=40.878376 [LOCAL] (0.5s), α=[0.000,0.000,0.000,0.000,0.000,0.000,0.000,0.000,0.000,0.000,0.000,0.000,0.000,0.000,0.000,0.000,0.000,0.000,0.000,0.000,0.000,0.000,4.451,0.000,0.000,0.000,0.000,0.000,5.798,0.000,0.000,0.000,0.000,0.000,0.000,0.000,0.000,0.000,0.000,0.000,0.000,0.000,0.000,0.000,0.000,0.000,0.000]
  Iter 197: LB=-31.528661  UB=38.334136  gap=1.82e+00
  Cut: intercept=-1111.206518, π_x_range=[-830.0901, 598.2376]

=== True-DRO Benders iter 198 ===
  OMP: t₀=-29.265698, UB=38.334136, gap=1.76e+00, x=[0, 0, 0, 0, 0, 0, 0, 0, 0, 0, 1, 0, 0, 0, 1, 0, 0, 0, 0, 0, 0, 0, 0, 0, 0, 0, 0, 0, 0, 0, 0, 0, 0, 0, 0, 0, 0, 0, 0, 0, 0, 0, 0, 0, 0, 0, 0] (2.826s)
  Sub: Z₀=43.704852 [LOCAL] (0.5s), α=[0.000,0.000,0.000,0.000,0.000,0.000,0.000,0.000,0.000,0.000,0.000,0.000,0.000,0.000,0.000,0.000,0.000,0.000,0.000,0.000,0.000,0.000,4.451,0.000,0.000,0.000,0.000,0.000,5.798,0.000,0.000,0.000,0.000,0.000,0.000,0.000,0.000,0.000,0.000,0.000,0.000,0.000,0.000,0.000,0.000,0.000,0.000]
  Iter 198: LB=-29.265698  UB=38.334136  gap=1.76e+00
  Cut: intercept=-1103.901896, π_x_range=[-829.5570, 592.7834]

=== True-DRO Benders iter 199 ===
  OMP: t₀=-28.245219, UB=38.334136, gap=1.74e+00, x=[0, 0, 0, 0, 0, 0, 0, 0, 0, 0, 1, 0, 1, 0, 0, 0, 0, 0, 0, 0, 0, 0, 0, 0, 0, 0, 0, 0, 0, 0, 0, 0, 0, 0, 0, 0, 0, 0, 0, 0, 0, 0, 0, 0, 0, 0, 0] (2.823s)
  Sub: Z₀=43.704852 [LOCAL] (0.4s), α=[0.000,0.000,0.000,0.000,0.000,0.000,0.000,0.000,0.000,0.000,0.000,0.000,0.000,0.000,0.000,0.000,0.000,0.000,0.000,0.000,0.000,0.000,4.451,0.000,0.000,0.000,0.000,0.000,5.798,0.000,0.000,0.000,0.000,0.000,0.000,0.000,0.000,0.000,0.000,0.000,0.000,0.000,0.000,0.000,0.000,0.000,0.000]
  Iter 199: LB=-28.245219  UB=38.334136  gap=1.74e+00
  Cut: intercept=-1089.512734, π_x_range=[-829.5607, 578.3955]

=== True-DRO Benders iter 200 ===
  OMP: t₀=-28.049577, UB=38.334136, gap=1.73e+00, x=[0, 0, 0, 0, 0, 0, 0, 0, 0, 0, 1, 0, 0, 1, 0, 0, 0, 0, 0, 0, 0, 0, 0, 0, 0, 0, 0, 0, 0, 0, 0, 0, 0, 0, 0, 0, 0, 0, 0, 0, 0, 0, 0, 0, 0, 0, 0] (2.826s)
  Sub: Z₀=44.149396 [TIME_LIMIT] (15.9s), α=[0.000,0.000,0.000,0.000,0.000,0.000,0.000,0.000,0.000,0.000,0.000,0.000,0.000,0.000,0.000,0.000,0.000,0.000,0.000,0.000,0.000,0.000,4.451,0.000,0.508,0.000,0.000,0.000,5.239,0.000,0.000,0.000,0.000,0.000,0.000,0.000,0.051,0.000,0.000,0.000,0.000,0.000,0.000,0.000,0.000,0.000,0.000]
  Iter 200: LB=-28.049577  UB=38.334136  gap=1.73e+00
  Cut: intercept=-136.728558, π_x_range=[-243.0000, 139.4818]

=== True-DRO Benders iter 201 ===
  OMP: t₀=-26.636131, UB=38.334136, gap=1.69e+00, x=[0, 0, 0, 0, 0, 0, 0, 0, 0, 0, 1, 1, 0, 0, 0, 0, 0, 0, 0, 0, 0, 0, 0, 0, 0, 0, 0, 0, 0, 0, 0, 0, 0, 0, 0, 0, 0, 0, 0, 0, 0, 0, 0, 0, 0, 0, 0] (2.907s)
  Sub: Z₀=43.704852 [LOCAL] (0.5s), α=[0.000,0.000,0.000,0.000,0.000,0.000,0.000,0.000,0.000,0.000,0.000,0.000,0.000,0.000,0.000,0.000,0.000,0.000,0.000,0.000,0.000,0.000,4.451,0.000,0.000,0.000,0.000,0.000,5.798,0.000,0.000,0.000,0.000,0.000,0.000,0.000,0.000,0.000,0.000,0.000,0.000,0.000,0.000,0.000,0.000,0.000,0.000]
  Iter 201: LB=-26.636131  UB=38.334136  gap=1.69e+00
  Cut: intercept=-1098.654071, π_x_range=[-829.5606, 587.5359]

=== True-DRO Benders iter 202 ===
  OMP: t₀=-26.333308, UB=38.334136, gap=1.69e+00, x=[0, 0, 0, 0, 0, 0, 0, 0, 0, 0, 1, 0, 0, 0, 0, 0, 0, 0, 1, 0, 0, 0, 0, 0, 0, 0, 0, 0, 0, 0, 0, 0, 0, 0, 0, 0, 0, 0, 0, 0, 0, 0, 0, 0, 0, 0, 0] (2.869s)
  Sub: Z₀=43.704852 [LOCAL] (0.5s), α=[0.000,0.000,0.000,0.000,0.000,0.000,0.000,0.000,0.000,0.000,0.000,0.000,0.000,0.000,0.000,0.000,0.000,0.000,0.000,0.000,0.000,0.000,4.451,0.000,0.000,0.000,0.000,0.000,5.798,0.000,0.000,0.000,0.000,0.000,0.000,0.000,0.000,0.000,0.000,0.000,0.000,0.000,0.000,0.000,0.000,0.000,0.000]
  Iter 202: LB=-26.333308  UB=38.334136  gap=1.69e+00
  Cut: intercept=-1101.143352, π_x_range=[-829.5601, 590.0261]

=== True-DRO Benders iter 203 ===
  OMP: t₀=-24.396039, UB=38.334136, gap=1.64e+00, x=[0, 0, 0, 0, 0, 0, 0, 0, 0, 0, 0, 0, 0, 0, 0, 0, 0, 0, 0, 0, 0, 0, 0, 0, 0, 0, 0, 0, 1, 1, 0, 0, 0, 0, 0, 0, 0, 0, 0, 0, 0, 0, 0, 0, 0, 0, 0] (2.752s)
  Sub: Z₀=42.538265 [LOCAL] (0.5s), α=[0.000,0.000,0.000,0.000,0.000,0.000,0.000,0.000,0.000,0.000,0.000,0.000,0.000,0.000,0.000,0.000,0.000,0.000,0.000,0.000,0.000,0.000,0.000,0.000,0.000,0.000,0.000,0.052,8.038,0.000,0.000,0.000,0.000,0.000,0.000,0.364,1.795,0.000,0.000,0.000,0.000,0.000,0.000,0.000,0.000,0.000,0.000]
  Iter 203: LB=-24.396039  UB=38.334136  gap=1.64e+00
  Cut: intercept=-1109.674741, π_x_range=[-827.5094, 594.4453]

=== True-DRO Benders iter 204 ===
  OMP: t₀=-23.839454, UB=38.334136, gap=1.62e+00, x=[0, 0, 0, 0, 0, 0, 0, 0, 0, 0, 0, 0, 0, 1, 0, 0, 0, 0, 0, 0, 0, 0, 0, 0, 0, 0, 0, 1, 0, 0, 0, 0, 0, 0, 0, 0, 0, 0, 0, 0, 0, 0, 0, 0, 0, 0, 0] (2.869s)
  Sub: Z₀=35.836545 [LOCAL] (0.4s), α=[0.000,0.000,0.000,0.000,0.000,0.000,0.000,0.000,0.000,0.000,0.000,0.000,0.000,0.000,0.000,0.000,0.000,0.000,0.000,0.000,0.000,0.000,0.000,0.000,0.000,0.000,0.000,5.282,4.836,0.000,0.000,0.000,0.000,0.000,0.000,0.000,0.131,0.000,0.000,0.000,0.000,0.000,0.000,0.000,0.000,0.000,0.000]
  Iter 204: LB=-23.839454  UB=38.334136  gap=1.62e+00
  Cut: intercept=-1141.264561, π_x_range=[-829.3406, 594.5397]

=== True-DRO Benders iter 205 ===
  OMP: t₀=-22.866819, UB=38.334136, gap=1.60e+00, x=[0, 0, 0, 0, 0, 0, 0, 0, 0, 0, 0, 0, 0, 0, 0, 0, 0, 0, 0, 0, 0, 0, 0, 0, 0, 1, 0, 1, 0, 0, 0, 0, 0, 0, 0, 0, 0, 0, 0, 0, 0, 0, 0, 0, 0, 0, 0] (2.756s)
  Sub: Z₀=41.164709 [TIME_LIMIT] (16.1s), α=[0.000,0.000,0.000,0.000,0.000,0.000,0.000,0.000,0.000,0.000,0.000,0.000,0.000,0.000,0.000,0.000,0.000,0.000,0.000,0.000,0.000,0.000,0.000,0.000,5.178,0.000,0.000,0.956,4.115,0.000,0.000,0.000,0.000,0.000,0.000,0.000,0.000,0.000,0.000,0.000,0.000,0.000,0.000,0.000,0.000,0.000,0.000]
  Iter 205: LB=-22.866819  UB=38.334136  gap=1.60e+00
  Cut: intercept=-123.522005, π_x_range=[-272.0000, 129.7407]

=== True-DRO Benders iter 206 ===
  OMP: t₀=-22.820224, UB=38.334136, gap=1.60e+00, x=[0, 0, 0, 0, 0, 0, 0, 0, 0, 0, 0, 1, 0, 0, 0, 0, 0, 0, 0, 0, 0, 0, 0, 0, 0, 0, 0, 0, 0, 1, 0, 0, 0, 0, 0, 0, 0, 0, 0, 0, 0, 0, 0, 0, 0, 0, 0] (2.704s)
  Sub: Z₀=45.010015 [LOCAL] (1.8s), α=[0.000,0.000,0.000,0.000,0.000,0.000,0.000,0.000,0.000,0.000,0.000,0.000,0.000,0.000,0.000,0.000,0.000,0.000,0.000,0.000,0.000,0.000,0.015,1.248,0.000,0.080,0.000,1.058,5.277,0.100,0.000,0.000,0.000,0.000,0.000,0.284,2.187,0.000,0.000,0.000,0.000,0.000,0.000,0.000,0.000,0.000,0.000]
  Iter 206: LB=-22.820224  UB=38.334136  gap=1.60e+00
  Cut: intercept=-1086.036001, π_x_range=[-830.0966, 578.6614]

=== True-DRO Benders iter 207 ===
  OMP: t₀=-22.149212, UB=38.334136, gap=1.58e+00, x=[0, 0, 0, 0, 0, 0, 0, 0, 0, 0, 0, 0, 1, 0, 0, 0, 0, 0, 0, 0, 0, 0, 0, 0, 0, 0, 0, 0, 0, 0, 0, 0, 0, 0, 0, 1, 0, 0, 0, 0, 0, 0, 0, 0, 0, 0, 0] (2.601s)
  Sub: Z₀=45.144709 [LOCAL] (0.5s), α=[0.000,0.000,0.000,0.000,0.000,0.000,0.000,0.000,0.000,0.000,0.000,0.000,0.000,0.000,0.000,0.000,0.000,0.000,0.000,0.000,0.000,0.000,0.000,0.000,1.958,0.000,0.000,0.000,2.744,0.000,0.000,0.000,0.000,0.000,0.000,3.283,2.264,0.000,0.000,0.000,0.000,0.000,0.000,0.000,0.000,0.000,0.000]
  Iter 207: LB=-22.149212  UB=38.334136  gap=1.58e+00
  Cut: intercept=-1117.277539, π_x_range=[-830.3774, 583.8205]

=== True-DRO Benders iter 208 ===
  OMP: t₀=-20.551459, UB=38.334136, gap=1.54e+00, x=[0, 0, 0, 0, 0, 0, 0, 0, 0, 0, 0, 0, 0, 0, 0, 0, 0, 1, 0, 0, 0, 0, 0, 0, 0, 0, 0, 0, 0, 0, 0, 0, 0, 0, 0, 1, 0, 0, 0, 0, 0, 0, 0, 0, 0, 0, 0] (2.597s)
  Sub: Z₀=45.144709 [LOCAL] (0.5s), α=[0.000,0.000,0.000,0.000,0.000,0.000,0.000,0.000,0.000,0.000,0.000,0.000,0.000,0.000,0.000,0.000,0.000,0.000,0.000,0.000,0.000,0.000,0.000,0.000,1.958,0.000,0.000,0.000,2.744,0.000,0.000,0.000,0.000,0.000,0.000,3.351,2.197,0.000,0.000,0.000,0.000,0.000,0.000,0.000,0.000,0.000,0.000]
  Iter 208: LB=-20.551459  UB=38.334136  gap=1.54e+00
  Cut: intercept=-1116.990283, π_x_range=[-830.4022, 583.9567]

=== True-DRO Benders iter 209 ===
  OMP: t₀=-20.551385, UB=38.334136, gap=1.54e+00, x=[0, 0, 0, 0, 0, 0, 0, 0, 0, 0, 0, 0, 0, 0, 0, 0, 1, 0, 0, 0, 0, 0, 0, 0, 0, 0, 0, 0, 0, 0, 0, 0, 0, 0, 0, 1, 0, 0, 0, 0, 0, 0, 0, 0, 0, 0, 0] (2.676s)
  Sub: Z₀=45.144709 [LOCAL] (0.5s), α=[0.000,0.000,0.000,0.000,0.000,0.000,0.000,0.000,0.000,0.000,0.000,0.000,0.000,0.000,0.000,0.000,0.000,0.000,0.000,0.000,0.000,0.000,0.000,0.000,1.958,0.000,0.000,0.000,2.744,0.000,0.000,0.000,0.000,0.000,0.000,3.138,2.409,0.000,0.000,0.000,0.000,0.000,0.000,0.000,0.000,0.000,0.000]
  Iter 209: LB=-20.551385  UB=38.334136  gap=1.54e+00
  Cut: intercept=-1083.316374, π_x_range=[-830.3936, 583.8835]

=== True-DRO Benders iter 210 ===
  OMP: t₀=-17.384669, UB=38.334136, gap=1.45e+00, x=[0, 0, 0, 0, 0, 0, 0, 0, 0, 0, 0, 0, 0, 0, 0, 0, 0, 0, 1, 0, 0, 0, 0, 0, 0, 0, 0, 1, 0, 0, 0, 0, 0, 0, 0, 0, 0, 0, 0, 0, 0, 0, 0, 0, 0, 0, 0] (2.736s)
  Sub: Z₀=40.404975 [TIME_LIMIT] (16.9s), α=[0.000,0.000,0.000,0.000,0.000,0.000,0.000,0.000,0.000,0.000,0.000,0.000,0.000,0.000,0.000,0.000,0.000,0.000,0.000,0.000,0.000,0.000,0.000,0.000,2.929,0.000,0.000,1.719,5.577,0.000,0.000,0.000,0.000,0.000,0.000,0.000,0.024,0.000,0.000,0.000,0.000,0.000,0.000,0.000,0.000,0.000,0.000]
  Iter 210: LB=-17.384669  UB=38.334136  gap=1.45e+00
  Cut: intercept=-108.137905, π_x_range=[-264.9997, 118.8009]

=== True-DRO Benders iter 211 ===
  OMP: t₀=-16.893416, UB=38.334136, gap=1.44e+00, x=[0, 0, 0, 0, 0, 0, 0, 0, 0, 0, 0, 0, 1, 0, 0, 0, 0, 0, 0, 0, 0, 0, 0, 0, 0, 0, 0, 0, 0, 1, 0, 0, 0, 0, 0, 0, 0, 0, 0, 0, 0, 0, 0, 0, 0, 0, 0] (2.738s)
  Sub: Z₀=45.310820 [LOCAL] (0.5s), α=[0.000,0.000,0.000,0.000,0.000,0.000,0.000,0.000,0.000,0.000,0.000,0.000,0.000,0.000,0.000,0.000,0.000,0.000,0.000,0.000,0.000,0.000,1.053,0.210,0.095,0.000,0.000,0.046,6.288,0.195,0.000,0.000,0.000,0.000,0.000,0.633,1.729,0.000,0.000,0.000,0.000,0.000,0.000,0.000,0.000,0.000,0.000]
  Iter 211: LB=-16.893416  UB=38.334136  gap=1.44e+00
  Cut: intercept=-1083.312390, π_x_range=[-827.2416, 572.1244]

=== True-DRO Benders iter 212 ===
  OMP: t₀=-16.691218, UB=38.334136, gap=1.44e+00, x=[0, 0, 0, 0, 0, 0, 0, 0, 0, 0, 0, 0, 0, 1, 0, 0, 0, 0, 0, 0, 0, 0, 0, 0, 0, 0, 0, 0, 0, 1, 0, 0, 0, 0, 0, 0, 0, 0, 0, 0, 0, 0, 0, 0, 0, 0, 0] (2.664s)
  Sub: Z₀=45.295853 [LOCAL] (0.8s), α=[0.000,0.000,0.000,0.000,0.000,0.000,0.000,0.000,0.000,0.000,0.000,0.000,0.000,0.000,0.000,0.000,0.000,0.000,0.000,0.000,0.000,0.000,1.234,0.030,0.000,0.080,0.000,1.095,5.239,0.100,0.000,0.000,0.000,0.000,0.000,0.408,2.063,0.000,0.000,0.000,0.000,0.000,0.000,0.000,0.000,0.000,0.000]
  Iter 212: LB=-16.691218  UB=38.334136  gap=1.44e+00
  Cut: intercept=-1091.240280, π_x_range=[-828.3710, 587.2859]

=== True-DRO Benders iter 213 ===
  OMP: t₀=-15.574516, UB=38.334136, gap=1.41e+00, x=[0, 0, 0, 0, 0, 0, 0, 0, 0, 0, 0, 0, 0, 0, 1, 0, 0, 0, 0, 0, 0, 0, 0, 0, 0, 0, 0, 0, 0, 1, 0, 0, 0, 0, 0, 0, 0, 0, 0, 0, 0, 0, 0, 0, 0, 0, 0] (2.810s)
  Sub: Z₀=45.295867 [LOCAL] (4.7s), α=[0.000,0.000,0.000,0.000,0.000,0.000,0.000,0.000,0.000,0.000,0.000,0.000,0.000,0.000,0.000,0.000,0.000,0.000,0.000,0.000,0.000,0.000,1.251,0.012,0.000,0.080,0.000,1.030,5.305,0.100,0.000,0.000,0.000,0.000,0.000,0.396,2.075,0.000,0.000,0.000,0.000,0.000,0.000,0.000,0.000,0.000,0.000]
  Iter 213: LB=-15.574516  UB=38.334136  gap=1.41e+00
  Cut: intercept=-1088.909670, π_x_range=[-828.2878, 586.5803]

=== True-DRO Benders iter 214 ===
  OMP: t₀=-13.956941, UB=38.334136, gap=1.36e+00, x=[0, 0, 0, 0, 0, 0, 0, 0, 0, 0, 0, 0, 0, 0, 0, 0, 0, 0, 1, 0, 0, 0, 0, 0, 0, 0, 0, 0, 0, 1, 0, 0, 0, 0, 0, 0, 0, 0, 0, 0, 0, 0, 0, 0, 0, 0, 0] (2.893s)
  Sub: Z₀=45.295872 [LOCAL] (4.7s), α=[0.000,0.000,0.000,0.000,0.000,0.000,0.000,0.000,0.000,0.000,0.000,0.000,0.000,0.000,0.000,0.000,0.000,0.000,0.000,0.000,0.000,0.000,1.263,0.001,0.000,0.080,0.000,1.095,5.240,0.100,0.000,0.000,0.000,0.000,0.000,0.397,2.074,0.000,0.000,0.000,0.000,0.000,0.000,0.000,0.000,0.000,0.000]
  Iter 214: LB=-13.956941  UB=38.334136  gap=1.36e+00
  Cut: intercept=-1091.909914, π_x_range=[-828.3282, 587.9873]

=== True-DRO Benders iter 215 ===
  OMP: t₀=-13.956827, UB=38.334136, gap=1.36e+00, x=[0, 0, 0, 0, 0, 0, 0, 0, 0, 1, 0, 0, 0, 0, 0, 0, 0, 0, 0, 0, 0, 0, 0, 0, 0, 0, 0, 0, 0, 1, 0, 0, 0, 0, 0, 0, 0, 0, 0, 0, 0, 0, 0, 0, 0, 0, 0] (2.883s)
  Sub: Z₀=45.316835 [TIME_LIMIT] (16.0s), α=[0.000,0.000,0.000,0.000,0.000,0.000,0.000,0.000,0.000,0.000,0.000,0.000,0.000,0.000,0.000,0.000,0.000,0.000,0.000,0.000,0.000,0.000,0.435,0.821,0.000,0.084,0.000,0.069,6.265,0.100,0.000,0.000,0.000,0.000,0.000,0.469,2.006,0.000,0.000,0.000,0.000,0.000,0.000,0.000,0.000,0.000,0.000]
  Iter 215: LB=-13.956827  UB=38.334136  gap=1.36e+00
  Cut: intercept=-146.776307, π_x_range=[-264.0000, 116.4824]

=== True-DRO Benders iter 216 ===
  OMP: t₀=-13.956808, UB=38.334136, gap=1.36e+00, x=[0, 0, 0, 0, 0, 0, 0, 0, 0, 0, 0, 0, 0, 0, 0, 0, 0, 1, 0, 0, 0, 0, 0, 0, 0, 0, 0, 0, 0, 1, 0, 0, 0, 0, 0, 0, 0, 0, 0, 0, 0, 0, 0, 0, 0, 0, 0] (2.940s)
  Sub: Z₀=45.295853 [LOCAL] (0.5s), α=[0.000,0.000,0.000,0.000,0.000,0.000,0.000,0.000,0.000,0.000,0.000,0.000,0.000,0.000,0.000,0.000,0.000,0.000,0.000,0.000,0.000,0.000,1.053,0.210,0.000,0.080,0.000,0.046,6.289,0.100,0.000,0.000,0.000,0.000,0.000,0.469,2.002,0.000,0.000,0.000,0.000,0.000,0.000,0.000,0.000,0.000,0.000]
  Iter 216: LB=-13.956808  UB=38.334136  gap=1.36e+00
  Cut: intercept=-1066.171891, π_x_range=[-827.7013, 562.2278]

=== True-DRO Benders iter 217 ===
  OMP: t₀=-13.956796, UB=38.334136, gap=1.36e+00, x=[0, 0, 0, 0, 0, 0, 0, 0, 0, 0, 0, 0, 0, 0, 0, 0, 1, 0, 0, 0, 0, 0, 0, 0, 0, 0, 0, 0, 0, 1, 0, 0, 0, 0, 0, 0, 0, 0, 0, 0, 0, 0, 0, 0, 0, 0, 0] (2.749s)
  Sub: Z₀=45.295853 [LOCAL] (0.5s), α=[0.000,0.000,0.000,0.000,0.000,0.000,0.000,0.000,0.000,0.000,0.000,0.000,0.000,0.000,0.000,0.000,0.000,0.000,0.000,0.000,0.000,0.000,1.054,0.209,0.000,0.080,0.000,0.049,6.285,0.100,0.000,0.000,0.000,0.000,0.000,0.403,2.068,0.000,0.000,0.000,0.000,0.000,0.000,0.000,0.000,0.000,0.000]
  Iter 217: LB=-13.956796  UB=38.334136  gap=1.36e+00
  Cut: intercept=-1049.082534, π_x_range=[-827.7281, 549.2525]

=== True-DRO Benders iter 218 ===
  OMP: t₀=-13.956247, UB=38.334136, gap=1.36e+00, x=[0, 0, 0, 0, 0, 0, 0, 0, 0, 0, 0, 0, 0, 0, 0, 0, 0, 0, 0, 0, 0, 0, 0, 0, 0, 0, 0, 0, 0, 1, 0, 0, 0, 0, 0, 0, 0, 0, 0, 0, 0, 0, 0, 0, 0, 0, 0] (2.807s)
  Sub: Z₀=45.295861 [LOCAL] (4.7s), α=[0.000,0.000,0.000,0.000,0.000,0.000,0.000,0.000,0.000,0.000,0.000,0.000,0.000,0.000,0.000,0.000,0.000,0.000,0.000,0.000,0.000,0.000,0.002,1.261,0.000,0.080,0.000,1.050,5.284,0.100,0.000,0.000,0.000,0.000,0.000,0.408,2.063,0.000,0.000,0.000,0.000,0.000,0.000,0.000,0.000,0.000,0.000]
  Iter 218: LB=-13.956247  UB=38.334136  gap=1.36e+00
  Cut: intercept=-503.954222, π_x_range=[-829.3757, 549.2501]

=== True-DRO Benders iter 219 ===
  OMP: t₀=-13.475700, UB=38.334136, gap=1.35e+00, x=[0, 0, 0, 0, 0, 0, 0, 0, 0, 0, 0, 0, 0, 0, 0, 0, 0, 0, 0, 0, 0, 0, 0, 0, 1, 0, 0, 0, 0, 0, 0, 0, 0, 0, 0, 0, 1, 0, 0, 0, 0, 0, 0, 0, 0, 0, 0] (2.670s)
  Sub: Z₀=39.818822 [LOCAL] (0.5s), α=[0.000,0.000,0.000,0.000,0.000,0.000,0.000,0.000,0.000,0.000,0.000,0.000,0.000,0.000,0.000,0.000,0.000,0.000,0.000,0.000,0.000,0.000,0.000,0.000,6.347,0.000,0.000,0.000,0.907,0.000,0.000,0.000,0.000,0.000,0.000,0.000,2.995,0.000,0.000,0.000,0.000,0.000,0.000,0.000,0.000,0.000,0.000]
  Iter 219: LB=-13.475700  UB=38.334136  gap=1.35e+00
  Cut: intercept=-1147.256082, π_x_range=[-831.1374, 599.5920]

=== True-DRO Benders iter 220 ===
  OMP: t₀=-13.450274, UB=38.334136, gap=1.35e+00, x=[0, 0, 0, 0, 0, 0, 0, 0, 0, 0, 0, 0, 0, 0, 1, 0, 0, 0, 0, 0, 0, 0, 0, 0, 0, 0, 0, 1, 0, 0, 0, 0, 0, 0, 0, 0, 0, 0, 0, 0, 0, 0, 0, 0, 0, 0, 0] (2.695s)
  Sub: Z₀=40.405708 [TIME_LIMIT] (16.0s), α=[0.000,0.000,0.000,0.000,0.000,0.000,0.000,0.000,0.000,0.000,0.000,0.000,0.000,0.000,0.000,0.000,0.000,0.000,0.000,0.000,0.000,0.000,0.000,0.000,2.929,0.000,0.000,1.759,5.561,0.000,0.000,0.000,0.000,0.000,0.000,0.000,0.000,0.000,0.000,0.000,0.000,0.000,0.000,0.000,0.000,0.000,0.000]
  Iter 220: LB=-13.450274  UB=38.334136  gap=1.35e+00
  Cut: intercept=-108.252198, π_x_range=[-264.9997, 118.7631]

=== True-DRO Benders iter 221 ===
  OMP: t₀=-8.720857, UB=38.334136, gap=1.23e+00, x=[0, 0, 0, 0, 0, 0, 0, 0, 0, 0, 0, 0, 0, 0, 0, 0, 0, 0, 0, 0, 0, 0, 0, 0, 0, 0, 0, 0, 0, 0, 1, 0, 0, 0, 0, 1, 0, 0, 0, 0, 0, 0, 0, 0, 0, 0, 0] (2.632s)
  Sub: Z₀=43.775626 [LOCAL] (0.5s), α=[0.000,0.000,0.000,0.000,0.000,0.000,0.000,0.000,0.000,0.000,0.000,0.000,0.000,0.000,0.000,0.000,0.000,0.000,0.000,0.000,0.000,0.000,0.000,0.000,2.530,0.000,0.000,0.000,2.744,0.000,0.000,0.000,0.000,0.000,0.000,0.000,4.975,0.000,0.000,0.000,0.000,0.000,0.000,0.000,0.000,0.000,0.000]
  Iter 221: LB=-8.720857  UB=38.334136  gap=1.23e+00
  Cut: intercept=-1120.826262, π_x_range=[-830.9918, 585.9397]

=== True-DRO Benders iter 222 ===
  OMP: t₀=-6.433489, UB=38.334136, gap=1.17e+00, x=[0, 0, 0, 0, 0, 0, 0, 0, 0, 0, 0, 0, 1, 0, 0, 0, 0, 0, 0, 0, 0, 0, 0, 0, 0, 1, 0, 0, 0, 0, 0, 0, 0, 0, 0, 0, 0, 0, 0, 0, 0, 0, 0, 0, 0, 0, 0] (2.877s)
  Sub: Z₀=46.710248 [LOCAL] (0.6s), α=[0.000,0.000,0.000,0.000,0.000,0.000,0.000,0.000,0.000,0.000,0.000,0.000,0.000,0.000,0.000,0.000,0.000,0.000,0.000,0.000,0.000,0.000,0.000,0.000,7.020,2.322,0.000,0.000,0.907,0.000,0.000,0.000,0.000,0.000,0.000,0.000,0.000,0.000,0.000,0.000,0.000,0.000,0.000,0.000,0.000,0.000,0.000]
  Iter 222: LB=-6.433489  UB=38.334136  gap=1.17e+00
  Cut: intercept=-1118.457282, π_x_range=[-830.5415, 589.5675]

=== True-DRO Benders iter 223 ===
  OMP: t₀=-4.835743, UB=38.334136, gap=1.13e+00, x=[0, 0, 0, 0, 0, 0, 0, 0, 0, 1, 0, 0, 0, 0, 0, 0, 0, 0, 0, 0, 0, 0, 0, 0, 0, 1, 0, 0, 0, 0, 0, 0, 0, 0, 0, 0, 0, 0, 0, 0, 0, 0, 0, 0, 0, 0, 0] (2.732s)
  Sub: Z₀=46.710248 [LOCAL] (0.6s), α=[0.000,0.000,0.000,0.000,0.000,0.000,0.000,0.000,0.000,0.000,0.000,0.000,0.000,0.000,0.000,0.000,0.000,0.000,0.000,0.000,0.000,0.000,0.000,0.000,7.006,2.336,0.000,0.000,0.907,0.000,0.000,0.000,0.000,0.000,0.000,0.000,0.000,0.000,0.000,0.000,0.000,0.000,0.000,0.000,0.000,0.000,0.000]
  Iter 223: LB=-4.835743  UB=38.334136  gap=1.13e+00
  Cut: intercept=-1097.146142, π_x_range=[-828.2269, 589.9057]

=== True-DRO Benders iter 224 ===
  OMP: t₀=-4.835735, UB=38.334136, gap=1.13e+00, x=[0, 0, 0, 0, 0, 0, 0, 0, 0, 0, 0, 0, 0, 0, 0, 0, 0, 1, 0, 0, 0, 0, 0, 0, 0, 1, 0, 0, 0, 0, 0, 0, 0, 0, 0, 0, 0, 0, 0, 0, 0, 0, 0, 0, 0, 0, 0] (2.637s)
  Sub: Z₀=46.710248 [LOCAL] (0.7s), α=[0.000,0.000,0.000,0.000,0.000,0.000,0.000,0.000,0.000,0.000,0.000,0.000,0.000,0.000,0.000,0.000,0.000,0.000,0.000,0.000,0.000,0.000,0.000,0.000,6.991,2.351,0.000,0.000,0.907,0.000,0.000,0.000,0.000,0.000,0.000,0.000,0.000,0.000,0.000,0.000,0.000,0.000,0.000,0.000,0.000,0.000,0.000]
  Iter 224: LB=-4.835735  UB=38.334136  gap=1.13e+00
  Cut: intercept=-1113.642446, π_x_range=[-830.5297, 589.9008]

=== True-DRO Benders iter 225 ===
  OMP: t₀=-4.835734, UB=38.334136, gap=1.13e+00, x=[0, 0, 0, 0, 0, 0, 0, 0, 0, 0, 0, 0, 0, 0, 0, 0, 0, 0, 1, 0, 0, 0, 0, 0, 0, 1, 0, 0, 0, 0, 0, 0, 0, 0, 0, 0, 0, 0, 0, 0, 0, 0, 0, 0, 0, 0, 0] (2.747s)
  Sub: Z₀=47.017066 [TIME_LIMIT] (15.7s), α=[0.000,0.000,0.000,0.000,0.000,0.000,0.000,0.000,0.000,0.000,0.000,0.000,0.000,0.000,0.000,0.000,0.000,0.000,0.000,0.000,0.000,0.000,0.000,0.000,7.042,2.301,0.000,0.000,0.907,0.000,0.000,0.000,0.000,0.000,0.000,0.000,0.000,0.000,0.000,0.000,0.000,0.000,0.000,0.000,0.000,0.000,0.000]
  Iter 225: LB=-4.835734  UB=38.334136  gap=1.13e+00
  Cut: intercept=-1.134314, π_x_range=[-273.0000, 25.4916]

=== True-DRO Benders iter 226 ===
  OMP: t₀=-4.835661, UB=38.334136, gap=1.13e+00, x=[0, 0, 0, 0, 0, 0, 0, 0, 0, 0, 0, 0, 0, 0, 0, 0, 1, 0, 0, 0, 0, 0, 0, 0, 0, 1, 0, 0, 0, 0, 0, 0, 0, 0, 0, 0, 0, 0, 0, 0, 0, 0, 0, 0, 0, 0, 0] (2.969s)
  Sub: Z₀=46.710248 [LOCAL] (0.6s), α=[0.000,0.000,0.000,0.000,0.000,0.000,0.000,0.000,0.000,0.000,0.000,0.000,0.000,0.000,0.000,0.000,0.000,0.000,0.000,0.000,0.000,0.000,0.000,0.000,7.005,2.337,0.000,0.000,0.907,0.000,0.000,0.000,0.000,0.000,0.000,0.000,0.000,0.000,0.000,0.000,0.000,0.000,0.000,0.000,0.000,0.000,0.000]
  Iter 226: LB=-4.835661  UB=38.334136  gap=1.13e+00
  Cut: intercept=-1090.615016, π_x_range=[-830.5334, 589.9258]

=== True-DRO Benders iter 227 ===
  OMP: t₀=-4.430341, UB=38.334136, gap=1.12e+00, x=[0, 0, 0, 0, 0, 0, 0, 0, 0, 0, 0, 0, 0, 0, 1, 1, 0, 0, 0, 0, 0, 0, 0, 0, 0, 0, 0, 0, 0, 0, 0, 0, 0, 0, 0, 0, 0, 0, 0, 0, 0, 0, 0, 0, 0, 0, 0] (2.965s)
  Sub: Z₀=47.836879 [LOCAL] (0.5s), α=[0.000,0.000,0.000,0.000,0.000,0.000,0.000,0.000,0.000,0.000,0.000,0.000,0.000,0.000,0.000,0.000,0.000,0.000,0.000,0.000,0.000,0.000,0.000,0.000,2.929,0.000,0.000,0.038,5.034,0.000,0.000,0.000,0.000,0.000,0.000,0.794,1.454,0.000,0.000,0.000,0.000,0.000,0.000,0.000,0.000,0.000,0.000]
  Iter 227: LB=-4.430341  UB=38.334136  gap=1.12e+00
  Cut: intercept=-1085.197145, π_x_range=[-829.3804, 591.9014]

=== True-DRO Benders iter 228 ===
  OMP: t₀=-2.351071, UB=38.334136, gap=1.06e+00, x=[0, 0, 0, 0, 0, 0, 0, 0, 0, 0, 0, 0, 0, 0, 0, 0, 0, 0, 0, 0, 0, 0, 0, 0, 0, 1, 0, 0, 0, 0, 1, 0, 0, 0, 0, 0, 0, 0, 0, 0, 0, 0, 0, 0, 0, 0, 0] (2.896s)
  Sub: Z₀=42.708399 [LOCAL] (0.5s), α=[0.000,0.000,0.000,0.000,0.000,0.000,0.000,0.000,0.000,0.000,0.000,0.000,0.000,0.000,0.000,0.000,0.000,0.000,0.000,0.000,0.000,0.000,0.000,0.000,5.491,0.000,0.000,0.035,4.723,0.000,0.000,0.000,0.000,0.000,0.000,0.000,0.000,0.000,0.000,0.000,0.000,0.000,0.000,0.000,0.000,0.000,0.000]
  Iter 228: LB=-2.351071  UB=38.334136  gap=1.06e+00
  Cut: intercept=-1129.329491, π_x_range=[-829.6074, 591.2968]

=== True-DRO Benders iter 229 ===
  OMP: t₀=-1.598683, UB=38.334136, gap=1.04e+00, x=[0, 0, 0, 0, 0, 0, 0, 0, 0, 0, 0, 0, 0, 0, 0, 0, 0, 0, 0, 0, 0, 0, 0, 0, 0, 0, 0, 1, 1, 0, 0, 0, 0, 0, 0, 0, 0, 0, 0, 0, 0, 0, 0, 0, 0, 0, 0] (2.928s)
  Sub: Z₀=35.041530 [LOCAL] (0.4s), α=[0.000,0.000,0.000,0.000,0.000,0.000,0.000,0.000,0.000,0.000,0.000,0.000,0.000,0.000,0.000,0.000,0.000,0.000,0.000,0.000,0.000,0.000,0.000,0.000,0.000,0.000,0.000,3.680,6.412,0.000,0.000,0.000,0.000,0.000,0.000,0.000,0.157,0.000,0.000,0.000,0.000,0.000,0.000,0.000,0.000,0.000,0.000]
  Iter 229: LB=-1.598683  UB=38.334136  gap=1.04e+00
  Cut: intercept=-1148.083996, π_x_range=[-829.5558, 598.1109]

=== True-DRO Benders iter 230 ===
  OMP: t₀=0.800729, UB=38.334136, gap=9.79e-01, x=[0, 0, 0, 0, 0, 0, 0, 0, 0, 0, 0, 0, 0, 1, 0, 1, 0, 0, 0, 0, 0, 0, 0, 0, 0, 0, 0, 0, 0, 0, 0, 0, 0, 0, 0, 0, 0, 0, 0, 0, 0, 0, 0, 0, 0, 0, 0] (3.034s)
  Sub: Z₀=47.620604 [TIME_LIMIT] (15.9s), α=[0.000,0.000,0.000,0.000,0.000,0.000,0.000,0.000,0.000,0.000,0.000,0.000,0.000,0.000,0.000,0.000,0.000,0.000,0.000,0.000,0.000,0.000,0.000,0.000,3.578,0.000,0.000,0.098,4.973,0.000,0.000,0.000,0.000,0.000,0.000,1.443,0.157,0.000,0.000,0.000,0.000,0.000,0.000,0.000,0.000,0.000,0.000]
  Iter 230: LB=0.800729  UB=38.334136  gap=9.79e-01
  Cut: intercept=-123.884219, π_x_range=[-257.0000, 141.9472]

=== True-DRO Benders iter 231 ===
  OMP: t₀=2.111568, UB=38.334136, gap=9.45e-01, x=[0, 0, 0, 0, 0, 0, 0, 0, 0, 0, 0, 0, 0, 0, 0, 1, 0, 0, 0, 0, 0, 0, 0, 0, 0, 0, 0, 0, 1, 0, 0, 0, 0, 0, 0, 0, 0, 0, 0, 0, 0, 0, 0, 0, 0, 0, 0] (3.118s)
  Sub: Z₀=44.645563 [LOCAL] (0.6s), α=[0.000,0.000,0.000,0.000,0.000,0.000,0.000,0.000,0.000,0.000,0.000,0.000,0.000,0.000,0.000,0.000,0.000,0.000,0.000,0.000,0.000,0.000,0.000,0.000,3.578,0.000,0.000,0.029,5.042,0.000,0.000,0.000,0.000,0.000,0.000,1.443,0.157,0.000,0.000,0.000,0.000,0.000,0.000,0.000,0.000,0.000,0.000]
  Iter 231: LB=2.111568  UB=38.334136  gap=9.45e-01
  Cut: intercept=-1092.224492, π_x_range=[-829.9304, 596.1769]

=== True-DRO Benders iter 232 ===
  OMP: t₀=2.350761, UB=38.334136, gap=9.39e-01, x=[0, 0, 0, 0, 0, 0, 0, 0, 0, 0, 0, 1, 0, 0, 0, 1, 0, 0, 0, 0, 0, 0, 0, 0, 0, 0, 0, 0, 0, 0, 0, 0, 0, 0, 0, 0, 0, 0, 0, 0, 0, 0, 0, 0, 0, 0, 0] (3.063s)
  Sub: Z₀=47.620603 [LOCAL] (0.5s), α=[0.000,0.000,0.000,0.000,0.000,0.000,0.000,0.000,0.000,0.000,0.000,0.000,0.000,0.000,0.000,0.000,0.000,0.000,0.000,0.000,0.000,0.000,0.000,0.000,3.578,0.000,0.000,0.039,5.033,0.000,0.000,0.000,0.000,0.000,0.000,1.443,0.157,0.000,0.000,0.000,0.000,0.000,0.000,0.000,0.000,0.000,0.000]
  Iter 232: LB=2.350761  UB=38.334136  gap=9.39e-01
  Cut: intercept=-1079.892126, π_x_range=[-829.4031, 585.0688]

=== True-DRO Benders iter 233 ===
  OMP: t₀=3.231560, UB=38.334136, gap=9.16e-01, x=[0, 0, 0, 0, 0, 0, 0, 0, 0, 0, 0, 0, 1, 0, 0, 1, 0, 0, 0, 0, 0, 0, 0, 0, 0, 0, 0, 0, 0, 0, 0, 0, 0, 0, 0, 0, 0, 0, 0, 0, 0, 0, 0, 0, 0, 0, 0] (3.220s)
  Sub: Z₀=47.620603 [LOCAL] (0.5s), α=[0.000,0.000,0.000,0.000,0.000,0.000,0.000,0.000,0.000,0.000,0.000,0.000,0.000,0.000,0.000,0.000,0.000,0.000,0.000,0.000,0.000,0.000,0.000,0.000,3.578,0.000,0.000,0.039,5.033,0.000,0.000,0.000,0.000,0.000,0.000,1.443,0.157,0.000,0.000,0.000,0.000,0.000,0.000,0.000,0.000,0.000,0.000]
  Iter 233: LB=3.231560  UB=38.334136  gap=9.16e-01
  Cut: intercept=-1076.171512, π_x_range=[-829.3981, 581.3600]

=== True-DRO Benders iter 234 ===
  OMP: t₀=4.573299, UB=38.334136, gap=8.81e-01, x=[0, 0, 0, 0, 0, 0, 0, 0, 0, 0, 0, 0, 0, 0, 1, 0, 0, 0, 0, 0, 0, 0, 0, 0, 0, 0, 0, 0, 0, 0, 1, 0, 0, 0, 0, 0, 0, 0, 0, 0, 0, 0, 0, 0, 0, 0, 0] (3.113s)
  Sub: Z₀=42.738547 [LOCAL] (0.6s), α=[0.000,0.000,0.000,0.000,0.000,0.000,0.000,0.000,0.000,0.000,0.000,0.000,0.000,0.000,0.000,0.000,0.000,0.000,0.000,0.000,0.000,0.000,0.000,0.000,0.674,0.000,0.000,0.034,4.524,0.000,5.017,0.000,0.000,0.000,0.000,0.000,0.000,0.000,0.000,0.000,0.000,0.000,0.000,0.000,0.000,0.000,0.000]
  Iter 234: LB=4.573299  UB=38.334136  gap=8.81e-01
  Cut: intercept=-1117.975235, π_x_range=[-829.2987, 591.5952]

=== True-DRO Benders iter 235 ===
  OMP: t₀=4.798269, UB=38.334136, gap=8.75e-01, x=[0, 0, 0, 0, 0, 0, 0, 0, 0, 0, 0, 0, 0, 0, 0, 1, 0, 0, 0, 0, 0, 0, 0, 0, 0, 0, 0, 0, 0, 0, 1, 0, 0, 0, 0, 0, 0, 0, 0, 0, 0, 0, 0, 0, 0, 0, 0] (3.084s)
  Sub: Z₀=43.618473 [TIME_LIMIT] (16.1s), α=[0.000,0.000,0.000,0.000,0.000,0.000,0.000,0.000,0.000,0.000,0.000,0.000,0.000,0.000,0.000,0.000,0.000,0.000,0.000,0.000,0.000,0.000,0.031,0.030,5.529,0.000,0.000,0.000,2.806,0.000,0.929,0.790,0.000,0.000,0.038,0.059,0.036,0.000,0.000,0.000,0.000,0.000,0.000,0.000,0.000,0.000,0.000]
  Iter 235: LB=4.798269  UB=38.334136  gap=8.75e-01
  Cut: intercept=-118.190650, π_x_range=[-267.0000, 122.9339]

=== True-DRO Benders iter 236 ===
  OMP: t₀=4.829306, UB=38.334136, gap=8.74e-01, x=[0, 0, 0, 0, 0, 0, 0, 0, 0, 1, 0, 0, 0, 0, 0, 1, 0, 0, 0, 0, 0, 0, 0, 0, 0, 0, 0, 0, 0, 0, 0, 0, 0, 0, 0, 0, 0, 0, 0, 0, 0, 0, 0, 0, 0, 0, 0] (3.009s)
  Sub: Z₀=47.620604 [LOCAL] (0.4s), α=[0.000,0.000,0.000,0.000,0.000,0.000,0.000,0.000,0.000,0.000,0.000,0.000,0.000,0.000,0.000,0.000,0.000,0.000,0.000,0.000,0.000,0.000,0.000,0.000,3.578,0.000,0.000,0.043,5.028,0.000,0.000,0.000,0.000,0.000,0.000,1.443,0.157,0.000,0.000,0.000,0.000,0.000,0.000,0.000,0.000,0.000,0.000]
  Iter 236: LB=4.829306  UB=38.334136  gap=8.74e-01
  Cut: intercept=-1046.738729, π_x_range=[-825.6889, 551.9405]

=== True-DRO Benders iter 237 ===
  OMP: t₀=4.829313, UB=38.334136, gap=8.74e-01, x=[0, 0, 0, 0, 0, 0, 0, 0, 0, 0, 0, 0, 0, 0, 0, 1, 0, 1, 0, 0, 0, 0, 0, 0, 0, 0, 0, 0, 0, 0, 0, 0, 0, 0, 0, 0, 0, 0, 0, 0, 0, 0, 0, 0, 0, 0, 0] (3.065s)
  Sub: Z₀=47.620603 [LOCAL] (0.5s), α=[0.000,0.000,0.000,0.000,0.000,0.000,0.000,0.000,0.000,0.000,0.000,0.000,0.000,0.000,0.000,0.000,0.000,0.000,0.000,0.000,0.000,0.000,0.000,0.000,3.578,0.000,0.000,0.039,5.033,0.000,0.000,0.000,0.000,0.000,0.000,1.443,0.157,0.000,0.000,0.000,0.000,0.000,0.000,0.000,0.000,0.000,0.000]
  Iter 237: LB=4.829313  UB=38.334136  gap=8.74e-01
  Cut: intercept=-1070.587822, π_x_range=[-829.3997, 575.7621]

=== True-DRO Benders iter 238 ===
  OMP: t₀=4.829314, UB=38.334136, gap=8.74e-01, x=[0, 0, 0, 0, 0, 0, 0, 0, 0, 0, 0, 0, 0, 0, 0, 1, 0, 0, 1, 0, 0, 0, 0, 0, 0, 0, 0, 0, 0, 0, 0, 0, 0, 0, 0, 0, 0, 0, 0, 0, 0, 0, 0, 0, 0, 0, 0] (2.855s)
  Sub: Z₀=47.620603 [LOCAL] (0.5s), α=[0.000,0.000,0.000,0.000,0.000,0.000,0.000,0.000,0.000,0.000,0.000,0.000,0.000,0.000,0.000,0.000,0.000,0.000,0.000,0.000,0.000,0.000,0.000,0.000,3.578,0.000,0.000,0.039,5.033,0.000,0.000,0.000,0.000,0.000,0.000,1.443,0.157,0.000,0.000,0.000,0.000,0.000,0.000,0.000,0.000,0.000,0.000]
  Iter 238: LB=4.829314  UB=38.334136  gap=8.74e-01
  Cut: intercept=-1087.568954, π_x_range=[-829.4147, 592.8079]

=== True-DRO Benders iter 239 ===
  OMP: t₀=4.829387, UB=38.334136, gap=8.74e-01, x=[0, 0, 0, 0, 0, 0, 0, 0, 0, 0, 0, 0, 0, 0, 0, 1, 1, 0, 0, 0, 0, 0, 0, 0, 0, 0, 0, 0, 0, 0, 0, 0, 0, 0, 0, 0, 0, 0, 0, 0, 0, 0, 0, 0, 0, 0, 0] (2.994s)
  Sub: Z₀=47.620603 [LOCAL] (0.4s), α=[0.000,0.000,0.000,0.000,0.000,0.000,0.000,0.000,0.000,0.000,0.000,0.000,0.000,0.000,0.000,0.000,0.000,0.000,0.000,0.000,0.000,0.000,0.000,0.000,3.578,0.000,0.000,0.041,5.030,0.000,0.000,0.000,0.000,0.000,0.000,1.443,0.157,0.000,0.000,0.000,0.000,0.000,0.000,0.000,0.000,0.000,0.000]
  Iter 239: LB=4.829387  UB=38.334136  gap=8.74e-01
  Cut: intercept=-1039.418210, π_x_range=[-829.4060, 544.5603]

=== True-DRO Benders iter 240 ===
  OMP: t₀=5.686223, UB=38.334136, gap=8.52e-01, x=[0, 0, 0, 0, 0, 0, 0, 0, 0, 0, 0, 0, 0, 1, 1, 0, 0, 0, 0, 0, 0, 0, 0, 0, 0, 0, 0, 0, 0, 0, 0, 0, 0, 0, 0, 0, 0, 0, 0, 0, 0, 0, 0, 0, 0, 0, 0] (2.993s)
  Sub: Z₀=47.934498 [TIME_LIMIT] (16.0s), α=[0.000,0.000,0.000,0.000,0.000,0.000,0.000,0.000,0.000,0.000,0.000,0.000,0.000,0.000,0.000,0.000,0.000,0.000,0.000,0.000,0.000,0.000,0.000,0.000,2.929,0.000,0.000,0.096,4.975,0.000,0.000,0.000,0.000,0.000,0.000,0.246,2.003,0.000,0.000,0.000,0.000,0.000,0.000,0.000,0.000,0.000,0.000]
  Iter 240: LB=5.686223  UB=38.334136  gap=8.52e-01
  Cut: intercept=-2.194784, π_x_range=[-242.0000, 25.5477]

=== True-DRO Benders iter 241 ===
  OMP: t₀=6.480728, UB=38.334136, gap=8.31e-01, x=[0, 0, 0, 0, 0, 0, 0, 0, 0, 0, 0, 0, 0, 0, 0, 0, 0, 0, 0, 0, 0, 0, 0, 0, 0, 0, 0, 0, 1, 0, 1, 0, 0, 0, 0, 0, 0, 0, 0, 0, 0, 0, 0, 0, 0, 0, 0] (3.077s)
  Sub: Z₀=43.354290 [LOCAL] (0.6s), α=[0.000,0.000,0.000,0.000,0.000,0.000,0.000,0.000,0.000,0.000,0.000,0.000,0.000,0.000,0.000,0.000,0.000,0.000,0.000,0.000,0.000,0.000,0.000,0.000,5.656,0.000,0.000,0.000,1.007,0.000,2.605,0.000,0.000,0.000,0.000,0.000,0.981,0.000,0.000,0.000,0.000,0.000,0.000,0.000,0.000,0.000,0.000]
  Iter 241: LB=6.480728  UB=38.334136  gap=8.31e-01
  Cut: intercept=-1133.401376, π_x_range=[-831.2443, 599.0188]

=== True-DRO Benders iter 242 ===
  OMP: t₀=6.585060, UB=38.334136, gap=8.28e-01, x=[0, 0, 0, 0, 0, 0, 0, 0, 0, 0, 0, 0, 0, 0, 0, 0, 0, 0, 0, 0, 0, 0, 0, 0, 0, 0, 0, 0, 0, 0, 1, 0, 0, 1, 0, 0, 0, 0, 0, 0, 0, 0, 0, 0, 0, 0, 0] (3.210s)
  Sub: Z₀=43.407766 [LOCAL] (0.5s), α=[0.000,0.000,0.000,0.000,0.000,0.000,0.000,0.000,0.000,0.000,0.000,0.000,0.000,0.000,0.000,0.000,0.000,0.000,0.000,0.000,0.000,0.000,0.000,0.000,5.491,0.000,0.000,0.000,0.907,0.000,2.737,0.000,0.000,0.000,0.000,0.000,1.114,0.000,0.000,0.000,0.000,0.000,0.000,0.000,0.000,0.000,0.000]
  Iter 242: LB=6.585060  UB=38.334136  gap=8.28e-01
  Cut: intercept=-1110.202163, π_x_range=[-831.4389, 578.1764]

=== True-DRO Benders iter 243 ===
  OMP: t₀=6.997062, UB=38.334136, gap=8.17e-01, x=[0, 0, 0, 0, 0, 0, 0, 0, 0, 0, 0, 0, 0, 0, 1, 0, 0, 0, 0, 0, 0, 0, 0, 0, 0, 0, 0, 0, 1, 0, 0, 0, 0, 0, 0, 0, 0, 0, 0, 0, 0, 0, 0, 0, 0, 0, 0] (3.141s)
  Sub: Z₀=45.186685 [LOCAL] (0.5s), α=[0.000,0.000,0.000,0.000,0.000,0.000,0.000,0.000,0.000,0.000,0.000,0.000,0.000,0.000,0.000,0.000,0.000,0.000,0.000,0.000,0.000,0.000,0.429,0.061,3.397,0.000,0.000,0.031,5.531,0.000,0.000,0.000,0.000,0.000,0.468,0.030,0.303,0.000,0.000,0.000,0.000,0.000,0.000,0.000,0.000,0.000,0.000]
  Iter 243: LB=6.997062  UB=38.334136  gap=8.17e-01
  Cut: intercept=-1142.732558, π_x_range=[-829.3516, 596.6918]

=== True-DRO Benders iter 244 ===
  OMP: t₀=7.236255, UB=38.334136, gap=8.11e-01, x=[0, 0, 0, 0, 0, 0, 0, 0, 0, 0, 0, 1, 0, 0, 1, 0, 0, 0, 0, 0, 0, 0, 0, 0, 0, 0, 0, 0, 0, 0, 0, 0, 0, 0, 0, 0, 0, 0, 0, 0, 0, 0, 0, 0, 0, 0, 0] (3.097s)
  Sub: Z₀=47.254985 [LOCAL] (0.5s), α=[0.000,0.000,0.000,0.000,0.000,0.000,0.000,0.000,0.000,0.000,0.000,0.000,0.000,0.000,0.000,0.000,0.000,0.000,0.000,0.000,0.000,0.000,0.000,0.000,2.908,0.000,0.000,0.037,4.944,0.000,0.000,0.000,0.000,0.000,0.000,0.192,2.169,0.000,0.000,0.000,0.000,0.000,0.000,0.000,0.000,0.000,0.000]
  Iter 244: LB=7.236255  UB=38.334136  gap=8.11e-01
  Cut: intercept=-1124.176153, π_x_range=[-829.1406, 589.9337]

=== True-DRO Benders iter 245 ===
  OMP: t₀=8.117053, UB=38.334136, gap=7.88e-01, x=[0, 0, 0, 0, 0, 0, 0, 0, 0, 0, 0, 0, 1, 0, 1, 0, 0, 0, 0, 0, 0, 0, 0, 0, 0, 0, 0, 0, 0, 0, 0, 0, 0, 0, 0, 0, 0, 0, 0, 0, 0, 0, 0, 0, 0, 0, 0] (3.104s)
  Sub: Z₀=47.934497 [TIME_LIMIT] (15.9s), α=[0.000,0.000,0.000,0.000,0.000,0.000,0.000,0.000,0.000,0.000,0.000,0.000,0.000,0.000,0.000,0.000,0.000,0.000,0.000,0.000,0.000,0.000,0.000,0.000,2.929,0.000,0.000,0.049,5.022,0.000,0.000,0.000,0.000,0.000,0.000,0.452,1.797,0.000,0.000,0.000,0.000,0.000,0.000,0.000,0.000,0.000,0.000]
  Iter 245: LB=8.117053  UB=38.334136  gap=7.88e-01
  Cut: intercept=-9.965106, π_x_range=[-268.0000, 33.3198]

=== True-DRO Benders iter 246 ===
  OMP: t₀=8.154921, UB=38.334136, gap=7.87e-01, x=[0, 0, 0, 0, 0, 0, 0, 0, 0, 0, 0, 0, 1, 0, 0, 0, 0, 0, 0, 0, 0, 0, 0, 0, 0, 0, 0, 0, 0, 0, 1, 0, 0, 0, 0, 0, 0, 0, 0, 0, 0, 0, 0, 0, 0, 0, 0] (3.027s)
  Sub: Z₀=43.685310 [LOCAL] (0.5s), α=[0.000,0.000,0.000,0.000,0.000,0.000,0.000,0.000,0.000,0.000,0.000,0.000,0.000,0.000,0.000,0.000,0.000,0.000,0.000,0.000,0.000,0.000,0.000,0.000,4.869,0.000,0.000,0.000,2.744,0.000,2.441,0.000,0.000,0.000,0.000,0.000,0.195,0.000,0.000,0.000,0.000,0.000,0.000,0.000,0.000,0.000,0.000]
  Iter 246: LB=8.154921  UB=38.334136  gap=7.87e-01
  Cut: intercept=-1110.503130, π_x_range=[-830.4308, 578.5065]

=== True-DRO Benders iter 247 ===
  OMP: t₀=8.813803, UB=38.334136, gap=7.70e-01, x=[0, 0, 0, 0, 0, 0, 0, 0, 0, 0, 0, 0, 0, 0, 0, 0, 0, 0, 1, 0, 0, 0, 0, 0, 0, 0, 0, 0, 0, 0, 0, 0, 0, 0, 0, 1, 0, 0, 0, 0, 0, 0, 0, 0, 0, 0, 0] (3.013s)
  Sub: Z₀=45.144709 [LOCAL] (0.5s), α=[0.000,0.000,0.000,0.000,0.000,0.000,0.000,0.000,0.000,0.000,0.000,0.000,0.000,0.000,0.000,0.000,0.000,0.000,0.000,0.000,0.000,0.000,0.000,0.000,1.958,0.000,0.000,0.000,2.744,0.000,0.000,0.000,0.000,0.000,0.000,3.117,2.430,0.000,0.000,0.000,0.000,0.000,0.000,0.000,0.000,0.000,0.000]
  Iter 247: LB=8.813803  UB=38.334136  gap=7.70e-01
  Cut: intercept=-1130.541411, π_x_range=[-830.4070, 591.8030]

=== True-DRO Benders iter 248 ===
  OMP: t₀=9.714799, UB=38.334136, gap=7.47e-01, x=[0, 0, 0, 0, 0, 0, 0, 0, 0, 1, 0, 0, 0, 0, 1, 0, 0, 0, 0, 0, 0, 0, 0, 0, 0, 0, 0, 0, 0, 0, 0, 0, 0, 0, 0, 0, 0, 0, 0, 0, 0, 0, 0, 0, 0, 0, 0] (3.337s)
  Sub: Z₀=47.934496 [LOCAL] (0.5s), α=[0.000,0.000,0.000,0.000,0.000,0.000,0.000,0.000,0.000,0.000,0.000,0.000,0.000,0.000,0.000,0.000,0.000,0.000,0.000,0.000,0.000,0.000,0.000,0.000,2.929,0.000,0.000,0.042,5.030,0.000,0.000,0.000,0.000,0.000,0.000,0.212,2.035,0.000,0.000,0.000,0.000,0.000,0.000,0.000,0.000,0.000,0.000]
  Iter 248: LB=9.714799  UB=38.334136  gap=7.47e-01
  Cut: intercept=-1091.666923, π_x_range=[-825.6596, 591.3624]

=== True-DRO Benders iter 249 ===
  OMP: t₀=9.714807, UB=38.334136, gap=7.47e-01, x=[0, 0, 0, 0, 0, 0, 0, 0, 0, 0, 0, 0, 0, 0, 1, 0, 0, 1, 0, 0, 0, 0, 0, 0, 0, 0, 0, 0, 0, 0, 0, 0, 0, 0, 0, 0, 0, 0, 0, 0, 0, 0, 0, 0, 0, 0, 0] (3.072s)
  Sub: Z₀=47.934496 [LOCAL] (0.5s), α=[0.000,0.000,0.000,0.000,0.000,0.000,0.000,0.000,0.000,0.000,0.000,0.000,0.000,0.000,0.000,0.000,0.000,0.000,0.000,0.000,0.000,0.000,0.000,0.000,2.929,0.000,0.000,0.038,5.034,0.000,0.000,0.000,0.000,0.000,0.000,0.326,1.922,0.000,0.000,0.000,0.000,0.000,0.000,0.000,0.000,0.000,0.000]
  Iter 249: LB=9.714807  UB=38.334136  gap=7.47e-01
  Cut: intercept=-1115.458366, π_x_range=[-829.3775, 591.4013]

=== True-DRO Benders iter 250 ===
  OMP: t₀=9.714808, UB=38.334136, gap=7.47e-01, x=[0, 0, 0, 0, 0, 0, 0, 0, 0, 0, 0, 0, 0, 0, 1, 0, 0, 0, 1, 0, 0, 0, 0, 0, 0, 0, 0, 0, 0, 0, 0, 0, 0, 0, 0, 0, 0, 0, 0, 0, 0, 0, 0, 0, 0, 0, 0] (2.955s)
  Sub: Z₀=47.934497 [TIME_LIMIT] (15.8s), α=[0.000,0.000,0.000,0.000,0.000,0.000,0.000,0.000,0.000,0.000,0.000,0.000,0.000,0.000,0.000,0.000,0.000,0.000,0.000,0.000,0.000,0.000,0.000,0.000,2.929,0.000,0.000,0.049,5.022,0.000,0.000,0.000,0.000,0.000,0.000,0.240,2.009,0.000,0.000,0.000,0.000,0.000,0.000,0.000,0.000,0.000,0.000]
  Iter 250: LB=9.714808  UB=38.334136  gap=7.47e-01
  Cut: intercept=1.267730, π_x_range=[-268.0000, 24.5691]

=== True-DRO Benders iter 251 ===
  OMP: t₀=9.714881, UB=38.334136, gap=7.47e-01, x=[0, 0, 0, 0, 0, 0, 0, 0, 0, 0, 0, 0, 0, 0, 1, 0, 1, 0, 0, 0, 0, 0, 0, 0, 0, 0, 0, 0, 0, 0, 0, 0, 0, 0, 0, 0, 0, 0, 0, 0, 0, 0, 0, 0, 0, 0, 0] (2.987s)
  Sub: Z₀=47.934496 [LOCAL] (0.5s), α=[0.000,0.000,0.000,0.000,0.000,0.000,0.000,0.000,0.000,0.000,0.000,0.000,0.000,0.000,0.000,0.000,0.000,0.000,0.000,0.000,0.000,0.000,0.000,0.000,2.929,0.000,0.000,0.041,5.032,0.000,0.000,0.000,0.000,0.000,0.000,0.210,2.037,0.000,0.000,0.000,0.000,0.000,0.000,0.000,0.000,0.000,0.000]
  Iter 251: LB=9.714881  UB=38.334136  gap=7.47e-01
  Cut: intercept=-1087.602096, π_x_range=[-829.3735, 591.3379]

=== True-DRO Benders iter 252 ===
  OMP: t₀=10.663035, UB=38.334136, gap=7.22e-01, x=[0, 0, 0, 0, 0, 0, 0, 0, 0, 0, 0, 0, 0, 0, 0, 0, 0, 0, 0, 0, 0, 0, 0, 0, 0, 0, 0, 1, 0, 0, 0, 0, 0, 0, 0, 0, 0, 0, 0, 0, 0, 0, 0, 0, 0, 0, 0] (2.931s)
  Sub: Z₀=35.836545 [LOCAL] (0.4s), α=[0.000,0.000,0.000,0.000,0.000,0.000,0.000,0.000,0.000,0.000,0.000,0.000,0.000,0.000,0.000,0.000,0.000,0.000,0.000,0.000,0.000,0.000,0.000,0.000,0.000,0.000,0.000,3.903,6.216,0.000,0.000,0.000,0.000,0.000,0.000,0.000,0.131,0.000,0.000,0.000,0.000,0.000,0.000,0.000,0.000,0.000,0.000]
  Iter 252: LB=10.663035  UB=38.334136  gap=7.22e-01
  Cut: intercept=-547.115806, π_x_range=[-828.3840, 582.9524]

=== True-DRO Benders iter 253 ===
  OMP: t₀=11.126732, UB=38.334136, gap=7.10e-01, x=[0, 0, 0, 0, 0, 0, 0, 0, 0, 0, 1, 0, 0, 0, 0, 0, 0, 0, 0, 0, 0, 0, 0, 0, 0, 0, 0, 0, 0, 0, 0, 0, 0, 0, 0, 0, 0, 0, 0, 0, 0, 0, 0, 0, 0, 0, 0] (3.048s)
  Sub: Z₀=43.704852 [LOCAL] (0.5s), α=[0.000,0.000,0.000,0.000,0.000,0.000,0.000,0.000,0.000,0.000,0.000,0.000,0.000,0.000,0.000,0.000,0.000,0.000,0.000,0.000,0.000,0.000,4.451,0.000,0.000,0.000,0.000,0.000,5.798,0.000,0.000,0.000,0.000,0.000,0.000,0.000,0.000,0.000,0.000,0.000,0.000,0.000,0.000,0.000,0.000,0.000,0.000]
  Iter 253: LB=11.126732  UB=38.334136  gap=7.10e-01
  Cut: intercept=-511.117256, π_x_range=[-829.5607, 554.8221]

=== True-DRO Benders iter 254 ===
  OMP: t₀=11.678121, UB=38.334136, gap=6.95e-01, x=[0, 0, 0, 0, 0, 0, 0, 0, 0, 0, 0, 0, 0, 1, 0, 0, 0, 0, 0, 0, 0, 0, 0, 0, 0, 0, 0, 0, 0, 0, 0, 0, 0, 0, 0, 1, 0, 0, 0, 0, 0, 0, 0, 0, 0, 0, 0] (3.066s)
  Sub: Z₀=45.144709 [LOCAL] (0.5s), α=[0.000,0.000,0.000,0.000,0.000,0.000,0.000,0.000,0.000,0.000,0.000,0.000,0.000,0.000,0.000,0.000,0.000,0.000,0.000,0.000,0.000,0.000,0.000,0.000,1.958,0.000,0.000,0.000,2.744,0.000,0.000,0.000,0.000,0.000,0.000,3.144,2.403,0.000,0.000,0.000,0.000,0.000,0.000,0.000,0.000,0.000,0.000]
  Iter 254: LB=11.678121  UB=38.334136  gap=6.95e-01
  Cut: intercept=-1132.061970, π_x_range=[-830.4298, 593.3098]

=== True-DRO Benders iter 255 ===
  OMP: t₀=12.228132, UB=38.334136, gap=6.81e-01, x=[0, 0, 0, 0, 0, 0, 0, 0, 0, 0, 0, 0, 0, 1, 0, 0, 0, 0, 0, 0, 0, 0, 0, 0, 0, 0, 0, 0, 1, 0, 0, 0, 0, 0, 0, 0, 0, 0, 0, 0, 0, 0, 0, 0, 0, 0, 0] (3.185s)
  Sub: Z₀=45.583237 [TIME_LIMIT] (15.8s), α=[0.000,0.000,0.000,0.000,0.000,0.000,0.000,0.000,0.000,0.000,0.000,0.000,0.000,0.000,0.000,0.000,0.000,0.000,0.000,0.000,0.000,0.000,0.000,0.000,4.323,0.000,0.000,0.000,3.842,0.000,0.000,0.000,0.000,0.000,0.000,0.483,1.601,0.000,0.000,0.000,0.000,0.000,0.000,0.000,0.000,0.000,0.000]
  Iter 255: LB=12.228132  UB=38.334136  gap=6.81e-01
  Cut: intercept=14.886132, π_x_range=[-277.0000, 27.0689]

=== True-DRO Benders iter 256 ===
  OMP: t₀=12.467325, UB=38.334136, gap=6.75e-01, x=[0, 0, 0, 0, 0, 0, 0, 0, 0, 0, 0, 1, 0, 1, 0, 0, 0, 0, 0, 0, 0, 0, 0, 0, 0, 0, 0, 0, 0, 0, 0, 0, 0, 0, 0, 0, 0, 0, 0, 0, 0, 0, 0, 0, 0, 0, 0] (3.145s)
  Sub: Z₀=48.053728 [LOCAL] (2.4s), α=[0.000,0.000,0.000,0.000,0.000,0.000,0.000,0.000,0.000,0.000,0.000,0.000,0.000,0.000,0.000,0.000,0.000,0.000,0.000,0.000,0.000,0.000,0.000,0.000,2.929,0.000,0.000,0.075,4.911,0.000,0.000,0.000,0.000,0.000,0.000,0.236,2.099,0.000,0.000,0.000,0.000,0.000,0.000,0.000,0.000,0.000,0.000]
  Iter 256: LB=12.467325  UB=38.334136  gap=6.75e-01
  Cut: intercept=-1125.681801, π_x_range=[-829.2585, 590.9123]

=== True-DRO Benders iter 257 ===
  OMP: t₀=12.829120, UB=38.334136, gap=6.65e-01, x=[0, 0, 0, 0, 0, 0, 0, 0, 0, 0, 0, 0, 0, 0, 0, 0, 0, 0, 0, 0, 0, 0, 0, 0, 0, 0, 0, 0, 0, 0, 0, 0, 0, 0, 1, 0, 0, 0, 0, 0, 0, 0, 0, 0, 0, 0, 0] (3.083s)
  Sub: Z₀=43.622750 [LOCAL] (0.6s), α=[0.000,0.000,0.000,0.000,0.000,0.000,0.000,0.000,0.000,0.000,0.000,0.000,0.000,0.000,0.000,0.000,0.000,0.000,0.000,0.000,0.000,0.000,0.484,0.134,1.902,0.000,0.000,0.000,3.363,0.000,0.000,0.194,0.000,0.000,4.044,0.072,0.056,0.000,0.000,0.000,0.000,0.000,0.000,0.000,0.000,0.000,0.000]
  Iter 257: LB=12.829120  UB=38.334136  gap=6.65e-01
  Cut: intercept=-548.380796, π_x_range=[-829.5529, 592.0035]

=== True-DRO Benders iter 258 ===
  OMP: t₀=13.348124, UB=38.334136, gap=6.52e-01, x=[0, 0, 0, 0, 0, 0, 0, 0, 0, 0, 0, 0, 1, 1, 0, 0, 0, 0, 0, 0, 0, 0, 0, 0, 0, 0, 0, 0, 0, 0, 0, 0, 0, 0, 0, 0, 0, 0, 0, 0, 0, 0, 0, 0, 0, 0, 0] (3.013s)
  Sub: Z₀=48.053728 [LOCAL] (0.7s), α=[0.000,0.000,0.000,0.000,0.000,0.000,0.000,0.000,0.000,0.000,0.000,0.000,0.000,0.000,0.000,0.000,0.000,0.000,0.000,0.000,0.000,0.000,0.000,0.000,2.929,0.000,0.000,0.080,4.930,0.000,0.000,0.000,0.000,0.000,0.000,0.509,1.802,0.000,0.000,0.000,0.000,0.000,0.000,0.000,0.000,0.000,0.000]
  Iter 258: LB=13.348124  UB=38.334136  gap=6.52e-01
  Cut: intercept=-1119.950827, π_x_range=[-829.2625, 590.9385]

=== True-DRO Benders iter 259 ===
  OMP: t₀=13.710124, UB=38.334136, gap=6.42e-01, x=[0, 0, 0, 0, 0, 0, 0, 0, 0, 0, 0, 0, 0, 0, 0, 0, 0, 0, 0, 0, 0, 0, 0, 0, 0, 1, 0, 0, 0, 0, 0, 0, 0, 0, 0, 0, 1, 0, 0, 0, 0, 0, 0, 0, 0, 0, 0] (3.132s)
  Sub: Z₀=44.110567 [LOCAL] (0.5s), α=[0.000,0.000,0.000,0.000,0.000,0.000,0.000,0.000,0.000,0.000,0.000,0.000,0.000,0.000,0.000,0.000,0.000,0.000,0.000,0.000,0.000,0.000,0.000,0.000,0.160,0.000,0.000,0.000,2.744,0.000,0.000,0.000,0.000,0.000,0.000,0.000,7.345,0.000,0.000,0.000,0.000,0.000,0.000,0.000,0.000,0.000,0.000]
  Iter 259: LB=13.710124  UB=38.334136  gap=6.42e-01
  Cut: intercept=-1137.867678, π_x_range=[-831.4463, 596.1658]

=== True-DRO Benders iter 260 ===
  OMP: t₀=13.824853, UB=38.334136, gap=6.39e-01, x=[0, 0, 0, 0, 0, 0, 0, 0, 0, 0, 0, 0, 0, 1, 0, 0, 0, 0, 0, 0, 0, 0, 0, 0, 0, 0, 0, 0, 0, 0, 1, 0, 0, 0, 0, 0, 0, 0, 0, 0, 0, 0, 0, 0, 0, 0, 0] (2.959s)
  Sub: Z₀=44.547259 [TIME_LIMIT] (15.8s), α=[0.000,0.000,0.000,0.000,0.000,0.000,0.000,0.000,0.000,0.000,0.000,0.000,0.000,0.000,0.000,0.000,0.000,0.000,0.000,0.000,0.000,0.000,0.000,0.000,5.491,0.000,0.000,0.000,0.907,0.000,2.737,0.000,0.000,0.000,0.000,0.000,1.114,0.000,0.000,0.000,0.000,0.000,0.000,0.000,0.000,0.000,0.000]
  Iter 260: LB=13.824853  UB=38.334136  gap=6.39e-01
  Cut: intercept=-50.960290, π_x_range=[-262.0000, 65.9335]

=== True-DRO Benders iter 261 ===
  OMP: t₀=14.359270, UB=38.334136, gap=6.25e-01, x=[0, 0, 0, 0, 0, 0, 0, 0, 0, 0, 0, 1, 0, 0, 0, 0, 0, 0, 0, 0, 0, 0, 0, 0, 0, 0, 0, 0, 0, 0, 1, 0, 0, 0, 0, 0, 0, 0, 0, 0, 0, 0, 0, 0, 0, 0, 0] (3.063s)
  Sub: Z₀=43.968600 [LOCAL] (0.5s), α=[0.000,0.000,0.000,0.000,0.000,0.000,0.000,0.000,0.000,0.000,0.000,0.000,0.000,0.000,0.000,0.000,0.000,0.000,0.000,0.000,0.000,0.000,0.000,0.000,5.491,0.000,0.000,0.000,1.172,0.000,2.605,0.000,0.000,0.000,0.000,0.000,0.981,0.000,0.000,0.000,0.000,0.000,0.000,0.000,0.000,0.000,0.000]
  Iter 261: LB=14.359270  UB=38.334136  gap=6.25e-01
  Cut: intercept=-1122.517339, π_x_range=[-830.7761, 587.9115]

=== True-DRO Benders iter 262 ===
  OMP: t₀=14.494941, UB=38.334136, gap=6.22e-01, x=[0, 0, 0, 0, 0, 0, 0, 0, 0, 0, 0, 0, 0, 0, 0, 0, 0, 0, 1, 0, 0, 0, 0, 0, 0, 0, 0, 0, 0, 0, 1, 0, 0, 0, 0, 0, 0, 0, 0, 0, 0, 0, 0, 0, 0, 0, 0] (2.880s)
  Sub: Z₀=43.968600 [LOCAL] (0.5s), α=[0.000,0.000,0.000,0.000,0.000,0.000,0.000,0.000,0.000,0.000,0.000,0.000,0.000,0.000,0.000,0.000,0.000,0.000,0.000,0.000,0.000,0.000,0.000,0.000,5.491,0.000,0.000,0.000,1.172,0.000,2.605,0.000,0.000,0.000,0.000,0.000,0.981,0.000,0.000,0.000,0.000,0.000,0.000,0.000,0.000,0.000,0.000]
  Iter 262: LB=14.494941  UB=38.334136  gap=6.22e-01
  Cut: intercept=-1128.141283, π_x_range=[-830.7864, 593.4371]

=== True-DRO Benders iter 263 ===
  OMP: t₀=14.494980, UB=38.334136, gap=6.22e-01, x=[0, 0, 0, 0, 0, 0, 0, 0, 0, 0, 0, 0, 0, 0, 0, 0, 1, 0, 0, 0, 0, 0, 0, 0, 0, 0, 0, 0, 0, 0, 1, 0, 0, 0, 0, 0, 0, 0, 0, 0, 0, 0, 0, 0, 0, 0, 0] (3.036s)
  Sub: Z₀=43.743025 [LOCAL] (0.5s), α=[0.000,0.000,0.000,0.000,0.000,0.000,0.000,0.000,0.000,0.000,0.000,0.000,0.000,0.000,0.000,0.000,0.000,0.000,0.000,0.000,0.000,0.000,0.000,0.000,5.491,0.000,0.000,0.000,1.172,0.000,2.605,0.000,0.000,0.000,0.000,0.000,0.981,0.000,0.000,0.000,0.000,0.000,0.000,0.000,0.000,0.000,0.000]
  Iter 263: LB=14.494980  UB=38.334136  gap=6.22e-01
  Cut: intercept=-1079.258174, π_x_range=[-830.6130, 578.6157]

=== True-DRO Benders iter 264 ===
  OMP: t₀=14.494988, UB=38.334136, gap=6.22e-01, x=[0, 0, 0, 0, 0, 0, 0, 0, 0, 0, 0, 0, 0, 0, 0, 0, 0, 1, 0, 0, 0, 0, 0, 0, 0, 0, 0, 0, 0, 0, 1, 0, 0, 0, 0, 0, 0, 0, 0, 0, 0, 0, 0, 0, 0, 0, 0] (3.366s)
  Sub: Z₀=43.968600 [LOCAL] (0.5s), α=[0.000,0.000,0.000,0.000,0.000,0.000,0.000,0.000,0.000,0.000,0.000,0.000,0.000,0.000,0.000,0.000,0.000,0.000,0.000,0.000,0.000,0.000,0.000,0.000,5.491,0.000,0.000,0.000,1.172,0.000,2.605,0.000,0.000,0.000,0.000,0.000,0.981,0.000,0.000,0.000,0.000,0.000,0.000,0.000,0.000,0.000,0.000]
  Iter 264: LB=14.494988  UB=38.334136  gap=6.22e-01
  Cut: intercept=-1113.025596, π_x_range=[-830.7720, 578.5840]

=== True-DRO Benders iter 265 ===
  OMP: t₀=14.658963, UB=38.334136, gap=6.18e-01, x=[0, 0, 0, 0, 0, 0, 0, 0, 0, 0, 0, 0, 1, 0, 0, 0, 0, 0, 0, 0, 0, 0, 0, 0, 0, 0, 0, 0, 1, 0, 0, 0, 0, 0, 0, 0, 0, 0, 0, 0, 0, 0, 0, 0, 0, 0, 0] (3.098s)
  Sub: Z₀=45.583237 [TIME_LIMIT] (15.7s), α=[0.000,0.000,0.000,0.000,0.000,0.000,0.000,0.000,0.000,0.000,0.000,0.000,0.000,0.000,0.000,0.000,0.000,0.000,0.000,0.000,0.000,0.000,0.000,0.000,4.323,0.000,0.000,0.000,3.842,0.000,0.000,0.000,0.000,0.000,0.000,0.715,1.370,0.000,0.000,0.000,0.000,0.000,0.000,0.000,0.000,0.000,0.000]
  Iter 265: LB=14.658963  UB=38.334136  gap=6.18e-01
  Cut: intercept=6.684244, π_x_range=[-277.0000, 35.3103]

=== True-DRO Benders iter 266 ===
  OMP: t₀=14.898156, UB=38.334136, gap=6.11e-01, x=[0, 0, 0, 0, 0, 0, 0, 0, 0, 0, 0, 1, 1, 0, 0, 0, 0, 0, 0, 0, 0, 0, 0, 0, 0, 0, 0, 0, 0, 0, 0, 0, 0, 0, 0, 0, 0, 0, 0, 0, 0, 0, 0, 0, 0, 0, 0] (2.898s)
  Sub: Z₀=48.053728 [LOCAL] (0.5s), α=[0.000,0.000,0.000,0.000,0.000,0.000,0.000,0.000,0.000,0.000,0.000,0.000,0.000,0.000,0.000,0.000,0.000,0.000,0.000,0.000,0.000,0.000,0.000,0.000,2.929,0.000,0.000,0.038,4.973,0.000,0.000,0.000,0.000,0.000,0.000,0.504,1.805,0.000,0.000,0.000,0.000,0.000,0.000,0.000,0.000,0.000,0.000]
  Iter 266: LB=14.898156  UB=38.334136  gap=6.11e-01
  Cut: intercept=-1111.837398, π_x_range=[-829.1805, 582.8269]

=== True-DRO Benders iter 267 ===
  OMP: t₀=14.945870, UB=38.334136, gap=6.10e-01, x=[0, 0, 0, 0, 0, 0, 0, 0, 0, 1, 0, 0, 0, 1, 0, 0, 0, 0, 0, 0, 0, 0, 0, 0, 0, 0, 0, 0, 0, 0, 0, 0, 0, 0, 0, 0, 0, 0, 0, 0, 0, 0, 0, 0, 0, 0, 0] (2.779s)
  Sub: Z₀=48.053728 [LOCAL] (0.5s), α=[0.000,0.000,0.000,0.000,0.000,0.000,0.000,0.000,0.000,0.000,0.000,0.000,0.000,0.000,0.000,0.000,0.000,0.000,0.000,0.000,0.000,0.000,0.000,0.000,2.929,0.000,0.000,0.088,4.898,0.000,0.000,0.000,0.000,0.000,0.000,0.240,2.095,0.000,0.000,0.000,0.000,0.000,0.000,0.000,0.000,0.000,0.000]
  Iter 267: LB=14.945870  UB=38.334136  gap=6.10e-01
  Cut: intercept=-1091.147093, π_x_range=[-825.4352, 590.9289]

=== True-DRO Benders iter 268 ===
  OMP: t₀=14.945877, UB=38.334136, gap=6.10e-01, x=[0, 0, 0, 0, 0, 0, 0, 0, 0, 0, 0, 0, 0, 1, 0, 0, 0, 1, 0, 0, 0, 0, 0, 0, 0, 0, 0, 0, 0, 0, 0, 0, 0, 0, 0, 0, 0, 0, 0, 0, 0, 0, 0, 0, 0, 0, 0] (2.816s)
  Sub: Z₀=48.053728 [LOCAL] (0.5s), α=[0.000,0.000,0.000,0.000,0.000,0.000,0.000,0.000,0.000,0.000,0.000,0.000,0.000,0.000,0.000,0.000,0.000,0.000,0.000,0.000,0.000,0.000,0.000,0.000,2.929,0.000,0.000,0.075,4.910,0.000,0.000,0.000,0.000,0.000,0.000,0.353,1.982,0.000,0.000,0.000,0.000,0.000,0.000,0.000,0.000,0.000,0.000]
  Iter 268: LB=14.945877  UB=38.334136  gap=6.10e-01
  Cut: intercept=-1119.912891, π_x_range=[-829.2801, 590.9398]

=== True-DRO Benders iter 269 ===
  OMP: t₀=14.945878, UB=38.334136, gap=6.10e-01, x=[0, 0, 0, 0, 0, 0, 0, 0, 0, 0, 0, 0, 0, 1, 0, 0, 0, 0, 1, 0, 0, 0, 0, 0, 0, 0, 0, 0, 0, 0, 0, 0, 0, 0, 0, 0, 0, 0, 0, 0, 0, 0, 0, 0, 0, 0, 0] (2.936s)
  Sub: Z₀=48.053728 [LOCAL] (0.5s), α=[0.000,0.000,0.000,0.000,0.000,0.000,0.000,0.000,0.000,0.000,0.000,0.000,0.000,0.000,0.000,0.000,0.000,0.000,0.000,0.000,0.000,0.000,0.000,0.000,2.929,0.000,0.000,0.075,4.911,0.000,0.000,0.000,0.000,0.000,0.000,0.231,2.104,0.000,0.000,0.000,0.000,0.000,0.000,0.000,0.000,0.000,0.000]
  Iter 269: LB=14.945878  UB=38.334136  gap=6.10e-01
  Cut: intercept=-1132.732818, π_x_range=[-829.2763, 590.9347]

=== True-DRO Benders iter 270 ===
  OMP: t₀=14.945951, UB=38.334136, gap=6.10e-01, x=[0, 0, 0, 0, 0, 0, 0, 0, 0, 0, 0, 0, 0, 1, 0, 0, 1, 0, 0, 0, 0, 0, 0, 0, 0, 0, 0, 0, 0, 0, 0, 0, 0, 0, 0, 0, 0, 0, 0, 0, 0, 0, 0, 0, 0, 0, 0] (2.853s)
  Sub: Z₀=48.053729 [TIME_LIMIT] (15.7s), α=[0.000,0.000,0.000,0.000,0.000,0.000,0.000,0.000,0.000,0.000,0.000,0.000,0.000,0.000,0.000,0.000,0.000,0.000,0.000,0.000,0.000,0.000,0.000,0.000,2.929,0.000,0.000,0.110,4.962,0.000,0.000,0.000,0.000,0.000,0.000,0.266,1.983,0.000,0.000,0.000,0.000,0.000,0.000,0.000,0.000,0.000,0.000]
  Iter 270: LB=14.945951  UB=38.334136  gap=6.10e-01
  Cut: intercept=-111.499904, π_x_range=[-264.0000, 132.2219]

=== True-DRO Benders iter 271 ===
  OMP: t₀=14.973212, UB=38.334136, gap=6.09e-01, x=[0, 0, 0, 0, 0, 0, 0, 0, 0, 0, 0, 0, 0, 0, 0, 0, 0, 0, 0, 0, 0, 0, 0, 0, 0, 0, 0, 0, 0, 0, 1, 0, 0, 0, 0, 0, 0, 0, 0, 0, 0, 0, 0, 0, 0, 0, 0] (3.142s)
  Sub: Z₀=43.968600 [LOCAL] (0.6s), α=[0.000,0.000,0.000,0.000,0.000,0.000,0.000,0.000,0.000,0.000,0.000,0.000,0.000,0.000,0.000,0.000,0.000,0.000,0.000,0.000,0.000,0.000,0.000,0.000,5.491,0.000,0.000,0.000,1.172,0.000,2.605,0.000,0.000,0.000,0.000,0.000,0.981,0.000,0.000,0.000,0.000,0.000,0.000,0.000,0.000,0.000,0.000]
  Iter 271: LB=14.973212  UB=38.334136  gap=6.09e-01
  Cut: intercept=-534.652065, π_x_range=[-830.7736, 578.6207]

=== True-DRO Benders iter 272 ===
  OMP: t₀=16.256709, UB=38.334136, gap=5.76e-01, x=[0, 0, 0, 0, 0, 0, 0, 0, 0, 1, 0, 0, 0, 0, 0, 0, 0, 0, 0, 0, 0, 0, 0, 0, 0, 0, 0, 0, 1, 0, 0, 0, 0, 0, 0, 0, 0, 0, 0, 0, 0, 0, 0, 0, 0, 0, 0] (3.215s)
  Sub: Z₀=45.306389 [LOCAL] (4.7s), α=[0.000,0.000,0.000,0.000,0.000,0.000,0.000,0.000,0.000,0.000,0.000,0.000,0.000,0.000,0.000,0.000,0.000,0.000,0.000,0.000,0.000,0.000,0.000,0.000,4.323,0.000,0.000,0.000,3.842,0.000,0.000,0.000,0.000,0.000,0.000,0.088,1.997,0.000,0.000,0.000,0.000,0.000,0.000,0.000,0.000,0.000,0.000]
  Iter 272: LB=16.256709  UB=38.334136  gap=5.76e-01
  Cut: intercept=-1099.828272, π_x_range=[-826.8592, 596.5817]

=== True-DRO Benders iter 273 ===
  OMP: t₀=16.256716, UB=38.334136, gap=5.76e-01, x=[0, 0, 0, 0, 0, 0, 0, 0, 0, 0, 0, 0, 0, 0, 0, 0, 0, 1, 0, 0, 0, 0, 0, 0, 0, 0, 0, 0, 1, 0, 0, 0, 0, 0, 0, 0, 0, 0, 0, 0, 0, 0, 0, 0, 0, 0, 0] (3.229s)
  Sub: Z₀=45.393480 [LOCAL] (5.3s), α=[0.000,0.000,0.000,0.000,0.000,0.000,0.000,0.000,0.000,0.000,0.000,0.000,0.000,0.000,0.000,0.000,0.000,0.000,0.000,0.000,0.000,0.000,0.000,0.000,4.168,0.000,0.000,0.197,3.955,0.000,0.000,0.000,0.000,0.000,0.000,1.769,0.161,0.000,0.000,0.000,0.000,0.000,0.000,0.000,0.000,0.000,0.000]
  Iter 273: LB=16.256716  UB=38.334136  gap=5.76e-01
  Cut: intercept=-1126.951078, π_x_range=[-829.9877, 596.7582]

=== True-DRO Benders iter 274 ===
  OMP: t₀=16.256717, UB=38.334136, gap=5.76e-01, x=[0, 0, 0, 0, 0, 0, 0, 0, 0, 0, 0, 0, 0, 0, 0, 0, 0, 0, 1, 0, 0, 0, 0, 0, 0, 0, 0, 0, 1, 0, 0, 0, 0, 0, 0, 0, 0, 0, 0, 0, 0, 0, 0, 0, 0, 0, 0] (3.079s)
  Sub: Z₀=45.393480 [LOCAL] (5.2s), α=[0.000,0.000,0.000,0.000,0.000,0.000,0.000,0.000,0.000,0.000,0.000,0.000,0.000,0.000,0.000,0.000,0.000,0.000,0.000,0.000,0.000,0.000,0.000,0.000,4.168,0.000,0.000,0.009,4.143,0.000,0.000,0.000,0.000,0.000,0.000,1.764,0.166,0.000,0.000,0.000,0.000,0.000,0.000,0.000,0.000,0.000,0.000]
  Iter 274: LB=16.256717  UB=38.334136  gap=5.76e-01
  Cut: intercept=-1142.426789, π_x_range=[-829.8617, 596.7684]

=== True-DRO Benders iter 275 ===
  OMP: t₀=16.256790, UB=38.334136, gap=5.76e-01, x=[0, 0, 0, 0, 0, 0, 0, 0, 0, 0, 0, 0, 0, 0, 0, 0, 1, 0, 0, 0, 0, 0, 0, 0, 0, 0, 0, 0, 1, 0, 0, 0, 0, 0, 0, 0, 0, 0, 0, 0, 0, 0, 0, 0, 0, 0, 0] (3.040s)
  Sub: Z₀=45.583237 [TIME_LIMIT] (15.7s), α=[0.000,0.000,0.000,0.000,0.000,0.000,0.000,0.000,0.000,0.000,0.000,0.000,0.000,0.000,0.000,0.000,0.000,0.000,0.000,0.000,0.000,0.000,0.000,0.000,4.323,0.000,0.000,0.000,3.842,0.000,0.000,0.000,0.000,0.000,0.000,0.478,1.607,0.000,0.000,0.000,0.000,0.000,0.000,0.000,0.000,0.000,0.000]
  Iter 275: LB=16.256790  UB=38.334136  gap=5.76e-01
  Cut: intercept=-89.060559, π_x_range=[-277.0000, 131.0112]

=== True-DRO Benders iter 276 ===
  OMP: t₀=16.495909, UB=38.334136, gap=5.70e-01, x=[0, 0, 0, 0, 0, 0, 0, 0, 0, 0, 0, 1, 0, 0, 0, 0, 0, 1, 0, 0, 0, 0, 0, 0, 0, 0, 0, 0, 0, 0, 0, 0, 0, 0, 0, 0, 0, 0, 0, 0, 0, 0, 0, 0, 0, 0, 0] (3.172s)
  Sub: Z₀=48.053728 [LOCAL] (0.5s), α=[0.000,0.000,0.000,0.000,0.000,0.000,0.000,0.000,0.000,0.000,0.000,0.000,0.000,0.000,0.000,0.000,0.000,0.000,0.000,0.000,0.000,0.000,0.000,0.000,2.929,0.000,0.000,0.038,4.949,0.000,0.000,0.000,0.000,0.000,0.000,0.351,1.983,0.000,0.000,0.000,0.000,0.000,0.000,0.000,0.000,0.000,0.000]
  Iter 276: LB=16.495909  UB=38.334136  gap=5.70e-01
  Cut: intercept=-1111.817888, π_x_range=[-829.2026, 582.8357]

=== True-DRO Benders iter 277 ===
  OMP: t₀=16.495911, UB=38.334136, gap=5.70e-01, x=[0, 0, 0, 0, 0, 0, 0, 0, 0, 0, 0, 1, 0, 0, 0, 0, 0, 0, 1, 0, 0, 0, 0, 0, 0, 0, 0, 0, 0, 0, 0, 0, 0, 0, 0, 0, 0, 0, 0, 0, 0, 0, 0, 0, 0, 0, 0] (3.109s)
  Sub: Z₀=48.053728 [LOCAL] (0.5s), α=[0.000,0.000,0.000,0.000,0.000,0.000,0.000,0.000,0.000,0.000,0.000,0.000,0.000,0.000,0.000,0.000,0.000,0.000,0.000,0.000,0.000,0.000,0.000,0.000,2.929,0.000,0.000,0.037,4.950,0.000,0.000,0.000,0.000,0.000,0.000,0.228,2.105,0.000,0.000,0.000,0.000,0.000,0.000,0.000,0.000,0.000,0.000]
  Iter 277: LB=16.495911  UB=38.334136  gap=5.70e-01
  Cut: intercept=-1124.604910, π_x_range=[-829.1988, 589.8357]

=== True-DRO Benders iter 278 ===
  OMP: t₀=16.495983, UB=38.334136, gap=5.70e-01, x=[0, 0, 0, 0, 0, 0, 0, 0, 0, 0, 0, 1, 0, 0, 0, 0, 1, 0, 0, 0, 0, 0, 0, 0, 0, 0, 0, 0, 0, 0, 0, 0, 0, 0, 0, 0, 0, 0, 0, 0, 0, 0, 0, 0, 0, 0, 0] (3.253s)
  Sub: Z₀=48.053728 [LOCAL] (0.6s), α=[0.000,0.000,0.000,0.000,0.000,0.000,0.000,0.000,0.000,0.000,0.000,0.000,0.000,0.000,0.000,0.000,0.000,0.000,0.000,0.000,0.000,0.000,0.000,0.000,2.929,0.000,0.000,0.040,4.947,0.000,0.000,0.000,0.000,0.000,0.000,0.234,2.099,0.000,0.000,0.000,0.000,0.000,0.000,0.000,0.000,0.000,0.000]
  Iter 278: LB=16.495983  UB=38.334136  gap=5.70e-01
  Cut: intercept=-1083.138571, π_x_range=[-829.2013, 582.8240]

=== True-DRO Benders iter 279 ===
  OMP: t₀=17.376708, UB=38.334136, gap=5.47e-01, x=[0, 0, 0, 0, 0, 0, 0, 0, 0, 0, 0, 0, 1, 0, 0, 0, 0, 1, 0, 0, 0, 0, 0, 0, 0, 0, 0, 0, 0, 0, 0, 0, 0, 0, 0, 0, 0, 0, 0, 0, 0, 0, 0, 0, 0, 0, 0] (3.210s)
  Sub: Z₀=48.053728 [LOCAL] (0.6s), α=[0.000,0.000,0.000,0.000,0.000,0.000,0.000,0.000,0.000,0.000,0.000,0.000,0.000,0.000,0.000,0.000,0.000,0.000,0.000,0.000,0.000,0.000,0.000,0.000,2.929,0.000,0.000,0.038,4.973,0.000,0.000,0.000,0.000,0.000,0.000,0.592,1.718,0.000,0.000,0.000,0.000,0.000,0.000,0.000,0.000,0.000,0.000]
  Iter 279: LB=17.376708  UB=38.334136  gap=5.47e-01
  Cut: intercept=-1106.064314, π_x_range=[-829.2025, 577.1335]

=== True-DRO Benders iter 280 ===
  OMP: t₀=17.376709, UB=38.334136, gap=5.47e-01, x=[0, 0, 0, 0, 0, 0, 0, 0, 0, 0, 0, 0, 1, 0, 0, 0, 0, 0, 1, 0, 0, 0, 0, 0, 0, 0, 0, 0, 0, 0, 0, 0, 0, 0, 0, 0, 0, 0, 0, 0, 0, 0, 0, 0, 0, 0, 0] (3.171s)
  Sub: Z₀=48.053730 [TIME_LIMIT] (15.8s), α=[0.000,0.000,0.000,0.000,0.000,0.000,0.000,0.000,0.000,0.000,0.000,0.000,0.000,0.000,0.000,0.000,0.000,0.000,0.000,0.000,0.000,0.000,0.000,0.000,2.929,0.000,0.000,0.049,5.022,0.000,0.000,0.000,0.000,0.000,0.000,0.473,1.776,0.000,0.000,0.000,0.000,0.000,0.000,0.000,0.000,0.000,0.000]
  Iter 280: LB=17.376709  UB=38.334136  gap=5.47e-01
  Cut: intercept=-11.300187, π_x_range=[-264.0000, 35.7230]

=== True-DRO Benders iter 281 ===
  OMP: t₀=17.376781, UB=38.334136, gap=5.47e-01, x=[0, 0, 0, 0, 0, 0, 0, 0, 0, 0, 0, 0, 1, 0, 0, 0, 1, 0, 0, 0, 0, 0, 0, 0, 0, 0, 0, 0, 0, 0, 0, 0, 0, 0, 0, 0, 0, 0, 0, 0, 0, 0, 0, 0, 0, 0, 0] (3.128s)
  Sub: Z₀=48.053728 [LOCAL] (0.6s), α=[0.000,0.000,0.000,0.000,0.000,0.000,0.000,0.000,0.000,0.000,0.000,0.000,0.000,0.000,0.000,0.000,0.000,0.000,0.000,0.000,0.000,0.000,0.000,0.000,2.929,0.000,0.000,0.040,4.970,0.000,0.000,0.000,0.000,0.000,0.000,0.506,1.804,0.000,0.000,0.000,0.000,0.000,0.000,0.000,0.000,0.000,0.000]
  Iter 281: LB=17.376781  UB=38.334136  gap=5.47e-01
  Cut: intercept=-1077.352959, π_x_range=[-829.2018, 577.0545]

=== True-DRO Benders iter 282 ===
  OMP: t₀=18.062955, UB=38.334136, gap=5.29e-01, x=[0, 0, 0, 0, 0, 0, 0, 0, 0, 0, 0, 0, 0, 0, 0, 1, 0, 0, 0, 0, 0, 0, 0, 0, 0, 0, 0, 0, 0, 0, 0, 0, 0, 0, 0, 0, 0, 0, 0, 0, 0, 0, 0, 0, 0, 0, 0] (3.196s)
  Sub: Z₀=47.620603 [LOCAL] (0.5s), α=[0.000,0.000,0.000,0.000,0.000,0.000,0.000,0.000,0.000,0.000,0.000,0.000,0.000,0.000,0.000,0.000,0.000,0.000,0.000,0.000,0.000,0.000,0.000,0.000,3.578,0.000,0.000,0.039,5.033,0.000,0.000,0.000,0.000,0.000,0.000,1.443,0.157,0.000,0.000,0.000,0.000,0.000,0.000,0.000,0.000,0.000,0.000]
  Iter 282: LB=18.062955  UB=38.334136  gap=5.29e-01
  Cut: intercept=-494.809493, π_x_range=[-829.3994, 542.4301]

=== True-DRO Benders iter 283 ===
  OMP: t₀=18.675301, UB=38.334136, gap=5.13e-01, x=[0, 0, 0, 0, 0, 0, 0, 0, 0, 0, 0, 0, 0, 0, 0, 0, 0, 0, 0, 0, 0, 0, 0, 0, 0, 0, 0, 0, 0, 0, 0, 1, 0, 0, 0, 0, 0, 0, 0, 0, 0, 0, 0, 0, 0, 0, 0] (3.074s)
  Sub: Z₀=46.010884 [LOCAL] (0.4s), α=[0.000,0.000,0.000,0.000,0.000,0.000,0.000,0.000,0.000,0.000,0.000,0.000,0.000,0.000,0.000,0.000,0.000,0.000,0.000,0.000,0.000,0.000,0.000,0.000,5.870,0.000,0.000,0.000,0.960,0.000,0.000,3.419,0.000,0.000,0.000,0.000,0.000,0.000,0.000,0.000,0.000,0.000,0.000,0.000,0.000,0.000,0.000]
  Iter 283: LB=18.675301  UB=38.334136  gap=5.13e-01
  Cut: intercept=-521.095163, π_x_range=[-830.8872, 567.1060]

=== True-DRO Benders iter 284 ===
  OMP: t₀=18.974463, UB=38.334136, gap=5.05e-01, x=[0, 0, 0, 0, 0, 0, 0, 0, 0, 0, 0, 0, 0, 0, 0, 0, 0, 1, 1, 0, 0, 0, 0, 0, 0, 0, 0, 0, 0, 0, 0, 0, 0, 0, 0, 0, 0, 0, 0, 0, 0, 0, 0, 0, 0, 0, 0] (2.787s)
  Sub: Z₀=48.053728 [LOCAL] (0.6s), α=[0.000,0.000,0.000,0.000,0.000,0.000,0.000,0.000,0.000,0.000,0.000,0.000,0.000,0.000,0.000,0.000,0.000,0.000,0.000,0.000,0.000,0.000,0.000,0.000,2.929,0.000,0.000,0.037,4.949,0.000,0.000,0.000,0.000,0.000,0.000,0.340,1.993,0.000,0.000,0.000,0.000,0.000,0.000,0.000,0.000,0.000,0.000]
  Iter 284: LB=18.974463  UB=38.334136  gap=5.05e-01
  Cut: intercept=-1117.903365, π_x_range=[-829.2198, 589.6176]

=== True-DRO Benders iter 285 ===
  OMP: t₀=18.974535, UB=38.334136, gap=5.05e-01, x=[0, 0, 0, 0, 0, 0, 0, 0, 0, 0, 0, 0, 0, 0, 0, 0, 1, 1, 0, 0, 0, 0, 0, 0, 0, 0, 0, 0, 0, 0, 0, 0, 0, 0, 0, 0, 0, 0, 0, 0, 0, 0, 0, 0, 0, 0, 0] (2.981s)
  Sub: Z₀=48.053730 [TIME_LIMIT] (16.0s), α=[0.000,0.000,0.000,0.000,0.000,0.000,0.000,0.000,0.000,0.000,0.000,0.000,0.000,0.000,0.000,0.000,0.000,0.000,0.000,0.000,0.000,0.000,0.000,0.000,2.929,0.000,0.000,0.053,4.938,0.000,0.000,0.000,0.000,0.000,0.000,0.407,1.923,0.000,0.000,0.000,0.000,0.000,0.000,0.000,0.000,0.000,0.000]
  Iter 285: LB=18.974535  UB=38.334136  gap=5.05e-01
  Cut: intercept=-166.379940, π_x_range=[-264.0000, 133.2026]

=== True-DRO Benders iter 286 ===
  OMP: t₀=18.974536, UB=38.334136, gap=5.05e-01, x=[0, 0, 0, 0, 0, 0, 0, 0, 0, 0, 0, 0, 0, 0, 0, 0, 1, 0, 1, 0, 0, 0, 0, 0, 0, 0, 0, 0, 0, 0, 0, 0, 0, 0, 0, 0, 0, 0, 0, 0, 0, 0, 0, 0, 0, 0, 0] (3.289s)
  Sub: Z₀=48.053728 [LOCAL] (0.5s), α=[0.000,0.000,0.000,0.000,0.000,0.000,0.000,0.000,0.000,0.000,0.000,0.000,0.000,0.000,0.000,0.000,0.000,0.000,0.000,0.000,0.000,0.000,0.000,0.000,2.929,0.000,0.000,0.040,4.947,0.000,0.000,0.000,0.000,0.000,0.000,0.229,2.105,0.000,0.000,0.000,0.000,0.000,0.000,0.000,0.000,0.000,0.000]
  Iter 286: LB=18.974536  UB=38.334136  gap=5.05e-01
  Cut: intercept=-1090.168227, π_x_range=[-829.2185, 589.8275]

=== True-DRO Benders iter 287 ===
  OMP: t₀=18.975035, UB=38.334136, gap=5.05e-01, x=[0, 0, 0, 0, 0, 0, 0, 0, 0, 0, 0, 0, 0, 0, 0, 0, 0, 1, 0, 0, 0, 0, 0, 0, 0, 0, 0, 0, 0, 0, 0, 0, 0, 0, 0, 0, 0, 0, 0, 0, 0, 0, 0, 0, 0, 0, 0] (3.149s)
  Sub: Z₀=48.053728 [LOCAL] (0.5s), α=[0.000,0.000,0.000,0.000,0.000,0.000,0.000,0.000,0.000,0.000,0.000,0.000,0.000,0.000,0.000,0.000,0.000,0.000,0.000,0.000,0.000,0.000,0.000,0.000,2.929,0.000,0.000,0.038,4.949,0.000,0.000,0.000,0.000,0.000,0.000,0.353,1.981,0.000,0.000,0.000,0.000,0.000,0.000,0.000,0.000,0.000,0.000]
  Iter 287: LB=18.975035  UB=38.334136  gap=5.05e-01
  Cut: intercept=-528.991486, π_x_range=[-829.2121, 577.0452]

=== True-DRO Benders iter 288 ===
  OMP: t₀=19.304634, UB=38.334136, gap=4.96e-01, x=[0, 0, 0, 0, 0, 0, 0, 0, 0, 0, 0, 0, 0, 0, 1, 0, 0, 0, 0, 0, 0, 0, 0, 0, 0, 0, 0, 0, 0, 0, 0, 0, 0, 1, 0, 0, 0, 0, 0, 0, 0, 0, 0, 0, 0, 0, 0] (3.041s)
  Sub: Z₀=46.495059 [LOCAL] (0.5s), α=[0.000,0.000,0.000,0.000,0.000,0.000,0.000,0.000,0.000,0.000,0.000,0.000,0.000,0.000,0.000,0.000,0.000,0.000,0.000,0.000,0.000,0.000,0.000,0.000,5.969,0.000,0.000,0.000,0.907,0.000,0.000,0.000,0.000,0.000,3.040,0.033,0.300,0.000,0.000,0.000,0.000,0.000,0.000,0.000,0.000,0.000,0.000]
  Iter 288: LB=19.304634  UB=38.334136  gap=4.96e-01
  Cut: intercept=-1115.841435, π_x_range=[-831.4604, 592.6984]

=== True-DRO Benders iter 289 ===
  OMP: t₀=20.641089, UB=38.334136, gap=4.62e-01, x=[0, 0, 0, 0, 0, 0, 0, 0, 0, 0, 0, 0, 0, 0, 0, 0, 0, 0, 0, 0, 0, 0, 1, 0, 0, 0, 0, 0, 0, 0, 0, 0, 0, 0, 0, 0, 0, 0, 0, 0, 0, 0, 0, 0, 0, 0, 0] (3.054s)
  Sub: Z₀=43.587789 [LOCAL] (5.6s), α=[0.000,0.000,0.000,0.000,0.000,0.000,0.000,0.000,0.000,0.000,0.000,0.000,0.000,0.000,0.000,0.000,0.000,0.000,0.000,0.000,0.000,0.000,3.552,0.000,3.618,0.000,0.000,0.000,0.000,0.000,0.000,0.000,0.000,0.000,0.000,0.545,2.535,0.000,0.000,0.000,0.000,0.000,0.000,0.000,0.000,0.000,0.000]
  Iter 289: LB=20.641089  UB=38.334136  gap=4.62e-01
  Cut: intercept=-537.194042, π_x_range=[-830.4932, 580.7818]

=== True-DRO Benders iter 290 ===
  OMP: t₀=21.350015, UB=38.334136, gap=4.43e-01, x=[0, 0, 0, 0, 0, 0, 0, 0, 0, 0, 0, 0, 0, 0, 0, 0, 0, 0, 0, 0, 0, 0, 0, 0, 0, 0, 1, 0, 0, 0, 0, 0, 0, 0, 0, 0, 0, 0, 0, 0, 0, 0, 0, 0, 0, 0, 0] (3.285s)
  Sub: Z₀=44.465053 [TIME_LIMIT] (16.0s), α=[0.000,0.000,0.000,0.000,0.000,0.000,0.000,0.000,0.000,0.000,0.000,0.000,0.000,0.000,0.000,0.000,0.000,0.000,0.000,0.000,0.000,0.000,0.352,0.300,5.525,0.206,0.000,0.000,3.397,0.000,0.000,0.000,0.000,0.000,0.310,0.000,0.157,0.000,0.000,0.000,0.000,0.000,0.000,0.000,0.000,0.000,0.000]
  Iter 290: LB=21.350015  UB=38.334136  gap=4.43e-01
  Cut: intercept=-26.920815, π_x_range=[-264.9997, 71.3859]

=== True-DRO Benders iter 291 ===
  OMP: t₀=21.525463, UB=38.334136, gap=4.38e-01, x=[0, 0, 0, 0, 0, 0, 0, 0, 0, 0, 0, 0, 0, 0, 0, 0, 0, 0, 0, 0, 0, 0, 0, 0, 0, 1, 0, 0, 0, 0, 0, 0, 0, 0, 0, 0, 0, 0, 0, 0, 0, 0, 0, 0, 0, 0, 0] (3.362s)
  Sub: Z₀=46.710248 [LOCAL] (0.6s), α=[0.000,0.000,0.000,0.000,0.000,0.000,0.000,0.000,0.000,0.000,0.000,0.000,0.000,0.000,0.000,0.000,0.000,0.000,0.000,0.000,0.000,0.000,0.000,0.000,7.007,2.335,0.000,0.000,0.907,0.000,0.000,0.000,0.000,0.000,0.000,0.000,0.000,0.000,0.000,0.000,0.000,0.000,0.000,0.000,0.000,0.000,0.000]
  Iter 291: LB=21.525463  UB=38.334136  gap=4.38e-01
  Cut: intercept=-543.196374, π_x_range=[-830.5417, 589.9066]

=== True-DRO Benders iter 292 ===
  OMP: t₀=23.178788, UB=38.334136, gap=3.95e-01, x=[0, 0, 0, 0, 0, 0, 0, 0, 0, 0, 0, 0, 0, 0, 0, 0, 0, 0, 0, 0, 0, 0, 0, 0, 0, 0, 0, 0, 1, 0, 0, 0, 0, 0, 0, 0, 0, 0, 0, 0, 0, 0, 0, 0, 0, 0, 0] (3.256s)
  Sub: Z₀=45.393480 [LOCAL] (5.6s), α=[0.000,0.000,0.000,0.000,0.000,0.000,0.000,0.000,0.000,0.000,0.000,0.000,0.000,0.000,0.000,0.000,0.000,0.000,0.000,0.000,0.000,0.000,0.000,0.000,4.168,0.000,0.000,0.260,3.891,0.000,0.000,0.000,0.000,0.000,0.000,1.757,0.173,0.000,0.000,0.000,0.000,0.000,0.000,0.000,0.000,0.000,0.000]
  Iter 292: LB=23.178788  UB=38.334136  gap=3.95e-01
  Cut: intercept=-551.405303, π_x_range=[-830.5260, 596.7988]

=== True-DRO Benders iter 293 ===
  OMP: t₀=23.278788, UB=38.334136, gap=3.93e-01, x=[0, 0, 0, 0, 0, 0, 0, 0, 0, 0, 0, 1, 0, 0, 0, 0, 0, 0, 0, 0, 0, 0, 0, 0, 0, 0, 0, 0, 1, 0, 0, 0, 0, 0, 0, 0, 0, 0, 0, 0, 0, 0, 0, 0, 0, 0, 0] (3.220s)
  Sub: Z₀=45.393478 [LOCAL] (5.4s), α=[0.000,0.000,0.000,0.000,0.000,0.000,0.000,0.000,0.000,0.000,0.000,0.000,0.000,0.000,0.000,0.000,0.000,0.000,0.000,0.000,0.000,0.000,0.000,0.000,4.168,0.000,0.000,0.299,3.853,0.000,0.000,0.000,0.000,0.000,0.000,1.765,0.164,0.000,0.000,0.000,0.000,0.000,0.000,0.000,0.000,0.000,0.000]
  Iter 293: LB=23.278788  UB=38.334136  gap=3.93e-01
  Cut: intercept=-1136.996496, π_x_range=[-830.2847, 596.8880]

=== True-DRO Benders iter 294 ===
  OMP: t₀=24.357289, UB=38.334136, gap=3.65e-01, x=[0, 0, 0, 0, 0, 0, 0, 0, 0, 0, 0, 0, 0, 0, 0, 0, 0, 0, 1, 0, 0, 0, 0, 0, 0, 0, 0, 0, 0, 0, 0, 0, 0, 0, 0, 0, 0, 0, 0, 0, 0, 0, 0, 0, 0, 0, 0] (3.271s)
  Sub: Z₀=48.053728 [LOCAL] (0.6s), α=[0.000,0.000,0.000,0.000,0.000,0.000,0.000,0.000,0.000,0.000,0.000,0.000,0.000,0.000,0.000,0.000,0.000,0.000,0.000,0.000,0.000,0.000,0.000,0.000,2.929,0.000,0.000,0.037,4.950,0.000,0.000,0.000,0.000,0.000,0.000,0.231,2.103,0.000,0.000,0.000,0.000,0.000,0.000,0.000,0.000,0.000,0.000]
  Iter 294: LB=24.357289  UB=38.334136  gap=3.65e-01
  Cut: intercept=-541.789789, π_x_range=[-829.2085, 589.8435]

=== True-DRO Benders iter 295 ===
  OMP: t₀=24.414646, UB=38.334136, gap=3.63e-01, x=[0, 0, 0, 0, 0, 0, 0, 0, 0, 1, 0, 0, 0, 0, 0, 0, 0, 0, 0, 0, 0, 0, 0, 0, 0, 0, 0, 0, 0, 0, 0, 0, 0, 0, 0, 0, 0, 0, 0, 0, 0, 0, 0, 0, 0, 0, 0] (3.275s)
  Sub: Z₀=48.053729 [TIME_LIMIT] (16.1s), α=[0.000,0.000,0.000,0.000,0.000,0.000,0.000,0.000,0.000,0.000,0.000,0.000,0.000,0.000,0.000,0.000,0.000,0.000,0.000,0.000,0.000,0.000,0.000,0.000,2.929,0.000,0.000,0.058,5.013,0.000,0.000,0.000,0.000,0.000,0.000,0.271,1.978,0.000,0.000,0.000,0.000,0.000,0.000,0.000,0.000,0.000,0.000]
  Iter 295: LB=24.414646  UB=38.334136  gap=3.63e-01
  Cut: intercept=-45.088239, π_x_range=[-264.0000, 93.1420]

=== True-DRO Benders iter 296 ===
  OMP: t₀=24.535705, UB=38.334136, gap=3.60e-01, x=[0, 0, 0, 0, 0, 0, 0, 0, 0, 0, 0, 0, 0, 1, 0, 0, 0, 0, 0, 0, 0, 0, 0, 0, 0, 0, 0, 0, 0, 0, 0, 0, 0, 1, 0, 0, 0, 0, 0, 0, 0, 0, 0, 0, 0, 0, 0] (3.110s)
  Sub: Z₀=46.495986 [LOCAL] (0.5s), α=[0.000,0.000,0.000,0.000,0.000,0.000,0.000,0.000,0.000,0.000,0.000,0.000,0.000,0.000,0.000,0.000,0.000,0.000,0.000,0.000,0.000,0.000,0.000,0.000,5.947,0.000,0.000,0.594,0.000,0.000,0.000,0.000,0.000,0.000,0.000,1.059,2.650,0.000,0.000,0.000,0.000,0.000,0.000,0.000,0.000,0.000,0.000]
  Iter 296: LB=24.535705  UB=38.334136  gap=3.60e-01
  Cut: intercept=-1129.768411, π_x_range=[-832.1905, 594.8196]

=== True-DRO Benders iter 297 ===
  OMP: t₀=25.720258, UB=38.334136, gap=3.29e-01, x=[0, 0, 0, 0, 0, 0, 0, 0, 0, 0, 0, 0, 0, 0, 0, 0, 0, 0, 0, 0, 0, 0, 0, 0, 0, 0, 0, 0, 0, 0, 0, 0, 1, 0, 0, 0, 0, 0, 0, 0, 0, 0, 0, 0, 0, 0, 0] (3.191s)
  Sub: Z₀=45.185140 [LOCAL] (0.5s), α=[0.000,0.000,0.000,0.000,0.000,0.000,0.000,0.000,0.000,0.000,0.000,0.000,0.000,0.000,0.000,0.000,0.000,0.000,0.000,0.000,0.000,0.000,0.000,0.000,2.929,0.000,0.000,0.000,5.078,0.000,0.000,0.000,0.000,0.000,0.000,0.224,2.018,0.000,0.000,0.000,0.000,0.000,0.000,0.000,0.000,0.000,0.000]
  Iter 297: LB=25.720258  UB=38.334136  gap=3.29e-01
  Cut: intercept=-548.400749, π_x_range=[-825.5516, 593.5859]

=== True-DRO Benders iter 298 ===
  OMP: t₀=25.836804, UB=38.334136, gap=3.26e-01, x=[0, 0, 0, 0, 0, 0, 0, 0, 0, 0, 0, 0, 0, 0, 1, 0, 0, 0, 0, 0, 0, 0, 0, 0, 0, 0, 0, 0, 0, 0, 0, 0, 0, 0, 0, 0, 0, 0, 0, 0, 0, 0, 0, 0, 0, 0, 0] (3.289s)
  Sub: Z₀=47.934496 [LOCAL] (0.5s), α=[0.000,0.000,0.000,0.000,0.000,0.000,0.000,0.000,0.000,0.000,0.000,0.000,0.000,0.000,0.000,0.000,0.000,0.000,0.000,0.000,0.000,0.000,0.000,0.000,2.929,0.000,0.000,0.038,5.035,0.000,0.000,0.000,0.000,0.000,0.000,0.212,2.036,0.000,0.000,0.000,0.000,0.000,0.000,0.000,0.000,0.000,0.000]
  Iter 298: LB=25.836804  UB=38.334136  gap=3.26e-01
  Cut: intercept=-543.441365, π_x_range=[-829.3774, 591.3759]

=== True-DRO Benders iter 299 ===
  OMP: t₀=26.085737, UB=38.334136, gap=3.20e-01, x=[0, 0, 0, 0, 0, 0, 0, 0, 0, 0, 0, 1, 0, 0, 0, 0, 0, 0, 0, 0, 0, 0, 0, 0, 0, 0, 0, 0, 0, 0, 0, 0, 0, 1, 0, 0, 0, 0, 0, 0, 0, 0, 0, 0, 0, 0, 0] (3.259s)
  Sub: Z₀=46.502582 [LOCAL] (0.5s), α=[0.000,0.000,0.000,0.000,0.000,0.000,0.000,0.000,0.000,0.000,0.000,0.000,0.000,0.000,0.000,0.000,0.000,0.000,0.000,0.000,0.000,0.000,0.000,0.000,5.790,0.000,0.000,0.000,0.907,0.000,0.000,0.000,0.000,0.000,0.299,0.906,2.346,0.000,0.000,0.000,0.000,0.000,0.000,0.000,0.000,0.000,0.000]
  Iter 299: LB=26.085737  UB=38.334136  gap=3.20e-01
  Cut: intercept=-1108.168164, π_x_range=[-831.4609, 585.1234]

=== True-DRO Benders iter 300 ===
  OMP: t₀=26.966535, UB=38.334136, gap=2.97e-01, x=[0, 0, 0, 0, 0, 0, 0, 0, 0, 0, 0, 0, 1, 0, 0, 0, 0, 0, 0, 0, 0, 0, 0, 0, 0, 0, 0, 0, 0, 0, 0, 0, 0, 1, 0, 0, 0, 0, 0, 0, 0, 0, 0, 0, 0, 0, 0] (3.188s)
  Sub: Z₀=47.021997 [TIME_LIMIT] (15.8s), α=[0.000,0.000,0.000,0.000,0.000,0.000,0.000,0.000,0.000,0.000,0.000,0.000,0.000,0.000,0.000,0.000,0.000,0.000,0.000,0.000,0.000,0.000,0.000,0.000,5.790,0.000,0.000,0.000,0.907,0.000,0.000,0.000,0.000,0.000,0.000,1.463,2.089,0.000,0.000,0.000,0.000,0.000,0.000,0.000,0.000,0.000,0.000]
  Iter 300: LB=26.966535  UB=38.334136  gap=2.97e-01
  Cut: intercept=-53.742293, π_x_range=[-274.0000, 65.1980]

=== True-DRO Benders iter 301 ===
  OMP: t₀=27.743296, UB=38.334136, gap=2.76e-01, x=[0, 0, 0, 0, 0, 0, 0, 0, 0, 0, 1, 0, 0, 0, 0, 0, 0, 0, 0, 0, 0, 0, 0, 0, 1, 0, 0, 0, 0, 0, 0, 0, 0, 0, 0, 0, 0, 0, 0, 0, 0, 0, 0, 0, 0, 0, 0] (3.300s)
  Sub: Z₀=27.743296 [LOCAL] (0.4s), α=[0.000,0.000,0.000,0.000,0.000,0.000,0.000,0.000,0.000,0.000,0.421,0.000,0.000,0.000,0.000,0.000,0.000,0.000,0.000,0.000,0.000,0.000,1.472,0.000,5.413,0.000,0.000,0.000,2.943,0.000,0.000,0.000,0.000,0.000,0.000,0.000,0.000,0.000,0.000,0.000,0.000,0.000,0.000,0.000,0.000,0.000,0.000]
  Iter 301: LB=27.743296  UB=38.334136  gap=2.76e-01
  Cut: intercept=-1109.982482, π_x_range=[-826.3287, 583.5530]

=== True-DRO Benders iter 302 ===
  OMP: t₀=27.743296, UB=38.334136, gap=2.76e-01, x=[0, 0, 0, 0, 0, 0, 0, 0, 0, 0, 1, 0, 0, 0, 0, 0, 0, 0, 0, 0, 0, 0, 0, 0, 1, 0, 0, 0, 0, 0, 0, 0, 0, 0, 0, 0, 0, 0, 0, 0, 0, 0, 0, 0, 0, 0, 0] (3.049s)
  Sub: Z₀=27.743296 [LOCAL] (0.4s), α=[0.000,0.000,0.000,0.000,0.000,0.000,0.000,0.000,0.000,0.000,0.421,0.000,0.000,0.000,0.000,0.000,0.000,0.000,0.000,0.000,0.000,0.000,1.472,0.000,5.413,0.000,0.000,0.000,2.943,0.000,0.000,0.000,0.000,0.000,0.000,0.000,0.000,0.000,0.000,0.000,0.000,0.000,0.000,0.000,0.000,0.000,0.000]
  Iter 302: LB=27.743296  UB=38.334136  gap=2.76e-01
  Cut: intercept=-1109.982482, π_x_range=[-826.3287, 583.5530]

=== True-DRO Benders iter 303 ===
  OMP: t₀=27.743296, UB=38.334136, gap=2.76e-01, x=[0, 0, 0, 0, 0, 0, 0, 0, 0, 0, 1, 0, 0, 0, 0, 0, 0, 0, 0, 0, 0, 0, 0, 0, 1, 0, 0, 0, 0, 0, 0, 0, 0, 0, 0, 0, 0, 0, 0, 0, 0, 0, 0, 0, 0, 0, 0] (3.089s)
  Sub: Z₀=27.743296 [LOCAL] (0.4s), α=[0.000,0.000,0.000,0.000,0.000,0.000,0.000,0.000,0.000,0.000,0.421,0.000,0.000,0.000,0.000,0.000,0.000,0.000,0.000,0.000,0.000,0.000,1.472,0.000,5.413,0.000,0.000,0.000,2.943,0.000,0.000,0.000,0.000,0.000,0.000,0.000,0.000,0.000,0.000,0.000,0.000,0.000,0.000,0.000,0.000,0.000,0.000]
  Iter 303: LB=27.743296  UB=38.334136  gap=2.76e-01
  Cut: intercept=-1109.982482, π_x_range=[-826.3287, 583.5530]

=== True-DRO Benders iter 304 ===
  OMP: t₀=27.743296, UB=38.334136, gap=2.76e-01, x=[0, 0, 0, 0, 0, 0, 0, 0, 0, 0, 1, 0, 0, 0, 0, 0, 0, 0, 0, 0, 0, 0, 0, 0, 1, 0, 0, 0, 0, 0, 0, 0, 0, 0, 0, 0, 0, 0, 0, 0, 0, 0, 0, 0, 0, 0, 0] (3.097s)
  Sub: Z₀=27.743296 [LOCAL] (0.4s), α=[0.000,0.000,0.000,0.000,0.000,0.000,0.000,0.000,0.000,0.000,0.421,0.000,0.000,0.000,0.000,0.000,0.000,0.000,0.000,0.000,0.000,0.000,1.472,0.000,5.413,0.000,0.000,0.000,2.943,0.000,0.000,0.000,0.000,0.000,0.000,0.000,0.000,0.000,0.000,0.000,0.000,0.000,0.000,0.000,0.000,0.000,0.000]
  Iter 304: LB=27.743296  UB=38.334136  gap=2.76e-01
  Cut: intercept=-1109.982482, π_x_range=[-826.3287, 583.5530]

=== True-DRO Benders iter 305 ===
  OMP: t₀=27.743296, UB=38.334136, gap=2.76e-01, x=[0, 0, 0, 0, 0, 0, 0, 0, 0, 0, 1, 0, 0, 0, 0, 0, 0, 0, 0, 0, 0, 0, 0, 0, 1, 0, 0, 0, 0, 0, 0, 0, 0, 0, 0, 0, 0, 0, 0, 0, 0, 0, 0, 0, 0, 0, 0] (3.151s)
  Sub: Z₀=37.695179 (2.0s), α=[0.000,0.000,0.000,0.000,0.000,0.000,0.000,0.000,0.000,0.000,0.663,0.000,0.000,0.000,0.000,0.000,0.000,0.000,0.000,0.000,0.000,0.000,1.155,0.000,5.626,0.000,0.000,0.000,2.805,0.000,0.000,0.000,0.000,0.000,0.000,0.000,0.000,0.000,0.000,0.000,0.000,0.000,0.000,0.000,0.000,0.000,0.000]
  Iter 305: LB=27.743296  UB=37.695179  gap=2.64e-01
  Cut: intercept=-197.569156, π_x_range=[-256.0000, 183.8792]
  Sherali-Cut: intercept=-173.931333, π_x_range=[-121.3732, 171.1250]

=== True-DRO Benders iter 306 ===
  OMP: t₀=28.564289, UB=37.695179, gap=2.42e-01, x=[0, 0, 0, 0, 0, 0, 0, 0, 0, 0, 0, 0, 0, 0, 0, 0, 0, 1, 0, 0, 0, 0, 0, 0, 0, 0, 0, 0, 0, 0, 0, 0, 0, 1, 0, 0, 0, 0, 0, 0, 0, 0, 0, 0, 0, 0, 0] (3.155s)
  Sub: Z₀=46.502582 [LOCAL] (0.5s), α=[0.000,0.000,0.000,0.000,0.000,0.000,0.000,0.000,0.000,0.000,0.000,0.000,0.000,0.000,0.000,0.000,0.000,0.000,0.000,0.000,0.000,0.000,0.000,0.000,5.790,0.000,0.000,0.000,0.907,0.000,0.000,0.000,0.000,0.000,0.000,1.204,2.348,0.000,0.000,0.000,0.000,0.000,0.000,0.000,0.000,0.000,0.000]
  Iter 306: LB=28.564289  UB=37.695179  gap=2.42e-01
  Cut: intercept=-1094.780968, π_x_range=[-831.4643, 570.7989]

=== True-DRO Benders iter 307 ===
  OMP: t₀=28.564290, UB=37.695179, gap=2.42e-01, x=[0, 0, 0, 0, 0, 0, 0, 0, 0, 0, 0, 0, 0, 0, 0, 0, 0, 0, 1, 0, 0, 0, 0, 0, 0, 0, 0, 0, 0, 0, 0, 0, 0, 1, 0, 0, 0, 0, 0, 0, 0, 0, 0, 0, 0, 0, 0] (3.204s)
  Sub: Z₀=46.502582 [LOCAL] (0.5s), α=[0.000,0.000,0.000,0.000,0.000,0.000,0.000,0.000,0.000,0.000,0.000,0.000,0.000,0.000,0.000,0.000,0.000,0.000,0.000,0.000,0.000,0.000,0.000,0.000,5.790,0.000,0.000,0.000,0.907,0.000,0.000,0.000,0.000,0.000,0.000,0.966,2.586,0.000,0.000,0.000,0.000,0.000,0.000,0.000,0.000,0.000,0.000]
  Iter 307: LB=28.564290  UB=37.695179  gap=2.42e-01
  Cut: intercept=-1118.580369, π_x_range=[-831.4659, 594.2803]

=== True-DRO Benders iter 308 ===
  OMP: t₀=28.564363, UB=37.695179, gap=2.42e-01, x=[0, 0, 0, 0, 0, 0, 0, 0, 0, 0, 0, 0, 0, 0, 0, 0, 1, 0, 0, 0, 0, 0, 0, 0, 0, 0, 0, 0, 0, 0, 0, 0, 0, 1, 0, 0, 0, 0, 0, 0, 0, 0, 0, 0, 0, 0, 0] (3.106s)
  Sub: Z₀=46.323858 [LOCAL] (0.7s), α=[0.000,0.000,0.000,0.000,0.000,0.000,0.000,0.000,0.000,0.000,0.000,0.000,0.000,0.000,0.000,0.000,0.000,0.000,0.000,0.000,0.000,0.000,0.000,0.000,6.378,0.000,0.000,0.000,0.907,0.000,0.000,0.000,0.000,0.000,0.000,0.861,2.102,0.000,0.000,0.000,0.000,0.000,0.000,0.000,0.000,0.000,0.000]
  Iter 308: LB=28.564363  UB=37.695179  gap=2.42e-01
  Cut: intercept=-1063.579666, π_x_range=[-831.4041, 570.1739]

=== True-DRO Benders iter 309 ===
  OMP: t₀=28.564863, UB=37.695179, gap=2.42e-01, x=[0, 0, 0, 0, 0, 0, 0, 0, 0, 0, 0, 0, 0, 0, 0, 0, 0, 0, 0, 0, 0, 0, 0, 0, 0, 0, 0, 0, 0, 0, 0, 0, 0, 1, 0, 0, 0, 0, 0, 0, 0, 0, 0, 0, 0, 0, 0] (3.186s)
  Sub: Z₀=46.502582 [LOCAL] (0.5s), α=[0.000,0.000,0.000,0.000,0.000,0.000,0.000,0.000,0.000,0.000,0.000,0.000,0.000,0.000,0.000,0.000,0.000,0.000,0.000,0.000,0.000,0.000,0.000,0.000,5.790,0.000,0.000,0.000,0.907,0.000,0.000,0.000,0.000,0.000,0.000,0.999,2.553,0.000,0.000,0.000,0.000,0.000,0.000,0.000,0.000,0.000,0.000]
  Iter 309: LB=28.564863  UB=37.695179  gap=2.42e-01
  Cut: intercept=-524.256701, π_x_range=[-831.4592, 570.7593]

=== True-DRO Benders iter 310 ===
  OMP: t₀=30.013893, UB=37.695179, gap=2.04e-01, x=[0, 0, 0, 0, 0, 0, 0, 0, 0, 0, 0, 0, 0, 0, 0, 0, 0, 0, 0, 0, 0, 0, 0, 0, 0, 0, 1, 1, 0, 0, 0, 0, 0, 0, 0, 0, 0, 0, 0, 0, 0, 0, 0, 0, 0, 0, 0] (3.200s)
  Sub: Z₀=34.478414 [TIME_LIMIT] (16.2s), α=[0.000,0.000,0.000,0.000,0.000,0.000,0.000,0.000,0.000,0.000,0.000,0.000,0.000,0.000,0.000,0.000,0.000,0.000,0.000,0.000,0.000,0.000,0.000,0.000,2.239,0.000,0.000,2.044,5.967,0.000,0.000,0.000,0.000,0.000,0.000,0.000,0.000,0.000,0.000,0.000,0.000,0.000,0.000,0.000,0.000,0.000,0.000]
  Iter 310: LB=30.013893  UB=36.880339  gap=1.86e-01
  Cut: intercept=-205.965907, π_x_range=[-274.0000, 138.5222]

=== True-DRO Benders iter 311 ===
  OMP: t₀=30.512471, UB=36.880339, gap=1.73e-01, x=[0, 0, 0, 0, 0, 0, 0, 0, 0, 0, 0, 0, 0, 0, 0, 0, 0, 0, 0, 0, 0, 0, 0, 0, 0, 0, 0, 1, 0, 0, 0, 0, 0, 0, 0, 0, 1, 0, 0, 0, 0, 0, 0, 0, 0, 0, 0] (3.062s)
  Sub: Z₀=30.512471 [LOCAL] (0.4s), α=[0.000,0.000,0.000,0.000,0.000,0.000,0.000,0.000,0.000,0.000,0.000,0.000,0.000,0.000,0.000,0.000,0.000,0.000,0.000,0.000,0.000,0.000,0.000,0.000,0.000,0.000,0.000,0.000,5.071,0.000,0.000,0.000,0.000,0.000,0.000,0.000,5.178,0.000,0.000,0.000,0.000,0.000,0.000,0.000,0.000,0.000,0.000]
  Iter 311: LB=30.512471  UB=36.880339  gap=1.73e-01
  Cut: intercept=-1144.730065, π_x_range=[-829.0790, 588.5130]

=== True-DRO Benders iter 312 ===
  OMP: t₀=30.512471, UB=36.880339, gap=1.73e-01, x=[0, 0, 0, 0, 0, 0, 0, 0, 0, 0, 0, 0, 0, 0, 0, 0, 0, 0, 0, 0, 0, 0, 0, 0, 0, 0, 0, 1, 0, 0, 0, 0, 0, 0, 0, 0, 1, 0, 0, 0, 0, 0, 0, 0, 0, 0, 0] (2.980s)
  Sub: Z₀=30.512471 [LOCAL] (0.4s), α=[0.000,0.000,0.000,0.000,0.000,0.000,0.000,0.000,0.000,0.000,0.000,0.000,0.000,0.000,0.000,0.000,0.000,0.000,0.000,0.000,0.000,0.000,0.000,0.000,0.000,0.000,0.000,0.000,5.071,0.000,0.000,0.000,0.000,0.000,0.000,0.000,5.178,0.000,0.000,0.000,0.000,0.000,0.000,0.000,0.000,0.000,0.000]
  Iter 312: LB=30.512471  UB=36.880339  gap=1.73e-01
  Cut: intercept=-1144.730065, π_x_range=[-829.0790, 588.5130]

=== True-DRO Benders iter 313 ===
  OMP: t₀=30.512471, UB=36.880339, gap=1.73e-01, x=[0, 0, 0, 0, 0, 0, 0, 0, 0, 0, 0, 0, 0, 0, 0, 0, 0, 0, 0, 0, 0, 0, 0, 0, 0, 0, 0, 1, 0, 0, 0, 0, 0, 0, 0, 0, 1, 0, 0, 0, 0, 0, 0, 0, 0, 0, 0] (2.977s)
  Sub: Z₀=30.512471 [LOCAL] (0.4s), α=[0.000,0.000,0.000,0.000,0.000,0.000,0.000,0.000,0.000,0.000,0.000,0.000,0.000,0.000,0.000,0.000,0.000,0.000,0.000,0.000,0.000,0.000,0.000,0.000,0.000,0.000,0.000,0.000,5.071,0.000,0.000,0.000,0.000,0.000,0.000,0.000,5.178,0.000,0.000,0.000,0.000,0.000,0.000,0.000,0.000,0.000,0.000]
  Iter 313: LB=30.512471  UB=36.880339  gap=1.73e-01
  Cut: intercept=-1144.730065, π_x_range=[-829.0790, 588.5130]

=== True-DRO Benders iter 314 ===
  OMP: t₀=30.512471, UB=36.880339, gap=1.73e-01, x=[0, 0, 0, 0, 0, 0, 0, 0, 0, 0, 0, 0, 0, 0, 0, 0, 0, 0, 0, 0, 0, 0, 0, 0, 0, 0, 0, 1, 0, 0, 0, 0, 0, 0, 0, 0, 1, 0, 0, 0, 0, 0, 0, 0, 0, 0, 0] (3.039s)
  Sub: Z₀=30.512471 [LOCAL] (0.4s), α=[0.000,0.000,0.000,0.000,0.000,0.000,0.000,0.000,0.000,0.000,0.000,0.000,0.000,0.000,0.000,0.000,0.000,0.000,0.000,0.000,0.000,0.000,0.000,0.000,0.000,0.000,0.000,0.000,5.071,0.000,0.000,0.000,0.000,0.000,0.000,0.000,5.178,0.000,0.000,0.000,0.000,0.000,0.000,0.000,0.000,0.000,0.000]
  Iter 314: LB=30.512471  UB=36.880339  gap=1.73e-01
  Cut: intercept=-1144.730065, π_x_range=[-829.0790, 588.5130]

=== True-DRO Benders iter 315 ===
  OMP: t₀=30.512471, UB=36.880339, gap=1.73e-01, x=[0, 0, 0, 0, 0, 0, 0, 0, 0, 0, 0, 0, 0, 0, 0, 0, 0, 0, 0, 0, 0, 0, 0, 0, 0, 0, 0, 1, 0, 0, 0, 0, 0, 0, 0, 0, 1, 0, 0, 0, 0, 0, 0, 0, 0, 0, 0] (3.187s)
  Sub: Z₀=38.655240 [TIME_LIMIT] (15.8s), α=[0.000,0.000,0.000,0.000,0.000,0.000,0.000,0.000,0.000,0.000,0.000,0.000,0.000,0.000,0.000,0.000,0.000,0.000,0.000,0.000,0.000,0.000,0.000,0.000,1.146,0.000,0.000,0.000,1.038,0.000,0.000,0.000,0.000,0.000,0.000,0.000,8.065,0.000,0.000,0.000,0.000,0.000,0.000,0.000,0.000,0.000,0.000]
  Iter 315: LB=30.512471  UB=36.880339  gap=1.73e-01
  Cut: intercept=-177.423146, π_x_range=[-236.0000, 141.1821]

=== True-DRO Benders iter 316 ===
  OMP: t₀=30.679748, UB=36.880339, gap=1.68e-01, x=[0, 0, 0, 0, 0, 0, 0, 0, 0, 0, 0, 0, 0, 1, 0, 0, 0, 0, 0, 0, 0, 0, 0, 0, 1, 0, 0, 0, 0, 0, 0, 0, 0, 0, 0, 0, 0, 0, 0, 0, 0, 0, 0, 0, 0, 0, 0] (3.268s)
  Sub: Z₀=43.854167 [LOCAL] (0.7s), α=[0.000,0.000,0.000,0.000,0.000,0.000,0.000,0.000,0.000,0.000,0.000,0.000,0.000,0.000,0.000,0.000,0.000,0.000,0.000,0.000,0.000,0.000,0.000,0.000,9.185,0.000,0.000,0.000,0.907,0.000,0.000,0.000,0.000,0.000,0.000,0.000,0.157,0.000,0.000,0.000,0.000,0.000,0.000,0.000,0.000,0.000,0.000]
  Iter 316: LB=30.679748  UB=36.880339  gap=1.68e-01
  Cut: intercept=-1132.408960, π_x_range=[-831.0257, 593.9282]

=== True-DRO Benders iter 317 ===
  OMP: t₀=31.134239, UB=36.880339, gap=1.56e-01, x=[0, 0, 0, 0, 0, 0, 0, 0, 0, 0, 0, 0, 0, 0, 0, 0, 0, 0, 0, 0, 0, 0, 0, 0, 0, 0, 0, 1, 0, 0, 1, 0, 0, 0, 0, 0, 0, 0, 0, 0, 0, 0, 0, 0, 0, 0, 0] (3.126s)
  Sub: Z₀=31.134239 [LOCAL] (0.5s), α=[0.000,0.000,0.000,0.000,0.000,0.000,0.000,0.000,0.000,0.000,0.000,0.000,0.000,0.000,0.000,0.000,0.000,0.000,0.000,0.000,0.000,0.000,0.000,0.000,0.000,0.000,0.000,3.281,6.968,0.000,0.000,0.000,0.000,0.000,0.000,0.000,0.000,0.000,0.000,0.000,0.000,0.000,0.000,0.000,0.000,0.000,0.000]
  Iter 317: LB=31.134239  UB=36.880339  gap=1.56e-01
  Cut: intercept=-1136.078906, π_x_range=[-828.5996, 584.0354]

=== True-DRO Benders iter 318 ===
  OMP: t₀=31.134239, UB=36.880339, gap=1.56e-01, x=[0, 0, 0, 0, 0, 0, 0, 0, 0, 0, 0, 0, 0, 0, 0, 0, 0, 0, 0, 0, 0, 0, 0, 0, 0, 0, 0, 1, 0, 0, 1, 0, 0, 0, 0, 0, 0, 0, 0, 0, 0, 0, 0, 0, 0, 0, 0] (3.248s)
  Sub: Z₀=31.134239 [LOCAL] (0.5s), α=[0.000,0.000,0.000,0.000,0.000,0.000,0.000,0.000,0.000,0.000,0.000,0.000,0.000,0.000,0.000,0.000,0.000,0.000,0.000,0.000,0.000,0.000,0.000,0.000,0.000,0.000,0.000,3.281,6.968,0.000,0.000,0.000,0.000,0.000,0.000,0.000,0.000,0.000,0.000,0.000,0.000,0.000,0.000,0.000,0.000,0.000,0.000]
  Iter 318: LB=31.134239  UB=36.880339  gap=1.56e-01
  Cut: intercept=-1136.078906, π_x_range=[-828.5996, 584.0354]

=== True-DRO Benders iter 319 ===
  OMP: t₀=31.134239, UB=36.880339, gap=1.56e-01, x=[0, 0, 0, 0, 0, 0, 0, 0, 0, 0, 0, 0, 0, 0, 0, 0, 0, 0, 0, 0, 0, 0, 0, 0, 0, 0, 0, 1, 0, 0, 1, 0, 0, 0, 0, 0, 0, 0, 0, 0, 0, 0, 0, 0, 0, 0, 0] (3.091s)
  Sub: Z₀=31.134239 [LOCAL] (0.5s), α=[0.000,0.000,0.000,0.000,0.000,0.000,0.000,0.000,0.000,0.000,0.000,0.000,0.000,0.000,0.000,0.000,0.000,0.000,0.000,0.000,0.000,0.000,0.000,0.000,0.000,0.000,0.000,3.281,6.968,0.000,0.000,0.000,0.000,0.000,0.000,0.000,0.000,0.000,0.000,0.000,0.000,0.000,0.000,0.000,0.000,0.000,0.000]
  Iter 319: LB=31.134239  UB=36.880339  gap=1.56e-01
  Cut: intercept=-1136.078906, π_x_range=[-828.5996, 584.0354]

=== True-DRO Benders iter 320 ===
  OMP: t₀=31.134239, UB=36.880339, gap=1.56e-01, x=[0, 0, 0, 0, 0, 0, 0, 0, 0, 0, 0, 0, 0, 0, 0, 0, 0, 0, 0, 0, 0, 0, 0, 0, 0, 0, 0, 1, 0, 0, 1, 0, 0, 0, 0, 0, 0, 0, 0, 0, 0, 0, 0, 0, 0, 0, 0] (3.204s)
  Sub: Z₀=37.086900 [TIME_LIMIT] (16.1s), α=[0.000,0.000,0.000,0.000,0.000,0.000,0.000,0.000,0.000,0.000,0.000,0.000,0.000,0.000,0.000,0.000,0.000,0.000,0.000,0.000,0.000,0.000,0.000,0.000,4.510,0.000,0.000,2.034,1.101,0.000,2.605,0.000,0.000,0.000,0.000,0.000,0.000,0.000,0.000,0.000,0.000,0.000,0.000,0.000,0.000,0.000,0.000]
  Iter 320: LB=31.134239  UB=36.880339  gap=1.56e-01
  Cut: intercept=-167.936774, π_x_range=[-191.7868, 129.1571]

=== True-DRO Benders iter 321 ===
  OMP: t₀=31.334791, UB=36.880339, gap=1.50e-01, x=[0, 0, 0, 0, 0, 0, 0, 0, 0, 0, 0, 1, 0, 0, 0, 0, 0, 0, 0, 0, 0, 0, 0, 0, 0, 0, 0, 0, 0, 0, 0, 0, 0, 0, 0, 0, 0, 0, 0, 0, 0, 0, 0, 0, 0, 0, 0] (3.033s)
  Sub: Z₀=48.053728 [LOCAL] (0.6s), α=[0.000,0.000,0.000,0.000,0.000,0.000,0.000,0.000,0.000,0.000,0.000,0.000,0.000,0.000,0.000,0.000,0.000,0.000,0.000,0.000,0.000,0.000,0.000,0.000,2.929,0.000,0.000,0.037,4.950,0.000,0.000,0.000,0.000,0.000,0.000,0.236,2.097,0.000,0.000,0.000,0.000,0.000,0.000,0.000,0.000,0.000,0.000]
  Iter 321: LB=31.334791  UB=36.880339  gap=1.50e-01
  Cut: intercept=-534.778092, π_x_range=[-829.1908, 582.8318]

=== True-DRO Benders iter 322 ===
  OMP: t₀=32.229780, UB=36.880339, gap=1.26e-01, x=[0, 0, 0, 0, 0, 0, 0, 0, 0, 0, 0, 1, 0, 0, 0, 0, 0, 0, 0, 0, 0, 0, 0, 0, 1, 0, 0, 0, 0, 0, 0, 0, 0, 0, 0, 0, 0, 0, 0, 0, 0, 0, 0, 0, 0, 0, 0] (3.007s)
  Sub: Z₀=43.854167 [LOCAL] (0.6s), α=[0.000,0.000,0.000,0.000,0.000,0.000,0.000,0.000,0.000,0.000,0.000,0.000,0.000,0.000,0.000,0.000,0.000,0.000,0.000,0.000,0.000,0.000,0.000,0.000,9.185,0.000,0.000,0.000,0.907,0.000,0.000,0.000,0.000,0.000,0.000,0.000,0.157,0.000,0.000,0.000,0.000,0.000,0.000,0.000,0.000,0.000,0.000]
  Iter 322: LB=32.229780  UB=36.880339  gap=1.26e-01
  Cut: intercept=-1125.549690, π_x_range=[-831.0092, 587.1680]

=== True-DRO Benders iter 323 ===
  OMP: t₀=33.110579, UB=36.880339, gap=1.02e-01, x=[0, 0, 0, 0, 0, 0, 0, 0, 0, 0, 0, 0, 1, 0, 0, 0, 0, 0, 0, 0, 0, 0, 0, 0, 1, 0, 0, 0, 0, 0, 0, 0, 0, 0, 0, 0, 0, 0, 0, 0, 0, 0, 0, 0, 0, 0, 0] (2.988s)
  Sub: Z₀=43.854167 [LOCAL] (0.6s), α=[0.000,0.000,0.000,0.000,0.000,0.000,0.000,0.000,0.000,0.000,0.000,0.000,0.000,0.000,0.000,0.000,0.000,0.000,0.000,0.000,0.000,0.000,0.000,0.000,9.185,0.000,0.000,0.000,0.907,0.000,0.000,0.000,0.000,0.000,0.000,0.000,0.157,0.000,0.000,0.000,0.000,0.000,0.000,0.000,0.000,0.000,0.000]
  Iter 323: LB=33.110579  UB=36.880339  gap=1.02e-01
  Cut: intercept=-1114.875434, π_x_range=[-831.0086, 582.3245]

=== True-DRO Benders iter 324 ===
  OMP: t₀=33.719288, UB=36.880339, gap=8.57e-02, x=[0, 0, 0, 0, 0, 0, 0, 0, 0, 0, 0, 0, 0, 0, 0, 0, 0, 0, 0, 0, 0, 0, 0, 0, 0, 0, 0, 1, 0, 1, 0, 0, 0, 0, 0, 0, 0, 0, 0, 0, 0, 0, 0, 0, 0, 0, 0] (2.935s)
  Sub: Z₀=33.719288 [LOCAL] (0.5s), α=[0.000,0.000,0.000,0.000,0.000,0.000,0.000,0.000,0.000,0.000,0.000,0.000,0.000,0.000,0.000,0.000,0.000,0.000,0.000,0.000,0.000,0.000,0.000,0.000,0.000,0.000,0.000,3.989,6.102,0.000,0.000,0.000,0.000,0.000,0.000,0.000,0.157,0.000,0.000,0.000,0.000,0.000,0.000,0.000,0.000,0.000,0.000]
  Iter 324: LB=33.719288  UB=36.880339  gap=8.57e-02
  Cut: intercept=-1102.464645, π_x_range=[-828.6237, 579.6692]

=== True-DRO Benders iter 325 ===
  OMP: t₀=33.719288, UB=36.880339, gap=8.57e-02, x=[0, 0, 0, 0, 0, 0, 0, 0, 0, 0, 0, 0, 0, 0, 0, 0, 0, 0, 0, 0, 0, 0, 0, 0, 0, 0, 0, 1, 0, 1, 0, 0, 0, 0, 0, 0, 0, 0, 0, 0, 0, 0, 0, 0, 0, 0, 0] (3.001s)
  Sub: Z₀=37.096538 [TIME_LIMIT] (16.1s), α=[0.000,0.000,0.000,0.000,0.000,0.000,0.000,0.000,0.000,0.000,0.000,0.000,0.000,0.000,0.000,0.000,0.000,0.000,0.000,0.000,0.000,0.000,0.000,0.000,0.000,0.000,0.000,3.563,6.354,0.000,0.000,0.000,0.000,0.000,0.000,0.114,0.218,0.000,0.000,0.000,0.000,0.000,0.000,0.000,0.000,0.000,0.000]
  Iter 325: LB=33.719288  UB=36.880339  gap=8.57e-02
  Cut: intercept=-271.142353, π_x_range=[-278.0000, 188.5183]

=== True-DRO Benders iter 326 ===
  OMP: t₀=34.007622, UB=36.880339, gap=7.79e-02, x=[0, 0, 0, 0, 0, 0, 0, 0, 0, 0, 0, 0, 0, 0, 0, 0, 0, 0, 0, 0, 0, 0, 0, 0, 0, 0, 0, 1, 0, 0, 0, 0, 0, 0, 1, 0, 0, 0, 0, 0, 0, 0, 0, 0, 0, 0, 0] (3.035s)
  Sub: Z₀=34.007623 [LOCAL] (0.4s), α=[0.000,0.000,0.000,0.000,0.000,0.000,0.000,0.000,0.000,0.000,0.000,0.000,0.000,0.000,0.000,0.000,0.000,0.000,0.000,0.000,0.000,0.000,0.000,0.000,0.000,0.000,0.000,4.055,6.194,0.000,0.000,0.000,0.000,0.000,0.000,0.000,0.000,0.000,0.000,0.000,0.000,0.000,0.000,0.000,0.000,0.000,0.000]
  Iter 326: LB=34.007622  UB=36.880339  gap=7.79e-02
  Cut: intercept=-1140.120662, π_x_range=[-825.4659, 594.5639]

=== True-DRO Benders iter 327 ===
  OMP: t₀=34.007622, UB=36.880339, gap=7.79e-02, x=[0, 0, 0, 0, 0, 0, 0, 0, 0, 0, 0, 0, 0, 0, 0, 0, 0, 0, 0, 0, 0, 0, 0, 0, 0, 0, 0, 1, 0, 0, 0, 0, 0, 0, 1, 0, 0, 0, 0, 0, 0, 0, 0, 0, 0, 0, 0] (2.925s)
  Sub: Z₀=34.007623 [LOCAL] (0.4s), α=[0.000,0.000,0.000,0.000,0.000,0.000,0.000,0.000,0.000,0.000,0.000,0.000,0.000,0.000,0.000,0.000,0.000,0.000,0.000,0.000,0.000,0.000,0.000,0.000,0.000,0.000,0.000,4.055,6.194,0.000,0.000,0.000,0.000,0.000,0.000,0.000,0.000,0.000,0.000,0.000,0.000,0.000,0.000,0.000,0.000,0.000,0.000]
  Iter 327: LB=34.007622  UB=36.880339  gap=7.79e-02
  Cut: intercept=-1140.120662, π_x_range=[-825.4659, 594.5639]

=== True-DRO Benders iter 328 ===
  OMP: t₀=34.007622, UB=36.880339, gap=7.79e-02, x=[0, 0, 0, 0, 0, 0, 0, 0, 0, 0, 0, 0, 0, 0, 0, 0, 0, 0, 0, 0, 0, 0, 0, 0, 0, 0, 0, 1, 0, 0, 0, 0, 0, 0, 1, 0, 0, 0, 0, 0, 0, 0, 0, 0, 0, 0, 0] (2.916s)
  Sub: Z₀=34.007623 [LOCAL] (0.4s), α=[0.000,0.000,0.000,0.000,0.000,0.000,0.000,0.000,0.000,0.000,0.000,0.000,0.000,0.000,0.000,0.000,0.000,0.000,0.000,0.000,0.000,0.000,0.000,0.000,0.000,0.000,0.000,4.055,6.194,0.000,0.000,0.000,0.000,0.000,0.000,0.000,0.000,0.000,0.000,0.000,0.000,0.000,0.000,0.000,0.000,0.000,0.000]
  Iter 328: LB=34.007622  UB=36.880339  gap=7.79e-02
  Cut: intercept=-1140.120662, π_x_range=[-825.4659, 594.5639]

=== True-DRO Benders iter 329 ===
  OMP: t₀=34.007622, UB=36.880339, gap=7.79e-02, x=[0, 0, 0, 0, 0, 0, 0, 0, 0, 0, 0, 0, 0, 0, 0, 0, 0, 0, 0, 0, 0, 0, 0, 0, 0, 0, 0, 1, 0, 0, 0, 0, 0, 0, 1, 0, 0, 0, 0, 0, 0, 0, 0, 0, 0, 0, 0] (3.027s)
  Sub: Z₀=34.007623 [LOCAL] (0.5s), α=[0.000,0.000,0.000,0.000,0.000,0.000,0.000,0.000,0.000,0.000,0.000,0.000,0.000,0.000,0.000,0.000,0.000,0.000,0.000,0.000,0.000,0.000,0.000,0.000,0.000,0.000,0.000,4.055,6.194,0.000,0.000,0.000,0.000,0.000,0.000,0.000,0.000,0.000,0.000,0.000,0.000,0.000,0.000,0.000,0.000,0.000,0.000]
  Iter 329: LB=34.007622  UB=36.880339  gap=7.79e-02
  Cut: intercept=-1140.120662, π_x_range=[-825.4659, 594.5639]

=== True-DRO Benders iter 330 ===
  OMP: t₀=34.007622, UB=36.880339, gap=7.79e-02, x=[0, 0, 0, 0, 0, 0, 0, 0, 0, 0, 0, 0, 0, 0, 0, 0, 0, 0, 0, 0, 0, 0, 0, 0, 0, 0, 0, 1, 0, 0, 0, 0, 0, 0, 1, 0, 0, 0, 0, 0, 0, 0, 0, 0, 0, 0, 0] (3.066s)
  Sub: Z₀=36.759332 [TIME_LIMIT] (15.3s), α=[0.000,0.000,0.000,0.000,0.000,0.000,0.000,0.000,0.000,0.000,0.000,0.000,0.000,0.000,0.000,0.000,0.000,0.000,0.000,0.000,0.000,0.000,0.000,0.000,0.000,0.000,0.000,3.895,6.355,0.000,0.000,0.000,0.000,0.000,0.000,0.000,0.000,0.000,0.000,0.000,0.000,0.000,0.000,0.000,0.000,0.000,0.000]
  Iter 330: LB=34.007622  UB=36.880339  gap=7.79e-02
  Cut: intercept=-175.097937, π_x_range=[-247.2087, 141.3891]

=== True-DRO Benders iter 331 ===
  OMP: t₀=34.161603, UB=36.880339, gap=7.37e-02, x=[0, 0, 0, 0, 0, 0, 0, 0, 0, 0, 1, 0, 0, 0, 0, 0, 0, 0, 0, 0, 0, 0, 0, 0, 0, 0, 0, 1, 0, 0, 0, 0, 0, 0, 0, 0, 0, 0, 0, 0, 0, 0, 0, 0, 0, 0, 0] (3.116s)
  Sub: Z₀=34.161603 [LOCAL] (0.5s), α=[0.000,0.000,0.000,0.000,0.000,0.000,0.000,0.000,0.000,0.000,0.000,0.000,0.000,0.000,0.000,0.000,0.000,0.000,0.000,0.000,0.000,0.000,0.000,0.000,0.758,0.000,0.000,0.000,9.491,0.000,0.000,0.000,0.000,0.000,0.000,0.000,0.000,0.000,0.000,0.000,0.000,0.000,0.000,0.000,0.000,0.000,0.000]
  Iter 331: LB=34.161603  UB=36.880339  gap=7.37e-02
  Cut: intercept=-1092.610680, π_x_range=[-819.3086, 579.0775]

=== True-DRO Benders iter 332 ===
  OMP: t₀=34.161603, UB=36.880339, gap=7.37e-02, x=[0, 0, 0, 0, 0, 0, 0, 0, 0, 0, 1, 0, 0, 0, 0, 0, 0, 0, 0, 0, 0, 0, 0, 0, 0, 0, 0, 1, 0, 0, 0, 0, 0, 0, 0, 0, 0, 0, 0, 0, 0, 0, 0, 0, 0, 0, 0] (3.073s)
  Sub: Z₀=34.161603 [LOCAL] (0.5s), α=[0.000,0.000,0.000,0.000,0.000,0.000,0.000,0.000,0.000,0.000,0.000,0.000,0.000,0.000,0.000,0.000,0.000,0.000,0.000,0.000,0.000,0.000,0.000,0.000,0.758,0.000,0.000,0.000,9.491,0.000,0.000,0.000,0.000,0.000,0.000,0.000,0.000,0.000,0.000,0.000,0.000,0.000,0.000,0.000,0.000,0.000,0.000]
  Iter 332: LB=34.161603  UB=36.880339  gap=7.37e-02
  Cut: intercept=-1092.610680, π_x_range=[-819.3086, 579.0775]

=== True-DRO Benders iter 333 ===
  OMP: t₀=34.161603, UB=36.880339, gap=7.37e-02, x=[0, 0, 0, 0, 0, 0, 0, 0, 0, 0, 1, 0, 0, 0, 0, 0, 0, 0, 0, 0, 0, 0, 0, 0, 0, 0, 0, 1, 0, 0, 0, 0, 0, 0, 0, 0, 0, 0, 0, 0, 0, 0, 0, 0, 0, 0, 0] (3.086s)
  Sub: Z₀=34.161603 [LOCAL] (0.5s), α=[0.000,0.000,0.000,0.000,0.000,0.000,0.000,0.000,0.000,0.000,0.000,0.000,0.000,0.000,0.000,0.000,0.000,0.000,0.000,0.000,0.000,0.000,0.000,0.000,0.758,0.000,0.000,0.000,9.491,0.000,0.000,0.000,0.000,0.000,0.000,0.000,0.000,0.000,0.000,0.000,0.000,0.000,0.000,0.000,0.000,0.000,0.000]
  Iter 333: LB=34.161603  UB=36.880339  gap=7.37e-02
  Cut: intercept=-1092.610680, π_x_range=[-819.3086, 579.0775]

=== True-DRO Benders iter 334 ===
  OMP: t₀=34.161603, UB=36.880339, gap=7.37e-02, x=[0, 0, 0, 0, 0, 0, 0, 0, 0, 0, 1, 0, 0, 0, 0, 0, 0, 0, 0, 0, 0, 0, 0, 0, 0, 0, 0, 1, 0, 0, 0, 0, 0, 0, 0, 0, 0, 0, 0, 0, 0, 0, 0, 0, 0, 0, 0] (2.995s)
  Sub: Z₀=34.161603 [LOCAL] (0.5s), α=[0.000,0.000,0.000,0.000,0.000,0.000,0.000,0.000,0.000,0.000,0.000,0.000,0.000,0.000,0.000,0.000,0.000,0.000,0.000,0.000,0.000,0.000,0.000,0.000,0.758,0.000,0.000,0.000,9.491,0.000,0.000,0.000,0.000,0.000,0.000,0.000,0.000,0.000,0.000,0.000,0.000,0.000,0.000,0.000,0.000,0.000,0.000]
  Iter 334: LB=34.161603  UB=36.880339  gap=7.37e-02
  Cut: intercept=-1092.610680, π_x_range=[-819.3086, 579.0775]

=== True-DRO Benders iter 335 ===
  OMP: t₀=34.161603, UB=36.880339, gap=7.37e-02, x=[0, 0, 0, 0, 0, 0, 0, 0, 0, 0, 1, 0, 0, 0, 0, 0, 0, 0, 0, 0, 0, 0, 0, 0, 0, 0, 0, 1, 0, 0, 0, 0, 0, 0, 0, 0, 0, 0, 0, 0, 0, 0, 0, 0, 0, 0, 0] (3.035s)
  Sub: Z₀=38.995878 (8.0s), α=[0.000,0.000,0.000,0.000,0.000,0.000,0.000,0.000,0.000,0.000,0.000,0.000,0.000,0.000,0.000,0.000,0.000,0.000,0.000,0.000,0.000,0.000,0.000,0.000,0.758,0.000,0.000,0.000,9.491,0.000,0.000,0.000,0.000,0.000,0.000,0.000,0.000,0.000,0.000,0.000,0.000,0.000,0.000,0.000,0.000,0.000,0.000]
  Iter 335: LB=34.161603  UB=36.880339  gap=7.37e-02
  Cut: intercept=-238.428573, π_x_range=[-273.0000, 145.9043]
  Sherali-Cut: intercept=-99.604342, π_x_range=[-120.0000, 111.2578]

=== True-DRO Benders iter 336 ===
  OMP: t₀=34.178844, UB=36.880339, gap=7.33e-02, x=[0, 0, 0, 0, 0, 0, 0, 0, 0, 0, 0, 0, 0, 0, 0, 0, 0, 0, 0, 0, 0, 0, 0, 0, 0, 0, 0, 1, 0, 0, 0, 0, 0, 0, 0, 1, 0, 0, 0, 0, 0, 0, 0, 0, 0, 0, 0] (3.247s)
  Sub: Z₀=34.178844 [LOCAL] (0.5s), α=[0.000,0.000,0.000,0.000,0.000,0.000,0.000,0.000,0.000,0.000,0.000,0.000,0.000,0.000,0.000,0.000,0.000,0.000,0.000,0.000,0.000,0.000,0.000,0.000,0.533,0.000,0.000,2.806,6.061,0.000,0.000,0.000,0.000,0.000,0.000,0.808,0.041,0.000,0.000,0.000,0.000,0.000,0.000,0.000,0.000,0.000,0.000]
  Iter 336: LB=34.178844  UB=36.880339  gap=7.33e-02
  Cut: intercept=-1128.625303, π_x_range=[-825.5700, 583.0124]

=== True-DRO Benders iter 337 ===
  OMP: t₀=34.178844, UB=36.880339, gap=7.33e-02, x=[0, 0, 0, 0, 0, 0, 0, 0, 0, 0, 0, 0, 0, 0, 0, 0, 0, 0, 0, 0, 0, 0, 0, 0, 0, 0, 0, 1, 0, 0, 0, 0, 0, 0, 0, 1, 0, 0, 0, 0, 0, 0, 0, 0, 0, 0, 0] (3.153s)
  Sub: Z₀=34.178844 [LOCAL] (0.4s), α=[0.000,0.000,0.000,0.000,0.000,0.000,0.000,0.000,0.000,0.000,0.000,0.000,0.000,0.000,0.000,0.000,0.000,0.000,0.000,0.000,0.000,0.000,0.000,0.000,0.533,0.000,0.000,2.806,6.061,0.000,0.000,0.000,0.000,0.000,0.000,0.808,0.041,0.000,0.000,0.000,0.000,0.000,0.000,0.000,0.000,0.000,0.000]
  Iter 337: LB=34.178844  UB=36.880339  gap=7.33e-02
  Cut: intercept=-1128.625303, π_x_range=[-825.5700, 583.0124]

=== True-DRO Benders iter 338 ===
  OMP: t₀=34.178844, UB=36.880339, gap=7.33e-02, x=[0, 0, 0, 0, 0, 0, 0, 0, 0, 0, 0, 0, 0, 0, 0, 0, 0, 0, 0, 0, 0, 0, 0, 0, 0, 0, 0, 1, 0, 0, 0, 0, 0, 0, 0, 1, 0, 0, 0, 0, 0, 0, 0, 0, 0, 0, 0] (3.239s)
  Sub: Z₀=34.178844 [LOCAL] (0.4s), α=[0.000,0.000,0.000,0.000,0.000,0.000,0.000,0.000,0.000,0.000,0.000,0.000,0.000,0.000,0.000,0.000,0.000,0.000,0.000,0.000,0.000,0.000,0.000,0.000,0.533,0.000,0.000,2.806,6.061,0.000,0.000,0.000,0.000,0.000,0.000,0.808,0.041,0.000,0.000,0.000,0.000,0.000,0.000,0.000,0.000,0.000,0.000]
  Iter 338: LB=34.178844  UB=36.880339  gap=7.33e-02
  Cut: intercept=-1128.625303, π_x_range=[-825.5700, 583.0124]

=== True-DRO Benders iter 339 ===
  OMP: t₀=34.178844, UB=36.880339, gap=7.33e-02, x=[0, 0, 0, 0, 0, 0, 0, 0, 0, 0, 0, 0, 0, 0, 0, 0, 0, 0, 0, 0, 0, 0, 0, 0, 0, 0, 0, 1, 0, 0, 0, 0, 0, 0, 0, 1, 0, 0, 0, 0, 0, 0, 0, 0, 0, 0, 0] (3.283s)
  Sub: Z₀=34.178844 [LOCAL] (0.4s), α=[0.000,0.000,0.000,0.000,0.000,0.000,0.000,0.000,0.000,0.000,0.000,0.000,0.000,0.000,0.000,0.000,0.000,0.000,0.000,0.000,0.000,0.000,0.000,0.000,0.533,0.000,0.000,2.806,6.061,0.000,0.000,0.000,0.000,0.000,0.000,0.808,0.041,0.000,0.000,0.000,0.000,0.000,0.000,0.000,0.000,0.000,0.000]
  Iter 339: LB=34.178844  UB=36.880339  gap=7.33e-02
  Cut: intercept=-1128.625303, π_x_range=[-825.5700, 583.0124]

=== True-DRO Benders iter 340 ===
  OMP: t₀=34.178844, UB=36.880339, gap=7.33e-02, x=[0, 0, 0, 0, 0, 0, 0, 0, 0, 0, 0, 0, 0, 0, 0, 0, 0, 0, 0, 0, 0, 0, 0, 0, 0, 0, 0, 1, 0, 0, 0, 0, 0, 0, 0, 1, 0, 0, 0, 0, 0, 0, 0, 0, 0, 0, 0] (3.181s)
  Sub: Z₀=39.954784 [TIME_LIMIT] (15.9s), α=[0.000,0.000,0.000,0.000,0.000,0.000,0.000,0.000,0.000,0.000,0.000,0.000,0.000,0.000,0.000,0.000,0.000,0.000,0.000,0.000,0.000,0.000,0.000,0.000,0.000,0.000,0.000,0.937,4.137,0.000,0.000,0.000,0.000,0.000,0.000,3.133,2.042,0.000,0.000,0.000,0.000,0.000,0.000,0.000,0.000,0.000,0.000]
  Iter 340: LB=34.178844  UB=36.880339  gap=7.33e-02
  Cut: intercept=-94.783348, π_x_range=[-282.0000, 119.0442]

=== True-DRO Benders iter 341 ===
  OMP: t₀=34.478414, UB=36.880339, gap=6.51e-02, x=[0, 0, 0, 0, 0, 0, 0, 0, 0, 0, 0, 0, 0, 0, 0, 0, 0, 0, 0, 0, 0, 0, 0, 0, 0, 0, 1, 1, 0, 0, 0, 0, 0, 0, 0, 0, 0, 0, 0, 0, 0, 0, 0, 0, 0, 0, 0] (3.162s)
  Sub: Z₀=30.013893 [LOCAL] (0.5s), α=[0.000,0.000,0.000,0.000,0.000,0.000,0.000,0.000,0.000,0.000,0.000,0.000,0.000,0.000,0.000,0.000,0.000,0.000,0.000,0.000,0.000,0.000,0.000,0.000,2.239,0.000,0.000,1.042,6.968,0.000,0.000,0.000,0.000,0.000,0.000,0.000,0.000,0.000,0.000,0.000,0.000,0.000,0.000,0.000,0.000,0.000,0.000]
  Iter 341: LB=34.478414  UB=36.880339  gap=6.51e-02
  Cut: intercept=-1138.953974, π_x_range=[-828.7642, 586.8708]

=== True-DRO Benders iter 342 ===
  OMP: t₀=34.478414, UB=36.880339, gap=6.51e-02, x=[0, 0, 0, 0, 0, 0, 0, 0, 0, 0, 0, 0, 0, 0, 0, 0, 0, 0, 0, 0, 0, 0, 0, 0, 0, 0, 1, 1, 0, 0, 0, 0, 0, 0, 0, 0, 0, 0, 0, 0, 0, 0, 0, 0, 0, 0, 0] (3.416s)
  Sub: Z₀=30.013893 [LOCAL] (0.5s), α=[0.000,0.000,0.000,0.000,0.000,0.000,0.000,0.000,0.000,0.000,0.000,0.000,0.000,0.000,0.000,0.000,0.000,0.000,0.000,0.000,0.000,0.000,0.000,0.000,2.239,0.000,0.000,1.042,6.968,0.000,0.000,0.000,0.000,0.000,0.000,0.000,0.000,0.000,0.000,0.000,0.000,0.000,0.000,0.000,0.000,0.000,0.000]
  Iter 342: LB=34.478414  UB=36.880339  gap=6.51e-02
  Cut: intercept=-1138.953974, π_x_range=[-828.7642, 586.8708]

=== True-DRO Benders iter 343 ===
  OMP: t₀=34.478414, UB=36.880339, gap=6.51e-02, x=[0, 0, 0, 0, 0, 0, 0, 0, 0, 0, 0, 0, 0, 0, 0, 0, 0, 0, 0, 0, 0, 0, 0, 0, 0, 0, 1, 1, 0, 0, 0, 0, 0, 0, 0, 0, 0, 0, 0, 0, 0, 0, 0, 0, 0, 0, 0] (3.153s)
  Sub: Z₀=30.013893 [LOCAL] (0.5s), α=[0.000,0.000,0.000,0.000,0.000,0.000,0.000,0.000,0.000,0.000,0.000,0.000,0.000,0.000,0.000,0.000,0.000,0.000,0.000,0.000,0.000,0.000,0.000,0.000,2.239,0.000,0.000,1.042,6.968,0.000,0.000,0.000,0.000,0.000,0.000,0.000,0.000,0.000,0.000,0.000,0.000,0.000,0.000,0.000,0.000,0.000,0.000]
  Iter 343: LB=34.478414  UB=36.880339  gap=6.51e-02
  Cut: intercept=-1138.953974, π_x_range=[-828.7642, 586.8708]

=== True-DRO Benders iter 344 ===
  OMP: t₀=34.478414, UB=36.880339, gap=6.51e-02, x=[0, 0, 0, 0, 0, 0, 0, 0, 0, 0, 0, 0, 0, 0, 0, 0, 0, 0, 0, 0, 0, 0, 0, 0, 0, 0, 1, 1, 0, 0, 0, 0, 0, 0, 0, 0, 0, 0, 0, 0, 0, 0, 0, 0, 0, 0, 0] (3.152s)
  Sub: Z₀=30.013893 [LOCAL] (0.5s), α=[0.000,0.000,0.000,0.000,0.000,0.000,0.000,0.000,0.000,0.000,0.000,0.000,0.000,0.000,0.000,0.000,0.000,0.000,0.000,0.000,0.000,0.000,0.000,0.000,2.239,0.000,0.000,1.042,6.968,0.000,0.000,0.000,0.000,0.000,0.000,0.000,0.000,0.000,0.000,0.000,0.000,0.000,0.000,0.000,0.000,0.000,0.000]
  Iter 344: LB=34.478414  UB=36.880339  gap=6.51e-02
  Cut: intercept=-1138.953974, π_x_range=[-828.7642, 586.8708]

=== True-DRO Benders iter 345 ===
  OMP: t₀=34.478414, UB=36.880339, gap=6.51e-02, x=[0, 0, 0, 0, 0, 0, 0, 0, 0, 0, 0, 0, 0, 0, 0, 0, 0, 0, 0, 0, 0, 0, 0, 0, 0, 0, 1, 1, 0, 0, 0, 0, 0, 0, 0, 0, 0, 0, 0, 0, 0, 0, 0, 0, 0, 0, 0] (3.176s)
  Sub: Z₀=34.478414 [TIME_LIMIT] (16.1s), α=[0.000,0.000,0.000,0.000,0.000,0.000,0.000,0.000,0.000,0.000,0.000,0.000,0.000,0.000,0.000,0.000,0.000,0.000,0.000,0.000,0.000,0.000,0.000,0.000,2.239,0.000,0.000,2.044,5.967,0.000,0.000,0.000,0.000,0.000,0.000,0.000,0.000,0.000,0.000,0.000,0.000,0.000,0.000,0.000,0.000,0.000,0.000]
  Iter 345: LB=34.478414  UB=36.880339  gap=6.51e-02
  Cut: intercept=-205.965907, π_x_range=[-274.0000, 138.5222]

=== True-DRO Benders iter 346 ===
  OMP: t₀=34.478414, UB=36.880339, gap=6.51e-02, x=[0, 0, 0, 0, 0, 0, 0, 0, 0, 0, 0, 0, 0, 0, 0, 0, 0, 0, 0, 0, 0, 0, 0, 0, 0, 0, 1, 1, 0, 0, 0, 0, 0, 0, 0, 0, 0, 0, 0, 0, 0, 0, 0, 0, 0, 0, 0] (3.219s)
  Sub: Z₀=30.013893 [LOCAL] (0.5s), α=[0.000,0.000,0.000,0.000,0.000,0.000,0.000,0.000,0.000,0.000,0.000,0.000,0.000,0.000,0.000,0.000,0.000,0.000,0.000,0.000,0.000,0.000,0.000,0.000,2.239,0.000,0.000,1.042,6.968,0.000,0.000,0.000,0.000,0.000,0.000,0.000,0.000,0.000,0.000,0.000,0.000,0.000,0.000,0.000,0.000,0.000,0.000]
  Iter 346: LB=34.478414  UB=36.880339  gap=6.51e-02
  Cut: intercept=-1138.953974, π_x_range=[-828.7642, 586.8708]

=== True-DRO Benders iter 347 ===
  OMP: t₀=34.478414, UB=36.880339, gap=6.51e-02, x=[0, 0, 0, 0, 0, 0, 0, 0, 0, 0, 0, 0, 0, 0, 0, 0, 0, 0, 0, 0, 0, 0, 0, 0, 0, 0, 1, 1, 0, 0, 0, 0, 0, 0, 0, 0, 0, 0, 0, 0, 0, 0, 0, 0, 0, 0, 0] (3.181s)
  Sub: Z₀=30.013893 [LOCAL] (0.5s), α=[0.000,0.000,0.000,0.000,0.000,0.000,0.000,0.000,0.000,0.000,0.000,0.000,0.000,0.000,0.000,0.000,0.000,0.000,0.000,0.000,0.000,0.000,0.000,0.000,2.239,0.000,0.000,1.042,6.968,0.000,0.000,0.000,0.000,0.000,0.000,0.000,0.000,0.000,0.000,0.000,0.000,0.000,0.000,0.000,0.000,0.000,0.000]
  Iter 347: LB=34.478414  UB=36.880339  gap=6.51e-02
  Cut: intercept=-1138.953974, π_x_range=[-828.7642, 586.8708]

=== True-DRO Benders iter 348 ===
  OMP: t₀=34.478414, UB=36.880339, gap=6.51e-02, x=[0, 0, 0, 0, 0, 0, 0, 0, 0, 0, 0, 0, 0, 0, 0, 0, 0, 0, 0, 0, 0, 0, 0, 0, 0, 0, 1, 1, 0, 0, 0, 0, 0, 0, 0, 0, 0, 0, 0, 0, 0, 0, 0, 0, 0, 0, 0] (3.126s)
  Sub: Z₀=30.013893 [LOCAL] (0.5s), α=[0.000,0.000,0.000,0.000,0.000,0.000,0.000,0.000,0.000,0.000,0.000,0.000,0.000,0.000,0.000,0.000,0.000,0.000,0.000,0.000,0.000,0.000,0.000,0.000,2.239,0.000,0.000,1.042,6.968,0.000,0.000,0.000,0.000,0.000,0.000,0.000,0.000,0.000,0.000,0.000,0.000,0.000,0.000,0.000,0.000,0.000,0.000]
  Iter 348: LB=34.478414  UB=36.880339  gap=6.51e-02
  Cut: intercept=-1138.953974, π_x_range=[-828.7642, 586.8708]

=== True-DRO Benders iter 349 ===
  OMP: t₀=34.478414, UB=36.880339, gap=6.51e-02, x=[0, 0, 0, 0, 0, 0, 0, 0, 0, 0, 0, 0, 0, 0, 0, 0, 0, 0, 0, 0, 0, 0, 0, 0, 0, 0, 1, 1, 0, 0, 0, 0, 0, 0, 0, 0, 0, 0, 0, 0, 0, 0, 0, 0, 0, 0, 0] (3.173s)
  Sub: Z₀=30.013893 [LOCAL] (0.5s), α=[0.000,0.000,0.000,0.000,0.000,0.000,0.000,0.000,0.000,0.000,0.000,0.000,0.000,0.000,0.000,0.000,0.000,0.000,0.000,0.000,0.000,0.000,0.000,0.000,2.239,0.000,0.000,1.042,6.968,0.000,0.000,0.000,0.000,0.000,0.000,0.000,0.000,0.000,0.000,0.000,0.000,0.000,0.000,0.000,0.000,0.000,0.000]
  Iter 349: LB=34.478414  UB=36.880339  gap=6.51e-02
  Cut: intercept=-1138.953974, π_x_range=[-828.7642, 586.8708]

=== True-DRO Benders iter 350 ===
  OMP: t₀=34.478414, UB=36.880339, gap=6.51e-02, x=[0, 0, 0, 0, 0, 0, 0, 0, 0, 0, 0, 0, 0, 0, 0, 0, 0, 0, 0, 0, 0, 0, 0, 0, 0, 0, 1, 1, 0, 0, 0, 0, 0, 0, 0, 0, 0, 0, 0, 0, 0, 0, 0, 0, 0, 0, 0] (3.202s)
  → Boost: time limit 3600s + MIPGap=0.5% (same x + prev TIME_LIMIT)
  Sub: Z₀=35.515097 [TIME_LIMIT] (3619.2s), α=[0.000,0.000,0.000,0.000,0.000,0.000,0.000,0.000,0.000,0.000,0.000,0.000,0.000,0.000,0.000,0.000,0.000,0.000,0.000,0.000,0.000,0.000,0.000,0.000,5.265,0.000,0.000,0.000,4.985,0.000,0.000,0.000,0.000,0.000,0.000,0.000,0.000,0.000,0.000,0.000,0.000,0.000,0.000,0.000,0.000,0.000,0.000]
  Iter 350: LB=34.478414  UB=35.703084  gap=3.43e-02
  Cut: intercept=-192.537940, π_x_range=[-240.0000, 121.9894]

=== True-DRO Benders iter 351 ===
  OMP: t₀=34.708325, UB=35.703084, gap=2.79e-02, x=[0, 0, 0, 0, 0, 0, 0, 0, 0, 1, 0, 0, 0, 0, 0, 0, 0, 0, 0, 0, 0, 0, 0, 0, 1, 0, 0, 0, 0, 0, 0, 0, 0, 0, 0, 0, 0, 0, 0, 0, 0, 0, 0, 0, 0, 0, 0] (5.370s)
  Sub: Z₀=43.854167 [LOCAL] (0.7s), α=[0.000,0.000,0.000,0.000,0.000,0.000,0.000,0.000,0.000,0.000,0.000,0.000,0.000,0.000,0.000,0.000,0.000,0.000,0.000,0.000,0.000,0.000,0.000,0.000,9.185,0.000,0.000,0.000,0.907,0.000,0.000,0.000,0.000,0.000,0.000,0.000,0.157,0.000,0.000,0.000,0.000,0.000,0.000,0.000,0.000,0.000,0.000]
  Iter 351: LB=34.708325  UB=35.703084  gap=2.79e-02
  Cut: intercept=-1090.460757, π_x_range=[-827.9530, 582.3498]

=== True-DRO Benders iter 352 ===
  OMP: t₀=34.708332, UB=35.703084, gap=2.79e-02, x=[0, 0, 0, 0, 0, 0, 0, 0, 0, 0, 0, 0, 0, 0, 0, 0, 0, 1, 0, 0, 0, 0, 0, 0, 1, 0, 0, 0, 0, 0, 0, 0, 0, 0, 0, 0, 0, 0, 0, 0, 0, 0, 0, 0, 0, 0, 0] (5.284s)
  Sub: Z₀=43.854167 [LOCAL] (0.8s), α=[0.000,0.000,0.000,0.000,0.000,0.000,0.000,0.000,0.000,0.000,0.000,0.000,0.000,0.000,0.000,0.000,0.000,0.000,0.000,0.000,0.000,0.000,0.000,0.000,9.185,0.000,0.000,0.000,0.907,0.000,0.000,0.000,0.000,0.000,0.000,0.000,0.157,0.000,0.000,0.000,0.000,0.000,0.000,0.000,0.000,0.000,0.000]
  Iter 352: LB=34.708332  UB=35.703084  gap=2.79e-02
  Cut: intercept=-1112.843099, π_x_range=[-830.9988, 582.3259]

=== True-DRO Benders iter 353 ===
  OMP: t₀=34.708333, UB=35.703084, gap=2.79e-02, x=[0, 0, 0, 0, 0, 0, 0, 0, 0, 0, 0, 0, 0, 0, 0, 0, 0, 0, 1, 0, 0, 0, 0, 0, 1, 0, 0, 0, 0, 0, 0, 0, 0, 0, 0, 0, 0, 0, 0, 0, 0, 0, 0, 0, 0, 0, 0] (5.454s)
  Sub: Z₀=43.854167 [LOCAL] (0.8s), α=[0.000,0.000,0.000,0.000,0.000,0.000,0.000,0.000,0.000,0.000,0.000,0.000,0.000,0.000,0.000,0.000,0.000,0.000,0.000,0.000,0.000,0.000,0.000,0.000,9.185,0.000,0.000,0.000,0.907,0.000,0.000,0.000,0.000,0.000,0.000,0.000,0.157,0.000,0.000,0.000,0.000,0.000,0.000,0.000,0.000,0.000,0.000]
  Iter 353: LB=34.708333  UB=35.703084  gap=2.79e-02
  Cut: intercept=-1133.127749, π_x_range=[-831.0277, 594.6421]

=== True-DRO Benders iter 354 ===
  OMP: t₀=34.708406, UB=35.703084, gap=2.79e-02, x=[0, 0, 0, 0, 0, 0, 0, 0, 0, 0, 0, 0, 0, 0, 0, 0, 1, 0, 0, 0, 0, 0, 0, 0, 1, 0, 0, 0, 0, 0, 0, 0, 0, 0, 0, 0, 0, 0, 0, 0, 0, 0, 0, 0, 0, 0, 0] (5.292s)
  Sub: Z₀=43.740941 [LOCAL] (0.8s), α=[0.000,0.000,0.000,0.000,0.000,0.000,0.000,0.000,0.000,0.000,0.000,0.000,0.000,0.000,0.000,0.000,0.000,0.000,0.000,0.000,0.000,0.000,0.000,0.000,9.185,0.000,0.000,0.000,0.907,0.000,0.000,0.000,0.000,0.000,0.000,0.000,0.157,0.000,0.000,0.000,0.000,0.000,0.000,0.000,0.000,0.000,0.000]
  Iter 354: LB=34.708406  UB=35.703084  gap=2.79e-02
  Cut: intercept=-1086.893527, π_x_range=[-830.9768, 582.3841]

=== True-DRO Benders iter 355 ===
  OMP: t₀=34.708906, UB=35.703084, gap=2.78e-02, x=[0, 0, 0, 0, 0, 0, 0, 0, 0, 0, 0, 0, 0, 0, 0, 0, 0, 0, 0, 0, 0, 0, 0, 0, 1, 0, 0, 0, 0, 0, 0, 0, 0, 0, 0, 0, 0, 0, 0, 0, 0, 0, 0, 0, 0, 0, 0] (5.477s)
  Sub: Z₀=44.298164 [TIME_LIMIT] (21.7s), α=[0.000,0.000,0.000,0.000,0.000,0.000,0.000,0.000,0.000,0.000,0.000,0.000,0.000,0.000,0.000,0.000,0.000,0.000,0.000,0.000,0.000,0.000,0.000,0.000,8.730,0.000,0.000,0.000,0.907,0.000,0.000,0.000,0.000,0.000,0.000,0.087,0.525,0.000,0.000,0.000,0.000,0.000,0.000,0.000,0.000,0.000,0.000]
  Iter 355: LB=34.708906  UB=35.703084  gap=2.78e-02
  Cut: intercept=18.661739, π_x_range=[-257.0000, 25.6364]

=== True-DRO Benders iter 356 ===
  OMP: t₀=35.006149, UB=35.703084, gap=1.95e-02, x=[0, 0, 0, 0, 0, 0, 0, 0, 0, 0, 0, 0, 0, 0, 0, 0, 0, 0, 0, 0, 0, 0, 0, 0, 0, 0, 0, 1, 0, 0, 0, 1, 0, 0, 0, 0, 0, 0, 0, 0, 0, 0, 0, 0, 0, 0, 0] (3.070s)
  Sub: Z₀=35.006149 [LOCAL] (0.5s), α=[0.000,0.000,0.000,0.000,0.000,0.000,0.000,0.000,0.000,0.000,0.000,0.000,0.000,0.000,0.000,0.000,0.000,0.000,0.000,0.000,0.000,0.000,0.000,0.000,5.178,0.000,0.000,0.641,4.430,0.000,0.000,0.000,0.000,0.000,0.000,0.000,0.000,0.000,0.000,0.000,0.000,0.000,0.000,0.000,0.000,0.000,0.000]
  Iter 356: LB=35.006149  UB=35.703084  gap=1.95e-02
  Cut: intercept=-1121.796600, π_x_range=[-827.9307, 588.0751]

=== True-DRO Benders iter 357 ===
  OMP: t₀=35.006149, UB=35.703084, gap=1.95e-02, x=[0, 0, 0, 0, 0, 0, 0, 0, 0, 0, 0, 0, 0, 0, 0, 0, 0, 0, 0, 0, 0, 0, 0, 0, 0, 0, 0, 1, 0, 0, 0, 1, 0, 0, 0, 0, 0, 0, 0, 0, 0, 0, 0, 0, 0, 0, 0] (3.079s)
  Sub: Z₀=35.006149 [LOCAL] (0.4s), α=[0.000,0.000,0.000,0.000,0.000,0.000,0.000,0.000,0.000,0.000,0.000,0.000,0.000,0.000,0.000,0.000,0.000,0.000,0.000,0.000,0.000,0.000,0.000,0.000,5.178,0.000,0.000,0.641,4.430,0.000,0.000,0.000,0.000,0.000,0.000,0.000,0.000,0.000,0.000,0.000,0.000,0.000,0.000,0.000,0.000,0.000,0.000]
  Iter 357: LB=35.006149  UB=35.703084  gap=1.95e-02
  Cut: intercept=-1121.796600, π_x_range=[-827.9307, 588.0751]

=== True-DRO Benders iter 358 ===
  OMP: t₀=35.006149, UB=35.703084, gap=1.95e-02, x=[0, 0, 0, 0, 0, 0, 0, 0, 0, 0, 0, 0, 0, 0, 0, 0, 0, 0, 0, 0, 0, 0, 0, 0, 0, 0, 0, 1, 0, 0, 0, 1, 0, 0, 0, 0, 0, 0, 0, 0, 0, 0, 0, 0, 0, 0, 0] (3.141s)
  Sub: Z₀=35.006149 [LOCAL] (0.4s), α=[0.000,0.000,0.000,0.000,0.000,0.000,0.000,0.000,0.000,0.000,0.000,0.000,0.000,0.000,0.000,0.000,0.000,0.000,0.000,0.000,0.000,0.000,0.000,0.000,5.178,0.000,0.000,0.641,4.430,0.000,0.000,0.000,0.000,0.000,0.000,0.000,0.000,0.000,0.000,0.000,0.000,0.000,0.000,0.000,0.000,0.000,0.000]
  Iter 358: LB=35.006149  UB=35.703084  gap=1.95e-02
  Cut: intercept=-1121.796600, π_x_range=[-827.9307, 588.0751]

=== True-DRO Benders iter 359 ===
  OMP: t₀=35.006149, UB=35.703084, gap=1.95e-02, x=[0, 0, 0, 0, 0, 0, 0, 0, 0, 0, 0, 0, 0, 0, 0, 0, 0, 0, 0, 0, 0, 0, 0, 0, 0, 0, 0, 1, 0, 0, 0, 1, 0, 0, 0, 0, 0, 0, 0, 0, 0, 0, 0, 0, 0, 0, 0] (3.143s)
  Sub: Z₀=35.006149 [LOCAL] (0.4s), α=[0.000,0.000,0.000,0.000,0.000,0.000,0.000,0.000,0.000,0.000,0.000,0.000,0.000,0.000,0.000,0.000,0.000,0.000,0.000,0.000,0.000,0.000,0.000,0.000,5.178,0.000,0.000,0.641,4.430,0.000,0.000,0.000,0.000,0.000,0.000,0.000,0.000,0.000,0.000,0.000,0.000,0.000,0.000,0.000,0.000,0.000,0.000]
  Iter 359: LB=35.006149  UB=35.703084  gap=1.95e-02
  Cut: intercept=-1121.796600, π_x_range=[-827.9307, 588.0751]

=== True-DRO Benders iter 360 ===
  OMP: t₀=35.006149, UB=35.703084, gap=1.95e-02, x=[0, 0, 0, 0, 0, 0, 0, 0, 0, 0, 0, 0, 0, 0, 0, 0, 0, 0, 0, 0, 0, 0, 0, 0, 0, 0, 0, 1, 0, 0, 0, 1, 0, 0, 0, 0, 0, 0, 0, 0, 0, 0, 0, 0, 0, 0, 0] (3.160s)
  Sub: Z₀=41.164709 [TIME_LIMIT] (16.2s), α=[0.000,0.000,0.000,0.000,0.000,0.000,0.000,0.000,0.000,0.000,0.000,0.000,0.000,0.000,0.000,0.000,0.000,0.000,0.000,0.000,0.000,0.000,0.000,0.000,2.500,0.000,0.000,0.945,4.127,0.000,0.000,2.678,0.000,0.000,0.000,0.000,0.000,0.000,0.000,0.000,0.000,0.000,0.000,0.000,0.000,0.000,0.000]
  Iter 360: LB=35.006149  UB=35.703084  gap=1.95e-02
  Cut: intercept=-179.389633, π_x_range=[-272.0000, 139.2068]

=== True-DRO Benders iter 361 ===
  OMP: t₀=35.041529, UB=35.703084, gap=1.85e-02, x=[0, 0, 0, 0, 0, 0, 0, 0, 0, 0, 0, 0, 0, 0, 0, 0, 0, 0, 0, 0, 0, 0, 0, 0, 0, 0, 0, 1, 1, 0, 0, 0, 0, 0, 0, 0, 0, 0, 0, 0, 0, 0, 0, 0, 0, 0, 0] (3.155s)
  Sub: Z₀=35.041530 [LOCAL] (0.4s), α=[0.000,0.000,0.000,0.000,0.000,0.000,0.000,0.000,0.000,0.000,0.000,0.000,0.000,0.000,0.000,0.000,0.000,0.000,0.000,0.000,0.000,0.000,0.000,0.000,0.000,0.000,0.000,3.680,6.412,0.000,0.000,0.000,0.000,0.000,0.000,0.000,0.157,0.000,0.000,0.000,0.000,0.000,0.000,0.000,0.000,0.000,0.000]
  Iter 361: LB=35.041529  UB=35.703084  gap=1.85e-02
  Cut: intercept=-1148.083996, π_x_range=[-829.5558, 598.1109]

=== True-DRO Benders iter 362 ===
  OMP: t₀=35.041529, UB=35.703084, gap=1.85e-02, x=[0, 0, 0, 0, 0, 0, 0, 0, 0, 0, 0, 0, 0, 0, 0, 0, 0, 0, 0, 0, 0, 0, 0, 0, 0, 0, 0, 1, 1, 0, 0, 0, 0, 0, 0, 0, 0, 0, 0, 0, 0, 0, 0, 0, 0, 0, 0] (3.201s)
  Sub: Z₀=35.041530 [LOCAL] (0.4s), α=[0.000,0.000,0.000,0.000,0.000,0.000,0.000,0.000,0.000,0.000,0.000,0.000,0.000,0.000,0.000,0.000,0.000,0.000,0.000,0.000,0.000,0.000,0.000,0.000,0.000,0.000,0.000,3.680,6.412,0.000,0.000,0.000,0.000,0.000,0.000,0.000,0.157,0.000,0.000,0.000,0.000,0.000,0.000,0.000,0.000,0.000,0.000]
  Iter 362: LB=35.041529  UB=35.703084  gap=1.85e-02
  Cut: intercept=-1148.083996, π_x_range=[-829.5558, 598.1109]

=== True-DRO Benders iter 363 ===
  OMP: t₀=35.041529, UB=35.703084, gap=1.85e-02, x=[0, 0, 0, 0, 0, 0, 0, 0, 0, 0, 0, 0, 0, 0, 0, 0, 0, 0, 0, 0, 0, 0, 0, 0, 0, 0, 0, 1, 1, 0, 0, 0, 0, 0, 0, 0, 0, 0, 0, 0, 0, 0, 0, 0, 0, 0, 0] (3.165s)
  Sub: Z₀=35.041530 [LOCAL] (0.4s), α=[0.000,0.000,0.000,0.000,0.000,0.000,0.000,0.000,0.000,0.000,0.000,0.000,0.000,0.000,0.000,0.000,0.000,0.000,0.000,0.000,0.000,0.000,0.000,0.000,0.000,0.000,0.000,3.680,6.412,0.000,0.000,0.000,0.000,0.000,0.000,0.000,0.157,0.000,0.000,0.000,0.000,0.000,0.000,0.000,0.000,0.000,0.000]
  Iter 363: LB=35.041529  UB=35.703084  gap=1.85e-02
  Cut: intercept=-1148.083996, π_x_range=[-829.5558, 598.1109]

=== True-DRO Benders iter 364 ===
  OMP: t₀=35.041529, UB=35.703084, gap=1.85e-02, x=[0, 0, 0, 0, 0, 0, 0, 0, 0, 0, 0, 0, 0, 0, 0, 0, 0, 0, 0, 0, 0, 0, 0, 0, 0, 0, 0, 1, 1, 0, 0, 0, 0, 0, 0, 0, 0, 0, 0, 0, 0, 0, 0, 0, 0, 0, 0] (3.244s)
  Sub: Z₀=35.041530 [LOCAL] (0.5s), α=[0.000,0.000,0.000,0.000,0.000,0.000,0.000,0.000,0.000,0.000,0.000,0.000,0.000,0.000,0.000,0.000,0.000,0.000,0.000,0.000,0.000,0.000,0.000,0.000,0.000,0.000,0.000,3.680,6.412,0.000,0.000,0.000,0.000,0.000,0.000,0.000,0.157,0.000,0.000,0.000,0.000,0.000,0.000,0.000,0.000,0.000,0.000]
  Iter 364: LB=35.041529  UB=35.703084  gap=1.85e-02
  Cut: intercept=-1148.083996, π_x_range=[-829.5558, 598.1109]

=== True-DRO Benders iter 365 ===
  OMP: t₀=35.041529, UB=35.703084, gap=1.85e-02, x=[0, 0, 0, 0, 0, 0, 0, 0, 0, 0, 0, 0, 0, 0, 0, 0, 0, 0, 0, 0, 0, 0, 0, 0, 0, 0, 0, 1, 1, 0, 0, 0, 0, 0, 0, 0, 0, 0, 0, 0, 0, 0, 0, 0, 0, 0, 0] (3.216s)
  Sub: Z₀=39.681901 [TIME_LIMIT] (16.0s), α=[0.000,0.000,0.000,0.000,0.000,0.000,0.000,0.000,0.000,0.000,0.000,0.000,0.000,0.000,0.000,0.000,0.000,0.000,0.000,0.000,0.000,0.000,0.000,0.000,2.929,0.000,0.000,1.663,5.606,0.000,0.000,0.000,0.000,0.000,0.000,0.000,0.051,0.000,0.000,0.000,0.000,0.000,0.000,0.000,0.000,0.000,0.000]
  Iter 365: LB=35.041529  UB=35.703084  gap=1.85e-02
  Cut: intercept=-85.821788, π_x_range=[-268.0000, 119.5803]

=== True-DRO Benders iter 366 ===
  OMP: t₀=35.421181, UB=35.703084, gap=7.90e-03, x=[0, 0, 0, 0, 0, 0, 0, 0, 0, 0, 0, 0, 0, 0, 0, 1, 0, 0, 0, 0, 0, 0, 0, 0, 0, 0, 0, 1, 0, 0, 0, 0, 0, 0, 0, 0, 0, 0, 0, 0, 0, 0, 0, 0, 0, 0, 0] (3.373s)
  Sub: Z₀=35.421181 [LOCAL] (0.4s), α=[0.000,0.000,0.000,0.000,0.000,0.000,0.000,0.000,0.000,0.000,0.000,0.000,0.000,0.000,0.000,0.000,0.000,0.000,0.000,0.000,0.000,0.000,0.000,0.000,0.000,0.000,0.000,4.058,6.191,0.000,0.000,0.000,0.000,0.000,0.000,0.000,0.000,0.000,0.000,0.000,0.000,0.000,0.000,0.000,0.000,0.000,0.000]
  Iter 366: LB=35.421181  UB=35.703084  gap=7.90e-03
  Cut: intercept=-1079.594315, π_x_range=[-827.9104, 580.9850]

=== True-DRO Benders iter 367 ===
  OMP: t₀=35.421181, UB=35.703084, gap=7.90e-03, x=[0, 0, 0, 0, 0, 0, 0, 0, 0, 0, 0, 0, 0, 0, 0, 1, 0, 0, 0, 0, 0, 0, 0, 0, 0, 0, 0, 1, 0, 0, 0, 0, 0, 0, 0, 0, 0, 0, 0, 0, 0, 0, 0, 0, 0, 0, 0] (3.201s)
  Sub: Z₀=35.421181 [LOCAL] (0.4s), α=[0.000,0.000,0.000,0.000,0.000,0.000,0.000,0.000,0.000,0.000,0.000,0.000,0.000,0.000,0.000,0.000,0.000,0.000,0.000,0.000,0.000,0.000,0.000,0.000,0.000,0.000,0.000,4.058,6.191,0.000,0.000,0.000,0.000,0.000,0.000,0.000,0.000,0.000,0.000,0.000,0.000,0.000,0.000,0.000,0.000,0.000,0.000]
  Iter 367: LB=35.421181  UB=35.703084  gap=7.90e-03
  Cut: intercept=-1079.594315, π_x_range=[-827.9104, 580.9850]

=== True-DRO Benders iter 368 ===
  OMP: t₀=35.421181, UB=35.703084, gap=7.90e-03, x=[0, 0, 0, 0, 0, 0, 0, 0, 0, 0, 0, 0, 0, 0, 0, 1, 0, 0, 0, 0, 0, 0, 0, 0, 0, 0, 0, 1, 0, 0, 0, 0, 0, 0, 0, 0, 0, 0, 0, 0, 0, 0, 0, 0, 0, 0, 0] (3.226s)
  Sub: Z₀=35.421181 [LOCAL] (0.4s), α=[0.000,0.000,0.000,0.000,0.000,0.000,0.000,0.000,0.000,0.000,0.000,0.000,0.000,0.000,0.000,0.000,0.000,0.000,0.000,0.000,0.000,0.000,0.000,0.000,0.000,0.000,0.000,4.058,6.191,0.000,0.000,0.000,0.000,0.000,0.000,0.000,0.000,0.000,0.000,0.000,0.000,0.000,0.000,0.000,0.000,0.000,0.000]
  Iter 368: LB=35.421181  UB=35.703084  gap=7.90e-03
  Cut: intercept=-1079.594315, π_x_range=[-827.9104, 580.9850]

=== True-DRO Benders iter 369 ===
  OMP: t₀=35.421181, UB=35.703084, gap=7.90e-03, x=[0, 0, 0, 0, 0, 0, 0, 0, 0, 0, 0, 0, 0, 0, 0, 1, 0, 0, 0, 0, 0, 0, 0, 0, 0, 0, 0, 1, 0, 0, 0, 0, 0, 0, 0, 0, 0, 0, 0, 0, 0, 0, 0, 0, 0, 0, 0] (3.080s)
  Sub: Z₀=35.421181 [LOCAL] (0.4s), α=[0.000,0.000,0.000,0.000,0.000,0.000,0.000,0.000,0.000,0.000,0.000,0.000,0.000,0.000,0.000,0.000,0.000,0.000,0.000,0.000,0.000,0.000,0.000,0.000,0.000,0.000,0.000,4.058,6.191,0.000,0.000,0.000,0.000,0.000,0.000,0.000,0.000,0.000,0.000,0.000,0.000,0.000,0.000,0.000,0.000,0.000,0.000]
  Iter 369: LB=35.421181  UB=35.703084  gap=7.90e-03
  Cut: intercept=-1079.594315, π_x_range=[-827.9104, 580.9850]

=== True-DRO Benders iter 370 ===
  OMP: t₀=35.421181, UB=35.703084, gap=7.90e-03, x=[0, 0, 0, 0, 0, 0, 0, 0, 0, 0, 0, 0, 0, 0, 0, 1, 0, 0, 0, 0, 0, 0, 0, 0, 0, 0, 0, 1, 0, 0, 0, 0, 0, 0, 0, 0, 0, 0, 0, 0, 0, 0, 0, 0, 0, 0, 0] (3.340s)
  Sub: Z₀=40.405700 [TIME_LIMIT] (15.9s), α=[0.000,0.000,0.000,0.000,0.000,0.000,0.000,0.000,0.000,0.000,0.000,0.000,0.000,0.000,0.000,0.000,0.000,0.000,0.000,0.000,0.000,0.000,0.000,0.000,2.929,0.000,0.000,1.687,5.633,0.000,0.000,0.000,0.000,0.000,0.000,0.000,0.000,0.000,0.000,0.000,0.000,0.000,0.000,0.000,0.000,0.000,0.000]
  Iter 370: LB=35.421181  UB=35.703084  gap=7.90e-03
  Cut: intercept=-241.268394, π_x_range=[-264.9997, 162.8874]

=== True-DRO Benders iter 371 ===
  OMP: t₀=35.515097, UB=35.703084, gap=5.27e-03, x=[0, 0, 0, 0, 0, 0, 0, 0, 0, 0, 0, 0, 0, 0, 0, 0, 0, 0, 0, 0, 0, 0, 0, 0, 0, 0, 1, 1, 0, 0, 0, 0, 0, 0, 0, 0, 0, 0, 0, 0, 0, 0, 0, 0, 0, 0, 0] (3.101s)
  Sub: Z₀=30.013893 [LOCAL] (0.5s), α=[0.000,0.000,0.000,0.000,0.000,0.000,0.000,0.000,0.000,0.000,0.000,0.000,0.000,0.000,0.000,0.000,0.000,0.000,0.000,0.000,0.000,0.000,0.000,0.000,2.239,0.000,0.000,1.042,6.968,0.000,0.000,0.000,0.000,0.000,0.000,0.000,0.000,0.000,0.000,0.000,0.000,0.000,0.000,0.000,0.000,0.000,0.000]
  Iter 371: LB=35.515097  UB=35.703084  gap=5.27e-03
  Cut: intercept=-1138.953974, π_x_range=[-828.7642, 586.8708]

=== True-DRO Benders iter 372 ===
  OMP: t₀=35.515097, UB=35.703084, gap=5.27e-03, x=[0, 0, 0, 0, 0, 0, 0, 0, 0, 0, 0, 0, 0, 0, 0, 0, 0, 0, 0, 0, 0, 0, 0, 0, 0, 0, 1, 1, 0, 0, 0, 0, 0, 0, 0, 0, 0, 0, 0, 0, 0, 0, 0, 0, 0, 0, 0] (3.089s)
  Sub: Z₀=30.013893 [LOCAL] (0.5s), α=[0.000,0.000,0.000,0.000,0.000,0.000,0.000,0.000,0.000,0.000,0.000,0.000,0.000,0.000,0.000,0.000,0.000,0.000,0.000,0.000,0.000,0.000,0.000,0.000,2.239,0.000,0.000,1.042,6.968,0.000,0.000,0.000,0.000,0.000,0.000,0.000,0.000,0.000,0.000,0.000,0.000,0.000,0.000,0.000,0.000,0.000,0.000]
  Iter 372: LB=35.515097  UB=35.703084  gap=5.27e-03
  Cut: intercept=-1138.953974, π_x_range=[-828.7642, 586.8708]

=== True-DRO Benders iter 373 ===
  OMP: t₀=35.515097, UB=35.703084, gap=5.27e-03, x=[0, 0, 0, 0, 0, 0, 0, 0, 0, 0, 0, 0, 0, 0, 0, 0, 0, 0, 0, 0, 0, 0, 0, 0, 0, 0, 1, 1, 0, 0, 0, 0, 0, 0, 0, 0, 0, 0, 0, 0, 0, 0, 0, 0, 0, 0, 0] (3.058s)
  Sub: Z₀=30.013893 [LOCAL] (0.5s), α=[0.000,0.000,0.000,0.000,0.000,0.000,0.000,0.000,0.000,0.000,0.000,0.000,0.000,0.000,0.000,0.000,0.000,0.000,0.000,0.000,0.000,0.000,0.000,0.000,2.239,0.000,0.000,1.042,6.968,0.000,0.000,0.000,0.000,0.000,0.000,0.000,0.000,0.000,0.000,0.000,0.000,0.000,0.000,0.000,0.000,0.000,0.000]
  Iter 373: LB=35.515097  UB=35.703084  gap=5.27e-03
  Cut: intercept=-1138.953974, π_x_range=[-828.7642, 586.8708]

=== True-DRO Benders iter 374 ===
  OMP: t₀=35.515097, UB=35.703084, gap=5.27e-03, x=[0, 0, 0, 0, 0, 0, 0, 0, 0, 0, 0, 0, 0, 0, 0, 0, 0, 0, 0, 0, 0, 0, 0, 0, 0, 0, 1, 1, 0, 0, 0, 0, 0, 0, 0, 0, 0, 0, 0, 0, 0, 0, 0, 0, 0, 0, 0] (3.145s)
  Sub: Z₀=30.013893 [LOCAL] (0.5s), α=[0.000,0.000,0.000,0.000,0.000,0.000,0.000,0.000,0.000,0.000,0.000,0.000,0.000,0.000,0.000,0.000,0.000,0.000,0.000,0.000,0.000,0.000,0.000,0.000,2.239,0.000,0.000,1.042,6.968,0.000,0.000,0.000,0.000,0.000,0.000,0.000,0.000,0.000,0.000,0.000,0.000,0.000,0.000,0.000,0.000,0.000,0.000]
  Iter 374: LB=35.515097  UB=35.703084  gap=5.27e-03
  Cut: intercept=-1138.953974, π_x_range=[-828.7642, 586.8708]

=== True-DRO Benders iter 375 ===
  OMP: t₀=35.515097, UB=35.703084, gap=5.27e-03, x=[0, 0, 0, 0, 0, 0, 0, 0, 0, 0, 0, 0, 0, 0, 0, 0, 0, 0, 0, 0, 0, 0, 0, 0, 0, 0, 1, 1, 0, 0, 0, 0, 0, 0, 0, 0, 0, 0, 0, 0, 0, 0, 0, 0, 0, 0, 0] (3.133s)
  Sub: Z₀=34.478414 [TIME_LIMIT] (16.2s), α=[0.000,0.000,0.000,0.000,0.000,0.000,0.000,0.000,0.000,0.000,0.000,0.000,0.000,0.000,0.000,0.000,0.000,0.000,0.000,0.000,0.000,0.000,0.000,0.000,2.239,0.000,0.000,2.044,5.967,0.000,0.000,0.000,0.000,0.000,0.000,0.000,0.000,0.000,0.000,0.000,0.000,0.000,0.000,0.000,0.000,0.000,0.000]
  Iter 375: LB=35.515097  UB=35.703084  gap=5.27e-03
  Cut: intercept=-205.965907, π_x_range=[-274.0000, 138.5222]

=== True-DRO Benders iter 376 ===
  OMP: t₀=35.515097, UB=35.703084, gap=5.27e-03, x=[0, 0, 0, 0, 0, 0, 0, 0, 0, 0, 0, 0, 0, 0, 0, 0, 0, 0, 0, 0, 0, 0, 0, 0, 0, 0, 1, 1, 0, 0, 0, 0, 0, 0, 0, 0, 0, 0, 0, 0, 0, 0, 0, 0, 0, 0, 0] (3.128s)
  Sub: Z₀=30.013893 [LOCAL] (0.5s), α=[0.000,0.000,0.000,0.000,0.000,0.000,0.000,0.000,0.000,0.000,0.000,0.000,0.000,0.000,0.000,0.000,0.000,0.000,0.000,0.000,0.000,0.000,0.000,0.000,2.239,0.000,0.000,1.042,6.968,0.000,0.000,0.000,0.000,0.000,0.000,0.000,0.000,0.000,0.000,0.000,0.000,0.000,0.000,0.000,0.000,0.000,0.000]
  Iter 376: LB=35.515097  UB=35.703084  gap=5.27e-03
  Cut: intercept=-1138.953974, π_x_range=[-828.7642, 586.8708]

=== True-DRO Benders iter 377 ===
  OMP: t₀=35.515097, UB=35.703084, gap=5.27e-03, x=[0, 0, 0, 0, 0, 0, 0, 0, 0, 0, 0, 0, 0, 0, 0, 0, 0, 0, 0, 0, 0, 0, 0, 0, 0, 0, 1, 1, 0, 0, 0, 0, 0, 0, 0, 0, 0, 0, 0, 0, 0, 0, 0, 0, 0, 0, 0] (3.119s)
  Sub: Z₀=30.013893 [LOCAL] (0.5s), α=[0.000,0.000,0.000,0.000,0.000,0.000,0.000,0.000,0.000,0.000,0.000,0.000,0.000,0.000,0.000,0.000,0.000,0.000,0.000,0.000,0.000,0.000,0.000,0.000,2.239,0.000,0.000,1.042,6.968,0.000,0.000,0.000,0.000,0.000,0.000,0.000,0.000,0.000,0.000,0.000,0.000,0.000,0.000,0.000,0.000,0.000,0.000]
  Iter 377: LB=35.515097  UB=35.703084  gap=5.27e-03
  Cut: intercept=-1138.953974, π_x_range=[-828.7642, 586.8708]

=== True-DRO Benders iter 378 ===
  OMP: t₀=35.515097, UB=35.703084, gap=5.27e-03, x=[0, 0, 0, 0, 0, 0, 0, 0, 0, 0, 0, 0, 0, 0, 0, 0, 0, 0, 0, 0, 0, 0, 0, 0, 0, 0, 1, 1, 0, 0, 0, 0, 0, 0, 0, 0, 0, 0, 0, 0, 0, 0, 0, 0, 0, 0, 0] (3.076s)
  Sub: Z₀=30.013893 [LOCAL] (0.5s), α=[0.000,0.000,0.000,0.000,0.000,0.000,0.000,0.000,0.000,0.000,0.000,0.000,0.000,0.000,0.000,0.000,0.000,0.000,0.000,0.000,0.000,0.000,0.000,0.000,2.239,0.000,0.000,1.042,6.968,0.000,0.000,0.000,0.000,0.000,0.000,0.000,0.000,0.000,0.000,0.000,0.000,0.000,0.000,0.000,0.000,0.000,0.000]
  Iter 378: LB=35.515097  UB=35.703084  gap=5.27e-03
  Cut: intercept=-1138.953974, π_x_range=[-828.7642, 586.8708]

=== True-DRO Benders iter 379 ===
  OMP: t₀=35.515097, UB=35.703084, gap=5.27e-03, x=[0, 0, 0, 0, 0, 0, 0, 0, 0, 0, 0, 0, 0, 0, 0, 0, 0, 0, 0, 0, 0, 0, 0, 0, 0, 0, 1, 1, 0, 0, 0, 0, 0, 0, 0, 0, 0, 0, 0, 0, 0, 0, 0, 0, 0, 0, 0] (3.146s)
  Sub: Z₀=30.013893 [LOCAL] (0.5s), α=[0.000,0.000,0.000,0.000,0.000,0.000,0.000,0.000,0.000,0.000,0.000,0.000,0.000,0.000,0.000,0.000,0.000,0.000,0.000,0.000,0.000,0.000,0.000,0.000,2.239,0.000,0.000,1.042,6.968,0.000,0.000,0.000,0.000,0.000,0.000,0.000,0.000,0.000,0.000,0.000,0.000,0.000,0.000,0.000,0.000,0.000,0.000]
  Iter 379: LB=35.515097  UB=35.703084  gap=5.27e-03
  Cut: intercept=-1138.953974, π_x_range=[-828.7642, 586.8708]

=== True-DRO Benders iter 380 ===
  OMP: t₀=35.515097, UB=35.703084, gap=5.27e-03, x=[0, 0, 0, 0, 0, 0, 0, 0, 0, 0, 0, 0, 0, 0, 0, 0, 0, 0, 0, 0, 0, 0, 0, 0, 0, 0, 1, 1, 0, 0, 0, 0, 0, 0, 0, 0, 0, 0, 0, 0, 0, 0, 0, 0, 0, 0, 0] (3.130s)
  → Boost cycle detected (same x already boosted), terminating as near-optimal
True-DRO Benders terminated at iter 380 (gap=5.27e-03) [boost-cycle]
  Wall time: 5901.78 sec

Result (double/naive): Z₀=35.703084, iters=380, time=5902.1s
x arcs = [27, 28]
