============================================================
polska — double [naive]: ε̂=0.10, ε̃=0.10, β=0.70
  mini_benders=false, valid_inequality=none
============================================================
Set parameter Username
Set parameter LicenseID to value 2742039
Academic license - for non-commercial use only - expires 2026-11-20
Set parameter Username
Set parameter LicenseID to value 2742039
Academic license - for non-commercial use only - expires 2026-11-20
Set parameter OutputFlag to value 1
Set parameter LogFile to value "global_miqcp.log"
Set parameter Username
Set parameter LicenseID to value 2742039
Academic license - for non-commercial use only - expires 2026-11-20

=== True-DRO Benders iter 1 ===
  OMP: t₀=-10000.000000, UB=Inf, gap=NaN, x=[0, 0, 0, 0, 0, 0, 0, 0, 0, 0, 0, 0, 0, 0, 0, 0, 0, 0, 0, 0, 0, 0, 0, 0, 0, 0, 0, 0, 0, 0, 0, 0, 0, 0, 0, 0] (0.000s)
  Sub: Z₀=26.225112 [LOCAL] (0.3s), α=[0.000,0.000,5.422,0.000,0.000,0.000,0.000,0.000,0.000,0.000,0.000,0.000,0.000,0.000,0.000,0.000,0.000,0.000,0.000,0.000,0.000,0.000,0.000,0.000,0.000,0.000,0.000,0.000,0.000,0.000,0.000,0.000,0.423,4.099,0.000,0.000]
  Iter 1: LB=-10000.000000  UB=Inf  gap=NaN
  Cut: intercept=26.225112, π_x_range=[-823.3975, -802.0425]

=== True-DRO Benders iter 2 ===
  OMP: t₀=-1618.044816, UB=Inf, gap=NaN, x=[0, 0, 0, 0, 0, 1, 0, 0, 0, 0, 0, 0, 0, 0, 0, 0, 0, 0, 0, 0, 0, 0, 0, 0, 1, 0, 0, 0, 0, 0, 0, 0, 0, 0, 0, 0] (0.025s)
  Sub: Z₀=21.324755 [LOCAL] (1.0s), α=[0.000,0.000,0.000,0.000,0.000,3.665,0.000,0.000,0.000,0.000,0.000,0.000,0.000,2.394,0.000,0.000,0.000,2.552,0.000,0.000,0.000,0.000,0.000,0.000,0.000,0.000,0.000,0.000,0.000,0.317,1.016,0.000,0.000,0.000,0.000,0.000]
  Iter 2: LB=-1618.044816  UB=Inf  gap=NaN
  Cut: intercept=-1089.768020, π_x_range=[-817.9146, 559.4289]

=== True-DRO Benders iter 3 ===
  OMP: t₀=-1609.395036, UB=Inf, gap=NaN, x=[0, 0, 0, 0, 0, 0, 0, 0, 0, 0, 0, 0, 1, 0, 0, 0, 0, 0, 0, 0, 0, 0, 1, 0, 0, 0, 0, 0, 0, 0, 0, 0, 0, 0, 0, 0] (0.064s)
  Sub: Z₀=22.486111 [LOCAL] (0.4s), α=[0.000,0.000,2.586,0.000,0.000,0.000,0.000,0.000,0.000,0.000,0.000,0.000,0.008,4.668,0.000,0.000,0.000,0.000,0.000,0.000,0.000,0.000,0.279,0.000,0.000,0.000,0.000,0.000,0.000,0.000,0.000,0.000,0.000,2.405,0.000,0.000]
  Iter 3: LB=-1609.395036  UB=Inf  gap=NaN
  Cut: intercept=-1094.107166, π_x_range=[-818.7263, 563.0730]

=== True-DRO Benders iter 4 ===
  OMP: t₀=-1601.037305, UB=Inf, gap=NaN, x=[0, 0, 0, 0, 0, 0, 0, 0, 0, 0, 0, 0, 0, 0, 0, 1, 0, 0, 1, 0, 0, 0, 0, 0, 0, 0, 0, 0, 0, 0, 0, 0, 0, 0, 0, 0] (0.113s)
  Sub: Z₀=25.447961 [LOCAL] (0.4s), α=[0.000,0.000,5.928,0.000,0.000,0.000,0.000,0.000,0.000,0.000,0.000,0.000,0.000,0.000,0.000,0.000,0.000,0.000,0.000,0.000,0.000,0.000,0.000,0.000,0.000,0.000,0.000,0.000,0.000,0.000,0.000,0.000,0.336,3.680,0.000,0.000]
  Iter 4: LB=-1601.037305  UB=Inf  gap=NaN
  Cut: intercept=-1097.801236, π_x_range=[-824.6913, 573.9037]

=== True-DRO Benders iter 5 ===
  OMP: t₀=-1599.803346, UB=Inf, gap=NaN, x=[0, 0, 0, 0, 0, 0, 0, 0, 0, 1, 0, 0, 0, 0, 0, 0, 0, 0, 0, 0, 0, 0, 0, 0, 0, 1, 0, 0, 0, 0, 0, 0, 0, 0, 0, 0] (0.108s)
Set parameter NonConvex to value 2
Set parameter MIPGap to value 0.0001
Set parameter DualReductions to value 0
Set parameter MIPFocus to value 0
  Sub: Z₀=24.331804 [TIME_LIMIT] (15.9s), α=[0.000,0.000,5.422,0.000,0.000,0.000,0.000,0.000,0.000,0.000,0.000,0.000,0.000,0.000,0.000,0.000,0.000,0.000,0.000,0.000,0.000,0.000,0.000,0.000,0.000,0.000,0.000,0.000,0.000,0.000,0.000,0.000,1.060,3.462,0.000,0.000]
  Iter 5: LB=-1599.803346  UB=24.502929  gap=6.63e+01
  Cut: intercept=-134.352035, π_x_range=[-230.0000, 106.5620]

=== True-DRO Benders iter 6 ===
  OMP: t₀=-592.352035, UB=24.502929, gap=2.52e+01, x=[0, 0, 0, 0, 0, 0, 0, 0, 0, 0, 0, 0, 0, 0, 0, 1, 0, 0, 0, 0, 0, 0, 0, 0, 1, 0, 0, 0, 0, 0, 0, 0, 0, 0, 0, 0] (0.044s)
  Sub: Z₀=23.893063 [LOCAL] (0.5s), α=[0.000,0.000,0.409,0.000,0.000,0.000,0.035,0.000,0.000,0.045,0.000,0.000,0.000,0.000,0.000,0.000,0.000,4.660,0.000,0.000,0.000,0.000,0.000,0.000,1.571,0.000,0.000,0.453,0.000,0.000,0.000,0.000,0.456,2.314,0.000,0.000]
  Iter 6: LB=-592.352035  UB=24.502929  gap=2.52e+01
  Cut: intercept=-1062.168643, π_x_range=[-822.6875, 546.9005]

=== True-DRO Benders iter 7 ===
  OMP: t₀=-587.284548, UB=24.502929, gap=2.50e+01, x=[0, 0, 0, 0, 0, 1, 0, 0, 0, 0, 0, 0, 0, 0, 0, 1, 0, 0, 0, 0, 0, 0, 0, 0, 0, 0, 0, 0, 0, 0, 0, 0, 0, 0, 0, 0] (0.040s)
  Sub: Z₀=21.738031 [LOCAL] (0.3s), α=[0.000,0.000,1.582,0.000,0.000,4.831,0.000,0.000,0.000,0.000,0.000,0.000,0.000,1.222,0.000,0.000,0.000,0.419,0.000,0.000,0.000,0.000,0.000,0.000,0.000,0.000,0.000,0.000,0.000,0.148,0.640,0.000,0.311,0.790,0.000,0.000]
  Iter 7: LB=-587.284548  UB=24.502929  gap=2.50e+01
  Cut: intercept=-1074.743227, π_x_range=[-818.5128, 555.0213]

=== True-DRO Benders iter 8 ===
  OMP: t₀=-567.352035, UB=24.502929, gap=2.42e+01, x=[0, 0, 0, 0, 0, 0, 0, 0, 0, 0, 0, 0, 0, 0, 0, 1, 0, 0, 0, 0, 1, 0, 0, 0, 0, 0, 0, 0, 0, 0, 0, 0, 0, 0, 0, 0] (0.076s)
  Sub: Z₀=26.185738 [LOCAL] (0.3s), α=[0.000,0.000,5.422,0.000,0.000,0.000,0.000,0.000,0.000,0.000,0.000,0.000,0.000,0.000,0.000,0.000,0.000,0.000,0.000,0.000,0.000,0.000,0.000,0.000,0.000,0.000,0.000,0.000,0.000,0.000,0.000,0.000,0.357,4.165,0.000,0.000]
  Iter 8: LB=-567.352035  UB=24.502929  gap=2.42e+01
  Cut: intercept=-1076.104452, π_x_range=[-823.6735, 557.8016]

=== True-DRO Benders iter 9 ===
  OMP: t₀=-565.352035, UB=24.502929, gap=2.41e+01, x=[0, 0, 0, 0, 0, 0, 0, 0, 0, 0, 0, 0, 0, 0, 0, 0, 0, 0, 0, 0, 1, 0, 0, 0, 1, 0, 0, 0, 0, 0, 0, 0, 0, 0, 0, 0] (0.082s)
  Sub: Z₀=24.146742 [LOCAL] (0.4s), α=[0.000,0.000,0.500,0.000,0.000,0.000,0.036,0.000,0.000,0.048,0.000,0.000,0.000,0.000,0.000,0.000,0.000,4.697,0.000,0.000,0.000,0.000,0.000,0.000,1.661,0.000,0.000,0.487,0.000,0.000,0.000,0.000,0.318,2.196,0.000,0.000]
  Iter 9: LB=-565.352035  UB=24.502929  gap=2.41e+01
  Cut: intercept=-1077.922302, π_x_range=[-822.7947, 554.9711]

=== True-DRO Benders iter 10 ===
  OMP: t₀=-561.352035, UB=24.502929, gap=2.39e+01, x=[0, 0, 0, 0, 0, 0, 0, 0, 0, 0, 0, 0, 0, 0, 0, 1, 0, 0, 0, 0, 0, 0, 0, 0, 0, 0, 0, 0, 0, 0, 0, 1, 0, 0, 0, 0] (0.084s)
  Sub: Z₀=26.225112 [TIME_LIMIT] (15.7s), α=[0.000,0.000,5.422,0.000,0.000,0.000,0.000,0.000,0.000,0.000,0.000,0.000,0.000,0.000,0.000,0.000,0.000,0.000,0.000,0.000,0.000,0.000,0.000,0.000,0.000,0.000,0.000,0.000,0.000,0.000,0.000,0.000,0.529,3.993,0.000,0.000]
  Iter 10: LB=-561.352035  UB=24.502929  gap=2.39e+01
  Cut: intercept=-116.515754, π_x_range=[-259.0000, 78.2455]

=== True-DRO Benders iter 11 ===
  OMP: t₀=-546.515754, UB=24.502929, gap=2.33e+01, x=[0, 0, 0, 0, 0, 0, 0, 0, 0, 0, 0, 0, 0, 0, 0, 0, 0, 0, 0, 0, 0, 0, 1, 0, 1, 0, 0, 0, 0, 0, 0, 0, 0, 0, 0, 0] (0.059s)
  Sub: Z₀=20.572625 [LOCAL] (0.4s), α=[0.000,0.000,0.000,0.000,0.000,0.045,0.075,0.000,0.000,0.000,0.000,0.000,0.000,1.019,0.000,0.000,0.000,3.277,0.000,0.000,0.000,0.000,1.392,0.000,2.141,0.000,0.000,0.000,0.000,0.000,0.000,0.000,1.683,0.313,0.000,0.000]
  Iter 11: LB=-546.515754  UB=24.502929  gap=2.33e+01
  Cut: intercept=-1075.125701, π_x_range=[-818.7662, 554.1302]

=== True-DRO Benders iter 12 ===
  OMP: t₀=-541.515754, UB=24.502929, gap=2.31e+01, x=[0, 0, 0, 0, 1, 0, 0, 0, 0, 0, 0, 0, 0, 0, 0, 0, 0, 0, 0, 0, 0, 0, 0, 0, 1, 0, 0, 0, 0, 0, 0, 0, 0, 0, 0, 0] (0.089s)
  Sub: Z₀=24.146742 [LOCAL] (0.4s), α=[0.000,0.000,0.504,0.000,0.000,0.000,0.036,0.000,0.000,0.047,0.000,0.000,0.000,0.000,0.000,0.000,0.000,4.693,0.000,0.000,0.000,0.000,0.000,0.000,1.665,0.000,0.000,0.484,0.000,0.000,0.000,0.000,0.244,2.271,0.000,0.000]
  Iter 12: LB=-541.515754  UB=24.502929  gap=2.31e+01
  Cut: intercept=-1077.127526, π_x_range=[-823.1359, 554.2385]

=== True-DRO Benders iter 13 ===
  OMP: t₀=-532.501016, UB=24.502929, gap=2.27e+01, x=[0, 0, 0, 0, 0, 1, 0, 0, 0, 0, 0, 0, 0, 0, 0, 0, 0, 0, 0, 0, 0, 0, 1, 0, 0, 0, 0, 0, 0, 0, 0, 0, 0, 0, 0, 0] (0.108s)
  Sub: Z₀=17.593420 [LOCAL] (0.3s), α=[0.000,0.000,0.000,0.000,0.000,8.996,0.000,0.000,0.000,0.000,0.000,0.000,0.000,0.948,0.000,0.000,0.000,0.000,0.000,0.000,0.000,0.000,0.000,0.000,0.000,0.000,0.000,0.000,0.000,0.000,0.000,0.000,0.000,0.000,0.000,0.000]
  Iter 13: LB=-532.501016  UB=24.502929  gap=2.27e+01
  Cut: intercept=-1135.704009, π_x_range=[-819.7666, 582.9664]

=== True-DRO Benders iter 14 ===
  OMP: t₀=-531.515754, UB=24.502929, gap=2.27e+01, x=[0, 0, 0, 0, 0, 0, 0, 0, 0, 0, 0, 0, 0, 0, 0, 0, 0, 0, 0, 0, 0, 0, 0, 0, 1, 0, 0, 0, 1, 0, 0, 0, 0, 0, 0, 0] (0.118s)
  Sub: Z₀=23.488633 [LOCAL] (0.4s), α=[0.000,0.000,0.773,0.000,0.000,0.000,0.037,0.000,0.000,0.000,0.000,0.000,0.000,0.000,0.000,0.000,0.000,3.766,0.000,0.000,0.000,0.000,0.000,0.000,1.933,0.000,0.000,0.610,0.669,0.122,0.178,0.000,0.207,1.650,0.000,0.000]
  Iter 14: LB=-531.515754  UB=24.502929  gap=2.27e+01
  Cut: intercept=-1080.503334, π_x_range=[-821.5363, 556.8850]

=== True-DRO Benders iter 15 ===
  OMP: t₀=-527.501016, UB=24.502929, gap=2.25e+01, x=[0, 0, 0, 0, 1, 1, 0, 0, 0, 0, 0, 0, 0, 0, 0, 0, 0, 0, 0, 0, 0, 0, 0, 0, 0, 0, 0, 0, 0, 0, 0, 0, 0, 0, 0, 0] (0.126s)
  Sub: Z₀=21.890854 [TIME_LIMIT] (15.8s), α=[0.000,0.000,0.000,0.000,0.000,6.842,0.000,0.000,0.000,0.000,0.000,0.000,0.000,0.000,0.000,0.000,0.000,2.002,0.000,0.000,0.000,0.000,0.000,0.000,0.000,0.000,0.000,0.000,0.000,0.000,0.000,0.000,1.101,0.000,0.000,0.000]
  Iter 15: LB=-527.501016  UB=22.475872  gap=2.45e+01
  Cut: intercept=-31.329655, π_x_range=[-164.3088, 53.2205]

=== True-DRO Benders iter 16 ===
  OMP: t₀=-278.243060, UB=22.475872, gap=1.34e+01, x=[0, 0, 0, 0, 0, 0, 0, 0, 0, 0, 0, 0, 0, 0, 0, 0, 0, 0, 0, 0, 0, 0, 1, 0, 0, 0, 0, 0, 1, 0, 0, 0, 0, 0, 0, 0] (0.220s)
  Sub: Z₀=23.537673 [LOCAL] (0.4s), α=[0.000,0.000,5.507,0.000,0.000,0.000,0.000,0.000,0.000,0.000,0.000,0.000,0.000,0.000,0.000,0.000,0.000,0.000,0.000,0.000,0.000,0.000,1.818,0.000,0.000,0.000,0.000,0.000,0.000,0.000,0.000,0.000,0.763,1.856,0.000,0.000]
  Iter 16: LB=-278.243060  UB=22.475872  gap=1.34e+01
  Cut: intercept=-1112.729522, π_x_range=[-826.4566, 569.3949]

=== True-DRO Benders iter 17 ===
  OMP: t₀=-267.712472, UB=22.475872, gap=1.29e+01, x=[0, 0, 0, 0, 0, 0, 0, 0, 0, 0, 0, 0, 1, 0, 0, 0, 0, 0, 0, 0, 0, 0, 0, 0, 1, 0, 0, 0, 0, 0, 0, 0, 0, 0, 0, 0] (0.352s)
  Sub: Z₀=22.537699 [LOCAL] (0.3s), α=[0.000,0.000,0.000,0.000,0.000,0.000,0.015,0.000,0.000,0.000,0.000,0.000,0.989,0.499,0.000,0.000,0.000,3.919,0.000,0.000,0.000,0.000,0.000,0.000,0.314,0.000,0.000,0.000,0.000,0.000,0.000,0.000,0.000,4.208,0.000,0.000]
  Iter 17: LB=-267.712472  UB=22.475872  gap=1.29e+01
  Cut: intercept=-1092.807996, π_x_range=[-819.9257, 563.1175]

=== True-DRO Benders iter 18 ===
  OMP: t₀=-266.610909, UB=22.475872, gap=1.29e+01, x=[0, 0, 0, 0, 0, 0, 0, 0, 0, 0, 0, 0, 0, 0, 0, 0, 0, 0, 1, 0, 0, 0, 0, 0, 1, 0, 0, 0, 0, 0, 0, 0, 0, 0, 0, 0] (0.472s)
  Sub: Z₀=22.537651 [LOCAL] (0.3s), α=[0.000,0.000,1.463,0.000,0.000,0.000,0.042,0.000,0.000,0.000,0.000,0.000,0.000,0.000,0.000,0.000,0.000,1.771,1.412,0.000,0.000,0.000,0.000,0.000,2.619,0.000,0.000,1.365,0.000,0.726,0.000,0.000,0.084,0.463,0.000,0.000]
  Iter 18: LB=-266.610909  UB=22.475872  gap=1.29e+01
  Cut: intercept=-1084.763778, π_x_range=[-823.2692, 561.7120]

=== True-DRO Benders iter 19 ===
  OMP: t₀=-266.027453, UB=22.475872, gap=1.28e+01, x=[0, 0, 0, 0, 0, 0, 0, 0, 0, 0, 0, 0, 1, 0, 0, 0, 0, 0, 0, 0, 0, 0, 0, 0, 0, 0, 0, 0, 1, 0, 0, 0, 0, 0, 0, 0] (0.435s)
  Sub: Z₀=23.265095 [LOCAL] (0.3s), α=[0.000,0.000,3.376,0.000,0.000,0.000,0.000,0.000,0.000,0.000,0.000,0.000,1.732,0.233,0.000,0.000,0.000,0.000,0.000,0.000,0.000,0.000,0.000,0.000,0.000,0.000,0.000,0.000,0.000,0.000,0.000,0.000,0.000,4.603,0.000,0.000]
  Iter 19: LB=-266.027453  UB=22.475872  gap=1.28e+01
  Cut: intercept=-1115.608245, π_x_range=[-821.1246, 572.8432]

=== True-DRO Benders iter 20 ===
  OMP: t₀=-264.925889, UB=22.475872, gap=1.28e+01, x=[0, 0, 0, 0, 0, 0, 0, 0, 0, 0, 0, 0, 0, 0, 0, 0, 0, 0, 1, 0, 0, 0, 0, 0, 0, 0, 0, 0, 1, 0, 0, 0, 0, 0, 0, 0] (0.431s)
  Sub: Z₀=25.612031 [TIME_LIMIT] (15.9s), α=[0.000,0.000,5.254,0.000,0.000,0.000,0.000,0.000,0.000,0.000,0.000,0.000,0.000,0.000,0.000,0.000,0.000,0.000,0.000,0.000,0.000,0.000,0.000,0.000,0.000,0.000,0.000,0.000,0.000,0.337,0.000,0.000,0.476,3.877,0.000,0.000]
  Iter 20: LB=-264.925889  UB=22.475872  gap=1.28e+01
  Cut: intercept=-109.372975, π_x_range=[-271.0000, 69.5804]

=== True-DRO Benders iter 21 ===
  OMP: t₀=-257.790024, UB=22.475872, gap=1.25e+01, x=[0, 0, 0, 0, 0, 0, 0, 0, 0, 0, 0, 0, 0, 0, 0, 1, 0, 0, 0, 0, 0, 0, 0, 0, 0, 1, 0, 0, 0, 0, 0, 0, 0, 0, 0, 0] (0.636s)
  Sub: Z₀=26.111902 [LOCAL] (0.3s), α=[0.000,0.000,5.422,0.000,0.000,0.000,0.000,0.000,0.000,0.000,0.000,0.000,0.000,0.000,0.000,0.000,0.000,0.000,0.000,0.000,0.000,0.000,0.000,0.000,0.000,0.000,0.000,0.000,0.000,0.000,0.000,0.000,0.401,4.121,0.000,0.000]
  Iter 21: LB=-257.790024  UB=22.475872  gap=1.25e+01
  Cut: intercept=-1054.659093, π_x_range=[-823.9636, 544.6771]

=== True-DRO Benders iter 22 ===
  OMP: t₀=-257.370236, UB=22.475872, gap=1.25e+01, x=[0, 0, 0, 0, 0, 0, 0, 0, 0, 1, 0, 0, 0, 0, 0, 0, 0, 0, 0, 0, 0, 0, 0, 0, 1, 0, 0, 0, 0, 0, 0, 0, 0, 0, 0, 0] (0.987s)
  Sub: Z₀=20.528810 [LOCAL] (0.4s), α=[0.000,0.000,0.752,0.000,0.000,0.000,0.036,0.000,0.000,5.492,0.000,0.000,0.000,0.000,0.000,0.000,0.000,0.180,0.000,0.000,0.000,0.000,0.000,0.000,1.913,0.000,0.000,1.572,0.000,0.000,0.000,0.000,0.000,0.000,0.000,0.000]
  Iter 22: LB=-257.370236  UB=22.475872  gap=1.25e+01
  Cut: intercept=-1084.390610, π_x_range=[-822.3176, 554.9432]

=== True-DRO Benders iter 23 ===
  OMP: t₀=-255.790024, UB=22.475872, gap=1.24e+01, x=[0, 0, 0, 0, 0, 0, 0, 0, 0, 0, 0, 0, 0, 0, 0, 0, 0, 0, 0, 0, 0, 0, 0, 0, 1, 1, 0, 0, 0, 0, 0, 0, 0, 0, 0, 0] (0.682s)
  Sub: Z₀=23.670034 [LOCAL] (0.4s), α=[0.000,0.000,0.419,0.000,0.000,0.000,0.035,0.000,0.000,0.045,0.000,0.000,0.000,0.000,0.000,0.000,0.000,4.651,0.000,0.000,0.000,0.000,0.000,0.000,1.581,0.000,0.000,0.444,0.000,0.000,0.000,0.000,0.502,2.268,0.000,0.000]
  Iter 23: LB=-255.790024  UB=22.475872  gap=1.24e+01
  Cut: intercept=-1059.298286, π_x_range=[-821.6611, 546.7202]

=== True-DRO Benders iter 24 ===
  OMP: t₀=-254.969158, UB=22.475872, gap=1.23e+01, x=[0, 0, 0, 0, 0, 0, 0, 0, 0, 1, 0, 0, 0, 0, 0, 0, 0, 0, 0, 0, 0, 0, 1, 0, 0, 0, 0, 0, 0, 0, 0, 0, 0, 0, 0, 0] (0.996s)
  Sub: Z₀=22.082638 [LOCAL] (0.3s), α=[0.000,0.000,5.422,0.000,0.000,0.000,0.000,0.000,0.000,0.000,0.000,0.000,0.000,0.000,0.000,0.000,0.000,0.000,0.000,0.000,0.000,0.000,0.000,0.000,0.000,0.000,0.000,0.000,0.000,0.000,0.000,0.000,3.921,0.601,0.000,0.000]
  Iter 24: LB=-254.969158  UB=22.475872  gap=1.23e+01
  Cut: intercept=-1100.031223, π_x_range=[-825.6955, 562.8744]

=== True-DRO Benders iter 25 ===
  OMP: t₀=-246.452968, UB=22.475872, gap=1.20e+01, x=[0, 0, 0, 0, 0, 0, 0, 0, 0, 0, 0, 0, 0, 0, 0, 0, 0, 0, 0, 0, 1, 0, 1, 0, 0, 0, 0, 0, 0, 0, 0, 0, 0, 0, 0, 0] (1.020s)
  Sub: Z₀=24.022535 [TIME_LIMIT] (15.7s), α=[0.000,0.000,4.182,0.000,0.000,0.084,0.000,0.000,0.000,0.000,0.000,0.000,0.000,1.574,0.000,0.000,0.000,0.000,0.000,0.000,0.000,0.000,0.822,0.000,0.000,0.000,0.000,0.000,0.000,0.000,0.000,0.000,2.270,1.011,0.000,0.000]
  Iter 25: LB=-246.452968  UB=22.475872  gap=1.20e+01
  Cut: intercept=-98.363061, π_x_range=[-229.0000, 62.6368]

=== True-DRO Benders iter 26 ===
  OMP: t₀=-244.541565, UB=22.475872, gap=1.19e+01, x=[0, 0, 0, 0, 0, 0, 0, 0, 0, 0, 0, 0, 0, 0, 0, 0, 0, 0, 0, 0, 0, 0, 0, 0, 1, 0, 0, 0, 0, 0, 0, 1, 0, 0, 0, 0] (1.153s)
  Sub: Z₀=24.146742 [LOCAL] (0.4s), α=[0.000,0.000,0.501,0.000,0.000,0.000,0.036,0.000,0.000,0.048,0.000,0.000,0.000,0.000,0.000,0.000,0.000,4.697,0.000,0.000,0.000,0.000,0.000,0.000,1.662,0.000,0.000,0.487,0.000,0.000,0.000,0.000,0.348,2.166,0.000,0.000]
  Iter 26: LB=-244.541565  UB=22.475872  gap=1.19e+01
  Cut: intercept=-1073.333839, π_x_range=[-822.9066, 550.3883]

=== True-DRO Benders iter 27 ===
  OMP: t₀=-242.937499, UB=22.475872, gap=1.18e+01, x=[0, 0, 0, 0, 0, 0, 0, 1, 0, 0, 0, 0, 0, 0, 0, 0, 0, 0, 0, 0, 0, 0, 0, 0, 1, 0, 0, 0, 0, 0, 0, 0, 0, 0, 0, 0] (1.268s)
  Sub: Z₀=24.146742 [LOCAL] (0.4s), α=[0.000,0.000,0.506,0.000,0.000,0.000,0.042,0.000,0.000,0.047,0.000,0.000,0.000,0.000,0.000,0.000,0.000,4.691,0.000,0.000,0.000,0.000,0.000,0.000,1.662,0.000,0.000,0.482,0.000,0.000,0.000,0.000,0.435,2.079,0.000,0.000]
  Iter 27: LB=-242.937499  UB=22.475872  gap=1.18e+01
  Cut: intercept=-1088.733765, π_x_range=[-822.8690, 565.8764]

=== True-DRO Benders iter 28 ===
  OMP: t₀=-242.753552, UB=22.475872, gap=1.18e+01, x=[0, 0, 0, 0, 0, 0, 0, 0, 0, 1, 0, 0, 1, 0, 0, 0, 0, 0, 0, 0, 0, 0, 0, 0, 0, 0, 0, 0, 0, 0, 0, 0, 0, 0, 0, 0] (1.298s)
  Sub: Z₀=21.592983 [LOCAL] (0.3s), α=[0.000,0.000,5.422,0.000,0.000,0.000,0.000,0.000,0.000,0.000,0.000,0.000,0.000,0.000,0.000,0.000,0.000,0.000,0.000,0.000,0.000,0.000,0.000,0.000,0.000,0.000,0.000,0.000,0.000,0.000,0.000,0.000,0.000,4.522,0.000,0.000]
  Iter 28: LB=-242.753552  UB=22.475872  gap=1.18e+01
  Cut: intercept=-1115.517385, π_x_range=[-822.5396, 570.2579]

=== True-DRO Benders iter 29 ===
  OMP: t₀=-242.195289, UB=22.475872, gap=1.18e+01, x=[0, 0, 0, 0, 0, 0, 0, 0, 0, 0, 0, 0, 0, 0, 0, 0, 0, 0, 0, 0, 0, 0, 0, 0, 1, 0, 0, 0, 0, 0, 0, 0, 0, 1, 0, 0] (0.876s)
  Sub: Z₀=20.622298 [LOCAL] (0.4s), α=[0.000,0.000,0.000,0.000,0.000,0.000,0.000,0.000,0.000,0.000,0.000,0.000,0.000,0.000,0.000,0.000,0.000,3.604,0.000,0.000,0.000,0.000,0.000,0.000,0.000,0.000,0.000,0.000,0.000,0.000,0.000,0.000,0.018,6.322,0.000,0.000]
  Iter 29: LB=-242.195289  UB=22.475872  gap=1.18e+01
  Cut: intercept=-1126.686352, π_x_range=[-819.4692, 582.9759]

=== True-DRO Benders iter 30 ===
  OMP: t₀=-241.270271, UB=22.475872, gap=1.17e+01, x=[0, 0, 0, 0, 0, 0, 0, 0, 0, 0, 0, 0, 0, 0, 0, 1, 0, 0, 0, 0, 0, 0, 1, 0, 0, 0, 0, 0, 0, 0, 0, 0, 0, 0, 0, 0] (0.680s)
  Sub: Z₀=24.022529 [TIME_LIMIT] (15.6s), α=[0.000,0.000,4.182,0.000,0.000,0.086,0.000,0.000,0.000,0.000,0.000,0.000,0.000,1.609,0.000,0.000,0.000,0.000,0.000,0.000,0.000,0.000,0.785,0.000,0.000,0.000,0.000,0.000,0.000,0.000,0.000,0.000,2.309,0.972,0.000,0.000]
  Iter 30: LB=-241.270271  UB=22.475872  gap=1.17e+01
  Cut: intercept=-103.319619, π_x_range=[-249.0000, 64.6700]

=== True-DRO Benders iter 31 ===
  OMP: t₀=-240.020371, UB=22.475872, gap=1.17e+01, x=[0, 0, 0, 0, 0, 0, 0, 0, 0, 0, 0, 0, 0, 0, 0, 0, 0, 0, 0, 0, 0, 0, 0, 0, 0, 0, 0, 0, 1, 0, 0, 1, 0, 0, 0, 0] (1.062s)
  Sub: Z₀=26.724953 [LOCAL] (0.4s), α=[0.000,0.000,6.416,0.000,0.000,0.000,0.000,0.000,0.000,0.000,0.000,0.000,0.000,0.000,0.000,0.000,0.000,0.000,0.000,0.000,0.000,0.000,0.000,0.000,0.000,0.000,0.000,0.000,0.000,0.000,0.000,0.000,0.133,3.395,0.000,0.000]
  Iter 31: LB=-240.020371  UB=22.475872  gap=1.17e+01
  Cut: intercept=-1099.613810, π_x_range=[-825.6377, 566.7303]

=== True-DRO Benders iter 32 ===
  OMP: t₀=-239.414596, UB=22.475872, gap=1.17e+01, x=[0, 0, 0, 0, 0, 0, 0, 0, 0, 0, 0, 0, 0, 0, 0, 0, 0, 0, 0, 0, 0, 0, 0, 0, 1, 0, 0, 0, 0, 0, 0, 0, 1, 0, 0, 0] (0.944s)
  Sub: Z₀=18.092719 [LOCAL] (0.3s), α=[0.000,0.000,0.000,0.000,0.000,0.000,0.029,0.000,0.000,0.000,0.000,0.000,0.000,0.000,0.000,0.000,0.000,1.439,0.000,0.000,0.000,0.000,0.000,0.000,1.168,0.000,0.000,0.000,0.000,0.000,0.000,0.000,6.048,1.260,0.000,0.000]
  Iter 32: LB=-239.414596  UB=22.475872  gap=1.17e+01
  Cut: intercept=-1105.408359, π_x_range=[-821.6126, 573.2113]

=== True-DRO Benders iter 33 ===
  OMP: t₀=-236.127922, UB=22.475872, gap=1.15e+01, x=[0, 0, 1, 0, 0, 0, 0, 0, 0, 0, 0, 0, 0, 0, 0, 0, 0, 0, 0, 0, 0, 0, 0, 0, 1, 0, 0, 0, 0, 0, 0, 0, 0, 0, 0, 0] (0.988s)
  Sub: Z₀=21.773555 [LOCAL] (0.3s), α=[0.000,0.000,5.782,0.000,0.000,0.000,0.000,0.000,0.000,0.000,0.000,0.000,0.000,0.000,0.000,0.000,0.000,4.162,0.000,0.000,0.000,0.000,0.000,0.000,0.000,0.000,0.000,0.000,0.000,0.000,0.000,0.000,0.000,0.000,0.000,0.000]
  Iter 33: LB=-236.127922  UB=22.475872  gap=1.15e+01
  Cut: intercept=-1105.745478, π_x_range=[-821.4748, 571.4569]

=== True-DRO Benders iter 34 ===
  OMP: t₀=-236.038971, UB=22.475872, gap=1.15e+01, x=[0, 0, 0, 0, 0, 0, 0, 0, 0, 0, 0, 0, 0, 0, 0, 0, 0, 0, 0, 0, 0, 0, 0, 0, 1, 0, 0, 0, 0, 0, 0, 0, 0, 0, 1, 0] (0.954s)
  Sub: Z₀=24.146742 [LOCAL] (0.4s), α=[0.000,0.000,0.499,0.000,0.000,0.000,0.036,0.000,0.000,0.047,0.000,0.000,0.000,0.000,0.000,0.000,0.000,4.698,0.000,0.000,0.000,0.000,0.000,0.000,1.660,0.000,0.000,0.489,0.000,0.000,0.000,0.000,0.377,2.137,0.000,0.000]
  Iter 34: LB=-236.038971  UB=22.475872  gap=1.15e+01
  Cut: intercept=-1096.493363, π_x_range=[-823.0051, 573.5430]

=== True-DRO Benders iter 35 ===
  OMP: t₀=-234.507039, UB=22.475872, gap=1.14e+01, x=[0, 0, 0, 0, 0, 0, 0, 0, 0, 0, 0, 0, 0, 0, 1, 0, 0, 0, 0, 0, 0, 0, 0, 0, 1, 0, 0, 0, 0, 0, 0, 0, 0, 0, 0, 0] (0.980s)
  Sub: Z₀=24.146743 [TIME_LIMIT] (15.8s), α=[0.000,0.000,0.557,0.000,0.000,0.000,0.050,0.000,0.000,0.063,0.000,0.000,0.000,0.000,0.000,0.000,0.000,4.642,0.000,0.000,0.000,0.000,0.000,0.000,1.704,0.000,0.000,0.417,0.000,0.000,0.000,0.000,0.486,2.026,0.000,0.000]
  Iter 35: LB=-234.507039  UB=22.475872  gap=1.14e+01
  Cut: intercept=-70.724550, π_x_range=[-241.0000, 63.5403]

=== True-DRO Benders iter 36 ===
  OMP: t₀=-232.792599, UB=22.475872, gap=1.14e+01, x=[0, 0, 0, 0, 0, 0, 0, 0, 0, 0, 0, 0, 1, 0, 0, 0, 0, 0, 1, 0, 0, 0, 0, 0, 0, 0, 0, 0, 0, 0, 0, 0, 0, 0, 0, 0] (1.041s)
  Sub: Z₀=22.974037 [LOCAL] (0.3s), α=[0.000,0.000,4.242,0.000,0.000,0.000,0.000,0.000,0.000,0.000,0.000,0.000,0.995,0.115,0.000,0.000,0.000,0.000,0.000,0.000,0.000,0.000,0.000,0.000,0.000,0.000,0.000,0.000,0.000,0.000,0.000,0.000,0.000,4.593,0.000,0.000]
  Iter 36: LB=-232.792599  UB=22.475872  gap=1.14e+01
  Cut: intercept=-1123.003626, π_x_range=[-821.4858, 573.3047]

=== True-DRO Benders iter 37 ===
  OMP: t₀=-230.790024, UB=22.475872, gap=1.13e+01, x=[0, 0, 0, 0, 0, 0, 0, 0, 0, 0, 0, 0, 0, 0, 0, 0, 0, 0, 0, 0, 1, 0, 0, 0, 0, 1, 0, 0, 0, 0, 0, 0, 0, 0, 0, 0] (1.117s)
  Sub: Z₀=26.111902 [LOCAL] (0.3s), α=[0.000,0.000,5.422,0.000,0.000,0.000,0.000,0.000,0.000,0.000,0.000,0.000,0.000,0.000,0.000,0.000,0.000,0.000,0.000,0.000,0.000,0.000,0.000,0.000,0.000,0.000,0.000,0.000,0.000,0.000,0.000,0.000,0.366,4.156,0.000,0.000]
  Iter 37: LB=-230.790024  UB=22.475872  gap=1.13e+01
  Cut: intercept=-1067.567360, π_x_range=[-823.9386, 557.5209]

=== True-DRO Benders iter 38 ===
  OMP: t₀=-228.823318, UB=22.475872, gap=1.12e+01, x=[0, 0, 0, 0, 0, 0, 0, 0, 0, 0, 0, 0, 0, 0, 0, 0, 0, 0, 1, 0, 0, 0, 0, 0, 0, 0, 0, 0, 0, 0, 0, 1, 0, 0, 0, 0] (1.071s)
  Sub: Z₀=25.447961 [LOCAL] (0.4s), α=[0.000,0.000,5.928,0.000,0.000,0.000,0.000,0.000,0.000,0.000,0.000,0.000,0.000,0.000,0.000,0.000,0.000,0.000,0.000,0.000,0.000,0.000,0.000,0.000,0.000,0.000,0.000,0.000,0.000,0.000,0.000,0.000,0.336,3.680,0.000,0.000]
  Iter 38: LB=-228.823318  UB=22.475872  gap=1.12e+01
  Cut: intercept=-1105.328350, π_x_range=[-824.6689, 573.8167]

=== True-DRO Benders iter 39 ===
  OMP: t₀=-228.320815, UB=22.475872, gap=1.12e+01, x=[0, 0, 0, 0, 0, 0, 0, 1, 0, 0, 0, 0, 1, 0, 0, 0, 0, 0, 0, 0, 0, 0, 0, 0, 0, 0, 0, 0, 0, 0, 0, 0, 0, 0, 0, 0] (0.964s)
  Sub: Z₀=23.265095 [LOCAL] (0.4s), α=[0.000,0.000,3.343,0.000,0.000,0.000,0.000,0.000,0.000,0.000,0.000,0.000,1.578,0.498,0.000,0.000,0.000,0.033,0.000,0.000,0.000,0.000,0.000,0.000,0.000,0.000,0.000,0.000,0.000,0.000,0.000,0.000,0.000,4.492,0.000,0.000]
  Iter 39: LB=-228.320815  UB=22.475872  gap=1.12e+01
  Cut: intercept=-1122.474467, π_x_range=[-820.1048, 574.4475]

=== True-DRO Benders iter 40 ===
  OMP: t₀=-227.726251, UB=22.475872, gap=1.11e+01, x=[0, 0, 0, 0, 0, 0, 0, 0, 0, 0, 0, 0, 0, 0, 0, 0, 0, 0, 0, 0, 0, 0, 1, 0, 0, 0, 0, 0, 0, 0, 0, 1, 0, 0, 0, 0] (0.894s)
  Sub: Z₀=24.022529 [TIME_LIMIT] (15.7s), α=[0.000,0.000,4.182,0.000,0.000,0.093,0.000,0.000,0.000,0.000,0.000,0.000,0.000,1.634,0.000,0.000,0.000,0.000,0.000,0.000,0.000,0.000,0.754,0.000,0.000,0.000,0.000,0.000,0.000,0.000,0.000,0.000,2.243,1.039,0.000,0.000]
  Iter 40: LB=-227.726251  UB=22.475872  gap=1.11e+01
  Cut: intercept=-90.552924, π_x_range=[-241.8625, 62.6964]

=== True-DRO Benders iter 41 ===
  OMP: t₀=-227.578605, UB=22.475872, gap=1.11e+01, x=[0, 0, 0, 0, 0, 0, 0, 0, 0, 0, 0, 0, 1, 0, 0, 0, 0, 0, 0, 0, 0, 0, 0, 0, 0, 0, 0, 0, 0, 0, 0, 0, 0, 1, 0, 0] (0.906s)
  Sub: Z₀=16.918246 [LOCAL] (0.3s), α=[0.000,0.000,0.000,0.000,0.000,0.000,0.000,0.000,0.000,0.000,0.000,0.000,1.829,0.162,0.000,0.000,0.000,0.000,0.000,0.000,0.000,0.000,0.000,0.000,0.000,0.000,0.000,0.000,0.000,0.000,0.000,0.000,0.000,7.953,0.000,0.000]
  Iter 41: LB=-227.578605  UB=22.475872  gap=1.11e+01
  Cut: intercept=-1160.726126, π_x_range=[-818.5153, 593.4971]

=== True-DRO Benders iter 42 ===
  OMP: t₀=-226.968345, UB=22.475872, gap=1.11e+01, x=[0, 0, 0, 0, 0, 0, 0, 0, 0, 1, 0, 0, 0, 0, 0, 0, 0, 0, 0, 0, 0, 0, 0, 0, 0, 0, 0, 0, 1, 0, 0, 0, 0, 0, 0, 0] (1.067s)
  Sub: Z₀=23.620938 [LOCAL] (0.3s), α=[0.000,0.000,5.422,0.000,0.000,0.000,0.000,0.000,0.000,0.000,0.000,0.000,0.000,0.000,0.000,0.000,0.000,0.000,0.000,0.000,0.000,0.000,0.000,0.000,0.000,0.000,0.000,0.000,0.000,0.000,0.000,0.000,0.946,3.576,0.000,0.000]
  Iter 42: LB=-226.968345  UB=22.475872  gap=1.11e+01
  Cut: intercept=-1108.824833, π_x_range=[-826.5819, 566.7275]

=== True-DRO Benders iter 43 ===
  OMP: t₀=-224.797912, UB=22.475872, gap=1.10e+01, x=[0, 0, 0, 0, 0, 0, 0, 0, 0, 0, 0, 0, 1, 0, 0, 0, 0, 0, 0, 0, 0, 0, 0, 0, 0, 0, 0, 0, 0, 0, 0, 0, 1, 0, 0, 0] (1.106s)
  Sub: Z₀=19.934786 [LOCAL] (0.4s), α=[0.000,0.000,2.011,0.000,0.000,0.000,0.000,0.000,0.000,0.000,0.000,0.000,0.000,0.000,0.000,0.000,0.000,0.000,0.000,0.000,0.000,0.000,0.000,0.000,0.000,0.000,0.000,0.000,0.000,0.000,0.000,0.000,0.154,7.780,0.000,0.000]
  Iter 43: LB=-224.797912  UB=22.475872  gap=1.10e+01
  Cut: intercept=-1128.342221, π_x_range=[-822.8496, 582.6956]

=== True-DRO Benders iter 44 ===
  OMP: t₀=-224.790024, UB=22.475872, gap=1.10e+01, x=[0, 0, 0, 0, 0, 0, 0, 0, 0, 0, 0, 0, 0, 0, 0, 0, 0, 0, 0, 0, 0, 0, 0, 0, 0, 1, 0, 0, 0, 0, 0, 1, 0, 0, 0, 0] (1.097s)
  Sub: Z₀=26.111902 [LOCAL] (0.3s), α=[0.000,0.000,5.422,0.000,0.000,0.000,0.000,0.000,0.000,0.000,0.000,0.000,0.000,0.000,0.000,0.000,0.000,0.000,0.000,0.000,0.000,0.000,0.000,0.000,0.000,0.000,0.000,0.000,0.000,0.000,0.000,0.000,0.396,4.126,0.000,0.000]
  Iter 44: LB=-224.790024  UB=22.475872  gap=1.10e+01
  Cut: intercept=-1064.328062, π_x_range=[-823.9604, 554.3176]

=== True-DRO Benders iter 45 ===
  OMP: t₀=-223.790024, UB=22.475872, gap=1.10e+01, x=[0, 0, 0, 0, 0, 0, 0, 0, 0, 0, 0, 0, 0, 0, 0, 0, 0, 0, 0, 0, 0, 0, 1, 0, 0, 1, 0, 0, 0, 0, 0, 0, 0, 0, 0, 0] (0.919s)
  Sub: Z₀=24.022536 [TIME_LIMIT] (15.6s), α=[0.000,0.000,4.182,0.000,0.000,0.077,0.000,0.000,0.000,0.000,0.000,0.000,0.000,1.612,0.000,0.000,0.000,0.000,0.000,0.000,0.000,0.000,0.792,0.000,0.000,0.000,0.000,0.000,0.000,0.000,0.000,0.000,2.332,0.950,0.000,0.000]
  Iter 45: LB=-223.790024  UB=22.475872  gap=1.10e+01
  Cut: intercept=-117.727264, π_x_range=[-235.0000, 79.0537]

=== True-DRO Benders iter 46 ===
  OMP: t₀=-222.792599, UB=22.475872, gap=1.09e+01, x=[0, 0, 0, 0, 0, 0, 0, 0, 0, 1, 0, 0, 0, 0, 0, 0, 0, 0, 1, 0, 0, 0, 0, 0, 0, 0, 0, 0, 0, 0, 0, 0, 0, 0, 0, 0] (0.997s)
  Sub: Z₀=23.620938 [LOCAL] (0.3s), α=[0.000,0.000,5.422,0.000,0.000,0.000,0.000,0.000,0.000,0.000,0.000,0.000,0.000,0.000,0.000,0.000,0.000,0.000,0.000,0.000,0.000,0.000,0.000,0.000,0.000,0.000,0.000,0.000,0.000,0.000,0.000,0.000,0.980,3.542,0.000,0.000]
  Iter 46: LB=-222.792599  UB=22.475872  gap=1.09e+01
  Cut: intercept=-1113.549928, π_x_range=[-826.5642, 571.7420]

=== True-DRO Benders iter 47 ===
  OMP: t₀=-221.511238, UB=22.475872, gap=1.09e+01, x=[0, 0, 1, 0, 0, 0, 0, 0, 0, 0, 0, 0, 1, 0, 0, 0, 0, 0, 0, 0, 0, 0, 0, 0, 0, 0, 0, 0, 0, 0, 0, 0, 0, 0, 0, 0] (0.929s)
  Sub: Z₀=20.400914 [LOCAL] (0.3s), α=[0.000,0.000,6.989,0.000,0.000,0.000,0.000,0.000,0.000,0.000,0.000,0.000,0.000,0.000,0.000,0.000,0.000,0.050,0.000,0.000,0.000,0.000,0.000,0.000,0.000,0.000,0.000,0.000,0.000,0.000,0.000,0.000,0.000,2.906,0.000,0.000]
  Iter 47: LB=-221.511238  UB=22.475872  gap=1.09e+01
  Cut: intercept=-1124.677017, π_x_range=[-819.1581, 581.4530]

=== True-DRO Benders iter 48 ===
  OMP: t₀=-221.422287, UB=22.475872, gap=1.09e+01, x=[0, 0, 0, 0, 0, 0, 0, 0, 0, 0, 0, 0, 1, 0, 0, 0, 0, 0, 0, 0, 0, 0, 0, 0, 0, 0, 0, 0, 0, 0, 0, 0, 0, 0, 1, 0] (0.953s)
  Sub: Z₀=23.265095 [LOCAL] (0.4s), α=[0.000,0.000,3.339,0.000,0.000,0.000,0.000,0.000,0.000,0.000,0.000,0.000,1.571,0.514,0.000,0.000,0.000,0.037,0.000,0.000,0.000,0.000,0.000,0.000,0.000,0.000,0.000,0.000,0.000,0.000,0.000,0.000,0.000,4.484,0.000,0.000]
  Iter 48: LB=-221.422287  UB=22.475872  gap=1.09e+01
  Cut: intercept=-1124.414231, π_x_range=[-820.1457, 576.2560]

=== True-DRO Benders iter 49 ===
  OMP: t₀=-220.968345, UB=22.475872, gap=1.08e+01, x=[0, 0, 0, 0, 0, 0, 0, 1, 0, 0, 0, 0, 0, 0, 0, 0, 0, 0, 0, 0, 0, 0, 0, 0, 0, 0, 0, 0, 1, 0, 0, 0, 0, 0, 0, 0] (0.948s)
  Sub: Z₀=26.724953 [LOCAL] (0.4s), α=[0.000,0.000,6.416,0.000,0.000,0.000,0.000,0.000,0.000,0.000,0.000,0.000,0.000,0.000,0.000,0.000,0.000,0.000,0.000,0.000,0.000,0.000,0.000,0.000,0.000,0.000,0.000,0.000,0.000,0.000,0.000,0.000,0.157,3.372,0.000,0.000]
  Iter 49: LB=-220.968345  UB=22.475872  gap=1.08e+01
  Cut: intercept=-1114.164725, π_x_range=[-825.5007, 574.1300]

=== True-DRO Benders iter 50 ===
  OMP: t₀=-217.978578, UB=22.475872, gap=1.07e+01, x=[0, 0, 0, 0, 0, 0, 0, 1, 0, 1, 0, 0, 0, 0, 0, 0, 0, 0, 0, 0, 0, 0, 0, 0, 0, 0, 0, 0, 0, 0, 0, 0, 0, 0, 0, 0] (0.993s)
  Sub: Z₀=24.331801 [TIME_LIMIT] (15.9s), α=[0.000,0.000,5.422,0.000,0.000,0.000,0.000,0.000,0.000,0.000,0.000,0.000,0.000,0.000,0.000,0.000,0.000,0.000,0.000,0.000,0.000,0.000,0.000,0.000,0.000,0.000,0.000,0.000,0.000,0.000,0.000,0.000,1.067,3.455,0.000,0.000]
  Iter 50: LB=-217.978578  UB=22.475872  gap=1.07e+01
  Cut: intercept=-84.284294, π_x_range=[-238.0000, 56.5118]

=== True-DRO Benders iter 51 ===
  OMP: t₀=-213.649584, UB=22.475872, gap=1.05e+01, x=[0, 0, 0, 0, 0, 0, 0, 0, 0, 0, 0, 0, 0, 0, 0, 1, 0, 0, 0, 0, 0, 0, 0, 0, 0, 0, 0, 0, 1, 0, 0, 0, 0, 0, 0, 0] (1.247s)
  Sub: Z₀=26.624263 [LOCAL] (0.4s), α=[0.000,0.000,6.416,0.000,0.000,0.000,0.000,0.000,0.000,0.000,0.000,0.000,0.000,0.000,0.000,0.000,0.000,0.000,0.000,0.000,0.000,0.000,0.000,0.000,0.000,0.000,0.000,0.000,0.000,0.000,0.000,0.000,0.132,3.397,0.000,0.000]
  Iter 51: LB=-213.649584  UB=22.475872  gap=1.05e+01
  Cut: intercept=-1091.402180, π_x_range=[-825.8183, 567.0560]

=== True-DRO Benders iter 52 ===
  OMP: t₀=-212.008801, UB=22.475872, gap=1.04e+01, x=[0, 0, 0, 0, 0, 0, 0, 0, 0, 1, 0, 0, 0, 0, 0, 1, 0, 0, 0, 0, 0, 0, 0, 0, 0, 0, 0, 0, 0, 0, 0, 0, 0, 0, 0, 0] (1.036s)
  Sub: Z₀=23.620938 [LOCAL] (0.3s), α=[0.000,0.000,5.422,0.000,0.000,0.000,0.000,0.000,0.000,0.000,0.000,0.000,0.000,0.000,0.000,0.000,0.000,0.000,0.000,0.000,0.000,0.000,0.000,0.000,0.000,0.000,0.000,0.000,0.000,0.000,0.000,0.000,0.964,3.558,0.000,0.000]
  Iter 52: LB=-212.008801  UB=22.475872  gap=1.04e+01
  Cut: intercept=-1091.029773, π_x_range=[-826.5623, 564.7866]

=== True-DRO Benders iter 53 ===
  OMP: t₀=-211.614275, UB=22.475872, gap=1.04e+01, x=[0, 0, 0, 0, 0, 0, 0, 0, 0, 0, 0, 0, 0, 0, 0, 0, 0, 0, 0, 0, 1, 0, 0, 0, 0, 0, 0, 0, 1, 0, 0, 0, 0, 0, 0, 0] (1.032s)
  Sub: Z₀=26.724953 [LOCAL] (0.3s), α=[0.000,0.000,6.416,0.000,0.000,0.000,0.000,0.000,0.000,0.000,0.000,0.000,0.000,0.000,0.000,0.000,0.000,0.000,0.000,0.000,0.000,0.000,0.000,0.000,0.000,0.000,0.000,0.000,0.000,0.000,0.000,0.000,0.128,3.400,0.000,0.000]
  Iter 53: LB=-211.614275  UB=22.475872  gap=1.04e+01
  Cut: intercept=-1106.853754, π_x_range=[-825.5941, 566.8142]

=== True-DRO Benders iter 54 ===
  OMP: t₀=-210.790024, UB=22.475872, gap=1.04e+01, x=[0, 0, 0, 0, 0, 0, 0, 0, 0, 0, 0, 0, 0, 0, 0, 0, 0, 0, 0, 0, 0, 0, 0, 0, 0, 1, 0, 0, 1, 0, 0, 0, 0, 0, 0, 0] (1.044s)
  Sub: Z₀=26.517717 [LOCAL] (0.4s), α=[0.000,0.000,6.416,0.000,0.000,0.000,0.000,0.000,0.000,0.000,0.000,0.000,0.000,0.000,0.000,0.000,0.000,0.000,0.000,0.000,0.000,0.000,0.000,0.000,0.000,0.000,0.000,0.000,0.000,0.000,0.000,0.000,0.134,3.394,0.000,0.000]
  Iter 54: LB=-210.790024  UB=22.475872  gap=1.04e+01
  Cut: intercept=-1083.169264, π_x_range=[-825.4906, 567.0837]

=== True-DRO Benders iter 55 ===
  OMP: t₀=-210.790024, UB=22.475872, gap=1.04e+01, x=[0, 0, 0, 0, 0, 0, 0, 0, 0, 0, 0, 0, 1, 0, 0, 0, 0, 0, 0, 0, 0, 0, 0, 0, 0, 1, 0, 0, 0, 0, 0, 0, 0, 0, 0, 0] (1.091s)
  Sub: Z₀=23.265095 [TIME_LIMIT] (15.8s), α=[0.000,0.000,3.329,0.000,0.000,0.000,0.000,0.000,0.000,0.000,0.000,0.000,1.762,0.431,0.000,0.000,0.000,0.046,0.000,0.000,0.000,0.000,0.000,0.000,0.000,0.000,0.000,0.000,0.000,0.000,0.000,0.000,0.000,4.376,0.000,0.000]
  Iter 55: LB=-210.790024  UB=22.475872  gap=1.04e+01
  Cut: intercept=-164.024636, π_x_range=[-213.0000, 118.8019]

=== True-DRO Benders iter 56 ===
  OMP: t₀=-209.821569, UB=22.475872, gap=1.03e+01, x=[0, 0, 0, 0, 0, 0, 0, 0, 0, 0, 0, 0, 1, 0, 0, 0, 0, 0, 0, 0, 0, 0, 0, 0, 0, 0, 0, 0, 0, 0, 0, 1, 0, 0, 0, 0] (0.836s)
  Sub: Z₀=23.265095 [LOCAL] (0.3s), α=[0.000,0.000,3.343,0.000,0.000,0.000,0.000,0.000,0.000,0.000,0.000,0.000,1.567,0.493,0.000,0.000,0.000,0.033,0.000,0.000,0.000,0.000,0.000,0.000,0.000,0.000,0.000,0.000,0.000,0.000,0.000,0.000,0.000,4.508,0.000,0.000]
  Iter 56: LB=-209.821569  UB=22.475872  gap=1.03e+01
  Cut: intercept=-1111.684529, π_x_range=[-820.0817, 571.4294]

=== True-DRO Benders iter 57 ===
  OMP: t₀=-209.797315, UB=22.475872, gap=1.03e+01, x=[0, 0, 0, 0, 0, 0, 0, 0, 0, 0, 0, 0, 1, 0, 0, 1, 0, 0, 0, 0, 0, 0, 0, 0, 0, 0, 0, 0, 0, 0, 0, 0, 0, 0, 0, 0] (0.878s)
  Sub: Z₀=23.112274 [LOCAL] (0.4s), α=[0.000,0.000,3.336,0.000,0.000,0.000,0.000,0.000,0.000,0.000,0.000,0.000,1.571,0.508,0.000,0.000,0.000,0.039,0.000,0.000,0.000,0.000,0.000,0.000,0.000,0.000,0.000,0.000,0.000,0.000,0.000,0.000,0.000,4.489,0.000,0.000]
  Iter 57: LB=-209.797315  UB=22.475872  gap=1.03e+01
  Cut: intercept=-1100.588581, π_x_range=[-820.0730, 571.5240]

=== True-DRO Benders iter 58 ===
  OMP: t₀=-209.790024, UB=22.475872, gap=1.03e+01, x=[0, 0, 0, 0, 0, 0, 0, 0, 0, 0, 0, 0, 0, 0, 0, 0, 0, 0, 1, 0, 0, 0, 0, 0, 0, 1, 0, 0, 0, 0, 0, 0, 0, 0, 0, 0] (1.019s)
  Sub: Z₀=25.498117 [LOCAL] (0.5s), α=[0.000,0.000,6.416,0.000,0.000,0.000,0.000,0.000,0.000,0.000,0.000,0.000,0.000,0.000,0.000,0.000,0.000,0.000,0.000,0.000,0.000,0.000,0.000,0.000,0.000,0.000,0.000,0.000,0.000,0.000,0.000,0.000,0.225,3.304,0.000,0.000]
  Iter 58: LB=-209.790024  UB=22.475872  gap=1.03e+01
  Cut: intercept=-1091.467579, π_x_range=[-825.5931, 574.4509]

=== True-DRO Benders iter 59 ===
  OMP: t₀=-209.614275, UB=22.475872, gap=1.03e+01, x=[0, 0, 0, 0, 0, 0, 0, 0, 0, 0, 0, 0, 1, 0, 0, 0, 0, 0, 0, 0, 1, 0, 0, 0, 0, 0, 0, 0, 0, 0, 0, 0, 0, 0, 0, 0] (1.004s)
  Sub: Z₀=23.265095 [LOCAL] (0.3s), α=[0.000,0.000,3.342,0.000,0.000,0.000,0.000,0.000,0.000,0.000,0.000,0.000,1.541,0.492,0.000,0.000,0.000,0.033,0.000,0.000,0.000,0.000,0.000,0.000,0.000,0.000,0.000,0.000,0.000,0.000,0.000,0.000,0.000,4.536,0.000,0.000]
  Iter 59: LB=-209.614275  UB=22.475872  gap=1.03e+01
  Cut: intercept=-1113.717555, π_x_range=[-820.0257, 571.4346]

=== True-DRO Benders iter 60 ===
  OMP: t₀=-209.393591, UB=22.475872, gap=1.03e+01, x=[0, 0, 0, 0, 0, 0, 0, 0, 0, 0, 0, 0, 1, 0, 1, 0, 0, 0, 0, 0, 0, 0, 0, 0, 0, 0, 0, 0, 0, 0, 0, 0, 0, 0, 0, 0] (1.104s)
  Sub: Z₀=23.265103 [TIME_LIMIT] (15.6s), α=[0.000,0.000,3.329,0.000,0.000,0.000,0.000,0.000,0.000,0.000,0.000,0.000,1.863,0.598,0.000,0.000,0.000,0.047,0.000,0.000,0.000,0.000,0.000,0.000,0.000,0.000,0.000,0.000,0.000,0.000,0.000,0.000,0.000,4.108,0.000,0.000]
  Iter 60: LB=-209.393591  UB=22.475872  gap=1.03e+01
  Cut: intercept=-92.406739, π_x_range=[-209.0000, 68.5121]

=== True-DRO Benders iter 61 ===
  OMP: t₀=-203.968345, UB=22.475872, gap=1.01e+01, x=[0, 0, 0, 0, 0, 0, 0, 0, 0, 0, 0, 1, 0, 0, 0, 0, 0, 0, 0, 0, 0, 0, 0, 0, 0, 0, 0, 0, 1, 0, 0, 0, 0, 0, 0, 0] (1.388s)
  Sub: Z₀=26.724953 [LOCAL] (0.3s), α=[0.000,0.000,6.416,0.000,0.000,0.000,0.000,0.000,0.000,0.000,0.000,0.000,0.000,0.000,0.000,0.000,0.000,0.000,0.000,0.000,0.000,0.000,0.000,0.000,0.000,0.000,0.000,0.000,0.000,0.000,0.000,0.000,0.130,3.398,0.000,0.000]
  Iter 61: LB=-203.968345  UB=22.475872  gap=1.01e+01
  Cut: intercept=-1118.848369, π_x_range=[-825.6675, 578.9046]

=== True-DRO Benders iter 62 ===
  OMP: t₀=-203.772501, UB=22.475872, gap=1.01e+01, x=[0, 0, 0, 0, 0, 0, 0, 1, 0, 0, 0, 0, 0, 0, 0, 0, 0, 0, 1, 0, 0, 0, 0, 0, 0, 0, 0, 0, 0, 0, 0, 0, 0, 0, 0, 0] (1.368s)
  Sub: Z₀=25.447961 [LOCAL] (0.4s), α=[0.000,0.000,5.928,0.000,0.000,0.000,0.000,0.000,0.000,0.000,0.000,0.000,0.000,0.000,0.000,0.000,0.000,0.000,0.000,0.000,0.000,0.000,0.000,0.000,0.000,0.000,0.000,0.000,0.000,0.000,0.000,0.000,0.396,3.620,0.000,0.000]
  Iter 62: LB=-203.772501  UB=22.475872  gap=1.01e+01
  Cut: intercept=-1119.310557, π_x_range=[-824.5778, 573.8160]

=== True-DRO Benders iter 63 ===
  OMP: t₀=-203.739861, UB=22.475872, gap=1.01e+01, x=[0, 0, 0, 0, 0, 0, 0, 0, 0, 1, 0, 0, 0, 0, 0, 0, 0, 0, 0, 0, 0, 0, 0, 0, 0, 0, 0, 0, 0, 0, 0, 1, 0, 0, 0, 0] (1.288s)
  Sub: Z₀=23.620938 [LOCAL] (0.3s), α=[0.000,0.000,5.422,0.000,0.000,0.000,0.000,0.000,0.000,0.000,0.000,0.000,0.000,0.000,0.000,0.000,0.000,0.000,0.000,0.000,0.000,0.000,0.000,0.000,0.000,0.000,0.000,0.000,0.000,0.000,0.000,0.000,0.953,3.569,0.000,0.000]
  Iter 63: LB=-203.739861  UB=22.475872  gap=1.01e+01
  Cut: intercept=-1102.850215, π_x_range=[-826.5531, 566.0841]

=== True-DRO Benders iter 64 ===
  OMP: t₀=-199.968345, UB=22.475872, gap=9.90e+00, x=[0, 0, 0, 0, 0, 0, 0, 0, 0, 0, 0, 0, 0, 0, 0, 0, 0, 0, 0, 0, 0, 0, 0, 0, 0, 0, 0, 0, 1, 0, 0, 0, 0, 1, 0, 0] (1.809s)
  Sub: Z₀=22.656602 [LOCAL] (0.3s), α=[0.000,0.000,2.725,0.000,0.000,0.000,0.000,0.000,0.000,0.000,0.000,0.000,0.000,0.000,0.000,0.000,0.000,0.000,0.000,0.000,0.000,0.000,0.000,0.000,0.000,0.000,0.000,0.000,0.000,0.000,0.000,0.000,0.000,7.220,0.000,0.000]
  Iter 64: LB=-199.968345  UB=22.475872  gap=9.90e+00
  Cut: intercept=-1129.730187, π_x_range=[-823.8614, 582.1085]

=== True-DRO Benders iter 65 ===
  OMP: t₀=-199.792599, UB=22.475872, gap=9.89e+00, x=[0, 0, 0, 0, 0, 0, 0, 0, 0, 0, 0, 1, 0, 0, 0, 0, 0, 0, 1, 0, 0, 0, 0, 0, 0, 0, 0, 0, 0, 0, 0, 0, 0, 0, 0, 0] (1.822s)
  Sub: Z₀=25.612031 [TIME_LIMIT] (15.8s), α=[0.000,0.000,5.254,0.000,0.000,0.000,0.000,0.000,0.000,0.000,0.000,0.000,0.000,0.000,0.000,0.000,0.000,0.000,0.000,0.000,0.000,0.000,0.000,0.000,0.000,0.000,0.000,0.000,0.000,0.337,0.000,0.000,0.523,3.831,0.000,0.000]
  Iter 65: LB=-199.792599  UB=22.475872  gap=9.89e+00
  Cut: intercept=-106.133719, π_x_range=[-271.0000, 69.6035]

=== True-DRO Benders iter 66 ===
  OMP: t₀=-199.181012, UB=22.475872, gap=9.86e+00, x=[0, 0, 0, 0, 0, 0, 0, 0, 0, 0, 0, 0, 0, 0, 0, 0, 0, 0, 0, 0, 1, 0, 0, 0, 0, 0, 0, 0, 0, 0, 0, 1, 0, 0, 0, 0] (2.001s)
  Sub: Z₀=26.225112 [LOCAL] (0.3s), α=[0.000,0.000,5.422,0.000,0.000,0.000,0.000,0.000,0.000,0.000,0.000,0.000,0.000,0.000,0.000,0.000,0.000,0.000,0.000,0.000,0.000,0.000,0.000,0.000,0.000,0.000,0.000,0.000,0.000,0.000,0.000,0.000,0.356,4.166,0.000,0.000]
  Iter 66: LB=-199.181012  UB=22.475872  gap=9.86e+00
  Cut: intercept=-1086.706218, π_x_range=[-823.3743, 558.1690]

=== True-DRO Benders iter 67 ===
  OMP: t₀=-197.968345, UB=22.475872, gap=9.81e+00, x=[0, 0, 0, 0, 0, 0, 0, 0, 0, 0, 1, 0, 0, 0, 0, 0, 0, 0, 0, 0, 0, 0, 0, 0, 0, 0, 0, 0, 1, 0, 0, 0, 0, 0, 0, 0] (1.570s)
  Sub: Z₀=26.724953 [LOCAL] (0.4s), α=[0.000,0.000,6.416,0.000,0.000,0.000,0.000,0.000,0.000,0.000,0.000,0.000,0.000,0.000,0.000,0.000,0.000,0.000,0.000,0.000,0.000,0.000,0.000,0.000,0.000,0.000,0.000,0.000,0.000,0.000,0.000,0.000,0.136,3.393,0.000,0.000]
  Iter 67: LB=-197.968345  UB=22.475872  gap=9.81e+00
  Cut: intercept=-1117.094780, π_x_range=[-825.6616, 576.9141]

=== True-DRO Benders iter 68 ===
  OMP: t₀=-197.385886, UB=22.475872, gap=9.78e+00, x=[0, 0, 0, 0, 0, 0, 0, 0, 0, 1, 0, 0, 0, 0, 0, 0, 0, 0, 0, 0, 1, 0, 0, 0, 0, 0, 0, 0, 0, 0, 0, 0, 0, 0, 0, 0] (1.764s)
  Sub: Z₀=23.620938 [LOCAL] (0.3s), α=[0.000,0.000,5.422,0.000,0.000,0.000,0.000,0.000,0.000,0.000,0.000,0.000,0.000,0.000,0.000,0.000,0.000,0.000,0.000,0.000,0.000,0.000,0.000,0.000,0.000,0.000,0.000,0.000,0.000,0.000,0.000,0.000,0.955,3.567,0.000,0.000]
  Iter 68: LB=-197.385886  UB=22.475872  gap=9.78e+00
  Cut: intercept=-1100.012243, π_x_range=[-826.5344, 566.0815]

=== True-DRO Benders iter 69 ===
  OMP: t₀=-195.994055, UB=22.475872, gap=9.72e+00, x=[0, 0, 1, 0, 0, 0, 0, 0, 0, 0, 0, 0, 0, 0, 0, 0, 0, 0, 0, 0, 0, 0, 0, 0, 0, 0, 0, 0, 0, 0, 0, 0, 0, 1, 0, 0] (2.023s)
  Sub: Z₀=20.627101 [LOCAL] (0.4s), α=[0.000,0.000,5.063,0.000,0.000,0.000,0.000,0.000,0.000,0.000,0.000,0.000,0.000,0.000,0.000,0.000,0.000,0.000,0.000,0.000,0.000,0.000,0.000,0.000,0.000,0.000,0.000,0.000,0.000,0.000,0.000,0.000,0.000,4.881,0.000,0.000]
  Iter 69: LB=-195.994055  UB=22.475872  gap=9.72e+00
  Cut: intercept=-1146.113330, π_x_range=[-818.7561, 585.7455]

=== True-DRO Benders iter 70 ===
  OMP: t₀=-195.905104, UB=22.475872, gap=9.72e+00, x=[0, 0, 0, 0, 0, 0, 0, 0, 0, 0, 0, 0, 0, 0, 0, 0, 0, 0, 0, 0, 0, 0, 0, 0, 0, 0, 0, 0, 0, 0, 0, 0, 0, 1, 1, 0] (1.935s)
  Sub: Z₀=22.672551 [TIME_LIMIT] (15.4s), α=[0.000,0.000,1.696,0.000,0.000,0.000,0.000,0.000,0.000,0.000,0.000,0.000,0.000,0.000,0.000,0.000,0.000,0.000,0.000,0.000,0.000,0.000,0.000,0.000,0.000,0.000,0.000,0.000,0.000,0.000,0.000,0.000,0.018,8.231,0.000,0.000]
  Iter 70: LB=-195.905104  UB=22.475872  gap=9.72e+00
  Cut: intercept=-66.290038, π_x_range=[-269.0000, 46.0550]

=== True-DRO Benders iter 71 ===
  OMP: t₀=-195.673838, UB=22.475872, gap=9.71e+00, x=[0, 0, 0, 0, 0, 0, 0, 1, 0, 0, 0, 0, 0, 0, 0, 0, 0, 0, 0, 0, 0, 0, 0, 0, 0, 0, 0, 0, 0, 0, 0, 1, 0, 0, 0, 0] (1.935s)
  Sub: Z₀=26.225112 [LOCAL] (0.3s), α=[0.000,0.000,5.422,0.000,0.000,0.000,0.000,0.000,0.000,0.000,0.000,0.000,0.000,0.000,0.000,0.000,0.000,0.000,0.000,0.000,0.000,0.000,0.000,0.000,0.000,0.000,0.000,0.000,0.000,0.000,0.000,0.000,0.445,4.077,0.000,0.000]
  Iter 71: LB=-195.673838  UB=22.475872  gap=9.71e+00
  Cut: intercept=-1096.627665, π_x_range=[-823.2994, 568.0260]

=== True-DRO Benders iter 72 ===
  OMP: t₀=-195.649584, UB=22.475872, gap=9.70e+00, x=[0, 0, 0, 0, 0, 0, 0, 1, 0, 0, 0, 0, 0, 0, 0, 1, 0, 0, 0, 0, 0, 0, 0, 0, 0, 0, 0, 0, 0, 0, 0, 0, 0, 0, 0, 0] (1.811s)
  Sub: Z₀=26.185738 [LOCAL] (0.3s), α=[0.000,0.000,5.422,0.000,0.000,0.000,0.000,0.000,0.000,0.000,0.000,0.000,0.000,0.000,0.000,0.000,0.000,0.000,0.000,0.000,0.000,0.000,0.000,0.000,0.000,0.000,0.000,0.000,0.000,0.000,0.000,0.000,0.449,4.073,0.000,0.000]
  Iter 72: LB=-195.649584  UB=22.475872  gap=9.70e+00
  Cut: intercept=-1086.152771, π_x_range=[-823.5968, 567.7949]

=== True-DRO Benders iter 73 ===
  OMP: t₀=-195.638426, UB=22.475872, gap=9.70e+00, x=[0, 0, 0, 0, 1, 0, 0, 0, 0, 0, 0, 0, 0, 0, 0, 0, 0, 0, 0, 0, 0, 0, 0, 0, 0, 1, 0, 0, 0, 0, 0, 0, 0, 0, 0, 0] (1.959s)
  Sub: Z₀=26.111902 [LOCAL] (0.3s), α=[0.000,0.000,5.422,0.000,0.000,0.000,0.000,0.000,0.000,0.000,0.000,0.000,0.000,0.000,0.000,0.000,0.000,0.000,0.000,0.000,0.000,0.000,0.000,0.000,0.000,0.000,0.000,0.000,0.000,0.000,0.000,0.000,0.318,4.204,0.000,0.000]
  Iter 73: LB=-195.638426  UB=22.475872  gap=9.70e+00
  Cut: intercept=-1068.485880, π_x_range=[-823.9635, 558.4668]

=== True-DRO Benders iter 74 ===
  OMP: t₀=-194.968345, UB=22.475872, gap=9.67e+00, x=[0, 1, 0, 0, 0, 0, 0, 0, 0, 0, 0, 0, 0, 0, 0, 0, 0, 0, 0, 0, 0, 0, 0, 0, 0, 0, 0, 0, 1, 0, 0, 0, 0, 0, 0, 0] (2.756s)
  Sub: Z₀=26.724953 [LOCAL] (0.4s), α=[0.000,0.000,6.416,0.000,0.000,0.000,0.000,0.000,0.000,0.000,0.000,0.000,0.000,0.000,0.000,0.000,0.000,0.000,0.000,0.000,0.000,0.000,0.000,0.000,0.000,0.000,0.000,0.000,0.000,0.000,0.000,0.000,0.137,3.392,0.000,0.000]
  Iter 74: LB=-194.968345  UB=22.475872  gap=9.67e+00
  Cut: intercept=-1116.205645, π_x_range=[-825.7282, 576.1707]

=== True-DRO Benders iter 75 ===
  OMP: t₀=-193.213362, UB=22.475872, gap=9.60e+00, x=[0, 0, 1, 0, 0, 0, 0, 0, 0, 0, 0, 0, 0, 0, 0, 0, 0, 0, 0, 0, 0, 0, 0, 0, 0, 0, 0, 0, 0, 0, 0, 0, 1, 0, 0, 0] (3.110s)
  Sub: Z₀=18.512573 [TIME_LIMIT] (15.7s), α=[0.000,0.000,7.094,0.000,0.000,0.000,0.000,0.000,0.000,0.000,0.000,0.000,0.000,0.000,0.000,0.000,0.000,0.000,0.000,0.000,0.000,0.000,0.000,0.000,0.000,0.000,0.000,0.000,0.000,0.000,0.000,0.000,2.621,0.229,0.000,0.000]
  Iter 75: LB=-193.213362  UB=20.694586  gap=1.03e+01
  Cut: intercept=-79.156363, π_x_range=[-262.0000, 51.1193]

=== True-DRO Benders iter 76 ===
  OMP: t₀=-192.871323, UB=20.694586, gap=1.03e+01, x=[0, 0, 1, 0, 0, 0, 0, 0, 0, 0, 0, 0, 0, 0, 0, 0, 0, 0, 0, 0, 0, 0, 0, 0, 0, 0, 0, 0, 1, 0, 0, 0, 0, 0, 0, 0] (3.588s)
  Sub: Z₀=22.457904 [LOCAL] (0.3s), α=[0.000,0.000,9.944,0.000,0.000,0.000,0.000,0.000,0.000,0.000,0.000,0.000,0.000,0.000,0.000,0.000,0.000,0.000,0.000,0.000,0.000,0.000,0.000,0.000,0.000,0.000,0.000,0.000,0.000,0.000,0.000,0.000,0.000,0.000,0.000,0.000]
  Iter 76: LB=-192.871323  UB=20.694586  gap=1.03e+01
  Cut: intercept=-1139.420227, π_x_range=[-823.3458, 584.3816]

=== True-DRO Benders iter 77 ===
  OMP: t₀=-192.530198, UB=20.694586, gap=1.03e+01, x=[0, 0, 0, 0, 0, 0, 0, 0, 0, 0, 0, 0, 0, 0, 0, 0, 0, 0, 1, 0, 0, 0, 0, 0, 0, 0, 0, 0, 0, 0, 0, 0, 0, 1, 0, 0] (2.896s)
  Sub: Z₀=22.658786 [LOCAL] (0.3s), α=[0.000,0.000,2.920,0.000,0.000,0.000,0.000,0.000,0.000,0.000,0.000,0.000,0.000,0.000,0.000,0.000,0.000,0.000,0.000,0.000,0.000,0.000,0.000,0.000,0.000,0.000,0.000,0.000,0.000,0.000,0.000,0.000,0.045,6.980,0.000,0.000]
  Iter 77: LB=-192.530198  UB=20.694586  gap=1.03e+01
  Cut: intercept=-1135.715085, π_x_range=[-824.4548, 582.1702]

=== True-DRO Benders iter 78 ===
  OMP: t₀=-191.968345, UB=20.694586, gap=1.03e+01, x=[0, 0, 0, 0, 0, 0, 0, 0, 0, 0, 0, 0, 0, 0, 0, 0, 0, 0, 0, 1, 0, 0, 0, 0, 0, 0, 0, 0, 1, 0, 0, 0, 0, 0, 0, 0] (2.884s)
  Sub: Z₀=26.724953 [LOCAL] (0.4s), α=[0.000,0.000,6.416,0.000,0.000,0.000,0.000,0.000,0.000,0.000,0.000,0.000,0.000,0.000,0.000,0.000,0.000,0.000,0.000,0.000,0.000,0.000,0.000,0.000,0.000,0.000,0.000,0.000,0.000,0.000,0.000,0.000,0.169,3.359,0.000,0.000]
  Iter 78: LB=-191.968345  UB=20.694586  gap=1.03e+01
  Cut: intercept=-1125.131455, π_x_range=[-825.8496, 585.6297]

=== True-DRO Benders iter 79 ===
  OMP: t₀=-191.537867, UB=20.694586, gap=1.03e+01, x=[0, 0, 0, 0, 0, 0, 0, 0, 0, 1, 0, 0, 0, 0, 0, 0, 0, 0, 0, 0, 0, 1, 0, 0, 0, 0, 0, 0, 0, 0, 0, 0, 0, 0, 0, 0] (3.837s)
  Sub: Z₀=22.170449 [LOCAL] (0.3s), α=[0.000,0.000,1.609,0.000,0.000,0.000,0.000,0.000,0.000,6.883,0.000,0.000,0.000,0.000,0.000,0.000,0.000,0.000,0.000,0.000,0.000,0.025,0.000,0.000,0.000,0.000,0.000,0.000,0.000,0.000,0.000,0.000,1.427,0.000,0.000,0.000]
  Iter 79: LB=-191.537867  UB=20.694586  gap=1.03e+01
  Cut: intercept=-1112.508471, π_x_range=[-822.3989, 576.1326]

=== True-DRO Benders iter 80 ===
  OMP: t₀=-190.968345, UB=20.694586, gap=1.02e+01, x=[0, 0, 0, 0, 0, 0, 0, 0, 0, 0, 0, 0, 0, 0, 1, 0, 0, 0, 0, 0, 0, 0, 0, 0, 0, 0, 0, 0, 1, 0, 0, 0, 0, 0, 0, 0] (3.662s)
  Sub: Z₀=26.724956 [TIME_LIMIT] (15.8s), α=[0.000,0.000,6.416,0.000,0.000,0.000,0.000,0.000,0.000,0.000,0.000,0.000,0.000,0.000,0.000,0.000,0.000,0.000,0.000,0.000,0.000,0.000,0.000,0.000,0.000,0.000,0.000,0.000,0.000,0.000,0.000,0.000,0.204,3.324,0.000,0.000]
  Iter 80: LB=-190.968345  UB=20.694586  gap=1.02e+01
  Cut: intercept=-97.604267, π_x_range=[-213.0000, 77.1483]

=== True-DRO Benders iter 81 ===
  OMP: t₀=-190.696253, UB=20.694586, gap=1.02e+01, x=[0, 0, 1, 0, 0, 0, 0, 0, 0, 0, 0, 0, 0, 0, 0, 1, 0, 0, 0, 0, 0, 0, 0, 0, 0, 0, 0, 0, 0, 0, 0, 0, 0, 0, 0, 0] (2.671s)
  Sub: Z₀=22.964818 [LOCAL] (0.3s), α=[0.000,0.000,9.944,0.000,0.000,0.000,0.000,0.000,0.000,0.000,0.000,0.000,0.000,0.000,0.000,0.000,0.000,0.000,0.000,0.000,0.000,0.000,0.000,0.000,0.000,0.000,0.000,0.000,0.000,0.000,0.000,0.000,0.000,0.000,0.000,0.000]
  Iter 81: LB=-190.696253  UB=20.694586  gap=1.02e+01
  Cut: intercept=-1108.730666, π_x_range=[-821.2883, 582.0117]

=== True-DRO Benders iter 82 ===
  OMP: t₀=-190.614275, UB=20.694586, gap=1.02e+01, x=[0, 0, 0, 0, 0, 0, 0, 0, 0, 0, 0, 0, 0, 0, 0, 0, 0, 0, 1, 0, 1, 0, 0, 0, 0, 0, 0, 0, 0, 0, 0, 0, 0, 0, 0, 0] (2.929s)
  Sub: Z₀=25.447961 [LOCAL] (0.4s), α=[0.000,0.000,5.928,0.000,0.000,0.000,0.000,0.000,0.000,0.000,0.000,0.000,0.000,0.000,0.000,0.000,0.000,0.000,0.000,0.000,0.000,0.000,0.000,0.000,0.000,0.000,0.000,0.000,0.000,0.000,0.000,0.000,0.283,3.733,0.000,0.000]
  Iter 82: LB=-190.614275  UB=20.694586  gap=1.02e+01
  Cut: intercept=-1111.052021, π_x_range=[-824.6618, 573.8662]

=== True-DRO Benders iter 83 ===
  OMP: t₀=-190.530198, UB=20.694586, gap=1.02e+01, x=[0, 0, 0, 0, 0, 0, 0, 0, 0, 0, 1, 0, 0, 0, 0, 0, 0, 0, 1, 0, 0, 0, 0, 0, 0, 0, 0, 0, 0, 0, 0, 0, 0, 0, 0, 0] (2.560s)
  Sub: Z₀=25.447961 [LOCAL] (0.4s), α=[0.000,0.000,5.928,0.000,0.000,0.000,0.000,0.000,0.000,0.000,0.000,0.000,0.000,0.000,0.000,0.000,0.000,0.000,0.000,0.000,0.000,0.000,0.000,0.000,0.000,0.000,0.000,0.000,0.000,0.000,0.000,0.000,0.348,3.668,0.000,0.000]
  Iter 83: LB=-190.530198  UB=20.694586  gap=1.02e+01
  Cut: intercept=-1120.855974, π_x_range=[-824.6176, 573.1927]

=== True-DRO Benders iter 84 ===
  OMP: t₀=-188.222705, UB=20.694586, gap=1.01e+01, x=[0, 0, 0, 0, 0, 0, 0, 1, 0, 0, 0, 0, 0, 0, 0, 0, 0, 0, 0, 0, 0, 0, 0, 0, 0, 1, 0, 0, 0, 0, 0, 0, 0, 0, 0, 0] (2.730s)
  Sub: Z₀=26.111902 [LOCAL] (0.3s), α=[0.000,0.000,5.422,0.000,0.000,0.000,0.000,0.000,0.000,0.000,0.000,0.000,0.000,0.000,0.000,0.000,0.000,0.000,0.000,0.000,0.000,0.000,0.000,0.000,0.000,0.000,0.000,0.000,0.000,0.000,0.000,0.000,0.465,4.057,0.000,0.000]
  Iter 84: LB=-188.222705  UB=20.694586  gap=1.01e+01
  Cut: intercept=-1077.680511, π_x_range=[-823.8543, 567.6174]

=== True-DRO Benders iter 85 ===
  OMP: t₀=-187.726251, UB=20.694586, gap=1.01e+01, x=[0, 0, 0, 0, 0, 0, 0, 0, 0, 0, 0, 0, 0, 0, 0, 0, 0, 0, 1, 0, 0, 0, 1, 0, 0, 0, 0, 0, 0, 0, 0, 0, 0, 0, 0, 0] (2.569s)
  Sub: Z₀=23.774637 [TIME_LIMIT] (15.6s), α=[0.000,0.000,4.182,0.000,0.000,0.066,0.000,0.000,0.000,0.000,0.000,0.000,0.000,1.016,0.000,0.000,0.000,0.000,0.000,0.000,0.000,0.000,1.399,0.000,0.000,0.000,0.000,0.000,0.000,0.000,0.000,0.000,1.859,1.423,0.000,0.000]
  Iter 85: LB=-187.726251  UB=20.694586  gap=1.01e+01
  Cut: intercept=-94.503781, π_x_range=[-254.0000, 66.1281]

=== True-DRO Benders iter 86 ===
  OMP: t₀=-187.614275, UB=20.694586, gap=1.01e+01, x=[0, 1, 0, 0, 0, 0, 0, 0, 0, 0, 0, 0, 0, 0, 0, 0, 0, 0, 0, 0, 1, 0, 0, 0, 0, 0, 0, 0, 0, 0, 0, 0, 0, 0, 0, 0] (2.475s)
  Sub: Z₀=26.225112 [LOCAL] (0.3s), α=[0.000,0.000,5.422,0.000,0.000,0.000,0.000,0.000,0.000,0.000,0.000,0.000,0.000,0.000,0.000,0.000,0.000,0.000,0.000,0.000,0.000,0.000,0.000,0.000,0.000,0.000,0.000,0.000,0.000,0.000,0.000,0.000,0.369,4.153,0.000,0.000]
  Iter 86: LB=-187.614275  UB=20.694586  gap=1.01e+01
  Cut: intercept=-1102.936132, π_x_range=[-822.0828, 570.9984]

=== True-DRO Benders iter 87 ===
  OMP: t₀=-186.790024, UB=20.694586, gap=1.00e+01, x=[0, 1, 0, 0, 0, 0, 0, 0, 0, 0, 0, 0, 0, 0, 0, 0, 0, 0, 0, 0, 0, 0, 0, 0, 0, 1, 0, 0, 0, 0, 0, 0, 0, 0, 0, 0] (2.505s)
  Sub: Z₀=26.111902 [LOCAL] (0.3s), α=[0.000,0.000,5.422,0.000,0.000,0.000,0.000,0.000,0.000,0.000,0.000,0.000,0.000,0.000,0.000,0.000,0.000,0.000,0.000,0.000,0.000,0.000,0.000,0.000,0.000,0.000,0.000,0.000,0.000,0.000,0.000,0.000,0.412,4.110,0.000,0.000]
  Iter 87: LB=-186.790024  UB=20.694586  gap=1.00e+01
  Cut: intercept=-1080.740475, π_x_range=[-822.6562, 570.7788]

=== True-DRO Benders iter 88 ===
  OMP: t₀=-186.179992, UB=20.694586, gap=1.00e+01, x=[0, 1, 0, 0, 0, 0, 0, 0, 0, 1, 0, 0, 0, 0, 0, 0, 0, 0, 0, 0, 0, 0, 0, 0, 0, 0, 0, 0, 0, 0, 0, 0, 0, 0, 0, 0] (2.682s)
  Sub: Z₀=23.620938 [LOCAL] (0.3s), α=[0.000,0.000,5.422,0.000,0.000,0.000,0.000,0.000,0.000,0.000,0.000,0.000,0.000,0.000,0.000,0.000,0.000,0.000,0.000,0.000,0.000,0.000,0.000,0.000,0.000,0.000,0.000,0.000,0.000,0.000,0.000,0.000,0.974,3.548,0.000,0.000]
  Iter 88: LB=-186.179992  UB=20.694586  gap=1.00e+01
  Cut: intercept=-1113.134718, π_x_range=[-825.2389, 570.7096]

=== True-DRO Benders iter 89 ===
  OMP: t₀=-186.179992, UB=20.694586, gap=1.00e+01, x=[0, 0, 1, 0, 0, 0, 0, 0, 0, 1, 0, 0, 0, 0, 0, 0, 0, 0, 0, 0, 0, 0, 0, 0, 0, 0, 0, 0, 0, 0, 0, 0, 0, 0, 0, 0] (2.775s)
  Sub: Z₀=18.855105 [LOCAL] (0.3s), α=[0.000,0.000,9.944,0.000,0.000,0.000,0.000,0.000,0.000,0.000,0.000,0.000,0.000,0.000,0.000,0.000,0.000,0.000,0.000,0.000,0.000,0.000,0.000,0.000,0.000,0.000,0.000,0.000,0.000,0.000,0.000,0.000,0.000,0.000,0.000,0.000]
  Iter 89: LB=-186.179992  UB=20.694586  gap=1.00e+01
  Cut: intercept=-1152.214408, π_x_range=[-824.1573, 587.0388]

=== True-DRO Benders iter 90 ===
  OMP: t₀=-185.790024, UB=20.694586, gap=9.98e+00, x=[0, 0, 0, 0, 0, 0, 0, 0, 0, 0, 0, 1, 0, 0, 0, 0, 0, 0, 0, 0, 0, 0, 0, 0, 0, 1, 0, 0, 0, 0, 0, 0, 0, 0, 0, 0] (2.855s)
  Sub: Z₀=26.245556 [TIME_LIMIT] (15.6s), α=[0.000,0.000,5.549,0.000,0.000,0.000,0.000,0.000,0.000,0.000,0.000,0.000,0.000,0.000,0.000,0.000,0.000,0.000,0.000,0.000,0.000,0.000,0.000,0.000,0.000,0.000,0.000,0.000,0.000,0.000,0.000,0.000,1.608,2.787,0.000,0.000]
  Iter 90: LB=-185.790024  UB=20.694586  gap=9.98e+00
  Cut: intercept=26.245556, π_x_range=[-146.1952, 0.0000]

=== True-DRO Benders iter 91 ===
  OMP: t₀=-183.680066, UB=20.694586, gap=9.88e+00, x=[0, 0, 1, 0, 0, 0, 0, 0, 0, 0, 0, 0, 0, 0, 0, 0, 0, 0, 0, 0, 0, 0, 0, 0, 0, 0, 0, 0, 0, 0, 0, 1, 0, 0, 0, 0] (1.319s)
  Sub: Z₀=23.050367 [LOCAL] (0.3s), α=[0.000,0.000,9.944,0.000,0.000,0.000,0.000,0.000,0.000,0.000,0.000,0.000,0.000,0.000,0.000,0.000,0.000,0.000,0.000,0.000,0.000,0.000,0.000,0.000,0.000,0.000,0.000,0.000,0.000,0.000,0.000,0.000,0.000,0.000,0.000,0.000]
  Iter 91: LB=-183.680066  UB=20.694586  gap=9.88e+00
  Cut: intercept=-1123.727772, π_x_range=[-821.2272, 582.1079]

=== True-DRO Benders iter 92 ===
  OMP: t₀=-182.390225, UB=20.694586, gap=9.81e+00, x=[0, 0, 0, 0, 0, 0, 0, 0, 0, 0, 1, 0, 0, 0, 0, 1, 0, 0, 0, 0, 0, 0, 0, 0, 0, 0, 0, 0, 0, 0, 0, 0, 0, 0, 0, 0] (1.962s)
  Sub: Z₀=26.185738 [LOCAL] (0.3s), α=[0.000,0.000,5.422,0.000,0.000,0.000,0.000,0.000,0.000,0.000,0.000,0.000,0.000,0.000,0.000,0.000,0.000,0.000,0.000,0.000,0.000,0.000,0.000,0.000,0.000,0.000,0.000,0.000,0.000,0.000,0.000,0.000,0.426,4.096,0.000,0.000]
  Iter 92: LB=-182.390225  UB=20.694586  gap=9.81e+00
  Cut: intercept=-1088.916235, π_x_range=[-823.6469, 570.6502]

=== True-DRO Benders iter 93 ===
  OMP: t₀=-172.945695, UB=20.694586, gap=9.36e+00, x=[0, 0, 0, 0, 0, 0, 0, 0, 0, 0, 1, 0, 0, 0, 0, 0, 0, 0, 0, 0, 0, 0, 0, 0, 0, 0, 0, 0, 0, 0, 0, 1, 0, 0, 0, 0] (2.668s)
  Sub: Z₀=26.225112 [LOCAL] (0.3s), α=[0.000,0.000,5.422,0.000,0.000,0.000,0.000,0.000,0.000,0.000,0.000,0.000,0.000,0.000,0.000,0.000,0.000,0.000,0.000,0.000,0.000,0.000,0.000,0.000,0.000,0.000,0.000,0.000,0.000,0.000,0.000,0.000,0.422,4.100,0.000,0.000]
  Iter 93: LB=-172.945695  UB=20.694586  gap=9.36e+00
  Cut: intercept=-1099.472473, π_x_range=[-823.3474, 570.8772]

=== True-DRO Benders iter 94 ===
  OMP: t₀=-172.163381, UB=20.694586, gap=9.32e+00, x=[0, 1, 0, 0, 0, 0, 0, 0, 0, 0, 0, 0, 0, 0, 0, 0, 0, 0, 0, 0, 0, 0, 0, 0, 0, 0, 0, 0, 0, 0, 0, 1, 0, 0, 0, 0] (2.630s)
  Sub: Z₀=26.225112 [LOCAL] (0.3s), α=[0.000,0.000,5.422,0.000,0.000,0.000,0.000,0.000,0.000,0.000,0.000,0.000,0.000,0.000,0.000,0.000,0.000,0.000,0.000,0.000,0.000,0.000,0.000,0.000,0.000,0.000,0.000,0.000,0.000,0.000,0.000,0.000,0.398,4.124,0.000,0.000]
  Iter 94: LB=-172.163381  UB=20.694586  gap=9.32e+00
  Cut: intercept=-1099.555857, π_x_range=[-822.1070, 571.0130]

=== True-DRO Benders iter 95 ===
  OMP: t₀=-172.153650, UB=20.694586, gap=9.32e+00, x=[0, 1, 0, 0, 0, 0, 0, 0, 0, 0, 0, 0, 0, 0, 0, 1, 0, 0, 0, 0, 0, 0, 0, 0, 0, 0, 0, 0, 0, 0, 0, 0, 0, 0, 0, 0] (2.269s)
  Sub: Z₀=26.246655 [TIME_LIMIT] (15.5s), α=[0.000,0.000,5.549,0.000,0.000,0.000,0.000,0.000,0.000,0.000,0.000,0.000,0.000,0.000,0.000,0.000,0.000,0.000,0.000,0.000,0.000,0.000,0.000,0.000,0.000,0.000,0.000,0.000,0.000,0.000,0.000,0.000,0.000,4.395,0.000,0.000]
  Iter 95: LB=-172.153650  UB=20.694586  gap=9.32e+00
  Cut: intercept=26.246655, π_x_range=[-146.6765, 0.0000]

=== True-DRO Benders iter 96 ===
  OMP: t₀=-171.293072, UB=20.694586, gap=9.28e+00, x=[0, 0, 1, 0, 0, 0, 0, 0, 0, 0, 0, 0, 0, 0, 0, 0, 0, 0, 0, 0, 0, 0, 1, 0, 0, 0, 0, 0, 0, 0, 0, 0, 0, 0, 0, 0] (1.311s)
  Sub: Z₀=21.150871 [LOCAL] (0.3s), α=[0.000,0.000,9.733,0.000,0.000,0.026,0.000,0.000,0.000,0.000,0.000,0.000,0.000,0.185,0.000,0.000,0.000,0.000,0.000,0.000,0.000,0.000,0.000,0.000,0.000,0.000,0.000,0.000,0.000,0.000,0.000,0.000,0.000,0.000,0.000,0.000]
  Iter 96: LB=-171.293072  UB=20.694586  gap=9.28e+00
  Cut: intercept=-1121.823580, π_x_range=[-822.4906, 574.5970]

=== True-DRO Benders iter 97 ===
  OMP: t₀=-170.441662, UB=20.694586, gap=9.24e+00, x=[0, 0, 0, 0, 0, 0, 0, 0, 0, 0, 1, 0, 0, 0, 0, 0, 0, 0, 0, 0, 0, 0, 1, 0, 0, 0, 0, 0, 0, 0, 0, 0, 0, 0, 0, 0] (1.805s)
  Sub: Z₀=23.551601 [LOCAL] (0.3s), α=[0.000,0.000,4.182,0.000,0.000,0.063,0.000,0.000,0.000,0.000,0.000,0.000,0.000,1.671,0.000,0.000,0.000,0.000,0.000,0.000,0.000,0.000,0.747,0.000,0.000,0.000,0.000,0.000,0.000,0.000,0.000,0.000,2.321,0.961,0.000,0.000]
  Iter 97: LB=-170.441662  UB=20.694586  gap=9.24e+00
  Cut: intercept=-1104.861168, π_x_range=[-825.0676, 564.5442]

=== True-DRO Benders iter 98 ===
  OMP: t₀=-170.184217, UB=20.694586, gap=9.22e+00, x=[0, 0, 0, 0, 0, 0, 0, 0, 0, 0, 1, 0, 0, 0, 0, 0, 0, 0, 0, 0, 0, 0, 0, 0, 1, 0, 0, 0, 0, 0, 0, 0, 0, 0, 0, 0] (1.990s)
  Sub: Z₀=24.146742 [LOCAL] (0.4s), α=[0.000,0.000,0.491,0.000,0.000,0.000,0.036,0.000,0.000,0.052,0.000,0.000,0.000,0.000,0.000,0.000,0.000,4.707,0.000,0.000,0.000,0.000,0.000,0.000,1.652,0.000,0.000,0.493,0.000,0.000,0.000,0.000,0.387,2.127,0.000,0.000]
  Iter 98: LB=-170.184217  UB=20.694586  gap=9.22e+00
  Cut: intercept=-1090.302265, π_x_range=[-823.0358, 567.3581]

=== True-DRO Benders iter 99 ===
  OMP: t₀=-155.607942, UB=20.694586, gap=8.52e+00, x=[0, 0, 0, 0, 0, 0, 0, 0, 0, 0, 0, 0, 0, 0, 0, 0, 0, 0, 0, 0, 0, 0, 1, 0, 0, 0, 0, 0, 0, 0, 0, 0, 0, 1, 0, 0] (2.547s)
  Sub: Z₀=21.693526 [LOCAL] (0.3s), α=[0.000,0.000,1.963,0.000,0.000,0.000,0.000,0.000,0.000,0.000,0.000,0.000,0.000,1.739,0.000,0.000,0.000,0.013,0.000,0.000,0.000,0.000,0.149,0.000,0.000,0.000,0.000,0.000,0.000,0.000,0.000,0.000,0.007,6.073,0.000,0.000]
  Iter 99: LB=-155.607942  UB=20.694586  gap=8.52e+00
  Cut: intercept=-1108.009192, π_x_range=[-821.2441, 577.4950]

=== True-DRO Benders iter 100 ===
  OMP: t₀=-155.144386, UB=20.694586, gap=8.50e+00, x=[0, 0, 0, 0, 1, 0, 0, 0, 0, 0, 0, 0, 0, 0, 0, 0, 0, 0, 0, 0, 0, 0, 0, 0, 0, 0, 0, 0, 1, 0, 0, 0, 0, 0, 0, 0] (3.341s)
  Sub: Z₀=26.724957 [TIME_LIMIT] (15.6s), α=[0.000,0.000,6.416,0.000,0.000,0.000,0.000,0.000,0.000,0.000,0.000,0.000,0.000,0.000,0.000,0.000,0.000,0.000,0.000,0.000,0.000,0.000,0.000,0.000,0.000,0.000,0.000,0.000,0.000,0.000,0.000,0.000,0.150,3.378,0.000,0.000]
  Iter 100: LB=-155.144386  UB=20.694586  gap=8.50e+00
  Cut: intercept=-130.490269, π_x_range=[-213.0000, 80.1049]

=== True-DRO Benders iter 101 ===
  OMP: t₀=-154.428329, UB=20.694586, gap=8.46e+00, x=[0, 0, 0, 0, 1, 0, 0, 0, 0, 0, 0, 0, 0, 0, 0, 0, 0, 0, 0, 0, 0, 0, 1, 0, 0, 0, 0, 0, 0, 0, 0, 0, 0, 0, 0, 0] (3.251s)
  Sub: Z₀=23.551601 [LOCAL] (0.3s), α=[0.000,0.000,4.182,0.000,0.000,0.075,0.000,0.000,0.000,0.000,0.000,0.000,0.000,1.648,0.000,0.000,0.000,0.000,0.000,0.000,0.000,0.000,0.757,0.000,0.000,0.000,0.000,0.000,0.000,0.000,0.000,0.000,2.147,1.135,0.000,0.000]
  Iter 101: LB=-154.428329  UB=20.694586  gap=8.46e+00
  Cut: intercept=-1093.980660, π_x_range=[-825.1121, 563.9547]

=== True-DRO Benders iter 102 ===
  OMP: t₀=-154.377310, UB=20.694586, gap=8.46e+00, x=[0, 0, 0, 0, 0, 0, 0, 0, 0, 0, 0, 0, 0, 0, 0, 0, 0, 0, 0, 0, 0, 0, 0, 0, 0, 0, 0, 0, 0, 0, 0, 1, 0, 1, 0, 0] (3.130s)
  Sub: Z₀=22.672551 [LOCAL] (0.3s), α=[0.000,0.000,1.696,0.000,0.000,0.000,0.000,0.000,0.000,0.000,0.000,0.000,0.000,0.000,0.000,0.000,0.000,0.000,0.000,0.000,0.000,0.000,0.000,0.000,0.000,0.000,0.000,0.000,0.000,0.000,0.000,0.000,0.012,8.237,0.000,0.000]
  Iter 102: LB=-154.377310  UB=20.694586  gap=8.46e+00
  Cut: intercept=-1119.121263, π_x_range=[-824.1784, 580.5665]

=== True-DRO Benders iter 103 ===
  OMP: t₀=-151.184217, UB=20.694586, gap=8.31e+00, x=[0, 0, 0, 0, 0, 0, 0, 0, 0, 0, 0, 0, 0, 0, 0, 0, 0, 0, 0, 1, 0, 0, 0, 0, 1, 0, 0, 0, 0, 0, 0, 0, 0, 0, 0, 0] (3.071s)
  Sub: Z₀=24.146742 [LOCAL] (0.4s), α=[0.000,0.000,0.494,0.000,0.000,0.000,0.037,0.000,0.000,0.052,0.000,0.000,0.000,0.000,0.000,0.000,0.000,4.704,0.000,0.000,0.000,0.000,0.000,0.000,1.654,0.000,0.000,0.490,0.000,0.000,0.000,0.000,0.484,2.030,0.000,0.000]
  Iter 103: LB=-151.184217  UB=20.694586  gap=8.31e+00
  Cut: intercept=-1103.196754, π_x_range=[-823.1711, 580.3555]

=== True-DRO Benders iter 104 ===
  OMP: t₀=-151.087124, UB=20.694586, gap=8.30e+00, x=[0, 0, 0, 0, 0, 0, 0, 0, 0, 0, 0, 0, 0, 0, 0, 0, 0, 0, 0, 0, 0, 1, 0, 0, 0, 0, 0, 0, 0, 0, 0, 1, 0, 0, 0, 0] (3.442s)
  Sub: Z₀=24.762532 [LOCAL] (0.4s), α=[0.000,0.000,4.648,0.000,0.000,0.000,0.000,0.000,0.000,0.000,0.000,0.000,0.000,0.000,0.000,0.000,0.000,0.415,0.000,0.000,0.000,0.000,0.000,0.000,0.000,0.000,0.000,0.000,0.000,0.000,0.000,0.000,4.579,0.302,0.000,0.000]
  Iter 104: LB=-151.087124  UB=20.694586  gap=8.30e+00
  Cut: intercept=-1095.740595, π_x_range=[-820.4183, 569.0818]

=== True-DRO Benders iter 105 ===
  OMP: t₀=-148.184217, UB=20.694586, gap=8.16e+00, x=[0, 0, 0, 0, 0, 0, 0, 0, 0, 0, 0, 0, 0, 0, 0, 0, 0, 1, 0, 0, 0, 0, 0, 0, 1, 0, 0, 0, 0, 0, 0, 0, 0, 0, 0, 0] (3.232s)
  Sub: Z₀=20.837909 [TIME_LIMIT] (15.5s), α=[0.000,0.000,0.000,0.000,0.000,0.000,0.061,0.000,0.000,0.000,0.000,0.000,0.000,0.000,0.000,0.000,0.000,7.897,0.000,0.000,0.000,0.000,0.000,0.000,1.986,0.000,0.000,0.000,0.000,0.000,0.000,0.000,0.000,0.000,0.000,0.000]
  Iter 105: LB=-148.184217  UB=20.694586  gap=8.16e+00
  Cut: intercept=-89.475958, π_x_range=[-234.1254, 76.6302]

=== True-DRO Benders iter 106 ===
  OMP: t₀=-146.938656, UB=20.694586, gap=8.10e+00, x=[0, 0, 0, 0, 0, 0, 0, 0, 0, 0, 0, 0, 0, 0, 0, 0, 0, 0, 0, 0, 0, 0, 1, 0, 0, 0, 0, 1, 0, 0, 0, 0, 0, 0, 0, 0] (3.264s)
  Sub: Z₀=23.396700 [LOCAL] (0.4s), α=[0.000,0.000,5.007,0.000,0.000,0.045,0.000,0.000,0.000,0.000,0.000,0.000,0.000,0.850,0.000,0.000,0.000,0.000,0.000,0.000,0.000,0.000,1.172,0.000,0.000,0.000,0.000,0.000,0.000,0.000,0.000,0.000,1.511,1.359,0.000,0.000]
  Iter 106: LB=-146.938656  UB=20.694586  gap=8.10e+00
  Cut: intercept=-1116.990340, π_x_range=[-826.3532, 577.2625]

=== True-DRO Benders iter 107 ===
  OMP: t₀=-145.151450, UB=20.694586, gap=8.01e+00, x=[0, 0, 0, 0, 0, 0, 0, 0, 0, 0, 0, 0, 0, 0, 0, 0, 0, 0, 0, 0, 0, 0, 0, 0, 0, 0, 0, 0, 1, 0, 0, 0, 1, 0, 0, 0] (3.083s)
  Sub: Z₀=21.392828 [LOCAL] (0.3s), α=[0.000,0.000,2.169,0.000,0.000,0.000,0.000,0.000,0.000,0.000,0.000,0.000,0.000,0.000,0.000,0.000,0.000,0.000,0.000,0.000,0.000,0.000,0.000,0.000,0.000,0.000,0.000,0.000,0.000,0.000,0.000,0.000,5.111,2.665,0.000,0.000]
  Iter 107: LB=-145.151450  UB=20.694586  gap=8.01e+00
  Cut: intercept=-1134.186792, π_x_range=[-824.4433, 586.3419]

=== True-DRO Benders iter 108 ===
  OMP: t₀=-143.857691, UB=20.694586, gap=7.95e+00, x=[0, 0, 1, 0, 0, 0, 0, 0, 0, 0, 0, 0, 0, 0, 0, 0, 0, 0, 0, 0, 1, 0, 0, 0, 0, 0, 0, 0, 0, 0, 0, 0, 0, 0, 0, 0] (4.417s)
  Sub: Z₀=23.050367 [LOCAL] (0.3s), α=[0.000,0.000,9.944,0.000,0.000,0.000,0.000,0.000,0.000,0.000,0.000,0.000,0.000,0.000,0.000,0.000,0.000,0.000,0.000,0.000,0.000,0.000,0.000,0.000,0.000,0.000,0.000,0.000,0.000,0.000,0.000,0.000,0.000,0.000,0.000,0.000]
  Iter 108: LB=-143.857691  UB=20.694586  gap=7.95e+00
  Cut: intercept=-1127.622293, π_x_range=[-821.1527, 582.1046]

=== True-DRO Benders iter 109 ===
  OMP: t₀=-143.796768, UB=20.694586, gap=7.95e+00, x=[0, 0, 0, 0, 0, 0, 0, 0, 0, 0, 0, 0, 0, 0, 0, 0, 0, 0, 0, 1, 0, 0, 1, 0, 0, 0, 0, 0, 0, 0, 0, 0, 0, 0, 0, 0] (3.916s)
  Sub: Z₀=23.551601 [LOCAL] (0.3s), α=[0.000,0.000,4.182,0.000,0.000,0.063,0.000,0.000,0.000,0.000,0.000,0.000,0.000,1.690,0.000,0.000,0.000,0.000,0.000,0.000,0.000,0.000,0.728,0.000,0.000,0.000,0.000,0.000,0.000,0.000,0.000,0.000,2.342,0.940,0.000,0.000]
  Iter 109: LB=-143.796768  UB=20.694586  gap=7.95e+00
  Cut: intercept=-1120.838880, π_x_range=[-825.0818, 580.4512]

=== True-DRO Benders iter 110 ===
  OMP: t₀=-143.635445, UB=20.694586, gap=7.94e+00, x=[0, 0, 0, 0, 0, 0, 0, 0, 0, 0, 0, 0, 1, 0, 0, 0, 0, 0, 0, 0, 0, 1, 0, 0, 0, 0, 0, 0, 0, 0, 0, 0, 0, 0, 0, 0] (3.164s)
  Sub: Z₀=22.919306 [TIME_LIMIT] (15.8s), α=[0.000,0.000,1.425,0.000,0.000,0.000,0.000,0.000,0.000,0.000,0.000,0.000,3.195,0.711,0.000,0.000,0.000,1.951,0.000,0.000,0.000,0.000,0.000,0.000,0.000,0.000,0.000,0.000,0.000,0.000,0.000,0.000,0.000,2.663,0.000,0.000]
  Iter 110: LB=-143.635445  UB=20.694586  gap=7.94e+00
  Cut: intercept=-64.280176, π_x_range=[-223.0000, 46.4937]

=== True-DRO Benders iter 111 ===
  OMP: t₀=-143.486903, UB=20.694586, gap=7.93e+00, x=[0, 0, 0, 0, 0, 0, 0, 1, 0, 0, 0, 0, 0, 0, 0, 0, 0, 0, 0, 0, 0, 0, 1, 0, 0, 0, 0, 0, 0, 0, 0, 0, 0, 0, 0, 0] (2.857s)
  Sub: Z₀=23.551601 [LOCAL] (0.3s), α=[0.000,0.000,4.182,0.000,0.000,0.064,0.000,0.000,0.000,0.000,0.000,0.000,0.000,1.624,0.000,0.000,0.000,0.000,0.000,0.000,0.000,0.000,0.793,0.000,0.000,0.000,0.000,0.000,0.000,0.000,0.000,0.000,2.299,0.983,0.000,0.000]
  Iter 111: LB=-143.486903  UB=20.694586  gap=7.93e+00
  Cut: intercept=-1100.608226, π_x_range=[-825.0546, 563.8916]

=== True-DRO Benders iter 112 ===
  OMP: t₀=-143.090895, UB=20.694586, gap=7.91e+00, x=[0, 0, 0, 0, 0, 0, 0, 0, 0, 0, 0, 0, 0, 0, 0, 0, 0, 0, 0, 0, 0, 0, 0, 0, 0, 0, 0, 0, 0, 0, 0, 1, 1, 0, 0, 0] (3.564s)
  Sub: Z₀=21.749224 [LOCAL] (0.3s), α=[0.000,0.000,2.193,0.000,0.000,0.000,0.000,0.000,0.000,0.000,0.000,0.000,0.000,0.000,0.000,0.000,0.000,0.000,0.000,0.000,0.000,0.000,0.000,0.000,0.000,0.000,0.000,0.000,0.000,0.000,0.000,0.000,5.218,2.534,0.000,0.000]
  Iter 112: LB=-143.090895  UB=20.694586  gap=7.91e+00
  Cut: intercept=-1125.755547, π_x_range=[-825.9311, 590.2815]

=== True-DRO Benders iter 113 ===
  OMP: t₀=-142.543533, UB=20.694586, gap=7.89e+00, x=[0, 0, 0, 0, 0, 0, 0, 0, 0, 0, 0, 0, 0, 0, 0, 0, 0, 0, 0, 0, 0, 0, 1, 0, 0, 0, 0, 0, 0, 0, 0, 0, 0, 0, 1, 0] (4.744s)
  Sub: Z₀=23.551601 [LOCAL] (0.3s), α=[0.000,0.000,4.182,0.000,0.000,0.062,0.000,0.000,0.000,0.000,0.000,0.000,0.000,1.667,0.000,0.000,0.000,0.000,0.000,0.000,0.000,0.000,0.751,0.000,0.000,0.000,0.000,0.000,0.000,0.000,0.000,0.000,2.313,0.969,0.000,0.000]
  Iter 113: LB=-142.543533  UB=20.694586  gap=7.89e+00
  Cut: intercept=-1112.563460, π_x_range=[-825.2049, 572.1695]

=== True-DRO Benders iter 114 ===
  OMP: t₀=-142.212722, UB=20.694586, gap=7.87e+00, x=[0, 0, 0, 0, 1, 0, 0, 0, 0, 0, 0, 0, 1, 0, 0, 0, 0, 0, 0, 0, 0, 0, 0, 0, 0, 0, 0, 0, 0, 0, 0, 0, 0, 0, 0, 0] (4.874s)
  Sub: Z₀=23.265095 [LOCAL] (0.4s), α=[0.000,0.000,3.343,0.000,0.000,0.000,0.000,0.000,0.000,0.000,0.000,0.000,1.513,0.517,0.000,0.000,0.000,0.033,0.000,0.000,0.000,0.000,0.000,0.000,0.000,0.000,0.000,0.000,0.000,0.000,0.000,0.000,0.000,4.539,0.000,0.000]
  Iter 114: LB=-142.212722  UB=20.694586  gap=7.87e+00
  Cut: intercept=-1113.977803, π_x_range=[-820.2550, 571.4085]

=== True-DRO Benders iter 115 ===
  OMP: t₀=-141.408740, UB=20.694586, gap=7.83e+00, x=[0, 0, 0, 0, 0, 0, 0, 0, 0, 0, 1, 0, 1, 0, 0, 0, 0, 0, 0, 0, 0, 0, 0, 0, 0, 0, 0, 0, 0, 0, 0, 0, 0, 0, 0, 0] (3.267s)
  Sub: Z₀=23.265095 [TIME_LIMIT] (15.6s), α=[0.000,0.000,3.324,0.000,0.000,0.000,0.000,0.000,0.000,0.000,0.000,0.000,1.652,0.559,0.000,0.000,0.000,0.052,0.000,0.000,0.000,0.000,0.000,0.000,0.000,0.000,0.000,0.000,0.000,0.000,0.000,0.000,0.000,4.358,0.000,0.000]
  Iter 115: LB=-141.408740  UB=20.694586  gap=7.83e+00
  Cut: intercept=-102.258269, π_x_range=[-241.0000, 68.5469]

=== True-DRO Benders iter 116 ===
  OMP: t₀=-141.335216, UB=20.694586, gap=7.83e+00, x=[0, 0, 0, 0, 0, 0, 0, 0, 0, 0, 0, 0, 0, 0, 0, 0, 0, 0, 0, 0, 1, 0, 0, 0, 0, 0, 0, 0, 0, 0, 0, 0, 0, 1, 0, 0] (3.435s)
  Sub: Z₀=22.672551 [LOCAL] (0.3s), α=[0.000,0.000,1.696,0.000,0.000,0.000,0.000,0.000,0.000,0.000,0.000,0.000,0.000,0.000,0.000,0.000,0.000,0.000,0.000,0.000,0.000,0.000,0.000,0.000,0.000,0.000,0.000,0.000,0.000,0.000,0.000,0.000,0.012,8.237,0.000,0.000]
  Iter 116: LB=-141.335216  UB=20.694586  gap=7.83e+00
  Cut: intercept=-1121.926509, π_x_range=[-824.1176, 580.5342]

=== True-DRO Benders iter 117 ===
  OMP: t₀=-141.111158, UB=20.694586, gap=7.82e+00, x=[0, 0, 0, 0, 1, 0, 0, 0, 0, 0, 0, 0, 0, 0, 0, 0, 0, 0, 1, 0, 0, 0, 0, 0, 0, 0, 0, 0, 0, 0, 0, 0, 0, 0, 0, 0] (5.342s)
  Sub: Z₀=25.447961 [LOCAL] (0.4s), α=[0.000,0.000,5.928,0.000,0.000,0.000,0.000,0.000,0.000,0.000,0.000,0.000,0.000,0.000,0.000,0.000,0.000,0.000,0.000,0.000,0.000,0.000,0.000,0.000,0.000,0.000,0.000,0.000,0.000,0.000,0.000,0.000,0.270,3.746,0.000,0.000]
  Iter 117: LB=-141.111158  UB=20.694586  gap=7.82e+00
  Cut: intercept=-1111.326257, π_x_range=[-824.6881, 573.8062]

=== True-DRO Benders iter 118 ===
  OMP: t₀=-140.904840, UB=20.694586, gap=7.81e+00, x=[0, 0, 0, 1, 0, 0, 0, 0, 0, 0, 0, 0, 0, 0, 0, 0, 0, 0, 0, 0, 0, 0, 1, 0, 0, 0, 0, 0, 0, 0, 0, 0, 0, 0, 0, 0] (4.861s)
  Sub: Z₀=23.551601 [LOCAL] (0.3s), α=[0.000,0.000,4.182,0.000,0.000,0.069,0.000,0.000,0.000,0.000,0.000,0.000,0.000,1.658,0.000,0.000,0.000,0.000,0.000,0.000,0.000,0.000,0.753,0.000,0.000,0.000,0.000,0.000,0.000,0.000,0.000,0.000,2.436,0.846,0.000,0.000]
  Iter 118: LB=-140.904840  UB=20.694586  gap=7.81e+00
  Cut: intercept=-1119.558876, π_x_range=[-825.1187, 579.1715]

=== True-DRO Benders iter 119 ===
  OMP: t₀=-140.269844, UB=20.694586, gap=7.78e+00, x=[0, 0, 0, 0, 0, 0, 0, 0, 0, 0, 0, 0, 0, 0, 0, 0, 0, 0, 0, 0, 0, 1, 1, 0, 0, 0, 0, 0, 0, 0, 0, 0, 0, 0, 0, 0] (3.169s)
  Sub: Z₀=23.172119 [LOCAL] (0.3s), α=[0.000,0.000,2.237,0.000,0.000,0.000,0.000,0.000,0.000,0.000,0.000,0.000,0.000,0.000,0.000,0.000,0.000,0.000,0.000,0.000,0.000,1.775,4.597,0.000,0.000,0.000,0.000,0.000,0.000,0.000,0.000,0.000,1.336,0.000,0.000,0.000]
  Iter 119: LB=-140.269844  UB=20.694586  gap=7.78e+00
  Cut: intercept=-1117.713567, π_x_range=[-823.5382, 576.2618]

=== True-DRO Benders iter 120 ===
  OMP: t₀=-140.184217, UB=20.694586, gap=7.77e+00, x=[0, 0, 0, 0, 0, 0, 0, 0, 0, 0, 0, 0, 0, 0, 0, 0, 0, 0, 0, 0, 0, 1, 0, 0, 1, 0, 0, 0, 0, 0, 0, 0, 0, 0, 0, 0] (4.983s)
  Sub: Z₀=24.527052 [TIME_LIMIT] (15.6s), α=[0.000,0.000,0.889,0.000,0.000,0.000,0.128,0.000,0.000,0.269,0.000,0.000,0.000,0.000,0.000,0.000,0.000,4.888,0.000,0.000,0.000,0.000,0.000,0.000,1.090,0.000,0.000,0.458,0.000,0.000,0.000,0.000,1.869,0.353,0.000,0.000]
  Iter 120: LB=-140.184217  UB=20.694586  gap=7.77e+00
  Cut: intercept=-67.188181, π_x_range=[-258.0000, 56.9274]

=== True-DRO Benders iter 121 ===
  OMP: t₀=-139.409240, UB=20.694586, gap=7.74e+00, x=[0, 0, 0, 0, 0, 0, 0, 0, 0, 0, 0, 0, 0, 0, 1, 0, 0, 0, 0, 0, 0, 0, 1, 0, 0, 0, 0, 0, 0, 0, 0, 0, 0, 0, 0, 0] (3.007s)
  Sub: Z₀=23.551601 [LOCAL] (0.3s), α=[0.000,0.000,4.182,0.000,0.000,0.062,0.000,0.000,0.000,0.000,0.000,0.000,0.000,1.665,0.000,0.000,0.000,0.000,0.000,0.000,0.000,0.000,0.753,0.000,0.000,0.000,0.000,0.000,0.000,0.000,0.000,0.000,2.299,0.983,0.000,0.000]
  Iter 121: LB=-139.409240  UB=20.694586  gap=7.74e+00
  Cut: intercept=-1109.926123, π_x_range=[-825.0898, 569.6188]

=== True-DRO Benders iter 122 ===
  OMP: t₀=-139.226699, UB=20.694586, gap=7.73e+00, x=[0, 0, 0, 0, 0, 0, 0, 0, 0, 0, 0, 0, 0, 0, 1, 0, 0, 0, 0, 0, 1, 0, 0, 0, 0, 0, 0, 0, 0, 0, 0, 0, 0, 0, 0, 0] (3.329s)
  Sub: Z₀=26.225111 [LOCAL] (0.3s), α=[0.000,0.000,5.422,0.000,0.000,0.000,0.000,0.000,0.000,0.000,0.000,0.000,0.000,0.000,0.000,0.000,0.000,0.000,0.000,0.000,0.000,0.000,0.000,0.000,0.000,0.000,0.000,0.000,0.000,0.000,0.000,0.000,0.342,4.180,0.000,0.000]
  Iter 122: LB=-139.226699  UB=20.694586  gap=7.73e+00
  Cut: intercept=-1103.587699, π_x_range=[-823.3837, 571.6750]

=== True-DRO Benders iter 123 ===
  OMP: t₀=-138.753257, UB=20.694586, gap=7.70e+00, x=[0, 0, 0, 0, 0, 0, 0, 0, 0, 0, 0, 0, 0, 0, 1, 0, 0, 0, 0, 0, 0, 0, 0, 0, 0, 0, 0, 0, 0, 0, 0, 1, 0, 0, 0, 0] (2.976s)
  Sub: Z₀=26.225111 [LOCAL] (0.3s), α=[0.000,0.000,5.422,0.000,0.000,0.000,0.000,0.000,0.000,0.000,0.000,0.000,0.000,0.000,0.000,0.000,0.000,0.000,0.000,0.000,0.000,0.000,0.000,0.000,0.000,0.000,0.000,0.000,0.000,0.000,0.000,0.000,0.368,4.154,0.000,0.000]
  Iter 123: LB=-138.753257  UB=20.694586  gap=7.70e+00
  Cut: intercept=-1100.166796, π_x_range=[-823.4066, 571.6412]

=== True-DRO Benders iter 124 ===
  OMP: t₀=-138.475948, UB=20.694586, gap=7.69e+00, x=[0, 0, 0, 0, 0, 0, 0, 0, 0, 1, 0, 0, 0, 0, 0, 0, 0, 0, 0, 0, 0, 0, 0, 0, 0, 0, 0, 0, 0, 0, 0, 0, 0, 1, 0, 0] (3.205s)
  Sub: Z₀=21.601609 [LOCAL] (0.3s), α=[0.000,0.000,4.204,0.000,0.000,0.000,0.000,0.000,0.000,0.000,0.000,0.000,0.000,0.000,0.000,0.000,0.000,0.000,0.000,0.000,0.000,0.000,0.000,0.000,0.000,0.000,0.000,0.000,0.000,0.000,0.000,0.000,0.091,5.650,0.000,0.000]
  Iter 124: LB=-138.475948  UB=20.694586  gap=7.69e+00
  Cut: intercept=-1128.849762, π_x_range=[-823.8218, 581.8999]

=== True-DRO Benders iter 125 ===
  OMP: t₀=-138.455964, UB=20.694586, gap=7.69e+00, x=[0, 0, 0, 0, 0, 0, 0, 0, 0, 0, 0, 0, 0, 0, 0, 0, 0, 0, 0, 0, 0, 1, 0, 0, 0, 0, 0, 0, 1, 0, 0, 0, 0, 0, 0, 0] (3.000s)
  Sub: Z₀=25.002081 [TIME_LIMIT] (15.6s), α=[0.000,0.000,5.422,0.000,0.000,0.000,0.000,0.000,0.000,0.000,0.000,0.000,0.000,0.000,0.000,0.000,0.000,0.000,0.000,0.000,0.000,0.000,0.000,0.000,0.000,0.000,0.000,0.000,0.000,0.000,0.000,0.000,4.401,0.121,0.000,0.000]
  Iter 125: LB=-138.455964  UB=20.694586  gap=7.69e+00
  Cut: intercept=-71.846494, π_x_range=[-261.0000, 57.9903]

=== True-DRO Benders iter 126 ===
  OMP: t₀=-134.614275, UB=20.694586, gap=7.50e+00, x=[0, 0, 0, 0, 0, 0, 0, 0, 0, 0, 0, 0, 0, 0, 0, 0, 0, 0, 0, 0, 1, 0, 0, 0, 0, 0, 0, 0, 0, 0, 0, 0, 1, 0, 0, 0] (3.576s)
  Sub: Z₀=21.749224 [LOCAL] (0.4s), α=[0.000,0.000,2.193,0.000,0.000,0.000,0.000,0.000,0.000,0.000,0.000,0.000,0.000,0.000,0.000,0.000,0.000,0.000,0.000,0.000,0.000,0.000,0.000,0.000,0.000,0.000,0.000,0.000,0.000,0.000,0.000,0.000,5.155,2.597,0.000,0.000]
  Iter 126: LB=-134.614275  UB=20.694586  gap=7.50e+00
  Cut: intercept=-1129.975371, π_x_range=[-825.8746, 590.3052]

=== True-DRO Benders iter 127 ===
  OMP: t₀=-133.391292, UB=20.694586, gap=7.45e+00, x=[0, 0, 0, 0, 0, 0, 0, 0, 0, 0, 0, 0, 0, 0, 0, 0, 0, 1, 0, 0, 0, 0, 0, 0, 0, 0, 0, 0, 0, 0, 0, 1, 0, 0, 0, 0] (4.566s)
  Sub: Z₀=24.461161 [LOCAL] (0.3s), α=[0.000,0.000,5.859,0.000,0.000,0.000,0.000,0.000,0.000,0.000,0.000,0.000,0.000,0.000,0.000,0.000,0.000,0.557,0.000,0.000,0.000,0.000,0.000,0.000,0.000,0.000,0.000,0.000,0.000,0.000,0.000,0.000,0.211,3.317,0.000,0.000]
  Iter 127: LB=-133.391292  UB=20.694586  gap=7.45e+00
  Cut: intercept=-1126.984677, π_x_range=[-827.3339, 595.5074]

=== True-DRO Benders iter 128 ===
  OMP: t₀=-133.184217, UB=20.694586, gap=7.44e+00, x=[0, 0, 0, 1, 0, 0, 0, 0, 0, 0, 0, 0, 0, 0, 0, 0, 0, 0, 0, 0, 0, 0, 0, 0, 1, 0, 0, 0, 0, 0, 0, 0, 0, 0, 0, 0] (4.037s)
  Sub: Z₀=24.146742 [LOCAL] (0.4s), α=[0.000,0.000,0.502,0.000,0.000,0.000,0.036,0.000,0.000,0.047,0.000,0.000,0.000,0.000,0.000,0.000,0.000,4.695,0.000,0.000,0.000,0.000,0.000,0.000,1.663,0.000,0.000,0.486,0.000,0.000,0.000,0.000,0.661,1.853,0.000,0.000]
  Iter 128: LB=-133.184217  UB=20.694586  gap=7.44e+00
  Cut: intercept=-1101.314457, π_x_range=[-823.0714, 578.3673]

=== True-DRO Benders iter 129 ===
  OMP: t₀=-133.144419, UB=20.694586, gap=7.43e+00, x=[0, 0, 1, 0, 0, 0, 0, 0, 0, 0, 0, 0, 0, 0, 0, 0, 0, 0, 1, 0, 0, 0, 0, 0, 0, 0, 0, 0, 0, 0, 0, 0, 0, 0, 0, 0] (3.636s)
  Sub: Z₀=21.303607 [LOCAL] (0.3s), α=[0.000,0.000,9.944,0.000,0.000,0.000,0.000,0.000,0.000,0.000,0.000,0.000,0.000,0.000,0.000,0.000,0.000,0.000,0.000,0.000,0.000,0.000,0.000,0.000,0.000,0.000,0.000,0.000,0.000,0.000,0.000,0.000,0.000,0.000,0.000,0.000]
  Iter 129: LB=-133.144419  UB=20.694586  gap=7.43e+00
  Cut: intercept=-1147.890747, π_x_range=[-823.6989, 584.9759]

=== True-DRO Benders iter 130 ===
  OMP: t₀=-132.383531, UB=20.694586, gap=7.40e+00, x=[0, 0, 0, 0, 0, 0, 0, 0, 0, 0, 0, 0, 0, 0, 0, 0, 0, 0, 0, 0, 0, 0, 0, 0, 0, 0, 0, 1, 1, 0, 0, 0, 0, 0, 0, 0] (4.033s)
  Sub: Z₀=24.846251 [TIME_LIMIT] (15.7s), α=[0.000,0.000,5.254,0.000,0.000,0.000,0.000,0.000,0.000,0.000,0.000,0.000,0.000,0.000,0.000,0.000,0.000,0.000,0.000,0.000,0.000,0.000,0.000,0.000,0.000,0.000,0.000,0.000,0.000,0.100,0.237,0.000,0.423,3.931,0.000,0.000]
  Iter 130: LB=-132.383531  UB=20.694586  gap=7.40e+00
  Cut: intercept=-61.133624, π_x_range=[-264.0000, 66.5548]

=== True-DRO Benders iter 131 ===
  OMP: t₀=-131.919989, UB=20.694586, gap=7.37e+00, x=[0, 0, 0, 0, 0, 0, 0, 0, 0, 1, 0, 0, 0, 0, 0, 0, 0, 0, 0, 0, 0, 0, 0, 0, 0, 0, 0, 0, 0, 0, 0, 0, 1, 0, 0, 0] (3.268s)
  Sub: Z₀=23.197399 [LOCAL] (0.4s), α=[0.000,0.000,4.527,0.000,0.000,0.000,0.000,0.000,0.000,0.000,0.000,0.000,0.000,0.000,0.000,0.000,0.000,0.000,0.000,0.000,0.000,0.000,0.000,0.000,0.000,0.000,0.000,0.000,0.000,0.000,0.000,0.000,3.004,2.414,0.000,0.000]
  Iter 131: LB=-131.919989  UB=20.694586  gap=7.37e+00
  Cut: intercept=-1125.227231, π_x_range=[-826.8695, 585.2268]

=== True-DRO Benders iter 132 ===
  OMP: t₀=-131.870485, UB=20.694586, gap=7.37e+00, x=[0, 0, 0, 0, 1, 0, 0, 0, 0, 1, 0, 0, 0, 0, 0, 0, 0, 0, 0, 0, 0, 0, 0, 0, 0, 0, 0, 0, 0, 0, 0, 0, 0, 0, 0, 0] (3.792s)
  Sub: Z₀=23.620938 [LOCAL] (0.3s), α=[0.000,0.000,5.422,0.000,0.000,0.000,0.000,0.000,0.000,0.000,0.000,0.000,0.000,0.000,0.000,0.000,0.000,0.000,0.000,0.000,0.000,0.000,0.000,0.000,0.000,0.000,0.000,0.000,0.000,0.000,0.000,0.000,0.895,3.627,0.000,0.000]
  Iter 132: LB=-131.870485  UB=20.694586  gap=7.37e+00
  Cut: intercept=-1106.162047, π_x_range=[-826.5441, 566.0499]

=== True-DRO Benders iter 133 ===
  OMP: t₀=-131.726251, UB=20.694586, gap=7.37e+00, x=[0, 0, 0, 0, 0, 0, 0, 0, 0, 0, 0, 0, 0, 0, 0, 0, 0, 0, 0, 0, 0, 0, 1, 0, 0, 0, 0, 0, 0, 0, 0, 0, 1, 0, 0, 0] (3.606s)
  Sub: Z₀=21.400752 [LOCAL] (0.3s), α=[0.000,0.000,2.024,0.000,0.000,0.014,0.000,0.000,0.000,0.000,0.000,0.000,0.000,0.024,0.000,0.000,0.000,0.000,0.000,0.000,0.000,0.000,0.301,0.000,0.000,0.000,0.000,0.000,0.000,0.000,0.000,0.000,6.802,0.781,0.000,0.000]
  Iter 133: LB=-131.726251  UB=20.694586  gap=7.37e+00
  Cut: intercept=-1119.084437, π_x_range=[-824.7194, 578.5183]

=== True-DRO Benders iter 134 ===
  OMP: t₀=-130.026095, UB=20.694586, gap=7.28e+00, x=[0, 0, 1, 0, 0, 0, 0, 0, 0, 0, 1, 0, 0, 0, 0, 0, 0, 0, 0, 0, 0, 0, 0, 0, 0, 0, 0, 0, 0, 0, 0, 0, 0, 0, 0, 0] (3.444s)
  Sub: Z₀=23.050367 [LOCAL] (0.3s), α=[0.000,0.000,9.944,0.000,0.000,0.000,0.000,0.000,0.000,0.000,0.000,0.000,0.000,0.000,0.000,0.000,0.000,0.000,0.000,0.000,0.000,0.000,0.000,0.000,0.000,0.000,0.000,0.000,0.000,0.000,0.000,0.000,0.000,0.000,0.000,0.000]
  Iter 134: LB=-130.026095  UB=20.694586  gap=7.28e+00
  Cut: intercept=-1139.301297, π_x_range=[-821.4146, 582.0840]

=== True-DRO Benders iter 135 ===
  OMP: t₀=-128.513427, UB=20.694586, gap=7.21e+00, x=[0, 0, 0, 0, 0, 0, 0, 0, 0, 0, 0, 0, 0, 0, 1, 0, 0, 0, 1, 0, 0, 0, 0, 0, 0, 0, 0, 0, 0, 0, 0, 0, 0, 0, 0, 0] (3.723s)
  Sub: Z₀=25.613830 [TIME_LIMIT] (15.8s), α=[0.000,0.000,5.243,0.000,0.000,0.000,0.000,0.000,0.000,0.000,0.000,0.000,0.000,0.000,0.000,0.000,0.000,0.000,0.000,0.000,0.000,0.000,0.000,0.000,0.000,0.000,0.000,0.000,0.000,0.343,0.000,0.000,0.689,3.670,0.000,0.000]
  Iter 135: LB=-128.513427  UB=20.694586  gap=7.21e+00
  Cut: intercept=-81.963561, π_x_range=[-281.0000, 66.6422]

=== True-DRO Benders iter 136 ===
  OMP: t₀=-128.289583, UB=20.694586, gap=7.20e+00, x=[0, 0, 0, 0, 0, 0, 0, 0, 0, 0, 0, 0, 0, 0, 0, 0, 0, 0, 0, 0, 0, 0, 0, 0, 1, 0, 0, 1, 0, 0, 0, 0, 0, 0, 0, 0] (4.016s)
  Sub: Z₀=23.234210 [LOCAL] (0.4s), α=[0.000,0.000,1.546,0.000,0.000,0.000,0.051,0.000,0.000,0.070,0.000,0.000,0.000,0.000,0.000,0.000,0.000,1.349,0.000,0.000,0.000,0.000,0.000,0.000,2.691,0.000,0.000,4.029,0.000,0.000,0.000,0.000,0.036,0.171,0.000,0.000]
  Iter 136: LB=-128.289583  UB=20.694586  gap=7.20e+00
  Cut: intercept=-1094.922637, π_x_range=[-821.8922, 574.8197]

=== True-DRO Benders iter 137 ===
  OMP: t₀=-128.028402, UB=20.694586, gap=7.19e+00, x=[0, 0, 0, 0, 0, 0, 0, 0, 0, 0, 0, 0, 0, 0, 0, 0, 0, 0, 1, 0, 0, 0, 0, 0, 0, 0, 0, 0, 0, 0, 0, 0, 1, 0, 0, 0] (4.859s)
  Sub: Z₀=21.392847 [LOCAL] (0.4s), α=[0.000,0.000,2.187,0.000,0.000,0.000,0.000,0.000,0.000,0.000,0.000,0.000,0.000,0.000,0.000,0.000,0.000,0.000,0.000,0.000,0.000,0.000,0.000,0.000,0.000,0.000,0.000,0.000,0.000,0.000,0.000,0.000,5.392,2.365,0.000,0.000]
  Iter 137: LB=-128.028402  UB=20.694586  gap=7.19e+00
  Cut: intercept=-1136.334022, π_x_range=[-824.7449, 581.1681]

=== True-DRO Benders iter 138 ===
  OMP: t₀=-127.582352, UB=20.694586, gap=7.17e+00, x=[0, 0, 0, 0, 0, 0, 0, 0, 0, 1, 0, 0, 0, 0, 1, 0, 0, 0, 0, 0, 0, 0, 0, 0, 0, 0, 0, 0, 0, 0, 0, 0, 0, 0, 0, 0] (4.029s)
  Sub: Z₀=23.620938 [LOCAL] (0.3s), α=[0.000,0.000,5.422,0.000,0.000,0.000,0.000,0.000,0.000,0.000,0.000,0.000,0.000,0.000,0.000,0.000,0.000,0.000,0.000,0.000,0.000,0.000,0.000,0.000,0.000,0.000,0.000,0.000,0.000,0.000,0.000,0.000,0.910,3.612,0.000,0.000]
  Iter 138: LB=-127.582352  UB=20.694586  gap=7.17e+00
  Cut: intercept=-1114.840421, π_x_range=[-826.5493, 572.4057]

=== True-DRO Benders iter 139 ===
  OMP: t₀=-127.578860, UB=20.694586, gap=7.16e+00, x=[0, 0, 0, 1, 0, 0, 0, 0, 0, 0, 0, 0, 0, 0, 0, 0, 0, 0, 0, 0, 0, 0, 0, 0, 0, 0, 0, 0, 1, 0, 0, 0, 0, 0, 0, 0] (4.644s)
  Sub: Z₀=26.724953 [LOCAL] (0.4s), α=[0.000,0.000,6.416,0.000,0.000,0.000,0.000,0.000,0.000,0.000,0.000,0.000,0.000,0.000,0.000,0.000,0.000,0.000,0.000,0.000,0.000,0.000,0.000,0.000,0.000,0.000,0.000,0.000,0.000,0.000,0.000,0.000,0.216,3.313,0.000,0.000]
  Iter 139: LB=-127.578860  UB=20.694586  gap=7.16e+00
  Cut: intercept=-1123.377000, π_x_range=[-825.7506, 583.3457]

=== True-DRO Benders iter 140 ===
  OMP: t₀=-127.578860, UB=20.694586, gap=7.16e+00, x=[0, 0, 0, 0, 0, 0, 0, 0, 0, 0, 0, 0, 0, 0, 0, 0, 0, 0, 0, 0, 0, 0, 0, 0, 0, 0, 0, 0, 1, 0, 0, 0, 0, 0, 1, 0] (4.270s)
  Sub: Z₀=26.724955 [TIME_LIMIT] (16.2s), α=[0.000,0.000,6.416,0.000,0.000,0.000,0.000,0.000,0.000,0.000,0.000,0.000,0.000,0.000,0.000,0.000,0.000,0.000,0.000,0.000,0.000,0.000,0.000,0.000,0.000,0.000,0.000,0.000,0.000,0.000,0.000,0.000,0.208,3.320,0.000,0.000]
  Iter 140: LB=-127.578860  UB=20.694586  gap=7.16e+00
  Cut: intercept=-95.529167, π_x_range=[-232.0029, 77.1186]

=== True-DRO Benders iter 141 ===
  OMP: t₀=-127.503620, UB=20.694586, gap=7.16e+00, x=[0, 0, 0, 0, 0, 0, 0, 0, 0, 0, 1, 0, 0, 0, 0, 0, 0, 0, 0, 0, 0, 0, 0, 0, 0, 0, 0, 0, 0, 0, 0, 0, 0, 1, 0, 0] (4.216s)
  Sub: Z₀=22.672551 [LOCAL] (0.3s), α=[0.000,0.000,1.696,0.000,0.000,0.000,0.000,0.000,0.000,0.000,0.000,0.000,0.000,0.000,0.000,0.000,0.000,0.000,0.000,0.000,0.000,0.000,0.000,0.000,0.000,0.000,0.000,0.000,0.000,0.000,0.000,0.000,0.012,8.237,0.000,0.000]
  Iter 141: LB=-127.503620  UB=20.694586  gap=7.16e+00
  Cut: intercept=-1133.374828, π_x_range=[-824.3531, 580.5426]

=== True-DRO Benders iter 142 ===
  OMP: t₀=-126.539449, UB=20.694586, gap=7.11e+00, x=[0, 0, 0, 0, 0, 0, 0, 0, 0, 0, 0, 0, 0, 0, 0, 0, 0, 0, 0, 0, 0, 0, 0, 0, 0, 0, 0, 1, 0, 0, 0, 1, 0, 0, 0, 0] (4.987s)
  Sub: Z₀=24.653227 [LOCAL] (0.3s), α=[0.000,0.000,5.422,0.000,0.000,0.000,0.000,0.000,0.000,0.000,0.000,0.000,0.000,0.000,0.000,0.000,0.000,0.000,0.000,0.000,0.000,0.000,0.000,0.000,0.000,0.000,0.000,0.000,0.000,0.000,0.000,0.000,0.500,4.022,0.000,0.000]
  Iter 142: LB=-126.539449  UB=20.694586  gap=7.11e+00
  Cut: intercept=-1108.434033, π_x_range=[-824.4066, 579.0054]

=== True-DRO Benders iter 143 ===
  OMP: t₀=-126.228289, UB=20.694586, gap=7.10e+00, x=[0, 0, 0, 0, 0, 0, 0, 0, 0, 0, 1, 0, 0, 0, 0, 0, 0, 0, 0, 0, 1, 0, 0, 0, 0, 0, 0, 0, 0, 0, 0, 0, 0, 0, 0, 0] (4.141s)
  Sub: Z₀=26.225112 [LOCAL] (0.3s), α=[0.000,0.000,5.422,0.000,0.000,0.000,0.000,0.000,0.000,0.000,0.000,0.000,0.000,0.000,0.000,0.000,0.000,0.000,0.000,0.000,0.000,0.000,0.000,0.000,0.000,0.000,0.000,0.000,0.000,0.000,0.000,0.000,0.394,4.128,0.000,0.000]
  Iter 143: LB=-126.228289  UB=20.694586  gap=7.10e+00
  Cut: intercept=-1102.919541, π_x_range=[-823.3353, 570.9263]

=== True-DRO Benders iter 144 ===
  OMP: t₀=-126.089673, UB=20.694586, gap=7.09e+00, x=[0, 0, 0, 0, 0, 0, 0, 0, 0, 0, 0, 0, 0, 0, 0, 0, 0, 0, 0, 0, 1, 0, 0, 0, 0, 0, 0, 0, 0, 0, 0, 0, 0, 0, 1, 0] (3.698s)
  Sub: Z₀=26.225112 [LOCAL] (0.3s), α=[0.000,0.000,5.422,0.000,0.000,0.000,0.000,0.000,0.000,0.000,0.000,0.000,0.000,0.000,0.000,0.000,0.000,0.000,0.000,0.000,0.000,0.000,0.000,0.000,0.000,0.000,0.000,0.000,0.000,0.000,0.000,0.000,0.374,4.148,0.000,0.000]
  Iter 144: LB=-126.089673  UB=20.694586  gap=7.09e+00
  Cut: intercept=-1107.660780, π_x_range=[-823.4385, 575.7250]

=== True-DRO Benders iter 145 ===
  OMP: t₀=-125.958444, UB=20.694586, gap=7.09e+00, x=[0, 0, 0, 0, 0, 0, 1, 0, 0, 0, 0, 0, 0, 0, 0, 0, 0, 0, 0, 0, 0, 0, 0, 0, 0, 0, 0, 0, 0, 0, 0, 1, 0, 0, 0, 0] (4.016s)
  Sub: Z₀=26.724955 [TIME_LIMIT] (15.8s), α=[0.000,0.000,5.214,0.000,0.000,0.000,0.000,0.000,0.000,0.000,0.000,0.000,0.000,0.000,0.000,0.000,0.000,1.202,0.000,0.000,0.000,0.000,0.000,0.000,0.000,0.000,0.000,0.000,0.000,0.000,0.000,0.000,0.200,3.329,0.000,0.000]
  Iter 145: LB=-125.958444  UB=20.694586  gap=7.09e+00
  Cut: intercept=-64.392279, π_x_range=[-232.1128, 64.3579]

=== True-DRO Benders iter 146 ===
  OMP: t₀=-125.845663, UB=20.694586, gap=7.08e+00, x=[0, 0, 0, 1, 0, 0, 0, 0, 0, 0, 0, 0, 0, 0, 0, 0, 0, 0, 0, 0, 0, 0, 0, 0, 0, 0, 0, 0, 0, 0, 0, 1, 0, 0, 0, 0] (3.274s)
  Sub: Z₀=26.225112 [LOCAL] (0.3s), α=[0.000,0.000,5.422,0.000,0.000,0.000,0.000,0.000,0.000,0.000,0.000,0.000,0.000,0.000,0.000,0.000,0.000,0.000,0.000,0.000,0.000,0.000,0.000,0.000,0.000,0.000,0.000,0.000,0.000,0.000,0.000,0.000,0.605,3.917,0.000,0.000]
  Iter 146: LB=-125.845663  UB=20.694586  gap=7.08e+00
  Cut: intercept=-1109.454308, π_x_range=[-823.4286, 580.9049]

=== True-DRO Benders iter 147 ===
  OMP: t₀=-125.087939, UB=20.694586, gap=7.04e+00, x=[0, 0, 0, 0, 0, 0, 0, 0, 0, 0, 0, 0, 0, 0, 0, 0, 0, 0, 0, 0, 0, 0, 1, 1, 0, 0, 0, 0, 0, 0, 0, 0, 0, 0, 0, 0] (3.592s)
  Sub: Z₀=23.551601 [LOCAL] (0.3s), α=[0.000,0.000,4.182,0.000,0.000,0.064,0.000,0.000,0.000,0.000,0.000,0.000,0.000,1.663,0.000,0.000,0.000,0.000,0.000,0.000,0.000,0.000,0.753,0.000,0.000,0.000,0.000,0.000,0.000,0.000,0.000,0.000,2.347,0.934,0.000,0.000]
  Iter 147: LB=-125.087939  UB=20.694586  gap=7.04e+00
  Cut: intercept=-1118.784480, π_x_range=[-825.0828, 578.4721]

=== True-DRO Benders iter 148 ===
  OMP: t₀=-124.726251, UB=20.694586, gap=7.03e+00, x=[0, 0, 0, 0, 0, 0, 0, 0, 1, 0, 0, 0, 0, 0, 0, 0, 0, 0, 0, 0, 0, 0, 1, 0, 0, 0, 0, 0, 0, 0, 0, 0, 0, 0, 0, 0] (3.429s)
  Sub: Z₀=23.460342 [LOCAL] (0.3s), α=[0.000,0.000,4.091,0.000,0.000,1.204,0.000,0.000,0.000,0.000,0.000,0.000,0.000,0.000,0.000,0.000,0.000,0.000,0.000,0.000,0.000,0.000,1.459,0.000,0.000,0.000,0.000,0.000,0.000,0.000,0.000,0.000,0.756,2.434,0.000,0.000]
  Iter 148: LB=-124.726251  UB=20.694586  gap=7.03e+00
  Cut: intercept=-1122.843832, π_x_range=[-824.8157, 582.5520]

=== True-DRO Benders iter 149 ===
  OMP: t₀=-124.614277, UB=20.694586, gap=7.02e+00, x=[0, 0, 0, 0, 0, 0, 0, 0, 0, 0, 0, 0, 0, 0, 0, 0, 0, 1, 0, 0, 1, 0, 0, 0, 0, 0, 0, 0, 0, 0, 0, 0, 0, 0, 0, 0] (3.428s)
  Sub: Z₀=24.461161 [LOCAL] (0.3s), α=[0.000,0.000,5.892,0.000,0.000,0.000,0.000,0.000,0.000,0.000,0.000,0.000,0.000,0.000,0.000,0.000,0.000,0.524,0.000,0.000,0.000,0.000,0.000,0.000,0.000,0.000,0.000,0.000,0.000,0.000,0.000,0.000,0.200,3.329,0.000,0.000]
  Iter 149: LB=-124.614277  UB=20.694586  gap=7.02e+00
  Cut: intercept=-1128.785976, π_x_range=[-827.3307, 595.5126]

=== True-DRO Benders iter 150 ===
  OMP: t₀=-124.520609, UB=20.694586, gap=7.02e+00, x=[1, 0, 0, 0, 0, 0, 0, 0, 0, 0, 0, 0, 0, 0, 0, 0, 0, 0, 0, 0, 0, 0, 1, 0, 0, 0, 0, 0, 0, 0, 0, 0, 0, 0, 0, 0] (3.411s)
  Sub: Z₀=24.022529 [TIME_LIMIT] (16.0s), α=[0.000,0.000,4.182,0.000,0.000,0.075,0.000,0.000,0.000,0.000,0.000,0.000,0.000,1.672,0.000,0.000,0.000,0.000,0.000,0.000,0.000,0.000,0.733,0.000,0.000,0.000,0.000,0.000,0.000,0.000,0.000,0.000,2.386,0.896,0.000,0.000]
  Iter 150: LB=-124.520609  UB=20.694586  gap=7.02e+00
  Cut: intercept=-50.323417, π_x_range=[-249.0000, 62.6877]

=== True-DRO Benders iter 151 ===
  OMP: t₀=-123.369021, UB=20.694586, gap=6.96e+00, x=[0, 0, 0, 0, 0, 0, 0, 0, 0, 1, 1, 0, 0, 0, 0, 0, 0, 0, 0, 0, 0, 0, 0, 0, 0, 0, 0, 0, 0, 0, 0, 0, 0, 0, 0, 0] (3.108s)
  Sub: Z₀=23.620938 [LOCAL] (0.3s), α=[0.000,0.000,5.422,0.000,0.000,0.000,0.000,0.000,0.000,0.000,0.000,0.000,0.000,0.000,0.000,0.000,0.000,0.000,0.000,0.000,0.000,0.000,0.000,0.000,0.000,0.000,0.000,0.000,0.000,0.000,0.000,0.000,1.067,3.455,0.000,0.000]
  Iter 151: LB=-123.369021  UB=20.694586  gap=6.96e+00
  Cut: intercept=-1114.590296, π_x_range=[-826.4806, 571.9305]

=== True-DRO Benders iter 152 ===
  OMP: t₀=-123.354295, UB=20.694586, gap=6.96e+00, x=[0, 0, 0, 0, 1, 0, 0, 0, 0, 0, 0, 0, 0, 0, 0, 0, 0, 0, 0, 0, 1, 0, 0, 0, 0, 0, 0, 0, 0, 0, 0, 0, 0, 0, 0, 0] (3.526s)
  Sub: Z₀=26.225112 [LOCAL] (0.3s), α=[0.000,0.000,5.422,0.000,0.000,0.000,0.000,0.000,0.000,0.000,0.000,0.000,0.000,0.000,0.000,0.000,0.000,0.000,0.000,0.000,0.000,0.000,0.000,0.000,0.000,0.000,0.000,0.000,0.000,0.000,0.000,0.000,0.277,4.245,0.000,0.000]
  Iter 152: LB=-123.354295  UB=20.694586  gap=6.96e+00
  Cut: intercept=-1090.192656, π_x_range=[-823.3825, 558.2477]

=== True-DRO Benders iter 153 ===
  OMP: t₀=-123.072574, UB=20.694586, gap=6.95e+00, x=[0, 0, 1, 0, 0, 0, 0, 0, 0, 0, 0, 0, 0, 0, 1, 0, 0, 0, 0, 0, 0, 0, 0, 0, 0, 0, 0, 0, 0, 0, 0, 0, 0, 0, 0, 0] (3.491s)
  Sub: Z₀=23.050367 [LOCAL] (0.3s), α=[0.000,0.000,9.944,0.000,0.000,0.000,0.000,0.000,0.000,0.000,0.000,0.000,0.000,0.000,0.000,0.000,0.000,0.000,0.000,0.000,0.000,0.000,0.000,0.000,0.000,0.000,0.000,0.000,0.000,0.000,0.000,0.000,0.000,0.000,0.000,0.000]
  Iter 153: LB=-123.072574  UB=20.694586  gap=6.95e+00
  Cut: intercept=-1140.497682, π_x_range=[-821.3484, 582.0947]

=== True-DRO Benders iter 154 ===
  OMP: t₀=-122.980100, UB=20.694586, gap=6.94e+00, x=[0, 0, 0, 0, 0, 0, 0, 0, 1, 0, 0, 0, 0, 0, 0, 0, 0, 0, 0, 0, 0, 0, 0, 0, 1, 0, 0, 0, 0, 0, 0, 0, 0, 0, 0, 0] (3.883s)
  Sub: Z₀=24.146742 [LOCAL] (0.4s), α=[0.000,0.000,0.508,0.000,0.000,0.000,0.044,0.000,0.000,0.047,0.000,0.000,0.000,0.000,0.000,0.000,0.000,4.690,0.000,0.000,0.000,0.000,0.000,0.000,1.661,0.000,0.000,0.481,0.000,0.000,0.000,0.000,0.337,2.177,0.000,0.000]
  Iter 154: LB=-122.980100  UB=20.694586  gap=6.94e+00
  Cut: intercept=-1104.218750, π_x_range=[-823.0973, 581.3025]

=== True-DRO Benders iter 155 ===
  OMP: t₀=-122.152916, UB=20.694586, gap=6.90e+00, x=[0, 0, 0, 0, 0, 0, 0, 0, 0, 1, 0, 0, 0, 0, 0, 0, 0, 1, 0, 0, 0, 0, 0, 0, 0, 0, 0, 0, 0, 0, 0, 0, 0, 0, 0, 0] (3.459s)
  Sub: Z₀=22.247218 [TIME_LIMIT] (16.1s), α=[0.000,0.000,7.624,0.000,0.000,0.000,0.000,0.000,0.000,0.000,0.000,0.000,0.000,0.000,0.000,0.000,0.000,0.000,0.000,0.000,0.000,0.000,0.000,0.000,0.000,0.000,0.000,0.000,0.000,0.000,0.000,0.000,0.640,1.681,0.000,0.000]
  Iter 155: LB=-122.152916  UB=20.694586  gap=6.90e+00
  Cut: intercept=-83.332770, π_x_range=[-253.0000, 58.8271]

=== True-DRO Benders iter 156 ===
  OMP: t₀=-122.144325, UB=20.694586, gap=6.90e+00, x=[0, 0, 0, 0, 0, 0, 0, 0, 0, 0, 0, 0, 0, 0, 0, 0, 0, 0, 0, 0, 0, 0, 0, 0, 0, 0, 0, 0, 0, 0, 0, 1, 0, 0, 1, 0] (3.627s)
  Sub: Z₀=26.225112 [LOCAL] (0.3s), α=[0.000,0.000,5.422,0.000,0.000,0.000,0.000,0.000,0.000,0.000,0.000,0.000,0.000,0.000,0.000,0.000,0.000,0.000,0.000,0.000,0.000,0.000,0.000,0.000,0.000,0.000,0.000,0.000,0.000,0.000,0.000,0.000,0.404,4.118,0.000,0.000]
  Iter 156: LB=-122.144325  UB=20.694586  gap=6.90e+00
  Cut: intercept=-1104.284666, π_x_range=[-823.4621, 575.7054]

=== True-DRO Benders iter 157 ===
  OMP: t₀=-122.116578, UB=20.694586, gap=6.90e+00, x=[0, 0, 0, 0, 0, 0, 0, 0, 0, 0, 0, 0, 0, 0, 0, 0, 0, 0, 1, 0, 0, 0, 0, 0, 0, 0, 0, 0, 0, 0, 0, 0, 0, 0, 1, 0] (3.726s)
  Sub: Z₀=25.447961 [LOCAL] (0.4s), α=[0.000,0.000,5.928,0.000,0.000,0.000,0.000,0.000,0.000,0.000,0.000,0.000,0.000,0.000,0.000,0.000,0.000,0.000,0.000,0.000,0.000,0.000,0.000,0.000,0.000,0.000,0.000,0.000,0.000,0.000,0.000,0.000,0.354,3.662,0.000,0.000]
  Iter 157: LB=-122.116578  UB=20.694586  gap=6.90e+00
  Cut: intercept=-1126.858122, π_x_range=[-824.7334, 578.4890]

=== True-DRO Benders iter 158 ===
  OMP: t₀=-121.649073, UB=20.694586, gap=6.88e+00, x=[0, 0, 0, 0, 0, 0, 0, 0, 0, 0, 1, 0, 0, 0, 0, 0, 0, 0, 0, 0, 0, 0, 0, 0, 0, 0, 0, 0, 0, 0, 0, 0, 1, 0, 0, 0] (3.988s)
  Sub: Z₀=21.749224 [LOCAL] (0.4s), α=[0.000,0.000,2.193,0.000,0.000,0.000,0.000,0.000,0.000,0.000,0.000,0.000,0.000,0.000,0.000,0.000,0.000,0.000,0.000,0.000,0.000,0.000,0.000,0.000,0.000,0.000,0.000,0.000,0.000,0.000,0.000,0.000,5.324,2.428,0.000,0.000]
  Iter 158: LB=-121.649073  UB=20.694586  gap=6.88e+00
  Cut: intercept=-1141.919451, π_x_range=[-826.0479, 590.2523]

=== True-DRO Benders iter 159 ===
  OMP: t₀=-121.646290, UB=20.694586, gap=6.88e+00, x=[0, 0, 0, 0, 0, 0, 0, 0, 0, 0, 0, 0, 0, 0, 1, 0, 0, 0, 0, 0, 0, 0, 0, 0, 0, 0, 0, 0, 0, 0, 0, 0, 0, 1, 0, 0] (3.606s)
  Sub: Z₀=22.672551 [LOCAL] (0.3s), α=[0.000,0.000,1.696,0.000,0.000,0.000,0.000,0.000,0.000,0.000,0.000,0.000,0.000,0.000,0.000,0.000,0.000,0.000,0.000,0.000,0.000,0.000,0.000,0.000,0.000,0.000,0.000,0.000,0.000,0.000,0.000,0.000,0.012,8.237,0.000,0.000]
  Iter 159: LB=-121.646290  UB=20.694586  gap=6.88e+00
  Cut: intercept=-1133.567501, π_x_range=[-824.2984, 580.3860]

=== True-DRO Benders iter 160 ===
  OMP: t₀=-120.884622, UB=20.694586, gap=6.84e+00, x=[0, 0, 1, 0, 0, 0, 0, 0, 0, 0, 0, 0, 0, 0, 0, 0, 0, 0, 0, 0, 0, 1, 0, 0, 0, 0, 0, 0, 0, 0, 0, 0, 0, 0, 0, 0] (4.161s)
  Sub: Z₀=23.050368 (2.9s), α=[0.000,0.000,9.887,0.000,0.000,0.000,0.000,0.000,0.000,0.000,0.000,0.000,0.000,0.000,0.000,0.000,0.000,0.058,0.000,0.000,0.000,0.000,0.000,0.000,0.000,0.000,0.000,0.000,0.000,0.000,0.000,0.000,0.000,0.000,0.000,0.000]
  Iter 160: LB=-120.884622  UB=20.694586  gap=6.84e+00
  Cut: intercept=-57.261490, π_x_range=[-248.0000, 42.9213]
  Sherali-Cut: intercept=-36.978519, π_x_range=[-71.0079, 36.9164]

=== True-DRO Benders iter 161 ===
  OMP: t₀=-116.999425, UB=20.694586, gap=6.65e+00, x=[0, 0, 0, 0, 0, 0, 1, 0, 0, 0, 0, 0, 1, 0, 0, 0, 0, 0, 0, 0, 0, 0, 0, 0, 0, 0, 0, 0, 0, 0, 0, 0, 0, 0, 0, 0] (1.387s)
  Sub: Z₀=23.265095 [LOCAL] (0.4s), α=[0.000,0.000,2.894,0.000,0.000,0.000,0.000,0.000,0.000,0.000,0.000,0.000,2.108,0.000,0.000,0.000,0.000,0.481,0.000,0.000,0.000,0.000,0.000,0.000,0.000,0.000,0.000,0.000,0.000,0.000,0.000,0.000,0.000,4.460,0.000,0.000]
  Iter 161: LB=-116.999425  UB=20.694586  gap=6.65e+00
  Cut: intercept=-1132.791267, π_x_range=[-820.6702, 583.3174]

=== True-DRO Benders iter 162 ===
  OMP: t₀=-116.284325, UB=20.694586, gap=6.62e+00, x=[0, 0, 0, 0, 0, 0, 0, 0, 0, 0, 0, 0, 0, 0, 0, 0, 0, 1, 0, 0, 0, 0, 0, 0, 0, 0, 0, 0, 0, 0, 0, 0, 0, 1, 0, 0] (1.403s)
  Sub: Z₀=21.624688 [LOCAL] (0.3s), α=[0.000,0.000,2.010,0.000,0.000,0.000,0.000,0.000,0.000,0.000,0.000,0.000,0.000,0.000,0.000,0.000,0.000,1.777,0.000,0.000,0.000,0.000,0.000,0.000,0.000,0.000,0.000,0.000,0.000,0.000,0.000,0.000,0.000,6.157,0.000,0.000]
  Iter 162: LB=-116.284325  UB=20.694586  gap=6.62e+00
  Cut: intercept=-1149.735702, π_x_range=[-822.8894, 589.7811]

=== True-DRO Benders iter 163 ===
  OMP: t₀=-114.298912, UB=20.694586, gap=6.52e+00, x=[0, 0, 0, 0, 0, 0, 0, 0, 0, 0, 0, 0, 0, 0, 0, 0, 0, 1, 1, 0, 0, 0, 0, 0, 0, 0, 0, 0, 0, 0, 0, 0, 0, 0, 0, 0] (1.701s)
  Sub: Z₀=24.461161 [LOCAL] (0.3s), α=[0.000,0.000,6.416,0.000,0.000,0.000,0.000,0.000,0.000,0.000,0.000,0.000,0.000,0.000,0.000,0.000,0.000,0.000,0.000,0.000,0.000,0.000,0.000,0.000,0.000,0.000,0.000,0.000,0.000,0.000,0.000,0.000,0.343,3.186,0.000,0.000]
  Iter 163: LB=-114.298912  UB=20.694586  gap=6.52e+00
  Cut: intercept=-1150.635064, π_x_range=[-827.7800, 598.3731]

=== True-DRO Benders iter 164 ===
  OMP: t₀=-111.355009, UB=20.694586, gap=6.38e+00, x=[0, 0, 0, 0, 0, 0, 0, 0, 0, 0, 0, 0, 0, 0, 0, 0, 0, 0, 0, 0, 0, 0, 0, 0, 1, 0, 0, 0, 0, 1, 0, 0, 0, 0, 0, 0] (2.362s)
  Sub: Z₀=23.152086 [LOCAL] (0.4s), α=[0.000,0.000,0.000,0.000,0.000,0.034,0.042,0.000,0.000,0.000,0.000,0.000,0.000,0.626,0.000,0.000,0.000,4.110,0.000,0.000,0.000,0.000,0.000,0.000,1.374,0.000,0.000,0.000,0.000,1.169,0.560,0.000,0.971,1.059,0.000,0.000]
  Iter 164: LB=-111.355009  UB=20.694586  gap=6.38e+00
  Cut: intercept=-1106.477933, π_x_range=[-818.7490, 586.7795]

=== True-DRO Benders iter 165 ===
  OMP: t₀=-110.786493, UB=20.694586, gap=6.35e+00, x=[0, 0, 0, 0, 0, 0, 0, 0, 0, 0, 0, 0, 1, 0, 0, 0, 0, 1, 0, 0, 0, 0, 0, 0, 0, 0, 0, 0, 0, 0, 0, 0, 0, 0, 0, 0] (2.293s)
  Sub: Z₀=21.634769 [TIME_LIMIT] (15.6s), α=[0.000,0.000,3.714,0.000,0.000,0.000,0.000,0.000,0.000,0.000,0.000,0.000,0.000,1.060,0.000,0.000,0.000,0.819,0.000,0.000,0.000,0.000,0.000,0.000,0.000,0.000,0.000,0.000,0.000,0.000,0.000,0.000,0.000,4.351,0.000,0.000]
  Iter 165: LB=-110.786493  UB=20.694586  gap=6.35e+00
  Cut: intercept=-97.467514, π_x_range=[-220.0000, 67.7296]

=== True-DRO Benders iter 166 ===
  OMP: t₀=-110.744182, UB=20.694586, gap=6.35e+00, x=[0, 0, 0, 0, 0, 0, 0, 0, 0, 0, 0, 0, 1, 0, 0, 0, 0, 0, 0, 0, 0, 0, 0, 0, 0, 0, 0, 1, 0, 0, 0, 0, 0, 0, 0, 0] (2.654s)
  Sub: Z₀=22.589365 [LOCAL] (0.3s), α=[0.000,0.000,4.533,0.000,0.000,0.000,0.000,0.000,0.000,0.000,0.000,0.000,0.639,0.070,0.000,0.000,0.000,0.000,0.000,0.000,0.000,0.000,0.000,0.000,0.000,0.000,0.000,0.000,0.000,0.000,0.000,0.000,0.000,4.703,0.000,0.000]
  Iter 166: LB=-110.744182  UB=20.694586  gap=6.35e+00
  Cut: intercept=-1132.258863, π_x_range=[-820.9385, 582.5106]

=== True-DRO Benders iter 167 ===
  OMP: t₀=-110.076253, UB=20.694586, gap=6.32e+00, x=[0, 0, 0, 0, 0, 0, 1, 0, 0, 1, 0, 0, 0, 0, 0, 0, 0, 0, 0, 0, 0, 0, 0, 0, 0, 0, 0, 0, 0, 0, 0, 0, 0, 0, 0, 0] (2.543s)
  Sub: Z₀=23.463656 [LOCAL] (0.4s), α=[0.000,0.000,5.063,0.000,0.000,0.000,0.000,0.000,0.000,0.000,0.000,0.000,0.000,0.000,0.000,0.000,0.000,0.000,0.000,0.000,0.000,0.000,0.000,0.000,0.000,0.000,0.000,0.000,0.000,0.000,0.000,0.000,1.090,3.791,0.000,0.000]
  Iter 167: LB=-110.076253  UB=20.694586  gap=6.32e+00
  Cut: intercept=-1119.267159, π_x_range=[-824.4447, 582.2711]

=== True-DRO Benders iter 168 ===
  OMP: t₀=-108.851477, UB=20.694586, gap=6.26e+00, x=[0, 0, 0, 0, 0, 0, 1, 0, 0, 0, 0, 0, 0, 0, 0, 0, 0, 0, 0, 0, 0, 0, 0, 0, 0, 0, 0, 0, 0, 0, 0, 0, 0, 1, 0, 0] (2.838s)
  Sub: Z₀=22.672551 [LOCAL] (0.3s), α=[0.000,0.000,1.696,0.000,0.000,0.000,0.000,0.000,0.000,0.000,0.000,0.000,0.000,0.000,0.000,0.000,0.000,0.000,0.000,0.000,0.000,0.000,0.000,0.000,0.000,0.000,0.000,0.000,0.000,0.000,0.000,0.000,0.012,8.237,0.000,0.000]
  Iter 168: LB=-108.851477  UB=20.694586  gap=6.26e+00
  Cut: intercept=-1142.400729, π_x_range=[-824.7289, 584.3919]

=== True-DRO Benders iter 169 ===
  OMP: t₀=-108.076113, UB=20.694586, gap=6.22e+00, x=[0, 0, 0, 0, 0, 0, 0, 0, 0, 0, 1, 0, 0, 0, 0, 0, 0, 1, 0, 0, 0, 0, 0, 0, 0, 0, 0, 0, 0, 0, 0, 0, 0, 0, 0, 0] (3.173s)
  Sub: Z₀=24.461161 [LOCAL] (0.3s), α=[0.000,0.000,5.858,0.000,0.000,0.000,0.000,0.000,0.000,0.000,0.000,0.000,0.000,0.000,0.000,0.000,0.000,0.558,0.000,0.000,0.000,0.000,0.000,0.000,0.000,0.000,0.000,0.000,0.000,0.000,0.000,0.000,0.239,3.290,0.000,0.000]
  Iter 169: LB=-108.076113  UB=20.694586  gap=6.22e+00
  Cut: intercept=-1143.052017, π_x_range=[-827.2936, 595.5151]

=== True-DRO Benders iter 170 ===
  OMP: t₀=-107.527756, UB=20.694586, gap=6.20e+00, x=[0, 0, 0, 0, 0, 0, 0, 0, 0, 0, 0, 0, 0, 0, 0, 0, 0, 1, 0, 0, 0, 0, 0, 0, 0, 0, 0, 0, 1, 0, 0, 0, 0, 0, 0, 0] (2.739s)
  Sub: Z₀=24.683723 [TIME_LIMIT] (15.8s), α=[0.000,0.000,6.416,0.000,0.000,0.000,0.000,0.000,0.000,0.000,0.000,0.000,0.000,0.000,0.000,0.000,0.000,0.000,0.000,0.000,0.000,0.000,0.000,0.000,0.000,0.000,0.000,0.000,0.000,0.000,0.000,0.000,0.280,3.248,0.000,0.000]
  Iter 170: LB=-107.527756  UB=20.694586  gap=6.20e+00
  Cut: intercept=-99.040753, π_x_range=[-256.0000, 73.8606]

=== True-DRO Benders iter 171 ===
  OMP: t₀=-106.880684, UB=20.694586, gap=6.16e+00, x=[0, 0, 0, 0, 0, 1, 0, 0, 0, 0, 0, 0, 0, 0, 0, 0, 0, 0, 0, 0, 0, 0, 0, 0, 0, 1, 0, 0, 0, 0, 0, 0, 0, 0, 0, 0] (3.095s)
  Sub: Z₀=21.603674 [LOCAL] (0.3s), α=[0.000,0.000,1.737,0.000,0.000,4.811,0.000,0.000,0.000,0.000,0.000,0.000,0.000,1.265,0.000,0.000,0.000,0.264,0.000,0.000,0.000,0.000,0.000,0.000,0.000,0.000,0.000,0.000,0.000,0.135,0.630,0.000,0.333,0.768,0.000,0.000]
  Iter 171: LB=-106.880684  UB=20.694586  gap=6.16e+00
  Cut: intercept=-1071.320709, π_x_range=[-818.8423, 554.5276]

=== True-DRO Benders iter 172 ===
  OMP: t₀=-105.903088, UB=20.694586, gap=6.12e+00, x=[0, 0, 0, 0, 0, 0, 0, 0, 0, 0, 0, 0, 0, 0, 0, 0, 0, 0, 0, 0, 0, 0, 0, 0, 0, 0, 0, 1, 0, 0, 0, 0, 0, 1, 0, 0] (3.545s)
  Sub: Z₀=22.516510 [LOCAL] (0.3s), α=[0.000,0.000,2.920,0.000,0.000,0.000,0.000,0.000,0.000,0.000,0.000,0.000,0.000,0.000,0.000,0.000,0.000,0.000,0.000,0.000,0.000,0.000,0.000,0.000,0.000,0.000,0.000,0.000,0.000,0.000,0.000,0.000,0.000,7.025,0.000,0.000]
  Iter 172: LB=-105.903088  UB=20.694586  gap=6.12e+00
  Cut: intercept=-1141.052038, π_x_range=[-824.3050, 582.1864]

=== True-DRO Benders iter 173 ===
  OMP: t₀=-104.997910, UB=20.694586, gap=6.07e+00, x=[0, 0, 0, 0, 0, 0, 0, 0, 0, 0, 0, 0, 0, 0, 0, 0, 0, 1, 0, 0, 0, 0, 0, 0, 0, 0, 0, 0, 0, 0, 0, 0, 1, 0, 0, 0] (3.649s)
  Sub: Z₀=21.081807 [LOCAL] (0.4s), α=[0.000,0.000,1.651,0.000,0.000,0.000,0.000,0.000,0.000,0.000,0.000,0.000,0.000,0.000,0.000,0.000,0.000,4.277,0.000,0.000,0.000,0.000,0.000,0.000,0.000,0.000,0.000,0.000,0.000,0.000,0.000,0.000,1.028,2.988,0.000,0.000]
  Iter 173: LB=-104.997910  UB=20.694586  gap=6.07e+00
  Cut: intercept=-1154.428995, π_x_range=[-823.2909, 588.6612]

=== True-DRO Benders iter 174 ===
  OMP: t₀=-103.421114, UB=20.694586, gap=6.00e+00, x=[0, 0, 0, 0, 1, 0, 0, 0, 0, 0, 0, 0, 0, 0, 0, 0, 0, 0, 0, 0, 0, 0, 0, 0, 0, 0, 0, 0, 0, 0, 0, 0, 1, 0, 0, 0] (3.303s)
  Sub: Z₀=21.749224 [LOCAL] (0.4s), α=[0.000,0.000,2.193,0.000,0.000,0.000,0.000,0.000,0.000,0.000,0.000,0.000,0.000,0.000,0.000,0.000,0.000,0.000,0.000,0.000,0.000,0.000,0.000,0.000,0.000,0.000,0.000,0.000,0.000,0.000,0.000,0.000,4.989,2.763,0.000,0.000]
  Iter 174: LB=-103.421114  UB=20.694586  gap=6.00e+00
  Cut: intercept=-1134.139306, π_x_range=[-826.1193, 590.3047]

=== True-DRO Benders iter 175 ===
  OMP: t₀=-103.420951, UB=20.694586, gap=6.00e+00, x=[0, 0, 0, 0, 0, 0, 0, 0, 0, 0, 0, 0, 0, 0, 1, 0, 0, 0, 0, 0, 0, 0, 0, 0, 0, 0, 0, 0, 0, 0, 0, 0, 1, 0, 0, 0] (3.427s)
  Sub: Z₀=22.043802 [TIME_LIMIT] (15.6s), α=[0.000,0.000,2.193,0.000,0.000,0.000,0.000,0.000,0.000,0.000,0.000,0.000,0.000,0.000,0.000,0.000,0.000,0.000,0.000,0.000,0.000,0.000,0.000,0.000,0.000,0.000,0.000,0.000,0.000,0.000,0.000,0.000,5.350,2.402,0.000,0.000]
  Iter 175: LB=-103.420951  UB=20.694586  gap=6.00e+00
  Cut: intercept=-76.614925, π_x_range=[-249.0000, 51.1073]

=== True-DRO Benders iter 176 ===
  OMP: t₀=-103.165955, UB=20.694586, gap=5.99e+00, x=[0, 0, 0, 0, 0, 0, 0, 0, 0, 0, 0, 0, 0, 0, 0, 0, 0, 0, 0, 1, 0, 0, 0, 0, 0, 0, 0, 0, 0, 0, 0, 0, 0, 1, 0, 0] (3.263s)
  Sub: Z₀=22.672551 [LOCAL] (0.3s), α=[0.000,0.000,1.696,0.000,0.000,0.000,0.000,0.000,0.000,0.000,0.000,0.000,0.000,0.000,0.000,0.000,0.000,0.000,0.000,0.000,0.000,0.000,0.000,0.000,0.000,0.000,0.000,0.000,0.000,0.000,0.000,0.000,0.012,8.236,0.000,0.000]
  Iter 176: LB=-103.165955  UB=20.694586  gap=5.99e+00
  Cut: intercept=-1140.496002, π_x_range=[-824.5019, 582.7186]

=== True-DRO Benders iter 177 ===
  OMP: t₀=-101.923877, UB=20.694586, gap=5.93e+00, x=[0, 0, 0, 0, 0, 1, 0, 0, 0, 0, 0, 0, 0, 0, 0, 0, 0, 0, 0, 0, 0, 0, 0, 0, 0, 0, 0, 0, 1, 0, 0, 0, 0, 0, 0, 0] (3.298s)
  Sub: Z₀=21.890852 [LOCAL] (0.3s), α=[0.000,0.000,1.887,0.000,0.000,4.312,0.000,0.000,0.000,0.000,0.000,0.000,0.000,1.125,0.000,0.000,0.000,0.114,0.000,0.000,0.000,0.000,0.000,0.000,0.000,0.000,0.000,0.000,0.000,0.291,1.114,0.000,0.269,0.832,0.000,0.000]
  Iter 177: LB=-101.923877  UB=20.694586  gap=5.93e+00
  Cut: intercept=-1084.927186, π_x_range=[-818.7880, 555.1443]

=== True-DRO Benders iter 178 ===
  OMP: t₀=-101.768488, UB=20.694586, gap=5.92e+00, x=[0, 0, 0, 0, 0, 0, 0, 0, 0, 1, 0, 0, 0, 0, 0, 0, 0, 0, 0, 0, 0, 0, 0, 0, 0, 0, 0, 1, 0, 0, 0, 0, 0, 0, 0, 0] (3.377s)
  Sub: Z₀=23.357071 [LOCAL] (0.4s), α=[0.000,0.000,5.295,0.000,0.000,0.000,0.000,0.000,0.000,0.238,0.000,0.000,0.000,0.000,0.000,0.000,0.000,0.000,0.000,0.000,0.000,0.000,0.000,0.000,0.000,0.000,0.000,0.395,0.000,0.000,0.000,0.000,0.684,3.332,0.000,0.000]
  Iter 178: LB=-101.768488  UB=20.694586  gap=5.92e+00
  Cut: intercept=-1127.790313, π_x_range=[-826.4818, 576.3922]

=== True-DRO Benders iter 179 ===
  OMP: t₀=-100.660273, UB=20.694586, gap=5.86e+00, x=[0, 0, 0, 0, 0, 0, 0, 0, 0, 0, 0, 0, 0, 0, 1, 0, 0, 1, 0, 0, 0, 0, 0, 0, 0, 0, 0, 0, 0, 0, 0, 0, 0, 0, 0, 0] (3.376s)
  Sub: Z₀=24.461161 [LOCAL] (0.3s), α=[0.000,0.000,5.896,0.000,0.000,0.000,0.000,0.000,0.000,0.000,0.000,0.000,0.000,0.000,0.000,0.000,0.000,0.520,0.000,0.000,0.000,0.000,0.000,0.000,0.000,0.000,0.000,0.000,0.000,0.000,0.000,0.000,0.212,3.317,0.000,0.000]
  Iter 179: LB=-100.660273  UB=20.694586  gap=5.86e+00
  Cut: intercept=-1143.115358, π_x_range=[-827.3564, 595.5205]

=== True-DRO Benders iter 180 ===
  OMP: t₀=-99.540733, UB=20.694586, gap=5.81e+00, x=[0, 0, 0, 0, 0, 0, 0, 0, 0, 0, 0, 0, 1, 0, 0, 0, 0, 0, 0, 1, 0, 0, 0, 0, 0, 0, 0, 0, 0, 0, 0, 0, 0, 0, 0, 0] (3.692s)
  Sub: Z₀=23.265103 [TIME_LIMIT] (15.7s), α=[0.000,0.000,3.325,0.000,0.000,0.000,0.000,0.000,0.000,0.000,0.000,0.000,1.694,0.576,0.000,0.000,0.000,0.051,0.000,0.000,0.000,0.000,0.000,0.000,0.000,0.000,0.000,0.000,0.000,0.000,0.000,0.000,0.000,4.299,0.000,0.000]
  Iter 180: LB=-99.540733  UB=20.694586  gap=5.81e+00
  Cut: intercept=-75.128603, π_x_range=[-239.0000, 68.5469]

=== True-DRO Benders iter 181 ===
  OMP: t₀=-99.254088, UB=20.694586, gap=5.80e+00, x=[0, 0, 0, 0, 0, 0, 1, 0, 0, 0, 0, 0, 0, 0, 0, 0, 0, 0, 0, 0, 0, 0, 0, 0, 1, 0, 0, 0, 0, 0, 0, 0, 0, 0, 0, 0] (3.715s)
  Sub: Z₀=23.486289 [LOCAL] (0.3s), α=[0.000,0.000,0.000,0.000,0.000,0.000,2.030,0.000,0.000,0.000,0.000,0.000,0.000,0.000,0.000,0.000,0.000,4.162,0.000,0.000,0.000,0.000,0.000,0.000,3.753,0.000,0.000,0.000,0.000,0.000,0.000,0.000,0.000,0.000,0.000,0.000]
  Iter 181: LB=-99.254088  UB=20.694586  gap=5.80e+00
  Cut: intercept=-1105.285103, π_x_range=[-823.8181, 577.5037]

=== True-DRO Benders iter 182 ===
  OMP: t₀=-98.146067, UB=20.694586, gap=5.74e+00, x=[0, 0, 0, 0, 0, 0, 0, 0, 0, 0, 0, 0, 0, 0, 0, 0, 0, 0, 0, 0, 0, 0, 0, 0, 0, 0, 0, 1, 0, 0, 0, 0, 1, 0, 0, 0] (3.546s)
  Sub: Z₀=21.392847 [LOCAL] (0.4s), α=[0.000,0.000,2.187,0.000,0.000,0.000,0.000,0.000,0.000,0.000,0.000,0.000,0.000,0.000,0.000,0.000,0.000,0.000,0.000,0.000,0.000,0.000,0.000,0.000,0.000,0.000,0.000,0.000,0.000,0.000,0.000,0.000,5.242,2.515,0.000,0.000]
  Iter 182: LB=-98.146067  UB=20.694586  gap=5.74e+00
  Cut: intercept=-1140.489730, π_x_range=[-824.8572, 581.6509]

=== True-DRO Benders iter 183 ===
  OMP: t₀=-97.934386, UB=20.694586, gap=5.73e+00, x=[0, 0, 0, 1, 0, 0, 0, 0, 0, 0, 0, 0, 0, 0, 0, 0, 0, 0, 0, 0, 0, 0, 0, 0, 0, 0, 0, 0, 0, 0, 0, 0, 0, 1, 0, 0] (3.977s)
  Sub: Z₀=22.672551 [LOCAL] (0.3s), α=[0.000,0.000,1.696,0.000,0.000,0.000,0.000,0.000,0.000,0.000,0.000,0.000,0.000,0.000,0.000,0.000,0.000,0.000,0.000,0.000,0.000,0.000,0.000,0.000,0.000,0.000,0.000,0.000,0.000,0.000,0.000,0.000,0.014,8.235,0.000,0.000]
  Iter 183: LB=-97.934386  UB=20.694586  gap=5.73e+00
  Cut: intercept=-1141.386606, π_x_range=[-824.3932, 583.6284]

=== True-DRO Benders iter 184 ===
  OMP: t₀=-97.934318, UB=20.694586, gap=5.73e+00, x=[0, 0, 0, 0, 1, 0, 0, 0, 0, 0, 0, 0, 0, 0, 0, 0, 0, 0, 0, 0, 0, 0, 0, 0, 0, 0, 0, 0, 0, 0, 0, 0, 0, 1, 0, 0] (3.706s)
  Sub: Z₀=22.672551 [LOCAL] (0.3s), α=[0.000,0.000,1.696,0.000,0.000,0.000,0.000,0.000,0.000,0.000,0.000,0.000,0.000,0.000,0.000,0.000,0.000,0.000,0.000,0.000,0.000,0.000,0.000,0.000,0.000,0.000,0.000,0.000,0.000,0.000,0.000,0.000,0.012,8.237,0.000,0.000]
  Iter 184: LB=-97.934318  UB=20.694586  gap=5.73e+00
  Cut: intercept=-1122.020134, π_x_range=[-824.4701, 580.6096]

=== True-DRO Benders iter 185 ===
  OMP: t₀=-97.934074, UB=20.694586, gap=5.73e+00, x=[0, 0, 0, 0, 0, 0, 0, 1, 0, 0, 0, 0, 0, 0, 0, 0, 0, 0, 0, 0, 0, 0, 0, 0, 0, 0, 0, 0, 0, 0, 0, 0, 0, 1, 0, 0] (3.569s)
  Sub: Z₀=22.672551 [TIME_LIMIT] (15.5s), α=[0.000,0.000,1.696,0.000,0.000,0.000,0.000,0.000,0.000,0.000,0.000,0.000,0.000,0.000,0.000,0.000,0.000,0.000,0.000,0.000,0.000,0.000,0.000,0.000,0.000,0.000,0.000,0.000,0.000,0.000,0.000,0.000,0.020,8.228,0.000,0.000]
  Iter 185: LB=-97.934074  UB=20.694586  gap=5.73e+00
  Cut: intercept=-82.797816, π_x_range=[-269.0000, 62.5681]

=== True-DRO Benders iter 186 ===
  OMP: t₀=-97.676169, UB=20.694586, gap=5.72e+00, x=[0, 0, 0, 0, 1, 0, 0, 0, 0, 0, 0, 0, 0, 0, 0, 0, 0, 1, 0, 0, 0, 0, 0, 0, 0, 0, 0, 0, 0, 0, 0, 0, 0, 0, 0, 0] (3.606s)
  Sub: Z₀=24.461161 [LOCAL] (0.3s), α=[0.000,0.000,5.897,0.000,0.000,0.000,0.000,0.000,0.000,0.000,0.000,0.000,0.000,0.000,0.000,0.000,0.000,0.519,0.000,0.000,0.000,0.000,0.000,0.000,0.000,0.000,0.000,0.000,0.000,0.000,0.000,0.000,0.183,3.345,0.000,0.000]
  Iter 186: LB=-97.676169  UB=20.694586  gap=5.72e+00
  Cut: intercept=-1135.701565, π_x_range=[-827.3680, 595.5285]

=== True-DRO Benders iter 187 ===
  OMP: t₀=-97.565062, UB=20.694586, gap=5.71e+00, x=[0, 0, 0, 0, 0, 0, 1, 0, 0, 0, 0, 0, 0, 0, 0, 0, 0, 0, 0, 0, 0, 0, 0, 0, 0, 0, 0, 0, 0, 0, 0, 0, 1, 0, 0, 0] (3.626s)
  Sub: Z₀=21.749224 [LOCAL] (0.3s), α=[0.000,0.000,2.193,0.000,0.000,0.000,0.000,0.000,0.000,0.000,0.000,0.000,0.000,0.000,0.000,0.000,0.000,0.000,0.000,0.000,0.000,0.000,0.000,0.000,0.000,0.000,0.000,0.000,0.000,0.000,0.000,0.000,5.091,2.661,0.000,0.000]
  Iter 187: LB=-97.565062  UB=20.694586  gap=5.71e+00
  Cut: intercept=-1155.855136, π_x_range=[-827.3438, 590.3547]

=== True-DRO Benders iter 188 ===
  OMP: t₀=-97.452281, UB=20.694586, gap=5.71e+00, x=[0, 0, 0, 1, 0, 0, 0, 0, 0, 0, 0, 0, 0, 0, 0, 0, 0, 0, 0, 0, 0, 0, 0, 0, 0, 0, 0, 0, 0, 0, 0, 0, 1, 0, 0, 0] (3.483s)
  Sub: Z₀=21.749224 [LOCAL] (0.3s), α=[0.000,0.000,2.193,0.000,0.000,0.000,0.000,0.000,0.000,0.000,0.000,0.000,0.000,0.000,0.000,0.000,0.000,0.000,0.000,0.000,0.000,0.000,0.000,0.000,0.000,0.000,0.000,0.000,0.000,0.000,0.000,0.000,5.686,2.066,0.000,0.000]
  Iter 188: LB=-97.452281  UB=20.694586  gap=5.71e+00
  Cut: intercept=-1153.557224, π_x_range=[-826.1347, 590.2291]

=== True-DRO Benders iter 189 ===
  OMP: t₀=-96.786493, UB=20.694586, gap=5.68e+00, x=[0, 0, 0, 0, 0, 0, 0, 0, 0, 0, 0, 0, 1, 0, 0, 0, 0, 0, 0, 0, 0, 0, 0, 0, 0, 0, 0, 0, 0, 1, 0, 0, 0, 0, 0, 0] (3.653s)
  Sub: Z₀=23.265095 [LOCAL] (0.3s), α=[0.000,0.000,3.346,0.000,0.000,0.000,0.000,0.000,0.000,0.000,0.000,0.000,0.715,2.265,0.000,0.000,0.000,0.030,0.000,0.000,0.000,0.000,0.000,0.000,0.000,0.000,0.000,0.000,0.000,0.000,0.000,0.000,0.000,3.589,0.000,0.000]
  Iter 189: LB=-96.786493  UB=20.694586  gap=5.68e+00
  Cut: intercept=-1141.349414, π_x_range=[-819.1928, 595.2124]

=== True-DRO Benders iter 190 ===
  OMP: t₀=-95.569612, UB=20.694586, gap=5.62e+00, x=[0, 0, 0, 0, 0, 0, 0, 0, 0, 0, 0, 0, 0, 0, 0, 0, 0, 0, 0, 0, 0, 0, 0, 0, 0, 0, 0, 0, 0, 0, 0, 0, 0, 1, 0, 1] (3.968s)
  Sub: Z₀=22.672551 [TIME_LIMIT] (15.7s), α=[0.000,0.000,1.696,0.000,0.000,0.000,0.000,0.000,0.000,0.000,0.000,0.000,0.000,0.000,0.000,0.000,0.000,0.000,0.000,0.000,0.000,0.000,0.000,0.000,0.000,0.000,0.000,0.000,0.000,0.000,0.000,0.000,0.018,8.231,0.000,0.000]
  Iter 190: LB=-95.569612  UB=20.694586  gap=5.62e+00
  Cut: intercept=-51.974492, π_x_range=[-269.0000, 42.8932]

=== True-DRO Benders iter 191 ===
  OMP: t₀=-95.062747, UB=20.694586, gap=5.59e+00, x=[0, 0, 0, 0, 0, 0, 0, 0, 0, 0, 0, 0, 0, 0, 0, 0, 0, 0, 0, 1, 0, 0, 0, 0, 0, 0, 0, 0, 0, 0, 0, 0, 1, 0, 0, 0] (4.022s)
  Sub: Z₀=21.749224 [LOCAL] (0.3s), α=[0.000,0.000,2.193,0.000,0.000,0.000,0.000,0.000,0.000,0.000,0.000,0.000,0.000,0.000,0.000,0.000,0.000,0.000,0.000,0.000,0.000,0.000,0.000,0.000,0.000,0.000,0.000,0.000,0.000,0.000,0.000,0.000,5.486,2.265,0.000,0.000]
  Iter 191: LB=-95.062747  UB=20.694586  gap=5.59e+00
  Cut: intercept=-1152.642836, π_x_range=[-826.1946, 590.1866]

=== True-DRO Benders iter 192 ===
  OMP: t₀=-94.694314, UB=20.694586, gap=5.58e+00, x=[0, 0, 0, 0, 0, 0, 0, 1, 0, 0, 0, 0, 0, 0, 0, 0, 0, 0, 0, 0, 0, 0, 0, 0, 0, 0, 0, 0, 0, 0, 0, 0, 1, 0, 0, 0] (4.230s)
  Sub: Z₀=21.749224 [LOCAL] (0.3s), α=[0.000,0.000,2.193,0.000,0.000,0.000,0.000,0.000,0.000,0.000,0.000,0.000,0.000,0.000,0.000,0.000,0.000,0.000,0.000,0.000,0.000,0.000,0.000,0.000,0.000,0.000,0.000,0.000,0.000,0.000,0.000,0.000,5.413,2.338,0.000,0.000]
  Iter 192: LB=-94.694314  UB=20.694586  gap=5.58e+00
  Cut: intercept=-1139.119243, π_x_range=[-825.8130, 590.2485]

=== True-DRO Benders iter 193 ===
  OMP: t₀=-94.501946, UB=20.694586, gap=5.57e+00, x=[0, 0, 0, 0, 0, 0, 0, 0, 1, 0, 0, 0, 1, 0, 0, 0, 0, 0, 0, 0, 0, 0, 0, 0, 0, 0, 0, 0, 0, 0, 0, 0, 0, 0, 0, 0] (3.962s)
  Sub: Z₀=23.265095 [LOCAL] (0.4s), α=[0.000,0.000,3.343,0.000,0.000,0.000,0.000,0.000,0.000,0.000,0.000,0.000,1.997,0.000,0.000,0.000,0.000,0.033,0.000,0.000,0.000,0.000,0.000,0.000,0.000,0.000,0.000,0.000,0.000,0.000,0.000,0.000,0.000,4.572,0.000,0.000]
  Iter 193: LB=-94.501946  UB=20.694586  gap=5.57e+00
  Cut: intercept=-1135.957707, π_x_range=[-820.4940, 587.8305]

=== True-DRO Benders iter 194 ===
  OMP: t₀=-94.309163, UB=20.694586, gap=5.56e+00, x=[0, 0, 0, 1, 0, 0, 0, 0, 0, 0, 0, 0, 1, 0, 0, 0, 0, 0, 0, 0, 0, 0, 0, 0, 0, 0, 0, 0, 0, 0, 0, 0, 0, 0, 0, 0] (3.836s)
  Sub: Z₀=23.265095 [LOCAL] (0.3s), α=[0.000,0.000,3.343,0.000,0.000,0.000,0.000,0.000,0.000,0.000,0.000,0.000,1.567,0.510,0.000,0.000,0.000,0.033,0.000,0.000,0.000,0.000,0.000,0.000,0.000,0.000,0.000,0.000,0.000,0.000,0.000,0.000,0.000,4.491,0.000,0.000]
  Iter 194: LB=-94.309163  UB=20.694586  gap=5.56e+00
  Cut: intercept=-1127.704393, π_x_range=[-820.2139, 580.2572]

=== True-DRO Benders iter 195 ===
  OMP: t₀=-94.309022, UB=20.694586, gap=5.56e+00, x=[1, 0, 0, 0, 0, 0, 0, 0, 0, 0, 0, 0, 1, 0, 0, 0, 0, 0, 0, 0, 0, 0, 0, 0, 0, 0, 0, 0, 0, 0, 0, 0, 0, 0, 0, 0] (4.479s)
  Sub: Z₀=23.265096 [TIME_LIMIT] (15.7s), α=[0.000,0.000,3.330,0.000,0.000,0.000,0.000,0.000,0.000,0.000,0.000,0.000,1.557,0.672,0.000,0.000,0.000,0.046,0.000,0.000,0.000,0.000,0.000,0.000,0.000,0.000,0.000,0.000,0.000,0.000,0.000,0.000,0.000,4.339,0.000,0.000]
  Iter 195: LB=-94.309022  UB=20.694586  gap=5.56e+00
  Cut: intercept=-62.769164, π_x_range=[-241.0000, 68.5469]

=== True-DRO Benders iter 196 ===
  OMP: t₀=-94.309000, UB=20.694586, gap=5.56e+00, x=[0, 0, 0, 0, 0, 0, 0, 0, 0, 0, 0, 0, 1, 0, 0, 0, 0, 0, 0, 0, 0, 0, 0, 1, 0, 0, 0, 0, 0, 0, 0, 0, 0, 0, 0, 0] (4.199s)
  Sub: Z₀=23.265095 [LOCAL] (0.3s), α=[0.000,0.000,3.343,0.000,0.000,0.000,0.000,0.000,0.000,0.000,0.000,0.000,1.601,0.521,0.000,0.000,0.000,0.033,0.000,0.000,0.000,0.000,0.000,0.000,0.000,0.000,0.000,0.000,0.000,0.000,0.000,0.000,0.000,4.446,0.000,0.000]
  Iter 196: LB=-94.309000  UB=20.694586  gap=5.56e+00
  Cut: intercept=-1131.470419, π_x_range=[-820.1761, 583.3219]

=== True-DRO Benders iter 197 ===
  OMP: t₀=-94.308927, UB=20.694586, gap=5.56e+00, x=[0, 0, 0, 0, 0, 0, 0, 0, 0, 0, 0, 0, 1, 0, 0, 0, 0, 0, 0, 0, 0, 0, 0, 0, 0, 0, 0, 0, 0, 0, 0, 0, 0, 0, 0, 1] (4.313s)
  Sub: Z₀=23.265095 [LOCAL] (0.4s), α=[0.000,0.000,3.343,0.000,0.000,0.000,0.000,0.000,0.000,0.000,0.000,0.000,1.574,0.511,0.000,0.000,0.000,0.033,0.000,0.000,0.000,0.000,0.000,0.000,0.000,0.000,0.000,0.000,0.000,0.000,0.000,0.000,0.000,4.483,0.000,0.000]
  Iter 197: LB=-94.308927  UB=20.694586  gap=5.56e+00
  Cut: intercept=-1125.183878, π_x_range=[-820.1258, 577.0159]

=== True-DRO Benders iter 198 ===
  OMP: t₀=-93.996716, UB=20.694586, gap=5.54e+00, x=[0, 0, 0, 0, 0, 0, 0, 0, 0, 0, 0, 0, 0, 1, 0, 0, 0, 0, 0, 0, 0, 0, 0, 0, 1, 0, 0, 0, 0, 0, 0, 0, 0, 0, 0, 0] (4.236s)
  Sub: Z₀=24.400438 [LOCAL] (0.3s), α=[0.000,0.000,0.649,0.000,0.000,0.000,0.000,0.000,0.000,0.058,0.000,0.000,0.000,0.000,0.000,0.000,0.000,4.930,0.000,0.000,0.000,0.000,0.000,0.000,2.201,0.000,0.000,0.701,0.000,0.000,0.000,0.000,0.009,1.395,0.000,0.000]
  Iter 198: LB=-93.996716  UB=20.694586  gap=5.54e+00
  Cut: intercept=-1110.094893, π_x_range=[-823.3087, 589.6582]

=== True-DRO Benders iter 199 ===
  OMP: t₀=-93.750943, UB=20.694586, gap=5.53e+00, x=[0, 0, 0, 0, 0, 0, 0, 0, 0, 0, 0, 0, 0, 0, 0, 0, 0, 0, 0, 0, 0, 0, 0, 0, 0, 0, 0, 0, 0, 0, 0, 0, 1, 0, 1, 0] (4.033s)
  Sub: Z₀=21.749224 [LOCAL] (0.3s), α=[0.000,0.000,2.193,0.000,0.000,0.000,0.000,0.000,0.000,0.000,0.000,0.000,0.000,0.000,0.000,0.000,0.000,0.000,0.000,0.000,0.000,0.000,0.000,0.000,0.000,0.000,0.000,0.000,0.000,0.000,0.000,0.000,5.277,2.474,0.000,0.000]
  Iter 199: LB=-93.750943  UB=20.694586  gap=5.53e+00
  Cut: intercept=-1150.642755, π_x_range=[-826.0131, 590.2666]

=== True-DRO Benders iter 200 ===
  OMP: t₀=-92.976979, UB=20.694586, gap=5.49e+00, x=[0, 0, 0, 0, 0, 0, 0, 0, 0, 1, 0, 0, 0, 0, 0, 0, 0, 0, 0, 1, 0, 0, 0, 0, 0, 0, 0, 0, 0, 0, 0, 0, 0, 0, 0, 0] (3.915s)
  Sub: Z₀=24.060301 [TIME_LIMIT] (16.0s), α=[0.000,0.000,4.807,0.000,0.000,0.000,0.000,0.000,0.000,1.221,0.000,0.000,0.000,0.000,0.000,0.000,0.000,0.000,0.000,0.000,0.000,0.000,0.000,0.000,0.000,0.000,0.000,0.000,0.000,0.000,0.000,0.000,1.229,2.688,0.000,0.000]
  Iter 200: LB=-92.976979  UB=20.694586  gap=5.49e+00
  Cut: intercept=-56.379449, π_x_range=[-246.0000, 52.9571]

=== True-DRO Benders iter 201 ===
  OMP: t₀=-92.970651, UB=20.694586, gap=5.49e+00, x=[0, 0, 0, 0, 0, 0, 0, 0, 1, 0, 0, 0, 0, 0, 0, 0, 0, 0, 0, 0, 0, 0, 0, 0, 0, 0, 0, 0, 0, 0, 0, 0, 0, 1, 0, 0] (4.060s)
  Sub: Z₀=22.672551 [LOCAL] (0.3s), α=[0.000,0.000,1.696,0.000,0.000,0.000,0.000,0.000,0.000,0.000,0.000,0.000,0.000,0.000,0.000,0.000,0.000,0.000,0.000,0.000,0.000,0.000,0.000,0.000,0.000,0.000,0.000,0.000,0.000,0.000,0.000,0.000,0.011,8.237,0.000,0.000]
  Iter 201: LB=-92.970651  UB=20.694586  gap=5.49e+00
  Cut: intercept=-1145.222326, π_x_range=[-824.4437, 587.3571]

=== True-DRO Benders iter 202 ===
  OMP: t₀=-92.145228, UB=20.694586, gap=5.45e+00, x=[0, 0, 0, 0, 0, 0, 0, 0, 0, 0, 0, 0, 0, 0, 0, 0, 0, 1, 0, 0, 0, 0, 1, 0, 0, 0, 0, 0, 0, 0, 0, 0, 0, 0, 0, 0] (4.638s)
  Sub: Z₀=23.354873 [LOCAL] (0.4s), α=[0.000,0.000,3.690,0.000,0.000,0.000,0.000,0.000,0.000,0.000,0.000,0.000,0.000,0.000,0.000,0.000,0.000,2.726,0.000,0.000,0.000,0.000,0.000,0.000,0.000,0.000,0.000,0.000,0.000,0.000,0.000,0.000,2.416,1.113,0.000,0.000]
  Iter 202: LB=-92.145228  UB=20.694586  gap=5.45e+00
  Cut: intercept=-1132.260421, π_x_range=[-824.1617, 593.1664]

=== True-DRO Benders iter 203 ===
  OMP: t₀=-90.982950, UB=20.694586, gap=5.40e+00, x=[0, 0, 0, 0, 0, 0, 0, 0, 0, 0, 0, 0, 1, 0, 0, 0, 1, 0, 0, 0, 0, 0, 0, 0, 0, 0, 0, 0, 0, 0, 0, 0, 0, 0, 0, 0] (4.244s)
  Sub: Z₀=23.265095 [LOCAL] (0.4s), α=[0.000,0.000,3.336,0.000,0.000,0.000,0.000,0.000,0.000,0.000,0.000,0.000,1.589,0.522,0.000,0.000,0.000,0.040,0.000,0.000,0.000,0.000,0.000,0.000,0.000,0.000,0.000,0.000,0.000,0.000,0.000,0.000,0.000,4.457,0.000,0.000]
  Iter 203: LB=-90.982950  UB=20.694586  gap=5.40e+00
  Cut: intercept=-1135.150140, π_x_range=[-820.2219, 587.0006]

=== True-DRO Benders iter 204 ===
  OMP: t₀=-90.737893, UB=20.694586, gap=5.38e+00, x=[0, 0, 0, 0, 0, 0, 0, 0, 0, 0, 0, 0, 1, 0, 0, 0, 0, 0, 0, 0, 0, 0, 0, 0, 0, 0, 1, 0, 0, 0, 0, 0, 0, 0, 0, 0] (4.209s)
  Sub: Z₀=23.265095 [LOCAL] (0.4s), α=[0.000,0.000,3.343,0.000,0.000,0.000,0.000,0.000,0.000,0.000,0.000,0.000,1.486,0.631,0.000,0.000,0.000,0.033,0.000,0.000,0.000,0.000,0.000,0.000,0.000,0.000,0.000,0.000,0.000,0.000,0.000,0.000,0.000,4.451,0.000,0.000]
  Iter 204: LB=-90.737893  UB=20.694586  gap=5.38e+00
  Cut: intercept=-1137.475701, π_x_range=[-820.0600, 589.3884]

=== True-DRO Benders iter 205 ===
  OMP: t₀=-89.786493, UB=20.694586, gap=5.34e+00, x=[0, 0, 0, 0, 0, 0, 0, 0, 0, 0, 0, 0, 1, 1, 0, 0, 0, 0, 0, 0, 0, 0, 0, 0, 0, 0, 0, 0, 0, 0, 0, 0, 0, 0, 0, 0] (4.210s)
  Sub: Z₀=22.057976 [TIME_LIMIT] (15.6s), α=[0.000,0.000,2.098,0.000,0.000,0.000,0.000,0.000,0.000,0.000,0.000,0.000,0.966,1.843,0.000,0.000,0.000,0.071,0.000,0.000,0.000,0.000,0.000,0.000,0.000,0.000,0.000,0.000,0.000,0.000,0.000,0.000,0.000,4.967,0.000,0.000]
  Iter 205: LB=-89.786493  UB=20.694586  gap=5.34e+00
  Cut: intercept=-60.430773, π_x_range=[-206.0000, 68.5469]

=== True-DRO Benders iter 206 ===
  OMP: t₀=-88.992213, UB=20.694586, gap=5.30e+00, x=[0, 0, 0, 0, 0, 1, 0, 0, 0, 0, 0, 0, 1, 0, 0, 0, 0, 0, 0, 0, 0, 0, 0, 0, 0, 0, 0, 0, 0, 0, 0, 0, 0, 0, 0, 0] (5.107s)
  Sub: Z₀=21.890851 [LOCAL] (0.3s), α=[0.000,0.000,1.783,0.000,0.000,1.904,0.000,0.000,0.000,0.000,0.000,0.000,0.000,4.400,0.000,0.000,0.000,0.219,0.000,0.000,0.000,0.000,0.000,0.000,0.000,0.000,0.000,0.000,0.000,0.097,0.441,0.000,0.000,1.101,0.000,0.000]
  Iter 206: LB=-88.992213  UB=20.694586  gap=5.30e+00
  Cut: intercept=-1095.819220, π_x_range=[-817.4195, 562.3555]

=== True-DRO Benders iter 207 ===
  OMP: t₀=-88.962045, UB=20.694586, gap=5.30e+00, x=[0, 0, 0, 0, 0, 0, 0, 0, 0, 1, 0, 0, 0, 0, 0, 0, 0, 0, 0, 0, 0, 0, 0, 0, 0, 0, 0, 0, 0, 1, 0, 0, 0, 0, 0, 0] (4.142s)
  Sub: Z₀=23.573089 [LOCAL] (0.3s), α=[0.000,0.000,5.422,0.000,0.000,0.000,0.000,0.000,0.000,0.000,0.000,0.000,0.000,0.000,0.000,0.000,0.000,0.000,0.000,0.000,0.000,0.000,0.000,0.000,0.000,0.000,0.000,0.000,0.000,0.000,0.000,0.000,1.820,2.702,0.000,0.000]
  Iter 207: LB=-88.962045  UB=20.694586  gap=5.30e+00
  Cut: intercept=-1130.650647, π_x_range=[-826.4563, 589.0291]

=== True-DRO Benders iter 208 ===
  OMP: t₀=-88.803042, UB=20.694586, gap=5.29e+00, x=[0, 0, 0, 0, 0, 0, 0, 0, 0, 0, 0, 0, 0, 0, 0, 0, 0, 0, 0, 0, 0, 0, 0, 0, 1, 0, 0, 0, 0, 0, 1, 0, 0, 0, 0, 0] (4.507s)
  Sub: Z₀=24.146742 [LOCAL] (0.4s), α=[0.000,0.000,0.513,0.000,0.000,0.000,0.037,0.000,0.000,0.033,0.000,0.000,0.000,0.000,0.000,0.000,0.000,4.685,0.000,0.000,0.000,0.000,0.000,0.000,1.673,0.000,0.000,0.489,0.000,0.000,0.000,0.000,0.655,1.859,0.000,0.000]
  Iter 208: LB=-88.803042  UB=20.694586  gap=5.29e+00
  Cut: intercept=-1118.174517, π_x_range=[-823.3971, 595.2175]

=== True-DRO Benders iter 209 ===
  OMP: t₀=-88.791510, UB=20.694586, gap=5.29e+00, x=[0, 0, 0, 0, 0, 0, 0, 0, 0, 0, 0, 0, 0, 0, 0, 0, 0, 0, 0, 0, 0, 0, 1, 0, 0, 0, 0, 0, 0, 1, 0, 0, 0, 0, 0, 0] (4.098s)
  Sub: Z₀=23.551601 [LOCAL] (0.3s), α=[0.000,0.000,4.182,0.000,0.000,0.086,0.000,0.000,0.000,0.000,0.000,0.000,0.000,2.312,0.000,0.000,0.000,0.000,0.000,0.000,0.000,0.000,0.082,0.000,0.000,0.000,0.000,0.000,0.000,0.000,0.000,0.000,2.902,0.380,0.000,0.000]
  Iter 209: LB=-88.791510  UB=20.694586  gap=5.29e+00
  Cut: intercept=-1131.277210, π_x_range=[-824.9548, 591.0727]

=== True-DRO Benders iter 210 ===
  OMP: t₀=-88.446464, UB=20.694586, gap=5.27e+00, x=[0, 0, 0, 0, 0, 0, 0, 0, 0, 0, 0, 0, 0, 0, 0, 0, 0, 1, 0, 0, 0, 0, 0, 0, 0, 0, 0, 1, 0, 0, 0, 0, 0, 0, 0, 0] (4.877s)
  Sub: Z₀=24.683723 [TIME_LIMIT] (15.9s), α=[0.000,0.000,6.416,0.000,0.000,0.000,0.000,0.000,0.000,0.000,0.000,0.000,0.000,0.000,0.000,0.000,0.000,0.000,0.000,0.000,0.000,0.000,0.000,0.000,0.000,0.000,0.000,0.000,0.000,0.000,0.000,0.000,0.464,3.064,0.000,0.000]
  Iter 210: LB=-88.446464  UB=20.694586  gap=5.27e+00
  Cut: intercept=-53.540166, π_x_range=[-256.0000, 49.8724]

=== True-DRO Benders iter 211 ===
  OMP: t₀=-88.434891, UB=20.694586, gap=5.27e+00, x=[0, 0, 0, 0, 0, 0, 0, 0, 0, 0, 0, 0, 0, 0, 0, 0, 0, 0, 0, 0, 0, 0, 0, 0, 0, 0, 0, 0, 0, 1, 0, 0, 0, 1, 0, 0] (5.239s)
  Sub: Z₀=22.610224 [LOCAL] (0.3s), α=[0.000,0.000,1.783,0.000,0.000,0.000,0.000,0.000,0.000,0.000,0.000,0.000,0.000,0.000,0.000,0.000,0.000,0.000,0.000,0.000,0.000,0.000,0.000,0.000,0.000,0.000,0.000,0.000,0.000,0.000,0.000,0.000,0.000,8.162,0.000,0.000]
  Iter 211: LB=-88.434891  UB=20.694586  gap=5.27e+00
  Cut: intercept=-1143.322469, π_x_range=[-821.2912, 590.4634]

=== True-DRO Benders iter 212 ===
  OMP: t₀=-87.938193, UB=20.694586, gap=5.25e+00, x=[0, 0, 0, 0, 0, 0, 0, 0, 1, 1, 0, 0, 0, 0, 0, 0, 0, 0, 0, 0, 0, 0, 0, 0, 0, 0, 0, 0, 0, 0, 0, 0, 0, 0, 0, 0] (4.687s)
  Sub: Z₀=23.489937 [LOCAL] (0.3s), α=[0.000,0.000,5.422,0.000,0.000,0.000,0.000,0.000,0.000,0.000,0.000,0.000,0.000,0.000,0.000,0.000,0.000,0.000,0.000,0.000,0.000,0.000,0.000,0.000,0.000,0.000,0.000,0.000,0.000,0.000,0.000,0.000,0.876,3.646,0.000,0.000]
  Iter 212: LB=-87.938193  UB=20.694586  gap=5.25e+00
  Cut: intercept=-1129.194113, π_x_range=[-825.9935, 586.6515]

=== True-DRO Benders iter 213 ===
  OMP: t₀=-87.890649, UB=20.694586, gap=5.25e+00, x=[0, 0, 0, 0, 0, 1, 0, 0, 0, 0, 0, 0, 0, 0, 0, 0, 0, 0, 1, 0, 0, 0, 0, 0, 0, 0, 0, 0, 0, 0, 0, 0, 0, 0, 0, 0] (4.617s)
  Sub: Z₀=21.886175 [LOCAL] (0.3s), α=[0.000,0.000,1.940,0.000,0.000,3.721,0.000,0.000,0.000,0.000,0.000,0.000,0.000,0.953,0.000,0.000,0.000,0.061,0.000,0.000,0.000,0.000,0.000,0.000,0.000,0.000,0.000,0.000,0.000,2.167,0.000,0.000,0.259,0.842,0.000,0.000]
  Iter 213: LB=-87.890649  UB=20.694586  gap=5.25e+00
  Cut: intercept=-1090.192802, π_x_range=[-818.7292, 556.5251]

=== True-DRO Benders iter 214 ===
  OMP: t₀=-87.865460, UB=20.694586, gap=5.25e+00, x=[0, 0, 0, 0, 0, 0, 1, 0, 0, 0, 0, 0, 0, 0, 0, 0, 0, 1, 0, 0, 0, 0, 0, 0, 0, 0, 0, 0, 0, 0, 0, 0, 0, 0, 0, 0] (4.618s)
  Sub: Z₀=24.461161 [LOCAL] (0.3s), α=[0.000,0.000,4.734,0.000,0.000,0.000,0.000,0.000,0.000,0.000,0.000,0.000,0.000,0.000,0.000,0.000,0.000,1.682,0.000,0.000,0.000,0.000,0.000,0.000,0.000,0.000,0.000,0.000,0.000,0.000,0.000,0.000,0.213,3.315,0.000,0.000]
  Iter 214: LB=-87.865460  UB=20.694586  gap=5.25e+00
  Cut: intercept=-1156.409133, π_x_range=[-826.6829, 595.3947]

=== True-DRO Benders iter 215 ===
  OMP: t₀=-87.745410, UB=20.694586, gap=5.24e+00, x=[0, 0, 0, 1, 0, 0, 0, 0, 0, 1, 0, 0, 0, 0, 0, 0, 0, 0, 0, 0, 0, 0, 0, 0, 0, 0, 0, 0, 0, 0, 0, 0, 0, 0, 0, 0] (4.763s)
  Sub: Z₀=24.331801 [TIME_LIMIT] (15.7s), α=[0.000,0.000,5.422,0.000,0.000,0.000,0.000,0.000,0.000,0.000,0.000,0.000,0.000,0.000,0.000,0.000,0.000,0.000,0.000,0.000,0.000,0.000,0.000,0.000,0.000,0.000,0.000,0.000,0.000,0.000,0.000,0.000,1.234,3.288,0.000,0.000]
  Iter 215: LB=-87.745410  UB=20.694586  gap=5.24e+00
  Cut: intercept=-52.323978, π_x_range=[-232.0000, 52.1443]

=== True-DRO Benders iter 216 ===
  OMP: t₀=-87.745302, UB=20.694586, gap=5.24e+00, x=[0, 0, 0, 0, 0, 0, 0, 0, 0, 1, 0, 0, 0, 0, 0, 0, 0, 0, 0, 0, 0, 0, 0, 0, 0, 0, 0, 0, 0, 0, 0, 0, 0, 0, 1, 0] (4.629s)
  Sub: Z₀=23.620938 [LOCAL] (0.4s), α=[0.000,0.000,5.422,0.000,0.000,0.000,0.000,0.000,0.000,0.000,0.000,0.000,0.000,0.000,0.000,0.000,0.000,0.000,0.000,0.000,0.000,0.000,0.000,0.000,0.000,0.000,0.000,0.000,0.000,0.000,0.000,0.000,0.979,3.543,0.000,0.000]
  Iter 216: LB=-87.745302  UB=20.694586  gap=5.24e+00
  Cut: intercept=-1120.937887, π_x_range=[-826.5852, 578.4833]

=== True-DRO Benders iter 217 ===
  OMP: t₀=-87.745173, UB=20.694586, gap=5.24e+00, x=[0, 0, 0, 0, 0, 0, 0, 0, 0, 1, 0, 0, 0, 0, 0, 0, 0, 0, 0, 0, 0, 0, 0, 0, 0, 0, 0, 0, 0, 0, 0, 0, 0, 0, 0, 1] (4.586s)
  Sub: Z₀=23.620938 [LOCAL] (0.3s), α=[0.000,0.000,5.422,0.000,0.000,0.000,0.000,0.000,0.000,0.000,0.000,0.000,0.000,0.000,0.000,0.000,0.000,0.000,0.000,0.000,0.000,0.000,0.000,0.000,0.000,0.000,0.000,0.000,0.000,0.000,0.000,0.000,0.977,3.545,0.000,0.000]
  Iter 217: LB=-87.745173  UB=20.694586  gap=5.24e+00
  Cut: intercept=-1123.409662, π_x_range=[-826.5108, 580.9936]

=== True-DRO Benders iter 218 ===
  OMP: t₀=-87.635715, UB=20.694586, gap=5.23e+00, x=[0, 0, 0, 0, 0, 0, 0, 0, 0, 0, 0, 0, 0, 1, 0, 0, 0, 0, 0, 0, 0, 0, 1, 0, 0, 0, 0, 0, 0, 0, 0, 0, 0, 0, 0, 0] (4.571s)
  Sub: Z₀=23.603511 [LOCAL] (0.4s), α=[0.000,0.000,3.089,0.000,0.000,0.062,0.000,0.000,0.000,0.000,0.000,0.000,0.000,3.602,0.000,0.000,0.000,0.000,0.000,0.000,0.000,0.000,0.988,0.000,0.000,0.000,0.000,0.000,0.000,0.000,0.000,0.000,1.376,0.828,0.000,0.000]
  Iter 218: LB=-87.635715  UB=20.694586  gap=5.23e+00
  Cut: intercept=-1115.367516, π_x_range=[-822.2865, 588.6124]

=== True-DRO Benders iter 219 ===
  OMP: t₀=-87.364390, UB=20.694586, gap=5.22e+00, x=[1, 0, 0, 0, 0, 0, 0, 0, 0, 1, 0, 0, 0, 0, 0, 0, 0, 0, 0, 0, 0, 0, 0, 0, 0, 0, 0, 0, 0, 0, 0, 0, 0, 0, 0, 0] (4.796s)
  Sub: Z₀=23.620938 [LOCAL] (0.3s), α=[0.000,0.000,5.422,0.000,0.000,0.000,0.000,0.000,0.000,0.000,0.000,0.000,0.000,0.000,0.000,0.000,0.000,0.000,0.000,0.000,0.000,0.000,0.000,0.000,0.000,0.000,0.000,0.000,0.000,0.000,0.000,0.000,0.985,3.537,0.000,0.000]
  Iter 219: LB=-87.364390  UB=20.694586  gap=5.22e+00
  Cut: intercept=-1129.643295, π_x_range=[-826.2199, 587.2352]

=== True-DRO Benders iter 220 ===
  OMP: t₀=-87.014434, UB=20.694586, gap=5.20e+00, x=[1, 0, 0, 0, 0, 0, 0, 0, 0, 0, 0, 0, 0, 0, 0, 0, 0, 0, 0, 0, 0, 0, 0, 0, 0, 0, 0, 0, 0, 0, 0, 0, 0, 1, 0, 0] (4.592s)
  Sub: Z₀=22.672551 [TIME_LIMIT] (15.7s), α=[0.000,0.000,1.696,0.000,0.000,0.000,0.000,0.000,0.000,0.000,0.000,0.000,0.000,0.000,0.000,0.000,0.000,0.000,0.000,0.000,0.000,0.000,0.000,0.000,0.000,0.000,0.000,0.000,0.000,0.000,0.000,0.000,0.018,8.231,0.000,0.000]
  Iter 220: LB=-87.014434  UB=20.694586  gap=5.20e+00
  Cut: intercept=-37.691484, π_x_range=[-269.0000, 42.8767]

=== True-DRO Benders iter 221 ===
  OMP: t₀=-86.744274, UB=20.694586, gap=5.19e+00, x=[0, 0, 0, 0, 0, 0, 0, 0, 0, 0, 0, 0, 0, 0, 0, 0, 0, 0, 0, 0, 0, 0, 0, 0, 0, 0, 1, 0, 0, 0, 0, 0, 0, 1, 0, 0] (4.813s)
  Sub: Z₀=22.672551 [LOCAL] (0.3s), α=[0.000,0.000,1.696,0.000,0.000,0.000,0.000,0.000,0.000,0.000,0.000,0.000,0.000,0.000,0.000,0.000,0.000,0.000,0.000,0.000,0.000,0.000,0.000,0.000,0.000,0.000,0.000,0.000,0.000,0.000,0.000,0.000,0.012,8.237,0.000,0.000]
  Iter 221: LB=-86.744274  UB=20.694586  gap=5.19e+00
  Cut: intercept=-1147.586352, π_x_range=[-824.1708, 589.7551]

=== True-DRO Benders iter 222 ===
  OMP: t₀=-86.635715, UB=20.694586, gap=5.19e+00, x=[0, 0, 0, 0, 0, 0, 1, 0, 0, 0, 0, 0, 0, 0, 0, 0, 0, 0, 0, 0, 0, 0, 1, 0, 0, 0, 0, 0, 0, 0, 0, 0, 0, 0, 0, 0] (4.841s)
  Sub: Z₀=23.413873 [LOCAL] (0.4s), α=[0.000,0.000,3.541,0.000,0.000,1.604,0.000,0.000,0.000,0.000,0.000,0.000,0.000,0.000,0.000,0.000,0.000,0.000,0.000,0.000,0.000,0.000,2.142,0.000,0.000,0.000,0.000,0.000,0.000,0.000,0.000,0.000,0.447,2.210,0.000,0.000]
  Iter 222: LB=-86.635715  UB=20.694586  gap=5.19e+00
  Cut: intercept=-1106.327742, π_x_range=[-822.6636, 581.1860]

=== True-DRO Benders iter 223 ===
  OMP: t₀=-86.328360, UB=20.694586, gap=5.17e+00, x=[0, 1, 0, 0, 0, 0, 0, 0, 0, 0, 0, 0, 0, 0, 0, 0, 0, 0, 0, 0, 0, 0, 1, 0, 0, 0, 0, 0, 0, 0, 0, 0, 0, 0, 0, 0] (4.799s)
  Sub: Z₀=23.551601 [LOCAL] (0.3s), α=[0.000,0.000,4.182,0.000,0.000,0.064,0.000,0.000,0.000,0.000,0.000,0.000,0.000,1.656,0.000,0.000,0.000,0.000,0.000,0.000,0.000,0.000,0.760,0.000,0.000,0.000,0.000,0.000,0.000,0.000,0.000,0.000,2.301,0.981,0.000,0.000]
  Iter 223: LB=-86.328360  UB=20.694586  gap=5.17e+00
  Cut: intercept=-1109.896461, π_x_range=[-823.4696, 569.5050]

=== True-DRO Benders iter 224 ===
  OMP: t₀=-86.328354, UB=20.694586, gap=5.17e+00, x=[0, 0, 0, 0, 0, 0, 0, 0, 0, 0, 0, 0, 0, 0, 0, 0, 0, 0, 0, 0, 0, 0, 1, 0, 0, 0, 0, 0, 0, 0, 0, 0, 0, 0, 0, 1] (4.569s)
  Sub: Z₀=23.551601 [LOCAL] (0.3s), α=[0.000,0.000,4.182,0.000,0.000,0.063,0.000,0.000,0.000,0.000,0.000,0.000,0.000,1.664,0.000,0.000,0.000,0.000,0.000,0.000,0.000,0.000,0.754,0.000,0.000,0.000,0.000,0.000,0.000,0.000,0.000,0.000,2.310,0.972,0.000,0.000]
  Iter 224: LB=-86.328354  UB=20.694586  gap=5.17e+00
  Cut: intercept=-1116.568941, π_x_range=[-825.0540, 576.1864]

=== True-DRO Benders iter 225 ===
  OMP: t₀=-86.328348, UB=20.694586, gap=5.17e+00, x=[0, 0, 0, 0, 0, 0, 0, 0, 0, 0, 0, 1, 0, 0, 0, 0, 0, 0, 0, 0, 0, 0, 1, 0, 0, 0, 0, 0, 0, 0, 0, 0, 0, 0, 0, 0] (4.946s)
  Sub: Z₀=24.022529 [TIME_LIMIT] (15.5s), α=[0.000,0.000,4.182,0.000,0.000,0.083,0.000,0.000,0.000,0.000,0.000,0.000,0.000,1.566,0.000,0.000,0.000,0.000,0.000,0.000,0.000,0.000,0.832,0.000,0.000,0.000,0.000,0.000,0.000,0.000,0.000,0.000,2.271,1.011,0.000,0.000]
  Iter 225: LB=-86.328348  UB=20.694586  gap=5.17e+00
  Cut: intercept=-84.706227, π_x_range=[-249.0000, 62.7668]

=== True-DRO Benders iter 226 ===
  OMP: t₀=-86.043263, UB=20.694586, gap=5.16e+00, x=[0, 0, 0, 1, 0, 0, 0, 0, 0, 0, 0, 0, 0, 0, 0, 0, 0, 1, 0, 0, 0, 0, 0, 0, 0, 0, 0, 0, 0, 0, 0, 0, 0, 0, 0, 0] (4.775s)
  Sub: Z₀=24.461161 [LOCAL] (0.3s), α=[0.000,0.000,5.893,0.000,0.000,0.000,0.000,0.000,0.000,0.000,0.000,0.000,0.000,0.000,0.000,0.000,0.000,0.523,0.000,0.000,0.000,0.000,0.000,0.000,0.000,0.000,0.000,0.000,0.000,0.000,0.000,0.000,0.362,3.167,0.000,0.000]
  Iter 226: LB=-86.043263  UB=20.694586  gap=5.16e+00
  Cut: intercept=-1152.405908, π_x_range=[-827.3885, 595.5146]

=== True-DRO Benders iter 227 ===
  OMP: t₀=-85.676001, UB=20.694586, gap=5.14e+00, x=[0, 0, 0, 0, 0, 0, 0, 0, 0, 0, 0, 0, 0, 1, 0, 0, 0, 0, 0, 0, 0, 0, 0, 0, 0, 0, 0, 0, 0, 0, 0, 0, 0, 1, 0, 0] (4.794s)
  Sub: Z₀=22.672551 [LOCAL] (0.3s), α=[0.000,0.000,1.621,0.000,0.000,0.000,0.000,0.000,0.000,0.000,0.000,0.000,0.000,0.000,0.000,0.000,0.000,0.075,0.000,0.000,0.000,0.000,0.000,0.000,0.000,0.000,0.000,0.000,0.000,0.000,0.000,0.000,0.000,8.249,0.000,0.000]
  Iter 227: LB=-85.676001  UB=20.694586  gap=5.14e+00
  Cut: intercept=-1153.167378, π_x_range=[-823.6794, 592.6948]

=== True-DRO Benders iter 228 ===
  OMP: t₀=-85.363144, UB=20.694586, gap=5.12e+00, x=[0, 0, 0, 0, 0, 0, 0, 0, 0, 0, 0, 0, 0, 0, 0, 0, 0, 1, 0, 1, 0, 0, 0, 0, 0, 0, 0, 0, 0, 0, 0, 0, 0, 0, 0, 0] (4.711s)
  Sub: Z₀=24.461161 [LOCAL] (0.3s), α=[0.000,0.000,5.872,0.000,0.000,0.000,0.000,0.000,0.000,0.000,0.000,0.000,0.000,0.000,0.000,0.000,0.000,0.544,0.000,0.000,0.000,0.000,0.000,0.000,0.000,0.000,0.000,0.000,0.000,0.000,0.000,0.000,0.302,3.226,0.000,0.000]
  Iter 228: LB=-85.363144  UB=20.694586  gap=5.12e+00
  Cut: intercept=-1151.718022, π_x_range=[-827.2751, 595.5347]

=== True-DRO Benders iter 229 ===
  OMP: t₀=-84.994712, UB=20.694586, gap=5.11e+00, x=[0, 0, 0, 0, 0, 0, 0, 1, 0, 0, 0, 0, 0, 0, 0, 0, 0, 1, 0, 0, 0, 0, 0, 0, 0, 0, 0, 0, 0, 0, 0, 0, 0, 0, 0, 0] (4.863s)
  Sub: Z₀=24.461161 [LOCAL] (0.3s), α=[0.000,0.000,5.908,0.000,0.000,0.000,0.000,0.000,0.000,0.000,0.000,0.000,0.000,0.000,0.000,0.000,0.000,0.508,0.000,0.000,0.000,0.000,0.000,0.000,0.000,0.000,0.000,0.000,0.000,0.000,0.000,0.000,0.252,3.276,0.000,0.000]
  Iter 229: LB=-84.994712  UB=20.694586  gap=5.11e+00
  Cut: intercept=-1139.827137, π_x_range=[-827.2591, 595.5125]

=== True-DRO Benders iter 230 ===
  OMP: t₀=-84.873989, UB=20.694586, gap=5.10e+00, x=[0, 0, 0, 0, 0, 0, 0, 0, 0, 0, 0, 0, 0, 0, 0, 0, 0, 1, 0, 0, 0, 1, 0, 0, 0, 0, 0, 0, 0, 0, 0, 0, 0, 0, 0, 0] (4.749s)
  Sub: Z₀=22.905825 [TIME_LIMIT] (15.7s), α=[0.000,0.000,1.683,0.000,0.000,0.000,0.000,0.000,0.000,0.000,0.000,0.000,0.000,0.000,0.000,0.000,0.000,4.018,0.000,0.000,0.000,1.297,0.000,0.000,0.000,0.000,0.000,0.000,0.000,0.035,0.096,0.000,2.814,0.000,0.000,0.000]
  Iter 230: LB=-84.873989  UB=20.694586  gap=5.10e+00
  Cut: intercept=-59.068430, π_x_range=[-220.1470, 41.0981]

=== True-DRO Benders iter 231 ===
  OMP: t₀=-84.283197, UB=20.694586, gap=5.07e+00, x=[0, 0, 0, 0, 0, 0, 0, 0, 0, 0, 0, 0, 0, 0, 0, 0, 0, 0, 0, 0, 0, 0, 0, 0, 0, 0, 0, 0, 0, 0, 0, 0, 1, 0, 0, 1] (4.702s)
  Sub: Z₀=21.749224 [LOCAL] (0.4s), α=[0.000,0.000,2.193,0.000,0.000,0.000,0.000,0.000,0.000,0.000,0.000,0.000,0.000,0.000,0.000,0.000,0.000,0.000,0.000,0.000,0.000,0.000,0.000,0.000,0.000,0.000,0.000,0.000,0.000,0.000,0.000,0.000,5.272,2.480,0.000,0.000]
  Iter 231: LB=-84.283197  UB=20.694586  gap=5.07e+00
  Cut: intercept=-1152.174013, π_x_range=[-825.9922, 590.2772]

=== True-DRO Benders iter 232 ===
  OMP: t₀=-84.051341, UB=20.694586, gap=5.06e+00, x=[0, 0, 0, 0, 0, 0, 0, 0, 0, 0, 0, 0, 0, 0, 0, 0, 0, 1, 0, 0, 0, 0, 0, 0, 0, 0, 0, 0, 0, 0, 0, 0, 0, 0, 1, 0] (5.569s)
  Sub: Z₀=24.461161 [LOCAL] (0.3s), α=[0.000,0.000,5.865,0.000,0.000,0.000,0.000,0.000,0.000,0.000,0.000,0.000,0.000,0.000,0.000,0.000,0.000,0.551,0.000,0.000,0.000,0.000,0.000,0.000,0.000,0.000,0.000,0.000,0.000,0.000,0.000,0.000,0.224,3.305,0.000,0.000]
  Iter 232: LB=-84.051341  UB=20.694586  gap=5.06e+00
  Cut: intercept=-1147.354759, π_x_range=[-827.3657, 595.4761]

=== True-DRO Benders iter 233 ===
  OMP: t₀=-83.943010, UB=20.694586, gap=5.06e+00, x=[0, 0, 0, 0, 0, 0, 0, 0, 0, 0, 0, 0, 0, 0, 0, 0, 0, 0, 0, 0, 0, 0, 0, 1, 0, 0, 0, 0, 0, 0, 0, 0, 0, 1, 0, 0] (5.303s)
  Sub: Z₀=22.672551 [LOCAL] (0.3s), α=[0.000,0.000,1.696,0.000,0.000,0.000,0.000,0.000,0.000,0.000,0.000,0.000,0.000,0.000,0.000,0.000,0.000,0.000,0.000,0.000,0.000,0.000,0.000,0.000,0.000,0.000,0.000,0.000,0.000,0.000,0.000,0.000,0.013,8.235,0.000,0.000]
  Iter 233: LB=-83.943010  UB=20.694586  gap=5.06e+00
  Cut: intercept=-1141.409639, π_x_range=[-824.2977, 583.9038]

=== True-DRO Benders iter 234 ===
  OMP: t₀=-83.660324, UB=20.694586, gap=5.04e+00, x=[0, 0, 0, 0, 0, 0, 0, 0, 0, 1, 0, 0, 0, 1, 0, 0, 0, 0, 0, 0, 0, 0, 0, 0, 0, 0, 0, 0, 0, 0, 0, 0, 0, 0, 0, 0] (5.695s)
  Sub: Z₀=22.913994 [LOCAL] (0.4s), α=[0.000,0.000,5.422,0.000,0.000,0.000,0.000,0.000,0.000,0.000,0.000,0.000,0.000,0.000,0.000,0.000,0.000,0.000,0.000,0.000,0.000,0.000,0.000,0.000,0.000,0.000,0.000,0.000,0.000,0.000,0.000,0.000,0.503,4.019,0.000,0.000]
  Iter 234: LB=-83.660324  UB=20.694586  gap=5.04e+00
  Cut: intercept=-1133.462820, π_x_range=[-827.0827, 590.1585]

=== True-DRO Benders iter 235 ===
  OMP: t₀=-83.455793, UB=20.694586, gap=5.03e+00, x=[0, 0, 0, 0, 0, 0, 0, 0, 0, 0, 0, 1, 1, 0, 0, 0, 0, 0, 0, 0, 0, 0, 0, 0, 0, 0, 0, 0, 0, 0, 0, 0, 0, 0, 0, 0] (5.739s)
  Sub: Z₀=23.265095 [TIME_LIMIT] (15.8s), α=[0.000,0.000,3.328,0.000,0.000,0.000,0.000,0.000,0.000,0.000,0.000,0.000,1.675,0.480,0.000,0.000,0.000,0.048,0.000,0.000,0.000,0.000,0.000,0.000,0.000,0.000,0.000,0.000,0.000,0.000,0.000,0.000,0.000,4.414,0.000,0.000]
  Iter 235: LB=-83.455793  UB=20.694586  gap=5.03e+00
  Cut: intercept=-114.212241, π_x_range=[-241.0000, 68.9430]

=== True-DRO Benders iter 236 ===
  OMP: t₀=-82.509697, UB=20.694586, gap=4.99e+00, x=[0, 0, 0, 0, 0, 0, 0, 0, 0, 0, 0, 0, 0, 0, 0, 0, 1, 0, 0, 0, 0, 0, 0, 0, 0, 0, 0, 0, 0, 0, 0, 0, 0, 1, 0, 0] (5.591s)
  Sub: Z₀=22.672551 [LOCAL] (0.3s), α=[0.000,0.000,1.696,0.000,0.000,0.000,0.000,0.000,0.000,0.000,0.000,0.000,0.000,0.000,0.000,0.000,0.000,0.000,0.000,0.000,0.000,0.000,0.000,0.000,0.000,0.000,0.000,0.000,0.000,0.000,0.000,0.000,0.012,8.237,0.000,0.000]
  Iter 236: LB=-82.509697  UB=20.694586  gap=4.99e+00
  Cut: intercept=-1147.059782, π_x_range=[-824.4003, 589.2591]

=== True-DRO Benders iter 237 ===
  OMP: t₀=-81.684236, UB=20.694586, gap=4.95e+00, x=[0, 0, 0, 0, 0, 0, 0, 0, 1, 0, 0, 0, 0, 0, 0, 0, 0, 0, 0, 0, 0, 0, 0, 0, 0, 0, 0, 0, 0, 0, 0, 0, 1, 0, 0, 0] (6.172s)
  Sub: Z₀=21.728693 [LOCAL] (0.3s), α=[0.000,0.000,2.193,0.000,0.000,0.000,0.000,0.000,0.000,0.000,0.000,0.000,0.000,0.000,0.000,0.000,0.000,0.000,0.000,0.000,0.000,0.000,0.000,0.000,0.000,0.000,0.000,0.000,0.000,0.000,0.000,0.000,5.030,2.721,0.000,0.000]
  Iter 237: LB=-81.684236  UB=20.694586  gap=4.95e+00
  Cut: intercept=-1155.976960, π_x_range=[-826.1953, 590.2985]

=== True-DRO Benders iter 238 ===
  OMP: t₀=-81.546170, UB=20.694586, gap=4.94e+00, x=[0, 0, 0, 0, 0, 0, 0, 0, 0, 1, 0, 0, 0, 0, 0, 0, 1, 0, 0, 0, 0, 0, 0, 0, 0, 0, 0, 0, 0, 0, 0, 0, 0, 0, 0, 0] (5.841s)
  Sub: Z₀=23.620938 [LOCAL] (0.3s), α=[0.000,0.000,5.422,0.000,0.000,0.000,0.000,0.000,0.000,0.000,0.000,0.000,0.000,0.000,0.000,0.000,0.000,0.000,0.000,0.000,0.000,0.000,0.000,0.000,0.000,0.000,0.000,0.000,0.000,0.000,0.000,0.000,1.006,3.516,0.000,0.000]
  Iter 238: LB=-81.546170  UB=20.694586  gap=4.94e+00
  Cut: intercept=-1128.526690, π_x_range=[-826.5476, 586.8305]

=== True-DRO Benders iter 239 ===
  OMP: t₀=-81.108041, UB=20.694586, gap=4.92e+00, x=[0, 0, 0, 0, 0, 0, 0, 0, 0, 0, 0, 0, 0, 0, 0, 0, 0, 0, 1, 0, 0, 0, 0, 0, 0, 0, 0, 0, 0, 1, 0, 0, 0, 0, 0, 0] (5.304s)
  Sub: Z₀=24.458153 [LOCAL] (0.5s), α=[0.000,0.000,6.416,0.000,0.000,0.000,0.000,0.000,0.000,0.000,0.000,0.000,0.000,0.000,0.000,0.000,0.000,0.000,0.000,0.000,0.000,0.000,0.000,0.000,0.000,0.000,0.000,0.000,0.000,0.000,0.000,0.000,1.116,2.412,0.000,0.000]
  Iter 239: LB=-81.108041  UB=20.694586  gap=4.92e+00
  Cut: intercept=-1150.341678, π_x_range=[-827.3529, 596.1364]

=== True-DRO Benders iter 240 ===
  OMP: t₀=-80.308129, UB=20.694586, gap=4.88e+00, x=[0, 0, 0, 0, 0, 0, 0, 0, 0, 0, 0, 0, 0, 0, 0, 0, 0, 0, 0, 0, 0, 1, 0, 0, 0, 0, 0, 0, 0, 0, 0, 0, 1, 0, 0, 0] (5.737s)
  Sub: Z₀=20.755855 [TIME_LIMIT] (15.2s), α=[0.000,0.000,2.038,0.000,0.000,0.000,0.000,0.000,0.000,0.000,0.000,0.000,0.000,0.000,0.000,0.000,0.000,0.000,0.000,0.000,0.000,0.000,0.000,0.000,0.000,0.000,0.000,0.000,0.000,0.000,0.000,0.000,7.907,0.000,0.000,0.000]
  Iter 240: LB=-80.308129  UB=20.694586  gap=4.88e+00
  Cut: intercept=-77.845783, π_x_range=[-270.0000, 51.8844]

=== True-DRO Benders iter 241 ===
  OMP: t₀=-79.808411, UB=20.694586, gap=4.86e+00, x=[0, 0, 0, 0, 0, 0, 0, 0, 0, 1, 0, 0, 0, 0, 0, 0, 0, 0, 0, 0, 0, 0, 0, 1, 0, 0, 0, 0, 0, 0, 0, 0, 0, 0, 0, 0] (4.756s)
  Sub: Z₀=23.620938 [LOCAL] (0.3s), α=[0.000,0.000,5.422,0.000,0.000,0.000,0.000,0.000,0.000,0.000,0.000,0.000,0.000,0.000,0.000,0.000,0.000,0.000,0.000,0.000,0.000,0.000,0.000,0.000,0.000,0.000,0.000,0.000,0.000,0.000,0.000,0.000,1.034,3.488,0.000,0.000]
  Iter 241: LB=-79.808411  UB=20.694586  gap=4.86e+00
  Cut: intercept=-1127.385196, π_x_range=[-826.5337, 584.9694]

=== True-DRO Benders iter 242 ===
  OMP: t₀=-79.466688, UB=20.694586, gap=4.84e+00, x=[0, 0, 0, 0, 0, 0, 0, 0, 0, 0, 0, 0, 0, 0, 0, 0, 0, 0, 0, 0, 0, 0, 0, 0, 0, 0, 0, 0, 1, 1, 0, 0, 0, 0, 0, 0] (5.351s)
  Sub: Z₀=25.105919 [LOCAL] (0.5s), α=[0.000,0.000,4.791,0.000,0.000,0.000,0.000,0.000,0.000,0.000,0.000,0.000,0.000,0.000,0.000,0.000,0.000,0.000,0.000,0.000,0.000,0.000,0.000,0.000,0.000,0.000,0.000,0.000,0.000,2.037,1.195,0.000,0.075,1.846,0.000,0.000]
  Iter 242: LB=-79.466688  UB=20.694586  gap=4.84e+00
  Cut: intercept=-1136.024381, π_x_range=[-822.7994, 590.7278]

=== True-DRO Benders iter 243 ===
  OMP: t₀=-78.649976, UB=20.694586, gap=4.80e+00, x=[0, 0, 0, 0, 0, 1, 0, 0, 0, 1, 0, 0, 0, 0, 0, 0, 0, 0, 0, 0, 0, 0, 0, 0, 0, 0, 0, 0, 0, 0, 0, 0, 0, 0, 0, 0] (5.443s)
  Sub: Z₀=19.030312 [LOCAL] (0.4s), α=[0.000,0.000,0.182,0.000,0.000,3.432,0.000,0.000,0.000,5.812,0.000,0.000,0.000,0.518,0.000,0.000,0.000,0.000,0.000,0.000,0.000,0.000,0.000,0.000,0.000,0.000,0.000,0.000,0.000,0.000,0.000,0.000,0.000,0.000,0.000,0.000]
  Iter 243: LB=-78.649976  UB=20.694586  gap=4.80e+00
  Cut: intercept=-1099.774287, π_x_range=[-819.4919, 563.2242]

=== True-DRO Benders iter 244 ===
  OMP: t₀=-77.681010, UB=20.694586, gap=4.75e+00, x=[0, 0, 0, 0, 0, 0, 0, 0, 0, 0, 0, 0, 0, 0, 0, 0, 0, 0, 0, 0, 0, 0, 0, 0, 0, 0, 1, 0, 0, 0, 0, 0, 1, 0, 0, 0] (4.684s)
  Sub: Z₀=21.749224 [LOCAL] (0.4s), α=[0.000,0.000,2.193,0.000,0.000,0.000,0.000,0.000,0.000,0.000,0.000,0.000,0.000,0.000,0.000,0.000,0.000,0.000,0.000,0.000,0.000,0.000,0.000,0.000,0.000,0.000,0.000,0.000,0.000,0.000,0.000,0.000,5.333,2.418,0.000,0.000]
  Iter 244: LB=-77.681010  UB=20.694586  gap=4.75e+00
  Cut: intercept=-1159.320306, π_x_range=[-826.0204, 590.8029]

=== True-DRO Benders iter 245 ===
  OMP: t₀=-77.635715, UB=20.694586, gap=4.75e+00, x=[0, 0, 0, 0, 0, 0, 0, 0, 0, 0, 0, 0, 0, 0, 0, 0, 0, 0, 0, 0, 0, 0, 1, 0, 0, 0, 0, 0, 0, 0, 1, 0, 0, 0, 0, 0] (5.908s)
  Sub: Z₀=24.022538 [TIME_LIMIT] (15.6s), α=[0.000,0.000,4.182,0.000,0.000,0.130,0.000,0.000,0.000,0.000,0.000,0.000,0.000,2.281,0.000,0.000,0.000,0.000,0.000,0.000,0.000,0.000,0.070,0.000,0.000,0.000,0.000,0.000,0.000,0.000,0.000,0.000,2.849,0.432,0.000,0.000]
  Iter 245: LB=-77.635715  UB=20.694586  gap=4.75e+00
  Cut: intercept=-51.218749, π_x_range=[-260.0000, 62.7502]

=== True-DRO Benders iter 246 ===
  OMP: t₀=-77.559196, UB=20.694586, gap=4.75e+00, x=[0, 0, 0, 0, 0, 0, 0, 0, 0, 0, 0, 0, 0, 0, 0, 0, 0, 0, 0, 0, 0, 0, 0, 0, 1, 0, 1, 0, 0, 0, 0, 0, 0, 0, 0, 0] (4.491s)
  Sub: Z₀=23.628236 [LOCAL] (0.3s), α=[0.000,0.000,0.000,0.000,0.000,0.000,0.000,0.000,0.000,0.000,0.000,0.000,0.000,0.000,0.000,0.000,0.000,4.162,0.000,0.000,0.000,0.000,0.000,0.000,2.752,0.000,0.000,0.000,0.000,0.000,0.000,0.000,0.905,2.125,0.000,0.000]
  Iter 246: LB=-77.559196  UB=20.694586  gap=4.75e+00
  Cut: intercept=-1127.360942, π_x_range=[-820.7845, 590.0491]

=== True-DRO Benders iter 247 ===
  OMP: t₀=-77.148476, UB=20.694586, gap=4.73e+00, x=[0, 0, 0, 0, 0, 0, 0, 0, 0, 0, 0, 0, 0, 0, 0, 0, 0, 0, 0, 0, 0, 0, 0, 0, 0, 0, 0, 0, 0, 1, 0, 0, 1, 0, 0, 0] (4.874s)
  Sub: Z₀=21.741653 [LOCAL] (0.3s), α=[0.000,0.000,2.193,0.000,0.000,0.000,0.000,0.000,0.000,0.000,0.000,0.000,0.000,0.000,0.000,0.000,0.000,0.000,0.000,0.000,0.000,0.000,0.000,0.000,0.000,0.000,0.000,0.000,0.000,0.000,0.000,0.000,6.351,1.401,0.000,0.000]
  Iter 247: LB=-77.148476  UB=20.694586  gap=4.73e+00
  Cut: intercept=-1164.952514, π_x_range=[-824.7118, 597.7211]

=== True-DRO Benders iter 248 ===
  OMP: t₀=-76.625454, UB=20.694586, gap=4.70e+00, x=[0, 0, 0, 0, 0, 0, 0, 0, 0, 0, 0, 0, 0, 0, 0, 0, 1, 0, 0, 0, 0, 0, 0, 0, 1, 0, 0, 0, 0, 0, 0, 0, 0, 0, 0, 0] (5.641s)
  Sub: Z₀=24.146742 [LOCAL] (0.4s), α=[0.000,0.000,0.493,0.000,0.000,0.000,0.036,0.000,0.000,0.048,0.000,0.000,0.000,0.000,0.000,0.000,0.000,4.705,0.000,0.000,0.000,0.000,0.000,0.000,1.654,0.000,0.000,0.494,0.000,0.000,0.000,0.000,0.391,2.123,0.000,0.000]
  Iter 248: LB=-76.625454  UB=20.694586  gap=4.70e+00
  Cut: intercept=-1109.112493, π_x_range=[-823.0310, 586.2004]

=== True-DRO Benders iter 249 ===
  OMP: t₀=-76.563685, UB=20.694586, gap=4.70e+00, x=[1, 0, 0, 0, 0, 0, 0, 0, 0, 0, 0, 0, 0, 0, 0, 0, 0, 0, 0, 0, 0, 0, 0, 0, 1, 0, 0, 0, 0, 0, 0, 0, 0, 0, 0, 0] (4.701s)
  Sub: Z₀=24.146742 [LOCAL] (0.4s), α=[0.000,0.000,0.507,0.000,0.000,0.000,0.036,0.000,0.000,0.047,0.000,0.000,0.000,0.000,0.000,0.000,0.000,4.691,0.000,0.000,0.000,0.000,0.000,0.000,1.668,0.000,0.000,0.482,0.000,0.000,0.000,0.000,0.382,2.132,0.000,0.000]
  Iter 249: LB=-76.563685  UB=20.694586  gap=4.70e+00
  Cut: intercept=-1109.915969, π_x_range=[-822.9982, 587.2856]

=== True-DRO Benders iter 250 ===
  OMP: t₀=-76.563663, UB=20.694586, gap=4.70e+00, x=[0, 0, 0, 0, 0, 0, 0, 0, 0, 0, 0, 0, 0, 0, 0, 0, 0, 0, 0, 0, 0, 0, 0, 1, 1, 0, 0, 0, 0, 0, 0, 0, 0, 0, 0, 0] (5.548s)
  Sub: Z₀=24.146743 [TIME_LIMIT] (15.7s), α=[0.000,0.000,0.558,0.000,0.000,0.000,0.050,0.000,0.000,0.063,0.000,0.000,0.000,0.000,0.000,0.000,0.000,4.641,0.000,0.000,0.000,0.000,0.000,0.000,1.705,0.000,0.000,0.416,0.000,0.000,0.000,0.000,0.772,1.739,0.000,0.000]
  Iter 250: LB=-76.563663  UB=20.694586  gap=4.70e+00
  Cut: intercept=-59.664868, π_x_range=[-241.0000, 63.5190]

=== True-DRO Benders iter 251 ===
  OMP: t₀=-76.563596, UB=20.694586, gap=4.70e+00, x=[0, 1, 0, 0, 0, 0, 0, 0, 0, 0, 0, 0, 0, 0, 0, 0, 0, 0, 0, 0, 0, 0, 0, 0, 1, 0, 0, 0, 0, 0, 0, 0, 0, 0, 0, 0] (5.417s)
  Sub: Z₀=24.146742 [LOCAL] (0.4s), α=[0.000,0.000,0.509,0.000,0.000,0.000,0.037,0.000,0.000,0.047,0.000,0.000,0.000,0.000,0.000,0.000,0.000,4.688,0.000,0.000,0.000,0.000,0.000,0.000,1.669,0.000,0.000,0.479,0.000,0.000,0.000,0.000,0.374,2.140,0.000,0.000]
  Iter 251: LB=-76.563596  UB=20.694586  gap=4.70e+00
  Cut: intercept=-1091.249635, π_x_range=[-823.0243, 569.5533]

=== True-DRO Benders iter 252 ===
  OMP: t₀=-76.563590, UB=20.694586, gap=4.70e+00, x=[0, 0, 0, 0, 0, 0, 0, 0, 0, 0, 0, 0, 0, 0, 0, 0, 0, 0, 0, 0, 0, 0, 0, 0, 1, 0, 0, 0, 0, 0, 0, 0, 0, 0, 0, 1] (5.935s)
  Sub: Z₀=24.146742 [LOCAL] (0.4s), α=[0.000,0.000,0.502,0.000,0.000,0.000,0.036,0.000,0.000,0.047,0.000,0.000,0.000,0.000,0.000,0.000,0.000,4.696,0.000,0.000,0.000,0.000,0.000,0.000,1.663,0.000,0.000,0.486,0.000,0.000,0.000,0.000,0.377,2.137,0.000,0.000]
  Iter 252: LB=-76.563590  UB=20.694586  gap=4.70e+00
  Cut: intercept=-1099.616050, π_x_range=[-823.0100, 576.7203]

=== True-DRO Benders iter 253 ===
  OMP: t₀=-76.563584, UB=20.694586, gap=4.70e+00, x=[0, 0, 0, 0, 0, 0, 0, 0, 0, 0, 0, 1, 0, 0, 0, 0, 0, 0, 0, 0, 0, 0, 0, 0, 1, 0, 0, 0, 0, 0, 0, 0, 0, 0, 0, 0] (4.733s)
  Sub: Z₀=24.146742 [LOCAL] (0.4s), α=[0.000,0.000,0.499,0.000,0.000,0.000,0.036,0.000,0.000,0.048,0.000,0.000,0.000,0.000,0.000,0.000,0.000,4.698,0.000,0.000,0.000,0.000,0.000,0.000,1.660,0.000,0.000,0.488,0.000,0.000,0.000,0.000,0.341,2.173,0.000,0.000]
  Iter 253: LB=-76.563584  UB=20.694586  gap=4.70e+00
  Cut: intercept=-1090.522118, π_x_range=[-822.9057, 567.5833]

=== True-DRO Benders iter 254 ===
  OMP: t₀=-76.295350, UB=20.694586, gap=4.69e+00, x=[0, 0, 0, 0, 0, 0, 0, 0, 0, 0, 0, 0, 0, 0, 0, 0, 0, 0, 0, 0, 0, 0, 0, 1, 0, 0, 0, 0, 0, 0, 0, 0, 1, 0, 0, 0] (6.075s)
  Sub: Z₀=21.749224 [LOCAL] (0.3s), α=[0.000,0.000,2.193,0.000,0.000,0.000,0.000,0.000,0.000,0.000,0.000,0.000,0.000,0.000,0.000,0.000,0.000,0.000,0.000,0.000,0.000,0.000,0.000,0.000,0.000,0.000,0.000,0.000,0.000,0.000,0.000,0.000,5.453,2.298,0.000,0.000]
  Iter 254: LB=-76.295350  UB=20.694586  gap=4.69e+00
  Cut: intercept=-1149.633031, π_x_range=[-826.0265, 589.9690]

=== True-DRO Benders iter 255 ===
  OMP: t₀=-76.105028, UB=20.694586, gap=4.68e+00, x=[0, 0, 0, 0, 0, 0, 1, 0, 0, 0, 0, 0, 0, 0, 0, 0, 0, 0, 0, 0, 0, 0, 0, 0, 0, 0, 0, 1, 0, 0, 0, 0, 0, 0, 0, 0] (5.471s)
  Sub: Z₀=25.160274 [TIME_LIMIT] (15.8s), α=[0.000,0.000,5.723,0.000,0.000,0.000,0.000,0.000,0.000,0.007,0.000,0.000,0.000,0.000,0.000,0.000,0.000,0.000,0.000,0.000,0.000,0.000,0.000,0.000,0.000,0.000,0.000,0.198,0.000,0.000,0.000,0.000,0.397,3.619,0.000,0.000]
  Iter 255: LB=-76.105028  UB=20.694586  gap=4.68e+00
  Cut: intercept=-7.398241, π_x_range=[-245.0000, 17.5931]

=== True-DRO Benders iter 256 ===
  OMP: t₀=-75.728020, UB=20.694586, gap=4.66e+00, x=[1, 0, 0, 0, 0, 0, 0, 0, 0, 0, 0, 0, 0, 0, 0, 0, 0, 0, 0, 0, 0, 0, 0, 0, 0, 0, 0, 0, 0, 0, 0, 0, 1, 0, 0, 0] (5.200s)
  Sub: Z₀=21.749224 [LOCAL] (0.3s), α=[0.000,0.000,2.193,0.000,0.000,0.000,0.000,0.000,0.000,0.000,0.000,0.000,0.000,0.000,0.000,0.000,0.000,0.000,0.000,0.000,0.000,0.000,0.000,0.000,0.000,0.000,0.000,0.000,0.000,0.000,0.000,0.000,5.311,2.441,0.000,0.000]
  Iter 256: LB=-75.728020  UB=20.694586  gap=4.66e+00
  Cut: intercept=-1159.987247, π_x_range=[-825.9405, 591.4769]

=== True-DRO Benders iter 257 ===
  OMP: t₀=-74.821333, UB=20.694586, gap=4.62e+00, x=[0, 0, 0, 0, 0, 0, 0, 0, 0, 0, 0, 0, 0, 0, 0, 0, 0, 0, 0, 0, 0, 1, 0, 0, 0, 0, 0, 0, 0, 0, 0, 0, 0, 1, 0, 0] (5.845s)
  Sub: Z₀=21.900559 [LOCAL] (0.3s), α=[0.000,0.000,1.209,0.000,0.000,0.000,0.000,0.000,0.000,0.000,0.000,0.000,0.000,0.000,0.000,0.000,0.000,0.008,0.000,0.000,0.000,0.000,0.000,0.000,0.000,0.000,0.000,0.000,0.000,0.000,0.000,0.000,1.229,7.499,0.000,0.000]
  Iter 257: LB=-74.821333  UB=20.694586  gap=4.62e+00
  Cut: intercept=-1125.430304, π_x_range=[-822.1007, 575.1916]

=== True-DRO Benders iter 258 ===
  OMP: t₀=-74.712407, UB=20.694586, gap=4.61e+00, x=[0, 0, 0, 0, 0, 0, 0, 0, 0, 1, 0, 0, 0, 0, 0, 0, 0, 0, 0, 0, 0, 0, 0, 0, 0, 0, 1, 0, 0, 0, 0, 0, 0, 0, 0, 0] (5.438s)
  Sub: Z₀=23.620938 [LOCAL] (0.3s), α=[0.000,0.000,5.422,0.000,0.000,0.000,0.000,0.000,0.000,0.000,0.000,0.000,0.000,0.000,0.000,0.000,0.000,0.000,0.000,0.000,0.000,0.000,0.000,0.000,0.000,0.000,0.000,0.000,0.000,0.000,0.000,0.000,0.996,3.526,0.000,0.000]
  Iter 258: LB=-74.712407  UB=20.694586  gap=4.61e+00
  Cut: intercept=-1131.352040, π_x_range=[-826.9109, 588.9912]

=== True-DRO Benders iter 259 ===
  OMP: t₀=-74.583595, UB=20.694586, gap=4.60e+00, x=[0, 0, 0, 0, 0, 0, 0, 0, 0, 0, 0, 0, 0, 0, 0, 0, 0, 1, 0, 0, 0, 0, 0, 0, 0, 0, 0, 0, 0, 0, 0, 0, 0, 0, 0, 1] (5.140s)
  Sub: Z₀=24.461161 [LOCAL] (0.3s), α=[0.000,0.000,5.893,0.000,0.000,0.000,0.000,0.000,0.000,0.000,0.000,0.000,0.000,0.000,0.000,0.000,0.000,0.523,0.000,0.000,0.000,0.000,0.000,0.000,0.000,0.000,0.000,0.000,0.000,0.000,0.000,0.000,0.224,3.305,0.000,0.000]
  Iter 259: LB=-74.583595  UB=20.694586  gap=4.60e+00
  Cut: intercept=-1151.039635, π_x_range=[-827.3148, 595.3173]

=== True-DRO Benders iter 260 ===
  OMP: t₀=-74.389586, UB=20.694586, gap=4.59e+00, x=[0, 0, 0, 0, 0, 0, 0, 0, 0, 0, 0, 0, 0, 1, 0, 0, 0, 0, 0, 0, 0, 0, 0, 0, 0, 0, 0, 0, 0, 0, 0, 0, 1, 0, 0, 0] (5.157s)
  Sub: Z₀=21.772028 [TIME_LIMIT] (15.6s), α=[0.000,0.000,2.121,0.000,0.000,0.000,0.000,0.000,0.000,0.000,0.000,0.000,0.000,0.000,0.000,0.000,0.000,0.048,0.000,0.000,0.000,0.000,0.000,0.000,0.000,0.000,0.000,0.000,0.000,0.000,0.000,0.000,4.419,3.356,0.000,0.000]
  Iter 260: LB=-74.389586  UB=20.694586  gap=4.59e+00
  Cut: intercept=-44.210295, π_x_range=[-244.0000, 47.4449]

=== True-DRO Benders iter 261 ===
  OMP: t₀=-73.441501, UB=20.694586, gap=4.55e+00, x=[0, 0, 0, 0, 0, 0, 1, 0, 0, 0, 0, 0, 0, 0, 0, 0, 0, 0, 1, 0, 0, 0, 0, 0, 0, 0, 0, 0, 0, 0, 0, 0, 0, 0, 0, 0] (5.685s)
  Sub: Z₀=25.443076 [LOCAL] (0.3s), α=[0.000,0.000,5.701,0.000,0.000,0.000,0.000,0.000,0.000,0.000,0.000,0.000,0.000,0.000,0.000,0.000,0.000,0.000,0.000,0.000,0.000,0.000,0.000,0.000,0.000,0.000,0.000,0.000,0.000,0.114,0.000,0.000,0.278,3.851,0.000,0.000]
  Iter 261: LB=-73.441501  UB=20.694586  gap=4.55e+00
  Cut: intercept=-1128.563237, π_x_range=[-824.1136, 582.5462]

=== True-DRO Benders iter 262 ===
  OMP: t₀=-72.874917, UB=20.694586, gap=4.52e+00, x=[0, 0, 0, 0, 0, 0, 0, 0, 0, 0, 0, 0, 0, 0, 0, 0, 1, 0, 0, 0, 0, 0, 1, 0, 0, 0, 0, 0, 0, 0, 0, 0, 0, 0, 0, 0] (5.629s)
  Sub: Z₀=23.551601 [LOCAL] (0.3s), α=[0.000,0.000,4.182,0.000,0.000,0.062,0.000,0.000,0.000,0.000,0.000,0.000,0.000,1.674,0.000,0.000,0.000,0.000,0.000,0.000,0.000,0.000,0.744,0.000,0.000,0.000,0.000,0.000,0.000,0.000,0.000,0.000,2.330,0.952,0.000,0.000]
  Iter 262: LB=-72.874917  UB=20.694586  gap=4.52e+00
  Cut: intercept=-1126.883986, π_x_range=[-825.0917, 586.6562]

=== True-DRO Benders iter 263 ===
  OMP: t₀=-71.984634, UB=20.694586, gap=4.48e+00, x=[0, 0, 0, 0, 0, 0, 0, 0, 1, 0, 0, 0, 0, 0, 0, 0, 0, 1, 0, 0, 0, 0, 0, 0, 0, 0, 0, 0, 0, 0, 0, 0, 0, 0, 0, 0] (5.076s)
  Sub: Z₀=24.452995 [LOCAL] (0.3s), α=[0.000,0.000,5.902,0.000,0.000,0.000,0.000,0.000,0.000,0.000,0.000,0.000,0.000,0.000,0.000,0.000,0.000,0.514,0.000,0.000,0.000,0.000,0.000,0.000,0.000,0.000,0.000,0.000,0.000,0.000,0.000,0.000,0.124,3.404,0.000,0.000]
  Iter 263: LB=-71.984634  UB=20.694586  gap=4.48e+00
  Cut: intercept=-1155.564218, π_x_range=[-826.6744, 595.5088]

=== True-DRO Benders iter 264 ===
  OMP: t₀=-71.860001, UB=20.694586, gap=4.47e+00, x=[0, 0, 0, 0, 0, 0, 0, 0, 0, 0, 1, 0, 0, 0, 0, 0, 0, 0, 0, 0, 0, 0, 0, 0, 0, 0, 0, 0, 0, 1, 0, 0, 0, 0, 0, 0] (5.976s)
  Sub: Z₀=25.105919 [LOCAL] (0.4s), α=[0.000,0.000,4.134,0.000,0.000,0.044,0.000,0.000,0.000,0.000,0.000,0.000,0.000,0.602,0.000,0.000,0.000,0.000,0.000,0.000,0.000,0.000,0.000,0.000,0.000,0.000,0.000,0.000,0.000,1.159,0.770,0.000,0.570,2.666,0.000,0.000]
  Iter 264: LB=-71.860001  UB=20.694586  gap=4.47e+00
  Cut: intercept=-1130.516259, π_x_range=[-822.0533, 589.9290]

=== True-DRO Benders iter 265 ===
  OMP: t₀=-71.828427, UB=20.694586, gap=4.47e+00, x=[0, 0, 0, 0, 0, 0, 0, 0, 0, 1, 0, 0, 0, 0, 0, 0, 0, 0, 0, 0, 0, 0, 0, 0, 0, 0, 0, 0, 0, 0, 1, 0, 0, 0, 0, 0] (6.111s)
  Sub: Z₀=23.312208 [TIME_LIMIT] (15.4s), α=[0.000,0.000,4.117,0.000,0.000,0.000,0.000,0.000,0.000,2.356,0.000,0.000,0.000,0.000,0.000,0.000,0.000,0.000,0.000,0.000,0.000,0.000,0.000,0.000,0.000,0.000,0.000,3.471,0.000,0.000,0.000,0.000,0.000,0.000,0.000,0.000]
  Iter 265: LB=-71.828427  UB=20.694586  gap=4.47e+00
  Cut: intercept=-30.363829, π_x_range=[-207.6880, 53.6760]

=== True-DRO Benders iter 266 ===
  OMP: t₀=-71.770747, UB=20.694586, gap=4.47e+00, x=[0, 0, 0, 0, 0, 0, 0, 0, 0, 0, 0, 0, 0, 0, 0, 0, 0, 0, 0, 0, 0, 0, 0, 0, 0, 0, 0, 0, 0, 1, 0, 1, 0, 0, 0, 0] (4.828s)
  Sub: Z₀=25.105919 [LOCAL] (0.4s), α=[0.000,0.000,4.134,0.000,0.000,0.041,0.000,0.000,0.000,0.000,0.000,0.000,0.000,0.463,0.000,0.000,0.000,0.000,0.000,0.000,0.000,0.000,0.000,0.000,0.000,0.000,0.000,0.000,0.000,1.337,0.734,0.000,0.445,2.790,0.000,0.000]
  Iter 266: LB=-71.770747  UB=20.694586  gap=4.47e+00
  Cut: intercept=-1113.794161, π_x_range=[-822.1173, 590.1495]

=== True-DRO Benders iter 267 ===
  OMP: t₀=-71.770700, UB=20.694586, gap=4.47e+00, x=[0, 0, 0, 0, 0, 0, 0, 0, 0, 0, 0, 0, 0, 0, 1, 0, 0, 0, 0, 0, 0, 0, 0, 0, 0, 0, 0, 0, 0, 1, 0, 0, 0, 0, 0, 0] (4.790s)
  Sub: Z₀=25.105919 [LOCAL] (0.5s), α=[0.000,0.000,4.134,0.000,0.000,0.043,0.000,0.000,0.000,0.000,0.000,0.000,0.000,0.567,0.000,0.000,0.000,0.000,0.000,0.000,0.000,0.000,0.000,0.000,0.000,0.000,0.000,0.000,0.000,1.268,0.697,0.000,0.517,2.719,0.000,0.000]
  Iter 267: LB=-71.770700  UB=20.694586  gap=4.47e+00
  Cut: intercept=-1133.751040, π_x_range=[-822.0894, 590.1070]

=== True-DRO Benders iter 268 ===
  OMP: t₀=-71.770681, UB=20.694586, gap=4.47e+00, x=[0, 0, 0, 0, 0, 0, 0, 0, 0, 0, 0, 0, 0, 0, 0, 0, 0, 0, 0, 0, 1, 0, 0, 0, 0, 0, 0, 0, 0, 1, 0, 0, 0, 0, 0, 0] (5.037s)
  Sub: Z₀=25.105919 [LOCAL] (0.4s), α=[0.000,0.000,4.134,0.000,0.000,0.044,0.000,0.000,0.000,0.000,0.000,0.000,0.000,0.594,0.000,0.000,0.000,0.000,0.000,0.000,0.000,0.000,0.000,0.000,0.000,0.000,0.000,0.000,0.000,1.254,0.683,0.000,0.477,2.758,0.000,0.000]
  Iter 268: LB=-71.770681  UB=20.694586  gap=4.47e+00
  Cut: intercept=-1117.208222, π_x_range=[-822.0780, 589.8718]

=== True-DRO Benders iter 269 ===
  OMP: t₀=-71.223282, UB=20.694586, gap=4.44e+00, x=[0, 0, 0, 0, 0, 0, 0, 0, 0, 0, 0, 0, 0, 0, 0, 0, 1, 0, 0, 0, 0, 0, 0, 0, 0, 0, 0, 0, 0, 0, 0, 0, 1, 0, 0, 0] (5.020s)
  Sub: Z₀=21.749224 [LOCAL] (0.4s), α=[0.000,0.000,2.193,0.000,0.000,0.000,0.000,0.000,0.000,0.000,0.000,0.000,0.000,0.000,0.000,0.000,0.000,0.000,0.000,0.000,0.000,0.000,0.000,0.000,0.000,0.000,0.000,0.000,0.000,0.000,0.000,0.000,5.387,2.365,0.000,0.000]
  Iter 269: LB=-71.223282  UB=20.694586  gap=4.44e+00
  Cut: intercept=-1159.848831, π_x_range=[-826.1200, 591.3556]

=== True-DRO Benders iter 270 ===
  OMP: t₀=-70.408123, UB=20.694586, gap=4.40e+00, x=[0, 0, 0, 0, 1, 0, 0, 0, 0, 0, 0, 0, 0, 0, 0, 0, 0, 0, 0, 0, 0, 0, 0, 0, 0, 0, 0, 0, 0, 1, 0, 0, 0, 0, 0, 0] (5.685s)
  Sub: Z₀=24.962947 [TIME_LIMIT] (15.6s), α=[0.000,0.000,4.776,0.000,0.000,0.035,0.000,0.000,0.000,0.000,0.000,0.000,0.000,0.194,0.000,0.000,0.000,0.000,0.000,0.000,0.000,0.000,0.000,0.000,0.000,0.000,0.000,0.000,0.000,0.708,0.339,0.000,0.894,2.998,0.000,0.000]
  Iter 270: LB=-70.408123  UB=20.694586  gap=4.40e+00
  Cut: intercept=-53.703568, π_x_range=[-256.0000, 53.4033]

=== True-DRO Benders iter 271 ===
  OMP: t₀=-70.133786, UB=20.694586, gap=4.39e+00, x=[0, 0, 0, 0, 0, 1, 0, 0, 0, 0, 0, 0, 0, 0, 0, 0, 0, 0, 0, 0, 1, 0, 0, 0, 0, 0, 0, 0, 0, 0, 0, 0, 0, 0, 0, 0] (6.049s)
  Sub: Z₀=21.890852 [LOCAL] (0.3s), α=[0.000,0.000,1.709,0.000,0.000,4.881,0.000,0.000,0.000,0.000,0.000,0.000,0.000,1.253,0.000,0.000,0.000,0.293,0.000,0.000,0.000,0.000,0.000,0.000,0.000,0.000,0.000,0.000,0.000,0.121,0.586,0.000,0.307,0.794,0.000,0.000]
  Iter 271: LB=-70.133786  UB=20.694586  gap=4.39e+00
  Cut: intercept=-1086.775280, π_x_range=[-818.4700, 555.0480]

=== True-DRO Benders iter 272 ===
  OMP: t₀=-68.694365, UB=20.694586, gap=4.32e+00, x=[0, 0, 0, 0, 0, 0, 0, 0, 0, 0, 0, 0, 0, 0, 0, 0, 0, 0, 0, 0, 0, 0, 1, 0, 0, 0, 1, 0, 0, 0, 0, 0, 0, 0, 0, 0] (6.611s)
  Sub: Z₀=23.551601 [LOCAL] (0.3s), α=[0.000,0.000,4.182,0.000,0.000,0.055,0.000,0.000,0.000,0.000,0.000,0.000,0.000,1.704,0.000,0.000,0.000,0.000,0.000,0.000,0.000,0.000,0.722,0.000,0.000,0.000,0.000,0.000,0.000,0.000,0.000,0.000,2.350,0.931,0.000,0.000]
  Iter 272: LB=-68.694365  UB=20.694586  gap=4.32e+00
  Cut: intercept=-1126.724591, π_x_range=[-825.3365, 586.3526]

=== True-DRO Benders iter 273 ===
  OMP: t₀=-68.184129, UB=20.694586, gap=4.29e+00, x=[0, 0, 0, 0, 0, 0, 0, 0, 0, 0, 0, 0, 0, 1, 0, 0, 0, 0, 1, 0, 0, 0, 0, 0, 0, 0, 0, 0, 0, 0, 0, 0, 0, 0, 0, 0] (5.395s)
  Sub: Z₀=25.381782 [LOCAL] (0.3s), α=[0.000,0.000,5.039,0.000,0.000,0.000,0.000,0.000,0.000,0.000,0.000,0.000,0.000,0.000,0.000,0.000,0.000,0.000,0.000,0.000,0.000,0.000,0.000,0.000,0.000,0.000,0.000,0.000,0.000,1.059,0.000,0.000,0.000,3.846,0.000,0.000]
  Iter 273: LB=-68.184129  UB=20.694586  gap=4.29e+00
  Cut: intercept=-1139.415774, π_x_range=[-823.9191, 592.1258]

=== True-DRO Benders iter 274 ===
  OMP: t₀=-68.111789, UB=20.694586, gap=4.29e+00, x=[0, 0, 0, 0, 0, 0, 0, 0, 0, 0, 0, 0, 0, 0, 0, 0, 0, 0, 0, 0, 0, 0, 0, 0, 0, 0, 0, 0, 0, 0, 1, 0, 0, 1, 0, 0] (5.515s)
  Sub: Z₀=22.672551 [LOCAL] (0.3s), α=[0.000,0.000,1.696,0.000,0.000,0.000,0.000,0.000,0.000,0.000,0.000,0.000,0.000,0.000,0.000,0.000,0.000,0.000,0.000,0.000,0.000,0.000,0.000,0.000,0.000,0.000,0.000,0.000,0.000,0.000,0.000,0.000,0.013,8.235,0.000,0.000]
  Iter 274: LB=-68.111789  UB=20.694586  gap=4.29e+00
  Cut: intercept=-1154.741181, π_x_range=[-824.6454, 596.9883]

=== True-DRO Benders iter 275 ===
  OMP: t₀=-67.981408, UB=20.694586, gap=4.28e+00, x=[0, 0, 0, 0, 0, 0, 0, 0, 0, 0, 0, 0, 0, 0, 0, 0, 0, 1, 0, 0, 0, 0, 0, 0, 0, 0, 1, 0, 0, 0, 0, 0, 0, 0, 0, 0] (6.047s)
  Sub: Z₀=24.683725 [TIME_LIMIT] (16.0s), α=[0.000,0.000,5.854,0.000,0.000,0.000,0.000,0.000,0.000,0.000,0.000,0.000,0.000,0.000,0.000,0.000,0.000,0.562,0.000,0.000,0.000,0.000,0.000,0.000,0.000,0.000,0.000,0.000,0.000,0.000,0.000,0.000,0.342,3.187,0.000,0.000]
  Iter 275: LB=-67.981408  UB=20.694586  gap=4.28e+00
  Cut: intercept=-41.307801, π_x_range=[-230.8569, 45.3812]

=== True-DRO Benders iter 276 ===
  OMP: t₀=-67.448873, UB=20.694586, gap=4.26e+00, x=[0, 0, 0, 0, 0, 0, 0, 0, 0, 0, 0, 0, 0, 0, 0, 0, 0, 1, 0, 0, 0, 0, 0, 0, 0, 0, 0, 0, 0, 1, 0, 0, 0, 0, 0, 0] (5.342s)
  Sub: Z₀=24.458153 [LOCAL] (0.3s), α=[0.000,0.000,3.842,0.000,0.000,0.000,0.000,0.000,0.000,0.000,0.000,0.000,0.000,0.000,0.000,0.000,0.000,2.574,0.000,0.000,0.000,0.000,0.000,0.000,0.000,0.000,0.000,0.000,0.000,0.000,0.000,0.000,0.525,3.004,0.000,0.000]
  Iter 276: LB=-67.448873  UB=20.694586  gap=4.26e+00
  Cut: intercept=-1165.471879, π_x_range=[-825.4269, 595.4478]

=== True-DRO Benders iter 277 ===
  OMP: t₀=-67.365766, UB=20.694586, gap=4.26e+00, x=[0, 0, 0, 0, 0, 0, 1, 0, 0, 0, 0, 0, 0, 0, 0, 0, 0, 0, 0, 0, 0, 0, 0, 0, 0, 0, 0, 0, 1, 0, 0, 0, 0, 0, 0, 0] (5.420s)
  Sub: Z₀=26.823213 [LOCAL] (0.3s), α=[0.000,0.000,6.711,0.000,0.000,0.000,0.000,0.000,0.000,0.000,0.000,0.000,0.000,0.000,0.000,0.000,0.000,0.000,0.000,0.000,0.000,0.000,0.000,0.000,0.000,0.000,0.000,0.000,0.000,0.000,0.000,0.000,0.087,3.147,0.000,0.000]
  Iter 277: LB=-67.365766  UB=20.694586  gap=4.26e+00
  Cut: intercept=-1114.977749, π_x_range=[-825.4740, 581.2227]

=== True-DRO Benders iter 278 ===
  OMP: t₀=-67.186259, UB=20.694586, gap=4.25e+00, x=[0, 0, 0, 0, 0, 0, 0, 0, 0, 0, 0, 0, 0, 0, 0, 0, 0, 0, 1, 0, 0, 0, 0, 0, 0, 0, 0, 1, 0, 0, 0, 0, 0, 0, 0, 0] (5.477s)
  Sub: Z₀=24.425799 [LOCAL] (0.3s), α=[0.000,0.000,5.928,0.000,0.000,0.000,0.000,0.000,0.000,0.000,0.000,0.000,0.000,0.000,0.000,0.000,0.000,0.000,0.000,0.000,0.000,0.000,0.000,0.000,0.000,0.000,0.000,0.000,0.000,0.000,0.000,0.000,0.373,3.643,0.000,0.000]
  Iter 278: LB=-67.186259  UB=20.694586  gap=4.25e+00
  Cut: intercept=-1131.607766, π_x_range=[-827.1109, 580.5396]

=== True-DRO Benders iter 279 ===
  OMP: t₀=-66.595747, UB=20.694586, gap=4.22e+00, x=[0, 0, 0, 0, 0, 0, 0, 0, 0, 0, 0, 0, 0, 0, 0, 0, 0, 1, 0, 0, 0, 0, 0, 1, 0, 0, 0, 0, 0, 0, 0, 0, 0, 0, 0, 0] (5.257s)
  Sub: Z₀=24.461161 [LOCAL] (0.3s), α=[0.000,0.000,5.895,0.000,0.000,0.000,0.000,0.000,0.000,0.000,0.000,0.000,0.000,0.000,0.000,0.000,0.000,0.521,0.000,0.000,0.000,0.000,0.000,0.000,0.000,0.000,0.000,0.000,0.000,0.000,0.000,0.000,0.273,3.256,0.000,0.000]
  Iter 279: LB=-66.595747  UB=20.694586  gap=4.22e+00
  Cut: intercept=-1155.762223, π_x_range=[-827.3415, 595.5222]

=== True-DRO Benders iter 280 ===
  OMP: t₀=-66.028417, UB=20.694586, gap=4.19e+00, x=[1, 0, 0, 0, 0, 0, 0, 0, 0, 0, 0, 0, 0, 0, 0, 0, 0, 1, 0, 0, 0, 0, 0, 0, 0, 0, 0, 0, 0, 0, 0, 0, 0, 0, 0, 0] (5.539s)
  Sub: Z₀=24.683725 [TIME_LIMIT] (15.7s), α=[0.000,0.000,5.877,0.000,0.000,0.000,0.000,0.000,0.000,0.000,0.000,0.000,0.000,0.000,0.000,0.000,0.000,0.538,0.000,0.000,0.000,0.000,0.000,0.000,0.000,0.000,0.000,0.000,0.000,0.000,0.000,0.000,0.333,3.196,0.000,0.000]
  Iter 280: LB=-66.028417  UB=20.694586  gap=4.19e+00
  Cut: intercept=-36.459476, π_x_range=[-230.6747, 45.4003]

=== True-DRO Benders iter 281 ===
  OMP: t₀=-65.821306, UB=20.694586, gap=4.18e+00, x=[0, 0, 0, 0, 0, 1, 0, 0, 0, 0, 0, 0, 0, 0, 0, 0, 0, 0, 0, 0, 0, 0, 0, 0, 0, 0, 0, 0, 0, 0, 0, 1, 0, 0, 0, 0] (5.741s)
  Sub: Z₀=21.890852 [LOCAL] (0.3s), α=[0.000,0.000,1.704,0.000,0.000,4.816,0.000,0.000,0.000,0.000,0.000,0.000,0.000,1.224,0.000,0.000,0.000,0.297,0.000,0.000,0.000,0.000,0.000,0.000,0.000,0.000,0.000,0.000,0.000,0.144,0.657,0.000,0.310,0.792,0.000,0.000]
  Iter 281: LB=-65.821306  UB=20.694586  gap=4.18e+00
  Cut: intercept=-1083.377198, π_x_range=[-818.4855, 555.0934]

=== True-DRO Benders iter 282 ===
  OMP: t₀=-64.901578, UB=20.694586, gap=4.14e+00, x=[0, 0, 0, 0, 0, 0, 1, 0, 0, 0, 0, 0, 0, 0, 0, 0, 0, 0, 0, 1, 0, 0, 0, 0, 0, 0, 0, 0, 0, 0, 0, 0, 0, 0, 0, 0] (4.989s)
  Sub: Z₀=26.724953 [LOCAL] (0.3s), α=[0.000,0.000,5.197,0.000,0.000,0.000,0.000,0.000,0.000,0.000,0.000,0.000,0.000,0.000,0.000,0.000,0.000,1.219,0.000,0.000,0.000,0.000,0.000,0.000,0.000,0.000,0.000,0.000,0.000,0.000,0.000,0.000,0.146,3.382,0.000,0.000]
  Iter 282: LB=-64.901578  UB=20.694586  gap=4.14e+00
  Cut: intercept=-1137.539845, π_x_range=[-823.8944, 582.3729]

=== True-DRO Benders iter 283 ===
  OMP: t₀=-64.689983, UB=20.694586, gap=4.13e+00, x=[0, 0, 0, 0, 0, 0, 0, 0, 0, 0, 0, 0, 0, 1, 0, 0, 0, 1, 0, 0, 0, 0, 0, 0, 0, 0, 0, 0, 0, 0, 0, 0, 0, 0, 0, 0] (6.019s)
  Sub: Z₀=23.970838 [LOCAL] (0.3s), α=[0.000,0.000,4.095,0.000,0.000,0.000,0.000,0.000,0.000,0.000,0.000,0.000,0.000,0.918,0.000,0.000,0.000,1.474,0.000,0.000,0.000,0.000,0.000,0.000,0.000,0.000,0.000,0.000,0.000,0.000,0.000,0.000,0.000,3.457,0.000,0.000]
  Iter 283: LB=-64.689983  UB=20.694586  gap=4.13e+00
  Cut: intercept=-1158.069226, π_x_range=[-827.0055, 595.6684]

=== True-DRO Benders iter 284 ===
  OMP: t₀=-64.217239, UB=20.694586, gap=4.10e+00, x=[0, 0, 0, 0, 0, 1, 0, 1, 0, 0, 0, 0, 0, 0, 0, 0, 0, 0, 0, 0, 0, 0, 0, 0, 0, 0, 0, 0, 0, 0, 0, 0, 0, 0, 0, 0] (5.879s)
  Sub: Z₀=21.890852 [LOCAL] (0.3s), α=[0.000,0.000,1.747,0.000,0.000,4.935,0.000,0.000,0.000,0.000,0.000,0.000,0.000,1.138,0.000,0.000,0.000,0.255,0.000,0.000,0.000,0.000,0.000,0.000,0.000,0.000,0.000,0.000,0.000,0.135,0.633,0.000,0.331,0.770,0.000,0.000]
  Iter 284: LB=-64.217239  UB=20.694586  gap=4.10e+00
  Cut: intercept=-1098.745384, π_x_range=[-818.4698, 565.5976]

=== True-DRO Benders iter 285 ===
  OMP: t₀=-63.985096, UB=20.694586, gap=4.09e+00, x=[0, 1, 0, 0, 0, 0, 0, 0, 0, 0, 0, 0, 1, 0, 0, 0, 0, 0, 0, 0, 0, 0, 0, 0, 0, 0, 0, 0, 0, 0, 0, 0, 0, 0, 0, 0] (5.060s)
  Sub: Z₀=23.265103 [TIME_LIMIT] (16.1s), α=[0.000,0.000,3.332,0.000,0.000,0.000,0.000,0.000,0.000,0.000,0.000,0.000,1.675,0.512,0.000,0.000,0.000,0.044,0.000,0.000,0.000,0.000,0.000,0.000,0.000,0.000,0.000,0.000,0.000,0.000,0.000,0.000,0.000,4.381,0.000,0.000]
  Iter 285: LB=-63.985096  UB=20.694586  gap=4.09e+00
  Cut: intercept=-84.583332, π_x_range=[-239.0000, 68.5469]

=== True-DRO Benders iter 286 ===
  OMP: t₀=-63.475029, UB=20.694586, gap=4.07e+00, x=[0, 0, 0, 0, 0, 1, 0, 0, 0, 0, 0, 0, 0, 0, 0, 0, 0, 0, 0, 0, 0, 0, 0, 0, 0, 0, 0, 0, 0, 0, 0, 0, 0, 1, 0, 0] (5.594s)
  Sub: Z₀=19.079893 [LOCAL] (0.3s), α=[0.000,0.000,0.000,0.000,0.000,2.614,0.000,0.000,0.000,0.000,0.000,0.000,0.000,0.919,0.000,0.000,0.000,0.000,0.000,0.000,0.000,0.000,0.000,0.000,0.000,0.000,0.000,0.000,0.000,0.090,0.493,0.000,0.158,5.670,0.000,0.000]
  Iter 286: LB=-63.475029  UB=20.694586  gap=4.07e+00
  Cut: intercept=-1117.000518, π_x_range=[-818.3729, 575.1189]

=== True-DRO Benders iter 287 ===
  OMP: t₀=-62.990456, UB=20.694586, gap=4.04e+00, x=[0, 0, 0, 0, 0, 0, 0, 0, 0, 0, 0, 0, 0, 0, 0, 0, 0, 0, 1, 0, 0, 0, 0, 0, 0, 0, 0, 0, 0, 0, 1, 0, 0, 0, 0, 0] (6.287s)
  Sub: Z₀=25.846072 [LOCAL] (0.4s), α=[0.000,0.000,5.550,0.000,0.000,0.000,0.000,0.000,0.000,0.000,0.000,0.000,0.000,0.000,0.000,0.000,0.000,0.000,0.000,0.000,0.000,0.000,0.000,0.000,0.000,0.000,0.000,0.000,0.000,1.731,0.000,0.000,0.109,2.554,0.000,0.000]
  Iter 287: LB=-62.990456  UB=20.694586  gap=4.04e+00
  Cut: intercept=-1142.365222, π_x_range=[-823.5060, 596.4464]

=== True-DRO Benders iter 288 ===
  OMP: t₀=-62.108394, UB=20.694586, gap=4.00e+00, x=[0, 0, 0, 0, 0, 0, 0, 0, 0, 0, 0, 0, 0, 1, 0, 0, 0, 0, 0, 0, 0, 0, 0, 0, 0, 0, 0, 0, 1, 0, 0, 0, 0, 0, 0, 0] (5.998s)
  Sub: Z₀=25.732636 [LOCAL] (0.3s), α=[0.000,0.000,5.422,0.000,0.000,0.000,0.000,0.000,0.000,0.000,0.000,0.000,0.000,0.000,0.000,0.000,0.000,0.000,0.000,0.000,0.000,0.000,0.000,0.000,0.000,0.000,0.000,0.000,0.000,0.000,0.000,0.000,0.022,4.500,0.000,0.000]
  Iter 288: LB=-62.108394  UB=20.694586  gap=4.00e+00
  Cut: intercept=-1126.288722, π_x_range=[-823.9365, 590.3302]

=== True-DRO Benders iter 289 ===
  OMP: t₀=-61.523680, UB=20.694586, gap=3.97e+00, x=[0, 0, 0, 0, 0, 0, 0, 0, 0, 0, 0, 0, 0, 0, 0, 0, 1, 1, 0, 0, 0, 0, 0, 0, 0, 0, 0, 0, 0, 0, 0, 0, 0, 0, 0, 0] (5.849s)
  Sub: Z₀=24.461161 [LOCAL] (0.3s), α=[0.000,0.000,5.839,0.000,0.000,0.000,0.000,0.000,0.000,0.000,0.000,0.000,0.000,0.000,0.000,0.000,0.000,0.577,0.000,0.000,0.000,0.000,0.000,0.000,0.000,0.000,0.000,0.000,0.000,0.000,0.000,0.000,0.289,3.239,0.000,0.000]
  Iter 289: LB=-61.523680  UB=20.694586  gap=3.97e+00
  Cut: intercept=-1158.001100, π_x_range=[-827.3136, 595.5212]

=== True-DRO Benders iter 290 ===
  OMP: t₀=-60.694336, UB=20.694586, gap=3.93e+00, x=[0, 0, 0, 0, 0, 1, 0, 0, 0, 0, 0, 0, 0, 0, 0, 0, 0, 0, 0, 0, 0, 0, 0, 0, 0, 0, 0, 0, 0, 0, 0, 0, 1, 0, 0, 0] (5.915s)
  Sub: Z₀=17.614985 [TIME_LIMIT] (15.5s), α=[0.000,0.000,0.000,0.000,0.000,3.326,0.000,0.000,0.000,0.000,0.000,0.000,0.000,0.493,0.000,0.000,0.000,0.259,0.000,0.000,0.000,0.000,0.000,0.000,0.000,0.000,0.000,0.000,0.000,0.000,0.000,0.000,5.471,0.396,0.000,0.000]
  Iter 290: LB=-60.694336  UB=18.589578  gap=4.26e+00
  Cut: intercept=-75.301460, π_x_range=[-244.0000, 55.0220]

=== True-DRO Benders iter 291 ===
  OMP: t₀=-60.016025, UB=18.589578, gap=4.23e+00, x=[0, 0, 0, 0, 0, 0, 1, 0, 0, 0, 0, 0, 0, 0, 0, 0, 0, 0, 0, 0, 0, 0, 0, 0, 0, 0, 0, 0, 0, 1, 0, 0, 0, 0, 0, 0] (5.229s)
  Sub: Z₀=25.105919 [LOCAL] (0.3s), α=[0.000,0.000,4.129,0.000,0.000,0.053,0.000,0.000,0.000,0.000,0.000,0.000,0.000,0.350,0.000,0.000,0.000,0.000,0.000,0.000,0.000,0.000,0.000,0.000,0.000,0.000,0.000,0.000,0.000,1.400,0.767,0.000,0.249,2.996,0.000,0.000]
  Iter 291: LB=-60.016025  UB=18.589578  gap=4.23e+00
  Cut: intercept=-1144.126739, π_x_range=[-822.4043, 590.3544]

=== True-DRO Benders iter 292 ===
  OMP: t₀=-59.862792, UB=18.589578, gap=4.22e+00, x=[0, 0, 0, 0, 0, 0, 1, 0, 1, 0, 0, 0, 0, 0, 0, 0, 0, 0, 0, 0, 0, 0, 0, 0, 0, 0, 0, 0, 0, 0, 0, 0, 0, 0, 0, 0] (5.688s)
  Sub: Z₀=25.830243 [LOCAL] (0.4s), α=[0.000,0.000,4.911,0.000,0.000,0.000,0.000,0.000,0.000,0.000,0.000,0.000,0.000,0.000,0.000,0.000,0.000,0.658,0.000,0.000,0.000,0.000,0.000,0.000,0.000,0.000,0.000,0.000,0.000,0.000,0.000,0.000,0.000,4.376,0.000,0.000]
  Iter 292: LB=-59.862792  UB=18.589578  gap=4.22e+00
  Cut: intercept=-1136.049510, π_x_range=[-822.1649, 582.9592]

=== True-DRO Benders iter 293 ===
  OMP: t₀=-59.759080, UB=18.589578, gap=4.21e+00, x=[0, 0, 0, 0, 0, 0, 1, 0, 0, 0, 1, 0, 0, 0, 0, 0, 0, 0, 0, 0, 0, 0, 0, 0, 0, 0, 0, 0, 0, 0, 0, 0, 0, 0, 0, 0] (4.972s)
  Sub: Z₀=26.724953 [LOCAL] (0.3s), α=[0.000,0.000,5.201,0.000,0.000,0.000,0.000,0.000,0.000,0.000,0.000,0.000,0.000,0.000,0.000,0.000,0.000,1.215,0.000,0.000,0.000,0.000,0.000,0.000,0.000,0.000,0.000,0.000,0.000,0.000,0.000,0.000,0.131,3.398,0.000,0.000]
  Iter 293: LB=-59.759080  UB=18.589578  gap=4.21e+00
  Cut: intercept=-1127.356007, π_x_range=[-823.7652, 581.8631]

=== True-DRO Benders iter 294 ===
  OMP: t₀=-59.670009, UB=18.589578, gap=4.21e+00, x=[0, 0, 0, 1, 0, 0, 1, 0, 0, 0, 0, 0, 0, 0, 0, 0, 0, 0, 0, 0, 0, 0, 0, 0, 0, 0, 0, 0, 0, 0, 0, 0, 0, 0, 0, 0] (5.050s)
  Sub: Z₀=26.724953 [LOCAL] (0.3s), α=[0.000,0.000,5.206,0.000,0.000,0.000,0.000,0.000,0.000,0.000,0.000,0.000,0.000,0.000,0.000,0.000,0.000,1.210,0.000,0.000,0.000,0.000,0.000,0.000,0.000,0.000,0.000,0.000,0.000,0.000,0.000,0.000,0.192,3.336,0.000,0.000]
  Iter 294: LB=-59.670009  UB=18.589578  gap=4.21e+00
  Cut: intercept=-1134.165220, π_x_range=[-823.7907, 581.8743]

=== True-DRO Benders iter 295 ===
  OMP: t₀=-59.669941, UB=18.589578, gap=4.21e+00, x=[0, 0, 0, 0, 1, 0, 1, 0, 0, 0, 0, 0, 0, 0, 0, 0, 0, 0, 0, 0, 0, 0, 0, 0, 0, 0, 0, 0, 0, 0, 0, 0, 0, 0, 0, 0] (5.013s)
  Sub: Z₀=26.724955 [TIME_LIMIT] (15.5s), α=[0.000,0.000,5.214,0.000,0.000,0.000,0.000,0.000,0.000,0.000,0.000,0.000,0.000,0.000,0.000,0.000,0.000,1.202,0.000,0.000,0.000,0.000,0.000,0.000,0.000,0.000,0.000,0.000,0.000,0.000,0.000,0.000,0.145,3.383,0.000,0.000]
  Iter 295: LB=-59.669941  UB=18.589578  gap=4.21e+00
  Cut: intercept=-64.118281, π_x_range=[-232.0572, 64.0839]

=== True-DRO Benders iter 296 ===
  OMP: t₀=-59.669901, UB=18.589578, gap=4.21e+00, x=[0, 0, 0, 0, 0, 0, 1, 0, 0, 0, 0, 0, 0, 0, 0, 0, 0, 0, 0, 0, 0, 0, 0, 0, 0, 0, 0, 0, 0, 0, 0, 0, 0, 0, 1, 0] (4.892s)
  Sub: Z₀=26.724953 [LOCAL] (0.4s), α=[0.000,0.000,5.200,0.000,0.000,0.000,0.000,0.000,0.000,0.000,0.000,0.000,0.000,0.000,0.000,0.000,0.000,1.216,0.000,0.000,0.000,0.000,0.000,0.000,0.000,0.000,0.000,0.000,0.000,0.000,0.000,0.000,0.127,3.402,0.000,0.000]
  Iter 296: LB=-59.669901  UB=18.589578  gap=4.21e+00
  Cut: intercept=-1129.714216, π_x_range=[-823.7719, 581.9008]

=== True-DRO Benders iter 297 ===
  OMP: t₀=-59.669778, UB=18.589578, gap=4.21e+00, x=[0, 0, 0, 0, 0, 0, 1, 0, 0, 0, 0, 0, 0, 0, 1, 0, 0, 0, 0, 0, 0, 0, 0, 0, 0, 0, 0, 0, 0, 0, 0, 0, 0, 0, 0, 0] (5.637s)
  Sub: Z₀=26.724953 [LOCAL] (0.4s), α=[0.000,0.000,5.188,0.000,0.000,0.000,0.000,0.000,0.000,0.000,0.000,0.000,0.000,0.000,0.000,0.000,0.000,1.228,0.000,0.000,0.000,0.000,0.000,0.000,0.000,0.000,0.000,0.000,0.000,0.000,0.000,0.000,0.126,3.403,0.000,0.000]
  Iter 297: LB=-59.669778  UB=18.589578  gap=4.21e+00
  Cut: intercept=-1125.842351, π_x_range=[-823.7416, 581.8744]

=== True-DRO Benders iter 298 ===
  OMP: t₀=-59.669772, UB=18.589578, gap=4.21e+00, x=[0, 0, 0, 0, 0, 0, 1, 0, 0, 0, 0, 0, 0, 0, 0, 0, 0, 0, 0, 0, 0, 0, 0, 0, 0, 0, 0, 0, 0, 0, 0, 0, 0, 0, 0, 1] (5.733s)
  Sub: Z₀=26.724953 [LOCAL] (0.3s), α=[0.000,0.000,5.206,0.000,0.000,0.000,0.000,0.000,0.000,0.000,0.000,0.000,0.000,0.000,0.000,0.000,0.000,1.210,0.000,0.000,0.000,0.000,0.000,0.000,0.000,0.000,0.000,0.000,0.000,0.000,0.000,0.000,0.127,3.402,0.000,0.000]
  Iter 298: LB=-59.669772  UB=18.589578  gap=4.21e+00
  Cut: intercept=-1131.321381, π_x_range=[-823.7340, 581.8676]

=== True-DRO Benders iter 299 ===
  OMP: t₀=-59.669759, UB=18.589578, gap=4.21e+00, x=[0, 0, 0, 0, 0, 0, 1, 0, 0, 0, 0, 0, 0, 0, 0, 0, 0, 0, 0, 0, 1, 0, 0, 0, 0, 0, 0, 0, 0, 0, 0, 0, 0, 0, 0, 0] (5.801s)
  Sub: Z₀=26.724953 [LOCAL] (0.3s), α=[0.000,0.000,5.206,0.000,0.000,0.000,0.000,0.000,0.000,0.000,0.000,0.000,0.000,0.000,0.000,0.000,0.000,1.210,0.000,0.000,0.000,0.000,0.000,0.000,0.000,0.000,0.000,0.000,0.000,0.000,0.000,0.000,0.115,3.413,0.000,0.000]
  Iter 299: LB=-59.669759  UB=18.589578  gap=4.21e+00
  Cut: intercept=-1114.704928, π_x_range=[-823.6286, 581.8373]

=== True-DRO Benders iter 300 ===
  OMP: t₀=-59.669697, UB=18.589578, gap=4.21e+00, x=[0, 0, 0, 0, 0, 0, 1, 1, 0, 0, 0, 0, 0, 0, 0, 0, 0, 0, 0, 0, 0, 0, 0, 0, 0, 0, 0, 0, 0, 0, 0, 0, 0, 0, 0, 0] (5.022s)
  Sub: Z₀=26.724955 [TIME_LIMIT] (15.6s), α=[0.000,0.000,5.218,0.000,0.000,0.000,0.000,0.000,0.000,0.000,0.000,0.000,0.000,0.000,0.000,0.000,0.000,1.198,0.000,0.000,0.000,0.000,0.000,0.000,0.000,0.000,0.000,0.000,0.000,0.000,0.000,0.000,0.256,3.272,0.000,0.000]
  Iter 300: LB=-59.669697  UB=18.589578  gap=4.21e+00
  Cut: intercept=-49.782239, π_x_range=[-232.1127, 49.7479]

=== True-DRO Benders iter 301 ===
  OMP: t₀=-58.646336, UB=18.589578, gap=4.15e+00, x=[0, 0, 0, 0, 0, 0, 0, 0, 0, 0, 0, 0, 0, 0, 0, 0, 0, 0, 0, 1, 0, 0, 0, 0, 0, 0, 0, 1, 0, 0, 0, 0, 0, 0, 0, 0] (5.265s)
  Sub: Z₀=24.653227 [LOCAL] (0.3s), α=[0.000,0.000,5.422,0.000,0.000,0.000,0.000,0.000,0.000,0.000,0.000,0.000,0.000,0.000,0.000,0.000,0.000,0.000,0.000,0.000,0.000,0.000,0.000,0.000,0.000,0.000,0.000,0.000,0.000,0.000,0.000,0.000,0.644,3.878,0.000,0.000]
  Iter 301: LB=-58.646336  UB=18.589578  gap=4.15e+00
  Cut: intercept=-1134.386743, π_x_range=[-824.3569, 580.0407]

=== True-DRO Benders iter 302 ===
  OMP: t₀=-58.595569, UB=18.589578, gap=4.15e+00, x=[1, 0, 0, 0, 0, 0, 1, 0, 0, 0, 0, 0, 0, 0, 0, 0, 0, 0, 0, 0, 0, 0, 0, 0, 0, 0, 0, 0, 0, 0, 0, 0, 0, 0, 0, 0] (5.152s)
  Sub: Z₀=26.724953 [LOCAL] (0.3s), α=[0.000,0.000,5.216,0.000,0.000,0.000,0.000,0.000,0.000,0.000,0.000,0.000,0.000,0.000,0.000,0.000,0.000,1.200,0.000,0.000,0.000,0.000,0.000,0.000,0.000,0.000,0.000,0.000,0.000,0.000,0.000,0.000,0.129,3.400,0.000,0.000]
  Iter 302: LB=-58.595569  UB=18.589578  gap=4.15e+00
  Cut: intercept=-1142.665373, π_x_range=[-823.7199, 587.6230]

=== True-DRO Benders iter 303 ===
  OMP: t₀=-58.344578, UB=18.589578, gap=4.14e+00, x=[0, 0, 0, 0, 0, 0, 1, 0, 0, 0, 0, 0, 0, 0, 0, 0, 0, 0, 0, 0, 0, 0, 0, 0, 0, 0, 1, 0, 0, 0, 0, 0, 0, 0, 0, 0] (4.914s)
  Sub: Z₀=26.724953 [LOCAL] (0.3s), α=[0.000,0.000,5.204,0.000,0.000,0.000,0.000,0.000,0.000,0.000,0.000,0.000,0.000,0.000,0.000,0.000,0.000,1.212,0.000,0.000,0.000,0.000,0.000,0.000,0.000,0.000,0.000,0.000,0.000,0.000,0.000,0.000,0.131,3.397,0.000,0.000]
  Iter 303: LB=-58.344578  UB=18.589578  gap=4.14e+00
  Cut: intercept=-1142.000331, π_x_range=[-823.6810, 586.9641]

=== True-DRO Benders iter 304 ===
  OMP: t₀=-58.182495, UB=18.589578, gap=4.13e+00, x=[0, 0, 0, 0, 0, 0, 0, 0, 0, 0, 0, 1, 0, 0, 0, 0, 0, 0, 0, 0, 0, 0, 0, 0, 0, 0, 0, 0, 0, 0, 0, 0, 0, 1, 0, 0] (5.120s)
  Sub: Z₀=22.672551 [LOCAL] (0.3s), α=[0.000,0.000,1.696,0.000,0.000,0.000,0.000,0.000,0.000,0.000,0.000,0.000,0.000,0.000,0.000,0.000,0.000,0.000,0.000,0.000,0.000,0.000,0.000,0.000,0.000,0.000,0.000,0.000,0.000,0.000,0.000,0.000,0.012,8.237,0.000,0.000]
  Iter 304: LB=-58.182495  UB=18.589578  gap=4.13e+00
  Cut: intercept=-1134.976983, π_x_range=[-824.2296, 580.5715]

=== True-DRO Benders iter 305 ===
  OMP: t₀=-58.182495, UB=18.589578, gap=4.13e+00, x=[0, 0, 0, 0, 0, 0, 0, 0, 0, 0, 0, 0, 0, 0, 0, 0, 0, 0, 0, 0, 0, 0, 0, 0, 0, 1, 0, 0, 0, 0, 0, 0, 0, 1, 0, 0] (5.690s)
  Sub: Z₀=22.672551 [TIME_LIMIT] (15.8s), α=[0.000,0.000,1.696,0.000,0.000,0.000,0.000,0.000,0.000,0.000,0.000,0.000,0.000,0.000,0.000,0.000,0.000,0.000,0.000,0.000,0.000,0.000,0.000,0.000,0.000,0.000,0.000,0.000,0.000,0.000,0.000,0.000,0.018,8.231,0.000,0.000]
  Iter 305: LB=-58.182495  UB=18.589578  gap=4.13e+00
  Cut: intercept=-139.040795, π_x_range=[-240.0000, 118.8019]

=== True-DRO Benders iter 306 ===
  OMP: t₀=-57.513710, UB=18.589578, gap=4.09e+00, x=[0, 0, 0, 0, 0, 0, 0, 0, 0, 0, 0, 0, 0, 0, 0, 0, 0, 0, 0, 1, 0, 0, 0, 0, 0, 0, 0, 0, 0, 1, 0, 0, 0, 0, 0, 0] (5.352s)
  Sub: Z₀=25.105919 [LOCAL] (0.5s), α=[0.000,0.000,4.134,0.000,0.000,0.045,0.000,0.000,0.000,0.000,0.000,0.000,0.000,0.663,0.000,0.000,0.000,0.000,0.000,0.000,0.000,0.000,0.000,0.000,0.000,0.000,0.000,0.000,0.000,1.261,0.607,0.000,0.686,2.549,0.000,0.000]
  Iter 306: LB=-57.513710  UB=18.589578  gap=4.09e+00
  Cut: intercept=-1145.936745, π_x_range=[-822.0273, 590.2870]

=== True-DRO Benders iter 307 ===
  OMP: t₀=-57.407662, UB=18.589578, gap=4.09e+00, x=[0, 0, 1, 0, 0, 1, 0, 0, 0, 0, 0, 0, 0, 0, 0, 0, 0, 0, 0, 0, 0, 0, 0, 0, 0, 0, 0, 0, 0, 0, 0, 0, 0, 0, 0, 0] (5.230s)
  Sub: Z₀=18.883120 [LOCAL] (0.3s), α=[0.000,0.000,5.726,0.000,0.000,2.694,0.000,0.000,0.000,0.000,0.000,0.000,0.000,0.612,0.000,0.000,0.000,0.489,0.000,0.000,0.000,0.000,0.000,0.000,0.000,0.000,0.000,0.000,0.000,0.069,0.355,0.000,0.000,0.000,0.000,0.000]
  Iter 307: LB=-57.407662  UB=18.589578  gap=4.09e+00
  Cut: intercept=-1118.832430, π_x_range=[-818.2275, 576.9322]

=== True-DRO Benders iter 308 ===
  OMP: t₀=-57.318712, UB=18.589578, gap=4.08e+00, x=[0, 0, 0, 0, 0, 1, 0, 0, 0, 0, 0, 0, 0, 0, 0, 0, 0, 0, 0, 0, 0, 0, 0, 0, 0, 0, 0, 0, 0, 0, 0, 0, 0, 0, 1, 0] (5.177s)
  Sub: Z₀=21.890852 [LOCAL] (0.3s), α=[0.000,0.000,1.651,0.000,0.000,4.908,0.000,0.000,0.000,0.000,0.000,0.000,0.000,1.220,0.000,0.000,0.000,0.350,0.000,0.000,0.000,0.000,0.000,0.000,0.000,0.000,0.000,0.000,0.000,0.125,0.589,0.000,0.322,0.779,0.000,0.000]
  Iter 308: LB=-57.318712  UB=18.589578  gap=4.08e+00
  Cut: intercept=-1104.263436, π_x_range=[-818.5387, 571.0103]

=== True-DRO Benders iter 309 ===
  OMP: t₀=-57.257135, UB=18.589578, gap=4.08e+00, x=[0, 0, 0, 0, 0, 0, 1, 0, 0, 0, 0, 0, 0, 1, 0, 0, 0, 0, 0, 0, 0, 0, 0, 0, 0, 0, 0, 0, 0, 0, 0, 0, 0, 0, 0, 0] (5.052s)
  Sub: Z₀=25.732636 [LOCAL] (0.8s), α=[0.000,0.000,2.877,0.000,0.000,0.001,0.000,0.000,0.000,0.000,0.000,0.000,0.000,0.019,0.000,0.000,0.000,2.534,0.000,0.000,0.000,0.000,0.000,0.000,0.000,0.000,0.000,0.000,0.000,0.001,0.001,0.000,0.022,4.489,0.000,0.000]
  Iter 309: LB=-57.257135  UB=18.589578  gap=4.08e+00
  Cut: intercept=-1141.888127, π_x_range=[-823.5802, 587.7820]

=== True-DRO Benders iter 310 ===
  OMP: t₀=-57.145277, UB=18.589578, gap=4.07e+00, x=[0, 0, 0, 0, 0, 0, 0, 1, 0, 0, 0, 0, 0, 0, 0, 0, 0, 0, 0, 0, 0, 0, 0, 0, 0, 0, 0, 0, 0, 1, 0, 0, 0, 0, 0, 0] (4.902s)
  Sub: Z₀=24.962945 [TIME_LIMIT] (15.8s), α=[0.000,0.000,4.776,0.000,0.000,0.034,0.000,0.000,0.000,0.000,0.000,0.000,0.000,0.186,0.000,0.000,0.000,0.000,0.000,0.000,0.000,0.000,0.000,0.000,0.000,0.000,0.000,0.000,0.000,0.715,0.341,0.000,1.011,2.882,0.000,0.000]
  Iter 310: LB=-57.145277  UB=18.589578  gap=4.07e+00
  Cut: intercept=-39.875639, π_x_range=[-271.0000, 39.5951]

=== True-DRO Benders iter 311 ===
  OMP: t₀=-56.914721, UB=18.589578, gap=4.06e+00, x=[0, 0, 0, 0, 0, 0, 0, 0, 0, 0, 0, 0, 0, 0, 0, 0, 0, 0, 0, 0, 0, 0, 0, 0, 0, 0, 0, 0, 1, 0, 1, 0, 0, 0, 0, 0] (5.538s)
  Sub: Z₀=26.305198 [LOCAL] (0.3s), α=[0.000,0.000,6.416,0.000,0.000,0.000,0.000,0.000,0.000,0.000,0.000,0.000,0.000,0.000,0.000,0.000,0.000,0.000,0.000,0.000,0.000,0.000,0.000,0.000,0.000,0.000,0.000,0.000,0.000,0.000,0.000,0.000,0.589,2.939,0.000,0.000]
  Iter 311: LB=-56.914721  UB=18.589578  gap=4.06e+00
  Cut: intercept=-1131.494625, π_x_range=[-822.9074, 595.2926]

=== True-DRO Benders iter 312 ===
  OMP: t₀=-56.825375, UB=18.589578, gap=4.06e+00, x=[0, 0, 0, 0, 0, 0, 0, 0, 0, 0, 0, 0, 0, 0, 0, 0, 0, 0, 0, 0, 0, 0, 0, 0, 0, 0, 0, 0, 0, 0, 1, 0, 1, 0, 0, 0] (5.659s)
  Sub: Z₀=21.362518 [LOCAL] (0.3s), α=[0.000,0.000,2.169,0.000,0.000,0.000,0.000,0.000,0.000,0.000,0.000,0.000,0.000,0.000,0.000,0.000,0.000,0.000,0.000,0.000,0.000,0.000,0.000,0.000,0.000,0.000,0.000,0.000,0.000,0.000,0.000,0.000,5.852,1.924,0.000,0.000]
  Iter 312: LB=-56.825375  UB=18.589578  gap=4.06e+00
  Cut: intercept=-1160.995862, π_x_range=[-824.4711, 596.0588]

=== True-DRO Benders iter 313 ===
  OMP: t₀=-56.389185, UB=18.589578, gap=4.03e+00, x=[0, 0, 0, 0, 0, 0, 0, 0, 0, 0, 0, 0, 0, 0, 0, 0, 0, 0, 0, 0, 0, 0, 0, 0, 0, 0, 0, 1, 0, 1, 0, 0, 0, 0, 0, 0] (5.485s)
  Sub: Z₀=24.546139 [LOCAL] (0.4s), α=[0.000,0.000,5.056,0.000,0.000,0.012,0.000,0.000,0.000,0.000,0.000,0.000,0.000,0.053,0.000,0.000,0.000,0.000,0.000,0.000,0.000,0.000,0.000,0.000,0.000,0.000,0.000,0.000,0.000,0.483,0.170,0.000,1.104,3.067,0.000,0.000]
  Iter 313: LB=-56.389185  UB=18.589578  gap=4.03e+00
  Cut: intercept=-1143.443409, π_x_range=[-823.7023, 590.0210]

=== True-DRO Benders iter 314 ===
  OMP: t₀=-56.201906, UB=18.589578, gap=4.02e+00, x=[0, 0, 0, 0, 0, 0, 0, 0, 0, 0, 0, 0, 0, 0, 0, 0, 0, 0, 0, 0, 0, 0, 0, 0, 0, 0, 0, 0, 0, 1, 0, 0, 0, 0, 1, 0] (5.664s)
  Sub: Z₀=25.105919 [LOCAL] (0.5s), α=[0.000,0.000,4.134,0.000,0.000,0.043,0.000,0.000,0.000,0.000,0.000,0.000,0.000,0.568,0.000,0.000,0.000,0.000,0.000,0.000,0.000,0.000,0.000,0.000,0.000,0.000,0.000,0.000,0.000,1.265,0.698,0.000,0.538,2.698,0.000,0.000]
  Iter 314: LB=-56.201906  UB=18.589578  gap=4.02e+00
  Cut: intercept=-1135.572083, π_x_range=[-822.1816, 590.1129]

=== True-DRO Benders iter 315 ===
  OMP: t₀=-55.982810, UB=18.589578, gap=4.01e+00, x=[0, 0, 0, 0, 0, 0, 0, 0, 0, 0, 0, 0, 0, 0, 0, 0, 0, 0, 1, 1, 0, 0, 0, 0, 0, 0, 0, 0, 0, 0, 0, 0, 0, 0, 0, 0] (5.706s)
  Sub: Z₀=25.373842 [TIME_LIMIT] (15.8s), α=[0.000,0.000,5.243,0.000,0.000,0.000,0.000,0.000,0.000,0.000,0.000,0.000,0.000,0.000,0.000,0.000,0.000,0.000,0.000,0.000,0.000,0.000,0.000,0.000,0.000,0.000,0.000,0.000,0.000,0.343,0.000,0.000,0.773,3.586,0.000,0.000]
  Iter 315: LB=-55.982810  UB=18.589578  gap=4.01e+00
  Cut: intercept=-63.047144, π_x_range=[-261.0000, 64.3305]

=== True-DRO Benders iter 316 ===
  OMP: t₀=-55.786779, UB=18.589578, gap=4.00e+00, x=[0, 0, 0, 0, 0, 1, 0, 0, 0, 0, 0, 0, 0, 0, 1, 0, 0, 0, 0, 0, 0, 0, 0, 0, 0, 0, 0, 0, 0, 0, 0, 0, 0, 0, 0, 0] (5.689s)
  Sub: Z₀=21.890851 [LOCAL] (0.3s), α=[0.000,0.000,1.721,0.000,0.000,4.883,0.000,0.000,0.000,0.000,0.000,0.000,0.000,1.238,0.000,0.000,0.000,0.280,0.000,0.000,0.000,0.000,0.000,0.000,0.000,0.000,0.000,0.000,0.000,0.126,0.594,0.000,0.307,0.794,0.000,0.000]
  Iter 316: LB=-55.786779  UB=18.589578  gap=4.00e+00
  Cut: intercept=-1100.977675, π_x_range=[-818.4934, 567.7197]

=== True-DRO Benders iter 317 ===
  OMP: t₀=-55.588953, UB=18.589578, gap=3.99e+00, x=[0, 0, 0, 0, 0, 0, 0, 0, 0, 0, 0, 0, 0, 0, 0, 0, 0, 0, 0, 0, 0, 0, 0, 0, 0, 1, 0, 0, 0, 0, 0, 0, 1, 0, 0, 0] (5.811s)
  Sub: Z₀=21.252361 [LOCAL] (0.4s), α=[0.000,0.000,2.193,0.000,0.000,0.000,0.000,0.000,0.000,0.000,0.000,0.000,0.000,0.000,0.000,0.000,0.000,0.000,0.000,0.000,0.000,0.000,0.000,0.000,0.000,0.000,0.000,0.000,0.000,0.000,0.000,0.000,5.198,2.554,0.000,0.000]
  Iter 317: LB=-55.588953  UB=18.589578  gap=3.99e+00
  Cut: intercept=-1105.408828, π_x_range=[-825.4492, 589.7945]

=== True-DRO Benders iter 318 ===
  OMP: t₀=-55.588953, UB=18.589578, gap=3.99e+00, x=[0, 0, 0, 0, 0, 0, 0, 0, 0, 0, 0, 1, 0, 0, 0, 0, 0, 0, 0, 0, 0, 0, 0, 0, 0, 0, 0, 0, 0, 0, 0, 0, 1, 0, 0, 0] (6.237s)
  Sub: Z₀=21.749224 [LOCAL] (0.4s), α=[0.000,0.000,2.193,0.000,0.000,0.000,0.000,0.000,0.000,0.000,0.000,0.000,0.000,0.000,0.000,0.000,0.000,0.000,0.000,0.000,0.000,0.000,0.000,0.000,0.000,0.000,0.000,0.000,0.000,0.000,0.000,0.000,5.201,2.550,0.000,0.000]
  Iter 318: LB=-55.588953  UB=18.589578  gap=3.99e+00
  Cut: intercept=-1143.463936, π_x_range=[-825.9600, 590.3005]

=== True-DRO Benders iter 319 ===
  OMP: t₀=-55.543315, UB=18.589578, gap=3.99e+00, x=[0, 0, 0, 0, 0, 0, 1, 0, 0, 0, 0, 0, 0, 0, 0, 0, 0, 0, 0, 0, 0, 0, 0, 1, 0, 0, 0, 0, 0, 0, 0, 0, 0, 0, 0, 0] (6.039s)
  Sub: Z₀=26.724953 [LOCAL] (0.3s), α=[0.000,0.000,5.189,0.000,0.000,0.000,0.000,0.000,0.000,0.000,0.000,0.000,0.000,0.000,0.000,0.000,0.000,1.227,0.000,0.000,0.000,0.000,0.000,0.000,0.000,0.000,0.000,0.000,0.000,0.000,0.000,0.000,0.147,3.381,0.000,0.000]
  Iter 319: LB=-55.543315  UB=18.589578  gap=3.99e+00
  Cut: intercept=-1136.062921, π_x_range=[-823.7524, 581.8800]

=== True-DRO Benders iter 320 ===
  OMP: t₀=-55.511844, UB=18.589578, gap=3.99e+00, x=[0, 1, 0, 0, 0, 0, 0, 0, 0, 0, 0, 0, 0, 0, 0, 0, 0, 0, 0, 0, 0, 0, 0, 0, 0, 0, 0, 0, 0, 0, 0, 0, 0, 1, 0, 0] (5.586s)
  Sub: Z₀=22.672551 [TIME_LIMIT] (15.9s), α=[0.000,0.000,1.696,0.000,0.000,0.000,0.000,0.000,0.000,0.000,0.000,0.000,0.000,0.000,0.000,0.000,0.000,0.000,0.000,0.000,0.000,0.000,0.000,0.000,0.000,0.000,0.000,0.000,0.000,0.000,0.000,0.000,0.018,8.231,0.000,0.000]
  Iter 320: LB=-55.511844  UB=18.589578  gap=3.99e+00
  Cut: intercept=-59.505650, π_x_range=[-269.0000, 42.8767]

=== True-DRO Benders iter 321 ===
  OMP: t₀=-55.511844, UB=18.589578, gap=3.99e+00, x=[0, 0, 0, 0, 0, 0, 0, 0, 0, 0, 0, 0, 0, 0, 0, 1, 0, 0, 0, 0, 0, 0, 0, 0, 0, 0, 0, 0, 0, 0, 0, 0, 0, 1, 0, 0] (5.062s)
  Sub: Z₀=22.654794 [LOCAL] (0.3s), α=[0.000,0.000,1.696,0.000,0.000,0.000,0.000,0.000,0.000,0.000,0.000,0.000,0.000,0.000,0.000,0.000,0.000,0.000,0.000,0.000,0.000,0.000,0.000,0.000,0.000,0.000,0.000,0.000,0.000,0.000,0.000,0.000,0.012,8.237,0.000,0.000]
  Iter 321: LB=-55.511844  UB=18.589578  gap=3.99e+00
  Cut: intercept=-1107.219374, π_x_range=[-824.4197, 580.7018]

=== True-DRO Benders iter 322 ===
  OMP: t₀=-54.754820, UB=18.589578, gap=3.95e+00, x=[0, 0, 0, 0, 0, 0, 0, 0, 0, 0, 0, 0, 0, 1, 0, 0, 0, 0, 0, 1, 0, 0, 0, 0, 0, 0, 0, 0, 0, 0, 0, 0, 0, 0, 0, 0] (5.983s)
  Sub: Z₀=25.732636 [LOCAL] (0.6s), α=[0.000,0.000,4.704,0.000,0.000,0.001,0.000,0.000,0.000,0.000,0.000,0.000,0.000,0.019,0.000,0.000,0.000,0.708,0.000,0.000,0.000,0.000,0.000,0.000,0.000,0.000,0.000,0.000,0.000,0.001,0.001,0.000,0.023,4.488,0.000,0.000]
  Iter 322: LB=-54.754820  UB=18.589578  gap=3.95e+00
  Cut: intercept=-1142.065760, π_x_range=[-823.4674, 588.1621]

=== True-DRO Benders iter 323 ===
  OMP: t₀=-54.501708, UB=18.589578, gap=3.93e+00, x=[0, 0, 0, 0, 0, 0, 0, 0, 0, 0, 1, 0, 0, 1, 0, 0, 0, 0, 0, 0, 0, 0, 0, 0, 0, 0, 0, 0, 0, 0, 0, 0, 0, 0, 0, 0] (5.151s)
  Sub: Z₀=25.732636 [LOCAL] (0.6s), α=[0.000,0.000,4.771,0.000,0.000,0.001,0.000,0.000,0.000,0.000,0.000,0.000,0.000,0.019,0.000,0.000,0.000,0.641,0.000,0.000,0.000,0.000,0.000,0.000,0.000,0.000,0.000,0.000,0.000,0.001,0.001,0.000,0.023,4.488,0.000,0.000]
  Iter 323: LB=-54.501708  UB=18.589578  gap=3.93e+00
  Cut: intercept=-1130.354980, π_x_range=[-823.4984, 588.1583]

=== True-DRO Benders iter 324 ===
  OMP: t₀=-54.412569, UB=18.589578, gap=3.93e+00, x=[0, 0, 0, 0, 1, 0, 0, 0, 0, 0, 0, 0, 0, 1, 0, 0, 0, 0, 0, 0, 0, 0, 0, 0, 0, 0, 0, 0, 0, 0, 0, 0, 0, 0, 0, 0] (5.678s)
  Sub: Z₀=25.732636 [LOCAL] (0.4s), α=[0.000,0.000,4.961,0.000,0.000,0.001,0.000,0.000,0.000,0.000,0.000,0.000,0.000,0.019,0.000,0.000,0.000,0.451,0.000,0.000,0.000,0.000,0.000,0.000,0.000,0.000,0.000,0.000,0.000,0.001,0.001,0.000,0.021,4.490,0.000,0.000]
  Iter 324: LB=-54.412569  UB=18.589578  gap=3.93e+00
  Cut: intercept=-1118.001590, π_x_range=[-823.6842, 588.1680]

=== True-DRO Benders iter 325 ===
  OMP: t₀=-54.412454, UB=18.589578, gap=3.93e+00, x=[0, 0, 0, 0, 0, 0, 0, 0, 0, 0, 0, 0, 0, 1, 0, 0, 0, 0, 0, 0, 0, 0, 0, 0, 0, 0, 0, 0, 0, 0, 0, 1, 0, 0, 0, 0] (5.801s)
  Sub: Z₀=25.732638 [TIME_LIMIT] (15.6s), α=[0.000,0.000,4.894,0.000,0.000,0.000,0.000,0.000,0.000,0.000,0.000,0.000,0.000,0.000,0.000,0.000,0.000,0.528,0.000,0.000,0.000,0.000,0.000,0.000,0.000,0.000,0.000,0.000,0.000,0.000,0.000,0.000,0.031,4.491,0.000,0.000]
  Iter 325: LB=-54.412454  UB=18.589578  gap=3.93e+00
  Cut: intercept=-40.327748, π_x_range=[-236.7702, 56.9435]

=== True-DRO Benders iter 326 ===
  OMP: t₀=-54.412406, UB=18.589578, gap=3.93e+00, x=[0, 0, 0, 0, 0, 0, 0, 0, 0, 0, 0, 0, 0, 1, 1, 0, 0, 0, 0, 0, 0, 0, 0, 0, 0, 0, 0, 0, 0, 0, 0, 0, 0, 0, 0, 0] (5.789s)
  Sub: Z₀=25.732636 [LOCAL] (0.8s), α=[0.000,0.000,4.948,0.000,0.000,0.001,0.000,0.000,0.000,0.000,0.000,0.000,0.000,0.019,0.000,0.000,0.000,0.463,0.000,0.000,0.000,0.000,0.000,0.000,0.000,0.000,0.000,0.000,0.000,0.001,0.001,0.000,0.022,4.489,0.000,0.000]
  Iter 326: LB=-54.412406  UB=18.589578  gap=3.93e+00
  Cut: intercept=-1131.090807, π_x_range=[-823.6718, 588.1426]

=== True-DRO Benders iter 327 ===
  OMP: t₀=-54.412387, UB=18.589578, gap=3.93e+00, x=[0, 0, 0, 0, 0, 0, 0, 0, 0, 0, 0, 0, 0, 1, 0, 0, 0, 0, 0, 0, 1, 0, 0, 0, 0, 0, 0, 0, 0, 0, 0, 0, 0, 0, 0, 0] (5.998s)
  Sub: Z₀=25.732636 [LOCAL] (0.6s), α=[0.000,0.000,4.929,0.000,0.000,0.001,0.000,0.000,0.000,0.000,0.000,0.000,0.000,0.019,0.000,0.000,0.000,0.482,0.000,0.000,0.000,0.000,0.000,0.000,0.000,0.000,0.000,0.000,0.000,0.001,0.001,0.000,0.022,4.489,0.000,0.000]
  Iter 327: LB=-54.412387  UB=18.589578  gap=3.93e+00
  Cut: intercept=-1116.176378, π_x_range=[-823.6254, 588.1466]

=== True-DRO Benders iter 328 ===
  OMP: t₀=-54.090832, UB=18.589578, gap=3.91e+00, x=[0, 0, 0, 0, 0, 0, 1, 0, 0, 0, 0, 0, 0, 0, 0, 0, 1, 0, 0, 0, 0, 0, 0, 0, 0, 0, 0, 0, 0, 0, 0, 0, 0, 0, 0, 0] (6.148s)
  Sub: Z₀=26.724953 [LOCAL] (0.3s), α=[0.000,0.000,5.199,0.000,0.000,0.000,0.000,0.000,0.000,0.000,0.000,0.000,0.000,0.000,0.000,0.000,0.000,1.217,0.000,0.000,0.000,0.000,0.000,0.000,0.000,0.000,0.000,0.000,0.000,0.000,0.000,0.000,0.134,3.395,0.000,0.000]
  Iter 328: LB=-54.090832  UB=18.589578  gap=3.91e+00
  Cut: intercept=-1142.190315, π_x_range=[-823.8095, 587.0083]

=== True-DRO Benders iter 329 ===
  OMP: t₀=-53.607550, UB=18.589578, gap=3.88e+00, x=[0, 0, 0, 0, 0, 0, 0, 0, 1, 0, 0, 0, 0, 0, 0, 0, 0, 0, 0, 0, 0, 0, 0, 0, 0, 0, 0, 1, 0, 0, 0, 0, 0, 0, 0, 0] (6.427s)
  Sub: Z₀=24.522226 [LOCAL] (0.3s), α=[0.000,0.000,5.422,0.000,0.000,0.000,0.000,0.000,0.000,0.000,0.000,0.000,0.000,0.000,0.000,0.000,0.000,0.000,0.000,0.000,0.000,0.000,0.000,0.000,0.000,0.000,0.000,0.000,0.000,0.000,0.000,0.000,0.356,4.166,0.000,0.000]
  Iter 329: LB=-53.607550  UB=18.589578  gap=3.88e+00
  Cut: intercept=-1137.826172, π_x_range=[-823.8075, 583.3545]

=== True-DRO Benders iter 330 ===
  OMP: t₀=-53.578378, UB=18.589578, gap=3.88e+00, x=[0, 0, 0, 0, 0, 0, 0, 1, 0, 0, 0, 0, 0, 1, 0, 0, 0, 0, 0, 0, 0, 0, 0, 0, 0, 0, 0, 0, 0, 0, 0, 0, 0, 0, 0, 0] (4.978s)
  Sub: Z₀=25.732638 [TIME_LIMIT] (16.0s), α=[0.000,0.000,3.921,0.000,0.000,0.000,0.000,0.000,0.000,0.000,0.000,0.000,0.000,1.322,0.000,0.000,0.000,0.840,0.000,0.000,0.000,0.000,0.000,0.000,0.000,0.000,0.000,0.000,0.000,0.000,0.000,0.000,0.000,3.861,0.000,0.000]
  Iter 330: LB=-53.578378  UB=18.589578  gap=3.88e+00
  Cut: intercept=17.431440, π_x_range=[-172.3591, 8.3012]

=== True-DRO Benders iter 331 ===
  OMP: t₀=-53.503838, UB=18.589578, gap=3.88e+00, x=[0, 0, 0, 0, 0, 0, 0, 0, 0, 0, 1, 0, 0, 0, 0, 0, 0, 0, 0, 0, 0, 0, 0, 0, 0, 0, 0, 1, 0, 0, 0, 0, 0, 0, 0, 0] (5.474s)
  Sub: Z₀=24.653227 [LOCAL] (0.3s), α=[0.000,0.000,5.422,0.000,0.000,0.000,0.000,0.000,0.000,0.000,0.000,0.000,0.000,0.000,0.000,0.000,0.000,0.000,0.000,0.000,0.000,0.000,0.000,0.000,0.000,0.000,0.000,0.000,0.000,0.000,0.000,0.000,0.546,3.976,0.000,0.000]
  Iter 331: LB=-53.503838  UB=18.589578  gap=3.88e+00
  Cut: intercept=-1124.453034, π_x_range=[-824.3531, 578.9320]

=== True-DRO Benders iter 332 ===
  OMP: t₀=-53.414766, UB=18.589578, gap=3.87e+00, x=[0, 0, 0, 1, 0, 0, 0, 0, 0, 0, 0, 0, 0, 0, 0, 0, 0, 0, 0, 0, 0, 0, 0, 0, 0, 0, 0, 1, 0, 0, 0, 0, 0, 0, 0, 0] (5.466s)
  Sub: Z₀=24.653227 [LOCAL] (0.3s), α=[0.000,0.000,5.422,0.000,0.000,0.000,0.000,0.000,0.000,0.000,0.000,0.000,0.000,0.000,0.000,0.000,0.000,0.000,0.000,0.000,0.000,0.000,0.000,0.000,0.000,0.000,0.000,0.000,0.000,0.000,0.000,0.000,0.731,3.791,0.000,0.000]
  Iter 332: LB=-53.414766  UB=18.589578  gap=3.87e+00
  Cut: intercept=-1135.750685, π_x_range=[-824.4369, 581.4055]

=== True-DRO Benders iter 333 ===
  OMP: t₀=-53.414699, UB=18.589578, gap=3.87e+00, x=[0, 0, 0, 0, 1, 0, 0, 0, 0, 0, 0, 0, 0, 0, 0, 0, 0, 0, 0, 0, 0, 0, 0, 0, 0, 0, 0, 1, 0, 0, 0, 0, 0, 0, 0, 0] (5.622s)
  Sub: Z₀=24.653227 [LOCAL] (0.3s), α=[0.000,0.000,5.422,0.000,0.000,0.000,0.000,0.000,0.000,0.000,0.000,0.000,0.000,0.000,0.000,0.000,0.000,0.000,0.000,0.000,0.000,0.000,0.000,0.000,0.000,0.000,0.000,0.000,0.000,0.000,0.000,0.000,0.394,4.128,0.000,0.000]
  Iter 333: LB=-53.414699  UB=18.589578  gap=3.87e+00
  Cut: intercept=-1113.059064, π_x_range=[-824.4141, 579.0023]

=== True-DRO Benders iter 334 ===
  OMP: t₀=-53.414658, UB=18.589578, gap=3.87e+00, x=[0, 0, 0, 0, 0, 0, 0, 0, 0, 0, 0, 0, 0, 0, 0, 0, 0, 0, 0, 0, 0, 0, 0, 0, 0, 0, 0, 1, 0, 0, 0, 0, 0, 0, 1, 0] (5.864s)
  Sub: Z₀=24.653227 [LOCAL] (0.3s), α=[0.000,0.000,5.422,0.000,0.000,0.000,0.000,0.000,0.000,0.000,0.000,0.000,0.000,0.000,0.000,0.000,0.000,0.000,0.000,0.000,0.000,0.000,0.000,0.000,0.000,0.000,0.000,0.000,0.000,0.000,0.000,0.000,0.524,3.998,0.000,0.000]
  Iter 334: LB=-53.414658  UB=18.589578  gap=3.87e+00
  Cut: intercept=-1130.640158, π_x_range=[-824.4649, 579.0009]

=== True-DRO Benders iter 335 ===
  OMP: t₀=-53.414625, UB=18.589578, gap=3.87e+00, x=[1, 0, 0, 0, 0, 0, 0, 0, 0, 0, 0, 0, 0, 0, 0, 0, 0, 0, 0, 0, 0, 0, 0, 0, 0, 0, 0, 1, 0, 0, 0, 0, 0, 0, 0, 0] (6.054s)
  Sub: Z₀=24.991616 [TIME_LIMIT] (15.9s), α=[0.000,0.000,5.422,0.000,0.000,0.000,0.000,0.000,0.000,0.000,0.000,0.000,0.000,0.000,0.000,0.000,0.000,0.000,0.000,0.000,0.000,0.000,0.000,0.000,0.000,0.000,0.000,0.000,0.000,0.000,0.000,0.000,0.703,3.819,0.000,0.000]
  Iter 335: LB=-53.414625  UB=18.589578  gap=3.87e+00
  Cut: intercept=-11.121150, π_x_range=[-261.0000, 22.1386]

=== True-DRO Benders iter 336 ===
  OMP: t₀=-53.414536, UB=18.589578, gap=3.87e+00, x=[0, 0, 0, 0, 0, 0, 0, 0, 0, 0, 0, 0, 0, 0, 1, 0, 0, 0, 0, 0, 0, 0, 0, 0, 0, 0, 0, 1, 0, 0, 0, 0, 0, 0, 0, 0] (6.121s)
  Sub: Z₀=24.653227 [LOCAL] (0.3s), α=[0.000,0.000,5.422,0.000,0.000,0.000,0.000,0.000,0.000,0.000,0.000,0.000,0.000,0.000,0.000,0.000,0.000,0.000,0.000,0.000,0.000,0.000,0.000,0.000,0.000,0.000,0.000,0.000,0.000,0.000,0.000,0.000,0.477,4.045,0.000,0.000]
  Iter 336: LB=-53.414536  UB=18.589578  gap=3.87e+00
  Cut: intercept=-1125.917373, π_x_range=[-824.4149, 578.9440]

=== True-DRO Benders iter 337 ===
  OMP: t₀=-53.414530, UB=18.589578, gap=3.87e+00, x=[0, 0, 0, 0, 0, 0, 0, 0, 0, 0, 0, 0, 0, 0, 0, 0, 0, 0, 0, 0, 0, 0, 0, 0, 0, 0, 0, 1, 0, 0, 0, 0, 0, 0, 0, 1] (6.805s)
  Sub: Z₀=24.653227 [LOCAL] (0.3s), α=[0.000,0.000,5.422,0.000,0.000,0.000,0.000,0.000,0.000,0.000,0.000,0.000,0.000,0.000,0.000,0.000,0.000,0.000,0.000,0.000,0.000,0.000,0.000,0.000,0.000,0.000,0.000,0.000,0.000,0.000,0.000,0.000,0.520,4.002,0.000,0.000]
  Iter 337: LB=-53.414530  UB=18.589578  gap=3.87e+00
  Cut: intercept=-1133.316534, π_x_range=[-824.3779, 578.9991]

=== True-DRO Benders iter 338 ===
  OMP: t₀=-53.414517, UB=18.589578, gap=3.87e+00, x=[0, 0, 0, 0, 0, 0, 0, 0, 0, 0, 0, 0, 0, 0, 0, 0, 0, 0, 0, 0, 1, 0, 0, 0, 0, 0, 0, 1, 0, 0, 0, 0, 0, 0, 0, 0] (5.112s)
  Sub: Z₀=24.653227 [LOCAL] (0.3s), α=[0.000,0.000,5.422,0.000,0.000,0.000,0.000,0.000,0.000,0.000,0.000,0.000,0.000,0.000,0.000,0.000,0.000,0.000,0.000,0.000,0.000,0.000,0.000,0.000,0.000,0.000,0.000,0.000,0.000,0.000,0.000,0.000,0.463,4.058,0.000,0.000]
  Iter 338: LB=-53.414517  UB=18.589578  gap=3.87e+00
  Cut: intercept=-1111.643002, π_x_range=[-824.3858, 578.9715]

=== True-DRO Benders iter 339 ===
  OMP: t₀=-52.852392, UB=18.589578, gap=3.84e+00, x=[0, 0, 0, 1, 0, 0, 0, 0, 0, 0, 0, 0, 0, 0, 0, 0, 0, 0, 0, 0, 0, 0, 0, 0, 0, 0, 0, 0, 0, 1, 0, 0, 0, 0, 0, 0] (6.373s)
  Sub: Z₀=25.105919 [LOCAL] (0.5s), α=[0.000,0.000,4.134,0.000,0.000,0.045,0.000,0.000,0.000,0.000,0.000,0.000,0.000,0.545,0.000,0.000,0.000,0.000,0.000,0.000,0.000,0.000,0.000,0.000,0.000,0.000,0.000,0.000,0.000,1.282,0.703,0.000,0.703,2.532,0.000,0.000]
  Iter 339: LB=-52.852392  UB=18.589578  gap=3.84e+00
  Cut: intercept=-1143.946778, π_x_range=[-822.1204, 590.0878]

=== True-DRO Benders iter 340 ===
  OMP: t₀=-51.746610, UB=18.589578, gap=3.78e+00, x=[0, 0, 0, 0, 0, 0, 0, 0, 0, 0, 0, 0, 0, 0, 0, 0, 0, 0, 1, 0, 0, 0, 0, 0, 0, 0, 1, 0, 0, 0, 0, 0, 0, 0, 0, 0] (6.343s)
  Sub: Z₀=25.612033 [TIME_LIMIT] (15.8s), α=[0.000,0.000,5.254,0.000,0.000,0.000,0.000,0.000,0.000,0.000,0.000,0.000,0.000,0.000,0.000,0.000,0.000,0.000,0.000,0.000,0.000,0.000,0.000,0.000,0.000,0.000,0.000,0.000,0.000,0.337,0.000,0.000,0.581,3.772,0.000,0.000]
  Iter 340: LB=-51.746610  UB=18.589578  gap=3.78e+00
  Cut: intercept=-64.122758, π_x_range=[-257.0000, 69.5887]

=== True-DRO Benders iter 341 ===
  OMP: t₀=-50.944023, UB=18.589578, gap=3.74e+00, x=[0, 0, 0, 0, 0, 0, 0, 0, 1, 0, 0, 0, 0, 0, 0, 0, 0, 0, 1, 0, 0, 0, 0, 0, 0, 0, 0, 0, 0, 0, 0, 0, 0, 0, 0, 0] (4.835s)
  Sub: Z₀=25.570656 [LOCAL] (0.3s), α=[0.000,0.000,6.416,0.000,0.000,0.000,0.000,0.000,0.000,0.000,0.000,0.000,0.000,0.000,0.000,0.000,0.000,0.000,0.000,0.000,0.000,0.000,0.000,0.000,0.000,0.000,0.000,0.000,0.000,0.000,0.000,0.000,0.123,3.406,0.000,0.000]
  Iter 341: LB=-50.944023  UB=18.589578  gap=3.74e+00
  Cut: intercept=-1133.493755, π_x_range=[-825.8417, 584.9818]

=== True-DRO Benders iter 342 ===
  OMP: t₀=-50.812868, UB=18.589578, gap=3.73e+00, x=[0, 0, 0, 0, 0, 0, 0, 0, 0, 0, 0, 0, 0, 0, 0, 0, 1, 0, 1, 0, 0, 0, 0, 0, 0, 0, 0, 0, 0, 0, 0, 0, 0, 0, 0, 0] (4.902s)
  Sub: Z₀=25.447961 [LOCAL] (0.3s), α=[0.000,0.000,5.928,0.000,0.000,0.000,0.000,0.000,0.000,0.000,0.000,0.000,0.000,0.000,0.000,0.000,0.000,0.000,0.000,0.000,0.000,0.000,0.000,0.000,0.000,0.000,0.000,0.000,0.000,0.000,0.000,0.000,0.401,3.615,0.000,0.000]
  Iter 342: LB=-50.812868  UB=18.589578  gap=3.73e+00
  Cut: intercept=-1137.577985, π_x_range=[-824.6804, 589.2626]

=== True-DRO Benders iter 343 ===
  OMP: t₀=-50.751240, UB=18.589578, gap=3.73e+00, x=[0, 0, 0, 1, 0, 0, 0, 0, 0, 0, 0, 0, 0, 0, 0, 0, 0, 0, 1, 0, 0, 0, 0, 0, 0, 0, 0, 0, 0, 0, 0, 0, 0, 0, 0, 0] (5.331s)
  Sub: Z₀=25.447961 [LOCAL] (0.3s), α=[0.000,0.000,5.928,0.000,0.000,0.000,0.000,0.000,0.000,0.000,0.000,0.000,0.000,0.000,0.000,0.000,0.000,0.000,0.000,0.000,0.000,0.000,0.000,0.000,0.000,0.000,0.000,0.000,0.000,0.000,0.000,0.000,0.524,3.492,0.000,0.000]
  Iter 343: LB=-50.751240  UB=18.589578  gap=3.73e+00
  Cut: intercept=-1131.371758, π_x_range=[-824.7024, 583.0029]

=== True-DRO Benders iter 344 ===
  OMP: t₀=-50.751098, UB=18.589578, gap=3.73e+00, x=[1, 0, 0, 0, 0, 0, 0, 0, 0, 0, 0, 0, 0, 0, 0, 0, 0, 0, 1, 0, 0, 0, 0, 0, 0, 0, 0, 0, 0, 0, 0, 0, 0, 0, 0, 0] (5.138s)
  Sub: Z₀=25.447961 [LOCAL] (0.4s), α=[0.000,0.000,5.928,0.000,0.000,0.000,0.000,0.000,0.000,0.000,0.000,0.000,0.000,0.000,0.000,0.000,0.000,0.000,0.000,0.000,0.000,0.000,0.000,0.000,0.000,0.000,0.000,0.000,0.000,0.000,0.000,0.000,0.362,3.654,0.000,0.000]
  Iter 344: LB=-50.751098  UB=18.589578  gap=3.73e+00
  Cut: intercept=-1138.374369, π_x_range=[-824.3676, 590.0061]

=== True-DRO Benders iter 345 ===
  OMP: t₀=-50.751076, UB=18.589578, gap=3.73e+00, x=[0, 0, 0, 0, 0, 0, 0, 0, 0, 0, 0, 0, 0, 0, 0, 0, 0, 0, 1, 0, 0, 0, 0, 1, 0, 0, 0, 0, 0, 0, 0, 0, 0, 0, 0, 0] (4.991s)
  Sub: Z₀=25.613831 [TIME_LIMIT] (15.6s), α=[0.000,0.000,5.243,0.000,0.000,0.000,0.000,0.000,0.000,0.000,0.000,0.000,0.000,0.000,0.000,0.000,0.000,0.000,0.000,0.000,0.000,0.000,0.000,0.000,0.000,0.000,0.000,0.000,0.000,0.343,0.000,0.000,0.741,3.618,0.000,0.000]
  Iter 345: LB=-50.751076  UB=18.589578  gap=3.73e+00
  Cut: intercept=-68.499024, π_x_range=[-281.0000, 66.5727]

=== True-DRO Benders iter 346 ===
  OMP: t₀=-50.751009, UB=18.589578, gap=3.73e+00, x=[0, 1, 0, 0, 0, 0, 0, 0, 0, 0, 0, 0, 0, 0, 0, 0, 0, 0, 1, 0, 0, 0, 0, 0, 0, 0, 0, 0, 0, 0, 0, 0, 0, 0, 0, 0] (5.135s)
  Sub: Z₀=25.447961 [LOCAL] (0.4s), α=[0.000,0.000,5.928,0.000,0.000,0.000,0.000,0.000,0.000,0.000,0.000,0.000,0.000,0.000,0.000,0.000,0.000,0.000,0.000,0.000,0.000,0.000,0.000,0.000,0.000,0.000,0.000,0.000,0.000,0.000,0.000,0.000,0.349,3.667,0.000,0.000]
  Iter 346: LB=-50.751009  UB=18.589578  gap=3.73e+00
  Cut: intercept=-1121.634066, π_x_range=[-823.8604, 573.8173]

=== True-DRO Benders iter 347 ===
  OMP: t₀=-50.751003, UB=18.589578, gap=3.73e+00, x=[0, 0, 0, 0, 0, 0, 0, 0, 0, 0, 0, 0, 0, 0, 0, 0, 0, 0, 1, 0, 0, 0, 0, 0, 0, 0, 0, 0, 0, 0, 0, 0, 0, 0, 0, 1] (5.061s)
  Sub: Z₀=25.447961 [LOCAL] (0.4s), α=[0.000,0.000,5.928,0.000,0.000,0.000,0.000,0.000,0.000,0.000,0.000,0.000,0.000,0.000,0.000,0.000,0.000,0.000,0.000,0.000,0.000,0.000,0.000,0.000,0.000,0.000,0.000,0.000,0.000,0.000,0.000,0.000,0.352,3.664,0.000,0.000]
  Iter 347: LB=-50.751003  UB=18.589578  gap=3.73e+00
  Cut: intercept=-1129.632175, π_x_range=[-824.6383, 581.2771]

=== True-DRO Benders iter 348 ===
  OMP: t₀=-50.036814, UB=18.589578, gap=3.69e+00, x=[0, 0, 0, 0, 0, 0, 0, 0, 0, 0, 0, 0, 0, 0, 0, 0, 0, 0, 0, 0, 0, 0, 0, 0, 0, 0, 1, 1, 0, 0, 0, 0, 0, 0, 0, 0] (5.456s)
  Sub: Z₀=24.653227 [LOCAL] (0.3s), α=[0.000,0.000,5.422,0.000,0.000,0.000,0.000,0.000,0.000,0.000,0.000,0.000,0.000,0.000,0.000,0.000,0.000,0.000,0.000,0.000,0.000,0.000,0.000,0.000,0.000,0.000,0.000,0.000,0.000,0.000,0.000,0.000,0.548,3.974,0.000,0.000]
  Iter 348: LB=-50.036814  UB=18.589578  gap=3.69e+00
  Cut: intercept=-1142.113685, π_x_range=[-824.7227, 587.7368]

=== True-DRO Benders iter 349 ===
  OMP: t₀=-49.308034, UB=18.589578, gap=3.65e+00, x=[0, 0, 0, 0, 0, 0, 0, 0, 0, 0, 1, 0, 0, 0, 0, 0, 0, 0, 0, 0, 0, 0, 0, 0, 0, 0, 0, 0, 0, 0, 1, 0, 0, 0, 0, 0] (5.048s)
  Sub: Z₀=25.311648 [LOCAL] (0.3s), α=[0.000,0.000,5.351,0.000,0.000,0.000,0.000,0.000,0.000,0.000,0.000,0.000,0.000,0.000,0.000,0.000,0.000,0.071,0.000,0.000,0.000,0.000,0.000,0.000,0.000,0.000,0.000,0.000,0.000,0.000,0.000,0.000,1.342,3.180,0.000,0.000]
  Iter 349: LB=-49.308034  UB=18.589578  gap=3.65e+00
  Cut: intercept=-1136.691153, π_x_range=[-821.7506, 593.4811]

=== True-DRO Benders iter 350 ===
  OMP: t₀=-49.218780, UB=18.589578, gap=3.65e+00, x=[0, 0, 0, 0, 0, 0, 0, 0, 0, 0, 0, 0, 0, 0, 0, 0, 0, 0, 0, 0, 0, 0, 0, 0, 0, 0, 0, 0, 0, 0, 1, 1, 0, 0, 0, 0] (5.440s)
  Sub: Z₀=25.311648 [TIME_LIMIT] (15.7s), α=[0.000,0.000,5.339,0.000,0.000,0.000,0.000,0.000,0.000,0.000,0.000,0.000,0.000,0.000,0.000,0.000,0.000,0.083,0.000,0.000,0.000,0.000,0.000,0.000,0.000,0.000,0.000,0.000,0.000,0.000,0.000,0.000,1.364,3.158,0.000,0.000]
  Iter 350: LB=-49.218780  UB=18.589578  gap=3.65e+00
  Cut: intercept=-40.205749, π_x_range=[-251.0000, 57.6754]

=== True-DRO Benders iter 351 ===
  OMP: t₀=-49.218733, UB=18.589578, gap=3.65e+00, x=[0, 0, 0, 0, 0, 0, 0, 0, 0, 0, 0, 0, 0, 0, 1, 0, 0, 0, 0, 0, 0, 0, 0, 0, 0, 0, 0, 0, 0, 0, 1, 0, 0, 0, 0, 0] (5.787s)
  Sub: Z₀=25.311647 [LOCAL] (0.3s), α=[0.000,0.000,5.363,0.000,0.000,0.000,0.000,0.000,0.000,0.000,0.000,0.000,0.000,0.000,0.000,0.000,0.000,0.060,0.000,0.000,0.000,0.000,0.000,0.000,0.000,0.000,0.000,0.000,0.000,0.000,0.000,0.000,1.201,3.321,0.000,0.000]
  Iter 351: LB=-49.218733  UB=18.589578  gap=3.65e+00
  Cut: intercept=-1136.499663, π_x_range=[-821.8218, 593.4434]

=== True-DRO Benders iter 352 ===
  OMP: t₀=-49.218714, UB=18.589578, gap=3.65e+00, x=[0, 0, 0, 0, 0, 0, 0, 0, 0, 0, 0, 0, 0, 0, 0, 0, 0, 0, 0, 0, 1, 0, 0, 0, 0, 0, 0, 0, 0, 0, 1, 0, 0, 0, 0, 0] (5.740s)
  Sub: Z₀=25.311647 [LOCAL] (0.3s), α=[0.000,0.000,5.362,0.000,0.000,0.000,0.000,0.000,0.000,0.000,0.000,0.000,0.000,0.000,0.000,0.000,0.000,0.061,0.000,0.000,0.000,0.000,0.000,0.000,0.000,0.000,0.000,0.000,0.000,0.000,0.000,0.000,1.169,3.353,0.000,0.000]
  Iter 352: LB=-49.218714  UB=18.589578  gap=3.65e+00
  Cut: intercept=-1122.848925, π_x_range=[-821.7909, 593.4188]

=== True-DRO Benders iter 353 ===
  OMP: t₀=-48.973310, UB=18.589578, gap=3.63e+00, x=[0, 0, 0, 0, 0, 0, 0, 0, 0, 0, 0, 0, 0, 0, 0, 0, 1, 0, 0, 0, 0, 0, 0, 0, 0, 0, 0, 1, 0, 0, 0, 0, 0, 0, 0, 0] (5.307s)
  Sub: Z₀=24.653227 [LOCAL] (0.3s), α=[0.000,0.000,5.422,0.000,0.000,0.000,0.000,0.000,0.000,0.000,0.000,0.000,0.000,0.000,0.000,0.000,0.000,0.000,0.000,0.000,0.000,0.000,0.000,0.000,0.000,0.000,0.000,0.000,0.000,0.000,0.000,0.000,0.590,3.932,0.000,0.000]
  Iter 353: LB=-48.973310  UB=18.589578  gap=3.63e+00
  Cut: intercept=-1140.837787, π_x_range=[-824.3994, 586.6860]

=== True-DRO Benders iter 354 ===
  OMP: t₀=-48.657878, UB=18.589578, gap=3.62e+00, x=[0, 0, 0, 0, 0, 0, 0, 0, 0, 0, 0, 0, 0, 0, 0, 0, 0, 0, 0, 0, 0, 1, 0, 0, 0, 0, 0, 0, 0, 1, 0, 0, 0, 0, 0, 0] (5.158s)
  Sub: Z₀=24.277705 [LOCAL] (0.3s), α=[0.000,0.000,3.895,0.000,0.000,0.000,0.000,0.000,0.000,0.000,0.000,0.000,0.000,0.000,0.000,0.000,0.000,0.000,0.000,0.000,0.000,0.000,0.000,0.000,0.000,0.000,0.000,0.000,0.000,1.494,0.842,0.000,3.713,0.000,0.000,0.000]
  Iter 354: LB=-48.657878  UB=18.589578  gap=3.62e+00
  Cut: intercept=-1145.711176, π_x_range=[-822.0090, 595.3476]

=== True-DRO Benders iter 355 ===
  OMP: t₀=-47.235551, UB=18.589578, gap=3.54e+00, x=[0, 0, 0, 0, 0, 0, 0, 0, 0, 0, 0, 0, 0, 0, 0, 0, 0, 0, 0, 0, 0, 0, 0, 1, 0, 0, 0, 1, 0, 0, 0, 0, 0, 0, 0, 0] (5.090s)
  Sub: Z₀=24.991616 [TIME_LIMIT] (15.7s), α=[0.000,0.000,5.422,0.000,0.000,0.000,0.000,0.000,0.000,0.000,0.000,0.000,0.000,0.000,0.000,0.000,0.000,0.000,0.000,0.000,0.000,0.000,0.000,0.000,0.000,0.000,0.000,0.000,0.000,0.000,0.000,0.000,0.801,3.721,0.000,0.000]
  Iter 355: LB=-47.235551  UB=18.589578  gap=3.54e+00
  Cut: intercept=-22.709150, π_x_range=[-261.0000, 25.5104]

=== True-DRO Benders iter 356 ===
  OMP: t₀=-47.125772, UB=18.589578, gap=3.54e+00, x=[0, 0, 0, 0, 0, 0, 0, 0, 0, 0, 0, 0, 0, 0, 0, 0, 0, 1, 0, 0, 0, 0, 0, 0, 0, 0, 0, 0, 0, 0, 1, 0, 0, 0, 0, 0] (5.568s)
  Sub: Z₀=22.582845 [LOCAL] (0.3s), α=[0.000,0.000,5.206,0.000,0.000,0.000,0.000,0.000,0.000,0.000,0.000,0.000,0.000,0.000,0.000,0.000,0.000,2.418,0.000,0.000,0.000,0.000,0.000,0.000,0.000,0.000,0.000,0.000,0.000,0.000,0.000,0.000,0.326,1.994,0.000,0.000]
  Iter 356: LB=-47.125772  UB=18.589578  gap=3.54e+00
  Cut: intercept=-1162.501768, π_x_range=[-825.8738, 594.0321]

=== True-DRO Benders iter 357 ===
  OMP: t₀=-46.308444, UB=18.589578, gap=3.49e+00, x=[0, 0, 0, 0, 0, 0, 0, 0, 0, 0, 0, 0, 0, 0, 0, 0, 0, 0, 0, 0, 0, 0, 0, 0, 0, 0, 0, 0, 0, 1, 0, 0, 0, 0, 0, 1] (5.569s)
  Sub: Z₀=25.105919 [LOCAL] (0.5s), α=[0.000,0.000,4.134,0.000,0.000,0.043,0.000,0.000,0.000,0.000,0.000,0.000,0.000,0.562,0.000,0.000,0.000,0.000,0.000,0.000,0.000,0.000,0.000,0.000,0.000,0.000,0.000,0.000,0.000,1.272,0.698,0.000,0.533,2.703,0.000,0.000]
  Iter 357: LB=-46.308444  UB=18.589578  gap=3.49e+00
  Cut: intercept=-1140.484455, π_x_range=[-822.0790, 590.1192]

=== True-DRO Benders iter 358 ===
  OMP: t₀=-45.670875, UB=18.589578, gap=3.46e+00, x=[0, 0, 0, 0, 0, 0, 0, 0, 0, 0, 0, 0, 0, 0, 0, 0, 0, 0, 0, 0, 0, 0, 0, 0, 0, 0, 1, 0, 1, 0, 0, 0, 0, 0, 0, 0] (5.222s)
  Sub: Z₀=26.724953 [LOCAL] (0.4s), α=[0.000,0.000,6.416,0.000,0.000,0.000,0.000,0.000,0.000,0.000,0.000,0.000,0.000,0.000,0.000,0.000,0.000,0.000,0.000,0.000,0.000,0.000,0.000,0.000,0.000,0.000,0.000,0.000,0.000,0.000,0.000,0.000,0.144,3.384,0.000,0.000]
  Iter 358: LB=-45.670875  UB=18.589578  gap=3.46e+00
  Cut: intercept=-1129.290746, π_x_range=[-825.5837, 589.3235]

=== True-DRO Benders iter 359 ===
  OMP: t₀=-44.883874, UB=18.589578, gap=3.41e+00, x=[0, 0, 0, 0, 0, 0, 0, 0, 0, 0, 0, 0, 1, 0, 0, 0, 0, 0, 0, 0, 0, 0, 0, 0, 0, 0, 0, 0, 0, 0, 1, 0, 0, 0, 0, 0] (5.545s)
  Sub: Z₀=23.265095 [LOCAL] (0.3s), α=[0.000,0.000,3.343,0.000,0.000,0.000,0.000,0.000,0.000,0.000,0.000,0.000,2.206,0.750,0.000,0.000,0.000,0.033,0.000,0.000,0.000,0.000,0.000,0.000,0.000,0.000,0.000,0.000,0.000,0.000,0.000,0.000,0.000,3.613,0.000,0.000]
  Iter 359: LB=-44.883874  UB=18.589578  gap=3.41e+00
  Cut: intercept=-1142.590712, π_x_range=[-821.1263, 596.9596]

=== True-DRO Benders iter 360 ===
  OMP: t₀=-44.868288, UB=18.589578, gap=3.41e+00, x=[0, 0, 0, 0, 0, 0, 0, 0, 1, 0, 0, 0, 0, 0, 0, 0, 0, 0, 0, 0, 0, 0, 0, 0, 0, 0, 0, 0, 1, 0, 0, 0, 0, 0, 0, 0] (5.556s)
  Sub: Z₀=26.724955 [TIME_LIMIT] (15.9s), α=[0.000,0.000,6.416,0.000,0.000,0.000,0.000,0.000,0.000,0.000,0.000,0.000,0.000,0.000,0.000,0.000,0.000,0.000,0.000,0.000,0.000,0.000,0.000,0.000,0.000,0.000,0.000,0.000,0.000,0.000,0.000,0.000,0.129,3.400,0.000,0.000]
  Iter 360: LB=-44.868288  UB=18.589578  gap=3.41e+00
  Cut: intercept=-80.826785, π_x_range=[-242.0484, 77.1445]

=== True-DRO Benders iter 361 ===
  OMP: t₀=-44.737133, UB=18.589578, gap=3.41e+00, x=[0, 0, 0, 0, 0, 0, 0, 0, 0, 0, 0, 0, 0, 0, 0, 0, 1, 0, 0, 0, 0, 0, 0, 0, 0, 0, 0, 0, 1, 0, 0, 0, 0, 0, 0, 0] (5.555s)
  Sub: Z₀=26.724953 [LOCAL] (0.3s), α=[0.000,0.000,6.416,0.000,0.000,0.000,0.000,0.000,0.000,0.000,0.000,0.000,0.000,0.000,0.000,0.000,0.000,0.000,0.000,0.000,0.000,0.000,0.000,0.000,0.000,0.000,0.000,0.000,0.000,0.000,0.000,0.000,0.155,3.373,0.000,0.000]
  Iter 361: LB=-44.737133  UB=18.589578  gap=3.41e+00
  Cut: intercept=-1130.536490, π_x_range=[-825.7996, 590.4401]

=== True-DRO Benders iter 362 ===
  OMP: t₀=-44.675363, UB=18.589578, gap=3.40e+00, x=[1, 0, 0, 0, 0, 0, 0, 0, 0, 0, 0, 0, 0, 0, 0, 0, 0, 0, 0, 0, 0, 0, 0, 0, 0, 0, 0, 0, 1, 0, 0, 0, 0, 0, 0, 0] (5.588s)
  Sub: Z₀=26.724953 [LOCAL] (0.4s), α=[0.000,0.000,6.416,0.000,0.000,0.000,0.000,0.000,0.000,0.000,0.000,0.000,0.000,0.000,0.000,0.000,0.000,0.000,0.000,0.000,0.000,0.000,0.000,0.000,0.000,0.000,0.000,0.000,0.000,0.000,0.000,0.000,0.141,3.388,0.000,0.000]
  Iter 362: LB=-44.675363  UB=18.589578  gap=3.40e+00
  Cut: intercept=-1130.700444, π_x_range=[-825.6521, 590.6684]

=== True-DRO Benders iter 363 ===
  OMP: t₀=-44.675342, UB=18.589578, gap=3.40e+00, x=[0, 0, 0, 0, 0, 0, 0, 0, 0, 0, 0, 0, 0, 0, 0, 0, 0, 0, 0, 0, 0, 0, 0, 1, 0, 0, 0, 0, 1, 0, 0, 0, 0, 0, 0, 0] (5.497s)
  Sub: Z₀=26.724953 [LOCAL] (0.3s), α=[0.000,0.000,6.416,0.000,0.000,0.000,0.000,0.000,0.000,0.000,0.000,0.000,0.000,0.000,0.000,0.000,0.000,0.000,0.000,0.000,0.000,0.000,0.000,0.000,0.000,0.000,0.000,0.000,0.000,0.000,0.000,0.000,0.159,3.370,0.000,0.000]
  Iter 363: LB=-44.675342  UB=18.589578  gap=3.40e+00
  Cut: intercept=-1122.320439, π_x_range=[-825.6990, 582.3046]

=== True-DRO Benders iter 364 ===
  OMP: t₀=-44.675268, UB=18.589578, gap=3.40e+00, x=[0, 0, 0, 0, 0, 0, 0, 0, 0, 0, 0, 0, 0, 0, 0, 0, 0, 0, 0, 0, 0, 0, 0, 0, 0, 0, 0, 0, 1, 0, 0, 0, 0, 0, 0, 1] (5.600s)
  Sub: Z₀=26.724953 [LOCAL] (0.4s), α=[0.000,0.000,6.416,0.000,0.000,0.000,0.000,0.000,0.000,0.000,0.000,0.000,0.000,0.000,0.000,0.000,0.000,0.000,0.000,0.000,0.000,0.000,0.000,0.000,0.000,0.000,0.000,0.000,0.000,0.000,0.000,0.000,0.137,3.391,0.000,0.000]
  Iter 364: LB=-44.675268  UB=18.589578  gap=3.40e+00
  Cut: intercept=-1121.363948, π_x_range=[-825.6892, 581.3784]

=== True-DRO Benders iter 365 ===
  OMP: t₀=-44.455660, UB=18.589578, gap=3.39e+00, x=[0, 0, 0, 0, 0, 1, 0, 0, 0, 0, 0, 0, 0, 0, 0, 0, 0, 1, 0, 0, 0, 0, 0, 0, 0, 0, 0, 0, 0, 0, 0, 0, 0, 0, 0, 0] (5.708s)
  Sub: Z₀=19.087334 [TIME_LIMIT] (15.6s), α=[0.000,0.000,0.011,0.000,0.000,4.266,0.000,0.000,0.000,0.000,0.000,0.000,0.000,0.899,0.000,0.000,0.000,4.739,0.000,0.000,0.000,0.000,0.000,0.000,0.000,0.000,0.000,0.000,0.000,0.011,0.018,0.000,0.000,0.000,0.000,0.000]
  Iter 365: LB=-44.455660  UB=18.589578  gap=3.39e+00
  Cut: intercept=-88.286345, π_x_range=[-247.0000, 66.2755]

=== True-DRO Benders iter 366 ===
  OMP: t₀=-44.225429, UB=18.589578, gap=3.38e+00, x=[0, 0, 0, 0, 0, 0, 0, 0, 0, 0, 0, 0, 0, 0, 0, 1, 0, 0, 0, 0, 0, 0, 0, 0, 0, 0, 0, 0, 0, 0, 0, 0, 1, 0, 0, 0] (5.357s)
  Sub: Z₀=21.749224 [LOCAL] (0.3s), α=[0.000,0.000,2.193,0.000,0.000,0.000,0.000,0.000,0.000,0.000,0.000,0.000,0.000,0.000,0.000,0.000,0.000,0.000,0.000,0.000,0.000,0.000,0.000,0.000,0.000,0.000,0.000,0.000,0.000,0.000,0.000,0.000,5.236,2.516,0.000,0.000]
  Iter 366: LB=-44.225429  UB=18.589578  gap=3.38e+00
  Cut: intercept=-1120.604836, π_x_range=[-825.9659, 590.2783]

=== True-DRO Benders iter 367 ===
  OMP: t₀=-44.225429, UB=18.589578, gap=3.38e+00, x=[0, 1, 0, 0, 0, 0, 0, 0, 0, 0, 0, 0, 0, 0, 0, 0, 0, 0, 0, 0, 0, 0, 0, 0, 0, 0, 0, 0, 0, 0, 0, 0, 1, 0, 0, 0] (5.344s)
  Sub: Z₀=21.749224 [LOCAL] (0.3s), α=[0.000,0.000,2.193,0.000,0.000,0.000,0.000,0.000,0.000,0.000,0.000,0.000,0.000,0.000,0.000,0.000,0.000,0.000,0.000,0.000,0.000,0.000,0.000,0.000,0.000,0.000,0.000,0.000,0.000,0.000,0.000,0.000,5.261,2.491,0.000,0.000]
  Iter 367: LB=-44.225429  UB=18.589578  gap=3.38e+00
  Cut: intercept=-1142.385878, π_x_range=[-826.0562, 590.2789]

=== True-DRO Benders iter 368 ===
  OMP: t₀=-44.135199, UB=18.589578, gap=3.37e+00, x=[0, 0, 0, 0, 0, 0, 0, 0, 1, 0, 0, 0, 0, 0, 0, 0, 0, 0, 0, 0, 0, 0, 0, 0, 0, 0, 0, 0, 0, 1, 0, 0, 0, 0, 0, 0] (5.104s)
  Sub: Z₀=25.105919 [LOCAL] (0.5s), α=[0.000,0.000,4.134,0.000,0.000,0.049,0.000,0.000,0.000,0.000,0.000,0.000,0.000,0.163,0.000,0.000,0.000,0.000,0.000,0.000,0.000,0.000,0.000,0.000,0.000,0.000,0.000,0.000,0.000,1.516,0.847,0.000,0.113,3.123,0.000,0.000]
  Iter 368: LB=-44.135199  UB=18.589578  gap=3.37e+00
  Cut: intercept=-1145.771575, π_x_range=[-821.5046, 590.0984]

=== True-DRO Benders iter 369 ===
  OMP: t₀=-44.063204, UB=18.589578, gap=3.37e+00, x=[0, 1, 0, 0, 0, 1, 0, 0, 0, 0, 0, 0, 0, 0, 0, 0, 0, 0, 0, 0, 0, 0, 0, 0, 0, 0, 0, 0, 0, 0, 0, 0, 0, 0, 0, 0] (5.365s)
  Sub: Z₀=21.890852 [LOCAL] (0.3s), α=[0.000,0.000,1.772,0.000,0.000,4.948,0.000,0.000,0.000,0.000,0.000,0.000,0.000,1.176,0.000,0.000,0.000,0.229,0.000,0.000,0.000,0.000,0.000,0.000,0.000,0.000,0.000,0.000,0.000,0.125,0.592,0.000,0.315,0.786,0.000,0.000]
  Iter 369: LB=-44.063204  UB=18.589578  gap=3.37e+00
  Cut: intercept=-1104.422493, π_x_range=[-816.8044, 571.1087]

=== True-DRO Benders iter 370 ===
  OMP: t₀=-43.206687, UB=18.589578, gap=3.32e+00, x=[0, 0, 0, 0, 0, 0, 0, 0, 0, 0, 0, 0, 0, 0, 0, 0, 0, 0, 0, 1, 0, 0, 0, 0, 0, 0, 1, 0, 0, 0, 0, 0, 0, 0, 0, 0] (6.229s)
  Sub: Z₀=26.225112 [TIME_LIMIT] (16.1s), α=[0.000,0.000,5.422,0.000,0.000,0.000,0.000,0.000,0.000,0.000,0.000,0.000,0.000,0.000,0.000,0.000,0.000,0.000,0.000,0.000,0.000,0.000,0.000,0.000,0.000,0.000,0.000,0.000,0.000,0.000,0.000,0.000,0.735,3.787,0.000,0.000]
  Iter 370: LB=-43.206687  UB=18.589578  gap=3.32e+00
  Cut: intercept=-16.059456, π_x_range=[-259.0000, 23.9331]

=== True-DRO Benders iter 371 ===
  OMP: t₀=-42.560469, UB=18.589578, gap=3.29e+00, x=[0, 0, 0, 0, 0, 1, 0, 0, 0, 0, 0, 1, 0, 0, 0, 0, 0, 0, 0, 0, 0, 0, 0, 0, 0, 0, 0, 0, 0, 0, 0, 0, 0, 0, 0, 0] (4.706s)
  Sub: Z₀=21.890852 [LOCAL] (0.3s), α=[0.000,0.000,1.712,0.000,0.000,4.884,0.000,0.000,0.000,0.000,0.000,0.000,0.000,1.245,0.000,0.000,0.000,0.289,0.000,0.000,0.000,0.000,0.000,0.000,0.000,0.000,0.000,0.000,0.000,0.122,0.590,0.000,0.308,0.793,0.000,0.000]
  Iter 371: LB=-42.560469  UB=18.589578  gap=3.29e+00
  Cut: intercept=-1103.140953, π_x_range=[-818.4956, 570.0410]

=== True-DRO Benders iter 372 ===
  OMP: t₀=-42.404100, UB=18.589578, gap=3.28e+00, x=[0, 0, 0, 0, 0, 0, 0, 0, 1, 0, 0, 0, 0, 0, 0, 0, 0, 0, 0, 1, 0, 0, 0, 0, 0, 0, 0, 0, 0, 0, 0, 0, 0, 0, 0, 0] (4.773s)
  Sub: Z₀=26.133853 [LOCAL] (0.3s), α=[0.000,0.000,5.422,0.000,0.000,0.000,0.000,0.000,0.000,0.000,0.000,0.000,0.000,0.000,0.000,0.000,0.000,0.000,0.000,0.000,0.000,0.000,0.000,0.000,0.000,0.000,0.000,0.000,0.000,0.000,0.000,0.000,0.395,4.127,0.000,0.000]
  Iter 372: LB=-42.404100  UB=18.589578  gap=3.28e+00
  Cut: intercept=-1138.105436, π_x_range=[-822.7398, 583.7543]

=== True-DRO Benders iter 373 ===
  OMP: t₀=-42.300388, UB=18.589578, gap=3.28e+00, x=[0, 0, 0, 0, 0, 0, 0, 0, 0, 0, 1, 0, 0, 0, 0, 0, 0, 0, 0, 1, 0, 0, 0, 0, 0, 0, 0, 0, 0, 0, 0, 0, 0, 0, 0, 0] (5.521s)
  Sub: Z₀=26.225112 [LOCAL] (0.3s), α=[0.000,0.000,5.422,0.000,0.000,0.000,0.000,0.000,0.000,0.000,0.000,0.000,0.000,0.000,0.000,0.000,0.000,0.000,0.000,0.000,0.000,0.000,0.000,0.000,0.000,0.000,0.000,0.000,0.000,0.000,0.000,0.000,0.551,3.971,0.000,0.000]
  Iter 373: LB=-42.300388  UB=18.589578  gap=3.28e+00
  Cut: intercept=-1124.739540, π_x_range=[-823.3102, 580.3768]

=== True-DRO Benders iter 374 ===
  OMP: t₀=-42.272945, UB=18.589578, gap=3.27e+00, x=[0, 0, 0, 0, 0, 0, 0, 0, 0, 0, 0, 0, 0, 0, 0, 0, 1, 0, 0, 1, 0, 0, 0, 0, 0, 0, 0, 0, 0, 0, 0, 0, 0, 0, 0, 0] (4.746s)
  Sub: Z₀=26.225111 [LOCAL] (0.3s), α=[0.000,0.000,5.422,0.000,0.000,0.000,0.000,0.000,0.000,0.000,0.000,0.000,0.000,0.000,0.000,0.000,0.000,0.000,0.000,0.000,0.000,0.000,0.000,0.000,0.000,0.000,0.000,0.000,0.000,0.000,0.000,0.000,0.931,3.591,0.000,0.000]
  Iter 374: LB=-42.272945  UB=18.589578  gap=3.27e+00
  Cut: intercept=-1141.447323, π_x_range=[-823.2621, 587.0987]

=== True-DRO Benders iter 375 ===
  OMP: t₀=-42.211317, UB=18.589578, gap=3.27e+00, x=[0, 0, 0, 1, 0, 0, 0, 0, 0, 0, 0, 0, 0, 0, 0, 0, 0, 0, 0, 1, 0, 0, 0, 0, 0, 0, 0, 0, 0, 0, 0, 0, 0, 0, 0, 0] (5.187s)
  Sub: Z₀=26.225114 [TIME_LIMIT] (15.8s), α=[0.000,0.000,5.422,0.000,0.000,0.000,0.000,0.000,0.000,0.000,0.000,0.000,0.000,0.000,0.000,0.000,0.000,0.000,0.000,0.000,0.000,0.000,0.000,0.000,0.000,0.000,0.000,0.000,0.000,0.000,0.000,0.000,0.000,4.522,0.000,0.000]
  Iter 375: LB=-42.211317  UB=18.589578  gap=3.27e+00
  Cut: intercept=26.225114, π_x_range=[-170.1470, 0.0000]

=== True-DRO Benders iter 376 ===
  OMP: t₀=-42.211250, UB=18.589578, gap=3.27e+00, x=[0, 0, 0, 0, 1, 0, 0, 0, 0, 0, 0, 0, 0, 0, 0, 0, 0, 0, 0, 1, 0, 0, 0, 0, 0, 0, 0, 0, 0, 0, 0, 0, 0, 0, 0, 0] (5.617s)
  Sub: Z₀=26.225112 [LOCAL] (0.3s), α=[0.000,0.000,5.422,0.000,0.000,0.000,0.000,0.000,0.000,0.000,0.000,0.000,0.000,0.000,0.000,0.000,0.000,0.000,0.000,0.000,0.000,0.000,0.000,0.000,0.000,0.000,0.000,0.000,0.000,0.000,0.000,0.000,0.427,4.095,0.000,0.000]
  Iter 376: LB=-42.211250  UB=18.589578  gap=3.27e+00
  Cut: intercept=-1112.474323, π_x_range=[-823.3642, 580.4573]

=== True-DRO Benders iter 377 ===
  OMP: t₀=-42.211209, UB=18.589578, gap=3.27e+00, x=[0, 0, 0, 0, 0, 0, 0, 0, 0, 0, 0, 0, 0, 0, 0, 0, 0, 0, 0, 1, 0, 0, 0, 0, 0, 0, 0, 0, 0, 0, 0, 0, 0, 0, 1, 0] (5.927s)
  Sub: Z₀=26.225112 [LOCAL] (0.3s), α=[0.000,0.000,5.422,0.000,0.000,0.000,0.000,0.000,0.000,0.000,0.000,0.000,0.000,0.000,0.000,0.000,0.000,0.000,0.000,0.000,0.000,0.000,0.000,0.000,0.000,0.000,0.000,0.000,0.000,0.000,0.000,0.000,0.549,3.973,0.000,0.000]
  Iter 377: LB=-42.211209  UB=18.589578  gap=3.27e+00
  Cut: intercept=-1129.938887, π_x_range=[-823.4188, 580.4494]

=== True-DRO Benders iter 378 ===
  OMP: t₀=-42.211134, UB=18.589578, gap=3.27e+00, x=[0, 0, 0, 0, 0, 0, 0, 0, 0, 0, 0, 0, 0, 0, 0, 0, 0, 0, 0, 1, 0, 0, 0, 0, 0, 0, 0, 0, 0, 0, 0, 1, 0, 0, 0, 0] (5.690s)
  Sub: Z₀=26.225112 [LOCAL] (0.3s), α=[0.000,0.000,5.422,0.000,0.000,0.000,0.000,0.000,0.000,0.000,0.000,0.000,0.000,0.000,0.000,0.000,0.000,0.000,0.000,0.000,0.000,0.000,0.000,0.000,0.000,0.000,0.000,0.000,0.000,0.000,0.000,0.000,0.524,3.998,0.000,0.000]
  Iter 378: LB=-42.211134  UB=18.589578  gap=3.27e+00
  Cut: intercept=-1109.041093, π_x_range=[-823.3549, 580.4607]

=== True-DRO Benders iter 379 ===
  OMP: t₀=-42.211086, UB=18.589578, gap=3.27e+00, x=[0, 0, 0, 0, 0, 0, 0, 0, 0, 0, 0, 0, 0, 0, 1, 0, 0, 0, 0, 1, 0, 0, 0, 0, 0, 0, 0, 0, 0, 0, 0, 0, 0, 0, 0, 0] (5.621s)
  Sub: Z₀=26.225111 [LOCAL] (0.3s), α=[0.000,0.000,5.422,0.000,0.000,0.000,0.000,0.000,0.000,0.000,0.000,0.000,0.000,0.000,0.000,0.000,0.000,0.000,0.000,0.000,0.000,0.000,0.000,0.000,0.000,0.000,0.000,0.000,0.000,0.000,0.000,0.000,0.507,4.015,0.000,0.000]
  Iter 379: LB=-42.211086  UB=18.589578  gap=3.27e+00
  Cut: intercept=-1125.818105, π_x_range=[-823.3645, 580.4028]

=== True-DRO Benders iter 380 ===
  OMP: t₀=-42.211068, UB=18.589578, gap=3.27e+00, x=[0, 0, 0, 0, 0, 0, 0, 0, 0, 0, 0, 0, 0, 0, 0, 0, 0, 0, 0, 1, 1, 0, 0, 0, 0, 0, 0, 0, 0, 0, 0, 0, 0, 0, 0, 0] (5.646s)
  Sub: Z₀=26.225112 [TIME_LIMIT] (15.8s), α=[0.000,0.000,5.422,0.000,0.000,0.000,0.000,0.000,0.000,0.000,0.000,0.000,0.000,0.000,0.000,0.000,0.000,0.000,0.000,0.000,0.000,0.000,0.000,0.000,0.000,0.000,0.000,0.000,0.000,0.000,0.000,0.000,0.630,3.892,0.000,0.000]
  Iter 380: LB=-42.211068  UB=18.589578  gap=3.27e+00
  Cut: intercept=-71.067505, π_x_range=[-259.0000, 73.3795]

=== True-DRO Benders iter 381 ===
  OMP: t₀=-41.859463, UB=18.589578, gap=3.25e+00, x=[0, 0, 0, 0, 0, 0, 0, 0, 0, 0, 0, 0, 0, 0, 0, 0, 0, 1, 0, 0, 0, 0, 0, 0, 0, 1, 0, 0, 0, 0, 0, 0, 0, 0, 0, 0] (6.259s)
  Sub: Z₀=24.343909 [LOCAL] (0.3s), α=[0.000,0.000,5.909,0.000,0.000,0.000,0.000,0.000,0.000,0.000,0.000,0.000,0.000,0.000,0.000,0.000,0.000,0.506,0.000,0.000,0.000,0.000,0.000,0.000,0.000,0.000,0.000,0.000,0.000,0.000,0.000,0.000,0.224,3.304,0.000,0.000]
  Iter 381: LB=-41.859463  UB=18.589578  gap=3.25e+00
  Cut: intercept=-1112.011059, π_x_range=[-827.4535, 595.5331]

=== True-DRO Benders iter 382 ===
  OMP: t₀=-41.859464, UB=18.589578, gap=3.25e+00, x=[0, 0, 0, 0, 0, 0, 0, 0, 0, 0, 0, 1, 0, 0, 0, 0, 0, 1, 0, 0, 0, 0, 0, 0, 0, 0, 0, 0, 0, 0, 0, 0, 0, 0, 0, 0] (5.054s)
  Sub: Z₀=24.461161 [LOCAL] (0.3s), α=[0.000,0.000,5.892,0.000,0.000,0.000,0.000,0.000,0.000,0.000,0.000,0.000,0.000,0.000,0.000,0.000,0.000,0.524,0.000,0.000,0.000,0.000,0.000,0.000,0.000,0.000,0.000,0.000,0.000,0.000,0.000,0.000,0.210,3.318,0.000,0.000]
  Iter 382: LB=-41.859464  UB=18.589578  gap=3.25e+00
  Cut: intercept=-1144.731827, π_x_range=[-827.3667, 595.5347]

=== True-DRO Benders iter 383 ===
  OMP: t₀=-41.227619, UB=18.589578, gap=3.22e+00, x=[0, 0, 0, 0, 1, 0, 0, 0, 0, 0, 0, 0, 0, 0, 0, 0, 0, 0, 0, 0, 0, 0, 0, 0, 0, 0, 0, 0, 0, 0, 1, 0, 0, 0, 0, 0] (5.073s)
  Sub: Z₀=25.311647 [LOCAL] (0.3s), α=[0.000,0.000,5.363,0.000,0.000,0.000,0.000,0.000,0.000,0.000,0.000,0.000,0.000,0.000,0.000,0.000,0.000,0.059,0.000,0.000,0.000,0.000,0.000,0.000,0.000,0.000,0.000,0.000,0.000,0.000,0.000,0.000,1.070,3.452,0.000,0.000]
  Iter 383: LB=-41.227619  UB=18.589578  gap=3.22e+00
  Cut: intercept=-1124.523131, π_x_range=[-821.8228, 593.3841]

=== True-DRO Benders iter 384 ===
  OMP: t₀=-39.692924, UB=18.589578, gap=3.14e+00, x=[0, 0, 0, 0, 0, 0, 1, 0, 0, 0, 0, 0, 0, 0, 0, 0, 0, 0, 0, 0, 0, 0, 0, 0, 0, 0, 0, 0, 0, 0, 1, 0, 0, 0, 0, 0] (4.968s)
  Sub: Z₀=25.849184 [LOCAL] (0.4s), α=[0.000,0.000,4.086,0.000,0.000,0.000,0.000,0.000,0.000,0.000,0.000,0.000,0.000,0.000,0.000,0.000,0.000,1.874,0.000,0.000,0.000,0.000,0.000,0.000,0.000,0.000,0.000,0.000,0.000,0.000,0.000,0.000,0.725,3.260,0.000,0.000]
  Iter 384: LB=-39.692924  UB=18.589578  gap=3.14e+00
  Cut: intercept=-1149.256525, π_x_range=[-821.0911, 594.7762]

=== True-DRO Benders iter 385 ===
  OMP: t₀=-39.255567, UB=18.589578, gap=3.11e+00, x=[0, 0, 0, 0, 0, 0, 0, 0, 0, 0, 0, 0, 0, 0, 0, 0, 0, 0, 0, 0, 0, 0, 0, 0, 0, 0, 0, 1, 0, 0, 1, 0, 0, 0, 0, 0] (4.957s)
  Sub: Z₀=24.472263 [TIME_LIMIT] (15.7s), α=[0.000,0.000,6.416,0.000,0.000,0.000,0.000,0.000,0.000,0.000,0.000,0.000,0.000,0.000,0.000,0.000,0.000,0.000,0.000,0.000,0.000,0.000,0.000,0.000,0.000,0.000,0.000,0.000,0.000,0.000,0.000,0.000,0.833,2.695,0.000,0.000]
  Iter 385: LB=-39.255567  UB=18.589578  gap=3.11e+00
  Cut: intercept=-8.444367, π_x_range=[-241.0000, 21.4217]

=== True-DRO Benders iter 386 ===
  OMP: t₀=-38.178983, UB=18.589578, gap=3.05e+00, x=[1, 0, 0, 0, 0, 0, 0, 0, 0, 0, 0, 0, 0, 0, 0, 0, 0, 0, 0, 0, 0, 0, 0, 0, 0, 0, 0, 0, 0, 1, 0, 0, 0, 0, 0, 0] (5.008s)
  Sub: Z₀=25.105919 [LOCAL] (0.6s), α=[0.000,0.000,4.134,0.000,0.000,0.042,0.000,0.000,0.000,0.000,0.000,0.000,0.000,0.610,0.000,0.000,0.000,0.000,0.000,0.000,0.000,0.000,0.000,0.000,0.000,0.000,0.000,0.000,0.000,1.242,0.682,0.000,0.578,2.658,0.000,0.000]
  Iter 386: LB=-38.178983  UB=18.589578  gap=3.05e+00
  Cut: intercept=-1152.100643, π_x_range=[-821.7158, 590.1046]

=== True-DRO Benders iter 387 ===
  OMP: t₀=-38.167900, UB=18.589578, gap=3.05e+00, x=[0, 0, 0, 0, 0, 0, 0, 0, 1, 0, 0, 0, 0, 0, 0, 0, 0, 0, 0, 0, 0, 0, 0, 0, 0, 0, 1, 0, 0, 0, 0, 0, 0, 0, 0, 0] (5.125s)
  Sub: Z₀=26.133853 [LOCAL] (0.3s), α=[0.000,0.000,5.422,0.000,0.000,0.000,0.000,0.000,0.000,0.000,0.000,0.000,0.000,0.000,0.000,0.000,0.000,0.000,0.000,0.000,0.000,0.000,0.000,0.000,0.000,0.000,0.000,0.000,0.000,0.000,0.000,0.000,0.312,4.210,0.000,0.000]
  Iter 387: LB=-38.167900  UB=18.589578  gap=3.05e+00
  Cut: intercept=-1144.177793, π_x_range=[-823.0889, 587.2190]

=== True-DRO Benders iter 388 ===
  OMP: t₀=-38.064188, UB=18.589578, gap=3.05e+00, x=[0, 0, 0, 0, 0, 0, 0, 0, 0, 0, 1, 0, 0, 0, 0, 0, 0, 0, 0, 0, 0, 0, 0, 0, 0, 0, 1, 0, 0, 0, 0, 0, 0, 0, 0, 0] (5.081s)
  Sub: Z₀=26.225112 [LOCAL] (0.3s), α=[0.000,0.000,5.422,0.000,0.000,0.000,0.000,0.000,0.000,0.000,0.000,0.000,0.000,0.000,0.000,0.000,0.000,0.000,0.000,0.000,0.000,0.000,0.000,0.000,0.000,0.000,0.000,0.000,0.000,0.000,0.000,0.000,0.466,4.056,0.000,0.000]
  Iter 388: LB=-38.064188  UB=18.589578  gap=3.05e+00
  Cut: intercept=-1132.166524, π_x_range=[-823.6464, 587.5420]

=== True-DRO Benders iter 389 ===
  OMP: t₀=-37.975050, UB=18.589578, gap=3.04e+00, x=[0, 0, 0, 0, 1, 0, 0, 0, 0, 0, 0, 0, 0, 0, 0, 0, 0, 0, 0, 0, 0, 0, 0, 0, 0, 0, 1, 0, 0, 0, 0, 0, 0, 0, 0, 0] (5.095s)
  Sub: Z₀=26.225112 [LOCAL] (0.3s), α=[0.000,0.000,5.422,0.000,0.000,0.000,0.000,0.000,0.000,0.000,0.000,0.000,0.000,0.000,0.000,0.000,0.000,0.000,0.000,0.000,0.000,0.000,0.000,0.000,0.000,0.000,0.000,0.000,0.000,0.000,0.000,0.000,0.340,4.182,0.000,0.000]
  Iter 389: LB=-37.975050  UB=18.589578  gap=3.04e+00
  Cut: intercept=-1119.532626, π_x_range=[-823.7040, 587.5564]

=== True-DRO Benders iter 390 ===
  OMP: t₀=-37.975009, UB=18.589578, gap=3.04e+00, x=[0, 0, 0, 0, 0, 0, 0, 0, 0, 0, 0, 0, 0, 0, 0, 0, 0, 0, 0, 0, 0, 0, 0, 0, 0, 0, 1, 0, 0, 0, 0, 0, 0, 0, 1, 0] (5.056s)
  Sub: Z₀=26.234348 [TIME_LIMIT] (15.8s), α=[0.000,0.000,5.549,0.000,0.000,0.000,0.000,0.000,0.000,0.000,0.000,0.000,0.000,0.000,0.000,0.000,0.000,0.000,0.000,0.000,0.000,0.000,0.000,0.000,0.000,0.000,0.000,0.000,0.000,0.000,0.000,0.000,1.608,2.787,0.000,0.000]
  Iter 390: LB=-37.975009  UB=18.589578  gap=3.04e+00
  Cut: intercept=26.234348, π_x_range=[-160.7912, 0.0000]

=== True-DRO Benders iter 391 ===
  OMP: t₀=-37.974934, UB=18.589578, gap=3.04e+00, x=[0, 0, 0, 0, 0, 0, 0, 0, 0, 0, 0, 0, 0, 0, 0, 0, 0, 0, 0, 0, 0, 0, 0, 0, 0, 0, 1, 0, 0, 0, 0, 1, 0, 0, 0, 0] (5.626s)
  Sub: Z₀=26.225112 [LOCAL] (0.3s), α=[0.000,0.000,5.422,0.000,0.000,0.000,0.000,0.000,0.000,0.000,0.000,0.000,0.000,0.000,0.000,0.000,0.000,0.000,0.000,0.000,0.000,0.000,0.000,0.000,0.000,0.000,0.000,0.000,0.000,0.000,0.000,0.000,0.425,4.097,0.000,0.000]
  Iter 391: LB=-37.974934  UB=18.589578  gap=3.04e+00
  Cut: intercept=-1116.109766, π_x_range=[-823.6971, 587.5557]

=== True-DRO Benders iter 392 ===
  OMP: t₀=-37.974886, UB=18.589578, gap=3.04e+00, x=[0, 0, 0, 0, 0, 0, 0, 0, 0, 0, 0, 0, 0, 0, 1, 0, 0, 0, 0, 0, 0, 0, 0, 0, 0, 0, 1, 0, 0, 0, 0, 0, 0, 0, 0, 0] (5.627s)
  Sub: Z₀=26.225111 [LOCAL] (0.3s), α=[0.000,0.000,5.422,0.000,0.000,0.000,0.000,0.000,0.000,0.000,0.000,0.000,0.000,0.000,0.000,0.000,0.000,0.000,0.000,0.000,0.000,0.000,0.000,0.000,0.000,0.000,0.000,0.000,0.000,0.000,0.000,0.000,0.409,4.113,0.000,0.000]
  Iter 392: LB=-37.974886  UB=18.589578  gap=3.04e+00
  Cut: intercept=-1132.980888, π_x_range=[-823.7058, 587.5673]

=== True-DRO Benders iter 393 ===
  OMP: t₀=-37.974868, UB=18.589578, gap=3.04e+00, x=[0, 0, 0, 0, 0, 0, 0, 0, 0, 0, 0, 0, 0, 0, 0, 0, 0, 0, 0, 0, 1, 0, 0, 0, 0, 0, 1, 0, 0, 0, 0, 0, 0, 0, 0, 0] (6.210s)
  Sub: Z₀=26.225112 [LOCAL] (0.3s), α=[0.000,0.000,5.422,0.000,0.000,0.000,0.000,0.000,0.000,0.000,0.000,0.000,0.000,0.000,0.000,0.000,0.000,0.000,0.000,0.000,0.000,0.000,0.000,0.000,0.000,0.000,0.000,0.000,0.000,0.000,0.000,0.000,0.395,4.127,0.000,0.000]
  Iter 393: LB=-37.974868  UB=18.589578  gap=3.04e+00
  Cut: intercept=-1119.479164, π_x_range=[-823.6745, 587.5497]

=== True-DRO Benders iter 394 ===
  OMP: t₀=-37.776528, UB=18.589578, gap=3.03e+00, x=[0, 0, 0, 0, 0, 1, 0, 0, 0, 0, 0, 0, 0, 0, 0, 0, 0, 0, 0, 0, 0, 1, 0, 0, 0, 0, 0, 0, 0, 0, 0, 0, 0, 0, 0, 0] (6.052s)
  Sub: Z₀=21.890852 [LOCAL] (0.4s), α=[0.000,0.000,1.288,0.000,0.000,3.994,0.000,0.000,0.000,0.000,0.000,0.000,0.000,1.361,0.000,0.000,0.000,0.714,0.000,0.000,0.000,0.000,0.000,0.000,0.000,0.000,0.000,0.000,0.000,0.356,1.131,0.000,1.030,0.071,0.000,0.000]
  Iter 394: LB=-37.776528  UB=18.589578  gap=3.03e+00
  Cut: intercept=-1099.250560, π_x_range=[-818.1448, 567.1837]

=== True-DRO Benders iter 395 ===
  OMP: t₀=-37.261602, UB=18.589578, gap=3.00e+00, x=[0, 0, 0, 0, 0, 0, 0, 0, 1, 0, 1, 0, 0, 0, 0, 0, 0, 0, 0, 0, 0, 0, 0, 0, 0, 0, 0, 0, 0, 0, 0, 0, 0, 0, 0, 0] (5.992s)
  Sub: Z₀=26.133853 [TIME_LIMIT] (15.5s), α=[0.000,0.000,5.422,0.000,0.000,0.000,0.000,0.000,0.000,0.000,0.000,0.000,0.000,0.000,0.000,0.000,0.000,0.000,0.000,0.000,0.000,0.000,0.000,0.000,0.000,0.000,0.000,0.000,0.000,0.000,0.000,0.000,0.433,4.089,0.000,0.000]
  Iter 395: LB=-37.261602  UB=18.589578  gap=3.00e+00
  Cut: intercept=-43.072360, π_x_range=[-259.0000, 45.7632]

=== True-DRO Benders iter 396 ===
  OMP: t₀=-37.234159, UB=18.589578, gap=3.00e+00, x=[0, 0, 0, 0, 0, 0, 0, 0, 1, 0, 0, 0, 0, 0, 0, 0, 1, 0, 0, 0, 0, 0, 0, 0, 0, 0, 0, 0, 0, 0, 0, 0, 0, 0, 0, 0] (6.323s)
  Sub: Z₀=26.133853 [LOCAL] (0.3s), α=[0.000,0.000,5.422,0.000,0.000,0.000,0.000,0.000,0.000,0.000,0.000,0.000,0.000,0.000,0.000,0.000,0.000,0.000,0.000,0.000,0.000,0.000,0.000,0.000,0.000,0.000,0.000,0.000,0.000,0.000,0.000,0.000,0.348,4.174,0.000,0.000]
  Iter 396: LB=-37.234159  UB=18.589578  gap=3.00e+00
  Cut: intercept=-1144.549559, π_x_range=[-822.7832, 586.9398]

=== True-DRO Benders iter 397 ===
  OMP: t₀=-37.172463, UB=18.589578, gap=3.00e+00, x=[0, 0, 0, 0, 1, 0, 0, 0, 1, 0, 0, 0, 0, 0, 0, 0, 0, 0, 0, 0, 0, 0, 0, 0, 0, 0, 0, 0, 0, 0, 0, 0, 0, 0, 0, 0] (5.879s)
  Sub: Z₀=26.133853 [LOCAL] (0.3s), α=[0.000,0.000,5.422,0.000,0.000,0.000,0.000,0.000,0.000,0.000,0.000,0.000,0.000,0.000,0.000,0.000,0.000,0.000,0.000,0.000,0.000,0.000,0.000,0.000,0.000,0.000,0.000,0.000,0.000,0.000,0.000,0.000,0.223,4.299,0.000,0.000]
  Iter 397: LB=-37.172463  UB=18.589578  gap=3.00e+00
  Cut: intercept=-1115.822575, π_x_range=[-822.7916, 583.7422]

=== True-DRO Benders iter 398 ===
  OMP: t₀=-37.172389, UB=18.589578, gap=3.00e+00, x=[1, 0, 0, 0, 0, 0, 0, 0, 1, 0, 0, 0, 0, 0, 0, 0, 0, 0, 0, 0, 0, 0, 0, 0, 0, 0, 0, 0, 0, 0, 0, 0, 0, 0, 0, 0] (6.508s)
  Sub: Z₀=26.133853 [LOCAL] (0.3s), α=[0.000,0.000,5.422,0.000,0.000,0.000,0.000,0.000,0.000,0.000,0.000,0.000,0.000,0.000,0.000,0.000,0.000,0.000,0.000,0.000,0.000,0.000,0.000,0.000,0.000,0.000,0.000,0.000,0.000,0.000,0.000,0.000,0.318,4.204,0.000,0.000]
  Iter 398: LB=-37.172389  UB=18.589578  gap=3.00e+00
  Cut: intercept=-1145.896237, π_x_range=[-822.5472, 588.4636]

=== True-DRO Benders iter 399 ===
  OMP: t₀=-37.172367, UB=18.589578, gap=3.00e+00, x=[0, 0, 0, 0, 0, 0, 0, 0, 1, 0, 0, 0, 0, 0, 0, 0, 0, 0, 0, 0, 0, 0, 0, 1, 0, 0, 0, 0, 0, 0, 0, 0, 0, 0, 0, 0] (6.245s)
  Sub: Z₀=26.133853 [LOCAL] (0.3s), α=[0.000,0.000,5.422,0.000,0.000,0.000,0.000,0.000,0.000,0.000,0.000,0.000,0.000,0.000,0.000,0.000,0.000,0.000,0.000,0.000,0.000,0.000,0.000,0.000,0.000,0.000,0.000,0.000,0.000,0.000,0.000,0.000,0.358,4.164,0.000,0.000]
  Iter 399: LB=-37.172367  UB=18.589578  gap=3.00e+00
  Cut: intercept=-1139.152617, π_x_range=[-822.7740, 583.8177]

=== True-DRO Benders iter 400 ===
  OMP: t₀=-37.172348, UB=18.589578, gap=3.00e+00, x=[0, 0, 0, 0, 0, 0, 0, 0, 1, 0, 0, 0, 0, 0, 0, 0, 0, 0, 0, 0, 0, 0, 0, 0, 0, 0, 0, 0, 0, 0, 0, 1, 0, 0, 0, 0] (5.919s)
  Sub: Z₀=26.185639 [TIME_LIMIT] (15.5s), α=[0.000,0.000,5.549,0.000,0.000,0.000,0.000,0.000,0.000,0.000,0.000,0.000,0.000,0.000,0.000,0.000,0.000,0.000,0.000,0.000,0.000,0.000,0.000,0.000,0.000,0.000,0.000,0.000,0.000,0.000,0.000,0.000,0.748,3.648,0.000,0.000]
  Iter 400: LB=-37.172348  UB=18.589578  gap=3.00e+00
  Cut: intercept=21.379495, π_x_range=[-157.5400, 4.8061]

=== True-DRO Benders iter 401 ===
  OMP: t₀=-37.172300, UB=18.589578, gap=3.00e+00, x=[0, 0, 0, 0, 0, 0, 0, 0, 1, 0, 0, 0, 0, 0, 1, 0, 0, 0, 0, 0, 0, 0, 0, 0, 0, 0, 0, 0, 0, 0, 0, 0, 0, 0, 0, 0] (5.191s)
  Sub: Z₀=26.133852 [LOCAL] (0.3s), α=[0.000,0.000,5.422,0.000,0.000,0.000,0.000,0.000,0.000,0.000,0.000,0.000,0.000,0.000,0.000,0.000,0.000,0.000,0.000,0.000,0.000,0.000,0.000,0.000,0.000,0.000,0.000,0.000,0.000,0.000,0.000,0.000,0.261,4.261,0.000,0.000]
  Iter 401: LB=-37.172300  UB=18.589578  gap=3.00e+00
  Cut: intercept=-1129.338093, π_x_range=[-822.7935, 583.8115]

=== True-DRO Benders iter 402 ===
  OMP: t₀=-37.172281, UB=18.589578, gap=3.00e+00, x=[0, 0, 0, 0, 0, 0, 0, 0, 1, 0, 0, 0, 0, 0, 0, 0, 0, 0, 0, 0, 1, 0, 0, 0, 0, 0, 0, 0, 0, 0, 0, 0, 0, 0, 0, 0] (5.121s)
  Sub: Z₀=26.133853 [LOCAL] (0.3s), α=[0.000,0.000,5.422,0.000,0.000,0.000,0.000,0.000,0.000,0.000,0.000,0.000,0.000,0.000,0.000,0.000,0.000,0.000,0.000,0.000,0.000,0.000,0.000,0.000,0.000,0.000,0.000,0.000,0.000,0.000,0.000,0.000,0.260,4.262,0.000,0.000]
  Iter 402: LB=-37.172281  UB=18.589578  gap=3.00e+00
  Cut: intercept=-1115.834417, π_x_range=[-822.7650, 583.7339]

=== True-DRO Benders iter 403 ===
  OMP: t₀=-37.130447, UB=18.589578, gap=3.00e+00, x=[0, 0, 0, 0, 0, 0, 0, 0, 0, 0, 1, 0, 0, 0, 0, 0, 1, 0, 0, 0, 0, 0, 0, 0, 0, 0, 0, 0, 0, 0, 0, 0, 0, 0, 0, 0] (5.019s)
  Sub: Z₀=26.225112 [LOCAL] (0.3s), α=[0.000,0.000,5.422,0.000,0.000,0.000,0.000,0.000,0.000,0.000,0.000,0.000,0.000,0.000,0.000,0.000,0.000,0.000,0.000,0.000,0.000,0.000,0.000,0.000,0.000,0.000,0.000,0.000,0.000,0.000,0.000,0.000,0.562,3.960,0.000,0.000]
  Iter 403: LB=-37.130447  UB=18.589578  gap=3.00e+00
  Cut: intercept=-1131.765743, π_x_range=[-823.3415, 586.9962]

=== True-DRO Benders iter 404 ===
  OMP: t₀=-37.068818, UB=18.589578, gap=2.99e+00, x=[0, 0, 0, 1, 0, 0, 0, 0, 0, 0, 1, 0, 0, 0, 0, 0, 0, 0, 0, 0, 0, 0, 0, 0, 0, 0, 0, 0, 0, 0, 0, 0, 0, 0, 0, 0] (5.452s)
  Sub: Z₀=26.225112 [LOCAL] (0.3s), α=[0.000,0.000,5.422,0.000,0.000,0.000,0.000,0.000,0.000,0.000,0.000,0.000,0.000,0.000,0.000,0.000,0.000,0.000,0.000,0.000,0.000,0.000,0.000,0.000,0.000,0.000,0.000,0.000,0.000,0.000,0.000,0.000,0.650,3.872,0.000,0.000]
  Iter 404: LB=-37.068818  UB=18.589578  gap=2.99e+00
  Cut: intercept=-1125.547081, π_x_range=[-823.3769, 580.9071]

=== True-DRO Benders iter 405 ===
  OMP: t₀=-37.068751, UB=18.589578, gap=2.99e+00, x=[0, 0, 0, 0, 1, 0, 0, 0, 0, 0, 1, 0, 0, 0, 0, 0, 0, 0, 0, 0, 0, 0, 0, 0, 0, 0, 0, 0, 0, 0, 0, 0, 0, 0, 0, 0] (5.583s)
  Sub: Z₀=26.225113 [TIME_LIMIT] (15.9s), α=[0.000,0.000,5.422,0.000,0.000,0.000,0.000,0.000,0.000,0.000,0.000,0.000,0.000,0.000,0.000,0.000,0.000,0.000,0.000,0.000,0.000,0.000,0.000,0.000,0.000,0.000,0.000,0.000,0.000,0.000,0.000,0.000,0.422,4.100,0.000,0.000]
  Iter 405: LB=-37.068751  UB=18.589578  gap=2.99e+00
  Cut: intercept=-83.684554, π_x_range=[-245.0000, 64.2268]

=== True-DRO Benders iter 406 ===
  OMP: t₀=-37.068710, UB=18.589578, gap=2.99e+00, x=[0, 0, 0, 0, 0, 0, 0, 0, 0, 0, 1, 0, 0, 0, 0, 0, 0, 0, 0, 0, 0, 0, 0, 0, 0, 0, 0, 0, 0, 0, 0, 0, 0, 0, 1, 0] (5.082s)
  Sub: Z₀=26.225112 [LOCAL] (0.3s), α=[0.000,0.000,5.422,0.000,0.000,0.000,0.000,0.000,0.000,0.000,0.000,0.000,0.000,0.000,0.000,0.000,0.000,0.000,0.000,0.000,0.000,0.000,0.000,0.000,0.000,0.000,0.000,0.000,0.000,0.000,0.000,0.000,0.443,4.079,0.000,0.000]
  Iter 406: LB=-37.068710  UB=18.589578  gap=2.99e+00
  Cut: intercept=-1120.354413, π_x_range=[-823.4068, 575.7053]

=== True-DRO Benders iter 407 ===
  OMP: t₀=-37.068699, UB=18.589578, gap=2.99e+00, x=[0, 0, 0, 0, 0, 0, 0, 0, 0, 0, 1, 0, 0, 0, 0, 0, 0, 0, 0, 0, 0, 0, 0, 0, 0, 1, 0, 0, 0, 0, 0, 0, 0, 0, 0, 0] (4.706s)
  Sub: Z₀=26.111902 [LOCAL] (0.3s), α=[0.000,0.000,5.422,0.000,0.000,0.000,0.000,0.000,0.000,0.000,0.000,0.000,0.000,0.000,0.000,0.000,0.000,0.000,0.000,0.000,0.000,0.000,0.000,0.000,0.000,0.000,0.000,0.000,0.000,0.000,0.000,0.000,0.437,4.085,0.000,0.000]
  Iter 407: LB=-37.068699  UB=18.589578  gap=2.99e+00
  Cut: intercept=-1080.606163, π_x_range=[-823.9082, 570.6155]

=== True-DRO Benders iter 408 ===
  OMP: t₀=-37.068677, UB=18.589578, gap=2.99e+00, x=[1, 0, 0, 0, 0, 0, 0, 0, 0, 0, 1, 0, 0, 0, 0, 0, 0, 0, 0, 0, 0, 0, 0, 0, 0, 0, 0, 0, 0, 0, 0, 0, 0, 0, 0, 0] (4.575s)
  Sub: Z₀=26.225112 [LOCAL] (0.3s), α=[0.000,0.000,5.422,0.000,0.000,0.000,0.000,0.000,0.000,0.000,0.000,0.000,0.000,0.000,0.000,0.000,0.000,0.000,0.000,0.000,0.000,0.000,0.000,0.000,0.000,0.000,0.000,0.000,0.000,0.000,0.000,0.000,0.454,4.068,0.000,0.000]
  Iter 408: LB=-37.068677  UB=18.589578  gap=2.99e+00
  Cut: intercept=-1132.847778, π_x_range=[-823.0312, 588.2082]

=== True-DRO Benders iter 409 ===
  OMP: t₀=-37.068655, UB=18.589578, gap=2.99e+00, x=[0, 0, 0, 0, 0, 0, 0, 0, 0, 0, 1, 0, 0, 0, 0, 0, 0, 0, 0, 0, 0, 0, 0, 1, 0, 0, 0, 0, 0, 0, 0, 0, 0, 0, 0, 0] (4.872s)
  Sub: Z₀=26.225112 [LOCAL] (0.3s), α=[0.000,0.000,5.422,0.000,0.000,0.000,0.000,0.000,0.000,0.000,0.000,0.000,0.000,0.000,0.000,0.000,0.000,0.000,0.000,0.000,0.000,0.000,0.000,0.000,0.000,0.000,0.000,0.000,0.000,0.000,0.000,0.000,0.526,3.996,0.000,0.000]
  Iter 409: LB=-37.068655  UB=18.589578  gap=2.99e+00
  Cut: intercept=-1126.125186, π_x_range=[-823.3351, 581.4901]

=== True-DRO Benders iter 410 ===
  OMP: t₀=-37.068588, UB=18.589578, gap=2.99e+00, x=[0, 1, 0, 0, 0, 0, 0, 0, 0, 0, 1, 0, 0, 0, 0, 0, 0, 0, 0, 0, 0, 0, 0, 0, 0, 0, 0, 0, 0, 0, 0, 0, 0, 0, 0, 0] (4.997s)
  Sub: Z₀=26.225113 [TIME_LIMIT] (15.8s), α=[0.000,0.000,5.422,0.000,0.000,0.000,0.000,0.000,0.000,0.000,0.000,0.000,0.000,0.000,0.000,0.000,0.000,0.000,0.000,0.000,0.000,0.000,0.000,0.000,0.000,0.000,0.000,0.000,0.000,0.000,0.000,0.000,0.602,3.920,0.000,0.000]
  Iter 410: LB=-37.068588  UB=18.589578  gap=2.99e+00
  Cut: intercept=-50.971712, π_x_range=[-239.9723, 45.6844]

=== True-DRO Benders iter 411 ===
  OMP: t₀=-37.068507, UB=18.589578, gap=2.99e+00, x=[0, 0, 0, 0, 0, 0, 0, 1, 0, 0, 1, 0, 0, 0, 0, 0, 0, 0, 0, 0, 0, 0, 0, 0, 0, 0, 0, 0, 0, 0, 0, 0, 0, 0, 0, 0] (6.094s)
  Sub: Z₀=26.225112 [LOCAL] (0.3s), α=[0.000,0.000,5.422,0.000,0.000,0.000,0.000,0.000,0.000,0.000,0.000,0.000,0.000,0.000,0.000,0.000,0.000,0.000,0.000,0.000,0.000,0.000,0.000,0.000,0.000,0.000,0.000,0.000,0.000,0.000,0.000,0.000,0.487,4.035,0.000,0.000]
  Iter 411: LB=-37.068507  UB=18.589578  gap=2.99e+00
  Cut: intercept=-1112.705939, π_x_range=[-823.2520, 570.8946]

=== True-DRO Benders iter 412 ===
  OMP: t₀=-37.068588, UB=18.589578, gap=2.99e+00, x=[0, 0, 0, 0, 0, 0, 0, 0, 0, 0, 1, 0, 0, 0, 1, 0, 0, 0, 0, 0, 0, 0, 0, 0, 0, 0, 0, 0, 0, 0, 0, 0, 0, 0, 0, 0] (5.984s)
  Sub: Z₀=26.225111 [LOCAL] (0.3s), α=[0.000,0.000,5.422,0.000,0.000,0.000,0.000,0.000,0.000,0.000,0.000,0.000,0.000,0.000,0.000,0.000,0.000,0.000,0.000,0.000,0.000,0.000,0.000,0.000,0.000,0.000,0.000,0.000,0.000,0.000,0.000,0.000,0.405,4.117,0.000,0.000]
  Iter 412: LB=-37.068588  UB=18.589578  gap=2.99e+00
  Cut: intercept=-1116.268776, π_x_range=[-823.3558, 571.6577]

=== True-DRO Benders iter 413 ===
  OMP: t₀=-37.068582, UB=18.589578, gap=2.99e+00, x=[0, 0, 0, 0, 0, 0, 0, 0, 0, 0, 1, 0, 0, 0, 0, 0, 0, 0, 0, 0, 0, 0, 0, 0, 0, 0, 0, 0, 0, 0, 0, 0, 0, 0, 0, 1] (5.789s)
  Sub: Z₀=26.225112 [LOCAL] (0.3s), α=[0.000,0.000,5.422,0.000,0.000,0.000,0.000,0.000,0.000,0.000,0.000,0.000,0.000,0.000,0.000,0.000,0.000,0.000,0.000,0.000,0.000,0.000,0.000,0.000,0.000,0.000,0.000,0.000,0.000,0.000,0.000,0.000,0.442,4.080,0.000,0.000]
  Iter 413: LB=-37.068582  UB=18.589578  gap=2.99e+00
  Cut: intercept=-1122.895182, π_x_range=[-823.3105, 578.2542]

=== True-DRO Benders iter 414 ===
  OMP: t₀=-37.068576, UB=18.589578, gap=2.99e+00, x=[0, 0, 0, 0, 0, 0, 0, 0, 0, 0, 1, 1, 0, 0, 0, 0, 0, 0, 0, 0, 0, 0, 0, 0, 0, 0, 0, 0, 0, 0, 0, 0, 0, 0, 0, 0] (5.302s)
  Sub: Z₀=26.225112 [LOCAL] (0.3s), α=[0.000,0.000,5.422,0.000,0.000,0.000,0.000,0.000,0.000,0.000,0.000,0.000,0.000,0.000,0.000,0.000,0.000,0.000,0.000,0.000,0.000,0.000,0.000,0.000,0.000,0.000,0.000,0.000,0.000,0.000,0.000,0.000,0.408,4.114,0.000,0.000]
  Iter 414: LB=-37.068576  UB=18.589578  gap=2.99e+00
  Cut: intercept=-1116.465637, π_x_range=[-823.3453, 571.7969]

=== True-DRO Benders iter 415 ===
  OMP: t₀=-37.041308, UB=18.589578, gap=2.99e+00, x=[0, 0, 0, 0, 1, 0, 0, 0, 0, 0, 0, 0, 0, 0, 0, 0, 1, 0, 0, 0, 0, 0, 0, 0, 0, 0, 0, 0, 0, 0, 0, 0, 0, 0, 0, 0] (6.038s)
  Sub: Z₀=26.225112 [TIME_LIMIT] (15.6s), α=[0.000,0.000,5.422,0.000,0.000,0.000,0.000,0.000,0.000,0.000,0.000,0.000,0.000,0.000,0.000,0.000,0.000,0.000,0.000,0.000,0.000,0.000,0.000,0.000,0.000,0.000,0.000,0.000,0.000,0.000,0.000,0.000,0.478,4.044,0.000,0.000]
  Iter 415: LB=-37.041308  UB=18.589578  gap=2.99e+00
  Cut: intercept=-55.918157, π_x_range=[-259.0000, 64.1701]

=== True-DRO Benders iter 416 ===
  OMP: t₀=-37.041145, UB=18.589578, gap=2.99e+00, x=[0, 0, 0, 0, 0, 0, 0, 0, 0, 0, 0, 0, 0, 0, 1, 0, 1, 0, 0, 0, 0, 0, 0, 0, 0, 0, 0, 0, 0, 0, 0, 0, 0, 0, 0, 0] (5.546s)
  Sub: Z₀=26.225111 [LOCAL] (0.3s), α=[0.000,0.000,5.422,0.000,0.000,0.000,0.000,0.000,0.000,0.000,0.000,0.000,0.000,0.000,0.000,0.000,0.000,0.000,0.000,0.000,0.000,0.000,0.000,0.000,0.000,0.000,0.000,0.000,0.000,0.000,0.000,0.000,0.451,4.071,0.000,0.000]
  Iter 416: LB=-37.041145  UB=18.589578  gap=2.99e+00
  Cut: intercept=-1132.330532, π_x_range=[-823.4097, 586.9198]

=== True-DRO Benders iter 417 ===
  OMP: t₀=-37.041139, UB=18.589578, gap=2.99e+00, x=[0, 0, 0, 0, 0, 0, 0, 0, 0, 0, 0, 0, 0, 0, 0, 0, 1, 0, 0, 0, 0, 0, 0, 0, 0, 0, 0, 0, 0, 0, 0, 0, 0, 0, 0, 1] (5.878s)
  Sub: Z₀=26.225112 [LOCAL] (0.3s), α=[0.000,0.000,5.422,0.000,0.000,0.000,0.000,0.000,0.000,0.000,0.000,0.000,0.000,0.000,0.000,0.000,0.000,0.000,0.000,0.000,0.000,0.000,0.000,0.000,0.000,0.000,0.000,0.000,0.000,0.000,0.000,0.000,0.490,4.032,0.000,0.000]
  Iter 417: LB=-37.041139  UB=18.589578  gap=2.99e+00
  Cut: intercept=-1138.997488, π_x_range=[-823.3651, 586.9347]

=== True-DRO Benders iter 418 ===
  OMP: t₀=-37.041126, UB=18.589578, gap=2.99e+00, x=[0, 0, 0, 0, 0, 0, 0, 0, 0, 0, 0, 0, 0, 0, 0, 0, 1, 0, 0, 0, 1, 0, 0, 0, 0, 0, 0, 0, 0, 0, 0, 0, 0, 0, 0, 0] (5.876s)
  Sub: Z₀=26.225112 [LOCAL] (0.3s), α=[0.000,0.000,5.422,0.000,0.000,0.000,0.000,0.000,0.000,0.000,0.000,0.000,0.000,0.000,0.000,0.000,0.000,0.000,0.000,0.000,0.000,0.000,0.000,0.000,0.000,0.000,0.000,0.000,0.000,0.000,0.000,0.000,0.443,4.079,0.000,0.000]
  Iter 418: LB=-37.041126  UB=18.589578  gap=2.99e+00
  Cut: intercept=-1118.874122, π_x_range=[-823.3777, 586.9372]

=== True-DRO Benders iter 419 ===
  OMP: t₀=-36.979680, UB=18.589578, gap=2.99e+00, x=[0, 0, 0, 1, 1, 0, 0, 0, 0, 0, 0, 0, 0, 0, 0, 0, 0, 0, 0, 0, 0, 0, 0, 0, 0, 0, 0, 0, 0, 0, 0, 0, 0, 0, 0, 0] (5.829s)
  Sub: Z₀=26.225112 [LOCAL] (0.3s), α=[0.000,0.000,5.422,0.000,0.000,0.000,0.000,0.000,0.000,0.000,0.000,0.000,0.000,0.000,0.000,0.000,0.000,0.000,0.000,0.000,0.000,0.000,0.000,0.000,0.000,0.000,0.000,0.000,0.000,0.000,0.000,0.000,0.500,4.022,0.000,0.000]
  Iter 419: LB=-36.979680  UB=18.589578  gap=2.99e+00
  Cut: intercept=-1112.927765, π_x_range=[-823.4357, 580.8969]

=== True-DRO Benders iter 420 ===
  OMP: t₀=-36.979572, UB=18.589578, gap=2.99e+00, x=[0, 0, 0, 0, 1, 0, 0, 0, 0, 0, 0, 0, 0, 0, 0, 0, 0, 0, 0, 0, 0, 0, 0, 0, 0, 0, 0, 0, 0, 0, 0, 0, 0, 0, 1, 0] (6.285s)
  Sub: Z₀=26.225112 [TIME_LIMIT] (15.6s), α=[0.000,0.000,5.422,0.000,0.000,0.000,0.000,0.000,0.000,0.000,0.000,0.000,0.000,0.000,0.000,0.000,0.000,0.000,0.000,0.000,0.000,0.000,0.000,0.000,0.000,0.000,0.000,0.000,0.000,0.000,0.000,0.000,0.399,4.123,0.000,0.000]
  Iter 420: LB=-36.979572  UB=18.589578  gap=2.99e+00
  Cut: intercept=-73.967098, π_x_range=[-259.0000, 64.1796]

=== True-DRO Benders iter 421 ===
  OMP: t₀=-36.979538, UB=18.589578, gap=2.99e+00, x=[1, 0, 0, 0, 1, 0, 0, 0, 0, 0, 0, 0, 0, 0, 0, 0, 0, 0, 0, 0, 0, 0, 0, 0, 0, 0, 0, 0, 0, 0, 0, 0, 0, 0, 0, 0] (5.259s)
  Sub: Z₀=26.225112 [LOCAL] (0.3s), α=[0.000,0.000,5.422,0.000,0.000,0.000,0.000,0.000,0.000,0.000,0.000,0.000,0.000,0.000,0.000,0.000,0.000,0.000,0.000,0.000,0.000,0.000,0.000,0.000,0.000,0.000,0.000,0.000,0.000,0.000,0.000,0.000,0.329,4.193,0.000,0.000]
  Iter 421: LB=-36.979538  UB=18.589578  gap=2.99e+00
  Cut: intercept=-1120.192660, π_x_range=[-823.0907, 588.2052]

=== True-DRO Benders iter 422 ===
  OMP: t₀=-36.979519, UB=18.589578, gap=2.99e+00, x=[0, 0, 0, 0, 0, 0, 0, 0, 0, 0, 0, 0, 0, 0, 0, 0, 0, 0, 0, 0, 0, 0, 0, 0, 0, 1, 0, 0, 0, 0, 0, 0, 0, 0, 1, 0] (5.483s)
  Sub: Z₀=26.111902 [LOCAL] (0.3s), α=[0.000,0.000,5.422,0.000,0.000,0.000,0.000,0.000,0.000,0.000,0.000,0.000,0.000,0.000,0.000,0.000,0.000,0.000,0.000,0.000,0.000,0.000,0.000,0.000,0.000,0.000,0.000,0.000,0.000,0.000,0.000,0.000,0.419,4.103,0.000,0.000]
  Iter 422: LB=-36.979519  UB=18.589578  gap=2.99e+00
  Cut: intercept=-1085.882404, π_x_range=[-824.0249, 575.8704]

=== True-DRO Benders iter 423 ===
  OMP: t₀=-36.979517, UB=18.589578, gap=2.99e+00, x=[0, 0, 0, 0, 1, 0, 0, 0, 0, 0, 0, 0, 0, 0, 0, 0, 0, 0, 0, 0, 0, 0, 0, 1, 0, 0, 0, 0, 0, 0, 0, 0, 0, 0, 0, 0] (6.299s)
  Sub: Z₀=26.225112 [LOCAL] (0.3s), α=[0.000,0.000,5.422,0.000,0.000,0.000,0.000,0.000,0.000,0.000,0.000,0.000,0.000,0.000,0.000,0.000,0.000,0.000,0.000,0.000,0.000,0.000,0.000,0.000,0.000,0.000,0.000,0.000,0.000,0.000,0.000,0.000,0.385,4.137,0.000,0.000]
  Iter 423: LB=-36.979517  UB=18.589578  gap=2.99e+00
  Cut: intercept=-1113.403550, π_x_range=[-823.3933, 581.4673]

=== True-DRO Benders iter 424 ===
  OMP: t₀=-36.979516, UB=18.589578, gap=2.99e+00, x=[0, 0, 0, 1, 0, 0, 0, 0, 0, 0, 0, 0, 0, 0, 1, 0, 0, 0, 0, 0, 0, 0, 0, 0, 0, 0, 0, 0, 0, 0, 0, 0, 0, 0, 0, 0] (5.563s)
  Sub: Z₀=26.225111 [LOCAL] (0.3s), α=[0.000,0.000,5.422,0.000,0.000,0.000,0.000,0.000,0.000,0.000,0.000,0.000,0.000,0.000,0.000,0.000,0.000,0.000,0.000,0.000,0.000,0.000,0.000,0.000,0.000,0.000,0.000,0.000,0.000,0.000,0.000,0.000,0.585,3.937,0.000,0.000]
  Iter 424: LB=-36.979516  UB=18.589578  gap=2.99e+00
  Cut: intercept=-1126.332823, π_x_range=[-823.4373, 580.9279]

=== True-DRO Benders iter 425 ===
  OMP: t₀=-36.979498, UB=18.589578, gap=2.99e+00, x=[0, 0, 0, 1, 0, 0, 0, 0, 0, 0, 0, 0, 0, 0, 0, 0, 0, 0, 0, 0, 1, 0, 0, 0, 0, 0, 0, 0, 0, 0, 0, 0, 0, 0, 0, 0] (6.276s)
  Sub: Z₀=26.225112 [TIME_LIMIT] (15.6s), α=[0.000,0.000,5.422,0.000,0.000,0.000,0.000,0.000,0.000,0.000,0.000,0.000,0.000,0.000,0.000,0.000,0.000,0.000,0.000,0.000,0.000,0.000,0.000,0.000,0.000,0.000,0.000,0.000,0.000,0.000,0.000,0.000,0.857,3.665,0.000,0.000]
  Iter 425: LB=-36.979498  UB=18.589578  gap=2.99e+00
  Cut: intercept=-68.966212, π_x_range=[-259.0000, 73.3677]

=== True-DRO Benders iter 426 ===
  OMP: t₀=-36.979497, UB=18.589578, gap=2.99e+00, x=[0, 0, 0, 0, 1, 0, 0, 0, 0, 0, 0, 0, 0, 0, 0, 0, 0, 0, 0, 0, 0, 0, 0, 0, 0, 0, 0, 0, 0, 0, 0, 1, 0, 0, 0, 0] (4.949s)
  Sub: Z₀=26.225112 [LOCAL] (0.3s), α=[0.000,0.000,5.422,0.000,0.000,0.000,0.000,0.000,0.000,0.000,0.000,0.000,0.000,0.000,0.000,0.000,0.000,0.000,0.000,0.000,0.000,0.000,0.000,0.000,0.000,0.000,0.000,0.000,0.000,0.000,0.000,0.000,0.301,4.221,0.000,0.000]
  Iter 426: LB=-36.979497  UB=18.589578  gap=2.99e+00
  Cut: intercept=-1086.796866, π_x_range=[-823.4056, 558.2279]

=== True-DRO Benders iter 427 ===
  OMP: t₀=-36.979488, UB=18.589578, gap=2.99e+00, x=[0, 0, 0, 0, 1, 0, 0, 0, 0, 0, 0, 0, 0, 0, 0, 1, 0, 0, 0, 0, 0, 0, 0, 0, 0, 0, 0, 0, 0, 0, 0, 0, 0, 0, 0, 0] (5.039s)
  Sub: Z₀=26.185738 [LOCAL] (0.3s), α=[0.000,0.000,5.422,0.000,0.000,0.000,0.000,0.000,0.000,0.000,0.000,0.000,0.000,0.000,0.000,0.000,0.000,0.000,0.000,0.000,0.000,0.000,0.000,0.000,0.000,0.000,0.000,0.000,0.000,0.000,0.000,0.000,0.303,4.219,0.000,0.000]
  Iter 427: LB=-36.979488  UB=18.589578  gap=2.99e+00
  Cut: intercept=-1076.721562, π_x_range=[-823.7018, 558.3580]

=== True-DRO Benders iter 428 ===
  OMP: t₀=-36.979449, UB=18.589578, gap=2.99e+00, x=[0, 1, 0, 0, 1, 0, 0, 0, 0, 0, 0, 0, 0, 0, 0, 0, 0, 0, 0, 0, 0, 0, 0, 0, 0, 0, 0, 0, 0, 0, 0, 0, 0, 0, 0, 0] (4.965s)
  Sub: Z₀=26.225112 [LOCAL] (0.3s), α=[0.000,0.000,5.422,0.000,0.000,0.000,0.000,0.000,0.000,0.000,0.000,0.000,0.000,0.000,0.000,0.000,0.000,0.000,0.000,0.000,0.000,0.000,0.000,0.000,0.000,0.000,0.000,0.000,0.000,0.000,0.000,0.000,0.315,4.207,0.000,0.000]
  Iter 428: LB=-36.979449  UB=18.589578  gap=2.99e+00
  Cut: intercept=-1102.988798, π_x_range=[-822.1049, 570.9998]

=== True-DRO Benders iter 429 ===
  OMP: t₀=-36.979449, UB=18.589578, gap=2.99e+00, x=[0, 0, 0, 0, 1, 0, 0, 0, 0, 0, 0, 0, 0, 0, 1, 0, 0, 0, 0, 0, 0, 0, 0, 0, 0, 0, 0, 0, 0, 0, 0, 0, 0, 0, 0, 0] (5.147s)
  Sub: Z₀=26.225112 [LOCAL] (0.3s), α=[0.000,0.000,5.422,0.000,0.000,0.000,0.000,0.000,0.000,0.000,0.000,0.000,0.000,0.000,0.000,0.000,0.000,0.000,0.000,0.000,0.000,0.000,0.000,0.000,0.000,0.000,0.000,0.000,0.000,0.000,0.000,0.000,0.291,4.231,0.000,0.000]
  Iter 429: LB=-36.979449  UB=18.589578  gap=2.99e+00
  Cut: intercept=-1103.523727, π_x_range=[-823.4134, 571.6237]

=== True-DRO Benders iter 430 ===
  OMP: t₀=-36.979443, UB=18.589578, gap=2.99e+00, x=[0, 0, 0, 0, 1, 0, 0, 0, 0, 0, 0, 0, 0, 0, 0, 0, 0, 0, 0, 0, 0, 0, 0, 0, 0, 0, 0, 0, 0, 0, 0, 0, 0, 0, 0, 1] (5.775s)
  Sub: Z₀=26.280031 [TIME_LIMIT] (16.0s), α=[0.000,0.000,5.549,0.000,0.000,0.000,0.000,0.000,0.000,0.000,0.000,0.000,0.000,0.000,0.000,0.000,0.000,0.000,0.000,0.000,0.000,0.000,0.000,0.000,0.000,0.000,0.000,0.000,0.000,0.000,0.000,0.000,0.000,4.395,0.000,0.000]
  Iter 430: LB=-36.979443  UB=18.589578  gap=2.99e+00
  Cut: intercept=26.280031, π_x_range=[-150.1642, 0.0000]

=== True-DRO Benders iter 431 ===
  OMP: t₀=-36.979408, UB=18.589578, gap=2.99e+00, x=[0, 0, 0, 0, 0, 0, 0, 0, 0, 0, 0, 0, 0, 0, 1, 0, 0, 0, 0, 0, 0, 0, 0, 0, 0, 0, 0, 0, 0, 0, 0, 0, 0, 0, 1, 0] (5.969s)
  Sub: Z₀=26.225111 [LOCAL] (0.3s), α=[0.000,0.000,5.422,0.000,0.000,0.000,0.000,0.000,0.000,0.000,0.000,0.000,0.000,0.000,0.000,0.000,0.000,0.000,0.000,0.000,0.000,0.000,0.000,0.000,0.000,0.000,0.000,0.000,0.000,0.000,0.000,0.000,0.388,4.134,0.000,0.000]
  Iter 431: LB=-36.979408  UB=18.589578  gap=2.99e+00
  Cut: intercept=-1121.081033, π_x_range=[-823.4719, 575.6795]

=== True-DRO Benders iter 432 ===
  OMP: t₀=-36.979397, UB=18.589578, gap=2.99e+00, x=[0, 0, 0, 0, 0, 0, 0, 0, 0, 0, 0, 0, 0, 0, 1, 0, 0, 0, 0, 0, 0, 0, 0, 0, 0, 1, 0, 0, 0, 0, 0, 0, 0, 0, 0, 0] (5.325s)
  Sub: Z₀=26.111902 [LOCAL] (0.3s), α=[0.000,0.000,5.422,0.000,0.000,0.000,0.000,0.000,0.000,0.000,0.000,0.000,0.000,0.000,0.000,0.000,0.000,0.000,0.000,0.000,0.000,0.000,0.000,0.000,0.000,0.000,0.000,0.000,0.000,0.000,0.000,0.000,0.382,4.140,0.000,0.000]
  Iter 432: LB=-36.979397  UB=18.589578  gap=2.99e+00
  Cut: intercept=-1081.379677, π_x_range=[-823.9683, 571.5630]

=== True-DRO Benders iter 433 ===
  OMP: t₀=-36.979396, UB=18.589578, gap=2.99e+00, x=[0, 0, 0, 0, 0, 0, 0, 0, 0, 0, 0, 1, 0, 0, 0, 0, 0, 0, 0, 0, 0, 0, 0, 0, 0, 0, 0, 0, 0, 0, 0, 0, 0, 0, 1, 0] (5.778s)
  Sub: Z₀=26.225112 [LOCAL] (0.3s), α=[0.000,0.000,5.422,0.000,0.000,0.000,0.000,0.000,0.000,0.000,0.000,0.000,0.000,0.000,0.000,0.000,0.000,0.000,0.000,0.000,0.000,0.000,0.000,0.000,0.000,0.000,0.000,0.000,0.000,0.000,0.000,0.000,0.393,4.129,0.000,0.000]
  Iter 433: LB=-36.979396  UB=18.589578  gap=2.99e+00
  Cut: intercept=-1121.173953, π_x_range=[-823.4609, 575.6423]

=== True-DRO Benders iter 434 ===
  OMP: t₀=-36.979375, UB=18.589578, gap=2.99e+00, x=[1, 0, 0, 0, 0, 0, 0, 0, 0, 0, 0, 0, 0, 0, 1, 0, 0, 0, 0, 0, 0, 0, 0, 0, 0, 0, 0, 0, 0, 0, 0, 0, 0, 0, 0, 0] (6.008s)
  Sub: Z₀=26.225111 [LOCAL] (0.3s), α=[0.000,0.000,5.422,0.000,0.000,0.000,0.000,0.000,0.000,0.000,0.000,0.000,0.000,0.000,0.000,0.000,0.000,0.000,0.000,0.000,0.000,0.000,0.000,0.000,0.000,0.000,0.000,0.000,0.000,0.000,0.000,0.000,0.398,4.124,0.000,0.000]
  Iter 434: LB=-36.979375  UB=18.589578  gap=2.99e+00
  Cut: intercept=-1133.615442, π_x_range=[-823.0911, 588.2007]

=== True-DRO Benders iter 435 ===
  OMP: t₀=-36.979369, UB=18.589578, gap=2.99e+00, x=[0, 0, 0, 0, 1, 0, 0, 1, 0, 0, 0, 0, 0, 0, 0, 0, 0, 0, 0, 0, 0, 0, 0, 0, 0, 0, 0, 0, 0, 0, 0, 0, 0, 0, 0, 0] (6.075s)
  Sub: Z₀=26.244855 [TIME_LIMIT] (15.7s), α=[0.000,0.000,5.549,0.000,0.000,0.000,0.000,0.000,0.000,0.000,0.000,0.000,0.000,0.000,0.000,0.000,0.000,0.000,0.000,0.000,0.000,0.000,0.000,0.000,0.000,0.000,0.000,0.000,0.000,0.000,0.000,0.000,0.748,3.648,0.000,0.000]
  Iter 435: LB=-36.979369  UB=18.589578  gap=2.99e+00
  Cut: intercept=26.244855, π_x_range=[-138.8074, 0.0000]

=== True-DRO Benders iter 436 ===
  OMP: t₀=-36.979356, UB=18.589578, gap=2.99e+00, x=[1, 0, 0, 0, 0, 0, 0, 0, 0, 0, 0, 0, 0, 0, 0, 0, 0, 0, 0, 0, 1, 0, 0, 0, 0, 0, 0, 0, 0, 0, 0, 0, 0, 0, 0, 0] (6.216s)
  Sub: Z₀=26.225112 [LOCAL] (0.3s), α=[0.000,0.000,5.422,0.000,0.000,0.000,0.000,0.000,0.000,0.000,0.000,0.000,0.000,0.000,0.000,0.000,0.000,0.000,0.000,0.000,0.000,0.000,0.000,0.000,0.000,0.000,0.000,0.000,0.000,0.000,0.000,0.000,0.384,4.138,0.000,0.000]
  Iter 436: LB=-36.979356  UB=18.589578  gap=2.99e+00
  Cut: intercept=-1120.173395, π_x_range=[-823.0587, 588.2279]

=== True-DRO Benders iter 437 ===
  OMP: t₀=-36.979353, UB=18.589578, gap=2.99e+00, x=[0, 0, 0, 0, 0, 0, 0, 0, 0, 0, 0, 0, 0, 0, 1, 0, 0, 0, 0, 0, 0, 0, 0, 1, 0, 0, 0, 0, 0, 0, 0, 0, 0, 0, 0, 0] (5.609s)
  Sub: Z₀=26.225111 [LOCAL] (0.3s), α=[0.000,0.000,5.422,0.000,0.000,0.000,0.000,0.000,0.000,0.000,0.000,0.000,0.000,0.000,0.000,0.000,0.000,0.000,0.000,0.000,0.000,0.000,0.000,0.000,0.000,0.000,0.000,0.000,0.000,0.000,0.000,0.000,0.465,4.057,0.000,0.000]
  Iter 437: LB=-36.979353  UB=18.589578  gap=2.99e+00
  Cut: intercept=-1127.056842, π_x_range=[-823.3964, 581.5780]

=== True-DRO Benders iter 438 ===
  OMP: t₀=-36.979335, UB=18.589578, gap=2.99e+00, x=[0, 0, 0, 0, 0, 0, 0, 0, 0, 0, 0, 0, 0, 0, 0, 0, 0, 0, 0, 0, 1, 0, 0, 1, 0, 0, 0, 0, 0, 0, 0, 0, 0, 0, 0, 0] (5.800s)
  Sub: Z₀=26.225112 [LOCAL] (0.3s), α=[0.000,0.000,5.422,0.000,0.000,0.000,0.000,0.000,0.000,0.000,0.000,0.000,0.000,0.000,0.000,0.000,0.000,0.000,0.000,0.000,0.000,0.000,0.000,0.000,0.000,0.000,0.000,0.000,0.000,0.000,0.000,0.000,0.450,4.072,0.000,0.000]
  Iter 438: LB=-36.979335  UB=18.589578  gap=2.99e+00
  Cut: intercept=-1113.382119, π_x_range=[-823.3634, 581.4553]

=== True-DRO Benders iter 439 ===
  OMP: t₀=-36.979324, UB=18.589578, gap=2.99e+00, x=[0, 0, 0, 0, 0, 0, 0, 0, 0, 0, 0, 0, 0, 0, 1, 1, 0, 0, 0, 0, 0, 0, 0, 0, 0, 0, 0, 0, 0, 0, 0, 0, 0, 0, 0, 0] (7.272s)
  Sub: Z₀=26.185738 [LOCAL] (0.3s), α=[0.000,0.000,5.422,0.000,0.000,0.000,0.000,0.000,0.000,0.000,0.000,0.000,0.000,0.000,0.000,0.000,0.000,0.000,0.000,0.000,0.000,0.000,0.000,0.000,0.000,0.000,0.000,0.000,0.000,0.000,0.000,0.000,0.371,4.151,0.000,0.000]
  Iter 439: LB=-36.979324  UB=18.589578  gap=2.99e+00
  Cut: intercept=-1089.821184, π_x_range=[-823.7042, 571.6134]

=== True-DRO Benders iter 440 ===
  OMP: t₀=-36.979322, UB=18.589578, gap=2.99e+00, x=[0, 0, 0, 0, 0, 0, 0, 0, 0, 0, 0, 1, 0, 0, 0, 0, 0, 0, 0, 0, 0, 0, 0, 0, 0, 0, 0, 0, 0, 0, 0, 1, 0, 0, 0, 0] (5.962s)
  Sub: Z₀=26.225113 [TIME_LIMIT] (15.8s), α=[0.000,0.000,5.422,0.000,0.000,0.000,0.000,0.000,0.000,0.000,0.000,0.000,0.000,0.000,0.000,0.000,0.000,0.000,0.000,0.000,0.000,0.000,0.000,0.000,0.000,0.000,0.000,0.000,0.000,0.000,0.000,0.000,0.509,4.013,0.000,0.000]
  Iter 440: LB=-36.979322  UB=18.589578  gap=2.99e+00
  Cut: intercept=-94.431485, π_x_range=[-245.0000, 64.4977]

=== True-DRO Benders iter 441 ===
  OMP: t₀=-36.979286, UB=18.589578, gap=2.99e+00, x=[0, 1, 0, 0, 0, 0, 0, 0, 0, 0, 0, 0, 0, 0, 1, 0, 0, 0, 0, 0, 0, 0, 0, 0, 0, 0, 0, 0, 0, 0, 0, 0, 0, 0, 0, 0] (5.960s)
  Sub: Z₀=26.225111 [LOCAL] (0.3s), α=[0.000,0.000,5.422,0.000,0.000,0.000,0.000,0.000,0.000,0.000,0.000,0.000,0.000,0.000,0.000,0.000,0.000,0.000,0.000,0.000,0.000,0.000,0.000,0.000,0.000,0.000,0.000,0.000,0.000,0.000,0.000,0.000,0.382,4.140,0.000,0.000]
  Iter 441: LB=-36.979286  UB=18.589578  gap=2.99e+00
  Cut: intercept=-1116.384987, π_x_range=[-822.1133, 571.6389]

=== True-DRO Benders iter 442 ===
  OMP: t₀=-36.979280, UB=18.589578, gap=2.99e+00, x=[0, 0, 0, 0, 0, 0, 0, 0, 0, 0, 0, 0, 0, 0, 1, 0, 0, 0, 0, 0, 0, 0, 0, 0, 0, 0, 0, 0, 0, 0, 0, 0, 0, 0, 0, 1] (5.946s)
  Sub: Z₀=26.225111 [LOCAL] (0.3s), α=[0.000,0.000,5.422,0.000,0.000,0.000,0.000,0.000,0.000,0.000,0.000,0.000,0.000,0.000,0.000,0.000,0.000,0.000,0.000,0.000,0.000,0.000,0.000,0.000,0.000,0.000,0.000,0.000,0.000,0.000,0.000,0.000,0.387,4.135,0.000,0.000]
  Iter 442: LB=-36.979280  UB=18.589578  gap=2.99e+00
  Cut: intercept=-1123.722225, π_x_range=[-823.3696, 578.2884]

=== True-DRO Benders iter 443 ===
  OMP: t₀=-36.979274, UB=18.589578, gap=2.99e+00, x=[0, 0, 0, 0, 0, 0, 0, 0, 0, 0, 0, 1, 0, 0, 1, 0, 0, 0, 0, 0, 0, 0, 0, 0, 0, 0, 0, 0, 0, 0, 0, 0, 0, 0, 0, 0] (5.579s)
  Sub: Z₀=26.225111 [LOCAL] (0.3s), α=[0.000,0.000,5.422,0.000,0.000,0.000,0.000,0.000,0.000,0.000,0.000,0.000,0.000,0.000,0.000,0.000,0.000,0.000,0.000,0.000,0.000,0.000,0.000,0.000,0.000,0.000,0.000,0.000,0.000,0.000,0.000,0.000,0.358,4.164,0.000,0.000]
  Iter 443: LB=-36.979274  UB=18.589578  gap=2.99e+00
  Cut: intercept=-1117.065320, π_x_range=[-823.4053, 571.6617]

=== True-DRO Benders iter 444 ===
  OMP: t₀=-36.979261, UB=18.589578, gap=2.99e+00, x=[0, 0, 0, 0, 0, 0, 0, 0, 0, 0, 0, 0, 0, 0, 0, 0, 0, 0, 0, 0, 1, 0, 0, 0, 0, 0, 0, 0, 0, 0, 0, 0, 0, 0, 0, 1] (5.676s)
  Sub: Z₀=26.225112 [LOCAL] (0.3s), α=[0.000,0.000,5.422,0.000,0.000,0.000,0.000,0.000,0.000,0.000,0.000,0.000,0.000,0.000,0.000,0.000,0.000,0.000,0.000,0.000,0.000,0.000,0.000,0.000,0.000,0.000,0.000,0.000,0.000,0.000,0.000,0.000,0.373,4.149,0.000,0.000]
  Iter 444: LB=-36.979261  UB=18.589578  gap=2.99e+00
  Cut: intercept=-1110.227812, π_x_range=[-823.3385, 578.2896]

=== True-DRO Benders iter 445 ===
  OMP: t₀=-36.979255, UB=18.589578, gap=2.99e+00, x=[0, 0, 0, 0, 0, 0, 0, 0, 0, 0, 0, 1, 0, 0, 0, 0, 0, 0, 0, 0, 1, 0, 0, 0, 0, 0, 0, 0, 0, 0, 0, 0, 0, 0, 0, 0] (5.955s)
  Sub: Z₀=26.225112 [TIME_LIMIT] (15.7s), α=[0.000,0.000,5.422,0.000,0.000,0.000,0.000,0.000,0.000,0.000,0.000,0.000,0.000,0.000,0.000,0.000,0.000,0.000,0.000,0.000,0.000,0.000,0.000,0.000,0.000,0.000,0.000,0.000,0.000,0.000,0.000,0.000,0.463,4.059,0.000,0.000]
  Iter 445: LB=-36.979255  UB=18.589578  gap=2.99e+00
  Cut: intercept=-103.244255, π_x_range=[-259.0000, 73.3605]

=== True-DRO Benders iter 446 ===
  OMP: t₀=-36.979205, UB=18.589578, gap=2.99e+00, x=[0, 0, 0, 0, 0, 0, 0, 1, 0, 0, 0, 0, 0, 0, 1, 0, 0, 0, 0, 0, 0, 0, 0, 0, 0, 0, 0, 0, 0, 0, 0, 0, 0, 0, 0, 0] (5.428s)
  Sub: Z₀=26.225111 [LOCAL] (0.3s), α=[0.000,0.000,5.422,0.000,0.000,0.000,0.000,0.000,0.000,0.000,0.000,0.000,0.000,0.000,0.000,0.000,0.000,0.000,0.000,0.000,0.000,0.000,0.000,0.000,0.000,0.000,0.000,0.000,0.000,0.000,0.000,0.000,0.430,4.092,0.000,0.000]
  Iter 446: LB=-36.979205  UB=18.589578  gap=2.99e+00
  Cut: intercept=-1113.364969, π_x_range=[-823.3090, 571.6456]

=== True-DRO Benders iter 447 ===
  OMP: t₀=-36.979187, UB=18.589578, gap=2.99e+00, x=[0, 0, 0, 0, 0, 0, 0, 1, 0, 0, 0, 0, 0, 0, 0, 0, 0, 0, 0, 0, 1, 0, 0, 0, 0, 0, 0, 0, 0, 0, 0, 0, 0, 0, 0, 0] (6.289s)
  Sub: Z₀=26.225112 [LOCAL] (0.3s), α=[0.000,0.000,5.422,0.000,0.000,0.000,0.000,0.000,0.000,0.000,0.000,0.000,0.000,0.000,0.000,0.000,0.000,0.000,0.000,0.000,0.000,0.000,0.000,0.000,0.000,0.000,0.000,0.000,0.000,0.000,0.000,0.000,0.415,4.107,0.000,0.000]
  Iter 447: LB=-36.979187  UB=18.589578  gap=2.99e+00
  Cut: intercept=-1100.047043, π_x_range=[-823.2754, 568.0493]

=== True-DRO Benders iter 448 ===
  OMP: t₀=-36.556956, UB=18.589578, gap=2.97e+00, x=[0, 0, 0, 0, 0, 0, 1, 0, 0, 0, 0, 0, 0, 0, 0, 0, 0, 0, 0, 0, 0, 1, 0, 0, 0, 0, 0, 0, 0, 0, 0, 0, 0, 0, 0, 0] (6.085s)
  Sub: Z₀=24.762532 [LOCAL] (0.5s), α=[0.000,0.000,3.456,0.000,0.000,0.000,0.000,0.000,0.000,0.000,0.000,0.000,0.000,0.000,0.000,0.000,0.000,1.603,0.000,0.000,0.000,0.005,0.000,0.000,0.000,0.000,0.000,0.000,0.000,0.000,0.000,0.000,4.307,0.571,0.000,0.000]
  Iter 448: LB=-36.556956  UB=18.589578  gap=2.97e+00
  Cut: intercept=-1121.548074, π_x_range=[-822.9654, 578.2714]

=== True-DRO Benders iter 449 ===
  OMP: t₀=-35.943303, UB=18.589578, gap=2.93e+00, x=[0, 0, 0, 0, 0, 1, 0, 0, 0, 0, 1, 0, 0, 0, 0, 0, 0, 0, 0, 0, 0, 0, 0, 0, 0, 0, 0, 0, 0, 0, 0, 0, 0, 0, 0, 0] (6.619s)
  Sub: Z₀=21.890852 [LOCAL] (0.3s), α=[0.000,0.000,1.575,0.000,0.000,4.843,0.000,0.000,0.000,0.000,0.000,0.000,0.000,1.200,0.000,0.000,0.000,0.426,0.000,0.000,0.000,0.000,0.000,0.000,0.000,0.000,0.000,0.000,0.000,0.096,0.703,0.000,0.321,0.780,0.000,0.000]
  Iter 449: LB=-35.943303  UB=18.589578  gap=2.93e+00
  Cut: intercept=-1100.740274, π_x_range=[-818.3352, 567.4244]

=== True-DRO Benders iter 450 ===
  OMP: t₀=-35.791587, UB=18.589578, gap=2.93e+00, x=[0, 0, 0, 0, 0, 1, 1, 0, 0, 0, 0, 0, 0, 0, 0, 0, 0, 0, 0, 0, 0, 0, 0, 0, 0, 0, 0, 0, 0, 0, 0, 0, 0, 0, 0, 0] (5.546s)
  Sub: Z₀=21.890852 [TIME_LIMIT] (15.7s), α=[0.000,0.000,1.291,0.000,0.000,5.418,0.000,0.000,0.000,0.000,0.000,0.000,0.000,0.589,0.000,0.000,0.000,0.711,0.000,0.000,0.000,0.000,0.000,0.000,0.000,0.000,0.000,0.000,0.000,0.177,0.657,0.000,0.329,0.772,0.000,0.000]
  Iter 450: LB=-35.791587  UB=18.589578  gap=2.93e+00
  Cut: intercept=-52.703403, π_x_range=[-241.0000, 52.7534]

=== True-DRO Benders iter 451 ===
  OMP: t₀=-34.853867, UB=18.589578, gap=2.87e+00, x=[0, 0, 1, 0, 0, 0, 0, 0, 0, 0, 0, 0, 0, 0, 0, 0, 0, 0, 0, 0, 0, 0, 0, 0, 0, 0, 0, 0, 0, 1, 0, 0, 0, 0, 0, 0] (6.391s)
  Sub: Z₀=22.555190 [LOCAL] (0.3s), α=[0.000,0.000,9.733,0.000,0.000,0.010,0.000,0.000,0.000,0.000,0.000,0.000,0.000,0.018,0.000,0.000,0.000,0.000,0.000,0.000,0.000,0.000,0.000,0.000,0.000,0.000,0.000,0.000,0.000,0.165,0.020,0.000,0.000,0.000,0.000,0.000]
  Iter 451: LB=-34.853867  UB=18.589578  gap=2.87e+00
  Cut: intercept=-1143.883834, π_x_range=[-819.4876, 591.3729]

=== True-DRO Benders iter 452 ===
  OMP: t₀=-34.525827, UB=18.589578, gap=2.86e+00, x=[0, 0, 0, 0, 0, 0, 0, 0, 0, 0, 0, 0, 0, 0, 0, 1, 0, 1, 0, 0, 0, 0, 0, 0, 0, 0, 0, 0, 0, 0, 0, 0, 0, 0, 0, 0] (5.802s)
  Sub: Z₀=24.461161 [LOCAL] (0.3s), α=[0.000,0.000,5.833,0.000,0.000,0.000,0.000,0.000,0.000,0.000,0.000,0.000,0.000,0.000,0.000,0.000,0.000,0.583,0.000,0.000,0.000,0.000,0.000,0.000,0.000,0.000,0.000,0.000,0.000,0.000,0.000,0.000,0.213,3.316,0.000,0.000]
  Iter 452: LB=-34.525827  UB=18.589578  gap=2.86e+00
  Cut: intercept=-1120.498161, π_x_range=[-827.3292, 595.5068]

=== True-DRO Benders iter 453 ===
  OMP: t₀=-34.525827, UB=18.589578, gap=2.86e+00, x=[0, 1, 0, 0, 0, 0, 0, 0, 0, 0, 0, 0, 0, 0, 0, 0, 0, 1, 0, 0, 0, 0, 0, 0, 0, 0, 0, 0, 0, 0, 0, 0, 0, 0, 0, 0] (6.465s)
  Sub: Z₀=24.461161 [LOCAL] (0.3s), α=[0.000,0.000,5.907,0.000,0.000,0.000,0.000,0.000,0.000,0.000,0.000,0.000,0.000,0.000,0.000,0.000,0.000,0.509,0.000,0.000,0.000,0.000,0.000,0.000,0.000,0.000,0.000,0.000,0.000,0.000,0.000,0.000,0.221,3.307,0.000,0.000]
  Iter 453: LB=-34.525827  UB=18.589578  gap=2.86e+00
  Cut: intercept=-1142.473198, π_x_range=[-826.1276, 595.4988]

=== True-DRO Benders iter 454 ===
  OMP: t₀=-32.831452, UB=18.589578, gap=2.77e+00, x=[1, 0, 0, 0, 0, 0, 0, 0, 0, 0, 0, 0, 0, 0, 0, 0, 0, 0, 0, 0, 0, 0, 0, 1, 0, 0, 0, 0, 0, 0, 0, 0, 0, 0, 0, 0] (5.282s)
  Sub: Z₀=26.225112 [LOCAL] (0.3s), α=[0.000,0.000,5.422,0.000,0.000,0.000,0.000,0.000,0.000,0.000,0.000,0.000,0.000,0.000,0.000,0.000,0.000,0.000,0.000,0.000,0.000,0.000,0.000,0.000,0.000,0.000,0.000,0.000,0.000,0.000,0.000,0.000,0.517,4.005,0.000,0.000]
  Iter 454: LB=-32.831452  UB=18.589578  gap=2.77e+00
  Cut: intercept=-1143.432262, π_x_range=[-823.0703, 588.1936]

=== True-DRO Benders iter 455 ===
  OMP: t₀=-32.829749, UB=18.589578, gap=2.77e+00, x=[0, 1, 0, 0, 0, 0, 0, 0, 0, 0, 0, 1, 0, 0, 0, 0, 0, 0, 0, 0, 0, 0, 0, 0, 0, 0, 0, 0, 0, 0, 0, 0, 0, 0, 0, 0] (5.933s)
  Sub: Z₀=26.225113 [TIME_LIMIT] (15.8s), α=[0.000,0.000,5.422,0.000,0.000,0.000,0.000,0.000,0.000,0.000,0.000,0.000,0.000,0.000,0.000,0.000,0.000,0.000,0.000,0.000,0.000,0.000,0.000,0.000,0.000,0.000,0.000,0.000,0.000,0.000,0.000,0.000,0.532,3.990,0.000,0.000]
  Iter 455: LB=-32.829749  UB=18.589578  gap=2.77e+00
  Cut: intercept=-61.377641, π_x_range=[-240.1401, 56.1173]

=== True-DRO Benders iter 456 ===
  OMP: t₀=-32.829749, UB=18.589578, gap=2.77e+00, x=[0, 0, 0, 0, 0, 0, 0, 0, 0, 0, 0, 1, 0, 0, 0, 1, 0, 0, 0, 0, 0, 0, 0, 0, 0, 0, 0, 0, 0, 0, 0, 0, 0, 0, 0, 0] (6.526s)
  Sub: Z₀=26.185738 [LOCAL] (0.3s), α=[0.000,0.000,5.422,0.000,0.000,0.000,0.000,0.000,0.000,0.000,0.000,0.000,0.000,0.000,0.000,0.000,0.000,0.000,0.000,0.000,0.000,0.000,0.000,0.000,0.000,0.000,0.000,0.000,0.000,0.000,0.000,0.000,0.379,4.143,0.000,0.000]
  Iter 456: LB=-32.829749  UB=18.589578  gap=2.77e+00
  Cut: intercept=-1089.978492, π_x_range=[-823.6933, 571.6441]

=== True-DRO Benders iter 457 ===
  OMP: t₀=-32.414918, UB=18.589578, gap=2.74e+00, x=[0, 0, 0, 0, 0, 0, 0, 0, 0, 0, 0, 0, 0, 0, 0, 0, 0, 0, 0, 1, 0, 0, 0, 0, 0, 1, 0, 0, 0, 0, 0, 0, 0, 0, 0, 0] (6.822s)
  Sub: Z₀=26.111902 [LOCAL] (0.3s), α=[0.000,0.000,5.422,0.000,0.000,0.000,0.000,0.000,0.000,0.000,0.000,0.000,0.000,0.000,0.000,0.000,0.000,0.000,0.000,0.000,0.000,0.000,0.000,0.000,0.000,0.000,0.000,0.000,0.000,0.000,0.000,0.000,0.545,3.977,0.000,0.000]
  Iter 457: LB=-32.414918  UB=18.589578  gap=2.74e+00
  Cut: intercept=-1090.317780, π_x_range=[-823.9197, 580.3343]

=== True-DRO Benders iter 458 ===
  OMP: t₀=-32.414918, UB=18.589578, gap=2.74e+00, x=[0, 0, 0, 0, 0, 0, 0, 0, 0, 0, 0, 1, 0, 0, 0, 0, 0, 0, 0, 1, 0, 0, 0, 0, 0, 0, 0, 0, 0, 0, 0, 0, 0, 0, 0, 0] (5.134s)
  Sub: Z₀=26.225112 [LOCAL] (0.3s), α=[0.000,0.000,5.422,0.000,0.000,0.000,0.000,0.000,0.000,0.000,0.000,0.000,0.000,0.000,0.000,0.000,0.000,0.000,0.000,0.000,0.000,0.000,0.000,0.000,0.000,0.000,0.000,0.000,0.000,0.000,0.000,0.000,0.508,4.014,0.000,0.000]
  Iter 458: LB=-32.414918  UB=18.589578  gap=2.74e+00
  Cut: intercept=-1126.000741, π_x_range=[-823.3547, 580.4863]

=== True-DRO Benders iter 459 ===
  OMP: t₀=-32.253789, UB=18.589578, gap=2.74e+00, x=[1, 0, 0, 0, 0, 0, 0, 0, 0, 0, 0, 0, 0, 0, 0, 0, 1, 0, 0, 0, 0, 0, 0, 0, 0, 0, 0, 0, 0, 0, 0, 0, 0, 0, 0, 0] (6.237s)
  Sub: Z₀=26.225112 [LOCAL] (0.3s), α=[0.000,0.000,5.422,0.000,0.000,0.000,0.000,0.000,0.000,0.000,0.000,0.000,0.000,0.000,0.000,0.000,0.000,0.000,0.000,0.000,0.000,0.000,0.000,0.000,0.000,0.000,0.000,0.000,0.000,0.000,0.000,0.000,0.503,4.019,0.000,0.000]
  Iter 459: LB=-32.253789  UB=18.589578  gap=2.74e+00
  Cut: intercept=-1148.930115, π_x_range=[-823.0848, 588.2182]

=== True-DRO Benders iter 460 ===
  OMP: t₀=-31.828463, UB=18.589578, gap=2.71e+00, x=[0, 0, 0, 1, 0, 1, 0, 0, 0, 0, 0, 0, 0, 0, 0, 0, 0, 0, 0, 0, 0, 0, 0, 0, 0, 0, 0, 0, 0, 0, 0, 0, 0, 0, 0, 0] (5.260s)
  Sub: Z₀=21.890852 [TIME_LIMIT] (15.8s), α=[0.000,0.000,1.669,0.000,0.000,5.033,0.000,0.000,0.000,0.000,0.000,0.000,0.000,0.988,0.000,0.000,0.000,0.333,0.000,0.000,0.000,0.000,0.000,0.000,0.000,0.000,0.000,0.000,0.000,0.172,0.648,0.000,0.712,0.389,0.000,0.000]
  Iter 460: LB=-31.828463  UB=18.589578  gap=2.71e+00
  Cut: intercept=-49.029514, π_x_range=[-241.0000, 52.7582]

=== True-DRO Benders iter 461 ===
  OMP: t₀=-31.299584, UB=18.589578, gap=2.68e+00, x=[0, 0, 0, 0, 0, 0, 0, 0, 0, 0, 0, 0, 0, 1, 0, 0, 0, 0, 0, 0, 0, 1, 0, 0, 0, 0, 0, 0, 0, 0, 0, 0, 0, 0, 0, 0] (6.329s)
  Sub: Z₀=24.211965 [LOCAL] (0.4s), α=[0.000,0.000,3.991,0.000,0.000,0.000,0.000,0.000,0.000,0.000,0.000,0.000,0.001,2.530,0.000,0.000,0.000,0.000,0.000,0.000,0.000,0.014,0.000,0.000,0.000,0.000,0.000,0.000,0.000,0.063,0.256,0.000,2.969,0.121,0.000,0.000]
  Iter 461: LB=-31.299584  UB=18.589578  gap=2.68e+00
  Cut: intercept=-1134.259812, π_x_range=[-823.4307, 587.9008]

=== True-DRO Benders iter 462 ===
  OMP: t₀=-31.100533, UB=18.589578, gap=2.67e+00, x=[0, 0, 0, 0, 0, 0, 0, 0, 0, 0, 0, 0, 0, 0, 0, 0, 1, 0, 0, 0, 0, 0, 0, 0, 0, 0, 0, 0, 0, 1, 0, 0, 0, 0, 0, 0] (5.937s)
  Sub: Z₀=25.105919 [LOCAL] (0.5s), α=[0.000,0.000,4.134,0.000,0.000,0.044,0.000,0.000,0.000,0.000,0.000,0.000,0.000,0.609,0.000,0.000,0.000,0.000,0.000,0.000,0.000,0.000,0.000,0.000,0.000,0.000,0.000,0.000,0.000,1.221,0.702,0.000,0.594,2.642,0.000,0.000]
  Iter 462: LB=-31.100533  UB=18.589578  gap=2.67e+00
  Cut: intercept=-1151.522330, π_x_range=[-822.0823, 589.9806]

=== True-DRO Benders iter 463 ===
  OMP: t₀=-30.935788, UB=18.589578, gap=2.66e+00, x=[0, 0, 0, 0, 0, 0, 0, 0, 0, 0, 0, 0, 0, 0, 0, 0, 0, 0, 0, 0, 0, 0, 0, 1, 0, 0, 0, 0, 0, 1, 0, 0, 0, 0, 0, 0] (6.104s)
  Sub: Z₀=25.105919 [LOCAL] (0.6s), α=[0.000,0.000,4.134,0.000,0.000,0.044,0.000,0.000,0.000,0.000,0.000,0.000,0.000,0.547,0.000,0.000,0.000,0.000,0.000,0.000,0.000,0.000,0.000,0.000,0.000,0.000,0.000,0.000,0.000,1.281,0.703,0.000,0.585,2.651,0.000,0.000]
  Iter 463: LB=-30.935788  UB=18.589578  gap=2.66e+00
  Cut: intercept=-1143.144344, π_x_range=[-822.0891, 590.1022]

=== True-DRO Benders iter 464 ===
  OMP: t₀=-30.301714, UB=18.589578, gap=2.63e+00, x=[0, 0, 0, 0, 0, 0, 0, 0, 0, 0, 0, 0, 0, 0, 0, 0, 0, 0, 0, 0, 0, 1, 0, 0, 0, 0, 0, 1, 0, 0, 0, 0, 0, 0, 0, 0] (5.888s)
  Sub: Z₀=22.929597 [LOCAL] (0.4s), α=[0.000,0.000,5.063,0.000,0.000,0.000,0.000,0.000,0.000,0.000,0.000,0.000,0.000,0.000,0.000,0.000,0.000,0.000,0.000,0.000,0.000,0.000,0.000,0.000,0.000,0.000,0.000,0.000,0.000,0.000,0.000,0.000,4.718,0.163,0.000,0.000]
  Iter 464: LB=-30.301714  UB=18.589578  gap=2.63e+00
  Cut: intercept=-1123.960769, π_x_range=[-820.8014, 577.6322]

=== True-DRO Benders iter 465 ===
  OMP: t₀=-30.141796, UB=18.589578, gap=2.62e+00, x=[0, 0, 0, 0, 0, 1, 0, 0, 0, 0, 0, 0, 0, 0, 0, 0, 0, 0, 0, 0, 0, 0, 0, 0, 0, 0, 0, 1, 0, 0, 0, 0, 0, 0, 0, 0] (6.658s)
  Sub: Z₀=20.902423 [TIME_LIMIT] (15.7s), α=[0.000,0.000,2.846,0.000,0.000,4.003,0.000,0.000,0.000,0.000,0.000,0.000,0.000,0.849,0.000,0.000,0.000,0.000,0.000,0.000,0.000,0.000,0.000,0.000,0.000,0.000,0.000,0.000,0.000,0.075,0.225,0.000,0.842,1.104,0.000,0.000]
  Iter 465: LB=-30.141796  UB=18.589578  gap=2.62e+00
  Cut: intercept=-53.622054, π_x_range=[-226.3211, 53.4004]

=== True-DRO Benders iter 466 ===
  OMP: t₀=-29.782800, UB=18.589578, gap=2.60e+00, x=[0, 0, 0, 0, 0, 0, 1, 0, 0, 0, 0, 0, 0, 0, 0, 0, 0, 0, 0, 0, 0, 0, 0, 0, 0, 1, 0, 0, 0, 0, 0, 0, 0, 0, 0, 0] (6.731s)
  Sub: Z₀=26.517717 [LOCAL] (0.4s), α=[0.000,0.000,5.233,0.000,0.000,0.000,0.000,0.000,0.000,0.000,0.000,0.000,0.000,0.000,0.000,0.000,0.000,1.183,0.000,0.000,0.000,0.000,0.000,0.000,0.000,0.000,0.000,0.000,0.000,0.000,0.000,0.000,0.125,3.404,0.000,0.000]
  Iter 466: LB=-29.782800  UB=18.589578  gap=2.60e+00
  Cut: intercept=-1097.205692, π_x_range=[-823.7665, 582.1194]

=== True-DRO Benders iter 467 ===
  OMP: t₀=-29.782800, UB=18.589578, gap=2.60e+00, x=[0, 0, 0, 0, 0, 0, 1, 0, 0, 0, 0, 1, 0, 0, 0, 0, 0, 0, 0, 0, 0, 0, 0, 0, 0, 0, 0, 0, 0, 0, 0, 0, 0, 0, 0, 0] (7.086s)
  Sub: Z₀=26.724953 [LOCAL] (0.3s), α=[0.000,0.000,5.213,0.000,0.000,0.000,0.000,0.000,0.000,0.000,0.000,0.000,0.000,0.000,0.000,0.000,0.000,1.203,0.000,0.000,0.000,0.000,0.000,0.000,0.000,0.000,0.000,0.000,0.000,0.000,0.000,0.000,0.121,3.407,0.000,0.000]
  Iter 467: LB=-29.782800  UB=18.589578  gap=2.60e+00
  Cut: intercept=-1130.330935, π_x_range=[-823.7183, 581.8720]

=== True-DRO Benders iter 468 ===
  OMP: t₀=-29.527672, UB=18.589578, gap=2.59e+00, x=[0, 0, 0, 0, 0, 0, 0, 0, 0, 1, 0, 1, 0, 0, 0, 0, 0, 0, 0, 0, 0, 0, 0, 0, 0, 0, 0, 0, 0, 0, 0, 0, 0, 0, 0, 0] (5.842s)
  Sub: Z₀=23.620938 [LOCAL] (0.3s), α=[0.000,0.000,5.422,0.000,0.000,0.000,0.000,0.000,0.000,0.000,0.000,0.000,0.000,0.000,0.000,0.000,0.000,0.000,0.000,0.000,0.000,0.000,0.000,0.000,0.000,0.000,0.000,0.000,0.000,0.000,0.000,0.000,0.954,3.568,0.000,0.000]
  Iter 468: LB=-29.527672  UB=18.589578  gap=2.59e+00
  Cut: intercept=-1113.120436, π_x_range=[-826.5508, 570.5555]

=== True-DRO Benders iter 469 ===
  OMP: t₀=-29.063543, UB=18.589578, gap=2.56e+00, x=[0, 0, 0, 0, 0, 0, 0, 0, 0, 0, 0, 0, 0, 0, 1, 0, 0, 0, 0, 0, 0, 0, 0, 0, 0, 0, 0, 0, 0, 0, 0, 0, 0, 0, 0, 0] (4.979s)
  Sub: Z₀=26.225111 [LOCAL] (0.3s), α=[0.000,0.000,5.422,0.000,0.000,0.000,0.000,0.000,0.000,0.000,0.000,0.000,0.000,0.000,0.000,0.000,0.000,0.000,0.000,0.000,0.000,0.000,0.000,0.000,0.000,0.000,0.000,0.000,0.000,0.000,0.000,0.000,0.387,4.135,0.000,0.000]
  Iter 469: LB=-29.063543  UB=18.589578  gap=2.56e+00
  Cut: intercept=-545.421559, π_x_range=[-823.4065, 571.6467]

=== True-DRO Benders iter 470 ===
  OMP: t₀=-28.910477, UB=18.589578, gap=2.56e+00, x=[0, 0, 0, 0, 0, 1, 0, 0, 0, 0, 0, 0, 0, 0, 0, 0, 0, 0, 0, 0, 0, 0, 0, 0, 0, 0, 0, 0, 0, 0, 0, 0, 0, 0, 0, 1] (4.927s)
  Sub: Z₀=21.890852 [TIME_LIMIT] (15.9s), α=[0.000,0.000,1.689,0.000,0.000,4.774,0.000,0.000,0.000,0.000,0.000,0.000,0.000,1.250,0.000,0.000,0.000,0.313,0.000,0.000,0.000,0.000,0.000,0.000,0.000,0.000,0.000,0.000,0.000,0.172,0.646,0.000,0.470,0.631,0.000,0.000]
  Iter 470: LB=-28.910477  UB=18.589578  gap=2.56e+00
  Cut: intercept=-49.615050, π_x_range=[-241.0000, 52.7555]

=== True-DRO Benders iter 471 ===
  OMP: t₀=-28.598676, UB=18.589578, gap=2.54e+00, x=[0, 0, 0, 0, 0, 0, 0, 0, 0, 0, 0, 0, 0, 1, 0, 0, 0, 0, 0, 0, 0, 0, 0, 0, 0, 0, 0, 1, 0, 0, 0, 0, 0, 0, 0, 0] (5.793s)
  Sub: Z₀=23.946283 [LOCAL] (0.3s), α=[0.000,0.000,5.422,0.000,0.000,0.000,0.000,0.000,0.000,0.000,0.000,0.000,0.000,0.000,0.000,0.000,0.000,0.000,0.000,0.000,0.000,0.000,0.000,0.000,0.000,0.000,0.000,0.000,0.000,0.000,0.000,0.000,0.021,4.501,0.000,0.000]
  Iter 471: LB=-28.598676  UB=18.589578  gap=2.54e+00
  Cut: intercept=-1144.704453, π_x_range=[-824.8190, 589.6609]

=== True-DRO Benders iter 472 ===
  OMP: t₀=-28.591252, UB=18.589578, gap=2.54e+00, x=[0, 0, 0, 1, 0, 0, 0, 0, 0, 0, 0, 0, 0, 0, 0, 0, 0, 0, 0, 0, 0, 0, 0, 0, 0, 0, 0, 0, 0, 0, 0, 0, 0, 0, 1, 0] (6.235s)
  Sub: Z₀=26.225112 [LOCAL] (0.3s), α=[0.000,0.000,5.422,0.000,0.000,0.000,0.000,0.000,0.000,0.000,0.000,0.000,0.000,0.000,0.000,0.000,0.000,0.000,0.000,0.000,0.000,0.000,0.000,0.000,0.000,0.000,0.000,0.000,0.000,0.000,0.000,0.000,0.629,3.893,0.000,0.000]
  Iter 472: LB=-28.591252  UB=18.589578  gap=2.54e+00
  Cut: intercept=-1130.386124, π_x_range=[-823.4927, 580.9068]

=== True-DRO Benders iter 473 ===
  OMP: t₀=-28.157209, UB=18.589578, gap=2.51e+00, x=[0, 0, 0, 0, 0, 0, 0, 0, 0, 0, 0, 0, 0, 0, 0, 0, 0, 0, 0, 0, 0, 0, 0, 0, 0, 0, 0, 0, 0, 0, 0, 1, 0, 0, 0, 1] (5.917s)
  Sub: Z₀=26.225112 [LOCAL] (0.3s), α=[0.000,0.000,5.422,0.000,0.000,0.000,0.000,0.000,0.000,0.000,0.000,0.000,0.000,0.000,0.000,0.000,0.000,0.000,0.000,0.000,0.000,0.000,0.000,0.000,0.000,0.000,0.000,0.000,0.000,0.000,0.000,0.000,0.403,4.119,0.000,0.000]
  Iter 473: LB=-28.157209  UB=18.589578  gap=2.51e+00
  Cut: intercept=-1106.848094, π_x_range=[-823.3611, 578.2592]

=== True-DRO Benders iter 474 ===
  OMP: t₀=-27.673983, UB=18.589578, gap=2.49e+00, x=[0, 1, 0, 0, 0, 0, 0, 0, 0, 0, 0, 0, 0, 0, 0, 0, 0, 0, 0, 0, 0, 0, 0, 0, 0, 0, 0, 1, 0, 0, 0, 0, 0, 0, 0, 0] (5.668s)
  Sub: Z₀=24.653227 [LOCAL] (0.3s), α=[0.000,0.000,5.422,0.000,0.000,0.000,0.000,0.000,0.000,0.000,0.000,0.000,0.000,0.000,0.000,0.000,0.000,0.000,0.000,0.000,0.000,0.000,0.000,0.000,0.000,0.000,0.000,0.000,0.000,0.000,0.000,0.000,0.516,4.006,0.000,0.000]
  Iter 474: LB=-27.673983  UB=18.589578  gap=2.49e+00
  Cut: intercept=-1124.712836, π_x_range=[-823.1135, 578.9900]

=== True-DRO Benders iter 475 ===
  OMP: t₀=-27.673983, UB=18.589578, gap=2.49e+00, x=[0, 0, 0, 0, 0, 0, 0, 0, 0, 0, 0, 0, 0, 0, 0, 1, 0, 0, 0, 0, 0, 0, 0, 0, 0, 0, 0, 1, 0, 0, 0, 0, 0, 0, 0, 0] (5.304s)
  Sub: Z₀=24.991616 [TIME_LIMIT] (15.6s), α=[0.000,0.000,5.422,0.000,0.000,0.000,0.000,0.000,0.000,0.000,0.000,0.000,0.000,0.000,0.000,0.000,0.000,0.000,0.000,0.000,0.000,0.000,0.000,0.000,0.000,0.000,0.000,0.000,0.000,0.000,0.000,0.000,0.678,3.844,0.000,0.000]
  Iter 475: LB=-27.673983  UB=18.589578  gap=2.49e+00
  Cut: intercept=-75.869233, π_x_range=[-261.0000, 78.7199]

=== True-DRO Benders iter 476 ===
  OMP: t₀=-27.638187, UB=18.589578, gap=2.49e+00, x=[0, 0, 0, 0, 0, 0, 0, 0, 0, 0, 0, 0, 0, 0, 0, 0, 0, 0, 1, 0, 0, 1, 0, 0, 0, 0, 0, 0, 0, 0, 0, 0, 0, 0, 0, 0] (6.126s)
  Sub: Z₀=24.702157 [LOCAL] (0.5s), α=[0.000,0.000,4.186,0.000,0.000,0.000,0.000,0.000,0.000,0.000,0.000,0.000,0.000,0.000,0.000,0.000,0.000,0.000,0.000,0.000,0.000,0.000,0.000,0.000,0.000,0.000,0.000,0.000,0.000,2.474,0.000,0.000,2.586,0.699,0.000,0.000]
  Iter 476: LB=-27.638187  UB=18.589578  gap=2.49e+00
  Cut: intercept=-1110.115089, π_x_range=[-823.8288, 571.6010]

=== True-DRO Benders iter 477 ===
  OMP: t₀=-27.578242, UB=18.589578, gap=2.48e+00, x=[0, 0, 0, 0, 0, 1, 0, 0, 1, 0, 0, 0, 0, 0, 0, 0, 0, 0, 0, 0, 0, 0, 0, 0, 0, 0, 0, 0, 0, 0, 0, 0, 0, 0, 0, 0] (5.757s)
  Sub: Z₀=21.890852 [LOCAL] (0.3s), α=[0.000,0.000,1.741,0.000,0.000,6.097,0.000,0.000,0.000,0.000,0.000,0.000,0.000,0.000,0.000,0.000,0.000,0.261,0.000,0.000,0.000,0.000,0.000,0.000,0.000,0.000,0.000,0.000,0.000,0.137,0.608,0.000,0.195,0.906,0.000,0.000]
  Iter 477: LB=-27.578242  UB=18.589578  gap=2.48e+00
  Cut: intercept=-1114.130898, π_x_range=[-817.9221, 581.0493]

=== True-DRO Benders iter 478 ===
  OMP: t₀=-27.092978, UB=18.589578, gap=2.46e+00, x=[0, 1, 0, 0, 0, 0, 1, 0, 0, 0, 0, 0, 0, 0, 0, 0, 0, 0, 0, 0, 0, 0, 0, 0, 0, 0, 0, 0, 0, 0, 0, 0, 0, 0, 0, 0] (6.526s)
  Sub: Z₀=26.724953 [LOCAL] (0.3s), α=[0.000,0.000,5.218,0.000,0.000,0.000,0.000,0.000,0.000,0.000,0.000,0.000,0.000,0.000,0.000,0.000,0.000,1.198,0.000,0.000,0.000,0.000,0.000,0.000,0.000,0.000,0.000,0.000,0.000,0.000,0.000,0.000,0.126,3.402,0.000,0.000]
  Iter 478: LB=-27.092978  UB=18.589578  gap=2.46e+00
  Cut: intercept=-1128.406473, π_x_range=[-823.7606, 581.8291]

=== True-DRO Benders iter 479 ===
  OMP: t₀=-27.092978, UB=18.589578, gap=2.46e+00, x=[0, 0, 0, 0, 0, 0, 1, 0, 0, 0, 0, 0, 0, 0, 0, 1, 0, 0, 0, 0, 0, 0, 0, 0, 0, 0, 0, 0, 0, 0, 0, 0, 0, 0, 0, 0] (5.668s)
  Sub: Z₀=26.624263 [LOCAL] (0.4s), α=[0.000,0.000,5.198,0.000,0.000,0.000,0.000,0.000,0.000,0.000,0.000,0.000,0.000,0.000,0.000,0.000,0.000,1.218,0.000,0.000,0.000,0.000,0.000,0.000,0.000,0.000,0.000,0.000,0.000,0.000,0.000,0.000,0.124,3.404,0.000,0.000]
  Iter 479: LB=-27.092978  UB=18.589578  gap=2.46e+00
  Cut: intercept=-1102.186681, π_x_range=[-823.9016, 582.0391]

=== True-DRO Benders iter 480 ===
  OMP: t₀=-27.013233, UB=18.589578, gap=2.45e+00, x=[0, 0, 0, 0, 0, 0, 0, 0, 0, 0, 0, 0, 0, 0, 0, 0, 1, 0, 0, 0, 0, 0, 0, 1, 0, 0, 0, 0, 0, 0, 0, 0, 0, 0, 0, 0] (5.627s)
  Sub: Z₀=26.225114 [TIME_LIMIT] (15.8s), α=[0.000,0.000,5.422,0.000,0.000,0.000,0.000,0.000,0.000,0.000,0.000,0.000,0.000,0.000,0.000,0.000,0.000,0.000,0.000,0.000,0.000,0.000,0.000,0.000,0.000,0.000,0.000,0.000,0.000,0.000,0.000,0.000,0.000,4.522,0.000,0.000]
  Iter 480: LB=-27.013233  UB=18.589578  gap=2.45e+00
  Cut: intercept=26.225114, π_x_range=[-155.5227, 0.0000]

=== True-DRO Benders iter 481 ===
  OMP: t₀=-26.980197, UB=18.589578, gap=2.45e+00, x=[0, 1, 0, 1, 0, 0, 0, 0, 0, 0, 0, 0, 0, 0, 0, 0, 0, 0, 0, 0, 0, 0, 0, 0, 0, 0, 0, 0, 0, 0, 0, 0, 0, 0, 0, 0] (5.094s)
  Sub: Z₀=26.225112 [LOCAL] (0.3s), α=[0.000,0.000,5.422,0.000,0.000,0.000,0.000,0.000,0.000,0.000,0.000,0.000,0.000,0.000,0.000,0.000,0.000,0.000,0.000,0.000,0.000,0.000,0.000,0.000,0.000,0.000,0.000,0.000,0.000,0.000,0.000,0.000,0.620,3.902,0.000,0.000]
  Iter 481: LB=-26.980197  UB=18.589578  gap=2.45e+00
  Cut: intercept=-1125.686694, π_x_range=[-822.1402, 580.9168]

=== True-DRO Benders iter 482 ===
  OMP: t₀=-26.980197, UB=18.589578, gap=2.45e+00, x=[0, 0, 0, 1, 0, 0, 0, 0, 0, 0, 0, 0, 0, 0, 0, 1, 0, 0, 0, 0, 0, 0, 0, 0, 0, 0, 0, 0, 0, 0, 0, 0, 0, 0, 0, 0] (4.966s)
  Sub: Z₀=26.185738 [LOCAL] (0.3s), α=[0.000,0.000,5.422,0.000,0.000,0.000,0.000,0.000,0.000,0.000,0.000,0.000,0.000,0.000,0.000,0.000,0.000,0.000,0.000,0.000,0.000,0.000,0.000,0.000,0.000,0.000,0.000,0.000,0.000,0.000,0.000,0.000,0.609,3.913,0.000,0.000]
  Iter 482: LB=-26.980197  UB=18.589578  gap=2.45e+00
  Cut: intercept=-1099.342845, π_x_range=[-823.7260, 581.0204]

=== True-DRO Benders iter 483 ===
  OMP: t₀=-26.105911, UB=18.589578, gap=2.40e+00, x=[0, 0, 0, 0, 0, 0, 0, 0, 0, 0, 0, 0, 0, 0, 0, 0, 0, 0, 0, 0, 0, 1, 0, 0, 0, 0, 0, 0, 0, 0, 1, 0, 0, 0, 0, 0] (5.056s)
  Sub: Z₀=24.961634 [LOCAL] (0.4s), α=[0.000,0.000,4.910,0.000,0.000,0.000,0.000,0.000,0.000,0.000,0.000,0.000,0.000,0.000,0.000,0.000,0.000,0.162,0.000,0.000,0.000,0.000,0.000,0.000,0.000,0.000,0.000,0.000,0.000,0.062,0.636,0.000,4.174,0.000,0.000,0.000]
  Iter 483: LB=-26.105911  UB=18.589578  gap=2.40e+00
  Cut: intercept=-1138.562236, π_x_range=[-821.7653, 592.9136]

=== True-DRO Benders iter 484 ===
  OMP: t₀=-24.590663, UB=18.589578, gap=2.32e+00, x=[0, 1, 0, 0, 0, 0, 0, 0, 0, 0, 0, 0, 0, 0, 0, 0, 0, 0, 0, 1, 0, 0, 0, 0, 0, 0, 0, 0, 0, 0, 0, 0, 0, 0, 0, 0] (5.115s)
  Sub: Z₀=26.225112 [LOCAL] (0.3s), α=[0.000,0.000,5.422,0.000,0.000,0.000,0.000,0.000,0.000,0.000,0.000,0.000,0.000,0.000,0.000,0.000,0.000,0.000,0.000,0.000,0.000,0.000,0.000,0.000,0.000,0.000,0.000,0.000,0.000,0.000,0.000,0.000,0.541,3.980,0.000,0.000]
  Iter 484: LB=-24.590663  UB=18.589578  gap=2.32e+00
  Cut: intercept=-1125.209695, π_x_range=[-822.0372, 580.4416]

=== True-DRO Benders iter 485 ===
  OMP: t₀=-24.590663, UB=18.589578, gap=2.32e+00, x=[0, 0, 0, 0, 0, 0, 0, 0, 0, 0, 0, 0, 0, 0, 0, 1, 0, 0, 0, 1, 0, 0, 0, 0, 0, 0, 0, 0, 0, 0, 0, 0, 0, 0, 0, 0] (4.933s)
  Sub: Z₀=26.235414 [TIME_LIMIT] (15.5s), α=[0.000,0.000,5.549,0.000,0.000,0.000,0.000,0.000,0.000,0.000,0.000,0.000,0.000,0.000,0.000,0.000,0.000,0.000,0.000,0.000,0.000,0.000,0.000,0.000,0.000,0.000,0.000,0.000,0.000,0.000,0.000,0.000,0.000,4.395,0.000,0.000]
  Iter 485: LB=-24.590663  UB=18.589578  gap=2.32e+00
  Cut: intercept=26.235414, π_x_range=[-184.0760, 0.0000]

=== True-DRO Benders iter 486 ===
  OMP: t₀=-24.309522, UB=18.589578, gap=2.31e+00, x=[0, 0, 0, 0, 0, 0, 0, 1, 0, 0, 0, 0, 0, 0, 0, 0, 0, 0, 0, 0, 0, 0, 0, 0, 0, 0, 0, 1, 0, 0, 0, 0, 0, 0, 0, 0] (6.451s)
  Sub: Z₀=24.653227 [LOCAL] (0.3s), α=[0.000,0.000,5.422,0.000,0.000,0.000,0.000,0.000,0.000,0.000,0.000,0.000,0.000,0.000,0.000,0.000,0.000,0.000,0.000,0.000,0.000,0.000,0.000,0.000,0.000,0.000,0.000,0.000,0.000,0.000,0.000,0.000,0.572,3.950,0.000,0.000]
  Iter 486: LB=-24.309522  UB=18.589578  gap=2.31e+00
  Cut: intercept=-1121.816780, π_x_range=[-824.3095, 579.0062]

=== True-DRO Benders iter 487 ===
  OMP: t₀=-24.222230, UB=18.589578, gap=2.30e+00, x=[0, 1, 0, 0, 0, 0, 0, 1, 0, 0, 0, 0, 0, 0, 0, 0, 0, 0, 0, 0, 0, 0, 0, 0, 0, 0, 0, 0, 0, 0, 0, 0, 0, 0, 0, 0] (6.424s)
  Sub: Z₀=26.225112 [LOCAL] (0.3s), α=[0.000,0.000,5.422,0.000,0.000,0.000,0.000,0.000,0.000,0.000,0.000,0.000,0.000,0.000,0.000,0.000,0.000,0.000,0.000,0.000,0.000,0.000,0.000,0.000,0.000,0.000,0.000,0.000,0.000,0.000,0.000,0.000,0.463,4.059,0.000,0.000]
  Iter 487: LB=-24.222230  UB=18.589578  gap=2.30e+00
  Cut: intercept=-1112.788531, π_x_range=[-821.9705, 571.0108]

=== True-DRO Benders iter 488 ===
  OMP: t₀=-23.853789, UB=18.589578, gap=2.28e+00, x=[0, 0, 0, 1, 0, 0, 0, 0, 1, 0, 0, 0, 0, 0, 0, 0, 0, 0, 0, 0, 0, 0, 0, 0, 0, 0, 0, 0, 0, 0, 0, 0, 0, 0, 0, 0] (6.546s)
  Sub: Z₀=26.133853 [LOCAL] (0.3s), α=[0.000,0.000,5.422,0.000,0.000,0.000,0.000,0.000,0.000,0.000,0.000,0.000,0.000,0.000,0.000,0.000,0.000,0.000,0.000,0.000,0.000,0.000,0.000,0.000,0.000,0.000,0.000,0.000,0.000,0.000,0.000,0.000,0.461,4.061,0.000,0.000]
  Iter 488: LB=-23.853789  UB=18.589578  gap=2.28e+00
  Cut: intercept=-1138.513237, π_x_range=[-822.8235, 583.7430]

=== True-DRO Benders iter 489 ===
  OMP: t₀=-23.726948, UB=18.589578, gap=2.28e+00, x=[0, 0, 0, 0, 0, 0, 0, 0, 1, 0, 0, 0, 0, 0, 0, 0, 0, 0, 0, 0, 0, 0, 0, 0, 0, 0, 0, 0, 0, 0, 0, 0, 0, 0, 1, 0] (6.033s)
  Sub: Z₀=26.133853 [LOCAL] (0.3s), α=[0.000,0.000,5.422,0.000,0.000,0.000,0.000,0.000,0.000,0.000,0.000,0.000,0.000,0.000,0.000,0.000,0.000,0.000,0.000,0.000,0.000,0.000,0.000,0.000,0.000,0.000,0.000,0.000,0.000,0.000,0.000,0.000,0.294,4.227,0.000,0.000]
  Iter 489: LB=-23.726948  UB=18.589578  gap=2.28e+00
  Cut: intercept=-1133.297172, π_x_range=[-822.8493, 583.7374]

=== True-DRO Benders iter 490 ===
  OMP: t₀=-23.401194, UB=18.589578, gap=2.26e+00, x=[0, 0, 0, 0, 0, 1, 0, 0, 0, 0, 0, 0, 0, 0, 0, 0, 0, 0, 0, 1, 0, 0, 0, 0, 0, 0, 0, 0, 0, 0, 0, 0, 0, 0, 0, 0] (5.944s)
  Sub: Z₀=21.890854 [TIME_LIMIT] (15.6s), α=[0.000,0.000,1.419,0.000,0.000,5.255,0.000,0.000,0.000,0.000,0.000,0.000,0.000,1.191,0.000,0.000,0.000,0.582,0.000,0.000,0.000,0.000,0.000,0.000,0.000,0.000,0.000,0.000,0.000,0.095,0.300,0.000,0.538,0.563,0.000,0.000]
  Iter 490: LB=-23.401194  UB=18.589578  gap=2.26e+00
  Cut: intercept=-50.763437, π_x_range=[-227.3211, 52.7564]

=== True-DRO Benders iter 491 ===
  OMP: t₀=-23.351065, UB=18.589578, gap=2.26e+00, x=[0, 0, 0, 0, 0, 0, 0, 0, 1, 0, 0, 0, 0, 0, 0, 0, 0, 0, 0, 0, 0, 0, 0, 0, 0, 0, 0, 0, 0, 0, 0, 0, 0, 0, 0, 1] (6.291s)
  Sub: Z₀=26.133853 [LOCAL] (0.3s), α=[0.000,0.000,5.422,0.000,0.000,0.000,0.000,0.000,0.000,0.000,0.000,0.000,0.000,0.000,0.000,0.000,0.000,0.000,0.000,0.000,0.000,0.000,0.000,0.000,0.000,0.000,0.000,0.000,0.000,0.000,0.000,0.000,0.294,4.228,0.000,0.000]
  Iter 491: LB=-23.351065  UB=18.589578  gap=2.26e+00
  Cut: intercept=-1135.903729, π_x_range=[-822.7487, 583.7822]

=== True-DRO Benders iter 492 ===
  OMP: t₀=-23.306772, UB=18.589578, gap=2.25e+00, x=[0, 0, 0, 0, 0, 0, 0, 0, 0, 0, 0, 0, 0, 0, 0, 0, 0, 0, 0, 0, 0, 0, 0, 1, 0, 0, 0, 0, 0, 0, 0, 1, 0, 0, 0, 0] (5.537s)
  Sub: Z₀=26.225112 [LOCAL] (0.3s), α=[0.000,0.000,5.422,0.000,0.000,0.000,0.000,0.000,0.000,0.000,0.000,0.000,0.000,0.000,0.000,0.000,0.000,0.000,0.000,0.000,0.000,0.000,0.000,0.000,0.000,0.000,0.000,0.000,0.000,0.000,0.000,0.000,0.482,4.040,0.000,0.000]
  Iter 492: LB=-23.306772  UB=18.589578  gap=2.25e+00
  Cut: intercept=-1110.053179, π_x_range=[-823.3863, 581.4712]

=== True-DRO Benders iter 493 ===
  OMP: t₀=-23.278860, UB=18.589578, gap=2.25e+00, x=[0, 1, 0, 0, 0, 0, 0, 0, 0, 0, 0, 0, 0, 0, 0, 0, 0, 0, 0, 0, 0, 0, 0, 0, 0, 0, 0, 0, 0, 0, 0, 0, 0, 0, 1, 0] (5.704s)
  Sub: Z₀=26.225112 [LOCAL] (0.3s), α=[0.000,0.000,5.422,0.000,0.000,0.000,0.000,0.000,0.000,0.000,0.000,0.000,0.000,0.000,0.000,0.000,0.000,0.000,0.000,0.000,0.000,0.000,0.000,0.000,0.000,0.000,0.000,0.000,0.000,0.000,0.000,0.000,0.418,4.104,0.000,0.000]
  Iter 493: LB=-23.278860  UB=18.589578  gap=2.25e+00
  Cut: intercept=-1120.482297, π_x_range=[-822.1761, 575.7120]

=== True-DRO Benders iter 494 ===
  OMP: t₀=-22.752946, UB=18.589578, gap=2.22e+00, x=[0, 0, 1, 0, 0, 0, 1, 0, 0, 0, 0, 0, 0, 0, 0, 0, 0, 0, 0, 0, 0, 0, 0, 0, 0, 0, 0, 0, 0, 0, 0, 0, 0, 0, 0, 0] (5.672s)
  Sub: Z₀=23.050367 [LOCAL] (0.3s), α=[0.000,0.000,9.944,0.000,0.000,0.000,0.000,0.000,0.000,0.000,0.000,0.000,0.000,0.000,0.000,0.000,0.000,0.000,0.000,0.000,0.000,0.000,0.000,0.000,0.000,0.000,0.000,0.000,0.000,0.000,0.000,0.000,0.000,0.000,0.000,0.000]
  Iter 494: LB=-22.752946  UB=18.589578  gap=2.22e+00
  Cut: intercept=-1145.693794, π_x_range=[-821.9451, 586.8301]

=== True-DRO Benders iter 495 ===
  OMP: t₀=-21.475036, UB=18.589578, gap=2.16e+00, x=[0, 0, 0, 0, 0, 0, 0, 0, 0, 0, 0, 0, 0, 0, 0, 0, 0, 0, 0, 0, 0, 0, 0, 0, 0, 1, 0, 1, 0, 0, 0, 0, 0, 0, 0, 0] (4.858s)
  Sub: Z₀=24.991616 [TIME_LIMIT] (15.7s), α=[0.000,0.000,5.422,0.000,0.000,0.000,0.000,0.000,0.000,0.000,0.000,0.000,0.000,0.000,0.000,0.000,0.000,0.000,0.000,0.000,0.000,0.000,0.000,0.000,0.000,0.000,0.000,0.000,0.000,0.000,0.000,0.000,0.707,3.815,0.000,0.000]
  Iter 495: LB=-21.475036  UB=18.589578  gap=2.16e+00
  Cut: intercept=-92.237662, π_x_range=[-235.0000, 95.1083]

=== True-DRO Benders iter 496 ===
  OMP: t₀=-21.475036, UB=18.589578, gap=2.16e+00, x=[0, 0, 0, 0, 0, 0, 0, 0, 0, 0, 0, 1, 0, 0, 0, 0, 0, 0, 0, 0, 0, 0, 0, 0, 0, 0, 0, 1, 0, 0, 0, 0, 0, 0, 0, 0] (6.183s)
  Sub: Z₀=24.653227 [LOCAL] (0.3s), α=[0.000,0.000,5.422,0.000,0.000,0.000,0.000,0.000,0.000,0.000,0.000,0.000,0.000,0.000,0.000,0.000,0.000,0.000,0.000,0.000,0.000,0.000,0.000,0.000,0.000,0.000,0.000,0.000,0.000,0.000,0.000,0.000,0.493,4.029,0.000,0.000]
  Iter 496: LB=-21.475036  UB=18.589578  gap=2.16e+00
  Cut: intercept=-1125.953137, π_x_range=[-824.3984, 579.0228]

=== True-DRO Benders iter 497 ===
  OMP: t₀=-20.319925, UB=18.589578, gap=2.09e+00, x=[0, 0, 0, 0, 0, 0, 0, 0, 1, 0, 0, 0, 0, 0, 0, 0, 0, 0, 0, 0, 0, 0, 0, 0, 0, 1, 0, 0, 0, 0, 0, 0, 0, 0, 0, 0] (6.507s)
  Sub: Z₀=26.003263 [LOCAL] (0.3s), α=[0.000,0.000,5.422,0.000,0.000,0.000,0.000,0.000,0.000,0.000,0.000,0.000,0.000,0.000,0.000,0.000,0.000,0.000,0.000,0.000,0.000,0.000,0.000,0.000,0.000,0.000,0.000,0.000,0.000,0.000,0.000,0.000,0.289,4.233,0.000,0.000]
  Iter 497: LB=-20.319925  UB=18.589578  gap=2.09e+00
  Cut: intercept=-1093.663501, π_x_range=[-823.3311, 583.6253]

=== True-DRO Benders iter 498 ===
  OMP: t₀=-20.319925, UB=18.589578, gap=2.09e+00, x=[0, 0, 0, 0, 0, 0, 0, 0, 1, 0, 0, 1, 0, 0, 0, 0, 0, 0, 0, 0, 0, 0, 0, 0, 0, 0, 0, 0, 0, 0, 0, 0, 0, 0, 0, 0] (6.228s)
  Sub: Z₀=26.133853 [LOCAL] (0.3s), α=[0.000,0.000,5.422,0.000,0.000,0.000,0.000,0.000,0.000,0.000,0.000,0.000,0.000,0.000,0.000,0.000,0.000,0.000,0.000,0.000,0.000,0.000,0.000,0.000,0.000,0.000,0.000,0.000,0.000,0.000,0.000,0.000,0.272,4.250,0.000,0.000]
  Iter 498: LB=-20.319925  UB=18.589578  gap=2.09e+00
  Cut: intercept=-1129.338272, π_x_range=[-822.7846, 583.7272]

=== True-DRO Benders iter 499 ===
  OMP: t₀=-20.027758, UB=18.589578, gap=2.08e+00, x=[0, 0, 0, 0, 0, 0, 0, 1, 0, 0, 0, 0, 0, 0, 0, 0, 0, 0, 0, 0, 0, 0, 0, 0, 0, 0, 0, 0, 0, 0, 0, 0, 0, 0, 1, 0] (6.126s)
  Sub: Z₀=26.225112 [LOCAL] (0.3s), α=[0.000,0.000,5.422,0.000,0.000,0.000,0.000,0.000,0.000,0.000,0.000,0.000,0.000,0.000,0.000,0.000,0.000,0.000,0.000,0.000,0.000,0.000,0.000,0.000,0.000,0.000,0.000,0.000,0.000,0.000,0.000,0.000,0.467,4.055,0.000,0.000]
  Iter 499: LB=-20.027758  UB=18.589578  gap=2.08e+00
  Cut: intercept=-1117.519979, π_x_range=[-823.3699, 575.7269]

=== True-DRO Benders iter 500 ===
  OMP: t₀=-19.756569, UB=18.589578, gap=2.06e+00, x=[0, 0, 0, 0, 0, 0, 0, 0, 0, 0, 0, 0, 0, 0, 0, 0, 0, 0, 0, 0, 0, 0, 0, 1, 0, 0, 0, 0, 0, 0, 0, 0, 0, 0, 1, 0] (5.985s)
  Sub: Z₀=26.282771 [TIME_LIMIT] (15.6s), α=[0.000,0.000,5.549,0.000,0.000,0.000,0.000,0.000,0.000,0.000,0.000,0.000,0.000,0.000,0.000,0.000,0.000,0.000,0.000,0.000,0.000,0.000,0.000,0.000,0.000,0.000,0.000,0.000,0.000,0.000,0.000,0.000,0.000,4.395,0.000,0.000]
  Iter 500: LB=-19.756569  UB=18.589578  gap=2.06e+00
  Cut: intercept=26.282771, π_x_range=[-137.8174, 0.0000]

=== True-DRO Benders iter 501 ===
  OMP: t₀=-19.245401, UB=18.589578, gap=2.04e+00, x=[0, 0, 0, 0, 0, 0, 0, 0, 0, 0, 0, 0, 0, 0, 0, 0, 0, 0, 0, 1, 0, 0, 0, 1, 0, 0, 0, 0, 0, 0, 0, 0, 0, 0, 0, 0] (7.318s)
  Sub: Z₀=26.225112 [LOCAL] (0.3s), α=[0.000,0.000,5.422,0.000,0.000,0.000,0.000,0.000,0.000,0.000,0.000,0.000,0.000,0.000,0.000,0.000,0.000,0.000,0.000,0.000,0.000,0.000,0.000,0.000,0.000,0.000,0.000,0.000,0.000,0.000,0.000,0.000,0.634,3.888,0.000,0.000]
  Iter 501: LB=-19.245401  UB=18.589578  gap=2.04e+00
  Cut: intercept=-1135.659713, π_x_range=[-823.3436, 581.4693]

=== True-DRO Benders iter 502 ===
  OMP: t₀=-19.245401, UB=18.589578, gap=2.04e+00, x=[0, 0, 0, 1, 0, 0, 0, 0, 0, 0, 0, 0, 0, 0, 0, 0, 0, 0, 0, 0, 0, 0, 0, 1, 0, 0, 0, 0, 0, 0, 0, 0, 0, 0, 0, 0] (7.024s)
  Sub: Z₀=26.225112 [LOCAL] (0.3s), α=[0.000,0.000,5.422,0.000,0.000,0.000,0.000,0.000,0.000,0.000,0.000,0.000,0.000,0.000,0.000,0.000,0.000,0.000,0.000,0.000,0.000,0.000,0.000,0.000,0.000,0.000,0.000,0.000,0.000,0.000,0.000,0.000,0.722,3.800,0.000,0.000]
  Iter 502: LB=-19.245401  UB=18.589578  gap=2.04e+00
  Cut: intercept=-1136.165066, π_x_range=[-823.4158, 581.4700]

=== True-DRO Benders iter 503 ===
  OMP: t₀=-19.200047, UB=18.589578, gap=2.03e+00, x=[0, 0, 0, 0, 0, 0, 0, 0, 0, 0, 0, 0, 0, 0, 0, 1, 0, 0, 0, 0, 0, 0, 0, 0, 0, 0, 0, 0, 0, 0, 0, 0, 0, 0, 1, 0] (7.072s)
  Sub: Z₀=26.185738 [LOCAL] (0.3s), α=[0.000,0.000,5.422,0.000,0.000,0.000,0.000,0.000,0.000,0.000,0.000,0.000,0.000,0.000,0.000,0.000,0.000,0.000,0.000,0.000,0.000,0.000,0.000,0.000,0.000,0.000,0.000,0.000,0.000,0.000,0.000,0.000,0.406,4.115,0.000,0.000]
  Iter 503: LB=-19.200047  UB=18.589578  gap=2.03e+00
  Cut: intercept=-1094.219303, π_x_range=[-823.7592, 575.8579]

=== True-DRO Benders iter 504 ===
  OMP: t₀=-19.098264, UB=18.589578, gap=2.03e+00, x=[0, 0, 0, 0, 0, 0, 0, 0, 0, 0, 0, 0, 0, 0, 0, 0, 0, 0, 0, 1, 0, 1, 0, 0, 0, 0, 0, 0, 0, 0, 0, 0, 0, 0, 0, 0] (7.080s)
  Sub: Z₀=24.762532 [LOCAL] (0.4s), α=[0.000,0.000,4.563,0.000,0.000,0.000,0.000,0.000,0.000,0.000,0.000,0.000,0.000,0.000,0.000,0.000,0.000,0.500,0.000,0.000,0.000,0.000,0.000,0.000,0.000,0.000,0.000,0.000,0.000,0.000,0.000,0.000,4.691,0.190,0.000,0.000]
  Iter 504: LB=-19.098264  UB=18.589578  gap=2.03e+00
  Cut: intercept=-1123.389505, π_x_range=[-820.3022, 579.0935]

=== True-DRO Benders iter 505 ===
  OMP: t₀=-17.938243, UB=18.589578, gap=1.96e+00, x=[0, 0, 0, 1, 0, 0, 0, 0, 0, 0, 0, 1, 0, 0, 0, 0, 0, 0, 0, 0, 0, 0, 0, 0, 0, 0, 0, 0, 0, 0, 0, 0, 0, 0, 0, 0] (7.169s)
  Sub: Z₀=26.225113 [TIME_LIMIT] (15.7s), α=[0.000,0.000,5.422,0.000,0.000,0.000,0.000,0.000,0.000,0.000,0.000,0.000,0.000,0.000,0.000,0.000,0.000,0.000,0.000,0.000,0.000,0.000,0.000,0.000,0.000,0.000,0.000,0.000,0.000,0.000,0.000,0.000,0.884,3.638,0.000,0.000]
  Iter 505: LB=-17.938243  UB=18.589578  gap=1.96e+00
  Cut: intercept=-51.717398, π_x_range=[-237.4862, 56.1173]

=== True-DRO Benders iter 506 ===
  OMP: t₀=-17.938243, UB=18.589578, gap=1.96e+00, x=[0, 0, 0, 1, 0, 0, 0, 0, 0, 0, 0, 0, 0, 0, 0, 0, 0, 0, 0, 0, 0, 0, 0, 0, 0, 1, 0, 0, 0, 0, 0, 0, 0, 0, 0, 0] (7.317s)
  Sub: Z₀=26.111902 [LOCAL] (0.3s), α=[0.000,0.000,5.422,0.000,0.000,0.000,0.000,0.000,0.000,0.000,0.000,0.000,0.000,0.000,0.000,0.000,0.000,0.000,0.000,0.000,0.000,0.000,0.000,0.000,0.000,0.000,0.000,0.000,0.000,0.000,0.000,0.000,0.624,3.897,0.000,0.000]
  Iter 506: LB=-17.938243  UB=18.589578  gap=1.96e+00
  Cut: intercept=-1090.962550, π_x_range=[-823.9892, 581.0299]

=== True-DRO Benders iter 507 ===
  OMP: t₀=-17.495574, UB=18.589578, gap=1.94e+00, x=[0, 0, 1, 0, 0, 0, 0, 0, 0, 0, 0, 0, 0, 1, 0, 0, 0, 0, 0, 0, 0, 0, 0, 0, 0, 0, 0, 0, 0, 0, 0, 0, 0, 0, 0, 0] (6.510s)
  Sub: Z₀=22.457904 [LOCAL] (0.3s), α=[0.000,0.000,9.794,0.000,0.000,0.000,0.000,0.000,0.000,0.000,0.000,0.000,0.000,0.000,0.000,0.000,0.000,0.151,0.000,0.000,0.000,0.000,0.000,0.000,0.000,0.000,0.000,0.000,0.000,0.000,0.000,0.000,0.000,0.000,0.000,0.000]
  Iter 507: LB=-17.495574  UB=18.589578  gap=1.94e+00
  Cut: intercept=-1145.161395, π_x_range=[-822.8229, 592.2753]

=== True-DRO Benders iter 508 ===
  OMP: t₀=-17.187613, UB=18.589578, gap=1.92e+00, x=[0, 0, 0, 0, 0, 1, 0, 0, 0, 0, 0, 0, 0, 0, 0, 0, 0, 0, 0, 0, 0, 0, 0, 0, 0, 0, 0, 0, 0, 1, 0, 0, 0, 0, 0, 0] (7.290s)
  Sub: Z₀=19.940184 [LOCAL] (0.3s), α=[0.000,0.000,0.000,0.000,0.000,5.270,0.000,0.000,0.000,0.000,0.000,0.000,0.000,1.367,0.000,0.000,0.000,0.000,0.000,0.000,0.000,0.000,0.000,0.000,0.000,0.000,0.000,0.000,0.000,2.168,1.140,0.000,0.000,0.000,0.000,0.000]
  Iter 508: LB=-17.187613  UB=18.589578  gap=1.92e+00
  Cut: intercept=-1134.786923, π_x_range=[-817.9146, 590.5846]

=== True-DRO Benders iter 509 ===
  OMP: t₀=-16.562452, UB=18.589578, gap=1.89e+00, x=[0, 0, 0, 0, 0, 0, 0, 1, 0, 0, 0, 0, 0, 0, 0, 0, 0, 0, 0, 0, 0, 0, 0, 0, 0, 0, 0, 0, 0, 0, 0, 0, 0, 0, 0, 1] (6.125s)
  Sub: Z₀=26.225112 [LOCAL] (0.3s), α=[0.000,0.000,5.422,0.000,0.000,0.000,0.000,0.000,0.000,0.000,0.000,0.000,0.000,0.000,0.000,0.000,0.000,0.000,0.000,0.000,0.000,0.000,0.000,0.000,0.000,0.000,0.000,0.000,0.000,0.000,0.000,0.000,0.467,4.055,0.000,0.000]
  Iter 509: LB=-16.562452  UB=18.589578  gap=1.89e+00
  Cut: intercept=-1120.068256, π_x_range=[-823.2606, 578.2780]

=== True-DRO Benders iter 510 ===
  OMP: t₀=-16.497703, UB=18.589578, gap=1.89e+00, x=[0, 0, 1, 0, 0, 0, 0, 0, 0, 0, 0, 0, 0, 0, 0, 0, 0, 0, 0, 0, 0, 0, 0, 0, 0, 0, 0, 1, 0, 0, 0, 0, 0, 0, 0, 0] (6.978s)
  Sub: Z₀=21.169428 (8.0s), α=[0.000,0.000,9.944,0.000,0.000,0.000,0.000,0.000,0.000,0.000,0.000,0.000,0.000,0.000,0.000,0.000,0.000,0.000,0.000,0.000,0.000,0.000,0.000,0.000,0.000,0.000,0.000,0.000,0.000,0.000,0.000,0.000,0.000,0.000,0.000,0.000]
  Iter 510: LB=-16.497703  UB=18.589578  gap=1.89e+00
  Cut: intercept=-48.228977, π_x_range=[-132.1354, 55.3604]
  Sherali-Cut: intercept=-33.633566, π_x_range=[-73.1955, 51.0967]

=== True-DRO Benders iter 511 ===
  OMP: t₀=-16.314623, UB=18.589578, gap=1.88e+00, x=[0, 0, 0, 0, 0, 0, 0, 1, 1, 0, 0, 0, 0, 0, 0, 0, 0, 0, 0, 0, 0, 0, 0, 0, 0, 0, 0, 0, 0, 0, 0, 0, 0, 0, 0, 0] (5.816s)
  Sub: Z₀=26.133853 [LOCAL] (0.3s), α=[0.000,0.000,5.422,0.000,0.000,0.000,0.000,0.000,0.000,0.000,0.000,0.000,0.000,0.000,0.000,0.000,0.000,0.000,0.000,0.000,0.000,0.000,0.000,0.000,0.000,0.000,0.000,0.000,0.000,0.000,0.000,0.000,0.325,4.197,0.000,0.000]
  Iter 511: LB=-16.314623  UB=18.589578  gap=1.88e+00
  Cut: intercept=-1125.742820, π_x_range=[-822.6617, 583.7378]

=== True-DRO Benders iter 512 ===
  OMP: t₀=-14.862064, UB=18.589578, gap=1.80e+00, x=[0, 0, 0, 0, 0, 0, 0, 0, 0, 0, 0, 0, 0, 0, 0, 0, 0, 0, 0, 0, 0, 1, 0, 0, 0, 0, 1, 0, 0, 0, 0, 0, 0, 0, 0, 0] (6.287s)
  Sub: Z₀=24.762532 [LOCAL] (0.4s), α=[0.000,0.000,4.632,0.000,0.000,0.000,0.000,0.000,0.000,0.000,0.000,0.000,0.000,0.000,0.000,0.000,0.000,0.431,0.000,0.000,0.000,0.000,0.000,0.000,0.000,0.000,0.000,0.000,0.000,0.000,0.000,0.000,4.600,0.281,0.000,0.000]
  Iter 512: LB=-14.862064  UB=18.589578  gap=1.80e+00
  Cut: intercept=-1130.292936, π_x_range=[-820.6882, 585.9919]

=== True-DRO Benders iter 513 ===
  OMP: t₀=-14.357584, UB=18.589578, gap=1.77e+00, x=[0, 0, 0, 0, 1, 0, 0, 0, 0, 0, 0, 1, 0, 0, 0, 0, 0, 0, 0, 0, 0, 0, 0, 0, 0, 0, 0, 0, 0, 0, 0, 0, 0, 0, 0, 0] (6.356s)
  Sub: Z₀=26.225112 [LOCAL] (0.3s), α=[0.000,0.000,5.422,0.000,0.000,0.000,0.000,0.000,0.000,0.000,0.000,0.000,0.000,0.000,0.000,0.000,0.000,0.000,0.000,0.000,0.000,0.000,0.000,0.000,0.000,0.000,0.000,0.000,0.000,0.000,0.000,0.000,0.293,4.229,0.000,0.000]
  Iter 513: LB=-14.357584  UB=18.589578  gap=1.77e+00
  Cut: intercept=-1103.751875, π_x_range=[-823.4038, 571.7582]

=== True-DRO Benders iter 514 ===
  OMP: t₀=-14.357584, UB=18.589578, gap=1.77e+00, x=[0, 0, 0, 0, 0, 0, 0, 1, 0, 0, 0, 1, 0, 0, 0, 0, 0, 0, 0, 0, 0, 0, 0, 0, 0, 0, 0, 0, 0, 0, 0, 0, 0, 0, 0, 0] (5.827s)
  Sub: Z₀=26.225112 [LOCAL] (0.3s), α=[0.000,0.000,5.422,0.000,0.000,0.000,0.000,0.000,0.000,0.000,0.000,0.000,0.000,0.000,0.000,0.000,0.000,0.000,0.000,0.000,0.000,0.000,0.000,0.000,0.000,0.000,0.000,0.000,0.000,0.000,0.000,0.000,0.434,4.088,0.000,0.000]
  Iter 514: LB=-14.357584  UB=18.589578  gap=1.77e+00
  Cut: intercept=-1113.513745, π_x_range=[-823.2976, 571.7642]

=== True-DRO Benders iter 515 ===
  OMP: t₀=-14.248805, UB=18.589578, gap=1.77e+00, x=[1, 0, 0, 0, 0, 1, 0, 0, 0, 0, 0, 0, 0, 0, 0, 0, 0, 0, 0, 0, 0, 0, 0, 0, 0, 0, 0, 0, 0, 0, 0, 0, 0, 0, 0, 0] (6.036s)
  Sub: Z₀=21.890852 [TIME_LIMIT] (15.5s), α=[0.000,0.000,1.718,0.000,0.000,4.526,0.000,0.000,0.000,0.000,0.000,0.000,0.000,1.518,0.000,0.000,0.000,0.283,0.000,0.000,0.000,0.000,0.000,0.000,0.000,0.000,0.000,0.000,0.000,0.166,0.631,0.000,0.515,0.586,0.000,0.000]
  Iter 515: LB=-14.248805  UB=18.589578  gap=1.77e+00
  Cut: intercept=-42.525640, π_x_range=[-241.0000, 52.7582]

=== True-DRO Benders iter 516 ===
  OMP: t₀=-14.059478, UB=18.589578, gap=1.76e+00, x=[0, 0, 0, 0, 0, 0, 0, 0, 1, 0, 0, 0, 0, 0, 0, 0, 0, 0, 0, 0, 0, 1, 0, 0, 0, 0, 0, 0, 0, 0, 0, 0, 0, 0, 0, 0] (7.950s)
  Sub: Z₀=24.679445 [LOCAL] (0.3s), α=[0.000,0.000,4.659,0.000,0.000,0.000,0.000,0.000,0.000,0.000,0.000,0.000,0.000,0.000,0.000,0.000,0.000,0.404,0.000,0.000,0.000,0.000,0.000,0.000,0.000,0.000,0.000,0.000,0.000,0.000,0.000,0.000,4.553,0.329,0.000,0.000]
  Iter 516: LB=-14.059478  UB=18.589578  gap=1.76e+00
  Cut: intercept=-1130.275542, π_x_range=[-820.0055, 584.8692]

=== True-DRO Benders iter 517 ===
  OMP: t₀=-13.955766, UB=18.589578, gap=1.75e+00, x=[0, 0, 0, 0, 0, 0, 0, 0, 0, 0, 1, 0, 0, 0, 0, 0, 0, 0, 0, 0, 0, 1, 0, 0, 0, 0, 0, 0, 0, 0, 0, 0, 0, 0, 0, 0] (7.484s)
  Sub: Z₀=24.762532 [LOCAL] (0.5s), α=[0.000,0.000,4.535,0.000,0.000,0.000,0.000,0.000,0.000,0.000,0.000,0.000,0.000,0.000,0.000,0.000,0.000,0.528,0.000,0.000,0.000,0.000,0.000,0.000,0.000,0.000,0.000,0.000,0.000,0.000,0.000,0.000,4.624,0.257,0.000,0.000]
  Iter 517: LB=-13.955766  UB=18.589578  gap=1.75e+00
  Cut: intercept=-1111.163458, π_x_range=[-820.3093, 569.0675]

=== True-DRO Benders iter 518 ===
  OMP: t₀=-13.928323, UB=18.589578, gap=1.75e+00, x=[0, 0, 0, 0, 0, 0, 0, 0, 0, 0, 0, 0, 0, 0, 0, 0, 1, 0, 0, 0, 0, 1, 0, 0, 0, 0, 0, 0, 0, 0, 0, 0, 0, 0, 0, 0] (7.013s)
  Sub: Z₀=24.762532 [LOCAL] (0.4s), α=[0.000,0.000,4.147,0.000,0.000,0.000,0.000,0.000,0.000,0.000,0.000,0.000,0.000,0.000,0.000,0.000,0.000,0.916,0.000,0.000,0.000,0.000,0.000,0.000,0.000,0.000,0.000,0.000,0.000,0.000,0.000,0.000,4.628,0.253,0.000,0.000]
  Iter 518: LB=-13.928323  UB=18.589578  gap=1.75e+00
  Cut: intercept=-1128.300904, π_x_range=[-820.0681, 584.0001]

=== True-DRO Benders iter 519 ===
  OMP: t₀=-13.866695, UB=18.589578, gap=1.75e+00, x=[0, 0, 0, 1, 0, 0, 0, 0, 0, 0, 0, 0, 0, 0, 0, 0, 0, 0, 0, 0, 0, 1, 0, 0, 0, 0, 0, 0, 0, 0, 0, 0, 0, 0, 0, 0] (6.724s)
  Sub: Z₀=24.762532 [LOCAL] (0.4s), α=[0.000,0.000,4.677,0.000,0.000,0.000,0.000,0.000,0.000,0.000,0.000,0.000,0.000,0.000,0.000,0.000,0.000,0.387,0.000,0.000,0.000,0.000,0.000,0.000,0.000,0.000,0.000,0.000,0.000,0.000,0.000,0.000,4.663,0.218,0.000,0.000]
  Iter 519: LB=-13.866695  UB=18.589578  gap=1.75e+00
  Cut: intercept=-1121.112899, π_x_range=[-820.4642, 576.8670]

=== True-DRO Benders iter 520 ===
  OMP: t₀=-13.866627, UB=18.589578, gap=1.75e+00, x=[0, 0, 0, 0, 1, 0, 0, 0, 0, 0, 0, 0, 0, 0, 0, 0, 0, 0, 0, 0, 0, 1, 0, 0, 0, 0, 0, 0, 0, 0, 0, 0, 0, 0, 0, 0] (6.177s)
  Sub: Z₀=25.002081 [TIME_LIMIT] (15.5s), α=[0.000,0.000,4.787,0.000,0.000,0.000,0.000,0.000,0.000,0.000,0.000,0.000,0.000,0.243,0.000,0.000,0.000,0.326,0.000,0.000,0.000,0.000,0.000,0.000,0.000,0.000,0.000,0.000,0.000,0.152,0.224,0.000,3.771,0.442,0.000,0.000]
  Iter 520: LB=-13.866627  UB=18.589578  gap=1.75e+00
  Cut: intercept=-65.816024, π_x_range=[-241.0000, 54.2915]

=== True-DRO Benders iter 521 ===
  OMP: t₀=-13.866587, UB=18.589578, gap=1.75e+00, x=[0, 0, 0, 0, 0, 0, 0, 0, 0, 0, 0, 0, 0, 0, 0, 0, 0, 0, 0, 0, 0, 1, 0, 0, 0, 0, 0, 0, 0, 0, 0, 0, 0, 0, 1, 0] (8.929s)
  Sub: Z₀=24.762532 [LOCAL] (0.4s), α=[0.000,0.000,4.581,0.000,0.000,0.000,0.000,0.000,0.000,0.000,0.000,0.000,0.000,0.000,0.000,0.000,0.000,0.482,0.000,0.000,0.000,0.000,0.000,0.000,0.000,0.000,0.000,0.000,0.000,0.000,0.000,0.000,4.584,0.297,0.000,0.000]
  Iter 521: LB=-13.866587  UB=18.589578  gap=1.75e+00
  Cut: intercept=-1114.637484, π_x_range=[-820.4291, 570.3305]

=== True-DRO Benders iter 522 ===
  OMP: t₀=-13.866575, UB=18.589578, gap=1.75e+00, x=[0, 0, 0, 0, 0, 0, 0, 0, 0, 0, 0, 0, 0, 0, 0, 0, 0, 0, 0, 0, 0, 1, 0, 0, 0, 1, 0, 0, 0, 0, 0, 0, 0, 0, 0, 0] (7.206s)
  Sub: Z₀=24.475354 [LOCAL] (0.4s), α=[0.000,0.000,4.700,0.000,0.000,0.000,0.000,0.000,0.000,0.000,0.000,0.000,0.000,0.219,0.000,0.000,0.000,0.174,0.000,0.000,0.000,0.000,0.000,0.000,0.000,0.000,0.000,0.000,0.000,0.034,0.127,0.000,4.468,0.224,0.000,0.000]
  Iter 522: LB=-13.866575  UB=18.589578  gap=1.75e+00
  Cut: intercept=-1079.148926, π_x_range=[-821.0999, 568.9296]

=== True-DRO Benders iter 523 ===
  OMP: t₀=-13.866502, UB=18.589578, gap=1.75e+00, x=[0, 0, 0, 0, 0, 0, 0, 0, 0, 0, 0, 0, 0, 0, 0, 1, 0, 0, 0, 0, 0, 1, 0, 0, 0, 0, 0, 0, 0, 0, 0, 0, 0, 0, 0, 0] (6.277s)
  Sub: Z₀=24.849260 [LOCAL] (0.5s), α=[0.000,0.000,4.885,0.000,0.000,0.000,0.000,0.000,0.000,0.000,0.000,0.000,0.000,0.369,0.000,0.000,0.000,0.228,0.000,0.000,0.000,0.000,0.000,0.000,0.000,0.000,0.000,0.000,0.000,0.051,0.200,0.000,4.010,0.202,0.000,0.000]
  Iter 523: LB=-13.866502  UB=18.589578  gap=1.75e+00
  Cut: intercept=-1086.677284, π_x_range=[-821.9351, 570.3213]

=== True-DRO Benders iter 524 ===
  OMP: t₀=-13.866553, UB=18.589578, gap=1.75e+00, x=[1, 0, 0, 0, 0, 0, 0, 0, 0, 0, 0, 0, 0, 0, 0, 0, 0, 0, 0, 0, 0, 1, 0, 0, 0, 0, 0, 0, 0, 0, 0, 0, 0, 0, 0, 0] (6.858s)
  Sub: Z₀=24.762532 [LOCAL] (0.4s), α=[0.000,0.000,4.677,0.000,0.000,0.000,0.000,0.000,0.000,0.000,0.000,0.000,0.000,0.000,0.000,0.000,0.000,0.386,0.000,0.000,0.000,0.000,0.000,0.000,0.000,0.000,0.000,0.000,0.000,0.000,0.000,0.000,4.606,0.276,0.000,0.000]
  Iter 524: LB=-13.866553  UB=18.589578  gap=1.75e+00
  Cut: intercept=-1129.379103, π_x_range=[-820.0557, 585.0694]

=== True-DRO Benders iter 525 ===
  OMP: t₀=-13.866531, UB=18.589578, gap=1.75e+00, x=[0, 0, 0, 0, 0, 0, 0, 0, 0, 0, 0, 0, 0, 0, 0, 0, 0, 0, 0, 0, 0, 1, 0, 1, 0, 0, 0, 0, 0, 0, 0, 0, 0, 0, 0, 0] (7.400s)
  Sub: Z₀=25.002081 [TIME_LIMIT] (15.7s), α=[0.000,0.000,4.781,0.000,0.000,0.000,0.000,0.000,0.000,0.000,0.000,0.000,0.000,0.291,0.000,0.000,0.000,0.332,0.000,0.000,0.000,0.000,0.000,0.000,0.000,0.000,0.000,0.000,0.000,0.123,0.205,0.000,3.882,0.331,0.000,0.000]
  Iter 525: LB=-13.866531  UB=18.589578  gap=1.75e+00
  Cut: intercept=-32.851118, π_x_range=[-241.0000, 36.5221]

=== True-DRO Benders iter 526 ===
  OMP: t₀=-13.866464, UB=18.589578, gap=1.75e+00, x=[0, 1, 0, 0, 0, 0, 0, 0, 0, 0, 0, 0, 0, 0, 0, 0, 0, 0, 0, 0, 0, 1, 0, 0, 0, 0, 0, 0, 0, 0, 0, 0, 0, 0, 0, 0] (8.593s)
  Sub: Z₀=24.762532 [LOCAL] (0.4s), α=[0.000,0.000,4.696,0.000,0.000,0.000,0.000,0.000,0.000,0.000,0.000,0.000,0.000,0.000,0.000,0.000,0.000,0.367,0.000,0.000,0.000,0.000,0.000,0.000,0.000,0.000,0.000,0.000,0.000,0.000,0.000,0.000,4.604,0.277,0.000,0.000]
  Iter 526: LB=-13.866464  UB=18.589578  gap=1.75e+00
  Cut: intercept=-1114.277611, π_x_range=[-819.8722, 569.9658]

=== True-DRO Benders iter 527 ===
  OMP: t₀=-13.866464, UB=18.589578, gap=1.75e+00, x=[0, 0, 0, 0, 0, 0, 0, 0, 0, 0, 0, 0, 0, 0, 1, 0, 0, 0, 0, 0, 0, 1, 0, 0, 0, 0, 0, 0, 0, 0, 0, 0, 0, 0, 0, 0] (6.407s)
  Sub: Z₀=24.762532 [LOCAL] (0.4s), α=[0.000,0.000,4.640,0.000,0.000,0.000,0.000,0.000,0.000,0.000,0.000,0.000,0.000,0.000,0.000,0.000,0.000,0.424,0.000,0.000,0.000,0.000,0.000,0.000,0.000,0.000,0.000,0.000,0.000,0.000,0.000,0.000,4.553,0.328,0.000,0.000]
  Iter 527: LB=-13.866464  UB=18.589578  gap=1.75e+00
  Cut: intercept=-1112.653765, π_x_range=[-820.4101, 569.0713]

=== True-DRO Benders iter 528 ===
  OMP: t₀=-13.866383, UB=18.589578, gap=1.75e+00, x=[0, 0, 0, 0, 0, 0, 0, 1, 0, 0, 0, 0, 0, 0, 0, 0, 0, 0, 0, 0, 0, 1, 0, 0, 0, 0, 0, 0, 0, 0, 0, 0, 0, 0, 0, 0] (6.553s)
  Sub: Z₀=24.762532 [LOCAL] (0.4s), α=[0.000,0.000,4.667,0.000,0.000,0.000,0.000,0.000,0.000,0.000,0.000,0.000,0.000,0.000,0.000,0.000,0.000,0.396,0.000,0.000,0.000,0.000,0.000,0.000,0.000,0.000,0.000,0.000,0.000,0.000,0.000,0.000,4.616,0.265,0.000,0.000]
  Iter 528: LB=-13.866383  UB=18.589578  gap=1.75e+00
  Cut: intercept=-1109.243013, π_x_range=[-820.3203, 569.0754]

=== True-DRO Benders iter 529 ===
  OMP: t₀=-13.866458, UB=18.589578, gap=1.75e+00, x=[0, 0, 0, 0, 0, 0, 0, 0, 0, 0, 0, 0, 0, 0, 0, 0, 0, 0, 0, 0, 0, 1, 0, 0, 0, 0, 0, 0, 0, 0, 0, 0, 0, 0, 0, 1] (6.775s)
  Sub: Z₀=24.762532 [LOCAL] (0.4s), α=[0.000,0.000,4.660,0.000,0.000,0.000,0.000,0.000,0.000,0.000,0.000,0.000,0.000,0.000,0.000,0.000,0.000,0.403,0.000,0.000,0.000,0.000,0.000,0.000,0.000,0.000,0.000,0.000,0.000,0.000,0.000,0.000,4.598,0.284,0.000,0.000]
  Iter 529: LB=-13.866458  UB=18.589578  gap=1.75e+00
  Cut: intercept=-1118.854724, π_x_range=[-820.3947, 574.5543]

=== True-DRO Benders iter 530 ===
  OMP: t₀=-13.866452, UB=18.589578, gap=1.75e+00, x=[0, 0, 0, 0, 0, 0, 0, 0, 0, 0, 0, 1, 0, 0, 0, 0, 0, 0, 0, 0, 0, 1, 0, 0, 0, 0, 0, 0, 0, 0, 0, 0, 0, 0, 0, 0] (6.510s)
  Sub: Z₀=25.002081 [TIME_LIMIT] (15.6s), α=[0.000,0.000,4.773,0.000,0.000,0.000,0.000,0.000,0.000,0.000,0.000,0.000,0.000,0.299,0.000,0.000,0.000,0.339,0.000,0.000,0.000,0.000,0.000,0.000,0.000,0.000,0.000,0.000,0.000,0.126,0.194,0.000,3.844,0.369,0.000,0.000]
  Iter 530: LB=-13.866452  UB=18.589578  gap=1.75e+00
  Cut: intercept=-58.692014, π_x_range=[-241.0000, 47.1654]

=== True-DRO Benders iter 531 ===
  OMP: t₀=-13.866445, UB=18.589578, gap=1.75e+00, x=[0, 0, 0, 0, 0, 0, 0, 0, 0, 0, 0, 0, 0, 0, 0, 0, 0, 0, 0, 0, 1, 1, 0, 0, 0, 0, 0, 0, 0, 0, 0, 0, 0, 0, 0, 0] (7.165s)
  Sub: Z₀=25.002081 [LOCAL] (0.4s), α=[0.000,0.000,4.939,0.000,0.000,0.000,0.000,0.000,0.000,0.000,0.000,0.000,0.000,0.386,0.000,0.000,0.000,0.174,0.000,0.000,0.000,0.000,0.000,0.000,0.000,0.000,0.000,0.000,0.000,0.046,0.187,0.000,4.017,0.196,0.000,0.000]
  Iter 531: LB=-13.866445  UB=18.589578  gap=1.75e+00
  Cut: intercept=-1098.839456, π_x_range=[-821.7807, 570.4669]

=== True-DRO Benders iter 532 ===
  OMP: t₀=-13.811114, UB=18.589578, gap=1.74e+00, x=[0, 1, 0, 0, 0, 0, 0, 0, 0, 0, 0, 0, 0, 0, 0, 0, 0, 0, 0, 0, 0, 0, 0, 0, 0, 0, 0, 0, 0, 0, 0, 0, 0, 0, 0, 1] (7.724s)
  Sub: Z₀=26.225112 [LOCAL] (0.3s), α=[0.000,0.000,5.422,0.000,0.000,0.000,0.000,0.000,0.000,0.000,0.000,0.000,0.000,0.000,0.000,0.000,0.000,0.000,0.000,0.000,0.000,0.000,0.000,0.000,0.000,0.000,0.000,0.000,0.000,0.000,0.000,0.000,0.417,4.105,0.000,0.000]
  Iter 532: LB=-13.811114  UB=18.589578  gap=1.74e+00
  Cut: intercept=-1123.084957, π_x_range=[-822.0577, 578.2771]

=== True-DRO Benders iter 533 ===
  OMP: t₀=-13.585735, UB=18.589578, gap=1.73e+00, x=[0, 0, 0, 0, 0, 1, 0, 0, 0, 0, 0, 0, 0, 0, 0, 0, 0, 0, 0, 0, 0, 0, 0, 1, 0, 0, 0, 0, 0, 0, 0, 0, 0, 0, 0, 0] (8.190s)
  Sub: Z₀=21.890852 [LOCAL] (0.3s), α=[0.000,0.000,1.722,0.000,0.000,4.935,0.000,0.000,0.000,0.000,0.000,0.000,0.000,1.176,0.000,0.000,0.000,0.280,0.000,0.000,0.000,0.000,0.000,0.000,0.000,0.000,0.000,0.000,0.000,0.128,0.602,0.000,0.357,0.744,0.000,0.000]
  Iter 533: LB=-13.585735  UB=18.589578  gap=1.73e+00
  Cut: intercept=-1111.636853, π_x_range=[-818.5053, 578.4124]

=== True-DRO Benders iter 534 ===
  OMP: t₀=-13.555626, UB=18.589578, gap=1.73e+00, x=[0, 0, 0, 0, 0, 0, 0, 0, 0, 0, 0, 0, 0, 0, 0, 0, 0, 0, 0, 0, 0, 0, 0, 0, 0, 0, 0, 0, 0, 1, 1, 0, 0, 0, 0, 0] (6.655s)
  Sub: Z₀=25.105919 [LOCAL] (0.3s), α=[0.000,0.000,4.469,0.000,0.000,0.000,0.000,0.000,0.000,0.000,0.000,0.000,0.000,0.281,0.000,0.000,0.000,0.000,0.000,0.000,0.000,0.000,0.000,0.000,0.000,0.000,0.000,0.000,0.000,1.172,1.458,0.000,1.510,1.055,0.000,0.000]
  Iter 534: LB=-13.555626  UB=18.589578  gap=1.73e+00
  Cut: intercept=-1160.618017, π_x_range=[-822.5182, 593.4790]

=== True-DRO Benders iter 535 ===
  OMP: t₀=-12.505566, UB=18.589578, gap=1.67e+00, x=[0, 0, 0, 0, 0, 0, 0, 0, 0, 0, 0, 0, 0, 1, 0, 0, 0, 0, 0, 0, 0, 0, 0, 0, 0, 0, 0, 0, 0, 1, 0, 0, 0, 0, 0, 0] (8.635s)
  Sub: Z₀=25.105921 [TIME_LIMIT] (15.7s), α=[0.000,0.000,4.086,0.000,0.000,0.033,0.000,0.000,0.000,0.000,0.000,0.000,0.000,1.618,0.000,0.000,0.000,0.043,0.000,0.000,0.000,0.000,0.000,0.000,0.000,0.000,0.000,0.000,0.000,0.648,0.272,0.000,0.503,2.742,0.000,0.000]
  Iter 535: LB=-12.505566  UB=18.589578  gap=1.67e+00
  Cut: intercept=0.256666, π_x_range=[-247.0064, 19.3655]

=== True-DRO Benders iter 536 ===
  OMP: t₀=-12.487738, UB=18.589578, gap=1.67e+00, x=[0, 0, 0, 1, 0, 0, 0, 0, 0, 0, 0, 0, 0, 0, 0, 0, 0, 0, 0, 0, 0, 0, 0, 0, 0, 0, 0, 0, 0, 0, 0, 0, 0, 0, 0, 1] (8.074s)
  Sub: Z₀=26.225112 [LOCAL] (0.3s), α=[0.000,0.000,5.422,0.000,0.000,0.000,0.000,0.000,0.000,0.000,0.000,0.000,0.000,0.000,0.000,0.000,0.000,0.000,0.000,0.000,0.000,0.000,0.000,0.000,0.000,0.000,0.000,0.000,0.000,0.000,0.000,0.000,0.628,3.894,0.000,0.000]
  Iter 536: LB=-12.487738  UB=18.589578  gap=1.67e+00
  Cut: intercept=-1132.941493, π_x_range=[-823.3915, 580.8976]

=== True-DRO Benders iter 537 ===
  OMP: t₀=-11.845241, UB=18.589578, gap=1.64e+00, x=[0, 0, 0, 0, 0, 1, 0, 0, 0, 0, 0, 0, 0, 0, 0, 0, 1, 0, 0, 0, 0, 0, 0, 0, 0, 0, 0, 0, 0, 0, 0, 0, 0, 0, 0, 0] (7.751s)
  Sub: Z₀=21.890852 [LOCAL] (0.3s), α=[0.000,0.000,1.358,0.000,0.000,4.978,0.000,0.000,0.000,0.000,0.000,0.000,0.000,1.217,0.000,0.000,0.000,0.644,0.000,0.000,0.000,0.000,0.000,0.000,0.000,0.000,0.000,0.000,0.000,0.107,0.539,0.000,0.346,0.755,0.000,0.000]
  Iter 537: LB=-11.845241  UB=18.589578  gap=1.64e+00
  Cut: intercept=-1119.080684, π_x_range=[-818.2307, 585.7243]

=== True-DRO Benders iter 538 ===
  OMP: t₀=-11.394295, UB=18.589578, gap=1.61e+00, x=[0, 0, 0, 0, 0, 0, 0, 0, 0, 0, 0, 1, 0, 0, 0, 0, 0, 0, 0, 0, 0, 0, 0, 0, 0, 0, 0, 0, 0, 0, 0, 0, 0, 0, 0, 1] (6.770s)
  Sub: Z₀=26.225112 [LOCAL] (0.3s), α=[0.000,0.000,5.422,0.000,0.000,0.000,0.000,0.000,0.000,0.000,0.000,0.000,0.000,0.000,0.000,0.000,0.000,0.000,0.000,0.000,0.000,0.000,0.000,0.000,0.000,0.000,0.000,0.000,0.000,0.000,0.000,0.000,0.392,4.130,0.000,0.000]
  Iter 538: LB=-11.394295  UB=18.589578  gap=1.61e+00
  Cut: intercept=-1123.792291, π_x_range=[-823.3601, 578.2577]

=== True-DRO Benders iter 539 ===
  OMP: t₀=-11.394295, UB=18.589578, gap=1.61e+00, x=[0, 0, 0, 0, 0, 0, 0, 0, 0, 0, 0, 0, 0, 0, 0, 0, 0, 0, 0, 0, 0, 0, 0, 0, 0, 1, 0, 0, 0, 0, 0, 0, 0, 0, 0, 1] (6.717s)
  Sub: Z₀=26.111902 [LOCAL] (0.3s), α=[0.000,0.000,5.422,0.000,0.000,0.000,0.000,0.000,0.000,0.000,0.000,0.000,0.000,0.000,0.000,0.000,0.000,0.000,0.000,0.000,0.000,0.000,0.000,0.000,0.000,0.000,0.000,0.000,0.000,0.000,0.000,0.000,0.417,4.105,0.000,0.000]
  Iter 539: LB=-11.394295  UB=18.589578  gap=1.61e+00
  Cut: intercept=-1088.418121, π_x_range=[-823.9227, 578.4375]

=== True-DRO Benders iter 540 ===
  OMP: t₀=-11.212153, UB=18.589578, gap=1.60e+00, x=[0, 1, 0, 0, 0, 0, 0, 0, 1, 0, 0, 0, 0, 0, 0, 0, 0, 0, 0, 0, 0, 0, 0, 0, 0, 0, 0, 0, 0, 0, 0, 0, 0, 0, 0, 0] (6.802s)
  Sub: Z₀=26.148851 [TIME_LIMIT] (15.6s), α=[0.000,0.000,5.549,0.000,0.000,0.000,0.000,0.000,0.000,0.000,0.000,0.000,0.000,0.000,0.000,0.000,0.000,0.000,0.000,0.000,0.000,0.000,0.000,0.000,0.000,0.000,0.000,0.000,0.000,0.000,0.000,0.000,1.608,2.787,0.000,0.000]
  Iter 540: LB=-11.212153  UB=18.589578  gap=1.60e+00
  Cut: intercept=21.054513, π_x_range=[-158.8734, 5.0943]

=== True-DRO Benders iter 541 ===
  OMP: t₀=-8.929622, UB=18.589578, gap=1.48e+00, x=[0, 0, 0, 0, 0, 0, 0, 0, 1, 0, 0, 0, 0, 0, 0, 1, 0, 0, 0, 0, 0, 0, 0, 0, 0, 0, 0, 0, 0, 0, 0, 0, 0, 0, 0, 0] (7.710s)
  Sub: Z₀=26.083145 [LOCAL] (0.3s), α=[0.000,0.000,5.422,0.000,0.000,0.000,0.000,0.000,0.000,0.000,0.000,0.000,0.000,0.000,0.000,0.000,0.000,0.000,0.000,0.000,0.000,0.000,0.000,0.000,0.000,0.000,0.000,0.000,0.000,0.000,0.000,0.000,0.282,4.240,0.000,0.000]
  Iter 541: LB=-8.929622  UB=18.589578  gap=1.48e+00
  Cut: intercept=-1102.122783, π_x_range=[-823.0705, 583.7070]

=== True-DRO Benders iter 542 ===
  OMP: t₀=-8.803444, UB=18.589578, gap=1.47e+00, x=[1, 0, 0, 0, 0, 0, 0, 1, 0, 0, 0, 0, 0, 0, 0, 0, 0, 0, 0, 0, 0, 0, 0, 0, 0, 0, 0, 0, 0, 0, 0, 0, 0, 0, 0, 0] (8.353s)
  Sub: Z₀=26.225112 [LOCAL] (0.3s), α=[0.000,0.000,5.422,0.000,0.000,0.000,0.000,0.000,0.000,0.000,0.000,0.000,0.000,0.000,0.000,0.000,0.000,0.000,0.000,0.000,0.000,0.000,0.000,0.000,0.000,0.000,0.000,0.000,0.000,0.000,0.000,0.000,0.477,4.045,0.000,0.000]
  Iter 542: LB=-8.803444  UB=18.589578  gap=1.47e+00
  Cut: intercept=-1129.971873, π_x_range=[-822.9920, 588.2130]

=== True-DRO Benders iter 543 ===
  OMP: t₀=-8.788182, UB=18.589578, gap=1.47e+00, x=[0, 0, 0, 0, 0, 0, 0, 0, 0, 0, 0, 0, 0, 0, 0, 0, 1, 0, 0, 0, 0, 0, 0, 0, 0, 0, 0, 0, 0, 0, 0, 1, 0, 0, 0, 0] (7.846s)
  Sub: Z₀=26.225112 [LOCAL] (0.3s), α=[0.000,0.000,5.422,0.000,0.000,0.000,0.000,0.000,0.000,0.000,0.000,0.000,0.000,0.000,0.000,0.000,0.000,0.000,0.000,0.000,0.000,0.000,0.000,0.000,0.000,0.000,0.000,0.000,0.000,0.000,0.000,0.000,0.471,4.051,0.000,0.000]
  Iter 543: LB=-8.788182  UB=18.589578  gap=1.47e+00
  Cut: intercept=-1115.554205, π_x_range=[-823.4006, 586.9394]

=== True-DRO Benders iter 544 ===
  OMP: t₀=-8.780917, UB=18.589578, gap=1.47e+00, x=[1, 0, 0, 0, 0, 0, 0, 0, 0, 0, 0, 0, 0, 0, 0, 0, 0, 0, 0, 0, 0, 0, 0, 0, 0, 0, 0, 0, 0, 0, 0, 1, 0, 0, 0, 0] (6.175s)
  Sub: Z₀=26.225112 [LOCAL] (0.3s), α=[0.000,0.000,5.422,0.000,0.000,0.000,0.000,0.000,0.000,0.000,0.000,0.000,0.000,0.000,0.000,0.000,0.000,0.000,0.000,0.000,0.000,0.000,0.000,0.000,0.000,0.000,0.000,0.000,0.000,0.000,0.000,0.000,0.413,4.108,0.000,0.000]
  Iter 544: LB=-8.780917  UB=18.589578  gap=1.47e+00
  Cut: intercept=-1116.754829, π_x_range=[-823.0818, 588.2069]

=== True-DRO Benders iter 545 ===
  OMP: t₀=-8.726709, UB=18.589578, gap=1.47e+00, x=[1, 0, 0, 0, 0, 0, 0, 0, 0, 0, 0, 0, 0, 1, 0, 0, 0, 0, 0, 0, 0, 0, 0, 0, 0, 0, 0, 0, 0, 0, 0, 0, 0, 0, 0, 0] (7.615s)
  Sub: Z₀=25.732638 [TIME_LIMIT] (15.6s), α=[0.000,0.000,4.513,0.000,0.000,0.000,0.000,0.000,0.000,0.000,0.000,0.000,0.000,0.000,0.000,0.000,0.000,0.909,0.000,0.000,0.000,0.000,0.000,0.000,0.000,0.000,0.000,0.000,0.000,0.000,0.000,0.000,0.000,4.522,0.000,0.000]
  Iter 545: LB=-8.726709  UB=18.589578  gap=1.47e+00
  Cut: intercept=18.102126, π_x_range=[-172.3050, 7.6305]

=== True-DRO Benders iter 546 ===
  OMP: t₀=-8.668592, UB=18.589578, gap=1.47e+00, x=[0, 0, 0, 0, 0, 0, 0, 0, 0, 0, 0, 0, 0, 0, 0, 0, 0, 0, 0, 0, 0, 0, 0, 0, 0, 1, 0, 0, 0, 1, 0, 0, 0, 0, 0, 0] (8.175s)
  Sub: Z₀=25.036501 [LOCAL] (0.5s), α=[0.000,0.000,4.129,0.000,0.000,0.041,0.000,0.000,0.000,0.000,0.000,0.000,0.000,0.566,0.000,0.000,0.000,0.000,0.000,0.000,0.000,0.000,0.000,0.000,0.000,0.000,0.000,0.000,0.000,1.262,0.702,0.000,0.546,2.698,0.000,0.000]
  Iter 546: LB=-8.668592  UB=18.589578  gap=1.47e+00
  Cut: intercept=-1097.023706, π_x_range=[-822.5678, 590.6008]

=== True-DRO Benders iter 547 ===
  OMP: t₀=-8.668592, UB=18.589578, gap=1.47e+00, x=[0, 0, 0, 0, 0, 0, 0, 0, 0, 0, 0, 1, 0, 0, 0, 0, 0, 0, 0, 0, 0, 0, 0, 0, 0, 0, 0, 0, 0, 1, 0, 0, 0, 0, 0, 0] (6.630s)
  Sub: Z₀=25.105919 [LOCAL] (0.5s), α=[0.000,0.000,4.134,0.000,0.000,0.044,0.000,0.000,0.000,0.000,0.000,0.000,0.000,0.588,0.000,0.000,0.000,0.000,0.000,0.000,0.000,0.000,0.000,0.000,0.000,0.000,0.000,0.000,0.000,1.241,0.701,0.000,0.496,2.740,0.000,0.000]
  Iter 547: LB=-8.668592  UB=18.589578  gap=1.47e+00
  Cut: intercept=-1134.444235, π_x_range=[-822.1067, 589.8967]

=== True-DRO Benders iter 548 ===
  OMP: t₀=-8.051973, UB=18.589578, gap=1.43e+00, x=[1, 0, 0, 0, 0, 0, 0, 0, 0, 0, 0, 0, 0, 0, 0, 0, 0, 0, 0, 0, 0, 0, 0, 0, 0, 0, 0, 0, 0, 0, 0, 0, 0, 0, 0, 1] (6.547s)
  Sub: Z₀=26.225112 [LOCAL] (0.3s), α=[0.000,0.000,5.422,0.000,0.000,0.000,0.000,0.000,0.000,0.000,0.000,0.000,0.000,0.000,0.000,0.000,0.000,0.000,0.000,0.000,0.000,0.000,0.000,0.000,0.000,0.000,0.000,0.000,0.000,0.000,0.000,0.000,0.434,4.088,0.000,0.000]
  Iter 548: LB=-8.051973  UB=18.589578  gap=1.43e+00
  Cut: intercept=-1140.239596, π_x_range=[-823.0431, 588.1930]

=== True-DRO Benders iter 549 ===
  OMP: t₀=-7.930349, UB=18.589578, gap=1.43e+00, x=[0, 0, 0, 0, 0, 1, 0, 0, 0, 0, 0, 0, 0, 1, 0, 0, 0, 0, 0, 0, 0, 0, 0, 0, 0, 0, 0, 0, 0, 0, 0, 0, 0, 0, 0, 0] (6.471s)
  Sub: Z₀=21.159135 [LOCAL] (0.3s), α=[0.000,0.000,1.001,0.000,0.000,4.109,0.000,0.000,0.000,0.000,0.000,0.000,0.000,3.579,0.000,0.000,0.000,0.269,0.000,0.000,0.000,0.000,0.000,0.000,0.000,0.000,0.000,0.000,0.000,0.115,0.502,0.000,0.140,0.230,0.000,0.000]
  Iter 549: LB=-7.930349  UB=18.589578  gap=1.43e+00
  Cut: intercept=-1120.900792, π_x_range=[-818.0600, 586.1702]

=== True-DRO Benders iter 550 ===
  OMP: t₀=-7.506646, UB=18.589578, gap=1.40e+00, x=[0, 0, 0, 0, 0, 0, 0, 0, 0, 0, 0, 0, 0, 0, 0, 0, 0, 0, 0, 0, 0, 0, 0, 0, 0, 0, 0, 0, 0, 0, 0, 0, 0, 0, 1, 1] (6.571s)
  Sub: Z₀=26.234162 [TIME_LIMIT] (15.6s), α=[0.000,0.000,5.549,0.000,0.000,0.000,0.000,0.000,0.000,0.000,0.000,0.000,0.000,0.000,0.000,0.000,0.000,0.000,0.000,0.000,0.000,0.000,0.000,0.000,0.000,0.000,0.000,0.000,0.000,0.000,0.000,0.000,1.608,2.787,0.000,0.000]
  Iter 550: LB=-7.506646  UB=18.589578  gap=1.40e+00
  Cut: intercept=26.234162, π_x_range=[-174.0095, 0.0000]

=== True-DRO Benders iter 551 ===
  OMP: t₀=-7.506646, UB=18.589578, gap=1.40e+00, x=[0, 0, 0, 0, 0, 0, 0, 0, 0, 0, 0, 0, 0, 0, 0, 0, 0, 0, 0, 0, 0, 0, 0, 0, 0, 0, 1, 0, 0, 0, 0, 0, 0, 0, 0, 1] (6.912s)
  Sub: Z₀=26.225112 [LOCAL] (0.3s), α=[0.000,0.000,5.422,0.000,0.000,0.000,0.000,0.000,0.000,0.000,0.000,0.000,0.000,0.000,0.000,0.000,0.000,0.000,0.000,0.000,0.000,0.000,0.000,0.000,0.000,0.000,0.000,0.000,0.000,0.000,0.000,0.000,0.446,4.076,0.000,0.000]
  Iter 551: LB=-7.506646  UB=18.589578  gap=1.40e+00
  Cut: intercept=-1139.608984, π_x_range=[-823.6617, 587.5729]

=== True-DRO Benders iter 552 ===
  OMP: t₀=-7.208926, UB=18.589578, gap=1.39e+00, x=[0, 1, 0, 0, 0, 0, 0, 0, 0, 0, 0, 0, 0, 0, 0, 0, 0, 0, 0, 0, 0, 0, 0, 0, 0, 0, 1, 0, 0, 0, 0, 0, 0, 0, 0, 0] (6.912s)
  Sub: Z₀=26.225112 [LOCAL] (0.3s), α=[0.000,0.000,5.422,0.000,0.000,0.000,0.000,0.000,0.000,0.000,0.000,0.000,0.000,0.000,0.000,0.000,0.000,0.000,0.000,0.000,0.000,0.000,0.000,0.000,0.000,0.000,0.000,0.000,0.000,0.000,0.000,0.000,0.439,4.083,0.000,0.000]
  Iter 552: LB=-7.208926  UB=18.589578  gap=1.39e+00
  Cut: intercept=-1132.339233, π_x_range=[-822.4407, 587.5262]

=== True-DRO Benders iter 553 ===
  OMP: t₀=-7.070937, UB=18.589578, gap=1.38e+00, x=[1, 0, 0, 0, 0, 0, 0, 0, 0, 0, 0, 0, 0, 0, 0, 0, 0, 0, 0, 0, 0, 0, 0, 0, 0, 1, 0, 0, 0, 0, 0, 0, 0, 0, 0, 0] (7.166s)
  Sub: Z₀=26.111902 [LOCAL] (0.3s), α=[0.000,0.000,5.422,0.000,0.000,0.000,0.000,0.000,0.000,0.000,0.000,0.000,0.000,0.000,0.000,0.000,0.000,0.000,0.000,0.000,0.000,0.000,0.000,0.000,0.000,0.000,0.000,0.000,0.000,0.000,0.000,0.000,0.429,4.093,0.000,0.000]
  Iter 553: LB=-7.070937  UB=18.589578  gap=1.38e+00
  Cut: intercept=-1098.266252, π_x_range=[-823.6416, 588.2815]

=== True-DRO Benders iter 554 ===
  OMP: t₀=-7.070937, UB=18.589578, gap=1.38e+00, x=[1, 0, 0, 0, 0, 0, 0, 0, 0, 0, 0, 1, 0, 0, 0, 0, 0, 0, 0, 0, 0, 0, 0, 0, 0, 0, 0, 0, 0, 0, 0, 0, 0, 0, 0, 0] (7.890s)
  Sub: Z₀=26.225112 [LOCAL] (0.3s), α=[0.000,0.000,5.422,0.000,0.000,0.000,0.000,0.000,0.000,0.000,0.000,0.000,0.000,0.000,0.000,0.000,0.000,0.000,0.000,0.000,0.000,0.000,0.000,0.000,0.000,0.000,0.000,0.000,0.000,0.000,0.000,0.000,0.402,4.120,0.000,0.000]
  Iter 554: LB=-7.070937  UB=18.589578  gap=1.38e+00
  Cut: intercept=-1133.726496, π_x_range=[-823.0796, 588.2143]

=== True-DRO Benders iter 555 ===
  OMP: t₀=-6.676392, UB=18.589578, gap=1.36e+00, x=[0, 1, 0, 0, 0, 0, 0, 0, 0, 0, 0, 0, 0, 0, 0, 0, 0, 0, 0, 0, 0, 0, 0, 0, 0, 0, 0, 0, 0, 1, 0, 0, 0, 0, 0, 0] (6.878s)
  Sub: Z₀=24.962945 [TIME_LIMIT] (15.8s), α=[0.000,0.000,5.123,0.000,0.000,0.005,0.000,0.000,0.000,0.000,0.000,0.000,0.000,0.052,0.000,0.000,0.000,0.075,0.000,0.000,0.000,0.000,0.000,0.000,0.000,0.000,0.000,0.000,0.000,0.282,0.094,0.000,1.251,3.063,0.000,0.000]
  Iter 555: LB=-6.676392  UB=18.589578  gap=1.36e+00
  Cut: intercept=-20.080426, π_x_range=[-251.0000, 26.2010]

=== True-DRO Benders iter 556 ===
  OMP: t₀=-6.502245, UB=18.589578, gap=1.35e+00, x=[1, 0, 0, 1, 0, 0, 0, 0, 0, 0, 0, 0, 0, 0, 0, 0, 0, 0, 0, 0, 0, 0, 0, 0, 0, 0, 0, 0, 0, 0, 0, 0, 0, 0, 0, 0] (7.280s)
  Sub: Z₀=26.225112 [LOCAL] (0.3s), α=[0.000,0.000,5.422,0.000,0.000,0.000,0.000,0.000,0.000,0.000,0.000,0.000,0.000,0.000,0.000,0.000,0.000,0.000,0.000,0.000,0.000,0.000,0.000,0.000,0.000,0.000,0.000,0.000,0.000,0.000,0.000,0.000,0.644,3.878,0.000,0.000]
  Iter 556: LB=-6.502245  UB=18.589578  gap=1.35e+00
  Cut: intercept=-1142.902590, π_x_range=[-823.1148, 588.2147]

=== True-DRO Benders iter 557 ===
  OMP: t₀=-5.823266, UB=18.589578, gap=1.31e+00, x=[0, 0, 0, 0, 0, 0, 0, 0, 0, 0, 0, 0, 0, 0, 0, 1, 0, 0, 0, 0, 0, 0, 0, 1, 0, 0, 0, 0, 0, 0, 0, 0, 0, 0, 0, 0] (6.731s)
  Sub: Z₀=26.185738 [LOCAL] (0.3s), α=[0.000,0.000,5.422,0.000,0.000,0.000,0.000,0.000,0.000,0.000,0.000,0.000,0.000,0.000,0.000,0.000,0.000,0.000,0.000,0.000,0.000,0.000,0.000,0.000,0.000,0.000,0.000,0.000,0.000,0.000,0.000,0.000,0.486,4.036,0.000,0.000]
  Iter 557: LB=-5.823266  UB=18.589578  gap=1.31e+00
  Cut: intercept=-1099.701820, π_x_range=[-823.6845, 581.4570]

=== True-DRO Benders iter 558 ===
  OMP: t₀=-5.803846, UB=18.589578, gap=1.31e+00, x=[0, 0, 0, 0, 0, 0, 0, 0, 0, 0, 0, 0, 0, 0, 0, 1, 0, 0, 0, 0, 0, 0, 0, 0, 0, 0, 0, 0, 0, 1, 0, 0, 0, 0, 0, 0] (6.605s)
  Sub: Z₀=25.088162 [LOCAL] (0.6s), α=[0.000,0.000,4.129,0.000,0.000,0.042,0.000,0.000,0.000,0.000,0.000,0.000,0.000,0.537,0.000,0.000,0.000,0.000,0.000,0.000,0.000,0.000,0.000,0.000,0.000,0.000,0.000,0.000,0.000,1.301,0.690,0.000,0.508,2.737,0.000,0.000]
  Iter 558: LB=-5.803846  UB=18.589578  gap=1.31e+00
  Cut: intercept=-1104.530840, π_x_range=[-822.3648, 590.3692]

=== True-DRO Benders iter 559 ===
  OMP: t₀=-5.484814, UB=18.589578, gap=1.30e+00, x=[0, 0, 0, 0, 0, 0, 0, 0, 0, 0, 0, 0, 0, 0, 0, 0, 1, 0, 0, 0, 0, 0, 0, 0, 0, 0, 0, 0, 0, 0, 0, 0, 0, 0, 1, 0] (7.303s)
  Sub: Z₀=26.225112 [LOCAL] (0.3s), α=[0.000,0.000,5.422,0.000,0.000,0.000,0.000,0.000,0.000,0.000,0.000,0.000,0.000,0.000,0.000,0.000,0.000,0.000,0.000,0.000,0.000,0.000,0.000,0.000,0.000,0.000,0.000,0.000,0.000,0.000,0.000,0.000,0.492,4.030,0.000,0.000]
  Iter 559: LB=-5.484814  UB=18.589578  gap=1.30e+00
  Cut: intercept=-1136.441677, π_x_range=[-823.4647, 586.9386]

=== True-DRO Benders iter 560 ===
  OMP: t₀=-5.255936, UB=18.589578, gap=1.28e+00, x=[1, 1, 0, 0, 0, 0, 0, 0, 0, 0, 0, 0, 0, 0, 0, 0, 0, 0, 0, 0, 0, 0, 0, 0, 0, 0, 0, 0, 0, 0, 0, 0, 0, 0, 0, 0] (6.639s)
  Sub: Z₀=26.231729 [TIME_LIMIT] (15.8s), α=[0.000,0.000,5.549,0.000,0.000,0.000,0.000,0.000,0.000,0.000,0.000,0.000,0.000,0.000,0.000,0.000,0.000,0.000,0.000,0.000,0.000,0.000,0.000,0.000,0.000,0.000,0.000,0.000,0.000,0.000,0.000,0.000,1.096,3.300,0.000,0.000]
  Iter 560: LB=-5.255936  UB=18.589578  gap=1.28e+00
  Cut: intercept=26.231729, π_x_range=[-160.7421, 0.0000]

=== True-DRO Benders iter 561 ===
  OMP: t₀=-5.202860, UB=18.589578, gap=1.28e+00, x=[0, 0, 0, 0, 0, 0, 0, 0, 0, 0, 0, 0, 0, 0, 0, 0, 0, 0, 0, 0, 0, 0, 0, 1, 0, 0, 1, 0, 0, 0, 0, 0, 0, 0, 0, 0] (7.273s)
  Sub: Z₀=26.225112 [LOCAL] (0.3s), α=[0.000,0.000,5.422,0.000,0.000,0.000,0.000,0.000,0.000,0.000,0.000,0.000,0.000,0.000,0.000,0.000,0.000,0.000,0.000,0.000,0.000,0.000,0.000,0.000,0.000,0.000,0.000,0.000,0.000,0.000,0.000,0.000,0.529,3.993,0.000,0.000]
  Iter 561: LB=-5.202860  UB=18.589578  gap=1.28e+00
  Cut: intercept=-1142.825958, π_x_range=[-823.6846, 587.5794]

=== True-DRO Benders iter 562 ===
  OMP: t₀=-5.202860, UB=18.589578, gap=1.28e+00, x=[0, 0, 0, 0, 0, 0, 0, 0, 0, 0, 0, 0, 0, 0, 0, 0, 1, 0, 0, 0, 0, 0, 0, 0, 0, 0, 1, 0, 0, 0, 0, 0, 0, 0, 0, 0] (7.085s)
  Sub: Z₀=26.225112 [LOCAL] (0.3s), α=[0.000,0.000,5.422,0.000,0.000,0.000,0.000,0.000,0.000,0.000,0.000,0.000,0.000,0.000,0.000,0.000,0.000,0.000,0.000,0.000,0.000,0.000,0.000,0.000,0.000,0.000,0.000,0.000,0.000,0.000,0.000,0.000,0.514,4.008,0.000,0.000]
  Iter 562: LB=-5.202860  UB=18.589578  gap=1.28e+00
  Cut: intercept=-1148.287482, π_x_range=[-823.7011, 587.5568]

=== True-DRO Benders iter 563 ===
  OMP: t₀=-5.194166, UB=18.589578, gap=1.28e+00, x=[0, 0, 0, 0, 0, 0, 0, 0, 0, 0, 0, 0, 0, 0, 0, 0, 0, 0, 0, 0, 0, 0, 0, 0, 0, 0, 1, 0, 0, 1, 0, 0, 0, 0, 0, 0] (7.429s)
  Sub: Z₀=25.105919 [LOCAL] (0.5s), α=[0.000,0.000,4.134,0.000,0.000,0.041,0.000,0.000,0.000,0.000,0.000,0.000,0.000,0.703,0.000,0.000,0.000,0.000,0.000,0.000,0.000,0.000,0.000,0.000,0.000,0.000,0.000,0.000,0.000,1.184,0.647,0.000,0.661,2.575,0.000,0.000]
  Iter 563: LB=-5.194166  UB=18.589578  gap=1.28e+00
  Cut: intercept=-1150.520097, π_x_range=[-822.3327, 590.1264]

=== True-DRO Benders iter 564 ===
  OMP: t₀=-4.578760, UB=18.589578, gap=1.25e+00, x=[0, 0, 0, 0, 0, 0, 0, 0, 0, 0, 0, 0, 0, 0, 0, 1, 0, 0, 0, 0, 0, 0, 0, 0, 0, 0, 1, 0, 0, 0, 0, 0, 0, 0, 0, 0] (8.657s)
  Sub: Z₀=26.185738 [LOCAL] (0.3s), α=[0.000,0.000,5.422,0.000,0.000,0.000,0.000,0.000,0.000,0.000,0.000,0.000,0.000,0.000,0.000,0.000,0.000,0.000,0.000,0.000,0.000,0.000,0.000,0.000,0.000,0.000,0.000,0.000,0.000,0.000,0.000,0.000,0.428,4.094,0.000,0.000]
  Iter 564: LB=-4.578760  UB=18.589578  gap=1.25e+00
  Cut: intercept=-1105.951335, π_x_range=[-823.9954, 587.6205]

=== True-DRO Benders iter 565 ===
  OMP: t₀=-4.271922, UB=18.589578, gap=1.23e+00, x=[0, 0, 0, 0, 0, 0, 0, 1, 0, 0, 0, 0, 0, 0, 0, 0, 1, 0, 0, 0, 0, 0, 0, 0, 0, 0, 0, 0, 0, 0, 0, 0, 0, 0, 0, 0] (6.969s)
  Sub: Z₀=26.251800 [TIME_LIMIT] (15.9s), α=[0.000,0.000,5.549,0.000,0.000,0.000,0.000,0.000,0.000,0.000,0.000,0.000,0.000,0.000,0.000,0.000,0.000,0.000,0.000,0.000,0.000,0.000,0.000,0.000,0.000,0.000,0.000,0.000,0.000,0.000,0.000,0.000,0.996,3.400,0.000,0.000]
  Iter 565: LB=-4.271922  UB=18.589578  gap=1.23e+00
  Cut: intercept=26.251800, π_x_range=[-148.9620, 0.0000]

=== True-DRO Benders iter 566 ===
  OMP: t₀=-4.230967, UB=18.589578, gap=1.23e+00, x=[0, 0, 0, 1, 0, 0, 0, 1, 0, 0, 0, 0, 0, 0, 0, 0, 0, 0, 0, 0, 0, 0, 0, 0, 0, 0, 0, 0, 0, 0, 0, 0, 0, 0, 0, 0] (7.948s)
  Sub: Z₀=26.225112 [LOCAL] (0.3s), α=[0.000,0.000,5.422,0.000,0.000,0.000,0.000,0.000,0.000,0.000,0.000,0.000,0.000,0.000,0.000,0.000,0.000,0.000,0.000,0.000,0.000,0.000,0.000,0.000,0.000,0.000,0.000,0.000,0.000,0.000,0.000,0.000,0.681,3.841,0.000,0.000]
  Iter 566: LB=-4.230967  UB=18.589578  gap=1.23e+00
  Cut: intercept=-1122.708606, π_x_range=[-823.3307, 580.9132]

=== True-DRO Benders iter 567 ===
  OMP: t₀=-4.230967, UB=18.589578, gap=1.23e+00, x=[0, 0, 0, 0, 0, 0, 0, 1, 0, 0, 0, 0, 0, 0, 0, 0, 0, 0, 0, 1, 0, 0, 0, 0, 0, 0, 0, 0, 0, 0, 0, 0, 0, 0, 0, 0] (7.983s)
  Sub: Z₀=26.225112 [LOCAL] (0.3s), α=[0.000,0.000,5.422,0.000,0.000,0.000,0.000,0.000,0.000,0.000,0.000,0.000,0.000,0.000,0.000,0.000,0.000,0.000,0.000,0.000,0.000,0.000,0.000,0.000,0.000,0.000,0.000,0.000,0.000,0.000,0.000,0.000,0.594,3.928,0.000,0.000]
  Iter 567: LB=-4.230967  UB=18.589578  gap=1.23e+00
  Cut: intercept=-1122.247553, π_x_range=[-823.2641, 580.4622]

=== True-DRO Benders iter 568 ===
  OMP: t₀=-4.225154, UB=18.589578, gap=1.23e+00, x=[0, 0, 0, 0, 0, 0, 0, 0, 1, 0, 0, 0, 0, 1, 0, 0, 0, 0, 0, 0, 0, 0, 0, 0, 0, 0, 0, 0, 0, 0, 0, 0, 0, 0, 0, 0] (7.016s)
  Sub: Z₀=25.732636 [LOCAL] (0.6s), α=[0.000,0.000,4.993,0.000,0.000,0.001,0.000,0.000,0.000,0.000,0.000,0.000,0.000,0.019,0.000,0.000,0.000,0.418,0.000,0.000,0.000,0.000,0.000,0.000,0.000,0.000,0.000,0.000,0.000,0.001,0.001,0.000,0.022,4.489,0.000,0.000]
  Iter 568: LB=-4.225154  UB=18.589578  gap=1.23e+00
  Cut: intercept=-1143.388938, π_x_range=[-823.3999, 588.0691]

=== True-DRO Benders iter 569 ===
  OMP: t₀=-4.175959, UB=18.589578, gap=1.22e+00, x=[0, 0, 0, 0, 0, 0, 0, 0, 0, 0, 0, 0, 0, 1, 0, 0, 0, 0, 0, 0, 0, 0, 0, 0, 0, 0, 1, 0, 0, 0, 0, 0, 0, 0, 0, 0] (6.887s)
  Sub: Z₀=25.732636 [LOCAL] (0.6s), α=[0.000,0.000,4.573,0.000,0.000,0.001,0.000,0.000,0.000,0.000,0.000,0.000,0.000,0.020,0.000,0.000,0.000,0.838,0.000,0.000,0.000,0.000,0.000,0.000,0.000,0.000,0.000,0.000,0.000,0.001,0.001,0.000,0.023,4.488,0.000,0.000]
  Iter 569: LB=-4.175959  UB=18.589578  gap=1.22e+00
  Cut: intercept=-1148.817793, π_x_range=[-824.0334, 588.3026]

=== True-DRO Benders iter 570 ===
  OMP: t₀=-4.107177, UB=18.589578, gap=1.22e+00, x=[0, 0, 0, 0, 0, 0, 0, 1, 0, 0, 0, 0, 0, 0, 0, 0, 0, 0, 0, 0, 0, 0, 0, 1, 0, 0, 0, 0, 0, 0, 0, 0, 0, 0, 0, 0] (6.995s)
  Sub: Z₀=26.231865 [TIME_LIMIT] (15.6s), α=[0.000,0.000,5.549,0.000,0.000,0.000,0.000,0.000,0.000,0.000,0.000,0.000,0.000,0.000,0.000,0.000,0.000,0.000,0.000,0.000,0.000,0.000,0.000,0.000,0.000,0.000,0.000,0.000,0.000,0.000,0.000,0.000,0.000,4.395,0.000,0.000]
  Iter 570: LB=-4.107177  UB=18.589578  gap=1.22e+00
  Cut: intercept=26.231865, π_x_range=[-146.3001, 0.0000]

=== True-DRO Benders iter 571 ===
  OMP: t₀=-3.917502, UB=18.589578, gap=1.21e+00, x=[0, 1, 0, 0, 0, 0, 0, 0, 0, 0, 0, 0, 0, 1, 0, 0, 0, 0, 0, 0, 0, 0, 0, 0, 0, 0, 0, 0, 0, 0, 0, 0, 0, 0, 0, 0] (7.522s)
  Sub: Z₀=25.732636 [LOCAL] (0.8s), α=[0.000,0.000,5.085,0.000,0.000,0.001,0.000,0.000,0.000,0.000,0.000,0.000,0.000,0.019,0.000,0.000,0.000,0.326,0.000,0.000,0.000,0.000,0.000,0.000,0.000,0.000,0.000,0.000,0.000,0.001,0.001,0.000,0.022,4.488,0.000,0.000]
  Iter 571: LB=-3.917502  UB=18.589578  gap=1.21e+00
  Cut: intercept=-1131.453926, π_x_range=[-822.4793, 588.1503]

=== True-DRO Benders iter 572 ===
  OMP: t₀=-3.917502, UB=18.589578, gap=1.21e+00, x=[0, 0, 0, 0, 0, 0, 0, 0, 0, 0, 0, 0, 0, 1, 0, 1, 0, 0, 0, 0, 0, 0, 0, 0, 0, 0, 0, 0, 0, 0, 0, 0, 0, 0, 0, 0] (7.501s)
  Sub: Z₀=25.714209 [LOCAL] (0.5s), α=[0.000,0.000,4.662,0.000,0.000,0.020,0.000,0.000,0.000,0.000,0.000,0.000,0.000,1.162,0.000,0.000,0.000,0.100,0.000,0.000,0.000,0.000,0.000,0.000,0.000,0.000,0.000,0.000,0.000,0.034,0.106,0.000,0.068,3.792,0.000,0.000]
  Iter 572: LB=-3.917502  UB=18.589578  gap=1.21e+00
  Cut: intercept=-1103.315760, π_x_range=[-823.8270, 587.3509]

=== True-DRO Benders iter 573 ===
  OMP: t₀=-3.648580, UB=18.589578, gap=1.20e+00, x=[0, 0, 0, 0, 0, 0, 0, 0, 0, 0, 0, 0, 0, 1, 0, 0, 0, 0, 0, 0, 0, 0, 0, 0, 0, 0, 0, 0, 0, 0, 0, 0, 0, 0, 0, 1] (8.993s)
  Sub: Z₀=25.732636 [LOCAL] (0.7s), α=[0.000,0.000,4.965,0.000,0.000,0.001,0.000,0.000,0.000,0.000,0.000,0.000,0.000,0.019,0.000,0.000,0.000,0.447,0.000,0.000,0.000,0.000,0.000,0.000,0.000,0.000,0.000,0.000,0.000,0.001,0.001,0.000,0.022,4.489,0.000,0.000]
  Iter 573: LB=-3.648580  UB=18.589578  gap=1.20e+00
  Cut: intercept=-1138.500691, π_x_range=[-823.6523, 588.1701]

=== True-DRO Benders iter 574 ===
  OMP: t₀=-3.648580, UB=18.589578, gap=1.20e+00, x=[0, 0, 0, 0, 0, 0, 0, 0, 0, 0, 0, 0, 0, 1, 0, 0, 0, 0, 0, 0, 0, 0, 0, 0, 0, 0, 0, 0, 0, 0, 0, 0, 0, 0, 1, 0] (7.638s)
  Sub: Z₀=25.732636 [LOCAL] (0.3s), α=[0.000,0.000,4.844,0.000,0.000,0.001,0.000,0.000,0.000,0.000,0.000,0.000,0.000,0.019,0.000,0.000,0.000,0.567,0.000,0.000,0.000,0.000,0.000,0.000,0.000,0.000,0.000,0.000,0.000,0.001,0.001,0.000,0.022,4.489,0.000,0.000]
  Iter 574: LB=-3.648580  UB=18.589578  gap=1.20e+00
  Cut: intercept=-1135.983211, π_x_range=[-823.6850, 588.1667]

=== True-DRO Benders iter 575 ===
  OMP: t₀=-3.448336, UB=18.589578, gap=1.19e+00, x=[0, 1, 0, 0, 0, 0, 0, 0, 0, 0, 0, 0, 0, 0, 0, 0, 0, 0, 0, 0, 0, 0, 0, 1, 0, 0, 0, 0, 0, 0, 0, 0, 0, 0, 0, 0] (9.094s)
  Sub: Z₀=26.225114 [TIME_LIMIT] (15.7s), α=[0.000,0.000,5.422,0.000,0.000,0.000,0.000,0.000,0.000,0.000,0.000,0.000,0.000,0.000,0.000,0.000,0.000,0.000,0.000,0.000,0.000,0.000,0.000,0.000,0.000,0.000,0.000,0.000,0.000,0.000,0.000,0.000,0.000,4.522,0.000,0.000]
  Iter 575: LB=-3.448336  UB=18.589578  gap=1.19e+00
  Cut: intercept=26.225114, π_x_range=[-136.9287, 0.0000]

=== True-DRO Benders iter 576 ===
  OMP: t₀=-3.366872, UB=18.589578, gap=1.18e+00, x=[0, 0, 0, 0, 0, 0, 0, 0, 0, 0, 0, 0, 0, 1, 0, 0, 0, 0, 0, 0, 0, 0, 0, 0, 0, 1, 0, 0, 0, 0, 0, 0, 0, 0, 0, 0] (8.135s)
  Sub: Z₀=25.651547 [LOCAL] (0.4s), α=[0.000,0.000,4.705,0.000,0.000,0.018,0.000,0.000,0.000,0.000,0.000,0.000,0.000,1.164,0.000,0.000,0.000,0.056,0.000,0.000,0.000,0.000,0.000,0.000,0.000,0.000,0.000,0.000,0.000,0.031,0.109,0.000,0.062,3.799,0.000,0.000]
  Iter 576: LB=-3.366872  UB=18.589578  gap=1.18e+00
  Cut: intercept=-1095.672263, π_x_range=[-824.0986, 587.2774]

=== True-DRO Benders iter 577 ===
  OMP: t₀=-3.366872, UB=18.589578, gap=1.18e+00, x=[0, 0, 0, 0, 0, 0, 0, 0, 0, 0, 0, 1, 0, 1, 0, 0, 0, 0, 0, 0, 0, 0, 0, 0, 0, 0, 0, 0, 0, 0, 0, 0, 0, 0, 0, 0] (8.031s)
  Sub: Z₀=25.732636 [LOCAL] (0.7s), α=[0.000,0.000,4.937,0.000,0.000,0.001,0.000,0.000,0.000,0.000,0.000,0.000,0.000,0.019,0.000,0.000,0.000,0.475,0.000,0.000,0.000,0.000,0.000,0.000,0.000,0.000,0.000,0.000,0.000,0.001,0.001,0.000,0.022,4.489,0.000,0.000]
  Iter 577: LB=-3.366872  UB=18.589578  gap=1.18e+00
  Cut: intercept=-1131.378890, π_x_range=[-823.6606, 588.1797]

=== True-DRO Benders iter 578 ===
  OMP: t₀=-2.342605, UB=18.589578, gap=1.13e+00, x=[0, 0, 0, 0, 0, 0, 0, 0, 0, 0, 0, 0, 0, 1, 0, 0, 0, 0, 0, 0, 0, 0, 0, 1, 0, 0, 0, 0, 0, 0, 0, 0, 0, 0, 0, 0] (7.152s)
  Sub: Z₀=25.732636 [LOCAL] (0.7s), α=[0.000,0.000,4.952,0.000,0.000,0.001,0.000,0.000,0.000,0.000,0.000,0.000,0.000,0.019,0.000,0.000,0.000,0.460,0.000,0.000,0.000,0.000,0.000,0.000,0.000,0.000,0.000,0.000,0.000,0.001,0.001,0.000,0.023,4.488,0.000,0.000]
  Iter 578: LB=-2.342605  UB=18.589578  gap=1.13e+00
  Cut: intercept=-1140.781534, π_x_range=[-823.6772, 588.1529]

=== True-DRO Benders iter 579 ===
  OMP: t₀=-2.316222, UB=18.589578, gap=1.12e+00, x=[0, 0, 0, 0, 0, 0, 0, 0, 0, 0, 0, 0, 0, 0, 0, 0, 0, 0, 0, 0, 0, 0, 0, 0, 0, 1, 1, 0, 0, 0, 0, 0, 0, 0, 0, 0] (7.072s)
  Sub: Z₀=26.111902 [LOCAL] (0.3s), α=[0.000,0.000,5.422,0.000,0.000,0.000,0.000,0.000,0.000,0.000,0.000,0.000,0.000,0.000,0.000,0.000,0.000,0.000,0.000,0.000,0.000,0.000,0.000,0.000,0.000,0.000,0.000,0.000,0.000,0.000,0.000,0.000,0.441,4.081,0.000,0.000]
  Iter 579: LB=-2.316222  UB=18.589578  gap=1.12e+00
  Cut: intercept=-1097.765726, π_x_range=[-824.2608, 587.7032]

=== True-DRO Benders iter 580 ===
  OMP: t₀=-2.316222, UB=18.589578, gap=1.12e+00, x=[0, 0, 0, 0, 0, 0, 0, 0, 0, 0, 0, 1, 0, 0, 0, 0, 0, 0, 0, 0, 0, 0, 0, 0, 0, 0, 1, 0, 0, 0, 0, 0, 0, 0, 0, 0] (7.187s)
  Sub: Z₀=26.246200 [TIME_LIMIT] (15.7s), α=[0.000,0.000,5.549,0.000,0.000,0.000,0.000,0.000,0.000,0.000,0.000,0.000,0.000,0.000,0.000,0.000,0.000,0.000,0.000,0.000,0.000,0.000,0.000,0.000,0.000,0.000,0.000,0.000,0.000,0.000,0.000,0.000,0.000,4.395,0.000,0.000]
  Iter 580: LB=-2.316222  UB=18.589578  gap=1.12e+00
  Cut: intercept=26.246200, π_x_range=[-168.2554, 0.0000]

=== True-DRO Benders iter 581 ===
  OMP: t₀=-1.252718, UB=18.589578, gap=1.07e+00, x=[0, 0, 0, 0, 0, 0, 0, 0, 0, 0, 0, 0, 0, 0, 0, 0, 1, 0, 0, 0, 0, 0, 0, 0, 0, 1, 0, 0, 0, 0, 0, 0, 0, 0, 0, 0] (8.293s)
  Sub: Z₀=26.111902 [LOCAL] (0.3s), α=[0.000,0.000,5.422,0.000,0.000,0.000,0.000,0.000,0.000,0.000,0.000,0.000,0.000,0.000,0.000,0.000,0.000,0.000,0.000,0.000,0.000,0.000,0.000,0.000,0.000,0.000,0.000,0.000,0.000,0.000,0.000,0.000,0.487,4.035,0.000,0.000]
  Iter 581: LB=-1.252718  UB=18.589578  gap=1.07e+00
  Cut: intercept=-1096.912477, π_x_range=[-823.9618, 586.9792]

=== True-DRO Benders iter 582 ===
  OMP: t₀=-1.220050, UB=18.589578, gap=1.07e+00, x=[0, 0, 0, 1, 0, 0, 0, 0, 0, 0, 0, 0, 0, 0, 0, 0, 1, 0, 0, 0, 0, 0, 0, 0, 0, 0, 0, 0, 0, 0, 0, 0, 0, 0, 0, 0] (7.489s)
  Sub: Z₀=26.225112 [LOCAL] (0.3s), α=[0.000,0.000,5.422,0.000,0.000,0.000,0.000,0.000,0.000,0.000,0.000,0.000,0.000,0.000,0.000,0.000,0.000,0.000,0.000,0.000,0.000,0.000,0.000,0.000,0.000,0.000,0.000,0.000,0.000,0.000,0.000,0.000,0.698,3.824,0.000,0.000]
  Iter 582: LB=-1.220050  UB=18.589578  gap=1.07e+00
  Cut: intercept=-1141.632410, π_x_range=[-823.4304, 586.9365]

=== True-DRO Benders iter 583 ===
  OMP: t₀=-1.039636, UB=18.589578, gap=1.06e+00, x=[0, 0, 0, 0, 0, 0, 0, 1, 0, 0, 0, 0, 0, 0, 0, 0, 0, 0, 0, 0, 0, 0, 0, 0, 0, 0, 1, 0, 0, 0, 0, 0, 0, 0, 0, 0] (8.391s)
  Sub: Z₀=26.225112 [LOCAL] (0.3s), α=[0.000,0.000,5.422,0.000,0.000,0.000,0.000,0.000,0.000,0.000,0.000,0.000,0.000,0.000,0.000,0.000,0.000,0.000,0.000,0.000,0.000,0.000,0.000,0.000,0.000,0.000,0.000,0.000,0.000,0.000,0.000,0.000,0.489,4.033,0.000,0.000]
  Iter 583: LB=-1.039636  UB=18.589578  gap=1.06e+00
  Cut: intercept=-1129.130143, π_x_range=[-823.5925, 587.4396]

=== True-DRO Benders iter 584 ===
  OMP: t₀=-0.891025, UB=18.589578, gap=1.05e+00, x=[0, 0, 0, 0, 0, 0, 0, 0, 0, 0, 0, 0, 0, 0, 0, 0, 0, 0, 0, 0, 0, 0, 0, 1, 0, 0, 0, 0, 0, 0, 0, 0, 0, 0, 0, 1] (8.257s)
  Sub: Z₀=26.225112 [LOCAL] (0.3s), α=[0.000,0.000,5.422,0.000,0.000,0.000,0.000,0.000,0.000,0.000,0.000,0.000,0.000,0.000,0.000,0.000,0.000,0.000,0.000,0.000,0.000,0.000,0.000,0.000,0.000,0.000,0.000,0.000,0.000,0.000,0.000,0.000,0.504,4.018,0.000,0.000]
  Iter 584: LB=-0.891025  UB=18.589578  gap=1.05e+00
  Cut: intercept=-1133.560356, π_x_range=[-823.3489, 581.5030]

=== True-DRO Benders iter 585 ===
  OMP: t₀=-0.751199, UB=18.589578, gap=1.04e+00, x=[0, 0, 0, 0, 0, 0, 0, 0, 0, 0, 0, 0, 0, 0, 0, 1, 1, 0, 0, 0, 0, 0, 0, 0, 0, 0, 0, 0, 0, 0, 0, 0, 0, 0, 0, 0] (7.701s)
  Sub: Z₀=26.225112 [TIME_LIMIT] (15.6s), α=[0.000,0.000,5.422,0.000,0.000,0.000,0.000,0.000,0.000,0.000,0.000,0.000,0.000,0.000,0.000,0.000,0.000,0.000,0.000,0.000,0.000,0.000,0.000,0.000,0.000,0.000,0.000,0.000,0.000,0.000,0.000,0.000,0.640,3.882,0.000,0.000]
  Iter 585: LB=-0.751199  UB=18.589578  gap=1.04e+00
  Cut: intercept=-69.923094, π_x_range=[-259.0000, 78.1764]

=== True-DRO Benders iter 586 ===
  OMP: t₀=-0.356349, UB=18.589578, gap=1.02e+00, x=[0, 0, 0, 1, 0, 0, 0, 0, 0, 0, 0, 0, 0, 1, 0, 0, 0, 0, 0, 0, 0, 0, 0, 0, 0, 0, 0, 0, 0, 0, 0, 0, 0, 0, 0, 0] (7.386s)
  Sub: Z₀=25.732636 [LOCAL] (0.8s), α=[0.000,0.000,4.941,0.000,0.000,0.001,0.000,0.000,0.000,0.000,0.000,0.000,0.000,0.019,0.000,0.000,0.000,0.470,0.000,0.000,0.000,0.000,0.000,0.000,0.000,0.000,0.000,0.000,0.000,0.001,0.001,0.000,0.027,4.484,0.000,0.000]
  Iter 586: LB=-0.356349  UB=18.589578  gap=1.02e+00
  Cut: intercept=-1141.413795, π_x_range=[-823.6738, 588.0897]

=== True-DRO Benders iter 587 ===
  OMP: t₀=0.066866, UB=18.589578, gap=9.96e-01, x=[0, 0, 0, 0, 0, 1, 0, 0, 0, 0, 0, 0, 0, 0, 0, 0, 0, 0, 0, 0, 0, 0, 0, 0, 0, 0, 1, 0, 0, 0, 0, 0, 0, 0, 0, 0] (6.161s)
  Sub: Z₀=21.890852 [LOCAL] (0.3s), α=[0.000,0.000,1.710,0.000,0.000,4.690,0.000,0.000,0.000,0.000,0.000,0.000,0.000,1.432,0.000,0.000,0.000,0.292,0.000,0.000,0.000,0.000,0.000,0.000,0.000,0.000,0.000,0.000,0.000,0.126,0.594,0.000,0.359,0.742,0.000,0.000]
  Iter 587: LB=0.066866  UB=18.589578  gap=9.96e-01
  Cut: intercept=-1118.441178, π_x_range=[-818.6640, 585.3880]

=== True-DRO Benders iter 588 ===
  OMP: t₀=0.485041, UB=18.589578, gap=9.74e-01, x=[0, 0, 0, 0, 0, 0, 0, 0, 0, 0, 0, 0, 0, 0, 0, 0, 0, 0, 0, 0, 0, 0, 0, 1, 0, 1, 0, 0, 0, 0, 0, 0, 0, 0, 0, 0] (6.633s)
  Sub: Z₀=26.111902 [LOCAL] (0.3s), α=[0.000,0.000,5.422,0.000,0.000,0.000,0.000,0.000,0.000,0.000,0.000,0.000,0.000,0.000,0.000,0.000,0.000,0.000,0.000,0.000,0.000,0.000,0.000,0.000,0.000,0.000,0.000,0.000,0.000,0.000,0.000,0.000,0.503,4.019,0.000,0.000]
  Iter 588: LB=0.485041  UB=18.589578  gap=9.74e-01
  Cut: intercept=-1091.279782, π_x_range=[-823.9482, 581.4103]

=== True-DRO Benders iter 589 ===
  OMP: t₀=0.485041, UB=18.589578, gap=9.74e-01, x=[0, 0, 0, 0, 0, 0, 0, 0, 0, 0, 0, 1, 0, 0, 0, 0, 0, 0, 0, 0, 0, 0, 0, 1, 0, 0, 0, 0, 0, 0, 0, 0, 0, 0, 0, 0] (6.581s)
  Sub: Z₀=26.225112 [LOCAL] (0.3s), α=[0.000,0.000,5.422,0.000,0.000,0.000,0.000,0.000,0.000,0.000,0.000,0.000,0.000,0.000,0.000,0.000,0.000,0.000,0.000,0.000,0.000,0.000,0.000,0.000,0.000,0.000,0.000,0.000,0.000,0.000,0.000,0.000,0.471,4.051,0.000,0.000]
  Iter 589: LB=0.485041  UB=18.589578  gap=9.74e-01
  Cut: intercept=-1126.964022, π_x_range=[-823.3851, 581.4667]

=== True-DRO Benders iter 590 ===
  OMP: t₀=1.290355, UB=18.589578, gap=9.31e-01, x=[1, 0, 0, 0, 0, 0, 0, 0, 0, 0, 0, 0, 0, 0, 0, 0, 0, 0, 0, 0, 0, 0, 0, 0, 0, 0, 0, 0, 0, 0, 0, 0, 0, 0, 1, 0] (6.366s)
  Sub: Z₀=26.254253 [TIME_LIMIT] (16.0s), α=[0.000,0.000,5.549,0.000,0.000,0.000,0.000,0.000,0.000,0.000,0.000,0.000,0.000,0.000,0.000,0.000,0.000,0.000,0.000,0.000,0.000,0.000,0.000,0.000,0.000,0.000,0.000,0.000,0.000,0.000,0.000,0.000,0.000,4.395,0.000,0.000]
  Iter 590: LB=1.290355  UB=18.589578  gap=9.31e-01
  Cut: intercept=26.254253, π_x_range=[-169.3369, 0.0000]

=== True-DRO Benders iter 591 ===
  OMP: t₀=1.463953, UB=18.589578, gap=9.21e-01, x=[1, 0, 0, 0, 0, 0, 0, 0, 0, 0, 0, 0, 0, 0, 0, 0, 0, 0, 0, 0, 0, 0, 0, 0, 0, 0, 1, 0, 0, 0, 0, 0, 0, 0, 0, 0] (7.969s)
  Sub: Z₀=26.225112 [LOCAL] (0.3s), α=[0.000,0.000,5.422,0.000,0.000,0.000,0.000,0.000,0.000,0.000,0.000,0.000,0.000,0.000,0.000,0.000,0.000,0.000,0.000,0.000,0.000,0.000,0.000,0.000,0.000,0.000,0.000,0.000,0.000,0.000,0.000,0.000,0.458,4.064,0.000,0.000]
  Iter 591: LB=1.463953  UB=18.589578  gap=9.21e-01
  Cut: intercept=-1149.730467, π_x_range=[-823.4190, 588.2095]

=== True-DRO Benders iter 592 ===
  OMP: t₀=1.753243, UB=18.589578, gap=9.06e-01, x=[0, 0, 0, 0, 0, 0, 0, 0, 0, 0, 0, 0, 0, 1, 0, 0, 1, 0, 0, 0, 0, 0, 0, 0, 0, 0, 0, 0, 0, 0, 0, 0, 0, 0, 0, 0] (7.819s)
  Sub: Z₀=25.732636 [LOCAL] (0.5s), α=[0.000,0.000,4.628,0.000,0.000,0.001,0.000,0.000,0.000,0.000,0.000,0.000,0.000,0.019,0.000,0.000,0.000,0.784,0.000,0.000,0.000,0.000,0.000,0.000,0.000,0.000,0.000,0.000,0.000,0.001,0.001,0.000,0.023,4.488,0.000,0.000]
  Iter 592: LB=1.753243  UB=18.589578  gap=9.06e-01
  Cut: intercept=-1148.350027, π_x_range=[-823.4317, 588.1783]

=== True-DRO Benders iter 593 ===
  OMP: t₀=1.927864, UB=18.589578, gap=8.96e-01, x=[0, 0, 0, 0, 0, 0, 0, 0, 0, 0, 0, 0, 0, 0, 0, 0, 0, 0, 0, 1, 0, 0, 0, 0, 0, 0, 0, 0, 0, 0, 0, 0, 0, 0, 0, 1] (7.999s)
  Sub: Z₀=26.225112 [LOCAL] (0.3s), α=[0.000,0.000,5.422,0.000,0.000,0.000,0.000,0.000,0.000,0.000,0.000,0.000,0.000,0.000,0.000,0.000,0.000,0.000,0.000,0.000,0.000,0.000,0.000,0.000,0.000,0.000,0.000,0.000,0.000,0.000,0.000,0.000,0.545,3.977,0.000,0.000]
  Iter 593: LB=1.927864  UB=18.589578  gap=8.96e-01
  Cut: intercept=-1132.501300, π_x_range=[-823.3197, 580.4638]

=== True-DRO Benders iter 594 ===
  OMP: t₀=1.927864, UB=18.589578, gap=8.96e-01, x=[0, 0, 0, 0, 0, 0, 0, 0, 0, 0, 0, 0, 0, 0, 0, 1, 0, 0, 0, 0, 0, 0, 0, 0, 0, 0, 0, 0, 0, 0, 0, 0, 0, 0, 0, 1] (6.805s)
  Sub: Z₀=26.185738 [LOCAL] (0.3s), α=[0.000,0.000,5.422,0.000,0.000,0.000,0.000,0.000,0.000,0.000,0.000,0.000,0.000,0.000,0.000,0.000,0.000,0.000,0.000,0.000,0.000,0.000,0.000,0.000,0.000,0.000,0.000,0.000,0.000,0.000,0.000,0.000,0.406,4.116,0.000,0.000]
  Iter 594: LB=1.927864  UB=18.589578  gap=8.96e-01
  Cut: intercept=-1096.725225, π_x_range=[-823.6582, 578.3974]

=== True-DRO Benders iter 595 ===
  OMP: t₀=1.936602, UB=18.589578, gap=8.96e-01, x=[0, 0, 0, 0, 0, 0, 0, 0, 0, 0, 0, 1, 0, 0, 0, 0, 1, 0, 0, 0, 0, 0, 0, 0, 0, 0, 0, 0, 0, 0, 0, 0, 0, 0, 0, 0] (8.081s)
  Sub: Z₀=26.252119 [TIME_LIMIT] (15.8s), α=[0.000,0.000,5.549,0.000,0.000,0.000,0.000,0.000,0.000,0.000,0.000,0.000,0.000,0.000,0.000,0.000,0.000,0.000,0.000,0.000,0.000,0.000,0.000,0.000,0.000,0.000,0.000,0.000,0.000,0.000,0.000,0.000,0.748,3.648,0.000,0.000]
  Iter 595: LB=1.936602  UB=18.589578  gap=8.96e-01
  Cut: intercept=26.252119, π_x_range=[-156.7287, 0.0000]

=== True-DRO Benders iter 596 ===
  OMP: t₀=2.690869, UB=18.589578, gap=8.55e-01, x=[0, 0, 0, 0, 0, 0, 0, 0, 0, 0, 1, 0, 0, 0, 0, 0, 0, 0, 0, 0, 0, 0, 0, 0, 0, 0, 0, 0, 0, 0, 0, 0, 0, 0, 0, 0] (7.132s)
  Sub: Z₀=26.225112 [LOCAL] (0.3s), α=[0.000,0.000,5.422,0.000,0.000,0.000,0.000,0.000,0.000,0.000,0.000,0.000,0.000,0.000,0.000,0.000,0.000,0.000,0.000,0.000,0.000,0.000,0.000,0.000,0.000,0.000,0.000,0.000,0.000,0.000,0.000,0.000,0.443,4.079,0.000,0.000]
  Iter 596: LB=2.690869  UB=18.589578  gap=8.55e-01
  Cut: intercept=-544.651860, π_x_range=[-823.3471, 570.8770]

=== True-DRO Benders iter 597 ===
  OMP: t₀=3.234620, UB=18.589578, gap=8.26e-01, x=[0, 0, 0, 0, 0, 0, 0, 0, 0, 0, 0, 0, 0, 0, 0, 0, 0, 0, 0, 0, 0, 0, 0, 0, 0, 0, 0, 0, 0, 0, 0, 0, 1, 0, 0, 0] (7.242s)
  Sub: Z₀=21.749224 [LOCAL] (0.3s), α=[0.000,0.000,2.193,0.000,0.000,0.000,0.000,0.000,0.000,0.000,0.000,0.000,0.000,0.000,0.000,0.000,0.000,0.000,0.000,0.000,0.000,0.000,0.000,0.000,0.000,0.000,0.000,0.000,0.000,0.000,0.000,0.000,5.276,2.476,0.000,0.000]
  Iter 597: LB=3.234620  UB=18.589578  gap=8.26e-01
  Cut: intercept=-568.522959, π_x_range=[-826.0173, 590.2722]

=== True-DRO Benders iter 598 ===
  OMP: t₀=3.671017, UB=18.589578, gap=8.03e-01, x=[0, 0, 0, 0, 0, 0, 0, 0, 0, 0, 0, 0, 0, 0, 0, 0, 0, 0, 0, 0, 0, 1, 0, 0, 0, 0, 0, 0, 0, 0, 0, 0, 0, 0, 0, 0] (7.121s)
  Sub: Z₀=24.762532 [LOCAL] (0.4s), α=[0.000,0.000,4.652,0.000,0.000,0.000,0.000,0.000,0.000,0.000,0.000,0.000,0.000,0.000,0.000,0.000,0.000,0.411,0.000,0.000,0.000,0.000,0.000,0.000,0.000,0.000,0.000,0.000,0.000,0.000,0.000,0.000,4.596,0.285,0.000,0.000]
  Iter 598: LB=3.671017  UB=18.589578  gap=8.03e-01
  Cut: intercept=-544.312281, π_x_range=[-820.4213, 569.0748]

=== True-DRO Benders iter 599 ===
  OMP: t₀=3.854124, UB=18.589578, gap=7.93e-01, x=[0, 0, 0, 0, 0, 0, 0, 0, 0, 0, 0, 0, 0, 0, 0, 0, 0, 0, 0, 0, 0, 0, 0, 0, 1, 0, 0, 0, 0, 0, 0, 0, 0, 0, 0, 0] (6.159s)
  Sub: Z₀=24.146742 [LOCAL] (0.4s), α=[0.000,0.000,0.502,0.000,0.000,0.000,0.036,0.000,0.000,0.047,0.000,0.000,0.000,0.000,0.000,0.000,0.000,4.696,0.000,0.000,0.000,0.000,0.000,0.000,1.663,0.000,0.000,0.486,0.000,0.000,0.000,0.000,0.377,2.137,0.000,0.000]
  Iter 599: LB=3.854124  UB=18.589578  gap=7.93e-01
  Cut: intercept=-522.915690, π_x_range=[-823.0049, 547.0624]

=== True-DRO Benders iter 600 ===
  OMP: t₀=4.401532, UB=18.589578, gap=7.63e-01, x=[0, 0, 0, 0, 0, 0, 0, 0, 0, 0, 0, 0, 0, 0, 0, 0, 0, 0, 0, 0, 1, 0, 0, 0, 0, 0, 0, 0, 0, 0, 0, 0, 0, 0, 0, 0] (6.778s)
  Sub: Z₀=26.225114 [TIME_LIMIT] (15.6s), α=[0.000,0.000,5.422,0.000,0.000,0.000,0.000,0.000,0.000,0.000,0.000,0.000,0.000,0.000,0.000,0.000,0.000,0.000,0.000,0.000,0.000,0.000,0.000,0.000,0.000,0.000,0.000,0.000,0.000,0.000,0.000,0.000,0.000,4.522,0.000,0.000]
  Iter 600: LB=4.401532  UB=18.589578  gap=7.63e-01
  Cut: intercept=26.225114, π_x_range=[-174.9604, 0.0000]

=== True-DRO Benders iter 601 ===
  OMP: t₀=4.887710, UB=18.589578, gap=7.37e-01, x=[1, 0, 0, 0, 0, 0, 0, 0, 0, 0, 0, 0, 0, 0, 0, 0, 0, 0, 0, 1, 0, 0, 0, 0, 0, 0, 0, 0, 0, 0, 0, 0, 0, 0, 0, 0] (7.905s)
  Sub: Z₀=26.225112 [LOCAL] (0.3s), α=[0.000,0.000,5.422,0.000,0.000,0.000,0.000,0.000,0.000,0.000,0.000,0.000,0.000,0.000,0.000,0.000,0.000,0.000,0.000,0.000,0.000,0.000,0.000,0.000,0.000,0.000,0.000,0.000,0.000,0.000,0.000,0.000,0.560,3.962,0.000,0.000]
  Iter 601: LB=4.887710  UB=18.589578  gap=7.37e-01
  Cut: intercept=-1142.429678, π_x_range=[-823.0425, 588.2082]

=== True-DRO Benders iter 602 ===
  OMP: t₀=4.887710, UB=18.589578, gap=7.37e-01, x=[1, 0, 0, 0, 0, 0, 0, 0, 0, 0, 0, 0, 0, 0, 0, 1, 0, 0, 0, 0, 0, 0, 0, 0, 0, 0, 0, 0, 0, 0, 0, 0, 0, 0, 0, 0] (9.044s)
  Sub: Z₀=26.185738 [LOCAL] (0.3s), α=[0.000,0.000,5.422,0.000,0.000,0.000,0.000,0.000,0.000,0.000,0.000,0.000,0.000,0.000,0.000,0.000,0.000,0.000,0.000,0.000,0.000,0.000,0.000,0.000,0.000,0.000,0.000,0.000,0.000,0.000,0.000,0.000,0.417,4.105,0.000,0.000]
  Iter 602: LB=4.887710  UB=18.589578  gap=7.37e-01
  Cut: intercept=-1106.584992, π_x_range=[-823.3789, 588.2640]

=== True-DRO Benders iter 603 ===
  OMP: t₀=5.185185, UB=18.589578, gap=7.21e-01, x=[0, 0, 0, 0, 0, 0, 0, 0, 0, 0, 0, 0, 0, 0, 0, 0, 0, 0, 0, 0, 0, 0, 0, 0, 0, 0, 0, 0, 0, 0, 0, 0, 0, 1, 0, 0] (8.500s)
  Sub: Z₀=22.672551 [LOCAL] (0.3s), α=[0.000,0.000,1.696,0.000,0.000,0.000,0.000,0.000,0.000,0.000,0.000,0.000,0.000,0.000,0.000,0.000,0.000,0.000,0.000,0.000,0.000,0.000,0.000,0.000,0.000,0.000,0.000,0.000,0.000,0.000,0.000,0.000,0.012,8.237,0.000,0.000]
  Iter 603: LB=5.185185  UB=18.589578  gap=7.21e-01
  Cut: intercept=-557.861738, π_x_range=[-824.3006, 580.5343]

=== True-DRO Benders iter 604 ===
  OMP: t₀=5.421140, UB=18.589578, gap=7.08e-01, x=[0, 0, 0, 0, 0, 0, 0, 0, 0, 0, 0, 0, 0, 0, 0, 0, 0, 0, 0, 0, 0, 0, 0, 0, 0, 0, 0, 0, 1, 0, 0, 0, 0, 0, 0, 0] (7.864s)
  Sub: Z₀=26.724953 [LOCAL] (0.3s), α=[0.000,0.000,6.416,0.000,0.000,0.000,0.000,0.000,0.000,0.000,0.000,0.000,0.000,0.000,0.000,0.000,0.000,0.000,0.000,0.000,0.000,0.000,0.000,0.000,0.000,0.000,0.000,0.000,0.000,0.000,0.000,0.000,0.138,3.391,0.000,0.000]
  Iter 604: LB=5.421140  UB=18.589578  gap=7.08e-01
  Cut: intercept=-540.031776, π_x_range=[-825.6966, 566.7567]

=== True-DRO Benders iter 605 ===
  OMP: t₀=5.465929, UB=18.589578, gap=7.06e-01, x=[0, 0, 0, 0, 0, 0, 0, 0, 0, 0, 0, 0, 0, 0, 0, 0, 0, 0, 1, 0, 0, 0, 0, 0, 0, 0, 0, 0, 0, 0, 0, 0, 0, 0, 0, 0] (8.687s)
  Sub: Z₀=25.612032 [TIME_LIMIT] (15.7s), α=[0.000,0.000,5.254,0.000,0.000,0.000,0.000,0.000,0.000,0.000,0.000,0.000,0.000,0.000,0.000,0.000,0.000,0.000,0.000,0.000,0.000,0.000,0.000,0.000,0.000,0.000,0.000,0.000,0.000,0.337,0.000,0.000,0.554,3.799,0.000,0.000]
  Iter 605: LB=5.465929  UB=18.589578  gap=7.06e-01
  Cut: intercept=-44.066323, π_x_range=[-268.0000, 69.6784]

=== True-DRO Benders iter 606 ===
  OMP: t₀=6.729608, UB=18.589578, gap=6.38e-01, x=[0, 1, 0, 0, 0, 0, 0, 0, 0, 0, 0, 0, 0, 0, 0, 0, 1, 0, 0, 0, 0, 0, 0, 0, 0, 0, 0, 0, 0, 0, 0, 0, 0, 0, 0, 0] (8.007s)
  Sub: Z₀=26.225112 [LOCAL] (0.3s), α=[0.000,0.000,5.422,0.000,0.000,0.000,0.000,0.000,0.000,0.000,0.000,0.000,0.000,0.000,0.000,0.000,0.000,0.000,0.000,0.000,0.000,0.000,0.000,0.000,0.000,0.000,0.000,0.000,0.000,0.000,0.000,0.000,0.486,4.036,0.000,0.000]
  Iter 606: LB=6.729608  UB=18.589578  gap=6.38e-01
  Cut: intercept=-1131.693063, π_x_range=[-822.0975, 586.9386]

=== True-DRO Benders iter 607 ===
  OMP: t₀=7.641596, UB=18.589578, gap=5.89e-01, x=[0, 0, 0, 1, 0, 0, 0, 0, 0, 0, 0, 0, 0, 0, 0, 0, 0, 0, 0, 0, 0, 0, 0, 0, 0, 0, 1, 0, 0, 0, 0, 0, 0, 0, 0, 0] (8.827s)
  Sub: Z₀=26.225112 [LOCAL] (0.3s), α=[0.000,0.000,5.422,0.000,0.000,0.000,0.000,0.000,0.000,0.000,0.000,0.000,0.000,0.000,0.000,0.000,0.000,0.000,0.000,0.000,0.000,0.000,0.000,0.000,0.000,0.000,0.000,0.000,0.000,0.000,0.000,0.000,0.672,3.850,0.000,0.000]
  Iter 607: LB=7.641596  UB=18.589578  gap=5.89e-01
  Cut: intercept=-1142.247451, π_x_range=[-823.7347, 587.5652]

=== True-DRO Benders iter 608 ===
  OMP: t₀=8.022592, UB=18.589578, gap=5.68e-01, x=[0, 0, 0, 1, 0, 0, 0, 0, 0, 0, 0, 0, 0, 0, 0, 0, 0, 0, 0, 0, 0, 0, 0, 0, 0, 0, 0, 0, 0, 0, 1, 0, 0, 0, 0, 0] (9.344s)
  Sub: Z₀=25.311647 [LOCAL] (0.3s), α=[0.000,0.000,5.363,0.000,0.000,0.000,0.000,0.000,0.000,0.000,0.000,0.000,0.000,0.000,0.000,0.000,0.000,0.060,0.000,0.000,0.000,0.000,0.000,0.000,0.000,0.000,0.000,0.000,0.000,0.000,0.000,0.000,1.570,2.952,0.000,0.000]
  Iter 608: LB=8.022592  UB=18.589578  gap=5.68e-01
  Cut: intercept=-1144.879374, π_x_range=[-821.8362, 593.4396]

=== True-DRO Benders iter 609 ===
  OMP: t₀=8.116126, UB=18.589578, gap=5.63e-01, x=[0, 0, 0, 0, 0, 0, 0, 0, 0, 0, 0, 0, 1, 0, 0, 0, 0, 0, 0, 0, 0, 0, 0, 0, 0, 0, 0, 0, 0, 0, 0, 0, 0, 0, 0, 0] (9.530s)
  Sub: Z₀=23.265095 [LOCAL] (0.4s), α=[0.000,0.000,3.343,0.000,0.000,0.000,0.000,0.000,0.000,0.000,0.000,0.000,1.575,0.511,0.000,0.000,0.000,0.033,0.000,0.000,0.000,0.000,0.000,0.000,0.000,0.000,0.000,0.000,0.000,0.000,0.000,0.000,0.000,4.482,0.000,0.000]
  Iter 609: LB=8.116126  UB=18.589578  gap=5.63e-01
  Cut: intercept=-548.162760, π_x_range=[-820.1389, 571.4279]

=== True-DRO Benders iter 610 ===
  OMP: t₀=8.371598, UB=18.589578, gap=5.50e-01, x=[0, 0, 1, 0, 0, 0, 0, 0, 0, 0, 0, 0, 0, 0, 0, 0, 0, 0, 0, 0, 0, 0, 0, 0, 0, 0, 0, 0, 0, 0, 1, 0, 0, 0, 0, 0] (7.713s)
  Sub: Z₀=23.017035 (2.9s), α=[0.000,0.000,9.944,0.000,0.000,0.000,0.000,0.000,0.000,0.000,0.000,0.000,0.000,0.000,0.000,0.000,0.000,0.000,0.000,0.000,0.000,0.000,0.000,0.000,0.000,0.000,0.000,0.000,0.000,0.000,0.000,0.000,0.000,0.000,0.000,0.000]
  Iter 610: LB=8.371598  UB=18.589578  gap=5.50e-01
  Cut: intercept=-51.260343, π_x_range=[-268.0000, 54.1171]
  Sherali-Cut: intercept=-19.112634, π_x_range=[-75.9731, 42.0630]

=== True-DRO Benders iter 611 ===
  OMP: t₀=8.465026, UB=18.589578, gap=5.45e-01, x=[0, 0, 0, 0, 0, 0, 0, 0, 0, 0, 0, 0, 0, 0, 0, 0, 0, 0, 0, 0, 0, 0, 0, 0, 0, 1, 0, 0, 0, 0, 1, 0, 0, 0, 0, 0] (7.568s)
  Sub: Z₀=25.024470 [LOCAL] (0.3s), α=[0.000,0.000,5.364,0.000,0.000,0.000,0.000,0.000,0.000,0.000,0.000,0.000,0.000,0.000,0.000,0.000,0.000,0.058,0.000,0.000,0.000,0.000,0.000,0.000,0.000,0.000,0.000,0.000,0.000,0.000,0.000,0.000,1.316,3.206,0.000,0.000]
  Iter 611: LB=8.465026  UB=18.589578  gap=5.45e-01
  Cut: intercept=-1108.027482, π_x_range=[-822.2514, 593.3673]

=== True-DRO Benders iter 612 ===
  OMP: t₀=8.940798, UB=18.589578, gap=5.19e-01, x=[0, 0, 0, 0, 0, 0, 0, 0, 0, 0, 0, 0, 0, 0, 0, 0, 0, 1, 0, 0, 0, 0, 0, 0, 0, 0, 0, 0, 0, 0, 0, 0, 0, 0, 0, 0] (7.849s)
  Sub: Z₀=24.461161 [LOCAL] (0.3s), α=[0.000,0.000,5.895,0.000,0.000,0.000,0.000,0.000,0.000,0.000,0.000,0.000,0.000,0.000,0.000,0.000,0.000,0.521,0.000,0.000,0.000,0.000,0.000,0.000,0.000,0.000,0.000,0.000,0.000,0.000,0.000,0.000,0.224,3.305,0.000,0.000]
  Iter 612: LB=8.940798  UB=18.589578  gap=5.19e-01
  Cut: intercept=-571.055806, π_x_range=[-827.3629, 595.5170]

=== True-DRO Benders iter 613 ===
  OMP: t₀=10.194877, UB=18.589578, gap=4.52e-01, x=[0, 0, 0, 0, 0, 0, 1, 0, 0, 0, 0, 0, 0, 0, 0, 0, 0, 0, 0, 0, 0, 0, 0, 0, 0, 0, 0, 0, 0, 0, 0, 0, 0, 0, 0, 0] (7.636s)
  Sub: Z₀=26.724953 [LOCAL] (0.4s), α=[0.000,0.000,5.205,0.000,0.000,0.000,0.000,0.000,0.000,0.000,0.000,0.000,0.000,0.000,0.000,0.000,0.000,1.211,0.000,0.000,0.000,0.000,0.000,0.000,0.000,0.000,0.000,0.000,0.000,0.000,0.000,0.000,0.127,3.402,0.000,0.000]
  Iter 613: LB=10.194877  UB=18.589578  gap=4.52e-01
  Cut: intercept=-555.155710, π_x_range=[-823.7517, 581.8807]

=== True-DRO Benders iter 614 ===
  OMP: t₀=11.653232, UB=18.589578, gap=3.73e-01, x=[0, 0, 0, 0, 0, 0, 0, 1, 0, 0, 0, 0, 0, 0, 0, 0, 0, 0, 0, 0, 0, 0, 0, 0, 0, 0, 0, 0, 0, 0, 1, 0, 0, 0, 0, 0] (8.076s)
  Sub: Z₀=25.311648 [LOCAL] (0.3s), α=[0.000,0.000,5.365,0.000,0.000,0.000,0.000,0.000,0.000,0.000,0.000,0.000,0.000,0.000,0.000,0.000,0.000,0.058,0.000,0.000,0.000,0.000,0.000,0.000,0.000,0.000,0.000,0.000,0.000,0.000,0.000,0.000,1.370,3.152,0.000,0.000]
  Iter 614: LB=11.653232  UB=18.589578  gap=3.73e-01
  Cut: intercept=-1134.845139, π_x_range=[-821.7295, 593.4215]

=== True-DRO Benders iter 615 ===
  OMP: t₀=11.952938, UB=18.589578, gap=3.57e-01, x=[0, 0, 0, 0, 0, 0, 0, 0, 0, 0, 0, 1, 0, 0, 0, 0, 0, 0, 0, 0, 0, 0, 0, 0, 0, 0, 0, 0, 0, 0, 1, 0, 0, 0, 0, 0] (7.423s)
  Sub: Z₀=25.311648 [TIME_LIMIT] (15.7s), α=[0.000,0.000,5.339,0.000,0.000,0.000,0.000,0.000,0.000,0.000,0.000,0.000,0.000,0.000,0.000,0.000,0.000,0.084,0.000,0.000,0.000,0.000,0.000,0.000,0.000,0.000,0.000,0.000,0.000,0.000,0.000,0.000,1.308,3.214,0.000,0.000]
  Iter 615: LB=11.952938  UB=18.589578  gap=3.57e-01
  Cut: intercept=-33.132451, π_x_range=[-251.0000, 50.6138]

=== True-DRO Benders iter 616 ===
  OMP: t₀=11.992890, UB=18.589578, gap=3.55e-01, x=[0, 0, 0, 0, 0, 1, 0, 0, 0, 0, 0, 0, 0, 0, 0, 0, 0, 0, 0, 0, 0, 0, 0, 0, 0, 0, 0, 0, 0, 0, 1, 0, 0, 0, 0, 0] (6.792s)
  Sub: Z₀=21.890852 [LOCAL] (0.3s), α=[0.000,0.000,1.436,0.000,0.000,4.683,0.000,0.000,0.000,0.000,0.000,0.000,0.000,0.818,0.000,0.000,0.000,0.565,0.000,0.000,0.000,0.000,0.000,0.000,0.000,0.000,0.000,0.000,0.000,0.122,1.219,0.000,0.366,0.735,0.000,0.000]
  Iter 616: LB=11.992890  UB=18.589578  gap=3.55e-01
  Cut: intercept=-1125.497863, π_x_range=[-818.0606, 591.8575]

=== True-DRO Benders iter 617 ===
  OMP: t₀=12.364285, UB=18.589578, gap=3.35e-01, x=[0, 0, 0, 0, 0, 0, 0, 0, 0, 0, 0, 0, 0, 0, 0, 0, 0, 0, 0, 0, 0, 0, 1, 0, 0, 0, 0, 0, 0, 0, 0, 0, 0, 0, 0, 0] (7.905s)
  Sub: Z₀=23.551601 [LOCAL] (0.3s), α=[0.000,0.000,4.182,0.000,0.000,0.062,0.000,0.000,0.000,0.000,0.000,0.000,0.000,1.664,0.000,0.000,0.000,0.000,0.000,0.000,0.000,0.000,0.754,0.000,0.000,0.000,0.000,0.000,0.000,0.000,0.000,0.000,2.311,0.971,0.000,0.000]
  Iter 617: LB=12.364285  UB=18.589578  gap=3.35e-01
  Cut: intercept=-540.387264, π_x_range=[-825.1021, 563.9389]

=== True-DRO Benders iter 618 ===
  OMP: t₀=12.977364, UB=18.589578, gap=3.02e-01, x=[0, 0, 0, 0, 0, 0, 0, 0, 0, 0, 0, 0, 0, 0, 0, 0, 0, 0, 0, 0, 0, 0, 0, 0, 0, 0, 0, 1, 0, 0, 0, 0, 0, 0, 0, 0] (7.960s)
  Sub: Z₀=24.653227 [LOCAL] (0.3s), α=[0.000,0.000,5.422,0.000,0.000,0.000,0.000,0.000,0.000,0.000,0.000,0.000,0.000,0.000,0.000,0.000,0.000,0.000,0.000,0.000,0.000,0.000,0.000,0.000,0.000,0.000,0.000,0.000,0.000,0.000,0.000,0.000,0.522,4.000,0.000,0.000]
  Iter 618: LB=12.977364  UB=18.589578  gap=3.02e-01
  Cut: intercept=-554.346215, π_x_range=[-824.4032, 578.9994]

=== True-DRO Benders iter 619 ===
  OMP: t₀=13.122237, UB=18.589578, gap=2.94e-01, x=[0, 0, 0, 0, 0, 0, 0, 0, 1, 0, 0, 0, 0, 0, 0, 0, 0, 0, 0, 0, 0, 0, 0, 0, 0, 0, 0, 0, 0, 0, 1, 0, 0, 0, 0, 0] (8.299s)
  Sub: Z₀=25.311647 [LOCAL] (0.3s), α=[0.000,0.000,5.366,0.000,0.000,0.000,0.000,0.000,0.000,0.000,0.000,0.000,0.000,0.000,0.000,0.000,0.000,0.056,0.000,0.000,0.000,0.000,0.000,0.000,0.000,0.000,0.000,0.000,0.000,0.000,0.000,0.000,1.002,3.520,0.000,0.000]
  Iter 619: LB=13.122237  UB=18.589578  gap=2.94e-01
  Cut: intercept=-1150.436809, π_x_range=[-821.2321, 593.4594]

=== True-DRO Benders iter 620 ===
  OMP: t₀=15.400626, UB=18.589578, gap=1.72e-01, x=[0, 0, 0, 0, 0, 0, 0, 0, 0, 0, 0, 0, 0, 1, 0, 0, 0, 0, 0, 0, 0, 0, 0, 0, 0, 0, 0, 0, 0, 0, 1, 0, 0, 0, 0, 0] (8.120s)
  Sub: Z₀=25.311650 [TIME_LIMIT] (15.8s), α=[0.000,0.000,4.772,0.000,0.000,0.000,0.000,0.000,0.000,0.000,0.000,0.000,0.000,0.000,0.000,0.000,0.000,0.650,0.000,0.000,0.000,0.000,0.000,0.000,0.000,0.000,0.000,0.000,0.000,0.000,0.000,0.000,0.028,4.494,0.000,0.000]
  Iter 620: LB=15.400626  UB=18.589578  gap=1.72e-01
  Cut: intercept=6.310618, π_x_range=[-230.1343, 10.7752]

=== True-DRO Benders iter 621 ===
  OMP: t₀=15.507597, UB=18.589578, gap=1.66e-01, x=[0, 0, 0, 0, 0, 0, 0, 0, 0, 0, 0, 0, 0, 0, 0, 0, 1, 0, 0, 0, 0, 0, 0, 0, 0, 0, 0, 0, 0, 0, 1, 0, 0, 0, 0, 0] (8.126s)
  Sub: Z₀=25.311648 [LOCAL] (0.3s), α=[0.000,0.000,5.345,0.000,0.000,0.000,0.000,0.000,0.000,0.000,0.000,0.000,0.000,0.000,0.000,0.000,0.000,0.077,0.000,0.000,0.000,0.000,0.000,0.000,0.000,0.000,0.000,0.000,0.000,0.000,0.000,0.000,1.358,3.164,0.000,0.000]
  Iter 621: LB=15.507597  UB=18.589578  gap=1.66e-01
  Cut: intercept=-1153.560346, π_x_range=[-821.7955, 593.4552]

=== True-DRO Benders iter 622 ===
  OMP: t₀=15.507597, UB=18.589578, gap=1.66e-01, x=[0, 0, 0, 0, 0, 0, 0, 0, 0, 0, 0, 0, 0, 0, 0, 0, 0, 0, 0, 0, 0, 0, 0, 1, 0, 0, 0, 0, 0, 0, 1, 0, 0, 0, 0, 0] (7.627s)
  Sub: Z₀=25.311647 [LOCAL] (0.3s), α=[0.000,0.000,5.363,0.000,0.000,0.000,0.000,0.000,0.000,0.000,0.000,0.000,0.000,0.000,0.000,0.000,0.000,0.059,0.000,0.000,0.000,0.000,0.000,0.000,0.000,0.000,0.000,0.000,0.000,0.000,0.000,0.000,1.437,3.085,0.000,0.000]
  Iter 622: LB=15.507597  UB=18.589578  gap=1.66e-01
  Cut: intercept=-1148.142835, π_x_range=[-821.8037, 593.4567]

=== True-DRO Benders iter 623 ===
  OMP: t₀=15.759314, UB=18.589578, gap=1.52e-01, x=[0, 0, 0, 0, 0, 0, 0, 0, 0, 0, 0, 0, 0, 0, 0, 0, 0, 0, 0, 0, 0, 0, 0, 0, 0, 0, 1, 0, 0, 0, 1, 0, 0, 0, 0, 0] (6.892s)
  Sub: Z₀=25.311647 [LOCAL] (0.3s), α=[0.000,0.000,5.359,0.000,0.000,0.000,0.000,0.000,0.000,0.000,0.000,0.000,0.000,0.000,0.000,0.000,0.000,0.063,0.000,0.000,0.000,0.000,0.000,0.000,0.000,0.000,0.000,0.000,0.000,0.000,0.000,0.000,1.323,3.199,0.000,0.000]
  Iter 623: LB=15.759314  UB=18.589578  gap=1.52e-01
  Cut: intercept=-1154.730465, π_x_range=[-822.0993, 593.4621]

=== True-DRO Benders iter 624 ===
  OMP: t₀=16.588161, UB=18.589578, gap=1.08e-01, x=[0, 0, 0, 0, 0, 0, 0, 0, 0, 0, 0, 0, 0, 0, 0, 0, 0, 0, 0, 0, 0, 0, 0, 0, 0, 0, 0, 0, 0, 0, 1, 0, 0, 0, 1, 0] (8.254s)
  Sub: Z₀=25.311647 [LOCAL] (0.3s), α=[0.000,0.000,5.353,0.000,0.000,0.000,0.000,0.000,0.000,0.000,0.000,0.000,0.000,0.000,0.000,0.000,0.000,0.069,0.000,0.000,0.000,0.000,0.000,0.000,0.000,0.000,0.000,0.000,0.000,0.000,0.000,0.000,1.288,3.234,0.000,0.000]
  Iter 624: LB=16.588161  UB=18.589578  gap=1.08e-01
  Cut: intercept=-1139.142024, π_x_range=[-821.8767, 593.4465]

=== True-DRO Benders iter 625 ===
  OMP: t₀=16.588161, UB=18.589578, gap=1.08e-01, x=[0, 0, 0, 0, 0, 0, 0, 0, 0, 0, 0, 0, 0, 0, 0, 0, 0, 0, 0, 0, 0, 0, 0, 0, 0, 0, 0, 0, 0, 0, 1, 0, 0, 0, 0, 1] (7.897s)
  Sub: Z₀=25.311650 [TIME_LIMIT] (15.7s), α=[0.000,0.000,5.342,0.000,0.000,0.000,0.000,0.000,0.000,0.000,0.000,0.000,0.000,0.000,0.000,0.000,0.000,0.081,0.000,0.000,0.000,0.000,0.000,0.000,0.000,0.000,0.000,0.000,0.000,0.000,0.000,0.000,1.431,3.091,0.000,0.000]
  Iter 625: LB=16.588161  UB=18.589578  gap=1.08e-01
  Cut: intercept=-2.753902, π_x_range=[-246.0000, 20.2119]

=== True-DRO Benders iter 626 ===
  OMP: t₀=16.918246, UB=18.589578, gap=8.99e-02, x=[0, 0, 0, 0, 0, 0, 0, 0, 0, 0, 0, 0, 1, 0, 0, 0, 0, 0, 0, 0, 0, 0, 0, 0, 0, 0, 0, 0, 0, 0, 0, 0, 0, 1, 0, 0] (8.541s)
  Sub: Z₀=16.918246 [LOCAL] (0.3s), α=[0.000,0.000,0.000,0.000,0.000,0.000,0.000,0.000,0.000,0.000,0.000,0.000,1.829,0.162,0.000,0.000,0.000,0.000,0.000,0.000,0.000,0.000,0.000,0.000,0.000,0.000,0.000,0.000,0.000,0.000,0.000,0.000,0.000,7.953,0.000,0.000]
  Iter 626: LB=16.918246  UB=18.589578  gap=8.99e-02
  Cut: intercept=-1160.726126, π_x_range=[-818.5153, 593.4971]

=== True-DRO Benders iter 627 ===
  OMP: t₀=16.918246, UB=18.589578, gap=8.99e-02, x=[0, 0, 0, 0, 0, 0, 0, 0, 0, 0, 0, 0, 1, 0, 0, 0, 0, 0, 0, 0, 0, 0, 0, 0, 0, 0, 0, 0, 0, 0, 0, 0, 0, 1, 0, 0] (8.446s)
  Sub: Z₀=16.918246 [LOCAL] (0.3s), α=[0.000,0.000,0.000,0.000,0.000,0.000,0.000,0.000,0.000,0.000,0.000,0.000,1.829,0.162,0.000,0.000,0.000,0.000,0.000,0.000,0.000,0.000,0.000,0.000,0.000,0.000,0.000,0.000,0.000,0.000,0.000,0.000,0.000,7.953,0.000,0.000]
  Iter 627: LB=16.918246  UB=18.589578  gap=8.99e-02
  Cut: intercept=-1160.726126, π_x_range=[-818.5153, 593.4971]

=== True-DRO Benders iter 628 ===
  OMP: t₀=16.918246, UB=18.589578, gap=8.99e-02, x=[0, 0, 0, 0, 0, 0, 0, 0, 0, 0, 0, 0, 1, 0, 0, 0, 0, 0, 0, 0, 0, 0, 0, 0, 0, 0, 0, 0, 0, 0, 0, 0, 0, 1, 0, 0] (8.481s)
  Sub: Z₀=16.918246 [LOCAL] (0.3s), α=[0.000,0.000,0.000,0.000,0.000,0.000,0.000,0.000,0.000,0.000,0.000,0.000,1.829,0.162,0.000,0.000,0.000,0.000,0.000,0.000,0.000,0.000,0.000,0.000,0.000,0.000,0.000,0.000,0.000,0.000,0.000,0.000,0.000,7.953,0.000,0.000]
  Iter 628: LB=16.918246  UB=18.589578  gap=8.99e-02
  Cut: intercept=-1160.726126, π_x_range=[-818.5153, 593.4971]

=== True-DRO Benders iter 629 ===
  OMP: t₀=16.918246, UB=18.589578, gap=8.99e-02, x=[0, 0, 0, 0, 0, 0, 0, 0, 0, 0, 0, 0, 1, 0, 0, 0, 0, 0, 0, 0, 0, 0, 0, 0, 0, 0, 0, 0, 0, 0, 0, 0, 0, 1, 0, 0] (8.513s)
  Sub: Z₀=16.918246 [LOCAL] (0.3s), α=[0.000,0.000,0.000,0.000,0.000,0.000,0.000,0.000,0.000,0.000,0.000,0.000,1.829,0.162,0.000,0.000,0.000,0.000,0.000,0.000,0.000,0.000,0.000,0.000,0.000,0.000,0.000,0.000,0.000,0.000,0.000,0.000,0.000,7.953,0.000,0.000]
  Iter 629: LB=16.918246  UB=18.589578  gap=8.99e-02
  Cut: intercept=-1160.726126, π_x_range=[-818.5153, 593.4971]

=== True-DRO Benders iter 630 ===
  OMP: t₀=16.918246, UB=18.589578, gap=8.99e-02, x=[0, 0, 0, 0, 0, 0, 0, 0, 0, 0, 0, 0, 1, 0, 0, 0, 0, 0, 0, 0, 0, 0, 0, 0, 0, 0, 0, 0, 0, 0, 0, 0, 0, 1, 0, 0] (8.506s)
  Sub: Z₀=16.918249 [TIME_LIMIT] (15.6s), α=[0.000,0.000,0.000,0.000,0.000,0.000,0.000,0.000,0.000,0.000,0.000,0.000,1.899,0.000,0.000,0.000,0.000,0.000,0.000,0.000,0.000,0.000,0.000,0.000,0.000,0.000,0.000,0.000,0.000,0.000,0.000,0.000,0.000,8.045,0.000,0.000]
  Iter 630: LB=16.918246  UB=18.589578  gap=8.99e-02
  Cut: intercept=-145.480010, π_x_range=[-160.6458, 88.9185]

=== True-DRO Benders iter 631 ===
  OMP: t₀=16.918249, UB=18.589578, gap=8.99e-02, x=[0, 0, 0, 0, 0, 0, 0, 0, 0, 0, 0, 0, 1, 0, 0, 0, 0, 0, 0, 0, 0, 0, 0, 0, 0, 0, 0, 0, 0, 0, 0, 0, 0, 1, 0, 0] (7.401s)
  Sub: Z₀=16.918246 [LOCAL] (0.3s), α=[0.000,0.000,0.000,0.000,0.000,0.000,0.000,0.000,0.000,0.000,0.000,0.000,1.829,0.162,0.000,0.000,0.000,0.000,0.000,0.000,0.000,0.000,0.000,0.000,0.000,0.000,0.000,0.000,0.000,0.000,0.000,0.000,0.000,7.953,0.000,0.000]
  Iter 631: LB=16.918249  UB=18.589578  gap=8.99e-02
  Cut: intercept=-1160.726126, π_x_range=[-818.5153, 593.4971]

=== True-DRO Benders iter 632 ===
  OMP: t₀=16.918249, UB=18.589578, gap=8.99e-02, x=[0, 0, 0, 0, 0, 0, 0, 0, 0, 0, 0, 0, 1, 0, 0, 0, 0, 0, 0, 0, 0, 0, 0, 0, 0, 0, 0, 0, 0, 0, 0, 0, 0, 1, 0, 0] (7.740s)
  Sub: Z₀=16.918246 [LOCAL] (0.3s), α=[0.000,0.000,0.000,0.000,0.000,0.000,0.000,0.000,0.000,0.000,0.000,0.000,1.829,0.162,0.000,0.000,0.000,0.000,0.000,0.000,0.000,0.000,0.000,0.000,0.000,0.000,0.000,0.000,0.000,0.000,0.000,0.000,0.000,7.953,0.000,0.000]
  Iter 632: LB=16.918249  UB=18.589578  gap=8.99e-02
  Cut: intercept=-1160.726126, π_x_range=[-818.5153, 593.4971]

=== True-DRO Benders iter 633 ===
  OMP: t₀=16.918249, UB=18.589578, gap=8.99e-02, x=[0, 0, 0, 0, 0, 0, 0, 0, 0, 0, 0, 0, 1, 0, 0, 0, 0, 0, 0, 0, 0, 0, 0, 0, 0, 0, 0, 0, 0, 0, 0, 0, 0, 1, 0, 0] (7.464s)
  Sub: Z₀=16.918246 [LOCAL] (0.3s), α=[0.000,0.000,0.000,0.000,0.000,0.000,0.000,0.000,0.000,0.000,0.000,0.000,1.829,0.162,0.000,0.000,0.000,0.000,0.000,0.000,0.000,0.000,0.000,0.000,0.000,0.000,0.000,0.000,0.000,0.000,0.000,0.000,0.000,7.953,0.000,0.000]
  Iter 633: LB=16.918249  UB=18.589578  gap=8.99e-02
  Cut: intercept=-1160.726126, π_x_range=[-818.5153, 593.4971]

=== True-DRO Benders iter 634 ===
  OMP: t₀=16.918249, UB=18.589578, gap=8.99e-02, x=[0, 0, 0, 0, 0, 0, 0, 0, 0, 0, 0, 0, 1, 0, 0, 0, 0, 0, 0, 0, 0, 0, 0, 0, 0, 0, 0, 0, 0, 0, 0, 0, 0, 1, 0, 0] (7.457s)
  Sub: Z₀=16.918246 [LOCAL] (0.3s), α=[0.000,0.000,0.000,0.000,0.000,0.000,0.000,0.000,0.000,0.000,0.000,0.000,1.829,0.162,0.000,0.000,0.000,0.000,0.000,0.000,0.000,0.000,0.000,0.000,0.000,0.000,0.000,0.000,0.000,0.000,0.000,0.000,0.000,7.953,0.000,0.000]
  Iter 634: LB=16.918249  UB=18.589578  gap=8.99e-02
  Cut: intercept=-1160.726126, π_x_range=[-818.5153, 593.4971]

=== True-DRO Benders iter 635 ===
  OMP: t₀=16.918249, UB=18.589578, gap=8.99e-02, x=[0, 0, 0, 0, 0, 0, 0, 0, 0, 0, 0, 0, 1, 0, 0, 0, 0, 0, 0, 0, 0, 0, 0, 0, 0, 0, 0, 0, 0, 0, 0, 0, 0, 1, 0, 0] (8.211s)
  → Boost: time limit 3600s + MIPGap=0.5% (same x + prev TIME_LIMIT)
  Sub: Z₀=16.918249 (63.1s), α=[0.000,0.000,0.000,0.000,0.000,0.000,0.000,0.000,0.000,0.000,0.000,0.000,1.899,0.000,0.000,0.000,0.000,0.000,0.000,0.000,0.000,0.000,0.000,0.000,0.000,0.000,0.000,0.000,0.000,0.000,0.000,0.000,0.000,8.045,0.000,0.000]
  Iter 635: LB=16.918249  UB=16.918249  gap=2.91e-09
True-DRO Benders converged at iter 635 (gap=2.91e-09)
  Wall time: 5369.64 sec
  OMP  time: mean=4.966s, median=5.307s, max=9.530s
  Sub  time (exact): mean=19.250s, median=5.481s, q90=46.599s, max=63.128s (n=4/635)

Result (double/naive): Z₀=16.918249, iters=635, time=5369.7s
x arcs = [13, 34]
