============================================================
abilene — double [naive]: ε̂=0.50, ε̃=0.50, β=0.40
  mini_benders=false, valid_inequality=none
============================================================
Set parameter Username
Set parameter LicenseID to value 2742039
Academic license - for non-commercial use only - expires 2026-11-20
Set parameter Username
Set parameter LicenseID to value 2742039
Academic license - for non-commercial use only - expires 2026-11-20
Set parameter OutputFlag to value 1
Set parameter LogFile to value "global_miqcp.log"
Set parameter Username
Set parameter LicenseID to value 2742039
Academic license - for non-commercial use only - expires 2026-11-20

=== True-DRO Benders iter 1 ===
  OMP: t₀=-10000.000000, UB=Inf, gap=NaN, x=[0, 0, 0, 0, 0, 0, 0, 0, 0, 0, 0, 0, 0, 0, 0, 0, 0, 0, 0, 0, 0, 0, 0, 0, 0, 0, 0, 0, 0, 0] (0.000s)
  Sub: Z₀=24.007467 [LOCAL] (0.4s), α=[0.000,0.000,0.000,0.000,0.130,0.000,1.379,0.000,0.000,0.000,0.000,0.000,0.000,0.000,2.899,0.000,0.000,0.000,0.000,0.000,0.000,0.000,0.000,0.000,0.000,3.749,2.037,0.621,0.000,0.000]
  Iter 1: LB=-10000.000000  UB=Inf  gap=NaN
  Cut: intercept=24.007467, π_x_range=[-830.1820, -801.2559]

=== True-DRO Benders iter 2 ===
  OMP: t₀=-1628.027853, UB=Inf, gap=NaN, x=[0, 0, 0, 0, 0, 0, 0, 0, 0, 0, 1, 0, 0, 0, 0, 0, 0, 0, 1, 0, 0, 0, 0, 0, 0, 0, 0, 0, 0, 0] (0.034s)
  Sub: Z₀=18.198559 [LOCAL] (0.3s), α=[0.000,0.000,0.000,0.000,0.000,0.000,0.000,0.000,0.000,0.000,9.603,0.000,0.000,0.000,1.212,0.000,0.000,0.000,0.000,0.000,0.000,0.000,0.000,0.000,0.000,0.000,0.000,0.000,0.000,0.000]
  Iter 2: LB=-1628.027853  UB=Inf  gap=NaN
  Cut: intercept=-1085.264134, π_x_range=[-817.1041, 554.5578]

=== True-DRO Benders iter 3 ===
  OMP: t₀=-1609.810516, UB=Inf, gap=NaN, x=[0, 0, 0, 0, 0, 0, 0, 1, 0, 0, 0, 0, 0, 0, 0, 0, 0, 0, 0, 1, 0, 0, 0, 0, 0, 0, 0, 0, 0, 0] (0.086s)
  Sub: Z₀=19.475889 [LOCAL] (0.3s), α=[0.000,0.000,0.000,0.000,0.000,0.000,0.000,4.046,0.000,0.000,0.000,0.000,0.000,0.000,0.000,0.000,0.000,0.000,0.000,5.744,0.000,0.000,0.000,0.000,0.000,1.025,0.000,0.000,0.000,0.000]
  Iter 3: LB=-1609.810516  UB=Inf  gap=NaN
  Cut: intercept=-1118.021053, π_x_range=[-827.0939, 573.3247]

=== True-DRO Benders iter 4 ===
  OMP: t₀=-1606.848336, UB=Inf, gap=NaN, x=[0, 0, 0, 0, 1, 0, 0, 0, 0, 0, 0, 0, 0, 0, 0, 1, 0, 0, 0, 0, 0, 0, 0, 0, 0, 0, 0, 0, 0, 0] (0.137s)
  Sub: Z₀=17.280539 [LOCAL] (0.5s), α=[0.000,0.000,0.000,0.000,8.664,0.000,0.838,0.000,0.000,0.000,0.000,0.000,0.000,0.000,1.233,0.000,0.000,0.000,0.000,0.000,0.000,0.000,0.000,0.000,0.000,0.079,0.000,0.000,0.000,0.000]
  Iter 4: LB=-1606.848336  UB=Inf  gap=NaN
  Cut: intercept=-1094.522587, π_x_range=[-828.7167, 564.8419]

=== True-DRO Benders iter 5 ===
  OMP: t₀=-1604.366459, UB=Inf, gap=NaN, x=[0, 0, 0, 0, 0, 0, 0, 0, 0, 0, 0, 0, 0, 0, 0, 0, 0, 1, 0, 0, 0, 0, 0, 0, 0, 0, 0, 1, 0, 0] (0.205s)
Set parameter NonConvex to value 2
Set parameter MIPGap to value 0.0001
Set parameter DualReductions to value 0
Set parameter MIPFocus to value 0
  Sub: Z₀=20.999631 (6.5s), α=[0.000,0.000,0.000,0.000,0.000,0.000,2.557,0.000,0.000,0.000,0.000,0.000,0.000,0.000,1.682,0.000,0.000,0.000,0.000,0.000,0.000,0.000,0.000,0.000,0.000,0.651,0.000,5.925,0.000,0.000]
  Iter 5: LB=-1604.366459  UB=20.999631  gap=7.74e+01
  Cut: intercept=-79.230454, π_x_range=[-239.0000, 66.4967]
  Sherali-Cut: intercept=4.680843, π_x_range=[-117.3962, 16.3188]

=== True-DRO Benders iter 6 ===
  OMP: t₀=-203.306301, UB=20.999631, gap=1.07e+01, x=[0, 0, 0, 0, 0, 0, 0, 0, 0, 0, 0, 0, 0, 0, 0, 0, 0, 0, 1, 0, 0, 0, 0, 0, 0, 0, 1, 0, 0, 0] (0.046s)
  Sub: Z₀=19.889607 [LOCAL] (0.4s), α=[0.000,0.000,0.000,0.000,0.000,0.000,0.000,0.000,0.000,0.000,0.015,0.000,0.000,0.000,1.520,0.000,0.000,0.000,0.633,0.000,0.000,0.000,0.000,0.000,0.000,0.000,8.272,0.375,0.000,0.000]
  Iter 6: LB=-203.306301  UB=20.999631  gap=1.07e+01
  Cut: intercept=-1069.196819, π_x_range=[-827.7003, 554.4076]

=== True-DRO Benders iter 7 ===
  OMP: t₀=-164.403864, UB=20.999631, gap=8.83e+00, x=[0, 0, 0, 0, 0, 0, 0, 0, 0, 0, 0, 0, 0, 0, 1, 0, 0, 0, 1, 0, 0, 0, 0, 0, 0, 0, 0, 0, 0, 0] (0.044s)
  Sub: Z₀=21.255884 [LOCAL] (0.3s), α=[0.000,0.000,0.000,0.000,0.000,0.000,0.000,0.000,0.000,0.000,0.000,0.000,0.000,0.000,3.818,0.000,0.000,0.000,0.000,0.000,0.000,0.000,0.000,0.000,0.000,6.997,0.000,0.000,0.000,0.000]
  Iter 7: LB=-164.403864  UB=20.999631  gap=8.83e+00
  Cut: intercept=-1119.013588, π_x_range=[-833.4181, 586.2324]

=== True-DRO Benders iter 8 ===
  OMP: t₀=-163.025587, UB=20.999631, gap=8.76e+00, x=[0, 0, 0, 0, 0, 0, 0, 0, 0, 0, 1, 0, 0, 0, 0, 0, 0, 0, 0, 0, 0, 0, 0, 0, 0, 0, 1, 0, 0, 0] (0.076s)
  Sub: Z₀=18.577726 [LOCAL] (0.3s), α=[0.000,0.000,0.000,0.000,0.000,0.000,0.000,0.000,0.000,0.000,3.484,0.000,0.000,0.000,0.388,0.000,0.000,0.000,0.000,0.000,0.000,0.000,0.000,0.000,0.000,0.000,6.726,0.216,0.000,0.000]
  Iter 8: LB=-163.025587  UB=20.999631  gap=8.76e+00
  Cut: intercept=-1088.431448, π_x_range=[-823.3498, 558.4708]

=== True-DRO Benders iter 9 ===
  OMP: t₀=-158.402925, UB=20.999631, gap=8.54e+00, x=[0, 0, 0, 0, 0, 0, 1, 0, 0, 0, 0, 0, 0, 0, 0, 0, 0, 0, 1, 0, 0, 0, 0, 0, 0, 0, 0, 0, 0, 0] (0.083s)
  Sub: Z₀=19.835923 [LOCAL] (0.5s), α=[0.000,0.000,0.000,0.000,0.000,0.000,2.305,0.000,0.000,0.000,0.000,0.000,0.000,0.000,0.000,0.000,0.000,0.000,0.000,0.000,0.000,0.000,0.000,0.000,0.000,8.510,0.000,0.000,0.000,0.000]
  Iter 9: LB=-158.402925  UB=20.999631  gap=8.54e+00
  Cut: intercept=-1113.118243, π_x_range=[-835.3987, 581.7545]

=== True-DRO Benders iter 10 ===
  OMP: t₀=-147.972816, UB=20.999631, gap=8.05e+00, x=[0, 0, 0, 0, 0, 0, 0, 1, 0, 0, 0, 0, 0, 0, 0, 0, 0, 0, 1, 0, 0, 0, 0, 0, 0, 0, 0, 0, 0, 0] (0.099s)
  Sub: Z₀=24.180846 (6.4s), α=[0.000,0.000,0.000,0.000,0.000,0.000,0.000,0.000,0.000,0.000,0.000,0.000,0.000,0.000,1.948,0.000,0.000,0.000,4.183,0.000,0.000,0.000,0.000,0.000,0.000,3.107,0.000,1.577,0.000,0.000]
  Iter 10: LB=-147.972816  UB=20.999631  gap=8.05e+00
  Cut: intercept=-46.948971, π_x_range=[-220.0000, 44.0227]
  Sherali-Cut: intercept=-22.513353, π_x_range=[-107.6640, 24.6171]

=== True-DRO Benders iter 11 ===
  OMP: t₀=-137.598562, UB=20.999631, gap=7.55e+00, x=[0, 0, 0, 0, 0, 0, 0, 0, 0, 0, 0, 0, 0, 0, 1, 0, 0, 0, 0, 0, 0, 0, 0, 0, 0, 0, 1, 0, 0, 0] (0.173s)
  Sub: Z₀=17.987404 [LOCAL] (0.3s), α=[0.000,0.000,0.000,0.000,0.000,0.000,0.000,0.000,0.000,0.000,0.000,0.000,0.000,0.000,3.937,0.000,0.000,0.000,0.000,0.000,0.000,0.000,0.000,0.000,0.000,0.463,6.204,0.211,0.000,0.000]
  Iter 11: LB=-137.598562  UB=20.999631  gap=7.55e+00
  Cut: intercept=-1133.611158, π_x_range=[-828.7208, 588.5163]

=== True-DRO Benders iter 12 ===
  OMP: t₀=-131.597623, UB=20.999631, gap=7.27e+00, x=[0, 0, 0, 0, 0, 0, 1, 0, 0, 0, 0, 0, 0, 0, 0, 0, 0, 0, 0, 0, 0, 0, 0, 0, 0, 0, 1, 0, 0, 0] (0.183s)
  Sub: Z₀=17.691680 [LOCAL] (0.3s), α=[0.000,0.000,0.000,0.000,0.000,0.000,1.293,0.000,0.000,0.000,0.000,0.000,0.000,0.000,0.000,0.000,0.000,0.000,0.000,0.000,0.000,0.000,0.000,0.000,0.000,3.107,6.195,0.219,0.000,0.000]
  Iter 12: LB=-131.597623  UB=20.999631  gap=7.27e+00
  Cut: intercept=-1129.539092, π_x_range=[-829.8684, 586.1145]

=== True-DRO Benders iter 13 ===
  OMP: t₀=-124.123150, UB=20.999631, gap=6.91e+00, x=[0, 0, 0, 0, 0, 0, 0, 0, 0, 0, 1, 0, 0, 0, 1, 0, 0, 0, 0, 0, 0, 0, 0, 0, 0, 0, 0, 0, 0, 0] (0.200s)
  Sub: Z₀=19.348754 [LOCAL] (0.3s), α=[0.000,0.000,0.000,0.000,0.000,0.000,0.000,0.000,0.000,0.000,5.084,0.000,0.000,0.000,5.731,0.000,0.000,0.000,0.000,0.000,0.000,0.000,0.000,0.000,0.000,0.000,0.000,0.000,0.000,0.000]
  Iter 13: LB=-124.123150  UB=20.999631  gap=6.91e+00
  Cut: intercept=-1117.218134, π_x_range=[-823.7578, 586.5484]

=== True-DRO Benders iter 14 ===
  OMP: t₀=-118.122210, UB=20.999631, gap=6.62e+00, x=[0, 0, 0, 0, 0, 0, 1, 0, 0, 0, 1, 0, 0, 0, 0, 0, 0, 0, 0, 0, 0, 0, 0, 0, 0, 0, 0, 0, 0, 0] (0.212s)
  Sub: Z₀=18.773262 [LOCAL] (0.3s), α=[0.000,0.000,0.000,0.000,0.000,0.000,4.618,0.000,0.000,0.000,5.873,0.000,0.000,0.000,0.079,0.000,0.000,0.000,0.000,0.000,0.000,0.000,0.000,0.000,0.000,0.244,0.000,0.000,0.000,0.000]
  Iter 14: LB=-118.122210  UB=20.999631  gap=6.62e+00
  Cut: intercept=-1103.817200, π_x_range=[-820.7036, 580.8450]

=== True-DRO Benders iter 15 ===
  OMP: t₀=-105.560220, UB=20.999631, gap=6.03e+00, x=[0, 0, 0, 0, 1, 0, 0, 0, 0, 0, 0, 0, 0, 0, 0, 0, 0, 0, 1, 0, 0, 0, 0, 0, 0, 0, 0, 0, 0, 0] (0.317s)
  Sub: Z₀=21.929704 (5.0s), α=[0.000,0.000,0.000,0.000,0.000,0.000,0.000,0.000,0.000,0.000,0.000,0.000,0.000,0.000,4.723,0.000,0.000,0.000,0.000,0.000,0.000,0.000,0.000,0.000,0.000,6.092,0.000,0.000,0.000,0.000]
  Iter 15: LB=-105.560220  UB=20.999631  gap=6.03e+00
  Cut: intercept=-93.311095, π_x_range=[-282.7842, 70.4707]
  Sherali-Cut: intercept=3.754100, π_x_range=[-132.2837, 18.1756]

=== True-DRO Benders iter 16 ===
  OMP: t₀=-103.210022, UB=20.999631, gap=5.91e+00, x=[0, 0, 0, 0, 0, 0, 0, 0, 0, 0, 0, 0, 0, 0, 0, 0, 0, 0, 0, 0, 0, 0, 0, 0, 0, 1, 1, 0, 0, 0] (0.683s)
  Sub: Z₀=18.930416 [LOCAL] (0.4s), α=[0.000,0.000,0.000,0.000,0.000,0.000,0.000,0.000,0.000,0.000,0.000,0.000,0.000,0.000,0.000,0.000,0.000,0.000,0.000,0.000,0.000,0.000,0.000,0.000,0.000,1.317,8.886,0.611,0.000,0.000]
  Iter 16: LB=-103.210022  UB=20.999631  gap=5.91e+00
  Cut: intercept=-1141.548452, π_x_range=[-831.6099, 597.8549]

=== True-DRO Benders iter 17 ===
  OMP: t₀=-93.870579, UB=20.999631, gap=5.47e+00, x=[0, 0, 0, 0, 0, 0, 0, 0, 0, 0, 0, 0, 0, 0, 0, 0, 0, 0, 0, 0, 0, 1, 0, 0, 0, 0, 1, 0, 0, 0] (1.016s)
  Sub: Z₀=20.058340 [LOCAL] (0.3s), α=[0.000,0.000,0.000,0.000,0.000,0.000,0.000,0.000,0.000,0.000,0.000,0.000,0.000,0.000,1.520,0.000,0.000,0.000,0.000,0.000,0.000,0.000,0.000,0.000,0.000,0.611,8.684,0.000,0.000,0.000]
  Iter 17: LB=-93.870579  UB=20.999631  gap=5.47e+00
  Cut: intercept=-1108.892466, π_x_range=[-829.4801, 567.4831]

=== True-DRO Benders iter 18 ===
  OMP: t₀=-93.356526, UB=20.999631, gap=5.45e+00, x=[0, 0, 0, 0, 0, 0, 0, 0, 0, 0, 0, 0, 0, 0, 0, 0, 0, 0, 0, 1, 0, 0, 0, 0, 0, 0, 1, 0, 0, 0] (0.853s)
  Sub: Z₀=18.374360 [LOCAL] (0.4s), α=[0.000,0.000,0.000,0.000,0.000,0.000,0.000,0.000,0.000,0.000,0.000,0.000,0.000,0.000,0.000,0.000,0.000,0.000,0.000,2.123,0.000,0.000,0.000,0.000,0.000,0.000,8.691,0.000,0.000,0.000]
  Iter 18: LB=-93.356526  UB=20.999631  gap=5.45e+00
  Cut: intercept=-1100.295108, π_x_range=[-827.4896, 562.4509]

=== True-DRO Benders iter 19 ===
  OMP: t₀=-91.886576, UB=20.999631, gap=5.38e+00, x=[0, 0, 0, 0, 0, 0, 0, 0, 0, 0, 0, 0, 0, 0, 0, 0, 0, 0, 0, 0, 0, 0, 1, 0, 0, 0, 1, 0, 0, 0] (1.160s)
  Sub: Z₀=19.072858 [LOCAL] (0.3s), α=[0.000,0.000,0.000,0.000,0.000,0.000,0.000,0.000,0.000,0.000,0.000,0.000,0.000,0.000,0.000,0.000,0.000,0.000,0.000,0.000,0.000,0.000,0.000,0.000,0.000,1.058,9.739,0.017,0.000,0.000]
  Iter 19: LB=-91.886576  UB=20.999631  gap=5.38e+00
  Cut: intercept=-1110.298161, π_x_range=[-832.8257, 571.6327]

=== True-DRO Benders iter 20 ===
  OMP: t₀=-91.878002, UB=20.999631, gap=5.38e+00, x=[0, 0, 0, 0, 0, 0, 0, 1, 0, 0, 0, 0, 0, 0, 0, 0, 0, 0, 0, 0, 0, 0, 0, 0, 0, 0, 1, 0, 0, 0] (1.354s)
  Sub: Z₀=21.256125 (1.6s), α=[0.000,0.000,0.000,0.000,0.000,0.000,0.000,0.000,0.000,0.000,0.000,0.000,0.000,0.000,0.589,0.000,0.000,0.000,0.000,0.000,0.000,0.000,0.000,0.000,0.000,1.541,5.613,3.072,0.000,0.000]
  Iter 20: LB=-91.878002  UB=20.999631  gap=5.38e+00
  Cut: intercept=-67.398010, π_x_range=[-250.0000, 53.2308]
  Sherali-Cut: intercept=-20.804846, π_x_range=[-70.1011, 42.0602]

=== True-DRO Benders iter 21 ===
  OMP: t₀=-89.734609, UB=20.999631, gap=5.27e+00, x=[0, 0, 0, 0, 0, 0, 0, 0, 0, 0, 1, 0, 0, 0, 0, 0, 0, 0, 0, 0, 0, 0, 0, 0, 0, 1, 0, 0, 0, 0] (0.637s)
  Sub: Z₀=14.491016 [LOCAL] (0.3s), α=[0.000,0.000,0.000,0.000,0.000,0.000,0.000,0.000,0.000,0.000,4.597,0.000,0.000,0.000,1.520,0.000,0.000,0.000,0.000,0.000,0.000,0.000,0.000,0.000,0.000,4.697,0.000,0.000,0.000,0.000]
  Iter 21: LB=-89.734609  UB=20.999631  gap=5.27e+00
  Cut: intercept=-1102.881142, π_x_range=[-820.5433, 582.3437]

=== True-DRO Benders iter 22 ===
  OMP: t₀=-88.605442, UB=20.999631, gap=5.22e+00, x=[0, 0, 0, 0, 1, 0, 0, 0, 0, 0, 1, 0, 0, 0, 0, 0, 0, 0, 0, 0, 0, 0, 0, 0, 0, 0, 0, 0, 0, 0] (0.678s)
  Sub: Z₀=14.381741 [LOCAL] (0.3s), α=[0.000,0.000,0.000,0.000,4.931,0.000,0.000,0.000,0.000,0.000,4.364,0.000,0.000,0.000,1.520,0.000,0.000,0.000,0.000,0.000,0.000,0.000,0.000,0.000,0.000,0.000,0.000,0.000,0.000,0.000]
  Iter 22: LB=-88.605442  UB=20.999631  gap=5.22e+00
  Cut: intercept=-1093.634490, π_x_range=[-822.4291, 569.0739]

=== True-DRO Benders iter 23 ===
  OMP: t₀=-80.395166, UB=20.999631, gap=4.83e+00, x=[0, 0, 0, 0, 0, 0, 0, 0, 0, 0, 1, 0, 0, 0, 0, 0, 0, 0, 0, 0, 0, 1, 0, 0, 0, 0, 0, 0, 0, 0] (1.384s)
  Sub: Z₀=21.416633 [LOCAL] (0.3s), α=[0.000,0.000,0.000,0.000,0.000,0.000,0.283,0.000,0.000,0.000,6.353,0.000,0.000,0.000,3.828,0.000,0.000,0.000,0.000,0.000,0.000,0.000,0.000,0.000,0.000,0.000,0.350,0.000,0.000,0.000]
  Iter 23: LB=-80.395166  UB=20.999631  gap=4.83e+00
  Cut: intercept=-1069.958324, π_x_range=[-821.2608, 559.6233]

=== True-DRO Benders iter 24 ===
  OMP: t₀=-79.881113, UB=20.999631, gap=4.80e+00, x=[0, 0, 0, 0, 0, 0, 0, 0, 0, 0, 1, 0, 0, 0, 0, 0, 0, 0, 0, 1, 0, 0, 0, 0, 0, 0, 0, 0, 0, 0] (1.395s)
  Sub: Z₀=19.588777 [LOCAL] (0.3s), α=[0.000,0.000,0.000,0.000,0.000,0.000,0.029,0.000,0.000,0.000,6.353,0.000,0.000,0.000,1.549,0.000,0.000,0.000,0.000,2.883,0.000,0.000,0.000,0.000,0.000,0.000,0.000,0.000,0.000,0.000]
  Iter 24: LB=-79.881113  UB=20.999631  gap=4.80e+00
  Cut: intercept=-1066.214919, π_x_range=[-821.8863, 557.2358]

=== True-DRO Benders iter 25 ===
  OMP: t₀=-79.013354, UB=20.999631, gap=4.76e+00, x=[0, 0, 0, 0, 0, 0, 0, 1, 0, 0, 1, 0, 0, 0, 0, 0, 0, 0, 0, 0, 0, 0, 0, 0, 0, 0, 0, 0, 0, 0] (1.497s)
  Sub: Z₀=26.107326 (6.5s), α=[0.000,0.000,0.000,0.000,0.000,0.000,0.330,0.000,0.000,0.000,0.000,0.000,0.000,0.000,3.874,0.000,0.000,0.000,0.000,0.000,0.000,0.000,0.000,0.000,0.000,3.107,1.578,1.925,0.000,0.000]
  Iter 25: LB=-79.013354  UB=20.999631  gap=4.76e+00
  Cut: intercept=-66.491731, π_x_range=[-200.0000, 54.6647]
  Sherali-Cut: intercept=-40.174105, π_x_range=[-137.0771, 34.3638]

=== True-DRO Benders iter 26 ===
  OMP: t₀=-77.626760, UB=20.999631, gap=4.70e+00, x=[0, 0, 0, 0, 0, 0, 0, 0, 0, 0, 1, 0, 0, 0, 0, 0, 0, 0, 0, 0, 0, 0, 1, 0, 0, 0, 0, 0, 0, 0] (0.515s)
  Sub: Z₀=19.740590 [LOCAL] (0.4s), α=[0.000,0.000,0.000,0.000,0.000,0.000,0.193,0.033,0.000,0.000,5.873,0.000,0.000,0.000,1.713,0.000,0.000,0.000,0.000,0.000,0.000,0.000,3.004,0.000,0.000,0.000,0.000,0.000,0.000,0.000]
  Iter 26: LB=-77.626760  UB=20.999631  gap=4.70e+00
  Cut: intercept=-1071.411975, π_x_range=[-824.3981, 557.1093]

=== True-DRO Benders iter 27 ===
  OMP: t₀=-65.649509, UB=20.999631, gap=4.13e+00, x=[0, 0, 0, 0, 0, 0, 0, 0, 0, 0, 1, 0, 0, 0, 0, 0, 0, 1, 0, 0, 0, 0, 0, 0, 0, 0, 0, 0, 0, 0] (1.946s)
  Sub: Z₀=20.937837 [LOCAL] (0.7s), α=[0.000,0.000,0.000,0.000,0.000,0.000,0.000,0.000,0.000,0.000,6.989,0.000,0.000,0.000,3.016,0.000,0.000,0.000,0.000,0.000,0.000,0.000,0.000,0.000,0.000,0.636,0.091,0.082,0.000,0.000]
  Iter 27: LB=-65.649509  UB=20.999631  gap=4.13e+00
  Cut: intercept=-1054.095942, π_x_range=[-821.9015, 546.2865]

=== True-DRO Benders iter 28 ===
  OMP: t₀=-56.115877, UB=20.999631, gap=3.67e+00, x=[0, 0, 0, 0, 0, 0, 0, 0, 0, 0, 1, 0, 0, 0, 0, 0, 0, 0, 0, 0, 0, 0, 0, 0, 0, 0, 0, 1, 0, 0] (1.527s)
  Sub: Z₀=17.215767 [LOCAL] (0.5s), α=[0.000,0.000,0.000,0.000,0.000,0.000,0.427,0.000,0.000,0.000,6.327,0.000,0.000,0.000,0.000,0.000,0.000,0.000,0.000,0.000,0.000,0.000,0.000,0.000,0.000,0.459,0.094,3.509,0.000,0.000]
  Iter 28: LB=-56.115877  UB=20.999631  gap=3.67e+00
  Cut: intercept=-1083.947923, π_x_range=[-821.6925, 567.8639]

=== True-DRO Benders iter 29 ===
  OMP: t₀=-53.821637, UB=20.999631, gap=3.56e+00, x=[0, 0, 0, 0, 0, 0, 0, 0, 0, 0, 0, 0, 0, 0, 1, 0, 0, 0, 0, 0, 0, 0, 0, 0, 0, 1, 0, 0, 0, 0] (1.923s)
  Sub: Z₀=17.885020 [LOCAL] (0.4s), α=[0.000,0.000,0.000,0.000,0.000,0.000,0.000,0.000,0.000,0.000,0.000,0.000,0.000,0.000,0.000,0.000,0.000,0.000,0.000,0.000,0.000,0.000,0.000,0.000,0.000,10.815,0.000,0.000,0.000,0.000]
  Iter 29: LB=-53.821637  UB=20.999631  gap=3.56e+00
  Cut: intercept=-1168.885638, π_x_range=[-823.4298, 599.2829]

=== True-DRO Benders iter 30 ===
  OMP: t₀=-51.321422, UB=20.999631, gap=3.44e+00, x=[0, 0, 0, 0, 0, 0, 0, 0, 0, 0, 0, 0, 0, 0, 0, 0, 0, 0, 1, 0, 0, 0, 0, 0, 0, 1, 0, 0, 0, 0] (1.703s)
  Sub: Z₀=21.514677 (5.8s), α=[0.000,0.000,0.000,0.000,0.000,0.000,0.647,0.000,0.000,0.000,0.000,0.000,0.000,0.000,0.092,0.000,0.000,0.000,5.969,0.000,0.000,0.000,0.000,0.000,0.000,3.619,0.489,0.000,0.000,0.000]
  Iter 30: LB=-51.321422  UB=20.999631  gap=3.44e+00
  Cut: intercept=-26.700352, π_x_range=[-206.0000, 25.1365]
  Sherali-Cut: intercept=-14.043892, π_x_range=[-123.8798, 23.0785]

=== True-DRO Benders iter 31 ===
  OMP: t₀=-48.453149, UB=20.999631, gap=3.31e+00, x=[0, 0, 0, 0, 0, 0, 1, 0, 0, 0, 0, 0, 0, 0, 0, 0, 0, 0, 0, 1, 0, 0, 0, 0, 0, 0, 0, 0, 0, 0] (2.497s)
  Sub: Z₀=19.889945 [LOCAL] (0.4s), α=[0.000,0.000,0.000,0.000,0.058,0.000,3.173,0.024,0.000,0.000,0.000,0.000,0.000,0.000,0.755,0.000,0.000,0.000,0.000,3.321,0.000,0.000,0.000,0.000,0.000,3.048,0.404,0.031,0.000,0.000]
  Iter 31: LB=-48.453149  UB=20.999631  gap=3.31e+00
  Cut: intercept=-1121.173240, π_x_range=[-829.1791, 579.2117]

=== True-DRO Benders iter 32 ===
  OMP: t₀=-46.983199, UB=20.999631, gap=3.24e+00, x=[0, 0, 0, 0, 0, 0, 1, 0, 0, 0, 0, 0, 0, 0, 0, 0, 0, 0, 0, 0, 0, 0, 1, 0, 0, 0, 0, 0, 0, 0] (2.337s)
  Sub: Z₀=18.891096 [LOCAL] (0.3s), α=[0.000,0.000,0.000,0.000,0.000,0.000,1.791,0.017,0.000,0.000,0.000,0.000,0.000,0.000,0.000,0.000,0.000,0.000,0.000,0.000,0.000,0.000,0.680,0.000,0.000,8.327,0.000,0.000,0.000,0.000]
  Iter 32: LB=-46.983199  UB=20.999631  gap=3.24e+00
  Cut: intercept=-1123.489516, π_x_range=[-837.4411, 583.3947]

=== True-DRO Benders iter 33 ===
  OMP: t₀=-46.747370, UB=20.999631, gap=3.23e+00, x=[0, 0, 0, 0, 1, 0, 0, 1, 0, 0, 0, 0, 0, 0, 0, 0, 0, 0, 0, 0, 0, 0, 0, 0, 0, 0, 0, 0, 0, 0] (2.623s)
  Sub: Z₀=16.907115 [LOCAL] (0.4s), α=[0.000,0.000,0.000,0.000,8.584,0.000,0.000,0.000,0.000,0.000,0.000,0.000,0.000,0.000,2.230,0.000,0.000,0.000,0.000,0.000,0.000,0.000,0.000,0.000,0.000,0.000,0.000,0.000,0.000,0.000]
  Iter 33: LB=-46.747370  UB=20.999631  gap=3.23e+00
  Cut: intercept=-1116.852555, π_x_range=[-827.6697, 576.2658]

=== True-DRO Benders iter 34 ===
  OMP: t₀=-43.538692, UB=20.999631, gap=3.07e+00, x=[0, 0, 0, 0, 0, 0, 0, 0, 0, 0, 0, 0, 0, 0, 1, 0, 0, 0, 0, 1, 0, 0, 0, 0, 0, 0, 0, 0, 0, 0] (1.687s)
  Sub: Z₀=19.806552 [LOCAL] (0.3s), α=[0.000,0.000,0.000,0.000,0.000,0.000,0.000,0.000,0.000,0.000,0.000,0.000,0.000,0.000,4.216,0.000,0.000,0.000,0.000,2.843,0.000,0.000,0.000,0.000,0.000,3.755,0.000,0.000,0.000,0.000]
  Iter 34: LB=-43.538692  UB=20.999631  gap=3.07e+00
  Cut: intercept=-1125.731498, π_x_range=[-829.9667, 586.6784]

=== True-DRO Benders iter 35 ===
  OMP: t₀=-43.011594, UB=20.999631, gap=3.05e+00, x=[0, 0, 0, 0, 0, 0, 0, 0, 0, 0, 0, 0, 0, 0, 0, 0, 0, 0, 1, 0, 0, 0, 0, 0, 0, 0, 0, 1, 0, 0] (1.903s)
  Sub: Z₀=20.454134 (5.8s), α=[0.000,0.000,0.000,0.000,1.136,0.000,0.875,0.000,0.000,0.000,0.000,0.000,0.000,0.000,0.000,0.000,0.000,0.000,1.636,0.000,0.000,0.000,0.000,0.000,0.000,1.787,5.379,0.000,0.000,0.000]
  Iter 35: LB=-43.011594  UB=20.454134  gap=3.10e+00
  Cut: intercept=-26.070411, π_x_range=[-239.0000, 23.4460]
  Sherali-Cut: intercept=-6.249154, π_x_range=[-170.0658, 23.0785]

=== True-DRO Benders iter 36 ===
  OMP: t₀=-41.054647, UB=20.454134, gap=3.01e+00, x=[0, 0, 0, 1, 0, 0, 1, 0, 0, 0, 0, 0, 0, 0, 0, 0, 0, 0, 0, 0, 0, 0, 0, 0, 0, 0, 0, 0, 0, 0] (2.105s)
  Sub: Z₀=22.527479 [LOCAL] (0.4s), α=[0.000,0.000,0.000,0.000,1.487,0.000,2.465,0.000,0.000,0.000,0.000,0.000,0.000,0.000,0.002,0.000,0.000,0.000,0.000,0.000,0.000,0.000,0.000,0.000,0.000,5.040,1.353,0.467,0.000,0.000]
  Iter 36: LB=-41.054647  UB=20.454134  gap=3.01e+00
  Cut: intercept=-1127.227243, π_x_range=[-830.5338, 585.6091]

=== True-DRO Benders iter 37 ===
  OMP: t₀=-38.639496, UB=20.454134, gap=2.89e+00, x=[0, 0, 0, 0, 0, 0, 1, 0, 0, 0, 0, 0, 0, 0, 1, 0, 0, 0, 0, 0, 0, 0, 0, 0, 0, 0, 0, 0, 0, 0] (2.790s)
  Sub: Z₀=20.047569 [LOCAL] (0.6s), α=[0.000,0.000,0.000,0.000,0.072,0.000,3.258,0.000,0.000,0.000,0.000,0.000,0.000,0.000,3.258,0.000,0.000,0.000,0.000,0.000,0.000,0.000,0.000,0.000,0.000,3.691,0.327,0.208,0.000,0.000]
  Iter 37: LB=-38.639496  UB=20.454134  gap=2.89e+00
  Cut: intercept=-1150.129754, π_x_range=[-830.0888, 588.0969]

=== True-DRO Benders iter 38 ===
  OMP: t₀=-37.409058, UB=20.454134, gap=2.83e+00, x=[0, 0, 0, 0, 0, 0, 0, 1, 0, 0, 0, 0, 0, 0, 1, 0, 0, 0, 0, 0, 0, 0, 0, 0, 0, 0, 0, 0, 0, 0] (2.144s)
  Sub: Z₀=20.798413 [LOCAL] (0.3s), α=[0.000,0.000,0.000,0.000,0.000,0.000,0.000,2.815,0.000,0.000,0.000,0.000,0.000,0.000,7.414,0.000,0.000,0.000,0.000,0.000,0.000,0.000,0.000,0.000,0.000,0.585,0.000,0.000,0.000,0.000]
  Iter 38: LB=-37.409058  UB=20.454134  gap=2.83e+00
  Cut: intercept=-1140.533726, π_x_range=[-829.0629, 587.8999]

=== True-DRO Benders iter 39 ===
  OMP: t₀=-37.025553, UB=20.454134, gap=2.81e+00, x=[0, 0, 0, 0, 0, 0, 1, 1, 0, 0, 0, 0, 0, 0, 0, 0, 0, 0, 0, 0, 0, 0, 0, 0, 0, 0, 0, 0, 0, 0] (2.173s)
  Sub: Z₀=21.592227 [LOCAL] (0.4s), α=[0.000,0.000,0.000,0.000,0.047,0.000,2.900,2.981,0.000,0.000,0.000,0.000,0.000,0.000,0.371,0.000,0.000,0.000,0.000,0.035,0.000,0.000,0.000,0.000,0.000,3.665,0.116,0.699,0.000,0.000]
  Iter 39: LB=-37.025553  UB=20.454134  gap=2.81e+00
  Cut: intercept=-1132.375381, π_x_range=[-828.7248, 583.6099]

=== True-DRO Benders iter 40 ===
  OMP: t₀=-36.553091, UB=20.454134, gap=2.79e+00, x=[0, 0, 0, 0, 0, 0, 0, 1, 0, 0, 0, 0, 0, 0, 0, 0, 0, 0, 0, 0, 0, 0, 1, 0, 0, 0, 0, 0, 0, 0] (2.224s)
  Sub: Z₀=23.335733 (6.3s), α=[0.000,0.000,0.000,0.000,0.000,0.000,0.000,1.217,0.000,0.000,0.000,0.000,0.000,0.000,2.094,0.000,0.000,0.000,0.000,0.000,0.000,0.000,4.656,0.000,0.000,2.116,0.732,0.000,0.000,0.000]
  Iter 40: LB=-36.553091  UB=20.454134  gap=2.79e+00
  Cut: intercept=-80.348091, π_x_range=[-230.0000, 58.1122]
  Sherali-Cut: intercept=-54.679490, π_x_range=[-81.0966, 40.8356]

=== True-DRO Benders iter 41 ===
  OMP: t₀=-32.119146, UB=20.454134, gap=2.57e+00, x=[0, 0, 0, 0, 0, 0, 1, 0, 0, 0, 0, 0, 0, 0, 0, 0, 0, 1, 0, 0, 0, 0, 0, 0, 0, 0, 0, 0, 0, 0] (1.840s)
  Sub: Z₀=22.527479 [LOCAL] (0.3s), α=[0.000,0.000,0.000,0.000,0.000,0.000,3.952,0.000,0.000,0.000,0.000,0.000,0.000,0.000,1.501,0.000,0.000,0.000,0.000,0.000,0.000,0.000,0.000,0.000,0.000,3.541,0.745,1.075,0.000,0.000]
  Iter 41: LB=-32.119146  UB=20.454134  gap=2.57e+00
  Cut: intercept=-1120.526225, π_x_range=[-829.0652, 585.3385]

=== True-DRO Benders iter 42 ===
  OMP: t₀=-31.111421, UB=20.454134, gap=2.52e+00, x=[0, 0, 0, 0, 1, 0, 0, 0, 0, 0, 0, 0, 0, 0, 0, 0, 0, 0, 0, 0, 0, 0, 0, 0, 0, 0, 1, 0, 0, 0] (1.956s)
  Sub: Z₀=14.638286 [LOCAL] (0.5s), α=[0.000,0.000,0.000,0.000,5.609,0.000,0.000,0.000,0.000,0.000,0.000,0.000,0.000,0.000,0.000,0.000,0.000,0.000,0.000,0.000,0.000,0.000,0.000,0.000,0.000,0.000,5.016,0.189,0.000,0.000]
  Iter 42: LB=-31.111421  UB=20.454134  gap=2.52e+00
  Cut: intercept=-1130.438749, π_x_range=[-831.3987, 580.2033]

=== True-DRO Benders iter 43 ===
  OMP: t₀=-30.688853, UB=20.454134, gap=2.50e+00, x=[0, 0, 0, 0, 0, 0, 0, 0, 0, 0, 0, 0, 0, 0, 1, 0, 0, 0, 0, 0, 0, 0, 0, 0, 0, 0, 0, 1, 0, 0] (2.049s)
  Sub: Z₀=18.600236 [LOCAL] (0.3s), α=[0.000,0.000,0.000,0.000,0.000,0.000,0.000,0.000,0.000,0.000,0.000,0.000,0.000,0.000,4.826,0.000,0.000,0.000,0.000,0.000,0.000,0.000,0.000,0.000,0.000,3.295,0.011,2.683,0.000,0.000]
  Iter 43: LB=-30.688853  UB=20.454134  gap=2.50e+00
  Cut: intercept=-1133.871157, π_x_range=[-832.7966, 586.0113]

=== True-DRO Benders iter 44 ===
  OMP: t₀=-30.576593, UB=20.454134, gap=2.49e+00, x=[0, 0, 0, 0, 0, 0, 0, 1, 0, 0, 0, 0, 0, 0, 0, 0, 0, 1, 0, 0, 0, 0, 0, 0, 0, 0, 0, 0, 0, 0] (2.291s)
  Sub: Z₀=22.794419 [LOCAL] (0.4s), α=[0.000,0.000,0.000,0.000,0.000,0.000,0.000,3.412,0.000,0.000,0.000,0.000,0.000,0.000,2.044,0.000,0.000,0.000,0.000,0.068,0.000,0.000,0.000,0.000,0.000,3.619,0.121,1.551,0.000,0.000]
  Iter 44: LB=-30.576593  UB=20.454134  gap=2.49e+00
  Cut: intercept=-1090.173401, π_x_range=[-827.1158, 565.5841]

=== True-DRO Benders iter 45 ===
  OMP: t₀=-28.789877, UB=20.454134, gap=2.41e+00, x=[0, 0, 0, 0, 1, 0, 0, 0, 0, 0, 0, 0, 0, 0, 0, 0, 0, 0, 0, 0, 0, 0, 0, 0, 0, 1, 0, 0, 0, 0] (1.667s)
  Sub: Z₀=20.999631 (6.1s), α=[0.000,0.000,0.000,0.000,0.000,0.000,2.557,0.000,0.000,0.000,0.000,0.000,0.000,0.000,1.682,0.000,0.000,0.000,0.000,0.000,0.000,0.000,0.000,0.000,0.000,0.651,2.964,2.961,0.000,0.000]
  Iter 45: LB=-28.789877  UB=20.454134  gap=2.41e+00
  Cut: intercept=-12.258696, π_x_range=[-289.0000, 22.2432]
  Sherali-Cut: intercept=-8.191078, π_x_range=[-82.8854, 18.1756]

=== True-DRO Benders iter 46 ===
  OMP: t₀=-27.973599, UB=20.454134, gap=2.37e+00, x=[0, 0, 0, 0, 0, 0, 1, 0, 0, 0, 0, 0, 0, 0, 0, 0, 0, 0, 0, 0, 0, 1, 0, 0, 0, 0, 0, 0, 0, 0] (2.220s)
  Sub: Z₀=22.527479 [LOCAL] (0.3s), α=[0.000,0.000,0.000,0.000,0.084,0.000,3.868,0.000,0.000,0.000,0.000,0.000,0.000,0.000,1.411,0.000,0.000,0.000,0.000,0.000,0.000,0.000,0.000,0.000,0.000,3.631,1.820,0.000,0.000,0.000]
  Iter 46: LB=-27.973599  UB=20.454134  gap=2.37e+00
  Cut: intercept=-1122.961611, π_x_range=[-831.1310, 585.3348]

=== True-DRO Benders iter 47 ===
  OMP: t₀=-24.687913, UB=20.454134, gap=2.21e+00, x=[0, 0, 0, 0, 0, 0, 1, 0, 0, 0, 0, 0, 0, 0, 0, 0, 0, 0, 0, 0, 0, 0, 0, 0, 0, 0, 0, 1, 0, 0] (2.445s)
  Sub: Z₀=19.326040 [LOCAL] (0.3s), α=[0.000,0.000,0.000,0.000,0.000,0.000,0.866,0.000,0.000,0.000,0.000,0.000,0.000,0.000,0.000,0.000,0.000,0.000,0.000,0.000,0.000,0.000,0.000,0.000,0.000,2.264,0.514,7.170,0.000,0.000]
  Iter 47: LB=-24.687913  UB=20.454134  gap=2.21e+00
  Cut: intercept=-1133.942786, π_x_range=[-830.0320, 589.0171]

=== True-DRO Benders iter 48 ===
  OMP: t₀=-23.763307, UB=20.454134, gap=2.16e+00, x=[0, 0, 0, 0, 0, 0, 0, 0, 0, 0, 0, 0, 0, 0, 1, 0, 0, 0, 0, 0, 0, 0, 1, 0, 0, 0, 0, 0, 0, 0] (3.370s)
  Sub: Z₀=20.237391 [LOCAL] (0.5s), α=[0.000,0.000,0.000,0.000,0.000,0.000,0.000,0.000,0.000,0.000,0.000,0.000,0.000,0.000,5.057,0.000,0.000,0.000,0.000,0.000,0.000,0.000,0.000,0.000,0.000,3.283,2.314,0.161,0.000,0.000]
  Iter 48: LB=-23.763307  UB=20.454134  gap=2.16e+00
  Cut: intercept=-1132.518745, π_x_range=[-835.9167, 584.9285]

=== True-DRO Benders iter 49 ===
  OMP: t₀=-21.999885, UB=20.454134, gap=2.08e+00, x=[0, 0, 0, 0, 0, 0, 0, 0, 0, 0, 1, 1, 0, 0, 0, 0, 0, 0, 0, 0, 0, 0, 0, 0, 0, 0, 0, 0, 0, 0] (2.713s)
  Sub: Z₀=21.416633 [LOCAL] (0.3s), α=[0.000,0.000,0.000,0.000,0.000,0.000,0.283,0.000,0.000,0.000,6.353,0.000,0.000,0.000,3.828,0.000,0.000,0.000,0.000,0.000,0.000,0.000,0.000,0.000,0.000,0.000,0.216,0.134,0.000,0.000]
  Iter 49: LB=-21.999885  UB=20.454134  gap=2.08e+00
  Cut: intercept=-1073.619860, π_x_range=[-821.3156, 563.1991]

=== True-DRO Benders iter 50 ===
  OMP: t₀=-19.738056, UB=20.454134, gap=1.96e+00, x=[0, 0, 0, 0, 0, 0, 1, 0, 0, 0, 0, 0, 0, 1, 0, 0, 0, 0, 0, 0, 0, 0, 0, 0, 0, 0, 0, 0, 0, 0] (2.283s)
  Sub: Z₀=23.504184 (6.2s), α=[0.000,0.000,0.000,0.000,1.732,0.000,0.904,0.000,0.000,0.000,0.000,0.000,0.000,0.000,0.349,0.000,0.000,0.000,0.000,0.000,0.000,0.000,0.000,0.000,0.000,5.351,2.053,0.425,0.000,0.000]
  Iter 50: LB=-19.738056  UB=20.454134  gap=1.96e+00
  Cut: intercept=-15.551277, π_x_range=[-296.0000, 22.9421]
  Sherali-Cut: intercept=19.566867, π_x_range=[-138.9021, 3.9373]

=== True-DRO Benders iter 51 ===
  OMP: t₀=-19.148624, UB=20.454134, gap=1.94e+00, x=[0, 0, 0, 0, 0, 0, 0, 0, 0, 0, 0, 0, 0, 0, 0, 0, 0, 0, 0, 1, 0, 0, 0, 0, 0, 1, 0, 0, 0, 0] (2.153s)
  Sub: Z₀=16.003832 [LOCAL] (0.3s), α=[0.000,0.000,0.000,0.000,0.000,0.000,0.000,0.000,0.000,0.000,0.000,0.000,0.000,0.000,0.135,0.000,0.000,0.000,0.000,1.459,0.000,0.000,0.000,0.000,0.000,9.220,0.000,0.000,0.000,0.000]
  Iter 51: LB=-19.148624  UB=20.454134  gap=1.94e+00
  Cut: intercept=-1130.896564, π_x_range=[-826.5746, 580.7810]

=== True-DRO Benders iter 52 ===
  OMP: t₀=-18.951358, UB=20.454134, gap=1.93e+00, x=[0, 0, 0, 0, 0, 0, 0, 1, 0, 0, 0, 0, 0, 0, 0, 0, 0, 0, 0, 0, 0, 0, 0, 0, 0, 1, 0, 0, 0, 0] (2.476s)
  Sub: Z₀=19.822112 [LOCAL] (0.3s), α=[0.000,0.000,0.000,0.000,0.000,0.000,0.000,0.788,0.000,0.000,0.000,0.000,0.000,0.000,1.488,0.000,0.000,0.000,0.000,0.004,0.000,0.000,0.000,0.000,0.000,8.534,0.000,0.000,0.000,0.000]
  Iter 52: LB=-18.951358  UB=20.454134  gap=1.93e+00
  Cut: intercept=-1126.196718, π_x_range=[-830.5853, 578.0074]

=== True-DRO Benders iter 53 ===
  OMP: t₀=-17.223842, UB=20.454134, gap=1.84e+00, x=[0, 0, 0, 0, 1, 0, 1, 0, 0, 0, 0, 0, 0, 0, 0, 0, 0, 0, 0, 0, 0, 0, 0, 0, 0, 0, 0, 0, 0, 0] (2.148s)
  Sub: Z₀=17.658047 [LOCAL] (0.3s), α=[0.000,0.000,0.000,0.000,7.104,0.000,2.097,0.000,0.000,0.000,0.000,0.000,0.000,0.000,1.542,0.000,0.000,0.000,0.000,0.000,0.000,0.000,0.000,0.000,0.000,0.071,0.000,0.000,0.000,0.000]
  Iter 53: LB=-17.223842  UB=20.454134  gap=1.84e+00
  Cut: intercept=-1144.986963, π_x_range=[-833.0033, 592.6388]

=== True-DRO Benders iter 54 ===
  OMP: t₀=-14.257805, UB=20.454134, gap=1.70e+00, x=[0, 0, 0, 0, 0, 0, 0, 1, 0, 0, 0, 0, 0, 0, 0, 0, 0, 0, 0, 0, 0, 0, 0, 0, 0, 0, 0, 1, 0, 0] (2.605s)
  Sub: Z₀=18.561275 [LOCAL] (0.3s), α=[0.000,0.000,0.000,0.000,0.000,0.000,0.000,2.617,0.000,0.000,0.000,0.000,0.000,0.000,0.000,0.000,0.000,0.000,0.000,0.000,0.000,0.000,0.000,0.000,0.000,1.332,0.000,6.865,0.000,0.000]
  Iter 54: LB=-14.257805  UB=20.454134  gap=1.70e+00
  Cut: intercept=-1119.691202, π_x_range=[-831.3769, 570.9574]

=== True-DRO Benders iter 55 ===
  OMP: t₀=-13.480530, UB=20.454134, gap=1.66e+00, x=[0, 0, 0, 1, 0, 0, 0, 0, 0, 0, 0, 0, 0, 0, 1, 0, 0, 0, 0, 0, 0, 0, 0, 0, 0, 0, 0, 0, 0, 0] (2.152s)
  Sub: Z₀=24.002586 (1.7s), α=[0.000,0.000,0.000,0.000,0.000,0.000,0.000,0.000,0.000,0.000,0.000,0.000,0.000,0.000,6.309,0.000,0.000,0.000,0.000,0.000,0.000,0.000,0.000,0.000,0.000,3.107,0.800,0.599,0.000,0.000]
  Iter 55: LB=-13.480530  UB=20.454134  gap=1.66e+00
  Cut: intercept=-30.569641, π_x_range=[-270.0000, 38.7233]
  Sherali-Cut: intercept=20.834931, π_x_range=[-92.0788, 3.1677]

=== True-DRO Benders iter 56 ===
  OMP: t₀=-11.988123, UB=20.454134, gap=1.59e+00, x=[0, 0, 0, 0, 1, 0, 0, 0, 0, 0, 0, 0, 0, 0, 0, 0, 0, 0, 0, 1, 0, 0, 0, 0, 0, 0, 0, 0, 0, 0] (2.090s)
  Sub: Z₀=17.056385 [LOCAL] (0.8s), α=[0.000,0.000,0.000,0.000,2.628,0.000,0.501,0.000,0.000,0.000,0.000,0.000,0.000,0.000,6.596,0.000,0.000,0.000,0.000,0.000,0.000,0.000,0.000,0.000,0.000,1.089,0.000,0.000,0.000,0.000]
  Iter 56: LB=-11.988123  UB=20.454134  gap=1.59e+00
  Cut: intercept=-1123.575327, π_x_range=[-839.4904, 583.6860]

=== True-DRO Benders iter 57 ===
  OMP: t₀=-10.980316, UB=20.454134, gap=1.54e+00, x=[0, 0, 0, 1, 0, 0, 0, 0, 0, 0, 0, 0, 0, 0, 0, 0, 0, 0, 1, 0, 0, 0, 0, 0, 0, 0, 0, 0, 0, 0] (2.297s)
  Sub: Z₀=21.560667 [LOCAL] (0.4s), α=[0.000,0.000,0.000,1.446,0.096,0.000,0.000,0.000,0.000,0.000,0.000,0.000,0.000,0.000,0.208,0.000,0.000,0.000,3.301,0.000,0.000,0.000,0.000,0.000,0.000,3.715,1.551,0.497,0.000,0.000]
  Iter 57: LB=-10.980316  UB=20.454134  gap=1.54e+00
  Cut: intercept=-1081.083241, π_x_range=[-830.8636, 567.6734]

=== True-DRO Benders iter 58 ===
  OMP: t₀=-10.168957, UB=20.454134, gap=1.50e+00, x=[0, 0, 0, 1, 0, 0, 0, 1, 0, 0, 0, 0, 0, 0, 0, 0, 0, 0, 0, 0, 0, 0, 0, 0, 0, 0, 0, 0, 0, 0] (2.011s)
  Sub: Z₀=22.807150 [LOCAL] (0.4s), α=[0.000,0.000,0.000,0.000,0.000,0.000,0.000,3.435,0.000,0.000,0.000,0.000,0.000,0.000,2.066,0.000,0.000,0.000,0.000,0.000,0.000,0.000,0.000,0.000,0.000,3.619,0.153,1.542,0.000,0.000]
  Iter 58: LB=-10.168957  UB=20.454134  gap=1.50e+00
  Cut: intercept=-1107.059605, π_x_range=[-827.3178, 567.3078]

=== True-DRO Benders iter 59 ===
  OMP: t₀=-9.640818, UB=20.454134, gap=1.47e+00, x=[0, 0, 0, 0, 0, 0, 0, 0, 0, 0, 1, 0, 0, 1, 0, 0, 0, 0, 0, 0, 0, 0, 0, 0, 0, 0, 0, 0, 0, 0] (2.141s)
  Sub: Z₀=20.529506 [LOCAL] (0.3s), α=[0.000,0.000,0.000,0.000,0.000,0.000,0.118,0.000,0.000,0.000,6.716,0.000,0.000,0.317,3.663,0.000,0.000,0.000,0.000,0.000,0.000,0.000,0.000,0.000,0.000,0.000,0.000,0.000,0.000,0.000]
  Iter 59: LB=-9.640818  UB=20.454134  gap=1.47e+00
  Cut: intercept=-1113.426511, π_x_range=[-818.6353, 593.8261]

=== True-DRO Benders iter 60 ===
  OMP: t₀=-8.742102, UB=20.454134, gap=1.43e+00, x=[0, 0, 0, 0, 0, 0, 0, 0, 0, 0, 0, 0, 0, 0, 0, 0, 0, 0, 0, 1, 0, 0, 1, 0, 0, 0, 0, 0, 0, 0] (2.792s)
  Sub: Z₀=21.929704 (4.2s), α=[0.000,0.000,0.000,0.000,0.000,0.000,0.000,0.000,0.000,0.000,0.000,0.000,0.000,0.000,0.000,0.000,0.000,0.000,0.000,0.000,0.000,0.000,0.000,0.000,0.000,10.815,0.000,0.000,0.000,0.000]
  Iter 60: LB=-8.742102  UB=20.454134  gap=1.43e+00
  Cut: intercept=-86.938613, π_x_range=[-273.5399, 84.5390]
  Sherali-Cut: intercept=-0.600966, π_x_range=[-123.4264, 22.5307]

=== True-DRO Benders iter 61 ===
  OMP: t₀=-7.722791, UB=20.454134, gap=1.38e+00, x=[0, 0, 0, 1, 0, 0, 0, 0, 0, 0, 1, 0, 0, 0, 0, 0, 0, 0, 0, 0, 0, 0, 0, 0, 0, 0, 0, 0, 0, 0] (3.133s)
  Sub: Z₀=21.416633 [LOCAL] (0.3s), α=[0.000,0.000,0.000,0.000,0.000,0.000,0.283,0.000,0.000,0.000,6.353,0.000,0.000,0.000,3.828,0.000,0.000,0.000,0.000,0.000,0.000,0.000,0.000,0.000,0.000,0.000,0.210,0.140,0.000,0.000]
  Iter 61: LB=-7.722791  UB=20.454134  gap=1.38e+00
  Cut: intercept=-1071.464632, π_x_range=[-822.0677, 563.1781]

=== True-DRO Benders iter 62 ===
  OMP: t₀=-7.598517, UB=20.454134, gap=1.37e+00, x=[0, 0, 0, 0, 0, 0, 0, 0, 0, 0, 0, 0, 0, 0, 0, 0, 0, 0, 0, 1, 0, 1, 0, 0, 0, 0, 0, 0, 0, 0] (3.098s)
  Sub: Z₀=21.714574 [LOCAL] (0.7s), α=[0.000,0.000,0.000,0.000,0.000,0.000,0.000,0.000,0.000,0.000,0.000,0.000,0.000,0.000,0.402,0.000,0.000,0.000,0.000,5.002,0.000,0.000,0.000,0.000,0.000,2.937,2.475,0.000,0.000,0.000]
  Iter 62: LB=-7.598517  UB=20.454134  gap=1.37e+00
  Cut: intercept=-1105.429896, π_x_range=[-829.8736, 565.4078]

=== True-DRO Benders iter 63 ===
  OMP: t₀=-6.130726, UB=20.454134, gap=1.30e+00, x=[0, 0, 0, 0, 0, 0, 0, 0, 0, 0, 0, 0, 0, 0, 1, 0, 0, 1, 0, 0, 0, 0, 0, 0, 0, 0, 0, 0, 0, 0] (3.096s)
  Sub: Z₀=22.424907 [LOCAL] (0.3s), α=[0.000,0.000,0.000,0.000,0.000,0.000,0.000,0.000,0.000,0.000,0.000,0.000,0.000,0.000,6.250,0.000,0.000,0.000,0.000,0.000,0.000,0.000,0.000,0.000,0.000,3.619,0.333,0.613,0.000,0.000]
  Iter 63: LB=-6.130726  UB=20.454134  gap=1.30e+00
  Cut: intercept=-1126.026346, π_x_range=[-829.3972, 587.1502]

=== True-DRO Benders iter 64 ===
  OMP: t₀=-5.810306, UB=20.454134, gap=1.28e+00, x=[0, 0, 0, 0, 0, 0, 0, 0, 0, 0, 1, 0, 0, 0, 0, 0, 0, 0, 0, 0, 0, 0, 0, 0, 0, 0, 0, 0, 0, 0] (3.590s)
  Sub: Z₀=21.416633 [LOCAL] (0.3s), α=[0.000,0.000,0.000,0.000,0.000,0.000,0.283,0.000,0.000,0.000,6.353,0.000,0.000,0.000,3.828,0.000,0.000,0.000,0.000,0.000,0.000,0.000,0.000,0.000,0.000,0.000,0.209,0.141,0.000,0.000]
  Iter 64: LB=-5.810306  UB=20.454134  gap=1.28e+00
  Cut: intercept=-510.210247, π_x_range=[-821.3511, 531.6269]

=== True-DRO Benders iter 65 ===
  OMP: t₀=-5.810306, UB=20.454134, gap=1.28e+00, x=[1, 0, 0, 0, 0, 0, 0, 0, 0, 0, 1, 0, 0, 0, 0, 0, 0, 0, 0, 0, 0, 0, 0, 0, 0, 0, 0, 0, 0, 0] (3.286s)
  Sub: Z₀=25.926271 [TIME_LIMIT] (17.0s), α=[0.000,0.000,0.000,0.000,0.000,0.000,0.332,0.000,0.000,0.000,0.000,0.000,0.000,0.000,4.237,0.000,0.000,0.000,0.000,0.000,0.000,0.000,0.000,0.000,0.000,2.924,3.322,0.000,0.000,0.000]
  Iter 65: LB=-5.810306  UB=20.454134  gap=1.28e+00
  Cut: intercept=-63.392109, π_x_range=[-181.1146, 89.3184]

=== True-DRO Benders iter 66 ===
  OMP: t₀=-5.810306, UB=20.454134, gap=1.28e+00, x=[0, 0, 0, 0, 0, 0, 0, 0, 0, 0, 1, 0, 0, 0, 0, 1, 0, 0, 0, 0, 0, 0, 0, 0, 0, 0, 0, 0, 0, 0] (3.003s)
  Sub: Z₀=21.357882 [LOCAL] (0.3s), α=[0.000,0.000,0.000,0.000,0.000,0.000,0.166,0.000,0.000,0.000,6.471,0.000,0.000,0.000,3.710,0.000,0.000,0.000,0.000,0.000,0.000,0.000,0.000,0.000,0.000,0.118,0.209,0.141,0.000,0.000]
  Iter 66: LB=-5.810306  UB=20.454134  gap=1.28e+00
  Cut: intercept=-1043.745960, π_x_range=[-819.0591, 534.3890]

=== True-DRO Benders iter 67 ===
  OMP: t₀=-5.810306, UB=20.454134, gap=1.28e+00, x=[0, 0, 0, 0, 0, 0, 0, 0, 0, 0, 1, 0, 0, 0, 0, 0, 0, 0, 0, 0, 0, 0, 0, 0, 0, 0, 0, 0, 1, 0] (3.190s)
  Sub: Z₀=21.179734 [LOCAL] (0.4s), α=[0.000,0.000,0.000,0.000,0.000,0.000,0.000,0.000,0.000,0.000,6.989,0.000,0.000,0.000,3.016,0.000,0.000,0.000,0.000,0.000,0.000,0.000,0.000,0.000,0.000,0.636,0.095,0.079,0.000,0.000]
  Iter 67: LB=-5.810306  UB=20.454134  gap=1.28e+00
  Cut: intercept=-1041.810641, π_x_range=[-821.0065, 532.4610]

=== True-DRO Benders iter 68 ===
  OMP: t₀=-5.810306, UB=20.454134, gap=1.28e+00, x=[0, 0, 0, 0, 0, 0, 0, 0, 0, 0, 1, 0, 0, 0, 0, 0, 1, 0, 0, 0, 0, 0, 0, 0, 0, 0, 0, 0, 0, 0] (2.931s)
  Sub: Z₀=20.482906 [LOCAL] (0.3s), α=[0.000,0.000,0.000,0.000,0.000,0.000,0.000,0.000,0.000,0.000,6.989,0.000,0.000,0.000,3.016,0.000,0.000,0.000,0.000,0.000,0.000,0.000,0.000,0.000,0.000,0.636,0.097,0.077,0.000,0.000]
  Iter 68: LB=-5.810306  UB=20.454134  gap=1.28e+00
  Cut: intercept=-1049.543364, π_x_range=[-820.8721, 540.5665]

=== True-DRO Benders iter 69 ===
  OMP: t₀=-5.810306, UB=20.454134, gap=1.28e+00, x=[0, 1, 0, 0, 0, 0, 0, 0, 0, 0, 1, 0, 0, 0, 0, 0, 0, 0, 0, 0, 0, 0, 0, 0, 0, 0, 0, 0, 0, 0] (3.089s)
  Sub: Z₀=21.416633 [LOCAL] (0.3s), α=[0.000,0.000,0.000,0.000,0.000,0.000,0.283,0.000,0.000,0.000,6.353,0.000,0.000,0.000,3.828,0.000,0.000,0.000,0.000,0.000,0.000,0.000,0.000,0.000,0.000,0.000,0.209,0.141,0.000,0.000]
  Iter 69: LB=-5.810306  UB=20.454134  gap=1.28e+00
  Cut: intercept=-1066.262311, π_x_range=[-821.3529, 556.0260]

=== True-DRO Benders iter 70 ===
  OMP: t₀=-5.810306, UB=20.454134, gap=1.28e+00, x=[0, 0, 1, 0, 0, 0, 0, 0, 0, 0, 1, 0, 0, 0, 0, 0, 0, 0, 0, 0, 0, 0, 0, 0, 0, 0, 0, 0, 0, 0] (3.162s)
  Sub: Z₀=26.107326 (6.2s), α=[0.000,0.000,0.000,0.000,0.000,0.000,0.330,0.000,0.000,0.000,0.000,0.000,0.000,0.000,3.874,0.000,0.000,0.000,0.000,0.000,0.000,0.000,0.000,0.000,0.000,3.107,1.126,2.377,0.000,0.000]
  Iter 70: LB=-5.810306  UB=20.454134  gap=1.28e+00
  Cut: intercept=-74.107672, π_x_range=[-220.0000, 64.1695]
  Sherali-Cut: intercept=-8.257055, π_x_range=[-112.5211, 34.3643]

=== True-DRO Benders iter 71 ===
  OMP: t₀=-3.446444, UB=20.454134, gap=1.17e+00, x=[0, 0, 0, 0, 0, 0, 0, 0, 0, 0, 0, 0, 0, 0, 0, 0, 0, 1, 1, 0, 0, 0, 0, 0, 0, 0, 0, 0, 0, 0] (3.170s)
  Sub: Z₀=20.491268 [LOCAL] (0.4s), α=[0.000,0.000,0.000,0.000,0.000,0.000,0.000,0.000,0.000,0.000,0.000,0.000,0.000,0.000,0.000,0.000,0.000,0.076,7.115,0.006,0.000,0.000,0.000,0.000,0.000,3.619,0.000,0.000,0.000,0.000]
  Iter 71: LB=-3.446444  UB=20.454134  gap=1.17e+00
  Cut: intercept=-1085.886735, π_x_range=[-829.6459, 561.1841]

=== True-DRO Benders iter 72 ===
  OMP: t₀=-2.133739, UB=20.454134, gap=1.10e+00, x=[0, 0, 0, 0, 0, 0, 0, 1, 1, 0, 0, 0, 0, 0, 0, 0, 0, 0, 0, 0, 0, 0, 0, 0, 0, 0, 0, 0, 0, 0] (3.068s)
  Sub: Z₀=22.807150 [LOCAL] (0.3s), α=[0.000,0.000,0.000,0.000,0.000,0.000,0.000,3.435,0.000,0.000,0.000,0.000,0.000,0.000,2.066,0.000,0.000,0.000,0.000,0.000,0.000,0.000,0.000,0.000,0.000,3.619,0.000,1.695,0.000,0.000]
  Iter 72: LB=-2.133739  UB=20.454134  gap=1.10e+00
  Cut: intercept=-1126.620691, π_x_range=[-829.9781, 583.8593]

=== True-DRO Benders iter 73 ===
  OMP: t₀=-1.295655, UB=20.454134, gap=1.06e+00, x=[0, 0, 0, 0, 0, 0, 0, 0, 0, 0, 0, 0, 0, 0, 0, 0, 0, 1, 0, 0, 0, 0, 1, 0, 0, 0, 0, 0, 0, 0] (3.384s)
  Sub: Z₀=20.525840 [LOCAL] (0.4s), α=[0.000,0.000,0.000,0.000,0.000,0.000,0.000,0.000,0.000,0.000,0.000,0.000,0.000,0.000,0.000,0.000,0.000,0.000,0.000,0.000,0.000,0.000,7.244,0.000,0.000,3.571,0.000,0.000,0.000,0.000]
  Iter 73: LB=-1.295655  UB=20.454134  gap=1.06e+00
  Cut: intercept=-1104.139302, π_x_range=[-827.5234, 567.5469]

=== True-DRO Benders iter 74 ===
  OMP: t₀=-1.137806, UB=20.454134, gap=1.06e+00, x=[0, 0, 0, 0, 0, 0, 0, 1, 0, 0, 0, 0, 0, 0, 0, 0, 0, 0, 0, 0, 0, 1, 0, 0, 0, 0, 0, 0, 0, 0] (3.185s)
  Sub: Z₀=22.807150 [LOCAL] (0.4s), α=[0.000,0.000,0.000,0.000,0.000,0.000,0.000,3.435,0.000,0.000,0.000,0.000,0.000,0.000,2.066,0.000,0.000,0.000,0.000,0.000,0.000,0.000,0.000,0.000,0.000,3.619,1.623,0.072,0.000,0.000]
  Iter 74: LB=-1.137806  UB=20.454134  gap=1.06e+00
  Cut: intercept=-1105.417256, π_x_range=[-829.3700, 566.2163]

=== True-DRO Benders iter 75 ===
  OMP: t₀=-1.125645, UB=20.454134, gap=1.06e+00, x=[0, 0, 0, 0, 0, 0, 0, 0, 0, 0, 0, 0, 0, 0, 0, 0, 0, 0, 0, 0, 0, 1, 0, 0, 0, 1, 0, 0, 0, 0] (3.299s)
  Sub: Z₀=23.504184 (8.2s), α=[0.000,0.000,0.000,0.000,0.000,0.000,2.636,0.000,0.000,0.000,0.000,0.000,0.000,0.000,2.081,0.000,0.000,0.000,0.000,0.000,0.000,0.000,0.000,0.000,0.000,3.619,2.478,0.000,0.000,0.000]
  Iter 75: LB=-1.125645  UB=20.454134  gap=1.06e+00
  Cut: intercept=-44.184103, π_x_range=[-226.0000, 43.7791]
  Sherali-Cut: intercept=3.990893, π_x_range=[-99.4713, 19.5133]

=== True-DRO Benders iter 76 ===
  OMP: t₀=-1.006722, UB=20.454134, gap=1.05e+00, x=[0, 0, 0, 0, 0, 0, 0, 0, 0, 0, 0, 0, 0, 0, 0, 0, 0, 0, 0, 0, 0, 1, 1, 0, 0, 0, 0, 0, 0, 0] (3.635s)
  Sub: Z₀=21.714574 [LOCAL] (0.5s), α=[0.000,0.000,0.000,0.000,0.000,0.000,0.000,0.065,0.000,0.000,0.000,0.000,0.000,0.000,0.402,0.000,0.000,0.000,0.000,0.000,0.000,0.000,4.936,0.000,0.000,2.937,2.475,0.000,0.000,0.000]
  Iter 76: LB=-1.006722  UB=20.454134  gap=1.05e+00
  Cut: intercept=-1103.526314, π_x_range=[-827.9422, 565.0551]

=== True-DRO Benders iter 77 ===
  OMP: t₀=-0.436261, UB=20.454134, gap=1.02e+00, x=[0, 0, 0, 0, 0, 0, 0, 1, 0, 0, 0, 0, 0, 0, 0, 0, 0, 0, 0, 0, 0, 0, 0, 0, 0, 0, 0, 0, 0, 0] (3.407s)
  Sub: Z₀=22.807150 [LOCAL] (0.4s), α=[0.000,0.000,0.000,0.000,0.000,0.000,0.000,3.435,0.000,0.000,0.000,0.000,0.000,0.000,2.066,0.000,0.000,0.000,0.000,0.000,0.000,0.000,0.000,0.000,0.000,3.619,0.151,1.544,0.000,0.000]
  Iter 77: LB=-0.436261  UB=20.454134  gap=1.02e+00
  Cut: intercept=-544.425863, π_x_range=[-829.3197, 567.2330]

=== True-DRO Benders iter 78 ===
  OMP: t₀=-0.436261, UB=20.454134, gap=1.02e+00, x=[1, 0, 0, 0, 0, 0, 0, 1, 0, 0, 0, 0, 0, 0, 0, 0, 0, 0, 0, 0, 0, 0, 0, 0, 0, 0, 0, 0, 0, 0] (3.146s)
  Sub: Z₀=22.807150 [LOCAL] (0.4s), α=[0.000,0.000,0.000,0.000,0.000,0.000,0.000,3.435,0.000,0.000,0.000,0.000,0.000,0.000,2.066,0.000,0.000,0.000,0.000,0.000,0.000,0.000,0.000,0.000,0.000,3.619,0.152,1.543,0.000,0.000]
  Iter 78: LB=-0.436261  UB=20.454134  gap=1.02e+00
  Cut: intercept=-1102.998652, π_x_range=[-829.3194, 567.2335]

=== True-DRO Benders iter 79 ===
  OMP: t₀=-0.436261, UB=20.454134, gap=1.02e+00, x=[0, 0, 0, 0, 0, 0, 0, 1, 0, 0, 0, 0, 0, 0, 0, 0, 0, 0, 0, 0, 1, 0, 0, 0, 0, 0, 0, 0, 0, 0] (3.191s)
  Sub: Z₀=22.807150 [LOCAL] (0.3s), α=[0.000,0.000,0.000,0.000,0.000,0.000,0.000,3.435,0.000,0.000,0.000,0.000,0.000,0.000,2.066,0.000,0.000,0.000,0.000,0.000,0.000,0.000,0.000,0.000,0.000,3.619,0.149,1.546,0.000,0.000]
  Iter 79: LB=-0.436261  UB=20.454134  gap=1.02e+00
  Cut: intercept=-1127.502097, π_x_range=[-829.2547, 583.1205]

=== True-DRO Benders iter 80 ===
  OMP: t₀=-0.436261, UB=20.454134, gap=1.02e+00, x=[0, 0, 0, 0, 0, 0, 0, 1, 0, 0, 0, 0, 0, 1, 0, 0, 0, 0, 0, 0, 0, 0, 0, 0, 0, 0, 0, 0, 0, 0] (3.188s)
  Sub: Z₀=26.107326 (7.0s), α=[0.000,0.000,0.000,0.000,0.000,0.000,0.330,0.000,0.000,0.000,0.000,0.000,0.000,0.000,3.874,0.000,0.000,0.000,0.000,0.000,0.000,0.000,0.000,0.000,0.000,3.107,2.477,1.026,0.000,0.000]
  Iter 80: LB=-0.436261  UB=20.454134  gap=1.02e+00
  Cut: intercept=-40.008913, π_x_range=[-210.0000, 47.7625]
  Sherali-Cut: intercept=4.030234, π_x_range=[-109.0018, 22.0771]

=== True-DRO Benders iter 81 ===
  OMP: t₀=1.644246, UB=20.454134, gap=9.20e-01, x=[0, 0, 0, 0, 0, 0, 0, 0, 1, 0, 0, 0, 0, 0, 0, 0, 0, 1, 0, 0, 0, 0, 0, 0, 0, 0, 0, 0, 0, 0] (3.220s)
  Sub: Z₀=23.306660 [LOCAL] (0.4s), α=[0.000,0.000,0.000,0.000,0.000,0.000,1.203,0.000,0.000,0.000,0.000,0.000,0.000,0.000,2.722,0.000,0.000,0.000,0.000,0.000,0.000,0.000,0.000,0.000,0.000,5.285,0.104,1.501,0.000,0.000]
  Iter 81: LB=1.644246  UB=20.454134  gap=9.20e-01
  Cut: intercept=-1113.343269, π_x_range=[-828.7138, 582.1535]

=== True-DRO Benders iter 82 ===
  OMP: t₀=2.200756, UB=20.454134, gap=8.92e-01, x=[0, 0, 0, 0, 0, 0, 0, 0, 0, 0, 0, 0, 0, 0, 0, 0, 0, 1, 0, 0, 0, 1, 0, 0, 0, 0, 0, 0, 0, 0] (3.362s)
  Sub: Z₀=23.334135 [LOCAL] (0.5s), α=[0.000,0.000,0.000,0.000,0.000,0.000,1.027,0.000,0.000,0.000,0.000,0.000,0.000,0.000,2.546,0.000,0.000,0.000,0.000,0.176,0.000,0.000,0.000,0.000,0.000,5.285,1.781,0.000,0.000,0.000]
  Iter 82: LB=2.200756  UB=20.454134  gap=8.92e-01
  Cut: intercept=-1083.696536, π_x_range=[-826.7482, 556.6744]

=== True-DRO Benders iter 83 ===
  OMP: t₀=2.824027, UB=20.454134, gap=8.62e-01, x=[0, 0, 0, 0, 0, 0, 0, 0, 0, 0, 0, 0, 0, 0, 0, 0, 0, 0, 0, 0, 0, 0, 1, 0, 0, 1, 0, 0, 0, 0] (4.057s)
  Sub: Z₀=15.647356 [LOCAL] (0.3s), α=[0.000,0.000,0.000,0.000,0.000,0.000,0.000,0.000,0.000,0.000,0.000,0.000,0.000,0.000,0.395,0.000,0.000,0.000,0.000,0.000,0.000,0.000,0.000,0.000,0.000,10.420,0.000,0.000,0.000,0.000]
  Iter 83: LB=2.824027  UB=20.454134  gap=8.62e-01
  Cut: intercept=-1137.952639, π_x_range=[-830.2285, 577.3183]

=== True-DRO Benders iter 84 ===
  OMP: t₀=3.699688, UB=20.454134, gap=8.19e-01, x=[0, 0, 0, 0, 0, 0, 0, 0, 0, 0, 0, 0, 0, 0, 0, 0, 0, 0, 0, 0, 0, 0, 0, 0, 0, 1, 0, 1, 0, 0] (3.577s)
  Sub: Z₀=18.142556 [LOCAL] (0.4s), α=[0.000,0.000,0.000,0.000,0.000,0.000,0.000,0.000,0.000,0.000,0.000,0.000,0.000,0.000,0.000,0.000,0.000,0.000,0.000,0.000,0.000,0.000,0.000,0.000,0.000,7.747,0.074,2.994,0.000,0.000]
  Iter 84: LB=3.699688  UB=20.454134  gap=8.19e-01
  Cut: intercept=-1131.335368, π_x_range=[-829.4361, 581.5447]

=== True-DRO Benders iter 85 ===
  OMP: t₀=4.297317, UB=20.454134, gap=7.90e-01, x=[0, 0, 0, 0, 0, 0, 0, 0, 0, 0, 0, 0, 0, 0, 0, 0, 0, 0, 1, 1, 0, 0, 0, 0, 0, 0, 0, 0, 0, 0] (4.030s)
  Sub: Z₀=22.467097 (7.3s), α=[0.000,0.000,0.000,0.000,0.000,0.000,0.000,0.000,0.000,0.000,0.000,0.000,0.000,0.000,1.829,0.000,0.000,0.000,2.469,5.004,0.000,0.000,0.000,0.000,0.000,1.512,0.000,0.000,0.000,0.000]
  Iter 85: LB=4.297317  UB=20.454134  gap=7.90e-01
  Cut: intercept=-20.579515, π_x_range=[-215.0000, 24.5838]
  Sherali-Cut: intercept=-20.579515, π_x_range=[-87.5719, 24.5838]

=== True-DRO Benders iter 86 ===
  OMP: t₀=4.632897, UB=20.454134, gap=7.73e-01, x=[0, 0, 0, 1, 0, 0, 0, 0, 0, 0, 0, 0, 0, 0, 0, 0, 0, 1, 0, 0, 0, 0, 0, 0, 0, 0, 0, 0, 0, 0] (3.655s)
  Sub: Z₀=23.308146 [LOCAL] (0.4s), α=[0.000,0.000,0.000,0.000,0.234,0.000,0.589,0.000,0.000,0.000,0.000,0.000,0.000,0.000,2.109,0.000,0.000,0.316,0.023,0.000,0.000,0.000,0.000,0.000,0.000,5.600,0.680,1.263,0.000,0.000]
  Iter 86: LB=4.632897  UB=20.454134  gap=7.73e-01
  Cut: intercept=-1086.045804, π_x_range=[-826.6415, 561.1958]

=== True-DRO Benders iter 87 ===
  OMP: t₀=4.680843, UB=20.454134, gap=7.71e-01, x=[0, 0, 0, 0, 0, 0, 0, 0, 0, 0, 0, 0, 0, 0, 0, 0, 0, 1, 0, 0, 0, 0, 0, 0, 0, 0, 0, 0, 0, 0] (3.955s)
  Sub: Z₀=23.306660 [LOCAL] (0.4s), α=[0.000,0.000,0.000,0.000,0.000,0.000,1.203,0.000,0.000,0.000,0.000,0.000,0.000,0.000,2.722,0.000,0.000,0.000,0.000,0.000,0.000,0.000,0.000,0.000,0.000,5.285,0.487,1.118,0.000,0.000]
  Iter 87: LB=4.680843  UB=20.454134  gap=7.71e-01
  Cut: intercept=-531.207975, π_x_range=[-828.7403, 554.5146]

=== True-DRO Benders iter 88 ===
  OMP: t₀=4.680843, UB=20.454134, gap=7.71e-01, x=[0, 0, 0, 0, 0, 0, 0, 0, 0, 0, 0, 0, 0, 0, 0, 1, 0, 1, 0, 0, 0, 0, 0, 0, 0, 0, 0, 0, 0, 0] (3.460s)
  Sub: Z₀=23.306660 [LOCAL] (0.4s), α=[0.000,0.000,0.000,0.000,0.000,0.000,1.203,0.000,0.000,0.000,0.000,0.000,0.000,0.000,2.722,0.000,0.000,0.000,0.000,0.000,0.000,0.000,0.000,0.000,0.000,5.285,0.490,1.115,0.000,0.000]
  Iter 88: LB=4.680843  UB=20.454134  gap=7.71e-01
  Cut: intercept=-1065.561933, π_x_range=[-828.4801, 554.0257]

=== True-DRO Benders iter 89 ===
  OMP: t₀=4.680843, UB=20.454134, gap=7.71e-01, x=[0, 0, 0, 0, 0, 0, 0, 0, 0, 0, 0, 0, 0, 0, 0, 0, 0, 1, 0, 0, 0, 0, 0, 0, 0, 0, 0, 0, 1, 0] (3.490s)
  Sub: Z₀=23.306660 [LOCAL] (0.4s), α=[0.000,0.000,0.000,0.000,0.000,0.000,1.203,0.000,0.000,0.000,0.000,0.000,0.000,0.000,2.722,0.000,0.000,0.000,0.000,0.000,0.000,0.000,0.000,0.000,0.000,5.285,0.488,1.117,0.000,0.000]
  Iter 89: LB=4.680843  UB=20.454134  gap=7.71e-01
  Cut: intercept=-1067.152920, π_x_range=[-828.6094, 554.2989]

=== True-DRO Benders iter 90 ===
  OMP: t₀=4.680843, UB=20.454134, gap=7.71e-01, x=[0, 0, 1, 0, 0, 0, 0, 0, 0, 0, 0, 0, 0, 0, 0, 0, 0, 1, 0, 0, 0, 0, 0, 0, 0, 0, 0, 0, 0, 0] (3.937s)
  Sub: Z₀=25.584507 (6.2s), α=[0.000,0.000,0.000,0.000,0.000,0.000,0.000,0.000,0.000,0.000,0.000,0.000,0.000,0.000,3.545,0.000,0.000,0.000,0.000,1.375,0.000,0.000,0.000,0.000,0.000,2.914,1.885,1.096,0.000,0.000]
  Iter 90: LB=4.680843  UB=20.454134  gap=7.71e-01
  Cut: intercept=-62.359559, π_x_range=[-220.0000, 51.8986]
  Sherali-Cut: intercept=-17.664311, π_x_range=[-86.2379, 43.2488]

=== True-DRO Benders iter 91 ===
  OMP: t₀=4.817719, UB=20.454134, gap=7.64e-01, x=[0, 0, 0, 0, 0, 0, 0, 0, 0, 0, 0, 0, 0, 0, 0, 0, 0, 0, 0, 0, 0, 0, 1, 0, 0, 0, 0, 0, 0, 0] (3.464s)
  Sub: Z₀=21.078683 [LOCAL] (0.5s), α=[0.000,0.000,0.000,0.000,0.000,0.000,0.000,0.047,0.000,0.000,0.000,0.000,0.000,0.000,0.000,0.000,0.000,0.000,0.000,0.000,0.000,0.000,4.723,0.000,0.000,6.044,0.000,0.000,0.000,0.000]
  Iter 91: LB=4.817719  UB=20.454134  gap=7.64e-01
  Cut: intercept=-536.722373, π_x_range=[-825.5263, 557.8011]

=== True-DRO Benders iter 92 ===
  OMP: t₀=4.817719, UB=20.454134, gap=7.64e-01, x=[1, 0, 0, 0, 0, 0, 0, 0, 0, 0, 0, 0, 0, 0, 0, 0, 0, 0, 0, 0, 0, 0, 1, 0, 0, 0, 0, 0, 0, 0] (3.837s)
  Sub: Z₀=21.078683 [LOCAL] (0.4s), α=[0.000,0.000,0.000,0.000,0.000,0.000,0.000,0.047,0.000,0.000,0.000,0.000,0.000,0.000,0.000,0.000,0.000,0.000,0.000,0.000,0.000,0.000,4.723,0.000,0.000,6.044,0.000,0.000,0.000,0.000]
  Iter 92: LB=4.817719  UB=20.454134  gap=7.64e-01
  Cut: intercept=-1095.146014, π_x_range=[-825.5249, 558.4229]

=== True-DRO Benders iter 93 ===
  OMP: t₀=4.817719, UB=20.454134, gap=7.64e-01, x=[0, 1, 0, 0, 0, 0, 0, 0, 0, 0, 0, 0, 0, 0, 0, 0, 0, 0, 0, 0, 0, 0, 1, 0, 0, 0, 0, 0, 0, 0] (3.830s)
  Sub: Z₀=21.078683 [LOCAL] (0.5s), α=[0.000,0.000,0.000,0.000,0.000,0.000,0.000,0.047,0.000,0.000,0.000,0.000,0.000,0.000,0.000,0.000,0.000,0.000,0.000,0.000,0.000,0.000,4.723,0.000,0.000,6.044,0.000,0.000,0.000,0.000]
  Iter 93: LB=4.817719  UB=20.454134  gap=7.64e-01
  Cut: intercept=-1093.554334, π_x_range=[-825.5230, 557.8020]

=== True-DRO Benders iter 94 ===
  OMP: t₀=4.817719, UB=20.454134, gap=7.64e-01, x=[0, 0, 1, 0, 0, 0, 0, 0, 0, 0, 0, 0, 0, 0, 0, 0, 0, 0, 0, 0, 0, 0, 1, 0, 0, 0, 0, 0, 0, 0] (3.611s)
  Sub: Z₀=21.078683 [LOCAL] (0.5s), α=[0.000,0.000,0.000,0.000,0.000,0.000,0.000,0.047,0.000,0.000,0.000,0.000,0.000,0.000,0.000,0.000,0.000,0.000,0.000,0.000,0.000,0.000,4.723,0.000,0.000,6.044,0.000,0.000,0.000,0.000]
  Iter 94: LB=4.817719  UB=20.454134  gap=7.64e-01
  Cut: intercept=-1093.145378, π_x_range=[-823.5490, 557.8092]

=== True-DRO Benders iter 95 ===
  OMP: t₀=4.817719, UB=20.454134, gap=7.64e-01, x=[0, 0, 0, 1, 0, 0, 0, 0, 0, 0, 0, 0, 0, 0, 0, 0, 0, 0, 0, 0, 0, 0, 1, 0, 0, 0, 0, 0, 0, 0] (3.704s)
  Sub: Z₀=23.335731 (1.7s), α=[0.000,0.000,0.000,0.000,0.000,0.000,0.000,0.314,0.000,0.000,0.000,0.000,0.000,0.000,1.103,0.000,0.000,0.000,0.000,0.000,0.000,0.000,5.559,0.000,0.000,3.106,0.591,0.141,0.000,0.000]
  Iter 95: LB=4.817719  UB=20.454134  gap=7.64e-01
  Cut: intercept=-44.458439, π_x_range=[-235.0000, 39.3529]
  Sherali-Cut: intercept=-5.583765, π_x_range=[-97.9224, 28.9103]

=== True-DRO Benders iter 96 ===
  OMP: t₀=4.825043, UB=20.454134, gap=7.64e-01, x=[0, 0, 0, 0, 0, 0, 0, 0, 0, 0, 0, 0, 0, 0, 0, 0, 0, 0, 1, 0, 0, 0, 1, 0, 0, 0, 0, 0, 0, 0] (4.154s)
  Sub: Z₀=19.699946 [LOCAL] (0.3s), α=[0.000,0.000,0.000,0.000,0.000,0.000,0.000,0.000,0.000,0.000,0.000,0.000,0.000,0.000,2.419,0.000,0.000,0.000,0.163,0.000,0.000,0.000,2.699,0.000,0.000,5.533,0.000,0.000,0.000,0.000]
  Iter 96: LB=4.825043  UB=20.454134  gap=7.64e-01
  Cut: intercept=-1075.774615, π_x_range=[-829.4824, 554.2721]

=== True-DRO Benders iter 97 ===
  OMP: t₀=4.828855, UB=20.454134, gap=7.64e-01, x=[0, 0, 0, 0, 1, 0, 0, 0, 0, 0, 0, 0, 0, 0, 0, 0, 0, 0, 0, 0, 0, 0, 0, 0, 0, 0, 0, 1, 0, 0] (3.907s)
  Sub: Z₀=17.889486 [LOCAL] (0.3s), α=[0.000,0.000,0.000,0.000,6.322,0.000,0.060,0.000,0.000,0.000,0.000,0.000,0.000,0.000,1.580,0.000,0.000,0.000,0.000,0.000,0.000,0.000,0.000,0.000,0.000,0.038,0.069,2.746,0.000,0.000]
  Iter 97: LB=4.828855  UB=20.454134  gap=7.64e-01
  Cut: intercept=-1119.160857, π_x_range=[-828.7841, 572.5938]

=== True-DRO Benders iter 98 ===
  OMP: t₀=6.255335, UB=20.454134, gap=6.94e-01, x=[0, 0, 0, 0, 0, 0, 0, 0, 0, 0, 0, 0, 0, 0, 0, 0, 0, 1, 0, 0, 0, 0, 0, 0, 0, 0, 1, 0, 0, 0] (4.038s)
  Sub: Z₀=19.999659 [LOCAL] (0.3s), α=[0.000,0.000,0.000,0.000,0.000,0.000,0.000,0.000,0.000,0.000,0.000,0.000,0.000,0.000,0.000,0.000,0.000,0.000,0.000,0.000,0.000,0.000,0.000,0.000,0.000,2.130,7.936,0.748,0.000,0.000]
  Iter 98: LB=6.255335  UB=20.454134  gap=6.94e-01
  Cut: intercept=-1106.461958, π_x_range=[-828.8945, 564.8345]

=== True-DRO Benders iter 99 ===
  OMP: t₀=8.661096, UB=20.454134, gap=5.77e-01, x=[0, 0, 0, 1, 1, 0, 0, 0, 0, 0, 0, 0, 0, 0, 0, 0, 0, 0, 0, 0, 0, 0, 0, 0, 0, 0, 0, 0, 0, 0] (3.981s)
  Sub: Z₀=17.608936 [LOCAL] (0.4s), α=[0.000,0.000,0.000,0.000,9.382,0.000,0.120,0.000,0.000,0.000,0.000,0.000,0.000,0.000,0.515,0.000,0.000,0.000,0.000,0.000,0.000,0.000,0.000,0.000,0.000,0.798,0.000,0.000,0.000,0.000]
  Iter 99: LB=8.661096  UB=20.454134  gap=5.77e-01
  Cut: intercept=-1112.270438, π_x_range=[-827.3838, 565.5407]

=== True-DRO Benders iter 100 ===
  OMP: t₀=9.046854, UB=20.454134, gap=5.58e-01, x=[0, 0, 0, 0, 0, 0, 0, 0, 1, 0, 0, 0, 0, 0, 0, 0, 0, 0, 1, 0, 0, 0, 0, 0, 0, 0, 0, 0, 0, 0] (3.942s)
  Sub: Z₀=24.180846 (5.8s), α=[0.000,0.000,0.000,0.000,0.000,0.000,0.000,0.000,0.000,0.000,0.000,0.000,0.000,0.000,1.948,0.000,0.000,0.000,4.183,0.000,0.000,0.000,0.000,0.000,0.000,3.107,1.577,0.000,0.000,0.000]
  Iter 100: LB=9.046854  UB=20.454134  gap=5.58e-01
  Cut: intercept=-11.929929, π_x_range=[-173.3315, 36.1108]
  Sherali-Cut: intercept=1.102308, π_x_range=[-110.7561, 23.0785]

=== True-DRO Benders iter 101 ===
  OMP: t₀=9.737285, UB=20.454134, gap=5.24e-01, x=[0, 0, 0, 0, 1, 0, 0, 0, 0, 0, 0, 0, 0, 0, 0, 0, 0, 1, 0, 0, 0, 0, 0, 0, 0, 0, 0, 0, 0, 0] (3.762s)
  Sub: Z₀=17.608936 [LOCAL] (0.4s), α=[0.000,0.000,0.000,0.000,8.584,0.000,0.918,0.000,0.000,0.000,0.000,0.000,0.000,0.000,1.312,0.000,0.000,0.000,0.000,0.000,0.000,0.000,0.000,0.000,0.000,0.000,0.000,0.000,0.000,0.000]
  Iter 101: LB=9.737285  UB=20.454134  gap=5.24e-01
  Cut: intercept=-1111.787166, π_x_range=[-827.5222, 565.1259]

=== True-DRO Benders iter 102 ===
  OMP: t₀=9.984527, UB=20.454134, gap=5.12e-01, x=[0, 0, 0, 0, 1, 0, 0, 0, 0, 0, 0, 0, 0, 0, 0, 0, 0, 0, 0, 0, 0, 0, 1, 0, 0, 0, 0, 0, 0, 0] (4.097s)
  Sub: Z₀=17.056385 [LOCAL] (0.7s), α=[0.000,0.000,0.000,0.000,2.636,0.000,0.494,0.000,0.000,0.000,0.000,0.000,0.000,0.000,6.587,0.000,0.000,0.000,0.000,0.000,0.000,0.000,0.000,0.000,0.000,1.098,0.000,0.000,0.000,0.000]
  Iter 102: LB=9.984527  UB=20.454134  gap=5.12e-01
  Cut: intercept=-1125.015810, π_x_range=[-839.7942, 584.0421]

=== True-DRO Benders iter 103 ===
  OMP: t₀=10.888317, UB=20.454134, gap=4.68e-01, x=[0, 0, 0, 0, 0, 0, 0, 0, 0, 0, 0, 1, 0, 0, 0, 0, 0, 0, 0, 0, 0, 0, 0, 0, 0, 0, 1, 0, 0, 0] (3.564s)
  Sub: Z₀=20.237781 [LOCAL] (0.3s), α=[0.000,0.000,0.000,0.000,0.000,0.000,0.000,0.000,0.000,0.000,0.000,0.000,0.000,0.000,1.520,0.000,0.000,0.000,0.000,0.000,0.000,0.000,0.000,0.000,0.000,0.611,8.372,0.312,0.000,0.000]
  Iter 103: LB=10.888317  UB=20.454134  gap=4.68e-01
  Cut: intercept=-1115.131336, π_x_range=[-830.3146, 573.0282]

=== True-DRO Benders iter 104 ===
  OMP: t₀=13.039131, UB=20.454134, gap=3.63e-01, x=[0, 0, 0, 0, 0, 0, 0, 0, 0, 0, 0, 0, 0, 0, 0, 0, 0, 0, 0, 0, 0, 1, 0, 0, 0, 0, 0, 1, 0, 0] (3.530s)
  Sub: Z₀=19.753638 [LOCAL] (0.3s), α=[0.000,0.000,0.000,0.000,0.000,0.000,0.000,0.000,0.000,0.000,0.000,0.000,0.000,0.000,0.000,0.000,0.000,0.000,0.000,0.000,0.000,0.000,0.000,0.000,0.000,2.761,4.196,3.857,0.000,0.000]
  Iter 104: LB=13.039131  UB=20.454134  gap=3.63e-01
  Cut: intercept=-1109.441640, π_x_range=[-831.6094, 565.8137]

=== True-DRO Benders iter 105 ===
  OMP: t₀=13.553184, UB=20.454134, gap=3.37e-01, x=[0, 0, 0, 0, 0, 0, 0, 0, 0, 0, 0, 0, 0, 0, 0, 0, 0, 0, 0, 1, 0, 0, 0, 0, 0, 0, 0, 1, 0, 0] (3.469s)
  Sub: Z₀=20.999631 (5.7s), α=[0.000,0.000,0.000,0.000,0.121,0.000,2.436,0.000,0.000,0.000,0.000,0.000,0.000,0.000,1.561,0.000,0.000,0.000,0.000,0.000,0.000,0.000,0.000,0.000,0.000,0.772,5.925,0.000,0.000,0.000]
  Iter 105: LB=13.553184  UB=20.454134  gap=3.37e-01
  Cut: intercept=-20.400628, π_x_range=[-289.0000, 22.0683]
  Sherali-Cut: intercept=15.208296, π_x_range=[-109.0852, 5.7913]

=== True-DRO Benders iter 106 ===
  OMP: t₀=13.844584, UB=20.454134, gap=3.23e-01, x=[0, 0, 0, 1, 0, 0, 0, 0, 0, 0, 0, 0, 0, 0, 0, 0, 0, 0, 0, 0, 0, 0, 0, 0, 0, 1, 0, 0, 0, 0] (3.606s)
  Sub: Z₀=20.361673 [LOCAL] (0.3s), α=[0.000,0.000,0.000,0.000,0.000,0.000,0.000,0.000,0.000,0.000,0.000,0.000,0.000,0.000,0.000,0.000,0.000,0.000,0.000,0.000,0.000,0.000,0.000,0.000,0.000,10.815,0.000,0.000,0.000,0.000]
  Iter 106: LB=13.844584  UB=20.454134  gap=3.23e-01
  Cut: intercept=-1139.514102, π_x_range=[-829.0303, 586.2231]

=== True-DRO Benders iter 107 ===
  OMP: t₀=13.898982, UB=20.454134, gap=3.20e-01, x=[0, 0, 0, 0, 0, 0, 0, 0, 0, 0, 0, 0, 0, 0, 0, 0, 0, 1, 0, 0, 0, 0, 0, 0, 0, 1, 0, 0, 0, 0] (3.678s)
  Sub: Z₀=20.361673 [LOCAL] (0.3s), α=[0.000,0.000,0.000,0.000,0.000,0.000,0.000,0.000,0.000,0.000,0.000,0.000,0.000,0.000,0.000,0.000,0.000,0.000,0.000,0.000,0.000,0.000,0.000,0.000,0.000,10.815,0.000,0.000,0.000,0.000]
  Iter 107: LB=13.898982  UB=20.454134  gap=3.20e-01
  Cut: intercept=-1138.686835, π_x_range=[-829.2300, 586.1231]

=== True-DRO Benders iter 108 ===
  OMP: t₀=14.381741, UB=20.454134, gap=2.97e-01, x=[0, 0, 0, 0, 1, 0, 0, 0, 0, 0, 1, 0, 0, 0, 0, 0, 0, 0, 0, 0, 0, 0, 0, 0, 0, 0, 0, 0, 0, 0] (3.677s)
  Sub: Z₀=14.381741 [LOCAL] (0.3s), α=[0.000,0.000,0.000,0.000,4.931,0.000,0.000,0.000,0.000,0.000,4.364,0.000,0.000,0.000,1.520,0.000,0.000,0.000,0.000,0.000,0.000,0.000,0.000,0.000,0.000,0.000,0.000,0.000,0.000,0.000]
  Iter 108: LB=14.381741  UB=20.454134  gap=2.97e-01
  Cut: intercept=-1093.634490, π_x_range=[-822.4291, 569.0739]

=== True-DRO Benders iter 109 ===
  OMP: t₀=14.381741, UB=20.454134, gap=2.97e-01, x=[0, 0, 0, 0, 1, 0, 0, 0, 0, 0, 1, 0, 0, 0, 0, 0, 0, 0, 0, 0, 0, 0, 0, 0, 0, 0, 0, 0, 0, 0] (3.613s)
  Sub: Z₀=14.381741 [LOCAL] (0.3s), α=[0.000,0.000,0.000,0.000,4.931,0.000,0.000,0.000,0.000,0.000,4.364,0.000,0.000,0.000,1.520,0.000,0.000,0.000,0.000,0.000,0.000,0.000,0.000,0.000,0.000,0.000,0.000,0.000,0.000,0.000]
  Iter 109: LB=14.381741  UB=20.454134  gap=2.97e-01
  Cut: intercept=-1093.634490, π_x_range=[-822.4291, 569.0739]

=== True-DRO Benders iter 110 ===
  OMP: t₀=14.381741, UB=20.454134, gap=2.97e-01, x=[0, 0, 0, 0, 1, 0, 0, 0, 0, 0, 1, 0, 0, 0, 0, 0, 0, 0, 0, 0, 0, 0, 0, 0, 0, 0, 0, 0, 0, 0] (3.539s)
  Sub: Z₀=19.227167 (7.1s), α=[0.000,0.000,0.000,0.000,0.000,0.000,1.435,0.000,0.000,0.000,1.261,0.000,0.000,3.405,0.560,0.000,0.000,0.000,0.000,0.000,0.000,0.000,0.000,0.000,0.000,0.000,4.152,0.000,0.000,0.000]
  Iter 110: LB=14.381741  UB=19.227167  gap=2.52e-01
  Cut: intercept=-106.756325, π_x_range=[-239.0000, 76.6572]
  Sherali-Cut: intercept=-75.744824, π_x_range=[-116.6580, 69.8270]

=== True-DRO Benders iter 111 ===
  OMP: t₀=14.491016, UB=19.227167, gap=2.46e-01, x=[0, 0, 0, 0, 0, 0, 0, 0, 0, 0, 1, 0, 0, 0, 0, 0, 0, 0, 0, 0, 0, 0, 0, 0, 0, 1, 0, 0, 0, 0] (3.748s)
  Sub: Z₀=14.491016 [LOCAL] (0.3s), α=[0.000,0.000,0.000,0.000,0.000,0.000,0.000,0.000,0.000,0.000,4.597,0.000,0.000,0.000,1.520,0.000,0.000,0.000,0.000,0.000,0.000,0.000,0.000,0.000,0.000,4.697,0.000,0.000,0.000,0.000]
  Iter 111: LB=14.491016  UB=19.227167  gap=2.46e-01
  Cut: intercept=-1102.881142, π_x_range=[-820.5433, 582.3437]

=== True-DRO Benders iter 112 ===
  OMP: t₀=14.491016, UB=19.227167, gap=2.46e-01, x=[0, 0, 0, 0, 0, 0, 0, 0, 0, 0, 1, 0, 0, 0, 0, 0, 0, 0, 0, 0, 0, 0, 0, 0, 0, 1, 0, 0, 0, 0] (3.685s)
  Sub: Z₀=14.491016 [LOCAL] (0.3s), α=[0.000,0.000,0.000,0.000,0.000,0.000,0.000,0.000,0.000,0.000,4.597,0.000,0.000,0.000,1.520,0.000,0.000,0.000,0.000,0.000,0.000,0.000,0.000,0.000,0.000,4.697,0.000,0.000,0.000,0.000]
  Iter 112: LB=14.491016  UB=19.227167  gap=2.46e-01
  Cut: intercept=-1102.881142, π_x_range=[-820.5433, 582.3437]

=== True-DRO Benders iter 113 ===
  OMP: t₀=14.491016, UB=19.227167, gap=2.46e-01, x=[0, 0, 0, 0, 0, 0, 0, 0, 0, 0, 1, 0, 0, 0, 0, 0, 0, 0, 0, 0, 0, 0, 0, 0, 0, 1, 0, 0, 0, 0] (3.704s)
  Sub: Z₀=14.491016 [LOCAL] (0.3s), α=[0.000,0.000,0.000,0.000,0.000,0.000,0.000,0.000,0.000,0.000,4.597,0.000,0.000,0.000,1.520,0.000,0.000,0.000,0.000,0.000,0.000,0.000,0.000,0.000,0.000,4.697,0.000,0.000,0.000,0.000]
  Iter 113: LB=14.491016  UB=19.227167  gap=2.46e-01
  Cut: intercept=-1102.881142, π_x_range=[-820.5433, 582.3437]

=== True-DRO Benders iter 114 ===
  OMP: t₀=14.491016, UB=19.227167, gap=2.46e-01, x=[0, 0, 0, 0, 0, 0, 0, 0, 0, 0, 1, 0, 0, 0, 0, 0, 0, 0, 0, 0, 0, 0, 0, 0, 0, 1, 0, 0, 0, 0] (3.614s)
  Sub: Z₀=14.491016 [LOCAL] (0.3s), α=[0.000,0.000,0.000,0.000,0.000,0.000,0.000,0.000,0.000,0.000,4.597,0.000,0.000,0.000,1.520,0.000,0.000,0.000,0.000,0.000,0.000,0.000,0.000,0.000,0.000,4.697,0.000,0.000,0.000,0.000]
  Iter 114: LB=14.491016  UB=19.227167  gap=2.46e-01
  Cut: intercept=-1102.881142, π_x_range=[-820.5433, 582.3437]

=== True-DRO Benders iter 115 ===
  OMP: t₀=14.491016, UB=19.227167, gap=2.46e-01, x=[0, 0, 0, 0, 0, 0, 0, 0, 0, 0, 1, 0, 0, 0, 0, 0, 0, 0, 0, 0, 0, 0, 0, 0, 0, 1, 0, 0, 0, 0] (3.696s)
  Sub: Z₀=19.227167 (7.2s), α=[0.000,0.000,0.000,0.000,0.000,0.000,0.875,0.000,0.000,0.000,5.227,0.000,0.000,0.000,0.000,0.000,0.000,0.000,0.000,0.000,0.000,0.000,0.000,0.000,0.000,0.560,4.152,0.000,0.000,0.000]
  Iter 115: LB=14.491016  UB=19.227167  gap=2.46e-01
  Cut: intercept=-81.485113, π_x_range=[-239.0000, 62.7255]
  Sherali-Cut: intercept=-51.616356, π_x_range=[-116.6918, 58.3635]

=== True-DRO Benders iter 116 ===
  OMP: t₀=14.638286, UB=19.227167, gap=2.39e-01, x=[0, 0, 0, 0, 1, 0, 0, 0, 0, 0, 0, 0, 0, 0, 0, 0, 0, 0, 0, 0, 0, 0, 0, 0, 0, 0, 1, 0, 0, 0] (3.091s)
  Sub: Z₀=14.638286 [LOCAL] (0.5s), α=[0.000,0.000,0.000,0.000,5.609,0.000,0.000,0.000,0.000,0.000,0.000,0.000,0.000,0.000,0.000,0.000,0.000,0.000,0.000,0.000,0.000,0.000,0.000,0.000,0.000,0.000,5.016,0.189,0.000,0.000]
  Iter 116: LB=14.638286  UB=19.227167  gap=2.39e-01
  Cut: intercept=-1130.438749, π_x_range=[-831.3987, 580.2033]

=== True-DRO Benders iter 117 ===
  OMP: t₀=14.638286, UB=19.227167, gap=2.39e-01, x=[0, 0, 0, 0, 1, 0, 0, 0, 0, 0, 0, 0, 0, 0, 0, 0, 0, 0, 0, 0, 0, 0, 0, 0, 0, 0, 1, 0, 0, 0] (3.354s)
  Sub: Z₀=14.638286 [LOCAL] (0.5s), α=[0.000,0.000,0.000,0.000,5.609,0.000,0.000,0.000,0.000,0.000,0.000,0.000,0.000,0.000,0.000,0.000,0.000,0.000,0.000,0.000,0.000,0.000,0.000,0.000,0.000,0.000,5.016,0.189,0.000,0.000]
  Iter 117: LB=14.638286  UB=19.227167  gap=2.39e-01
  Cut: intercept=-1130.438749, π_x_range=[-831.3987, 580.2033]

=== True-DRO Benders iter 118 ===
  OMP: t₀=14.638286, UB=19.227167, gap=2.39e-01, x=[0, 0, 0, 0, 1, 0, 0, 0, 0, 0, 0, 0, 0, 0, 0, 0, 0, 0, 0, 0, 0, 0, 0, 0, 0, 0, 1, 0, 0, 0] (3.212s)
  Sub: Z₀=14.638286 [LOCAL] (0.5s), α=[0.000,0.000,0.000,0.000,5.609,0.000,0.000,0.000,0.000,0.000,0.000,0.000,0.000,0.000,0.000,0.000,0.000,0.000,0.000,0.000,0.000,0.000,0.000,0.000,0.000,0.000,5.016,0.189,0.000,0.000]
  Iter 118: LB=14.638286  UB=19.227167  gap=2.39e-01
  Cut: intercept=-1130.438749, π_x_range=[-831.3987, 580.2033]

=== True-DRO Benders iter 119 ===
  OMP: t₀=14.638286, UB=19.227167, gap=2.39e-01, x=[0, 0, 0, 0, 1, 0, 0, 0, 0, 0, 0, 0, 0, 0, 0, 0, 0, 0, 0, 0, 0, 0, 0, 0, 0, 0, 1, 0, 0, 0] (3.090s)
  Sub: Z₀=14.638286 [LOCAL] (0.5s), α=[0.000,0.000,0.000,0.000,5.609,0.000,0.000,0.000,0.000,0.000,0.000,0.000,0.000,0.000,0.000,0.000,0.000,0.000,0.000,0.000,0.000,0.000,0.000,0.000,0.000,0.000,5.016,0.189,0.000,0.000]
  Iter 119: LB=14.638286  UB=19.227167  gap=2.39e-01
  Cut: intercept=-1130.438749, π_x_range=[-831.3987, 580.2033]

=== True-DRO Benders iter 120 ===
  OMP: t₀=14.638286, UB=19.227167, gap=2.39e-01, x=[0, 0, 0, 0, 1, 0, 0, 0, 0, 0, 0, 0, 0, 0, 0, 0, 0, 0, 0, 0, 0, 0, 0, 0, 0, 0, 1, 0, 0, 0] (3.806s)
  Sub: Z₀=20.408595 (2.9s), α=[0.000,0.000,0.000,0.000,0.000,0.000,0.000,0.000,0.000,0.000,0.000,0.000,0.000,0.000,0.000,0.000,0.000,0.000,0.000,0.000,0.000,0.000,0.000,0.000,0.000,0.000,10.815,0.000,0.000,0.000]
  Iter 120: LB=14.638286  UB=19.227167  gap=2.39e-01
  Cut: intercept=-87.551855, π_x_range=[-267.9030, 99.5484]
  Sherali-Cut: intercept=-6.179103, π_x_range=[-131.7244, 18.1756]

=== True-DRO Benders iter 121 ===
  OMP: t₀=15.208296, UB=19.227167, gap=2.09e-01, x=[0, 0, 0, 1, 0, 0, 0, 0, 0, 0, 0, 0, 0, 0, 0, 0, 0, 0, 0, 0, 0, 1, 0, 0, 0, 0, 0, 0, 0, 0] (4.044s)
  Sub: Z₀=24.007467 [LOCAL] (0.4s), α=[0.000,0.000,0.000,0.000,1.397,0.000,0.112,0.000,0.000,0.000,0.000,0.000,0.000,0.000,1.632,0.000,0.000,0.000,0.000,0.000,0.000,0.000,0.000,0.000,0.000,5.016,2.658,0.000,0.000,0.000]
  Iter 121: LB=15.208296  UB=19.227167  gap=2.09e-01
  Cut: intercept=-1099.789253, π_x_range=[-829.2111, 564.3258]

=== True-DRO Benders iter 122 ===
  OMP: t₀=15.208296, UB=19.227167, gap=2.09e-01, x=[0, 0, 0, 0, 0, 0, 0, 0, 0, 0, 0, 0, 0, 0, 0, 0, 0, 0, 0, 0, 0, 0, 1, 0, 0, 0, 0, 1, 0, 0] (4.171s)
  Sub: Z₀=18.518563 [LOCAL] (0.4s), α=[0.000,0.000,0.000,0.000,0.000,0.000,0.000,0.000,0.000,0.000,0.000,0.000,0.000,0.000,3.066,0.000,0.000,0.000,0.000,0.000,0.000,0.000,0.000,0.000,0.000,4.564,0.166,3.019,0.000,0.000]
  Iter 122: LB=15.208296  UB=19.227167  gap=2.09e-01
  Cut: intercept=-1102.752409, π_x_range=[-833.9965, 562.3207]

=== True-DRO Benders iter 123 ===
  OMP: t₀=15.208296, UB=19.227167, gap=2.09e-01, x=[0, 0, 0, 0, 0, 0, 0, 0, 1, 0, 0, 0, 0, 0, 0, 0, 0, 0, 0, 0, 0, 1, 0, 0, 0, 0, 0, 0, 0, 0] (3.907s)
  Sub: Z₀=24.007467 [LOCAL] (0.4s), α=[0.000,0.000,0.000,0.000,0.131,0.000,1.378,0.000,0.000,0.000,0.000,0.000,0.000,0.000,2.898,0.000,0.000,0.000,0.000,0.000,0.000,0.000,0.000,0.000,0.000,3.750,2.658,0.000,0.000,0.000]
  Iter 123: LB=15.208296  UB=19.227167  gap=2.09e-01
  Cut: intercept=-1116.304717, π_x_range=[-830.1630, 580.8207]

=== True-DRO Benders iter 124 ===
  OMP: t₀=15.647356, UB=19.227167, gap=1.86e-01, x=[0, 0, 0, 0, 0, 0, 0, 0, 0, 0, 0, 0, 0, 0, 0, 0, 0, 0, 0, 0, 0, 0, 1, 0, 0, 1, 0, 0, 0, 0] (4.284s)
  Sub: Z₀=15.647356 [LOCAL] (0.3s), α=[0.000,0.000,0.000,0.000,0.000,0.000,0.000,0.000,0.000,0.000,0.000,0.000,0.000,0.000,0.395,0.000,0.000,0.000,0.000,0.000,0.000,0.000,0.000,0.000,0.000,10.420,0.000,0.000,0.000,0.000]
  Iter 124: LB=15.647356  UB=19.227167  gap=1.86e-01
  Cut: intercept=-1137.952639, π_x_range=[-830.2285, 577.3183]

=== True-DRO Benders iter 125 ===
  OMP: t₀=15.647357, UB=19.227167, gap=1.86e-01, x=[0, 0, 0, 0, 0, 0, 0, 0, 0, 0, 0, 0, 0, 0, 0, 0, 0, 0, 0, 0, 0, 0, 1, 0, 0, 1, 0, 0, 0, 0] (4.025s)
  Sub: Z₀=20.999631 (6.5s), α=[0.000,0.000,0.000,0.000,0.000,0.000,2.557,0.000,0.000,0.000,0.000,0.000,0.000,0.000,1.682,0.000,0.000,0.000,0.000,0.000,0.000,0.000,0.000,0.000,0.000,0.651,5.925,0.000,0.000,0.000]
  Iter 125: LB=15.647357  UB=19.227167  gap=1.86e-01
  Cut: intercept=-51.296992, π_x_range=[-229.0000, 40.2418]
  Sherali-Cut: intercept=1.486340, π_x_range=[-80.5209, 19.5133]

=== True-DRO Benders iter 126 ===
  OMP: t₀=16.003832, UB=19.227167, gap=1.68e-01, x=[0, 0, 0, 0, 0, 0, 0, 0, 0, 0, 0, 0, 0, 0, 0, 0, 0, 0, 0, 1, 0, 0, 0, 0, 0, 1, 0, 0, 0, 0] (3.873s)
  Sub: Z₀=16.003832 [LOCAL] (0.3s), α=[0.000,0.000,0.000,0.000,0.000,0.000,0.000,0.000,0.000,0.000,0.000,0.000,0.000,0.000,0.135,0.000,0.000,0.000,0.000,1.459,0.000,0.000,0.000,0.000,0.000,9.220,0.000,0.000,0.000,0.000]
  Iter 126: LB=16.003832  UB=19.227167  gap=1.68e-01
  Cut: intercept=-1130.896564, π_x_range=[-826.5746, 580.7810]

=== True-DRO Benders iter 127 ===
  OMP: t₀=16.003832, UB=19.227167, gap=1.68e-01, x=[0, 0, 0, 0, 0, 0, 0, 0, 0, 0, 0, 0, 0, 0, 0, 0, 0, 0, 0, 1, 0, 0, 0, 0, 0, 1, 0, 0, 0, 0] (3.785s)
  Sub: Z₀=16.003832 [LOCAL] (0.3s), α=[0.000,0.000,0.000,0.000,0.000,0.000,0.000,0.000,0.000,0.000,0.000,0.000,0.000,0.000,0.135,0.000,0.000,0.000,0.000,1.459,0.000,0.000,0.000,0.000,0.000,9.220,0.000,0.000,0.000,0.000]
  Iter 127: LB=16.003832  UB=19.227167  gap=1.68e-01
  Cut: intercept=-1130.896564, π_x_range=[-826.5746, 580.7810]

=== True-DRO Benders iter 128 ===
  OMP: t₀=16.003832, UB=19.227167, gap=1.68e-01, x=[0, 0, 0, 0, 0, 0, 0, 0, 0, 0, 0, 0, 0, 0, 0, 0, 0, 0, 0, 1, 0, 0, 0, 0, 0, 1, 0, 0, 0, 0] (3.780s)
  Sub: Z₀=16.003832 [LOCAL] (0.3s), α=[0.000,0.000,0.000,0.000,0.000,0.000,0.000,0.000,0.000,0.000,0.000,0.000,0.000,0.000,0.135,0.000,0.000,0.000,0.000,1.459,0.000,0.000,0.000,0.000,0.000,9.220,0.000,0.000,0.000,0.000]
  Iter 128: LB=16.003832  UB=19.227167  gap=1.68e-01
  Cut: intercept=-1130.896564, π_x_range=[-826.5746, 580.7810]

=== True-DRO Benders iter 129 ===
  OMP: t₀=16.003832, UB=19.227167, gap=1.68e-01, x=[0, 0, 0, 0, 0, 0, 0, 0, 0, 0, 0, 0, 0, 0, 0, 0, 0, 0, 0, 1, 0, 0, 0, 0, 0, 1, 0, 0, 0, 0] (3.794s)
  Sub: Z₀=16.003832 [LOCAL] (0.3s), α=[0.000,0.000,0.000,0.000,0.000,0.000,0.000,0.000,0.000,0.000,0.000,0.000,0.000,0.000,0.135,0.000,0.000,0.000,0.000,1.459,0.000,0.000,0.000,0.000,0.000,9.220,0.000,0.000,0.000,0.000]
  Iter 129: LB=16.003832  UB=19.227167  gap=1.68e-01
  Cut: intercept=-1130.896564, π_x_range=[-826.5746, 580.7810]

=== True-DRO Benders iter 130 ===
  OMP: t₀=16.003832, UB=19.227167, gap=1.68e-01, x=[0, 0, 0, 0, 0, 0, 0, 0, 0, 0, 0, 0, 0, 0, 0, 0, 0, 0, 0, 1, 0, 0, 0, 0, 0, 1, 0, 0, 0, 0] (3.780s)
  Sub: Z₀=20.999631 (5.5s), α=[0.000,0.000,0.000,0.000,0.000,0.000,2.557,0.000,0.000,0.000,0.000,0.000,0.000,0.000,1.682,0.000,0.000,0.000,0.000,0.000,0.000,0.000,0.000,0.000,0.000,0.651,5.925,0.000,0.000,0.000]
  Iter 130: LB=16.003832  UB=19.227167  gap=1.68e-01
  Cut: intercept=-33.367342, π_x_range=[-221.7032, 30.0037]
  Sherali-Cut: intercept=-8.661201, π_x_range=[-117.3883, 19.5133]

=== True-DRO Benders iter 131 ===
  OMP: t₀=16.907115, UB=19.227167, gap=1.21e-01, x=[0, 0, 0, 0, 1, 0, 0, 1, 0, 0, 0, 0, 0, 0, 0, 0, 0, 0, 0, 0, 0, 0, 0, 0, 0, 0, 0, 0, 0, 0] (3.326s)
  Sub: Z₀=16.907115 [LOCAL] (0.4s), α=[0.000,0.000,0.000,0.000,8.584,0.000,0.000,0.000,0.000,0.000,0.000,0.000,0.000,0.000,2.230,0.000,0.000,0.000,0.000,0.000,0.000,0.000,0.000,0.000,0.000,0.000,0.000,0.000,0.000,0.000]
  Iter 131: LB=16.907115  UB=19.227167  gap=1.21e-01
  Cut: intercept=-1116.852555, π_x_range=[-827.6697, 576.2658]

=== True-DRO Benders iter 132 ===
  OMP: t₀=16.907115, UB=19.227167, gap=1.21e-01, x=[0, 0, 0, 0, 1, 0, 0, 1, 0, 0, 0, 0, 0, 0, 0, 0, 0, 0, 0, 0, 0, 0, 0, 0, 0, 0, 0, 0, 0, 0] (3.809s)
  Sub: Z₀=16.907115 [LOCAL] (0.4s), α=[0.000,0.000,0.000,0.000,8.584,0.000,0.000,0.000,0.000,0.000,0.000,0.000,0.000,0.000,2.230,0.000,0.000,0.000,0.000,0.000,0.000,0.000,0.000,0.000,0.000,0.000,0.000,0.000,0.000,0.000]
  Iter 132: LB=16.907115  UB=19.227167  gap=1.21e-01
  Cut: intercept=-1116.852555, π_x_range=[-827.6697, 576.2658]

=== True-DRO Benders iter 133 ===
  OMP: t₀=16.907115, UB=19.227167, gap=1.21e-01, x=[0, 0, 0, 0, 1, 0, 0, 1, 0, 0, 0, 0, 0, 0, 0, 0, 0, 0, 0, 0, 0, 0, 0, 0, 0, 0, 0, 0, 0, 0] (3.822s)
  Sub: Z₀=16.907115 [LOCAL] (0.4s), α=[0.000,0.000,0.000,0.000,8.584,0.000,0.000,0.000,0.000,0.000,0.000,0.000,0.000,0.000,2.230,0.000,0.000,0.000,0.000,0.000,0.000,0.000,0.000,0.000,0.000,0.000,0.000,0.000,0.000,0.000]
  Iter 133: LB=16.907115  UB=19.227167  gap=1.21e-01
  Cut: intercept=-1116.852555, π_x_range=[-827.6697, 576.2658]

=== True-DRO Benders iter 134 ===
  OMP: t₀=16.907115, UB=19.227167, gap=1.21e-01, x=[0, 0, 0, 0, 1, 0, 0, 1, 0, 0, 0, 0, 0, 0, 0, 0, 0, 0, 0, 0, 0, 0, 0, 0, 0, 0, 0, 0, 0, 0] (3.509s)
  Sub: Z₀=16.907115 [LOCAL] (0.4s), α=[0.000,0.000,0.000,0.000,8.584,0.000,0.000,0.000,0.000,0.000,0.000,0.000,0.000,0.000,2.230,0.000,0.000,0.000,0.000,0.000,0.000,0.000,0.000,0.000,0.000,0.000,0.000,0.000,0.000,0.000]
  Iter 134: LB=16.907115  UB=19.227167  gap=1.21e-01
  Cut: intercept=-1116.852555, π_x_range=[-827.6697, 576.2658]

=== True-DRO Benders iter 135 ===
  OMP: t₀=16.907115, UB=19.227167, gap=1.21e-01, x=[0, 0, 0, 0, 1, 0, 0, 1, 0, 0, 0, 0, 0, 0, 0, 0, 0, 0, 0, 0, 0, 0, 0, 0, 0, 0, 0, 0, 0, 0] (3.766s)
  Sub: Z₀=20.999631 (6.2s), α=[0.000,0.000,0.000,0.000,1.682,0.000,0.875,0.000,0.000,0.000,0.000,0.000,0.000,0.000,0.000,0.000,0.000,0.000,0.000,0.000,0.000,0.000,0.000,0.000,0.000,2.333,5.925,0.000,0.000,0.000]
  Iter 135: LB=16.907115  UB=19.227167  gap=1.21e-01
  Cut: intercept=-69.243048, π_x_range=[-239.0000, 54.3735]
  Sherali-Cut: intercept=-17.734707, π_x_range=[-109.4813, 20.5587]

=== True-DRO Benders iter 136 ===
  OMP: t₀=17.056385, UB=19.227167, gap=1.13e-01, x=[0, 0, 0, 0, 1, 0, 0, 0, 0, 0, 0, 0, 0, 0, 0, 0, 0, 0, 0, 0, 0, 0, 1, 0, 0, 0, 0, 0, 0, 0] (3.717s)
  Sub: Z₀=17.056385 [LOCAL] (0.7s), α=[0.000,0.000,0.000,0.000,2.636,0.000,0.494,0.000,0.000,0.000,0.000,0.000,0.000,0.000,6.587,0.000,0.000,0.000,0.000,0.000,0.000,0.000,0.000,0.000,0.000,1.098,0.000,0.000,0.000,0.000]
  Iter 136: LB=17.056385  UB=19.227167  gap=1.13e-01
  Cut: intercept=-1125.015810, π_x_range=[-839.7942, 584.0421]

=== True-DRO Benders iter 137 ===
  OMP: t₀=17.056385, UB=19.227167, gap=1.13e-01, x=[0, 0, 0, 0, 1, 0, 0, 0, 0, 0, 0, 0, 0, 0, 0, 0, 0, 0, 0, 0, 0, 0, 1, 0, 0, 0, 0, 0, 0, 0] (3.799s)
  Sub: Z₀=17.056385 [LOCAL] (0.7s), α=[0.000,0.000,0.000,0.000,2.636,0.000,0.494,0.000,0.000,0.000,0.000,0.000,0.000,0.000,6.587,0.000,0.000,0.000,0.000,0.000,0.000,0.000,0.000,0.000,0.000,1.098,0.000,0.000,0.000,0.000]
  Iter 137: LB=17.056385  UB=19.227167  gap=1.13e-01
  Cut: intercept=-1125.015810, π_x_range=[-839.7942, 584.0421]

=== True-DRO Benders iter 138 ===
  OMP: t₀=17.056385, UB=19.227167, gap=1.13e-01, x=[0, 0, 0, 0, 1, 0, 0, 0, 0, 0, 0, 0, 0, 0, 0, 0, 0, 0, 0, 0, 0, 0, 1, 0, 0, 0, 0, 0, 0, 0] (3.833s)
  Sub: Z₀=17.056385 [LOCAL] (0.7s), α=[0.000,0.000,0.000,0.000,2.636,0.000,0.494,0.000,0.000,0.000,0.000,0.000,0.000,0.000,6.587,0.000,0.000,0.000,0.000,0.000,0.000,0.000,0.000,0.000,0.000,1.098,0.000,0.000,0.000,0.000]
  Iter 138: LB=17.056385  UB=19.227167  gap=1.13e-01
  Cut: intercept=-1125.015810, π_x_range=[-839.7942, 584.0421]

=== True-DRO Benders iter 139 ===
  OMP: t₀=17.056385, UB=19.227167, gap=1.13e-01, x=[0, 0, 0, 0, 1, 0, 0, 0, 0, 0, 0, 0, 0, 0, 0, 0, 0, 0, 0, 0, 0, 0, 1, 0, 0, 0, 0, 0, 0, 0] (3.750s)
  Sub: Z₀=17.056385 [LOCAL] (0.7s), α=[0.000,0.000,0.000,0.000,2.636,0.000,0.494,0.000,0.000,0.000,0.000,0.000,0.000,0.000,6.587,0.000,0.000,0.000,0.000,0.000,0.000,0.000,0.000,0.000,0.000,1.098,0.000,0.000,0.000,0.000]
  Iter 139: LB=17.056385  UB=19.227167  gap=1.13e-01
  Cut: intercept=-1125.015810, π_x_range=[-839.7942, 584.0421]

=== True-DRO Benders iter 140 ===
  OMP: t₀=17.056385, UB=19.227167, gap=1.13e-01, x=[0, 0, 0, 0, 1, 0, 0, 0, 0, 0, 0, 0, 0, 0, 0, 0, 0, 0, 0, 0, 0, 0, 1, 0, 0, 0, 0, 0, 0, 0] (3.678s)
  Sub: Z₀=21.929432 (1.8s), α=[0.000,0.000,0.000,0.000,0.000,0.000,0.000,0.000,0.000,0.000,0.000,0.000,0.000,0.000,6.165,0.000,0.000,0.000,0.000,0.000,0.000,0.000,0.000,0.000,0.000,4.649,0.000,0.000,0.000,0.000]
  Iter 140: LB=17.056385  UB=19.227167  gap=1.13e-01
  Cut: intercept=-85.993356, π_x_range=[-342.0000, 56.6831]
  Sherali-Cut: intercept=3.754100, π_x_range=[-118.5326, 18.1756]

=== True-DRO Benders iter 141 ===
  OMP: t₀=17.056385, UB=19.227167, gap=1.13e-01, x=[0, 0, 0, 0, 1, 0, 0, 0, 0, 0, 0, 0, 0, 0, 0, 0, 0, 0, 0, 1, 0, 0, 0, 0, 0, 0, 0, 0, 0, 0] (3.005s)
  Sub: Z₀=17.056385 [LOCAL] (0.8s), α=[0.000,0.000,0.000,0.000,2.628,0.000,0.501,0.000,0.000,0.000,0.000,0.000,0.000,0.000,6.596,0.000,0.000,0.000,0.000,0.000,0.000,0.000,0.000,0.000,0.000,1.089,0.000,0.000,0.000,0.000]
  Iter 141: LB=17.056385  UB=19.227167  gap=1.13e-01
  Cut: intercept=-1123.575327, π_x_range=[-839.4904, 583.6860]

=== True-DRO Benders iter 142 ===
  OMP: t₀=17.056385, UB=19.227167, gap=1.13e-01, x=[0, 0, 0, 0, 1, 0, 0, 0, 0, 0, 0, 0, 0, 0, 0, 0, 0, 0, 0, 1, 0, 0, 0, 0, 0, 0, 0, 0, 0, 0] (2.886s)
  Sub: Z₀=17.056385 [LOCAL] (0.8s), α=[0.000,0.000,0.000,0.000,2.628,0.000,0.501,0.000,0.000,0.000,0.000,0.000,0.000,0.000,6.596,0.000,0.000,0.000,0.000,0.000,0.000,0.000,0.000,0.000,0.000,1.089,0.000,0.000,0.000,0.000]
  Iter 142: LB=17.056385  UB=19.227167  gap=1.13e-01
  Cut: intercept=-1123.575327, π_x_range=[-839.4904, 583.6860]

=== True-DRO Benders iter 143 ===
  OMP: t₀=17.056385, UB=19.227167, gap=1.13e-01, x=[0, 0, 0, 0, 1, 0, 0, 0, 0, 0, 0, 0, 0, 0, 0, 0, 0, 0, 0, 1, 0, 0, 0, 0, 0, 0, 0, 0, 0, 0] (2.852s)
  Sub: Z₀=17.056385 [LOCAL] (0.8s), α=[0.000,0.000,0.000,0.000,2.628,0.000,0.501,0.000,0.000,0.000,0.000,0.000,0.000,0.000,6.596,0.000,0.000,0.000,0.000,0.000,0.000,0.000,0.000,0.000,0.000,1.089,0.000,0.000,0.000,0.000]
  Iter 143: LB=17.056385  UB=19.227167  gap=1.13e-01
  Cut: intercept=-1123.575327, π_x_range=[-839.4904, 583.6860]

=== True-DRO Benders iter 144 ===
  OMP: t₀=17.056385, UB=19.227167, gap=1.13e-01, x=[0, 0, 0, 0, 1, 0, 0, 0, 0, 0, 0, 0, 0, 0, 0, 0, 0, 0, 0, 1, 0, 0, 0, 0, 0, 0, 0, 0, 0, 0] (2.849s)
  Sub: Z₀=17.056385 [LOCAL] (0.8s), α=[0.000,0.000,0.000,0.000,2.628,0.000,0.501,0.000,0.000,0.000,0.000,0.000,0.000,0.000,6.596,0.000,0.000,0.000,0.000,0.000,0.000,0.000,0.000,0.000,0.000,1.089,0.000,0.000,0.000,0.000]
  Iter 144: LB=17.056385  UB=19.227167  gap=1.13e-01
  Cut: intercept=-1123.575327, π_x_range=[-839.4904, 583.6860]

=== True-DRO Benders iter 145 ===
  OMP: t₀=17.056385, UB=19.227167, gap=1.13e-01, x=[0, 0, 0, 0, 1, 0, 0, 0, 0, 0, 0, 0, 0, 0, 0, 0, 0, 0, 0, 1, 0, 0, 0, 0, 0, 0, 0, 0, 0, 0] (3.026s)
  Sub: Z₀=21.929704 (6.7s), α=[0.000,0.000,0.000,0.000,0.000,0.000,0.000,0.000,0.000,0.000,0.000,0.000,0.000,0.000,4.723,0.000,0.000,0.000,0.000,0.000,0.000,0.000,0.000,0.000,0.000,6.092,0.000,0.000,0.000,0.000]
  Iter 145: LB=17.056385  UB=19.227167  gap=1.13e-01
  Cut: intercept=-54.907392, π_x_range=[-267.0920, 70.2453]
  Sherali-Cut: intercept=-2.837695, π_x_range=[-120.2968, 18.1756]

=== True-DRO Benders iter 146 ===
  OMP: t₀=17.215767, UB=19.227167, gap=1.05e-01, x=[0, 0, 0, 0, 0, 0, 0, 0, 0, 0, 1, 0, 0, 0, 0, 0, 0, 0, 0, 0, 0, 0, 0, 0, 0, 0, 0, 1, 0, 0] (3.858s)
  Sub: Z₀=17.215767 [LOCAL] (0.5s), α=[0.000,0.000,0.000,0.000,0.000,0.000,0.427,0.000,0.000,0.000,6.327,0.000,0.000,0.000,0.000,0.000,0.000,0.000,0.000,0.000,0.000,0.000,0.000,0.000,0.000,0.459,0.094,3.509,0.000,0.000]
  Iter 146: LB=17.215767  UB=19.227167  gap=1.05e-01
  Cut: intercept=-1083.947923, π_x_range=[-821.6925, 567.8639]

=== True-DRO Benders iter 147 ===
  OMP: t₀=17.215767, UB=19.227167, gap=1.05e-01, x=[0, 0, 0, 0, 0, 0, 0, 0, 0, 0, 1, 0, 0, 0, 0, 0, 0, 0, 0, 0, 0, 0, 0, 0, 0, 0, 0, 1, 0, 0] (3.164s)
  Sub: Z₀=17.215767 [LOCAL] (0.5s), α=[0.000,0.000,0.000,0.000,0.000,0.000,0.427,0.000,0.000,0.000,6.327,0.000,0.000,0.000,0.000,0.000,0.000,0.000,0.000,0.000,0.000,0.000,0.000,0.000,0.000,0.459,0.094,3.509,0.000,0.000]
  Iter 147: LB=17.215767  UB=19.227167  gap=1.05e-01
  Cut: intercept=-1083.947923, π_x_range=[-821.6925, 567.8639]

=== True-DRO Benders iter 148 ===
  OMP: t₀=17.215767, UB=19.227167, gap=1.05e-01, x=[0, 0, 0, 0, 0, 0, 0, 0, 0, 0, 1, 0, 0, 0, 0, 0, 0, 0, 0, 0, 0, 0, 0, 0, 0, 0, 0, 1, 0, 0] (3.540s)
  Sub: Z₀=17.215767 [LOCAL] (0.5s), α=[0.000,0.000,0.000,0.000,0.000,0.000,0.427,0.000,0.000,0.000,6.327,0.000,0.000,0.000,0.000,0.000,0.000,0.000,0.000,0.000,0.000,0.000,0.000,0.000,0.000,0.459,0.094,3.509,0.000,0.000]
  Iter 148: LB=17.215767  UB=19.227167  gap=1.05e-01
  Cut: intercept=-1083.947923, π_x_range=[-821.6925, 567.8639]

=== True-DRO Benders iter 149 ===
  OMP: t₀=17.215767, UB=19.227167, gap=1.05e-01, x=[0, 0, 0, 0, 0, 0, 0, 0, 0, 0, 1, 0, 0, 0, 0, 0, 0, 0, 0, 0, 0, 0, 0, 0, 0, 0, 0, 1, 0, 0] (3.586s)
  Sub: Z₀=17.215767 [LOCAL] (0.5s), α=[0.000,0.000,0.000,0.000,0.000,0.000,0.427,0.000,0.000,0.000,6.327,0.000,0.000,0.000,0.000,0.000,0.000,0.000,0.000,0.000,0.000,0.000,0.000,0.000,0.000,0.459,0.094,3.509,0.000,0.000]
  Iter 149: LB=17.215767  UB=19.227167  gap=1.05e-01
  Cut: intercept=-1083.947923, π_x_range=[-821.6925, 567.8639]

=== True-DRO Benders iter 150 ===
  OMP: t₀=17.215767, UB=19.227167, gap=1.05e-01, x=[0, 0, 0, 0, 0, 0, 0, 0, 0, 0, 1, 0, 0, 0, 0, 0, 0, 0, 0, 0, 0, 0, 0, 0, 0, 0, 0, 1, 0, 0] (3.225s)
  Sub: Z₀=19.986357 (6.5s), α=[0.000,0.000,0.000,0.000,0.000,0.000,0.000,0.000,0.000,0.000,0.000,0.000,0.000,0.000,0.000,0.000,0.000,0.000,0.000,0.000,0.000,0.000,0.000,0.000,0.000,0.860,2.163,7.791,0.000,0.000]
  Iter 150: LB=17.215767  UB=19.227167  gap=1.05e-01
  Cut: intercept=-85.621014, π_x_range=[-200.0000, 69.0238]
  Sherali-Cut: intercept=-43.375443, π_x_range=[-102.3773, 34.3638]

=== True-DRO Benders iter 151 ===
  OMP: t₀=17.374515, UB=19.227167, gap=9.64e-02, x=[0, 1, 0, 0, 0, 0, 0, 0, 0, 0, 0, 0, 0, 0, 0, 0, 0, 0, 0, 0, 0, 1, 0, 0, 0, 0, 0, 0, 0, 0] (4.154s)
  Sub: Z₀=24.007467 [LOCAL] (0.3s), α=[0.000,0.000,0.000,0.000,0.132,0.000,1.377,0.000,0.000,0.000,0.000,0.000,0.000,0.000,2.897,0.000,0.000,0.000,0.000,0.000,0.000,0.000,0.000,0.000,0.000,3.750,2.658,0.000,0.000,0.000]
  Iter 151: LB=17.374515  UB=19.227167  gap=9.64e-02
  Cut: intercept=-1093.276396, π_x_range=[-830.1854, 559.4676]

=== True-DRO Benders iter 152 ===
  OMP: t₀=17.374515, UB=19.227167, gap=9.64e-02, x=[0, 0, 0, 0, 0, 0, 0, 0, 0, 0, 0, 0, 0, 0, 0, 0, 0, 0, 0, 0, 0, 1, 0, 0, 0, 0, 0, 0, 0, 0] (3.902s)
  Sub: Z₀=24.007467 [LOCAL] (0.3s), α=[0.000,0.000,0.000,0.000,0.132,0.000,1.377,0.000,0.000,0.000,0.000,0.000,0.000,0.000,2.897,0.000,0.000,0.000,0.000,0.000,0.000,0.000,0.000,0.000,0.000,3.750,2.658,0.000,0.000,0.000]
  Iter 152: LB=17.374515  UB=19.227167  gap=9.64e-02
  Cut: intercept=-535.456738, π_x_range=[-830.1874, 559.4642]

=== True-DRO Benders iter 153 ===
  OMP: t₀=17.374515, UB=19.227167, gap=9.64e-02, x=[0, 0, 0, 0, 0, 1, 0, 0, 0, 0, 0, 0, 0, 0, 0, 0, 0, 0, 0, 0, 0, 1, 0, 0, 0, 0, 0, 0, 0, 0] (3.896s)
  Sub: Z₀=24.007467 [LOCAL] (0.3s), α=[0.000,0.000,0.000,0.000,0.120,0.000,1.389,0.000,0.000,0.000,0.000,0.000,0.000,0.000,2.909,0.000,0.000,0.000,0.000,0.000,0.000,0.000,0.000,0.000,0.000,3.739,2.658,0.000,0.000,0.000]
  Iter 153: LB=17.374515  UB=19.227167  gap=9.64e-02
  Cut: intercept=-1104.072225, π_x_range=[-830.0594, 568.5174]

=== True-DRO Benders iter 154 ===
  OMP: t₀=17.374515, UB=19.227167, gap=9.64e-02, x=[0, 0, 0, 0, 0, 0, 0, 0, 0, 0, 0, 0, 0, 0, 0, 1, 0, 0, 0, 0, 0, 1, 0, 0, 0, 0, 0, 0, 0, 0] (4.168s)
  Sub: Z₀=24.007467 [LOCAL] (0.3s), α=[0.000,0.000,0.000,0.000,0.111,0.000,1.398,0.000,0.000,0.000,0.000,0.000,0.000,0.000,2.918,0.000,0.000,0.000,0.000,0.000,0.000,0.000,0.000,0.000,0.000,3.730,2.658,0.000,0.000,0.000]
  Iter 154: LB=17.374515  UB=19.227167  gap=9.64e-02
  Cut: intercept=-1073.770607, π_x_range=[-829.6223, 559.4589]

=== True-DRO Benders iter 155 ===
  OMP: t₀=17.374515, UB=19.227167, gap=9.64e-02, x=[0, 0, 0, 0, 0, 0, 0, 0, 0, 0, 0, 0, 0, 0, 0, 0, 0, 0, 0, 0, 0, 1, 0, 0, 1, 0, 0, 0, 0, 0] (4.238s)
  Sub: Z₀=26.107326 (6.0s), α=[0.000,0.000,0.000,0.000,0.330,0.000,0.000,0.000,0.000,0.000,0.000,0.000,0.000,0.000,3.545,0.000,0.000,0.000,0.000,0.000,0.000,0.000,0.000,0.000,0.000,3.437,0.353,3.150,0.000,0.000]
  Iter 155: LB=17.374515  UB=19.227167  gap=9.64e-02
  Cut: intercept=-70.777581, π_x_range=[-215.0000, 51.1492]
  Sherali-Cut: intercept=26.107226, π_x_range=[-81.1714, 0.0001]

=== True-DRO Benders iter 156 ===
  OMP: t₀=17.658047, UB=19.227167, gap=8.16e-02, x=[0, 0, 0, 0, 1, 0, 1, 0, 0, 0, 0, 0, 0, 0, 0, 0, 0, 0, 0, 0, 0, 0, 0, 0, 0, 0, 0, 0, 0, 0] (3.435s)
  Sub: Z₀=17.658047 [LOCAL] (0.3s), α=[0.000,0.000,0.000,0.000,7.104,0.000,2.097,0.000,0.000,0.000,0.000,0.000,0.000,0.000,1.542,0.000,0.000,0.000,0.000,0.000,0.000,0.000,0.000,0.000,0.000,0.071,0.000,0.000,0.000,0.000]
  Iter 156: LB=17.658047  UB=19.227167  gap=8.16e-02
  Cut: intercept=-1144.986963, π_x_range=[-833.0033, 592.6388]

=== True-DRO Benders iter 157 ===
  OMP: t₀=17.658047, UB=19.227167, gap=8.16e-02, x=[0, 0, 0, 0, 1, 0, 1, 0, 0, 0, 0, 0, 0, 0, 0, 0, 0, 0, 0, 0, 0, 0, 0, 0, 0, 0, 0, 0, 0, 0] (2.989s)
  Sub: Z₀=17.658047 [LOCAL] (0.3s), α=[0.000,0.000,0.000,0.000,7.104,0.000,2.097,0.000,0.000,0.000,0.000,0.000,0.000,0.000,1.542,0.000,0.000,0.000,0.000,0.000,0.000,0.000,0.000,0.000,0.000,0.071,0.000,0.000,0.000,0.000]
  Iter 157: LB=17.658047  UB=19.227167  gap=8.16e-02
  Cut: intercept=-1144.986963, π_x_range=[-833.0033, 592.6388]

=== True-DRO Benders iter 158 ===
  OMP: t₀=17.658047, UB=19.227167, gap=8.16e-02, x=[0, 0, 0, 0, 1, 0, 1, 0, 0, 0, 0, 0, 0, 0, 0, 0, 0, 0, 0, 0, 0, 0, 0, 0, 0, 0, 0, 0, 0, 0] (3.081s)
  Sub: Z₀=17.658047 [LOCAL] (0.4s), α=[0.000,0.000,0.000,0.000,7.104,0.000,2.097,0.000,0.000,0.000,0.000,0.000,0.000,0.000,1.542,0.000,0.000,0.000,0.000,0.000,0.000,0.000,0.000,0.000,0.000,0.071,0.000,0.000,0.000,0.000]
  Iter 158: LB=17.658047  UB=19.227167  gap=8.16e-02
  Cut: intercept=-1144.986963, π_x_range=[-833.0033, 592.6388]

=== True-DRO Benders iter 159 ===
  OMP: t₀=17.658047, UB=19.227167, gap=8.16e-02, x=[0, 0, 0, 0, 1, 0, 1, 0, 0, 0, 0, 0, 0, 0, 0, 0, 0, 0, 0, 0, 0, 0, 0, 0, 0, 0, 0, 0, 0, 0] (2.802s)
  Sub: Z₀=17.658047 [LOCAL] (0.3s), α=[0.000,0.000,0.000,0.000,7.104,0.000,2.097,0.000,0.000,0.000,0.000,0.000,0.000,0.000,1.542,0.000,0.000,0.000,0.000,0.000,0.000,0.000,0.000,0.000,0.000,0.071,0.000,0.000,0.000,0.000]
  Iter 159: LB=17.658047  UB=19.227167  gap=8.16e-02
  Cut: intercept=-1144.986963, π_x_range=[-833.0033, 592.6388]

=== True-DRO Benders iter 160 ===
  OMP: t₀=17.658047, UB=19.227167, gap=8.16e-02, x=[0, 0, 0, 0, 1, 0, 1, 0, 0, 0, 0, 0, 0, 0, 0, 0, 0, 0, 0, 0, 0, 0, 0, 0, 0, 0, 0, 0, 0, 0] (3.464s)
  Sub: Z₀=21.829704 (3.3s), α=[0.000,0.000,0.000,0.000,0.000,0.000,0.100,0.000,0.000,0.000,0.000,0.000,0.000,0.000,0.000,0.000,0.000,0.000,0.000,0.000,0.000,0.000,0.000,0.000,0.000,10.715,0.000,0.000,0.000,0.000]
  Iter 160: LB=17.658047  UB=19.227167  gap=8.16e-02
  Cut: intercept=-44.645831, π_x_range=[-297.3040, 44.4999]
  Sherali-Cut: intercept=-7.616304, π_x_range=[-135.0257, 18.1756]

=== True-DRO Benders iter 161 ===
  OMP: t₀=17.691680, UB=19.227167, gap=7.99e-02, x=[0, 0, 0, 0, 0, 0, 1, 0, 0, 0, 0, 0, 0, 0, 0, 0, 0, 0, 0, 0, 0, 0, 0, 0, 0, 0, 1, 0, 0, 0] (3.686s)
  Sub: Z₀=17.691680 [LOCAL] (0.3s), α=[0.000,0.000,0.000,0.000,0.000,0.000,1.293,0.000,0.000,0.000,0.000,0.000,0.000,0.000,0.000,0.000,0.000,0.000,0.000,0.000,0.000,0.000,0.000,0.000,0.000,3.107,6.195,0.219,0.000,0.000]
  Iter 161: LB=17.691680  UB=19.227167  gap=7.99e-02
  Cut: intercept=-1129.539092, π_x_range=[-829.8684, 586.1145]

=== True-DRO Benders iter 162 ===
  OMP: t₀=17.691680, UB=19.227167, gap=7.99e-02, x=[0, 0, 0, 0, 0, 0, 1, 0, 0, 0, 0, 0, 0, 0, 0, 0, 0, 0, 0, 0, 0, 0, 0, 0, 0, 0, 1, 0, 0, 0] (3.425s)
  Sub: Z₀=17.691680 [LOCAL] (0.3s), α=[0.000,0.000,0.000,0.000,0.000,0.000,1.293,0.000,0.000,0.000,0.000,0.000,0.000,0.000,0.000,0.000,0.000,0.000,0.000,0.000,0.000,0.000,0.000,0.000,0.000,3.107,6.195,0.219,0.000,0.000]
  Iter 162: LB=17.691680  UB=19.227167  gap=7.99e-02
  Cut: intercept=-1129.539092, π_x_range=[-829.8684, 586.1145]

=== True-DRO Benders iter 163 ===
  OMP: t₀=17.691680, UB=19.227167, gap=7.99e-02, x=[0, 0, 0, 0, 0, 0, 1, 0, 0, 0, 0, 0, 0, 0, 0, 0, 0, 0, 0, 0, 0, 0, 0, 0, 0, 0, 1, 0, 0, 0] (3.598s)
  Sub: Z₀=17.691680 [LOCAL] (0.3s), α=[0.000,0.000,0.000,0.000,0.000,0.000,1.293,0.000,0.000,0.000,0.000,0.000,0.000,0.000,0.000,0.000,0.000,0.000,0.000,0.000,0.000,0.000,0.000,0.000,0.000,3.107,6.195,0.219,0.000,0.000]
  Iter 163: LB=17.691680  UB=19.227167  gap=7.99e-02
  Cut: intercept=-1129.539092, π_x_range=[-829.8684, 586.1145]

=== True-DRO Benders iter 164 ===
  OMP: t₀=17.691680, UB=19.227167, gap=7.99e-02, x=[0, 0, 0, 0, 0, 0, 1, 0, 0, 0, 0, 0, 0, 0, 0, 0, 0, 0, 0, 0, 0, 0, 0, 0, 0, 0, 1, 0, 0, 0] (3.714s)
  Sub: Z₀=17.691680 [LOCAL] (0.3s), α=[0.000,0.000,0.000,0.000,0.000,0.000,1.293,0.000,0.000,0.000,0.000,0.000,0.000,0.000,0.000,0.000,0.000,0.000,0.000,0.000,0.000,0.000,0.000,0.000,0.000,3.107,6.195,0.219,0.000,0.000]
  Iter 164: LB=17.691680  UB=19.227167  gap=7.99e-02
  Cut: intercept=-1129.539092, π_x_range=[-829.8684, 586.1145]

=== True-DRO Benders iter 165 ===
  OMP: t₀=17.691680, UB=19.227167, gap=7.99e-02, x=[0, 0, 0, 0, 0, 0, 1, 0, 0, 0, 0, 0, 0, 0, 0, 0, 0, 0, 0, 0, 0, 0, 0, 0, 0, 0, 1, 0, 0, 0] (3.190s)
  Sub: Z₀=20.782184 (5.7s), α=[0.000,0.000,0.000,0.000,0.000,0.000,0.000,0.000,0.000,0.000,0.000,0.000,0.000,0.000,3.534,0.000,0.000,0.000,0.000,0.000,0.000,0.000,0.000,0.000,0.000,7.281,0.000,0.000,0.000,0.000]
  Iter 165: LB=17.691680  UB=19.227167  gap=7.99e-02
  Cut: intercept=-87.584140, π_x_range=[-252.5907, 78.7689]
  Sherali-Cut: intercept=-1.122202, π_x_range=[-117.3953, 17.9671]

=== True-DRO Benders iter 166 ===
  OMP: t₀=17.885020, UB=19.227167, gap=6.98e-02, x=[0, 0, 0, 0, 0, 0, 0, 0, 0, 0, 0, 0, 0, 0, 1, 0, 0, 0, 0, 0, 0, 0, 0, 0, 0, 1, 0, 0, 0, 0] (3.545s)
  Sub: Z₀=17.885020 [LOCAL] (0.4s), α=[0.000,0.000,0.000,0.000,0.000,0.000,0.000,0.000,0.000,0.000,0.000,0.000,0.000,0.000,0.000,0.000,0.000,0.000,0.000,0.000,0.000,0.000,0.000,0.000,0.000,10.815,0.000,0.000,0.000,0.000]
  Iter 166: LB=17.885020  UB=19.227167  gap=6.98e-02
  Cut: intercept=-1168.885638, π_x_range=[-823.4298, 599.2829]

=== True-DRO Benders iter 167 ===
  OMP: t₀=17.885020, UB=19.227167, gap=6.98e-02, x=[0, 0, 0, 0, 0, 0, 0, 0, 0, 0, 0, 0, 0, 0, 1, 0, 0, 0, 0, 0, 0, 0, 0, 0, 0, 1, 0, 0, 0, 0] (3.384s)
  Sub: Z₀=17.885020 [LOCAL] (0.4s), α=[0.000,0.000,0.000,0.000,0.000,0.000,0.000,0.000,0.000,0.000,0.000,0.000,0.000,0.000,0.000,0.000,0.000,0.000,0.000,0.000,0.000,0.000,0.000,0.000,0.000,10.815,0.000,0.000,0.000,0.000]
  Iter 167: LB=17.885020  UB=19.227167  gap=6.98e-02
  Cut: intercept=-1168.885638, π_x_range=[-823.4298, 599.2829]

=== True-DRO Benders iter 168 ===
  OMP: t₀=17.885020, UB=19.227167, gap=6.98e-02, x=[0, 0, 0, 0, 0, 0, 0, 0, 0, 0, 0, 0, 0, 0, 1, 0, 0, 0, 0, 0, 0, 0, 0, 0, 0, 1, 0, 0, 0, 0] (3.025s)
  Sub: Z₀=17.885020 [LOCAL] (0.4s), α=[0.000,0.000,0.000,0.000,0.000,0.000,0.000,0.000,0.000,0.000,0.000,0.000,0.000,0.000,0.000,0.000,0.000,0.000,0.000,0.000,0.000,0.000,0.000,0.000,0.000,10.815,0.000,0.000,0.000,0.000]
  Iter 168: LB=17.885020  UB=19.227167  gap=6.98e-02
  Cut: intercept=-1168.885638, π_x_range=[-823.4298, 599.2829]

=== True-DRO Benders iter 169 ===
  OMP: t₀=17.885020, UB=19.227167, gap=6.98e-02, x=[0, 0, 0, 0, 0, 0, 0, 0, 0, 0, 0, 0, 0, 0, 1, 0, 0, 0, 0, 0, 0, 0, 0, 0, 0, 1, 0, 0, 0, 0] (2.998s)
  Sub: Z₀=17.885020 [LOCAL] (0.4s), α=[0.000,0.000,0.000,0.000,0.000,0.000,0.000,0.000,0.000,0.000,0.000,0.000,0.000,0.000,0.000,0.000,0.000,0.000,0.000,0.000,0.000,0.000,0.000,0.000,0.000,10.815,0.000,0.000,0.000,0.000]
  Iter 169: LB=17.885020  UB=19.227167  gap=6.98e-02
  Cut: intercept=-1168.885638, π_x_range=[-823.4298, 599.2829]

=== True-DRO Benders iter 170 ===
  OMP: t₀=17.885020, UB=19.227167, gap=6.98e-02, x=[0, 0, 0, 0, 0, 0, 0, 0, 0, 0, 0, 0, 0, 0, 1, 0, 0, 0, 0, 0, 0, 0, 0, 0, 0, 1, 0, 0, 0, 0] (3.822s)
  Sub: Z₀=19.855269 (7.3s), α=[0.000,0.000,0.000,0.000,0.000,0.000,0.000,0.000,0.000,0.000,0.000,0.000,0.000,0.000,0.553,0.000,0.000,0.000,0.000,0.000,0.000,0.000,0.000,0.000,0.000,0.000,6.552,3.709,0.000,0.000]
  Iter 170: LB=17.885020  UB=19.227167  gap=6.98e-02
  Cut: intercept=-48.699352, π_x_range=[-258.0000, 47.2216]
  Sherali-Cut: intercept=-12.029522, π_x_range=[-141.6692, 18.8512]

=== True-DRO Benders iter 171 ===
  OMP: t₀=17.889486, UB=19.227167, gap=6.96e-02, x=[0, 0, 0, 0, 1, 0, 0, 0, 0, 0, 0, 0, 0, 0, 0, 0, 0, 0, 0, 0, 0, 0, 0, 0, 0, 0, 0, 1, 0, 0] (3.788s)
  Sub: Z₀=17.889486 [LOCAL] (0.3s), α=[0.000,0.000,0.000,0.000,6.322,0.000,0.060,0.000,0.000,0.000,0.000,0.000,0.000,0.000,1.580,0.000,0.000,0.000,0.000,0.000,0.000,0.000,0.000,0.000,0.000,0.038,0.069,2.746,0.000,0.000]
  Iter 171: LB=17.889486  UB=19.227167  gap=6.96e-02
  Cut: intercept=-1119.160857, π_x_range=[-828.7841, 572.5938]

=== True-DRO Benders iter 172 ===
  OMP: t₀=17.889486, UB=19.227167, gap=6.96e-02, x=[0, 0, 0, 0, 1, 0, 0, 0, 0, 0, 0, 0, 0, 0, 0, 0, 0, 0, 0, 0, 0, 0, 0, 0, 0, 0, 0, 1, 0, 0] (3.264s)
  Sub: Z₀=17.889486 [LOCAL] (0.3s), α=[0.000,0.000,0.000,0.000,6.322,0.000,0.060,0.000,0.000,0.000,0.000,0.000,0.000,0.000,1.580,0.000,0.000,0.000,0.000,0.000,0.000,0.000,0.000,0.000,0.000,0.038,0.069,2.746,0.000,0.000]
  Iter 172: LB=17.889486  UB=19.227167  gap=6.96e-02
  Cut: intercept=-1119.160857, π_x_range=[-828.7841, 572.5938]

=== True-DRO Benders iter 173 ===
  OMP: t₀=17.889486, UB=19.227167, gap=6.96e-02, x=[0, 0, 0, 0, 1, 0, 0, 0, 0, 0, 0, 0, 0, 0, 0, 0, 0, 0, 0, 0, 0, 0, 0, 0, 0, 0, 0, 1, 0, 0] (3.540s)
  Sub: Z₀=17.889486 [LOCAL] (0.3s), α=[0.000,0.000,0.000,0.000,6.322,0.000,0.060,0.000,0.000,0.000,0.000,0.000,0.000,0.000,1.580,0.000,0.000,0.000,0.000,0.000,0.000,0.000,0.000,0.000,0.000,0.038,0.069,2.746,0.000,0.000]
  Iter 173: LB=17.889486  UB=19.227167  gap=6.96e-02
  Cut: intercept=-1119.160857, π_x_range=[-828.7841, 572.5938]

=== True-DRO Benders iter 174 ===
  OMP: t₀=17.889486, UB=19.227167, gap=6.96e-02, x=[0, 0, 0, 0, 1, 0, 0, 0, 0, 0, 0, 0, 0, 0, 0, 0, 0, 0, 0, 0, 0, 0, 0, 0, 0, 0, 0, 1, 0, 0] (3.384s)
  Sub: Z₀=17.889486 [LOCAL] (0.3s), α=[0.000,0.000,0.000,0.000,6.322,0.000,0.060,0.000,0.000,0.000,0.000,0.000,0.000,0.000,1.580,0.000,0.000,0.000,0.000,0.000,0.000,0.000,0.000,0.000,0.000,0.038,0.069,2.746,0.000,0.000]
  Iter 174: LB=17.889486  UB=19.227167  gap=6.96e-02
  Cut: intercept=-1119.160857, π_x_range=[-828.7841, 572.5938]

=== True-DRO Benders iter 175 ===
  OMP: t₀=17.889486, UB=19.227167, gap=6.96e-02, x=[0, 0, 0, 0, 1, 0, 0, 0, 0, 0, 0, 0, 0, 0, 0, 0, 0, 0, 0, 0, 0, 0, 0, 0, 0, 0, 0, 1, 0, 0] (3.321s)
  Sub: Z₀=20.999631 (7.1s), α=[0.000,0.000,0.000,0.000,1.682,0.000,0.875,0.000,0.000,0.000,0.000,0.000,0.000,0.000,0.000,0.000,0.000,0.000,0.000,0.000,0.000,0.000,0.000,0.000,0.000,2.333,5.925,0.000,0.000,0.000]
  Iter 175: LB=17.889486  UB=19.227167  gap=6.96e-02
  Cut: intercept=-54.442925, π_x_range=[-249.0000, 51.2776]
  Sherali-Cut: intercept=-4.425933, π_x_range=[-114.7566, 18.1760]

=== True-DRO Benders iter 176 ===
  OMP: t₀=17.963034, UB=19.227167, gap=6.57e-02, x=[0, 0, 0, 0, 0, 0, 0, 0, 1, 0, 0, 0, 0, 0, 0, 0, 0, 0, 0, 0, 0, 0, 0, 0, 0, 0, 0, 1, 0, 0] (3.409s)
  Sub: Z₀=19.753638 [LOCAL] (0.3s), α=[0.000,0.000,0.000,0.000,0.000,0.000,0.000,0.000,0.000,0.000,0.000,0.000,0.000,0.000,0.000,0.000,0.000,0.000,0.000,0.000,0.000,0.000,0.000,0.000,0.000,2.761,0.186,7.868,0.000,0.000]
  Iter 176: LB=17.963034  UB=19.227167  gap=6.57e-02
  Cut: intercept=-1129.580961, π_x_range=[-831.6527, 584.0166]

=== True-DRO Benders iter 177 ===
  OMP: t₀=17.987404, UB=19.227167, gap=6.45e-02, x=[0, 0, 0, 0, 0, 0, 0, 0, 0, 0, 0, 0, 0, 0, 1, 0, 0, 0, 0, 0, 0, 0, 0, 0, 0, 0, 1, 0, 0, 0] (3.090s)
  Sub: Z₀=17.987404 [LOCAL] (0.3s), α=[0.000,0.000,0.000,0.000,0.000,0.000,0.000,0.000,0.000,0.000,0.000,0.000,0.000,0.000,3.937,0.000,0.000,0.000,0.000,0.000,0.000,0.000,0.000,0.000,0.000,0.463,6.204,0.211,0.000,0.000]
  Iter 177: LB=17.987404  UB=19.227167  gap=6.45e-02
  Cut: intercept=-1133.611158, π_x_range=[-828.7208, 588.5163]

=== True-DRO Benders iter 178 ===
  OMP: t₀=17.987404, UB=19.227167, gap=6.45e-02, x=[0, 0, 0, 0, 0, 0, 0, 0, 0, 0, 0, 0, 0, 0, 1, 0, 0, 0, 0, 0, 0, 0, 0, 0, 0, 0, 1, 0, 0, 0] (3.023s)
  Sub: Z₀=17.987404 [LOCAL] (0.3s), α=[0.000,0.000,0.000,0.000,0.000,0.000,0.000,0.000,0.000,0.000,0.000,0.000,0.000,0.000,3.937,0.000,0.000,0.000,0.000,0.000,0.000,0.000,0.000,0.000,0.000,0.463,6.204,0.211,0.000,0.000]
  Iter 178: LB=17.987404  UB=19.227167  gap=6.45e-02
  Cut: intercept=-1133.611158, π_x_range=[-828.7208, 588.5163]

=== True-DRO Benders iter 179 ===
  OMP: t₀=17.987404, UB=19.227167, gap=6.45e-02, x=[0, 0, 0, 0, 0, 0, 0, 0, 0, 0, 0, 0, 0, 0, 1, 0, 0, 0, 0, 0, 0, 0, 0, 0, 0, 0, 1, 0, 0, 0] (3.527s)
  Sub: Z₀=17.987404 [LOCAL] (0.3s), α=[0.000,0.000,0.000,0.000,0.000,0.000,0.000,0.000,0.000,0.000,0.000,0.000,0.000,0.000,3.937,0.000,0.000,0.000,0.000,0.000,0.000,0.000,0.000,0.000,0.000,0.463,6.204,0.211,0.000,0.000]
  Iter 179: LB=17.987404  UB=19.227167  gap=6.45e-02
  Cut: intercept=-1133.611158, π_x_range=[-828.7208, 588.5163]

=== True-DRO Benders iter 180 ===
  OMP: t₀=17.987404, UB=19.227167, gap=6.45e-02, x=[0, 0, 0, 0, 0, 0, 0, 0, 0, 0, 0, 0, 0, 0, 1, 0, 0, 0, 0, 0, 0, 0, 0, 0, 0, 0, 1, 0, 0, 0] (3.092s)
  Sub: Z₀=19.855269 (5.7s), α=[0.000,0.000,0.000,0.000,0.000,0.000,0.000,0.000,0.000,0.000,0.000,0.000,0.000,0.000,0.553,0.000,0.000,0.000,0.000,0.000,0.000,0.000,0.000,0.000,0.000,0.000,10.261,0.000,0.000,0.000]
  Iter 180: LB=17.987404  UB=19.227167  gap=6.45e-02
  Cut: intercept=-8.476288, π_x_range=[-268.0000, 28.3316]
  Sherali-Cut: intercept=14.735467, π_x_range=[-145.7989, 5.1198]

=== True-DRO Benders iter 181 ===
  OMP: t₀=18.142556, UB=19.227167, gap=5.64e-02, x=[0, 0, 0, 0, 0, 0, 0, 0, 0, 0, 0, 0, 0, 0, 0, 0, 0, 0, 0, 0, 0, 0, 0, 0, 0, 1, 0, 1, 0, 0] (3.701s)
  Sub: Z₀=18.142556 [LOCAL] (0.4s), α=[0.000,0.000,0.000,0.000,0.000,0.000,0.000,0.000,0.000,0.000,0.000,0.000,0.000,0.000,0.000,0.000,0.000,0.000,0.000,0.000,0.000,0.000,0.000,0.000,0.000,7.747,0.074,2.994,0.000,0.000]
  Iter 181: LB=18.142556  UB=19.227167  gap=5.64e-02
  Cut: intercept=-1131.335368, π_x_range=[-829.4361, 581.5447]

=== True-DRO Benders iter 182 ===
  OMP: t₀=18.142556, UB=19.227167, gap=5.64e-02, x=[0, 0, 0, 0, 0, 0, 0, 0, 0, 0, 0, 0, 0, 0, 0, 0, 0, 0, 0, 0, 0, 0, 0, 0, 0, 1, 0, 1, 0, 0] (3.142s)
  Sub: Z₀=18.142556 [LOCAL] (0.4s), α=[0.000,0.000,0.000,0.000,0.000,0.000,0.000,0.000,0.000,0.000,0.000,0.000,0.000,0.000,0.000,0.000,0.000,0.000,0.000,0.000,0.000,0.000,0.000,0.000,0.000,7.747,0.074,2.994,0.000,0.000]
  Iter 182: LB=18.142556  UB=19.227167  gap=5.64e-02
  Cut: intercept=-1131.335368, π_x_range=[-829.4361, 581.5447]

=== True-DRO Benders iter 183 ===
  OMP: t₀=18.142556, UB=19.227167, gap=5.64e-02, x=[0, 0, 0, 0, 0, 0, 0, 0, 0, 0, 0, 0, 0, 0, 0, 0, 0, 0, 0, 0, 0, 0, 0, 0, 0, 1, 0, 1, 0, 0] (3.113s)
  Sub: Z₀=18.142556 [LOCAL] (0.4s), α=[0.000,0.000,0.000,0.000,0.000,0.000,0.000,0.000,0.000,0.000,0.000,0.000,0.000,0.000,0.000,0.000,0.000,0.000,0.000,0.000,0.000,0.000,0.000,0.000,0.000,7.747,0.074,2.994,0.000,0.000]
  Iter 183: LB=18.142556  UB=19.227167  gap=5.64e-02
  Cut: intercept=-1131.335368, π_x_range=[-829.4361, 581.5447]

=== True-DRO Benders iter 184 ===
  OMP: t₀=18.142556, UB=19.227167, gap=5.64e-02, x=[0, 0, 0, 0, 0, 0, 0, 0, 0, 0, 0, 0, 0, 0, 0, 0, 0, 0, 0, 0, 0, 0, 0, 0, 0, 1, 0, 1, 0, 0] (3.151s)
  Sub: Z₀=18.142556 [LOCAL] (0.4s), α=[0.000,0.000,0.000,0.000,0.000,0.000,0.000,0.000,0.000,0.000,0.000,0.000,0.000,0.000,0.000,0.000,0.000,0.000,0.000,0.000,0.000,0.000,0.000,0.000,0.000,7.747,0.074,2.994,0.000,0.000]
  Iter 184: LB=18.142556  UB=19.227167  gap=5.64e-02
  Cut: intercept=-1131.335368, π_x_range=[-829.4361, 581.5447]

=== True-DRO Benders iter 185 ===
  OMP: t₀=18.142556, UB=19.227167, gap=5.64e-02, x=[0, 0, 0, 0, 0, 0, 0, 0, 0, 0, 0, 0, 0, 0, 0, 0, 0, 0, 0, 0, 0, 0, 0, 0, 0, 1, 0, 1, 0, 0] (3.287s)
  Sub: Z₀=20.999631 (6.1s), α=[0.000,0.000,0.000,0.000,0.000,0.000,2.557,0.000,0.000,0.000,0.000,0.000,0.000,0.000,1.682,0.000,0.000,0.000,0.000,0.000,0.000,0.000,0.000,0.000,0.000,0.651,5.925,0.000,0.000,0.000]
  Iter 185: LB=18.142556  UB=19.227167  gap=5.64e-02
  Cut: intercept=-33.156605, π_x_range=[-259.0000, 29.9912]
  Sherali-Cut: intercept=-5.763160, π_x_range=[-106.5373, 19.5133]

=== True-DRO Benders iter 186 ===
  OMP: t₀=18.178147, UB=19.227167, gap=5.46e-02, x=[0, 0, 0, 0, 0, 0, 0, 0, 0, 0, 0, 0, 0, 0, 1, 0, 0, 0, 0, 0, 0, 1, 0, 0, 0, 0, 0, 0, 0, 0] (3.717s)
  Sub: Z₀=22.425970 [LOCAL] (0.3s), α=[0.000,0.000,0.000,0.000,0.000,0.000,0.000,0.000,0.000,0.000,0.000,0.000,0.000,0.000,6.346,0.000,0.000,0.000,0.000,0.000,0.000,0.000,0.000,0.000,0.000,3.619,0.850,0.000,0.000,0.000]
  Iter 186: LB=18.178147  UB=19.227167  gap=5.46e-02
  Cut: intercept=-1127.584481, π_x_range=[-831.4484, 586.8967]

=== True-DRO Benders iter 187 ===
  OMP: t₀=18.198559, UB=19.227167, gap=5.35e-02, x=[0, 0, 0, 0, 0, 0, 0, 0, 0, 0, 1, 0, 0, 0, 0, 0, 0, 0, 1, 0, 0, 0, 0, 0, 0, 0, 0, 0, 0, 0] (2.953s)
  Sub: Z₀=18.198559 [LOCAL] (0.3s), α=[0.000,0.000,0.000,0.000,0.000,0.000,0.000,0.000,0.000,0.000,9.603,0.000,0.000,0.000,1.212,0.000,0.000,0.000,0.000,0.000,0.000,0.000,0.000,0.000,0.000,0.000,0.000,0.000,0.000,0.000]
  Iter 187: LB=18.198559  UB=19.227167  gap=5.35e-02
  Cut: intercept=-1085.264134, π_x_range=[-817.1041, 554.5578]

=== True-DRO Benders iter 188 ===
  OMP: t₀=18.198559, UB=19.227167, gap=5.35e-02, x=[0, 0, 0, 0, 0, 0, 0, 0, 0, 0, 1, 0, 0, 0, 0, 0, 0, 0, 1, 0, 0, 0, 0, 0, 0, 0, 0, 0, 0, 0] (3.314s)
  Sub: Z₀=18.198559 [LOCAL] (0.3s), α=[0.000,0.000,0.000,0.000,0.000,0.000,0.000,0.000,0.000,0.000,9.603,0.000,0.000,0.000,1.212,0.000,0.000,0.000,0.000,0.000,0.000,0.000,0.000,0.000,0.000,0.000,0.000,0.000,0.000,0.000]
  Iter 188: LB=18.198559  UB=19.227167  gap=5.35e-02
  Cut: intercept=-1085.264134, π_x_range=[-817.1041, 554.5578]

=== True-DRO Benders iter 189 ===
  OMP: t₀=18.198559, UB=19.227167, gap=5.35e-02, x=[0, 0, 0, 0, 0, 0, 0, 0, 0, 0, 1, 0, 0, 0, 0, 0, 0, 0, 1, 0, 0, 0, 0, 0, 0, 0, 0, 0, 0, 0] (3.359s)
  Sub: Z₀=18.198559 [LOCAL] (0.3s), α=[0.000,0.000,0.000,0.000,0.000,0.000,0.000,0.000,0.000,0.000,9.603,0.000,0.000,0.000,1.212,0.000,0.000,0.000,0.000,0.000,0.000,0.000,0.000,0.000,0.000,0.000,0.000,0.000,0.000,0.000]
  Iter 189: LB=18.198559  UB=19.227167  gap=5.35e-02
  Cut: intercept=-1085.264134, π_x_range=[-817.1041, 554.5578]

=== True-DRO Benders iter 190 ===
  OMP: t₀=18.198559, UB=19.227167, gap=5.35e-02, x=[0, 0, 0, 0, 0, 0, 0, 0, 0, 0, 1, 0, 0, 0, 0, 0, 0, 0, 1, 0, 0, 0, 0, 0, 0, 0, 0, 0, 0, 0] (3.660s)
  Sub: Z₀=24.180846 (6.5s), α=[0.000,0.000,0.000,0.000,0.000,0.000,0.000,0.000,0.000,0.000,4.183,0.000,0.000,0.000,1.948,0.000,0.000,0.000,0.000,0.000,0.000,0.000,0.000,0.000,0.000,3.107,1.577,0.000,0.000,0.000]
  Iter 190: LB=18.198559  UB=19.227167  gap=5.35e-02
  Cut: intercept=-99.162838, π_x_range=[-240.0000, 70.8537]
  Sherali-Cut: intercept=-75.950472, π_x_range=[-137.4293, 59.8402]

=== True-DRO Benders iter 191 ===
  OMP: t₀=18.374360, UB=19.227167, gap=4.44e-02, x=[0, 0, 0, 0, 0, 0, 0, 0, 0, 0, 0, 0, 0, 0, 0, 0, 0, 0, 0, 1, 0, 0, 0, 0, 0, 0, 1, 0, 0, 0] (3.107s)
  Sub: Z₀=18.374360 [LOCAL] (0.4s), α=[0.000,0.000,0.000,0.000,0.000,0.000,0.000,0.000,0.000,0.000,0.000,0.000,0.000,0.000,0.000,0.000,0.000,0.000,0.000,2.123,0.000,0.000,0.000,0.000,0.000,0.000,8.691,0.000,0.000,0.000]
  Iter 191: LB=18.374360  UB=19.227167  gap=4.44e-02
  Cut: intercept=-1100.295108, π_x_range=[-827.4896, 562.4509]

=== True-DRO Benders iter 192 ===
  OMP: t₀=18.374360, UB=19.227167, gap=4.44e-02, x=[0, 0, 0, 0, 0, 0, 0, 0, 0, 0, 0, 0, 0, 0, 0, 0, 0, 0, 0, 1, 0, 0, 0, 0, 0, 0, 1, 0, 0, 0] (2.774s)
  Sub: Z₀=18.374360 [LOCAL] (0.4s), α=[0.000,0.000,0.000,0.000,0.000,0.000,0.000,0.000,0.000,0.000,0.000,0.000,0.000,0.000,0.000,0.000,0.000,0.000,0.000,2.123,0.000,0.000,0.000,0.000,0.000,0.000,8.691,0.000,0.000,0.000]
  Iter 192: LB=18.374360  UB=19.227167  gap=4.44e-02
  Cut: intercept=-1100.295108, π_x_range=[-827.4896, 562.4509]

=== True-DRO Benders iter 193 ===
  OMP: t₀=18.374360, UB=19.227167, gap=4.44e-02, x=[0, 0, 0, 0, 0, 0, 0, 0, 0, 0, 0, 0, 0, 0, 0, 0, 0, 0, 0, 1, 0, 0, 0, 0, 0, 0, 1, 0, 0, 0] (2.768s)
  Sub: Z₀=18.374360 [LOCAL] (0.4s), α=[0.000,0.000,0.000,0.000,0.000,0.000,0.000,0.000,0.000,0.000,0.000,0.000,0.000,0.000,0.000,0.000,0.000,0.000,0.000,2.123,0.000,0.000,0.000,0.000,0.000,0.000,8.691,0.000,0.000,0.000]
  Iter 193: LB=18.374360  UB=19.227167  gap=4.44e-02
  Cut: intercept=-1100.295108, π_x_range=[-827.4896, 562.4509]

=== True-DRO Benders iter 194 ===
  OMP: t₀=18.374360, UB=19.227167, gap=4.44e-02, x=[0, 0, 0, 0, 0, 0, 0, 0, 0, 0, 0, 0, 0, 0, 0, 0, 0, 0, 0, 1, 0, 0, 0, 0, 0, 0, 1, 0, 0, 0] (2.618s)
  Sub: Z₀=18.374360 [LOCAL] (0.4s), α=[0.000,0.000,0.000,0.000,0.000,0.000,0.000,0.000,0.000,0.000,0.000,0.000,0.000,0.000,0.000,0.000,0.000,0.000,0.000,2.123,0.000,0.000,0.000,0.000,0.000,0.000,8.691,0.000,0.000,0.000]
  Iter 194: LB=18.374360  UB=19.227167  gap=4.44e-02
  Cut: intercept=-1100.295108, π_x_range=[-827.4896, 562.4509]

=== True-DRO Benders iter 195 ===
  OMP: t₀=18.374360, UB=19.227167, gap=4.44e-02, x=[0, 0, 0, 0, 0, 0, 0, 0, 0, 0, 0, 0, 0, 0, 0, 0, 0, 0, 0, 1, 0, 0, 0, 0, 0, 0, 1, 0, 0, 0] (2.668s)
  Sub: Z₀=19.190132 (7.5s), α=[0.000,0.000,0.000,0.000,0.000,0.000,0.000,0.000,0.000,0.000,0.000,0.000,0.000,0.000,3.138,0.000,0.000,0.000,0.000,1.592,0.000,0.000,0.000,0.000,0.000,6.084,0.000,0.000,0.000,0.000]
  Iter 195: LB=18.374360  UB=19.190132  gap=4.25e-02
  Cut: intercept=-41.394545, π_x_range=[-286.0000, 41.2802]
  Sherali-Cut: intercept=-31.003011, π_x_range=[-111.0217, 29.9235]

=== True-DRO Benders iter 196 ===
  OMP: t₀=18.518563, UB=19.190132, gap=3.50e-02, x=[0, 0, 0, 0, 0, 0, 0, 0, 0, 0, 0, 0, 0, 0, 0, 0, 0, 0, 0, 0, 0, 0, 1, 0, 0, 0, 0, 1, 0, 0] (2.811s)
  Sub: Z₀=18.518563 [LOCAL] (0.4s), α=[0.000,0.000,0.000,0.000,0.000,0.000,0.000,0.000,0.000,0.000,0.000,0.000,0.000,0.000,3.066,0.000,0.000,0.000,0.000,0.000,0.000,0.000,0.000,0.000,0.000,4.564,0.166,3.019,0.000,0.000]
  Iter 196: LB=18.518563  UB=19.190132  gap=3.50e-02
  Cut: intercept=-1102.752409, π_x_range=[-833.9965, 562.3207]

=== True-DRO Benders iter 197 ===
  OMP: t₀=18.518563, UB=19.190132, gap=3.50e-02, x=[0, 0, 0, 0, 0, 0, 0, 0, 0, 0, 0, 0, 0, 0, 0, 0, 0, 0, 0, 0, 0, 0, 1, 0, 0, 0, 0, 1, 0, 0] (2.947s)
  Sub: Z₀=18.518563 [LOCAL] (0.4s), α=[0.000,0.000,0.000,0.000,0.000,0.000,0.000,0.000,0.000,0.000,0.000,0.000,0.000,0.000,3.066,0.000,0.000,0.000,0.000,0.000,0.000,0.000,0.000,0.000,0.000,4.564,0.166,3.019,0.000,0.000]
  Iter 197: LB=18.518563  UB=19.190132  gap=3.50e-02
  Cut: intercept=-1102.752409, π_x_range=[-833.9965, 562.3207]

=== True-DRO Benders iter 198 ===
  OMP: t₀=18.518563, UB=19.190132, gap=3.50e-02, x=[0, 0, 0, 0, 0, 0, 0, 0, 0, 0, 0, 0, 0, 0, 0, 0, 0, 0, 0, 0, 0, 0, 1, 0, 0, 0, 0, 1, 0, 0] (2.882s)
  Sub: Z₀=18.518563 [LOCAL] (0.4s), α=[0.000,0.000,0.000,0.000,0.000,0.000,0.000,0.000,0.000,0.000,0.000,0.000,0.000,0.000,3.066,0.000,0.000,0.000,0.000,0.000,0.000,0.000,0.000,0.000,0.000,4.564,0.166,3.019,0.000,0.000]
  Iter 198: LB=18.518563  UB=19.190132  gap=3.50e-02
  Cut: intercept=-1102.752409, π_x_range=[-833.9965, 562.3207]

=== True-DRO Benders iter 199 ===
  OMP: t₀=18.518563, UB=19.190132, gap=3.50e-02, x=[0, 0, 0, 0, 0, 0, 0, 0, 0, 0, 0, 0, 0, 0, 0, 0, 0, 0, 0, 0, 0, 0, 1, 0, 0, 0, 0, 1, 0, 0] (2.847s)
  Sub: Z₀=18.518563 [LOCAL] (0.4s), α=[0.000,0.000,0.000,0.000,0.000,0.000,0.000,0.000,0.000,0.000,0.000,0.000,0.000,0.000,3.066,0.000,0.000,0.000,0.000,0.000,0.000,0.000,0.000,0.000,0.000,4.564,0.166,3.019,0.000,0.000]
  Iter 199: LB=18.518563  UB=19.190132  gap=3.50e-02
  Cut: intercept=-1102.752409, π_x_range=[-833.9965, 562.3207]

=== True-DRO Benders iter 200 ===
  OMP: t₀=18.518563, UB=19.190132, gap=3.50e-02, x=[0, 0, 0, 0, 0, 0, 0, 0, 0, 0, 0, 0, 0, 0, 0, 0, 0, 0, 0, 0, 0, 0, 1, 0, 0, 0, 0, 1, 0, 0] (2.862s)
  Sub: Z₀=20.999631 (6.1s), α=[0.000,0.000,0.000,0.000,0.000,0.000,2.557,0.000,0.000,0.000,0.000,0.000,0.000,0.000,1.682,0.000,0.000,0.000,0.000,0.000,0.000,0.000,0.000,0.000,0.000,0.651,5.925,0.000,0.000,0.000]
  Iter 200: LB=18.518563  UB=19.190132  gap=3.50e-02
  Cut: intercept=-30.175064, π_x_range=[-229.0000, 29.4537]
  Sherali-Cut: intercept=13.750131, π_x_range=[-103.9971, 7.2495]

=== True-DRO Benders iter 201 ===
  OMP: t₀=18.561275, UB=19.190132, gap=3.28e-02, x=[0, 0, 0, 0, 0, 0, 0, 1, 0, 0, 0, 0, 0, 0, 0, 0, 0, 0, 0, 0, 0, 0, 0, 0, 0, 0, 0, 1, 0, 0] (2.936s)
  Sub: Z₀=18.561275 [LOCAL] (0.3s), α=[0.000,0.000,0.000,0.000,0.000,0.000,0.000,2.617,0.000,0.000,0.000,0.000,0.000,0.000,0.000,0.000,0.000,0.000,0.000,0.000,0.000,0.000,0.000,0.000,0.000,1.332,0.000,6.865,0.000,0.000]
  Iter 201: LB=18.561275  UB=19.190132  gap=3.28e-02
  Cut: intercept=-1119.691202, π_x_range=[-831.3769, 570.9574]

=== True-DRO Benders iter 202 ===
  OMP: t₀=18.561275, UB=19.190132, gap=3.28e-02, x=[0, 0, 0, 0, 0, 0, 0, 1, 0, 0, 0, 0, 0, 0, 0, 0, 0, 0, 0, 0, 0, 0, 0, 0, 0, 0, 0, 1, 0, 0] (2.964s)
  Sub: Z₀=18.561275 [LOCAL] (0.3s), α=[0.000,0.000,0.000,0.000,0.000,0.000,0.000,2.617,0.000,0.000,0.000,0.000,0.000,0.000,0.000,0.000,0.000,0.000,0.000,0.000,0.000,0.000,0.000,0.000,0.000,1.332,0.000,6.865,0.000,0.000]
  Iter 202: LB=18.561275  UB=19.190132  gap=3.28e-02
  Cut: intercept=-1119.691202, π_x_range=[-831.3769, 570.9574]

=== True-DRO Benders iter 203 ===
  OMP: t₀=18.561275, UB=19.190132, gap=3.28e-02, x=[0, 0, 0, 0, 0, 0, 0, 1, 0, 0, 0, 0, 0, 0, 0, 0, 0, 0, 0, 0, 0, 0, 0, 0, 0, 0, 0, 1, 0, 0] (2.863s)
  Sub: Z₀=18.561275 [LOCAL] (0.3s), α=[0.000,0.000,0.000,0.000,0.000,0.000,0.000,2.617,0.000,0.000,0.000,0.000,0.000,0.000,0.000,0.000,0.000,0.000,0.000,0.000,0.000,0.000,0.000,0.000,0.000,1.332,0.000,6.865,0.000,0.000]
  Iter 203: LB=18.561275  UB=19.190132  gap=3.28e-02
  Cut: intercept=-1119.691202, π_x_range=[-831.3769, 570.9574]

=== True-DRO Benders iter 204 ===
  OMP: t₀=18.561275, UB=19.190132, gap=3.28e-02, x=[0, 0, 0, 0, 0, 0, 0, 1, 0, 0, 0, 0, 0, 0, 0, 0, 0, 0, 0, 0, 0, 0, 0, 0, 0, 0, 0, 1, 0, 0] (2.871s)
  Sub: Z₀=18.561275 [LOCAL] (0.3s), α=[0.000,0.000,0.000,0.000,0.000,0.000,0.000,2.617,0.000,0.000,0.000,0.000,0.000,0.000,0.000,0.000,0.000,0.000,0.000,0.000,0.000,0.000,0.000,0.000,0.000,1.332,0.000,6.865,0.000,0.000]
  Iter 204: LB=18.561275  UB=19.190132  gap=3.28e-02
  Cut: intercept=-1119.691202, π_x_range=[-831.3769, 570.9574]

=== True-DRO Benders iter 205 ===
  OMP: t₀=18.561275, UB=19.190132, gap=3.28e-02, x=[0, 0, 0, 0, 0, 0, 0, 1, 0, 0, 0, 0, 0, 0, 0, 0, 0, 0, 0, 0, 0, 0, 0, 0, 0, 0, 0, 1, 0, 0] (3.004s)
  Sub: Z₀=20.999631 (6.4s), α=[0.000,0.000,0.000,0.000,0.000,0.000,2.557,0.000,0.000,0.000,0.000,0.000,0.000,0.000,1.682,0.000,0.000,0.000,0.000,0.000,0.000,0.000,0.000,0.000,0.000,0.651,2.925,3.000,0.000,0.000]
  Iter 205: LB=18.561275  UB=19.190132  gap=3.28e-02
  Cut: intercept=-39.538610, π_x_range=[-239.0000, 38.8972]
  Sherali-Cut: intercept=-28.267008, π_x_range=[-120.3725, 27.6256]

=== True-DRO Benders iter 206 ===
  OMP: t₀=18.577727, UB=19.190132, gap=3.19e-02, x=[0, 0, 0, 0, 0, 0, 0, 0, 0, 0, 1, 0, 0, 0, 0, 0, 0, 0, 0, 0, 0, 0, 0, 0, 0, 0, 1, 0, 0, 0] (2.889s)
  Sub: Z₀=18.577726 [LOCAL] (0.3s), α=[0.000,0.000,0.000,0.000,0.000,0.000,0.000,0.000,0.000,0.000,3.484,0.000,0.000,0.000,0.388,0.000,0.000,0.000,0.000,0.000,0.000,0.000,0.000,0.000,0.000,0.000,6.726,0.216,0.000,0.000]
  Iter 206: LB=18.577727  UB=19.190132  gap=3.19e-02
  Cut: intercept=-1088.431448, π_x_range=[-823.3498, 558.4708]

=== True-DRO Benders iter 207 ===
  OMP: t₀=18.577727, UB=19.190132, gap=3.19e-02, x=[0, 0, 0, 0, 0, 0, 0, 0, 0, 0, 1, 0, 0, 0, 0, 0, 0, 0, 0, 0, 0, 0, 0, 0, 0, 0, 1, 0, 0, 0] (3.271s)
  Sub: Z₀=18.577726 [LOCAL] (0.3s), α=[0.000,0.000,0.000,0.000,0.000,0.000,0.000,0.000,0.000,0.000,3.484,0.000,0.000,0.000,0.388,0.000,0.000,0.000,0.000,0.000,0.000,0.000,0.000,0.000,0.000,0.000,6.726,0.216,0.000,0.000]
  Iter 207: LB=18.577727  UB=19.190132  gap=3.19e-02
  Cut: intercept=-1088.431448, π_x_range=[-823.3498, 558.4708]

=== True-DRO Benders iter 208 ===
  OMP: t₀=18.577727, UB=19.190132, gap=3.19e-02, x=[0, 0, 0, 0, 0, 0, 0, 0, 0, 0, 1, 0, 0, 0, 0, 0, 0, 0, 0, 0, 0, 0, 0, 0, 0, 0, 1, 0, 0, 0] (3.637s)
  Sub: Z₀=18.577726 [LOCAL] (0.3s), α=[0.000,0.000,0.000,0.000,0.000,0.000,0.000,0.000,0.000,0.000,3.484,0.000,0.000,0.000,0.388,0.000,0.000,0.000,0.000,0.000,0.000,0.000,0.000,0.000,0.000,0.000,6.726,0.216,0.000,0.000]
  Iter 208: LB=18.577727  UB=19.190132  gap=3.19e-02
  Cut: intercept=-1088.431448, π_x_range=[-823.3498, 558.4708]

=== True-DRO Benders iter 209 ===
  OMP: t₀=18.577727, UB=19.190132, gap=3.19e-02, x=[0, 0, 0, 0, 0, 0, 0, 0, 0, 0, 1, 0, 0, 0, 0, 0, 0, 0, 0, 0, 0, 0, 0, 0, 0, 0, 1, 0, 0, 0] (2.925s)
  Sub: Z₀=18.577726 [LOCAL] (0.3s), α=[0.000,0.000,0.000,0.000,0.000,0.000,0.000,0.000,0.000,0.000,3.484,0.000,0.000,0.000,0.388,0.000,0.000,0.000,0.000,0.000,0.000,0.000,0.000,0.000,0.000,0.000,6.726,0.216,0.000,0.000]
  Iter 209: LB=18.577727  UB=19.190132  gap=3.19e-02
  Cut: intercept=-1088.431448, π_x_range=[-823.3498, 558.4708]

=== True-DRO Benders iter 210 ===
  OMP: t₀=18.577727, UB=19.190132, gap=3.19e-02, x=[0, 0, 0, 0, 0, 0, 0, 0, 0, 0, 1, 0, 0, 0, 0, 0, 0, 0, 0, 0, 0, 0, 0, 0, 0, 0, 1, 0, 0, 0] (2.971s)
  Sub: Z₀=21.256127 (6.5s), α=[0.000,0.000,0.000,0.000,0.000,0.000,0.000,0.000,0.000,0.000,0.000,0.000,0.000,0.000,1.441,0.000,0.000,0.000,0.000,0.000,0.000,0.000,0.000,0.000,0.000,0.690,8.684,0.000,0.000,0.000]
  Iter 210: LB=18.577727  UB=19.190132  gap=3.19e-02
  Cut: intercept=-88.440883, π_x_range=[-200.0000, 76.2563]
  Sherali-Cut: intercept=-69.482938, π_x_range=[-114.2014, 55.6263]

=== True-DRO Benders iter 211 ===
  OMP: t₀=18.600236, UB=19.190132, gap=3.07e-02, x=[0, 0, 0, 0, 0, 0, 0, 0, 0, 0, 0, 0, 0, 0, 1, 0, 0, 0, 0, 0, 0, 0, 0, 0, 0, 0, 0, 1, 0, 0] (2.446s)
  Sub: Z₀=18.600236 [LOCAL] (0.3s), α=[0.000,0.000,0.000,0.000,0.000,0.000,0.000,0.000,0.000,0.000,0.000,0.000,0.000,0.000,4.826,0.000,0.000,0.000,0.000,0.000,0.000,0.000,0.000,0.000,0.000,3.295,0.011,2.683,0.000,0.000]
  Iter 211: LB=18.600236  UB=19.190132  gap=3.07e-02
  Cut: intercept=-1133.871157, π_x_range=[-832.7966, 586.0113]

=== True-DRO Benders iter 212 ===
  OMP: t₀=18.600236, UB=19.190132, gap=3.07e-02, x=[0, 0, 0, 0, 0, 0, 0, 0, 0, 0, 0, 0, 0, 0, 1, 0, 0, 0, 0, 0, 0, 0, 0, 0, 0, 0, 0, 1, 0, 0] (2.449s)
  Sub: Z₀=18.600236 [LOCAL] (0.3s), α=[0.000,0.000,0.000,0.000,0.000,0.000,0.000,0.000,0.000,0.000,0.000,0.000,0.000,0.000,4.826,0.000,0.000,0.000,0.000,0.000,0.000,0.000,0.000,0.000,0.000,3.295,0.011,2.683,0.000,0.000]
  Iter 212: LB=18.600236  UB=19.190132  gap=3.07e-02
  Cut: intercept=-1133.871157, π_x_range=[-832.7966, 586.0113]

=== True-DRO Benders iter 213 ===
  OMP: t₀=18.600236, UB=19.190132, gap=3.07e-02, x=[0, 0, 0, 0, 0, 0, 0, 0, 0, 0, 0, 0, 0, 0, 1, 0, 0, 0, 0, 0, 0, 0, 0, 0, 0, 0, 0, 1, 0, 0] (2.429s)
  Sub: Z₀=18.600236 [LOCAL] (0.3s), α=[0.000,0.000,0.000,0.000,0.000,0.000,0.000,0.000,0.000,0.000,0.000,0.000,0.000,0.000,4.826,0.000,0.000,0.000,0.000,0.000,0.000,0.000,0.000,0.000,0.000,3.295,0.011,2.683,0.000,0.000]
  Iter 213: LB=18.600236  UB=19.190132  gap=3.07e-02
  Cut: intercept=-1133.871157, π_x_range=[-832.7966, 586.0113]

=== True-DRO Benders iter 214 ===
  OMP: t₀=18.600236, UB=19.190132, gap=3.07e-02, x=[0, 0, 0, 0, 0, 0, 0, 0, 0, 0, 0, 0, 0, 0, 1, 0, 0, 0, 0, 0, 0, 0, 0, 0, 0, 0, 0, 1, 0, 0] (2.400s)
  Sub: Z₀=18.600236 [LOCAL] (0.3s), α=[0.000,0.000,0.000,0.000,0.000,0.000,0.000,0.000,0.000,0.000,0.000,0.000,0.000,0.000,4.826,0.000,0.000,0.000,0.000,0.000,0.000,0.000,0.000,0.000,0.000,3.295,0.011,2.683,0.000,0.000]
  Iter 214: LB=18.600236  UB=19.190132  gap=3.07e-02
  Cut: intercept=-1133.871157, π_x_range=[-832.7966, 586.0113]

=== True-DRO Benders iter 215 ===
  OMP: t₀=18.600236, UB=19.190132, gap=3.07e-02, x=[0, 0, 0, 0, 0, 0, 0, 0, 0, 0, 0, 0, 0, 0, 1, 0, 0, 0, 0, 0, 0, 0, 0, 0, 0, 0, 0, 1, 0, 0] (2.468s)
  Sub: Z₀=19.377984 (1.7s), α=[0.000,0.000,0.000,0.000,0.000,0.000,0.000,0.000,0.000,0.000,0.000,0.000,0.000,0.000,4.993,0.000,0.000,0.000,0.000,0.000,0.000,0.000,0.000,0.000,0.000,3.370,0.071,2.381,0.000,0.000]
  Iter 215: LB=18.600236  UB=19.190132  gap=3.07e-02
  Cut: intercept=-24.484950, π_x_range=[-332.0000, 35.7326]
  Sherali-Cut: intercept=13.997829, π_x_range=[-98.6390, 5.3802]

=== True-DRO Benders iter 216 ===
  OMP: t₀=18.773262, UB=19.190132, gap=2.17e-02, x=[0, 0, 0, 0, 0, 0, 1, 0, 0, 0, 1, 0, 0, 0, 0, 0, 0, 0, 0, 0, 0, 0, 0, 0, 0, 0, 0, 0, 0, 0] (2.453s)
  Sub: Z₀=18.773262 [LOCAL] (0.3s), α=[0.000,0.000,0.000,0.000,0.000,0.000,4.618,0.000,0.000,0.000,5.873,0.000,0.000,0.000,0.079,0.000,0.000,0.000,0.000,0.000,0.000,0.000,0.000,0.000,0.000,0.244,0.000,0.000,0.000,0.000]
  Iter 216: LB=18.773262  UB=19.190132  gap=2.17e-02
  Cut: intercept=-1103.817200, π_x_range=[-820.7036, 580.8450]

=== True-DRO Benders iter 217 ===
  OMP: t₀=18.773262, UB=19.190132, gap=2.17e-02, x=[0, 0, 0, 0, 0, 0, 1, 0, 0, 0, 1, 0, 0, 0, 0, 0, 0, 0, 0, 0, 0, 0, 0, 0, 0, 0, 0, 0, 0, 0] (2.375s)
  Sub: Z₀=18.773262 [LOCAL] (0.3s), α=[0.000,0.000,0.000,0.000,0.000,0.000,4.618,0.000,0.000,0.000,5.873,0.000,0.000,0.000,0.079,0.000,0.000,0.000,0.000,0.000,0.000,0.000,0.000,0.000,0.000,0.244,0.000,0.000,0.000,0.000]
  Iter 217: LB=18.773262  UB=19.190132  gap=2.17e-02
  Cut: intercept=-1103.817200, π_x_range=[-820.7036, 580.8450]

=== True-DRO Benders iter 218 ===
  OMP: t₀=18.773262, UB=19.190132, gap=2.17e-02, x=[0, 0, 0, 0, 0, 0, 1, 0, 0, 0, 1, 0, 0, 0, 0, 0, 0, 0, 0, 0, 0, 0, 0, 0, 0, 0, 0, 0, 0, 0] (2.836s)
  Sub: Z₀=18.773262 [LOCAL] (0.3s), α=[0.000,0.000,0.000,0.000,0.000,0.000,4.618,0.000,0.000,0.000,5.873,0.000,0.000,0.000,0.079,0.000,0.000,0.000,0.000,0.000,0.000,0.000,0.000,0.000,0.000,0.244,0.000,0.000,0.000,0.000]
  Iter 218: LB=18.773262  UB=19.190132  gap=2.17e-02
  Cut: intercept=-1103.817200, π_x_range=[-820.7036, 580.8450]

=== True-DRO Benders iter 219 ===
  OMP: t₀=18.773262, UB=19.190132, gap=2.17e-02, x=[0, 0, 0, 0, 0, 0, 1, 0, 0, 0, 1, 0, 0, 0, 0, 0, 0, 0, 0, 0, 0, 0, 0, 0, 0, 0, 0, 0, 0, 0] (2.324s)
  Sub: Z₀=18.773262 [LOCAL] (0.3s), α=[0.000,0.000,0.000,0.000,0.000,0.000,4.618,0.000,0.000,0.000,5.873,0.000,0.000,0.000,0.079,0.000,0.000,0.000,0.000,0.000,0.000,0.000,0.000,0.000,0.000,0.244,0.000,0.000,0.000,0.000]
  Iter 219: LB=18.773262  UB=19.190132  gap=2.17e-02
  Cut: intercept=-1103.817200, π_x_range=[-820.7036, 580.8450]

=== True-DRO Benders iter 220 ===
  OMP: t₀=18.773262, UB=19.190132, gap=2.17e-02, x=[0, 0, 0, 0, 0, 0, 1, 0, 0, 0, 1, 0, 0, 0, 0, 0, 0, 0, 0, 0, 0, 0, 0, 0, 0, 0, 0, 0, 0, 0] (2.388s)
  Sub: Z₀=23.412670 (5.8s), α=[0.000,0.000,0.000,0.000,0.000,0.000,5.719,0.000,0.000,0.000,0.000,0.000,0.000,0.000,1.180,0.000,0.000,0.000,0.000,0.000,0.000,0.000,0.000,0.000,0.000,3.107,0.809,0.000,0.000,0.000]
  Iter 220: LB=18.773262  UB=19.190132  gap=2.17e-02
  Cut: intercept=-65.368289, π_x_range=[-200.0000, 67.1132]
  Sherali-Cut: intercept=-30.949341, π_x_range=[-94.2968, 34.3638]

=== True-DRO Benders iter 221 ===
  OMP: t₀=18.775329, UB=19.190132, gap=2.16e-02, x=[0, 0, 0, 0, 0, 0, 0, 0, 1, 0, 0, 0, 0, 0, 0, 0, 0, 0, 0, 0, 0, 0, 1, 0, 0, 0, 0, 0, 0, 0] (3.450s)
  Sub: Z₀=21.078683 [LOCAL] (0.4s), α=[0.000,0.000,0.000,0.000,0.000,0.000,0.000,0.051,0.000,0.000,0.000,0.000,0.000,0.000,0.000,0.000,0.000,0.000,0.000,0.000,0.000,0.000,4.720,0.000,0.000,6.044,0.000,0.000,0.000,0.000]
  Iter 221: LB=18.775329  UB=19.190132  gap=2.16e-02
  Cut: intercept=-1119.909622, π_x_range=[-825.5110, 583.3626]

=== True-DRO Benders iter 222 ===
  OMP: t₀=18.813442, UB=19.190132, gap=1.96e-02, x=[0, 0, 0, 0, 0, 0, 0, 0, 1, 0, 0, 0, 0, 0, 0, 0, 0, 0, 0, 0, 0, 0, 0, 0, 0, 0, 1, 0, 0, 0] (3.179s)
  Sub: Z₀=20.237781 [LOCAL] (0.3s), α=[0.000,0.000,0.000,0.000,0.000,0.000,0.000,0.000,0.000,0.000,0.000,0.000,0.000,0.000,1.520,0.000,0.000,0.000,0.000,0.000,0.000,0.000,0.000,0.000,0.000,0.611,7.964,0.721,0.000,0.000]
  Iter 222: LB=18.813442  UB=19.190132  gap=1.96e-02
  Cut: intercept=-1127.032687, π_x_range=[-830.0323, 585.8213]

=== True-DRO Benders iter 223 ===
  OMP: t₀=18.891096, UB=19.190132, gap=1.56e-02, x=[0, 0, 0, 0, 0, 0, 1, 0, 0, 0, 0, 0, 0, 0, 0, 0, 0, 0, 0, 0, 0, 0, 1, 0, 0, 0, 0, 0, 0, 0] (3.182s)
  Sub: Z₀=18.891096 [LOCAL] (0.3s), α=[0.000,0.000,0.000,0.000,0.000,0.000,1.791,0.017,0.000,0.000,0.000,0.000,0.000,0.000,0.000,0.000,0.000,0.000,0.000,0.000,0.000,0.000,0.680,0.000,0.000,8.327,0.000,0.000,0.000,0.000]
  Iter 223: LB=18.891096  UB=19.190132  gap=1.56e-02
  Cut: intercept=-1123.489516, π_x_range=[-837.4411, 583.3947]

=== True-DRO Benders iter 224 ===
  OMP: t₀=18.891096, UB=19.190132, gap=1.56e-02, x=[0, 0, 0, 0, 0, 0, 1, 0, 0, 0, 0, 0, 0, 0, 0, 0, 0, 0, 0, 0, 0, 0, 1, 0, 0, 0, 0, 0, 0, 0] (3.613s)
  Sub: Z₀=18.891096 [LOCAL] (0.3s), α=[0.000,0.000,0.000,0.000,0.000,0.000,1.791,0.017,0.000,0.000,0.000,0.000,0.000,0.000,0.000,0.000,0.000,0.000,0.000,0.000,0.000,0.000,0.680,0.000,0.000,8.327,0.000,0.000,0.000,0.000]
  Iter 224: LB=18.891096  UB=19.190132  gap=1.56e-02
  Cut: intercept=-1123.489516, π_x_range=[-837.4411, 583.3947]

=== True-DRO Benders iter 225 ===
  OMP: t₀=18.891096, UB=19.190132, gap=1.56e-02, x=[0, 0, 0, 0, 0, 0, 1, 0, 0, 0, 0, 0, 0, 0, 0, 0, 0, 0, 0, 0, 0, 0, 1, 0, 0, 0, 0, 0, 0, 0] (3.208s)
  Sub: Z₀=21.829703 (1.9s), α=[0.000,0.000,0.000,0.000,0.000,0.000,0.100,0.000,0.000,0.000,0.000,0.000,0.000,0.000,0.000,0.000,0.000,0.000,0.000,0.000,0.000,0.000,0.000,0.000,0.000,10.715,0.000,0.000,0.000,0.000]
  Iter 225: LB=18.891096  UB=19.190132  gap=1.56e-02
  Cut: intercept=-39.906837, π_x_range=[-332.0000, 42.0363]
  Sherali-Cut: intercept=3.857840, π_x_range=[-140.5348, 17.9678]

=== True-DRO Benders iter 226 ===
  OMP: t₀=18.900159, UB=19.190132, gap=1.51e-02, x=[0, 0, 0, 0, 0, 0, 0, 0, 0, 0, 0, 0, 0, 0, 0, 0, 0, 1, 0, 1, 0, 0, 0, 0, 0, 0, 0, 0, 0, 0] (2.954s)
  Sub: Z₀=20.093936 [LOCAL] (0.4s), α=[0.000,0.000,0.000,0.000,0.000,0.000,0.000,0.000,0.000,0.000,0.000,0.000,0.000,0.000,0.000,0.000,0.000,1.323,0.000,7.261,0.000,0.000,0.000,0.000,0.000,2.231,0.000,0.000,0.000,0.000]
  Iter 226: LB=18.900159  UB=19.190132  gap=1.51e-02
  Cut: intercept=-1097.572115, π_x_range=[-823.7838, 562.3471]

=== True-DRO Benders iter 227 ===
  OMP: t₀=18.930416, UB=19.190132, gap=1.35e-02, x=[0, 0, 0, 0, 0, 0, 0, 0, 0, 0, 0, 0, 0, 0, 0, 0, 0, 0, 0, 0, 0, 0, 0, 0, 0, 1, 1, 0, 0, 0] (3.003s)
  Sub: Z₀=18.930416 [LOCAL] (0.4s), α=[0.000,0.000,0.000,0.000,0.000,0.000,0.000,0.000,0.000,0.000,0.000,0.000,0.000,0.000,0.000,0.000,0.000,0.000,0.000,0.000,0.000,0.000,0.000,0.000,0.000,1.317,8.886,0.611,0.000,0.000]
  Iter 227: LB=18.930416  UB=19.190132  gap=1.35e-02
  Cut: intercept=-1141.548452, π_x_range=[-831.6099, 597.8549]

=== True-DRO Benders iter 228 ===
  OMP: t₀=18.930416, UB=19.190132, gap=1.35e-02, x=[0, 0, 0, 0, 0, 0, 0, 0, 0, 0, 0, 0, 0, 0, 0, 0, 0, 0, 0, 0, 0, 0, 0, 0, 0, 1, 1, 0, 0, 0] (3.067s)
  Sub: Z₀=18.930416 [LOCAL] (0.4s), α=[0.000,0.000,0.000,0.000,0.000,0.000,0.000,0.000,0.000,0.000,0.000,0.000,0.000,0.000,0.000,0.000,0.000,0.000,0.000,0.000,0.000,0.000,0.000,0.000,0.000,1.317,8.886,0.611,0.000,0.000]
  Iter 228: LB=18.930416  UB=19.190132  gap=1.35e-02
  Cut: intercept=-1141.548452, π_x_range=[-831.6099, 597.8549]

=== True-DRO Benders iter 229 ===
  OMP: t₀=18.930416, UB=19.190132, gap=1.35e-02, x=[0, 0, 0, 0, 0, 0, 0, 0, 0, 0, 0, 0, 0, 0, 0, 0, 0, 0, 0, 0, 0, 0, 0, 0, 0, 1, 1, 0, 0, 0] (2.978s)
  Sub: Z₀=18.930416 [LOCAL] (0.4s), α=[0.000,0.000,0.000,0.000,0.000,0.000,0.000,0.000,0.000,0.000,0.000,0.000,0.000,0.000,0.000,0.000,0.000,0.000,0.000,0.000,0.000,0.000,0.000,0.000,0.000,1.317,8.886,0.611,0.000,0.000]
  Iter 229: LB=18.930416  UB=19.190132  gap=1.35e-02
  Cut: intercept=-1141.548452, π_x_range=[-831.6099, 597.8549]

=== True-DRO Benders iter 230 ===
  OMP: t₀=18.930416, UB=19.190132, gap=1.35e-02, x=[0, 0, 0, 0, 0, 0, 0, 0, 0, 0, 0, 0, 0, 0, 0, 0, 0, 0, 0, 0, 0, 0, 0, 0, 0, 1, 1, 0, 0, 0] (2.793s)
  Sub: Z₀=20.408595 (4.2s), α=[0.000,0.000,0.000,0.000,0.000,0.000,0.000,0.000,0.000,0.000,0.000,0.000,0.000,0.000,0.000,0.000,0.000,0.000,0.000,0.000,0.000,0.000,0.000,0.000,0.000,0.000,10.815,0.000,0.000,0.000]
  Iter 230: LB=18.930416  UB=19.190132  gap=1.35e-02
  Cut: intercept=-87.762816, π_x_range=[-197.1172, 57.6989]
  Sherali-Cut: intercept=0.895304, π_x_range=[-143.6979, 19.5133]

=== True-DRO Benders iter 231 ===
  OMP: t₀=19.072858, UB=19.190132, gap=6.11e-03, x=[0, 0, 0, 0, 0, 0, 0, 0, 0, 0, 0, 0, 0, 0, 0, 0, 0, 0, 0, 0, 0, 0, 1, 0, 0, 0, 1, 0, 0, 0] (3.079s)
  Sub: Z₀=19.072858 [LOCAL] (0.3s), α=[0.000,0.000,0.000,0.000,0.000,0.000,0.000,0.000,0.000,0.000,0.000,0.000,0.000,0.000,0.000,0.000,0.000,0.000,0.000,0.000,0.000,0.000,0.000,0.000,0.000,1.058,9.739,0.017,0.000,0.000]
  Iter 231: LB=19.072858  UB=19.190132  gap=6.11e-03
  Cut: intercept=-1110.298161, π_x_range=[-832.8257, 571.6327]

=== True-DRO Benders iter 232 ===
  OMP: t₀=19.072858, UB=19.190132, gap=6.11e-03, x=[0, 0, 0, 0, 0, 0, 0, 0, 0, 0, 0, 0, 0, 0, 0, 0, 0, 0, 0, 0, 0, 0, 1, 0, 0, 0, 1, 0, 0, 0] (2.961s)
  Sub: Z₀=19.072858 [LOCAL] (0.3s), α=[0.000,0.000,0.000,0.000,0.000,0.000,0.000,0.000,0.000,0.000,0.000,0.000,0.000,0.000,0.000,0.000,0.000,0.000,0.000,0.000,0.000,0.000,0.000,0.000,0.000,1.058,9.739,0.017,0.000,0.000]
  Iter 232: LB=19.072858  UB=19.190132  gap=6.11e-03
  Cut: intercept=-1110.298161, π_x_range=[-832.8257, 571.6327]

=== True-DRO Benders iter 233 ===
  OMP: t₀=19.072858, UB=19.190132, gap=6.11e-03, x=[0, 0, 0, 0, 0, 0, 0, 0, 0, 0, 0, 0, 0, 0, 0, 0, 0, 0, 0, 0, 0, 0, 1, 0, 0, 0, 1, 0, 0, 0] (2.989s)
  Sub: Z₀=19.072858 [LOCAL] (0.3s), α=[0.000,0.000,0.000,0.000,0.000,0.000,0.000,0.000,0.000,0.000,0.000,0.000,0.000,0.000,0.000,0.000,0.000,0.000,0.000,0.000,0.000,0.000,0.000,0.000,0.000,1.058,9.739,0.017,0.000,0.000]
  Iter 233: LB=19.072858  UB=19.190132  gap=6.11e-03
  Cut: intercept=-1110.298161, π_x_range=[-832.8257, 571.6327]

=== True-DRO Benders iter 234 ===
  OMP: t₀=19.072858, UB=19.190132, gap=6.11e-03, x=[0, 0, 0, 0, 0, 0, 0, 0, 0, 0, 0, 0, 0, 0, 0, 0, 0, 0, 0, 0, 0, 0, 1, 0, 0, 0, 1, 0, 0, 0] (3.058s)
  Sub: Z₀=19.072858 [LOCAL] (0.3s), α=[0.000,0.000,0.000,0.000,0.000,0.000,0.000,0.000,0.000,0.000,0.000,0.000,0.000,0.000,0.000,0.000,0.000,0.000,0.000,0.000,0.000,0.000,0.000,0.000,0.000,1.058,9.739,0.017,0.000,0.000]
  Iter 234: LB=19.072858  UB=19.190132  gap=6.11e-03
  Cut: intercept=-1110.298161, π_x_range=[-832.8257, 571.6327]

=== True-DRO Benders iter 235 ===
  OMP: t₀=19.072858, UB=19.190132, gap=6.11e-03, x=[0, 0, 0, 0, 0, 0, 0, 0, 0, 0, 0, 0, 0, 0, 0, 0, 0, 0, 0, 0, 0, 0, 1, 0, 0, 0, 1, 0, 0, 0] (3.054s)
  Sub: Z₀=20.408595 (5.0s), α=[0.000,0.000,0.000,0.000,0.000,0.000,0.000,0.000,0.000,0.000,0.000,0.000,0.000,0.000,0.000,0.000,0.000,0.000,0.000,0.000,0.000,0.000,0.000,0.000,0.000,0.000,10.815,0.000,0.000,0.000]
  Iter 235: LB=19.072858  UB=19.190132  gap=6.11e-03
  Cut: intercept=-39.247987, π_x_range=[-164.8618, 40.5002]
  Sherali-Cut: intercept=20.408217, π_x_range=[-151.0290, 0.0003]

=== True-DRO Benders iter 236 ===
  OMP: t₀=19.190132, UB=19.190132, gap=1.93e-09, x=[0, 0, 0, 0, 0, 0, 0, 0, 0, 0, 0, 0, 0, 0, 0, 0, 0, 0, 0, 1, 0, 0, 0, 0, 0, 0, 1, 0, 0, 0] (2.931s)
  Sub: Z₀=18.374360 [LOCAL] (0.4s), α=[0.000,0.000,0.000,0.000,0.000,0.000,0.000,0.000,0.000,0.000,0.000,0.000,0.000,0.000,0.000,0.000,0.000,0.000,0.000,2.123,0.000,0.000,0.000,0.000,0.000,0.000,8.691,0.000,0.000,0.000]
  Iter 236: LB=19.190132  UB=19.190132  gap=1.93e-09
True-DRO Benders converged at iter 236 (gap=1.93e-09)
  Wall time: 1609.57 sec
  OMP  time: mean=2.872s, median=3.097s, max=4.284s
  Sub  time (exact): mean=5.510s, median=6.120s, q90=7.142s, max=8.188s (n=46/236)

Result (double/naive): Z₀=19.190132, iters=236, time=1609.6s
x arcs = [20, 27]
