============================================================
grid5x5 — double [naive]: ε̂=0.10, ε̃=0.10, β=0.40
  mini_benders=false, valid_inequality=none
============================================================
Set parameter Username
Set parameter LicenseID to value 2742039
Academic license - for non-commercial use only - expires 2026-11-20
Set parameter Username
Set parameter LicenseID to value 2742039
Academic license - for non-commercial use only - expires 2026-11-20
Set parameter OutputFlag to value 1
Set parameter LogFile to value "global_miqcp.log"
Set parameter Username
Set parameter LicenseID to value 2742039
Academic license - for non-commercial use only - expires 2026-11-20

=== True-DRO Benders iter 1 ===
  OMP: t₀=-10000.000000, UB=Inf, gap=NaN, x=[0, 0, 0, 0, 0, 0, 0, 0, 0, 0, 0, 0, 0, 0, 0, 0, 0, 0, 0, 0, 0, 0, 0, 0, 0, 0, 0, 0, 0, 0, 0, 0, 0, 0, 0, 0, 0, 0, 0, 0, 0, 0, 0, 0, 0, 0, 0] (0.000s)
  Sub: Z₀=44.670139 [LOCAL] (0.3s), α=[0.000,0.000,0.000,0.000,0.000,0.000,0.000,0.000,0.000,0.000,0.000,0.000,0.000,0.000,0.000,0.000,0.000,0.000,0.000,0.000,0.000,0.000,0.000,0.000,4.021,0.000,0.000,0.000,2.744,0.000,0.000,0.000,0.000,0.000,0.000,0.687,2.797,0.000,0.000,0.000,0.000,0.000,0.000,0.000,0.000,0.000,0.000]
  Iter 1: LB=-10000.000000  UB=Inf  gap=NaN
  Cut: intercept=44.670139, π_x_range=[-829.9879, -773.3010]

=== True-DRO Benders iter 2 ===
  OMP: t₀=-1608.111490, UB=Inf, gap=NaN, x=[0, 0, 0, 0, 0, 0, 0, 0, 0, 0, 1, 0, 0, 0, 0, 0, 0, 0, 0, 0, 0, 0, 0, 0, 0, 0, 0, 0, 0, 0, 0, 0, 1, 0, 0, 0, 0, 0, 0, 0, 0, 0, 0, 0, 0, 0, 0] (0.005s)
  Sub: Z₀=37.760617 [LOCAL] (0.2s), α=[0.000,0.000,0.000,0.000,0.000,0.000,0.000,0.000,0.000,0.000,0.000,0.000,0.000,0.000,0.000,0.000,0.000,0.000,0.000,0.000,0.000,0.000,0.000,0.000,2.108,0.000,0.000,0.000,8.091,0.000,0.000,0.000,0.000,0.000,0.000,0.000,0.051,0.000,0.000,0.000,0.000,0.000,0.000,0.000,0.000,0.000,0.000]
  Iter 2: LB=-1608.111490  UB=Inf  gap=NaN
  Cut: intercept=-1095.482197, π_x_range=[-818.6958, 587.1663]

=== True-DRO Benders iter 3 ===
  OMP: t₀=-1595.104179, UB=Inf, gap=NaN, x=[0, 0, 0, 0, 0, 0, 0, 0, 0, 1, 0, 0, 0, 0, 0, 0, 0, 0, 0, 0, 0, 0, 0, 0, 0, 0, 0, 1, 0, 0, 0, 0, 0, 0, 0, 0, 0, 0, 0, 0, 0, 0, 0, 0, 0, 0, 0] (0.013s)
  Sub: Z₀=33.314168 [LOCAL] (0.2s), α=[0.000,0.000,0.000,0.000,0.000,0.000,0.000,0.000,0.000,0.000,0.000,0.000,0.000,0.000,0.000,0.000,0.000,0.000,0.000,0.000,0.000,0.000,0.000,0.000,0.000,0.000,0.000,6.730,3.429,0.000,0.000,0.000,0.000,0.000,0.000,0.000,0.090,0.000,0.000,0.000,0.000,0.000,0.000,0.000,0.000,0.000,0.000]
  Iter 3: LB=-1595.104179  UB=Inf  gap=NaN
  Cut: intercept=-1091.699374, π_x_range=[-826.1276, 580.4009]

=== True-DRO Benders iter 4 ===
  OMP: t₀=-1589.585070, UB=Inf, gap=NaN, x=[0, 0, 0, 0, 0, 0, 0, 0, 0, 0, 0, 0, 0, 0, 0, 0, 0, 0, 0, 0, 0, 0, 0, 0, 0, 0, 0, 0, 0, 1, 0, 1, 0, 0, 0, 0, 0, 0, 0, 0, 0, 0, 0, 0, 0, 0, 0] (0.016s)
  Sub: Z₀=38.087834 [LOCAL] (0.2s), α=[0.000,0.000,0.000,0.000,0.000,0.000,0.000,0.000,0.000,0.000,0.000,0.000,0.000,0.000,0.000,0.000,0.000,0.000,0.000,0.000,0.000,0.000,0.000,0.000,0.000,0.000,0.000,0.036,5.035,0.000,0.000,5.178,0.000,0.000,0.000,0.000,0.000,0.000,0.000,0.000,0.000,0.000,0.000,0.000,0.000,0.000,0.000]
  Iter 4: LB=-1589.585070  UB=Inf  gap=NaN
  Cut: intercept=-1076.636684, π_x_range=[-829.2826, 559.4120]

=== True-DRO Benders iter 5 ===
  OMP: t₀=-1587.767125, UB=Inf, gap=NaN, x=[0, 0, 0, 0, 0, 0, 0, 0, 0, 0, 0, 0, 0, 0, 0, 1, 0, 0, 0, 0, 0, 0, 0, 0, 0, 0, 1, 0, 0, 0, 0, 0, 0, 0, 0, 0, 0, 0, 0, 0, 0, 0, 0, 0, 0, 0, 0] (0.016s)
Set parameter NonConvex to value 2
Set parameter MIPGap to value 0.0001
Set parameter DualReductions to value 0
Set parameter MIPFocus to value 0
  Sub: Z₀=41.003846 [TIME_LIMIT] (15.1s), α=[0.000,0.000,0.000,0.000,0.000,0.000,0.000,0.000,0.000,0.000,0.000,0.000,0.000,0.000,0.000,0.000,0.000,0.000,0.000,0.000,0.000,0.000,0.000,0.000,6.378,0.000,1.126,0.000,2.744,0.000,0.000,0.000,0.000,0.000,0.000,0.000,0.000,0.000,0.000,0.000,0.000,0.000,0.000,0.000,0.000,0.000,0.000]
  Iter 5: LB=-1587.767125  UB=41.792115  gap=3.90e+01
  Cut: intercept=-176.485871, π_x_range=[-244.8203, 140.4315]

=== True-DRO Benders iter 6 ===
  OMP: t₀=-657.479515, UB=41.792115, gap=1.67e+01, x=[0, 0, 0, 0, 0, 0, 0, 0, 0, 0, 1, 0, 0, 0, 0, 0, 1, 0, 0, 0, 0, 0, 0, 0, 0, 0, 0, 0, 0, 0, 0, 0, 0, 0, 0, 0, 0, 0, 0, 0, 0, 0, 0, 0, 0, 0, 0] (0.010s)
  Sub: Z₀=41.768538 [LOCAL] (0.2s), α=[0.000,0.000,0.000,0.000,0.000,0.000,0.000,0.000,0.000,0.000,0.000,0.000,0.000,0.000,0.000,0.000,0.000,0.000,0.000,0.000,0.000,0.000,4.451,0.000,0.000,0.000,0.000,0.000,5.798,0.000,0.000,0.000,0.000,0.000,0.000,0.000,0.000,0.000,0.000,0.000,0.000,0.000,0.000,0.000,0.000,0.000,0.000]
  Iter 6: LB=-657.479515  UB=41.792115  gap=1.67e+01
  Cut: intercept=-1055.360562, π_x_range=[-828.7064, 554.2001]

=== True-DRO Benders iter 7 ===
  OMP: t₀=-649.895257, UB=41.792115, gap=1.66e+01, x=[0, 0, 0, 0, 0, 0, 0, 0, 0, 0, 1, 0, 0, 0, 0, 0, 0, 0, 0, 0, 0, 0, 0, 0, 0, 0, 0, 0, 0, 1, 0, 0, 0, 0, 0, 0, 0, 0, 0, 0, 0, 0, 0, 0, 0, 0, 0] (0.012s)
  Sub: Z₀=39.077028 [LOCAL] (0.2s), α=[0.000,0.000,0.000,0.000,0.000,0.000,0.000,0.000,0.000,0.000,0.000,0.000,0.000,0.000,0.000,0.000,0.000,0.000,0.000,0.000,0.000,0.000,4.451,0.000,0.000,0.000,0.000,0.000,5.795,0.000,0.000,0.000,0.000,0.000,0.000,0.000,0.003,0.000,0.000,0.000,0.000,0.000,0.000,0.000,0.000,0.000,0.000]
  Iter 7: LB=-649.895257  UB=41.792115  gap=1.66e+01
  Cut: intercept=-1065.686864, π_x_range=[-825.4286, 552.5204]

=== True-DRO Benders iter 8 ===
  OMP: t₀=-648.642416, UB=41.792115, gap=1.65e+01, x=[0, 0, 0, 0, 0, 0, 0, 0, 0, 1, 1, 0, 0, 0, 0, 0, 0, 0, 0, 0, 0, 0, 0, 0, 0, 0, 0, 0, 0, 0, 0, 0, 0, 0, 0, 0, 0, 0, 0, 0, 0, 0, 0, 0, 0, 0, 0] (0.012s)
  Sub: Z₀=41.768538 [LOCAL] (0.2s), α=[0.000,0.000,0.000,0.000,0.000,0.000,0.000,0.000,0.000,0.000,0.000,0.000,0.000,0.000,0.000,0.000,0.000,0.000,0.000,0.000,0.000,0.000,4.451,0.000,0.000,0.000,0.000,0.000,5.798,0.000,0.000,0.000,0.000,0.000,0.000,0.000,0.000,0.000,0.000,0.000,0.000,0.000,0.000,0.000,0.000,0.000,0.000]
  Iter 8: LB=-648.642416  UB=41.792115  gap=1.65e+01
  Cut: intercept=-1064.766529, π_x_range=[-828.9596, 554.2015]

=== True-DRO Benders iter 9 ===
  OMP: t₀=-641.248327, UB=41.792115, gap=1.63e+01, x=[0, 0, 0, 0, 0, 0, 0, 0, 0, 0, 0, 0, 0, 0, 0, 0, 1, 0, 0, 0, 0, 0, 0, 0, 0, 0, 0, 0, 0, 1, 0, 0, 0, 0, 0, 0, 0, 0, 0, 0, 0, 0, 0, 0, 0, 0, 0] (0.012s)
  Sub: Z₀=41.609287 [LOCAL] (3.2s), α=[0.000,0.000,0.000,0.000,0.000,0.000,0.000,0.000,0.000,0.000,0.000,0.000,0.000,0.000,0.000,0.000,0.000,0.000,0.000,0.000,0.000,0.000,1.263,0.000,0.000,0.080,0.000,0.007,6.327,0.100,0.000,0.000,0.000,0.000,0.000,0.400,2.071,0.000,0.000,0.000,0.000,0.000,0.000,0.000,0.000,0.000,0.000]
  Iter 9: LB=-641.248327  UB=41.792115  gap=1.63e+01
  Cut: intercept=-1049.807869, π_x_range=[-827.7398, 547.1855]

=== True-DRO Benders iter 10 ===
  OMP: t₀=-639.995487, UB=41.792115, gap=1.63e+01, x=[0, 0, 0, 0, 0, 0, 0, 0, 0, 1, 0, 0, 0, 0, 0, 0, 1, 0, 0, 0, 0, 0, 0, 0, 0, 0, 0, 0, 0, 0, 0, 0, 0, 0, 0, 0, 0, 0, 0, 0, 0, 0, 0, 0, 0, 0, 0] (0.011s)
  Sub: Z₀=44.528424 [TIME_LIMIT] (15.1s), α=[0.000,0.000,0.000,0.000,0.000,0.000,0.000,0.000,0.000,0.000,0.000,0.000,0.000,0.000,0.000,0.000,0.000,0.000,0.000,0.000,0.000,0.000,0.000,0.000,4.872,0.000,0.000,0.000,2.744,0.000,0.000,0.000,0.000,0.000,0.000,0.664,1.969,0.000,0.000,0.000,0.000,0.000,0.000,0.000,0.000,0.000,0.000]
  Iter 10: LB=-639.995487  UB=41.792115  gap=1.63e+01
  Cut: intercept=-179.298033, π_x_range=[-255.0000, 131.2894]

=== True-DRO Benders iter 11 ===
  OMP: t₀=-639.237195, UB=41.792115, gap=1.63e+01, x=[0, 0, 0, 0, 0, 0, 0, 0, 0, 0, 1, 0, 0, 0, 0, 0, 0, 0, 0, 0, 0, 0, 0, 0, 0, 0, 0, 0, 0, 0, 0, 1, 0, 0, 0, 0, 0, 0, 0, 0, 0, 0, 0, 0, 0, 0, 0] (0.017s)
  Sub: Z₀=33.236208 [LOCAL] (0.2s), α=[0.000,0.000,0.000,0.000,0.000,0.000,0.000,0.000,0.000,0.000,0.000,0.000,0.000,0.000,0.000,0.000,0.000,0.000,0.000,0.000,0.000,0.000,4.451,0.000,0.000,0.000,0.000,0.000,3.611,0.000,0.000,2.187,0.000,0.000,0.000,0.000,0.000,0.000,0.000,0.000,0.000,0.000,0.000,0.000,0.000,0.000,0.000]
  Iter 11: LB=-639.237195  UB=41.792115  gap=1.63e+01
  Cut: intercept=-1085.733723, π_x_range=[-825.4245, 568.9926]

=== True-DRO Benders iter 12 ===
  OMP: t₀=-630.121307, UB=41.792115, gap=1.61e+01, x=[0, 0, 0, 0, 0, 0, 0, 0, 0, 0, 1, 0, 0, 0, 0, 0, 0, 0, 0, 0, 0, 0, 0, 0, 0, 0, 0, 1, 0, 0, 0, 0, 0, 0, 0, 0, 0, 0, 0, 0, 0, 0, 0, 0, 0, 0, 0] (0.025s)
  Sub: Z₀=30.133597 [LOCAL] (0.2s), α=[0.000,0.000,0.000,0.000,0.000,0.000,0.000,0.000,0.000,0.000,0.000,0.000,0.000,0.000,0.000,0.000,0.000,0.000,0.000,0.000,0.000,0.000,0.000,0.000,0.000,0.000,0.000,0.242,9.957,0.000,0.000,0.000,0.000,0.000,0.000,0.000,0.051,0.000,0.000,0.000,0.000,0.000,0.000,0.000,0.000,0.000,0.000]
  Iter 12: LB=-630.121307  UB=41.792115  gap=1.61e+01
  Cut: intercept=-1085.942352, π_x_range=[-820.7233, 574.2432]

=== True-DRO Benders iter 13 ===
  OMP: t₀=-620.298033, UB=41.792115, gap=1.58e+01, x=[0, 0, 0, 0, 0, 0, 0, 0, 0, 0, 0, 0, 0, 0, 0, 0, 0, 0, 0, 0, 0, 0, 0, 0, 0, 0, 0, 0, 0, 1, 0, 0, 1, 0, 0, 0, 0, 0, 0, 0, 0, 0, 0, 0, 0, 0, 0] (0.031s)
  Sub: Z₀=34.799873 [LOCAL] (0.3s), α=[0.000,0.000,0.000,0.000,0.000,0.000,0.000,0.000,0.000,0.000,0.000,0.000,0.000,0.000,0.000,0.000,0.000,0.000,0.000,0.000,0.000,0.000,0.000,0.000,0.000,0.495,0.000,0.000,6.868,0.000,0.000,0.000,0.000,0.000,0.000,0.434,2.452,0.000,0.000,0.000,0.000,0.000,0.000,0.000,0.000,0.000,0.000]
  Iter 13: LB=-620.298033  UB=41.792115  gap=1.58e+01
  Cut: intercept=-1115.700653, π_x_range=[-824.6596, 590.9053]

=== True-DRO Benders iter 14 ===
  OMP: t₀=-613.890119, UB=41.792115, gap=1.57e+01, x=[0, 0, 0, 0, 0, 0, 0, 0, 0, 0, 0, 0, 0, 0, 0, 0, 0, 0, 0, 0, 0, 0, 0, 0, 0, 0, 0, 1, 0, 1, 0, 0, 0, 0, 0, 0, 0, 0, 0, 0, 0, 0, 0, 0, 0, 0, 0] (0.032s)
  Sub: Z₀=31.155100 [LOCAL] (0.2s), α=[0.000,0.000,0.000,0.000,0.000,0.000,0.000,0.000,0.000,0.000,0.000,0.000,0.000,0.000,0.000,0.000,0.000,0.000,0.000,0.000,0.000,0.000,0.000,0.000,0.000,0.000,0.000,4.065,6.057,0.000,0.000,0.000,0.000,0.000,0.000,0.000,0.127,0.000,0.000,0.000,0.000,0.000,0.000,0.000,0.000,0.000,0.000]
  Iter 14: LB=-613.890119  UB=41.792115  gap=1.57e+01
  Cut: intercept=-1098.845542, π_x_range=[-828.2277, 577.5138]

=== True-DRO Benders iter 15 ===
  OMP: t₀=-611.295031, UB=41.792115, gap=1.56e+01, x=[0, 0, 0, 0, 0, 0, 0, 0, 0, 0, 0, 0, 0, 0, 0, 0, 0, 0, 0, 0, 0, 0, 0, 0, 0, 0, 0, 0, 0, 0, 0, 1, 1, 0, 0, 0, 0, 0, 0, 0, 0, 0, 0, 0, 0, 0, 0] (0.041s)
  Sub: Z₀=38.128865 [TIME_LIMIT] (15.1s), α=[0.000,0.000,0.000,0.000,0.000,0.000,0.000,0.000,0.000,0.000,0.000,0.000,0.000,0.000,0.000,0.000,0.000,0.000,0.000,0.000,0.000,0.000,0.000,0.000,6.154,0.000,0.000,0.000,2.527,0.000,0.000,1.568,0.000,0.000,0.000,0.000,0.000,0.000,0.000,0.000,0.000,0.000,0.000,0.000,0.000,0.000,0.000]
  Iter 15: LB=-611.295031  UB=38.152254  gap=1.70e+01
  Cut: intercept=-178.396083, π_x_range=[-196.4970, 137.7474]

=== True-DRO Benders iter 16 ===
  OMP: t₀=-477.445049, UB=38.152254, gap=1.35e+01, x=[0, 0, 0, 0, 0, 0, 0, 0, 0, 0, 1, 0, 0, 0, 0, 0, 0, 0, 0, 0, 0, 0, 0, 0, 0, 0, 0, 0, 0, 0, 0, 0, 0, 0, 0, 0, 1, 0, 0, 0, 0, 0, 0, 0, 0, 0, 0] (0.027s)
  Sub: Z₀=33.098869 [LOCAL] (0.2s), α=[0.000,0.000,0.000,0.000,0.000,0.000,0.000,0.000,0.000,0.000,0.000,0.000,0.000,0.000,0.000,0.000,0.000,0.000,0.000,0.000,0.000,0.000,3.646,0.000,0.000,0.000,0.000,0.000,3.611,0.000,0.000,0.000,0.000,0.000,0.000,0.000,2.992,0.000,0.000,0.000,0.000,0.000,0.000,0.000,0.000,0.000,0.000]
  Iter 16: LB=-477.445049  UB=38.152254  gap=1.35e+01
  Cut: intercept=-1105.230890, π_x_range=[-826.5698, 584.0678]

=== True-DRO Benders iter 17 ===
  OMP: t₀=-465.520753, UB=38.152254, gap=1.32e+01, x=[0, 0, 0, 0, 0, 0, 0, 0, 0, 0, 1, 0, 0, 0, 0, 0, 0, 0, 0, 0, 0, 0, 0, 0, 0, 0, 0, 0, 0, 0, 1, 0, 0, 0, 0, 0, 0, 0, 0, 0, 0, 0, 0, 0, 0, 0, 0] (0.039s)
  Sub: Z₀=37.462909 [LOCAL] (0.2s), α=[0.000,0.000,0.000,0.000,0.000,0.000,0.000,0.000,0.000,0.000,0.000,0.000,0.000,0.000,0.000,0.000,0.000,0.000,0.000,0.000,0.000,0.000,4.451,0.000,0.000,0.000,0.000,0.000,5.798,0.000,0.000,0.000,0.000,0.000,0.000,0.000,0.000,0.000,0.000,0.000,0.000,0.000,0.000,0.000,0.000,0.000,0.000]
  Iter 17: LB=-465.520753  UB=38.152254  gap=1.32e+01
  Cut: intercept=-1098.183815, π_x_range=[-827.0864, 582.4499]

=== True-DRO Benders iter 18 ===
  OMP: t₀=-461.728279, UB=38.152254, gap=1.31e+01, x=[0, 0, 0, 0, 0, 0, 0, 0, 0, 0, 0, 0, 0, 0, 0, 0, 0, 0, 0, 0, 0, 0, 0, 0, 0, 0, 0, 0, 0, 1, 0, 0, 0, 0, 0, 0, 1, 0, 0, 0, 0, 0, 0, 0, 0, 0, 0] (0.038s)
  Sub: Z₀=38.696033 [LOCAL] (0.3s), α=[0.000,0.000,0.000,0.000,0.000,0.000,0.000,0.000,0.000,0.000,0.000,0.000,0.000,0.000,0.000,0.000,0.000,0.000,0.000,0.000,0.000,0.000,0.000,0.000,0.000,0.000,0.000,0.000,1.731,0.000,0.000,0.000,0.000,0.000,0.000,0.000,8.518,0.000,0.000,0.000,0.000,0.000,0.000,0.000,0.000,0.000,0.000]
  Iter 18: LB=-461.728279  UB=38.152254  gap=1.31e+01
  Cut: intercept=-1097.313059, π_x_range=[-830.5939, 583.4356]

=== True-DRO Benders iter 19 ===
  OMP: t₀=-459.631844, UB=38.152254, gap=1.30e+01, x=[0, 0, 0, 0, 0, 0, 0, 0, 0, 0, 1, 0, 0, 0, 0, 0, 0, 1, 0, 0, 0, 0, 0, 0, 0, 0, 0, 0, 0, 0, 0, 0, 0, 0, 0, 0, 0, 0, 0, 0, 0, 0, 0, 0, 0, 0, 0] (0.043s)
  Sub: Z₀=41.768538 [LOCAL] (0.2s), α=[0.000,0.000,0.000,0.000,0.000,0.000,0.000,0.000,0.000,0.000,0.000,0.000,0.000,0.000,0.000,0.000,0.000,0.000,0.000,0.000,0.000,0.000,4.451,0.000,0.000,0.000,0.000,0.000,5.798,0.000,0.000,0.000,0.000,0.000,0.000,0.000,0.000,0.000,0.000,0.000,0.000,0.000,0.000,0.000,0.000,0.000,0.000]
  Iter 19: LB=-459.631844  UB=38.152254  gap=1.30e+01
  Cut: intercept=-1086.912878, π_x_range=[-828.6865, 574.4800]

=== True-DRO Benders iter 20 ===
  OMP: t₀=-452.795755, UB=38.152254, gap=1.29e+01, x=[0, 0, 0, 0, 0, 0, 0, 0, 0, 0, 1, 0, 0, 0, 0, 0, 0, 0, 0, 0, 0, 0, 1, 0, 0, 0, 0, 0, 0, 0, 0, 0, 0, 0, 0, 0, 0, 0, 0, 0, 0, 0, 0, 0, 0, 0, 0] (0.053s)
  Sub: Z₀=37.041742 (1.3s), α=[0.000,0.000,0.000,0.000,0.000,0.000,0.000,0.000,0.000,0.000,0.000,0.000,0.000,0.000,0.000,0.000,0.000,0.000,0.000,0.000,0.000,0.000,4.451,0.000,0.000,0.000,0.000,0.000,5.798,0.000,0.000,0.000,0.000,0.000,0.000,0.000,0.000,0.000,0.000,0.000,0.000,0.000,0.000,0.000,0.000,0.000,0.000]
  Iter 20: LB=-452.795755  UB=37.041742  gap=1.32e+01
  Cut: intercept=-198.633331, π_x_range=[-263.0000, 168.1055]
  Sherali-Cut: intercept=-147.390981, π_x_range=[-120.0000, 121.1120]

=== True-DRO Benders iter 21 ===
  OMP: t₀=-294.548666, UB=37.041742, gap=8.95e+00, x=[0, 0, 0, 0, 0, 0, 0, 0, 0, 0, 0, 0, 0, 0, 0, 0, 0, 0, 0, 0, 0, 0, 0, 0, 0, 0, 0, 1, 0, 0, 0, 0, 0, 0, 0, 0, 1, 0, 0, 0, 0, 0, 0, 0, 0, 0, 0] (0.014s)
  Sub: Z₀=26.440161 [LOCAL] (0.2s), α=[0.000,0.000,0.000,0.000,0.000,0.000,0.000,0.000,0.000,0.000,0.000,0.000,0.000,0.000,0.000,0.000,0.000,0.000,0.000,0.000,0.000,0.000,0.000,0.000,0.000,0.000,0.000,0.873,4.198,0.000,0.000,0.000,0.000,0.000,0.000,0.000,5.178,0.000,0.000,0.000,0.000,0.000,0.000,0.000,0.000,0.000,0.000]
  Iter 21: LB=-294.548666  UB=37.041742  gap=8.95e+00
  Cut: intercept=-1146.949573, π_x_range=[-829.0093, 588.8737]

=== True-DRO Benders iter 22 ===
  OMP: t₀=-283.837261, UB=37.041742, gap=8.66e+00, x=[0, 0, 0, 0, 0, 0, 0, 0, 0, 0, 0, 0, 0, 0, 0, 0, 0, 0, 0, 0, 0, 0, 0, 0, 0, 0, 1, 1, 0, 0, 0, 0, 0, 0, 0, 0, 0, 0, 0, 0, 0, 0, 0, 0, 0, 0, 0] (0.020s)
  Sub: Z₀=28.311720 [LOCAL] (0.2s), α=[0.000,0.000,0.000,0.000,0.000,0.000,0.000,0.000,0.000,0.000,0.000,0.000,0.000,0.000,0.000,0.000,0.000,0.000,0.000,0.000,0.000,0.000,0.000,0.000,2.239,0.000,0.000,2.332,5.679,0.000,0.000,0.000,0.000,0.000,0.000,0.000,0.000,0.000,0.000,0.000,0.000,0.000,0.000,0.000,0.000,0.000,0.000]
  Iter 22: LB=-283.837261  UB=37.041742  gap=8.66e+00
  Cut: intercept=-1138.147905, π_x_range=[-829.0494, 583.7803]

=== True-DRO Benders iter 23 ===
  OMP: t₀=-274.646588, UB=37.041742, gap=8.41e+00, x=[0, 0, 0, 0, 0, 0, 0, 0, 0, 0, 0, 0, 0, 0, 0, 0, 0, 0, 0, 0, 0, 0, 0, 0, 1, 0, 0, 1, 0, 0, 0, 0, 0, 0, 0, 0, 0, 0, 0, 0, 0, 0, 0, 0, 0, 0, 0] (0.033s)
  Sub: Z₀=25.390239 [LOCAL] (0.2s), α=[0.000,0.000,0.000,0.000,0.000,0.000,0.000,0.000,0.000,0.000,0.000,0.000,0.000,0.000,0.000,0.000,0.000,0.000,0.000,0.000,0.000,0.000,0.000,0.000,7.197,0.000,0.000,0.498,2.554,0.000,0.000,0.000,0.000,0.000,0.000,0.000,0.000,0.000,0.000,0.000,0.000,0.000,0.000,0.000,0.000,0.000,0.000]
  Iter 23: LB=-274.646588  UB=37.041742  gap=8.41e+00
  Cut: intercept=-1145.948057, π_x_range=[-827.6498, 587.1033]

=== True-DRO Benders iter 24 ===
  OMP: t₀=-270.905564, UB=37.041742, gap=8.31e+00, x=[0, 0, 0, 0, 0, 0, 0, 0, 0, 0, 0, 0, 0, 0, 0, 0, 0, 0, 0, 0, 0, 0, 0, 0, 1, 0, 0, 0, 0, 0, 0, 0, 0, 0, 0, 0, 1, 0, 0, 0, 0, 0, 0, 0, 0, 0, 0] (0.036s)
  Sub: Z₀=37.032218 [LOCAL] (0.2s), α=[0.000,0.000,0.000,0.000,0.000,0.000,0.000,0.000,0.000,0.000,0.000,0.000,0.000,0.000,0.000,0.000,0.000,0.000,0.000,0.000,0.000,0.000,0.000,0.000,6.509,0.000,0.000,0.000,0.583,0.000,0.000,0.000,0.000,0.000,0.000,0.000,3.157,0.000,0.000,0.000,0.000,0.000,0.000,0.000,0.000,0.000,0.000]
  Iter 24: LB=-270.905564  UB=37.041742  gap=8.31e+00
  Cut: intercept=-1136.644566, π_x_range=[-830.8181, 587.9276]

=== True-DRO Benders iter 25 ===
  OMP: t₀=-270.691980, UB=37.041742, gap=8.31e+00, x=[0, 0, 0, 0, 0, 0, 0, 0, 0, 0, 0, 0, 0, 0, 0, 0, 0, 0, 0, 0, 0, 0, 0, 0, 0, 0, 0, 1, 0, 0, 1, 0, 0, 0, 0, 0, 0, 0, 0, 0, 0, 0, 0, 0, 0, 0, 0] (0.038s)
  Sub: Z₀=32.717675 [TIME_LIMIT] (15.1s), α=[0.000,0.000,0.000,0.000,0.000,0.000,0.000,0.000,0.000,0.000,0.000,0.000,0.000,0.000,0.000,0.000,0.000,0.000,0.000,0.000,0.000,0.000,0.000,0.000,4.908,0.000,0.000,0.077,4.604,0.000,0.660,0.000,0.000,0.000,0.000,0.000,0.000,0.000,0.000,0.000,0.000,0.000,0.000,0.000,0.000,0.000,0.000]
  Iter 25: LB=-270.691980  UB=33.482235  gap=9.08e+00
  Cut: intercept=-183.436813, π_x_range=[-185.7471, 139.4309]

=== True-DRO Benders iter 26 ===
  OMP: t₀=-266.149785, UB=33.482235, gap=8.95e+00, x=[0, 0, 0, 0, 0, 0, 0, 0, 0, 0, 0, 0, 0, 0, 0, 0, 0, 0, 0, 0, 0, 0, 0, 1, 0, 0, 0, 0, 0, 0, 0, 0, 0, 0, 0, 0, 1, 0, 0, 0, 0, 0, 0, 0, 0, 0, 0] (0.036s)
  Sub: Z₀=37.201749 [LOCAL] (0.2s), α=[0.000,0.000,0.000,0.000,0.000,0.000,0.000,0.000,0.000,0.000,0.000,0.000,0.000,0.000,0.000,0.000,0.000,0.000,0.000,0.000,0.000,0.000,0.000,0.000,1.532,0.000,0.000,0.000,0.000,0.000,0.000,0.000,0.000,0.000,0.000,0.003,8.714,0.000,0.000,0.000,0.000,0.000,0.000,0.000,0.000,0.000,0.000]
  Iter 26: LB=-266.149785  UB=33.482235  gap=8.95e+00
  Cut: intercept=-1133.025618, π_x_range=[-827.6489, 593.5916]

=== True-DRO Benders iter 27 ===
  OMP: t₀=-264.337589, UB=33.482235, gap=8.89e+00, x=[0, 0, 0, 0, 0, 0, 0, 0, 0, 0, 0, 0, 0, 0, 0, 0, 0, 0, 0, 0, 0, 0, 0, 0, 0, 0, 0, 0, 0, 0, 0, 0, 0, 1, 0, 0, 1, 0, 0, 0, 0, 0, 0, 0, 0, 0, 0] (0.033s)
  Sub: Z₀=41.283186 [LOCAL] (0.2s), α=[0.000,0.000,0.000,0.000,0.000,0.000,0.000,0.000,0.000,0.000,0.000,0.000,0.000,0.000,0.000,0.000,0.000,0.000,0.000,0.000,0.000,0.000,0.000,0.000,1.413,0.000,0.000,0.000,0.239,0.000,0.000,0.000,0.000,0.000,0.000,0.000,8.598,0.000,0.000,0.000,0.000,0.000,0.000,0.000,0.000,0.000,0.000]
  Iter 27: LB=-264.337589  UB=33.482235  gap=8.89e+00
  Cut: intercept=-1118.479076, π_x_range=[-831.2319, 582.0226]

=== True-DRO Benders iter 28 ===
  OMP: t₀=-255.438380, UB=33.482235, gap=8.63e+00, x=[0, 0, 0, 0, 0, 0, 0, 0, 0, 0, 0, 0, 0, 0, 0, 0, 0, 0, 0, 0, 0, 0, 0, 1, 0, 0, 1, 0, 0, 0, 0, 0, 0, 0, 0, 0, 0, 0, 0, 0, 0, 0, 0, 0, 0, 0, 0] (0.034s)
  Sub: Z₀=35.923417 [LOCAL] (0.2s), α=[0.000,0.000,0.000,0.000,0.000,0.000,0.000,0.000,0.000,0.000,0.000,0.000,0.000,0.000,0.000,0.000,0.000,0.000,0.000,0.000,0.000,0.000,2.260,3.043,4.946,0.000,0.000,0.000,0.000,0.000,0.000,0.000,0.000,0.000,0.000,0.000,0.000,0.000,0.000,0.000,0.000,0.000,0.000,0.000,0.000,0.000,0.000]
  Iter 28: LB=-255.438380  UB=33.482235  gap=8.63e+00
  Cut: intercept=-1141.072143, π_x_range=[-827.6169, 588.8252]

=== True-DRO Benders iter 29 ===
  OMP: t₀=-255.316101, UB=33.482235, gap=8.63e+00, x=[0, 0, 0, 0, 0, 0, 0, 0, 0, 0, 0, 0, 0, 0, 0, 0, 0, 0, 0, 0, 0, 0, 0, 0, 0, 0, 1, 0, 0, 0, 0, 0, 0, 0, 0, 0, 1, 0, 0, 0, 0, 0, 0, 0, 0, 0, 0] (0.034s)
  Sub: Z₀=38.083013 [LOCAL] (3.2s), α=[0.000,0.000,0.000,0.000,0.000,0.000,0.000,0.000,0.000,0.000,0.000,0.000,0.000,0.000,0.000,0.000,0.000,0.000,0.000,0.000,0.000,0.000,0.000,0.000,3.642,0.000,0.000,0.040,5.031,0.000,0.000,0.000,0.000,0.000,0.000,0.000,1.536,0.000,0.000,0.000,0.000,0.000,0.000,0.000,0.000,0.000,0.000]
  Iter 29: LB=-255.316101  UB=33.482235  gap=8.63e+00
  Cut: intercept=-1125.067088, π_x_range=[-829.9796, 588.6797]

=== True-DRO Benders iter 30 ===
  OMP: t₀=-253.626184, UB=33.482235, gap=8.57e+00, x=[0, 0, 0, 0, 0, 0, 0, 0, 0, 0, 0, 0, 0, 0, 0, 0, 0, 0, 0, 0, 0, 0, 0, 0, 0, 0, 1, 0, 0, 0, 0, 0, 0, 1, 0, 0, 0, 0, 0, 0, 0, 0, 0, 0, 0, 0, 0] (0.048s)
  Sub: Z₀=40.983139 [TIME_LIMIT] (15.1s), α=[0.000,0.000,0.000,0.000,0.000,0.000,0.000,0.000,0.000,0.000,0.000,0.000,0.000,0.000,0.000,0.000,0.000,0.000,0.000,0.000,0.000,0.000,0.000,0.000,6.970,0.137,0.219,0.000,0.907,0.000,0.000,0.000,0.000,0.000,0.992,0.046,0.977,0.000,0.000,0.000,0.000,0.000,0.000,0.000,0.000,0.000,0.000]
  Iter 30: LB=-253.626184  UB=33.482235  gap=8.57e+00
  Cut: intercept=-31.815702, π_x_range=[-167.9208, 53.2213]

=== True-DRO Benders iter 31 ===
  OMP: t₀=-235.668029, UB=33.482235, gap=8.04e+00, x=[0, 0, 0, 0, 0, 0, 0, 0, 0, 0, 0, 0, 0, 0, 0, 1, 0, 0, 0, 0, 0, 0, 0, 0, 0, 0, 0, 0, 0, 0, 0, 1, 0, 0, 0, 0, 0, 0, 0, 0, 0, 0, 0, 0, 0, 0, 0] (0.107s)
  Sub: Z₀=40.115681 [LOCAL] (0.3s), α=[0.000,0.000,0.000,0.000,0.000,0.000,0.000,0.000,0.000,0.000,0.000,0.000,0.000,0.000,0.000,0.000,0.000,0.000,0.000,0.000,0.000,0.000,0.000,0.000,2.605,0.000,0.000,0.000,2.744,0.000,0.000,4.900,0.000,0.000,0.000,0.000,0.000,0.000,0.000,0.000,0.000,0.000,0.000,0.000,0.000,0.000,0.000]
  Iter 31: LB=-235.668029  UB=33.482235  gap=8.04e+00
  Cut: intercept=-1066.693953, π_x_range=[-830.0693, 564.9077]

=== True-DRO Benders iter 32 ===
  OMP: t₀=-230.499625, UB=33.482235, gap=7.88e+00, x=[0, 0, 0, 0, 0, 0, 0, 0, 0, 0, 0, 0, 0, 0, 0, 0, 0, 0, 0, 0, 0, 0, 0, 0, 1, 0, 0, 0, 0, 1, 0, 0, 0, 0, 0, 0, 0, 0, 0, 0, 0, 0, 0, 0, 0, 0, 0] (0.058s)
  Sub: Z₀=37.130558 [LOCAL] (0.2s), α=[0.000,0.000,0.000,0.000,0.000,0.000,0.000,0.000,0.000,0.000,0.000,0.000,0.000,0.000,0.000,0.000,0.000,0.000,0.000,0.000,0.000,0.000,0.005,0.005,2.731,0.000,0.000,0.036,5.045,0.037,0.000,0.000,0.000,0.000,0.000,0.407,1.984,0.000,0.000,0.000,0.000,0.000,0.000,0.000,0.000,0.000,0.000]
  Iter 32: LB=-230.499625  UB=33.482235  gap=7.88e+00
  Cut: intercept=-1099.090580, π_x_range=[-829.9666, 583.3962]

=== True-DRO Benders iter 33 ===
  OMP: t₀=-229.752994, UB=33.482235, gap=7.86e+00, x=[0, 0, 0, 0, 0, 0, 0, 0, 0, 0, 0, 0, 0, 0, 0, 1, 0, 0, 0, 0, 0, 0, 0, 0, 0, 0, 0, 1, 0, 0, 0, 0, 0, 0, 0, 0, 0, 0, 0, 0, 0, 0, 0, 0, 0, 0, 0] (0.097s)
  Sub: Z₀=33.074134 [LOCAL] (0.2s), α=[0.000,0.000,0.000,0.000,0.000,0.000,0.000,0.000,0.000,0.000,0.000,0.000,0.000,0.000,0.000,0.000,0.000,0.000,0.000,0.000,0.000,0.000,0.000,0.000,0.000,0.000,0.000,4.124,6.125,0.000,0.000,0.000,0.000,0.000,0.000,0.000,0.000,0.000,0.000,0.000,0.000,0.000,0.000,0.000,0.000,0.000,0.000]
  Iter 33: LB=-229.752994  UB=33.482235  gap=7.86e+00
  Cut: intercept=-1077.653050, π_x_range=[-828.3099, 579.8709]

=== True-DRO Benders iter 34 ===
  OMP: t₀=-226.545017, UB=33.482235, gap=7.77e+00, x=[0, 0, 0, 0, 0, 0, 0, 0, 0, 0, 0, 0, 0, 0, 0, 0, 0, 0, 0, 0, 0, 0, 0, 0, 0, 0, 0, 0, 0, 1, 1, 0, 0, 0, 0, 0, 0, 0, 0, 0, 0, 0, 0, 0, 0, 0, 0] (0.065s)
  Sub: Z₀=37.760579 [LOCAL] (4.5s), α=[0.000,0.000,0.000,0.000,0.000,0.000,0.000,0.000,0.000,0.000,0.000,0.000,0.000,0.000,0.000,0.000,0.000,0.000,0.000,0.000,0.000,0.000,0.000,0.000,0.000,0.000,0.000,1.057,4.014,0.000,4.226,0.000,0.000,0.000,0.000,0.000,0.952,0.000,0.000,0.000,0.000,0.000,0.000,0.000,0.000,0.000,0.000]
  Iter 34: LB=-226.545017  UB=33.482235  gap=7.77e+00
  Cut: intercept=-1092.349927, π_x_range=[-831.8963, 574.4514]

=== True-DRO Benders iter 35 ===
  OMP: t₀=-225.743847, UB=33.482235, gap=7.74e+00, x=[0, 0, 0, 0, 0, 0, 0, 0, 0, 0, 0, 0, 0, 0, 0, 0, 0, 0, 0, 0, 0, 0, 0, 1, 0, 0, 0, 0, 0, 1, 0, 0, 0, 0, 0, 0, 0, 0, 0, 0, 0, 0, 0, 0, 0, 0, 0] (0.095s)
  Sub: Z₀=38.751499 [TIME_LIMIT] (15.1s), α=[0.000,0.000,0.000,0.000,0.000,0.000,0.000,0.000,0.000,0.000,0.000,0.000,0.000,0.000,0.000,0.000,0.000,0.000,0.000,0.000,0.000,0.000,3.652,5.138,0.000,0.000,0.000,0.000,1.027,0.100,0.000,0.000,0.000,0.000,0.000,0.055,0.278,0.000,0.000,0.000,0.000,0.000,0.000,0.000,0.000,0.000,0.000]
  Iter 35: LB=-225.743847  UB=33.482235  gap=7.74e+00
  Cut: intercept=-139.469934, π_x_range=[-267.0000, 126.5864]

=== True-DRO Benders iter 36 ===
  OMP: t₀=-223.093002, UB=33.482235, gap=7.66e+00, x=[0, 0, 0, 0, 0, 0, 0, 0, 0, 1, 0, 0, 0, 0, 0, 0, 0, 0, 0, 0, 0, 0, 0, 0, 0, 0, 0, 0, 0, 0, 0, 1, 0, 0, 0, 0, 0, 0, 0, 0, 0, 0, 0, 0, 0, 0, 0] (0.111s)
  Sub: Z₀=42.114432 [LOCAL] (0.4s), α=[0.000,0.000,0.000,0.000,0.000,0.000,0.000,0.000,0.000,0.000,0.000,0.000,0.000,0.000,0.000,0.000,0.000,0.000,0.000,0.000,0.000,0.000,0.000,0.000,6.201,0.000,0.000,0.000,0.907,0.000,0.000,3.141,0.000,0.000,0.000,0.000,0.000,0.000,0.000,0.000,0.000,0.000,0.000,0.000,0.000,0.000,0.000]
  Iter 36: LB=-223.093002  UB=33.482235  gap=7.66e+00
  Cut: intercept=-1074.551874, π_x_range=[-827.7451, 563.5632]

=== True-DRO Benders iter 37 ===
  OMP: t₀=-221.720306, UB=33.482235, gap=7.62e+00, x=[0, 0, 0, 0, 0, 0, 0, 0, 0, 0, 0, 0, 0, 0, 0, 0, 1, 0, 0, 0, 0, 0, 0, 0, 0, 0, 0, 0, 0, 0, 0, 1, 0, 0, 0, 0, 0, 0, 0, 0, 0, 0, 0, 0, 0, 0, 0] (0.094s)
  Sub: Z₀=42.114432 [LOCAL] (0.5s), α=[0.000,0.000,0.000,0.000,0.000,0.000,0.000,0.000,0.000,0.000,0.000,0.000,0.000,0.000,0.000,0.000,0.000,0.000,0.000,0.000,0.000,0.000,0.000,0.000,6.200,0.000,0.000,0.000,0.907,0.000,0.000,3.142,0.000,0.000,0.000,0.000,0.000,0.000,0.000,0.000,0.000,0.000,0.000,0.000,0.000,0.000,0.000]
  Iter 37: LB=-221.720306  UB=33.482235  gap=7.62e+00
  Cut: intercept=-1063.645444, π_x_range=[-830.7149, 563.6057]

=== True-DRO Benders iter 38 ===
  OMP: t₀=-220.472568, UB=33.482235, gap=7.58e+00, x=[0, 0, 0, 0, 0, 0, 0, 0, 0, 1, 0, 0, 0, 0, 0, 0, 0, 0, 0, 0, 0, 0, 0, 0, 0, 0, 0, 0, 0, 0, 0, 0, 0, 0, 0, 0, 1, 0, 0, 0, 0, 0, 0, 0, 0, 0, 0] (0.097s)
  Sub: Z₀=42.000989 [LOCAL] (0.2s), α=[0.000,0.000,0.000,0.000,0.000,0.000,0.000,0.000,0.000,0.000,0.000,0.000,0.000,0.000,0.000,0.000,0.000,0.000,0.000,0.000,0.000,0.000,0.000,0.000,1.079,0.000,0.000,0.000,0.907,0.000,0.000,0.000,0.000,0.000,0.000,0.000,8.264,0.000,0.000,0.000,0.000,0.000,0.000,0.000,0.000,0.000,0.000]
  Iter 38: LB=-220.472568  UB=33.482235  gap=7.58e+00
  Cut: intercept=-1094.682782, π_x_range=[-827.9386, 584.6476]

=== True-DRO Benders iter 39 ===
  OMP: t₀=-204.059302, UB=33.482235, gap=7.09e+00, x=[0, 0, 0, 0, 0, 0, 0, 0, 0, 0, 0, 0, 0, 0, 0, 0, 0, 0, 0, 0, 0, 0, 0, 1, 0, 0, 0, 0, 0, 0, 0, 0, 0, 0, 1, 0, 0, 0, 0, 0, 0, 0, 0, 0, 0, 0, 0] (0.102s)
  Sub: Z₀=38.877365 [LOCAL] (0.2s), α=[0.000,0.000,0.000,0.000,0.000,0.000,0.000,0.000,0.000,0.000,0.000,0.000,0.000,0.000,0.000,0.000,0.000,0.000,0.000,0.000,0.000,0.000,3.735,4.027,0.000,0.000,0.000,0.000,0.000,0.000,0.000,0.000,0.000,0.000,2.265,0.147,0.076,0.000,0.000,0.000,0.000,0.000,0.000,0.000,0.000,0.000,0.000]
  Iter 39: LB=-204.059302  UB=33.482235  gap=7.09e+00
  Cut: intercept=-1126.183648, π_x_range=[-827.5180, 590.9967]

=== True-DRO Benders iter 40 ===
  OMP: t₀=-203.007259, UB=33.482235, gap=7.06e+00, x=[0, 0, 0, 0, 0, 0, 0, 0, 0, 0, 0, 0, 0, 0, 0, 0, 0, 0, 0, 0, 0, 0, 0, 1, 1, 0, 0, 0, 0, 0, 0, 0, 0, 0, 0, 0, 0, 0, 0, 0, 0, 0, 0, 0, 0, 0, 0] (0.089s)
  Sub: Z₀=36.435001 (3.6s), α=[0.000,0.000,0.000,0.000,0.000,0.000,0.000,0.000,0.000,0.000,0.000,0.000,0.000,0.000,0.000,0.000,0.000,0.000,0.000,0.000,0.000,0.000,0.711,2.325,7.212,0.000,0.000,0.000,0.000,0.000,0.000,0.000,0.000,0.000,0.000,0.000,0.000,0.000,0.000,0.000,0.000,0.000,0.000,0.000,0.000,0.000,0.000]
  Iter 40: LB=-203.007259  UB=33.482235  gap=7.06e+00
  Cut: intercept=-80.141385, π_x_range=[-258.7437, 88.5134]
  Sherali-Cut: intercept=-50.929924, π_x_range=[-129.7022, 66.3083]

=== True-DRO Benders iter 41 ===
  OMP: t₀=-198.741634, UB=33.482235, gap=6.94e+00, x=[0, 0, 0, 0, 0, 0, 0, 0, 0, 0, 0, 0, 0, 0, 0, 0, 0, 0, 0, 0, 0, 0, 0, 0, 0, 0, 0, 0, 0, 0, 0, 1, 0, 0, 0, 0, 1, 0, 0, 0, 0, 0, 0, 0, 0, 0, 0] (0.070s)
  Sub: Z₀=37.690083 [LOCAL] (0.2s), α=[0.000,0.000,0.000,0.000,0.000,0.000,0.000,0.000,0.000,0.000,0.000,0.000,0.000,0.000,0.000,0.000,0.000,0.000,0.000,0.000,0.000,0.000,0.000,0.000,4.725,0.000,0.000,0.007,2.857,0.000,0.000,0.000,0.000,0.000,0.000,0.017,2.643,0.000,0.000,0.000,0.000,0.000,0.000,0.000,0.000,0.000,0.000]
  Iter 41: LB=-198.741634  UB=33.482235  gap=6.94e+00
  Cut: intercept=-1107.679153, π_x_range=[-830.4106, 580.5634]

=== True-DRO Benders iter 42 ===
  OMP: t₀=-175.242462, UB=33.482235, gap=6.23e+00, x=[0, 0, 0, 0, 0, 0, 0, 0, 0, 0, 0, 0, 0, 0, 0, 0, 0, 0, 0, 0, 0, 0, 0, 0, 0, 0, 0, 0, 0, 0, 1, 0, 0, 0, 0, 0, 1, 0, 0, 0, 0, 0, 0, 0, 0, 0, 0] (0.061s)
  Sub: Z₀=37.743608 [LOCAL] (0.4s), α=[0.000,0.000,0.000,0.000,0.000,0.000,0.000,0.000,0.000,0.000,0.000,0.000,0.000,0.000,0.000,0.000,0.000,0.000,0.000,0.000,0.000,0.000,0.000,0.000,3.449,0.000,0.000,0.000,0.907,0.000,0.000,0.000,0.000,0.000,0.000,0.000,5.893,0.000,0.000,0.000,0.000,0.000,0.000,0.000,0.000,0.000,0.000]
  Iter 42: LB=-175.242462  UB=33.482235  gap=6.23e+00
  Cut: intercept=-1130.896802, π_x_range=[-831.1396, 585.3189]

=== True-DRO Benders iter 43 ===
  OMP: t₀=-173.948919, UB=33.482235, gap=6.20e+00, x=[0, 0, 0, 0, 0, 0, 0, 0, 0, 0, 0, 0, 0, 0, 0, 1, 0, 0, 0, 0, 0, 0, 0, 0, 0, 0, 0, 0, 0, 0, 0, 0, 1, 0, 0, 0, 0, 0, 0, 0, 0, 0, 0, 0, 0, 0, 0] (0.063s)
  Sub: Z₀=39.410730 [LOCAL] (0.2s), α=[0.000,0.000,0.000,0.000,0.000,0.000,0.000,0.000,0.000,0.000,0.000,0.000,0.000,0.000,0.000,0.000,0.000,0.000,0.000,0.000,0.000,0.000,0.000,0.000,2.929,0.000,0.000,0.000,6.369,0.000,0.000,0.000,0.000,0.000,0.000,0.794,0.157,0.000,0.000,0.000,0.000,0.000,0.000,0.000,0.000,0.000,0.000]
  Iter 43: LB=-173.948919  UB=33.482235  gap=6.20e+00
  Cut: intercept=-1098.899706, π_x_range=[-825.0003, 591.3403]

=== True-DRO Benders iter 44 ===
  OMP: t₀=-170.403581, UB=33.482235, gap=6.09e+00, x=[0, 0, 0, 0, 0, 0, 0, 0, 0, 0, 0, 0, 0, 0, 0, 0, 1, 0, 0, 0, 0, 0, 0, 0, 0, 0, 0, 1, 0, 0, 0, 0, 0, 0, 0, 0, 0, 0, 0, 0, 0, 0, 0, 0, 0, 0, 0] (0.064s)
  Sub: Z₀=33.314168 [LOCAL] (0.2s), α=[0.000,0.000,0.000,0.000,0.000,0.000,0.000,0.000,0.000,0.000,0.000,0.000,0.000,0.000,0.000,0.000,0.000,0.000,0.000,0.000,0.000,0.000,0.000,0.000,0.000,0.000,0.000,4.269,5.890,0.000,0.000,0.000,0.000,0.000,0.000,0.000,0.090,0.000,0.000,0.000,0.000,0.000,0.000,0.000,0.000,0.000,0.000]
  Iter 44: LB=-170.403581  UB=33.482235  gap=6.09e+00
  Cut: intercept=-1093.009851, π_x_range=[-828.9669, 581.0953]

=== True-DRO Benders iter 45 ===
  OMP: t₀=-168.903662, UB=33.482235, gap=6.04e+00, x=[0, 0, 0, 0, 0, 0, 0, 0, 0, 0, 0, 0, 0, 0, 0, 0, 0, 0, 0, 0, 0, 0, 0, 0, 0, 0, 0, 0, 0, 0, 0, 1, 0, 0, 1, 0, 0, 0, 0, 0, 0, 0, 0, 0, 0, 0, 0] (0.070s)
  Sub: Z₀=38.163664 [TIME_LIMIT] (15.1s), α=[0.000,0.000,0.000,0.000,0.000,0.000,0.000,0.000,0.000,0.000,0.000,0.000,0.000,0.000,0.000,0.000,0.000,0.000,0.000,0.000,0.000,0.000,0.078,0.075,0.100,0.074,0.000,0.000,2.897,0.000,0.000,4.900,0.000,0.000,2.126,0.000,0.000,0.000,0.000,0.000,0.000,0.000,0.000,0.000,0.000,0.000,0.000]
  Iter 45: LB=-168.903662  UB=33.482235  gap=6.04e+00
  Cut: intercept=-45.189752, π_x_range=[-249.3865, 44.9578]

=== True-DRO Benders iter 46 ===
  OMP: t₀=-167.289960, UB=33.482235, gap=6.00e+00, x=[0, 0, 0, 0, 0, 0, 0, 0, 0, 0, 0, 0, 0, 0, 0, 0, 0, 0, 0, 0, 0, 0, 0, 0, 0, 0, 0, 1, 0, 0, 0, 0, 1, 0, 0, 0, 0, 0, 0, 0, 0, 0, 0, 0, 0, 0, 0] (0.083s)
  Sub: Z₀=33.318065 [LOCAL] (0.2s), α=[0.000,0.000,0.000,0.000,0.000,0.000,0.000,0.000,0.000,0.000,0.000,0.000,0.000,0.000,0.000,0.000,0.000,0.000,0.000,0.000,0.000,0.000,0.000,0.000,0.000,0.000,0.000,0.000,10.249,0.000,0.000,0.000,0.000,0.000,0.000,0.000,0.000,0.000,0.000,0.000,0.000,0.000,0.000,0.000,0.000,0.000,0.000]
  Iter 46: LB=-167.289960  UB=33.482235  gap=6.00e+00
  Cut: intercept=-1091.692498, π_x_range=[-824.7260, 563.7167]

=== True-DRO Benders iter 47 ===
  OMP: t₀=-158.231906, UB=33.482235, gap=5.73e+00, x=[0, 0, 0, 0, 0, 0, 0, 0, 0, 0, 0, 0, 0, 0, 0, 0, 0, 0, 0, 0, 0, 0, 0, 0, 0, 0, 0, 0, 0, 0, 1, 1, 0, 0, 0, 0, 0, 0, 0, 0, 0, 0, 0, 0, 0, 0, 0] (0.123s)
  Sub: Z₀=37.226842 [LOCAL] (0.2s), α=[0.000,0.000,0.000,0.000,0.000,0.000,0.000,0.000,0.000,0.000,0.000,0.000,0.000,0.000,0.000,0.000,0.000,0.000,0.000,0.000,0.000,0.000,0.000,0.000,4.768,0.000,0.000,0.000,0.118,0.000,1.978,3.385,0.000,0.000,0.000,0.000,0.000,0.000,0.000,0.000,0.000,0.000,0.000,0.000,0.000,0.000,0.000]
  Iter 47: LB=-158.231906  UB=33.482235  gap=5.73e+00
  Cut: intercept=-1125.782604, π_x_range=[-831.2795, 591.3047]

=== True-DRO Benders iter 48 ===
  OMP: t₀=-157.518619, UB=33.482235, gap=5.70e+00, x=[0, 0, 0, 0, 0, 0, 0, 0, 0, 1, 0, 0, 0, 0, 0, 0, 0, 0, 0, 0, 0, 0, 0, 0, 0, 0, 0, 0, 0, 0, 0, 0, 1, 0, 0, 0, 0, 0, 0, 0, 0, 0, 0, 0, 0, 0, 0] (0.126s)
  Sub: Z₀=38.836884 [LOCAL] (0.2s), α=[0.000,0.000,0.000,0.000,0.000,0.000,0.000,0.000,0.000,0.000,0.000,0.000,0.000,0.000,0.000,0.000,0.000,0.000,0.000,0.000,0.000,0.000,0.000,0.000,3.034,0.000,0.000,0.000,5.078,0.000,0.000,0.000,0.000,0.000,0.000,0.211,1.925,0.000,0.000,0.000,0.000,0.000,0.000,0.000,0.000,0.000,0.000]
  Iter 48: LB=-157.518619  UB=33.482235  gap=5.70e+00
  Cut: intercept=-1100.135802, π_x_range=[-820.8126, 591.3308]

=== True-DRO Benders iter 49 ===
  OMP: t₀=-157.427297, UB=33.482235, gap=5.70e+00, x=[0, 0, 0, 0, 0, 0, 0, 0, 0, 0, 0, 0, 0, 0, 0, 0, 1, 0, 0, 0, 0, 0, 0, 0, 0, 0, 0, 0, 0, 0, 0, 0, 1, 0, 0, 0, 0, 0, 0, 0, 0, 0, 0, 0, 0, 0, 0] (0.142s)
  Sub: Z₀=39.560586 [LOCAL] (0.2s), α=[0.000,0.000,0.000,0.000,0.000,0.000,0.000,0.000,0.000,0.000,0.000,0.000,0.000,0.000,0.000,0.000,0.000,0.000,0.000,0.000,0.000,0.000,0.000,0.000,2.929,0.000,0.000,0.000,6.630,0.000,0.000,0.000,0.000,0.000,0.000,0.061,0.630,0.000,0.000,0.000,0.000,0.000,0.000,0.000,0.000,0.000,0.000]
  Iter 49: LB=-157.427297  UB=33.482235  gap=5.70e+00
  Cut: intercept=-1103.448420, π_x_range=[-825.1833, 591.0683]

=== True-DRO Benders iter 50 ===
  OMP: t₀=-156.292438, UB=33.482235, gap=5.67e+00, x=[0, 0, 0, 0, 0, 0, 0, 0, 0, 0, 0, 0, 0, 0, 0, 0, 0, 0, 0, 0, 0, 0, 0, 0, 0, 0, 0, 1, 0, 0, 0, 1, 0, 0, 0, 0, 0, 0, 0, 0, 0, 0, 0, 0, 0, 0, 0] (0.109s)
  Sub: Z₀=33.904923 [TIME_LIMIT] (15.1s), α=[0.000,0.000,0.000,0.000,0.000,0.000,0.000,0.000,0.000,0.000,0.000,0.000,0.000,0.000,0.000,0.000,0.000,0.000,0.000,0.000,0.000,0.000,0.000,0.000,0.278,0.000,0.000,0.000,5.071,0.000,0.000,4.900,0.000,0.000,0.000,0.000,0.000,0.000,0.000,0.000,0.000,0.000,0.000,0.000,0.000,0.000,0.000]
  Iter 50: LB=-156.292438  UB=33.482235  gap=5.67e+00
  Cut: intercept=-187.394541, π_x_range=[-240.0000, 144.6359]

=== True-DRO Benders iter 51 ===
  OMP: t₀=-155.778631, UB=33.482235, gap=5.65e+00, x=[0, 0, 0, 0, 0, 0, 0, 0, 0, 0, 0, 0, 0, 0, 0, 0, 0, 0, 0, 0, 0, 0, 1, 0, 0, 0, 0, 0, 0, 0, 0, 0, 0, 0, 0, 0, 1, 0, 0, 0, 0, 0, 0, 0, 0, 0, 0] (0.107s)
  Sub: Z₀=37.952773 [LOCAL] (0.3s), α=[0.000,0.000,0.000,0.000,0.000,0.000,0.000,0.000,0.000,0.000,0.000,0.000,0.000,0.000,0.000,0.000,0.000,0.000,0.000,0.000,0.000,0.000,0.000,0.000,1.525,0.000,0.000,0.000,0.000,0.000,0.000,0.000,0.000,0.000,0.000,0.003,8.722,0.000,0.000,0.000,0.000,0.000,0.000,0.000,0.000,0.000,0.000]
  Iter 51: LB=-155.778631  UB=33.482235  gap=5.65e+00
  Cut: intercept=-1131.259860, π_x_range=[-832.1964, 588.4152]

=== True-DRO Benders iter 52 ===
  OMP: t₀=-155.267573, UB=33.482235, gap=5.64e+00, x=[0, 0, 0, 0, 0, 0, 0, 0, 0, 0, 0, 0, 0, 0, 0, 0, 0, 1, 0, 0, 0, 0, 0, 0, 0, 0, 0, 1, 0, 0, 0, 0, 0, 0, 0, 0, 0, 0, 0, 0, 0, 0, 0, 0, 0, 0, 0] (0.094s)
  Sub: Z₀=33.314168 [LOCAL] (0.2s), α=[0.000,0.000,0.000,0.000,0.000,0.000,0.000,0.000,0.000,0.000,0.000,0.000,0.000,0.000,0.000,0.000,0.000,0.000,0.000,0.000,0.000,0.000,0.000,0.000,0.000,0.000,0.000,4.133,6.026,0.000,0.000,0.000,0.000,0.000,0.000,0.000,0.090,0.000,0.000,0.000,0.000,0.000,0.000,0.000,0.000,0.000,0.000]
  Iter 52: LB=-155.267573  UB=33.482235  gap=5.64e+00
  Cut: intercept=-1128.889415, π_x_range=[-828.8682, 581.1137]

=== True-DRO Benders iter 53 ===
  OMP: t₀=-153.856248, UB=33.482235, gap=5.60e+00, x=[0, 0, 0, 0, 0, 0, 0, 0, 0, 0, 0, 0, 0, 0, 0, 0, 0, 0, 0, 0, 0, 0, 0, 0, 0, 0, 0, 1, 0, 0, 0, 0, 0, 1, 0, 0, 0, 0, 0, 0, 0, 0, 0, 0, 0, 0, 0] (0.103s)
  Sub: Z₀=34.270818 [LOCAL] (0.2s), α=[0.000,0.000,0.000,0.000,0.000,0.000,0.000,0.000,0.000,0.000,0.000,0.000,0.000,0.000,0.000,0.000,0.000,0.000,0.000,0.000,0.000,0.000,0.000,0.000,2.289,0.000,0.000,7.909,0.000,0.000,0.000,0.000,0.000,0.000,0.000,0.000,0.051,0.000,0.000,0.000,0.000,0.000,0.000,0.000,0.000,0.000,0.000]
  Iter 53: LB=-153.856248  UB=33.482235  gap=5.60e+00
  Cut: intercept=-1120.219402, π_x_range=[-829.9390, 582.4324]

=== True-DRO Benders iter 54 ===
  OMP: t₀=-151.547805, UB=33.482235, gap=5.53e+00, x=[0, 0, 0, 0, 0, 0, 0, 0, 0, 0, 0, 0, 0, 0, 0, 0, 0, 0, 0, 0, 0, 0, 0, 0, 0, 0, 0, 0, 0, 0, 0, 0, 0, 0, 1, 0, 1, 0, 0, 0, 0, 0, 0, 0, 0, 0, 0] (0.100s)
  Sub: Z₀=37.783097 [LOCAL] (0.2s), α=[0.000,0.000,0.000,0.000,0.000,0.000,0.000,0.000,0.000,0.000,0.000,0.000,0.000,0.000,0.000,0.000,0.000,0.000,0.000,0.000,0.000,0.000,0.000,0.000,0.000,0.000,0.000,0.000,0.911,0.000,0.000,0.000,0.000,0.000,0.000,0.000,9.338,0.000,0.000,0.000,0.000,0.000,0.000,0.000,0.000,0.000,0.000]
  Iter 54: LB=-151.547805  UB=33.482235  gap=5.53e+00
  Cut: intercept=-1128.951363, π_x_range=[-830.6935, 589.2019]

=== True-DRO Benders iter 55 ===
  OMP: t₀=-150.581018, UB=33.482235, gap=5.50e+00, x=[0, 0, 0, 0, 0, 0, 0, 0, 0, 0, 0, 0, 0, 0, 0, 0, 0, 0, 0, 0, 0, 0, 0, 0, 0, 0, 0, 0, 0, 0, 1, 0, 0, 0, 1, 0, 0, 0, 0, 0, 0, 0, 0, 0, 0, 0, 0] (0.104s)
  Sub: Z₀=38.867497 [TIME_LIMIT] (15.1s), α=[0.000,0.000,0.000,0.000,0.000,0.000,0.000,0.000,0.000,0.000,0.000,0.000,0.000,0.000,0.000,0.000,0.000,0.000,0.000,0.000,0.000,0.000,0.069,0.055,0.376,0.000,0.000,0.000,2.869,0.000,3.965,0.311,0.000,0.000,2.538,0.031,0.034,0.000,0.000,0.000,0.000,0.000,0.000,0.000,0.000,0.000,0.000]
  Iter 55: LB=-150.581018  UB=33.482235  gap=5.50e+00
  Cut: intercept=-69.677487, π_x_range=[-256.0000, 59.4970]

=== True-DRO Benders iter 56 ===
  OMP: t₀=-146.293272, UB=33.482235, gap=5.37e+00, x=[0, 0, 0, 0, 0, 0, 0, 0, 0, 0, 0, 0, 0, 0, 0, 0, 0, 0, 0, 0, 0, 0, 0, 0, 0, 0, 0, 0, 0, 1, 0, 0, 0, 0, 1, 0, 0, 0, 0, 0, 0, 0, 0, 0, 0, 0, 0] (0.126s)
  Sub: Z₀=38.940852 [LOCAL] (3.1s), α=[0.000,0.000,0.000,0.000,0.000,0.000,0.000,0.000,0.000,0.000,0.000,0.000,0.000,0.000,0.000,0.000,0.000,0.000,0.000,0.000,0.000,0.000,0.000,0.000,0.000,0.000,0.000,0.011,2.946,0.000,0.000,0.000,0.000,0.000,0.000,2.341,4.951,0.000,0.000,0.000,0.000,0.000,0.000,0.000,0.000,0.000,0.000]
  Iter 56: LB=-146.293272  UB=33.482235  gap=5.37e+00
  Cut: intercept=-1083.442123, π_x_range=[-830.2038, 582.2020]

=== True-DRO Benders iter 57 ===
  OMP: t₀=-144.977373, UB=33.482235, gap=5.33e+00, x=[0, 0, 0, 0, 0, 0, 0, 0, 0, 0, 0, 0, 0, 0, 0, 1, 0, 0, 0, 0, 0, 0, 0, 0, 0, 0, 0, 0, 0, 0, 0, 0, 0, 0, 0, 0, 1, 0, 0, 0, 0, 0, 0, 0, 0, 0, 0] (0.134s)
  Sub: Z₀=40.287404 [LOCAL] (0.3s), α=[0.000,0.000,0.000,0.000,0.000,0.000,0.000,0.000,0.000,0.000,0.000,0.000,0.000,0.000,0.000,0.000,0.000,0.000,0.000,0.000,0.000,0.000,0.000,0.000,0.712,0.000,0.000,0.000,1.019,0.000,0.000,0.000,0.000,0.000,0.000,0.000,8.518,0.000,0.000,0.000,0.000,0.000,0.000,0.000,0.000,0.000,0.000]
  Iter 57: LB=-144.977373  UB=33.482235  gap=5.33e+00
  Cut: intercept=-1077.836241, π_x_range=[-830.9870, 581.1176]

=== True-DRO Benders iter 58 ===
  OMP: t₀=-143.200695, UB=33.482235, gap=5.28e+00, x=[0, 0, 0, 0, 0, 0, 0, 0, 0, 0, 0, 0, 0, 0, 0, 0, 0, 0, 0, 0, 0, 0, 0, 0, 0, 0, 0, 0, 0, 0, 0, 0, 1, 0, 0, 0, 1, 0, 0, 0, 0, 0, 0, 0, 0, 0, 0] (0.127s)
  Sub: Z₀=34.847957 [LOCAL] (0.2s), α=[0.000,0.000,0.000,0.000,0.000,0.000,0.000,0.000,0.000,0.000,0.000,0.000,0.000,0.000,0.000,0.000,0.000,0.000,0.000,0.000,0.000,0.000,0.000,0.000,0.000,0.000,0.000,0.000,3.064,0.000,0.000,0.000,0.000,0.000,0.000,0.000,7.185,0.000,0.000,0.000,0.000,0.000,0.000,0.000,0.000,0.000,0.000]
  Iter 58: LB=-143.200695  UB=33.482235  gap=5.28e+00
  Cut: intercept=-1151.902304, π_x_range=[-826.5398, 594.8133]

=== True-DRO Benders iter 59 ===
  OMP: t₀=-139.872186, UB=33.482235, gap=5.18e+00, x=[0, 0, 0, 0, 0, 0, 0, 0, 0, 0, 0, 0, 0, 0, 0, 0, 0, 0, 0, 0, 0, 0, 0, 0, 0, 1, 0, 0, 0, 0, 0, 0, 0, 0, 0, 0, 1, 0, 0, 0, 0, 0, 0, 0, 0, 0, 0] (0.188s)
  Sub: Z₀=39.970024 [LOCAL] (0.3s), α=[0.000,0.000,0.000,0.000,0.000,0.000,0.000,0.000,0.000,0.000,0.000,0.000,0.000,0.000,0.000,0.000,0.000,0.000,0.000,0.000,0.000,0.000,0.000,0.000,1.079,0.000,0.000,0.000,0.907,0.000,0.000,0.000,0.000,0.000,0.000,0.000,8.264,0.000,0.000,0.000,0.000,0.000,0.000,0.000,0.000,0.000,0.000]
  Iter 59: LB=-139.872186  UB=33.482235  gap=5.18e+00
  Cut: intercept=-1139.181017, π_x_range=[-831.0871, 594.9984]

=== True-DRO Benders iter 60 ===
  OMP: t₀=-139.701802, UB=33.482235, gap=5.17e+00, x=[0, 0, 0, 0, 0, 0, 0, 0, 0, 0, 0, 0, 0, 0, 1, 0, 0, 0, 0, 0, 0, 0, 0, 0, 0, 0, 0, 0, 0, 0, 0, 0, 0, 0, 0, 0, 1, 0, 0, 0, 0, 0, 0, 0, 0, 0, 0] (0.229s)
  Sub: Z₀=41.839089 [TIME_LIMIT] (15.1s), α=[0.000,0.000,0.000,0.000,0.000,0.000,0.000,0.000,0.000,0.000,0.000,0.000,0.000,0.000,0.000,0.000,0.000,0.000,0.000,0.000,0.000,0.000,0.000,0.000,0.107,0.000,0.000,0.000,2.744,0.000,0.000,0.000,0.000,0.000,0.000,0.000,7.398,0.000,0.000,0.000,0.000,0.000,0.000,0.000,0.000,0.000,0.000]
  Iter 60: LB=-139.701802  UB=33.482235  gap=5.17e+00
  Cut: intercept=-37.710986, π_x_range=[-185.3171, 68.2411]

=== True-DRO Benders iter 61 ===
  OMP: t₀=-132.285115, UB=33.482235, gap=4.95e+00, x=[0, 0, 0, 0, 0, 0, 0, 0, 0, 0, 0, 0, 0, 0, 0, 0, 0, 0, 0, 0, 0, 0, 0, 0, 0, 0, 0, 0, 0, 0, 1, 0, 0, 0, 0, 1, 0, 0, 0, 0, 0, 0, 0, 0, 0, 0, 0] (0.139s)
  Sub: Z₀=40.880382 [LOCAL] (0.3s), α=[0.000,0.000,0.000,0.000,0.000,0.000,0.000,0.000,0.000,0.000,0.000,0.000,0.000,0.000,0.000,0.000,0.000,0.000,0.000,0.000,0.000,0.000,0.000,0.000,2.929,0.000,0.000,0.000,2.744,0.000,0.000,0.000,0.000,0.000,0.000,0.000,4.576,0.000,0.000,0.000,0.000,0.000,0.000,0.000,0.000,0.000,0.000]
  Iter 61: LB=-132.285115  UB=33.482235  gap=4.95e+00
  Cut: intercept=-1121.739317, π_x_range=[-830.6074, 584.8068]

=== True-DRO Benders iter 62 ===
  OMP: t₀=-131.921944, UB=33.482235, gap=4.94e+00, x=[0, 0, 0, 0, 0, 0, 0, 0, 0, 0, 0, 0, 0, 0, 0, 0, 0, 0, 0, 0, 0, 0, 1, 0, 0, 0, 0, 0, 0, 0, 1, 0, 0, 0, 0, 0, 0, 0, 0, 0, 0, 0, 0, 0, 0, 0, 0] (0.125s)
  Sub: Z₀=37.263317 [LOCAL] (0.2s), α=[0.000,0.000,0.000,0.000,0.000,0.000,0.000,0.000,0.000,0.000,0.000,0.000,0.000,0.000,0.000,0.000,0.000,0.000,0.000,0.000,0.000,0.000,0.000,0.000,5.986,0.000,0.000,0.000,0.000,0.000,2.762,0.000,0.000,0.000,0.000,0.000,1.501,0.000,0.000,0.000,0.000,0.000,0.000,0.000,0.000,0.000,0.000]
  Iter 62: LB=-131.921944  UB=33.482235  gap=4.94e+00
  Cut: intercept=-1129.805678, π_x_range=[-830.7387, 588.4436]

=== True-DRO Benders iter 63 ===
  OMP: t₀=-131.276400, UB=33.482235, gap=4.92e+00, x=[0, 0, 0, 0, 0, 0, 0, 0, 0, 0, 0, 0, 0, 0, 0, 0, 0, 0, 0, 0, 0, 0, 0, 0, 0, 0, 0, 0, 0, 0, 1, 0, 1, 0, 0, 0, 0, 0, 0, 0, 0, 0, 0, 0, 0, 0, 0] (0.227s)
  Sub: Z₀=35.088091 [LOCAL] (0.2s), α=[0.000,0.000,0.000,0.000,0.000,0.000,0.000,0.000,0.000,0.000,0.000,0.000,0.000,0.000,0.000,0.000,0.000,0.000,0.000,0.000,0.000,0.000,0.000,0.000,2.566,0.000,0.000,0.000,5.078,0.000,2.605,0.000,0.000,0.000,0.000,0.000,0.000,0.000,0.000,0.000,0.000,0.000,0.000,0.000,0.000,0.000,0.000]
  Iter 63: LB=-131.276400  UB=33.482235  gap=4.92e+00
  Cut: intercept=-1134.895816, π_x_range=[-825.8508, 591.0690]

=== True-DRO Benders iter 64 ===
  OMP: t₀=-129.970383, UB=33.482235, gap=4.88e+00, x=[0, 0, 0, 0, 0, 0, 0, 0, 0, 0, 0, 0, 1, 0, 0, 0, 0, 0, 0, 0, 0, 0, 0, 0, 0, 0, 0, 1, 0, 0, 0, 0, 0, 0, 0, 0, 0, 0, 0, 0, 0, 0, 0, 0, 0, 0, 0] (0.194s)
  Sub: Z₀=33.314168 [LOCAL] (0.2s), α=[0.000,0.000,0.000,0.000,0.000,0.000,0.000,0.000,0.000,0.000,0.000,0.000,0.000,0.000,0.000,0.000,0.000,0.000,0.000,0.000,0.000,0.000,0.000,0.000,0.000,0.000,0.000,4.129,6.030,0.000,0.000,0.000,0.000,0.000,0.000,0.000,0.090,0.000,0.000,0.000,0.000,0.000,0.000,0.000,0.000,0.000,0.000]
  Iter 64: LB=-129.970383  UB=33.482235  gap=4.88e+00
  Cut: intercept=-1131.566610, π_x_range=[-828.8637, 583.7705]

=== True-DRO Benders iter 65 ===
  OMP: t₀=-128.928857, UB=33.482235, gap=4.85e+00, x=[0, 0, 0, 0, 0, 0, 0, 0, 0, 0, 0, 0, 0, 0, 0, 0, 0, 0, 0, 0, 0, 0, 0, 0, 0, 0, 1, 0, 0, 1, 0, 0, 0, 0, 0, 0, 0, 0, 0, 0, 0, 0, 0, 0, 0, 0, 0] (0.189s)
  Sub: Z₀=38.263285 [TIME_LIMIT] (15.1s), α=[0.000,0.000,0.000,0.000,0.000,0.000,0.000,0.000,0.000,0.000,0.000,0.000,0.000,0.000,0.000,0.000,0.000,0.000,0.000,0.000,0.000,0.000,0.702,0.562,0.000,0.558,0.704,0.211,6.124,0.498,0.000,0.000,0.000,0.000,0.000,0.021,0.870,0.000,0.000,0.000,0.000,0.000,0.000,0.000,0.000,0.000,0.000]
  Iter 65: LB=-128.928857  UB=33.482235  gap=4.85e+00
  Cut: intercept=-132.374872, π_x_range=[-258.0000, 112.8808]

=== True-DRO Benders iter 66 ===
  OMP: t₀=-127.997369, UB=33.482235, gap=4.82e+00, x=[0, 0, 0, 0, 0, 0, 0, 0, 0, 0, 0, 0, 0, 0, 0, 0, 0, 0, 0, 0, 0, 0, 0, 0, 0, 0, 0, 0, 0, 1, 0, 0, 0, 0, 0, 1, 0, 0, 0, 0, 0, 0, 0, 0, 0, 0, 0] (0.180s)
  Sub: Z₀=39.722020 [LOCAL] (3.0s), α=[0.000,0.000,0.000,0.000,0.000,0.000,0.000,0.000,0.000,0.000,0.000,0.000,0.000,0.000,0.000,0.000,0.000,0.000,0.000,0.000,0.000,0.000,0.000,0.000,0.000,0.000,0.000,0.028,4.061,0.000,0.000,0.000,0.000,0.000,0.000,3.901,2.259,0.000,0.000,0.000,0.000,0.000,0.000,0.000,0.000,0.000,0.000]
  Iter 66: LB=-127.997369  UB=33.482235  gap=4.82e+00
  Cut: intercept=-1098.292183, π_x_range=[-829.8546, 582.8206]

=== True-DRO Benders iter 67 ===
  OMP: t₀=-126.686264, UB=33.482235, gap=4.78e+00, x=[0, 0, 0, 0, 0, 0, 0, 0, 0, 0, 0, 0, 0, 0, 0, 0, 0, 0, 0, 0, 0, 0, 0, 0, 0, 0, 0, 0, 0, 0, 0, 0, 0, 0, 1, 1, 0, 0, 0, 0, 0, 0, 0, 0, 0, 0, 0] (0.255s)
  Sub: Z₀=39.411253 [LOCAL] (0.2s), α=[0.000,0.000,0.000,0.000,0.000,0.000,0.000,0.000,0.000,0.000,0.000,0.000,0.000,0.000,0.000,0.000,0.000,0.000,0.000,0.000,0.000,0.000,0.000,0.000,0.000,0.000,0.000,0.000,2.744,0.000,0.000,0.000,0.000,0.000,2.299,3.546,1.660,0.000,0.000,0.000,0.000,0.000,0.000,0.000,0.000,0.000,0.000]
  Iter 67: LB=-126.686264  UB=33.482235  gap=4.78e+00
  Cut: intercept=-1134.416685, π_x_range=[-830.1877, 591.8598]

=== True-DRO Benders iter 68 ===
  OMP: t₀=-125.387491, UB=33.482235, gap=4.74e+00, x=[0, 0, 0, 0, 0, 0, 0, 0, 0, 0, 0, 0, 0, 0, 0, 0, 0, 1, 0, 0, 0, 0, 0, 0, 0, 0, 0, 0, 0, 0, 0, 0, 1, 0, 0, 0, 0, 0, 0, 0, 0, 0, 0, 0, 0, 0, 0] (0.246s)
  Sub: Z₀=39.560586 [LOCAL] (0.2s), α=[0.000,0.000,0.000,0.000,0.000,0.000,0.000,0.000,0.000,0.000,0.000,0.000,0.000,0.000,0.000,0.000,0.000,0.000,0.000,0.000,0.000,0.000,0.000,0.000,2.929,0.000,0.000,0.000,6.630,0.000,0.000,0.000,0.000,0.000,0.000,0.107,0.583,0.000,0.000,0.000,0.000,0.000,0.000,0.000,0.000,0.000,0.000]
  Iter 68: LB=-125.387491  UB=33.482235  gap=4.74e+00
  Cut: intercept=-1134.441550, π_x_range=[-825.1777, 590.9873]

=== True-DRO Benders iter 69 ===
  OMP: t₀=-123.583632, UB=33.482235, gap=4.69e+00, x=[0, 0, 0, 0, 0, 0, 0, 0, 0, 0, 0, 0, 0, 0, 0, 0, 0, 0, 0, 0, 0, 0, 1, 0, 0, 0, 0, 0, 0, 0, 0, 1, 0, 0, 0, 0, 0, 0, 0, 0, 0, 0, 0, 0, 0, 0, 0] (0.257s)
  Sub: Z₀=37.411088 [LOCAL] (0.3s), α=[0.000,0.000,0.000,0.000,0.000,0.000,0.000,0.000,0.000,0.000,0.000,0.000,0.000,0.000,0.000,0.000,0.000,0.000,0.000,0.000,0.000,0.000,0.325,0.000,6.360,0.000,0.000,0.000,0.000,0.000,0.000,3.564,0.000,0.000,0.000,0.000,0.000,0.000,0.000,0.000,0.000,0.000,0.000,0.000,0.000,0.000,0.000]
  Iter 69: LB=-123.583632  UB=33.482235  gap=4.69e+00
  Cut: intercept=-1108.337926, π_x_range=[-830.7294, 586.7280]

=== True-DRO Benders iter 70 ===
  OMP: t₀=-123.409036, UB=33.482235, gap=4.69e+00, x=[0, 0, 0, 0, 0, 0, 0, 0, 0, 0, 0, 0, 1, 0, 0, 0, 0, 0, 0, 0, 0, 0, 0, 0, 0, 0, 0, 0, 0, 0, 0, 1, 0, 0, 0, 0, 0, 0, 0, 0, 0, 0, 0, 0, 0, 0, 0] (0.240s)
  Sub: Z₀=42.114435 (11.6s), α=[0.000,0.000,0.000,0.000,0.000,0.000,0.000,0.000,0.000,0.000,0.000,0.000,0.000,0.000,0.000,0.000,0.000,0.000,0.000,0.000,0.000,0.000,0.000,0.000,6.305,0.031,0.000,0.000,0.907,0.000,0.000,3.005,0.000,0.000,0.000,0.000,0.000,0.000,0.000,0.000,0.000,0.000,0.000,0.000,0.000,0.000,0.000]
  Iter 70: LB=-123.409036  UB=33.482235  gap=4.69e+00
  Cut: intercept=-21.592506, π_x_range=[-173.9482, 63.7069]
  Sherali-Cut: intercept=3.810023, π_x_range=[-118.2585, 38.3044]

=== True-DRO Benders iter 71 ===
  OMP: t₀=-122.287833, UB=33.482235, gap=4.65e+00, x=[0, 0, 0, 0, 0, 0, 0, 0, 0, 0, 0, 0, 0, 0, 0, 0, 0, 0, 0, 0, 0, 0, 1, 0, 0, 0, 0, 1, 0, 0, 0, 0, 0, 0, 0, 0, 0, 0, 0, 0, 0, 0, 0, 0, 0, 0, 0] (0.105s)
  Sub: Z₀=32.919696 [LOCAL] (0.3s), α=[0.000,0.000,0.000,0.000,0.000,0.000,0.000,0.000,0.000,0.000,0.000,0.000,0.000,0.000,0.000,0.000,0.000,0.000,0.000,0.000,0.000,0.000,0.000,0.000,2.157,0.000,0.000,2.379,5.655,0.000,0.000,0.000,0.000,0.000,0.000,0.000,0.058,0.000,0.000,0.000,0.000,0.000,0.000,0.000,0.000,0.000,0.000]
  Iter 71: LB=-122.287833  UB=33.482235  gap=4.65e+00
  Cut: intercept=-1120.630309, π_x_range=[-827.8441, 584.4524]

=== True-DRO Benders iter 72 ===
  OMP: t₀=-116.921610, UB=33.482235, gap=4.49e+00, x=[0, 0, 0, 0, 0, 0, 0, 0, 0, 0, 0, 0, 0, 0, 0, 0, 0, 0, 0, 0, 0, 0, 1, 0, 0, 0, 0, 0, 0, 0, 0, 0, 0, 0, 1, 0, 0, 0, 0, 0, 0, 0, 0, 0, 0, 0, 0] (0.099s)
  Sub: Z₀=36.597989 [LOCAL] (0.3s), α=[0.000,0.000,0.000,0.000,0.000,0.000,0.000,0.000,0.000,0.000,0.000,0.000,0.000,0.000,0.000,0.000,0.000,0.000,0.000,0.000,0.000,0.000,0.000,0.000,0.000,0.000,0.000,0.000,1.669,0.000,0.000,0.000,0.000,0.000,2.399,2.015,4.166,0.000,0.000,0.000,0.000,0.000,0.000,0.000,0.000,0.000,0.000]
  Iter 72: LB=-116.921610  UB=33.482235  gap=4.49e+00
  Cut: intercept=-1132.663208, π_x_range=[-831.1056, 587.0278]

=== True-DRO Benders iter 73 ===
  OMP: t₀=-116.462570, UB=33.482235, gap=4.48e+00, x=[0, 0, 0, 0, 0, 0, 0, 0, 0, 0, 0, 0, 0, 0, 0, 0, 0, 0, 0, 0, 0, 0, 1, 0, 0, 0, 0, 0, 0, 0, 0, 0, 0, 0, 0, 1, 0, 0, 0, 0, 0, 0, 0, 0, 0, 0, 0] (0.116s)
  Sub: Z₀=39.013167 [LOCAL] (0.3s), α=[0.000,0.000,0.000,0.000,0.000,0.000,0.000,0.000,0.000,0.000,0.000,0.000,0.000,0.000,0.000,0.000,0.000,0.000,0.000,0.000,0.000,0.000,0.000,0.000,2.929,0.000,0.000,0.000,0.000,0.000,0.000,0.000,0.000,0.000,0.000,3.270,4.050,0.000,0.000,0.000,0.000,0.000,0.000,0.000,0.000,0.000,0.000]
  Iter 73: LB=-116.462570  UB=33.482235  gap=4.48e+00
  Cut: intercept=-1131.036470, π_x_range=[-832.0374, 586.9352]

=== True-DRO Benders iter 74 ===
  OMP: t₀=-115.372693, UB=33.482235, gap=4.45e+00, x=[0, 0, 0, 0, 0, 0, 0, 0, 0, 0, 0, 0, 0, 0, 0, 0, 0, 0, 0, 0, 0, 0, 1, 0, 0, 0, 0, 0, 0, 1, 0, 0, 0, 0, 0, 0, 0, 0, 0, 0, 0, 0, 0, 0, 0, 0, 0] (0.114s)
  Sub: Z₀=37.518939 [LOCAL] (0.3s), α=[0.000,0.000,0.000,0.000,0.000,0.000,0.000,0.000,0.000,0.000,0.000,0.000,0.000,0.000,0.000,0.000,0.000,0.000,0.000,0.000,0.000,0.000,5.601,0.054,0.000,0.000,0.000,0.000,2.103,0.100,0.000,0.000,0.000,0.000,0.000,0.403,1.988,0.000,0.000,0.000,0.000,0.000,0.000,0.000,0.000,0.000,0.000]
  Iter 74: LB=-115.372693  UB=33.482235  gap=4.45e+00
  Cut: intercept=-1097.640331, π_x_range=[-829.9768, 580.0372]

=== True-DRO Benders iter 75 ===
  OMP: t₀=-114.323829, UB=33.482235, gap=4.41e+00, x=[0, 0, 0, 0, 0, 0, 0, 0, 0, 0, 0, 0, 0, 0, 0, 0, 0, 0, 0, 0, 0, 0, 0, 1, 0, 0, 0, 1, 0, 0, 0, 0, 0, 0, 0, 0, 0, 0, 0, 0, 0, 0, 0, 0, 0, 0, 0] (0.147s)
  Sub: Z₀=33.874277 [TIME_LIMIT] (15.1s), α=[0.000,0.000,0.000,0.000,0.000,0.000,0.000,0.000,0.000,0.000,0.000,0.000,0.000,0.000,0.000,0.000,0.000,0.000,0.000,0.000,0.000,0.000,0.000,0.000,2.929,0.000,0.000,1.187,3.884,0.000,0.000,0.000,0.000,0.000,0.000,0.320,1.929,0.000,0.000,0.000,0.000,0.000,0.000,0.000,0.000,0.000,0.000]
  Iter 75: LB=-114.323829  UB=33.482235  gap=4.41e+00
  Cut: intercept=-133.732697, π_x_range=[-287.0000, 108.7477]

=== True-DRO Benders iter 76 ===
  OMP: t₀=-111.247144, UB=33.482235, gap=4.32e+00, x=[0, 0, 0, 0, 0, 0, 0, 0, 0, 0, 0, 0, 0, 0, 0, 0, 0, 0, 0, 0, 0, 0, 1, 0, 0, 0, 0, 0, 0, 0, 0, 0, 1, 0, 0, 0, 0, 0, 0, 0, 0, 0, 0, 0, 0, 0, 0] (0.205s)
  Sub: Z₀=38.267675 [LOCAL] (0.2s), α=[0.000,0.000,0.000,0.000,0.000,0.000,0.000,0.000,0.000,0.000,0.000,0.000,0.000,0.000,0.000,0.000,0.000,0.000,0.000,0.000,0.000,0.000,0.000,0.000,3.699,0.000,0.000,0.000,3.611,0.000,0.000,0.000,0.000,0.000,0.000,0.503,2.436,0.000,0.000,0.000,0.000,0.000,0.000,0.000,0.000,0.000,0.000]
  Iter 76: LB=-111.247144  UB=33.482235  gap=4.32e+00
  Cut: intercept=-1123.571972, π_x_range=[-826.0854, 581.2056]

=== True-DRO Benders iter 77 ===
  OMP: t₀=-109.933812, UB=33.482235, gap=4.28e+00, x=[0, 0, 0, 0, 0, 0, 0, 0, 0, 0, 0, 0, 0, 0, 0, 0, 0, 0, 0, 0, 0, 0, 0, 0, 0, 0, 0, 0, 0, 0, 0, 0, 1, 0, 1, 0, 0, 0, 0, 0, 0, 0, 0, 0, 0, 0, 0] (0.233s)
  Sub: Z₀=35.648240 [LOCAL] (0.2s), α=[0.000,0.000,0.000,0.000,0.000,0.000,0.000,0.000,0.000,0.000,0.000,0.000,0.000,0.000,0.000,0.000,0.000,0.000,0.000,0.000,0.000,0.000,0.000,0.000,0.000,0.000,0.000,0.000,6.239,0.000,0.000,0.000,0.000,0.000,2.367,0.726,0.918,0.000,0.000,0.000,0.000,0.000,0.000,0.000,0.000,0.000,0.000]
  Iter 77: LB=-109.933812  UB=33.482235  gap=4.28e+00
  Cut: intercept=-1144.266344, π_x_range=[-825.4915, 590.6330]

=== True-DRO Benders iter 78 ===
  OMP: t₀=-109.296234, UB=33.482235, gap=4.26e+00, x=[0, 0, 0, 0, 0, 0, 0, 0, 0, 0, 0, 0, 0, 0, 0, 0, 0, 0, 0, 0, 0, 0, 0, 0, 0, 0, 0, 1, 0, 0, 0, 0, 0, 0, 1, 0, 0, 0, 0, 0, 0, 0, 0, 0, 0, 0, 0] (0.260s)
  Sub: Z₀=30.560967 [LOCAL] (0.2s), α=[0.000,0.000,0.000,0.000,0.000,0.000,0.000,0.000,0.000,0.000,0.000,0.000,0.000,0.000,0.000,0.000,0.000,0.000,0.000,0.000,0.000,0.000,0.000,0.000,0.000,0.000,0.000,4.165,6.084,0.000,0.000,0.000,0.000,0.000,0.000,0.000,0.000,0.000,0.000,0.000,0.000,0.000,0.000,0.000,0.000,0.000,0.000]
  Iter 78: LB=-109.296234  UB=33.482235  gap=4.26e+00
  Cut: intercept=-1140.520828, π_x_range=[-825.7932, 592.6371]

=== True-DRO Benders iter 79 ===
  OMP: t₀=-108.952644, UB=33.482235, gap=4.25e+00, x=[0, 0, 0, 0, 0, 0, 0, 0, 0, 0, 0, 0, 1, 0, 0, 0, 0, 0, 0, 0, 0, 0, 0, 0, 0, 0, 0, 0, 0, 0, 0, 0, 1, 0, 0, 0, 0, 0, 0, 0, 0, 0, 0, 0, 0, 0, 0] (0.265s)
  Sub: Z₀=39.560586 [LOCAL] (0.2s), α=[0.000,0.000,0.000,0.000,0.000,0.000,0.000,0.000,0.000,0.000,0.000,0.000,0.000,0.000,0.000,0.000,0.000,0.000,0.000,0.000,0.000,0.000,0.000,0.000,2.929,0.000,0.000,0.000,6.630,0.000,0.000,0.000,0.000,0.000,0.000,0.095,0.596,0.000,0.000,0.000,0.000,0.000,0.000,0.000,0.000,0.000,0.000]
  Iter 79: LB=-108.952644  UB=33.482235  gap=4.25e+00
  Cut: intercept=-1132.599901, π_x_range=[-825.1765, 590.9894]

=== True-DRO Benders iter 80 ===
  OMP: t₀=-104.070495, UB=33.482235, gap=4.11e+00, x=[0, 0, 0, 0, 0, 0, 0, 0, 0, 0, 0, 0, 0, 0, 0, 0, 0, 0, 0, 0, 0, 0, 0, 0, 0, 0, 0, 0, 0, 0, 0, 0, 1, 1, 0, 0, 0, 0, 0, 0, 0, 0, 0, 0, 0, 0, 0] (0.258s)
  Sub: Z₀=40.041552 [TIME_LIMIT] (15.1s), α=[0.000,0.000,0.000,0.000,0.000,0.000,0.000,0.000,0.000,0.000,0.000,0.000,0.000,0.000,0.000,0.000,0.000,0.000,0.000,0.000,0.000,0.000,0.000,0.000,4.417,0.000,0.000,0.000,0.000,0.000,0.000,0.000,3.586,0.068,0.000,0.558,1.620,0.000,0.000,0.000,0.000,0.000,0.000,0.000,0.000,0.000,0.000]
  Iter 80: LB=-104.070495  UB=33.482235  gap=4.11e+00
  Cut: intercept=-158.775234, π_x_range=[-253.0000, 125.6652]

=== True-DRO Benders iter 81 ===
  OMP: t₀=-101.780090, UB=33.482235, gap=4.04e+00, x=[0, 0, 0, 0, 0, 0, 0, 0, 0, 0, 0, 0, 0, 0, 0, 0, 0, 0, 0, 0, 0, 0, 1, 0, 1, 0, 0, 0, 0, 0, 0, 0, 0, 0, 0, 0, 0, 0, 0, 0, 0, 0, 0, 0, 0, 0, 0] (0.273s)
  Sub: Z₀=37.808619 [LOCAL] (0.2s), α=[0.000,0.000,0.000,0.000,0.000,0.000,0.000,0.000,0.000,0.000,0.000,0.000,0.000,0.000,0.000,0.000,0.000,0.000,0.000,0.000,0.000,0.000,0.000,0.000,9.184,0.000,0.000,0.000,0.000,0.000,0.000,0.000,0.000,0.000,0.000,0.113,0.953,0.000,0.000,0.000,0.000,0.000,0.000,0.000,0.000,0.000,0.000]
  Iter 81: LB=-101.780090  UB=33.482235  gap=4.04e+00
  Cut: intercept=-1131.393765, π_x_range=[-831.4822, 587.3042]

=== True-DRO Benders iter 82 ===
  OMP: t₀=-98.933637, UB=33.482235, gap=3.95e+00, x=[0, 0, 0, 0, 0, 0, 0, 0, 0, 0, 0, 0, 0, 0, 0, 0, 0, 0, 0, 0, 0, 0, 0, 0, 0, 0, 0, 1, 0, 0, 0, 0, 0, 0, 0, 1, 0, 0, 0, 0, 0, 0, 0, 0, 0, 0, 0] (0.256s)
  Sub: Z₀=30.491827 [LOCAL] (0.2s), α=[0.000,0.000,0.000,0.000,0.000,0.000,0.000,0.000,0.000,0.000,0.000,0.000,0.000,0.000,0.000,0.000,0.000,0.000,0.000,0.000,0.000,0.000,0.000,0.000,0.533,0.000,0.000,3.025,5.842,0.000,0.000,0.000,0.000,0.000,0.000,0.809,0.040,0.000,0.000,0.000,0.000,0.000,0.000,0.000,0.000,0.000,0.000]
  Iter 82: LB=-98.933637  UB=33.482235  gap=3.95e+00
  Cut: intercept=-1128.771432, π_x_range=[-824.9171, 580.6804]

=== True-DRO Benders iter 83 ===
  OMP: t₀=-97.749937, UB=33.482235, gap=3.92e+00, x=[0, 0, 0, 0, 0, 0, 0, 0, 0, 0, 0, 0, 0, 0, 0, 0, 0, 0, 0, 0, 0, 0, 1, 0, 0, 1, 0, 0, 0, 0, 0, 0, 0, 0, 0, 0, 0, 0, 0, 0, 0, 0, 0, 0, 0, 0, 0] (0.224s)
  Sub: Z₀=38.029528 [LOCAL] (0.7s), α=[0.000,0.000,0.000,0.000,0.000,0.000,0.000,0.000,0.000,0.000,0.000,0.000,0.000,0.000,0.000,0.000,0.000,0.000,0.000,0.000,0.000,0.000,3.135,0.000,6.727,0.387,0.000,0.000,0.000,0.000,0.000,0.000,0.000,0.000,0.000,0.000,0.000,0.000,0.000,0.000,0.000,0.000,0.000,0.000,0.000,0.000,0.000]
  Iter 83: LB=-97.749937  UB=33.482235  gap=3.92e+00
  Cut: intercept=-1137.558882, π_x_range=[-830.1128, 590.6657]

=== True-DRO Benders iter 84 ===
  OMP: t₀=-97.275937, UB=33.482235, gap=3.91e+00, x=[0, 0, 0, 0, 0, 0, 0, 0, 0, 0, 0, 0, 0, 0, 0, 1, 0, 0, 0, 0, 0, 0, 1, 0, 0, 0, 0, 0, 0, 0, 0, 0, 0, 0, 0, 0, 0, 0, 0, 0, 0, 0, 0, 0, 0, 0, 0] (0.218s)
  Sub: Z₀=40.348621 [LOCAL] (0.2s), α=[0.000,0.000,0.000,0.000,0.000,0.000,0.000,0.000,0.000,0.000,0.000,0.000,0.000,0.000,0.000,0.000,0.000,0.000,0.000,0.000,0.000,0.000,3.469,0.000,4.379,0.000,0.000,0.000,0.000,0.000,0.000,0.000,0.000,0.000,0.000,2.244,0.157,0.000,0.000,0.000,0.000,0.000,0.000,0.000,0.000,0.000,0.000]
  Iter 84: LB=-97.275937  UB=33.482235  gap=3.91e+00
  Cut: intercept=-1084.962791, π_x_range=[-830.0630, 584.7444]

=== True-DRO Benders iter 85 ===
  OMP: t₀=-97.039214, UB=33.482235, gap=3.90e+00, x=[0, 0, 0, 0, 0, 0, 0, 0, 0, 0, 0, 0, 0, 0, 0, 0, 0, 0, 0, 0, 0, 0, 0, 0, 0, 0, 0, 0, 0, 0, 0, 0, 1, 0, 0, 1, 0, 0, 0, 0, 0, 0, 0, 0, 0, 0, 0] (0.231s)
  Sub: Z₀=39.529864 [TIME_LIMIT] (15.2s), α=[0.000,0.000,0.000,0.000,0.000,0.000,0.000,0.000,0.000,0.000,0.000,0.000,0.000,0.000,0.000,0.000,0.000,0.000,0.000,0.000,0.000,0.000,0.000,0.000,1.588,0.000,0.000,0.000,3.483,0.000,0.000,0.000,0.000,0.000,0.000,3.168,2.009,0.000,0.000,0.000,0.000,0.000,0.000,0.000,0.000,0.000,0.000]
  Iter 85: LB=-97.039214  UB=33.482235  gap=3.90e+00
  Cut: intercept=-151.973900, π_x_range=[-199.9570, 174.0917]

=== True-DRO Benders iter 86 ===
  OMP: t₀=-90.690903, UB=33.482235, gap=3.71e+00, x=[0, 0, 0, 0, 0, 0, 0, 0, 0, 0, 0, 0, 0, 0, 1, 0, 0, 0, 0, 0, 0, 0, 1, 0, 0, 0, 0, 0, 0, 0, 0, 0, 0, 0, 0, 0, 0, 0, 0, 0, 0, 0, 0, 0, 0, 0, 0] (0.264s)
  Sub: Z₀=40.395670 [LOCAL] (0.2s), α=[0.000,0.000,0.000,0.000,0.000,0.000,0.000,0.000,0.000,0.000,0.000,0.000,0.000,0.000,0.000,0.000,0.000,0.000,0.000,0.000,0.000,0.000,4.199,0.000,2.929,0.000,0.000,0.000,0.730,0.000,0.000,0.000,0.000,0.000,0.000,0.234,2.157,0.000,0.000,0.000,0.000,0.000,0.000,0.000,0.000,0.000,0.000]
  Iter 86: LB=-90.690903  UB=33.482235  gap=3.71e+00
  Cut: intercept=-1133.836904, π_x_range=[-830.2967, 592.0662]

=== True-DRO Benders iter 87 ===
  OMP: t₀=-87.275864, UB=33.482235, gap=3.61e+00, x=[0, 0, 0, 0, 0, 0, 0, 0, 0, 0, 1, 0, 0, 0, 0, 0, 0, 0, 0, 0, 0, 0, 0, 0, 0, 0, 1, 0, 0, 0, 0, 0, 0, 0, 0, 0, 0, 0, 0, 0, 0, 0, 0, 0, 0, 0, 0] (0.272s)
  Sub: Z₀=36.804164 [LOCAL] (0.2s), α=[0.000,0.000,0.000,0.000,0.000,0.000,0.000,0.000,0.000,0.000,0.000,0.000,0.000,0.000,0.000,0.000,0.000,0.000,0.000,0.000,0.000,0.000,4.451,0.000,0.000,0.000,0.000,0.000,5.798,0.000,0.000,0.000,0.000,0.000,0.000,0.000,0.000,0.000,0.000,0.000,0.000,0.000,0.000,0.000,0.000,0.000,0.000]
  Iter 87: LB=-87.275864  UB=33.482235  gap=3.61e+00
  Cut: intercept=-1104.301452, π_x_range=[-826.8125, 588.0633]

=== True-DRO Benders iter 88 ===
  OMP: t₀=-86.666709, UB=33.482235, gap=3.59e+00, x=[0, 0, 0, 0, 0, 0, 0, 0, 0, 0, 0, 0, 0, 0, 0, 0, 0, 0, 0, 0, 0, 0, 0, 0, 0, 1, 0, 0, 0, 1, 0, 0, 0, 0, 0, 0, 0, 0, 0, 0, 0, 0, 0, 0, 0, 0, 0] (0.271s)
  Sub: Z₀=38.655899 [LOCAL] (0.2s), α=[0.000,0.000,0.000,0.000,0.000,0.000,0.000,0.000,0.000,0.000,0.000,0.000,0.000,0.000,0.000,0.000,0.000,0.000,0.000,0.000,0.000,0.000,0.160,0.090,0.000,3.010,0.000,0.038,5.283,0.100,0.000,0.000,0.000,0.000,0.000,0.000,1.568,0.000,0.000,0.000,0.000,0.000,0.000,0.000,0.000,0.000,0.000]
  Iter 88: LB=-86.666709  UB=33.482235  gap=3.59e+00
  Cut: intercept=-1101.710023, π_x_range=[-829.3135, 587.6114]

=== True-DRO Benders iter 89 ===
  OMP: t₀=-86.192708, UB=33.482235, gap=3.57e+00, x=[0, 0, 0, 0, 0, 0, 0, 0, 0, 0, 0, 0, 0, 0, 0, 1, 0, 0, 0, 0, 0, 0, 0, 0, 0, 0, 0, 0, 0, 1, 0, 0, 0, 0, 0, 0, 0, 0, 0, 0, 0, 0, 0, 0, 0, 0, 0] (0.279s)
  Sub: Z₀=41.535079 [LOCAL] (3.5s), α=[0.000,0.000,0.000,0.000,0.000,0.000,0.000,0.000,0.000,0.000,0.000,0.000,0.000,0.000,0.000,0.000,0.000,0.000,0.000,0.000,0.000,0.000,1.263,0.000,0.000,0.000,0.000,1.075,5.260,0.100,0.000,0.000,0.000,0.000,0.000,1.087,1.464,0.000,0.000,0.000,0.000,0.000,0.000,0.000,0.000,0.000,0.000]
  Iter 89: LB=-86.192708  UB=33.482235  gap=3.57e+00
  Cut: intercept=-1043.872053, π_x_range=[-828.4998, 550.3754]

=== True-DRO Benders iter 90 ===
  OMP: t₀=-83.159547, UB=33.482235, gap=3.48e+00, x=[0, 0, 0, 0, 0, 0, 0, 0, 0, 0, 0, 1, 0, 0, 0, 0, 0, 0, 0, 0, 0, 0, 0, 0, 0, 0, 0, 1, 0, 0, 0, 0, 0, 0, 0, 0, 0, 0, 0, 0, 0, 0, 0, 0, 0, 0, 0] (0.288s)
  Sub: Z₀=36.361864 [TIME_LIMIT] (15.1s), α=[0.000,0.000,0.000,0.000,0.000,0.000,0.000,0.000,0.000,0.000,0.000,0.000,0.000,0.000,0.000,0.000,0.000,0.000,0.000,0.000,0.000,0.000,0.000,0.000,2.396,0.000,0.000,0.727,6.968,0.000,0.000,0.000,0.000,0.000,0.000,0.000,0.157,0.000,0.000,0.000,0.000,0.000,0.000,0.000,0.000,0.000,0.000]
  Iter 90: LB=-83.159547  UB=33.482235  gap=3.48e+00
  Cut: intercept=-91.792146, π_x_range=[-269.0000, 113.9323]

=== True-DRO Benders iter 91 ===
  OMP: t₀=-82.737562, UB=33.482235, gap=3.47e+00, x=[0, 0, 0, 0, 0, 0, 0, 0, 0, 0, 0, 0, 0, 0, 0, 0, 0, 0, 0, 0, 0, 0, 0, 0, 1, 0, 0, 0, 0, 0, 0, 0, 0, 0, 1, 0, 0, 0, 0, 0, 0, 0, 0, 0, 0, 0, 0] (0.339s)
  Sub: Z₀=37.472050 [LOCAL] (0.2s), α=[0.000,0.000,0.000,0.000,0.000,0.000,0.000,0.000,0.000,0.000,0.000,0.000,0.000,0.000,0.000,0.000,0.000,0.000,0.000,0.000,0.000,0.000,0.023,0.021,1.348,0.000,0.000,0.036,5.081,0.000,0.000,0.000,0.000,0.000,1.261,0.370,2.109,0.000,0.000,0.000,0.000,0.000,0.000,0.000,0.000,0.000,0.000]
  Iter 91: LB=-82.737562  UB=33.482235  gap=3.47e+00
  Cut: intercept=-1128.807529, π_x_range=[-829.0965, 583.2782]

=== True-DRO Benders iter 92 ===
  OMP: t₀=-81.091731, UB=33.482235, gap=3.42e+00, x=[0, 0, 0, 0, 0, 0, 0, 0, 0, 0, 0, 0, 0, 0, 0, 0, 0, 0, 0, 0, 0, 0, 1, 0, 0, 0, 0, 0, 1, 0, 0, 0, 0, 0, 0, 0, 0, 0, 0, 0, 0, 0, 0, 0, 0, 0, 0] (0.348s)
  Sub: Z₀=39.953504 [LOCAL] (0.2s), α=[0.000,0.000,0.000,0.000,0.000,0.000,0.000,0.000,0.000,0.000,0.000,0.000,0.000,0.000,0.000,0.000,0.000,0.000,0.000,0.000,0.000,0.000,0.000,0.000,4.795,0.000,0.000,0.000,1.197,0.000,0.000,0.000,0.000,0.000,0.000,1.039,3.218,0.000,0.000,0.000,0.000,0.000,0.000,0.000,0.000,0.000,0.000]
  Iter 92: LB=-81.091731  UB=33.482235  gap=3.42e+00
  Cut: intercept=-1142.049264, π_x_range=[-831.7367, 596.4280]

=== True-DRO Benders iter 93 ===
  OMP: t₀=-79.607675, UB=33.482235, gap=3.38e+00, x=[0, 0, 0, 0, 0, 0, 0, 0, 0, 0, 0, 0, 0, 0, 1, 0, 0, 0, 0, 0, 0, 0, 0, 0, 0, 0, 0, 0, 0, 1, 0, 0, 0, 0, 0, 0, 0, 0, 0, 0, 0, 0, 0, 0, 0, 0, 0] (0.331s)
  Sub: Z₀=41.609285 [LOCAL] (3.6s), α=[0.000,0.000,0.000,0.000,0.000,0.000,0.000,0.000,0.000,0.000,0.000,0.000,0.000,0.000,0.000,0.000,0.000,0.000,0.000,0.000,0.000,0.000,1.257,0.006,0.000,0.080,0.000,1.013,5.321,0.100,0.000,0.000,0.000,0.000,0.000,0.396,2.075,0.000,0.000,0.000,0.000,0.000,0.000,0.000,0.000,0.000,0.000]
  Iter 93: LB=-79.607675  UB=33.482235  gap=3.38e+00
  Cut: intercept=-1090.980464, π_x_range=[-828.4679, 587.0396]

=== True-DRO Benders iter 94 ===
  OMP: t₀=-77.494431, UB=33.482235, gap=3.31e+00, x=[0, 0, 0, 0, 0, 0, 0, 0, 0, 0, 0, 0, 0, 0, 0, 0, 0, 0, 0, 0, 0, 0, 0, 0, 0, 0, 1, 0, 0, 0, 0, 0, 1, 0, 0, 0, 0, 0, 0, 0, 0, 0, 0, 0, 0, 0, 0] (0.320s)
  Sub: Z₀=36.265112 [LOCAL] (0.2s), α=[0.000,0.000,0.000,0.000,0.000,0.000,0.000,0.000,0.000,0.000,0.000,0.000,0.000,0.000,0.000,0.000,0.000,0.000,0.000,0.000,0.000,0.000,0.000,0.000,5.163,0.008,0.000,0.000,5.078,0.000,0.000,0.000,0.000,0.000,0.000,0.000,0.000,0.000,0.000,0.000,0.000,0.000,0.000,0.000,0.000,0.000,0.000]
  Iter 94: LB=-77.494431  UB=33.482235  gap=3.31e+00
  Cut: intercept=-1147.737194, π_x_range=[-825.8205, 592.5670]

=== True-DRO Benders iter 95 ===
  OMP: t₀=-77.144453, UB=33.482235, gap=3.30e+00, x=[0, 0, 0, 0, 0, 0, 0, 0, 0, 0, 0, 1, 0, 0, 0, 0, 0, 0, 0, 0, 0, 0, 1, 0, 0, 0, 0, 0, 0, 0, 0, 0, 0, 0, 0, 0, 0, 0, 0, 0, 0, 0, 0, 0, 0, 0, 0] (0.334s)
  Sub: Z₀=40.583949 [TIME_LIMIT] (15.1s), α=[0.000,0.000,0.000,0.000,0.000,0.000,0.000,0.000,0.000,0.000,0.000,0.000,0.000,0.000,0.000,0.000,0.000,0.000,0.000,0.000,0.000,0.000,3.552,0.000,3.618,0.000,0.000,0.000,0.000,0.000,0.000,0.000,0.000,0.000,0.000,0.000,3.080,0.000,0.000,0.000,0.000,0.000,0.000,0.000,0.000,0.000,0.000]
  Iter 95: LB=-77.144453  UB=33.482235  gap=3.30e+00
  Cut: intercept=-11.960738, π_x_range=[-248.0000, 46.2288]

=== True-DRO Benders iter 96 ===
  OMP: t₀=-76.801907, UB=33.482235, gap=3.29e+00, x=[0, 0, 0, 0, 0, 0, 0, 0, 0, 0, 0, 0, 0, 0, 0, 0, 0, 0, 0, 0, 0, 0, 0, 1, 0, 0, 0, 0, 0, 0, 0, 0, 1, 0, 0, 0, 0, 0, 0, 0, 0, 0, 0, 0, 0, 0, 0] (0.310s)
  Sub: Z₀=34.222765 [LOCAL] (0.2s), α=[0.000,0.000,0.000,0.000,0.000,0.000,0.000,0.000,0.000,0.000,0.000,0.000,0.000,0.000,0.000,0.000,0.000,0.000,0.000,0.000,0.000,0.000,0.000,0.000,4.139,0.000,0.000,0.000,2.355,0.000,0.000,0.000,0.390,0.000,0.000,0.699,2.666,0.000,0.000,0.000,0.000,0.000,0.000,0.000,0.000,0.000,0.000]
  Iter 96: LB=-76.801907  UB=33.482235  gap=3.29e+00
  Cut: intercept=-1126.435528, π_x_range=[-823.7814, 584.5668]

=== True-DRO Benders iter 97 ===
  OMP: t₀=-76.660087, UB=33.482235, gap=3.29e+00, x=[0, 0, 0, 0, 0, 0, 0, 0, 0, 0, 0, 0, 0, 0, 0, 0, 0, 0, 0, 0, 0, 0, 0, 0, 1, 0, 0, 0, 0, 0, 1, 0, 0, 0, 0, 0, 0, 0, 0, 0, 0, 0, 0, 0, 0, 0, 0] (0.297s)
  Sub: Z₀=37.653450 [LOCAL] (0.2s), α=[0.000,0.000,0.000,0.000,0.000,0.000,0.000,0.000,0.000,0.000,0.000,0.000,0.000,0.000,0.000,0.000,0.000,0.000,0.000,0.000,0.000,0.000,0.000,0.000,7.383,0.000,0.000,0.000,0.262,0.000,2.605,0.000,0.000,0.000,0.000,0.000,0.000,0.000,0.000,0.000,0.000,0.000,0.000,0.000,0.000,0.000,0.000]
  Iter 97: LB=-76.660087  UB=33.482235  gap=3.29e+00
  Cut: intercept=-1138.791019, π_x_range=[-831.0305, 588.6494]

=== True-DRO Benders iter 98 ===
  OMP: t₀=-75.090287, UB=33.482235, gap=3.24e+00, x=[0, 0, 0, 0, 0, 0, 0, 0, 0, 0, 0, 0, 0, 0, 0, 0, 0, 0, 0, 0, 0, 0, 0, 0, 0, 1, 0, 0, 0, 0, 0, 0, 0, 0, 1, 0, 0, 0, 0, 0, 0, 0, 0, 0, 0, 0, 0] (0.280s)
  Sub: Z₀=38.998450 [LOCAL] (0.2s), α=[0.000,0.000,0.000,0.000,0.000,0.000,0.000,0.000,0.000,0.000,0.000,0.000,0.000,0.000,0.000,0.000,0.000,0.000,0.000,0.000,0.000,0.000,0.036,0.030,0.374,2.115,0.000,0.037,5.100,0.000,0.000,0.000,0.000,0.000,2.400,0.000,0.157,0.000,0.000,0.000,0.000,0.000,0.000,0.000,0.000,0.000,0.000]
  Iter 98: LB=-75.090287  UB=33.482235  gap=3.24e+00
  Cut: intercept=-1126.277802, π_x_range=[-829.0476, 585.5322]

=== True-DRO Benders iter 99 ===
  OMP: t₀=-74.766599, UB=33.482235, gap=3.23e+00, x=[0, 0, 0, 0, 0, 0, 0, 0, 0, 0, 0, 0, 0, 0, 0, 0, 0, 0, 0, 0, 0, 0, 0, 0, 0, 0, 0, 0, 0, 1, 0, 0, 0, 1, 0, 0, 0, 0, 0, 0, 0, 0, 0, 0, 0, 0, 0] (0.277s)
  Sub: Z₀=40.515691 [LOCAL] (0.2s), α=[0.000,0.000,0.000,0.000,0.000,0.000,0.000,0.000,0.000,0.000,0.000,0.000,0.000,0.000,0.000,0.000,0.000,0.000,0.000,0.000,0.000,0.000,0.000,0.000,0.000,0.400,0.000,0.000,2.089,3.317,0.000,1.652,0.000,0.000,0.000,0.334,2.457,0.000,0.000,0.000,0.000,0.000,0.000,0.000,0.000,0.000,0.000]
  Iter 99: LB=-74.766599  UB=33.482235  gap=3.23e+00
  Cut: intercept=-1067.189976, π_x_range=[-829.3154, 572.2868]

=== True-DRO Benders iter 100 ===
  OMP: t₀=-74.616286, UB=33.482235, gap=3.23e+00, x=[0, 0, 0, 0, 0, 0, 0, 0, 0, 0, 0, 0, 0, 0, 0, 1, 0, 0, 0, 0, 0, 0, 0, 0, 0, 0, 0, 0, 0, 0, 0, 0, 0, 0, 1, 0, 0, 0, 0, 0, 0, 0, 0, 0, 0, 0, 0] (0.307s)
  Sub: Z₀=40.396398 [TIME_LIMIT] (15.1s), α=[0.000,0.000,0.000,0.000,0.000,0.000,0.000,0.000,0.000,0.000,0.000,0.000,0.000,0.000,0.000,0.000,0.000,0.000,0.000,0.000,0.000,0.000,0.283,0.247,0.142,0.000,0.000,0.000,3.275,0.000,0.000,0.809,0.000,0.000,2.483,2.955,0.055,0.000,0.000,0.000,0.000,0.000,0.000,0.000,0.000,0.000,0.000]
  Iter 100: LB=-74.616286  UB=33.482235  gap=3.23e+00
  Cut: intercept=-114.057500, π_x_range=[-250.0000, 122.9106]

=== True-DRO Benders iter 101 ===
  OMP: t₀=-74.264060, UB=33.482235, gap=3.22e+00, x=[0, 0, 0, 0, 0, 0, 0, 0, 0, 0, 0, 0, 0, 0, 0, 0, 0, 0, 0, 0, 0, 0, 1, 0, 0, 0, 0, 0, 0, 0, 0, 0, 0, 1, 0, 0, 0, 0, 0, 0, 0, 0, 0, 0, 0, 0, 0] (0.393s)
  Sub: Z₀=40.253978 [LOCAL] (0.2s), α=[0.000,0.000,0.000,0.000,0.000,0.000,0.000,0.000,0.000,0.000,0.000,0.000,0.000,0.000,0.000,0.000,0.000,0.000,0.000,0.000,0.000,0.000,0.000,0.000,5.394,0.000,0.000,0.000,0.000,0.000,0.000,0.000,0.000,0.000,0.000,1.276,3.580,0.000,0.000,0.000,0.000,0.000,0.000,0.000,0.000,0.000,0.000]
  Iter 101: LB=-74.264060  UB=33.482235  gap=3.22e+00
  Cut: intercept=-1117.809481, π_x_range=[-831.5673, 584.3504]

=== True-DRO Benders iter 102 ===
  OMP: t₀=-74.098867, UB=33.482235, gap=3.21e+00, x=[0, 0, 0, 0, 0, 0, 0, 0, 0, 0, 0, 0, 0, 0, 0, 0, 0, 0, 0, 0, 0, 0, 0, 0, 0, 1, 0, 0, 0, 0, 1, 0, 0, 0, 0, 0, 0, 0, 0, 0, 0, 0, 0, 0, 0, 0, 0] (0.398s)
  Sub: Z₀=40.525795 [LOCAL] (0.2s), α=[0.000,0.000,0.000,0.000,0.000,0.000,0.000,0.000,0.000,0.000,0.000,0.000,0.000,0.000,0.000,0.000,0.000,0.000,0.000,0.000,0.000,0.000,0.000,0.000,6.235,0.000,0.000,0.026,3.830,0.000,0.000,0.000,0.000,0.000,0.000,0.000,0.157,0.000,0.000,0.000,0.000,0.000,0.000,0.000,0.000,0.000,0.000]
  Iter 102: LB=-74.098867  UB=33.482235  gap=3.21e+00
  Cut: intercept=-1130.623649, π_x_range=[-829.7793, 591.9018]

=== True-DRO Benders iter 103 ===
  OMP: t₀=-73.624867, UB=33.482235, gap=3.20e+00, x=[0, 0, 0, 0, 0, 0, 0, 0, 0, 0, 0, 0, 0, 0, 0, 1, 0, 0, 0, 0, 0, 0, 0, 0, 0, 0, 0, 0, 0, 0, 1, 0, 0, 0, 0, 0, 0, 0, 0, 0, 0, 0, 0, 0, 0, 0, 0] (0.295s)
  Sub: Z₀=41.001063 [LOCAL] (0.2s), α=[0.000,0.000,0.000,0.000,0.000,0.000,0.000,0.000,0.000,0.000,0.000,0.000,0.000,0.000,0.000,0.000,0.000,0.000,0.000,0.000,0.000,0.000,0.000,0.000,5.638,0.000,0.000,0.000,2.744,0.000,0.870,0.000,0.000,0.000,0.000,0.000,0.997,0.000,0.000,0.000,0.000,0.000,0.000,0.000,0.000,0.000,0.000]
  Iter 103: LB=-73.624867  UB=33.482235  gap=3.20e+00
  Cut: intercept=-1069.164370, π_x_range=[-830.2282, 571.7793]

=== True-DRO Benders iter 104 ===
  OMP: t₀=-73.131820, UB=33.482235, gap=3.18e+00, x=[0, 0, 0, 0, 0, 0, 0, 0, 0, 0, 0, 0, 0, 0, 0, 0, 0, 0, 0, 0, 0, 0, 0, 0, 0, 0, 1, 0, 0, 0, 1, 0, 0, 0, 0, 0, 0, 0, 0, 0, 0, 0, 0, 0, 0, 0, 0] (0.291s)
  Sub: Z₀=40.329286 [LOCAL] (0.3s), α=[0.000,0.000,0.000,0.000,0.000,0.000,0.000,0.000,0.000,0.000,0.000,0.000,0.000,0.000,0.000,0.000,0.000,0.000,0.000,0.000,0.000,0.000,0.000,0.000,6.378,0.000,0.000,0.004,2.802,0.000,1.065,0.000,0.000,0.000,0.000,0.000,0.000,0.000,0.000,0.000,0.000,0.000,0.000,0.000,0.000,0.000,0.000]
  Iter 104: LB=-73.131820  UB=33.482235  gap=3.18e+00
  Cut: intercept=-1109.409155, π_x_range=[-829.5265, 581.7595]

=== True-DRO Benders iter 105 ===
  OMP: t₀=-72.403472, UB=33.482235, gap=3.16e+00, x=[0, 0, 0, 0, 0, 0, 0, 0, 0, 1, 0, 0, 0, 0, 0, 0, 0, 0, 0, 0, 0, 0, 1, 0, 0, 0, 0, 0, 0, 0, 0, 0, 0, 0, 0, 0, 0, 0, 0, 0, 0, 0, 0, 0, 0, 0, 0] (0.311s)
  Sub: Z₀=40.583962 [TIME_LIMIT] (15.1s), α=[0.000,0.000,0.000,0.000,0.000,0.000,0.000,0.000,0.000,0.000,0.000,0.000,0.000,0.000,0.000,0.000,0.000,0.000,0.000,0.000,0.000,0.000,3.552,0.000,3.618,0.000,0.000,0.000,0.000,0.000,0.000,0.000,0.000,0.000,0.000,0.779,2.301,0.000,0.000,0.000,0.000,0.000,0.000,0.000,0.000,0.000,0.000]
  Iter 105: LB=-72.403472  UB=33.482235  gap=3.16e+00
  Cut: intercept=-99.564825, π_x_range=[-244.2874, 91.8454]

=== True-DRO Benders iter 106 ===
  OMP: t₀=-72.403488, UB=33.482235, gap=3.16e+00, x=[0, 0, 0, 0, 0, 0, 0, 0, 0, 0, 0, 0, 0, 0, 0, 0, 0, 1, 0, 0, 0, 0, 1, 0, 0, 0, 0, 0, 0, 0, 0, 0, 0, 0, 0, 0, 0, 0, 0, 0, 0, 0, 0, 0, 0, 0, 0] (0.352s)
  Sub: Z₀=40.577014 [LOCAL] (0.2s), α=[0.000,0.000,0.000,0.000,0.000,0.000,0.000,0.000,0.000,0.000,0.000,0.000,0.000,0.000,0.000,0.000,0.000,0.000,0.000,0.000,0.000,0.000,3.469,0.000,3.659,0.000,0.000,0.000,0.000,0.000,0.000,0.000,0.000,0.000,0.000,0.711,2.410,0.000,0.000,0.000,0.000,0.000,0.000,0.000,0.000,0.000,0.000]
  Iter 106: LB=-72.403488  UB=33.482235  gap=3.16e+00
  Cut: intercept=-1116.941928, π_x_range=[-830.6958, 583.0799]

=== True-DRO Benders iter 107 ===
  OMP: t₀=-72.403444, UB=33.482235, gap=3.16e+00, x=[0, 0, 0, 0, 0, 0, 0, 0, 0, 0, 0, 0, 0, 0, 0, 0, 1, 0, 0, 0, 0, 0, 1, 0, 0, 0, 0, 0, 0, 0, 0, 0, 0, 0, 0, 0, 0, 0, 0, 0, 0, 0, 0, 0, 0, 0, 0] (0.336s)
  Sub: Z₀=40.577014 [LOCAL] (0.2s), α=[0.000,0.000,0.000,0.000,0.000,0.000,0.000,0.000,0.000,0.000,0.000,0.000,0.000,0.000,0.000,0.000,0.000,0.000,0.000,0.000,0.000,0.000,3.469,0.000,3.659,0.000,0.000,0.000,0.000,0.000,0.000,0.000,0.000,0.000,0.000,0.549,2.573,0.000,0.000,0.000,0.000,0.000,0.000,0.000,0.000,0.000,0.000]
  Iter 107: LB=-72.403444  UB=33.482235  gap=3.16e+00
  Cut: intercept=-1086.864722, π_x_range=[-830.6578, 583.0340]

=== True-DRO Benders iter 108 ===
  OMP: t₀=-72.403348, UB=33.482235, gap=3.16e+00, x=[0, 0, 0, 0, 0, 0, 0, 0, 0, 0, 0, 0, 1, 0, 0, 0, 0, 0, 0, 0, 0, 0, 1, 0, 0, 0, 0, 0, 0, 0, 0, 0, 0, 0, 0, 0, 0, 0, 0, 0, 0, 0, 0, 0, 0, 0, 0] (0.328s)
  Sub: Z₀=40.574593 [LOCAL] (0.2s), α=[0.000,0.000,0.000,0.000,0.000,0.000,0.000,0.000,0.000,0.000,0.000,0.000,0.000,0.000,0.000,0.000,0.000,0.000,0.000,0.000,0.000,0.000,3.469,0.000,3.674,0.000,0.000,0.000,0.000,0.000,0.000,0.000,0.000,0.000,0.000,1.032,2.074,0.000,0.000,0.000,0.000,0.000,0.000,0.000,0.000,0.000,0.000]
  Iter 108: LB=-72.403348  UB=33.482235  gap=3.16e+00
  Cut: intercept=-1120.574769, π_x_range=[-830.6920, 583.0260]

=== True-DRO Benders iter 109 ===
  OMP: t₀=-71.517216, UB=33.482235, gap=3.14e+00, x=[0, 0, 0, 0, 0, 0, 0, 0, 0, 0, 1, 0, 0, 0, 0, 0, 0, 0, 0, 0, 0, 0, 0, 0, 0, 0, 0, 0, 0, 0, 0, 0, 0, 1, 0, 0, 0, 0, 0, 0, 0, 0, 0, 0, 0, 0, 0] (0.355s)
  Sub: Z₀=38.951072 [LOCAL] (0.2s), α=[0.000,0.000,0.000,0.000,0.000,0.000,0.000,0.000,0.000,0.000,2.477,0.000,0.000,0.000,0.000,0.000,0.000,0.000,0.000,0.000,0.000,0.000,4.359,0.000,1.273,0.000,0.000,0.000,2.089,0.000,0.000,0.000,0.000,0.000,0.000,0.000,0.051,0.000,0.000,0.000,0.000,0.000,0.000,0.000,0.000,0.000,0.000]
  Iter 109: LB=-71.517216  UB=33.482235  gap=3.14e+00
  Cut: intercept=-1090.219843, π_x_range=[-824.6772, 578.4032]

=== True-DRO Benders iter 110 ===
  OMP: t₀=-70.008502, UB=33.482235, gap=3.09e+00, x=[0, 0, 0, 0, 0, 0, 0, 0, 0, 0, 0, 0, 0, 0, 0, 0, 0, 0, 0, 0, 0, 0, 0, 0, 0, 0, 0, 0, 1, 1, 0, 0, 0, 0, 0, 0, 0, 0, 0, 0, 0, 0, 0, 0, 0, 0, 0] (0.352s)
  Sub: Z₀=40.113017 [TIME_LIMIT] (15.1s), α=[0.000,0.000,0.000,0.000,0.000,0.000,0.000,0.000,0.000,0.000,0.000,0.000,0.000,0.000,0.000,0.000,0.000,0.000,0.000,0.000,0.000,0.000,0.293,1.486,0.000,0.000,0.000,0.000,5.621,2.516,0.000,0.000,0.000,0.000,0.000,0.000,0.333,0.000,0.000,0.000,0.000,0.000,0.000,0.000,0.000,0.000,0.000]
  Iter 110: LB=-70.008502  UB=33.482235  gap=3.09e+00
  Cut: intercept=-92.373393, π_x_range=[-173.5120, 127.5355]

=== True-DRO Benders iter 111 ===
  OMP: t₀=-68.031253, UB=33.482235, gap=3.03e+00, x=[0, 0, 0, 0, 0, 0, 0, 0, 0, 0, 0, 0, 0, 0, 1, 0, 0, 0, 0, 0, 0, 0, 0, 0, 0, 0, 0, 0, 0, 0, 0, 0, 0, 0, 1, 0, 0, 0, 0, 0, 0, 0, 0, 0, 0, 0, 0] (0.385s)
  Sub: Z₀=40.007852 [LOCAL] (0.3s), α=[0.000,0.000,0.000,0.000,0.000,0.000,0.000,0.000,0.000,0.000,0.000,0.000,0.000,0.000,0.000,0.000,0.000,0.000,0.000,0.000,0.000,0.000,0.049,0.039,0.496,0.000,0.000,0.037,5.122,0.000,0.000,0.000,0.000,0.000,3.014,0.230,1.262,0.000,0.000,0.000,0.000,0.000,0.000,0.000,0.000,0.000,0.000]
  Iter 111: LB=-68.031253  UB=33.482235  gap=3.03e+00
  Cut: intercept=-1128.920761, π_x_range=[-829.3001, 590.9611]

=== True-DRO Benders iter 112 ===
  OMP: t₀=-68.024086, UB=33.482235, gap=3.03e+00, x=[0, 0, 0, 0, 0, 0, 0, 0, 0, 0, 0, 0, 0, 0, 0, 0, 0, 1, 0, 0, 0, 0, 0, 0, 0, 0, 0, 0, 0, 0, 0, 0, 0, 0, 0, 0, 1, 0, 0, 0, 0, 0, 0, 0, 0, 0, 0] (0.426s)
  Sub: Z₀=42.000989 [LOCAL] (0.2s), α=[0.000,0.000,0.000,0.000,0.000,0.000,0.000,0.000,0.000,0.000,0.000,0.000,0.000,0.000,0.000,0.000,0.000,0.000,0.000,0.000,0.000,0.000,0.000,0.000,1.079,0.000,0.000,0.000,0.907,0.000,0.000,0.000,0.000,0.000,0.000,0.000,8.264,0.000,0.000,0.000,0.000,0.000,0.000,0.000,0.000,0.000,0.000]
  Iter 112: LB=-68.024086  UB=33.482235  gap=3.03e+00
  Cut: intercept=-1122.328083, π_x_range=[-831.0943, 584.7151]

=== True-DRO Benders iter 113 ===
  OMP: t₀=-68.024042, UB=33.482235, gap=3.03e+00, x=[0, 0, 0, 0, 0, 0, 0, 0, 0, 0, 0, 0, 0, 0, 0, 0, 1, 0, 0, 0, 0, 0, 0, 0, 0, 0, 0, 0, 0, 0, 0, 0, 0, 0, 0, 0, 1, 0, 0, 0, 0, 0, 0, 0, 0, 0, 0] (0.410s)
  Sub: Z₀=42.000989 [LOCAL] (0.2s), α=[0.000,0.000,0.000,0.000,0.000,0.000,0.000,0.000,0.000,0.000,0.000,0.000,0.000,0.000,0.000,0.000,0.000,0.000,0.000,0.000,0.000,0.000,0.000,0.000,1.079,0.000,0.000,0.000,0.907,0.000,0.000,0.000,0.000,0.000,0.000,0.000,8.264,0.000,0.000,0.000,0.000,0.000,0.000,0.000,0.000,0.000,0.000]
  Iter 113: LB=-68.024042  UB=33.482235  gap=3.03e+00
  Cut: intercept=-1085.592116, π_x_range=[-831.0679, 584.7304]

=== True-DRO Benders iter 114 ===
  OMP: t₀=-67.222729, UB=33.482235, gap=3.01e+00, x=[0, 0, 0, 0, 0, 0, 0, 0, 0, 0, 1, 0, 0, 0, 0, 0, 0, 0, 0, 0, 0, 0, 0, 0, 1, 0, 0, 0, 0, 0, 0, 0, 0, 0, 0, 0, 0, 0, 0, 0, 0, 0, 0, 0, 0, 0, 0] (0.416s)
  Sub: Z₀=26.510935 [LOCAL] (0.2s), α=[0.000,0.000,0.000,0.000,0.000,0.000,0.000,0.000,0.000,0.000,0.418,0.000,0.000,0.000,0.000,0.000,0.000,0.000,0.000,0.000,0.000,0.000,1.531,0.000,5.400,0.000,0.000,0.000,2.901,0.000,0.000,0.000,0.000,0.000,0.000,0.000,0.000,0.000,0.000,0.000,0.000,0.000,0.000,0.000,0.000,0.000,0.000]
  Iter 114: LB=-67.222729  UB=33.482235  gap=3.01e+00
  Cut: intercept=-1111.561784, π_x_range=[-826.0302, 584.7145]

=== True-DRO Benders iter 115 ===
  OMP: t₀=-67.039833, UB=33.482235, gap=3.00e+00, x=[0, 0, 0, 0, 0, 0, 0, 0, 0, 0, 0, 0, 0, 0, 1, 0, 0, 0, 0, 0, 0, 0, 0, 0, 0, 0, 0, 0, 0, 0, 1, 0, 0, 0, 0, 0, 0, 0, 0, 0, 0, 0, 0, 0, 0, 0, 0] (0.441s)
  Sub: Z₀=40.574580 [TIME_LIMIT] (15.1s), α=[0.000,0.000,0.000,0.000,0.000,0.000,0.000,0.000,0.000,0.000,0.000,0.000,0.000,0.000,0.000,0.000,0.000,0.000,0.000,0.000,0.000,0.000,0.176,0.164,0.854,0.000,0.000,0.000,3.085,0.000,5.017,0.725,0.000,0.000,0.162,0.000,0.066,0.000,0.000,0.000,0.000,0.000,0.000,0.000,0.000,0.000,0.000]
  Iter 115: LB=-67.039833  UB=33.482235  gap=3.00e+00
  Cut: intercept=-30.566303, π_x_range=[-265.0000, 45.2831]

=== True-DRO Benders iter 116 ===
  OMP: t₀=-66.541280, UB=33.482235, gap=2.99e+00, x=[0, 0, 0, 0, 0, 0, 0, 0, 0, 0, 0, 0, 0, 0, 0, 0, 0, 0, 0, 0, 0, 0, 0, 0, 0, 1, 0, 0, 0, 0, 0, 0, 0, 0, 0, 1, 0, 0, 0, 0, 0, 0, 0, 0, 0, 0, 0] (0.410s)
  Sub: Z₀=41.247398 [LOCAL] (0.2s), α=[0.000,0.000,0.000,0.000,0.000,0.000,0.000,0.000,0.000,0.000,0.000,0.000,0.000,0.000,0.000,0.000,0.000,0.000,0.000,0.000,0.000,0.000,0.000,0.000,4.156,0.000,0.000,0.002,2.764,0.000,0.000,0.000,0.000,0.000,0.000,0.000,3.328,0.000,0.000,0.000,0.000,0.000,0.000,0.000,0.000,0.000,0.000]
  Iter 116: LB=-66.541280  UB=33.482235  gap=2.99e+00
  Cut: intercept=-1137.961008, π_x_range=[-830.2099, 593.5520]

=== True-DRO Benders iter 117 ===
  OMP: t₀=-66.067280, UB=33.482235, gap=2.97e+00, x=[0, 0, 0, 0, 0, 0, 0, 0, 0, 0, 0, 0, 0, 0, 0, 1, 0, 0, 0, 0, 0, 0, 0, 0, 0, 0, 0, 0, 0, 0, 0, 0, 0, 0, 0, 1, 0, 0, 0, 0, 0, 0, 0, 0, 0, 0, 0] (0.430s)
  Sub: Z₀=42.846475 [LOCAL] (0.2s), α=[0.000,0.000,0.000,0.000,0.000,0.000,0.000,0.000,0.000,0.000,0.000,0.000,0.000,0.000,0.000,0.000,0.000,0.000,0.000,0.000,0.000,0.000,0.000,0.000,1.339,0.000,0.000,0.000,2.744,0.000,0.000,0.000,0.000,0.000,0.000,6.008,0.157,0.000,0.000,0.000,0.000,0.000,0.000,0.000,0.000,0.000,0.000]
  Iter 117: LB=-66.067280  UB=33.482235  gap=2.97e+00
  Cut: intercept=-1078.738021, π_x_range=[-829.9471, 584.3257]

=== True-DRO Benders iter 118 ===
  OMP: t₀=-64.441660, UB=33.482235, gap=2.92e+00, x=[0, 0, 0, 0, 0, 0, 0, 0, 0, 0, 0, 0, 0, 0, 0, 0, 0, 0, 0, 0, 0, 0, 0, 0, 1, 0, 0, 0, 0, 0, 0, 0, 0, 0, 0, 1, 0, 0, 0, 0, 0, 0, 0, 0, 0, 0, 0] (0.419s)
  Sub: Z₀=38.943724 [LOCAL] (0.2s), α=[0.000,0.000,0.000,0.000,0.000,0.000,0.000,0.000,0.000,0.000,0.000,0.000,0.000,0.000,0.000,0.000,0.000,0.000,0.000,0.000,0.000,0.000,0.000,0.000,7.197,0.000,0.000,0.000,0.907,0.000,0.000,0.000,0.000,0.000,0.000,1.588,0.557,0.000,0.000,0.000,0.000,0.000,0.000,0.000,0.000,0.000,0.000]
  Iter 118: LB=-64.441660  UB=33.482235  gap=2.92e+00
  Cut: intercept=-1132.380474, π_x_range=[-831.0584, 586.1278]

=== True-DRO Benders iter 119 ===
  OMP: t₀=-63.859882, UB=33.482235, gap=2.91e+00, x=[0, 0, 0, 0, 0, 0, 0, 0, 0, 0, 0, 0, 0, 0, 1, 0, 0, 0, 0, 0, 0, 0, 0, 0, 0, 0, 0, 1, 0, 0, 0, 0, 0, 0, 0, 0, 0, 0, 0, 0, 0, 0, 0, 0, 0, 0, 0] (0.398s)
  Sub: Z₀=33.314168 [LOCAL] (0.2s), α=[0.000,0.000,0.000,0.000,0.000,0.000,0.000,0.000,0.000,0.000,0.000,0.000,0.000,0.000,0.000,0.000,0.000,0.000,0.000,0.000,0.000,0.000,0.000,0.000,0.000,0.000,0.000,4.104,6.121,0.000,0.000,0.000,0.000,0.000,0.000,0.000,0.024,0.000,0.000,0.000,0.000,0.000,0.000,0.000,0.000,0.000,0.000]
  Iter 119: LB=-63.859882  UB=33.482235  gap=2.91e+00
  Cut: intercept=-1140.911726, π_x_range=[-828.8232, 593.1394]

=== True-DRO Benders iter 120 ===
  OMP: t₀=-63.190177, UB=33.482235, gap=2.89e+00, x=[0, 0, 0, 0, 0, 0, 0, 0, 0, 0, 0, 0, 0, 0, 0, 0, 0, 0, 0, 0, 0, 0, 0, 0, 0, 0, 0, 0, 0, 0, 0, 0, 0, 1, 1, 0, 0, 0, 0, 0, 0, 0, 0, 0, 0, 0, 0] (0.446s)
  Sub: Z₀=41.071657 [TIME_LIMIT] (15.1s), α=[0.000,0.000,0.000,0.000,0.000,0.000,0.000,0.000,0.000,0.000,0.000,0.000,0.000,0.000,0.000,0.000,0.000,0.000,0.000,0.000,0.000,0.000,0.007,0.000,1.973,0.000,0.000,0.000,0.914,0.000,0.000,1.652,0.000,0.000,4.490,0.000,1.213,0.000,0.000,0.000,0.000,0.000,0.000,0.000,0.000,0.000,0.000]
  Iter 120: LB=-63.190177  UB=33.482235  gap=2.89e+00
  Cut: intercept=-55.988976, π_x_range=[-251.0000, 49.1155]

=== True-DRO Benders iter 121 ===
  OMP: t₀=-62.198758, UB=33.482235, gap=2.86e+00, x=[0, 0, 0, 0, 0, 0, 0, 0, 0, 0, 0, 0, 0, 0, 0, 0, 0, 0, 0, 0, 0, 0, 0, 0, 0, 0, 0, 0, 0, 0, 1, 0, 0, 1, 0, 0, 0, 0, 0, 0, 0, 0, 0, 0, 0, 0, 0] (0.371s)
  Sub: Z₀=40.841359 [LOCAL] (0.2s), α=[0.000,0.000,0.000,0.000,0.000,0.000,0.000,0.000,0.000,0.000,0.000,0.000,0.000,0.000,0.000,0.000,0.000,0.000,0.000,0.000,0.000,0.000,0.000,0.000,5.491,0.000,0.000,0.000,0.907,0.000,2.737,0.000,0.000,0.000,0.000,0.000,1.114,0.000,0.000,0.000,0.000,0.000,0.000,0.000,0.000,0.000,0.000]
  Iter 121: LB=-62.198758  UB=33.482235  gap=2.86e+00
  Cut: intercept=-1113.294821, π_x_range=[-830.8812, 578.6935]

=== True-DRO Benders iter 122 ===
  OMP: t₀=-61.847843, UB=33.482235, gap=2.85e+00, x=[0, 0, 0, 0, 0, 0, 0, 0, 0, 0, 0, 0, 0, 0, 0, 0, 0, 0, 0, 0, 0, 0, 0, 0, 1, 1, 0, 0, 0, 0, 0, 0, 0, 0, 0, 0, 0, 0, 0, 0, 0, 0, 0, 0, 0, 0, 0] (0.368s)
  Sub: Z₀=39.013595 [LOCAL] (3.1s), α=[0.000,0.000,0.000,0.000,0.000,0.000,0.000,0.000,0.000,0.000,0.000,0.000,0.000,0.000,0.000,0.000,0.000,0.000,0.000,0.000,0.000,0.000,0.000,0.000,8.239,1.103,0.000,0.000,0.907,0.000,0.000,0.000,0.000,0.000,0.000,0.000,0.000,0.000,0.000,0.000,0.000,0.000,0.000,0.000,0.000,0.000,0.000]
  Iter 122: LB=-61.847843  UB=33.482235  gap=2.85e+00
  Cut: intercept=-1137.586300, π_x_range=[-830.6960, 591.7965]

=== True-DRO Benders iter 123 ===
  OMP: t₀=-61.320259, UB=33.482235, gap=2.83e+00, x=[0, 0, 0, 0, 0, 0, 0, 0, 0, 0, 0, 0, 0, 0, 0, 0, 0, 1, 0, 0, 0, 0, 0, 0, 0, 0, 0, 0, 0, 1, 0, 0, 0, 0, 0, 0, 0, 0, 0, 0, 0, 0, 0, 0, 0, 0, 0] (0.403s)
  Sub: Z₀=41.609285 [LOCAL] (3.3s), α=[0.000,0.000,0.000,0.000,0.000,0.000,0.000,0.000,0.000,0.000,0.000,0.000,0.000,0.000,0.000,0.000,0.000,0.000,0.000,0.000,0.000,0.000,0.025,1.238,0.000,0.080,0.000,0.002,6.332,0.100,0.000,0.000,0.000,0.000,0.000,0.468,2.004,0.000,0.000,0.000,0.000,0.000,0.000,0.000,0.000,0.000,0.000]
  Iter 123: LB=-61.320259  UB=33.482235  gap=2.83e+00
  Cut: intercept=-1067.147278, π_x_range=[-828.7201, 561.5767]

=== True-DRO Benders iter 124 ===
  OMP: t₀=-61.320243, UB=33.482235, gap=2.83e+00, x=[0, 0, 0, 0, 0, 0, 0, 0, 0, 1, 0, 0, 0, 0, 0, 0, 0, 0, 0, 0, 0, 0, 0, 0, 0, 0, 0, 0, 0, 1, 0, 0, 0, 0, 0, 0, 0, 0, 0, 0, 0, 0, 0, 0, 0, 0, 0] (0.421s)
  Sub: Z₀=41.609280 [LOCAL] (3.4s), α=[0.000,0.000,0.000,0.000,0.000,0.000,0.000,0.000,0.000,0.000,0.000,0.000,0.000,0.000,0.000,0.000,0.000,0.000,0.000,0.000,0.000,0.000,0.019,1.244,0.000,0.080,0.000,1.040,5.295,0.100,0.000,0.000,0.000,0.000,0.000,0.406,2.065,0.000,0.000,0.000,0.000,0.000,0.000,0.000,0.000,0.000,0.000]
  Iter 124: LB=-61.320243  UB=33.482235  gap=2.83e+00
  Cut: intercept=-1049.616582, π_x_range=[-826.1210, 547.1836]

=== True-DRO Benders iter 125 ===
  OMP: t₀=-59.482246, UB=33.482235, gap=2.78e+00, x=[0, 0, 0, 0, 0, 0, 0, 0, 0, 0, 0, 0, 0, 0, 1, 0, 0, 0, 0, 0, 0, 0, 0, 0, 0, 0, 0, 0, 0, 0, 0, 0, 0, 0, 0, 1, 0, 0, 0, 0, 0, 0, 0, 0, 0, 0, 0] (0.411s)
  Sub: Z₀=43.072522 [TIME_LIMIT] (15.1s), α=[0.000,0.000,0.000,0.000,0.000,0.000,0.000,0.000,0.000,0.000,0.000,0.000,0.000,0.000,0.000,0.000,0.000,0.000,0.000,0.000,0.000,0.000,0.000,0.014,0.186,0.000,0.000,0.000,2.758,0.000,0.000,0.000,0.000,0.000,0.000,3.928,3.364,0.000,0.000,0.000,0.000,0.000,0.000,0.000,0.000,0.000,0.000]
  Iter 125: LB=-59.482246  UB=33.482235  gap=2.78e+00
  Cut: intercept=-8.226971, π_x_range=[-250.0000, 41.5805]

=== True-DRO Benders iter 126 ===
  OMP: t₀=-59.130247, UB=33.482235, gap=2.77e+00, x=[0, 0, 0, 0, 0, 0, 0, 0, 0, 0, 1, 0, 0, 0, 0, 0, 0, 0, 0, 0, 0, 0, 0, 0, 0, 0, 0, 0, 0, 0, 0, 0, 0, 0, 1, 0, 0, 0, 0, 0, 0, 0, 0, 0, 0, 0, 0] (0.391s)
  Sub: Z₀=38.822820 [LOCAL] (0.2s), α=[0.000,0.000,0.000,0.000,0.000,0.000,0.000,0.000,0.000,0.000,0.000,0.000,0.000,0.000,0.000,0.000,0.000,0.000,0.000,0.000,0.000,0.000,4.451,0.000,0.000,0.000,0.000,0.000,5.798,0.000,0.000,0.000,0.000,0.000,0.000,0.000,0.000,0.000,0.000,0.000,0.000,0.000,0.000,0.000,0.000,0.000,0.000]
  Iter 126: LB=-59.130247  UB=33.482235  gap=2.77e+00
  Cut: intercept=-1110.012003, π_x_range=[-829.0639, 594.9593]

=== True-DRO Benders iter 127 ===
  OMP: t₀=-58.671208, UB=33.482235, gap=2.75e+00, x=[0, 0, 0, 0, 0, 0, 0, 0, 0, 0, 1, 0, 0, 0, 0, 0, 0, 0, 0, 0, 0, 0, 0, 0, 0, 0, 0, 0, 0, 0, 0, 0, 0, 0, 0, 1, 0, 0, 0, 0, 0, 0, 0, 0, 0, 0, 0] (0.462s)
  Sub: Z₀=39.388008 [LOCAL] (0.2s), α=[0.000,0.000,0.000,0.000,0.000,0.000,0.000,0.000,0.000,0.000,0.000,0.000,0.000,0.000,0.000,0.000,0.000,0.000,0.000,0.000,0.000,0.000,4.451,0.000,0.000,0.000,0.000,0.000,5.747,0.000,0.000,0.000,0.000,0.000,0.000,0.047,0.004,0.000,0.000,0.000,0.000,0.000,0.000,0.000,0.000,0.000,0.000]
  Iter 127: LB=-58.671208  UB=33.482235  gap=2.75e+00
  Cut: intercept=-1105.550466, π_x_range=[-829.0061, 590.8664]

=== True-DRO Benders iter 128 ===
  OMP: t₀=-58.482571, UB=33.482235, gap=2.75e+00, x=[0, 0, 0, 0, 0, 0, 0, 0, 0, 0, 1, 0, 0, 0, 0, 0, 0, 0, 0, 0, 0, 0, 0, 0, 0, 1, 0, 0, 0, 0, 0, 0, 0, 0, 0, 0, 0, 0, 0, 0, 0, 0, 0, 0, 0, 0, 0] (0.442s)
  Sub: Z₀=38.692862 [LOCAL] (0.2s), α=[0.000,0.000,0.000,0.000,0.000,0.000,0.000,0.000,0.000,0.000,0.000,0.000,0.000,0.000,0.000,0.000,0.000,0.000,0.000,0.000,0.000,0.000,4.451,0.000,0.000,0.000,0.000,0.000,5.798,0.000,0.000,0.000,0.000,0.000,0.000,0.000,0.000,0.000,0.000,0.000,0.000,0.000,0.000,0.000,0.000,0.000,0.000]
  Iter 128: LB=-58.482571  UB=33.482235  gap=2.75e+00
  Cut: intercept=-1110.054288, π_x_range=[-828.9978, 594.6727]

=== True-DRO Benders iter 129 ===
  OMP: t₀=-58.432080, UB=33.482235, gap=2.75e+00, x=[0, 0, 0, 0, 0, 0, 0, 0, 0, 0, 0, 0, 0, 0, 0, 0, 0, 0, 0, 0, 0, 0, 0, 0, 0, 0, 0, 0, 1, 0, 0, 0, 0, 0, 1, 0, 0, 0, 0, 0, 0, 0, 0, 0, 0, 0, 0] (0.394s)
  Sub: Z₀=39.644713 [LOCAL] (0.2s), α=[0.000,0.000,0.000,0.000,0.000,0.000,0.000,0.000,0.000,0.000,0.000,0.000,0.000,0.000,0.000,0.000,0.000,0.000,0.000,0.000,0.000,0.000,0.063,0.047,0.473,0.000,0.000,0.028,5.154,0.000,0.000,0.000,0.000,0.000,2.775,0.719,0.990,0.000,0.000,0.000,0.000,0.000,0.000,0.000,0.000,0.000,0.000]
  Iter 129: LB=-58.432080  UB=33.482235  gap=2.75e+00
  Cut: intercept=-1142.391125, π_x_range=[-829.4493, 596.7691]

=== True-DRO Benders iter 130 ===
  OMP: t₀=-57.440661, UB=33.482235, gap=2.72e+00, x=[0, 0, 0, 0, 0, 0, 0, 0, 0, 0, 0, 0, 0, 0, 0, 0, 0, 0, 0, 0, 0, 0, 0, 0, 0, 0, 0, 0, 1, 0, 1, 0, 0, 0, 0, 0, 0, 0, 0, 0, 0, 0, 0, 0, 0, 0, 0] (0.435s)
  Sub: Z₀=40.618795 (13.7s), α=[0.000,0.000,0.000,0.000,0.000,0.000,0.000,0.000,0.000,0.000,0.000,0.000,0.000,0.000,0.000,0.000,0.000,0.000,0.000,0.000,0.000,0.000,0.000,0.000,5.491,0.000,0.000,0.000,1.007,0.000,2.687,0.000,0.000,0.000,0.000,0.000,1.064,0.000,0.000,0.000,0.000,0.000,0.000,0.000,0.000,0.000,0.000]
  Iter 130: LB=-57.440661  UB=33.482235  gap=2.72e+00
  Cut: intercept=-32.229963, π_x_range=[-206.2876, 67.7995]
  Sherali-Cut: intercept=-16.509564, π_x_range=[-126.8215, 56.6916]

=== True-DRO Benders iter 131 ===
  OMP: t₀=-56.528461, UB=33.482235, gap=2.69e+00, x=[0, 0, 0, 0, 0, 0, 0, 0, 0, 0, 0, 0, 0, 0, 0, 0, 0, 0, 0, 0, 0, 0, 1, 1, 0, 0, 0, 0, 0, 0, 0, 0, 0, 0, 0, 0, 0, 0, 0, 0, 0, 0, 0, 0, 0, 0, 0] (0.424s)
  Sub: Z₀=34.575449 [LOCAL] (0.3s), α=[0.000,0.000,0.000,0.000,0.000,0.000,0.000,0.000,0.000,0.000,0.000,0.000,0.000,0.000,0.000,0.000,0.000,0.000,0.000,0.000,0.000,0.000,5.143,0.161,2.929,0.000,0.000,0.000,0.000,0.000,0.000,0.000,0.000,0.000,0.000,0.212,1.804,0.000,0.000,0.000,0.000,0.000,0.000,0.000,0.000,0.000,0.000]
  Iter 131: LB=-56.528461  UB=33.482235  gap=2.69e+00
  Cut: intercept=-1138.371005, π_x_range=[-828.0285, 587.0523]

=== True-DRO Benders iter 132 ===
  OMP: t₀=-54.484803, UB=33.482235, gap=2.63e+00, x=[0, 0, 0, 0, 0, 0, 0, 0, 0, 0, 0, 1, 0, 0, 0, 0, 0, 0, 0, 0, 0, 0, 0, 0, 0, 0, 0, 0, 0, 0, 0, 0, 0, 0, 1, 0, 0, 0, 0, 0, 0, 0, 0, 0, 0, 0, 0] (0.363s)
  Sub: Z₀=40.436256 [LOCAL] (0.2s), α=[0.000,0.000,0.000,0.000,0.000,0.000,0.000,0.000,0.000,0.000,0.000,0.000,0.000,0.000,0.000,0.000,0.000,0.000,0.000,0.000,0.000,0.000,0.048,0.039,0.497,0.000,0.000,0.038,5.121,0.000,0.000,0.000,0.000,0.000,2.875,0.663,0.970,0.000,0.000,0.000,0.000,0.000,0.000,0.000,0.000,0.000,0.000]
  Iter 132: LB=-54.484803  UB=33.482235  gap=2.63e+00
  Cut: intercept=-1132.475831, π_x_range=[-829.1874, 587.5494]

=== True-DRO Benders iter 133 ===
  OMP: t₀=-52.992513, UB=33.482235, gap=2.58e+00, x=[0, 0, 0, 0, 0, 0, 0, 0, 0, 0, 0, 0, 0, 0, 0, 0, 0, 0, 0, 0, 0, 0, 0, 0, 0, 0, 0, 1, 1, 0, 0, 0, 0, 0, 0, 0, 0, 0, 0, 0, 0, 0, 0, 0, 0, 0, 0] (0.358s)
  Sub: Z₀=32.347220 [LOCAL] (0.2s), α=[0.000,0.000,0.000,0.000,0.000,0.000,0.000,0.000,0.000,0.000,0.000,0.000,0.000,0.000,0.000,0.000,0.000,0.000,0.000,0.000,0.000,0.000,0.000,0.000,0.000,0.000,0.000,3.966,6.232,0.000,0.000,0.000,0.000,0.000,0.000,0.000,0.051,0.000,0.000,0.000,0.000,0.000,0.000,0.000,0.000,0.000,0.000]
  Iter 133: LB=-52.992513  UB=33.482235  gap=2.58e+00
  Cut: intercept=-1145.643177, π_x_range=[-828.9770, 597.5720]

=== True-DRO Benders iter 134 ===
  OMP: t₀=-52.859882, UB=33.482235, gap=2.58e+00, x=[0, 0, 0, 0, 0, 0, 0, 0, 0, 0, 0, 0, 0, 0, 0, 0, 0, 0, 1, 0, 0, 0, 0, 0, 0, 0, 0, 1, 0, 0, 0, 0, 0, 0, 0, 0, 0, 0, 0, 0, 0, 0, 0, 0, 0, 0, 0] (0.391s)
  Sub: Z₀=33.314168 [LOCAL] (0.2s), α=[0.000,0.000,0.000,0.000,0.000,0.000,0.000,0.000,0.000,0.000,0.000,0.000,0.000,0.000,0.000,0.000,0.000,0.000,0.000,0.000,0.000,0.000,0.000,0.000,0.000,0.000,0.000,4.128,6.031,0.000,0.000,0.000,0.000,0.000,0.000,0.000,0.090,0.000,0.000,0.000,0.000,0.000,0.000,0.000,0.000,0.000,0.000]
  Iter 134: LB=-52.859882  UB=33.482235  gap=2.58e+00
  Cut: intercept=-1143.277963, π_x_range=[-828.8631, 595.4806]

=== True-DRO Benders iter 135 ===
  OMP: t₀=-52.731935, UB=33.482235, gap=2.57e+00, x=[0, 0, 0, 0, 0, 0, 0, 0, 0, 0, 0, 0, 0, 0, 0, 0, 0, 0, 1, 0, 0, 0, 1, 0, 0, 0, 0, 0, 0, 0, 0, 0, 0, 0, 0, 0, 0, 0, 0, 0, 0, 0, 0, 0, 0, 0, 0] (0.385s)
  Sub: Z₀=40.577016 [TIME_LIMIT] (15.1s), α=[0.000,0.000,0.000,0.000,0.000,0.000,0.000,0.000,0.000,0.000,0.000,0.000,0.000,0.000,0.000,0.000,0.000,0.000,0.000,0.000,0.000,0.000,3.469,0.000,3.659,0.000,0.000,0.000,0.000,0.000,0.000,0.000,0.000,0.000,0.000,0.595,2.526,0.000,0.000,0.000,0.000,0.000,0.000,0.000,0.000,0.000,0.000]
  Iter 135: LB=-52.731935  UB=33.482235  gap=2.57e+00
  Cut: intercept=-32.750309, π_x_range=[-262.0000, 49.8352]

=== True-DRO Benders iter 136 ===
  OMP: t₀=-51.859882, UB=33.482235, gap=2.55e+00, x=[0, 0, 0, 0, 0, 0, 0, 0, 0, 0, 0, 0, 0, 1, 0, 0, 0, 0, 0, 0, 0, 0, 0, 0, 0, 0, 0, 1, 0, 0, 0, 0, 0, 0, 0, 0, 0, 0, 0, 0, 0, 0, 0, 0, 0, 0, 0] (0.380s)
  Sub: Z₀=33.314168 [LOCAL] (0.2s), α=[0.000,0.000,0.000,0.000,0.000,0.000,0.000,0.000,0.000,0.000,0.000,0.000,0.000,0.000,0.000,0.000,0.000,0.000,0.000,0.000,0.000,0.000,0.000,0.000,0.000,0.000,0.000,5.418,4.742,0.000,0.000,0.000,0.000,0.000,0.000,0.000,0.089,0.000,0.000,0.000,0.000,0.000,0.000,0.000,0.000,0.000,0.000]
  Iter 136: LB=-51.859882  UB=33.482235  gap=2.55e+00
  Cut: intercept=-1142.410050, π_x_range=[-829.7142, 594.9626]

=== True-DRO Benders iter 137 ===
  OMP: t₀=-51.859882, UB=33.482235, gap=2.55e+00, x=[0, 0, 0, 0, 0, 0, 0, 0, 0, 0, 0, 0, 0, 0, 0, 0, 0, 0, 0, 0, 0, 0, 0, 0, 0, 1, 0, 1, 0, 0, 0, 0, 0, 0, 0, 0, 0, 0, 0, 0, 0, 0, 0, 0, 0, 0, 0] (0.359s)
  Sub: Z₀=31.274780 [LOCAL] (0.2s), α=[0.000,0.000,0.000,0.000,0.000,0.000,0.000,0.000,0.000,0.000,0.000,0.000,0.000,0.000,0.000,0.000,0.000,0.000,0.000,0.000,0.000,0.000,0.000,0.000,0.000,0.000,0.000,4.109,6.049,0.000,0.000,0.000,0.000,0.000,0.000,0.000,0.091,0.000,0.000,0.000,0.000,0.000,0.000,0.000,0.000,0.000,0.000]
  Iter 137: LB=-51.859882  UB=33.482235  gap=2.55e+00
  Cut: intercept=-1141.488546, π_x_range=[-828.6849, 592.3542]

=== True-DRO Benders iter 138 ===
  OMP: t₀=-50.779104, UB=33.482235, gap=2.52e+00, x=[0, 0, 0, 0, 0, 0, 0, 0, 0, 0, 0, 0, 0, 1, 0, 0, 0, 0, 0, 0, 0, 0, 0, 0, 0, 0, 0, 0, 0, 0, 0, 0, 0, 0, 1, 0, 0, 0, 0, 0, 0, 0, 0, 0, 0, 0, 0] (0.419s)
  Sub: Z₀=40.436256 [LOCAL] (0.3s), α=[0.000,0.000,0.000,0.000,0.000,0.000,0.000,0.000,0.000,0.000,0.000,0.000,0.000,0.000,0.000,0.000,0.000,0.000,0.000,0.000,0.000,0.000,0.030,0.026,0.527,0.000,0.000,0.115,5.013,0.000,0.000,0.000,0.000,0.000,2.851,0.705,0.982,0.000,0.000,0.000,0.000,0.000,0.000,0.000,0.000,0.000,0.000]
  Iter 138: LB=-50.779104  UB=33.482235  gap=2.52e+00
  Cut: intercept=-1136.394291, π_x_range=[-829.2826, 591.5469]

=== True-DRO Benders iter 139 ===
  OMP: t₀=-50.704293, UB=33.482235, gap=2.51e+00, x=[0, 0, 0, 0, 0, 0, 0, 0, 0, 0, 0, 0, 0, 0, 0, 0, 0, 0, 0, 0, 0, 0, 0, 0, 0, 0, 0, 0, 0, 0, 0, 0, 0, 1, 0, 1, 0, 0, 0, 0, 0, 0, 0, 0, 0, 0, 0] (0.451s)
  Sub: Z₀=41.937675 [LOCAL] (4.2s), α=[0.000,0.000,0.000,0.000,0.000,0.000,0.000,0.000,0.000,0.000,0.000,0.000,0.000,0.000,0.000,0.000,0.000,0.000,0.000,0.000,0.000,0.000,0.000,0.000,2.929,0.000,0.000,0.000,0.802,0.000,0.000,0.000,0.000,0.000,0.000,3.916,2.603,0.000,0.000,0.000,0.000,0.000,0.000,0.000,0.000,0.000,0.000]
  Iter 139: LB=-50.704293  UB=33.482235  gap=2.51e+00
  Cut: intercept=-1115.006805, π_x_range=[-831.1560, 581.2085]

=== True-DRO Benders iter 140 ===
  OMP: t₀=-49.883074, UB=33.482235, gap=2.49e+00, x=[0, 0, 0, 0, 0, 0, 0, 0, 0, 0, 0, 0, 0, 0, 0, 0, 0, 0, 0, 0, 0, 0, 0, 0, 0, 0, 0, 0, 1, 0, 0, 0, 0, 0, 0, 1, 0, 0, 0, 0, 0, 0, 0, 0, 0, 0, 0] (0.411s)
  Sub: Z₀=41.783119 [TIME_LIMIT] (15.1s), α=[0.000,0.000,0.000,0.000,0.000,0.000,0.000,0.000,0.000,0.000,0.000,0.000,0.000,0.000,0.000,0.000,0.000,0.000,0.000,0.000,0.000,0.000,0.000,0.000,1.233,0.000,0.000,0.000,3.842,0.000,0.000,0.000,0.000,0.000,0.000,3.075,2.099,0.000,0.000,0.000,0.000,0.000,0.000,0.000,0.000,0.000,0.000]
  Iter 140: LB=-49.883074  UB=33.482235  gap=2.49e+00
  Cut: intercept=21.482611, π_x_range=[-265.0000, 15.2884]

=== True-DRO Benders iter 141 ===
  OMP: t₀=-49.743877, UB=33.482235, gap=2.49e+00, x=[0, 0, 0, 0, 0, 0, 0, 0, 0, 0, 0, 0, 0, 0, 0, 0, 0, 0, 1, 0, 0, 0, 0, 0, 0, 0, 0, 0, 0, 0, 0, 0, 0, 0, 1, 0, 0, 0, 0, 0, 0, 0, 0, 0, 0, 0, 0] (0.463s)
  Sub: Z₀=40.436256 [LOCAL] (0.2s), α=[0.000,0.000,0.000,0.000,0.000,0.000,0.000,0.000,0.000,0.000,0.000,0.000,0.000,0.000,0.000,0.000,0.000,0.000,0.000,0.000,0.000,0.000,0.043,0.035,0.505,0.000,0.000,0.038,5.112,0.000,0.000,0.000,0.000,0.000,2.835,0.683,0.998,0.000,0.000,0.000,0.000,0.000,0.000,0.000,0.000,0.000,0.000]
  Iter 141: LB=-49.743877  UB=33.482235  gap=2.49e+00
  Cut: intercept=-1135.259520, π_x_range=[-829.1981, 590.4780]

=== True-DRO Benders iter 142 ===
  OMP: t₀=-49.743837, UB=33.482235, gap=2.49e+00, x=[0, 0, 0, 0, 0, 0, 0, 0, 0, 0, 0, 0, 0, 0, 0, 0, 0, 1, 0, 0, 0, 0, 0, 0, 0, 0, 0, 0, 0, 0, 0, 0, 0, 0, 1, 0, 0, 0, 0, 0, 0, 0, 0, 0, 0, 0, 0] (0.411s)
  Sub: Z₀=40.436256 [LOCAL] (0.3s), α=[0.000,0.000,0.000,0.000,0.000,0.000,0.000,0.000,0.000,0.000,0.000,0.000,0.000,0.000,0.000,0.000,0.000,0.000,0.000,0.000,0.000,0.000,0.061,0.046,0.477,0.000,0.000,0.038,5.140,0.000,0.000,0.000,0.000,0.000,2.786,0.859,0.843,0.000,0.000,0.000,0.000,0.000,0.000,0.000,0.000,0.000,0.000]
  Iter 142: LB=-49.743837  UB=33.482235  gap=2.49e+00
  Cut: intercept=-1113.404269, π_x_range=[-829.1756, 585.2004]

=== True-DRO Benders iter 143 ===
  OMP: t₀=-49.743821, UB=33.482235, gap=2.49e+00, x=[0, 0, 0, 0, 0, 0, 0, 0, 0, 1, 0, 0, 0, 0, 0, 0, 0, 0, 0, 0, 0, 0, 0, 0, 0, 0, 0, 0, 0, 0, 0, 0, 0, 0, 1, 0, 0, 0, 0, 0, 0, 0, 0, 0, 0, 0, 0] (0.478s)
  Sub: Z₀=40.436256 [LOCAL] (0.2s), α=[0.000,0.000,0.000,0.000,0.000,0.000,0.000,0.000,0.000,0.000,0.000,0.000,0.000,0.000,0.000,0.000,0.000,0.000,0.000,0.000,0.000,0.000,0.042,0.039,0.503,0.000,0.000,0.042,5.110,0.000,0.000,0.000,0.000,0.000,2.827,0.710,0.977,0.000,0.000,0.000,0.000,0.000,0.000,0.000,0.000,0.000,0.000]
  Iter 143: LB=-49.743821  UB=33.482235  gap=2.49e+00
  Cut: intercept=-1090.317607, π_x_range=[-825.4919, 585.2534]

=== True-DRO Benders iter 144 ===
  OMP: t₀=-49.743793, UB=33.482235, gap=2.49e+00, x=[0, 0, 0, 0, 0, 0, 0, 0, 0, 0, 0, 0, 0, 0, 0, 0, 1, 0, 0, 0, 0, 0, 0, 0, 0, 0, 0, 0, 0, 0, 0, 0, 0, 0, 1, 0, 0, 0, 0, 0, 0, 0, 0, 0, 0, 0, 0] (0.485s)
  Sub: Z₀=41.534091 [LOCAL] (0.4s), α=[0.000,0.000,0.000,0.000,0.000,0.000,0.000,0.000,0.000,0.000,0.000,0.000,0.000,0.000,0.000,0.000,0.000,0.000,0.000,0.000,0.000,0.000,0.350,0.119,2.040,0.000,0.000,0.000,3.214,0.000,0.000,0.204,0.000,0.000,4.195,0.070,0.057,0.000,0.000,0.000,0.000,0.000,0.000,0.000,0.000,0.000,0.000]
  Iter 144: LB=-49.743793  UB=33.482235  gap=2.49e+00
  Cut: intercept=-1090.383186, π_x_range=[-829.2071, 590.7357]

=== True-DRO Benders iter 145 ===
  OMP: t₀=-49.743697, UB=33.482235, gap=2.49e+00, x=[0, 0, 0, 0, 0, 0, 0, 0, 0, 0, 0, 0, 1, 0, 0, 0, 0, 0, 0, 0, 0, 0, 0, 0, 0, 0, 0, 0, 0, 0, 0, 0, 0, 0, 1, 0, 0, 0, 0, 0, 0, 0, 0, 0, 0, 0, 0] (0.481s)
  Sub: Z₀=41.534092 [TIME_LIMIT] (15.1s), α=[0.000,0.000,0.000,0.000,0.000,0.000,0.000,0.000,0.000,0.000,0.000,0.000,0.000,0.000,0.000,0.000,0.000,0.000,0.000,0.000,0.000,0.000,0.413,0.065,1.340,0.000,0.000,0.000,3.222,0.000,0.000,0.896,0.000,0.000,3.436,0.315,0.563,0.000,0.000,0.000,0.000,0.000,0.000,0.000,0.000,0.000,0.000]
  Iter 145: LB=-49.743697  UB=33.482235  gap=2.49e+00
  Cut: intercept=-39.044190, π_x_range=[-274.0000, 48.9460]

=== True-DRO Benders iter 146 ===
  OMP: t₀=-48.905768, UB=33.482235, gap=2.46e+00, x=[0, 0, 0, 0, 0, 0, 0, 0, 0, 0, 0, 0, 1, 0, 0, 0, 0, 0, 0, 0, 0, 0, 0, 0, 0, 0, 0, 0, 0, 1, 0, 0, 0, 0, 0, 0, 0, 0, 0, 0, 0, 0, 0, 0, 0, 0, 0] (0.417s)
  Sub: Z₀=41.624245 [LOCAL] (0.3s), α=[0.000,0.000,0.000,0.000,0.000,0.000,0.000,0.000,0.000,0.000,0.000,0.000,0.000,0.000,0.000,0.000,0.000,0.000,0.000,0.000,0.000,0.000,1.230,0.223,0.000,0.000,0.000,0.045,6.290,0.100,0.000,0.000,0.000,0.000,0.000,0.638,1.724,0.000,0.000,0.000,0.000,0.000,0.000,0.000,0.000,0.000,0.000]
  Iter 146: LB=-48.905768  UB=33.482235  gap=2.46e+00
  Cut: intercept=-1083.794610, π_x_range=[-827.2321, 570.9812]

=== True-DRO Benders iter 147 ===
  OMP: t₀=-48.532782, UB=33.482235, gap=2.45e+00, x=[0, 0, 0, 0, 0, 0, 0, 0, 0, 0, 0, 0, 0, 0, 0, 0, 0, 0, 0, 0, 0, 0, 0, 0, 0, 0, 1, 0, 0, 0, 0, 0, 0, 0, 1, 0, 0, 0, 0, 0, 0, 0, 0, 0, 0, 0, 0] (0.449s)
  Sub: Z₀=38.588229 [LOCAL] (0.3s), α=[0.000,0.000,0.000,0.000,0.000,0.000,0.000,0.000,0.000,0.000,0.000,0.000,0.000,0.000,0.000,0.000,0.000,0.000,0.000,0.000,0.000,0.000,0.061,0.047,2.041,0.000,0.000,0.037,5.142,0.000,0.000,0.000,0.000,0.000,2.921,0.000,0.000,0.000,0.000,0.000,0.000,0.000,0.000,0.000,0.000,0.000,0.000]
  Iter 147: LB=-48.532782  UB=33.482235  gap=2.45e+00
  Cut: intercept=-1122.802980, π_x_range=[-829.3438, 582.8488]

=== True-DRO Benders iter 148 ===
  OMP: t₀=-47.964608, UB=33.482235, gap=2.43e+00, x=[0, 0, 0, 0, 0, 0, 0, 0, 0, 0, 0, 0, 0, 0, 0, 0, 0, 1, 0, 0, 0, 0, 0, 0, 0, 0, 1, 0, 0, 0, 0, 0, 0, 0, 0, 0, 0, 0, 0, 0, 0, 0, 0, 0, 0, 0, 0] (0.463s)
  Sub: Z₀=41.529337 [LOCAL] (0.2s), α=[0.000,0.000,0.000,0.000,0.000,0.000,0.000,0.000,0.000,0.000,0.000,0.000,0.000,0.000,0.000,0.000,0.000,0.000,0.000,0.000,0.000,0.000,0.000,0.000,6.378,0.000,0.000,0.027,3.844,0.000,0.000,0.000,0.000,0.000,0.000,0.000,0.000,0.000,0.000,0.000,0.000,0.000,0.000,0.000,0.000,0.000,0.000]
  Iter 148: LB=-47.964608  UB=33.482235  gap=2.43e+00
  Cut: intercept=-1117.015853, π_x_range=[-829.7943, 582.7496]

=== True-DRO Benders iter 149 ===
  OMP: t₀=-47.964592, UB=33.482235, gap=2.43e+00, x=[0, 0, 0, 0, 0, 0, 0, 0, 0, 1, 0, 0, 0, 0, 0, 0, 0, 0, 0, 0, 0, 0, 0, 0, 0, 0, 1, 0, 0, 0, 0, 0, 0, 0, 0, 0, 0, 0, 0, 0, 0, 0, 0, 0, 0, 0, 0] (0.424s)
  Sub: Z₀=41.529337 [LOCAL] (0.2s), α=[0.000,0.000,0.000,0.000,0.000,0.000,0.000,0.000,0.000,0.000,0.000,0.000,0.000,0.000,0.000,0.000,0.000,0.000,0.000,0.000,0.000,0.000,0.000,0.000,6.378,0.000,0.000,0.028,3.842,0.000,0.000,0.000,0.000,0.000,0.000,0.000,0.000,0.000,0.000,0.000,0.000,0.000,0.000,0.000,0.000,0.000,0.000]
  Iter 149: LB=-47.964592  UB=33.482235  gap=2.43e+00
  Cut: intercept=-1092.722432, π_x_range=[-826.3010, 582.6040]

=== True-DRO Benders iter 150 ===
  OMP: t₀=-47.964564, UB=33.482235, gap=2.43e+00, x=[0, 0, 0, 0, 0, 0, 0, 0, 0, 0, 0, 0, 0, 0, 0, 0, 1, 0, 0, 0, 0, 0, 0, 0, 0, 0, 1, 0, 0, 0, 0, 0, 0, 0, 0, 0, 0, 0, 0, 0, 0, 0, 0, 0, 0, 0, 0] (0.428s)
  Sub: Z₀=41.743308 [TIME_LIMIT] (15.1s), α=[0.000,0.000,0.000,0.000,0.000,0.000,0.000,0.000,0.000,0.000,0.000,0.000,0.000,0.000,0.000,0.000,0.000,0.000,0.000,0.000,0.000,0.000,0.314,0.256,5.829,0.076,0.000,0.000,3.314,0.000,0.000,0.000,0.000,0.000,0.303,0.000,0.157,0.000,0.000,0.000,0.000,0.000,0.000,0.000,0.000,0.000,0.000]
  Iter 150: LB=-47.964564  UB=33.482235  gap=2.43e+00
  Cut: intercept=-147.639786, π_x_range=[-390.7901, 118.8858]

=== True-DRO Benders iter 151 ===
  OMP: t₀=-47.480739, UB=33.482235, gap=2.42e+00, x=[0, 0, 0, 0, 0, 0, 0, 0, 0, 0, 0, 0, 0, 0, 0, 0, 0, 0, 0, 0, 0, 0, 0, 0, 1, 0, 1, 0, 0, 0, 0, 0, 0, 0, 0, 0, 0, 0, 0, 0, 0, 0, 0, 0, 0, 0, 0] (0.428s)
  Sub: Z₀=38.757708 [LOCAL] (0.2s), α=[0.000,0.000,0.000,0.000,0.000,0.000,0.000,0.000,0.000,0.000,0.000,0.000,0.000,0.000,0.000,0.000,0.000,0.000,0.000,0.000,0.000,0.000,0.000,0.000,8.146,0.000,0.000,0.000,2.103,0.000,0.000,0.000,0.000,0.000,0.000,0.000,0.000,0.000,0.000,0.000,0.000,0.000,0.000,0.000,0.000,0.000,0.000]
  Iter 151: LB=-47.480739  UB=33.482235  gap=2.42e+00
  Cut: intercept=-1136.872512, π_x_range=[-830.5365, 589.1888]

=== True-DRO Benders iter 152 ===
  OMP: t₀=-46.491266, UB=33.482235, gap=2.39e+00, x=[0, 0, 0, 0, 0, 0, 0, 0, 0, 0, 0, 0, 1, 0, 0, 0, 0, 0, 0, 0, 0, 0, 0, 0, 0, 0, 0, 0, 0, 0, 0, 0, 0, 0, 0, 0, 1, 0, 0, 0, 0, 0, 0, 0, 0, 0, 0] (0.463s)
  Sub: Z₀=42.000989 [LOCAL] (0.2s), α=[0.000,0.000,0.000,0.000,0.000,0.000,0.000,0.000,0.000,0.000,0.000,0.000,0.000,0.000,0.000,0.000,0.000,0.000,0.000,0.000,0.000,0.000,0.000,0.000,1.079,0.000,0.000,0.000,0.907,0.000,0.000,0.000,0.000,0.000,0.000,0.000,8.264,0.000,0.000,0.000,0.000,0.000,0.000,0.000,0.000,0.000,0.000]
  Iter 152: LB=-46.491266  UB=33.482235  gap=2.39e+00
  Cut: intercept=-1127.142366, π_x_range=[-831.0894, 584.6931]

=== True-DRO Benders iter 153 ===
  OMP: t₀=-46.409067, UB=33.482235, gap=2.39e+00, x=[0, 0, 0, 0, 0, 0, 0, 0, 0, 0, 0, 0, 0, 0, 0, 1, 0, 0, 0, 0, 0, 0, 0, 0, 0, 1, 0, 0, 0, 0, 0, 0, 0, 0, 0, 0, 0, 0, 0, 0, 0, 0, 0, 0, 0, 0, 0] (0.424s)
  Sub: Z₀=41.572090 [LOCAL] (0.2s), α=[0.000,0.000,0.000,0.000,0.000,0.000,0.000,0.000,0.000,0.000,0.000,0.000,0.000,0.000,0.000,0.000,0.000,0.000,0.000,0.000,0.000,0.000,0.000,0.000,6.361,0.000,0.000,0.025,3.706,0.000,0.000,0.000,0.000,0.000,0.000,0.000,0.157,0.000,0.000,0.000,0.000,0.000,0.000,0.000,0.000,0.000,0.000]
  Iter 153: LB=-46.409067  UB=33.482235  gap=2.39e+00
  Cut: intercept=-1091.330506, π_x_range=[-829.9124, 593.8088]

=== True-DRO Benders iter 154 ===
  OMP: t₀=-46.394998, UB=33.482235, gap=2.39e+00, x=[0, 0, 0, 0, 0, 0, 0, 0, 0, 0, 0, 0, 0, 0, 0, 1, 0, 0, 0, 0, 0, 0, 0, 0, 1, 0, 0, 0, 0, 0, 0, 0, 0, 0, 0, 0, 0, 0, 0, 0, 0, 0, 0, 0, 0, 0, 0] (0.460s)
  Sub: Z₀=41.815270 [LOCAL] (0.2s), α=[0.000,0.000,0.000,0.000,0.000,0.000,0.000,0.000,0.000,0.000,0.000,0.000,0.000,0.000,0.000,0.000,0.000,0.000,0.000,0.000,0.000,0.000,0.000,0.000,8.146,0.000,0.000,0.000,1.321,0.000,0.000,0.000,0.000,0.000,0.000,0.782,0.000,0.000,0.000,0.000,0.000,0.000,0.000,0.000,0.000,0.000,0.000]
  Iter 154: LB=-46.394998  UB=33.482235  gap=2.39e+00
  Cut: intercept=-1076.602859, π_x_range=[-830.4880, 580.1820]

=== True-DRO Benders iter 155 ===
  OMP: t₀=-45.935796, UB=33.482235, gap=2.37e+00, x=[0, 0, 0, 0, 0, 0, 0, 0, 0, 0, 0, 1, 0, 0, 0, 0, 0, 0, 0, 0, 0, 0, 0, 0, 0, 0, 0, 0, 0, 0, 0, 0, 0, 0, 0, 1, 0, 0, 0, 0, 0, 0, 0, 0, 0, 0, 0] (0.452s)
  Sub: Z₀=42.974814 [TIME_LIMIT] (15.1s), α=[0.000,0.000,0.000,0.000,0.000,0.000,0.000,0.000,0.000,0.000,0.000,0.000,0.000,0.000,0.000,0.000,0.000,0.000,0.000,0.000,0.000,0.000,0.000,0.000,0.160,0.000,0.000,0.000,2.744,0.000,0.000,0.000,0.000,0.000,0.000,0.000,7.345,0.000,0.000,0.000,0.000,0.000,0.000,0.000,0.000,0.000,0.000]
  Iter 155: LB=-45.935796  UB=33.482235  gap=2.37e+00
  Cut: intercept=3.042204, π_x_range=[-250.0000, 29.6634]

=== True-DRO Benders iter 156 ===
  OMP: t₀=-43.521696, UB=33.482235, gap=2.30e+00, x=[0, 0, 0, 0, 0, 0, 0, 0, 0, 0, 0, 0, 0, 0, 1, 0, 0, 0, 0, 0, 0, 0, 0, 0, 1, 0, 0, 0, 0, 0, 0, 0, 0, 0, 0, 0, 0, 0, 0, 0, 0, 0, 0, 0, 0, 0, 0] (0.483s)
  Sub: Z₀=41.936364 [LOCAL] (0.3s), α=[0.000,0.000,0.000,0.000,0.000,0.000,0.000,0.000,0.000,0.000,0.000,0.000,0.000,0.000,0.000,0.000,0.000,0.000,0.000,0.000,0.000,0.000,0.000,0.000,8.119,0.000,0.000,0.000,2.130,0.000,0.000,0.000,0.000,0.000,0.000,0.000,0.000,0.000,0.000,0.000,0.000,0.000,0.000,0.000,0.000,0.000,0.000]
  Iter 156: LB=-43.521696  UB=33.482235  gap=2.30e+00
  Cut: intercept=-1133.356581, π_x_range=[-830.1682, 592.9311]

=== True-DRO Benders iter 157 ===
  OMP: t₀=-42.230098, UB=33.482235, gap=2.26e+00, x=[0, 0, 0, 0, 0, 0, 0, 0, 0, 0, 0, 0, 0, 1, 0, 0, 0, 0, 0, 0, 0, 0, 0, 0, 0, 0, 0, 0, 0, 0, 0, 0, 0, 0, 0, 1, 0, 0, 0, 0, 0, 0, 0, 0, 0, 0, 0] (0.470s)
  Sub: Z₀=42.819540 [LOCAL] (0.2s), α=[0.000,0.000,0.000,0.000,0.000,0.000,0.000,0.000,0.000,0.000,0.000,0.000,0.000,0.000,0.000,0.000,0.000,0.000,0.000,0.000,0.000,0.000,0.000,0.000,1.958,0.000,0.000,0.000,2.744,0.000,0.000,0.000,0.000,0.000,0.000,3.067,2.480,0.000,0.000,0.000,0.000,0.000,0.000,0.000,0.000,0.000,0.000]
  Iter 157: LB=-42.230098  UB=33.482235  gap=2.26e+00
  Cut: intercept=-1133.368818, π_x_range=[-830.4478, 593.3971]

=== True-DRO Benders iter 158 ===
  OMP: t₀=-41.194870, UB=33.482235, gap=2.23e+00, x=[0, 0, 0, 0, 0, 0, 0, 0, 0, 0, 0, 0, 0, 0, 0, 0, 0, 0, 1, 0, 0, 0, 0, 0, 0, 0, 0, 0, 0, 0, 0, 0, 0, 0, 0, 1, 0, 0, 0, 0, 0, 0, 0, 0, 0, 0, 0] (0.490s)
  Sub: Z₀=42.819540 [LOCAL] (0.2s), α=[0.000,0.000,0.000,0.000,0.000,0.000,0.000,0.000,0.000,0.000,0.000,0.000,0.000,0.000,0.000,0.000,0.000,0.000,0.000,0.000,0.000,0.000,0.000,0.000,1.958,0.000,0.000,0.000,2.744,0.000,0.000,0.000,0.000,0.000,0.000,3.042,2.505,0.000,0.000,0.000,0.000,0.000,0.000,0.000,0.000,0.000,0.000]
  Iter 158: LB=-41.194870  UB=33.482235  gap=2.23e+00
  Cut: intercept=-1132.790662, π_x_range=[-830.4276, 592.8316]

=== True-DRO Benders iter 159 ===
  OMP: t₀=-41.194831, UB=33.482235, gap=2.23e+00, x=[0, 0, 0, 0, 0, 0, 0, 0, 0, 0, 0, 0, 0, 0, 0, 0, 0, 1, 0, 0, 0, 0, 0, 0, 0, 0, 0, 0, 0, 0, 0, 0, 0, 0, 0, 1, 0, 0, 0, 0, 0, 0, 0, 0, 0, 0, 0] (0.546s)
  Sub: Z₀=42.819540 [LOCAL] (0.2s), α=[0.000,0.000,0.000,0.000,0.000,0.000,0.000,0.000,0.000,0.000,0.000,0.000,0.000,0.000,0.000,0.000,0.000,0.000,0.000,0.000,0.000,0.000,0.000,0.000,1.958,0.000,0.000,0.000,2.744,0.000,0.000,0.000,0.000,0.000,0.000,3.275,2.272,0.000,0.000,0.000,0.000,0.000,0.000,0.000,0.000,0.000,0.000]
  Iter 159: LB=-41.194831  UB=33.482235  gap=2.23e+00
  Cut: intercept=-1116.063523, π_x_range=[-830.4197, 582.8404]

=== True-DRO Benders iter 160 ===
  OMP: t₀=-41.194815, UB=33.482235, gap=2.23e+00, x=[0, 0, 0, 0, 0, 0, 0, 0, 0, 1, 0, 0, 0, 0, 0, 0, 0, 0, 0, 0, 0, 0, 0, 0, 0, 0, 0, 0, 0, 0, 0, 0, 0, 0, 0, 1, 0, 0, 0, 0, 0, 0, 0, 0, 0, 0, 0] (0.500s)
  Sub: Z₀=42.980782 [TIME_LIMIT] (15.1s), α=[0.000,0.000,0.000,0.000,0.000,0.000,0.000,0.000,0.000,0.000,0.000,0.000,0.000,0.000,0.000,0.000,0.000,0.000,0.000,0.000,0.000,0.000,0.000,0.000,0.160,0.000,0.000,0.000,2.744,0.000,0.000,0.000,0.000,0.000,0.000,3.419,3.926,0.000,0.000,0.000,0.000,0.000,0.000,0.000,0.000,0.000,0.000]
  Iter 160: LB=-41.194815  UB=33.482235  gap=2.23e+00
  Cut: intercept=32.766440, π_x_range=[-205.9362, 10.2143]

=== True-DRO Benders iter 161 ===
  OMP: t₀=-41.194787, UB=33.482235, gap=2.23e+00, x=[0, 0, 0, 0, 0, 0, 0, 0, 0, 0, 0, 0, 0, 0, 0, 0, 1, 0, 0, 0, 0, 0, 0, 0, 0, 0, 0, 0, 0, 0, 0, 0, 0, 0, 0, 1, 0, 0, 0, 0, 0, 0, 0, 0, 0, 0, 0] (0.594s)
  Sub: Z₀=42.819540 [LOCAL] (0.2s), α=[0.000,0.000,0.000,0.000,0.000,0.000,0.000,0.000,0.000,0.000,0.000,0.000,0.000,0.000,0.000,0.000,0.000,0.000,0.000,0.000,0.000,0.000,0.000,0.000,1.958,0.000,0.000,0.000,2.744,0.000,0.000,0.000,0.000,0.000,0.000,3.061,2.486,0.000,0.000,0.000,0.000,0.000,0.000,0.000,0.000,0.000,0.000]
  Iter 161: LB=-41.194787  UB=33.482235  gap=2.23e+00
  Cut: intercept=-1083.482239, π_x_range=[-830.4124, 582.7762]

=== True-DRO Benders iter 162 ===
  OMP: t₀=-40.620333, UB=33.482235, gap=2.21e+00, x=[0, 0, 0, 0, 0, 0, 0, 0, 0, 0, 0, 0, 0, 0, 0, 0, 0, 0, 0, 0, 0, 0, 1, 0, 0, 0, 1, 0, 0, 0, 0, 0, 0, 0, 0, 0, 0, 0, 0, 0, 0, 0, 0, 0, 0, 0, 0] (0.530s)
  Sub: Z₀=37.299568 [LOCAL] (0.3s), α=[0.000,0.000,0.000,0.000,0.000,0.000,0.000,0.000,0.000,0.000,0.000,0.000,0.000,0.000,0.000,0.000,0.000,0.000,0.000,0.000,0.000,0.000,3.469,0.000,6.781,0.000,0.000,0.000,0.000,0.000,0.000,0.000,0.000,0.000,0.000,0.000,0.000,0.000,0.000,0.000,0.000,0.000,0.000,0.000,0.000,0.000,0.000]
  Iter 162: LB=-40.620333  UB=33.482235  gap=2.21e+00
  Cut: intercept=-1125.893457, π_x_range=[-829.5040, 583.7533]

=== True-DRO Benders iter 163 ===
  OMP: t₀=-40.227222, UB=33.482235, gap=2.20e+00, x=[0, 0, 0, 0, 0, 0, 0, 0, 0, 0, 1, 0, 0, 0, 0, 1, 0, 0, 0, 0, 0, 0, 0, 0, 0, 0, 0, 0, 0, 0, 0, 0, 0, 0, 0, 0, 0, 0, 0, 0, 0, 0, 0, 0, 0, 0, 0] (0.488s)
  Sub: Z₀=40.913960 [LOCAL] (0.2s), α=[0.000,0.000,0.000,0.000,0.000,0.000,0.000,0.000,0.000,0.000,0.000,0.000,0.000,0.000,0.000,0.000,0.000,0.000,0.000,0.000,0.000,0.000,4.451,0.000,0.000,0.000,0.000,0.000,5.798,0.000,0.000,0.000,0.000,0.000,0.000,0.000,0.000,0.000,0.000,0.000,0.000,0.000,0.000,0.000,0.000,0.000,0.000]
  Iter 163: LB=-40.227222  UB=33.482235  gap=2.20e+00
  Cut: intercept=-1053.471925, π_x_range=[-828.3491, 554.2479]

=== True-DRO Benders iter 164 ===
  OMP: t₀=-39.824034, UB=33.482235, gap=2.19e+00, x=[0, 0, 0, 0, 0, 0, 0, 0, 0, 0, 0, 0, 0, 0, 1, 0, 0, 0, 0, 0, 0, 0, 0, 0, 0, 1, 0, 0, 0, 0, 0, 0, 0, 0, 0, 0, 0, 0, 0, 0, 0, 0, 0, 0, 0, 0, 0] (0.479s)
  Sub: Z₀=42.253788 [LOCAL] (0.2s), α=[0.000,0.000,0.000,0.000,0.000,0.000,0.000,0.000,0.000,0.000,0.000,0.000,0.000,0.000,0.000,0.000,0.000,0.000,0.000,0.000,0.000,0.000,0.000,0.000,4.900,2.605,0.000,0.000,2.744,0.000,0.000,0.000,0.000,0.000,0.000,0.000,0.000,0.000,0.000,0.000,0.000,0.000,0.000,0.000,0.000,0.000,0.000]
  Iter 164: LB=-39.824034  UB=33.482235  gap=2.19e+00
  Cut: intercept=-1142.065877, π_x_range=[-830.0133, 594.6401]

=== True-DRO Benders iter 165 ===
  OMP: t₀=-39.350033, UB=33.482235, gap=2.18e+00, x=[0, 0, 0, 0, 0, 0, 0, 0, 0, 0, 0, 0, 0, 0, 1, 1, 0, 0, 0, 0, 0, 0, 0, 0, 0, 0, 0, 0, 0, 0, 0, 0, 0, 0, 0, 0, 0, 0, 0, 0, 0, 0, 0, 0, 0, 0, 0] (0.467s)
  Sub: Z₀=44.355992 [TIME_LIMIT] (15.1s), α=[0.000,0.000,0.000,0.000,0.000,0.000,0.000,0.000,0.000,0.000,0.000,0.000,0.000,0.000,0.000,0.000,0.000,0.000,0.000,0.000,0.000,0.000,0.000,0.000,2.929,0.000,0.000,0.049,5.023,0.000,0.000,0.000,0.000,0.000,0.000,0.794,1.455,0.000,0.000,0.000,0.000,0.000,0.000,0.000,0.000,0.000,0.000]
  Iter 165: LB=-39.350033  UB=33.482235  gap=2.18e+00
  Cut: intercept=-99.969287, π_x_range=[-253.0000, 118.6408]

=== True-DRO Benders iter 166 ===
  OMP: t₀=-38.602499, UB=33.482235, gap=2.15e+00, x=[0, 0, 0, 0, 0, 0, 0, 0, 0, 0, 0, 0, 1, 0, 0, 0, 0, 0, 0, 0, 0, 0, 0, 0, 0, 0, 1, 0, 0, 0, 0, 0, 0, 0, 0, 0, 0, 0, 0, 0, 0, 0, 0, 0, 0, 0, 0] (0.519s)
  Sub: Z₀=41.524495 [LOCAL] (0.2s), α=[0.000,0.000,0.000,0.000,0.000,0.000,0.000,0.000,0.000,0.000,0.000,0.000,0.000,0.000,0.000,0.000,0.000,0.000,0.000,0.000,0.000,0.000,0.000,0.000,6.378,0.000,0.000,0.027,3.844,0.000,0.000,0.000,0.000,0.000,0.000,0.000,0.000,0.000,0.000,0.000,0.000,0.000,0.000,0.000,0.000,0.000,0.000]
  Iter 166: LB=-38.602499  UB=33.482235  gap=2.15e+00
  Cut: intercept=-1127.286945, π_x_range=[-829.8914, 585.3473]

=== True-DRO Benders iter 167 ===
  OMP: t₀=-38.335228, UB=33.482235, gap=2.14e+00, x=[0, 0, 0, 0, 0, 0, 0, 0, 0, 0, 0, 0, 0, 0, 0, 0, 0, 0, 0, 0, 0, 0, 0, 0, 1, 0, 0, 0, 0, 0, 0, 0, 1, 0, 0, 0, 0, 0, 0, 0, 0, 0, 0, 0, 0, 0, 0] (0.460s)
  Sub: Z₀=35.533535 [LOCAL] (0.2s), α=[0.000,0.000,0.000,0.000,0.000,0.000,0.000,0.000,0.000,0.000,0.000,0.000,0.000,0.000,0.000,0.000,0.000,0.000,0.000,0.000,0.000,0.000,0.000,0.000,7.212,0.000,0.000,0.000,3.037,0.000,0.000,0.000,0.000,0.000,0.000,0.000,0.000,0.000,0.000,0.000,0.000,0.000,0.000,0.000,0.000,0.000,0.000]
  Iter 167: LB=-38.335228  UB=33.482235  gap=2.14e+00
  Cut: intercept=-1141.007104, π_x_range=[-826.4162, 592.0842]

=== True-DRO Benders iter 168 ===
  OMP: t₀=-36.874214, UB=33.482235, gap=2.10e+00, x=[0, 0, 0, 0, 0, 0, 0, 0, 0, 0, 1, 0, 0, 0, 1, 0, 0, 0, 0, 0, 0, 0, 0, 0, 0, 0, 0, 0, 0, 0, 0, 0, 0, 0, 0, 0, 0, 0, 0, 0, 0, 0, 0, 0, 0, 0, 0] (0.525s)
  Sub: Z₀=40.913960 [LOCAL] (0.2s), α=[0.000,0.000,0.000,0.000,0.000,0.000,0.000,0.000,0.000,0.000,0.000,0.000,0.000,0.000,0.000,0.000,0.000,0.000,0.000,0.000,0.000,0.000,4.451,0.000,0.000,0.000,0.000,0.000,5.798,0.000,0.000,0.000,0.000,0.000,0.000,0.000,0.000,0.000,0.000,0.000,0.000,0.000,0.000,0.000,0.000,0.000,0.000]
  Iter 168: LB=-36.874214  UB=33.482235  gap=2.10e+00
  Cut: intercept=-1107.338074, π_x_range=[-828.3454, 594.0038]

=== True-DRO Benders iter 169 ===
  OMP: t₀=-35.089432, UB=33.482235, gap=2.05e+00, x=[0, 0, 0, 0, 0, 0, 0, 0, 0, 0, 1, 0, 0, 0, 0, 0, 0, 0, 0, 0, 0, 0, 0, 0, 0, 0, 0, 0, 1, 0, 0, 0, 0, 0, 0, 0, 0, 0, 0, 0, 0, 0, 0, 0, 0, 0, 0] (0.535s)
  Sub: Z₀=39.820410 [LOCAL] (0.2s), α=[0.000,0.000,0.000,0.000,0.000,0.000,0.000,0.000,0.000,0.000,0.000,0.000,0.000,0.000,0.000,0.000,0.000,0.000,0.000,0.000,0.000,0.000,4.451,0.000,0.000,0.000,0.000,0.000,5.798,0.000,0.000,0.000,0.000,0.000,0.000,0.000,0.000,0.000,0.000,0.000,0.000,0.000,0.000,0.000,0.000,0.000,0.000]
  Iter 169: LB=-35.089432  UB=33.482235  gap=2.05e+00
  Cut: intercept=-1112.136997, π_x_range=[-828.2648, 597.9091]

=== True-DRO Benders iter 170 ===
  OMP: t₀=-34.982958, UB=33.482235, gap=2.04e+00, x=[0, 0, 0, 0, 0, 0, 0, 0, 0, 0, 0, 0, 0, 0, 0, 0, 0, 0, 0, 0, 0, 0, 0, 0, 0, 1, 0, 0, 0, 0, 0, 0, 0, 1, 0, 0, 0, 0, 0, 0, 0, 0, 0, 0, 0, 0, 0] (0.518s)
  Sub: Z₀=42.254045 [TIME_LIMIT] (15.1s), α=[0.000,0.000,0.000,0.000,0.000,0.000,0.000,0.000,0.000,0.000,0.000,0.000,0.000,0.000,0.000,0.000,0.000,0.000,0.000,0.000,0.000,0.000,0.000,0.000,7.067,2.108,0.000,0.000,0.121,0.000,0.000,0.000,0.000,0.000,0.000,0.000,0.953,0.000,0.000,0.000,0.000,0.000,0.000,0.000,0.000,0.000,0.000]
  Iter 170: LB=-34.982958  UB=33.482235  gap=2.04e+00
  Cut: intercept=-64.934001, π_x_range=[-194.5433, 76.3957]

=== True-DRO Benders iter 171 ===
  OMP: t₀=-34.508958, UB=33.482235, gap=2.03e+00, x=[0, 0, 0, 0, 0, 0, 0, 0, 0, 0, 0, 0, 0, 0, 0, 1, 0, 0, 0, 0, 0, 0, 0, 0, 0, 0, 0, 0, 0, 0, 0, 0, 0, 1, 0, 0, 0, 0, 0, 0, 0, 0, 0, 0, 0, 0, 0] (0.555s)
  Sub: Z₀=43.530069 [LOCAL] (0.2s), α=[0.000,0.000,0.000,0.000,0.000,0.000,0.000,0.000,0.000,0.000,0.000,0.000,0.000,0.000,0.000,0.000,0.000,0.000,0.000,0.000,0.000,0.000,0.000,0.000,5.660,0.000,0.000,0.000,0.907,0.000,0.000,0.000,0.000,0.000,0.000,3.525,0.157,0.000,0.000,0.000,0.000,0.000,0.000,0.000,0.000,0.000,0.000]
  Iter 171: LB=-34.508958  UB=33.482235  gap=2.03e+00
  Cut: intercept=-1067.934791, π_x_range=[-830.9673, 572.2386]

=== True-DRO Benders iter 172 ===
  OMP: t₀=-32.066409, UB=33.482235, gap=1.96e+00, x=[0, 0, 0, 0, 0, 0, 0, 0, 0, 0, 0, 0, 1, 0, 0, 0, 0, 0, 0, 0, 0, 0, 0, 0, 1, 0, 0, 0, 0, 0, 0, 0, 0, 0, 0, 0, 0, 0, 0, 0, 0, 0, 0, 0, 0, 0, 0] (0.557s)
  Sub: Z₀=41.945525 [LOCAL] (0.2s), α=[0.000,0.000,0.000,0.000,0.000,0.000,0.000,0.000,0.000,0.000,0.000,0.000,0.000,0.000,0.000,0.000,0.000,0.000,0.000,0.000,0.000,0.000,0.000,0.000,8.146,0.000,0.000,0.000,2.058,0.000,0.000,0.000,0.000,0.000,0.000,0.000,0.045,0.000,0.000,0.000,0.000,0.000,0.000,0.000,0.000,0.000,0.000]
  Iter 172: LB=-32.066409  UB=33.482235  gap=1.96e+00
  Cut: intercept=-1124.612458, π_x_range=[-830.3963, 583.3910]

=== True-DRO Benders iter 173 ===
  OMP: t₀=-31.731935, UB=33.482235, gap=1.95e+00, x=[0, 0, 0, 0, 0, 0, 0, 0, 0, 0, 0, 0, 0, 1, 0, 0, 0, 0, 0, 0, 0, 0, 1, 0, 0, 0, 0, 0, 0, 0, 0, 0, 0, 0, 0, 0, 0, 0, 0, 0, 0, 0, 0, 0, 0, 0, 0] (0.502s)
  Sub: Z₀=40.577014 [LOCAL] (0.2s), α=[0.000,0.000,0.000,0.000,0.000,0.000,0.000,0.000,0.000,0.000,0.000,0.000,0.000,0.000,0.000,0.000,0.000,0.000,0.000,0.000,0.000,0.000,3.469,0.000,3.659,0.000,0.000,0.000,0.000,0.000,0.000,0.000,0.000,0.000,0.000,0.549,2.572,0.000,0.000,0.000,0.000,0.000,0.000,0.000,0.000,0.000,0.000]
  Iter 173: LB=-31.731935  UB=33.482235  gap=1.95e+00
  Cut: intercept=-1133.648993, π_x_range=[-830.7122, 591.2143]

=== True-DRO Benders iter 174 ===
  OMP: t₀=-31.662471, UB=33.482235, gap=1.95e+00, x=[0, 0, 0, 0, 0, 0, 0, 0, 0, 0, 0, 0, 0, 0, 0, 0, 0, 0, 0, 0, 0, 0, 0, 0, 1, 0, 0, 0, 1, 0, 0, 0, 0, 0, 0, 0, 0, 0, 0, 0, 0, 0, 0, 0, 0, 0, 0] (0.544s)
  Sub: Z₀=40.954455 [LOCAL] (0.2s), α=[0.000,0.000,0.000,0.000,0.000,0.000,0.000,0.000,0.000,0.000,0.000,0.000,0.000,0.000,0.000,0.000,0.000,0.000,0.000,0.000,0.000,0.000,0.000,0.000,8.146,0.000,0.000,0.000,2.058,0.000,0.000,0.000,0.000,0.000,0.000,0.000,0.045,0.000,0.000,0.000,0.000,0.000,0.000,0.000,0.000,0.000,0.000]
  Iter 174: LB=-31.662471  UB=33.482235  gap=1.95e+00
  Cut: intercept=-1140.265463, π_x_range=[-830.6327, 598.0541]

=== True-DRO Benders iter 175 ===
  OMP: t₀=-31.183288, UB=33.482235, gap=1.93e+00, x=[0, 0, 0, 0, 0, 0, 0, 0, 0, 0, 1, 0, 0, 1, 0, 0, 0, 0, 0, 0, 0, 0, 0, 0, 0, 0, 0, 0, 0, 0, 0, 0, 0, 0, 0, 0, 0, 0, 0, 0, 0, 0, 0, 0, 0, 0, 0] (0.548s)
  Sub: Z₀=42.289247 [TIME_LIMIT] (15.1s), α=[0.000,0.000,0.000,0.000,0.000,0.000,0.000,0.000,0.000,0.000,0.000,0.000,0.000,0.000,0.000,0.000,0.000,0.000,0.000,0.000,0.000,0.000,4.451,0.000,0.508,0.000,0.000,0.000,5.239,0.000,0.000,0.000,0.000,0.000,0.000,0.005,0.046,0.000,0.000,0.000,0.000,0.000,0.000,0.000,0.000,0.000,0.000]
  Iter 175: LB=-31.183288  UB=33.482235  gap=1.93e+00
  Cut: intercept=-93.416579, π_x_range=[-176.4287, 118.1111]

=== True-DRO Benders iter 176 ===
  OMP: t₀=-30.522581, UB=33.482235, gap=1.91e+00, x=[0, 0, 0, 0, 0, 0, 0, 0, 0, 0, 0, 1, 0, 0, 0, 0, 0, 0, 0, 0, 0, 0, 0, 0, 1, 0, 0, 0, 0, 0, 0, 0, 0, 0, 0, 0, 0, 0, 0, 0, 0, 0, 0, 0, 0, 0, 0] (0.648s)
  Sub: Z₀=41.936364 [LOCAL] (0.2s), α=[0.000,0.000,0.000,0.000,0.000,0.000,0.000,0.000,0.000,0.000,0.000,0.000,0.000,0.000,0.000,0.000,0.000,0.000,0.000,0.000,0.000,0.000,0.000,0.000,8.119,0.000,0.000,0.000,2.130,0.000,0.000,0.000,0.000,0.000,0.000,0.000,0.000,0.000,0.000,0.000,0.000,0.000,0.000,0.000,0.000,0.000,0.000]
  Iter 176: LB=-30.522581  UB=33.482235  gap=1.91e+00
  Cut: intercept=-1128.199234, π_x_range=[-830.3994, 587.5518]

=== True-DRO Benders iter 177 ===
  OMP: t₀=-30.463335, UB=33.482235, gap=1.91e+00, x=[0, 0, 0, 0, 0, 0, 0, 0, 0, 0, 0, 0, 0, 0, 0, 0, 0, 0, 0, 0, 0, 0, 0, 0, 1, 0, 0, 0, 0, 0, 0, 0, 0, 1, 0, 0, 0, 0, 0, 0, 0, 0, 0, 0, 0, 0, 0] (0.533s)
  Sub: Z₀=41.304372 [LOCAL] (0.2s), α=[0.000,0.000,0.000,0.000,0.000,0.000,0.000,0.000,0.000,0.000,0.000,0.000,0.000,0.000,0.000,0.000,0.000,0.000,0.000,0.000,0.000,0.000,0.000,0.000,8.730,0.000,0.000,0.000,0.907,0.000,0.000,0.000,0.000,0.000,0.000,0.060,0.552,0.000,0.000,0.000,0.000,0.000,0.000,0.000,0.000,0.000,0.000]
  Iter 177: LB=-30.463335  UB=33.482235  gap=1.91e+00
  Cut: intercept=-1112.132235, π_x_range=[-830.7454, 580.8886]

=== True-DRO Benders iter 178 ===
  OMP: t₀=-29.964698, UB=33.482235, gap=1.89e+00, x=[0, 0, 0, 0, 0, 0, 0, 0, 0, 1, 0, 0, 0, 0, 0, 0, 0, 0, 0, 0, 0, 0, 0, 0, 1, 0, 0, 0, 0, 0, 0, 0, 0, 0, 0, 0, 0, 0, 0, 0, 0, 0, 0, 0, 0, 0, 0] (0.616s)
  Sub: Z₀=41.945525 [LOCAL] (0.2s), α=[0.000,0.000,0.000,0.000,0.000,0.000,0.000,0.000,0.000,0.000,0.000,0.000,0.000,0.000,0.000,0.000,0.000,0.000,0.000,0.000,0.000,0.000,0.000,0.000,8.146,0.000,0.000,0.000,2.058,0.000,0.000,0.000,0.000,0.000,0.000,0.000,0.045,0.000,0.000,0.000,0.000,0.000,0.000,0.000,0.000,0.000,0.000]
  Iter 178: LB=-29.964698  UB=33.482235  gap=1.89e+00
  Cut: intercept=-1094.444082, π_x_range=[-827.1671, 583.1896]

=== True-DRO Benders iter 179 ===
  OMP: t₀=-29.883120, UB=33.482235, gap=1.89e+00, x=[0, 0, 0, 0, 0, 0, 0, 0, 0, 0, 0, 0, 0, 1, 0, 0, 0, 0, 0, 0, 0, 0, 0, 0, 1, 0, 0, 0, 0, 0, 0, 0, 0, 0, 0, 0, 0, 0, 0, 0, 0, 0, 0, 0, 0, 0, 0] (0.483s)
  Sub: Z₀=41.945525 [LOCAL] (0.2s), α=[0.000,0.000,0.000,0.000,0.000,0.000,0.000,0.000,0.000,0.000,0.000,0.000,0.000,0.000,0.000,0.000,0.000,0.000,0.000,0.000,0.000,0.000,0.000,0.000,8.146,0.000,0.000,0.000,2.058,0.000,0.000,0.000,0.000,0.000,0.000,0.000,0.045,0.000,0.000,0.000,0.000,0.000,0.000,0.000,0.000,0.000,0.000]
  Iter 179: LB=-29.883120  UB=33.482235  gap=1.89e+00
  Cut: intercept=-1135.954911, π_x_range=[-830.4183, 594.7758]

=== True-DRO Benders iter 180 ===
  OMP: t₀=-29.873409, UB=33.482235, gap=1.89e+00, x=[0, 0, 0, 0, 0, 0, 0, 0, 0, 0, 0, 0, 0, 0, 0, 0, 0, 1, 0, 0, 0, 0, 0, 0, 1, 0, 0, 0, 0, 0, 0, 0, 0, 0, 0, 0, 0, 0, 0, 0, 0, 0, 0, 0, 0, 0, 0] (0.531s)
  Sub: Z₀=42.063716 (10.9s), α=[0.000,0.000,0.000,0.000,0.000,0.000,0.000,0.000,0.000,0.000,0.000,0.000,0.000,0.000,0.000,0.000,0.000,0.000,0.000,0.000,0.000,0.000,0.000,0.000,8.726,0.000,0.000,0.000,0.917,0.000,0.000,0.000,0.000,0.000,0.000,0.086,0.520,0.000,0.000,0.000,0.000,0.000,0.000,0.000,0.000,0.000,0.000]
  Iter 180: LB=-29.873409  UB=33.482235  gap=1.89e+00
  Cut: intercept=15.678504, π_x_range=[-192.2963, 26.3852]
  Sherali-Cut: intercept=17.521649, π_x_range=[-117.9373, 24.5414]

=== True-DRO Benders iter 181 ===
  OMP: t₀=-28.239991, UB=33.482235, gap=1.84e+00, x=[0, 0, 0, 0, 0, 0, 0, 0, 0, 0, 1, 0, 1, 0, 0, 0, 0, 0, 0, 0, 0, 0, 0, 0, 0, 0, 0, 0, 0, 0, 0, 0, 0, 0, 0, 0, 0, 0, 0, 0, 0, 0, 0, 0, 0, 0, 0] (0.482s)
  Sub: Z₀=41.768538 [LOCAL] (0.2s), α=[0.000,0.000,0.000,0.000,0.000,0.000,0.000,0.000,0.000,0.000,0.000,0.000,0.000,0.000,0.000,0.000,0.000,0.000,0.000,0.000,0.000,0.000,4.451,0.000,0.000,0.000,0.000,0.000,5.798,0.000,0.000,0.000,0.000,0.000,0.000,0.000,0.000,0.000,0.000,0.000,0.000,0.000,0.000,0.000,0.000,0.000,0.000]
  Iter 181: LB=-28.239991  UB=33.482235  gap=1.84e+00
  Cut: intercept=-1089.623111, π_x_range=[-828.6862, 577.1902]

=== True-DRO Benders iter 182 ===
  OMP: t₀=-24.039381, UB=33.482235, gap=1.72e+00, x=[0, 0, 0, 0, 0, 0, 0, 0, 0, 0, 0, 0, 0, 0, 0, 0, 0, 0, 0, 0, 0, 0, 0, 1, 0, 0, 0, 0, 0, 0, 1, 0, 0, 0, 0, 0, 0, 0, 0, 0, 0, 0, 0, 0, 0, 0, 0] (0.532s)
  Sub: Z₀=36.592523 [LOCAL] (0.2s), α=[0.000,0.000,0.000,0.000,0.000,0.000,0.000,0.000,0.000,0.000,0.000,0.000,0.000,0.000,0.000,0.000,0.000,0.000,0.000,0.000,0.000,0.000,2.248,3.055,2.341,0.000,0.000,0.000,0.000,0.000,2.605,0.000,0.000,0.000,0.000,0.000,0.000,0.000,0.000,0.000,0.000,0.000,0.000,0.000,0.000,0.000,0.000]
  Iter 182: LB=-24.039381  UB=33.482235  gap=1.72e+00
  Cut: intercept=-1132.614614, π_x_range=[-827.6978, 589.8008]

=== True-DRO Benders iter 183 ===
  OMP: t₀=-23.715611, UB=33.482235, gap=1.71e+00, x=[0, 0, 0, 0, 0, 0, 0, 0, 0, 0, 1, 1, 0, 0, 0, 0, 0, 0, 0, 0, 0, 0, 0, 0, 0, 0, 0, 0, 0, 0, 0, 0, 0, 0, 0, 0, 0, 0, 0, 0, 0, 0, 0, 0, 0, 0, 0] (0.526s)
  Sub: Z₀=41.760350 [LOCAL] (0.2s), α=[0.000,0.000,0.000,0.000,0.000,0.000,0.000,0.000,0.000,0.000,0.000,0.000,0.000,0.000,0.000,0.000,0.000,0.000,0.000,0.000,0.000,0.000,4.451,0.000,0.000,0.000,0.000,0.000,5.798,0.000,0.000,0.000,0.000,0.000,0.000,0.000,0.000,0.000,0.000,0.000,0.000,0.000,0.000,0.000,0.000,0.000,0.000]
  Iter 183: LB=-23.715611  UB=33.482235  gap=1.71e+00
  Cut: intercept=-1101.802342, π_x_range=[-828.6860, 589.3603]

=== True-DRO Benders iter 184 ===
  OMP: t₀=-22.607588, UB=33.482235, gap=1.68e+00, x=[0, 0, 0, 0, 0, 0, 0, 0, 0, 0, 0, 0, 0, 0, 0, 0, 0, 0, 0, 0, 0, 0, 0, 0, 0, 1, 1, 0, 0, 0, 0, 0, 0, 0, 0, 0, 0, 0, 0, 0, 0, 0, 0, 0, 0, 0, 0] (0.532s)
  Sub: Z₀=39.573033 [LOCAL] (0.3s), α=[0.000,0.000,0.000,0.000,0.000,0.000,0.000,0.000,0.000,0.000,0.000,0.000,0.000,0.000,0.000,0.000,0.000,0.000,0.000,0.000,0.000,0.000,0.000,0.000,7.505,0.000,0.000,0.000,2.744,0.000,0.000,0.000,0.000,0.000,0.000,0.000,0.000,0.000,0.000,0.000,0.000,0.000,0.000,0.000,0.000,0.000,0.000]
  Iter 184: LB=-22.607588  UB=33.482235  gap=1.68e+00
  Cut: intercept=-1137.310659, π_x_range=[-830.2688, 593.8836]

=== True-DRO Benders iter 185 ===
  OMP: t₀=-22.437204, UB=33.482235, gap=1.67e+00, x=[0, 0, 0, 0, 0, 0, 0, 0, 0, 0, 0, 0, 0, 0, 1, 0, 0, 0, 0, 0, 0, 0, 0, 0, 0, 0, 1, 0, 0, 0, 0, 0, 0, 0, 0, 0, 0, 0, 0, 0, 0, 0, 0, 0, 0, 0, 0] (0.577s)
  Sub: Z₀=40.945621 [TIME_LIMIT] (15.1s), α=[0.000,0.000,0.000,0.000,0.000,0.000,0.000,0.000,0.000,0.000,0.000,0.000,0.000,0.000,0.000,0.000,0.000,0.000,0.000,0.000,0.000,0.000,0.086,0.079,6.460,0.550,0.084,0.000,2.909,0.000,0.000,0.000,0.000,0.000,0.081,0.000,0.000,0.000,0.000,0.000,0.000,0.000,0.000,0.000,0.000,0.000,0.000]
  Iter 185: LB=-22.437204  UB=33.482235  gap=1.67e+00
  Cut: intercept=-55.725879, π_x_range=[-268.7632, 68.1349]

=== True-DRO Benders iter 186 ===
  OMP: t₀=-21.971100, UB=33.482235, gap=1.66e+00, x=[0, 0, 0, 0, 0, 0, 0, 0, 0, 0, 1, 0, 0, 0, 0, 0, 0, 0, 0, 0, 0, 0, 0, 1, 0, 0, 0, 0, 0, 0, 0, 0, 0, 0, 0, 0, 0, 0, 0, 0, 0, 0, 0, 0, 0, 0, 0] (0.662s)
  Sub: Z₀=40.115678 [LOCAL] (0.4s), α=[0.000,0.000,0.000,0.000,0.000,0.000,0.000,0.000,0.000,0.000,0.000,0.000,0.000,0.000,0.000,0.000,0.000,0.000,0.000,0.000,0.000,0.000,7.762,0.000,2.363,0.000,0.000,0.000,0.000,0.000,0.000,0.000,0.000,0.000,0.000,0.000,0.125,0.000,0.000,0.000,0.000,0.000,0.000,0.000,0.000,0.000,0.000]
  Iter 186: LB=-21.971100  UB=33.482235  gap=1.66e+00
  Cut: intercept=-1089.308660, π_x_range=[-823.4864, 581.5674]

=== True-DRO Benders iter 187 ===
  OMP: t₀=-20.334342, UB=33.482235, gap=1.61e+00, x=[0, 0, 0, 0, 0, 0, 0, 0, 0, 0, 0, 0, 0, 0, 0, 0, 0, 0, 0, 0, 0, 0, 0, 1, 0, 0, 0, 0, 0, 0, 0, 1, 0, 0, 0, 0, 0, 0, 0, 0, 0, 0, 0, 0, 0, 0, 0] (0.552s)
  Sub: Z₀=35.803721 [LOCAL] (0.2s), α=[0.000,0.000,0.000,0.000,0.000,0.000,0.000,0.000,0.000,0.000,0.000,0.000,0.000,0.000,0.000,0.000,0.000,0.000,0.000,0.000,0.000,0.000,2.053,2.932,1.512,0.000,0.000,0.000,0.000,0.000,0.000,3.753,0.000,0.000,0.000,0.000,0.000,0.000,0.000,0.000,0.000,0.000,0.000,0.000,0.000,0.000,0.000]
  Iter 187: LB=-20.334342  UB=33.482235  gap=1.61e+00
  Cut: intercept=-1120.684864, π_x_range=[-827.8163, 591.3841]

=== True-DRO Benders iter 188 ===
  OMP: t₀=-20.235440, UB=33.482235, gap=1.60e+00, x=[0, 0, 0, 0, 0, 0, 0, 0, 0, 0, 0, 0, 0, 0, 0, 0, 0, 0, 0, 0, 0, 0, 0, 0, 0, 0, 0, 0, 0, 0, 0, 0, 0, 0, 0, 1, 1, 0, 0, 0, 0, 0, 0, 0, 0, 0, 0] (0.587s)
  Sub: Z₀=38.974672 [LOCAL] (0.3s), α=[0.000,0.000,0.000,0.000,0.000,0.000,0.000,0.000,0.000,0.000,0.000,0.000,0.000,0.000,0.000,0.000,0.000,0.000,0.000,0.000,0.000,0.000,0.000,0.000,0.160,0.000,0.000,0.000,2.744,0.000,0.000,0.000,0.000,0.000,0.000,2.158,5.187,0.000,0.000,0.000,0.000,0.000,0.000,0.000,0.000,0.000,0.000]
  Iter 188: LB=-20.235440  UB=33.482235  gap=1.60e+00
  Cut: intercept=-1134.442317, π_x_range=[-830.7422, 587.3309]

=== True-DRO Benders iter 189 ===
  OMP: t₀=-19.190031, UB=33.482235, gap=1.57e+00, x=[0, 0, 0, 0, 0, 0, 0, 0, 0, 0, 0, 0, 0, 0, 0, 0, 0, 0, 0, 0, 0, 0, 0, 1, 0, 0, 0, 0, 0, 0, 0, 0, 0, 0, 0, 1, 0, 0, 0, 0, 0, 0, 0, 0, 0, 0, 0] (0.582s)
  Sub: Z₀=38.623486 [LOCAL] (0.4s), α=[0.000,0.000,0.000,0.000,0.000,0.000,0.000,0.000,0.000,0.000,0.000,0.000,0.000,0.000,0.000,0.000,0.000,0.000,0.000,0.000,0.000,0.000,2.098,2.976,0.000,0.000,0.000,0.000,0.000,0.000,0.000,0.000,0.000,0.000,0.000,3.011,2.164,0.000,0.000,0.000,0.000,0.000,0.000,0.000,0.000,0.000,0.000]
  Iter 189: LB=-19.190031  UB=33.482235  gap=1.57e+00
  Cut: intercept=-1138.489379, π_x_range=[-828.8448, 591.5704]

=== True-DRO Benders iter 190 ===
  OMP: t₀=-18.913194, UB=33.482235, gap=1.56e+00, x=[0, 0, 0, 0, 0, 0, 0, 0, 0, 0, 0, 0, 0, 1, 0, 0, 0, 0, 0, 0, 0, 0, 0, 0, 0, 0, 1, 0, 0, 0, 0, 0, 0, 0, 0, 0, 0, 0, 0, 0, 0, 0, 0, 0, 0, 0, 0] (0.613s)
  Sub: Z₀=41.743307 [TIME_LIMIT] (15.1s), α=[0.000,0.000,0.000,0.000,0.000,0.000,0.000,0.000,0.000,0.000,0.000,0.000,0.000,0.000,0.000,0.000,0.000,0.000,0.000,0.000,0.000,0.000,0.317,0.273,5.800,0.074,0.000,0.000,3.334,0.000,0.000,0.000,0.000,0.000,0.293,0.000,0.157,0.000,0.000,0.000,0.000,0.000,0.000,0.000,0.000,0.000,0.000]
  Iter 190: LB=-18.913194  UB=33.482235  gap=1.56e+00
  Cut: intercept=-53.289596, π_x_range=[-261.0000, 70.4579]

=== True-DRO Benders iter 191 ===
  OMP: t₀=-17.262531, UB=33.482235, gap=1.52e+00, x=[0, 0, 0, 0, 0, 0, 0, 0, 0, 0, 0, 0, 1, 0, 0, 0, 0, 0, 0, 0, 0, 0, 0, 0, 0, 0, 0, 0, 0, 0, 0, 0, 0, 0, 0, 1, 0, 0, 0, 0, 0, 0, 0, 0, 0, 0, 0] (0.581s)
  Sub: Z₀=42.819540 [LOCAL] (0.2s), α=[0.000,0.000,0.000,0.000,0.000,0.000,0.000,0.000,0.000,0.000,0.000,0.000,0.000,0.000,0.000,0.000,0.000,0.000,0.000,0.000,0.000,0.000,0.000,0.000,1.958,0.000,0.000,0.000,2.744,0.000,0.000,0.000,0.000,0.000,0.000,3.208,2.339,0.000,0.000,0.000,0.000,0.000,0.000,0.000,0.000,0.000,0.000]
  Iter 191: LB=-17.262531  UB=33.482235  gap=1.52e+00
  Cut: intercept=-1118.845476, π_x_range=[-830.3959, 582.7116]

=== True-DRO Benders iter 192 ===
  OMP: t₀=-17.130260, UB=33.482235, gap=1.51e+00, x=[0, 0, 0, 0, 0, 0, 0, 0, 0, 0, 0, 0, 0, 0, 0, 0, 0, 0, 0, 0, 0, 0, 0, 0, 0, 1, 0, 0, 0, 0, 0, 0, 1, 0, 0, 0, 0, 0, 0, 0, 0, 0, 0, 0, 0, 0, 0] (0.534s)
  Sub: Z₀=36.068446 [LOCAL] (0.4s), α=[0.000,0.000,0.000,0.000,0.000,0.000,0.000,0.000,0.000,0.000,0.000,0.000,0.000,0.000,0.000,0.000,0.000,0.000,0.000,0.000,0.000,0.000,0.000,0.000,6.310,0.805,0.000,0.000,3.135,0.000,0.000,0.000,0.000,0.000,0.000,0.000,0.000,0.000,0.000,0.000,0.000,0.000,0.000,0.000,0.000,0.000,0.000]
  Iter 192: LB=-17.130260  UB=33.482235  gap=1.51e+00
  Cut: intercept=-1147.184423, π_x_range=[-826.6664, 592.0269]

=== True-DRO Benders iter 193 ===
  OMP: t₀=-17.060566, UB=33.482235, gap=1.51e+00, x=[0, 0, 0, 0, 0, 0, 0, 0, 0, 0, 0, 0, 0, 0, 0, 0, 0, 0, 0, 0, 0, 0, 0, 0, 0, 0, 1, 0, 0, 0, 0, 0, 0, 0, 0, 1, 0, 0, 0, 0, 0, 0, 0, 0, 0, 0, 0] (0.542s)
  Sub: Z₀=38.907993 [LOCAL] (0.3s), α=[0.000,0.000,0.000,0.000,0.000,0.000,0.000,0.000,0.000,0.000,0.000,0.000,0.000,0.000,0.000,0.000,0.000,0.000,0.000,0.000,0.000,0.000,0.000,0.000,4.367,0.000,0.000,0.022,3.444,0.000,0.000,0.000,0.000,0.000,0.000,2.347,0.070,0.000,0.000,0.000,0.000,0.000,0.000,0.000,0.000,0.000,0.000]
  Iter 193: LB=-17.060566  UB=33.482235  gap=1.51e+00
  Cut: intercept=-1130.705700, π_x_range=[-830.3191, 585.5079]

=== True-DRO Benders iter 194 ===
  OMP: t₀=-16.656592, UB=33.482235, gap=1.50e+00, x=[0, 0, 0, 0, 0, 0, 0, 0, 0, 0, 0, 0, 0, 0, 0, 0, 0, 0, 0, 0, 0, 0, 0, 0, 0, 1, 0, 0, 1, 0, 0, 0, 0, 0, 0, 0, 0, 0, 0, 0, 0, 0, 0, 0, 0, 0, 0] (0.531s)
  Sub: Z₀=41.537496 [LOCAL] (0.2s), α=[0.000,0.000,0.000,0.000,0.000,0.000,0.000,0.000,0.000,0.000,0.000,0.000,0.000,0.000,0.000,0.000,0.000,0.000,0.000,0.000,0.000,0.000,0.000,0.000,6.378,0.736,0.000,0.000,3.135,0.000,0.000,0.000,0.000,0.000,0.000,0.000,0.000,0.000,0.000,0.000,0.000,0.000,0.000,0.000,0.000,0.000,0.000]
  Iter 194: LB=-16.656592  UB=33.482235  gap=1.50e+00
  Cut: intercept=-1147.599250, π_x_range=[-829.9274, 597.7519]

=== True-DRO Benders iter 195 ===
  OMP: t₀=-16.596214, UB=33.482235, gap=1.50e+00, x=[0, 0, 0, 0, 0, 0, 0, 0, 0, 0, 0, 0, 0, 0, 0, 0, 0, 0, 0, 0, 0, 0, 0, 1, 0, 1, 0, 0, 0, 0, 0, 0, 0, 0, 0, 0, 0, 0, 0, 0, 0, 0, 0, 0, 0, 0, 0] (0.542s)
  Sub: Z₀=38.447360 (7.9s), α=[0.000,0.000,0.000,0.000,0.000,0.000,0.000,0.000,0.000,0.000,0.000,0.000,0.000,0.000,0.000,0.000,0.000,0.000,0.000,0.000,0.000,0.000,2.472,4.174,0.000,3.603,0.000,0.000,0.000,0.000,0.000,0.000,0.000,0.000,0.000,0.000,0.000,0.000,0.000,0.000,0.000,0.000,0.000,0.000,0.000,0.000,0.000]
  Iter 195: LB=-16.596214  UB=33.482235  gap=1.50e+00
  Cut: intercept=-41.204781, π_x_range=[-198.9072, 53.9032]
  Sherali-Cut: intercept=-37.692010, π_x_range=[-146.3577, 51.7991]

=== True-DRO Benders iter 196 ===
  OMP: t₀=-15.430438, UB=33.482235, gap=1.46e+00, x=[0, 0, 0, 0, 0, 0, 0, 0, 0, 0, 0, 0, 0, 0, 1, 0, 0, 0, 0, 0, 0, 0, 0, 0, 0, 0, 0, 0, 0, 0, 0, 0, 1, 0, 0, 0, 0, 0, 0, 0, 0, 0, 0, 0, 0, 0, 0] (0.465s)
  Sub: Z₀=39.538817 [LOCAL] (0.2s), α=[0.000,0.000,0.000,0.000,0.000,0.000,0.000,0.000,0.000,0.000,0.000,0.000,0.000,0.000,0.000,0.000,0.000,0.000,0.000,0.000,0.000,0.000,0.000,0.000,2.929,0.000,0.000,0.000,6.868,0.000,0.000,0.000,0.000,0.000,0.000,0.033,0.419,0.000,0.000,0.000,0.000,0.000,0.000,0.000,0.000,0.000,0.000]
  Iter 196: LB=-15.430438  UB=33.482235  gap=1.46e+00
  Cut: intercept=-1141.173147, π_x_range=[-824.9904, 590.9535]

=== True-DRO Benders iter 197 ===
  OMP: t₀=-14.472640, UB=33.482235, gap=1.43e+00, x=[0, 0, 0, 0, 0, 0, 0, 0, 0, 0, 0, 0, 1, 0, 0, 0, 0, 0, 0, 0, 0, 0, 0, 0, 0, 1, 0, 0, 0, 0, 0, 0, 0, 0, 0, 0, 0, 0, 0, 0, 0, 0, 0, 0, 0, 0, 0] (0.471s)
  Sub: Z₀=42.576914 [LOCAL] (0.2s), α=[0.000,0.000,0.000,0.000,0.000,0.000,0.000,0.000,0.000,0.000,0.000,0.000,0.000,0.000,0.000,0.000,0.000,0.000,0.000,0.000,0.000,0.000,0.000,0.000,7.183,0.127,0.000,0.000,2.744,0.000,0.000,0.000,0.000,0.000,0.000,0.000,0.195,0.000,0.000,0.000,0.000,0.000,0.000,0.000,0.000,0.000,0.000]
  Iter 197: LB=-14.472640  UB=33.482235  gap=1.43e+00
  Cut: intercept=-1123.569068, π_x_range=[-829.6109, 589.7589]

=== True-DRO Benders iter 198 ===
  OMP: t₀=-13.894544, UB=33.482235, gap=1.41e+00, x=[0, 0, 0, 0, 0, 0, 0, 0, 0, 0, 0, 0, 0, 1, 0, 0, 0, 0, 0, 0, 0, 0, 0, 0, 0, 1, 0, 0, 0, 0, 0, 0, 0, 0, 0, 0, 0, 0, 0, 0, 0, 0, 0, 0, 0, 0, 0] (0.500s)
  Sub: Z₀=42.576914 [LOCAL] (0.3s), α=[0.000,0.000,0.000,0.000,0.000,0.000,0.000,0.000,0.000,0.000,0.000,0.000,0.000,0.000,0.000,0.000,0.000,0.000,0.000,0.000,0.000,0.000,0.000,0.000,6.378,0.966,0.000,0.000,2.744,0.000,0.000,0.000,0.000,0.000,0.000,0.000,0.160,0.000,0.000,0.000,0.000,0.000,0.000,0.000,0.000,0.000,0.000]
  Iter 198: LB=-13.894544  UB=33.482235  gap=1.41e+00
  Cut: intercept=-1139.211351, π_x_range=[-829.5645, 592.4681]

=== True-DRO Benders iter 199 ===
  OMP: t₀=-13.585146, UB=33.482235, gap=1.41e+00, x=[0, 0, 0, 0, 0, 0, 0, 0, 0, 0, 0, 1, 0, 0, 0, 0, 0, 0, 0, 0, 0, 0, 0, 0, 0, 1, 0, 0, 0, 0, 0, 0, 0, 0, 0, 0, 0, 0, 0, 0, 0, 0, 0, 0, 0, 0, 0] (0.504s)
  Sub: Z₀=42.576914 [LOCAL] (0.3s), α=[0.000,0.000,0.000,0.000,0.000,0.000,0.000,0.000,0.000,0.000,0.000,0.000,0.000,0.000,0.000,0.000,0.000,0.000,0.000,0.000,0.000,0.000,0.000,0.000,5.881,1.624,0.000,0.000,2.744,0.000,0.000,0.000,0.000,0.000,0.000,0.000,0.000,0.000,0.000,0.000,0.000,0.000,0.000,0.000,0.000,0.000,0.000]
  Iter 199: LB=-13.585146  UB=33.482235  gap=1.41e+00
  Cut: intercept=-1133.983952, π_x_range=[-830.0488, 590.3093]

=== True-DRO Benders iter 200 ===
  OMP: t₀=-13.351890, UB=33.482235, gap=1.40e+00, x=[0, 0, 0, 0, 0, 0, 0, 0, 0, 0, 0, 0, 0, 0, 0, 0, 0, 0, 1, 0, 0, 0, 0, 0, 0, 1, 0, 0, 0, 0, 0, 0, 0, 0, 0, 0, 0, 0, 0, 0, 0, 0, 0, 0, 0, 0, 0] (0.497s)
  Sub: Z₀=42.875969 [TIME_LIMIT] (15.1s), α=[0.000,0.000,0.000,0.000,0.000,0.000,0.000,0.000,0.000,0.000,0.000,0.000,0.000,0.000,0.000,0.000,0.000,0.000,0.000,0.000,0.000,0.000,0.000,0.000,6.378,1.850,0.000,0.000,0.907,0.000,0.000,0.000,0.000,0.000,0.000,0.000,1.114,0.000,0.000,0.000,0.000,0.000,0.000,0.000,0.000,0.000,0.000]
  Iter 200: LB=-13.351890  UB=33.482235  gap=1.40e+00
  Cut: intercept=-5.479899, π_x_range=[-248.0000, 25.6915]

=== True-DRO Benders iter 201 ===
  OMP: t₀=-13.351888, UB=33.482235, gap=1.40e+00, x=[0, 0, 0, 0, 0, 0, 0, 0, 0, 0, 0, 0, 0, 0, 0, 0, 0, 1, 0, 0, 0, 0, 0, 0, 0, 1, 0, 0, 0, 0, 0, 0, 0, 0, 0, 0, 0, 0, 0, 0, 0, 0, 0, 0, 0, 0, 0] (0.536s)
  Sub: Z₀=42.576914 [LOCAL] (0.3s), α=[0.000,0.000,0.000,0.000,0.000,0.000,0.000,0.000,0.000,0.000,0.000,0.000,0.000,0.000,0.000,0.000,0.000,0.000,0.000,0.000,0.000,0.000,0.000,0.000,7.184,0.126,0.000,0.000,2.744,0.000,0.000,0.000,0.000,0.000,0.000,0.000,0.195,0.000,0.000,0.000,0.000,0.000,0.000,0.000,0.000,0.000,0.000]
  Iter 201: LB=-13.351888  UB=33.482235  gap=1.40e+00
  Cut: intercept=-1120.717165, π_x_range=[-829.6211, 590.0272]

=== True-DRO Benders iter 202 ===
  OMP: t₀=-13.351884, UB=33.482235, gap=1.40e+00, x=[0, 0, 0, 0, 0, 0, 0, 0, 0, 0, 0, 0, 0, 0, 0, 0, 1, 0, 0, 0, 0, 0, 0, 0, 0, 1, 0, 0, 0, 0, 0, 0, 0, 0, 0, 0, 0, 0, 0, 0, 0, 0, 0, 0, 0, 0, 0] (0.530s)
  Sub: Z₀=42.576914 [LOCAL] (0.3s), α=[0.000,0.000,0.000,0.000,0.000,0.000,0.000,0.000,0.000,0.000,0.000,0.000,0.000,0.000,0.000,0.000,0.000,0.000,0.000,0.000,0.000,0.000,0.000,0.000,7.185,0.125,0.000,0.000,2.744,0.000,0.000,0.000,0.000,0.000,0.000,0.000,0.195,0.000,0.000,0.000,0.000,0.000,0.000,0.000,0.000,0.000,0.000]
  Iter 202: LB=-13.351884  UB=33.482235  gap=1.40e+00
  Cut: intercept=-1093.502867, π_x_range=[-829.6085, 590.0397]

=== True-DRO Benders iter 203 ===
  OMP: t₀=-11.306785, UB=33.482235, gap=1.34e+00, x=[0, 0, 0, 0, 0, 0, 0, 0, 0, 0, 0, 0, 0, 0, 0, 0, 0, 0, 1, 0, 0, 0, 0, 0, 0, 0, 1, 0, 0, 0, 0, 0, 0, 0, 0, 0, 0, 0, 0, 0, 0, 0, 0, 0, 0, 0, 0] (0.519s)
  Sub: Z₀=41.529337 [LOCAL] (0.2s), α=[0.000,0.000,0.000,0.000,0.000,0.000,0.000,0.000,0.000,0.000,0.000,0.000,0.000,0.000,0.000,0.000,0.000,0.000,0.000,0.000,0.000,0.000,0.000,0.000,6.378,0.000,0.000,0.026,3.844,0.000,0.000,0.000,0.000,0.000,0.000,0.000,0.000,0.000,0.000,0.000,0.000,0.000,0.000,0.000,0.000,0.000,0.000]
  Iter 203: LB=-11.306785  UB=33.482235  gap=1.34e+00
  Cut: intercept=-1135.142447, π_x_range=[-829.8069, 593.8079]

=== True-DRO Benders iter 204 ===
  OMP: t₀=-10.617827, UB=33.482235, gap=1.32e+00, x=[0, 0, 0, 0, 0, 0, 0, 0, 0, 0, 0, 1, 0, 0, 0, 0, 0, 0, 0, 0, 0, 0, 0, 0, 0, 0, 0, 0, 0, 0, 0, 0, 1, 0, 0, 0, 0, 0, 0, 0, 0, 0, 0, 0, 0, 0, 0] (0.500s)
  Sub: Z₀=39.560586 [LOCAL] (0.2s), α=[0.000,0.000,0.000,0.000,0.000,0.000,0.000,0.000,0.000,0.000,0.000,0.000,0.000,0.000,0.000,0.000,0.000,0.000,0.000,0.000,0.000,0.000,0.000,0.000,2.929,0.000,0.000,0.000,6.630,0.000,0.000,0.000,0.000,0.000,0.000,0.061,0.630,0.000,0.000,0.000,0.000,0.000,0.000,0.000,0.000,0.000,0.000]
  Iter 204: LB=-10.617827  UB=33.482235  gap=1.32e+00
  Cut: intercept=-1133.441371, π_x_range=[-825.1745, 590.9955]

=== True-DRO Benders iter 205 ===
  OMP: t₀=-9.660144, UB=33.482235, gap=1.29e+00, x=[0, 0, 0, 0, 0, 0, 0, 0, 0, 0, 0, 0, 0, 0, 0, 0, 0, 0, 0, 0, 0, 0, 0, 0, 0, 0, 1, 0, 0, 0, 0, 1, 0, 0, 0, 0, 0, 0, 0, 0, 0, 0, 0, 0, 0, 0, 0] (0.518s)
  Sub: Z₀=39.543236 (4.1s), α=[0.000,0.000,0.000,0.000,0.000,0.000,0.000,0.000,0.000,0.000,0.000,0.000,0.000,0.000,0.000,0.000,0.000,0.000,0.000,0.000,0.000,0.000,0.000,0.000,7.638,0.000,0.000,0.000,2.611,0.000,0.000,0.000,0.000,0.000,0.000,0.000,0.000,0.000,0.000,0.000,0.000,0.000,0.000,0.000,0.000,0.000,0.000]
  Iter 205: LB=-9.660144  UB=33.482235  gap=1.29e+00
  Cut: intercept=-78.624151, π_x_range=[-185.0970, 71.3896]
  Sherali-Cut: intercept=-20.306408, π_x_range=[-136.3340, 37.9877]

=== True-DRO Benders iter 206 ===
  OMP: t₀=-9.345658, UB=33.482235, gap=1.28e+00, x=[0, 0, 0, 0, 0, 0, 0, 0, 0, 0, 0, 0, 0, 0, 0, 0, 0, 0, 1, 0, 0, 0, 0, 0, 0, 0, 0, 0, 0, 0, 0, 0, 0, 0, 0, 0, 1, 0, 0, 0, 0, 0, 0, 0, 0, 0, 0] (0.569s)
  Sub: Z₀=42.000989 [LOCAL] (0.2s), α=[0.000,0.000,0.000,0.000,0.000,0.000,0.000,0.000,0.000,0.000,0.000,0.000,0.000,0.000,0.000,0.000,0.000,0.000,0.000,0.000,0.000,0.000,0.000,0.000,1.079,0.000,0.000,0.000,0.907,0.000,0.000,0.000,0.000,0.000,0.000,0.000,8.264,0.000,0.000,0.000,0.000,0.000,0.000,0.000,0.000,0.000,0.000]
  Iter 206: LB=-9.345658  UB=33.482235  gap=1.28e+00
  Cut: intercept=-1138.702749, π_x_range=[-831.1082, 595.9557]

=== True-DRO Benders iter 207 ===
  OMP: t₀=-8.887130, UB=33.482235, gap=1.27e+00, x=[0, 0, 0, 0, 0, 0, 0, 0, 0, 0, 0, 0, 0, 0, 0, 0, 0, 0, 1, 0, 0, 0, 0, 0, 0, 0, 0, 0, 0, 0, 0, 0, 1, 0, 0, 0, 0, 0, 0, 0, 0, 0, 0, 0, 0, 0, 0] (0.512s)
  Sub: Z₀=39.560586 [LOCAL] (0.2s), α=[0.000,0.000,0.000,0.000,0.000,0.000,0.000,0.000,0.000,0.000,0.000,0.000,0.000,0.000,0.000,0.000,0.000,0.000,0.000,0.000,0.000,0.000,0.000,0.000,2.929,0.000,0.000,0.000,6.630,0.000,0.000,0.000,0.000,0.000,0.000,0.060,0.631,0.000,0.000,0.000,0.000,0.000,0.000,0.000,0.000,0.000,0.000]
  Iter 207: LB=-8.887130  UB=33.482235  gap=1.27e+00
  Cut: intercept=-1143.030362, π_x_range=[-825.1743, 591.5964]

=== True-DRO Benders iter 208 ===
  OMP: t₀=-8.523861, UB=33.482235, gap=1.25e+00, x=[0, 0, 0, 0, 0, 0, 0, 0, 0, 0, 0, 0, 0, 1, 0, 0, 0, 0, 0, 0, 0, 0, 0, 0, 0, 0, 0, 0, 0, 0, 0, 0, 1, 0, 0, 0, 0, 0, 0, 0, 0, 0, 0, 0, 0, 0, 0] (0.555s)
  Sub: Z₀=39.560586 [LOCAL] (0.2s), α=[0.000,0.000,0.000,0.000,0.000,0.000,0.000,0.000,0.000,0.000,0.000,0.000,0.000,0.000,0.000,0.000,0.000,0.000,0.000,0.000,0.000,0.000,0.000,0.000,2.929,0.000,0.000,0.000,6.630,0.000,0.000,0.000,0.000,0.000,0.000,0.061,0.629,0.000,0.000,0.000,0.000,0.000,0.000,0.000,0.000,0.000,0.000]
  Iter 208: LB=-8.523861  UB=33.482235  gap=1.25e+00
  Cut: intercept=-1141.063226, π_x_range=[-825.2992, 590.4587]

=== True-DRO Benders iter 209 ===
  OMP: t₀=-8.433410, UB=33.482235, gap=1.25e+00, x=[0, 0, 0, 0, 0, 0, 0, 0, 0, 1, 0, 0, 0, 0, 0, 0, 0, 0, 0, 0, 0, 0, 0, 0, 0, 1, 0, 0, 0, 0, 0, 0, 0, 0, 0, 0, 0, 0, 0, 0, 0, 0, 0, 0, 0, 0, 0] (0.525s)
  Sub: Z₀=42.576914 [LOCAL] (0.3s), α=[0.000,0.000,0.000,0.000,0.000,0.000,0.000,0.000,0.000,0.000,0.000,0.000,0.000,0.000,0.000,0.000,0.000,0.000,0.000,0.000,0.000,0.000,0.000,0.000,7.185,0.124,0.000,0.000,2.744,0.000,0.000,0.000,0.000,0.000,0.000,0.000,0.195,0.000,0.000,0.000,0.000,0.000,0.000,0.000,0.000,0.000,0.000]
  Iter 209: LB=-8.433410  UB=33.482235  gap=1.25e+00
  Cut: intercept=-1097.714824, π_x_range=[-826.3299, 590.0240]

=== True-DRO Benders iter 210 ===
  OMP: t₀=-6.184636, UB=33.482235, gap=1.18e+00, x=[0, 0, 0, 0, 0, 0, 0, 0, 0, 0, 0, 1, 0, 0, 0, 0, 0, 0, 0, 0, 0, 0, 0, 0, 0, 0, 0, 0, 0, 0, 0, 0, 0, 0, 0, 0, 1, 0, 0, 0, 0, 0, 0, 0, 0, 0, 0] (0.552s)
  Sub: Z₀=42.000991 (2.3s), α=[0.000,0.000,0.000,0.000,0.000,0.000,0.000,0.000,0.000,0.000,0.000,0.000,0.000,0.000,0.000,0.000,0.000,0.000,0.000,0.000,0.000,0.000,0.000,0.000,1.079,0.000,0.000,0.000,0.907,0.000,0.000,0.000,0.000,0.000,0.000,0.000,8.264,0.000,0.000,0.000,0.000,0.000,0.000,0.000,0.000,0.000,0.000]
  Iter 210: LB=-6.184636  UB=33.482235  gap=1.18e+00
  Cut: intercept=-32.707549, π_x_range=[-250.0000, 59.4196]
  Sherali-Cut: intercept=-6.927955, π_x_range=[-137.5900, 48.9289]

=== True-DRO Benders iter 211 ===
  OMP: t₀=-4.710235, UB=33.482235, gap=1.14e+00, x=[0, 0, 0, 0, 0, 0, 0, 0, 0, 0, 0, 0, 0, 0, 0, 0, 0, 0, 1, 0, 0, 0, 0, 0, 0, 0, 0, 0, 0, 1, 0, 0, 0, 0, 0, 0, 0, 0, 0, 0, 0, 0, 0, 0, 0, 0, 0] (0.504s)
  Sub: Z₀=41.609284 [LOCAL] (3.4s), α=[0.000,0.000,0.000,0.000,0.000,0.000,0.000,0.000,0.000,0.000,0.000,0.000,0.000,0.000,0.000,0.000,0.000,0.000,0.000,0.000,0.000,0.000,1.257,0.007,0.000,0.080,0.000,0.958,5.376,0.100,0.000,0.000,0.000,0.000,0.000,0.393,2.078,0.000,0.000,0.000,0.000,0.000,0.000,0.000,0.000,0.000,0.000]
  Iter 211: LB=-4.710235  UB=33.482235  gap=1.14e+00
  Cut: intercept=-1094.196807, π_x_range=[-828.4295, 588.6728]

=== True-DRO Benders iter 212 ===
  OMP: t₀=-4.041511, UB=33.482235, gap=1.12e+00, x=[0, 0, 0, 0, 0, 0, 0, 0, 0, 0, 0, 0, 0, 0, 1, 0, 0, 0, 0, 0, 0, 0, 0, 0, 0, 0, 0, 0, 0, 0, 0, 0, 0, 1, 0, 0, 0, 0, 0, 0, 0, 0, 0, 0, 0, 0, 0] (0.573s)
  Sub: Z₀=43.513355 [LOCAL] (0.2s), α=[0.000,0.000,0.000,0.000,0.000,0.000,0.000,0.000,0.000,0.000,0.000,0.000,0.000,0.000,0.000,0.000,0.000,0.000,0.000,0.000,0.000,0.000,0.000,0.000,5.969,0.000,0.000,0.000,0.907,0.000,0.000,0.000,0.000,0.000,3.040,0.020,0.313,0.000,0.000,0.000,0.000,0.000,0.000,0.000,0.000,0.000,0.000]
  Iter 212: LB=-4.041511  UB=33.482235  gap=1.12e+00
  Cut: intercept=-1117.748047, π_x_range=[-830.7246, 591.5713]

=== True-DRO Benders iter 213 ===
  OMP: t₀=-4.025247, UB=33.482235, gap=1.12e+00, x=[0, 0, 0, 0, 0, 0, 0, 0, 0, 0, 1, 0, 0, 0, 0, 0, 0, 0, 1, 0, 0, 0, 0, 0, 0, 0, 0, 0, 0, 0, 0, 0, 0, 0, 0, 0, 0, 0, 0, 0, 0, 0, 0, 0, 0, 0, 0] (0.522s)
  Sub: Z₀=41.768538 [LOCAL] (0.2s), α=[0.000,0.000,0.000,0.000,0.000,0.000,0.000,0.000,0.000,0.000,0.000,0.000,0.000,0.000,0.000,0.000,0.000,0.000,0.000,0.000,0.000,0.000,4.451,0.000,0.000,0.000,0.000,0.000,5.798,0.000,0.000,0.000,0.000,0.000,0.000,0.000,0.000,0.000,0.000,0.000,0.000,0.000,0.000,0.000,0.000,0.000,0.000]
  Iter 213: LB=-4.025247  UB=33.482235  gap=1.12e+00
  Cut: intercept=-1102.937423, π_x_range=[-828.6856, 590.5044]

=== True-DRO Benders iter 214 ===
  OMP: t₀=-3.848723, UB=33.482235, gap=1.11e+00, x=[0, 0, 0, 0, 0, 0, 0, 0, 0, 0, 0, 0, 0, 0, 0, 1, 0, 0, 0, 0, 0, 0, 0, 0, 0, 0, 0, 0, 1, 0, 0, 0, 0, 0, 0, 0, 0, 0, 0, 0, 0, 0, 0, 0, 0, 0, 0] (0.491s)
  Sub: Z₀=43.262844 [LOCAL] (0.2s), α=[0.000,0.000,0.000,0.000,0.000,0.000,0.000,0.000,0.000,0.000,0.000,0.000,0.000,0.000,0.000,0.000,0.000,0.000,0.000,0.000,0.000,0.000,0.000,0.000,3.946,0.000,0.000,0.000,3.842,0.000,0.000,0.000,0.000,0.000,0.000,2.462,0.000,0.000,0.000,0.000,0.000,0.000,0.000,0.000,0.000,0.000,0.000]
  Iter 214: LB=-3.848723  UB=33.482235  gap=1.11e+00
  Cut: intercept=-1093.082927, π_x_range=[-830.1359, 597.3085]

=== True-DRO Benders iter 215 ===
  OMP: t₀=-3.437480, UB=33.482235, gap=1.10e+00, x=[0, 0, 0, 0, 0, 0, 0, 0, 0, 0, 0, 1, 0, 0, 0, 0, 0, 0, 0, 0, 0, 0, 0, 0, 0, 0, 1, 0, 0, 0, 0, 0, 0, 0, 0, 0, 0, 0, 0, 0, 0, 0, 0, 0, 0, 0, 0] (0.525s)
  Sub: Z₀=41.743307 [TIME_LIMIT] (15.1s), α=[0.000,0.000,0.000,0.000,0.000,0.000,0.000,0.000,0.000,0.000,0.000,0.000,0.000,0.000,0.000,0.000,0.000,0.000,0.000,0.000,0.000,0.000,0.362,0.275,5.267,0.519,0.000,0.000,3.382,0.000,0.000,0.000,0.000,0.000,0.286,0.000,0.157,0.000,0.000,0.000,0.000,0.000,0.000,0.000,0.000,0.000,0.000]
  Iter 215: LB=-3.437480  UB=33.482235  gap=1.10e+00
  Cut: intercept=-45.117423, π_x_range=[-261.0000, 69.6824]

=== True-DRO Benders iter 216 ===
  OMP: t₀=-2.404891, UB=33.482235, gap=1.07e+00, x=[0, 0, 0, 0, 0, 0, 0, 0, 0, 0, 0, 0, 0, 0, 0, 0, 0, 0, 0, 0, 0, 0, 0, 0, 1, 0, 0, 0, 0, 0, 0, 1, 0, 0, 0, 0, 0, 0, 0, 0, 0, 0, 0, 0, 0, 0, 0] (0.658s)
  Sub: Z₀=37.045933 [LOCAL] (0.2s), α=[0.000,0.000,0.000,0.000,0.000,0.000,0.000,0.000,0.000,0.000,0.000,0.000,0.000,0.000,0.000,0.000,0.000,0.000,0.000,0.000,0.000,0.000,0.000,0.000,7.902,0.000,0.000,0.000,0.118,0.000,0.000,2.229,0.000,0.000,0.000,0.000,0.000,0.000,0.000,0.000,0.000,0.000,0.000,0.000,0.000,0.000,0.000]
  Iter 216: LB=-2.404891  UB=33.482235  gap=1.07e+00
  Cut: intercept=-1124.810530, π_x_range=[-831.0889, 588.8489]

=== True-DRO Benders iter 217 ===
  OMP: t₀=-1.784157, UB=33.482235, gap=1.05e+00, x=[0, 0, 0, 0, 0, 0, 0, 0, 0, 0, 0, 1, 0, 0, 0, 0, 0, 0, 0, 0, 0, 0, 0, 0, 0, 0, 0, 0, 0, 1, 0, 0, 0, 0, 0, 0, 0, 0, 0, 0, 0, 0, 0, 0, 0, 0, 0] (0.629s)
  Sub: Z₀=41.246420 [LOCAL] (3.5s), α=[0.000,0.000,0.000,0.000,0.000,0.000,0.000,0.000,0.000,0.000,0.000,0.000,0.000,0.000,0.000,0.000,0.000,0.000,0.000,0.000,0.000,0.000,1.249,0.014,0.000,0.080,0.000,0.967,5.368,0.100,0.000,0.000,0.000,0.000,0.000,0.363,2.108,0.000,0.000,0.000,0.000,0.000,0.000,0.000,0.000,0.000,0.000]
  Iter 217: LB=-1.784157  UB=33.482235  gap=1.05e+00
  Cut: intercept=-1087.407342, π_x_range=[-828.5038, 580.2974]

=== True-DRO Benders iter 218 ===
  OMP: t₀=-1.305640, UB=33.482235, gap=1.04e+00, x=[0, 0, 0, 0, 0, 0, 0, 0, 0, 0, 0, 0, 0, 0, 1, 0, 0, 0, 0, 0, 0, 0, 0, 0, 0, 0, 0, 0, 1, 0, 0, 0, 0, 0, 0, 0, 0, 0, 0, 0, 0, 0, 0, 0, 0, 0, 0] (0.620s)
  Sub: Z₀=43.077508 [LOCAL] (0.2s), α=[0.000,0.000,0.000,0.000,0.000,0.000,0.000,0.000,0.000,0.000,0.000,0.000,0.000,0.000,0.000,0.000,0.000,0.000,0.000,0.000,0.000,0.000,0.360,0.129,3.398,0.000,0.000,0.030,5.530,0.000,0.000,0.000,0.000,0.000,0.470,0.020,0.313,0.000,0.000,0.000,0.000,0.000,0.000,0.000,0.000,0.000,0.000]
  Iter 218: LB=-1.305640  UB=33.482235  gap=1.04e+00
  Cut: intercept=-1145.398497, π_x_range=[-829.3186, 596.7770]

=== True-DRO Benders iter 219 ===
  OMP: t₀=-1.143370, UB=33.482235, gap=1.03e+00, x=[0, 0, 0, 0, 0, 0, 0, 0, 0, 0, 0, 0, 0, 0, 0, 1, 0, 0, 0, 0, 0, 0, 0, 1, 0, 0, 0, 0, 0, 0, 0, 0, 0, 0, 0, 0, 0, 0, 0, 0, 0, 0, 0, 0, 0, 0, 0] (0.615s)
  Sub: Z₀=39.369037 [LOCAL] (0.5s), α=[0.000,0.000,0.000,0.000,0.000,0.000,0.000,0.000,0.000,0.000,0.000,0.000,0.000,0.000,0.000,0.000,0.000,0.000,0.000,0.000,0.000,0.000,3.374,3.803,2.278,0.000,0.000,0.000,0.000,0.000,0.000,0.000,0.000,0.000,0.000,0.794,0.000,0.000,0.000,0.000,0.000,0.000,0.000,0.000,0.000,0.000,0.000]
  Iter 219: LB=-1.143370  UB=33.482235  gap=1.03e+00
  Cut: intercept=-1077.412998, π_x_range=[-826.9756, 576.5288]

=== True-DRO Benders iter 220 ===
  OMP: t₀=-0.696331, UB=33.482235, gap=1.02e+00, x=[0, 0, 0, 0, 0, 0, 0, 0, 0, 0, 0, 0, 0, 0, 0, 0, 0, 0, 0, 0, 0, 0, 0, 0, 0, 0, 0, 0, 0, 0, 0, 1, 0, 0, 0, 1, 0, 0, 0, 0, 0, 0, 0, 0, 0, 0, 0] (0.667s)
  Sub: Z₀=38.831662 [TIME_LIMIT] (15.1s), α=[0.000,0.000,0.000,0.000,0.000,0.000,0.000,0.000,0.000,0.000,0.000,0.000,0.000,0.000,0.000,0.000,0.000,0.000,0.000,0.000,0.000,0.000,2.157,0.000,2.929,0.000,0.000,0.000,4.901,0.000,0.000,0.000,0.000,0.000,0.000,0.000,0.263,0.000,0.000,0.000,0.000,0.000,0.000,0.000,0.000,0.000,0.000]
  Iter 220: LB=-0.696331  UB=33.482235  gap=1.02e+00
  Cut: intercept=-39.045117, π_x_range=[-250.0000, 51.0614]

=== True-DRO Benders iter 221 ===
  OMP: t₀=-0.470202, UB=33.482235, gap=1.01e+00, x=[0, 0, 0, 0, 0, 0, 0, 0, 0, 0, 0, 0, 0, 0, 0, 0, 0, 0, 0, 0, 0, 0, 0, 0, 0, 0, 0, 0, 1, 0, 0, 0, 0, 1, 0, 0, 0, 0, 0, 0, 0, 0, 0, 0, 0, 0, 0] (0.695s)
  Sub: Z₀=43.662954 [LOCAL] (0.2s), α=[0.000,0.000,0.000,0.000,0.000,0.000,0.000,0.000,0.000,0.000,0.000,0.000,0.000,0.000,0.000,0.000,0.000,0.000,0.000,0.000,0.000,0.000,0.000,0.000,5.696,0.000,0.000,0.000,1.095,0.000,0.000,0.000,0.000,0.000,0.000,0.924,2.533,0.000,0.000,0.000,0.000,0.000,0.000,0.000,0.000,0.000,0.000]
  Iter 221: LB=-0.470202  UB=33.482235  gap=1.01e+00
  Cut: intercept=-1126.501611, π_x_range=[-831.2078, 597.1727]

=== True-DRO Benders iter 222 ===
  OMP: t₀=1.729933, UB=33.482235, gap=9.48e-01, x=[0, 0, 0, 0, 0, 0, 0, 0, 0, 0, 0, 0, 0, 0, 1, 0, 0, 0, 0, 0, 0, 0, 0, 1, 0, 0, 0, 0, 0, 0, 0, 0, 0, 0, 0, 0, 0, 0, 0, 0, 0, 0, 0, 0, 0, 0, 0] (0.684s)
  Sub: Z₀=39.540362 [LOCAL] (0.3s), α=[0.000,0.000,0.000,0.000,0.000,0.000,0.000,0.000,0.000,0.000,0.000,0.000,0.000,0.000,0.000,0.000,0.000,0.000,0.000,0.000,0.000,0.000,3.726,4.036,2.363,0.000,0.000,0.000,0.000,0.000,0.000,0.000,0.000,0.000,0.000,0.000,0.125,0.000,0.000,0.000,0.000,0.000,0.000,0.000,0.000,0.000,0.000]
  Iter 222: LB=1.729933  UB=33.482235  gap=9.48e-01
  Cut: intercept=-1128.396504, π_x_range=[-827.5973, 591.1951]

=== True-DRO Benders iter 223 ===
  OMP: t₀=3.834873, UB=33.482235, gap=8.85e-01, x=[0, 0, 0, 0, 0, 0, 0, 0, 0, 0, 0, 0, 1, 0, 0, 1, 0, 0, 0, 0, 0, 0, 0, 0, 0, 0, 0, 0, 0, 0, 0, 0, 0, 0, 0, 0, 0, 0, 0, 0, 0, 0, 0, 0, 0, 0, 0] (0.708s)
  Sub: Z₀=44.441745 [LOCAL] (0.2s), α=[0.000,0.000,0.000,0.000,0.000,0.000,0.000,0.000,0.000,0.000,0.000,0.000,0.000,0.000,0.000,0.000,0.000,0.000,0.000,0.000,0.000,0.000,0.000,0.000,4.741,0.000,0.000,0.000,2.744,0.000,0.000,0.000,0.000,0.000,0.000,2.606,0.157,0.000,0.000,0.000,0.000,0.000,0.000,0.000,0.000,0.000,0.000]
  Iter 223: LB=3.834873  UB=33.482235  gap=8.85e-01
  Cut: intercept=-1077.420021, π_x_range=[-830.0855, 581.0310]

=== True-DRO Benders iter 224 ===
  OMP: t₀=4.118636, UB=33.482235, gap=8.77e-01, x=[0, 0, 0, 0, 0, 0, 0, 0, 0, 0, 0, 0, 0, 1, 0, 0, 0, 0, 0, 0, 0, 0, 0, 0, 0, 0, 0, 0, 0, 1, 0, 0, 0, 0, 0, 0, 0, 0, 0, 0, 0, 0, 0, 0, 0, 0, 0] (0.681s)
  Sub: Z₀=41.609279 [LOCAL] (0.3s), α=[0.000,0.000,0.000,0.000,0.000,0.000,0.000,0.000,0.000,0.000,0.000,0.000,0.000,0.000,0.000,0.000,0.000,0.000,0.000,0.000,0.000,0.000,0.011,1.253,0.000,0.080,0.000,1.095,5.239,0.100,0.000,0.000,0.000,0.000,0.000,0.404,2.067,0.000,0.000,0.000,0.000,0.000,0.000,0.000,0.000,0.000,0.000]
  Iter 224: LB=4.118636  UB=33.482235  gap=8.77e-01
  Cut: intercept=-1094.046954, π_x_range=[-829.5527, 588.4728]

=== True-DRO Benders iter 225 ===
  OMP: t₀=4.415128, UB=33.482235, gap=8.68e-01, x=[0, 0, 0, 0, 0, 0, 0, 0, 0, 0, 0, 1, 0, 0, 0, 1, 0, 0, 0, 0, 0, 0, 0, 0, 0, 0, 0, 0, 0, 0, 0, 0, 0, 0, 0, 0, 0, 0, 0, 0, 0, 0, 0, 0, 0, 0, 0] (0.702s)
  Sub: Z₀=44.442482 [TIME_LIMIT] (15.1s), α=[0.000,0.000,0.000,0.000,0.000,0.000,0.000,0.000,0.000,0.000,0.000,0.000,0.000,0.000,0.000,0.000,0.000,0.000,0.000,0.000,0.000,0.000,0.000,0.000,3.885,0.000,0.000,0.000,2.745,0.000,0.000,0.000,0.000,0.000,0.000,2.501,1.118,0.000,0.000,0.000,0.000,0.000,0.000,0.000,0.000,0.000,0.000]
  Iter 225: LB=4.415128  UB=33.482235  gap=8.68e-01
  Cut: intercept=14.689680, π_x_range=[-185.7454, 29.7528]

=== True-DRO Benders iter 226 ===
  OMP: t₀=4.834200, UB=33.482235, gap=8.56e-01, x=[0, 0, 0, 0, 0, 0, 0, 0, 0, 0, 0, 0, 0, 0, 0, 1, 0, 1, 0, 0, 0, 0, 0, 0, 0, 0, 0, 0, 0, 0, 0, 0, 0, 0, 0, 0, 0, 0, 0, 0, 0, 0, 0, 0, 0, 0, 0] (0.676s)
  Sub: Z₀=44.441745 [LOCAL] (0.2s), α=[0.000,0.000,0.000,0.000,0.000,0.000,0.000,0.000,0.000,0.000,0.000,0.000,0.000,0.000,0.000,0.000,0.000,0.000,0.000,0.000,0.000,0.000,0.000,0.000,4.741,0.000,0.000,0.000,2.744,0.000,0.000,0.000,0.000,0.000,0.000,2.606,0.157,0.000,0.000,0.000,0.000,0.000,0.000,0.000,0.000,0.000,0.000]
  Iter 226: LB=4.834200  UB=33.482235  gap=8.56e-01
  Cut: intercept=-1071.476258, π_x_range=[-830.0891, 575.0696]

=== True-DRO Benders iter 227 ===
  OMP: t₀=4.834200, UB=33.482235, gap=8.56e-01, x=[0, 0, 0, 0, 0, 0, 0, 0, 0, 0, 0, 0, 0, 0, 0, 1, 1, 0, 0, 0, 0, 0, 0, 0, 0, 0, 0, 0, 0, 0, 0, 0, 0, 0, 0, 0, 0, 0, 0, 0, 0, 0, 0, 0, 0, 0, 0] (0.585s)
  Sub: Z₀=44.441745 [LOCAL] (0.2s), α=[0.000,0.000,0.000,0.000,0.000,0.000,0.000,0.000,0.000,0.000,0.000,0.000,0.000,0.000,0.000,0.000,0.000,0.000,0.000,0.000,0.000,0.000,0.000,0.000,4.741,0.000,0.000,0.000,2.744,0.000,0.000,0.000,0.000,0.000,0.000,2.606,0.157,0.000,0.000,0.000,0.000,0.000,0.000,0.000,0.000,0.000,0.000]
  Iter 227: LB=4.834200  UB=33.482235  gap=8.56e-01
  Cut: intercept=-1040.387936, π_x_range=[-830.0917, 543.9704]

=== True-DRO Benders iter 228 ===
  OMP: t₀=4.834200, UB=33.482235, gap=8.56e-01, x=[0, 0, 0, 0, 0, 0, 0, 0, 0, 1, 0, 0, 0, 0, 0, 1, 0, 0, 0, 0, 0, 0, 0, 0, 0, 0, 0, 0, 0, 0, 0, 0, 0, 0, 0, 0, 0, 0, 0, 0, 0, 0, 0, 0, 0, 0, 0] (0.605s)
  Sub: Z₀=44.441745 [LOCAL] (0.2s), α=[0.000,0.000,0.000,0.000,0.000,0.000,0.000,0.000,0.000,0.000,0.000,0.000,0.000,0.000,0.000,0.000,0.000,0.000,0.000,0.000,0.000,0.000,0.000,0.000,4.741,0.000,0.000,0.000,2.744,0.000,0.000,0.000,0.000,0.000,0.000,2.606,0.157,0.000,0.000,0.000,0.000,0.000,0.000,0.000,0.000,0.000,0.000]
  Iter 228: LB=4.834200  UB=33.482235  gap=8.56e-01
  Cut: intercept=-1047.863642, π_x_range=[-826.7388, 551.4794]

=== True-DRO Benders iter 229 ===
  OMP: t₀=5.103528, UB=33.482235, gap=8.48e-01, x=[0, 0, 0, 0, 0, 0, 0, 0, 0, 0, 0, 0, 1, 0, 0, 0, 0, 0, 0, 0, 0, 0, 0, 0, 0, 0, 0, 0, 0, 0, 0, 0, 0, 1, 0, 0, 0, 0, 0, 0, 0, 0, 0, 0, 0, 0, 0] (0.620s)
  Sub: Z₀=43.892874 [LOCAL] (0.2s), α=[0.000,0.000,0.000,0.000,0.000,0.000,0.000,0.000,0.000,0.000,0.000,0.000,0.000,0.000,0.000,0.000,0.000,0.000,0.000,0.000,0.000,0.000,0.000,0.000,5.790,0.000,0.000,0.000,0.907,0.000,0.000,0.000,0.000,0.000,0.000,1.329,2.223,0.000,0.000,0.000,0.000,0.000,0.000,0.000,0.000,0.000,0.000]
  Iter 229: LB=5.103528  UB=33.482235  gap=8.48e-01
  Cut: intercept=-1106.204475, π_x_range=[-830.9837, 577.6144]

=== True-DRO Benders iter 230 ===
  OMP: t₀=5.683783, UB=33.482235, gap=8.30e-01, x=[0, 0, 0, 0, 0, 0, 0, 0, 0, 0, 0, 1, 0, 0, 0, 0, 0, 0, 0, 0, 0, 0, 0, 0, 0, 0, 0, 0, 0, 0, 0, 0, 0, 1, 0, 0, 0, 0, 0, 0, 0, 0, 0, 0, 0, 0, 0] (0.583s)
  Sub: Z₀=43.852833 [TIME_LIMIT] (15.1s), α=[0.000,0.000,0.000,0.000,0.000,0.000,0.000,0.000,0.000,0.000,0.000,0.000,0.000,0.000,0.000,0.000,0.000,0.000,0.000,0.000,0.000,0.000,0.000,0.000,3.594,2.234,0.000,0.000,0.830,0.000,0.000,0.000,0.000,0.000,0.665,0.447,2.478,0.000,0.000,0.000,0.000,0.000,0.000,0.000,0.000,0.000,0.000]
  Iter 230: LB=5.683783  UB=33.482235  gap=8.30e-01
  Cut: intercept=-27.229344, π_x_range=[-267.0000, 57.8649]

=== True-DRO Benders iter 231 ===
  OMP: t₀=6.102855, UB=33.482235, gap=8.18e-01, x=[0, 0, 0, 0, 0, 0, 0, 0, 0, 0, 0, 0, 0, 0, 0, 0, 0, 0, 1, 0, 0, 0, 0, 0, 0, 0, 0, 0, 0, 0, 0, 0, 0, 1, 0, 0, 0, 0, 0, 0, 0, 0, 0, 0, 0, 0, 0] (0.650s)
  Sub: Z₀=43.892874 [LOCAL] (0.2s), α=[0.000,0.000,0.000,0.000,0.000,0.000,0.000,0.000,0.000,0.000,0.000,0.000,0.000,0.000,0.000,0.000,0.000,0.000,0.000,0.000,0.000,0.000,0.000,0.000,5.790,0.000,0.000,0.000,0.907,0.000,0.000,0.000,0.000,0.000,0.000,0.923,2.629,0.000,0.000,0.000,0.000,0.000,0.000,0.000,0.000,0.000,0.000]
  Iter 231: LB=6.102855  UB=33.482235  gap=8.18e-01
  Cut: intercept=-1121.062158, π_x_range=[-830.9964, 592.4725]

=== True-DRO Benders iter 232 ===
  OMP: t₀=6.102855, UB=33.482235, gap=8.18e-01, x=[0, 0, 0, 0, 0, 0, 0, 0, 0, 0, 0, 0, 0, 0, 0, 0, 1, 0, 0, 0, 0, 0, 0, 0, 0, 0, 0, 0, 0, 0, 0, 0, 0, 1, 0, 0, 0, 0, 0, 0, 0, 0, 0, 0, 0, 0, 0] (0.709s)
  Sub: Z₀=43.892874 [LOCAL] (0.2s), α=[0.000,0.000,0.000,0.000,0.000,0.000,0.000,0.000,0.000,0.000,0.000,0.000,0.000,0.000,0.000,0.000,0.000,0.000,0.000,0.000,0.000,0.000,0.000,0.000,5.790,0.000,0.000,0.000,0.907,0.000,0.000,0.000,0.000,0.000,0.000,0.954,2.597,0.000,0.000,0.000,0.000,0.000,0.000,0.000,0.000,0.000,0.000]
  Iter 232: LB=6.102855  UB=33.482235  gap=8.18e-01
  Cut: intercept=-1068.741133, π_x_range=[-830.9761, 572.2490]

=== True-DRO Benders iter 233 ===
  OMP: t₀=6.102855, UB=33.482235, gap=8.18e-01, x=[0, 0, 0, 0, 0, 0, 0, 0, 0, 1, 0, 0, 0, 0, 0, 0, 0, 0, 0, 0, 0, 0, 0, 0, 0, 0, 0, 0, 0, 0, 0, 0, 0, 1, 0, 0, 0, 0, 0, 0, 0, 0, 0, 0, 0, 0, 0] (0.636s)
  Sub: Z₀=43.892874 [LOCAL] (0.2s), α=[0.000,0.000,0.000,0.000,0.000,0.000,0.000,0.000,0.000,0.000,0.000,0.000,0.000,0.000,0.000,0.000,0.000,0.000,0.000,0.000,0.000,0.000,0.000,0.000,5.790,0.000,0.000,0.000,0.907,0.000,0.000,0.000,0.000,0.000,0.000,0.955,2.597,0.000,0.000,0.000,0.000,0.000,0.000,0.000,0.000,0.000,0.000]
  Iter 233: LB=6.102855  UB=33.482235  gap=8.18e-01
  Cut: intercept=-1077.820863, π_x_range=[-827.9458, 572.4662]

=== True-DRO Benders iter 234 ===
  OMP: t₀=6.102855, UB=33.482235, gap=8.18e-01, x=[0, 0, 0, 0, 0, 0, 0, 0, 0, 0, 0, 0, 0, 1, 0, 0, 0, 0, 0, 0, 0, 0, 0, 0, 0, 0, 0, 0, 0, 0, 0, 0, 0, 1, 0, 0, 0, 0, 0, 0, 0, 0, 0, 0, 0, 0, 0] (0.741s)
  Sub: Z₀=43.667504 [LOCAL] (0.2s), α=[0.000,0.000,0.000,0.000,0.000,0.000,0.000,0.000,0.000,0.000,0.000,0.000,0.000,0.000,0.000,0.000,0.000,0.000,0.000,0.000,0.000,0.000,0.000,0.000,5.947,0.000,0.000,0.594,0.000,0.000,0.000,0.000,0.000,0.000,0.000,1.010,2.699,0.000,0.000,0.000,0.000,0.000,0.000,0.000,0.000,0.000,0.000]
  Iter 234: LB=6.102855  UB=33.482235  gap=8.18e-01
  Cut: intercept=-1131.731879, π_x_range=[-831.6325, 593.9165]

=== True-DRO Benders iter 235 ===
  OMP: t₀=6.102855, UB=33.482235, gap=8.18e-01, x=[0, 0, 0, 0, 0, 0, 0, 0, 0, 0, 0, 0, 0, 0, 0, 0, 0, 1, 0, 0, 0, 0, 0, 0, 0, 0, 0, 0, 0, 0, 0, 0, 0, 1, 0, 0, 0, 0, 0, 0, 0, 0, 0, 0, 0, 0, 0] (0.699s)
  Sub: Z₀=43.892876 [TIME_LIMIT] (15.1s), α=[0.000,0.000,0.000,0.000,0.000,0.000,0.000,0.000,0.000,0.000,0.000,0.000,0.000,0.000,0.000,0.000,0.000,0.000,0.000,0.000,0.000,0.000,0.000,0.000,5.790,0.000,0.000,0.000,0.907,0.000,0.000,0.000,0.000,0.000,0.000,1.285,2.267,0.000,0.000,0.000,0.000,0.000,0.000,0.000,0.000,0.000,0.000]
  Iter 235: LB=6.102855  UB=33.482235  gap=8.18e-01
  Cut: intercept=-101.707412, π_x_range=[-275.0000, 80.3335]

=== True-DRO Benders iter 236 ===
  OMP: t₀=6.377957, UB=33.482235, gap=8.10e-01, x=[0, 0, 0, 0, 0, 0, 0, 0, 0, 0, 0, 0, 1, 0, 1, 0, 0, 0, 0, 0, 0, 0, 0, 0, 0, 0, 0, 0, 0, 0, 0, 0, 0, 0, 0, 0, 0, 0, 0, 0, 0, 0, 0, 0, 0, 0, 0] (0.611s)
  Sub: Z₀=44.404788 [LOCAL] (0.2s), α=[0.000,0.000,0.000,0.000,0.000,0.000,0.000,0.000,0.000,0.000,0.000,0.000,0.000,0.000,0.000,0.000,0.000,0.000,0.000,0.000,0.000,0.000,0.000,0.000,2.929,0.000,0.000,0.038,5.034,0.000,0.000,0.000,0.000,0.000,0.000,0.451,1.798,0.000,0.000,0.000,0.000,0.000,0.000,0.000,0.000,0.000,0.000]
  Iter 236: LB=6.377957  UB=33.482235  gap=8.10e-01
  Cut: intercept=-1124.524906, π_x_range=[-829.4405, 591.9322]

=== True-DRO Benders iter 237 ===
  OMP: t₀=6.958211, UB=33.482235, gap=7.92e-01, x=[0, 0, 0, 0, 0, 0, 0, 0, 0, 0, 0, 1, 0, 0, 1, 0, 0, 0, 0, 0, 0, 0, 0, 0, 0, 0, 0, 0, 0, 0, 0, 0, 0, 0, 0, 0, 0, 0, 0, 0, 0, 0, 0, 0, 0, 0, 0] (0.609s)
  Sub: Z₀=44.065033 [LOCAL] (0.2s), α=[0.000,0.000,0.000,0.000,0.000,0.000,0.000,0.000,0.000,0.000,0.000,0.000,0.000,0.000,0.000,0.000,0.000,0.000,0.000,0.000,0.000,0.000,0.000,0.000,2.929,0.000,0.000,0.038,5.034,0.000,0.000,0.000,0.000,0.000,0.000,0.176,2.073,0.000,0.000,0.000,0.000,0.000,0.000,0.000,0.000,0.000,0.000]
  Iter 237: LB=6.958211  UB=33.482235  gap=7.92e-01
  Cut: intercept=-1130.309733, π_x_range=[-829.4446, 592.0673]

=== True-DRO Benders iter 238 ===
  OMP: t₀=7.377283, UB=33.482235, gap=7.80e-01, x=[0, 0, 0, 0, 0, 0, 0, 0, 0, 1, 0, 0, 0, 0, 1, 0, 0, 0, 0, 0, 0, 0, 0, 0, 0, 0, 0, 0, 0, 0, 0, 0, 0, 0, 0, 0, 0, 0, 0, 0, 0, 0, 0, 0, 0, 0, 0] (0.583s)
  Sub: Z₀=44.404788 [LOCAL] (0.2s), α=[0.000,0.000,0.000,0.000,0.000,0.000,0.000,0.000,0.000,0.000,0.000,0.000,0.000,0.000,0.000,0.000,0.000,0.000,0.000,0.000,0.000,0.000,0.000,0.000,2.929,0.000,0.000,0.042,5.030,0.000,0.000,0.000,0.000,0.000,0.000,0.207,2.042,0.000,0.000,0.000,0.000,0.000,0.000,0.000,0.000,0.000,0.000]
  Iter 238: LB=7.377283  UB=33.482235  gap=7.80e-01
  Cut: intercept=-1094.980844, π_x_range=[-825.7448, 591.9275]

=== True-DRO Benders iter 239 ===
  OMP: t₀=7.377283, UB=33.482235, gap=7.80e-01, x=[0, 0, 0, 0, 0, 0, 0, 0, 0, 0, 0, 0, 0, 0, 1, 0, 0, 1, 0, 0, 0, 0, 0, 0, 0, 0, 0, 0, 0, 0, 0, 0, 0, 0, 0, 0, 0, 0, 0, 0, 0, 0, 0, 0, 0, 0, 0] (0.571s)
  Sub: Z₀=44.404788 [LOCAL] (0.2s), α=[0.000,0.000,0.000,0.000,0.000,0.000,0.000,0.000,0.000,0.000,0.000,0.000,0.000,0.000,0.000,0.000,0.000,0.000,0.000,0.000,0.000,0.000,0.000,0.000,2.929,0.000,0.000,0.038,5.034,0.000,0.000,0.000,0.000,0.000,0.000,0.322,1.928,0.000,0.000,0.000,0.000,0.000,0.000,0.000,0.000,0.000,0.000]
  Iter 239: LB=7.377283  UB=33.482235  gap=7.80e-01
  Cut: intercept=-1119.306171, π_x_range=[-829.4465, 591.9580]

=== True-DRO Benders iter 240 ===
  OMP: t₀=7.377283, UB=33.482235, gap=7.80e-01, x=[0, 0, 0, 0, 0, 0, 0, 0, 0, 0, 0, 0, 0, 1, 1, 0, 0, 0, 0, 0, 0, 0, 0, 0, 0, 0, 0, 0, 0, 0, 0, 0, 0, 0, 0, 0, 0, 0, 0, 0, 0, 0, 0, 0, 0, 0, 0] (0.555s)
  Sub: Z₀=44.404799 [TIME_LIMIT] (15.1s), α=[0.000,0.000,0.000,0.000,0.000,0.000,0.000,0.000,0.000,0.000,0.000,0.000,0.000,0.000,0.000,0.000,0.000,0.000,0.000,0.000,0.000,0.000,0.000,0.000,2.929,0.000,0.000,0.095,4.976,0.000,0.000,0.000,0.000,0.000,0.000,0.241,2.008,0.000,0.000,0.000,0.000,0.000,0.000,0.000,0.000,0.000,0.000]
  Iter 240: LB=7.377283  UB=33.482235  gap=7.80e-01
  Cut: intercept=-6.265152, π_x_range=[-253.0000, 25.8919]

=== True-DRO Benders iter 241 ===
  OMP: t₀=7.377283, UB=33.482235, gap=7.80e-01, x=[0, 0, 0, 0, 0, 0, 0, 0, 0, 0, 0, 0, 0, 0, 1, 0, 1, 0, 0, 0, 0, 0, 0, 0, 0, 0, 0, 0, 0, 0, 0, 0, 0, 0, 0, 0, 0, 0, 0, 0, 0, 0, 0, 0, 0, 0, 0] (0.579s)
  Sub: Z₀=44.404788 [LOCAL] (0.2s), α=[0.000,0.000,0.000,0.000,0.000,0.000,0.000,0.000,0.000,0.000,0.000,0.000,0.000,0.000,0.000,0.000,0.000,0.000,0.000,0.000,0.000,0.000,0.000,0.000,2.929,0.000,0.000,0.040,5.031,0.000,0.000,0.000,0.000,0.000,0.000,0.205,2.044,0.000,0.000,0.000,0.000,0.000,0.000,0.000,0.000,0.000,0.000]
  Iter 241: LB=7.377283  UB=33.482235  gap=7.80e-01
  Cut: intercept=-1091.112782, π_x_range=[-829.4399, 591.8960]

=== True-DRO Benders iter 242 ===
  OMP: t₀=7.377283, UB=33.482235, gap=7.80e-01, x=[0, 0, 0, 0, 0, 0, 0, 0, 0, 0, 0, 0, 0, 0, 1, 0, 0, 0, 1, 0, 0, 0, 0, 0, 0, 0, 0, 0, 0, 0, 0, 0, 0, 0, 0, 0, 0, 0, 0, 0, 0, 0, 0, 0, 0, 0, 0] (0.633s)
  Sub: Z₀=44.404788 [LOCAL] (0.2s), α=[0.000,0.000,0.000,0.000,0.000,0.000,0.000,0.000,0.000,0.000,0.000,0.000,0.000,0.000,0.000,0.000,0.000,0.000,0.000,0.000,0.000,0.000,0.000,0.000,2.929,0.000,0.000,0.038,5.034,0.000,0.000,0.000,0.000,0.000,0.000,0.201,2.048,0.000,0.000,0.000,0.000,0.000,0.000,0.000,0.000,0.000,0.000]
  Iter 242: LB=7.377283  UB=33.482235  gap=7.80e-01
  Cut: intercept=-1139.249081, π_x_range=[-829.4575, 591.9548]

=== True-DRO Benders iter 243 ===
  OMP: t₀=7.839399, UB=33.482235, gap=7.66e-01, x=[0, 0, 0, 0, 0, 0, 0, 0, 0, 0, 0, 0, 1, 0, 0, 0, 0, 0, 0, 0, 0, 0, 0, 0, 0, 0, 0, 0, 1, 0, 0, 0, 0, 0, 0, 0, 0, 0, 0, 0, 0, 0, 0, 0, 0, 0, 0] (0.579s)
  Sub: Z₀=43.434105 [LOCAL] (0.2s), α=[0.000,0.000,0.000,0.000,0.000,0.000,0.000,0.000,0.000,0.000,0.000,0.000,0.000,0.000,0.000,0.000,0.000,0.000,0.000,0.000,0.000,0.000,0.000,0.000,4.323,0.000,0.000,0.000,3.842,0.000,0.000,0.000,0.000,0.000,0.000,0.639,1.446,0.000,0.000,0.000,0.000,0.000,0.000,0.000,0.000,0.000,0.000]
  Iter 243: LB=7.839399  UB=33.482235  gap=7.66e-01
  Cut: intercept=-1130.120552, π_x_range=[-829.9271, 597.1020]

=== True-DRO Benders iter 244 ===
  OMP: t₀=8.012032, UB=33.482235, gap=7.61e-01, x=[0, 0, 0, 0, 0, 0, 0, 0, 0, 0, 0, 0, 0, 1, 0, 1, 0, 0, 0, 0, 0, 0, 0, 0, 0, 0, 0, 0, 0, 0, 0, 0, 0, 0, 0, 0, 0, 0, 0, 0, 0, 0, 0, 0, 0, 0, 0] (0.562s)
  Sub: Z₀=44.441745 [LOCAL] (0.2s), α=[0.000,0.000,0.000,0.000,0.000,0.000,0.000,0.000,0.000,0.000,0.000,0.000,0.000,0.000,0.000,0.000,0.000,0.000,0.000,0.000,0.000,0.000,0.000,0.000,4.741,0.000,0.000,0.000,2.744,0.000,0.000,0.000,0.000,0.000,0.000,2.606,0.157,0.000,0.000,0.000,0.000,0.000,0.000,0.000,0.000,0.000,0.000]
  Iter 244: LB=8.012032  UB=33.482235  gap=7.61e-01
  Cut: intercept=-1088.849652, π_x_range=[-830.1140, 592.5291]

=== True-DRO Benders iter 245 ===
  OMP: t₀=8.419654, UB=33.482235, gap=7.49e-01, x=[0, 0, 0, 0, 0, 0, 0, 0, 0, 0, 0, 1, 0, 0, 0, 0, 0, 0, 0, 0, 0, 0, 0, 0, 0, 0, 0, 0, 1, 0, 0, 0, 0, 0, 0, 0, 0, 0, 0, 0, 0, 0, 0, 0, 0, 0, 0] (0.600s)
  Sub: Z₀=43.434119 [TIME_LIMIT] (15.1s), α=[0.000,0.000,0.000,0.000,0.000,0.000,0.000,0.000,0.000,0.000,0.000,0.000,0.000,0.000,0.000,0.000,0.000,0.000,0.000,0.000,0.000,0.000,0.000,0.000,4.323,0.000,0.000,0.000,3.842,0.000,0.000,0.000,0.000,0.000,0.000,0.489,1.595,0.000,0.000,0.000,0.000,0.000,0.000,0.000,0.000,0.000,0.000]
  Iter 245: LB=8.419654  UB=33.482235  gap=7.49e-01
  Cut: intercept=18.849200, π_x_range=[-264.0000, 20.5846]

=== True-DRO Benders iter 246 ===
  OMP: t₀=8.838726, UB=33.482235, gap=7.36e-01, x=[0, 0, 0, 0, 0, 0, 0, 0, 0, 0, 0, 0, 0, 0, 0, 0, 1, 0, 0, 0, 0, 0, 0, 0, 0, 0, 0, 0, 1, 0, 0, 0, 0, 0, 0, 0, 0, 0, 0, 0, 0, 0, 0, 0, 0, 0, 0] (0.639s)
  Sub: Z₀=43.434105 [LOCAL] (0.2s), α=[0.000,0.000,0.000,0.000,0.000,0.000,0.000,0.000,0.000,0.000,0.000,0.000,0.000,0.000,0.000,0.000,0.000,0.000,0.000,0.000,0.000,0.000,0.000,0.000,4.323,0.000,0.000,0.000,3.842,0.000,0.000,0.000,0.000,0.000,0.000,0.398,1.687,0.000,0.000,0.000,0.000,0.000,0.000,0.000,0.000,0.000,0.000]
  Iter 246: LB=8.838726  UB=33.482235  gap=7.36e-01
  Cut: intercept=-1097.190645, π_x_range=[-829.9318, 597.0173]

=== True-DRO Benders iter 247 ===
  OMP: t₀=8.838726, UB=33.482235, gap=7.36e-01, x=[0, 0, 0, 0, 0, 0, 0, 0, 0, 0, 0, 0, 0, 1, 0, 0, 0, 0, 0, 0, 0, 0, 0, 0, 0, 0, 0, 0, 1, 0, 0, 0, 0, 0, 0, 0, 0, 0, 0, 0, 0, 0, 0, 0, 0, 0, 0] (0.607s)
  Sub: Z₀=43.434105 [LOCAL] (0.2s), α=[0.000,0.000,0.000,0.000,0.000,0.000,0.000,0.000,0.000,0.000,0.000,0.000,0.000,0.000,0.000,0.000,0.000,0.000,0.000,0.000,0.000,0.000,0.000,0.000,4.323,0.000,0.000,0.000,3.842,0.000,0.000,0.000,0.000,0.000,0.000,0.401,1.683,0.000,0.000,0.000,0.000,0.000,0.000,0.000,0.000,0.000,0.000]
  Iter 247: LB=8.838726  UB=33.482235  gap=7.36e-01
  Cut: intercept=-1146.002308, π_x_range=[-829.9575, 597.0940]

=== True-DRO Benders iter 248 ===
  OMP: t₀=8.838726, UB=33.482235, gap=7.36e-01, x=[0, 0, 0, 0, 0, 0, 0, 0, 0, 0, 0, 0, 0, 0, 0, 0, 0, 0, 1, 0, 0, 0, 0, 0, 0, 0, 0, 0, 1, 0, 0, 0, 0, 0, 0, 0, 0, 0, 0, 0, 0, 0, 0, 0, 0, 0, 0] (0.634s)
  Sub: Z₀=43.434105 [LOCAL] (0.3s), α=[0.000,0.000,0.000,0.000,0.000,0.000,0.000,0.000,0.000,0.000,0.000,0.000,0.000,0.000,0.000,0.000,0.000,0.000,0.000,0.000,0.000,0.000,0.000,0.000,4.323,0.000,0.000,0.000,3.842,0.000,0.000,0.000,0.000,0.000,0.000,0.385,1.700,0.000,0.000,0.000,0.000,0.000,0.000,0.000,0.000,0.000,0.000]
  Iter 248: LB=8.838726  UB=33.482235  gap=7.36e-01
  Cut: intercept=-1145.470703, π_x_range=[-829.9386, 597.1081]

=== True-DRO Benders iter 249 ===
  OMP: t₀=8.838726, UB=33.482235, gap=7.36e-01, x=[0, 0, 0, 0, 0, 0, 0, 0, 0, 0, 0, 0, 0, 0, 0, 0, 0, 1, 0, 0, 0, 0, 0, 0, 0, 0, 0, 0, 1, 0, 0, 0, 0, 0, 0, 0, 0, 0, 0, 0, 0, 0, 0, 0, 0, 0, 0] (0.657s)
  Sub: Z₀=43.434105 [LOCAL] (0.2s), α=[0.000,0.000,0.000,0.000,0.000,0.000,0.000,0.000,0.000,0.000,0.000,0.000,0.000,0.000,0.000,0.000,0.000,0.000,0.000,0.000,0.000,0.000,0.000,0.000,4.323,0.000,0.000,0.000,3.842,0.000,0.000,0.000,0.000,0.000,0.000,0.587,1.498,0.000,0.000,0.000,0.000,0.000,0.000,0.000,0.000,0.000,0.000]
  Iter 249: LB=8.838726  UB=33.482235  gap=7.36e-01
  Cut: intercept=-1128.404821, π_x_range=[-829.9412, 597.1063]

=== True-DRO Benders iter 250 ===
  OMP: t₀=9.901835, UB=33.482235, gap=7.04e-01, x=[0, 0, 0, 0, 0, 0, 0, 0, 0, 0, 0, 0, 0, 0, 0, 0, 0, 0, 0, 0, 0, 0, 0, 0, 0, 0, 0, 0, 0, 0, 0, 0, 0, 0, 1, 0, 0, 0, 0, 0, 0, 0, 0, 0, 0, 0, 0] (0.595s)
  Sub: Z₀=41.513647 [TIME_LIMIT] (15.2s), α=[0.000,0.000,0.000,0.000,0.000,0.000,0.000,0.000,0.000,0.000,0.000,0.000,0.000,0.000,0.000,0.000,0.000,0.000,0.000,0.000,0.000,0.000,0.033,0.000,2.242,0.000,0.000,0.000,2.777,0.000,0.000,0.439,0.000,0.000,4.758,0.000,0.000,0.000,0.000,0.000,0.000,0.000,0.000,0.000,0.000,0.000,0.000]
  Iter 250: LB=9.901835  UB=33.482235  gap=7.04e-01
  Cut: intercept=-7.998171, π_x_range=[-230.0000, 49.5118]

=== True-DRO Benders iter 251 ===
  OMP: t₀=12.492036, UB=33.482235, gap=6.27e-01, x=[0, 0, 0, 0, 0, 0, 0, 0, 0, 0, 0, 0, 0, 0, 0, 0, 0, 0, 0, 0, 0, 0, 0, 0, 0, 0, 1, 0, 1, 0, 0, 0, 0, 0, 0, 0, 0, 0, 0, 0, 0, 0, 0, 0, 0, 0, 0] (0.622s)
  Sub: Z₀=40.721127 [LOCAL] (0.2s), α=[0.000,0.000,0.000,0.000,0.000,0.000,0.000,0.000,0.000,0.000,0.000,0.000,0.000,0.000,0.000,0.000,0.000,0.000,0.000,0.000,0.000,0.000,0.000,0.000,6.378,0.000,0.000,0.002,3.869,0.000,0.000,0.000,0.000,0.000,0.000,0.000,0.000,0.000,0.000,0.000,0.000,0.000,0.000,0.000,0.000,0.000,0.000]
  Iter 251: LB=12.492036  UB=33.482235  gap=6.27e-01
  Cut: intercept=-1139.314207, π_x_range=[-830.0428, 597.2883]

=== True-DRO Benders iter 252 ===
  OMP: t₀=12.746885, UB=33.482235, gap=6.19e-01, x=[0, 0, 0, 0, 0, 0, 0, 0, 0, 0, 0, 0, 0, 0, 0, 1, 0, 0, 1, 0, 0, 0, 0, 0, 0, 0, 0, 0, 0, 0, 0, 0, 0, 0, 0, 0, 0, 0, 0, 0, 0, 0, 0, 0, 0, 0, 0] (0.595s)
  Sub: Z₀=44.441745 [LOCAL] (0.2s), α=[0.000,0.000,0.000,0.000,0.000,0.000,0.000,0.000,0.000,0.000,0.000,0.000,0.000,0.000,0.000,0.000,0.000,0.000,0.000,0.000,0.000,0.000,0.000,0.000,4.741,0.000,0.000,0.000,2.744,0.000,0.000,0.000,0.000,0.000,0.000,2.606,0.157,0.000,0.000,0.000,0.000,0.000,0.000,0.000,0.000,0.000,0.000]
  Iter 252: LB=12.746885  UB=33.482235  gap=6.19e-01
  Cut: intercept=-1089.601573, π_x_range=[-830.1029, 593.2629]

=== True-DRO Benders iter 253 ===
  OMP: t₀=13.185220, UB=33.482235, gap=6.06e-01, x=[0, 0, 0, 0, 0, 0, 0, 0, 0, 0, 0, 0, 1, 0, 0, 0, 0, 0, 0, 0, 0, 0, 0, 1, 0, 0, 0, 0, 0, 0, 0, 0, 0, 0, 0, 0, 0, 0, 0, 0, 0, 0, 0, 0, 0, 0, 0] (0.594s)
  Sub: Z₀=41.003525 [LOCAL] (0.3s), α=[0.000,0.000,0.000,0.000,0.000,0.000,0.000,0.000,0.000,0.000,0.000,0.000,0.000,0.000,0.000,0.000,0.000,0.000,0.000,0.000,0.000,0.000,3.737,4.025,2.363,0.000,0.000,0.000,0.000,0.000,0.000,0.000,0.000,0.000,0.000,0.000,0.125,0.000,0.000,0.000,0.000,0.000,0.000,0.000,0.000,0.000,0.000]
  Iter 253: LB=13.185220  UB=33.482235  gap=6.06e-01
  Cut: intercept=-1108.159481, π_x_range=[-828.6445, 577.7830]

=== True-DRO Benders iter 254 ===
  OMP: t₀=13.315405, UB=33.482235, gap=6.02e-01, x=[0, 0, 0, 0, 0, 0, 0, 0, 0, 0, 0, 0, 0, 0, 0, 0, 0, 0, 0, 0, 0, 0, 0, 0, 0, 0, 0, 0, 1, 0, 0, 0, 1, 0, 0, 0, 0, 0, 0, 0, 0, 0, 0, 0, 0, 0, 0] (0.634s)
  Sub: Z₀=38.525103 [LOCAL] (0.2s), α=[0.000,0.000,0.000,0.000,0.000,0.000,0.000,0.000,0.000,0.000,0.000,0.000,0.000,0.000,0.000,0.000,0.000,0.000,0.000,0.000,0.000,0.000,0.000,0.000,2.760,0.000,0.000,0.000,6.968,0.000,0.000,0.000,0.000,0.000,0.000,0.042,0.480,0.000,0.000,0.000,0.000,0.000,0.000,0.000,0.000,0.000,0.000]
  Iter 254: LB=13.315405  UB=33.482235  gap=6.02e-01
  Cut: intercept=-1149.279102, π_x_range=[-825.4570, 597.0443]

=== True-DRO Benders iter 255 ===
  OMP: t₀=13.589158, UB=33.482235, gap=5.94e-01, x=[0, 0, 0, 0, 0, 0, 0, 0, 0, 0, 0, 0, 0, 0, 0, 0, 0, 0, 0, 0, 0, 0, 0, 1, 0, 0, 0, 0, 1, 0, 0, 0, 0, 0, 0, 0, 0, 0, 0, 0, 0, 0, 0, 0, 0, 0, 0] (0.652s)
  Sub: Z₀=40.010504 [TIME_LIMIT] (15.1s), α=[0.000,0.000,0.000,0.000,0.000,0.000,0.000,0.000,0.000,0.000,0.000,0.000,0.000,0.000,0.000,0.000,0.000,0.000,0.000,0.000,0.000,0.000,7.696,0.000,2.396,0.000,0.000,0.000,0.000,0.000,0.000,0.000,0.000,0.000,0.000,0.000,0.157,0.000,0.000,0.000,0.000,0.000,0.000,0.000,0.000,0.000,0.000]
  Iter 255: LB=13.589158  UB=33.482235  gap=5.94e-01
  Cut: intercept=-1.246538, π_x_range=[-262.0000, 39.8411]

=== True-DRO Benders iter 256 ===
  OMP: t₀=14.729048, UB=33.482235, gap=5.60e-01, x=[0, 0, 0, 0, 0, 0, 0, 0, 0, 0, 0, 1, 0, 0, 0, 0, 0, 0, 0, 0, 0, 0, 0, 1, 0, 0, 0, 0, 0, 0, 0, 0, 0, 0, 0, 0, 0, 0, 0, 0, 0, 0, 0, 0, 0, 0, 0] (0.693s)
  Sub: Z₀=40.970192 [LOCAL] (0.3s), α=[0.000,0.000,0.000,0.000,0.000,0.000,0.000,0.000,0.000,0.000,0.000,0.000,0.000,0.000,0.000,0.000,0.000,0.000,0.000,0.000,0.000,0.000,3.737,4.025,2.363,0.000,0.000,0.000,0.000,0.000,0.000,0.000,0.000,0.000,0.000,0.000,0.125,0.000,0.000,0.000,0.000,0.000,0.000,0.000,0.000,0.000,0.000]
  Iter 256: LB=14.729048  UB=33.482235  gap=5.60e-01
  Cut: intercept=-1123.616809, π_x_range=[-828.6572, 586.8262]

=== True-DRO Benders iter 257 ===
  OMP: t₀=14.788294, UB=33.482235, gap=5.58e-01, x=[0, 0, 0, 0, 0, 0, 0, 0, 0, 0, 0, 0, 0, 0, 0, 0, 0, 0, 0, 0, 0, 0, 0, 1, 0, 0, 0, 0, 0, 0, 0, 0, 0, 1, 0, 0, 0, 0, 0, 0, 0, 0, 0, 0, 0, 0, 0] (0.691s)
  Sub: Z₀=40.188229 [LOCAL] (0.4s), α=[0.000,0.000,0.000,0.000,0.000,0.000,0.000,0.000,0.000,0.000,0.000,0.000,0.000,0.000,0.000,0.000,0.000,0.000,0.000,0.000,0.000,0.000,3.190,3.747,2.776,0.000,0.000,0.000,0.000,0.000,0.000,0.000,0.000,0.000,0.000,0.061,0.476,0.000,0.000,0.000,0.000,0.000,0.000,0.000,0.000,0.000,0.000]
  Iter 257: LB=14.788294  UB=33.482235  gap=5.58e-01
  Cut: intercept=-1114.318495, π_x_range=[-828.0345, 578.5144]

=== True-DRO Benders iter 258 ===
  OMP: t₀=15.286931, UB=33.482235, gap=5.43e-01, x=[0, 0, 0, 0, 0, 0, 0, 0, 0, 1, 0, 0, 0, 0, 0, 0, 0, 0, 0, 0, 0, 0, 0, 1, 0, 0, 0, 0, 0, 0, 0, 0, 0, 0, 0, 0, 0, 0, 0, 0, 0, 0, 0, 0, 0, 0, 0] (0.571s)
  Sub: Z₀=41.003525 [LOCAL] (0.3s), α=[0.000,0.000,0.000,0.000,0.000,0.000,0.000,0.000,0.000,0.000,0.000,0.000,0.000,0.000,0.000,0.000,0.000,0.000,0.000,0.000,0.000,0.000,1.806,5.956,2.363,0.000,0.000,0.000,0.000,0.000,0.000,0.000,0.000,0.000,0.000,0.000,0.125,0.000,0.000,0.000,0.000,0.000,0.000,0.000,0.000,0.000,0.000]
  Iter 258: LB=15.286931  UB=33.482235  gap=5.43e-01
  Cut: intercept=-1083.230776, π_x_range=[-828.6580, 577.6458]

=== True-DRO Benders iter 259 ===
  OMP: t₀=15.368509, UB=33.482235, gap=5.41e-01, x=[0, 0, 0, 0, 0, 0, 0, 0, 0, 0, 0, 0, 0, 1, 0, 0, 0, 0, 0, 0, 0, 0, 0, 1, 0, 0, 0, 0, 0, 0, 0, 0, 0, 0, 0, 0, 0, 0, 0, 0, 0, 0, 0, 0, 0, 0, 0] (0.559s)
  Sub: Z₀=41.003525 [LOCAL] (0.3s), α=[0.000,0.000,0.000,0.000,0.000,0.000,0.000,0.000,0.000,0.000,0.000,0.000,0.000,0.000,0.000,0.000,0.000,0.000,0.000,0.000,0.000,0.000,3.738,4.024,2.363,0.000,0.000,0.000,0.000,0.000,0.000,0.000,0.000,0.000,0.000,0.000,0.125,0.000,0.000,0.000,0.000,0.000,0.000,0.000,0.000,0.000,0.000]
  Iter 259: LB=15.368509  UB=33.482235  gap=5.41e-01
  Cut: intercept=-1131.814241, π_x_range=[-828.6213, 595.0167]

=== True-DRO Benders iter 260 ===
  OMP: t₀=15.378219, UB=33.482235, gap=5.41e-01, x=[0, 0, 0, 0, 0, 0, 0, 0, 0, 0, 0, 0, 0, 0, 0, 0, 0, 1, 0, 0, 0, 0, 0, 1, 0, 0, 0, 0, 0, 0, 0, 0, 0, 0, 0, 0, 0, 0, 0, 0, 0, 0, 0, 0, 0, 0, 0] (0.596s)
  Sub: Z₀=41.003540 [TIME_LIMIT] (15.1s), α=[0.000,0.000,0.000,0.000,0.000,0.000,0.000,0.000,0.000,0.000,0.000,0.000,0.000,0.000,0.000,0.000,0.000,0.000,0.000,0.000,0.000,0.000,3.127,4.634,2.363,0.000,0.000,0.000,0.000,0.000,0.000,0.000,0.000,0.000,0.000,0.000,0.125,0.000,0.000,0.000,0.000,0.000,0.000,0.000,0.000,0.000,0.000]
  Iter 260: LB=15.378219  UB=33.482235  gap=5.41e-01
  Cut: intercept=-96.720403, π_x_range=[-277.0000, 84.3588]

=== True-DRO Benders iter 261 ===
  OMP: t₀=15.378236, UB=33.482235, gap=5.41e-01, x=[0, 0, 0, 0, 0, 0, 0, 0, 0, 0, 0, 0, 0, 0, 0, 0, 0, 0, 1, 0, 0, 0, 0, 1, 0, 0, 0, 0, 0, 0, 0, 0, 0, 0, 0, 0, 0, 0, 0, 0, 0, 0, 0, 0, 0, 0, 0] (0.588s)
  Sub: Z₀=41.003525 [LOCAL] (0.3s), α=[0.000,0.000,0.000,0.000,0.000,0.000,0.000,0.000,0.000,0.000,0.000,0.000,0.000,0.000,0.000,0.000,0.000,0.000,0.000,0.000,0.000,0.000,3.737,4.024,2.363,0.000,0.000,0.000,0.000,0.000,0.000,0.000,0.000,0.000,0.000,0.000,0.125,0.000,0.000,0.000,0.000,0.000,0.000,0.000,0.000,0.000,0.000]
  Iter 261: LB=15.378236  UB=33.482235  gap=5.41e-01
  Cut: intercept=-1125.367536, π_x_range=[-828.6399, 588.5857]

=== True-DRO Benders iter 262 ===
  OMP: t₀=15.378253, UB=33.482235, gap=5.41e-01, x=[0, 0, 0, 0, 0, 0, 0, 0, 0, 0, 0, 0, 0, 0, 0, 0, 1, 0, 0, 0, 0, 0, 0, 1, 0, 0, 0, 0, 0, 0, 0, 0, 0, 0, 0, 0, 0, 0, 0, 0, 0, 0, 0, 0, 0, 0, 0] (0.666s)
  Sub: Z₀=41.003525 [LOCAL] (0.3s), α=[0.000,0.000,0.000,0.000,0.000,0.000,0.000,0.000,0.000,0.000,0.000,0.000,0.000,0.000,0.000,0.000,0.000,0.000,0.000,0.000,0.000,0.000,3.742,4.020,2.363,0.000,0.000,0.000,0.000,0.000,0.000,0.000,0.000,0.000,0.000,0.000,0.125,0.000,0.000,0.000,0.000,0.000,0.000,0.000,0.000,0.000,0.000]
  Iter 262: LB=15.378253  UB=33.482235  gap=5.41e-01
  Cut: intercept=-1076.304397, π_x_range=[-828.6404, 577.8202]

=== True-DRO Benders iter 263 ===
  OMP: t₀=16.103250, UB=33.482235, gap=5.19e-01, x=[0, 0, 0, 0, 0, 0, 0, 0, 0, 0, 0, 1, 1, 0, 0, 0, 0, 0, 0, 0, 0, 0, 0, 0, 0, 0, 0, 0, 0, 0, 0, 0, 0, 0, 0, 0, 0, 0, 0, 0, 0, 0, 0, 0, 0, 0, 0] (0.600s)
  Sub: Z₀=44.667717 [LOCAL] (0.3s), α=[0.000,0.000,0.000,0.000,0.000,0.000,0.000,0.000,0.000,0.000,0.000,0.000,0.000,0.000,0.000,0.000,0.000,0.000,0.000,0.000,0.000,0.000,0.000,0.000,4.036,0.000,0.000,0.000,2.744,0.000,0.000,0.000,0.000,0.000,0.000,1.165,2.304,0.000,0.000,0.000,0.000,0.000,0.000,0.000,0.000,0.000,0.000]
  Iter 263: LB=16.103250  UB=33.482235  gap=5.19e-01
  Cut: intercept=-1116.048391, π_x_range=[-829.9867, 583.9418]

=== True-DRO Benders iter 264 ===
  OMP: t₀=16.522322, UB=33.482235, gap=5.07e-01, x=[0, 0, 0, 0, 0, 0, 0, 0, 0, 1, 0, 0, 1, 0, 0, 0, 0, 0, 0, 0, 0, 0, 0, 0, 0, 0, 0, 0, 0, 0, 0, 0, 0, 0, 0, 0, 0, 0, 0, 0, 0, 0, 0, 0, 0, 0, 0] (0.663s)
  Sub: Z₀=44.667717 [LOCAL] (0.3s), α=[0.000,0.000,0.000,0.000,0.000,0.000,0.000,0.000,0.000,0.000,0.000,0.000,0.000,0.000,0.000,0.000,0.000,0.000,0.000,0.000,0.000,0.000,0.000,0.000,4.036,0.000,0.000,0.000,2.744,0.000,0.000,0.000,0.000,0.000,0.000,1.189,2.280,0.000,0.000,0.000,0.000,0.000,0.000,0.000,0.000,0.000,0.000]
  Iter 264: LB=16.522322  UB=33.482235  gap=5.07e-01
  Cut: intercept=-1079.703649, π_x_range=[-826.5024, 576.7163]

=== True-DRO Benders iter 265 ===
  OMP: t₀=16.522323, UB=33.482235, gap=5.07e-01, x=[0, 0, 0, 0, 0, 0, 0, 0, 0, 0, 0, 0, 1, 0, 0, 0, 0, 0, 0, 0, 0, 0, 0, 0, 0, 0, 0, 0, 0, 0, 0, 0, 0, 0, 0, 0, 0, 0, 0, 0, 0, 0, 0, 0, 0, 0, 0] (0.670s)
  Sub: Z₀=44.667730 [TIME_LIMIT] (15.1s), α=[0.000,0.000,0.000,0.000,0.000,0.000,0.000,0.000,0.000,0.000,0.000,0.000,0.000,0.000,0.000,0.000,0.000,0.000,0.000,0.000,0.000,0.000,0.000,0.000,4.036,0.000,0.000,0.000,2.744,0.000,0.000,0.000,0.000,0.000,0.000,1.242,2.226,0.000,0.000,0.000,0.000,0.000,0.000,0.000,0.000,0.000,0.000]
  Iter 265: LB=16.522323  UB=33.482235  gap=5.07e-01
  Cut: intercept=9.357976, π_x_range=[-263.0000, 35.3098]

=== True-DRO Benders iter 266 ===
  OMP: t₀=16.522323, UB=33.482235, gap=5.07e-01, x=[0, 0, 0, 0, 0, 0, 0, 0, 0, 0, 0, 0, 1, 0, 0, 0, 1, 0, 0, 0, 0, 0, 0, 0, 0, 0, 0, 0, 0, 0, 0, 0, 0, 0, 0, 0, 0, 0, 0, 0, 0, 0, 0, 0, 0, 0, 0] (0.632s)
  Sub: Z₀=44.667717 [LOCAL] (0.3s), α=[0.000,0.000,0.000,0.000,0.000,0.000,0.000,0.000,0.000,0.000,0.000,0.000,0.000,0.000,0.000,0.000,0.000,0.000,0.000,0.000,0.000,0.000,0.000,0.000,4.036,0.000,0.000,0.000,2.744,0.000,0.000,0.000,0.000,0.000,0.000,1.180,2.289,0.000,0.000,0.000,0.000,0.000,0.000,0.000,0.000,0.000,0.000]
  Iter 266: LB=16.522323  UB=33.482235  gap=5.07e-01
  Cut: intercept=-1079.378635, π_x_range=[-829.9915, 576.7338]

=== True-DRO Benders iter 267 ===
  OMP: t₀=16.522323, UB=33.482235, gap=5.07e-01, x=[0, 0, 0, 0, 0, 0, 0, 0, 0, 0, 0, 0, 1, 0, 0, 0, 0, 0, 1, 0, 0, 0, 0, 0, 0, 0, 0, 0, 0, 0, 0, 0, 0, 0, 0, 0, 0, 0, 0, 0, 0, 0, 0, 0, 0, 0, 0] (0.607s)
  Sub: Z₀=44.667717 [LOCAL] (0.3s), α=[0.000,0.000,0.000,0.000,0.000,0.000,0.000,0.000,0.000,0.000,0.000,0.000,0.000,0.000,0.000,0.000,0.000,0.000,0.000,0.000,0.000,0.000,0.000,0.000,4.036,0.000,0.000,0.000,2.744,0.000,0.000,0.000,0.000,0.000,0.000,1.157,2.312,0.000,0.000,0.000,0.000,0.000,0.000,0.000,0.000,0.000,0.000]
  Iter 267: LB=16.522323  UB=33.482235  gap=5.07e-01
  Cut: intercept=-1122.474110, π_x_range=[-829.9958, 590.3445]

=== True-DRO Benders iter 268 ===
  OMP: t₀=16.522323, UB=33.482235, gap=5.07e-01, x=[0, 0, 0, 0, 0, 0, 0, 0, 0, 0, 0, 0, 1, 1, 0, 0, 0, 0, 0, 0, 0, 0, 0, 0, 0, 0, 0, 0, 0, 0, 0, 0, 0, 0, 0, 0, 0, 0, 0, 0, 0, 0, 0, 0, 0, 0, 0] (0.659s)
  Sub: Z₀=44.667717 [LOCAL] (0.3s), α=[0.000,0.000,0.000,0.000,0.000,0.000,0.000,0.000,0.000,0.000,0.000,0.000,0.000,0.000,0.000,0.000,0.000,0.000,0.000,0.000,0.000,0.000,0.000,0.000,4.036,0.000,0.000,0.000,2.744,0.000,0.000,0.000,0.000,0.000,0.000,1.186,2.283,0.000,0.000,0.000,0.000,0.000,0.000,0.000,0.000,0.000,0.000]
  Iter 268: LB=16.522323  UB=33.482235  gap=5.07e-01
  Cut: intercept=-1123.697206, π_x_range=[-830.0093, 591.6174]

=== True-DRO Benders iter 269 ===
  OMP: t₀=16.522323, UB=33.482235, gap=5.07e-01, x=[0, 0, 0, 0, 0, 0, 0, 0, 0, 0, 0, 0, 1, 0, 0, 0, 0, 1, 0, 0, 0, 0, 0, 0, 0, 0, 0, 0, 0, 0, 0, 0, 0, 0, 0, 0, 0, 0, 0, 0, 0, 0, 0, 0, 0, 0, 0] (0.641s)
  Sub: Z₀=44.667717 [LOCAL] (0.3s), α=[0.000,0.000,0.000,0.000,0.000,0.000,0.000,0.000,0.000,0.000,0.000,0.000,0.000,0.000,0.000,0.000,0.000,0.000,0.000,0.000,0.000,0.000,0.000,0.000,4.036,0.000,0.000,0.000,2.744,0.000,0.000,0.000,0.000,0.000,0.000,1.341,2.128,0.000,0.000,0.000,0.000,0.000,0.000,0.000,0.000,0.000,0.000]
  Iter 269: LB=16.522323  UB=33.482235  gap=5.07e-01
  Cut: intercept=-1108.024659, π_x_range=[-829.9989, 576.8079]

=== True-DRO Benders iter 270 ===
  OMP: t₀=16.767845, UB=33.482235, gap=4.99e-01, x=[0, 0, 0, 0, 0, 0, 0, 0, 0, 0, 0, 0, 0, 0, 0, 0, 0, 0, 0, 0, 0, 0, 0, 0, 0, 1, 0, 0, 0, 0, 0, 1, 0, 0, 0, 0, 0, 0, 0, 0, 0, 0, 0, 0, 0, 0, 0] (0.630s)
  Sub: Z₀=39.594352 (13.6s), α=[0.000,0.000,0.000,0.000,0.000,0.000,0.000,0.000,0.000,0.000,0.000,0.000,0.000,0.000,0.000,0.000,0.000,0.000,0.000,0.000,0.000,0.000,0.000,0.000,6.773,0.000,0.000,0.000,0.325,0.000,0.000,3.151,0.000,0.000,0.000,0.000,0.000,0.000,0.000,0.000,0.000,0.000,0.000,0.000,0.000,0.000,0.000]
  Iter 270: LB=16.767845  UB=33.482235  gap=4.99e-01
  Cut: intercept=-74.002665, π_x_range=[-178.7446, 78.2706]
  Sherali-Cut: intercept=-38.876333, π_x_range=[-119.0638, 50.4514]

=== True-DRO Benders iter 271 ===
  OMP: t₀=17.102577, UB=33.482235, gap=4.89e-01, x=[0, 0, 0, 0, 0, 0, 0, 0, 0, 0, 0, 1, 0, 0, 0, 0, 0, 0, 1, 0, 0, 0, 0, 0, 0, 0, 0, 0, 0, 0, 0, 0, 0, 0, 0, 0, 0, 0, 0, 0, 0, 0, 0, 0, 0, 0, 0] (0.608s)
  Sub: Z₀=44.670139 [LOCAL] (0.4s), α=[0.000,0.000,0.000,0.000,0.000,0.000,0.000,0.000,0.000,0.000,0.000,0.000,0.000,0.000,0.000,0.000,0.000,0.000,0.000,0.000,0.000,0.000,0.000,0.000,4.021,0.000,0.000,0.000,2.744,0.000,0.000,0.000,0.000,0.000,0.000,0.712,2.771,0.000,0.000,0.000,0.000,0.000,0.000,0.000,0.000,0.000,0.000]
  Iter 271: LB=17.102577  UB=33.482235  gap=4.89e-01
  Cut: intercept=-1129.653912, π_x_range=[-829.9937, 590.3548]

=== True-DRO Benders iter 272 ===
  OMP: t₀=17.102577, UB=33.482235, gap=4.89e-01, x=[0, 0, 0, 0, 0, 0, 0, 0, 0, 1, 0, 1, 0, 0, 0, 0, 0, 0, 0, 0, 0, 0, 0, 0, 0, 0, 0, 0, 0, 0, 0, 0, 0, 0, 0, 0, 0, 0, 0, 0, 0, 0, 0, 0, 0, 0, 0] (0.576s)
  Sub: Z₀=44.670139 [LOCAL] (0.3s), α=[0.000,0.000,0.000,0.000,0.000,0.000,0.000,0.000,0.000,0.000,0.000,0.000,0.000,0.000,0.000,0.000,0.000,0.000,0.000,0.000,0.000,0.000,0.000,0.000,4.021,0.000,0.000,0.000,2.744,0.000,0.000,0.000,0.000,0.000,0.000,0.740,2.743,0.000,0.000,0.000,0.000,0.000,0.000,0.000,0.000,0.000,0.000]
  Iter 272: LB=17.102577  UB=33.482235  gap=4.89e-01
  Cut: intercept=-1086.987737, π_x_range=[-826.5009, 583.9715]

=== True-DRO Benders iter 273 ===
  OMP: t₀=17.102577, UB=33.482235, gap=4.89e-01, x=[0, 0, 0, 0, 0, 0, 0, 0, 0, 0, 0, 1, 0, 1, 0, 0, 0, 0, 0, 0, 0, 0, 0, 0, 0, 0, 0, 0, 0, 0, 0, 0, 0, 0, 0, 0, 0, 0, 0, 0, 0, 0, 0, 0, 0, 0, 0] (0.615s)
  Sub: Z₀=44.670139 [LOCAL] (0.2s), α=[0.000,0.000,0.000,0.000,0.000,0.000,0.000,0.000,0.000,0.000,0.000,0.000,0.000,0.000,0.000,0.000,0.000,0.000,0.000,0.000,0.000,0.000,0.000,0.000,4.021,0.000,0.000,0.000,2.744,0.000,0.000,0.000,0.000,0.000,0.000,0.738,2.745,0.000,0.000,0.000,0.000,0.000,0.000,0.000,0.000,0.000,0.000]
  Iter 273: LB=17.102577  UB=33.482235  gap=4.89e-01
  Cut: intercept=-1130.903161, π_x_range=[-830.0070, 591.6084]

=== True-DRO Benders iter 274 ===
  OMP: t₀=17.102577, UB=33.482235, gap=4.89e-01, x=[0, 0, 0, 0, 0, 0, 0, 0, 0, 0, 0, 1, 0, 0, 0, 0, 0, 1, 0, 0, 0, 0, 0, 0, 0, 0, 0, 0, 0, 0, 0, 0, 0, 0, 0, 0, 0, 0, 0, 0, 0, 0, 0, 0, 0, 0, 0] (0.620s)
  Sub: Z₀=44.670139 [LOCAL] (0.3s), α=[0.000,0.000,0.000,0.000,0.000,0.000,0.000,0.000,0.000,0.000,0.000,0.000,0.000,0.000,0.000,0.000,0.000,0.000,0.000,0.000,0.000,0.000,0.000,0.000,4.021,0.000,0.000,0.000,2.744,0.000,0.000,0.000,0.000,0.000,0.000,0.925,2.558,0.000,0.000,0.000,0.000,0.000,0.000,0.000,0.000,0.000,0.000]
  Iter 274: LB=17.102577  UB=33.482235  gap=4.89e-01
  Cut: intercept=-1115.303509, π_x_range=[-829.9969, 583.9819]

=== True-DRO Benders iter 275 ===
  OMP: t₀=17.102577, UB=33.482235, gap=4.89e-01, x=[0, 0, 0, 0, 0, 0, 0, 0, 0, 0, 0, 1, 0, 0, 0, 0, 1, 0, 0, 0, 0, 0, 0, 0, 0, 0, 0, 0, 0, 0, 0, 0, 0, 0, 0, 0, 0, 0, 0, 0, 0, 0, 0, 0, 0, 0, 0] (0.592s)
  Sub: Z₀=44.666351 [TIME_LIMIT] (15.1s), α=[0.000,0.000,0.000,0.000,0.000,0.000,0.000,0.000,0.000,0.000,0.000,0.000,0.000,0.000,0.000,0.000,0.000,0.000,0.000,0.000,0.000,0.000,0.000,0.023,3.999,0.000,0.000,0.000,2.767,0.000,0.000,0.000,0.000,0.000,0.000,0.000,3.461,0.000,0.000,0.000,0.000,0.000,0.000,0.000,0.000,0.000,0.000]
  Iter 275: LB=17.102577  UB=33.482235  gap=4.89e-01
  Cut: intercept=-69.249604, π_x_range=[-248.0000, 107.6004]

=== True-DRO Benders iter 276 ===
  OMP: t₀=17.184475, UB=33.482235, gap=4.87e-01, x=[0, 0, 0, 0, 0, 0, 0, 0, 0, 0, 0, 0, 0, 0, 0, 0, 0, 0, 0, 0, 0, 0, 0, 0, 0, 1, 0, 0, 0, 0, 0, 0, 0, 0, 0, 0, 0, 0, 0, 0, 0, 0, 0, 0, 0, 0, 0] (0.668s)
  Sub: Z₀=42.576914 [LOCAL] (0.2s), α=[0.000,0.000,0.000,0.000,0.000,0.000,0.000,0.000,0.000,0.000,0.000,0.000,0.000,0.000,0.000,0.000,0.000,0.000,0.000,0.000,0.000,0.000,0.000,0.000,7.190,0.119,0.000,0.000,2.744,0.000,0.000,0.000,0.000,0.000,0.000,0.000,0.195,0.000,0.000,0.000,0.000,0.000,0.000,0.000,0.000,0.000,0.000]
  Iter 276: LB=17.184475  UB=33.482235  gap=4.87e-01
  Cut: intercept=-547.455817, π_x_range=[-829.6074, 590.0327]

=== True-DRO Benders iter 277 ===
  OMP: t₀=17.521649, UB=33.482235, gap=4.77e-01, x=[0, 0, 0, 0, 0, 0, 0, 0, 0, 1, 0, 0, 0, 1, 0, 0, 0, 0, 0, 0, 0, 0, 0, 0, 0, 0, 0, 0, 0, 0, 0, 0, 0, 0, 0, 0, 0, 0, 0, 0, 0, 0, 0, 0, 0, 0, 0] (0.628s)
  Sub: Z₀=44.670139 [LOCAL] (0.3s), α=[0.000,0.000,0.000,0.000,0.000,0.000,0.000,0.000,0.000,0.000,0.000,0.000,0.000,0.000,0.000,0.000,0.000,0.000,0.000,0.000,0.000,0.000,0.000,0.000,4.021,0.000,0.000,0.000,2.744,0.000,0.000,0.000,0.000,0.000,0.000,0.686,2.798,0.000,0.000,0.000,0.000,0.000,0.000,0.000,0.000,0.000,0.000]
  Iter 277: LB=17.521649  UB=33.482235  gap=4.77e-01
  Cut: intercept=-1094.576663, π_x_range=[-826.5227, 591.6136]

=== True-DRO Benders iter 278 ===
  OMP: t₀=17.521649, UB=33.482235, gap=4.77e-01, x=[0, 0, 0, 0, 0, 0, 0, 0, 0, 1, 0, 0, 0, 0, 0, 0, 0, 0, 1, 0, 0, 0, 0, 0, 0, 0, 0, 0, 0, 0, 0, 0, 0, 0, 0, 0, 0, 0, 0, 0, 0, 0, 0, 0, 0, 0, 0] (0.626s)
  Sub: Z₀=44.670139 [LOCAL] (0.3s), α=[0.000,0.000,0.000,0.000,0.000,0.000,0.000,0.000,0.000,0.000,0.000,0.000,0.000,0.000,0.000,0.000,0.000,0.000,0.000,0.000,0.000,0.000,0.000,0.000,4.021,0.000,0.000,0.000,2.744,0.000,0.000,0.000,0.000,0.000,0.000,0.662,2.822,0.000,0.000,0.000,0.000,0.000,0.000,0.000,0.000,0.000,0.000]
  Iter 278: LB=17.521649  UB=33.482235  gap=4.77e-01
  Cut: intercept=-1093.328533, π_x_range=[-826.5080, 590.3316]

=== True-DRO Benders iter 279 ===
  OMP: t₀=17.521649, UB=33.482235, gap=4.77e-01, x=[0, 0, 0, 0, 0, 0, 0, 0, 0, 1, 0, 0, 0, 0, 0, 0, 0, 1, 0, 0, 0, 0, 0, 0, 0, 0, 0, 0, 0, 0, 0, 0, 0, 0, 0, 0, 0, 0, 0, 0, 0, 0, 0, 0, 0, 0, 0] (0.622s)
  Sub: Z₀=44.670139 [LOCAL] (0.3s), α=[0.000,0.000,0.000,0.000,0.000,0.000,0.000,0.000,0.000,0.000,0.000,0.000,0.000,0.000,0.000,0.000,0.000,0.000,0.000,0.000,0.000,0.000,0.000,0.000,4.021,0.000,0.000,0.000,2.744,0.000,0.000,0.000,0.000,0.000,0.000,0.870,2.613,0.000,0.000,0.000,0.000,0.000,0.000,0.000,0.000,0.000,0.000]
  Iter 279: LB=17.521649  UB=33.482235  gap=4.77e-01
  Cut: intercept=-1078.972912, π_x_range=[-826.5129, 575.9391]

=== True-DRO Benders iter 280 ===
  OMP: t₀=17.521649, UB=33.482235, gap=4.77e-01, x=[0, 0, 0, 0, 0, 0, 0, 0, 0, 0, 0, 0, 0, 0, 0, 0, 1, 1, 0, 0, 0, 0, 0, 0, 0, 0, 0, 0, 0, 0, 0, 0, 0, 0, 0, 0, 0, 0, 0, 0, 0, 0, 0, 0, 0, 0, 0] (0.703s)
  Sub: Z₀=44.670155 [TIME_LIMIT] (15.1s), α=[0.000,0.000,0.000,0.000,0.000,0.000,0.000,0.000,0.000,0.000,0.000,0.000,0.000,0.000,0.000,0.000,0.000,0.000,0.000,0.000,0.000,0.000,0.000,0.000,4.021,0.000,0.000,0.000,2.744,0.000,0.000,0.000,0.000,0.000,0.000,1.073,2.410,0.000,0.000,0.000,0.000,0.000,0.000,0.000,0.000,0.000,0.000]
  Iter 280: LB=17.521649  UB=33.482235  gap=4.77e-01
  Cut: intercept=-164.839838, π_x_range=[-263.0000, 130.1441]

=== True-DRO Benders iter 281 ===
  OMP: t₀=17.521649, UB=33.482235, gap=4.77e-01, x=[0, 0, 0, 0, 0, 0, 0, 0, 0, 0, 0, 0, 0, 0, 0, 0, 0, 1, 0, 0, 0, 0, 0, 0, 0, 0, 0, 0, 0, 0, 0, 0, 0, 0, 0, 0, 0, 0, 0, 0, 0, 0, 0, 0, 0, 0, 0] (0.760s)
  Sub: Z₀=44.670139 [LOCAL] (0.3s), α=[0.000,0.000,0.000,0.000,0.000,0.000,0.000,0.000,0.000,0.000,0.000,0.000,0.000,0.000,0.000,0.000,0.000,0.000,0.000,0.000,0.000,0.000,0.000,0.000,4.021,0.000,0.000,0.000,2.744,0.000,0.000,0.000,0.000,0.000,0.000,0.870,2.614,0.000,0.000,0.000,0.000,0.000,0.000,0.000,0.000,0.000,0.000]
  Iter 281: LB=17.521649  UB=33.482235  gap=4.77e-01
  Cut: intercept=-531.306673, π_x_range=[-829.9981, 575.9768]

=== True-DRO Benders iter 282 ===
  OMP: t₀=17.521649, UB=33.482235, gap=4.77e-01, x=[0, 0, 0, 0, 0, 0, 0, 0, 0, 0, 0, 0, 0, 1, 0, 0, 1, 0, 0, 0, 0, 0, 0, 0, 0, 0, 0, 0, 0, 0, 0, 0, 0, 0, 0, 0, 0, 0, 0, 0, 0, 0, 0, 0, 0, 0, 0] (0.719s)
  Sub: Z₀=44.670139 [LOCAL] (0.3s), α=[0.000,0.000,0.000,0.000,0.000,0.000,0.000,0.000,0.000,0.000,0.000,0.000,0.000,0.000,0.000,0.000,0.000,0.000,0.000,0.000,0.000,0.000,0.000,0.000,4.021,0.000,0.000,0.000,2.744,0.000,0.000,0.000,0.000,0.000,0.000,0.678,2.805,0.000,0.000,0.000,0.000,0.000,0.000,0.000,0.000,0.000,0.000]
  Iter 282: LB=17.521649  UB=33.482235  gap=4.77e-01
  Cut: intercept=-1094.199798, π_x_range=[-830.0105, 591.5984]

=== True-DRO Benders iter 283 ===
  OMP: t₀=17.521649, UB=33.482235, gap=4.77e-01, x=[0, 0, 0, 0, 0, 0, 0, 0, 0, 0, 0, 0, 0, 0, 0, 0, 1, 0, 1, 0, 0, 0, 0, 0, 0, 0, 0, 0, 0, 0, 0, 0, 0, 0, 0, 0, 0, 0, 0, 0, 0, 0, 0, 0, 0, 0, 0] (0.755s)
  Sub: Z₀=44.670139 [LOCAL] (0.3s), α=[0.000,0.000,0.000,0.000,0.000,0.000,0.000,0.000,0.000,0.000,0.000,0.000,0.000,0.000,0.000,0.000,0.000,0.000,0.000,0.000,0.000,0.000,0.000,0.000,4.021,0.000,0.000,0.000,2.744,0.000,0.000,0.000,0.000,0.000,0.000,0.654,2.829,0.000,0.000,0.000,0.000,0.000,0.000,0.000,0.000,0.000,0.000]
  Iter 283: LB=17.521649  UB=33.482235  gap=4.77e-01
  Cut: intercept=-1093.009818, π_x_range=[-829.9966, 590.3430]

=== True-DRO Benders iter 284 ===
  OMP: t₀=17.521649, UB=33.482235, gap=4.77e-01, x=[0, 0, 0, 0, 0, 0, 0, 0, 0, 0, 0, 0, 0, 1, 0, 0, 0, 1, 0, 0, 0, 0, 0, 0, 0, 0, 0, 0, 0, 0, 0, 0, 0, 0, 0, 0, 0, 0, 0, 0, 0, 0, 0, 0, 0, 0, 0] (0.675s)
  Sub: Z₀=44.670139 [LOCAL] (0.3s), α=[0.000,0.000,0.000,0.000,0.000,0.000,0.000,0.000,0.000,0.000,0.000,0.000,0.000,0.000,0.000,0.000,0.000,0.000,0.000,0.000,0.000,0.000,0.000,0.000,4.021,0.000,0.000,0.000,2.744,0.000,0.000,0.000,0.000,0.000,0.000,0.869,2.615,0.000,0.000,0.000,0.000,0.000,0.000,0.000,0.000,0.000,0.000]
  Iter 284: LB=17.521649  UB=33.482235  gap=4.77e-01
  Cut: intercept=-1122.890567, π_x_range=[-830.0186, 591.6213]

=== True-DRO Benders iter 285 ===
  OMP: t₀=17.521649, UB=33.482235, gap=4.77e-01, x=[0, 0, 0, 0, 0, 0, 0, 0, 0, 0, 0, 0, 0, 1, 0, 0, 0, 0, 1, 0, 0, 0, 0, 0, 0, 0, 0, 0, 0, 0, 0, 0, 0, 0, 0, 0, 0, 0, 0, 0, 0, 0, 0, 0, 0, 0, 0] (0.746s)
  Sub: Z₀=44.538856 [TIME_LIMIT] (15.1s), α=[0.000,0.000,0.000,0.000,0.000,0.000,0.000,0.000,0.000,0.000,0.000,0.000,0.000,0.000,0.000,0.000,0.000,0.000,0.000,0.000,0.000,0.000,0.000,0.000,4.041,0.000,0.000,0.000,2.909,0.000,0.000,0.000,0.000,0.000,0.000,1.010,2.289,0.000,0.000,0.000,0.000,0.000,0.000,0.000,0.000,0.000,0.000]
  Iter 285: LB=17.521649  UB=33.482235  gap=4.77e-01
  Cut: intercept=44.538856, π_x_range=[-173.2802, 0.0000]

=== True-DRO Benders iter 286 ===
  OMP: t₀=17.521649, UB=33.482235, gap=4.77e-01, x=[0, 0, 0, 0, 0, 0, 0, 0, 0, 0, 0, 0, 0, 0, 0, 0, 0, 1, 1, 0, 0, 0, 0, 0, 0, 0, 0, 0, 0, 0, 0, 0, 0, 0, 0, 0, 0, 0, 0, 0, 0, 0, 0, 0, 0, 0, 0] (0.744s)
  Sub: Z₀=44.670139 [LOCAL] (0.3s), α=[0.000,0.000,0.000,0.000,0.000,0.000,0.000,0.000,0.000,0.000,0.000,0.000,0.000,0.000,0.000,0.000,0.000,0.000,0.000,0.000,0.000,0.000,0.000,0.000,4.021,0.000,0.000,0.000,2.744,0.000,0.000,0.000,0.000,0.000,0.000,0.833,2.650,0.000,0.000,0.000,0.000,0.000,0.000,0.000,0.000,0.000,0.000]
  Iter 286: LB=17.521649  UB=33.482235  gap=4.77e-01
  Cut: intercept=-1120.739716, π_x_range=[-830.0050, 590.1535]

=== True-DRO Benders iter 287 ===
  OMP: t₀=22.117814, UB=33.482235, gap=3.39e-01, x=[0, 0, 0, 0, 0, 0, 0, 0, 0, 0, 0, 0, 0, 0, 0, 0, 0, 0, 0, 0, 0, 0, 0, 0, 0, 0, 0, 0, 0, 0, 0, 0, 1, 0, 0, 0, 0, 0, 0, 0, 0, 0, 0, 0, 0, 0, 0] (0.757s)
  Sub: Z₀=39.560586 [LOCAL] (0.2s), α=[0.000,0.000,0.000,0.000,0.000,0.000,0.000,0.000,0.000,0.000,0.000,0.000,0.000,0.000,0.000,0.000,0.000,0.000,0.000,0.000,0.000,0.000,0.000,0.000,2.929,0.000,0.000,0.000,6.630,0.000,0.000,0.000,0.000,0.000,0.000,0.061,0.629,0.000,0.000,0.000,0.000,0.000,0.000,0.000,0.000,0.000,0.000]
  Iter 287: LB=22.117814  UB=33.482235  gap=3.39e-01
  Cut: intercept=-551.429735, π_x_range=[-825.1759, 590.9903]

=== True-DRO Benders iter 288 ===
  OMP: t₀=22.140118, UB=33.482235, gap=3.39e-01, x=[0, 0, 0, 0, 0, 0, 0, 0, 0, 0, 0, 0, 0, 0, 0, 0, 0, 0, 0, 0, 0, 0, 0, 0, 0, 0, 0, 1, 0, 0, 0, 0, 0, 0, 0, 0, 0, 0, 0, 0, 0, 0, 0, 0, 0, 0, 0] (0.713s)
  Sub: Z₀=33.314169 [LOCAL] (0.2s), α=[0.000,0.000,0.000,0.000,0.000,0.000,0.000,0.000,0.000,0.000,0.000,0.000,0.000,0.000,0.000,0.000,0.000,0.000,0.000,0.000,0.000,0.000,0.000,0.000,0.000,0.000,0.000,4.130,6.030,0.000,0.000,0.000,0.000,0.000,0.000,0.000,0.089,0.000,0.000,0.000,0.000,0.000,0.000,0.000,0.000,0.000,0.000]
  Iter 288: LB=22.140118  UB=33.482235  gap=3.39e-01
  Cut: intercept=-547.795624, π_x_range=[-828.8637, 581.1098]

=== True-DRO Benders iter 289 ===
  OMP: t₀=23.826879, UB=33.482235, gap=2.88e-01, x=[0, 0, 0, 0, 0, 0, 0, 0, 0, 0, 0, 0, 0, 0, 1, 0, 0, 0, 0, 0, 0, 0, 0, 0, 0, 0, 0, 0, 0, 0, 0, 1, 0, 0, 0, 0, 0, 0, 0, 0, 0, 0, 0, 0, 0, 0, 0] (0.717s)
  Sub: Z₀=41.271087 [LOCAL] (0.2s), α=[0.000,0.000,0.000,0.000,0.000,0.000,0.000,0.000,0.000,0.000,0.000,0.000,0.000,0.000,0.000,0.000,0.000,0.000,0.000,0.000,0.000,0.000,0.000,0.000,2.605,0.000,0.000,0.000,2.744,0.000,0.000,4.900,0.000,0.000,0.000,0.000,0.000,0.000,0.000,0.000,0.000,0.000,0.000,0.000,0.000,0.000,0.000]
  Iter 289: LB=23.826879  UB=33.482235  gap=2.88e-01
  Cut: intercept=-1119.747368, π_x_range=[-830.0587, 596.5404]

=== True-DRO Benders iter 290 ===
  OMP: t₀=24.543259, UB=33.482235, gap=2.67e-01, x=[0, 0, 0, 0, 0, 0, 0, 0, 0, 1, 0, 0, 0, 0, 0, 0, 0, 0, 0, 0, 0, 0, 0, 0, 0, 0, 0, 0, 1, 0, 0, 0, 0, 0, 0, 0, 0, 0, 0, 0, 0, 0, 0, 0, 0, 0, 0] (0.726s)
  Sub: Z₀=43.434119 [TIME_LIMIT] (15.1s), α=[0.000,0.000,0.000,0.000,0.000,0.000,0.000,0.000,0.000,0.000,0.000,0.000,0.000,0.000,0.000,0.000,0.000,0.000,0.000,0.000,0.000,0.000,0.000,0.000,4.323,0.000,0.000,0.000,3.842,0.000,0.000,0.000,0.000,0.000,0.000,0.471,1.614,0.000,0.000,0.000,0.000,0.000,0.000,0.000,0.000,0.000,0.000]
  Iter 290: LB=24.543259  UB=33.482235  gap=2.67e-01
  Cut: intercept=-53.020957, π_x_range=[-264.0000, 92.4139]

=== True-DRO Benders iter 291 ===
  OMP: t₀=24.564965, UB=33.482235, gap=2.66e-01, x=[0, 0, 0, 0, 0, 0, 0, 0, 0, 0, 0, 0, 0, 0, 0, 0, 0, 0, 0, 0, 0, 0, 0, 0, 0, 0, 1, 0, 0, 0, 0, 0, 0, 0, 0, 0, 0, 0, 0, 0, 0, 0, 0, 0, 0, 0, 0] (0.775s)
  Sub: Z₀=41.529337 [LOCAL] (0.2s), α=[0.000,0.000,0.000,0.000,0.000,0.000,0.000,0.000,0.000,0.000,0.000,0.000,0.000,0.000,0.000,0.000,0.000,0.000,0.000,0.000,0.000,0.000,0.000,0.000,6.378,0.000,0.000,0.026,3.844,0.000,0.000,0.000,0.000,0.000,0.000,0.000,0.000,0.000,0.000,0.000,0.000,0.000,0.000,0.000,0.000,0.000,0.000]
  Iter 291: LB=24.564965  UB=33.482235  gap=2.66e-01
  Cut: intercept=-541.216753, π_x_range=[-829.7904, 582.7461]

=== True-DRO Benders iter 292 ===
  OMP: t₀=24.694502, UB=33.482235, gap=2.62e-01, x=[0, 0, 0, 0, 0, 0, 0, 0, 0, 0, 1, 0, 0, 0, 0, 0, 0, 0, 0, 0, 0, 0, 0, 0, 0, 0, 0, 0, 0, 0, 0, 0, 0, 0, 0, 0, 0, 0, 0, 0, 0, 0, 0, 0, 0, 0, 0] (0.743s)
  Sub: Z₀=41.768538 [LOCAL] (0.2s), α=[0.000,0.000,0.000,0.000,0.000,0.000,0.000,0.000,0.000,0.000,0.000,0.000,0.000,0.000,0.000,0.000,0.000,0.000,0.000,0.000,0.000,0.000,4.451,0.000,0.000,0.000,0.000,0.000,5.798,0.000,0.000,0.000,0.000,0.000,0.000,0.000,0.000,0.000,0.000,0.000,0.000,0.000,0.000,0.000,0.000,0.000,0.000]
  Iter 292: LB=24.694502  UB=33.482235  gap=2.62e-01
  Cut: intercept=-512.432937, π_x_range=[-828.6862, 554.2015]

=== True-DRO Benders iter 293 ===
  OMP: t₀=25.390239, UB=33.482235, gap=2.42e-01, x=[0, 0, 0, 0, 0, 0, 0, 0, 0, 0, 0, 0, 0, 0, 0, 0, 0, 0, 0, 0, 0, 0, 0, 0, 1, 0, 0, 1, 0, 0, 0, 0, 0, 0, 0, 0, 0, 0, 0, 0, 0, 0, 0, 0, 0, 0, 0] (0.795s)
  Sub: Z₀=25.390239 [LOCAL] (0.2s), α=[0.000,0.000,0.000,0.000,0.000,0.000,0.000,0.000,0.000,0.000,0.000,0.000,0.000,0.000,0.000,0.000,0.000,0.000,0.000,0.000,0.000,0.000,0.000,0.000,7.197,0.000,0.000,0.498,2.554,0.000,0.000,0.000,0.000,0.000,0.000,0.000,0.000,0.000,0.000,0.000,0.000,0.000,0.000,0.000,0.000,0.000,0.000]
  Iter 293: LB=25.390239  UB=33.482235  gap=2.42e-01
  Cut: intercept=-1145.948057, π_x_range=[-827.6498, 587.1033]

=== True-DRO Benders iter 294 ===
  OMP: t₀=25.390239, UB=33.482235, gap=2.42e-01, x=[0, 0, 0, 0, 0, 0, 0, 0, 0, 0, 0, 0, 0, 0, 0, 0, 0, 0, 0, 0, 0, 0, 0, 0, 1, 0, 0, 1, 0, 0, 0, 0, 0, 0, 0, 0, 0, 0, 0, 0, 0, 0, 0, 0, 0, 0, 0] (0.779s)
  Sub: Z₀=25.390239 [LOCAL] (0.2s), α=[0.000,0.000,0.000,0.000,0.000,0.000,0.000,0.000,0.000,0.000,0.000,0.000,0.000,0.000,0.000,0.000,0.000,0.000,0.000,0.000,0.000,0.000,0.000,0.000,7.197,0.000,0.000,0.498,2.554,0.000,0.000,0.000,0.000,0.000,0.000,0.000,0.000,0.000,0.000,0.000,0.000,0.000,0.000,0.000,0.000,0.000,0.000]
  Iter 294: LB=25.390239  UB=33.482235  gap=2.42e-01
  Cut: intercept=-1145.948057, π_x_range=[-827.6498, 587.1033]

=== True-DRO Benders iter 295 ===
  OMP: t₀=25.390239, UB=33.482235, gap=2.42e-01, x=[0, 0, 0, 0, 0, 0, 0, 0, 0, 0, 0, 0, 0, 0, 0, 0, 0, 0, 0, 0, 0, 0, 0, 0, 1, 0, 0, 1, 0, 0, 0, 0, 0, 0, 0, 0, 0, 0, 0, 0, 0, 0, 0, 0, 0, 0, 0] (0.749s)
  Sub: Z₀=33.111791 (11.3s), α=[0.000,0.000,0.000,0.000,0.000,0.000,0.000,0.000,0.000,0.000,0.000,0.000,0.000,0.000,0.000,0.000,0.000,0.000,0.000,0.000,0.000,0.000,0.000,0.000,8.117,0.000,0.000,0.459,1.673,0.000,0.000,0.000,0.000,0.000,0.000,0.000,0.000,0.000,0.000,0.000,0.000,0.000,0.000,0.000,0.000,0.000,0.000]
  Iter 295: LB=25.390239  UB=33.111791  gap=2.33e-01
  Cut: intercept=-110.710365, π_x_range=[-193.9545, 112.6744]
  Sherali-Cut: intercept=-102.819920, π_x_range=[-66.0000, 106.4778]

=== True-DRO Benders iter 296 ===
  OMP: t₀=26.440161, UB=33.111791, gap=2.01e-01, x=[0, 0, 0, 0, 0, 0, 0, 0, 0, 0, 0, 0, 0, 0, 0, 0, 0, 0, 0, 0, 0, 0, 0, 0, 0, 0, 0, 1, 0, 0, 0, 0, 0, 0, 0, 0, 1, 0, 0, 0, 0, 0, 0, 0, 0, 0, 0] (0.484s)
  Sub: Z₀=26.440161 [LOCAL] (0.2s), α=[0.000,0.000,0.000,0.000,0.000,0.000,0.000,0.000,0.000,0.000,0.000,0.000,0.000,0.000,0.000,0.000,0.000,0.000,0.000,0.000,0.000,0.000,0.000,0.000,0.000,0.000,0.000,0.873,4.198,0.000,0.000,0.000,0.000,0.000,0.000,0.000,5.178,0.000,0.000,0.000,0.000,0.000,0.000,0.000,0.000,0.000,0.000]
  Iter 296: LB=26.440161  UB=33.111791  gap=2.01e-01
  Cut: intercept=-1146.949573, π_x_range=[-829.0093, 588.8737]

=== True-DRO Benders iter 297 ===
  OMP: t₀=26.440161, UB=33.111791, gap=2.01e-01, x=[0, 0, 0, 0, 0, 0, 0, 0, 0, 0, 0, 0, 0, 0, 0, 0, 0, 0, 0, 0, 0, 0, 0, 0, 0, 0, 0, 1, 0, 0, 0, 0, 0, 0, 0, 0, 1, 0, 0, 0, 0, 0, 0, 0, 0, 0, 0] (0.521s)
  Sub: Z₀=26.440161 [LOCAL] (0.2s), α=[0.000,0.000,0.000,0.000,0.000,0.000,0.000,0.000,0.000,0.000,0.000,0.000,0.000,0.000,0.000,0.000,0.000,0.000,0.000,0.000,0.000,0.000,0.000,0.000,0.000,0.000,0.000,0.873,4.198,0.000,0.000,0.000,0.000,0.000,0.000,0.000,5.178,0.000,0.000,0.000,0.000,0.000,0.000,0.000,0.000,0.000,0.000]
  Iter 297: LB=26.440161  UB=33.111791  gap=2.01e-01
  Cut: intercept=-1146.949573, π_x_range=[-829.0093, 588.8737]

=== True-DRO Benders iter 298 ===
  OMP: t₀=26.440161, UB=33.111791, gap=2.01e-01, x=[0, 0, 0, 0, 0, 0, 0, 0, 0, 0, 0, 0, 0, 0, 0, 0, 0, 0, 0, 0, 0, 0, 0, 0, 0, 0, 0, 1, 0, 0, 0, 0, 0, 0, 0, 0, 1, 0, 0, 0, 0, 0, 0, 0, 0, 0, 0] (0.508s)
  Sub: Z₀=26.440161 [LOCAL] (0.2s), α=[0.000,0.000,0.000,0.000,0.000,0.000,0.000,0.000,0.000,0.000,0.000,0.000,0.000,0.000,0.000,0.000,0.000,0.000,0.000,0.000,0.000,0.000,0.000,0.000,0.000,0.000,0.000,0.873,4.198,0.000,0.000,0.000,0.000,0.000,0.000,0.000,5.178,0.000,0.000,0.000,0.000,0.000,0.000,0.000,0.000,0.000,0.000]
  Iter 298: LB=26.440161  UB=33.111791  gap=2.01e-01
  Cut: intercept=-1146.949573, π_x_range=[-829.0093, 588.8737]

=== True-DRO Benders iter 299 ===
  OMP: t₀=26.440161, UB=33.111791, gap=2.01e-01, x=[0, 0, 0, 0, 0, 0, 0, 0, 0, 0, 0, 0, 0, 0, 0, 0, 0, 0, 0, 0, 0, 0, 0, 0, 0, 0, 0, 1, 0, 0, 0, 0, 0, 0, 0, 0, 1, 0, 0, 0, 0, 0, 0, 0, 0, 0, 0] (0.501s)
  Sub: Z₀=26.440161 [LOCAL] (0.2s), α=[0.000,0.000,0.000,0.000,0.000,0.000,0.000,0.000,0.000,0.000,0.000,0.000,0.000,0.000,0.000,0.000,0.000,0.000,0.000,0.000,0.000,0.000,0.000,0.000,0.000,0.000,0.000,0.873,4.198,0.000,0.000,0.000,0.000,0.000,0.000,0.000,5.178,0.000,0.000,0.000,0.000,0.000,0.000,0.000,0.000,0.000,0.000]
  Iter 299: LB=26.440161  UB=33.111791  gap=2.01e-01
  Cut: intercept=-1146.949573, π_x_range=[-829.0093, 588.8737]

=== True-DRO Benders iter 300 ===
  OMP: t₀=26.440161, UB=33.111791, gap=2.01e-01, x=[0, 0, 0, 0, 0, 0, 0, 0, 0, 0, 0, 0, 0, 0, 0, 0, 0, 0, 0, 0, 0, 0, 0, 0, 0, 0, 0, 1, 0, 0, 0, 0, 0, 0, 0, 0, 1, 0, 0, 0, 0, 0, 0, 0, 0, 0, 0] (0.489s)
  Sub: Z₀=33.296180 (8.4s), α=[0.000,0.000,0.000,0.000,0.000,0.000,0.000,0.000,0.000,0.000,0.000,0.000,0.000,0.000,0.000,0.000,0.000,0.000,0.000,0.000,0.000,0.000,0.000,0.000,1.333,0.000,0.000,0.000,0.399,0.000,0.000,0.000,0.000,0.000,0.000,0.000,8.518,0.000,0.000,0.000,0.000,0.000,0.000,0.000,0.000,0.000,0.000]
  Iter 300: LB=26.440161  UB=33.111791  gap=2.01e-01
  Cut: intercept=-181.989864, π_x_range=[-237.0000, 141.1821]
  Sherali-Cut: intercept=-131.611872, π_x_range=[-70.6143, 106.0104]

=== True-DRO Benders iter 301 ===
  OMP: t₀=26.510935, UB=33.111791, gap=1.99e-01, x=[0, 0, 0, 0, 0, 0, 0, 0, 0, 0, 1, 0, 0, 0, 0, 0, 0, 0, 0, 0, 0, 0, 0, 0, 1, 0, 0, 0, 0, 0, 0, 0, 0, 0, 0, 0, 0, 0, 0, 0, 0, 0, 0, 0, 0, 0, 0] (0.525s)
  Sub: Z₀=26.510935 [LOCAL] (0.2s), α=[0.000,0.000,0.000,0.000,0.000,0.000,0.000,0.000,0.000,0.000,0.418,0.000,0.000,0.000,0.000,0.000,0.000,0.000,0.000,0.000,0.000,0.000,1.531,0.000,5.400,0.000,0.000,0.000,2.901,0.000,0.000,0.000,0.000,0.000,0.000,0.000,0.000,0.000,0.000,0.000,0.000,0.000,0.000,0.000,0.000,0.000,0.000]
  Iter 301: LB=26.510935  UB=33.111791  gap=1.99e-01
  Cut: intercept=-1111.561784, π_x_range=[-826.0302, 584.7145]

=== True-DRO Benders iter 302 ===
  OMP: t₀=26.510935, UB=33.111791, gap=1.99e-01, x=[0, 0, 0, 0, 0, 0, 0, 0, 0, 0, 1, 0, 0, 0, 0, 0, 0, 0, 0, 0, 0, 0, 0, 0, 1, 0, 0, 0, 0, 0, 0, 0, 0, 0, 0, 0, 0, 0, 0, 0, 0, 0, 0, 0, 0, 0, 0] (0.528s)
  Sub: Z₀=26.510935 [LOCAL] (0.2s), α=[0.000,0.000,0.000,0.000,0.000,0.000,0.000,0.000,0.000,0.000,0.418,0.000,0.000,0.000,0.000,0.000,0.000,0.000,0.000,0.000,0.000,0.000,1.531,0.000,5.400,0.000,0.000,0.000,2.901,0.000,0.000,0.000,0.000,0.000,0.000,0.000,0.000,0.000,0.000,0.000,0.000,0.000,0.000,0.000,0.000,0.000,0.000]
  Iter 302: LB=26.510935  UB=33.111791  gap=1.99e-01
  Cut: intercept=-1111.561784, π_x_range=[-826.0302, 584.7145]

=== True-DRO Benders iter 303 ===
  OMP: t₀=26.510935, UB=33.111791, gap=1.99e-01, x=[0, 0, 0, 0, 0, 0, 0, 0, 0, 0, 1, 0, 0, 0, 0, 0, 0, 0, 0, 0, 0, 0, 0, 0, 1, 0, 0, 0, 0, 0, 0, 0, 0, 0, 0, 0, 0, 0, 0, 0, 0, 0, 0, 0, 0, 0, 0] (0.540s)
  Sub: Z₀=26.510935 [LOCAL] (0.2s), α=[0.000,0.000,0.000,0.000,0.000,0.000,0.000,0.000,0.000,0.000,0.418,0.000,0.000,0.000,0.000,0.000,0.000,0.000,0.000,0.000,0.000,0.000,1.531,0.000,5.400,0.000,0.000,0.000,2.901,0.000,0.000,0.000,0.000,0.000,0.000,0.000,0.000,0.000,0.000,0.000,0.000,0.000,0.000,0.000,0.000,0.000,0.000]
  Iter 303: LB=26.510935  UB=33.111791  gap=1.99e-01
  Cut: intercept=-1111.561784, π_x_range=[-826.0302, 584.7145]

=== True-DRO Benders iter 304 ===
  OMP: t₀=26.510935, UB=33.111791, gap=1.99e-01, x=[0, 0, 0, 0, 0, 0, 0, 0, 0, 0, 1, 0, 0, 0, 0, 0, 0, 0, 0, 0, 0, 0, 0, 0, 1, 0, 0, 0, 0, 0, 0, 0, 0, 0, 0, 0, 0, 0, 0, 0, 0, 0, 0, 0, 0, 0, 0] (0.520s)
  Sub: Z₀=26.510935 [LOCAL] (0.2s), α=[0.000,0.000,0.000,0.000,0.000,0.000,0.000,0.000,0.000,0.000,0.418,0.000,0.000,0.000,0.000,0.000,0.000,0.000,0.000,0.000,0.000,0.000,1.531,0.000,5.400,0.000,0.000,0.000,2.901,0.000,0.000,0.000,0.000,0.000,0.000,0.000,0.000,0.000,0.000,0.000,0.000,0.000,0.000,0.000,0.000,0.000,0.000]
  Iter 304: LB=26.510935  UB=33.111791  gap=1.99e-01
  Cut: intercept=-1111.561784, π_x_range=[-826.0302, 584.7145]

=== True-DRO Benders iter 305 ===
  OMP: t₀=26.510935, UB=33.111791, gap=1.99e-01, x=[0, 0, 0, 0, 0, 0, 0, 0, 0, 0, 1, 0, 0, 0, 0, 0, 0, 0, 0, 0, 0, 0, 0, 0, 1, 0, 0, 0, 0, 0, 0, 0, 0, 0, 0, 0, 0, 0, 0, 0, 0, 0, 0, 0, 0, 0, 0] (0.530s)
  Sub: Z₀=36.462818 (0.3s), α=[0.000,0.000,0.000,0.000,0.000,0.000,0.000,0.000,0.000,0.000,0.644,0.000,0.000,0.000,0.000,0.000,0.000,0.000,0.000,0.000,0.000,0.000,1.232,0.000,5.624,0.000,0.000,0.000,2.750,0.000,0.000,0.000,0.000,0.000,0.000,0.000,0.000,0.000,0.000,0.000,0.000,0.000,0.000,0.000,0.000,0.000,0.000]
  Iter 305: LB=26.510935  UB=33.111791  gap=1.99e-01
  Cut: intercept=-199.519494, π_x_range=[-260.0000, 183.6055]
  Sherali-Cut: intercept=-175.475997, π_x_range=[-122.6344, 169.8291]

=== True-DRO Benders iter 306 ===
  OMP: t₀=28.311720, UB=33.111791, gap=1.45e-01, x=[0, 0, 0, 0, 0, 0, 0, 0, 0, 0, 0, 0, 0, 0, 0, 0, 0, 0, 0, 0, 0, 0, 0, 0, 0, 0, 1, 1, 0, 0, 0, 0, 0, 0, 0, 0, 0, 0, 0, 0, 0, 0, 0, 0, 0, 0, 0] (0.455s)
  Sub: Z₀=28.311720 [LOCAL] (0.2s), α=[0.000,0.000,0.000,0.000,0.000,0.000,0.000,0.000,0.000,0.000,0.000,0.000,0.000,0.000,0.000,0.000,0.000,0.000,0.000,0.000,0.000,0.000,0.000,0.000,2.239,0.000,0.000,2.332,5.679,0.000,0.000,0.000,0.000,0.000,0.000,0.000,0.000,0.000,0.000,0.000,0.000,0.000,0.000,0.000,0.000,0.000,0.000]
  Iter 306: LB=28.311720  UB=33.111791  gap=1.45e-01
  Cut: intercept=-1138.147905, π_x_range=[-829.0494, 583.7803]

=== True-DRO Benders iter 307 ===
  OMP: t₀=28.311720, UB=33.111791, gap=1.45e-01, x=[0, 0, 0, 0, 0, 0, 0, 0, 0, 0, 0, 0, 0, 0, 0, 0, 0, 0, 0, 0, 0, 0, 0, 0, 0, 0, 1, 1, 0, 0, 0, 0, 0, 0, 0, 0, 0, 0, 0, 0, 0, 0, 0, 0, 0, 0, 0] (0.466s)
  Sub: Z₀=28.311720 [LOCAL] (0.2s), α=[0.000,0.000,0.000,0.000,0.000,0.000,0.000,0.000,0.000,0.000,0.000,0.000,0.000,0.000,0.000,0.000,0.000,0.000,0.000,0.000,0.000,0.000,0.000,0.000,2.239,0.000,0.000,2.332,5.679,0.000,0.000,0.000,0.000,0.000,0.000,0.000,0.000,0.000,0.000,0.000,0.000,0.000,0.000,0.000,0.000,0.000,0.000]
  Iter 307: LB=28.311720  UB=33.111791  gap=1.45e-01
  Cut: intercept=-1138.147905, π_x_range=[-829.0494, 583.7803]

=== True-DRO Benders iter 308 ===
  OMP: t₀=28.311720, UB=33.111791, gap=1.45e-01, x=[0, 0, 0, 0, 0, 0, 0, 0, 0, 0, 0, 0, 0, 0, 0, 0, 0, 0, 0, 0, 0, 0, 0, 0, 0, 0, 1, 1, 0, 0, 0, 0, 0, 0, 0, 0, 0, 0, 0, 0, 0, 0, 0, 0, 0, 0, 0] (0.463s)
  Sub: Z₀=28.311720 [LOCAL] (0.2s), α=[0.000,0.000,0.000,0.000,0.000,0.000,0.000,0.000,0.000,0.000,0.000,0.000,0.000,0.000,0.000,0.000,0.000,0.000,0.000,0.000,0.000,0.000,0.000,0.000,2.239,0.000,0.000,2.332,5.679,0.000,0.000,0.000,0.000,0.000,0.000,0.000,0.000,0.000,0.000,0.000,0.000,0.000,0.000,0.000,0.000,0.000,0.000]
  Iter 308: LB=28.311720  UB=33.111791  gap=1.45e-01
  Cut: intercept=-1138.147905, π_x_range=[-829.0494, 583.7803]

=== True-DRO Benders iter 309 ===
  OMP: t₀=28.311720, UB=33.111791, gap=1.45e-01, x=[0, 0, 0, 0, 0, 0, 0, 0, 0, 0, 0, 0, 0, 0, 0, 0, 0, 0, 0, 0, 0, 0, 0, 0, 0, 0, 1, 1, 0, 0, 0, 0, 0, 0, 0, 0, 0, 0, 0, 0, 0, 0, 0, 0, 0, 0, 0] (0.456s)
  Sub: Z₀=28.311720 [LOCAL] (0.2s), α=[0.000,0.000,0.000,0.000,0.000,0.000,0.000,0.000,0.000,0.000,0.000,0.000,0.000,0.000,0.000,0.000,0.000,0.000,0.000,0.000,0.000,0.000,0.000,0.000,2.239,0.000,0.000,2.332,5.679,0.000,0.000,0.000,0.000,0.000,0.000,0.000,0.000,0.000,0.000,0.000,0.000,0.000,0.000,0.000,0.000,0.000,0.000]
  Iter 309: LB=28.311720  UB=33.111791  gap=1.45e-01
  Cut: intercept=-1138.147905, π_x_range=[-829.0494, 583.7803]

=== True-DRO Benders iter 310 ===
  OMP: t₀=28.311720, UB=33.111791, gap=1.45e-01, x=[0, 0, 0, 0, 0, 0, 0, 0, 0, 0, 0, 0, 0, 0, 0, 0, 0, 0, 0, 0, 0, 0, 0, 0, 0, 0, 1, 1, 0, 0, 0, 0, 0, 0, 0, 0, 0, 0, 0, 0, 0, 0, 0, 0, 0, 0, 0] (0.456s)
  Sub: Z₀=32.418348 [TIME_LIMIT] (15.1s), α=[0.000,0.000,0.000,0.000,0.000,0.000,0.000,0.000,0.000,0.000,0.000,0.000,0.000,0.000,0.000,0.000,0.000,0.000,0.000,0.000,0.000,0.000,0.000,0.000,2.239,0.000,0.000,2.089,5.922,0.000,0.000,0.000,0.000,0.000,0.000,0.000,0.000,0.000,0.000,0.000,0.000,0.000,0.000,0.000,0.000,0.000,0.000]
  Iter 310: LB=28.311720  UB=32.973616  gap=1.41e-01
  Cut: intercept=-209.516055, π_x_range=[-256.1142, 138.4852]

=== True-DRO Benders iter 311 ===
  OMP: t₀=28.667955, UB=32.973616, gap=1.31e-01, x=[0, 0, 0, 0, 0, 0, 0, 0, 0, 0, 0, 0, 0, 0, 0, 0, 0, 0, 0, 0, 0, 0, 0, 0, 0, 0, 0, 0, 0, 0, 0, 1, 0, 1, 0, 0, 0, 0, 0, 0, 0, 0, 0, 0, 0, 0, 0] (0.528s)
  Sub: Z₀=41.444156 [LOCAL] (0.3s), α=[0.000,0.000,0.000,0.000,0.000,0.000,0.000,0.000,0.000,0.000,0.000,0.000,0.000,0.000,0.000,0.000,0.000,0.000,0.000,0.000,0.000,0.000,0.000,0.000,6.340,0.000,0.000,0.000,0.368,0.000,0.000,3.541,0.000,0.000,0.000,0.000,0.000,0.000,0.000,0.000,0.000,0.000,0.000,0.000,0.000,0.000,0.000]
  Iter 311: LB=28.667955  UB=32.973616  gap=1.31e-01
  Cut: intercept=-1093.506227, π_x_range=[-830.9296, 574.8877]

=== True-DRO Benders iter 312 ===
  OMP: t₀=30.133597, UB=32.973616, gap=8.61e-02, x=[0, 0, 0, 0, 0, 0, 0, 0, 0, 0, 1, 0, 0, 0, 0, 0, 0, 0, 0, 0, 0, 0, 0, 0, 0, 0, 0, 1, 0, 0, 0, 0, 0, 0, 0, 0, 0, 0, 0, 0, 0, 0, 0, 0, 0, 0, 0] (0.537s)
  Sub: Z₀=30.133597 [LOCAL] (0.2s), α=[0.000,0.000,0.000,0.000,0.000,0.000,0.000,0.000,0.000,0.000,0.000,0.000,0.000,0.000,0.000,0.000,0.000,0.000,0.000,0.000,0.000,0.000,0.000,0.000,0.000,0.000,0.000,0.242,9.957,0.000,0.000,0.000,0.000,0.000,0.000,0.000,0.051,0.000,0.000,0.000,0.000,0.000,0.000,0.000,0.000,0.000,0.000]
  Iter 312: LB=30.133597  UB=32.973616  gap=8.61e-02
  Cut: intercept=-1085.942352, π_x_range=[-820.7233, 574.2432]

=== True-DRO Benders iter 313 ===
  OMP: t₀=30.133597, UB=32.973616, gap=8.61e-02, x=[0, 0, 0, 0, 0, 0, 0, 0, 0, 0, 1, 0, 0, 0, 0, 0, 0, 0, 0, 0, 0, 0, 0, 0, 0, 0, 0, 1, 0, 0, 0, 0, 0, 0, 0, 0, 0, 0, 0, 0, 0, 0, 0, 0, 0, 0, 0] (0.524s)
  Sub: Z₀=30.133597 [LOCAL] (0.2s), α=[0.000,0.000,0.000,0.000,0.000,0.000,0.000,0.000,0.000,0.000,0.000,0.000,0.000,0.000,0.000,0.000,0.000,0.000,0.000,0.000,0.000,0.000,0.000,0.000,0.000,0.000,0.000,0.242,9.957,0.000,0.000,0.000,0.000,0.000,0.000,0.000,0.051,0.000,0.000,0.000,0.000,0.000,0.000,0.000,0.000,0.000,0.000]
  Iter 313: LB=30.133597  UB=32.973616  gap=8.61e-02
  Cut: intercept=-1085.942352, π_x_range=[-820.7233, 574.2432]

=== True-DRO Benders iter 314 ===
  OMP: t₀=30.133597, UB=32.973616, gap=8.61e-02, x=[0, 0, 0, 0, 0, 0, 0, 0, 0, 0, 1, 0, 0, 0, 0, 0, 0, 0, 0, 0, 0, 0, 0, 0, 0, 0, 0, 1, 0, 0, 0, 0, 0, 0, 0, 0, 0, 0, 0, 0, 0, 0, 0, 0, 0, 0, 0] (0.533s)
  Sub: Z₀=30.133597 [LOCAL] (0.2s), α=[0.000,0.000,0.000,0.000,0.000,0.000,0.000,0.000,0.000,0.000,0.000,0.000,0.000,0.000,0.000,0.000,0.000,0.000,0.000,0.000,0.000,0.000,0.000,0.000,0.000,0.000,0.000,0.242,9.957,0.000,0.000,0.000,0.000,0.000,0.000,0.000,0.051,0.000,0.000,0.000,0.000,0.000,0.000,0.000,0.000,0.000,0.000]
  Iter 314: LB=30.133597  UB=32.973616  gap=8.61e-02
  Cut: intercept=-1085.942352, π_x_range=[-820.7233, 574.2432]

=== True-DRO Benders iter 315 ===
  OMP: t₀=30.133597, UB=32.973616, gap=8.61e-02, x=[0, 0, 0, 0, 0, 0, 0, 0, 0, 0, 1, 0, 0, 0, 0, 0, 0, 0, 0, 0, 0, 0, 0, 0, 0, 0, 0, 1, 0, 0, 0, 0, 0, 0, 0, 0, 0, 0, 0, 0, 0, 0, 0, 0, 0, 0, 0] (0.531s)
  Sub: Z₀=34.959815 (2.3s), α=[0.000,0.000,0.000,0.000,0.000,0.000,0.000,0.000,0.000,0.000,0.000,0.000,0.000,0.000,0.000,0.000,0.000,0.000,0.000,0.000,0.000,0.000,0.000,0.000,0.000,0.000,0.000,0.758,9.491,0.000,0.000,0.000,0.000,0.000,0.000,0.000,0.000,0.000,0.000,0.000,0.000,0.000,0.000,0.000,0.000,0.000,0.000]
  Iter 315: LB=30.133597  UB=32.973616  gap=8.61e-02
  Cut: intercept=-261.492235, π_x_range=[-250.0000, 154.8464]
  Sherali-Cut: intercept=-100.762534, π_x_range=[-76.4260, 108.3799]

=== True-DRO Benders iter 316 ===
  OMP: t₀=30.491827, UB=32.973616, gap=7.53e-02, x=[0, 0, 0, 0, 0, 0, 0, 0, 0, 0, 0, 0, 0, 0, 0, 0, 0, 0, 0, 0, 0, 0, 0, 0, 0, 0, 0, 1, 0, 0, 0, 0, 0, 0, 0, 1, 0, 0, 0, 0, 0, 0, 0, 0, 0, 0, 0] (0.466s)
  Sub: Z₀=30.491827 [LOCAL] (0.2s), α=[0.000,0.000,0.000,0.000,0.000,0.000,0.000,0.000,0.000,0.000,0.000,0.000,0.000,0.000,0.000,0.000,0.000,0.000,0.000,0.000,0.000,0.000,0.000,0.000,0.533,0.000,0.000,3.025,5.842,0.000,0.000,0.000,0.000,0.000,0.000,0.809,0.040,0.000,0.000,0.000,0.000,0.000,0.000,0.000,0.000,0.000,0.000]
  Iter 316: LB=30.491827  UB=32.973616  gap=7.53e-02
  Cut: intercept=-1128.771432, π_x_range=[-824.9171, 580.6804]

=== True-DRO Benders iter 317 ===
  OMP: t₀=30.491827, UB=32.973616, gap=7.53e-02, x=[0, 0, 0, 0, 0, 0, 0, 0, 0, 0, 0, 0, 0, 0, 0, 0, 0, 0, 0, 0, 0, 0, 0, 0, 0, 0, 0, 1, 0, 0, 0, 0, 0, 0, 0, 1, 0, 0, 0, 0, 0, 0, 0, 0, 0, 0, 0] (0.464s)
  Sub: Z₀=30.491827 [LOCAL] (0.2s), α=[0.000,0.000,0.000,0.000,0.000,0.000,0.000,0.000,0.000,0.000,0.000,0.000,0.000,0.000,0.000,0.000,0.000,0.000,0.000,0.000,0.000,0.000,0.000,0.000,0.533,0.000,0.000,3.025,5.842,0.000,0.000,0.000,0.000,0.000,0.000,0.809,0.040,0.000,0.000,0.000,0.000,0.000,0.000,0.000,0.000,0.000,0.000]
  Iter 317: LB=30.491827  UB=32.973616  gap=7.53e-02
  Cut: intercept=-1128.771432, π_x_range=[-824.9171, 580.6804]

=== True-DRO Benders iter 318 ===
  OMP: t₀=30.491827, UB=32.973616, gap=7.53e-02, x=[0, 0, 0, 0, 0, 0, 0, 0, 0, 0, 0, 0, 0, 0, 0, 0, 0, 0, 0, 0, 0, 0, 0, 0, 0, 0, 0, 1, 0, 0, 0, 0, 0, 0, 0, 1, 0, 0, 0, 0, 0, 0, 0, 0, 0, 0, 0] (0.532s)
  Sub: Z₀=30.491827 [LOCAL] (0.2s), α=[0.000,0.000,0.000,0.000,0.000,0.000,0.000,0.000,0.000,0.000,0.000,0.000,0.000,0.000,0.000,0.000,0.000,0.000,0.000,0.000,0.000,0.000,0.000,0.000,0.533,0.000,0.000,3.025,5.842,0.000,0.000,0.000,0.000,0.000,0.000,0.809,0.040,0.000,0.000,0.000,0.000,0.000,0.000,0.000,0.000,0.000,0.000]
  Iter 318: LB=30.491827  UB=32.973616  gap=7.53e-02
  Cut: intercept=-1128.771432, π_x_range=[-824.9171, 580.6804]

=== True-DRO Benders iter 319 ===
  OMP: t₀=30.491827, UB=32.973616, gap=7.53e-02, x=[0, 0, 0, 0, 0, 0, 0, 0, 0, 0, 0, 0, 0, 0, 0, 0, 0, 0, 0, 0, 0, 0, 0, 0, 0, 0, 0, 1, 0, 0, 0, 0, 0, 0, 0, 1, 0, 0, 0, 0, 0, 0, 0, 0, 0, 0, 0] (0.527s)
  Sub: Z₀=30.491827 [LOCAL] (0.2s), α=[0.000,0.000,0.000,0.000,0.000,0.000,0.000,0.000,0.000,0.000,0.000,0.000,0.000,0.000,0.000,0.000,0.000,0.000,0.000,0.000,0.000,0.000,0.000,0.000,0.533,0.000,0.000,3.025,5.842,0.000,0.000,0.000,0.000,0.000,0.000,0.809,0.040,0.000,0.000,0.000,0.000,0.000,0.000,0.000,0.000,0.000,0.000]
  Iter 319: LB=30.491827  UB=32.973616  gap=7.53e-02
  Cut: intercept=-1128.771432, π_x_range=[-824.9171, 580.6804]

=== True-DRO Benders iter 320 ===
  OMP: t₀=30.491827, UB=32.973616, gap=7.53e-02, x=[0, 0, 0, 0, 0, 0, 0, 0, 0, 0, 0, 0, 0, 0, 0, 0, 0, 0, 0, 0, 0, 0, 0, 0, 0, 0, 0, 1, 0, 0, 0, 0, 0, 0, 0, 1, 0, 0, 0, 0, 0, 0, 0, 0, 0, 0, 0] (0.515s)
  Sub: Z₀=35.008344 [TIME_LIMIT] (15.1s), α=[0.000,0.000,0.000,0.000,0.000,0.000,0.000,0.000,0.000,0.000,0.000,0.000,0.000,0.000,0.000,0.000,0.000,0.000,0.000,0.000,0.000,0.000,0.000,0.000,0.000,0.000,0.000,0.975,4.099,0.000,0.000,0.000,0.000,0.000,0.000,1.679,3.496,0.000,0.000,0.000,0.000,0.000,0.000,0.000,0.000,0.000,0.000]
  Iter 320: LB=30.491827  UB=32.973616  gap=7.53e-02
  Cut: intercept=-99.773367, π_x_range=[-272.0000, 119.0545]

=== True-DRO Benders iter 321 ===
  OMP: t₀=30.560967, UB=32.973616, gap=7.32e-02, x=[0, 0, 0, 0, 0, 0, 0, 0, 0, 0, 0, 0, 0, 0, 0, 0, 0, 0, 0, 0, 0, 0, 0, 0, 0, 0, 0, 1, 0, 0, 0, 0, 0, 0, 1, 0, 0, 0, 0, 0, 0, 0, 0, 0, 0, 0, 0] (0.634s)
  Sub: Z₀=30.560967 [LOCAL] (0.2s), α=[0.000,0.000,0.000,0.000,0.000,0.000,0.000,0.000,0.000,0.000,0.000,0.000,0.000,0.000,0.000,0.000,0.000,0.000,0.000,0.000,0.000,0.000,0.000,0.000,0.000,0.000,0.000,4.165,6.084,0.000,0.000,0.000,0.000,0.000,0.000,0.000,0.000,0.000,0.000,0.000,0.000,0.000,0.000,0.000,0.000,0.000,0.000]
  Iter 321: LB=30.560967  UB=32.973616  gap=7.32e-02
  Cut: intercept=-1140.520828, π_x_range=[-825.7932, 592.6371]

=== True-DRO Benders iter 322 ===
  OMP: t₀=30.560967, UB=32.973616, gap=7.32e-02, x=[0, 0, 0, 0, 0, 0, 0, 0, 0, 0, 0, 0, 0, 0, 0, 0, 0, 0, 0, 0, 0, 0, 0, 0, 0, 0, 0, 1, 0, 0, 0, 0, 0, 0, 1, 0, 0, 0, 0, 0, 0, 0, 0, 0, 0, 0, 0] (0.627s)
  Sub: Z₀=30.560967 [LOCAL] (0.2s), α=[0.000,0.000,0.000,0.000,0.000,0.000,0.000,0.000,0.000,0.000,0.000,0.000,0.000,0.000,0.000,0.000,0.000,0.000,0.000,0.000,0.000,0.000,0.000,0.000,0.000,0.000,0.000,4.165,6.084,0.000,0.000,0.000,0.000,0.000,0.000,0.000,0.000,0.000,0.000,0.000,0.000,0.000,0.000,0.000,0.000,0.000,0.000]
  Iter 322: LB=30.560967  UB=32.973616  gap=7.32e-02
  Cut: intercept=-1140.520828, π_x_range=[-825.7932, 592.6371]

=== True-DRO Benders iter 323 ===
  OMP: t₀=30.560967, UB=32.973616, gap=7.32e-02, x=[0, 0, 0, 0, 0, 0, 0, 0, 0, 0, 0, 0, 0, 0, 0, 0, 0, 0, 0, 0, 0, 0, 0, 0, 0, 0, 0, 1, 0, 0, 0, 0, 0, 0, 1, 0, 0, 0, 0, 0, 0, 0, 0, 0, 0, 0, 0] (0.608s)
  Sub: Z₀=30.560967 [LOCAL] (0.2s), α=[0.000,0.000,0.000,0.000,0.000,0.000,0.000,0.000,0.000,0.000,0.000,0.000,0.000,0.000,0.000,0.000,0.000,0.000,0.000,0.000,0.000,0.000,0.000,0.000,0.000,0.000,0.000,4.165,6.084,0.000,0.000,0.000,0.000,0.000,0.000,0.000,0.000,0.000,0.000,0.000,0.000,0.000,0.000,0.000,0.000,0.000,0.000]
  Iter 323: LB=30.560967  UB=32.973616  gap=7.32e-02
  Cut: intercept=-1140.520828, π_x_range=[-825.7932, 592.6371]

=== True-DRO Benders iter 324 ===
  OMP: t₀=30.560967, UB=32.973616, gap=7.32e-02, x=[0, 0, 0, 0, 0, 0, 0, 0, 0, 0, 0, 0, 0, 0, 0, 0, 0, 0, 0, 0, 0, 0, 0, 0, 0, 0, 0, 1, 0, 0, 0, 0, 0, 0, 1, 0, 0, 0, 0, 0, 0, 0, 0, 0, 0, 0, 0] (0.601s)
  Sub: Z₀=30.560967 [LOCAL] (0.2s), α=[0.000,0.000,0.000,0.000,0.000,0.000,0.000,0.000,0.000,0.000,0.000,0.000,0.000,0.000,0.000,0.000,0.000,0.000,0.000,0.000,0.000,0.000,0.000,0.000,0.000,0.000,0.000,4.165,6.084,0.000,0.000,0.000,0.000,0.000,0.000,0.000,0.000,0.000,0.000,0.000,0.000,0.000,0.000,0.000,0.000,0.000,0.000]
  Iter 324: LB=30.560967  UB=32.973616  gap=7.32e-02
  Cut: intercept=-1140.520828, π_x_range=[-825.7932, 592.6371]

=== True-DRO Benders iter 325 ===
  OMP: t₀=30.560967, UB=32.973616, gap=7.32e-02, x=[0, 0, 0, 0, 0, 0, 0, 0, 0, 0, 0, 0, 0, 0, 0, 0, 0, 0, 0, 0, 0, 0, 0, 0, 0, 0, 0, 1, 0, 0, 0, 0, 0, 0, 1, 0, 0, 0, 0, 0, 0, 0, 0, 0, 0, 0, 0] (0.610s)
  Sub: Z₀=33.312677 [TIME_LIMIT] (15.1s), α=[0.000,0.000,0.000,0.000,0.000,0.000,0.000,0.000,0.000,0.000,0.000,0.000,0.000,0.000,0.000,0.000,0.000,0.000,0.000,0.000,0.000,0.000,0.000,0.000,0.000,0.000,0.000,4.723,3.570,0.000,0.000,0.000,0.000,0.000,1.956,0.000,0.000,0.000,0.000,0.000,0.000,0.000,0.000,0.000,0.000,0.000,0.000]
  Iter 325: LB=30.560967  UB=32.973616  gap=7.32e-02
  Cut: intercept=-165.462509, π_x_range=[-198.0396, 135.1427]

=== True-DRO Benders iter 326 ===
  OMP: t₀=30.635538, UB=32.973616, gap=7.09e-02, x=[0, 0, 0, 0, 0, 0, 0, 0, 0, 0, 0, 0, 0, 0, 0, 0, 0, 0, 0, 0, 0, 0, 0, 0, 0, 0, 0, 0, 0, 0, 0, 0, 0, 1, 0, 0, 0, 0, 0, 0, 0, 0, 0, 0, 0, 0, 0] (0.563s)
  Sub: Z₀=43.892874 [LOCAL] (0.2s), α=[0.000,0.000,0.000,0.000,0.000,0.000,0.000,0.000,0.000,0.000,0.000,0.000,0.000,0.000,0.000,0.000,0.000,0.000,0.000,0.000,0.000,0.000,0.000,0.000,5.790,0.000,0.000,0.000,0.907,0.000,0.000,0.000,0.000,0.000,0.000,0.955,2.597,0.000,0.000,0.000,0.000,0.000,0.000,0.000,0.000,0.000,0.000]
  Iter 326: LB=30.635538  UB=32.973616  gap=7.09e-02
  Cut: intercept=-528.586077, π_x_range=[-830.9883, 572.4790]

=== True-DRO Benders iter 327 ===
  OMP: t₀=31.155100, UB=32.973616, gap=5.52e-02, x=[0, 0, 0, 0, 0, 0, 0, 0, 0, 0, 0, 0, 0, 0, 0, 0, 0, 0, 0, 0, 0, 0, 0, 0, 0, 0, 0, 1, 0, 1, 0, 0, 0, 0, 0, 0, 0, 0, 0, 0, 0, 0, 0, 0, 0, 0, 0] (0.534s)
  Sub: Z₀=31.155100 [LOCAL] (0.2s), α=[0.000,0.000,0.000,0.000,0.000,0.000,0.000,0.000,0.000,0.000,0.000,0.000,0.000,0.000,0.000,0.000,0.000,0.000,0.000,0.000,0.000,0.000,0.000,0.000,0.000,0.000,0.000,4.065,6.057,0.000,0.000,0.000,0.000,0.000,0.000,0.000,0.127,0.000,0.000,0.000,0.000,0.000,0.000,0.000,0.000,0.000,0.000]
  Iter 327: LB=31.155100  UB=32.973616  gap=5.52e-02
  Cut: intercept=-1098.845542, π_x_range=[-828.2277, 577.5138]

=== True-DRO Benders iter 328 ===
  OMP: t₀=31.155100, UB=32.973616, gap=5.52e-02, x=[0, 0, 0, 0, 0, 0, 0, 0, 0, 0, 0, 0, 0, 0, 0, 0, 0, 0, 0, 0, 0, 0, 0, 0, 0, 0, 0, 1, 0, 1, 0, 0, 0, 0, 0, 0, 0, 0, 0, 0, 0, 0, 0, 0, 0, 0, 0] (0.539s)
  Sub: Z₀=31.155100 [LOCAL] (0.2s), α=[0.000,0.000,0.000,0.000,0.000,0.000,0.000,0.000,0.000,0.000,0.000,0.000,0.000,0.000,0.000,0.000,0.000,0.000,0.000,0.000,0.000,0.000,0.000,0.000,0.000,0.000,0.000,4.065,6.057,0.000,0.000,0.000,0.000,0.000,0.000,0.000,0.127,0.000,0.000,0.000,0.000,0.000,0.000,0.000,0.000,0.000,0.000]
  Iter 328: LB=31.155100  UB=32.973616  gap=5.52e-02
  Cut: intercept=-1098.845542, π_x_range=[-828.2277, 577.5138]

=== True-DRO Benders iter 329 ===
  OMP: t₀=31.155100, UB=32.973616, gap=5.52e-02, x=[0, 0, 0, 0, 0, 0, 0, 0, 0, 0, 0, 0, 0, 0, 0, 0, 0, 0, 0, 0, 0, 0, 0, 0, 0, 0, 0, 1, 0, 1, 0, 0, 0, 0, 0, 0, 0, 0, 0, 0, 0, 0, 0, 0, 0, 0, 0] (0.569s)
  Sub: Z₀=31.155100 [LOCAL] (0.2s), α=[0.000,0.000,0.000,0.000,0.000,0.000,0.000,0.000,0.000,0.000,0.000,0.000,0.000,0.000,0.000,0.000,0.000,0.000,0.000,0.000,0.000,0.000,0.000,0.000,0.000,0.000,0.000,4.065,6.057,0.000,0.000,0.000,0.000,0.000,0.000,0.000,0.127,0.000,0.000,0.000,0.000,0.000,0.000,0.000,0.000,0.000,0.000]
  Iter 329: LB=31.155100  UB=32.973616  gap=5.52e-02
  Cut: intercept=-1098.845542, π_x_range=[-828.2277, 577.5138]

=== True-DRO Benders iter 330 ===
  OMP: t₀=31.155100, UB=32.973616, gap=5.52e-02, x=[0, 0, 0, 0, 0, 0, 0, 0, 0, 0, 0, 0, 0, 0, 0, 0, 0, 0, 0, 0, 0, 0, 0, 0, 0, 0, 0, 1, 0, 1, 0, 0, 0, 0, 0, 0, 0, 0, 0, 0, 0, 0, 0, 0, 0, 0, 0] (0.526s)
  Sub: Z₀=34.473952 [TIME_LIMIT] (15.1s), α=[0.000,0.000,0.000,0.000,0.000,0.000,0.000,0.000,0.000,0.000,0.000,0.000,0.000,0.000,0.000,0.000,0.000,0.000,0.000,0.000,0.000,0.000,0.000,0.000,0.000,0.000,0.000,4.076,5.905,0.000,0.000,0.000,0.000,0.000,0.000,0.063,0.205,0.000,0.000,0.000,0.000,0.000,0.000,0.000,0.000,0.000,0.000]
  Iter 330: LB=31.155100  UB=32.973616  gap=5.52e-02
  Cut: intercept=-287.355763, π_x_range=[-170.9837, 194.1737]

=== True-DRO Benders iter 331 ===
  OMP: t₀=31.274780, UB=32.973616, gap=5.15e-02, x=[0, 0, 0, 0, 0, 0, 0, 0, 0, 0, 0, 0, 0, 0, 0, 0, 0, 0, 0, 0, 0, 0, 0, 0, 0, 1, 0, 1, 0, 0, 0, 0, 0, 0, 0, 0, 0, 0, 0, 0, 0, 0, 0, 0, 0, 0, 0] (0.617s)
  Sub: Z₀=31.274780 [LOCAL] (0.2s), α=[0.000,0.000,0.000,0.000,0.000,0.000,0.000,0.000,0.000,0.000,0.000,0.000,0.000,0.000,0.000,0.000,0.000,0.000,0.000,0.000,0.000,0.000,0.000,0.000,0.000,0.000,0.000,4.109,6.049,0.000,0.000,0.000,0.000,0.000,0.000,0.000,0.091,0.000,0.000,0.000,0.000,0.000,0.000,0.000,0.000,0.000,0.000]
  Iter 331: LB=31.274780  UB=32.973616  gap=5.15e-02
  Cut: intercept=-1141.488546, π_x_range=[-828.6849, 592.3542]

=== True-DRO Benders iter 332 ===
  OMP: t₀=31.274780, UB=32.973616, gap=5.15e-02, x=[0, 0, 0, 0, 0, 0, 0, 0, 0, 0, 0, 0, 0, 0, 0, 0, 0, 0, 0, 0, 0, 0, 0, 0, 0, 1, 0, 1, 0, 0, 0, 0, 0, 0, 0, 0, 0, 0, 0, 0, 0, 0, 0, 0, 0, 0, 0] (0.585s)
  Sub: Z₀=31.274780 [LOCAL] (0.2s), α=[0.000,0.000,0.000,0.000,0.000,0.000,0.000,0.000,0.000,0.000,0.000,0.000,0.000,0.000,0.000,0.000,0.000,0.000,0.000,0.000,0.000,0.000,0.000,0.000,0.000,0.000,0.000,4.109,6.049,0.000,0.000,0.000,0.000,0.000,0.000,0.000,0.091,0.000,0.000,0.000,0.000,0.000,0.000,0.000,0.000,0.000,0.000]
  Iter 332: LB=31.274780  UB=32.973616  gap=5.15e-02
  Cut: intercept=-1141.488546, π_x_range=[-828.6849, 592.3542]

=== True-DRO Benders iter 333 ===
  OMP: t₀=31.274780, UB=32.973616, gap=5.15e-02, x=[0, 0, 0, 0, 0, 0, 0, 0, 0, 0, 0, 0, 0, 0, 0, 0, 0, 0, 0, 0, 0, 0, 0, 0, 0, 1, 0, 1, 0, 0, 0, 0, 0, 0, 0, 0, 0, 0, 0, 0, 0, 0, 0, 0, 0, 0, 0] (0.581s)
  Sub: Z₀=31.274780 [LOCAL] (0.2s), α=[0.000,0.000,0.000,0.000,0.000,0.000,0.000,0.000,0.000,0.000,0.000,0.000,0.000,0.000,0.000,0.000,0.000,0.000,0.000,0.000,0.000,0.000,0.000,0.000,0.000,0.000,0.000,4.109,6.049,0.000,0.000,0.000,0.000,0.000,0.000,0.000,0.091,0.000,0.000,0.000,0.000,0.000,0.000,0.000,0.000,0.000,0.000]
  Iter 333: LB=31.274780  UB=32.973616  gap=5.15e-02
  Cut: intercept=-1141.488546, π_x_range=[-828.6849, 592.3542]

=== True-DRO Benders iter 334 ===
  OMP: t₀=31.274780, UB=32.973616, gap=5.15e-02, x=[0, 0, 0, 0, 0, 0, 0, 0, 0, 0, 0, 0, 0, 0, 0, 0, 0, 0, 0, 0, 0, 0, 0, 0, 0, 1, 0, 1, 0, 0, 0, 0, 0, 0, 0, 0, 0, 0, 0, 0, 0, 0, 0, 0, 0, 0, 0] (0.569s)
  Sub: Z₀=31.274780 [LOCAL] (0.2s), α=[0.000,0.000,0.000,0.000,0.000,0.000,0.000,0.000,0.000,0.000,0.000,0.000,0.000,0.000,0.000,0.000,0.000,0.000,0.000,0.000,0.000,0.000,0.000,0.000,0.000,0.000,0.000,4.109,6.049,0.000,0.000,0.000,0.000,0.000,0.000,0.000,0.091,0.000,0.000,0.000,0.000,0.000,0.000,0.000,0.000,0.000,0.000]
  Iter 334: LB=31.274780  UB=32.973616  gap=5.15e-02
  Cut: intercept=-1141.488546, π_x_range=[-828.6849, 592.3542]

=== True-DRO Benders iter 335 ===
  OMP: t₀=31.274780, UB=32.973616, gap=5.15e-02, x=[0, 0, 0, 0, 0, 0, 0, 0, 0, 0, 0, 0, 0, 0, 0, 0, 0, 0, 0, 0, 0, 0, 0, 0, 0, 1, 0, 1, 0, 0, 0, 0, 0, 0, 0, 0, 0, 0, 0, 0, 0, 0, 0, 0, 0, 0, 0] (0.572s)
  Sub: Z₀=34.800112 [TIME_LIMIT] (15.1s), α=[0.000,0.000,0.000,0.000,0.000,0.000,0.000,0.000,0.000,0.000,0.000,0.000,0.000,0.000,0.000,0.000,0.000,0.000,0.000,0.000,0.000,0.000,0.000,0.000,5.109,0.078,0.000,0.003,5.059,0.000,0.000,0.000,0.000,0.000,0.000,0.000,0.000,0.000,0.000,0.000,0.000,0.000,0.000,0.000,0.000,0.000,0.000]
  Iter 335: LB=31.274780  UB=32.973616  gap=5.15e-02
  Cut: intercept=-140.816446, π_x_range=[-177.0455, 141.1821]

=== True-DRO Benders iter 336 ===
  OMP: t₀=32.347220, UB=32.973616, gap=1.90e-02, x=[0, 0, 0, 0, 0, 0, 0, 0, 0, 0, 0, 0, 0, 0, 0, 0, 0, 0, 0, 0, 0, 0, 0, 0, 0, 0, 0, 1, 1, 0, 0, 0, 0, 0, 0, 0, 0, 0, 0, 0, 0, 0, 0, 0, 0, 0, 0] (0.596s)
  Sub: Z₀=32.347220 [LOCAL] (0.2s), α=[0.000,0.000,0.000,0.000,0.000,0.000,0.000,0.000,0.000,0.000,0.000,0.000,0.000,0.000,0.000,0.000,0.000,0.000,0.000,0.000,0.000,0.000,0.000,0.000,0.000,0.000,0.000,3.966,6.232,0.000,0.000,0.000,0.000,0.000,0.000,0.000,0.051,0.000,0.000,0.000,0.000,0.000,0.000,0.000,0.000,0.000,0.000]
  Iter 336: LB=32.347220  UB=32.973616  gap=1.90e-02
  Cut: intercept=-1145.643177, π_x_range=[-828.9770, 597.5720]

=== True-DRO Benders iter 337 ===
  OMP: t₀=32.347220, UB=32.973616, gap=1.90e-02, x=[0, 0, 0, 0, 0, 0, 0, 0, 0, 0, 0, 0, 0, 0, 0, 0, 0, 0, 0, 0, 0, 0, 0, 0, 0, 0, 0, 1, 1, 0, 0, 0, 0, 0, 0, 0, 0, 0, 0, 0, 0, 0, 0, 0, 0, 0, 0] (0.563s)
  Sub: Z₀=32.347220 [LOCAL] (0.2s), α=[0.000,0.000,0.000,0.000,0.000,0.000,0.000,0.000,0.000,0.000,0.000,0.000,0.000,0.000,0.000,0.000,0.000,0.000,0.000,0.000,0.000,0.000,0.000,0.000,0.000,0.000,0.000,3.966,6.232,0.000,0.000,0.000,0.000,0.000,0.000,0.000,0.051,0.000,0.000,0.000,0.000,0.000,0.000,0.000,0.000,0.000,0.000]
  Iter 337: LB=32.347220  UB=32.973616  gap=1.90e-02
  Cut: intercept=-1145.643177, π_x_range=[-828.9770, 597.5720]

=== True-DRO Benders iter 338 ===
  OMP: t₀=32.347220, UB=32.973616, gap=1.90e-02, x=[0, 0, 0, 0, 0, 0, 0, 0, 0, 0, 0, 0, 0, 0, 0, 0, 0, 0, 0, 0, 0, 0, 0, 0, 0, 0, 0, 1, 1, 0, 0, 0, 0, 0, 0, 0, 0, 0, 0, 0, 0, 0, 0, 0, 0, 0, 0] (0.574s)
  Sub: Z₀=32.347220 [LOCAL] (0.2s), α=[0.000,0.000,0.000,0.000,0.000,0.000,0.000,0.000,0.000,0.000,0.000,0.000,0.000,0.000,0.000,0.000,0.000,0.000,0.000,0.000,0.000,0.000,0.000,0.000,0.000,0.000,0.000,3.966,6.232,0.000,0.000,0.000,0.000,0.000,0.000,0.000,0.051,0.000,0.000,0.000,0.000,0.000,0.000,0.000,0.000,0.000,0.000]
  Iter 338: LB=32.347220  UB=32.973616  gap=1.90e-02
  Cut: intercept=-1145.643177, π_x_range=[-828.9770, 597.5720]

=== True-DRO Benders iter 339 ===
  OMP: t₀=32.347220, UB=32.973616, gap=1.90e-02, x=[0, 0, 0, 0, 0, 0, 0, 0, 0, 0, 0, 0, 0, 0, 0, 0, 0, 0, 0, 0, 0, 0, 0, 0, 0, 0, 0, 1, 1, 0, 0, 0, 0, 0, 0, 0, 0, 0, 0, 0, 0, 0, 0, 0, 0, 0, 0] (0.582s)
  Sub: Z₀=32.347220 [LOCAL] (0.2s), α=[0.000,0.000,0.000,0.000,0.000,0.000,0.000,0.000,0.000,0.000,0.000,0.000,0.000,0.000,0.000,0.000,0.000,0.000,0.000,0.000,0.000,0.000,0.000,0.000,0.000,0.000,0.000,3.966,6.232,0.000,0.000,0.000,0.000,0.000,0.000,0.000,0.051,0.000,0.000,0.000,0.000,0.000,0.000,0.000,0.000,0.000,0.000]
  Iter 339: LB=32.347220  UB=32.973616  gap=1.90e-02
  Cut: intercept=-1145.643177, π_x_range=[-828.9770, 597.5720]

=== True-DRO Benders iter 340 ===
  OMP: t₀=32.347220, UB=32.973616, gap=1.90e-02, x=[0, 0, 0, 0, 0, 0, 0, 0, 0, 0, 0, 0, 0, 0, 0, 0, 0, 0, 0, 0, 0, 0, 0, 0, 0, 0, 0, 1, 1, 0, 0, 0, 0, 0, 0, 0, 0, 0, 0, 0, 0, 0, 0, 0, 0, 0, 0] (0.561s)
  Sub: Z₀=35.433201 [TIME_LIMIT] (15.1s), α=[0.000,0.000,0.000,0.000,0.000,0.000,0.000,0.000,0.000,0.000,0.000,0.000,0.000,0.000,0.000,0.000,0.000,0.000,0.000,0.000,0.000,0.000,0.000,0.000,2.211,0.000,0.000,4.089,3.949,0.000,0.000,0.000,0.000,0.000,0.000,0.000,0.000,0.000,0.000,0.000,0.000,0.000,0.000,0.000,0.000,0.000,0.000]
  Iter 340: LB=32.347220  UB=32.973616  gap=1.90e-02
  Cut: intercept=-110.405485, π_x_range=[-192.2500, 140.3754]

=== True-DRO Benders iter 341 ===
  OMP: t₀=32.418348, UB=32.973616, gap=1.68e-02, x=[0, 0, 0, 0, 0, 0, 0, 0, 0, 0, 0, 0, 0, 0, 0, 0, 0, 0, 0, 0, 0, 0, 0, 0, 0, 0, 1, 1, 0, 0, 0, 0, 0, 0, 0, 0, 0, 0, 0, 0, 0, 0, 0, 0, 0, 0, 0] (0.573s)
  Sub: Z₀=28.311720 [LOCAL] (0.2s), α=[0.000,0.000,0.000,0.000,0.000,0.000,0.000,0.000,0.000,0.000,0.000,0.000,0.000,0.000,0.000,0.000,0.000,0.000,0.000,0.000,0.000,0.000,0.000,0.000,2.239,0.000,0.000,2.332,5.679,0.000,0.000,0.000,0.000,0.000,0.000,0.000,0.000,0.000,0.000,0.000,0.000,0.000,0.000,0.000,0.000,0.000,0.000]
  Iter 341: LB=32.418348  UB=32.973616  gap=1.68e-02
  Cut: intercept=-1138.147905, π_x_range=[-829.0494, 583.7803]

=== True-DRO Benders iter 342 ===
  OMP: t₀=32.418348, UB=32.973616, gap=1.68e-02, x=[0, 0, 0, 0, 0, 0, 0, 0, 0, 0, 0, 0, 0, 0, 0, 0, 0, 0, 0, 0, 0, 0, 0, 0, 0, 0, 1, 1, 0, 0, 0, 0, 0, 0, 0, 0, 0, 0, 0, 0, 0, 0, 0, 0, 0, 0, 0] (0.503s)
  Sub: Z₀=28.311720 [LOCAL] (0.2s), α=[0.000,0.000,0.000,0.000,0.000,0.000,0.000,0.000,0.000,0.000,0.000,0.000,0.000,0.000,0.000,0.000,0.000,0.000,0.000,0.000,0.000,0.000,0.000,0.000,2.239,0.000,0.000,2.332,5.679,0.000,0.000,0.000,0.000,0.000,0.000,0.000,0.000,0.000,0.000,0.000,0.000,0.000,0.000,0.000,0.000,0.000,0.000]
  Iter 342: LB=32.418348  UB=32.973616  gap=1.68e-02
  Cut: intercept=-1138.147905, π_x_range=[-829.0494, 583.7803]

=== True-DRO Benders iter 343 ===
  OMP: t₀=32.418348, UB=32.973616, gap=1.68e-02, x=[0, 0, 0, 0, 0, 0, 0, 0, 0, 0, 0, 0, 0, 0, 0, 0, 0, 0, 0, 0, 0, 0, 0, 0, 0, 0, 1, 1, 0, 0, 0, 0, 0, 0, 0, 0, 0, 0, 0, 0, 0, 0, 0, 0, 0, 0, 0] (0.500s)
  Sub: Z₀=28.311720 [LOCAL] (0.2s), α=[0.000,0.000,0.000,0.000,0.000,0.000,0.000,0.000,0.000,0.000,0.000,0.000,0.000,0.000,0.000,0.000,0.000,0.000,0.000,0.000,0.000,0.000,0.000,0.000,2.239,0.000,0.000,2.332,5.679,0.000,0.000,0.000,0.000,0.000,0.000,0.000,0.000,0.000,0.000,0.000,0.000,0.000,0.000,0.000,0.000,0.000,0.000]
  Iter 343: LB=32.418348  UB=32.973616  gap=1.68e-02
  Cut: intercept=-1138.147905, π_x_range=[-829.0494, 583.7803]

=== True-DRO Benders iter 344 ===
  OMP: t₀=32.418348, UB=32.973616, gap=1.68e-02, x=[0, 0, 0, 0, 0, 0, 0, 0, 0, 0, 0, 0, 0, 0, 0, 0, 0, 0, 0, 0, 0, 0, 0, 0, 0, 0, 1, 1, 0, 0, 0, 0, 0, 0, 0, 0, 0, 0, 0, 0, 0, 0, 0, 0, 0, 0, 0] (0.499s)
  Sub: Z₀=28.311720 [LOCAL] (0.2s), α=[0.000,0.000,0.000,0.000,0.000,0.000,0.000,0.000,0.000,0.000,0.000,0.000,0.000,0.000,0.000,0.000,0.000,0.000,0.000,0.000,0.000,0.000,0.000,0.000,2.239,0.000,0.000,2.332,5.679,0.000,0.000,0.000,0.000,0.000,0.000,0.000,0.000,0.000,0.000,0.000,0.000,0.000,0.000,0.000,0.000,0.000,0.000]
  Iter 344: LB=32.418348  UB=32.973616  gap=1.68e-02
  Cut: intercept=-1138.147905, π_x_range=[-829.0494, 583.7803]

=== True-DRO Benders iter 345 ===
  OMP: t₀=32.418348, UB=32.973616, gap=1.68e-02, x=[0, 0, 0, 0, 0, 0, 0, 0, 0, 0, 0, 0, 0, 0, 0, 0, 0, 0, 0, 0, 0, 0, 0, 0, 0, 0, 1, 1, 0, 0, 0, 0, 0, 0, 0, 0, 0, 0, 0, 0, 0, 0, 0, 0, 0, 0, 0] (0.498s)
  Sub: Z₀=32.418348 [TIME_LIMIT] (15.1s), α=[0.000,0.000,0.000,0.000,0.000,0.000,0.000,0.000,0.000,0.000,0.000,0.000,0.000,0.000,0.000,0.000,0.000,0.000,0.000,0.000,0.000,0.000,0.000,0.000,2.239,0.000,0.000,2.089,5.922,0.000,0.000,0.000,0.000,0.000,0.000,0.000,0.000,0.000,0.000,0.000,0.000,0.000,0.000,0.000,0.000,0.000,0.000]
  Iter 345: LB=32.418348  UB=32.973616  gap=1.68e-02
  Cut: intercept=-209.516055, π_x_range=[-256.1142, 138.4852]

=== True-DRO Benders iter 346 ===
  OMP: t₀=32.418348, UB=32.973616, gap=1.68e-02, x=[0, 0, 0, 0, 0, 0, 0, 0, 0, 0, 0, 0, 0, 0, 0, 0, 0, 0, 0, 0, 0, 0, 0, 0, 0, 0, 1, 1, 0, 0, 0, 0, 0, 0, 0, 0, 0, 0, 0, 0, 0, 0, 0, 0, 0, 0, 0] (0.592s)
  Sub: Z₀=28.311720 [LOCAL] (0.2s), α=[0.000,0.000,0.000,0.000,0.000,0.000,0.000,0.000,0.000,0.000,0.000,0.000,0.000,0.000,0.000,0.000,0.000,0.000,0.000,0.000,0.000,0.000,0.000,0.000,2.239,0.000,0.000,2.332,5.679,0.000,0.000,0.000,0.000,0.000,0.000,0.000,0.000,0.000,0.000,0.000,0.000,0.000,0.000,0.000,0.000,0.000,0.000]
  Iter 346: LB=32.418348  UB=32.973616  gap=1.68e-02
  Cut: intercept=-1138.147905, π_x_range=[-829.0494, 583.7803]

=== True-DRO Benders iter 347 ===
  OMP: t₀=32.418348, UB=32.973616, gap=1.68e-02, x=[0, 0, 0, 0, 0, 0, 0, 0, 0, 0, 0, 0, 0, 0, 0, 0, 0, 0, 0, 0, 0, 0, 0, 0, 0, 0, 1, 1, 0, 0, 0, 0, 0, 0, 0, 0, 0, 0, 0, 0, 0, 0, 0, 0, 0, 0, 0] (0.583s)
  Sub: Z₀=28.311720 [LOCAL] (0.2s), α=[0.000,0.000,0.000,0.000,0.000,0.000,0.000,0.000,0.000,0.000,0.000,0.000,0.000,0.000,0.000,0.000,0.000,0.000,0.000,0.000,0.000,0.000,0.000,0.000,2.239,0.000,0.000,2.332,5.679,0.000,0.000,0.000,0.000,0.000,0.000,0.000,0.000,0.000,0.000,0.000,0.000,0.000,0.000,0.000,0.000,0.000,0.000]
  Iter 347: LB=32.418348  UB=32.973616  gap=1.68e-02
  Cut: intercept=-1138.147905, π_x_range=[-829.0494, 583.7803]

=== True-DRO Benders iter 348 ===
  OMP: t₀=32.418348, UB=32.973616, gap=1.68e-02, x=[0, 0, 0, 0, 0, 0, 0, 0, 0, 0, 0, 0, 0, 0, 0, 0, 0, 0, 0, 0, 0, 0, 0, 0, 0, 0, 1, 1, 0, 0, 0, 0, 0, 0, 0, 0, 0, 0, 0, 0, 0, 0, 0, 0, 0, 0, 0] (0.576s)
  Sub: Z₀=28.311720 [LOCAL] (0.2s), α=[0.000,0.000,0.000,0.000,0.000,0.000,0.000,0.000,0.000,0.000,0.000,0.000,0.000,0.000,0.000,0.000,0.000,0.000,0.000,0.000,0.000,0.000,0.000,0.000,2.239,0.000,0.000,2.332,5.679,0.000,0.000,0.000,0.000,0.000,0.000,0.000,0.000,0.000,0.000,0.000,0.000,0.000,0.000,0.000,0.000,0.000,0.000]
  Iter 348: LB=32.418348  UB=32.973616  gap=1.68e-02
  Cut: intercept=-1138.147905, π_x_range=[-829.0494, 583.7803]

=== True-DRO Benders iter 349 ===
  OMP: t₀=32.418348, UB=32.973616, gap=1.68e-02, x=[0, 0, 0, 0, 0, 0, 0, 0, 0, 0, 0, 0, 0, 0, 0, 0, 0, 0, 0, 0, 0, 0, 0, 0, 0, 0, 1, 1, 0, 0, 0, 0, 0, 0, 0, 0, 0, 0, 0, 0, 0, 0, 0, 0, 0, 0, 0] (0.591s)
  Sub: Z₀=28.311720 [LOCAL] (0.2s), α=[0.000,0.000,0.000,0.000,0.000,0.000,0.000,0.000,0.000,0.000,0.000,0.000,0.000,0.000,0.000,0.000,0.000,0.000,0.000,0.000,0.000,0.000,0.000,0.000,2.239,0.000,0.000,2.332,5.679,0.000,0.000,0.000,0.000,0.000,0.000,0.000,0.000,0.000,0.000,0.000,0.000,0.000,0.000,0.000,0.000,0.000,0.000]
  Iter 349: LB=32.418348  UB=32.973616  gap=1.68e-02
  Cut: intercept=-1138.147905, π_x_range=[-829.0494, 583.7803]

=== True-DRO Benders iter 350 ===
  OMP: t₀=32.418348, UB=32.973616, gap=1.68e-02, x=[0, 0, 0, 0, 0, 0, 0, 0, 0, 0, 0, 0, 0, 0, 0, 0, 0, 0, 0, 0, 0, 0, 0, 0, 0, 0, 1, 1, 0, 0, 0, 0, 0, 0, 0, 0, 0, 0, 0, 0, 0, 0, 0, 0, 0, 0, 0] (0.587s)
  → Boost: time limit 3600s + MIPGap=0.5% (same x + prev TIME_LIMIT)
  Sub: Z₀=32.418342 (10.8s), α=[0.000,0.000,0.000,0.000,0.000,0.000,0.000,0.000,0.000,0.000,0.000,0.000,0.000,0.000,0.000,0.000,0.000,0.000,0.000,0.000,0.000,0.000,0.000,0.000,2.239,0.000,0.000,2.089,5.922,0.000,0.000,0.000,0.000,0.000,0.000,0.000,0.000,0.000,0.000,0.000,0.000,0.000,0.000,0.000,0.000,0.000,0.000]
  Iter 350: LB=32.418348  UB=32.418342  gap=1.72e-07
True-DRO Benders converged at iter 350 (gap=1.72e-07)
  Wall time: 1295.91 sec
  OMP  time: mean=0.427s, median=0.490s, max=0.795s
  Sub  time (exact): mean=7.292s, median=8.137s, q90=13.016s, max=13.687s (n=14/350)

Result (double/naive): Z₀=32.418342, iters=350, time=1295.9s
x arcs = [27, 28]
