============================================================
nobel_us — double [mb_only]: ε̂=0.20, ε̃=0.20, β=0.05
  mini_benders=true, valid_inequality=none
============================================================
Set parameter Username
Set parameter LicenseID to value 2742039
Academic license - for non-commercial use only - expires 2026-11-20
Set parameter Username
Set parameter LicenseID to value 2742039
Academic license - for non-commercial use only - expires 2026-11-20
Set parameter OutputFlag to value 1
Set parameter LogFile to value "global_miqcp.log"
Set parameter Username
Set parameter LicenseID to value 2742039
Academic license - for non-commercial use only - expires 2026-11-20
Set parameter Username
Set parameter LicenseID to value 2742039
Academic license - for non-commercial use only - expires 2026-11-20
Set parameter Username
Set parameter LicenseID to value 2742039
Academic license - for non-commercial use only - expires 2026-11-20
Set parameter Username
Set parameter LicenseID to value 2742039
Academic license - for non-commercial use only - expires 2026-11-20

=== True-DRO Benders iter 1 ===
  OMP: t₀=-10000.000000, UB=Inf, gap=NaN, x=[0, 0, 0, 0, 0, 0, 0, 0, 0, 0, 0, 0, 0, 0, 0, 0, 0, 0, 0, 0, 0, 0, 0, 0, 0, 0, 0, 0, 0, 0, 0, 0, 0, 0, 0, 0, 0, 0] (0.000s)
  Sub: Z₀=20.674232 [LOCAL] (0.2s), α=[0.000,0.000,0.000,0.000,0.000,1.469,0.000,0.000,3.401,0.000,0.000,0.000,0.000,0.000,2.284,0.000,0.000,0.000,0.000,0.000,0.000,0.000,0.000,0.000,0.000,0.000,3.549,0.000,0.000,0.000,0.000,0.000,0.000,0.000,0.000,0.000,0.000,0.000]
  Iter 1: LB=-10000.000000  UB=Inf  gap=NaN
  Cut: intercept=20.674232, π_x_range=[-832.2403, -800.2756]
  Mini-Benders[1] (mw): LB=-1638.667217, Z₀(α*)=4.975286, intercept=-130.838342 (0.047s) [OMP=0.007 ISP-L=0.007 ISP-F=0.017 MW-L=0.008 MW-F=0.011]
  Mini-Benders[2] (mw): LB=-254.324855, Z₀(α*)=-3.604894, intercept=-35.886436 (0.047s) [OMP=0.004 ISP-L=0.004 ISP-F=0.012 MW-L=0.008 MW-F=0.012]
  Mini-Benders[3] (mw): LB=-218.442658, Z₀(α*)=-23.129836, intercept=-87.796319 (0.047s) [OMP=0.013 ISP-L=0.004 ISP-F=0.013 MW-L=0.008 MW-F=0.012]
  Mini-Benders[4] (mw): LB=-146.524115, Z₀(α*)=8.472651, intercept=-113.559166 (0.078s) [OMP=0.031 ISP-L=0.004 ISP-F=0.012 MW-L=0.009 MW-F=0.010]
  Mini-Benders[5] (mw): LB=-140.592891, Z₀(α*)=-37.805448, intercept=-148.278876 (0.062s) [OMP=0.029 ISP-L=0.004 ISP-F=0.010 MW-L=0.008 MW-F=0.013]
Set parameter NonConvex to value 2
Set parameter DualReductions to value 0
  α-step: Z₀=10.229935, α=[0.000,0.000,0.000,0.000,0.000,0.000,0.000,0.000,0.000,0.000,0.000,0.000,0.000,0.000,0.000,0.000,0.000,0.000,0.000,6.906,0.000,3.796,0.000,0.000,0.000,0.000,0.000,0.000,0.000,0.000,0.000,0.000,0.000,0.000,0.000,0.000,0.000,0.000]
  Alt-Benders[1] (mw): LB=-134.864923, Z₀(α*)=-7.989141, intercept=-93.810939 (0.063s) [OMP=0.030 ISP-L=0.004 ISP-F=0.012 MW-L=0.008 MW-F=0.012]
  Alt-Benders[2] (mw): LB=-123.807848, Z₀(α*)=-28.403203, intercept=-135.835559 (0.078s) [OMP=0.034 ISP-L=0.004 ISP-F=0.012 MW-L=0.009 MW-F=0.012]
  Alt-Benders[3] (mw): LB=-114.970604, Z₀(α*)=-27.244621, intercept=-95.262863 (0.094s) [OMP=0.067 ISP-L=0.004 ISP-F=0.011 MW-L=0.008 MW-F=0.011]
  Alt-Benders[4] (mw): LB=-112.141173, Z₀(α*)=-32.081642, intercept=-80.457040 (0.078s) [OMP=0.039 ISP-L=0.004 ISP-F=0.012 MW-L=0.008 MW-F=0.012]
  Alt-Benders[5] (mw): LB=-110.704044, Z₀(α*)=-28.196230, intercept=-114.979427 (0.094s) [OMP=0.047 ISP-L=0.004 ISP-F=0.013 MW-L=0.009 MW-F=0.012]
  OMP re-solve: 0.053s

=== True-DRO Benders iter 2 ===
  OMP: t₀=-107.075847, UB=Inf, gap=NaN, x=[0, 0, 0, 0, 0, 0, 1, 0, 1, 0, 0, 0, 0, 0, 0, 0, 0, 0, 0, 0, 0, 0, 0, 0, 0, 0, 0, 0, 0, 0, 0, 0, 0, 0, 0, 0, 0, 0] (0.000s)
  Sub: Z₀=14.897835 [LOCAL] (0.1s), α=[0.000,0.000,0.000,0.000,0.000,0.032,0.426,0.000,9.538,0.000,0.000,0.000,0.000,0.000,0.000,0.000,0.000,0.000,0.000,0.000,0.000,0.000,0.000,0.000,0.000,0.000,0.706,0.000,0.000,0.000,0.000,0.000,0.000,0.000,0.000,0.000,0.000,0.000]
  Iter 2: LB=-107.075847  UB=Inf  gap=NaN
  Cut: intercept=-1146.543948, π_x_range=[-829.7979, 587.8251]
  Mini-Benders[1] (mw): LB=-106.518062, Z₀(α*)=6.255066, intercept=-103.721315 (0.109s) [OMP=0.052 ISP-L=0.004 ISP-F=0.012 MW-L=0.021 MW-F=0.011]
  Mini-Benders[2] (mw): LB=-104.244298, Z₀(α*)=-31.583048, intercept=-81.599838 (0.079s) [OMP=0.049 ISP-L=0.004 ISP-F=0.012 MW-L=0.009 MW-F=0.010]
  Mini-Benders[3] (mw): LB=-104.208723, Z₀(α*)=-6.678840, intercept=-123.705215 (0.109s) [OMP=0.068 ISP-L=0.004 ISP-F=0.012 MW-L=0.008 MW-F=0.009]
  Mini-Benders[4] (mw): LB=-99.559741, Z₀(α*)=-12.089802, intercept=-96.866558 (0.094s) [OMP=0.052 ISP-L=0.004 ISP-F=0.012 MW-L=0.009 MW-F=0.010]
  Mini-Benders[5] (mw): LB=-94.481005, Z₀(α*)=-40.278914, intercept=-136.127352 (0.093s) [OMP=0.054 ISP-L=0.004 ISP-F=0.013 MW-L=0.009 MW-F=0.013]
  α-step: Z₀=11.083639, α=[0.000,0.000,0.000,0.000,0.000,0.000,0.000,0.000,0.000,0.000,0.000,0.000,0.000,0.000,7.659,0.000,0.000,0.000,0.000,0.000,0.000,0.000,0.000,0.000,3.043,0.000,0.000,0.000,0.000,0.000,0.000,0.000,0.000,0.000,0.000,0.000,0.000,0.000]
  Alt-Benders[1] (mw): LB=-90.081732, Z₀(α*)=-51.393461, intercept=-49.630060 (0.109s) [OMP=0.070 ISP-L=0.004 ISP-F=0.011 MW-L=0.008 MW-F=0.011]
  Alt-Benders[2] (mw): LB=-87.252301, Z₀(α*)=-26.522284, intercept=-37.943516 (0.188s) [OMP=0.139 ISP-L=0.004 ISP-F=0.010 MW-L=0.008 MW-F=0.022]
  Alt-Benders[3] (mw): LB=-84.984497, Z₀(α*)=-44.603015, intercept=-88.813550 (0.125s) [OMP=0.097 ISP-L=0.004 ISP-F=0.012 MW-L=0.009 MW-F=0.012]
  Alt-Benders[4] (mw): LB=-83.583470, Z₀(α*)=-14.610172, intercept=-130.394482 (0.140s) [OMP=0.102 ISP-L=0.004 ISP-F=0.011 MW-L=0.008 MW-F=0.012]
  Alt-Benders[5] (mw): LB=-81.113051, Z₀(α*)=-10.678331, intercept=-121.203921 (0.141s) [OMP=0.098 ISP-L=0.004 ISP-F=0.011 MW-L=0.009 MW-F=0.013]
  OMP re-solve: 0.097s

=== True-DRO Benders iter 3 ===
  OMP: t₀=-79.218399, UB=Inf, gap=NaN, x=[0, 0, 0, 0, 0, 0, 0, 0, 1, 0, 0, 0, 0, 0, 0, 0, 0, 0, 0, 1, 0, 0, 0, 0, 0, 0, 0, 0, 0, 0, 0, 0, 0, 0, 0, 0, 0, 0] (0.000s)
  Sub: Z₀=13.627408 [LOCAL] (0.2s), α=[0.000,0.000,0.000,0.000,0.000,0.000,0.000,0.000,4.073,0.000,0.000,0.000,0.000,0.000,2.557,0.000,0.000,0.000,0.000,4.073,0.000,0.000,0.000,0.000,0.000,0.000,0.000,0.000,0.000,0.000,0.000,0.000,0.000,0.000,0.000,0.000,0.000,0.000]
  Iter 3: LB=-79.218399  UB=Inf  gap=NaN
  Cut: intercept=-1127.095812, π_x_range=[-828.7934, 583.3629]
  Mini-Benders[1] (mw): LB=-77.967514, Z₀(α*)=-25.212232, intercept=-79.208769 (0.141s) [OMP=0.101 ISP-L=0.004 ISP-F=0.012 MW-L=0.009 MW-F=0.013]
  Mini-Benders[2] (mw): LB=-77.628326, Z₀(α*)=-21.059755, intercept=-111.692111 (0.140s) [OMP=0.108 ISP-L=0.004 ISP-F=0.010 MW-L=0.008 MW-F=0.011]
  Mini-Benders[3] (mw): LB=-73.999855, Z₀(α*)=-12.790516, intercept=-125.767248 (0.156s) [OMP=0.108 ISP-L=0.004 ISP-F=0.012 MW-L=0.009 MW-F=0.023]
  Mini-Benders[4] (mw): LB=-71.180815, Z₀(α*)=-40.904010, intercept=-119.760542 (0.172s) [OMP=0.131 ISP-L=0.004 ISP-F=0.011 MW-L=0.009 MW-F=0.012]
  Mini-Benders[5] (mw): LB=-70.922976, Z₀(α*)=-46.851763, intercept=-49.121010 (0.157s) [OMP=0.120 ISP-L=0.004 ISP-F=0.012 MW-L=0.008 MW-F=0.012]
  α-step: Z₀=12.023167, α=[0.000,0.000,0.000,0.000,0.000,0.000,0.000,0.000,0.289,0.000,0.000,0.000,0.000,0.000,0.183,0.000,0.000,0.000,0.000,0.000,0.000,0.000,0.000,0.000,5.421,0.000,2.179,2.631,0.000,0.000,0.000,0.000,0.000,0.000,0.000,0.000,0.000,0.000]
  Alt-Benders[1] (mw): LB=-69.599666, Z₀(α*)=-28.200331, intercept=-108.533404 (0.156s) [OMP=0.107 ISP-L=0.004 ISP-F=0.012 MW-L=0.009 MW-F=0.013]
  Alt-Benders[2] (mw): LB=-68.516998, Z₀(α*)=-27.119464, intercept=-74.593320 (0.266s) [OMP=0.237 ISP-L=0.004 ISP-F=0.012 MW-L=0.009 MW-F=0.010]
  Alt-Benders[3] (mw): LB=-67.784787, Z₀(α*)=-15.546246, intercept=-44.520267 (0.140s) [OMP=0.097 ISP-L=0.004 ISP-F=0.012 MW-L=0.008 MW-F=0.013]
  Alt-Benders[4] (mw): LB=-66.801658, Z₀(α*)=-44.256094, intercept=-47.726852 (0.266s) [OMP=0.235 ISP-L=0.004 ISP-F=0.011 MW-L=0.009 MW-F=0.012]
  Alt-Benders[5] (mw): LB=-65.720635, Z₀(α*)=-32.804429, intercept=-58.330295 (0.172s) [OMP=0.130 ISP-L=0.004 ISP-F=0.011 MW-L=0.019 MW-F=0.013]
  OMP re-solve: 0.293s

=== True-DRO Benders iter 4 ===
  OMP: t₀=-64.584922, UB=Inf, gap=NaN, x=[0, 0, 1, 0, 0, 0, 0, 0, 0, 0, 0, 0, 0, 0, 0, 0, 0, 0, 0, 1, 0, 0, 0, 0, 0, 0, 0, 0, 0, 0, 0, 0, 0, 0, 0, 0, 0, 0] (0.000s)
  Sub: Z₀=16.177136 [LOCAL] (0.2s), α=[0.000,0.000,0.000,0.000,0.000,0.000,0.000,0.000,0.074,0.000,0.000,0.000,0.000,0.000,2.276,0.000,0.000,0.000,0.000,7.077,0.000,0.000,0.000,0.000,0.000,0.000,1.276,0.000,0.000,0.000,0.000,0.000,0.000,0.000,0.000,0.000,0.000,0.000]
  Iter 4: LB=-64.584922  UB=Inf  gap=NaN
  Cut: intercept=-1116.422463, π_x_range=[-829.6677, 589.0900]
  Mini-Benders[1] (mw): LB=-61.582028, Z₀(α*)=-21.343188, intercept=-19.795602 (0.375s) [OMP=0.344 ISP-L=0.004 ISP-F=0.013 MW-L=0.008 MW-F=0.011]
  Mini-Benders[2] (mw): LB=-60.032363, Z₀(α*)=-64.701985, intercept=-67.344095 (0.391s) [OMP=0.349 ISP-L=0.004 ISP-F=0.012 MW-L=0.009 MW-F=0.012]
  Mini-Benders[3] (mw): LB=-60.032363, Z₀(α*)=-64.701985, intercept=-67.344095 (0.218s) [OMP=0.181 ISP-L=0.004 ISP-F=0.013 MW-L=0.009 MW-F=0.013]
  Mini-Benders[4] (mw): LB=-60.032363, Z₀(α*)=-64.701985, intercept=-67.344095 (0.250s) [OMP=0.202 ISP-L=0.004 ISP-F=0.013 MW-L=0.009 MW-F=0.013]
  Mini-Benders[5]: LB stagnated, break
  α-step: Z₀=15.799270, α=[0.000,0.000,0.000,0.000,0.000,0.000,0.000,0.000,6.528,0.000,0.000,0.000,0.000,0.000,0.000,0.000,0.000,0.000,0.000,0.000,0.000,0.000,0.000,0.000,0.000,0.000,4.174,0.000,0.000,0.000,0.000,0.000,0.000,0.000,0.000,0.000,0.000,0.000]
  Alt-Benders[1] (mw): LB=-58.725941, Z₀(α*)=13.888106, intercept=-37.587477 (0.390s) [OMP=0.339 ISP-L=0.005 ISP-F=0.015 MW-L=0.021 MW-F=0.010]
  Alt-Benders[2] (mw): LB=-58.594448, Z₀(α*)=6.894630, intercept=-73.176436 (0.422s) [OMP=0.379 ISP-L=0.004 ISP-F=0.011 MW-L=0.009 MW-F=0.011]
  Alt-Benders[3] (mw): LB=-57.597610, Z₀(α*)=-1.250865, intercept=-60.634882 (0.407s) [OMP=0.374 ISP-L=0.004 ISP-F=0.010 MW-L=0.009 MW-F=0.010]
  Alt-Benders[4] (mw): LB=-57.585242, Z₀(α*)=-31.102549, intercept=-153.178186 (0.312s) [OMP=0.285 ISP-L=0.004 ISP-F=0.011 MW-L=0.007 MW-F=0.011]
  Alt-Benders[5] (mw): LB=-57.427552, Z₀(α*)=18.648845, intercept=-6.491034 (0.328s) [OMP=0.296 ISP-L=0.004 ISP-F=0.011 MW-L=0.008 MW-F=0.011]
  OMP re-solve: 0.340s

=== True-DRO Benders iter 5 ===
  OMP: t₀=-55.342167, UB=Inf, gap=NaN, x=[0, 0, 0, 0, 0, 0, 0, 0, 1, 0, 0, 0, 0, 0, 0, 0, 0, 0, 0, 0, 0, 0, 0, 0, 0, 0, 0, 0, 0, 0, 0, 0, 0, 1, 0, 0, 0, 0] (0.000s)
  Sub: Z₀=15.951792 [TIME_LIMIT] (15.1s), α=[0.000,0.000,0.000,0.000,0.000,0.000,0.000,0.000,9.379,0.000,0.000,0.000,0.000,0.000,0.000,0.000,0.000,0.000,0.000,0.000,0.000,0.000,0.000,0.000,0.000,0.000,1.324,0.000,0.000,0.000,0.000,0.000,0.000,0.000,0.000,0.000,0.000,0.000]
  Iter 5: LB=-55.342167  UB=16.462732  gap=4.36e+00
  Cut: intercept=-91.429050, π_x_range=[-277.0000, 57.1517]
  Mini-Benders[1] (mw): LB=-53.844682, Z₀(α*)=6.046206, intercept=-4.592530 (0.250s) [OMP=0.203 ISP-L=0.004 ISP-F=0.013 MW-L=0.008 MW-F=0.012]
  Mini-Benders[2] (mw): LB=-53.730441, Z₀(α*)=-29.782250, intercept=-79.382633 (0.219s) [OMP=0.179 ISP-L=0.004 ISP-F=0.012 MW-L=0.009 MW-F=0.021]
  Mini-Benders[3] (mw): LB=-51.590092, Z₀(α*)=-13.592902, intercept=-107.165693 (0.156s) [OMP=0.114 ISP-L=0.004 ISP-F=0.012 MW-L=0.008 MW-F=0.012]
  Mini-Benders[4] (mw): LB=-48.583492, Z₀(α*)=-34.478934, intercept=-98.728801 (0.250s) [OMP=0.224 ISP-L=0.004 ISP-F=0.011 MW-L=0.009 MW-F=0.012]
  Mini-Benders[5] (mw): LB=-47.208637, Z₀(α*)=-25.157985, intercept=-74.577533 (0.156s) [OMP=0.129 ISP-L=0.004 ISP-F=0.012 MW-L=0.009 MW-F=0.011]
  α-step: Z₀=13.540378, α=[0.000,0.000,0.000,0.000,0.000,0.000,0.000,0.000,7.387,0.000,0.000,0.000,0.000,0.000,0.000,0.000,0.000,0.000,0.000,0.000,0.000,0.000,0.000,0.000,0.000,0.000,0.000,0.000,0.000,0.000,0.000,0.000,3.315,0.000,0.000,0.000,0.000,0.000]
  Alt-Benders[1] (mw): LB=-44.953682, Z₀(α*)=-50.143379, intercept=-43.144164 (0.579s) [OMP=0.538 ISP-L=0.004 ISP-F=0.011 MW-L=0.008 MW-F=0.013]
  Alt-Benders[2] (mw): LB=-44.953682, Z₀(α*)=-50.143379, intercept=-43.144164 (0.343s) [OMP=0.303 ISP-L=0.004 ISP-F=0.011 MW-L=0.008 MW-F=0.014]
  Alt-Benders[3] (mw): LB=-44.953682, Z₀(α*)=-50.143379, intercept=-43.144164 (0.328s) [OMP=0.288 ISP-L=0.004 ISP-F=0.011 MW-L=0.008 MW-F=0.013]
  Alt-Benders[4]: LB stagnated, break
  OMP re-solve: 0.000s

=== True-DRO Benders iter 6 ===
  OMP: t₀=-44.953682, UB=16.462732, gap=3.73e+00, x=[1, 0, 0, 0, 0, 1, 0, 0, 0, 0, 0, 0, 0, 0, 0, 0, 0, 0, 0, 0, 0, 0, 0, 0, 0, 0, 0, 0, 0, 0, 0, 0, 0, 0, 0, 0, 0, 0] (0.000s)
  Sub: Z₀=15.043793 [LOCAL] (0.2s), α=[0.000,0.000,0.000,0.000,0.000,10.230,0.000,0.000,0.000,0.000,0.000,0.000,0.000,0.000,0.472,0.000,0.000,0.000,0.000,0.000,0.000,0.000,0.000,0.000,0.000,0.000,0.000,0.000,0.000,0.000,0.000,0.000,0.000,0.000,0.000,0.000,0.000,0.000]
  Iter 6: LB=-44.953682  UB=16.462732  gap=3.73e+00
  Cut: intercept=-1114.249245, π_x_range=[-828.6457, 576.5067]
  Mini-Benders[1] (mw): LB=-44.746291, Z₀(α*)=-11.700913, intercept=-56.620447 (0.391s) [OMP=0.361 ISP-L=0.004 ISP-F=0.011 MW-L=0.008 MW-F=0.010]
  Mini-Benders[2] (mw): LB=-44.603017, Z₀(α*)=12.532617, intercept=-77.234028 (0.578s) [OMP=0.529 ISP-L=0.004 ISP-F=0.013 MW-L=0.008 MW-F=0.018]
  Mini-Benders[3] (mw): LB=-43.386874, Z₀(α*)=-35.536561, intercept=-65.329293 (0.516s) [OMP=0.488 ISP-L=0.004 ISP-F=0.013 MW-L=0.008 MW-F=0.012]
  Mini-Benders[4] (mw): LB=-42.515535, Z₀(α*)=-29.892570, intercept=-70.331671 (0.390s) [OMP=0.332 ISP-L=0.005 ISP-F=0.016 MW-L=0.011 MW-F=0.014]
  Mini-Benders[5] (mw): LB=-41.722761, Z₀(α*)=-36.067557, intercept=-134.519171 (0.407s) [OMP=0.373 ISP-L=0.004 ISP-F=0.013 MW-L=0.008 MW-F=0.012]
  α-step: Z₀=15.301645, α=[0.000,0.000,0.000,0.000,0.000,0.000,0.000,0.000,1.208,0.000,0.000,0.000,0.000,0.000,0.000,0.000,0.000,0.000,0.000,0.000,0.000,0.000,0.000,0.000,0.000,0.000,1.096,0.000,0.000,0.000,0.000,8.399,0.000,0.000,0.000,0.000,0.000,0.000]
  Alt-Benders[1] (mw): LB=-40.904012, Z₀(α*)=-18.946037, intercept=-97.684431 (0.594s) [OMP=0.548 ISP-L=0.004 ISP-F=0.011 MW-L=0.018 MW-F=0.010]
  Alt-Benders[2] (mw): LB=-40.278916, Z₀(α*)=13.074165, intercept=-99.690050 (0.484s) [OMP=0.445 ISP-L=0.004 ISP-F=0.013 MW-L=0.008 MW-F=0.013]
  Alt-Benders[3] (mw): LB=-39.877554, Z₀(α*)=-42.213021, intercept=-48.275479 (0.563s) [OMP=0.519 ISP-L=0.004 ISP-F=0.010 MW-L=0.008 MW-F=0.012]
  Alt-Benders[4] (mw): LB=-39.877554, Z₀(α*)=-42.213021, intercept=-48.275479 (0.375s) [OMP=0.330 ISP-L=0.005 ISP-F=0.013 MW-L=0.010 MW-F=0.015]
  Alt-Benders[5] (mw): LB=-39.877554, Z₀(α*)=-42.213021, intercept=-48.275479 (0.375s) [OMP=0.346 ISP-L=0.004 ISP-F=0.010 MW-L=0.008 MW-F=0.013]
  OMP re-solve: 0.343s

=== True-DRO Benders iter 7 ===
  OMP: t₀=-39.877554, UB=16.462732, gap=3.42e+00, x=[0, 0, 1, 0, 0, 1, 0, 0, 0, 0, 0, 0, 0, 0, 0, 0, 0, 0, 0, 0, 0, 0, 0, 0, 0, 0, 0, 0, 0, 0, 0, 0, 0, 0, 0, 0, 0, 0] (0.000s)
  Sub: Z₀=14.737437 [LOCAL] (0.2s), α=[0.000,0.000,0.000,0.000,0.000,10.702,0.000,0.000,0.000,0.000,0.000,0.000,0.000,0.000,0.000,0.000,0.000,0.000,0.000,0.000,0.000,0.000,0.000,0.000,0.000,0.000,0.000,0.000,0.000,0.000,0.000,0.000,0.000,0.000,0.000,0.000,0.000,0.000]
  Iter 7: LB=-39.877554  UB=16.462732  gap=3.42e+00
  Cut: intercept=-1155.993229, π_x_range=[-829.5880, 592.8663]
  Mini-Benders[1] (mw): LB=-39.531940, Z₀(α*)=-58.730208, intercept=-50.295128 (0.532s) [OMP=0.501 ISP-L=0.004 ISP-F=0.011 MW-L=0.009 MW-F=0.011]
  Mini-Benders[2] (mw): LB=-39.531940, Z₀(α*)=-58.730208, intercept=-50.295128 (0.422s) [OMP=0.374 ISP-L=0.004 ISP-F=0.011 MW-L=0.009 MW-F=0.022]
  Mini-Benders[3] (mw): LB=-39.531940, Z₀(α*)=-58.730208, intercept=-50.295128 (0.406s) [OMP=0.372 ISP-L=0.004 ISP-F=0.011 MW-L=0.009 MW-F=0.010]
  Mini-Benders[4]: LB stagnated, break
  α-step: Z₀=13.558551, α=[0.000,0.000,0.000,0.000,0.000,1.042,0.000,0.000,9.460,0.000,0.000,0.000,0.000,0.000,0.200,0.000,0.000,0.000,0.000,0.000,0.000,0.000,0.000,0.000,0.000,0.000,0.000,0.000,0.000,0.000,0.000,0.000,0.000,0.000,0.000,0.000,0.000,0.000]
  Alt-Benders[1] (mw): LB=-38.757925, Z₀(α*)=-40.602975, intercept=-60.544837 (0.688s) [OMP=0.637 ISP-L=0.004 ISP-F=0.011 MW-L=0.009 MW-F=0.012]
  Alt-Benders[2] (mw): LB=-38.757925, Z₀(α*)=-40.602975, intercept=-60.544837 (0.469s) [OMP=0.429 ISP-L=0.004 ISP-F=0.011 MW-L=0.009 MW-F=0.012]
  Alt-Benders[3] (mw): LB=-38.757925, Z₀(α*)=-40.602975, intercept=-60.544837 (0.453s) [OMP=0.431 ISP-L=0.004 ISP-F=0.011 MW-L=0.008 MW-F=0.012]
  Alt-Benders[4]: LB stagnated, break
  OMP re-solve: 0.000s

=== True-DRO Benders iter 8 ===
  OMP: t₀=-38.757925, UB=16.462732, gap=3.35e+00, x=[1, 0, 0, 0, 0, 0, 0, 0, 0, 0, 0, 0, 0, 0, 0, 0, 0, 0, 0, 1, 0, 0, 0, 0, 0, 0, 0, 0, 0, 0, 0, 0, 0, 0, 0, 0, 0, 0] (0.000s)
  Sub: Z₀=15.953689 [LOCAL] (0.3s), α=[0.000,0.000,0.000,0.000,0.000,0.726,0.000,0.000,0.459,0.000,0.000,0.000,0.000,0.000,1.816,0.000,0.000,0.000,0.000,7.537,0.000,0.000,0.000,0.000,0.000,0.000,0.164,0.000,0.000,0.000,0.000,0.000,0.000,0.000,0.000,0.000,0.000,0.000]
  Iter 8: LB=-38.757925  UB=16.462732  gap=3.35e+00
  Cut: intercept=-1062.403186, π_x_range=[-829.3166, 540.1668]
  Mini-Benders[1] (mw): LB=-38.604193, Z₀(α*)=16.145309, intercept=-24.951276 (0.688s) [OMP=0.634 ISP-L=0.005 ISP-F=0.014 MW-L=0.011 MW-F=0.022]
  Mini-Benders[2] (mw): LB=-38.423525, Z₀(α*)=-23.406696, intercept=-88.762774 (0.625s) [OMP=0.583 ISP-L=0.004 ISP-F=0.011 MW-L=0.009 MW-F=0.012]
  Mini-Benders[3] (mw): LB=-38.250970, Z₀(α*)=-17.217972, intercept=-20.541495 (0.437s) [OMP=0.399 ISP-L=0.004 ISP-F=0.012 MW-L=0.008 MW-F=0.010]
  Mini-Benders[4] (mw): LB=-37.805449, Z₀(α*)=-48.819351, intercept=-147.696487 (0.422s) [OMP=0.394 ISP-L=0.004 ISP-F=0.011 MW-L=0.008 MW-F=0.013]
  Mini-Benders[5] (mw): LB=-37.805449, Z₀(α*)=-48.819351, intercept=-147.696487 (0.500s) [OMP=0.453 ISP-L=0.004 ISP-F=0.011 MW-L=0.008 MW-F=0.013]
  α-step: Z₀=12.211435, α=[0.000,0.000,0.000,0.000,0.000,0.000,3.796,0.000,0.000,0.000,0.000,0.000,0.000,0.000,0.000,0.000,0.000,0.000,0.000,0.000,0.000,0.000,0.000,0.000,6.906,0.000,0.000,0.000,0.000,0.000,0.000,0.000,0.000,0.000,0.000,0.000,0.000,0.000]
  Alt-Benders[1] (mw): LB=-37.304693, Z₀(α*)=-22.632800, intercept=-44.108811 (0.359s) [OMP=0.311 ISP-L=0.004 ISP-F=0.012 MW-L=0.008 MW-F=0.010]
  Alt-Benders[2] (mw): LB=-36.746252, Z₀(α*)=-50.923446, intercept=-43.664060 (0.500s) [OMP=0.461 ISP-L=0.005 ISP-F=0.013 MW-L=0.010 MW-F=0.013]
  Alt-Benders[3] (mw): LB=-36.746252, Z₀(α*)=-50.923446, intercept=-43.664060 (0.391s) [OMP=0.353 ISP-L=0.004 ISP-F=0.011 MW-L=0.019 MW-F=0.011]
  Alt-Benders[4] (mw): LB=-36.746252, Z₀(α*)=-50.923446, intercept=-43.664060 (0.390s) [OMP=0.353 ISP-L=0.004 ISP-F=0.011 MW-L=0.008 MW-F=0.010]
  Alt-Benders[5]: LB stagnated, break
  OMP re-solve: 0.000s

=== True-DRO Benders iter 9 ===
  OMP: t₀=-36.746252, UB=16.462732, gap=3.23e+00, x=[0, 0, 0, 0, 0, 1, 0, 0, 0, 0, 0, 0, 0, 0, 0, 0, 0, 0, 0, 0, 0, 0, 1, 0, 0, 0, 0, 0, 0, 0, 0, 0, 0, 0, 0, 0, 0, 0] (0.000s)
  Sub: Z₀=15.043793 [LOCAL] (0.2s), α=[0.000,0.000,0.000,0.000,0.000,8.157,0.000,0.000,0.000,0.000,0.000,0.000,0.000,0.000,0.472,0.000,0.000,0.000,0.000,0.000,0.000,0.000,0.000,0.000,0.000,0.000,2.073,0.000,0.000,0.000,0.000,0.000,0.000,0.000,0.000,0.000,0.000,0.000]
  Iter 9: LB=-36.746252  UB=16.462732  gap=3.23e+00
  Cut: intercept=-1143.986925, π_x_range=[-828.0491, 582.3035]
  Mini-Benders[1] (mw): LB=-36.625393, Z₀(α*)=14.067697, intercept=-54.334864 (0.516s) [OMP=0.472 ISP-L=0.004 ISP-F=0.013 MW-L=0.008 MW-F=0.012]
  Mini-Benders[2] (mw): LB=-36.307482, Z₀(α*)=-35.112334, intercept=-79.746840 (0.390s) [OMP=0.350 ISP-L=0.005 ISP-F=0.015 MW-L=0.011 MW-F=0.015]
  Mini-Benders[3] (mw): LB=-36.067559, Z₀(α*)=-27.620376, intercept=-121.240860 (0.328s) [OMP=0.295 ISP-L=0.004 ISP-F=0.012 MW-L=0.009 MW-F=0.010]
  Mini-Benders[4] (mw): LB=-35.195898, Z₀(α*)=-21.794149, intercept=-98.652795 (0.391s) [OMP=0.344 ISP-L=0.004 ISP-F=0.013 MW-L=0.009 MW-F=0.012]
  Mini-Benders[5] (mw): LB=-35.112336, Z₀(α*)=-35.112334, intercept=-79.746840 (0.438s) [OMP=0.396 ISP-L=0.004 ISP-F=0.013 MW-L=0.009 MW-F=0.023]
  α-step: Z₀=15.255010, α=[0.000,0.000,0.000,0.000,0.000,0.000,0.000,0.000,1.486,0.000,0.000,0.000,0.000,0.000,1.072,0.000,0.000,0.000,0.000,0.000,0.000,0.000,0.000,0.000,6.618,0.000,1.526,0.000,0.000,0.000,0.000,0.000,0.000,0.000,0.000,0.000,0.000,0.000]
  Alt-Benders[1] (mw): LB=-34.478936, Z₀(α*)=7.463378, intercept=-97.068637 (0.406s) [OMP=0.375 ISP-L=0.005 ISP-F=0.013 MW-L=0.009 MW-F=0.014]
  Alt-Benders[2] (mw): LB=-33.964332, Z₀(α*)=-17.731730, intercept=-23.631301 (0.484s) [OMP=0.429 ISP-L=0.005 ISP-F=0.014 MW-L=0.011 MW-F=0.014]
  Alt-Benders[3] (mw): LB=-32.730058, Z₀(α*)=-4.471457, intercept=-45.922745 (0.438s) [OMP=0.407 ISP-L=0.004 ISP-F=0.012 MW-L=0.008 MW-F=0.011]
  Alt-Benders[4] (mw): LB=-32.496716, Z₀(α*)=-21.010437, intercept=-54.044190 (0.438s) [OMP=0.392 ISP-L=0.004 ISP-F=0.011 MW-L=0.009 MW-F=0.012]
  Alt-Benders[5] (mw): LB=-32.168796, Z₀(α*)=-4.471457, intercept=-24.429589 (0.374s) [OMP=0.349 ISP-L=0.004 ISP-F=0.012 MW-L=0.008 MW-F=0.010]
  OMP re-solve: 0.417s

=== True-DRO Benders iter 10 ===
  OMP: t₀=-32.039982, UB=16.462732, gap=2.95e+00, x=[1, 0, 0, 0, 0, 0, 0, 0, 0, 0, 0, 0, 0, 0, 0, 0, 0, 0, 0, 0, 0, 0, 0, 0, 0, 0, 0, 0, 0, 0, 0, 0, 1, 0, 0, 0, 0, 0] (0.000s)
  Sub: Z₀=16.536739 [TIME_LIMIT] (15.1s), α=[0.000,0.000,0.000,0.000,0.000,1.758,0.000,0.000,1.881,0.000,0.000,0.000,0.000,0.000,1.072,0.000,0.000,0.000,0.000,0.000,0.000,0.000,0.000,0.000,0.000,0.000,0.163,0.000,0.000,0.000,0.000,0.000,5.708,0.120,0.000,0.000,0.000,0.000]
  Iter 10: LB=-32.039982  UB=16.462732  gap=2.95e+00
  Cut: intercept=-80.664970, π_x_range=[-266.0000, 55.7885]
  Mini-Benders[1] (mw): LB=-31.977735, Z₀(α*)=16.536738, intercept=-20.910645 (0.531s) [OMP=0.499 ISP-L=0.005 ISP-F=0.013 MW-L=0.007 MW-F=0.020]
  Mini-Benders[2] (mw): LB=-31.865592, Z₀(α*)=-19.280236, intercept=-20.794672 (0.625s) [OMP=0.585 ISP-L=0.004 ISP-F=0.012 MW-L=0.009 MW-F=0.009]
  Mini-Benders[3] (mw): LB=-31.583050, Z₀(α*)=-21.749300, intercept=-81.057812 (0.500s) [OMP=0.464 ISP-L=0.004 ISP-F=0.011 MW-L=0.008 MW-F=0.012]
  Mini-Benders[4] (mw): LB=-31.102551, Z₀(α*)=-34.100666, intercept=-122.027627 (0.562s) [OMP=0.522 ISP-L=0.005 ISP-F=0.013 MW-L=0.008 MW-F=0.012]
  Mini-Benders[5] (mw): LB=-31.102551, Z₀(α*)=-34.100666, intercept=-122.027627 (0.594s) [OMP=0.549 ISP-L=0.004 ISP-F=0.011 MW-L=0.008 MW-F=0.012]
  α-step: Z₀=13.345937, α=[0.000,0.000,0.000,0.000,0.000,0.000,0.000,0.000,0.000,0.000,0.000,0.000,0.000,0.000,2.557,0.000,0.000,0.000,0.000,4.073,0.000,0.000,0.000,0.000,4.073,0.000,0.000,0.000,0.000,0.000,0.000,0.000,0.000,0.000,0.000,0.000,0.000,0.000]
  Alt-Benders[1] (mw): LB=-30.804730, Z₀(α*)=-23.032110, intercept=-43.832543 (0.547s) [OMP=0.516 ISP-L=0.004 ISP-F=0.012 MW-L=0.008 MW-F=0.010]
  Alt-Benders[2] (mw): LB=-30.579906, Z₀(α*)=-19.910233, intercept=-26.930735 (0.578s) [OMP=0.530 ISP-L=0.004 ISP-F=0.012 MW-L=0.019 MW-F=0.012]
  Alt-Benders[3] (mw): LB=-29.098931, Z₀(α*)=-0.017752, intercept=-54.879253 (0.641s) [OMP=0.601 ISP-L=0.004 ISP-F=0.013 MW-L=0.009 MW-F=0.011]
  Alt-Benders[4] (mw): LB=-28.681241, Z₀(α*)=-25.583779, intercept=-36.660857 (0.640s) [OMP=0.608 ISP-L=0.004 ISP-F=0.013 MW-L=0.008 MW-F=0.010]
  Alt-Benders[5] (mw): LB=-28.403205, Z₀(α*)=-20.997708, intercept=-113.230910 (0.625s) [OMP=0.581 ISP-L=0.004 ISP-F=0.011 MW-L=0.009 MW-F=0.013]
  OMP re-solve: 0.548s

=== True-DRO Benders iter 11 ===
  OMP: t₀=-28.200333, UB=16.462732, gap=2.71e+00, x=[0, 0, 0, 0, 0, 0, 0, 0, 0, 0, 0, 0, 0, 0, 0, 0, 0, 0, 0, 1, 0, 0, 0, 0, 0, 0, 0, 1, 0, 0, 0, 0, 0, 0, 0, 0, 0, 0] (0.000s)
  Sub: Z₀=14.740674 [LOCAL] (0.2s), α=[0.000,0.000,0.000,0.000,0.000,0.000,0.000,0.000,0.000,0.000,0.000,0.000,0.000,0.000,0.000,0.000,0.000,0.000,0.000,6.528,0.000,0.000,0.000,0.000,0.000,0.000,3.306,0.868,0.000,0.000,0.000,0.000,0.000,0.000,0.000,0.000,0.000,0.000]
  Iter 11: LB=-28.200333  UB=16.462732  gap=2.71e+00
  Cut: intercept=-1134.397560, π_x_range=[-826.0737, 586.8259]
  Mini-Benders[1] (mw): LB=-28.196232, Z₀(α*)=-16.913030, intercept=-135.167098 (0.578s) [OMP=0.554 ISP-L=0.004 ISP-F=0.012 MW-L=0.008 MW-F=0.011]
  Mini-Benders[2] (mw): LB=-27.718071, Z₀(α*)=-24.248942, intercept=-43.444765 (0.594s) [OMP=0.545 ISP-L=0.004 ISP-F=0.013 MW-L=0.008 MW-F=0.010]
  Mini-Benders[3] (mw): LB=-27.685271, Z₀(α*)=-51.286020, intercept=-78.900949 (0.593s) [OMP=0.552 ISP-L=0.004 ISP-F=0.011 MW-L=0.020 MW-F=0.010]
  Mini-Benders[4] (mw): LB=-27.685271, Z₀(α*)=-51.286020, intercept=-78.900949 (0.625s) [OMP=0.597 ISP-L=0.004 ISP-F=0.011 MW-L=0.009 MW-F=0.010]
  Mini-Benders[5] (mw): LB=-27.685271, Z₀(α*)=-51.286020, intercept=-78.900949 (0.610s) [OMP=0.575 ISP-L=0.004 ISP-F=0.011 MW-L=0.009 MW-F=0.010]
  α-step: Z₀=12.838429, α=[0.000,0.000,0.000,0.000,0.000,1.042,0.000,0.000,9.460,0.000,0.000,0.000,0.000,0.000,0.000,0.000,0.000,0.000,0.000,0.000,0.000,0.200,0.000,0.000,0.000,0.000,0.000,0.000,0.000,0.000,0.000,0.000,0.000,0.000,0.000,0.000,0.000,0.000]
  Alt-Benders[1] (mw): LB=-27.620378, Z₀(α*)=4.982590, intercept=-140.311270 (0.625s) [OMP=0.579 ISP-L=0.004 ISP-F=0.013 MW-L=0.009 MW-F=0.010]
  Alt-Benders[2] (mw): LB=-27.244623, Z₀(α*)=-10.308832, intercept=-91.623129 (0.531s) [OMP=0.495 ISP-L=0.004 ISP-F=0.012 MW-L=0.009 MW-F=0.009]
  Alt-Benders[3] (mw): LB=-27.113755, Z₀(α*)=12.676060, intercept=-73.538813 (0.594s) [OMP=0.553 ISP-L=0.004 ISP-F=0.012 MW-L=0.009 MW-F=0.010]
  Alt-Benders[4] (mw): LB=-26.948571, Z₀(α*)=5.426052, intercept=-4.029045 (0.578s) [OMP=0.545 ISP-L=0.004 ISP-F=0.011 MW-L=0.008 MW-F=0.021]
  Alt-Benders[5] (mw): LB=-26.546043, Z₀(α*)=-31.521879, intercept=-95.612808 (0.609s) [OMP=0.572 ISP-L=0.004 ISP-F=0.012 MW-L=0.008 MW-F=0.010]
  OMP re-solve: 0.686s

=== True-DRO Benders iter 12 ===
  OMP: t₀=-26.546043, UB=16.462732, gap=2.61e+00, x=[0, 0, 0, 0, 1, 0, 0, 0, 0, 0, 0, 0, 0, 0, 0, 0, 0, 0, 0, 0, 0, 0, 0, 0, 0, 0, 0, 0, 0, 0, 0, 1, 0, 0, 0, 0, 0, 0] (0.000s)
  Sub: Z₀=16.301239 [LOCAL] (0.2s), α=[0.000,0.000,0.000,0.000,0.000,0.000,0.000,0.000,0.000,0.000,0.000,0.000,0.000,0.000,1.816,0.000,0.000,0.000,0.000,0.000,0.000,0.000,0.000,0.000,0.000,0.000,3.577,0.000,0.000,0.000,0.000,5.309,0.000,0.000,0.000,0.000,0.000,0.000]
  Iter 12: LB=-26.546043  UB=16.462732  gap=2.61e+00
  Cut: intercept=-1097.499326, π_x_range=[-824.4106, 561.5711]
  Mini-Benders[1] (mw): LB=-26.375134, Z₀(α*)=-19.936305, intercept=-88.223454 (0.625s) [OMP=0.598 ISP-L=0.004 ISP-F=0.012 MW-L=0.008 MW-F=0.012]
  Mini-Benders[2] (mw): LB=-26.375134, Z₀(α*)=-20.666743, intercept=-78.903035 (0.625s) [OMP=0.579 ISP-L=0.004 ISP-F=0.012 MW-L=0.008 MW-F=0.012]
  Mini-Benders[3] (mw): LB=-26.375134, Z₀(α*)=-23.050490, intercept=-67.392996 (0.578s) [OMP=0.546 ISP-L=0.004 ISP-F=0.012 MW-L=0.008 MW-F=0.011]
  Mini-Benders[4] (mw): LB=-25.592965, Z₀(α*)=-14.356117, intercept=-30.751677 (0.750s) [OMP=0.704 ISP-L=0.004 ISP-F=0.011 MW-L=0.008 MW-F=0.013]
  Mini-Benders[5] (mw): LB=-25.547908, Z₀(α*)=8.179124, intercept=-77.874402 (0.578s) [OMP=0.548 ISP-L=0.004 ISP-F=0.013 MW-L=0.008 MW-F=0.013]
  α-step: Z₀=14.851145, α=[0.000,0.000,0.000,0.000,0.000,0.000,0.000,0.000,0.000,0.000,0.000,0.000,0.000,0.000,0.755,0.000,0.000,0.000,0.000,0.000,0.000,0.000,0.000,0.000,0.000,0.000,2.517,0.000,0.000,0.000,0.000,6.905,0.000,0.525,0.000,0.000,0.000,0.000]
  Alt-Benders[1] (mw): LB=-24.797590, Z₀(α*)=-30.980306, intercept=-41.654905 (0.609s) [OMP=0.576 ISP-L=0.004 ISP-F=0.012 MW-L=0.008 MW-F=0.009]
  Alt-Benders[2] (mw): LB=-24.797590, Z₀(α*)=-30.980306, intercept=-41.654905 (0.547s) [OMP=0.512 ISP-L=0.004 ISP-F=0.012 MW-L=0.009 MW-F=0.009]
  Alt-Benders[3] (mw): LB=-24.797590, Z₀(α*)=-30.980306, intercept=-41.654905 (0.515s) [OMP=0.484 ISP-L=0.004 ISP-F=0.012 MW-L=0.008 MW-F=0.009]
  Alt-Benders[4]: LB stagnated, break
  OMP re-solve: 0.000s

=== True-DRO Benders iter 13 ===
  OMP: t₀=-24.797590, UB=16.462732, gap=2.51e+00, x=[0, 0, 0, 0, 0, 0, 0, 0, 1, 0, 0, 0, 0, 0, 0, 0, 0, 0, 0, 0, 0, 0, 0, 0, 0, 0, 1, 0, 0, 0, 0, 0, 0, 0, 0, 0, 0, 0] (0.000s)
  Sub: Z₀=15.887099 [LOCAL] (0.1s), α=[0.000,0.000,0.000,0.000,0.000,0.000,0.000,0.000,6.638,0.000,0.000,0.000,0.000,0.000,0.000,0.000,0.000,0.000,0.000,0.000,0.000,0.000,0.000,0.000,0.000,0.000,4.065,0.000,0.000,0.000,0.000,0.000,0.000,0.000,0.000,0.000,0.000,0.000]
  Iter 13: LB=-24.797590  UB=16.462732  gap=2.51e+00
  Cut: intercept=-1167.868894, π_x_range=[-828.8417, 592.1355]
  Mini-Benders[1] (mw): LB=-24.797130, Z₀(α*)=14.041990, intercept=-73.030916 (0.484s) [OMP=0.445 ISP-L=0.004 ISP-F=0.011 MW-L=0.009 MW-F=0.012]
  Mini-Benders[2] (mw): LB=-24.414919, Z₀(α*)=15.702994, intercept=7.657567 (0.454s) [OMP=0.423 ISP-L=0.004 ISP-F=0.011 MW-L=0.008 MW-F=0.010]
  Mini-Benders[3] (mw): LB=-24.331904, Z₀(α*)=16.225814, intercept=-17.856896 (0.437s) [OMP=0.394 ISP-L=0.004 ISP-F=0.013 MW-L=0.019 MW-F=0.010]
  Mini-Benders[4] (mw): LB=-24.309409, Z₀(α*)=12.312465, intercept=-20.081687 (0.781s) [OMP=0.739 ISP-L=0.005 ISP-F=0.013 MW-L=0.009 MW-F=0.014]
  Mini-Benders[5] (mw): LB=-24.289034, Z₀(α*)=-16.441073, intercept=-76.261119 (0.672s) [OMP=0.624 ISP-L=0.004 ISP-F=0.012 MW-L=0.008 MW-F=0.013]
  α-step: Z₀=12.543657, α=[0.000,0.000,0.000,0.000,0.000,0.000,0.000,0.000,1.567,0.000,0.000,0.000,0.000,0.000,3.946,0.000,0.000,0.000,0.000,0.000,0.000,0.000,0.000,0.000,1.567,0.000,3.623,0.000,0.000,0.000,0.000,0.000,0.000,0.000,0.000,0.000,0.000,0.000]
  Alt-Benders[1] (mw): LB=-23.129837, Z₀(α*)=-13.687887, intercept=-93.485189 (0.672s) [OMP=0.632 ISP-L=0.004 ISP-F=0.011 MW-L=0.009 MW-F=0.014]
  Alt-Benders[2] (mw): LB=-23.050492, Z₀(α*)=3.672762, intercept=-68.707728 (0.610s) [OMP=0.575 ISP-L=0.004 ISP-F=0.012 MW-L=0.008 MW-F=0.011]
  Alt-Benders[3] (mw): LB=-21.794151, Z₀(α*)=-6.112095, intercept=-87.221425 (0.735s) [OMP=0.703 ISP-L=0.004 ISP-F=0.012 MW-L=0.009 MW-F=0.012]
  Alt-Benders[4] (mw): LB=-21.749302, Z₀(α*)=4.375148, intercept=-76.865749 (0.718s) [OMP=0.673 ISP-L=0.004 ISP-F=0.011 MW-L=0.009 MW-F=0.024]
  Alt-Benders[5] (mw): LB=-21.306399, Z₀(α*)=7.954155, intercept=-48.184212 (0.719s) [OMP=0.686 ISP-L=0.004 ISP-F=0.011 MW-L=0.008 MW-F=0.011]
  OMP re-solve: 0.727s

=== True-DRO Benders iter 14 ===
  OMP: t₀=-21.059757, UB=16.462732, gap=2.28e+00, x=[0, 0, 0, 0, 0, 1, 0, 0, 0, 0, 0, 0, 0, 0, 0, 0, 0, 0, 0, 1, 0, 0, 0, 0, 0, 0, 0, 0, 0, 0, 0, 0, 0, 0, 0, 0, 0, 0] (0.001s)
  Sub: Z₀=13.157513 [LOCAL] (0.3s), α=[0.000,0.000,0.000,0.000,0.000,2.625,0.000,0.000,0.000,0.000,0.000,0.000,0.000,0.000,1.072,0.000,0.000,0.000,0.000,2.006,0.000,0.000,0.000,0.000,0.000,0.000,4.999,0.000,0.000,0.000,0.000,0.000,0.000,0.000,0.000,0.000,0.000,0.000]
  Iter 14: LB=-21.059757  UB=16.462732  gap=2.28e+00
  Cut: intercept=-1112.378147, π_x_range=[-823.2536, 574.4158]
  Mini-Benders[1] (mw): LB=-20.997710, Z₀(α*)=-40.507999, intercept=-111.167425 (0.750s) [OMP=0.711 ISP-L=0.004 ISP-F=0.011 MW-L=0.009 MW-F=0.012]
  Mini-Benders[2] (mw): LB=-20.997710, Z₀(α*)=-40.507999, intercept=-111.167425 (0.782s) [OMP=0.746 ISP-L=0.004 ISP-F=0.011 MW-L=0.009 MW-F=0.012]
  Mini-Benders[3] (mw): LB=-20.997710, Z₀(α*)=-40.507999, intercept=-111.167425 (0.781s) [OMP=0.744 ISP-L=0.004 ISP-F=0.011 MW-L=0.009 MW-F=0.012]
  Mini-Benders[4]: LB stagnated, break
  α-step: Z₀=10.880688, α=[0.000,0.000,0.000,0.000,0.000,0.000,0.000,0.000,1.567,0.000,0.000,0.000,0.000,0.000,0.000,0.000,0.000,0.000,0.000,0.000,0.000,0.882,0.000,0.000,7.572,0.000,0.682,0.000,0.000,0.000,0.000,0.000,0.000,0.000,0.000,0.000,0.000,0.000]
  Alt-Benders[1] (mw): LB=-20.637530, Z₀(α*)=-19.592296, intercept=-42.231233 (0.687s) [OMP=0.637 ISP-L=0.004 ISP-F=0.012 MW-L=0.008 MW-F=0.022]
  Alt-Benders[2] (mw): LB=-19.994634, Z₀(α*)=-11.746781, intercept=-40.429547 (0.641s) [OMP=0.605 ISP-L=0.004 ISP-F=0.012 MW-L=0.008 MW-F=0.011]
  Alt-Benders[3] (mw): LB=-19.594411, Z₀(α*)=-31.319037, intercept=-74.944191 (0.687s) [OMP=0.652 ISP-L=0.004 ISP-F=0.011 MW-L=0.008 MW-F=0.012]
  Alt-Benders[4] (mw): LB=-19.594411, Z₀(α*)=-31.319037, intercept=-74.944191 (0.672s) [OMP=0.637 ISP-L=0.004 ISP-F=0.011 MW-L=0.008 MW-F=0.012]
  Alt-Benders[5] (mw): LB=-19.594411, Z₀(α*)=-31.319037, intercept=-74.944191 (0.703s) [OMP=0.653 ISP-L=0.004 ISP-F=0.011 MW-L=0.008 MW-F=0.012]
  OMP re-solve: 0.650s

=== True-DRO Benders iter 15 ===
  OMP: t₀=-19.594411, UB=16.462732, gap=2.19e+00, x=[0, 0, 1, 0, 0, 0, 0, 0, 0, 0, 0, 0, 0, 0, 0, 0, 0, 0, 0, 0, 0, 0, 0, 0, 0, 0, 0, 0, 0, 0, 0, 1, 0, 0, 0, 0, 0, 0] (0.001s)
  Sub: Z₀=15.562352 [TIME_LIMIT] (15.1s), α=[0.000,0.000,0.000,0.000,0.000,0.000,0.000,0.000,0.953,0.000,0.000,0.000,0.000,0.000,1.066,0.000,0.000,0.000,0.000,0.000,0.000,0.000,0.000,0.000,0.000,0.000,1.964,0.000,0.000,0.000,0.000,6.720,0.000,0.000,0.000,0.000,0.000,0.000]
  Iter 15: LB=-19.594411  UB=16.276563  gap=2.20e+00
  Cut: intercept=-92.254134, π_x_range=[-284.0000, 92.8848]
  Mini-Benders[1] (mw): LB=-19.592298, Z₀(α*)=-22.485512, intercept=-33.550919 (0.625s) [OMP=0.596 ISP-L=0.004 ISP-F=0.012 MW-L=0.008 MW-F=0.012]
  Mini-Benders[2] (mw): LB=-19.592298, Z₀(α*)=-22.485512, intercept=-33.550919 (0.641s) [OMP=0.598 ISP-L=0.004 ISP-F=0.012 MW-L=0.008 MW-F=0.012]
  Mini-Benders[3] (mw): LB=-19.592298, Z₀(α*)=-22.485512, intercept=-33.550919 (0.656s) [OMP=0.605 ISP-L=0.004 ISP-F=0.012 MW-L=0.020 MW-F=0.012]
  Mini-Benders[4]: LB stagnated, break
  α-step: Z₀=16.509899, α=[0.000,0.000,0.000,0.000,0.000,2.108,0.000,0.000,3.884,0.000,0.000,0.000,0.000,0.000,0.000,0.000,0.000,0.000,0.000,0.000,0.000,3.602,0.000,0.000,0.000,0.000,1.108,0.000,0.000,0.000,0.000,0.000,0.000,0.000,0.000,0.000,0.000,0.000]
  Alt-Benders[1] (mw): LB=-19.176921, Z₀(α*)=-24.316450, intercept=-43.089566 (0.656s) [OMP=0.624 ISP-L=0.004 ISP-F=0.013 MW-L=0.008 MW-F=0.010]
  Alt-Benders[2] (mw): LB=-19.176921, Z₀(α*)=-24.316450, intercept=-43.089566 (0.547s) [OMP=0.503 ISP-L=0.004 ISP-F=0.012 MW-L=0.008 MW-F=0.010]
  Alt-Benders[3] (mw): LB=-19.176921, Z₀(α*)=-24.316450, intercept=-43.089566 (0.532s) [OMP=0.491 ISP-L=0.004 ISP-F=0.012 MW-L=0.008 MW-F=0.010]
  Alt-Benders[4]: LB stagnated, break
  OMP re-solve: 0.000s

=== True-DRO Benders iter 16 ===
  OMP: t₀=-19.176921, UB=16.276563, gap=2.18e+00, x=[0, 0, 0, 0, 0, 1, 0, 0, 0, 0, 0, 0, 0, 0, 0, 0, 0, 0, 0, 0, 0, 0, 0, 0, 0, 0, 0, 1, 0, 0, 0, 0, 0, 0, 0, 0, 0, 0] (0.000s)
  Sub: Z₀=14.955876 [LOCAL] (0.2s), α=[0.000,0.000,0.000,0.000,0.000,5.466,0.000,0.000,0.000,0.000,0.000,0.000,0.000,0.000,0.000,0.000,0.000,0.000,0.000,0.000,0.000,0.000,0.000,0.000,0.000,0.000,5.236,0.000,0.000,0.000,0.000,0.000,0.000,0.000,0.000,0.000,0.000,0.000]
  Iter 16: LB=-19.176921  UB=16.276563  gap=2.18e+00
  Cut: intercept=-1139.611478, π_x_range=[-826.0091, 578.7419]
  Mini-Benders[1] (mw): LB=-18.946039, Z₀(α*)=12.316996, intercept=-155.653243 (0.719s) [OMP=0.686 ISP-L=0.004 ISP-F=0.012 MW-L=0.008 MW-F=0.009]
  Mini-Benders[2] (mw): LB=-18.310172, Z₀(α*)=-38.883684, intercept=-33.064802 (0.609s) [OMP=0.571 ISP-L=0.004 ISP-F=0.011 MW-L=0.009 MW-F=0.020]
  Mini-Benders[3] (mw): LB=-18.310172, Z₀(α*)=-38.883684, intercept=-33.064802 (0.594s) [OMP=0.551 ISP-L=0.004 ISP-F=0.011 MW-L=0.009 MW-F=0.011]
  Mini-Benders[4] (mw): LB=-18.310172, Z₀(α*)=-38.883684, intercept=-33.064802 (0.609s) [OMP=0.572 ISP-L=0.004 ISP-F=0.011 MW-L=0.009 MW-F=0.011]
  Mini-Benders[5]: LB stagnated, break
  α-step: Z₀=16.444703, α=[0.000,0.000,0.000,0.000,0.000,2.483,0.000,0.000,6.827,0.000,0.000,0.000,0.000,0.000,0.000,0.000,0.000,0.000,0.000,0.000,0.000,0.000,0.000,0.000,0.000,0.000,1.392,0.000,0.000,0.000,0.000,0.000,0.000,0.000,0.000,0.000,0.000,0.000]
  Alt-Benders[1] (mw): LB=-17.217974, Z₀(α*)=14.365833, intercept=-17.445702 (0.625s) [OMP=0.591 ISP-L=0.004 ISP-F=0.010 MW-L=0.009 MW-F=0.010]
  Alt-Benders[2] (mw): LB=-16.913032, Z₀(α*)=-6.495493, intercept=-159.356858 (0.687s) [OMP=0.643 ISP-L=0.004 ISP-F=0.012 MW-L=0.008 MW-F=0.012]
  Alt-Benders[3] (mw): LB=-16.758420, Z₀(α*)=16.625657, intercept=-66.251315 (0.719s) [OMP=0.677 ISP-L=0.004 ISP-F=0.011 MW-L=0.009 MW-F=0.012]
  Alt-Benders[4] (mw): LB=-15.546248, Z₀(α*)=10.791069, intercept=-42.721738 (0.641s) [OMP=0.598 ISP-L=0.004 ISP-F=0.011 MW-L=0.008 MW-F=0.022]
  Alt-Benders[5] (mw): LB=-15.113648, Z₀(α*)=16.162424, intercept=-71.881351 (0.734s) [OMP=0.695 ISP-L=0.004 ISP-F=0.012 MW-L=0.008 MW-F=0.010]
  OMP re-solve: 0.640s

=== True-DRO Benders iter 17 ===
  OMP: t₀=-14.610174, UB=16.276563, gap=1.90e+00, x=[0, 0, 0, 0, 0, 1, 0, 0, 0, 0, 0, 0, 0, 0, 0, 0, 0, 0, 0, 0, 0, 0, 0, 0, 1, 0, 0, 0, 0, 0, 0, 0, 0, 0, 0, 0, 0, 0] (0.000s)
  Sub: Z₀=11.805605 [LOCAL] (0.5s), α=[0.000,0.000,0.000,0.000,0.000,2.625,0.000,0.000,0.000,0.000,0.000,0.000,0.000,0.000,1.816,0.000,0.000,0.000,0.000,0.000,0.000,0.000,0.000,0.000,1.262,0.000,4.999,0.000,0.000,0.000,0.000,0.000,0.000,0.000,0.000,0.000,0.000,0.000]
  Iter 17: LB=-14.610174  UB=16.276563  gap=1.90e+00
  Cut: intercept=-1114.612395, π_x_range=[-825.1677, 574.1415]
  Mini-Benders[1] (mw): LB=-14.537055, Z₀(α*)=-8.621192, intercept=-83.684382 (0.688s) [OMP=0.649 ISP-L=0.004 ISP-F=0.011 MW-L=0.009 MW-F=0.011]
  Mini-Benders[2] (mw): LB=-13.951928, Z₀(α*)=-16.457465, intercept=-53.457150 (0.734s) [OMP=0.694 ISP-L=0.004 ISP-F=0.012 MW-L=0.008 MW-F=0.012]
  Mini-Benders[3] (mw): LB=-13.951928, Z₀(α*)=-16.457465, intercept=-53.457150 (0.750s) [OMP=0.718 ISP-L=0.004 ISP-F=0.012 MW-L=0.008 MW-F=0.012]
  Mini-Benders[4] (mw): LB=-13.951928, Z₀(α*)=-16.457465, intercept=-53.457150 (0.750s) [OMP=0.721 ISP-L=0.004 ISP-F=0.012 MW-L=0.008 MW-F=0.013]
  Mini-Benders[5]: LB stagnated, break
  α-step: Z₀=18.304225, α=[1.096,0.000,0.000,0.000,0.000,4.288,0.000,0.000,5.319,0.000,0.000,0.000,0.000,0.000,0.000,0.000,0.000,0.000,0.000,0.000,0.000,0.000,0.000,0.000,0.000,0.000,0.000,0.000,0.000,0.000,0.000,0.000,0.000,0.000,0.000,0.000,0.000,0.000]
  Alt-Benders[1] (mw): LB=-13.745688, Z₀(α*)=-27.254171, intercept=-82.605962 (0.828s) [OMP=0.794 ISP-L=0.004 ISP-F=0.013 MW-L=0.018 MW-F=0.010]
  Alt-Benders[2] (mw): LB=-13.745688, Z₀(α*)=-27.254171, intercept=-82.605962 (0.734s) [OMP=0.683 ISP-L=0.004 ISP-F=0.012 MW-L=0.009 MW-F=0.011]
  Alt-Benders[3] (mw): LB=-13.745688, Z₀(α*)=-27.254171, intercept=-82.605962 (0.734s) [OMP=0.697 ISP-L=0.004 ISP-F=0.012 MW-L=0.009 MW-F=0.011]
  Alt-Benders[4]: LB stagnated, break
  OMP re-solve: 0.001s

=== True-DRO Benders iter 18 ===
  OMP: t₀=-13.745688, UB=16.276563, gap=1.84e+00, x=[0, 0, 0, 0, 0, 0, 0, 0, 0, 0, 0, 0, 0, 0, 0, 0, 0, 0, 0, 0, 0, 0, 0, 0, 0, 0, 0, 0, 0, 0, 1, 1, 0, 0, 0, 0, 0, 0] (0.000s)
  Sub: Z₀=15.554885 [LOCAL] (0.2s), α=[0.000,0.000,0.000,0.000,0.000,0.000,0.000,0.000,0.000,0.000,0.000,0.000,0.000,0.000,0.583,0.000,0.000,0.000,0.000,0.000,0.000,0.000,0.000,0.000,0.000,0.000,2.345,0.000,0.000,0.000,0.000,7.774,0.000,0.000,0.000,0.000,0.000,0.000]
  Iter 18: LB=-13.745688  UB=16.276563  gap=1.84e+00
  Cut: intercept=-1117.366661, π_x_range=[-823.7085, 589.3193]
  Mini-Benders[1] (mw): LB=-13.687889, Z₀(α*)=-35.016109, intercept=-100.443927 (0.750s) [OMP=0.719 ISP-L=0.004 ISP-F=0.012 MW-L=0.009 MW-F=0.014]
  Mini-Benders[2] (mw): LB=-13.687889, Z₀(α*)=-35.016109, intercept=-100.443927 (0.672s) [OMP=0.628 ISP-L=0.004 ISP-F=0.011 MW-L=0.008 MW-F=0.013]
  Mini-Benders[3] (mw): LB=-13.687889, Z₀(α*)=-35.016109, intercept=-100.443927 (0.672s) [OMP=0.640 ISP-L=0.004 ISP-F=0.011 MW-L=0.008 MW-F=0.013]
  Mini-Benders[4]: LB stagnated, break
  α-step: Z₀=13.542873, α=[0.000,0.000,0.000,0.000,0.000,0.000,0.000,0.000,0.000,0.000,0.000,0.000,0.000,0.000,2.254,0.000,0.000,0.000,0.000,5.147,0.000,0.000,0.000,0.000,0.000,0.000,0.000,0.000,0.000,0.000,0.000,0.000,3.302,0.000,0.000,0.000,0.000,0.000]
  Alt-Benders[1] (mw): LB=-13.592904, Z₀(α*)=-31.435321, intercept=-132.009459 (0.735s) [OMP=0.697 ISP-L=0.004 ISP-F=0.012 MW-L=0.008 MW-F=0.013]
  Alt-Benders[2] (mw): LB=-13.592904, Z₀(α*)=-31.435321, intercept=-132.009459 (0.781s) [OMP=0.734 ISP-L=0.004 ISP-F=0.012 MW-L=0.008 MW-F=0.013]
  Alt-Benders[3] (mw): LB=-13.592904, Z₀(α*)=-31.435321, intercept=-132.009459 (0.766s) [OMP=0.724 ISP-L=0.004 ISP-F=0.012 MW-L=0.008 MW-F=0.013]
  Alt-Benders[4]: LB stagnated, break
  OMP re-solve: 0.000s

=== True-DRO Benders iter 19 ===
  OMP: t₀=-13.592904, UB=16.276563, gap=1.84e+00, x=[0, 0, 0, 0, 0, 0, 0, 0, 0, 0, 0, 0, 0, 0, 0, 0, 0, 0, 0, 0, 0, 1, 0, 0, 0, 0, 0, 0, 0, 0, 0, 1, 0, 0, 0, 0, 0, 0] (0.000s)
  Sub: Z₀=13.260602 [LOCAL] (0.2s), α=[0.000,0.000,0.000,0.000,0.000,0.000,0.000,0.000,0.000,0.000,0.000,0.000,0.000,0.000,0.000,0.000,0.000,0.000,0.000,0.000,0.000,4.211,0.000,0.000,0.000,0.000,0.899,0.000,0.000,0.000,0.000,5.592,0.000,0.000,0.000,0.000,0.000,0.000]
  Iter 19: LB=-13.592904  UB=16.276563  gap=1.84e+00
  Cut: intercept=-1102.743173, π_x_range=[-823.6162, 571.0133]
  Mini-Benders[1] (mw): LB=-12.790518, Z₀(α*)=-13.258006, intercept=-165.072988 (0.766s) [OMP=0.719 ISP-L=0.004 ISP-F=0.012 MW-L=0.010 MW-F=0.012]
  Mini-Benders[2] (mw): LB=-12.790518, Z₀(α*)=-13.258006, intercept=-165.072988 (0.703s) [OMP=0.660 ISP-L=0.004 ISP-F=0.012 MW-L=0.010 MW-F=0.012]
  Mini-Benders[3] (mw): LB=-12.790518, Z₀(α*)=-13.258006, intercept=-165.072988 (0.703s) [OMP=0.642 ISP-L=0.005 ISP-F=0.014 MW-L=0.012 MW-F=0.030]
  Mini-Benders[4]: LB stagnated, break
  α-step: Z₀=12.945228, α=[0.000,0.000,0.000,0.000,0.000,0.000,0.000,0.000,0.000,0.000,0.000,0.000,0.000,0.000,0.000,0.000,0.000,0.000,0.000,4.471,0.000,0.000,0.000,0.000,0.000,0.000,0.899,0.000,0.000,0.000,0.000,5.332,0.000,0.000,0.000,0.000,0.000,0.000]
  Alt-Benders[1] (mw): LB=-12.544901, Z₀(α*)=-16.106936, intercept=-42.141686 (0.781s) [OMP=0.730 ISP-L=0.005 ISP-F=0.013 MW-L=0.009 MW-F=0.014]
  Alt-Benders[2] (mw): LB=-12.544901, Z₀(α*)=-16.106936, intercept=-42.141686 (0.719s) [OMP=0.675 ISP-L=0.005 ISP-F=0.013 MW-L=0.009 MW-F=0.015]
  Alt-Benders[3] (mw): LB=-12.544901, Z₀(α*)=-16.106936, intercept=-42.141686 (0.719s) [OMP=0.679 ISP-L=0.005 ISP-F=0.014 MW-L=0.009 MW-F=0.015]
  Alt-Benders[4]: LB stagnated, break
  OMP re-solve: 0.000s

=== True-DRO Benders iter 20 ===
  OMP: t₀=-12.544901, UB=16.276563, gap=1.77e+00, x=[1, 0, 0, 0, 0, 0, 0, 0, 0, 0, 0, 0, 0, 0, 0, 0, 0, 0, 0, 0, 0, 0, 0, 0, 0, 0, 0, 0, 0, 0, 0, 0, 0, 1, 0, 0, 0, 0] (0.000s)
  Sub: Z₀=18.529357 [TIME_LIMIT] (15.1s), α=[0.000,0.000,0.000,0.000,0.000,4.835,0.000,0.000,4.127,0.000,0.000,0.000,0.000,0.000,1.740,0.000,0.000,0.000,0.000,0.000,0.000,0.000,0.000,0.000,0.000,0.000,0.000,0.000,0.000,0.000,0.000,0.000,0.000,0.000,0.000,0.000,0.000,0.000]
  Iter 20: LB=-12.544901  UB=16.276563  gap=1.77e+00
  Cut: intercept=-49.432112, π_x_range=[-272.5540, 41.2763]
  Mini-Benders[1] (mw): LB=-12.089805, Z₀(α*)=-1.539058, intercept=-99.161837 (0.766s) [OMP=0.720 ISP-L=0.005 ISP-F=0.015 MW-L=0.011 MW-F=0.014]
  Mini-Benders[2] (mw): LB=-11.746783, Z₀(α*)=4.885642, intercept=-41.208158 (0.734s) [OMP=0.696 ISP-L=0.004 ISP-F=0.011 MW-L=0.008 MW-F=0.012]
  Mini-Benders[3] (mw): LB=-11.378287, Z₀(α*)=5.087397, intercept=-40.519737 (0.719s) [OMP=0.658 ISP-L=0.004 ISP-F=0.011 MW-L=0.023 MW-F=0.012]
  Mini-Benders[4] (mw): LB=-11.352497, Z₀(α*)=-2.431610, intercept=-77.359735 (0.734s) [OMP=0.699 ISP-L=0.005 ISP-F=0.013 MW-L=0.011 MW-F=0.014]
  Mini-Benders[5] (mw): LB=-10.798074, Z₀(α*)=-10.767918, intercept=-54.049628 (0.719s) [OMP=0.677 ISP-L=0.005 ISP-F=0.012 MW-L=0.009 MW-F=0.011]
  α-step: Z₀=15.710560, α=[0.000,0.000,0.000,0.000,0.000,0.000,0.000,0.000,0.000,0.000,0.000,0.000,0.000,0.000,3.779,0.000,0.000,0.000,0.000,0.000,0.000,0.000,0.000,0.000,5.701,0.000,1.222,0.000,0.000,0.000,0.000,0.000,0.000,0.000,0.000,0.000,0.000,0.000]
  Alt-Benders[1] (mw): LB=-10.678333, Z₀(α*)=-32.127284, intercept=-70.621993 (0.750s) [OMP=0.714 ISP-L=0.004 ISP-F=0.012 MW-L=0.010 MW-F=0.015]
  Alt-Benders[2] (mw): LB=-10.678333, Z₀(α*)=-32.127284, intercept=-70.621993 (0.640s) [OMP=0.592 ISP-L=0.004 ISP-F=0.012 MW-L=0.010 MW-F=0.014]
  Alt-Benders[3] (mw): LB=-10.678333, Z₀(α*)=-32.127284, intercept=-70.621993 (0.594s) [OMP=0.560 ISP-L=0.004 ISP-F=0.012 MW-L=0.010 MW-F=0.013]
  Alt-Benders[4]: LB stagnated, break
  OMP re-solve: 0.001s

=== True-DRO Benders iter 21 ===
  OMP: t₀=-10.678333, UB=16.276563, gap=1.66e+00, x=[0, 0, 0, 0, 0, 0, 0, 0, 0, 0, 0, 0, 0, 0, 1, 0, 0, 0, 0, 1, 0, 0, 0, 0, 0, 0, 0, 0, 0, 0, 0, 0, 0, 0, 0, 0, 0, 0] (0.000s)
  Sub: Z₀=13.361987 [LOCAL] (0.2s), α=[0.000,0.000,0.000,0.000,0.000,0.000,0.000,0.000,0.000,0.000,0.000,0.000,0.000,0.000,4.902,0.000,0.000,0.000,0.000,5.801,0.000,0.000,0.000,0.000,0.000,0.000,0.000,0.000,0.000,0.000,0.000,0.000,0.000,0.000,0.000,0.000,0.000,0.000]
  Iter 21: LB=-10.678333  UB=16.276563  gap=1.66e+00
  Cut: intercept=-1130.441501, π_x_range=[-827.3576, 589.1330]
  Mini-Benders[1] (mw): LB=-10.390498, Z₀(α*)=-34.774376, intercept=-52.730985 (0.735s) [OMP=0.681 ISP-L=0.005 ISP-F=0.013 MW-L=0.010 MW-F=0.015]
  Mini-Benders[2] (mw): LB=-10.390498, Z₀(α*)=-34.774376, intercept=-52.730985 (0.594s) [OMP=0.550 ISP-L=0.005 ISP-F=0.013 MW-L=0.010 MW-F=0.015]
  Mini-Benders[3] (mw): LB=-10.390498, Z₀(α*)=-34.774376, intercept=-52.730985 (0.562s) [OMP=0.528 ISP-L=0.004 ISP-F=0.012 MW-L=0.010 MW-F=0.014]
  Mini-Benders[4]: LB stagnated, break
  α-step: Z₀=17.920717, α=[0.000,0.000,0.000,0.000,0.000,0.728,0.000,0.000,3.835,0.000,0.000,0.000,0.000,0.000,0.452,0.000,0.000,0.000,0.000,0.000,0.000,0.000,0.000,0.000,0.000,0.000,4.999,0.000,0.000,0.000,0.000,0.000,0.000,0.688,0.000,0.000,0.000,0.000]
  Alt-Benders[1] (mw): LB=-10.308834, Z₀(α*)=1.947896, intercept=-106.425843 (0.781s) [OMP=0.749 ISP-L=0.005 ISP-F=0.012 MW-L=0.010 MW-F=0.013]
  Alt-Benders[2] (mw): LB=-8.623744, Z₀(α*)=15.677416, intercept=-1.600006 (0.828s) [OMP=0.776 ISP-L=0.004 ISP-F=0.013 MW-L=0.009 MW-F=0.015]
  Alt-Benders[3] (mw): LB=-8.621194, Z₀(α*)=-13.380898, intercept=-72.067668 (0.829s) [OMP=0.777 ISP-L=0.004 ISP-F=0.012 MW-L=0.010 MW-F=0.028]
  Alt-Benders[4] (mw): LB=-8.621194, Z₀(α*)=-13.380898, intercept=-72.067668 (0.609s) [OMP=0.572 ISP-L=0.005 ISP-F=0.013 MW-L=0.010 MW-F=0.011]
  Alt-Benders[5] (mw): LB=-8.621194, Z₀(α*)=-13.380898, intercept=-72.067668 (0.609s) [OMP=0.570 ISP-L=0.005 ISP-F=0.013 MW-L=0.010 MW-F=0.013]
  OMP re-solve: 0.566s

=== True-DRO Benders iter 22 ===
  OMP: t₀=-8.621194, UB=16.276563, gap=1.53e+00, x=[0, 0, 1, 0, 0, 0, 0, 0, 0, 0, 0, 0, 0, 0, 0, 0, 0, 0, 0, 0, 0, 0, 0, 0, 1, 0, 0, 0, 0, 0, 0, 0, 0, 0, 0, 0, 0, 0] (0.000s)
  Sub: Z₀=16.055166 [LOCAL] (0.2s), α=[0.000,0.000,0.000,0.000,0.000,0.000,0.000,0.000,0.000,0.000,0.000,0.000,0.000,0.000,2.026,0.000,0.000,0.000,0.000,0.000,0.000,0.000,0.000,0.000,7.722,0.000,0.955,0.000,0.000,0.000,0.000,0.000,0.000,0.000,0.000,0.000,0.000,0.000]
  Iter 22: LB=-8.621194  UB=16.276563  gap=1.53e+00
  Cut: intercept=-1109.122040, π_x_range=[-829.1519, 588.5047]
  Mini-Benders[1] (mw): LB=-8.444117, Z₀(α*)=-7.110421, intercept=-26.608000 (0.640s) [OMP=0.588 ISP-L=0.005 ISP-F=0.014 MW-L=0.009 MW-F=0.014]
  Mini-Benders[2] (mw): LB=-8.400326, Z₀(α*)=-7.110421, intercept=-26.608000 (0.579s) [OMP=0.535 ISP-L=0.004 ISP-F=0.016 MW-L=0.009 MW-F=0.011]
  Mini-Benders[3] (mw): LB=-8.074854, Z₀(α*)=-18.884971, intercept=-29.120664 (0.640s) [OMP=0.596 ISP-L=0.004 ISP-F=0.013 MW-L=0.009 MW-F=0.015]
  Mini-Benders[4] (mw): LB=-8.074854, Z₀(α*)=-18.884971, intercept=-29.120664 (0.656s) [OMP=0.625 ISP-L=0.004 ISP-F=0.014 MW-L=0.010 MW-F=0.015]
  Mini-Benders[5] (mw): LB=-8.074854, Z₀(α*)=-18.884971, intercept=-29.120664 (0.672s) [OMP=0.602 ISP-L=0.004 ISP-F=0.014 MW-L=0.024 MW-F=0.016]
  α-step: Z₀=17.561380, α=[0.000,0.000,0.000,0.000,0.000,2.692,0.000,0.000,4.258,0.000,0.000,0.000,0.000,0.000,1.072,0.000,0.000,0.000,0.000,0.374,0.000,0.000,0.000,0.000,0.000,0.000,2.307,0.000,0.000,0.000,0.000,0.000,0.000,0.000,0.000,0.000,0.000,0.000]
  Alt-Benders[1] (mw): LB=-7.989143, Z₀(α*)=-55.326789, intercept=-96.285789 (0.875s) [OMP=0.822 ISP-L=0.004 ISP-F=0.012 MW-L=0.011 MW-F=0.015]
  Alt-Benders[2] (mw): LB=-7.989143, Z₀(α*)=-55.326789, intercept=-96.285789 (0.625s) [OMP=0.585 ISP-L=0.004 ISP-F=0.011 MW-L=0.009 MW-F=0.013]
  Alt-Benders[3] (mw): LB=-7.989143, Z₀(α*)=-55.326789, intercept=-96.285789 (0.625s) [OMP=0.581 ISP-L=0.005 ISP-F=0.014 MW-L=0.013 MW-F=0.015]
  Alt-Benders[4]: LB stagnated, break
  OMP re-solve: 0.001s

=== True-DRO Benders iter 23 ===
  OMP: t₀=-7.989143, UB=16.276563, gap=1.49e+00, x=[0, 0, 0, 0, 0, 0, 1, 0, 0, 0, 0, 0, 0, 0, 0, 0, 0, 0, 0, 1, 0, 0, 0, 0, 0, 0, 0, 0, 0, 0, 0, 0, 0, 0, 0, 0, 0, 0] (0.000s)
  Sub: Z₀=12.942743 [LOCAL] (0.2s), α=[0.000,0.000,0.000,0.000,0.000,0.000,3.796,0.000,0.000,0.000,0.000,0.000,0.000,0.000,0.000,0.000,0.000,0.000,0.000,6.906,0.000,0.000,0.000,0.000,0.000,0.000,0.000,0.000,0.000,0.000,0.000,0.000,0.000,0.000,0.000,0.000,0.000,0.000]
  Iter 23: LB=-7.989143  UB=16.276563  gap=1.49e+00
  Cut: intercept=-1112.946541, π_x_range=[-827.0578, 572.5073]
  Mini-Benders[1] (mw): LB=-7.932469, Z₀(α*)=-36.081077, intercept=-80.257096 (0.906s) [OMP=0.869 ISP-L=0.005 ISP-F=0.015 MW-L=0.011 MW-F=0.014]
  Mini-Benders[2] (mw): LB=-7.932469, Z₀(α*)=-36.081077, intercept=-80.257096 (0.672s) [OMP=0.611 ISP-L=0.004 ISP-F=0.014 MW-L=0.026 MW-F=0.014]
  Mini-Benders[3] (mw): LB=-7.932469, Z₀(α*)=-36.081077, intercept=-80.257096 (0.657s) [OMP=0.605 ISP-L=0.005 ISP-F=0.015 MW-L=0.011 MW-F=0.014]
  Mini-Benders[4]: LB stagnated, break
  α-step: Z₀=15.727631, α=[0.000,0.000,0.000,0.000,0.000,0.000,0.000,0.000,1.011,0.000,0.000,0.000,0.000,0.000,1.007,0.000,0.000,0.000,0.000,0.000,0.000,0.000,0.000,0.000,0.000,0.000,1.906,0.000,0.000,0.000,0.000,6.778,0.000,0.000,0.000,0.000,0.000,0.000]
  Alt-Benders[1] (mw): LB=-7.169921, Z₀(α*)=-5.079319, intercept=-33.868555 (0.891s) [OMP=0.859 ISP-L=0.005 ISP-F=0.015 MW-L=0.010 MW-F=0.012]
  Alt-Benders[2] (mw): LB=-7.110423, Z₀(α*)=-3.922415, intercept=-20.755927 (0.640s) [OMP=0.587 ISP-L=0.005 ISP-F=0.014 MW-L=0.010 MW-F=0.012]
  Alt-Benders[3] (mw): LB=-7.110423, Z₀(α*)=-3.922415, intercept=-20.755932 (0.657s) [OMP=0.617 ISP-L=0.005 ISP-F=0.013 MW-L=0.010 MW-F=0.014]
  Alt-Benders[4] (mw): LB=-7.084826, Z₀(α*)=-23.299875, intercept=-47.729042 (0.640s) [OMP=0.601 ISP-L=0.005 ISP-F=0.013 MW-L=0.010 MW-F=0.014]
  Alt-Benders[5] (mw): LB=-7.084826, Z₀(α*)=-23.299875, intercept=-47.729042 (0.641s) [OMP=0.574 ISP-L=0.004 ISP-F=0.013 MW-L=0.009 MW-F=0.028]
  OMP re-solve: 0.568s

=== True-DRO Benders iter 24 ===
  OMP: t₀=-7.084826, UB=16.276563, gap=1.44e+00, x=[0, 0, 0, 0, 1, 0, 0, 0, 0, 0, 0, 0, 0, 0, 0, 0, 0, 0, 0, 0, 0, 1, 0, 0, 0, 0, 0, 0, 0, 0, 0, 0, 0, 0, 0, 0, 0, 0] (0.001s)
  Sub: Z₀=16.727556 [LOCAL] (0.3s), α=[0.000,0.000,0.000,0.000,0.000,0.971,0.000,0.000,3.922,0.000,0.000,0.000,0.000,0.000,0.000,0.000,0.000,0.000,0.000,0.000,0.000,5.810,0.000,0.000,0.000,0.000,0.000,0.000,0.000,0.000,0.000,0.000,0.000,0.000,0.000,0.000,0.000,0.000]
  Iter 24: LB=-7.084826  UB=16.276563  gap=1.44e+00
  Cut: intercept=-1118.825677, π_x_range=[-831.4008, 571.0772]
  Mini-Benders[1] (mw): LB=-6.678842, Z₀(α*)=-27.683093, intercept=-110.171891 (0.672s) [OMP=0.632 ISP-L=0.006 ISP-F=0.013 MW-L=0.012 MW-F=0.015]
  Mini-Benders[2] (mw): LB=-6.678842, Z₀(α*)=-27.683093, intercept=-110.171891 (0.656s) [OMP=0.612 ISP-L=0.005 ISP-F=0.012 MW-L=0.010 MW-F=0.014]
  Mini-Benders[3] (mw): LB=-6.678842, Z₀(α*)=-27.683093, intercept=-110.171891 (0.641s) [OMP=0.595 ISP-L=0.004 ISP-F=0.012 MW-L=0.010 MW-F=0.013]
  Mini-Benders[4]: LB stagnated, break
  α-step: Z₀=12.661535, α=[0.000,0.000,0.000,0.000,0.000,0.000,0.000,0.000,0.000,0.000,0.000,0.000,0.000,0.000,5.425,0.000,0.000,0.000,0.000,0.000,0.000,0.000,0.000,0.000,0.000,0.000,0.562,0.000,0.000,0.000,0.000,4.715,0.000,0.000,0.000,0.000,0.000,0.000]
  Alt-Benders[1] (mw): LB=-6.577138, Z₀(α*)=-18.247465, intercept=-57.384377 (0.672s) [OMP=0.637 ISP-L=0.004 ISP-F=0.014 MW-L=0.010 MW-F=0.012]
  Alt-Benders[2] (mw): LB=-6.577138, Z₀(α*)=-18.247465, intercept=-57.384377 (0.641s) [OMP=0.592 ISP-L=0.005 ISP-F=0.014 MW-L=0.010 MW-F=0.013]
  Alt-Benders[3] (mw): LB=-6.577138, Z₀(α*)=-18.247465, intercept=-57.384377 (0.656s) [OMP=0.597 ISP-L=0.005 ISP-F=0.014 MW-L=0.025 MW-F=0.013]
  Alt-Benders[4]: LB stagnated, break
  OMP re-solve: 0.001s

=== True-DRO Benders iter 25 ===
  OMP: t₀=-6.577138, UB=16.276563, gap=1.40e+00, x=[0, 0, 0, 0, 0, 0, 0, 0, 0, 0, 0, 0, 0, 0, 0, 0, 0, 1, 0, 0, 0, 0, 0, 0, 1, 0, 0, 0, 0, 0, 0, 0, 0, 0, 0, 0, 0, 0] (0.001s)
  Sub: Z₀=16.065625 [TIME_LIMIT] (15.1s), α=[0.000,0.000,0.000,0.000,0.000,0.000,0.000,0.000,0.000,0.000,0.000,0.000,0.000,0.000,1.999,0.000,0.000,0.000,0.000,0.000,0.000,0.000,0.000,0.000,7.735,0.000,0.968,0.000,0.000,0.000,0.000,0.000,0.000,0.000,0.000,0.000,0.000,0.000]
  Iter 25: LB=-6.577138  UB=16.224987  gap=1.41e+00
  Cut: intercept=-94.903372, π_x_range=[-274.0000, 82.4528]
  Mini-Benders[1] (mw): LB=-6.495495, Z₀(α*)=-24.712220, intercept=-110.919746 (0.641s) [OMP=0.599 ISP-L=0.005 ISP-F=0.013 MW-L=0.010 MW-F=0.013]
  Mini-Benders[2] (mw): LB=-6.495495, Z₀(α*)=-24.712220, intercept=-110.919746 (0.672s) [OMP=0.635 ISP-L=0.004 ISP-F=0.012 MW-L=0.009 MW-F=0.012]
  Mini-Benders[3] (mw): LB=-6.495495, Z₀(α*)=-24.712220, intercept=-110.919746 (0.657s) [OMP=0.628 ISP-L=0.004 ISP-F=0.012 MW-L=0.008 MW-F=0.012]
  Mini-Benders[4]: LB stagnated, break
  α-step: Z₀=14.210523, α=[0.000,0.000,0.000,0.000,0.000,0.000,0.849,0.000,2.625,0.000,0.000,0.000,0.000,0.000,0.000,0.000,0.000,0.000,0.000,0.000,0.000,0.000,0.000,0.000,0.000,0.000,2.513,0.000,0.000,0.000,0.000,4.715,0.000,0.000,0.000,0.000,0.000,0.000]
  Alt-Benders[1] (mw): LB=-6.112097, Z₀(α*)=11.575442, intercept=-85.878833 (0.718s) [OMP=0.675 ISP-L=0.005 ISP-F=0.013 MW-L=0.009 MW-F=0.010]
  Alt-Benders[2] (mw): LB=-5.904074, Z₀(α*)=-14.287243, intercept=-15.308144 (0.750s) [OMP=0.693 ISP-L=0.004 ISP-F=0.013 MW-L=0.023 MW-F=0.013]
  Alt-Benders[3] (mw): LB=-5.904074, Z₀(α*)=-14.287243, intercept=-15.308144 (0.875s) [OMP=0.826 ISP-L=0.007 ISP-F=0.017 MW-L=0.011 MW-F=0.014]
  Alt-Benders[4] (mw): LB=-5.904074, Z₀(α*)=-14.287243, intercept=-15.308144 (0.875s) [OMP=0.839 ISP-L=0.005 ISP-F=0.013 MW-L=0.009 MW-F=0.012]
  Alt-Benders[5]: LB stagnated, break
  OMP re-solve: 0.001s

=== True-DRO Benders iter 26 ===
  OMP: t₀=-5.904074, UB=16.224987, gap=1.36e+00, x=[0, 0, 0, 0, 0, 0, 0, 0, 0, 0, 0, 0, 0, 0, 1, 0, 0, 0, 0, 0, 0, 0, 0, 0, 0, 0, 1, 0, 0, 0, 0, 0, 0, 0, 0, 0, 0, 0] (0.000s)
  Sub: Z₀=16.217593 [LOCAL] (0.2s), α=[0.000,0.000,0.000,0.000,0.000,1.347,0.000,0.000,3.124,0.000,0.000,0.000,0.000,0.000,3.602,0.000,0.000,0.000,0.000,0.000,0.000,0.000,0.000,0.000,0.000,0.000,2.630,0.000,0.000,0.000,0.000,0.000,0.000,0.000,0.000,0.000,0.000,0.000]
  Iter 26: LB=-5.904074  UB=16.224987  gap=1.36e+00
  Cut: intercept=-1165.532732, π_x_range=[-831.8557, 592.4762]
  Mini-Benders[1] (mw): LB=-5.542395, Z₀(α*)=-5.375272, intercept=-83.122507 (0.796s) [OMP=0.751 ISP-L=0.004 ISP-F=0.014 MW-L=0.010 MW-F=0.014]
  Mini-Benders[2] (mw): LB=-5.385812, Z₀(α*)=19.439859, intercept=16.291093 (0.719s) [OMP=0.690 ISP-L=0.005 ISP-F=0.014 MW-L=0.009 MW-F=0.012]
  Mini-Benders[3] (mw): LB=-5.375273, Z₀(α*)=-5.375272, intercept=-83.122507 (0.656s) [OMP=0.616 ISP-L=0.004 ISP-F=0.014 MW-L=0.011 MW-F=0.015]
  Mini-Benders[4] (mw): LB=-5.375273, Z₀(α*)=-5.375272, intercept=-83.122507 (0.688s) [OMP=0.632 ISP-L=0.006 ISP-F=0.017 MW-L=0.010 MW-F=0.029]
  Mini-Benders[5] (mw): LB=-5.375273, Z₀(α*)=-5.375272, intercept=-83.122507 (0.687s) [OMP=0.635 ISP-L=0.004 ISP-F=0.014 MW-L=0.010 MW-F=0.013]
  α-step: Z₀=16.346464, α=[0.000,0.000,0.000,0.000,0.000,0.000,0.000,0.000,2.018,0.000,0.000,0.000,0.000,0.000,0.000,0.000,0.000,0.000,0.000,0.000,0.000,0.000,0.000,0.000,0.000,0.000,1.906,0.000,0.000,0.000,0.000,6.778,0.000,0.000,0.000,0.000,0.000,0.000]
  Alt-Benders[1] (mw): LB=-5.264689, Z₀(α*)=-3.267232, intercept=-20.100746 (0.671s) [OMP=0.641 ISP-L=0.005 ISP-F=0.013 MW-L=0.010 MW-F=0.011]
  Alt-Benders[2] (mw): LB=-5.227884, Z₀(α*)=-10.220003, intercept=-20.422575 (0.766s) [OMP=0.720 ISP-L=0.004 ISP-F=0.013 MW-L=0.008 MW-F=0.011]
  Alt-Benders[3] (mw): LB=-5.227884, Z₀(α*)=-10.220003, intercept=-20.422575 (0.594s) [OMP=0.556 ISP-L=0.005 ISP-F=0.014 MW-L=0.008 MW-F=0.010]
  Alt-Benders[4] (mw): LB=-5.227884, Z₀(α*)=-10.220003, intercept=-20.422575 (0.594s) [OMP=0.550 ISP-L=0.005 ISP-F=0.014 MW-L=0.008 MW-F=0.011]
  Alt-Benders[5]: LB stagnated, break
  OMP re-solve: 0.001s

=== True-DRO Benders iter 27 ===
  OMP: t₀=-5.227884, UB=16.224987, gap=1.32e+00, x=[0, 0, 1, 0, 0, 0, 0, 0, 0, 0, 0, 0, 0, 0, 0, 0, 0, 0, 1, 0, 0, 0, 0, 0, 0, 0, 0, 0, 0, 0, 0, 0, 0, 0, 0, 0, 0, 0] (0.000s)
  Sub: Z₀=20.507887 [LOCAL] (0.2s), α=[0.000,0.000,0.000,0.000,0.000,2.108,0.000,0.000,4.172,0.000,0.000,0.000,0.000,0.000,1.695,0.000,0.000,0.000,0.000,0.000,0.000,0.000,0.000,0.000,0.000,0.000,2.727,0.000,0.000,0.000,0.000,0.000,0.000,0.000,0.000,0.000,0.000,0.000]
  Iter 27: LB=-5.227884  UB=16.224987  gap=1.32e+00
  Cut: intercept=-1123.409096, π_x_range=[-833.2482, 589.8843]
  Mini-Benders[1] (mw): LB=-5.188853, Z₀(α*)=6.394233, intercept=-23.153076 (0.750s) [OMP=0.689 ISP-L=0.005 ISP-F=0.012 MW-L=0.024 MW-F=0.018]
  Mini-Benders[2] (mw): LB=-5.079321, Z₀(α*)=18.701389, intercept=1.377354 (0.860s) [OMP=0.811 ISP-L=0.004 ISP-F=0.013 MW-L=0.008 MW-F=0.019]
  Mini-Benders[3] (mw): LB=-5.065005, Z₀(α*)=18.194408, intercept=8.358607 (0.609s) [OMP=0.572 ISP-L=0.004 ISP-F=0.012 MW-L=0.008 MW-F=0.017]
  Mini-Benders[4] (mw): LB=-4.803551, Z₀(α*)=-18.583994, intercept=-65.016461 (0.594s) [OMP=0.560 ISP-L=0.004 ISP-F=0.012 MW-L=0.009 MW-F=0.013]
  Mini-Benders[5] (mw): LB=-4.803551, Z₀(α*)=-18.583994, intercept=-65.016461 (0.594s) [OMP=0.553 ISP-L=0.004 ISP-F=0.012 MW-L=0.009 MW-F=0.013]
  α-step: Z₀=14.085613, α=[0.000,0.000,0.000,0.000,0.000,0.000,0.000,0.000,0.000,0.000,0.000,0.000,0.000,0.000,2.254,0.000,0.000,0.000,0.000,5.132,0.000,0.000,0.000,0.000,0.000,0.000,3.317,0.000,0.000,0.000,0.000,0.000,0.000,0.000,0.000,0.000,0.000,0.000]
  Alt-Benders[1] (mw): LB=-4.471459, Z₀(α*)=1.200286, intercept=-18.121796 (0.578s) [OMP=0.539 ISP-L=0.004 ISP-F=0.012 MW-L=0.008 MW-F=0.011]
  Alt-Benders[2] (mw): LB=-4.307555, Z₀(α*)=-18.359227, intercept=-29.962031 (0.610s) [OMP=0.549 ISP-L=0.004 ISP-F=0.012 MW-L=0.019 MW-F=0.014]
  Alt-Benders[3] (mw): LB=-4.307555, Z₀(α*)=-18.359227, intercept=-29.962031 (0.609s) [OMP=0.579 ISP-L=0.004 ISP-F=0.012 MW-L=0.008 MW-F=0.014]
  Alt-Benders[4] (mw): LB=-4.307555, Z₀(α*)=-18.359227, intercept=-29.962031 (0.594s) [OMP=0.550 ISP-L=0.004 ISP-F=0.012 MW-L=0.008 MW-F=0.014]
  Alt-Benders[5]: LB stagnated, break
  OMP re-solve: 0.001s

=== True-DRO Benders iter 28 ===
  OMP: t₀=-4.307555, UB=16.224987, gap=1.27e+00, x=[1, 0, 0, 0, 0, 0, 0, 0, 0, 0, 0, 0, 0, 0, 1, 0, 0, 0, 0, 0, 0, 0, 0, 0, 0, 0, 0, 0, 0, 0, 0, 0, 0, 0, 0, 0, 0, 0] (0.000s)
  Sub: Z₀=16.707815 [LOCAL] (0.2s), α=[0.000,0.000,0.000,0.000,0.000,1.906,0.000,0.000,3.683,0.000,0.000,0.000,0.000,0.000,5.113,0.000,0.000,0.000,0.000,0.000,0.000,0.000,0.000,0.000,0.000,0.000,0.000,0.000,0.000,0.000,0.000,0.000,0.000,0.000,0.000,0.000,0.000,0.000]
  Iter 28: LB=-4.307555  UB=16.224987  gap=1.27e+00
  Cut: intercept=-1119.570649, π_x_range=[-831.6025, 587.5645]
  Mini-Benders[1] (mw): LB=-4.286193, Z₀(α*)=-25.890583, intercept=-73.182783 (0.578s) [OMP=0.540 ISP-L=0.004 ISP-F=0.013 MW-L=0.008 MW-F=0.011]
  Mini-Benders[2] (mw): LB=-4.286193, Z₀(α*)=-25.890583, intercept=-73.182783 (0.578s) [OMP=0.545 ISP-L=0.004 ISP-F=0.013 MW-L=0.008 MW-F=0.011]
  Mini-Benders[3] (mw): LB=-4.286193, Z₀(α*)=-25.890583, intercept=-73.182783 (0.610s) [OMP=0.572 ISP-L=0.004 ISP-F=0.013 MW-L=0.008 MW-F=0.011]
  Mini-Benders[4]: LB stagnated, break
  α-step: Z₀=16.464198, α=[0.000,0.000,0.000,0.000,0.000,0.000,0.000,0.000,1.097,0.000,0.000,0.000,0.000,0.000,0.921,0.000,0.000,0.000,0.000,0.000,0.000,0.000,0.000,0.000,0.000,0.000,2.682,0.000,0.000,0.000,0.000,6.002,0.000,0.000,0.000,0.000,0.000,0.000]
  Alt-Benders[1] (mw): LB=-4.050579, Z₀(α*)=16.544660, intercept=-57.109510 (0.578s) [OMP=0.523 ISP-L=0.004 ISP-F=0.013 MW-L=0.008 MW-F=0.022]
  Alt-Benders[2] (mw): LB=-3.650488, Z₀(α*)=-25.575774, intercept=-47.919291 (0.531s) [OMP=0.498 ISP-L=0.004 ISP-F=0.010 MW-L=0.009 MW-F=0.011]
  Alt-Benders[3] (mw): LB=-3.650488, Z₀(α*)=-25.575774, intercept=-47.919291 (0.578s) [OMP=0.553 ISP-L=0.004 ISP-F=0.010 MW-L=0.009 MW-F=0.011]
  Alt-Benders[4] (mw): LB=-3.650488, Z₀(α*)=-25.575774, intercept=-47.919291 (0.578s) [OMP=0.543 ISP-L=0.004 ISP-F=0.010 MW-L=0.009 MW-F=0.011]
  Alt-Benders[5]: LB stagnated, break
  OMP re-solve: 0.001s

=== True-DRO Benders iter 29 ===
  OMP: t₀=-3.650488, UB=16.224987, gap=1.22e+00, x=[0, 0, 0, 0, 0, 1, 0, 0, 0, 0, 0, 0, 0, 0, 0, 0, 0, 0, 0, 0, 0, 0, 0, 0, 0, 0, 0, 0, 0, 0, 0, 0, 0, 1, 0, 0, 0, 0] (0.000s)
  Sub: Z₀=14.922472 [LOCAL] (0.2s), α=[0.000,0.000,0.000,0.000,0.000,7.994,0.000,0.000,0.000,0.000,0.000,0.000,0.000,0.000,1.072,0.000,0.000,0.000,0.000,0.000,0.000,0.000,0.000,0.000,0.000,0.000,1.637,0.000,0.000,0.000,0.000,0.000,0.000,0.000,0.000,0.000,0.000,0.000]
  Iter 29: LB=-3.650488  UB=16.224987  gap=1.22e+00
  Cut: intercept=-1127.468056, π_x_range=[-827.8950, 575.5109]
  Mini-Benders[1] (mw): LB=-3.607389, Z₀(α*)=-29.612293, intercept=-89.002616 (0.516s) [OMP=0.487 ISP-L=0.004 ISP-F=0.012 MW-L=0.008 MW-F=0.013]
  Mini-Benders[2] (mw): LB=-3.607389, Z₀(α*)=-29.612293, intercept=-89.002616 (0.531s) [OMP=0.487 ISP-L=0.004 ISP-F=0.012 MW-L=0.008 MW-F=0.013]
  Mini-Benders[3] (mw): LB=-3.607389, Z₀(α*)=-29.612293, intercept=-89.002616 (0.547s) [OMP=0.489 ISP-L=0.014 ISP-F=0.013 MW-L=0.009 MW-F=0.014]
  Mini-Benders[4]: LB stagnated, break
  α-step: Z₀=15.268831, α=[0.000,0.000,0.000,0.000,0.000,0.000,0.000,0.000,1.567,0.000,0.000,0.000,0.000,0.000,1.816,0.000,0.000,0.000,0.000,0.000,0.000,0.000,0.000,0.000,4.969,0.000,2.351,0.000,0.000,0.000,0.000,0.000,0.000,0.000,0.000,0.000,0.000,0.000]
  Alt-Benders[1] (mw): LB=-3.607389, Z₀(α*)=14.775424, intercept=-77.851596 (0.547s) [OMP=0.499 ISP-L=0.004 ISP-F=0.011 MW-L=0.008 MW-F=0.010]
  Alt-Benders[2] (mw): LB=-3.500218, Z₀(α*)=-11.986007, intercept=-38.199843 (0.547s) [OMP=0.508 ISP-L=0.004 ISP-F=0.013 MW-L=0.008 MW-F=0.014]
  Alt-Benders[3] (mw): LB=-3.500218, Z₀(α*)=-11.986007, intercept=-38.199843 (0.531s) [OMP=0.495 ISP-L=0.004 ISP-F=0.013 MW-L=0.008 MW-F=0.014]
  Alt-Benders[4] (mw): LB=-3.500218, Z₀(α*)=-11.986007, intercept=-38.199843 (0.531s) [OMP=0.495 ISP-L=0.004 ISP-F=0.013 MW-L=0.008 MW-F=0.014]
  Alt-Benders[5]: LB stagnated, break
  OMP re-solve: 0.001s

=== True-DRO Benders iter 30 ===
  OMP: t₀=-3.500218, UB=16.224987, gap=1.22e+00, x=[1, 0, 0, 0, 1, 0, 0, 0, 0, 0, 0, 0, 0, 0, 0, 0, 0, 0, 0, 0, 0, 0, 0, 0, 0, 0, 0, 0, 0, 0, 0, 0, 0, 0, 0, 0, 0, 0] (0.000s)
  Sub: Z₀=20.074583 [TIME_LIMIT] (15.1s), α=[0.001,0.000,0.000,0.000,0.000,5.003,0.000,0.000,3.992,0.000,0.000,0.000,0.000,0.000,1.446,0.000,0.000,0.000,0.000,0.003,0.000,0.000,0.000,0.000,0.000,0.000,0.255,0.002,0.000,0.000,0.000,0.000,0.000,0.000,0.000,0.000,0.000,0.000]
  Iter 30: LB=-3.500218  UB=16.224987  gap=1.22e+00
  Cut: intercept=-35.803101, π_x_range=[-200.8142, 34.1029]
  Mini-Benders[1] (mw): LB=-3.470991, Z₀(α*)=-1.576885, intercept=-40.244033 (0.641s) [OMP=0.603 ISP-L=0.004 ISP-F=0.013 MW-L=0.018 MW-F=0.012]
  Mini-Benders[2] (mw): LB=-2.431612, Z₀(α*)=-2.340401, intercept=-77.357691 (0.562s) [OMP=0.518 ISP-L=0.004 ISP-F=0.010 MW-L=0.009 MW-F=0.012]
  Mini-Benders[3] (mw): LB=-2.340403, Z₀(α*)=-2.340401, intercept=-77.357691 (0.625s) [OMP=0.592 ISP-L=0.004 ISP-F=0.010 MW-L=0.009 MW-F=0.013]
  Mini-Benders[4] (mw): LB=-2.340403, Z₀(α*)=-2.340401, intercept=-77.357691 (0.641s) [OMP=0.604 ISP-L=0.004 ISP-F=0.010 MW-L=0.009 MW-F=0.012]
  Mini-Benders[5] (mw): LB=-2.340403, Z₀(α*)=-2.340401, intercept=-77.357691 (0.641s) [OMP=0.594 ISP-L=0.004 ISP-F=0.010 MW-L=0.009 MW-F=0.012]
  α-step: Z₀=15.700566, α=[0.000,0.000,0.000,0.000,0.000,0.000,0.000,0.000,0.000,0.000,0.000,0.000,0.000,0.000,1.816,0.000,0.000,0.000,0.000,0.000,0.000,0.000,0.000,0.000,0.000,0.000,2.551,0.000,0.000,0.000,0.000,0.000,6.336,0.000,0.000,0.000,0.000,0.000]
  Alt-Benders[1] (mw): LB=-2.333312, Z₀(α*)=14.163676, intercept=-64.974617 (0.562s) [OMP=0.528 ISP-L=0.004 ISP-F=0.014 MW-L=0.008 MW-F=0.012]
  Alt-Benders[2] (mw): LB=-1.576887, Z₀(α*)=-21.364019, intercept=-51.066195 (0.563s) [OMP=0.516 ISP-L=0.004 ISP-F=0.012 MW-L=0.008 MW-F=0.022]
  Alt-Benders[3] (mw): LB=-1.576887, Z₀(α*)=-21.364019, intercept=-51.066195 (0.671s) [OMP=0.629 ISP-L=0.004 ISP-F=0.012 MW-L=0.008 MW-F=0.011]
  Alt-Benders[4] (mw): LB=-1.576887, Z₀(α*)=-21.364019, intercept=-51.066195 (0.688s) [OMP=0.646 ISP-L=0.004 ISP-F=0.012 MW-L=0.008 MW-F=0.011]
  Alt-Benders[5]: LB stagnated, break
  OMP re-solve: 0.001s

=== True-DRO Benders iter 31 ===
  OMP: t₀=-1.576887, UB=16.224987, gap=1.10e+00, x=[0, 0, 0, 0, 0, 0, 0, 0, 0, 0, 0, 1, 0, 0, 0, 0, 0, 0, 0, 0, 0, 0, 0, 0, 0, 0, 0, 1, 0, 0, 0, 0, 0, 0, 0, 0, 0, 0] (0.000s)
  Sub: Z₀=19.171469 [LOCAL] (0.2s), α=[0.000,0.000,0.031,0.000,0.000,0.313,0.000,0.000,5.711,0.000,0.000,0.072,0.007,0.000,0.000,0.000,0.000,0.000,0.000,0.000,0.000,0.000,0.000,0.000,0.000,0.000,4.283,0.287,0.000,0.000,0.000,0.000,0.000,0.000,0.000,0.000,0.000,0.000]
  Iter 31: LB=-1.576887  UB=16.224987  gap=1.10e+00
  Cut: intercept=-1137.770901, π_x_range=[-829.8944, 580.9281]
  Mini-Benders[1] (mw): LB=-1.539060, Z₀(α*)=-0.412131, intercept=-111.134925 (0.547s) [OMP=0.516 ISP-L=0.004 ISP-F=0.012 MW-L=0.009 MW-F=0.012]
  Mini-Benders[2] (mw): LB=-1.250867, Z₀(α*)=2.840959, intercept=-60.661353 (0.563s) [OMP=0.533 ISP-L=0.004 ISP-F=0.011 MW-L=0.009 MW-F=0.009]
  Mini-Benders[3] (mw): LB=-1.156443, Z₀(α*)=10.574386, intercept=-34.681066 (0.515s) [OMP=0.477 ISP-L=0.004 ISP-F=0.012 MW-L=0.008 MW-F=0.010]
  Mini-Benders[4] (mw): LB=-1.105551, Z₀(α*)=3.868948, intercept=-5.791873 (0.500s) [OMP=0.455 ISP-L=0.004 ISP-F=0.012 MW-L=0.008 MW-F=0.012]
  Mini-Benders[5] (mw): LB=-0.996113, Z₀(α*)=18.798702, intercept=-6.567146 (0.516s) [OMP=0.480 ISP-L=0.004 ISP-F=0.012 MW-L=0.018 MW-F=0.013]
  α-step: Z₀=14.483785, α=[0.000,0.000,0.000,0.000,0.000,0.905,0.000,0.000,6.775,0.000,0.000,0.000,0.000,0.000,1.511,0.000,0.000,0.000,0.000,0.000,0.000,1.511,0.000,0.000,0.000,0.000,0.000,0.000,0.000,0.000,0.000,0.000,0.000,0.000,0.000,0.000,0.000,0.000]
  Alt-Benders[1] (mw): LB=-0.412133, Z₀(α*)=-20.166319, intercept=-97.269137 (0.469s) [OMP=0.444 ISP-L=0.004 ISP-F=0.012 MW-L=0.009 MW-F=0.010]
  Alt-Benders[2] (mw): LB=-0.412133, Z₀(α*)=-20.166319, intercept=-97.269137 (0.516s) [OMP=0.469 ISP-L=0.004 ISP-F=0.012 MW-L=0.009 MW-F=0.010]
  Alt-Benders[3] (mw): LB=-0.412133, Z₀(α*)=-20.166319, intercept=-97.269137 (0.500s) [OMP=0.470 ISP-L=0.004 ISP-F=0.012 MW-L=0.009 MW-F=0.010]
  Alt-Benders[4]: LB stagnated, break
  OMP re-solve: 0.001s

=== True-DRO Benders iter 32 ===
  OMP: t₀=-0.412133, UB=16.224987, gap=1.03e+00, x=[0, 0, 0, 0, 0, 1, 1, 0, 0, 0, 0, 0, 0, 0, 0, 0, 0, 0, 0, 0, 0, 0, 0, 0, 0, 0, 0, 0, 0, 0, 0, 0, 0, 0, 0, 0, 0, 0] (0.001s)
  Sub: Z₀=12.193656 [LOCAL] (0.2s), α=[0.000,0.000,0.000,0.000,0.000,7.685,1.365,0.000,0.000,0.000,0.000,0.000,0.000,0.000,0.000,0.000,0.000,0.000,0.000,0.000,0.000,0.000,0.000,0.000,0.000,0.000,1.652,0.000,0.000,0.000,0.000,0.000,0.000,0.000,0.000,0.000,0.000,0.000]
  Iter 32: LB=-0.412133  UB=16.224987  gap=1.03e+00
  Cut: intercept=-1127.736550, π_x_range=[-827.8802, 571.6387]
  Mini-Benders[1] (mw): LB=-0.193712, Z₀(α*)=-3.491592, intercept=-56.796774 (0.484s) [OMP=0.459 ISP-L=0.004 ISP-F=0.011 MW-L=0.008 MW-F=0.011]
  Mini-Benders[2] (mw): LB=-0.193712, Z₀(α*)=-3.491592, intercept=-56.796774 (0.641s) [OMP=0.581 ISP-L=0.004 ISP-F=0.011 MW-L=0.019 MW-F=0.011]
  Mini-Benders[3] (mw): LB=-0.193712, Z₀(α*)=-3.491592, intercept=-56.796774 (0.640s) [OMP=0.610 ISP-L=0.004 ISP-F=0.011 MW-L=0.008 MW-F=0.011]
  Mini-Benders[4]: LB stagnated, break
  α-step: Z₀=16.787372, α=[0.000,0.000,0.000,0.000,0.000,3.837,1.643,0.000,5.222,0.000,0.000,0.000,0.000,0.000,0.000,0.000,0.000,0.000,0.000,0.000,0.000,0.000,0.000,0.000,0.000,0.000,0.000,0.000,0.000,0.000,0.000,0.000,0.000,0.000,0.000,0.000,0.000,0.000]
  Alt-Benders[1] (mw): LB=-0.017754, Z₀(α*)=-37.917750, intercept=-48.087056 (0.656s) [OMP=0.620 ISP-L=0.004 ISP-F=0.011 MW-L=0.008 MW-F=0.010]
  Alt-Benders[2] (mw): LB=-0.017754, Z₀(α*)=-37.917750, intercept=-48.087056 (0.532s) [OMP=0.500 ISP-L=0.004 ISP-F=0.011 MW-L=0.008 MW-F=0.010]
  Alt-Benders[3] (mw): LB=-0.017754, Z₀(α*)=-37.917750, intercept=-48.087056 (0.531s) [OMP=0.492 ISP-L=0.004 ISP-F=0.011 MW-L=0.008 MW-F=0.010]
  Alt-Benders[4]: LB stagnated, break
  OMP re-solve: 0.001s

=== True-DRO Benders iter 33 ===
  OMP: t₀=-0.017754, UB=16.224987, gap=1.00e+00, x=[0, 0, 0, 0, 0, 0, 0, 0, 0, 0, 0, 0, 0, 0, 0, 0, 0, 0, 0, 1, 0, 0, 0, 0, 0, 0, 0, 0, 0, 0, 0, 0, 0, 1, 0, 0, 0, 0] (0.001s)
  Sub: Z₀=15.791584 [LOCAL] (0.7s), α=[0.000,0.000,0.000,0.000,0.000,0.000,0.000,0.000,0.000,0.000,0.000,0.000,0.000,0.000,3.763,0.000,0.000,0.000,0.000,5.734,0.000,0.000,0.000,0.000,0.000,0.000,1.205,0.000,0.000,0.000,0.000,0.000,0.000,0.000,0.000,0.000,0.000,0.000]
  Iter 33: LB=-0.017754  UB=16.224987  gap=1.00e+00
  Cut: intercept=-1080.705903, π_x_range=[-828.3005, 555.7749]
  Mini-Benders[1] (mw): LB=0.200437, Z₀(α*)=-12.782129, intercept=-12.782131 (0.641s) [OMP=0.594 ISP-L=0.004 ISP-F=0.012 MW-L=0.008 MW-F=0.021]
  Mini-Benders[2] (mw): LB=0.200437, Z₀(α*)=-12.782129, intercept=-12.782131 (0.672s) [OMP=0.627 ISP-L=0.004 ISP-F=0.012 MW-L=0.008 MW-F=0.012]
  Mini-Benders[3] (mw): LB=0.200437, Z₀(α*)=-12.782129, intercept=-12.782131 (0.672s) [OMP=0.635 ISP-L=0.004 ISP-F=0.012 MW-L=0.008 MW-F=0.012]
  Mini-Benders[4]: LB stagnated, break
  α-step: Z₀=20.298699, α=[0.000,0.000,0.000,0.000,0.000,1.564,0.000,0.000,3.340,0.000,0.000,0.000,0.000,0.000,2.801,0.000,0.000,0.000,0.000,0.000,0.000,0.000,0.000,0.000,0.000,0.000,2.998,0.000,0.000,0.000,0.000,0.000,0.000,0.000,0.000,0.000,0.000,0.000]
  Alt-Benders[1] (mw): LB=0.223375, Z₀(α*)=0.246836, intercept=-34.902404 (0.610s) [OMP=0.567 ISP-L=0.004 ISP-F=0.012 MW-L=0.009 MW-F=0.011]
  Alt-Benders[2] (mw): LB=0.246835, Z₀(α*)=0.246836, intercept=-34.902404 (0.656s) [OMP=0.628 ISP-L=0.004 ISP-F=0.012 MW-L=0.009 MW-F=0.011]
  Alt-Benders[3] (mw): LB=0.246835, Z₀(α*)=0.246836, intercept=-34.902404 (0.703s) [OMP=0.654 ISP-L=0.004 ISP-F=0.012 MW-L=0.009 MW-F=0.011]
  Alt-Benders[4] (mw): LB=0.246835, Z₀(α*)=0.246836, intercept=-34.902404 (0.672s) [OMP=0.641 ISP-L=0.004 ISP-F=0.012 MW-L=0.009 MW-F=0.011]
  Alt-Benders[5]: LB stagnated, break
  OMP re-solve: 0.001s

=== True-DRO Benders iter 34 ===
  OMP: t₀=0.246835, UB=16.224987, gap=9.85e-01, x=[0, 0, 0, 0, 0, 0, 1, 0, 0, 0, 0, 0, 0, 0, 0, 0, 0, 0, 0, 0, 0, 0, 0, 0, 0, 0, 0, 0, 0, 0, 0, 0, 0, 1, 0, 0, 0, 0] (0.001s)
  Sub: Z₀=16.169647 [LOCAL] (0.2s), α=[0.000,0.000,0.000,0.000,0.000,0.786,5.810,0.000,3.139,0.000,0.000,0.000,0.000,0.000,0.000,0.000,0.000,0.000,0.000,0.000,0.000,0.000,0.000,0.000,0.000,0.000,0.967,0.000,0.000,0.000,0.000,0.000,0.000,0.000,0.000,0.000,0.000,0.000]
  Iter 34: LB=0.246835  UB=16.224987  gap=9.85e-01
  Cut: intercept=-1089.560854, π_x_range=[-827.9095, 553.4749]
  Mini-Benders[1] (mw): LB=0.660911, Z₀(α*)=1.272814, intercept=-36.319357 (0.719s) [OMP=0.683 ISP-L=0.004 ISP-F=0.012 MW-L=0.008 MW-F=0.011]
  Mini-Benders[2] (mw): LB=0.693048, Z₀(α*)=-17.862397, intercept=-23.694153 (0.515s) [OMP=0.479 ISP-L=0.004 ISP-F=0.011 MW-L=0.008 MW-F=0.010]
  Mini-Benders[3] (mw): LB=0.693048, Z₀(α*)=-17.862397, intercept=-23.694153 (0.625s) [OMP=0.600 ISP-L=0.004 ISP-F=0.011 MW-L=0.008 MW-F=0.010]
  Mini-Benders[4] (mw): LB=0.693048, Z₀(α*)=-17.862397, intercept=-23.694153 (0.641s) [OMP=0.597 ISP-L=0.004 ISP-F=0.011 MW-L=0.008 MW-F=0.010]
  Mini-Benders[5]: LB stagnated, break
  α-step: Z₀=16.436954, α=[0.000,0.000,0.000,0.000,0.000,3.500,0.000,0.000,6.827,0.000,0.000,0.000,0.000,0.000,0.000,0.000,0.000,0.000,0.000,0.000,0.000,0.000,0.000,0.000,0.000,0.000,0.375,0.000,0.000,0.000,0.000,0.000,0.000,0.000,0.000,0.000,0.000,0.000]
  Alt-Benders[1] (mw): LB=0.894839, Z₀(α*)=12.078262, intercept=-10.378763 (0.625s) [OMP=0.587 ISP-L=0.004 ISP-F=0.010 MW-L=0.009 MW-F=0.011]
  Alt-Benders[2] (mw): LB=1.106657, Z₀(α*)=7.308416, intercept=-20.539549 (0.546s) [OMP=0.501 ISP-L=0.004 ISP-F=0.010 MW-L=0.019 MW-F=0.012]
  Alt-Benders[3] (mw): LB=1.195715, Z₀(α*)=-22.746629, intercept=-77.297269 (0.641s) [OMP=0.608 ISP-L=0.004 ISP-F=0.012 MW-L=0.008 MW-F=0.011]
  Alt-Benders[4] (mw): LB=1.195715, Z₀(α*)=-22.746629, intercept=-77.297269 (0.594s) [OMP=0.561 ISP-L=0.004 ISP-F=0.012 MW-L=0.008 MW-F=0.011]
  Alt-Benders[5] (mw): LB=1.195715, Z₀(α*)=-22.746629, intercept=-77.297269 (0.609s) [OMP=0.568 ISP-L=0.004 ISP-F=0.012 MW-L=0.008 MW-F=0.011]
  OMP re-solve: 0.574s

=== True-DRO Benders iter 35 ===
  OMP: t₀=1.195715, UB=16.224987, gap=9.26e-01, x=[0, 0, 0, 0, 0, 0, 0, 0, 0, 0, 0, 0, 0, 0, 0, 0, 0, 0, 0, 0, 0, 0, 0, 0, 0, 0, 1, 0, 0, 0, 0, 1, 0, 0, 0, 0, 0, 0] (0.001s)
  Sub: Z₀=15.193379 [TIME_LIMIT] (15.1s), α=[0.000,0.000,0.000,0.000,0.000,0.000,0.000,0.000,0.023,0.000,0.000,0.000,0.000,0.000,0.021,0.000,0.000,0.000,0.000,0.000,0.000,0.000,0.000,0.000,0.000,0.000,5.942,0.000,0.000,0.000,0.000,4.715,0.000,0.000,0.000,0.000,0.000,0.000]
  Iter 35: LB=1.195715  UB=15.520505  gap=9.23e-01
  Cut: intercept=-81.315744, π_x_range=[-263.0000, 81.2630]
  Mini-Benders[1] (mw): LB=1.200284, Z₀(α*)=-8.337395, intercept=-32.480133 (0.625s) [OMP=0.592 ISP-L=0.004 ISP-F=0.012 MW-L=0.008 MW-F=0.010]
  Mini-Benders[2] (mw): LB=1.200284, Z₀(α*)=-8.337395, intercept=-32.480133 (0.609s) [OMP=0.576 ISP-L=0.004 ISP-F=0.012 MW-L=0.008 MW-F=0.010]
  Mini-Benders[3] (mw): LB=1.200284, Z₀(α*)=-8.337395, intercept=-32.480133 (0.641s) [OMP=0.578 ISP-L=0.006 ISP-F=0.017 MW-L=0.012 MW-F=0.028]
  Mini-Benders[4]: LB stagnated, break
  α-step: Z₀=18.846267, α=[0.000,0.000,0.000,0.000,0.000,1.564,0.000,0.000,3.340,0.000,0.000,0.000,0.000,0.000,2.801,0.000,0.000,0.000,0.000,0.000,0.000,0.000,0.000,0.000,0.000,0.000,2.998,0.000,0.000,0.000,0.000,0.000,0.000,0.000,0.000,0.000,0.000,0.000]
  Alt-Benders[1] (mw): LB=1.272812, Z₀(α*)=-2.609688, intercept=-49.430571 (0.593s) [OMP=0.553 ISP-L=0.004 ISP-F=0.012 MW-L=0.009 MW-F=0.012]
  Alt-Benders[2] (mw): LB=1.272812, Z₀(α*)=-2.609688, intercept=-49.430571 (0.672s) [OMP=0.638 ISP-L=0.004 ISP-F=0.011 MW-L=0.009 MW-F=0.012]
  Alt-Benders[3] (mw): LB=1.272812, Z₀(α*)=-2.609688, intercept=-49.430571 (0.688s) [OMP=0.640 ISP-L=0.005 ISP-F=0.013 MW-L=0.011 MW-F=0.015]
  Alt-Benders[4]: LB stagnated, break
  OMP re-solve: 0.001s

=== True-DRO Benders iter 36 ===
  OMP: t₀=1.272812, UB=15.520505, gap=9.18e-01, x=[0, 0, 0, 0, 0, 0, 1, 0, 0, 0, 0, 0, 0, 0, 1, 0, 0, 0, 0, 0, 0, 0, 0, 0, 0, 0, 0, 0, 0, 0, 0, 0, 0, 0, 0, 0, 0, 0] (0.001s)
  Sub: Z₀=15.241124 [LOCAL] (0.3s), α=[0.000,0.000,0.000,0.000,0.000,0.461,0.319,0.000,9.215,0.000,0.000,0.000,0.000,0.000,0.319,0.000,0.000,0.000,0.000,0.006,0.000,0.000,0.000,0.000,0.000,0.000,0.381,0.000,0.000,0.000,0.000,0.000,0.000,0.000,0.000,0.000,0.000,0.000]
  Iter 36: LB=1.272812  UB=15.520505  gap=9.18e-01
  Cut: intercept=-1122.970554, π_x_range=[-831.6485, 582.1880]
  Mini-Benders[1] (mw): LB=1.393427, Z₀(α*)=13.836255, intercept=-66.879033 (0.609s) [OMP=0.573 ISP-L=0.004 ISP-F=0.011 MW-L=0.009 MW-F=0.011]
  Mini-Benders[2] (mw): LB=1.668227, Z₀(α*)=9.570339, intercept=-83.984419 (0.625s) [OMP=0.585 ISP-L=0.004 ISP-F=0.011 MW-L=0.008 MW-F=0.011]
  Mini-Benders[3] (mw): LB=1.947894, Z₀(α*)=-12.903580, intercept=-91.847782 (0.688s) [OMP=0.647 ISP-L=0.004 ISP-F=0.011 MW-L=0.020 MW-F=0.011]
  Mini-Benders[4] (mw): LB=1.947894, Z₀(α*)=-12.903580, intercept=-91.847782 (0.640s) [OMP=0.593 ISP-L=0.004 ISP-F=0.011 MW-L=0.008 MW-F=0.011]
  Mini-Benders[5] (mw): LB=1.947894, Z₀(α*)=-12.903580, intercept=-91.847782 (0.610s) [OMP=0.584 ISP-L=0.004 ISP-F=0.011 MW-L=0.008 MW-F=0.011]
  α-step: Z₀=10.823820, α=[0.000,0.000,0.000,0.000,0.000,6.142,0.000,0.000,0.000,0.000,0.000,0.000,0.000,0.000,0.000,0.000,0.000,0.000,0.000,0.000,0.000,4.561,0.000,0.000,0.000,0.000,0.000,0.000,0.000,0.000,0.000,0.000,0.000,0.000,0.000,0.000,0.000,0.000]
  Alt-Benders[1] (mw): LB=1.981653, Z₀(α*)=-30.300547, intercept=-38.452799 (0.688s) [OMP=0.653 ISP-L=0.004 ISP-F=0.012 MW-L=0.008 MW-F=0.011]
  Alt-Benders[2] (mw): LB=1.981653, Z₀(α*)=-30.300547, intercept=-38.452799 (0.641s) [OMP=0.606 ISP-L=0.004 ISP-F=0.012 MW-L=0.008 MW-F=0.011]
  Alt-Benders[3] (mw): LB=1.981653, Z₀(α*)=-30.300547, intercept=-38.452799 (0.640s) [OMP=0.599 ISP-L=0.004 ISP-F=0.012 MW-L=0.008 MW-F=0.011]
  Alt-Benders[4]: LB stagnated, break
  OMP re-solve: 0.001s

=== True-DRO Benders iter 37 ===
  OMP: t₀=1.981653, UB=15.520505, gap=8.72e-01, x=[0, 0, 0, 0, 0, 0, 1, 0, 0, 0, 0, 0, 0, 0, 0, 0, 0, 0, 0, 0, 0, 0, 1, 0, 0, 0, 0, 0, 0, 0, 0, 0, 0, 0, 0, 0, 0, 0] (0.001s)
  Sub: Z₀=17.193172 [LOCAL] (0.2s), α=[0.000,0.000,0.000,0.000,0.000,0.811,5.667,0.000,3.211,0.000,0.000,0.000,0.000,0.000,0.000,0.000,0.000,0.000,0.000,0.000,0.000,0.000,0.000,0.000,0.000,0.000,1.014,0.000,0.000,0.000,0.000,0.000,0.000,0.000,0.000,0.000,0.000,0.000]
  Iter 37: LB=1.981653  UB=15.520505  gap=8.72e-01
  Cut: intercept=-1126.074460, π_x_range=[-831.4347, 579.1050]
  Mini-Benders[1] (mw): LB=2.076740, Z₀(α*)=-2.227444, intercept=-24.448738 (0.734s) [OMP=0.696 ISP-L=0.004 ISP-F=0.016 MW-L=0.011 MW-F=0.011]
  Mini-Benders[2] (mw): LB=2.076740, Z₀(α*)=-2.227444, intercept=-24.448738 (0.766s) [OMP=0.715 ISP-L=0.004 ISP-F=0.015 MW-L=0.010 MW-F=0.012]
  Mini-Benders[3] (mw): LB=2.076740, Z₀(α*)=-2.227444, intercept=-24.448738 (0.734s) [OMP=0.685 ISP-L=0.004 ISP-F=0.015 MW-L=0.011 MW-F=0.015]
  Mini-Benders[4]: LB stagnated, break
  α-step: Z₀=18.069230, α=[0.000,0.000,0.000,0.000,0.000,1.355,0.000,0.000,3.131,0.000,0.000,0.000,0.000,0.000,1.072,0.000,0.000,0.000,0.000,0.000,0.000,0.000,0.000,0.000,0.000,0.000,5.146,0.000,0.000,0.000,0.000,0.000,0.000,0.000,0.000,0.000,0.000,0.000]
  Alt-Benders[1] (mw): LB=2.619191, Z₀(α*)=-0.828667, intercept=-29.945293 (0.734s) [OMP=0.692 ISP-L=0.004 ISP-F=0.013 MW-L=0.010 MW-F=0.012]
  Alt-Benders[2] (mw): LB=2.619191, Z₀(α*)=-0.828667, intercept=-29.945293 (0.766s) [OMP=0.721 ISP-L=0.004 ISP-F=0.012 MW-L=0.009 MW-F=0.011]
  Alt-Benders[3] (mw): LB=2.619191, Z₀(α*)=-0.828667, intercept=-29.945293 (0.703s) [OMP=0.655 ISP-L=0.004 ISP-F=0.013 MW-L=0.010 MW-F=0.029]
  Alt-Benders[4]: LB stagnated, break
  OMP re-solve: 0.001s

=== True-DRO Benders iter 38 ===
  OMP: t₀=2.619191, UB=15.520505, gap=8.31e-01, x=[0, 0, 0, 0, 0, 0, 1, 0, 0, 0, 0, 0, 0, 0, 0, 0, 0, 0, 1, 0, 0, 0, 0, 0, 0, 0, 0, 0, 0, 0, 0, 0, 0, 0, 0, 0, 0, 0] (0.001s)
  Sub: Z₀=17.367128 [LOCAL] (0.2s), α=[0.000,0.000,0.000,0.000,0.000,1.208,3.603,0.000,4.242,0.000,0.000,0.000,0.000,0.000,0.000,0.000,0.000,0.000,0.000,0.000,0.000,0.000,0.000,0.000,0.000,0.000,1.649,0.000,0.000,0.000,0.000,0.000,0.000,0.000,0.000,0.000,0.000,0.000]
  Iter 38: LB=2.619191  UB=15.520505  gap=8.31e-01
  Cut: intercept=-1104.306336, π_x_range=[-833.1947, 567.6120]
  Mini-Benders[1] (mw): LB=2.768328, Z₀(α*)=-39.611773, intercept=-64.757580 (0.688s) [OMP=0.656 ISP-L=0.004 ISP-F=0.012 MW-L=0.009 MW-F=0.013]
  Mini-Benders[2] (mw): LB=2.768328, Z₀(α*)=-39.611773, intercept=-64.757580 (0.656s) [OMP=0.606 ISP-L=0.004 ISP-F=0.012 MW-L=0.010 MW-F=0.012]
  Mini-Benders[3] (mw): LB=2.768328, Z₀(α*)=-39.611773, intercept=-64.757580 (0.625s) [OMP=0.588 ISP-L=0.005 ISP-F=0.014 MW-L=0.011 MW-F=0.015]
  Mini-Benders[4]: LB stagnated, break
  α-step: Z₀=15.985634, α=[0.000,0.000,0.000,0.000,0.000,0.000,0.000,0.000,0.000,0.000,0.000,0.000,0.000,0.000,2.254,0.000,0.000,0.000,0.000,6.906,0.000,0.000,0.000,0.000,0.000,0.000,1.542,0.000,0.000,0.000,0.000,0.000,0.000,0.000,0.000,0.000,0.000,0.000]
  Alt-Benders[1] (mw): LB=2.840957, Z₀(α*)=-21.092079, intercept=-67.188595 (0.594s) [OMP=0.553 ISP-L=0.004 ISP-F=0.014 MW-L=0.013 MW-F=0.015]
  Alt-Benders[2] (mw): LB=2.840957, Z₀(α*)=-21.092079, intercept=-67.188595 (1.047s) [OMP=0.943 ISP-L=0.010 ISP-F=0.022 MW-L=0.026 MW-F=0.031]
  Alt-Benders[3] (mw): LB=2.840957, Z₀(α*)=-21.092079, intercept=-67.188595 (0.906s) [OMP=0.865 ISP-L=0.004 ISP-F=0.011 MW-L=0.020 MW-F=0.011]
  Alt-Benders[4]: LB stagnated, break
  OMP re-solve: 0.001s

=== True-DRO Benders iter 39 ===
  OMP: t₀=2.840957, UB=15.520505, gap=8.17e-01, x=[0, 0, 0, 0, 0, 1, 0, 0, 0, 0, 0, 0, 0, 0, 1, 0, 0, 0, 0, 0, 0, 0, 0, 0, 0, 0, 0, 0, 0, 0, 0, 0, 0, 0, 0, 0, 0, 0] (0.001s)
  Sub: Z₀=13.250604 [LOCAL] (0.2s), α=[0.000,0.000,0.000,0.000,0.000,6.980,0.000,0.000,1.052,0.000,0.000,0.000,0.000,0.000,2.254,0.000,0.000,0.000,0.000,0.000,0.000,0.000,0.000,0.000,0.000,0.000,0.417,0.000,0.000,0.000,0.000,0.000,0.000,0.000,0.000,0.000,0.000,0.000]
  Iter 39: LB=2.840957  UB=15.520505  gap=8.17e-01
  Cut: intercept=-1144.866800, π_x_range=[-828.1423, 586.7692]
  Mini-Benders[1] (mw): LB=2.941627, Z₀(α*)=-28.154755, intercept=-42.386664 (0.719s) [OMP=0.680 ISP-L=0.004 ISP-F=0.012 MW-L=0.009 MW-F=0.011]
  Mini-Benders[2] (mw): LB=2.941627, Z₀(α*)=-28.154755, intercept=-42.386664 (0.719s) [OMP=0.682 ISP-L=0.004 ISP-F=0.013 MW-L=0.010 MW-F=0.011]
  Mini-Benders[3] (mw): LB=2.941627, Z₀(α*)=-28.154755, intercept=-42.386664 (0.734s) [OMP=0.689 ISP-L=0.005 ISP-F=0.015 MW-L=0.010 MW-F=0.013]
  Mini-Benders[4]: LB stagnated, break
  α-step: Z₀=17.145073, α=[0.000,0.000,0.000,0.000,0.000,0.276,2.341,0.000,5.505,0.000,0.000,0.000,0.000,0.000,0.000,0.000,0.000,0.000,0.000,0.000,0.000,0.000,0.000,0.000,0.000,0.000,2.581,0.000,0.000,0.000,0.000,0.000,0.000,0.000,0.000,0.000,0.000,0.000]
  Alt-Benders[1] (mw): LB=3.307588, Z₀(α*)=-20.497165, intercept=-40.706256 (0.703s) [OMP=0.653 ISP-L=0.006 ISP-F=0.016 MW-L=0.012 MW-F=0.015]
  Alt-Benders[2] (mw): LB=3.307588, Z₀(α*)=-20.497165, intercept=-40.706256 (0.735s) [OMP=0.678 ISP-L=0.004 ISP-F=0.012 MW-L=0.025 MW-F=0.012]
  Alt-Benders[3] (mw): LB=3.307588, Z₀(α*)=-20.497165, intercept=-40.706256 (0.734s) [OMP=0.689 ISP-L=0.004 ISP-F=0.013 MW-L=0.011 MW-F=0.011]
  Alt-Benders[4]: LB stagnated, break
  OMP re-solve: 0.001s

=== True-DRO Benders iter 40 ===
  OMP: t₀=3.307588, UB=15.520505, gap=7.87e-01, x=[0, 0, 0, 0, 0, 1, 0, 0, 0, 0, 0, 0, 0, 0, 0, 0, 0, 0, 1, 0, 0, 0, 0, 0, 0, 0, 0, 0, 0, 0, 0, 0, 0, 0, 0, 0, 0, 0] (0.001s)
  Sub: Z₀=15.075347 [TIME_LIMIT] (15.1s), α=[0.000,0.000,0.000,0.000,0.000,8.445,0.000,0.000,0.000,0.000,0.000,0.000,0.000,0.000,1.072,0.000,0.000,0.000,0.000,0.000,0.000,0.000,0.000,0.000,0.000,0.000,1.186,0.000,0.000,0.000,0.000,0.000,0.000,0.000,0.000,0.000,0.000,0.000]
  Iter 40: LB=3.307588  UB=15.226052  gap=7.83e-01
  Cut: intercept=-49.189774, π_x_range=[-160.2644, 64.2651]
  Mini-Benders[1] (mw): LB=3.377833, Z₀(α*)=5.291266, intercept=-102.660954 (0.672s) [OMP=0.626 ISP-L=0.005 ISP-F=0.015 MW-L=0.009 MW-F=0.013]
  Mini-Benders[2] (mw): LB=3.655478, Z₀(α*)=-4.934380, intercept=-50.505925 (0.719s) [OMP=0.683 ISP-L=0.004 ISP-F=0.012 MW-L=0.008 MW-F=0.013]
  Mini-Benders[3] (mw): LB=3.655478, Z₀(α*)=-4.934380, intercept=-50.505925 (0.687s) [OMP=0.651 ISP-L=0.004 ISP-F=0.012 MW-L=0.008 MW-F=0.013]
  Mini-Benders[4] (mw): LB=3.655478, Z₀(α*)=-4.934380, intercept=-50.505925 (0.719s) [OMP=0.671 ISP-L=0.004 ISP-F=0.012 MW-L=0.008 MW-F=0.013]
  Mini-Benders[5]: LB stagnated, break
  α-step: Z₀=18.949009, α=[0.000,0.000,0.000,0.000,0.000,4.489,0.000,0.000,4.796,0.000,0.000,0.000,0.000,0.000,1.072,0.000,0.000,0.000,0.000,0.000,0.000,0.000,0.000,0.000,0.000,0.000,0.346,0.000,0.000,0.000,0.000,0.000,0.000,0.000,0.000,0.000,0.000,0.000]
  Alt-Benders[1] (mw): LB=3.868946, Z₀(α*)=20.063034, intercept=16.640046 (0.734s) [OMP=0.688 ISP-L=0.004 ISP-F=0.012 MW-L=0.009 MW-F=0.017]
  Alt-Benders[2] (mw): LB=3.936730, Z₀(α*)=11.051305, intercept=-48.481357 (0.656s) [OMP=0.624 ISP-L=0.004 ISP-F=0.013 MW-L=0.009 MW-F=0.013]
  Alt-Benders[3] (mw): LB=3.968309, Z₀(α*)=9.749148, intercept=-29.861454 (0.656s) [OMP=0.620 ISP-L=0.004 ISP-F=0.012 MW-L=0.009 MW-F=0.012]
  Alt-Benders[4] (mw): LB=3.968309, Z₀(α*)=6.624688, intercept=-29.861449 (0.610s) [OMP=0.575 ISP-L=0.004 ISP-F=0.011 MW-L=0.009 MW-F=0.011]
  Alt-Benders[5] (mw): LB=3.981734, Z₀(α*)=-13.547571, intercept=-75.779668 (0.641s) [OMP=0.612 ISP-L=0.004 ISP-F=0.011 MW-L=0.009 MW-F=0.011]
  OMP re-solve: 0.624s

=== True-DRO Benders iter 41 ===
  OMP: t₀=3.981734, UB=15.226052, gap=7.38e-01, x=[0, 0, 0, 0, 0, 0, 0, 0, 0, 0, 0, 0, 0, 0, 0, 0, 0, 0, 0, 0, 0, 0, 0, 0, 1, 0, 1, 0, 0, 0, 0, 0, 0, 0, 0, 0, 0, 0] (0.001s)
  Sub: Z₀=14.566098 [LOCAL] (0.2s), α=[0.000,0.000,0.000,0.000,0.000,0.000,0.000,0.000,0.000,0.000,0.000,0.000,0.000,0.000,1.945,0.000,0.000,0.000,0.000,0.000,0.000,0.000,0.000,0.000,5.132,0.000,3.626,0.000,0.000,0.000,0.000,0.000,0.000,0.000,0.000,0.000,0.000,0.000]
  Iter 41: LB=3.981734  UB=15.226052  gap=7.38e-01
  Cut: intercept=-1131.565668, π_x_range=[-828.5027, 591.6911]
  Mini-Benders[1] (mw): LB=4.375146, Z₀(α*)=10.101977, intercept=-103.093243 (0.671s) [OMP=0.628 ISP-L=0.004 ISP-F=0.012 MW-L=0.009 MW-F=0.015]
  Mini-Benders[2] (mw): LB=4.642452, Z₀(α*)=1.710691, intercept=-33.043783 (0.703s) [OMP=0.642 ISP-L=0.006 ISP-F=0.016 MW-L=0.022 MW-F=0.014]
  Mini-Benders[3] (mw): LB=4.642452, Z₀(α*)=1.710691, intercept=-33.043783 (0.672s) [OMP=0.643 ISP-L=0.004 ISP-F=0.013 MW-L=0.008 MW-F=0.011]
  Mini-Benders[4] (mw): LB=4.642452, Z₀(α*)=1.710691, intercept=-33.043783 (0.688s) [OMP=0.649 ISP-L=0.004 ISP-F=0.012 MW-L=0.008 MW-F=0.011]
  Mini-Benders[5]: LB stagnated, break
  α-step: Z₀=18.846267, α=[0.000,0.000,0.000,0.000,0.000,1.564,0.000,0.000,3.340,0.000,0.000,0.000,0.000,0.000,2.801,0.000,0.000,0.000,0.000,0.000,0.000,0.000,0.000,0.000,0.000,0.000,2.998,0.000,0.000,0.000,0.000,0.000,0.000,0.000,0.000,0.000,0.000,0.000]
  Alt-Benders[1] (mw): LB=4.885640, Z₀(α*)=0.097758, intercept=-40.738444 (0.609s) [OMP=0.571 ISP-L=0.004 ISP-F=0.010 MW-L=0.009 MW-F=0.012]
  Alt-Benders[2] (mw): LB=4.885640, Z₀(α*)=0.097758, intercept=-40.738444 (0.703s) [OMP=0.668 ISP-L=0.004 ISP-F=0.010 MW-L=0.009 MW-F=0.012]
  Alt-Benders[3] (mw): LB=4.885640, Z₀(α*)=0.097758, intercept=-40.738444 (0.703s) [OMP=0.655 ISP-L=0.004 ISP-F=0.010 MW-L=0.008 MW-F=0.012]
  Alt-Benders[4]: LB stagnated, break
  OMP re-solve: 0.001s

=== True-DRO Benders iter 42 ===
  OMP: t₀=4.885640, UB=15.226052, gap=6.79e-01, x=[0, 0, 0, 0, 0, 0, 0, 0, 0, 0, 0, 0, 0, 0, 0, 0, 0, 0, 0, 0, 0, 1, 0, 0, 0, 0, 0, 0, 0, 0, 0, 0, 0, 1, 0, 0, 0, 0] (0.001s)
  Sub: Z₀=16.154942 [LOCAL] (0.3s), α=[0.000,0.000,0.000,0.000,0.000,0.779,0.000,0.000,3.232,0.000,0.000,0.000,0.000,0.000,0.000,0.000,0.000,0.000,0.000,0.000,0.000,5.810,0.000,0.000,0.000,0.000,0.881,0.000,0.000,0.000,0.000,0.000,0.000,0.000,0.000,0.000,0.000,0.000]
  Iter 42: LB=4.885640  UB=15.226052  gap=6.79e-01
  Cut: intercept=-1099.552867, π_x_range=[-827.8199, 562.0693]
  Mini-Benders[1] (mw): LB=4.975284, Z₀(α*)=-20.850159, intercept=-130.952937 (0.625s) [OMP=0.589 ISP-L=0.004 ISP-F=0.013 MW-L=0.009 MW-F=0.012]
  Mini-Benders[2] (mw): LB=4.975284, Z₀(α*)=-20.850159, intercept=-130.952937 (0.594s) [OMP=0.563 ISP-L=0.004 ISP-F=0.013 MW-L=0.008 MW-F=0.012]
  Mini-Benders[3] (mw): LB=4.975284, Z₀(α*)=-20.850159, intercept=-130.952937 (0.609s) [OMP=0.571 ISP-L=0.004 ISP-F=0.013 MW-L=0.009 MW-F=0.012]
  Mini-Benders[4]: LB stagnated, break
  α-step: Z₀=12.571446, α=[0.000,0.000,0.000,0.000,0.000,0.000,0.000,0.000,0.000,0.000,0.000,0.000,0.000,0.000,1.816,0.000,0.000,0.000,0.000,0.000,0.000,0.000,0.000,0.000,3.086,0.000,2.715,0.000,0.000,0.000,0.000,3.086,0.000,0.000,0.000,0.000,0.000,0.000]
  Alt-Benders[1] (mw): LB=4.982588, Z₀(α*)=-4.352836, intercept=-124.897075 (0.719s) [OMP=0.667 ISP-L=0.004 ISP-F=0.013 MW-L=0.009 MW-F=0.012]
  Alt-Benders[2] (mw): LB=4.982588, Z₀(α*)=-4.352836, intercept=-124.897075 (0.563s) [OMP=0.532 ISP-L=0.004 ISP-F=0.012 MW-L=0.009 MW-F=0.011]
  Alt-Benders[3] (mw): LB=4.982588, Z₀(α*)=-4.352836, intercept=-124.897075 (0.578s) [OMP=0.530 ISP-L=0.004 ISP-F=0.012 MW-L=0.009 MW-F=0.022]
  Alt-Benders[4]: LB stagnated, break
  OMP re-solve: 0.001s

=== True-DRO Benders iter 43 ===
  OMP: t₀=4.982588, UB=15.226052, gap=6.73e-01, x=[0, 0, 0, 0, 0, 0, 0, 0, 1, 0, 0, 0, 0, 0, 0, 0, 0, 0, 0, 0, 0, 0, 0, 0, 0, 0, 0, 0, 0, 0, 0, 1, 0, 0, 0, 0, 0, 0] (0.001s)
  Sub: Z₀=13.147524 [LOCAL] (0.2s), α=[0.000,0.000,0.000,0.000,0.000,0.000,0.000,0.000,5.469,0.000,0.000,0.000,0.000,0.000,0.060,0.000,0.000,0.000,0.000,0.000,0.000,0.000,0.000,0.000,0.000,0.000,3.606,0.000,0.000,0.000,0.000,1.567,0.000,0.000,0.000,0.000,0.000,0.000]
  Iter 43: LB=4.982588  UB=15.226052  gap=6.73e-01
  Cut: intercept=-1130.538231, π_x_range=[-822.4057, 585.5892]
  Mini-Benders[1] (mw): LB=5.087395, Z₀(α*)=2.087396, intercept=-42.443371 (0.718s) [OMP=0.685 ISP-L=0.004 ISP-F=0.012 MW-L=0.008 MW-F=0.011]
  Mini-Benders[2] (mw): LB=5.087395, Z₀(α*)=2.087396, intercept=-42.443371 (0.704s) [OMP=0.670 ISP-L=0.004 ISP-F=0.012 MW-L=0.008 MW-F=0.011]
  Mini-Benders[3] (mw): LB=5.087395, Z₀(α*)=2.087396, intercept=-42.443371 (0.671s) [OMP=0.635 ISP-L=0.004 ISP-F=0.012 MW-L=0.008 MW-F=0.012]
  Mini-Benders[4]: LB stagnated, break
  α-step: Z₀=16.267908, α=[0.000,0.000,0.000,0.000,0.000,2.318,0.000,0.000,3.884,0.000,0.000,0.000,0.000,0.000,0.000,0.000,0.000,0.000,0.000,0.000,0.000,4.125,0.000,0.000,0.000,0.000,0.375,0.000,0.000,0.000,0.000,0.000,0.000,0.000,0.000,0.000,0.000,0.000]
  Alt-Benders[1] (mw): LB=5.291264, Z₀(α*)=-1.879403, intercept=-50.996629 (0.703s) [OMP=0.653 ISP-L=0.005 ISP-F=0.015 MW-L=0.010 MW-F=0.013]
  Alt-Benders[2] (mw): LB=5.291264, Z₀(α*)=-1.879403, intercept=-50.996629 (1.109s) [OMP=1.077 ISP-L=0.004 ISP-F=0.012 MW-L=0.008 MW-F=0.011]
  Alt-Benders[3] (mw): LB=5.291264, Z₀(α*)=-1.879403, intercept=-50.996629 (1.141s) [OMP=1.091 ISP-L=0.004 ISP-F=0.012 MW-L=0.020 MW-F=0.010]
  Alt-Benders[4]: LB stagnated, break
  OMP re-solve: 0.000s

=== True-DRO Benders iter 44 ===
  OMP: t₀=5.291264, UB=15.226052, gap=6.52e-01, x=[0, 0, 0, 0, 1, 0, 0, 0, 0, 0, 0, 0, 0, 0, 0, 0, 0, 0, 0, 0, 0, 0, 0, 0, 0, 0, 0, 0, 0, 0, 0, 0, 1, 0, 0, 0, 0, 0] (0.000s)
  Sub: Z₀=16.805053 [LOCAL] (0.2s), α=[0.000,0.000,0.000,0.000,0.000,0.109,0.000,0.000,1.676,0.000,0.000,0.000,0.000,0.000,0.569,0.000,0.000,0.000,0.000,0.000,0.000,0.000,0.000,0.000,0.000,0.000,1.104,0.000,0.000,0.000,0.000,0.000,7.108,0.137,0.000,0.000,0.000,0.000]
  Iter 44: LB=5.291264  UB=15.226052  gap=6.52e-01
  Cut: intercept=-1079.912153, π_x_range=[-829.3693, 556.5643]
  Mini-Benders[1] (mw): LB=5.426050, Z₀(α*)=-15.554759, intercept=-37.150181 (0.687s) [OMP=0.648 ISP-L=0.004 ISP-F=0.012 MW-L=0.008 MW-F=0.013]
  Mini-Benders[2] (mw): LB=5.426050, Z₀(α*)=-15.554759, intercept=-37.150181 (0.672s) [OMP=0.625 ISP-L=0.004 ISP-F=0.012 MW-L=0.009 MW-F=0.013]
  Mini-Benders[3] (mw): LB=5.426050, Z₀(α*)=-15.554759, intercept=-37.150181 (0.672s) [OMP=0.640 ISP-L=0.004 ISP-F=0.012 MW-L=0.009 MW-F=0.013]
  Mini-Benders[4]: LB stagnated, break
  α-step: Z₀=19.934214, α=[0.000,0.000,0.000,0.000,0.000,5.109,0.000,0.000,3.950,0.000,0.000,0.000,0.000,0.000,1.458,0.000,0.000,0.000,0.000,0.000,0.000,0.000,0.000,0.000,0.000,0.000,0.186,0.000,0.000,0.000,0.000,0.000,0.000,0.000,0.000,0.000,0.000,0.000]
  Alt-Benders[1] (mw): LB=5.634510, Z₀(α*)=4.710946, intercept=-23.563173 (0.844s) [OMP=0.800 ISP-L=0.005 ISP-F=0.011 MW-L=0.009 MW-F=0.012]
  Alt-Benders[2] (mw): LB=5.634510, Z₀(α*)=4.710946, intercept=-23.563173 (0.703s) [OMP=0.664 ISP-L=0.004 ISP-F=0.011 MW-L=0.008 MW-F=0.022]
  Alt-Benders[3] (mw): LB=5.634510, Z₀(α*)=4.710946, intercept=-23.563173 (0.719s) [OMP=0.673 ISP-L=0.004 ISP-F=0.011 MW-L=0.008 MW-F=0.011]
  Alt-Benders[4]: LB stagnated, break
  OMP re-solve: 0.001s

=== True-DRO Benders iter 45 ===
  OMP: t₀=5.634510, UB=15.226052, gap=6.30e-01, x=[0, 0, 0, 0, 0, 0, 0, 0, 0, 0, 0, 0, 1, 0, 0, 0, 0, 0, 0, 0, 0, 1, 0, 0, 0, 0, 0, 0, 0, 0, 0, 0, 0, 0, 0, 0, 0, 0] (0.001s)
  Sub: Z₀=16.839485 [TIME_LIMIT] (15.1s), α=[0.000,0.000,0.000,0.000,0.000,0.626,0.000,0.000,2.870,0.000,0.000,0.000,0.000,0.000,0.000,0.000,0.000,0.000,0.000,0.000,0.000,6.348,0.000,0.000,0.000,0.000,0.858,0.000,0.000,0.000,0.000,0.000,0.000,0.000,0.000,0.000,0.000,0.000]
  Iter 45: LB=5.634510  UB=15.226052  gap=6.30e-01
  Cut: intercept=-26.680344, π_x_range=[-267.0000, 37.4408]
  Mini-Benders[1] (mw): LB=5.693705, Z₀(α*)=16.839485, intercept=-19.266267 (0.687s) [OMP=0.638 ISP-L=0.004 ISP-F=0.013 MW-L=0.008 MW-F=0.018]
  Mini-Benders[2] (mw): LB=6.255064, Z₀(α*)=-9.578829, intercept=-82.727091 (0.688s) [OMP=0.655 ISP-L=0.003 ISP-F=0.012 MW-L=0.006 MW-F=0.012]
  Mini-Benders[3] (mw): LB=6.255064, Z₀(α*)=-9.578829, intercept=-82.727091 (0.640s) [OMP=0.612 ISP-L=0.004 ISP-F=0.012 MW-L=0.008 MW-F=0.012]
  Mini-Benders[4] (mw): LB=6.255064, Z₀(α*)=-9.578829, intercept=-82.727091 (0.657s) [OMP=0.616 ISP-L=0.004 ISP-F=0.012 MW-L=0.008 MW-F=0.013]
  Mini-Benders[5]: LB stagnated, break
  α-step: Z₀=14.233531, α=[0.000,0.000,0.000,0.000,0.000,1.158,3.603,0.000,2.919,0.000,0.000,0.000,0.000,0.000,0.000,0.000,0.000,0.000,0.000,0.000,0.000,0.000,0.000,0.000,0.000,0.000,0.375,0.000,0.000,0.000,0.000,0.000,2.647,0.000,0.000,0.000,0.000,0.000]
  Alt-Benders[1] (mw): LB=6.268750, Z₀(α*)=-16.729761, intercept=-38.275788 (0.594s) [OMP=0.561 ISP-L=0.004 ISP-F=0.012 MW-L=0.008 MW-F=0.012]
  Alt-Benders[2] (mw): LB=6.268750, Z₀(α*)=-16.729761, intercept=-38.275788 (0.718s) [OMP=0.681 ISP-L=0.004 ISP-F=0.012 MW-L=0.008 MW-F=0.012]
  Alt-Benders[3] (mw): LB=6.268750, Z₀(α*)=-16.729761, intercept=-38.275788 (0.735s) [OMP=0.684 ISP-L=0.004 ISP-F=0.012 MW-L=0.008 MW-F=0.012]
  Alt-Benders[4]: LB stagnated, break
  OMP re-solve: 0.001s

=== True-DRO Benders iter 46 ===
  OMP: t₀=6.268750, UB=15.226052, gap=5.88e-01, x=[0, 0, 0, 0, 1, 0, 0, 0, 0, 0, 0, 0, 0, 0, 1, 0, 0, 0, 0, 0, 0, 0, 0, 0, 0, 0, 0, 0, 0, 0, 0, 0, 0, 0, 0, 0, 0, 0] (0.001s)
  Sub: Z₀=16.939450 [LOCAL] (0.2s), α=[0.000,0.000,0.000,0.000,0.000,0.742,0.000,0.000,2.519,0.000,0.000,0.000,0.000,0.000,6.523,0.000,0.000,0.000,0.000,0.000,0.000,0.000,0.000,0.000,0.000,0.000,0.918,0.000,0.000,0.000,0.000,0.000,0.000,0.000,0.000,0.000,0.000,0.000]
  Iter 46: LB=6.268750  UB=15.226052  gap=5.88e-01
  Cut: intercept=-1134.048347, π_x_range=[-830.5071, 586.3520]
  Mini-Benders[1] (mw): LB=6.624686, Z₀(α*)=-12.417218, intercept=-22.463683 (0.703s) [OMP=0.670 ISP-L=0.004 ISP-F=0.012 MW-L=0.009 MW-F=0.012]
  Mini-Benders[2] (mw): LB=6.624686, Z₀(α*)=-12.417218, intercept=-22.463683 (0.719s) [OMP=0.682 ISP-L=0.004 ISP-F=0.012 MW-L=0.009 MW-F=0.011]
  Mini-Benders[3] (mw): LB=6.624686, Z₀(α*)=-12.417218, intercept=-22.463683 (0.718s) [OMP=0.682 ISP-L=0.004 ISP-F=0.012 MW-L=0.009 MW-F=0.012]
  Mini-Benders[4]: LB stagnated, break
  α-step: Z₀=17.352019, α=[0.000,0.000,0.000,0.000,0.000,2.108,3.603,0.000,4.242,0.000,0.000,0.000,0.000,0.000,0.000,0.000,0.000,0.000,0.000,0.000,0.000,0.000,0.000,0.000,0.000,0.000,0.749,0.000,0.000,0.000,0.000,0.000,0.000,0.000,0.000,0.000,0.000,0.000]
  Alt-Benders[1] (mw): LB=6.651203, Z₀(α*)=5.048044, intercept=-20.724813 (0.703s) [OMP=0.675 ISP-L=0.004 ISP-F=0.012 MW-L=0.008 MW-F=0.011]
  Alt-Benders[2] (mw): LB=6.651203, Z₀(α*)=5.048044, intercept=-20.724813 (0.719s) [OMP=0.672 ISP-L=0.004 ISP-F=0.012 MW-L=0.008 MW-F=0.011]
  Alt-Benders[3] (mw): LB=6.651203, Z₀(α*)=5.048044, intercept=-20.724813 (0.718s) [OMP=0.684 ISP-L=0.004 ISP-F=0.012 MW-L=0.008 MW-F=0.011]
  Alt-Benders[4]: LB stagnated, break
  OMP re-solve: 0.001s

=== True-DRO Benders iter 47 ===
  OMP: t₀=6.651203, UB=15.226052, gap=5.63e-01, x=[0, 0, 1, 0, 0, 0, 0, 0, 0, 0, 0, 0, 0, 0, 0, 0, 1, 0, 0, 0, 0, 0, 0, 0, 0, 0, 0, 0, 0, 0, 0, 0, 0, 0, 0, 0, 0, 0] (0.001s)
  Sub: Z₀=20.552798 [LOCAL] (0.2s), α=[0.000,0.000,0.000,0.000,0.000,2.411,0.000,0.000,3.884,0.000,0.000,0.000,0.000,0.000,1.754,0.000,0.000,0.000,0.000,0.000,0.000,0.000,0.000,0.000,0.000,0.000,2.653,0.000,0.000,0.000,0.000,0.000,0.000,0.000,0.000,0.000,0.000,0.000]
  Iter 47: LB=6.651203  UB=15.226052  gap=5.63e-01
  Cut: intercept=-1129.452474, π_x_range=[-831.6568, 590.3546]
  Mini-Benders[1] (mw): LB=6.882959, Z₀(α*)=-8.222883, intercept=-64.194580 (0.829s) [OMP=0.795 ISP-L=0.004 ISP-F=0.012 MW-L=0.008 MW-F=0.013]
  Mini-Benders[2] (mw): LB=6.882959, Z₀(α*)=-8.222883, intercept=-64.194580 (0.718s) [OMP=0.683 ISP-L=0.004 ISP-F=0.012 MW-L=0.008 MW-F=0.013]
  Mini-Benders[3] (mw): LB=6.882959, Z₀(α*)=-8.222883, intercept=-64.194580 (0.750s) [OMP=0.692 ISP-L=0.004 ISP-F=0.012 MW-L=0.008 MW-F=0.023]
  Mini-Benders[4]: LB stagnated, break
  α-step: Z₀=15.101357, α=[0.000,0.000,0.000,0.000,0.000,0.000,0.000,0.000,1.567,0.000,0.000,0.000,0.000,0.000,1.816,0.000,0.000,0.000,0.000,0.000,0.000,0.000,0.000,0.000,6.633,0.000,0.687,0.000,0.000,0.000,0.000,0.000,0.000,0.000,0.000,0.000,0.000,0.000]
  Alt-Benders[1] (mw): LB=6.894628, Z₀(α*)=-16.147197, intercept=-75.237153 (0.703s) [OMP=0.674 ISP-L=0.004 ISP-F=0.011 MW-L=0.009 MW-F=0.012]
  Alt-Benders[2] (mw): LB=6.894628, Z₀(α*)=-16.147197, intercept=-75.237153 (0.657s) [OMP=0.610 ISP-L=0.004 ISP-F=0.011 MW-L=0.009 MW-F=0.012]
  Alt-Benders[3] (mw): LB=6.894628, Z₀(α*)=-16.147197, intercept=-75.237153 (0.640s) [OMP=0.604 ISP-L=0.004 ISP-F=0.011 MW-L=0.009 MW-F=0.012]
  Alt-Benders[4]: LB stagnated, break
  OMP re-solve: 0.001s

=== True-DRO Benders iter 48 ===
  OMP: t₀=6.894628, UB=15.226052, gap=5.47e-01, x=[0, 0, 0, 0, 0, 0, 0, 0, 0, 0, 0, 0, 0, 0, 0, 0, 0, 0, 0, 0, 0, 1, 0, 0, 0, 0, 0, 0, 0, 0, 0, 0, 1, 0, 0, 0, 0, 0] (0.001s)
  Sub: Z₀=14.273642 [LOCAL] (0.2s), α=[0.000,0.000,0.000,0.000,0.000,0.000,0.000,0.000,2.336,0.000,0.000,0.000,0.000,0.000,0.000,0.000,0.000,0.000,0.000,0.000,0.000,4.602,0.000,0.000,0.000,0.000,0.000,0.000,0.000,0.000,0.000,0.000,3.726,0.039,0.000,0.000,0.000,0.000]
  Iter 48: LB=6.894628  UB=15.226052  gap=5.47e-01
  Cut: intercept=-1102.349685, π_x_range=[-829.3517, 570.0157]
  Mini-Benders[1] (mw): LB=7.063688, Z₀(α*)=-18.694669, intercept=-35.487873 (0.765s) [OMP=0.722 ISP-L=0.004 ISP-F=0.011 MW-L=0.008 MW-F=0.011]
  Mini-Benders[2] (mw): LB=7.063688, Z₀(α*)=-18.694669, intercept=-35.487873 (0.735s) [OMP=0.704 ISP-L=0.004 ISP-F=0.011 MW-L=0.009 MW-F=0.011]
  Mini-Benders[3] (mw): LB=7.063688, Z₀(α*)=-18.694669, intercept=-35.487873 (0.765s) [OMP=0.722 ISP-L=0.004 ISP-F=0.011 MW-L=0.019 MW-F=0.011]
  Mini-Benders[4]: LB stagnated, break
  α-step: Z₀=17.352019, α=[0.000,0.000,0.000,0.000,0.000,1.185,3.603,0.000,4.242,0.000,0.000,0.000,0.000,0.000,0.000,0.000,0.000,0.000,0.000,0.000,0.000,0.000,0.000,0.000,0.000,0.000,1.672,0.000,0.000,0.000,0.000,0.000,0.000,0.000,0.000,0.000,0.000,0.000]
  Alt-Benders[1] (mw): LB=7.308415, Z₀(α*)=-3.879089, intercept=-24.783579 (0.782s) [OMP=0.742 ISP-L=0.004 ISP-F=0.011 MW-L=0.009 MW-F=0.013]
  Alt-Benders[2] (mw): LB=7.308415, Z₀(α*)=-3.879089, intercept=-24.783579 (1.406s) [OMP=1.373 ISP-L=0.004 ISP-F=0.011 MW-L=0.009 MW-F=0.012]
  Alt-Benders[3] (mw): LB=7.308415, Z₀(α*)=-3.879089, intercept=-24.783579 (1.422s) [OMP=1.383 ISP-L=0.004 ISP-F=0.011 MW-L=0.009 MW-F=0.012]
  Alt-Benders[4]: LB stagnated, break
  OMP re-solve: 0.001s

=== True-DRO Benders iter 49 ===
  OMP: t₀=7.308415, UB=15.226052, gap=5.20e-01, x=[0, 0, 0, 0, 0, 0, 0, 0, 0, 0, 0, 0, 0, 0, 1, 0, 0, 0, 0, 0, 0, 0, 0, 0, 0, 0, 0, 1, 0, 0, 0, 0, 0, 0, 0, 0, 0, 0] (0.001s)
  Sub: Z₀=16.328308 [LOCAL] (0.2s), α=[0.000,0.000,0.000,0.000,0.000,0.000,0.000,0.000,3.950,0.000,0.000,0.000,0.000,0.000,3.426,0.000,0.000,0.000,0.000,0.000,0.000,0.000,0.000,0.000,0.000,0.000,3.326,0.000,0.000,0.000,0.000,0.000,0.000,0.000,0.000,0.000,0.000,0.000]
  Iter 49: LB=7.308415  UB=15.226052  gap=5.20e-01
  Cut: intercept=-1153.050547, π_x_range=[-831.3762, 589.2050]
  Mini-Benders[1] (mw): LB=7.369867, Z₀(α*)=-3.721017, intercept=-12.660898 (0.766s) [OMP=0.719 ISP-L=0.004 ISP-F=0.012 MW-L=0.009 MW-F=0.011]
  Mini-Benders[2] (mw): LB=7.369867, Z₀(α*)=-3.721017, intercept=-12.660898 (0.812s) [OMP=0.768 ISP-L=0.004 ISP-F=0.012 MW-L=0.020 MW-F=0.011]
  Mini-Benders[3] (mw): LB=7.369867, Z₀(α*)=-3.721017, intercept=-12.660898 (0.781s) [OMP=0.747 ISP-L=0.004 ISP-F=0.013 MW-L=0.009 MW-F=0.011]
  Mini-Benders[4]: LB stagnated, break
  α-step: Z₀=18.251009, α=[0.000,0.000,0.000,0.000,0.000,0.542,0.000,0.000,3.961,0.000,0.000,0.000,0.000,0.000,0.266,0.000,0.000,0.000,0.000,0.000,0.000,0.000,0.000,0.000,0.000,0.000,5.933,0.000,0.000,0.000,0.000,0.000,0.000,0.000,0.000,0.000,0.000,0.000]
  Alt-Benders[1] (mw): LB=7.463375, Z₀(α*)=-29.098544, intercept=-106.600235 (0.812s) [OMP=0.774 ISP-L=0.004 ISP-F=0.010 MW-L=0.009 MW-F=0.012]
  Alt-Benders[2] (mw): LB=7.463375, Z₀(α*)=-29.098544, intercept=-106.600235 (0.672s) [OMP=0.633 ISP-L=0.004 ISP-F=0.010 MW-L=0.008 MW-F=0.012]
  Alt-Benders[3] (mw): LB=7.463375, Z₀(α*)=-29.098544, intercept=-106.600235 (0.656s) [OMP=0.623 ISP-L=0.004 ISP-F=0.010 MW-L=0.008 MW-F=0.012]
  Alt-Benders[4]: LB stagnated, break
  OMP re-solve: 0.001s

=== True-DRO Benders iter 50 ===
  OMP: t₀=7.463375, UB=15.226052, gap=5.10e-01, x=[0, 0, 0, 0, 0, 0, 0, 0, 0, 0, 0, 0, 0, 0, 0, 0, 0, 0, 0, 0, 0, 0, 0, 0, 1, 0, 0, 0, 0, 0, 0, 0, 1, 0, 0, 0, 0, 0] (0.001s)
  Sub: Z₀=14.262429 [TIME_LIMIT] (15.1s), α=[0.000,0.000,0.000,0.000,0.000,0.000,0.000,0.000,0.000,0.000,0.000,0.000,0.000,0.000,3.006,0.000,0.000,0.000,0.000,0.000,0.000,0.000,0.000,0.000,5.132,0.000,0.448,0.000,0.000,0.000,0.000,0.000,2.117,0.000,0.000,0.000,0.000,0.000]
  Iter 50: LB=7.463375  UB=14.904337  gap=4.99e-01
  Cut: intercept=-117.318412, π_x_range=[-285.0000, 76.7682]
  Mini-Benders[1] (mw): LB=7.954153, Z₀(α*)=-3.574117, intercept=-62.194717 (0.812s) [OMP=0.763 ISP-L=0.004 ISP-F=0.014 MW-L=0.009 MW-F=0.021]
  Mini-Benders[2] (mw): LB=7.954153, Z₀(α*)=-3.574117, intercept=-62.194717 (0.719s) [OMP=0.674 ISP-L=0.004 ISP-F=0.014 MW-L=0.008 MW-F=0.011]
  Mini-Benders[3] (mw): LB=7.954153, Z₀(α*)=-3.574117, intercept=-62.194717 (0.703s) [OMP=0.664 ISP-L=0.004 ISP-F=0.014 MW-L=0.009 MW-F=0.011]
  Mini-Benders[4]: LB stagnated, break
  α-step: Z₀=14.871206, α=[0.000,0.000,0.000,0.000,0.000,1.347,0.000,0.000,1.217,0.000,0.000,0.000,0.000,0.000,2.938,0.000,0.000,0.000,0.000,0.000,0.000,0.000,0.000,0.000,0.000,0.000,1.092,0.000,0.000,0.000,0.000,0.000,4.108,0.000,0.000,0.000,0.000,0.000]
  Alt-Benders[1] (mw): LB=8.107792, Z₀(α*)=16.437215, intercept=-20.434257 (0.828s) [OMP=0.781 ISP-L=0.004 ISP-F=0.012 MW-L=0.008 MW-F=0.018]
  Alt-Benders[2] (mw): LB=8.159781, Z₀(α*)=-11.353919, intercept=-19.886394 (0.797s) [OMP=0.753 ISP-L=0.004 ISP-F=0.012 MW-L=0.008 MW-F=0.008]
  Alt-Benders[3] (mw): LB=8.159781, Z₀(α*)=-11.353919, intercept=-19.886394 (0.703s) [OMP=0.668 ISP-L=0.004 ISP-F=0.012 MW-L=0.008 MW-F=0.008]
  Alt-Benders[4] (mw): LB=8.159781, Z₀(α*)=-11.353919, intercept=-19.886394 (0.688s) [OMP=0.663 ISP-L=0.004 ISP-F=0.012 MW-L=0.008 MW-F=0.008]
  Alt-Benders[5]: LB stagnated, break
  OMP re-solve: 0.001s

=== True-DRO Benders iter 51 ===
  OMP: t₀=8.159781, UB=14.904337, gap=4.53e-01, x=[0, 0, 0, 0, 0, 0, 0, 0, 1, 0, 0, 0, 0, 0, 0, 0, 0, 0, 0, 0, 0, 0, 0, 0, 0, 0, 0, 0, 0, 0, 1, 0, 0, 0, 0, 0, 0, 0] (0.001s)
  Sub: Z₀=16.874697 [LOCAL] (0.3s), α=[0.000,0.000,0.000,0.000,0.000,0.000,0.000,0.000,9.643,0.000,0.000,0.000,0.000,0.000,0.000,0.000,0.000,0.000,0.000,0.000,0.000,0.000,0.000,0.000,0.000,0.000,1.060,0.000,0.000,0.000,0.000,0.000,0.000,0.000,0.000,0.000,0.000,0.000]
  Iter 51: LB=8.159781  UB=14.904337  gap=4.53e-01
  Cut: intercept=-1162.321606, π_x_range=[-830.8900, 591.1402]
  Mini-Benders[1] (mw): LB=8.179122, Z₀(α*)=-25.222866, intercept=-77.050781 (0.921s) [OMP=0.873 ISP-L=0.004 ISP-F=0.012 MW-L=0.008 MW-F=0.012]
  Mini-Benders[2] (mw): LB=8.179122, Z₀(α*)=-25.222866, intercept=-77.050781 (0.797s) [OMP=0.763 ISP-L=0.004 ISP-F=0.012 MW-L=0.008 MW-F=0.012]
  Mini-Benders[3] (mw): LB=8.179122, Z₀(α*)=-25.222866, intercept=-77.050781 (0.797s) [OMP=0.764 ISP-L=0.004 ISP-F=0.012 MW-L=0.008 MW-F=0.011]
  Mini-Benders[4]: LB stagnated, break
  α-step: Z₀=15.749873, α=[0.000,0.000,0.509,0.000,0.000,0.131,0.000,0.000,1.698,0.000,0.000,0.000,0.000,0.000,0.000,0.000,0.000,0.000,0.000,0.000,0.000,0.000,0.000,0.000,0.000,0.000,0.899,0.000,0.000,0.000,0.000,7.465,0.000,0.000,0.000,0.000,0.000,0.000]
  Alt-Benders[1] (mw): LB=8.358607, Z₀(α*)=-15.569771, intercept=-16.299833 (0.829s) [OMP=0.784 ISP-L=0.004 ISP-F=0.012 MW-L=0.007 MW-F=0.013]
  Alt-Benders[2] (mw): LB=8.358607, Z₀(α*)=-15.048943, intercept=-27.580501 (0.765s) [OMP=0.737 ISP-L=0.004 ISP-F=0.012 MW-L=0.008 MW-F=0.011]
  Alt-Benders[3] (mw): LB=8.358607, Z₀(α*)=-15.048943, intercept=-27.580501 (0.813s) [OMP=0.768 ISP-L=0.004 ISP-F=0.012 MW-L=0.018 MW-F=0.011]
  Alt-Benders[4]: LB stagnated, break
  OMP re-solve: 0.001s

=== True-DRO Benders iter 52 ===
  OMP: t₀=8.358607, UB=14.904337, gap=4.39e-01, x=[0, 0, 1, 0, 0, 0, 0, 0, 0, 0, 0, 0, 0, 0, 0, 0, 0, 0, 0, 0, 0, 0, 0, 0, 0, 0, 0, 0, 0, 0, 1, 0, 0, 0, 0, 0, 0, 0] (0.001s)
  Sub: Z₀=20.674232 [LOCAL] (0.2s), α=[0.000,0.000,0.000,0.000,0.000,1.655,0.000,0.000,3.431,0.000,0.000,0.000,0.000,0.000,2.254,0.000,0.000,0.000,0.000,0.000,0.000,0.000,0.000,0.000,0.000,0.000,3.362,0.000,0.000,0.000,0.000,0.000,0.000,0.000,0.000,0.000,0.000,0.000]
  Iter 52: LB=8.358607  UB=14.904337  gap=4.39e-01
  Cut: intercept=-1158.637355, π_x_range=[-832.5225, 590.3570]
  Mini-Benders[1] (mw): LB=8.358607, Z₀(α*)=20.674234, intercept=20.674233 (0.813s) [OMP=0.775 ISP-L=0.004 ISP-F=0.013 MW-L=0.008 MW-F=0.011]
  Mini-Benders[2] (mw): LB=8.426081, Z₀(α*)=18.852049, intercept=19.426378 (0.906s) [OMP=0.863 ISP-L=0.005 ISP-F=0.013 MW-L=0.009 MW-F=0.018]
  Mini-Benders[3] (mw): LB=8.472649, Z₀(α*)=8.543661, intercept=-101.638403 (0.750s) [OMP=0.705 ISP-L=0.004 ISP-F=0.012 MW-L=0.009 MW-F=0.010]
  Mini-Benders[4] (mw): LB=8.543659, Z₀(α*)=8.543661, intercept=-101.638403 (0.687s) [OMP=0.660 ISP-L=0.004 ISP-F=0.012 MW-L=0.009 MW-F=0.010]
  Mini-Benders[5] (mw): LB=8.543659, Z₀(α*)=8.543661, intercept=-101.638403 (0.704s) [OMP=0.659 ISP-L=0.004 ISP-F=0.012 MW-L=0.009 MW-F=0.010]
  α-step: Z₀=9.892289, α=[0.000,0.000,0.000,0.000,0.000,3.804,0.000,0.000,3.704,0.000,0.000,0.000,0.000,0.000,0.000,0.000,0.000,0.000,0.000,0.000,0.000,0.000,0.000,0.000,0.000,0.000,3.195,0.000,0.000,0.000,0.000,0.000,0.000,0.000,0.000,0.000,0.000,0.000]
  Alt-Benders[1] (mw): LB=9.434020, Z₀(α*)=0.972462, intercept=-9.507440 (0.750s) [OMP=0.720 ISP-L=0.004 ISP-F=0.011 MW-L=0.009 MW-F=0.012]
  Alt-Benders[2] (mw): LB=9.434020, Z₀(α*)=0.972462, intercept=-9.507440 (0.813s) [OMP=0.775 ISP-L=0.005 ISP-F=0.011 MW-L=0.008 MW-F=0.012]
  Alt-Benders[3] (mw): LB=9.434020, Z₀(α*)=0.972462, intercept=-9.507440 (0.828s) [OMP=0.795 ISP-L=0.004 ISP-F=0.011 MW-L=0.008 MW-F=0.012]
  Alt-Benders[4]: LB stagnated, break
  OMP re-solve: 0.000s

=== True-DRO Benders iter 53 ===
  OMP: t₀=9.434020, UB=14.904337, gap=3.67e-01, x=[0, 0, 0, 0, 0, 0, 0, 0, 0, 0, 0, 0, 0, 0, 1, 0, 0, 0, 1, 0, 0, 0, 0, 0, 0, 0, 0, 0, 0, 0, 0, 0, 0, 0, 0, 0, 0, 0] (0.000s)
  Sub: Z₀=16.939450 [LOCAL] (0.2s), α=[0.000,0.000,0.000,0.000,0.000,0.742,0.000,0.000,2.519,0.000,0.000,0.000,0.000,0.000,6.523,0.000,0.000,0.000,0.000,0.000,0.000,0.000,0.000,0.000,0.000,0.000,0.918,0.000,0.000,0.000,0.000,0.000,0.000,0.000,0.000,0.000,0.000,0.000]
  Iter 53: LB=9.434020  UB=14.904337  gap=3.67e-01
  Cut: intercept=-1127.902213, π_x_range=[-830.5182, 586.1474]
  Mini-Benders[1] (mw): LB=9.570337, Z₀(α*)=-14.665881, intercept=-53.732670 (0.812s) [OMP=0.771 ISP-L=0.004 ISP-F=0.012 MW-L=0.009 MW-F=0.012]
  Mini-Benders[2] (mw): LB=9.570337, Z₀(α*)=-14.665881, intercept=-53.732670 (1.250s) [OMP=1.216 ISP-L=0.004 ISP-F=0.011 MW-L=0.008 MW-F=0.011]
  Mini-Benders[3] (mw): LB=9.570337, Z₀(α*)=-14.665881, intercept=-53.732670 (1.266s) [OMP=1.234 ISP-L=0.004 ISP-F=0.011 MW-L=0.009 MW-F=0.012]
  Mini-Benders[4]: LB stagnated, break
  α-step: Z₀=17.356051, α=[0.000,0.000,0.000,0.000,0.000,2.108,3.603,0.000,4.242,0.000,0.000,0.000,0.000,0.000,0.000,0.000,0.000,0.000,0.000,0.000,0.000,0.000,0.000,0.000,0.000,0.000,0.749,0.000,0.000,0.000,0.000,0.000,0.000,0.000,0.000,0.000,0.000,0.000]
  Alt-Benders[1] (mw): LB=9.687707, Z₀(α*)=-2.131328, intercept=-24.987688 (0.797s) [OMP=0.751 ISP-L=0.004 ISP-F=0.010 MW-L=0.008 MW-F=0.012]
  Alt-Benders[2] (mw): LB=9.687707, Z₀(α*)=-2.131328, intercept=-24.987688 (0.812s) [OMP=0.775 ISP-L=0.004 ISP-F=0.010 MW-L=0.008 MW-F=0.012]
  Alt-Benders[3] (mw): LB=9.687707, Z₀(α*)=-2.131328, intercept=-24.987688 (0.797s) [OMP=0.764 ISP-L=0.004 ISP-F=0.010 MW-L=0.008 MW-F=0.012]
  Alt-Benders[4]: LB stagnated, break
  OMP re-solve: 0.001s

=== True-DRO Benders iter 54 ===
  OMP: t₀=9.687707, UB=14.904337, gap=3.50e-01, x=[0, 0, 0, 0, 0, 0, 0, 0, 0, 0, 0, 0, 0, 0, 0, 0, 0, 0, 0, 0, 0, 1, 1, 0, 0, 0, 0, 0, 0, 0, 0, 0, 0, 0, 0, 0, 0, 0] (0.001s)
  Sub: Z₀=16.725722 [LOCAL] (0.2s), α=[0.000,0.000,0.000,0.000,0.000,0.731,0.000,0.000,3.232,0.000,0.000,0.000,0.000,0.000,0.000,0.000,0.000,0.000,0.000,0.000,0.000,5.810,0.000,0.000,0.000,0.000,0.929,0.000,0.000,0.000,0.000,0.000,0.000,0.000,0.000,0.000,0.000,0.000]
  Iter 54: LB=9.687707  UB=14.904337  gap=3.50e-01
  Cut: intercept=-1132.325001, π_x_range=[-830.0123, 579.4994]
  Mini-Benders[1] (mw): LB=9.749146, Z₀(α*)=-9.300484, intercept=-22.512796 (0.829s) [OMP=0.796 ISP-L=0.004 ISP-F=0.012 MW-L=0.009 MW-F=0.011]
  Mini-Benders[2] (mw): LB=9.749146, Z₀(α*)=-9.300484, intercept=-22.512796 (0.796s) [OMP=0.752 ISP-L=0.004 ISP-F=0.011 MW-L=0.009 MW-F=0.011]
  Mini-Benders[3] (mw): LB=9.749146, Z₀(α*)=-9.300484, intercept=-22.512796 (0.797s) [OMP=0.747 ISP-L=0.004 ISP-F=0.012 MW-L=0.009 MW-F=0.022]
  Mini-Benders[4]: LB stagnated, break
  α-step: Z₀=17.352019, α=[0.000,0.000,0.000,0.000,0.000,2.108,3.603,0.000,4.242,0.000,0.000,0.000,0.000,0.000,0.000,0.000,0.000,0.000,0.000,0.000,0.000,0.000,0.000,0.000,0.000,0.000,0.749,0.000,0.000,0.000,0.000,0.000,0.000,0.000,0.000,0.000,0.000,0.000]
  Alt-Benders[1] (mw): LB=9.749146, Z₀(α*)=17.367130, intercept=-20.254170 (0.812s) [OMP=0.771 ISP-L=0.004 ISP-F=0.011 MW-L=0.009 MW-F=0.016]
  Alt-Benders[2] (mw): LB=9.892289, Z₀(α*)=-9.971857, intercept=-103.678674 (0.797s) [OMP=0.761 ISP-L=0.004 ISP-F=0.012 MW-L=0.009 MW-F=0.010]
  Alt-Benders[3] (mw): LB=9.892289, Z₀(α*)=-9.971857, intercept=-103.678674 (0.750s) [OMP=0.706 ISP-L=0.004 ISP-F=0.012 MW-L=0.009 MW-F=0.010]
  Alt-Benders[4] (mw): LB=9.892289, Z₀(α*)=-9.971857, intercept=-103.678674 (0.735s) [OMP=0.695 ISP-L=0.004 ISP-F=0.012 MW-L=0.009 MW-F=0.010]
  Alt-Benders[5]: LB stagnated, break
  OMP re-solve: 0.001s

=== True-DRO Benders iter 55 ===
  OMP: t₀=9.892289, UB=14.904337, gap=3.36e-01, x=[0, 0, 0, 0, 0, 1, 0, 0, 1, 0, 0, 0, 0, 0, 0, 0, 0, 0, 0, 0, 0, 0, 0, 0, 0, 0, 0, 0, 0, 0, 0, 0, 0, 0, 0, 0, 0, 0] (0.001s)
  Sub: Z₀=10.296608 [TIME_LIMIT] (15.1s), α=[0.000,0.000,0.000,0.000,0.000,3.489,0.000,0.000,3.404,0.000,0.000,0.000,0.000,0.000,0.300,0.000,0.000,0.000,0.000,0.000,0.000,0.000,0.000,0.000,0.000,0.000,3.510,0.000,0.000,0.000,0.000,0.000,0.000,0.000,0.000,0.000,0.000,0.000]
  Iter 55: LB=9.892289  UB=11.050888  gap=1.05e-01
  Cut: intercept=-103.188639, π_x_range=[-222.0081, 70.9721]
  Mini-Benders[1] (mw): LB=9.895361, Z₀(α*)=11.511925, intercept=-13.888892 (0.766s) [OMP=0.719 ISP-L=0.004 ISP-F=0.012 MW-L=0.008 MW-F=0.022]
  Mini-Benders[2] (mw): LB=9.989028, Z₀(α*)=-0.824022, intercept=-18.768869 (0.796s) [OMP=0.750 ISP-L=0.004 ISP-F=0.013 MW-L=0.010 MW-F=0.013]
  Mini-Benders[3] (mw): LB=9.989028, Z₀(α*)=-0.824022, intercept=-18.768869 (0.844s) [OMP=0.798 ISP-L=0.005 ISP-F=0.014 MW-L=0.011 MW-F=0.013]
  Mini-Benders[4] (mw): LB=9.989028, Z₀(α*)=-0.824022, intercept=-18.768869 (0.828s) [OMP=0.801 ISP-L=0.004 ISP-F=0.013 MW-L=0.009 MW-F=0.012]
  Mini-Benders[5]: LB stagnated, break
  α-step: Z₀=16.444703, α=[0.000,0.000,0.000,0.000,0.000,0.000,0.000,0.000,6.827,0.000,0.000,0.000,0.000,0.000,0.000,0.000,0.000,0.000,0.000,0.000,0.000,0.000,0.000,0.000,0.000,0.000,3.875,0.000,0.000,0.000,0.000,0.000,0.000,0.000,0.000,0.000,0.000,0.000]
  Alt-Benders[1] (mw): LB=10.032090, Z₀(α*)=-10.857635, intercept=-45.842365 (0.765s) [OMP=0.730 ISP-L=0.004 ISP-F=0.012 MW-L=0.008 MW-F=0.011]
  Alt-Benders[2] (mw): LB=10.032090, Z₀(α*)=-10.857635, intercept=-45.842365 (0.828s) [OMP=0.796 ISP-L=0.004 ISP-F=0.012 MW-L=0.008 MW-F=0.011]
  Alt-Benders[3] (mw): LB=10.032090, Z₀(α*)=-10.857635, intercept=-45.842365 (0.828s) [OMP=0.797 ISP-L=0.004 ISP-F=0.012 MW-L=0.008 MW-F=0.011]
  Alt-Benders[4]: LB stagnated, break
  OMP re-solve: 0.000s

=== True-DRO Benders iter 56 ===
  OMP: t₀=10.032090, UB=11.050888, gap=9.22e-02, x=[0, 0, 0, 0, 0, 1, 0, 0, 0, 0, 0, 0, 0, 0, 0, 0, 0, 0, 0, 0, 0, 0, 0, 0, 0, 0, 0, 0, 0, 0, 1, 0, 0, 0, 0, 0, 0, 0] (0.000s)
  Sub: Z₀=15.043793 [LOCAL] (0.2s), α=[0.000,0.000,0.000,0.000,0.000,8.088,0.000,0.000,0.000,0.000,0.000,0.000,0.000,0.000,0.472,0.000,0.000,0.000,0.000,0.000,0.000,0.000,0.000,0.000,0.000,0.000,2.143,0.000,0.000,0.000,0.000,0.000,0.000,0.000,0.000,0.000,0.000,0.000]
  Iter 56: LB=10.032090  UB=11.050888  gap=9.22e-02
  Cut: intercept=-1152.622329, π_x_range=[-828.3909, 590.9099]
  Mini-Benders[1] (mw): LB=10.101975, Z₀(α*)=-29.220605, intercept=-83.124575 (0.812s) [OMP=0.778 ISP-L=0.004 ISP-F=0.011 MW-L=0.008 MW-F=0.011]
  Mini-Benders[2] (mw): LB=10.101975, Z₀(α*)=-29.220605, intercept=-83.124575 (0.828s) [OMP=0.791 ISP-L=0.004 ISP-F=0.011 MW-L=0.008 MW-F=0.011]
  Mini-Benders[3] (mw): LB=10.101975, Z₀(α*)=-29.220605, intercept=-83.124575 (0.829s) [OMP=0.780 ISP-L=0.004 ISP-F=0.011 MW-L=0.008 MW-F=0.011]
  Mini-Benders[4]: LB stagnated, break
  α-step: Z₀=15.413810, α=[0.000,0.000,0.000,0.000,0.000,0.000,0.000,0.000,0.000,0.000,0.000,0.000,0.000,0.000,3.779,0.000,0.000,0.000,0.000,0.000,0.000,0.000,0.000,0.000,5.608,0.000,1.222,0.000,0.000,0.000,0.000,0.000,0.000,0.093,0.000,0.000,0.000,0.000]
  Alt-Benders[1] (mw): LB=10.147681, Z₀(α*)=-12.610479, intercept=-20.426173 (0.765s) [OMP=0.728 ISP-L=0.004 ISP-F=0.013 MW-L=0.007 MW-F=0.012]
  Alt-Benders[2] (mw): LB=10.147681, Z₀(α*)=-12.610479, intercept=-20.426173 (0.797s) [OMP=0.758 ISP-L=0.004 ISP-F=0.013 MW-L=0.008 MW-F=0.012]
  Alt-Benders[3] (mw): LB=10.147681, Z₀(α*)=-12.610479, intercept=-20.426173 (0.797s) [OMP=0.751 ISP-L=0.005 ISP-F=0.013 MW-L=0.008 MW-F=0.023]
  Alt-Benders[4]: LB stagnated, break
  OMP re-solve: 0.001s

=== True-DRO Benders iter 57 ===
  OMP: t₀=10.147681, UB=11.050888, gap=8.17e-02, x=[0, 0, 0, 0, 1, 0, 0, 0, 0, 0, 0, 0, 0, 0, 0, 0, 0, 1, 0, 0, 0, 0, 0, 0, 0, 0, 0, 0, 0, 0, 0, 0, 0, 0, 0, 0, 0, 0] (0.001s)
  Sub: Z₀=20.674232 [LOCAL] (0.2s), α=[0.000,0.000,0.000,0.000,0.000,1.655,0.000,0.000,3.431,0.000,0.000,0.000,0.000,0.000,2.254,0.000,0.000,0.000,0.000,0.000,0.000,0.000,0.000,0.000,0.000,0.000,3.362,0.000,0.000,0.000,0.000,0.000,0.000,0.000,0.000,0.000,0.000,0.000]
  Iter 57: LB=10.147681  UB=11.050888  gap=8.17e-02
  Cut: intercept=-1130.811657, π_x_range=[-832.5226, 588.4549]
  Mini-Benders[1] (mw): LB=10.229935, Z₀(α*)=-54.323300, intercept=-81.752572 (0.750s) [OMP=0.722 ISP-L=0.004 ISP-F=0.010 MW-L=0.009 MW-F=0.014]
  Mini-Benders[2] (mw): LB=10.229935, Z₀(α*)=-54.323300, intercept=-81.752572 (0.687s) [OMP=0.649 ISP-L=0.004 ISP-F=0.010 MW-L=0.009 MW-F=0.013]
  Mini-Benders[3] (mw): LB=10.229935, Z₀(α*)=-54.323300, intercept=-81.752572 (0.688s) [OMP=0.650 ISP-L=0.004 ISP-F=0.010 MW-L=0.009 MW-F=0.013]
  Mini-Benders[4]: LB stagnated, break
  α-step: Z₀=11.904723, α=[0.000,0.000,0.000,0.000,0.000,0.000,0.000,0.000,1.567,0.000,0.000,0.000,0.000,0.000,0.000,0.000,0.000,0.000,0.000,7.196,0.000,1.940,0.000,0.000,0.000,0.000,0.000,0.000,0.000,0.000,0.000,0.000,0.000,0.000,0.000,0.000,0.000,0.000]
  Alt-Benders[1] (mw): LB=10.296608, Z₀(α*)=-40.395153, intercept=-106.284150 (0.828s) [OMP=0.802 ISP-L=0.004 ISP-F=0.011 MW-L=0.008 MW-F=0.011]
  Alt-Benders[2] (mw): LB=10.296608, Z₀(α*)=-40.395153, intercept=-106.284150 (0.704s) [OMP=0.666 ISP-L=0.004 ISP-F=0.011 MW-L=0.009 MW-F=0.011]
  Alt-Benders[3] (mw): LB=10.296608, Z₀(α*)=-40.395153, intercept=-106.284150 (0.718s) [OMP=0.669 ISP-L=0.004 ISP-F=0.011 MW-L=0.019 MW-F=0.011]
  Alt-Benders[4]: LB stagnated, break
  OMP re-solve: 0.001s

=== True-DRO Benders iter 58 ===
  OMP: t₀=10.296608, UB=11.050888, gap=6.83e-02, x=[0, 0, 0, 0, 0, 1, 0, 0, 1, 0, 0, 0, 0, 0, 0, 0, 0, 0, 0, 0, 0, 0, 0, 0, 0, 0, 0, 0, 0, 0, 0, 0, 0, 0, 0, 0, 0, 0] (0.001s)
  Sub: Z₀=10.273467 [LOCAL] (0.2s), α=[0.000,0.000,0.000,0.000,0.000,3.223,0.000,0.000,3.244,0.000,0.000,0.000,0.000,0.000,0.020,0.000,0.000,0.000,0.000,0.000,0.000,0.000,0.000,0.000,0.000,0.000,4.215,0.000,0.000,0.000,0.000,0.000,0.000,0.000,0.000,0.000,0.000,0.000]
  Iter 58: LB=10.296608  UB=11.050888  gap=6.83e-02
  Cut: intercept=-1154.927850, π_x_range=[-824.3179, 589.4831]
  Mini-Benders[1] (mw): LB=10.296608, Z₀(α*)=10.273468, intercept=-94.635077 (0.704s) [OMP=0.667 ISP-L=0.004 ISP-F=0.012 MW-L=0.008 MW-F=0.013]
  Mini-Benders[2] (mw): LB=10.296608, Z₀(α*)=10.273468, intercept=-94.635077 (0.734s) [OMP=0.688 ISP-L=0.004 ISP-F=0.012 MW-L=0.008 MW-F=0.012]
  Mini-Benders[3]: LB stagnated, break
  α-step: Z₀=10.296607, α=[0.000,0.000,0.000,0.000,0.000,3.804,0.000,0.000,3.704,0.000,0.000,0.000,0.000,0.000,0.000,0.000,0.000,0.000,0.000,0.000,0.000,0.000,0.000,0.000,0.000,0.000,3.195,0.000,0.000,0.000,0.000,0.000,0.000,0.000,0.000,0.000,0.000,0.000]
  Alt-Benders[1] (mw): LB=10.296608, Z₀(α*)=10.296607, intercept=-94.521469 (0.688s) [OMP=0.655 ISP-L=0.004 ISP-F=0.011 MW-L=0.008 MW-F=0.012]
  Alt-Benders[2] (mw): LB=10.296608, Z₀(α*)=10.296607, intercept=-94.521469 (0.719s) [OMP=0.679 ISP-L=0.004 ISP-F=0.011 MW-L=0.008 MW-F=0.012]
  Alt-Benders[3]: LB stagnated, break
  OMP re-solve: 0.001s

=== True-DRO Benders iter 59 ===
  OMP: t₀=10.296608, UB=11.050888, gap=6.83e-02, x=[0, 0, 0, 0, 0, 1, 0, 0, 1, 0, 0, 0, 0, 0, 0, 0, 0, 0, 0, 0, 0, 0, 0, 0, 0, 0, 0, 0, 0, 0, 0, 0, 0, 0, 0, 0, 0, 0] (0.001s)
  Sub: Z₀=10.273467 [LOCAL] (0.2s), α=[0.000,0.000,0.000,0.000,0.000,3.223,0.000,0.000,3.244,0.000,0.000,0.000,0.000,0.000,0.020,0.000,0.000,0.000,0.000,0.000,0.000,0.000,0.000,0.000,0.000,0.000,4.215,0.000,0.000,0.000,0.000,0.000,0.000,0.000,0.000,0.000,0.000,0.000]
  Iter 59: LB=10.296608  UB=11.050888  gap=6.83e-02
  Cut: intercept=-1154.927850, π_x_range=[-824.3179, 589.4831]
  Mini-Benders[1] (mw): LB=10.296608, Z₀(α*)=10.273468, intercept=-94.635077 (0.703s) [OMP=0.674 ISP-L=0.004 ISP-F=0.011 MW-L=0.008 MW-F=0.012]
  Mini-Benders[2] (mw): LB=10.296608, Z₀(α*)=10.273468, intercept=-94.635077 (0.704s) [OMP=0.665 ISP-L=0.004 ISP-F=0.011 MW-L=0.008 MW-F=0.012]
  Mini-Benders[3]: LB stagnated, break
  α-step: Z₀=10.296607, α=[0.000,0.000,0.000,0.000,0.000,3.804,0.000,0.000,3.704,0.000,0.000,0.000,0.000,0.000,0.000,0.000,0.000,0.000,0.000,0.000,0.000,0.000,0.000,0.000,0.000,0.000,3.195,0.000,0.000,0.000,0.000,0.000,0.000,0.000,0.000,0.000,0.000,0.000]
  Alt-Benders[1] (mw): LB=10.296608, Z₀(α*)=10.296607, intercept=-94.521469 (0.719s) [OMP=0.670 ISP-L=0.004 ISP-F=0.011 MW-L=0.008 MW-F=0.012]
  Alt-Benders[2] (mw): LB=10.296608, Z₀(α*)=10.296607, intercept=-94.521469 (0.703s) [OMP=0.667 ISP-L=0.004 ISP-F=0.011 MW-L=0.008 MW-F=0.012]
  Alt-Benders[3]: LB stagnated, break
  OMP re-solve: 0.001s

=== True-DRO Benders iter 60 ===
  OMP: t₀=10.296608, UB=11.050888, gap=6.83e-02, x=[0, 0, 0, 0, 0, 1, 0, 0, 1, 0, 0, 0, 0, 0, 0, 0, 0, 0, 0, 0, 0, 0, 0, 0, 0, 0, 0, 0, 0, 0, 0, 0, 0, 0, 0, 0, 0, 0] (0.001s)
  Sub: Z₀=10.296607 [TIME_LIMIT] (15.1s), α=[0.000,0.000,0.000,0.000,0.000,3.804,0.000,0.000,3.704,0.000,0.000,0.000,0.000,0.000,0.000,0.000,0.000,0.000,0.000,0.000,0.000,0.000,0.000,0.000,0.000,0.000,3.195,0.000,0.000,0.000,0.000,0.000,0.000,0.000,0.000,0.000,0.000,0.000]
  Iter 60: LB=10.296608  UB=11.038863  gap=6.72e-02
  Cut: intercept=-143.979384, π_x_range=[-214.4737, 83.1750]
  Mini-Benders[1] (mw): LB=10.296608, Z₀(α*)=10.296607, intercept=-94.521469 (0.734s) [OMP=0.688 ISP-L=0.004 ISP-F=0.012 MW-L=0.008 MW-F=0.022]
  Mini-Benders[2] (mw): LB=10.296608, Z₀(α*)=10.296607, intercept=-94.521469 (0.719s) [OMP=0.682 ISP-L=0.004 ISP-F=0.011 MW-L=0.008 MW-F=0.012]
  Mini-Benders[3]: LB stagnated, break
  α-step: Z₀=10.296607, α=[0.000,0.000,0.000,0.000,0.000,3.804,0.000,0.000,3.704,0.000,0.000,0.000,0.000,0.000,0.000,0.000,0.000,0.000,0.000,0.000,0.000,0.000,0.000,0.000,0.000,0.000,3.195,0.000,0.000,0.000,0.000,0.000,0.000,0.000,0.000,0.000,0.000,0.000]
  Alt-Benders[1] (mw): LB=10.296608, Z₀(α*)=10.296607, intercept=-94.521469 (0.719s) [OMP=0.681 ISP-L=0.004 ISP-F=0.012 MW-L=0.008 MW-F=0.012]
  Alt-Benders[2] (mw): LB=10.296608, Z₀(α*)=10.296607, intercept=-94.521469 (0.703s) [OMP=0.677 ISP-L=0.004 ISP-F=0.011 MW-L=0.008 MW-F=0.012]
  Alt-Benders[3]: LB stagnated, break
  OMP re-solve: 0.001s

=== True-DRO Benders iter 61 ===
  OMP: t₀=10.296608, UB=11.038863, gap=6.72e-02, x=[0, 0, 0, 0, 0, 1, 0, 0, 1, 0, 0, 0, 0, 0, 0, 0, 0, 0, 0, 0, 0, 0, 0, 0, 0, 0, 0, 0, 0, 0, 0, 0, 0, 0, 0, 0, 0, 0] (0.001s)
  Sub: Z₀=10.273467 [LOCAL] (0.2s), α=[0.000,0.000,0.000,0.000,0.000,3.223,0.000,0.000,3.244,0.000,0.000,0.000,0.000,0.000,0.020,0.000,0.000,0.000,0.000,0.000,0.000,0.000,0.000,0.000,0.000,0.000,4.215,0.000,0.000,0.000,0.000,0.000,0.000,0.000,0.000,0.000,0.000,0.000]
  Iter 61: LB=10.296608  UB=11.038863  gap=6.72e-02
  Cut: intercept=-1154.927850, π_x_range=[-824.3179, 589.4831]
  Mini-Benders[1] (mw): LB=10.296608, Z₀(α*)=10.273468, intercept=-94.635077 (0.719s) [OMP=0.678 ISP-L=0.004 ISP-F=0.012 MW-L=0.008 MW-F=0.012]
  Mini-Benders[2] (mw): LB=10.296608, Z₀(α*)=10.273468, intercept=-94.635077 (0.718s) [OMP=0.678 ISP-L=0.004 ISP-F=0.011 MW-L=0.009 MW-F=0.013]
  Mini-Benders[3]: LB stagnated, break
  α-step: Z₀=10.296607, α=[0.000,0.000,0.000,0.000,0.000,3.804,0.000,0.000,3.704,0.000,0.000,0.000,0.000,0.000,0.000,0.000,0.000,0.000,0.000,0.000,0.000,0.000,0.000,0.000,0.000,0.000,3.195,0.000,0.000,0.000,0.000,0.000,0.000,0.000,0.000,0.000,0.000,0.000]
  Alt-Benders[1] (mw): LB=10.296608, Z₀(α*)=10.296607, intercept=-94.521469 (0.719s) [OMP=0.678 ISP-L=0.004 ISP-F=0.011 MW-L=0.008 MW-F=0.012]
  Alt-Benders[2] (mw): LB=10.296608, Z₀(α*)=10.296607, intercept=-94.521469 (0.719s) [OMP=0.681 ISP-L=0.004 ISP-F=0.011 MW-L=0.008 MW-F=0.012]
  Alt-Benders[3]: LB stagnated, break
  OMP re-solve: 0.001s

=== True-DRO Benders iter 62 ===
  OMP: t₀=10.296608, UB=11.038863, gap=6.72e-02, x=[0, 0, 0, 0, 0, 1, 0, 0, 1, 0, 0, 0, 0, 0, 0, 0, 0, 0, 0, 0, 0, 0, 0, 0, 0, 0, 0, 0, 0, 0, 0, 0, 0, 0, 0, 0, 0, 0] (0.001s)
  Sub: Z₀=10.273467 [LOCAL] (0.2s), α=[0.000,0.000,0.000,0.000,0.000,3.223,0.000,0.000,3.244,0.000,0.000,0.000,0.000,0.000,0.020,0.000,0.000,0.000,0.000,0.000,0.000,0.000,0.000,0.000,0.000,0.000,4.215,0.000,0.000,0.000,0.000,0.000,0.000,0.000,0.000,0.000,0.000,0.000]
  Iter 62: LB=10.296608  UB=11.038863  gap=6.72e-02
  Cut: intercept=-1154.927850, π_x_range=[-824.3179, 589.4831]
  Mini-Benders[1] (mw): LB=10.296608, Z₀(α*)=10.273468, intercept=-94.635077 (0.719s) [OMP=0.684 ISP-L=0.004 ISP-F=0.011 MW-L=0.008 MW-F=0.012]
  Mini-Benders[2] (mw): LB=10.296608, Z₀(α*)=10.273468, intercept=-94.635077 (0.719s) [OMP=0.680 ISP-L=0.004 ISP-F=0.012 MW-L=0.008 MW-F=0.012]
  Mini-Benders[3]: LB stagnated, break
  α-step: Z₀=10.296607, α=[0.000,0.000,0.000,0.000,0.000,3.804,0.000,0.000,3.704,0.000,0.000,0.000,0.000,0.000,0.000,0.000,0.000,0.000,0.000,0.000,0.000,0.000,0.000,0.000,0.000,0.000,3.195,0.000,0.000,0.000,0.000,0.000,0.000,0.000,0.000,0.000,0.000,0.000]
  Alt-Benders[1] (mw): LB=10.296608, Z₀(α*)=10.296607, intercept=-94.521469 (0.734s) [OMP=0.681 ISP-L=0.004 ISP-F=0.011 MW-L=0.008 MW-F=0.023]
  Alt-Benders[2] (mw): LB=10.296608, Z₀(α*)=10.296607, intercept=-94.521469 (0.703s) [OMP=0.673 ISP-L=0.004 ISP-F=0.011 MW-L=0.008 MW-F=0.012]
  Alt-Benders[3]: LB stagnated, break
  OMP re-solve: 0.001s

=== True-DRO Benders iter 63 ===
  OMP: t₀=10.296608, UB=11.038863, gap=6.72e-02, x=[0, 0, 0, 0, 0, 1, 0, 0, 1, 0, 0, 0, 0, 0, 0, 0, 0, 0, 0, 0, 0, 0, 0, 0, 0, 0, 0, 0, 0, 0, 0, 0, 0, 0, 0, 0, 0, 0] (0.001s)
  Sub: Z₀=10.273467 [LOCAL] (0.2s), α=[0.000,0.000,0.000,0.000,0.000,3.223,0.000,0.000,3.244,0.000,0.000,0.000,0.000,0.000,0.020,0.000,0.000,0.000,0.000,0.000,0.000,0.000,0.000,0.000,0.000,0.000,4.215,0.000,0.000,0.000,0.000,0.000,0.000,0.000,0.000,0.000,0.000,0.000]
  Iter 63: LB=10.296608  UB=11.038863  gap=6.72e-02
  Cut: intercept=-1154.927850, π_x_range=[-824.3179, 589.4831]
  Mini-Benders[1] (mw): LB=10.296608, Z₀(α*)=10.273468, intercept=-94.635077 (0.703s) [OMP=0.674 ISP-L=0.004 ISP-F=0.012 MW-L=0.008 MW-F=0.012]
  Mini-Benders[2] (mw): LB=10.296608, Z₀(α*)=10.273468, intercept=-94.635077 (0.719s) [OMP=0.668 ISP-L=0.004 ISP-F=0.011 MW-L=0.008 MW-F=0.012]
  Mini-Benders[3]: LB stagnated, break
  α-step: Z₀=10.296607, α=[0.000,0.000,0.000,0.000,0.000,3.804,0.000,0.000,3.704,0.000,0.000,0.000,0.000,0.000,0.000,0.000,0.000,0.000,0.000,0.000,0.000,0.000,0.000,0.000,0.000,0.000,3.195,0.000,0.000,0.000,0.000,0.000,0.000,0.000,0.000,0.000,0.000,0.000]
  Alt-Benders[1] (mw): LB=10.296608, Z₀(α*)=10.296607, intercept=-94.521469 (0.718s) [OMP=0.679 ISP-L=0.004 ISP-F=0.011 MW-L=0.008 MW-F=0.012]
  Alt-Benders[2] (mw): LB=10.296608, Z₀(α*)=10.296607, intercept=-94.521469 (0.719s) [OMP=0.670 ISP-L=0.004 ISP-F=0.011 MW-L=0.008 MW-F=0.022]
  Alt-Benders[3]: LB stagnated, break
  OMP re-solve: 0.001s

=== True-DRO Benders iter 64 ===
  OMP: t₀=10.296608, UB=11.038863, gap=6.72e-02, x=[0, 0, 0, 0, 0, 1, 0, 0, 1, 0, 0, 0, 0, 0, 0, 0, 0, 0, 0, 0, 0, 0, 0, 0, 0, 0, 0, 0, 0, 0, 0, 0, 0, 0, 0, 0, 0, 0] (0.001s)
  Sub: Z₀=10.273467 [LOCAL] (0.2s), α=[0.000,0.000,0.000,0.000,0.000,3.223,0.000,0.000,3.244,0.000,0.000,0.000,0.000,0.000,0.020,0.000,0.000,0.000,0.000,0.000,0.000,0.000,0.000,0.000,0.000,0.000,4.215,0.000,0.000,0.000,0.000,0.000,0.000,0.000,0.000,0.000,0.000,0.000]
  Iter 64: LB=10.296608  UB=11.038863  gap=6.72e-02
  Cut: intercept=-1154.927850, π_x_range=[-824.3179, 589.4831]
  Mini-Benders[1] (mw): LB=10.296608, Z₀(α*)=10.273468, intercept=-94.635077 (0.703s) [OMP=0.671 ISP-L=0.004 ISP-F=0.012 MW-L=0.008 MW-F=0.012]
  Mini-Benders[2] (mw): LB=10.296608, Z₀(α*)=10.273468, intercept=-94.635077 (0.703s) [OMP=0.671 ISP-L=0.004 ISP-F=0.012 MW-L=0.008 MW-F=0.012]
  Mini-Benders[3]: LB stagnated, break
  α-step: Z₀=10.296607, α=[0.000,0.000,0.000,0.000,0.000,3.804,0.000,0.000,3.704,0.000,0.000,0.000,0.000,0.000,0.000,0.000,0.000,0.000,0.000,0.000,0.000,0.000,0.000,0.000,0.000,0.000,3.195,0.000,0.000,0.000,0.000,0.000,0.000,0.000,0.000,0.000,0.000,0.000]
  Alt-Benders[1] (mw): LB=10.296608, Z₀(α*)=10.296607, intercept=-94.521469 (0.719s) [OMP=0.676 ISP-L=0.004 ISP-F=0.011 MW-L=0.008 MW-F=0.012]
  Alt-Benders[2] (mw): LB=10.296608, Z₀(α*)=10.296607, intercept=-94.521469 (0.703s) [OMP=0.671 ISP-L=0.004 ISP-F=0.011 MW-L=0.008 MW-F=0.012]
  Alt-Benders[3]: LB stagnated, break
  OMP re-solve: 0.001s

=== True-DRO Benders iter 65 ===
  OMP: t₀=10.296608, UB=11.038863, gap=6.72e-02, x=[0, 0, 0, 0, 0, 1, 0, 0, 1, 0, 0, 0, 0, 0, 0, 0, 0, 0, 0, 0, 0, 0, 0, 0, 0, 0, 0, 0, 0, 0, 0, 0, 0, 0, 0, 0, 0, 0] (0.001s)
  → Boost: time limit 3600s + MIPGap=0.5% (same x + prev TIME_LIMIT)
  Sub: Z₀=10.296608 (180.3s), α=[0.000,0.000,0.000,0.000,0.000,4.559,0.000,0.000,2.036,0.000,0.000,0.000,0.000,0.000,1.668,0.000,0.000,0.000,0.000,0.000,0.000,0.000,0.000,0.000,0.000,0.000,2.440,0.000,0.000,0.000,0.000,0.000,0.000,0.000,0.000,0.000,0.000,0.000]
  Iter 65: LB=10.296608  UB=10.296608  gap=1.65e-09
True-DRO Benders converged at iter 65 (gap=1.65e-09)
  Wall time: 737.61 sec
  OMP  time: mean=0.461s, median=0.580s, max=1.383s
  Sub  time (exact): mean=180.333s, median=180.333s, q90=180.333s, max=180.333s (n=1/65)

Result (double/mb_only): Z₀=10.296608, iters=65, time=737.7s
x arcs = [6, 9]
