============================================================
polska — double [mb_only]: ε̂=0.20, ε̃=0.20, β=0.05
  mini_benders=true, valid_inequality=none
============================================================
Set parameter Username
Set parameter LicenseID to value 2742039
Academic license - for non-commercial use only - expires 2026-11-20
Set parameter Username
Set parameter LicenseID to value 2742039
Academic license - for non-commercial use only - expires 2026-11-20
Set parameter OutputFlag to value 1
Set parameter LogFile to value "global_miqcp.log"
Set parameter Username
Set parameter LicenseID to value 2742039
Academic license - for non-commercial use only - expires 2026-11-20
Set parameter Username
Set parameter LicenseID to value 2742039
Academic license - for non-commercial use only - expires 2026-11-20
Set parameter Username
Set parameter LicenseID to value 2742039
Academic license - for non-commercial use only - expires 2026-11-20
Set parameter Username
Set parameter LicenseID to value 2742039
Academic license - for non-commercial use only - expires 2026-11-20

=== True-DRO Benders iter 1 ===
  OMP: t₀=-10000.000000, UB=Inf, gap=NaN, x=[0, 0, 0, 0, 0, 0, 0, 0, 0, 0, 0, 0, 0, 0, 0, 0, 0, 0, 0, 0, 0, 0, 0, 0, 0, 0, 0, 0, 0, 0, 0, 0, 0, 0, 0, 0] (0.000s)
  Sub: Z₀=23.709824 [LOCAL] (0.2s), α=[0.000,0.000,5.422,0.000,0.000,0.000,0.000,0.000,0.000,0.000,0.000,0.000,0.000,0.000,0.000,0.000,0.000,0.000,0.000,0.000,0.000,0.000,0.000,0.000,0.000,0.000,0.000,0.000,0.000,0.000,0.000,0.000,0.402,4.120,0.000,0.000]
  Iter 1: LB=-10000.000000  UB=Inf  gap=NaN
  Cut: intercept=23.709824, π_x_range=[-823.4304, -801.9827]
  Mini-Benders[1] (mw): LB=-1618.482459, Z₀(α*)=-5.165930, intercept=-76.061627 (0.047s) [OMP=0.003 ISP-L=0.006 ISP-F=0.014 MW-L=0.008 MW-F=0.010]
  Mini-Benders[2] (mw): LB=-187.903831, Z₀(α*)=9.463999, intercept=-70.550524 (0.032s) [OMP=0.002 ISP-L=0.004 ISP-F=0.011 MW-L=0.008 MW-F=0.012]
  Mini-Benders[3] (mw): LB=-148.796706, Z₀(α*)=18.866429, intercept=-21.401268 (0.047s) [OMP=0.007 ISP-L=0.003 ISP-F=0.012 MW-L=0.007 MW-F=0.012]
  Mini-Benders[4] (mw): LB=-121.586681, Z₀(α*)=8.809676, intercept=-30.843895 (0.062s) [OMP=0.019 ISP-L=0.004 ISP-F=0.013 MW-L=0.010 MW-F=0.014]
  Mini-Benders[5] (mw): LB=-100.723261, Z₀(α*)=-9.290543, intercept=-73.204581 (0.046s) [OMP=0.015 ISP-L=0.004 ISP-F=0.011 MW-L=0.009 MW-F=0.013]
Set parameter NonConvex to value 2
Set parameter DualReductions to value 0
  α-step: Z₀=16.129338, α=[0.000,0.000,0.000,0.000,0.000,0.000,0.362,0.000,0.000,0.000,0.000,0.000,0.000,0.000,0.000,0.000,0.000,1.567,0.000,0.000,0.000,0.000,0.000,0.000,1.562,0.000,0.000,0.000,0.000,0.000,0.000,0.000,5.332,1.122,0.000,0.000]
  Alt-Benders[1] (mw): LB=-92.346502, Z₀(α*)=4.360058, intercept=-67.706977 (0.079s) [OMP=0.019 ISP-L=0.004 ISP-F=0.011 MW-L=0.009 MW-F=0.029]
  Alt-Benders[2] (mw): LB=-85.225675, Z₀(α*)=-35.700352, intercept=-100.472159 (0.062s) [OMP=0.019 ISP-L=0.005 ISP-F=0.012 MW-L=0.008 MW-F=0.012]
  Alt-Benders[3] (mw): LB=-77.899354, Z₀(α*)=8.818930, intercept=-38.620805 (0.047s) [OMP=0.023 ISP-L=0.004 ISP-F=0.012 MW-L=0.008 MW-F=0.010]
  Alt-Benders[4] (mw): LB=-77.261084, Z₀(α*)=-2.025117, intercept=-73.880163 (0.062s) [OMP=0.021 ISP-L=0.005 ISP-F=0.012 MW-L=0.009 MW-F=0.011]
  Alt-Benders[5] (mw): LB=-76.404249, Z₀(α*)=-25.597246, intercept=-75.949027 (0.070s) [OMP=0.023 ISP-L=0.003 ISP-F=0.011 MW-L=0.009 MW-F=0.012]
  OMP re-solve: 0.030s

=== True-DRO Benders iter 2 ===
  OMP: t₀=-72.185611, UB=Inf, gap=NaN, x=[0, 0, 0, 0, 0, 1, 0, 0, 0, 0, 0, 0, 0, 0, 0, 0, 0, 0, 0, 0, 0, 0, 1, 0, 0, 0, 0, 0, 0, 0, 0, 0, 0, 0, 0, 0] (0.000s)
  Sub: Z₀=16.250104 [LOCAL] (0.1s), α=[0.000,0.000,0.000,0.000,0.000,9.058,0.000,0.000,0.000,0.000,0.000,0.000,0.000,0.887,0.000,0.000,0.000,0.000,0.000,0.000,0.000,0.000,0.000,0.000,0.000,0.000,0.000,0.000,0.000,0.000,0.000,0.000,0.000,0.000,0.000,0.000]
  Iter 2: LB=-72.185611  UB=Inf  gap=NaN
  Cut: intercept=-1135.209749, π_x_range=[-818.7519, 580.2551]
  Mini-Benders[1] (mw): LB=-69.122226, Z₀(α*)=12.126103, intercept=-81.915644 (0.078s) [OMP=0.041 ISP-L=0.003 ISP-F=0.011 MW-L=0.007 MW-F=0.010]
  Mini-Benders[2] (mw): LB=-67.297508, Z₀(α*)=-39.528532, intercept=-65.033026 (0.062s) [OMP=0.037 ISP-L=0.003 ISP-F=0.010 MW-L=0.008 MW-F=0.012]
  Mini-Benders[3] (mw): LB=-66.955174, Z₀(α*)=-29.344636, intercept=-57.103286 (0.110s) [OMP=0.058 ISP-L=0.004 ISP-F=0.012 MW-L=0.010 MW-F=0.023]
  Mini-Benders[4] (mw): LB=-64.333233, Z₀(α*)=-58.037850, intercept=-61.821606 (0.094s) [OMP=0.052 ISP-L=0.004 ISP-F=0.011 MW-L=0.008 MW-F=0.010]
  Mini-Benders[5] (mw): LB=-61.156707, Z₀(α*)=-22.318042, intercept=-80.025561 (0.078s) [OMP=0.040 ISP-L=0.003 ISP-F=0.011 MW-L=0.007 MW-F=0.010]
  α-step: Z₀=15.269277, α=[0.000,0.000,9.944,0.000,0.000,0.000,0.000,0.000,0.000,0.000,0.000,0.000,0.000,0.000,0.000,0.000,0.000,0.000,0.000,0.000,0.000,0.000,0.000,0.000,0.000,0.000,0.000,0.000,0.000,0.000,0.000,0.000,0.000,0.000,0.000,0.000]
  Alt-Benders[1] (mw): LB=-59.127694, Z₀(α*)=-6.979491, intercept=-77.652268 (0.063s) [OMP=0.036 ISP-L=0.004 ISP-F=0.011 MW-L=0.008 MW-F=0.012]
  Alt-Benders[2] (mw): LB=-58.584882, Z₀(α*)=-37.375726, intercept=-27.363864 (0.078s) [OMP=0.036 ISP-L=0.004 ISP-F=0.012 MW-L=0.007 MW-F=0.011]
  Alt-Benders[3] (mw): LB=-58.037852, Z₀(α*)=-62.609632, intercept=-68.695758 (0.078s) [OMP=0.034 ISP-L=0.004 ISP-F=0.011 MW-L=0.008 MW-F=0.013]
  Alt-Benders[4] (mw): LB=-58.037852, Z₀(α*)=-62.609632, intercept=-68.695758 (0.063s) [OMP=0.035 ISP-L=0.004 ISP-F=0.011 MW-L=0.007 MW-F=0.013]
  Alt-Benders[5] (mw): LB=-58.037852, Z₀(α*)=-62.609632, intercept=-68.695758 (0.099s) [OMP=0.035 ISP-L=0.004 ISP-F=0.011 MW-L=0.024 MW-F=0.014]
  OMP re-solve: 0.035s

=== True-DRO Benders iter 3 ===
  OMP: t₀=-58.037852, UB=Inf, gap=NaN, x=[0, 0, 0, 0, 0, 0, 0, 0, 0, 0, 0, 0, 1, 0, 0, 0, 0, 0, 0, 0, 0, 0, 0, 0, 0, 0, 0, 0, 0, 0, 0, 0, 1, 0, 0, 0] (0.000s)
  Sub: Z₀=18.839479 [LOCAL] (0.4s), α=[0.000,0.000,2.038,0.000,0.000,0.000,0.000,0.000,0.000,0.000,0.000,0.000,0.000,0.000,0.000,0.000,0.000,0.000,0.000,0.000,0.000,0.000,0.000,0.000,0.000,0.000,0.000,0.000,0.000,0.000,0.000,0.000,0.039,7.868,0.000,0.000]
  Iter 3: LB=-58.037852  UB=Inf  gap=NaN
  Cut: intercept=-1127.728171, π_x_range=[-822.6851, 582.7084]
  Mini-Benders[1] (mw): LB=-56.786420, Z₀(α*)=20.204291, intercept=-15.868293 (0.131s) [OMP=0.062 ISP-L=0.007 ISP-F=0.018 MW-L=0.016 MW-F=0.023]
  Mini-Benders[2] (mw): LB=-56.274684, Z₀(α*)=4.084002, intercept=-69.893302 (0.186s) [OMP=0.116 ISP-L=0.008 ISP-F=0.021 MW-L=0.018 MW-F=0.020]
  Mini-Benders[3] (mw): LB=-55.959067, Z₀(α*)=17.269307, intercept=-50.201493 (0.142s) [OMP=0.114 ISP-L=0.004 ISP-F=0.014 MW-L=0.010 MW-F=0.010]
  Mini-Benders[4] (mw): LB=-55.355751, Z₀(α*)=2.113467, intercept=-39.316795 (0.157s) [OMP=0.105 ISP-L=0.004 ISP-F=0.013 MW-L=0.010 MW-F=0.011]
  Mini-Benders[5] (mw): LB=-52.250867, Z₀(α*)=-29.236222, intercept=-82.038914 (0.172s) [OMP=0.135 ISP-L=0.004 ISP-F=0.014 MW-L=0.011 MW-F=0.014]
  α-step: Z₀=15.157332, α=[0.000,0.000,2.056,0.000,0.000,0.000,0.000,0.000,0.000,0.000,0.000,0.000,0.000,0.000,0.000,0.000,0.000,3.007,0.000,0.000,0.000,0.000,0.000,0.000,0.000,0.000,0.000,0.000,0.000,0.000,0.000,0.000,0.639,4.242,0.000,0.000]
  Alt-Benders[1] (mw): LB=-49.139277, Z₀(α*)=14.005165, intercept=-62.361598 (0.140s) [OMP=0.107 ISP-L=0.004 ISP-F=0.011 MW-L=0.008 MW-F=0.010]
  Alt-Benders[2] (mw): LB=-48.864452, Z₀(α*)=12.925101, intercept=-42.005768 (0.120s) [OMP=0.068 ISP-L=0.004 ISP-F=0.012 MW-L=0.008 MW-F=0.012]
  Alt-Benders[3] (mw): LB=-46.857468, Z₀(α*)=12.773388, intercept=-32.403541 (0.068s) [OMP=0.047 ISP-L=0.004 ISP-F=0.012 MW-L=0.008 MW-F=0.010]
  Alt-Benders[4] (mw): LB=-46.181857, Z₀(α*)=17.959367, intercept=-42.862321 (0.094s) [OMP=0.059 ISP-L=0.004 ISP-F=0.011 MW-L=0.008 MW-F=0.009]
  Alt-Benders[5] (mw): LB=-44.469855, Z₀(α*)=16.368187, intercept=-55.057205 (0.078s) [OMP=0.048 ISP-L=0.004 ISP-F=0.010 MW-L=0.008 MW-F=0.009]
  OMP re-solve: 0.044s

=== True-DRO Benders iter 4 ===
  OMP: t₀=-43.976026, UB=Inf, gap=NaN, x=[0, 0, 0, 0, 0, 0, 1, 0, 0, 0, 0, 0, 0, 0, 0, 0, 0, 0, 0, 0, 0, 0, 0, 0, 1, 0, 0, 0, 0, 0, 0, 0, 0, 0, 0, 0] (0.000s)
  Sub: Z₀=20.067033 [LOCAL] (0.1s), α=[0.000,0.000,0.000,0.000,0.000,0.000,2.024,0.000,0.000,0.000,0.000,0.000,0.000,0.000,0.000,0.000,0.000,4.162,0.000,0.000,0.000,0.000,0.000,0.000,3.758,0.000,0.000,0.000,0.000,0.000,0.000,0.000,0.000,0.000,0.000,0.000]
  Iter 4: LB=-43.976026  UB=Inf  gap=NaN
  Cut: intercept=-1108.087105, π_x_range=[-821.9047, 577.8362]
  Mini-Benders[1] (mw): LB=-40.274235, Z₀(α*)=14.905713, intercept=-61.937851 (0.078s) [OMP=0.043 ISP-L=0.004 ISP-F=0.012 MW-L=0.007 MW-F=0.012]
  Mini-Benders[2] (mw): LB=-39.528534, Z₀(α*)=-17.055933, intercept=-77.811885 (0.125s) [OMP=0.072 ISP-L=0.003 ISP-F=0.009 MW-L=0.018 MW-F=0.011]
  Mini-Benders[3] (mw): LB=-39.247841, Z₀(α*)=-9.410031, intercept=-24.207257 (0.094s) [OMP=0.071 ISP-L=0.004 ISP-F=0.013 MW-L=0.007 MW-F=0.010]
  Mini-Benders[4] (mw): LB=-37.686430, Z₀(α*)=-14.407817, intercept=-58.121946 (0.125s) [OMP=0.091 ISP-L=0.003 ISP-F=0.010 MW-L=0.007 MW-F=0.012]
  Mini-Benders[5] (mw): LB=-36.856021, Z₀(α*)=-22.369112, intercept=-66.819478 (0.110s) [OMP=0.078 ISP-L=0.004 ISP-F=0.010 MW-L=0.008 MW-F=0.011]
  α-step: Z₀=14.921725, α=[0.000,0.000,5.817,0.000,0.000,0.291,0.000,0.000,0.000,0.000,0.000,0.000,0.000,0.127,0.000,0.000,0.000,3.531,0.000,0.000,0.000,0.000,0.000,0.000,0.000,0.000,0.000,0.000,0.000,0.076,0.103,0.000,0.000,0.000,0.000,0.000]
  Alt-Benders[1] (mw): LB=-35.700354, Z₀(α*)=-45.999117, intercept=-100.663366 (0.109s) [OMP=0.077 ISP-L=0.004 ISP-F=0.010 MW-L=0.007 MW-F=0.009]
  Alt-Benders[2] (mw): LB=-35.700354, Z₀(α*)=-45.999117, intercept=-100.663366 (0.078s) [OMP=0.043 ISP-L=0.003 ISP-F=0.010 MW-L=0.007 MW-F=0.010]
  Alt-Benders[3] (mw): LB=-35.700354, Z₀(α*)=-45.999117, intercept=-100.663366 (0.079s) [OMP=0.039 ISP-L=0.003 ISP-F=0.010 MW-L=0.008 MW-F=0.024]
  Alt-Benders[4]: LB stagnated, break
  OMP re-solve: 0.000s

=== True-DRO Benders iter 5 ===
  OMP: t₀=-35.700354, UB=Inf, gap=NaN, x=[0, 0, 0, 0, 0, 0, 0, 0, 0, 0, 0, 0, 1, 0, 0, 0, 0, 0, 0, 0, 0, 0, 0, 0, 0, 0, 0, 0, 0, 0, 0, 0, 0, 1, 0, 0] (0.000s)
  Sub: Z₀=15.563693 (8.4s), α=[0.000,0.000,0.000,0.000,0.000,0.000,0.000,0.000,0.000,0.000,0.000,0.000,1.848,0.209,0.000,0.000,0.000,0.000,0.000,0.000,0.000,0.000,0.000,0.000,0.000,0.000,0.000,0.000,0.000,0.000,0.000,0.000,0.000,7.888,0.000,0.000]
  Iter 5: LB=-35.700354  UB=15.563693  gap=3.29e+00
  Cut: intercept=-152.584620, π_x_range=[-262.0000, 100.1337]
  Sherali-Cut: intercept=-100.808435, π_x_range=[-48.9954, 60.7154]
  Mini-Benders[1] (mw): LB=-34.412523, Z₀(α*)=-11.422354, intercept=-14.034728 (0.172s) [OMP=0.130 ISP-L=0.003 ISP-F=0.011 MW-L=0.008 MW-F=0.012]
  Mini-Benders[2] (mw): LB=-34.384046, Z₀(α*)=5.216181, intercept=-64.941064 (0.281s) [OMP=0.246 ISP-L=0.004 ISP-F=0.012 MW-L=0.008 MW-F=0.012]
  Mini-Benders[3] (mw): LB=-31.161804, Z₀(α*)=-8.473858, intercept=-28.547881 (0.282s) [OMP=0.242 ISP-L=0.004 ISP-F=0.011 MW-L=0.009 MW-F=0.009]
  Mini-Benders[4] (mw): LB=-31.014720, Z₀(α*)=0.576584, intercept=-39.477464 (0.141s) [OMP=0.114 ISP-L=0.004 ISP-F=0.010 MW-L=0.007 MW-F=0.010]
  Mini-Benders[5] (mw): LB=-30.911856, Z₀(α*)=-20.432846, intercept=-27.332034 (0.171s) [OMP=0.132 ISP-L=0.004 ISP-F=0.011 MW-L=0.021 MW-F=0.011]
  α-step: Z₀=18.337463, α=[0.000,0.000,5.422,0.000,0.000,0.000,0.000,0.000,0.000,0.000,0.000,0.000,0.000,0.000,0.000,0.000,0.000,0.000,0.000,0.000,0.000,0.000,0.000,0.000,0.000,0.000,0.000,0.000,0.000,0.000,0.000,0.000,1.735,2.787,0.000,0.000]
  Alt-Benders[1] (mw): LB=-30.350898, Z₀(α*)=15.294674, intercept=-13.534641 (0.187s) [OMP=0.147 ISP-L=0.004 ISP-F=0.010 MW-L=0.008 MW-F=0.010]
  Alt-Benders[2] (mw): LB=-29.986726, Z₀(α*)=17.188333, intercept=-25.808917 (0.251s) [OMP=0.217 ISP-L=0.004 ISP-F=0.010 MW-L=0.008 MW-F=0.012]
  Alt-Benders[3] (mw): LB=-29.331497, Z₀(α*)=22.287197, intercept=5.376769 (0.249s) [OMP=0.218 ISP-L=0.004 ISP-F=0.011 MW-L=0.009 MW-F=0.011]
  Alt-Benders[4] (mw): LB=-26.980611, Z₀(α*)=2.655184, intercept=-65.481054 (0.360s) [OMP=0.321 ISP-L=0.004 ISP-F=0.011 MW-L=0.007 MW-F=0.009]
  Alt-Benders[5] (mw): LB=-26.194802, Z₀(α*)=-0.959424, intercept=-91.455180 (0.234s) [OMP=0.206 ISP-L=0.004 ISP-F=0.012 MW-L=0.008 MW-F=0.011]
  OMP re-solve: 0.249s

=== True-DRO Benders iter 6 ===
  OMP: t₀=-25.597248, UB=15.563693, gap=2.64e+00, x=[0, 0, 1, 0, 0, 0, 0, 0, 0, 0, 0, 0, 0, 0, 0, 0, 0, 0, 0, 0, 0, 0, 1, 0, 0, 0, 0, 0, 0, 0, 0, 0, 0, 0, 0, 0] (0.000s)
  Sub: Z₀=19.016512 [LOCAL] (0.2s), α=[0.000,0.000,9.733,0.000,0.000,0.026,0.000,0.000,0.000,0.000,0.000,0.000,0.000,0.186,0.000,0.000,0.000,0.000,0.000,0.000,0.000,0.000,0.000,0.000,0.000,0.000,0.000,0.000,0.000,0.000,0.000,0.000,0.000,0.000,0.000,0.000]
  Iter 6: LB=-25.597248  UB=15.563693  gap=2.64e+00
  Cut: intercept=-1123.089731, π_x_range=[-821.0350, 574.7540]
  Mini-Benders[1] (mw): LB=-25.423515, Z₀(α*)=18.685693, intercept=-22.344510 (0.266s) [OMP=0.225 ISP-L=0.004 ISP-F=0.011 MW-L=0.007 MW-F=0.010]
  Mini-Benders[2] (mw): LB=-24.872999, Z₀(α*)=2.071002, intercept=-14.571602 (0.218s) [OMP=0.191 ISP-L=0.004 ISP-F=0.011 MW-L=0.007 MW-F=0.010]
  Mini-Benders[3] (mw): LB=-24.661281, Z₀(α*)=9.611929, intercept=-86.474520 (0.326s) [OMP=0.280 ISP-L=0.004 ISP-F=0.011 MW-L=0.008 MW-F=0.014]
  Mini-Benders[4] (mw): LB=-24.163932, Z₀(α*)=-4.207396, intercept=-24.498280 (0.298s) [OMP=0.266 ISP-L=0.005 ISP-F=0.014 MW-L=0.008 MW-F=0.011]
  Mini-Benders[5] (mw): LB=-23.983363, Z₀(α*)=10.306940, intercept=-104.200817 (0.329s) [OMP=0.299 ISP-L=0.004 ISP-F=0.011 MW-L=0.010 MW-F=0.011]
  α-step: Z₀=16.557238, α=[0.000,0.000,0.000,0.000,0.000,0.000,0.000,0.000,0.000,0.000,0.000,0.000,0.000,0.000,0.000,0.000,0.000,9.944,0.000,0.000,0.000,0.000,0.000,0.000,0.000,0.000,0.000,0.000,0.000,0.000,0.000,0.000,0.000,0.000,0.000,0.000]
  Alt-Benders[1] (mw): LB=-22.973346, Z₀(α*)=-19.967480, intercept=-41.691297 (0.297s) [OMP=0.257 ISP-L=0.004 ISP-F=0.011 MW-L=0.008 MW-F=0.011]
  Alt-Benders[2] (mw): LB=-22.318044, Z₀(α*)=-21.597512, intercept=-67.190681 (0.297s) [OMP=0.249 ISP-L=0.005 ISP-F=0.013 MW-L=0.023 MW-F=0.010]
  Alt-Benders[3] (mw): LB=-21.597514, Z₀(α*)=-21.597512, intercept=-67.190681 (0.359s) [OMP=0.312 ISP-L=0.004 ISP-F=0.013 MW-L=0.009 MW-F=0.011]
  Alt-Benders[4] (mw): LB=-21.597514, Z₀(α*)=-21.597512, intercept=-67.190681 (0.345s) [OMP=0.309 ISP-L=0.004 ISP-F=0.012 MW-L=0.007 MW-F=0.010]
  Alt-Benders[5] (mw): LB=-21.597514, Z₀(α*)=-21.597512, intercept=-67.190681 (0.343s) [OMP=0.311 ISP-L=0.004 ISP-F=0.014 MW-L=0.009 MW-F=0.012]
  OMP re-solve: 0.302s

=== True-DRO Benders iter 7 ===
  OMP: t₀=-21.597514, UB=15.563693, gap=2.39e+00, x=[0, 0, 0, 0, 0, 0, 0, 0, 0, 0, 0, 0, 0, 0, 0, 0, 0, 0, 0, 0, 0, 1, 1, 0, 0, 0, 0, 0, 0, 0, 0, 0, 0, 0, 0, 0] (0.000s)
  Sub: Z₀=20.460684 [LOCAL] (0.1s), α=[0.000,0.000,2.237,0.000,0.000,0.000,0.000,0.000,0.000,0.000,0.000,0.000,0.000,0.000,0.000,0.000,0.000,0.000,0.000,0.000,0.000,1.775,4.597,0.000,0.000,0.000,0.000,0.000,0.000,0.000,0.000,0.000,1.336,0.000,0.000,0.000]
  Iter 7: LB=-21.597514  UB=15.563693  gap=2.39e+00
  Cut: intercept=-1120.412991, π_x_range=[-821.7567, 575.0560]
  Mini-Benders[1] (mw): LB=-21.488922, Z₀(α*)=1.188459, intercept=-17.038457 (0.204s) [OMP=0.169 ISP-L=0.004 ISP-F=0.012 MW-L=0.007 MW-F=0.011]
  Mini-Benders[2] (mw): LB=-20.432848, Z₀(α*)=-12.022663, intercept=-25.826848 (0.405s) [OMP=0.360 ISP-L=0.005 ISP-F=0.014 MW-L=0.009 MW-F=0.012]
  Mini-Benders[3] (mw): LB=-19.967482, Z₀(α*)=-15.094453, intercept=-39.496814 (0.407s) [OMP=0.368 ISP-L=0.004 ISP-F=0.011 MW-L=0.009 MW-F=0.022]
  Mini-Benders[4] (mw): LB=-19.830714, Z₀(α*)=-28.191203, intercept=-26.568151 (0.282s) [OMP=0.247 ISP-L=0.003 ISP-F=0.012 MW-L=0.008 MW-F=0.009]
  Mini-Benders[5] (mw): LB=-19.830714, Z₀(α*)=-28.191203, intercept=-26.568151 (0.280s) [OMP=0.235 ISP-L=0.005 ISP-F=0.016 MW-L=0.010 MW-F=0.012]
  α-step: Z₀=17.781870, α=[0.000,0.000,9.944,0.000,0.000,0.000,0.000,0.000,0.000,0.000,0.000,0.000,0.000,0.000,0.000,0.000,0.000,0.000,0.000,0.000,0.000,0.000,0.000,0.000,0.000,0.000,0.000,0.000,0.000,0.000,0.000,0.000,0.000,0.000,0.000,0.000]
  Alt-Benders[1] (mw): LB=-19.651667, Z₀(α*)=18.902951, intercept=-41.358706 (0.297s) [OMP=0.264 ISP-L=0.004 ISP-F=0.009 MW-L=0.007 MW-F=0.011]
  Alt-Benders[2] (mw): LB=-18.515234, Z₀(α*)=-31.001164, intercept=-62.310389 (0.281s) [OMP=0.256 ISP-L=0.004 ISP-F=0.011 MW-L=0.008 MW-F=0.011]
  Alt-Benders[3] (mw): LB=-18.515234, Z₀(α*)=-31.001164, intercept=-62.310389 (0.266s) [OMP=0.226 ISP-L=0.005 ISP-F=0.011 MW-L=0.007 MW-F=0.010]
  Alt-Benders[4] (mw): LB=-18.515234, Z₀(α*)=-31.001164, intercept=-62.310389 (0.250s) [OMP=0.218 ISP-L=0.004 ISP-F=0.011 MW-L=0.008 MW-F=0.010]
  Alt-Benders[5]: LB stagnated, break
  OMP re-solve: 0.000s

=== True-DRO Benders iter 8 ===
  OMP: t₀=-18.515234, UB=15.563693, gap=2.19e+00, x=[0, 0, 0, 0, 0, 0, 0, 0, 0, 0, 0, 0, 0, 0, 0, 0, 0, 0, 0, 0, 0, 0, 1, 0, 0, 0, 0, 0, 0, 0, 0, 0, 0, 1, 0, 0] (0.000s)
  Sub: Z₀=19.709591 [LOCAL] (0.2s), α=[0.000,0.000,2.463,0.000,0.000,0.000,0.000,0.000,0.000,0.000,0.000,0.000,0.000,0.634,0.000,0.000,0.000,0.045,0.000,0.000,0.000,0.000,0.189,0.000,0.000,0.000,0.000,0.000,0.000,0.000,0.000,0.000,0.012,6.602,0.000,0.000]
  Iter 8: LB=-18.515234  UB=15.563693  gap=2.19e+00
  Cut: intercept=-1111.601577, π_x_range=[-820.9817, 577.7713]
  Mini-Benders[1] (mw): LB=-17.249240, Z₀(α*)=13.882828, intercept=7.895158 (0.224s) [OMP=0.207 ISP-L=0.003 ISP-F=0.011 MW-L=0.008 MW-F=0.009]
  Mini-Benders[2] (mw): LB=-17.055935, Z₀(α*)=5.224292, intercept=-84.985463 (0.234s) [OMP=0.203 ISP-L=0.004 ISP-F=0.012 MW-L=0.008 MW-F=0.012]
  Mini-Benders[3] (mw): LB=-16.700460, Z₀(α*)=1.271880, intercept=-47.833526 (0.250s) [OMP=0.214 ISP-L=0.004 ISP-F=0.011 MW-L=0.007 MW-F=0.009]
  Mini-Benders[4] (mw): LB=-16.361041, Z₀(α*)=-10.198940, intercept=-26.409706 (0.284s) [OMP=0.247 ISP-L=0.004 ISP-F=0.012 MW-L=0.009 MW-F=0.011]
  Mini-Benders[5] (mw): LB=-16.090119, Z₀(α*)=10.775093, intercept=-8.718413 (0.250s) [OMP=0.211 ISP-L=0.003 ISP-F=0.012 MW-L=0.008 MW-F=0.009]
  α-step: Z₀=17.388770, α=[0.000,0.000,5.063,0.000,0.000,0.000,0.000,0.000,0.000,0.000,0.000,0.000,0.000,0.000,0.000,0.000,0.000,0.000,0.000,0.000,0.000,0.000,0.000,0.000,0.000,0.000,0.000,0.000,0.000,0.000,0.000,0.000,0.000,4.881,0.000,0.000]
  Alt-Benders[1] (mw): LB=-15.094455, Z₀(α*)=-2.769235, intercept=-35.547114 (0.234s) [OMP=0.194 ISP-L=0.004 ISP-F=0.012 MW-L=0.008 MW-F=0.010]
  Alt-Benders[2] (mw): LB=-14.637488, Z₀(α*)=2.189665, intercept=-32.266515 (0.219s) [OMP=0.182 ISP-L=0.004 ISP-F=0.010 MW-L=0.019 MW-F=0.010]
  Alt-Benders[3] (mw): LB=-14.440617, Z₀(α*)=6.116685, intercept=-15.530827 (0.219s) [OMP=0.175 ISP-L=0.003 ISP-F=0.011 MW-L=0.008 MW-F=0.009]
  Alt-Benders[4] (mw): LB=-14.407819, Z₀(α*)=17.875787, intercept=-43.012099 (0.203s) [OMP=0.178 ISP-L=0.004 ISP-F=0.010 MW-L=0.008 MW-F=0.011]
  Alt-Benders[5] (mw): LB=-13.535499, Z₀(α*)=16.859216, intercept=-7.050997 (0.203s) [OMP=0.159 ISP-L=0.004 ISP-F=0.012 MW-L=0.008 MW-F=0.010]
  OMP re-solve: 0.169s

=== True-DRO Benders iter 9 ===
  OMP: t₀=-13.478483, UB=15.563693, gap=1.87e+00, x=[0, 0, 0, 0, 0, 0, 0, 0, 0, 0, 0, 0, 0, 0, 0, 0, 0, 0, 0, 1, 0, 1, 0, 0, 0, 0, 0, 0, 0, 0, 0, 0, 0, 0, 0, 0] (0.000s)
  Sub: Z₀=22.811307 [LOCAL] (0.2s), α=[0.000,0.000,4.858,0.000,0.000,0.000,0.000,0.000,0.000,0.000,0.000,0.000,0.000,0.437,0.000,0.000,0.000,0.255,0.000,0.000,0.000,0.000,0.000,0.000,0.000,0.000,0.000,0.000,0.000,0.039,0.143,0.000,4.127,0.086,0.000,0.000]
  Iter 9: LB=-13.478483  UB=15.563693  gap=1.87e+00
  Cut: intercept=-1127.458119, π_x_range=[-822.7844, 580.8053]
  Mini-Benders[1] (mw): LB=-12.617967, Z₀(α*)=21.373850, intercept=4.988804 (0.204s) [OMP=0.163 ISP-L=0.004 ISP-F=0.011 MW-L=0.008 MW-F=0.011]
  Mini-Benders[2] (mw): LB=-12.022665, Z₀(α*)=-0.580879, intercept=-23.131540 (0.187s) [OMP=0.159 ISP-L=0.004 ISP-F=0.012 MW-L=0.007 MW-F=0.010]
  Mini-Benders[3] (mw): LB=-11.625850, Z₀(α*)=6.639535, intercept=-41.498382 (0.219s) [OMP=0.162 ISP-L=0.004 ISP-F=0.012 MW-L=0.008 MW-F=0.023]
  Mini-Benders[4] (mw): LB=-11.344488, Z₀(α*)=17.917811, intercept=1.620758 (0.187s) [OMP=0.161 ISP-L=0.004 ISP-F=0.011 MW-L=0.009 MW-F=0.011]
  Mini-Benders[5] (mw): LB=-10.401125, Z₀(α*)=18.758672, intercept=-42.964706 (0.188s) [OMP=0.139 ISP-L=0.003 ISP-F=0.012 MW-L=0.008 MW-F=0.012]
  α-step: Z₀=20.787827, α=[0.000,0.000,0.099,0.000,0.000,0.000,0.000,0.000,0.000,0.000,0.000,0.000,0.000,2.143,0.000,0.000,0.000,3.580,0.000,0.000,0.000,0.000,1.328,0.000,0.000,0.000,0.000,0.000,0.000,0.000,0.000,0.000,0.000,2.795,0.000,0.000]
  Alt-Benders[1] (mw): LB=-10.045808, Z₀(α*)=13.677956, intercept=-60.399381 (0.219s) [OMP=0.179 ISP-L=0.004 ISP-F=0.011 MW-L=0.008 MW-F=0.010]
  Alt-Benders[2] (mw): LB=-9.499675, Z₀(α*)=6.846231, intercept=-26.051090 (0.203s) [OMP=0.166 ISP-L=0.004 ISP-F=0.011 MW-L=0.008 MW-F=0.009]
  Alt-Benders[3] (mw): LB=-9.410033, Z₀(α*)=17.091673, intercept=-21.631391 (0.188s) [OMP=0.159 ISP-L=0.004 ISP-F=0.012 MW-L=0.007 MW-F=0.010]
  Alt-Benders[4] (mw): LB=-9.290545, Z₀(α*)=-9.403080, intercept=-68.103541 (0.203s) [OMP=0.160 ISP-L=0.004 ISP-F=0.012 MW-L=0.008 MW-F=0.013]
  Alt-Benders[5] (mw): LB=-9.290545, Z₀(α*)=-9.403080, intercept=-68.103541 (0.187s) [OMP=0.150 ISP-L=0.004 ISP-F=0.012 MW-L=0.019 MW-F=0.013]
  OMP re-solve: 0.159s

=== True-DRO Benders iter 10 ===
  OMP: t₀=-9.290545, UB=15.563693, gap=1.60e+00, x=[0, 0, 0, 0, 0, 1, 0, 0, 0, 0, 0, 0, 0, 0, 0, 0, 0, 0, 0, 0, 0, 0, 0, 0, 0, 0, 0, 0, 0, 0, 0, 0, 1, 0, 0, 0] (0.000s)
  Sub: Z₀=15.897127 [TIME_LIMIT] (15.1s), α=[0.000,0.000,0.000,0.000,0.000,2.192,0.000,0.000,0.000,0.000,0.000,0.000,0.000,0.000,0.000,0.000,0.000,0.000,0.000,0.000,0.000,0.000,0.000,0.000,0.000,0.000,0.000,0.000,0.000,0.000,0.000,0.000,7.209,0.544,0.000,0.000]
  Iter 10: LB=-9.290545  UB=15.563693  gap=1.60e+00
  Cut: intercept=-108.888023, π_x_range=[-239.0000, 73.4380]
  Mini-Benders[1] (mw): LB=-8.984912, Z₀(α*)=-35.302929, intercept=-63.368243 (0.344s) [OMP=0.309 ISP-L=0.004 ISP-F=0.013 MW-L=0.009 MW-F=0.011]
  Mini-Benders[2] (mw): LB=-8.984912, Z₀(α*)=-35.302929, intercept=-63.368243 (0.312s) [OMP=0.283 ISP-L=0.004 ISP-F=0.012 MW-L=0.008 MW-F=0.011]
  Mini-Benders[3] (mw): LB=-8.984912, Z₀(α*)=-35.302929, intercept=-63.368243 (0.328s) [OMP=0.290 ISP-L=0.003 ISP-F=0.011 MW-L=0.008 MW-F=0.011]
  Mini-Benders[4]: LB stagnated, break
  α-step: Z₀=17.107720, α=[0.000,0.000,4.139,0.000,0.000,0.000,0.000,0.000,0.000,0.000,0.000,0.000,0.000,0.000,0.000,0.000,0.000,2.084,0.000,0.000,0.000,0.000,0.000,0.000,0.000,0.000,0.000,0.000,0.000,0.000,0.000,0.000,2.143,1.579,0.000,0.000]
  Alt-Benders[1] (mw): LB=-8.755369, Z₀(α*)=5.189022, intercept=-12.775702 (0.297s) [OMP=0.268 ISP-L=0.004 ISP-F=0.011 MW-L=0.009 MW-F=0.009]
  Alt-Benders[2] (mw): LB=-8.473860, Z₀(α*)=3.465204, intercept=-23.623983 (0.297s) [OMP=0.241 ISP-L=0.005 ISP-F=0.013 MW-L=0.009 MW-F=0.027]
  Alt-Benders[3] (mw): LB=-7.905016, Z₀(α*)=7.553361, intercept=-37.199237 (0.281s) [OMP=0.253 ISP-L=0.004 ISP-F=0.011 MW-L=0.009 MW-F=0.011]
  Alt-Benders[4] (mw): LB=-7.377637, Z₀(α*)=8.158526, intercept=-29.440260 (0.297s) [OMP=0.246 ISP-L=0.004 ISP-F=0.014 MW-L=0.010 MW-F=0.011]
  Alt-Benders[5] (mw): LB=-7.231554, Z₀(α*)=16.276382, intercept=-60.869689 (0.300s) [OMP=0.256 ISP-L=0.004 ISP-F=0.015 MW-L=0.009 MW-F=0.011]
  OMP re-solve: 0.260s

=== True-DRO Benders iter 11 ===
  OMP: t₀=-6.979493, UB=15.563693, gap=1.45e+00, x=[0, 0, 0, 0, 0, 0, 0, 0, 0, 1, 0, 0, 1, 0, 0, 0, 0, 0, 0, 0, 0, 0, 0, 0, 0, 0, 0, 0, 0, 0, 0, 0, 0, 0, 0, 0] (0.000s)
  Sub: Z₀=18.085381 [LOCAL] (0.2s), α=[0.000,0.000,5.422,0.000,0.000,0.000,0.000,0.000,0.000,0.000,0.000,0.000,0.000,0.000,0.000,0.000,0.000,0.000,0.000,0.000,0.000,0.000,0.000,0.000,0.000,0.000,0.000,0.000,0.000,0.000,0.000,0.000,0.000,4.522,0.000,0.000]
  Iter 11: LB=-6.979493  UB=15.563693  gap=1.45e+00
  Cut: intercept=-1112.608053, π_x_range=[-823.0016, 568.4530]
  Mini-Benders[1] (mw): LB=-6.731637, Z₀(α*)=22.121862, intercept=13.775696 (0.250s) [OMP=0.211 ISP-L=0.004 ISP-F=0.013 MW-L=0.008 MW-F=0.011]
  Mini-Benders[2] (mw): LB=-5.261752, Z₀(α*)=22.273708, intercept=19.455358 (0.282s) [OMP=0.253 ISP-L=0.004 ISP-F=0.012 MW-L=0.008 MW-F=0.018]
  Mini-Benders[3] (mw): LB=-5.165932, Z₀(α*)=-5.165931, intercept=-76.061625 (0.265s) [OMP=0.225 ISP-L=0.004 ISP-F=0.011 MW-L=0.008 MW-F=0.012]
  Mini-Benders[4] (mw): LB=-5.165932, Z₀(α*)=-5.165931, intercept=-76.061625 (0.281s) [OMP=0.227 ISP-L=0.004 ISP-F=0.010 MW-L=0.009 MW-F=0.023]
  Mini-Benders[5] (mw): LB=-5.165932, Z₀(α*)=-5.165931, intercept=-76.061625 (0.250s) [OMP=0.226 ISP-L=0.004 ISP-F=0.010 MW-L=0.008 MW-F=0.012]
  α-step: Z₀=17.450141, α=[0.000,0.000,0.000,0.000,0.000,0.750,0.000,0.000,0.000,0.000,0.000,0.000,0.000,1.873,0.000,0.000,0.000,3.839,0.000,0.000,0.000,0.000,0.000,0.000,0.000,0.000,0.000,0.000,0.000,0.000,0.000,0.000,0.996,2.487,0.000,0.000]
  Alt-Benders[1] (mw): LB=-4.542890, Z₀(α*)=16.951187, intercept=-43.743515 (0.266s) [OMP=0.237 ISP-L=0.004 ISP-F=0.011 MW-L=0.007 MW-F=0.010]
  Alt-Benders[2] (mw): LB=-4.539513, Z₀(α*)=6.947669, intercept=-34.354036 (0.281s) [OMP=0.241 ISP-L=0.005 ISP-F=0.014 MW-L=0.011 MW-F=0.011]
  Alt-Benders[3] (mw): LB=-4.507419, Z₀(α*)=4.400077, intercept=-56.898064 (0.391s) [OMP=0.338 ISP-L=0.005 ISP-F=0.014 MW-L=0.009 MW-F=0.012]
  Alt-Benders[4] (mw): LB=-4.290210, Z₀(α*)=8.607282, intercept=-54.689653 (0.375s) [OMP=0.341 ISP-L=0.004 ISP-F=0.011 MW-L=0.009 MW-F=0.009]
  Alt-Benders[5] (mw): LB=-4.096911, Z₀(α*)=11.695513, intercept=-27.438630 (0.359s) [OMP=0.326 ISP-L=0.004 ISP-F=0.013 MW-L=0.009 MW-F=0.012]
  OMP re-solve: 0.341s

=== True-DRO Benders iter 12 ===
  OMP: t₀=-4.010446, UB=15.563693, gap=1.26e+00, x=[0, 0, 0, 0, 0, 0, 0, 0, 0, 0, 0, 0, 0, 0, 0, 0, 0, 0, 0, 0, 0, 1, 0, 0, 1, 0, 0, 0, 0, 0, 0, 0, 0, 0, 0, 0] (0.000s)
  Sub: Z₀=20.985481 [LOCAL] (0.2s), α=[0.000,0.000,0.000,0.000,0.000,0.000,0.049,0.000,0.000,0.000,0.000,0.000,0.000,0.000,0.000,0.000,0.000,4.614,0.000,0.000,0.000,0.000,0.000,0.000,2.252,0.000,0.000,0.000,0.000,0.000,0.000,0.000,2.933,0.097,0.000,0.000]
  Iter 12: LB=-4.010446  UB=15.563693  gap=1.26e+00
  Cut: intercept=-1094.095331, π_x_range=[-821.7464, 570.3390]
  Mini-Benders[1] (mw): LB=-3.681464, Z₀(α*)=-12.196259, intercept=-52.347429 (0.296s) [OMP=0.264 ISP-L=0.005 ISP-F=0.012 MW-L=0.010 MW-F=0.013]
  Mini-Benders[2] (mw): LB=-3.681464, Z₀(α*)=-12.196259, intercept=-52.347429 (0.313s) [OMP=0.267 ISP-L=0.006 ISP-F=0.014 MW-L=0.011 MW-F=0.015]
  Mini-Benders[3] (mw): LB=-3.681464, Z₀(α*)=-12.196259, intercept=-52.347429 (0.344s) [OMP=0.287 ISP-L=0.005 ISP-F=0.012 MW-L=0.010 MW-F=0.013]
  Mini-Benders[4]: LB stagnated, break
  α-step: Z₀=17.862877, α=[0.000,0.000,0.000,0.000,0.000,1.147,0.000,0.000,0.000,0.000,0.000,0.000,0.000,3.766,0.000,0.000,0.000,2.607,0.000,0.000,0.000,0.000,0.000,0.000,0.000,0.000,0.000,0.000,0.000,0.000,0.000,0.000,0.000,2.425,0.000,0.000]
  Alt-Benders[1] (mw): LB=-3.234935, Z₀(α*)=-3.599882, intercept=-12.941180 (0.387s) [OMP=0.338 ISP-L=0.004 ISP-F=0.014 MW-L=0.008 MW-F=0.011]
  Alt-Benders[2] (mw): LB=-3.234935, Z₀(α*)=-3.599882, intercept=-12.941180 (0.283s) [OMP=0.259 ISP-L=0.004 ISP-F=0.013 MW-L=0.008 MW-F=0.011]
  Alt-Benders[3] (mw): LB=-3.234935, Z₀(α*)=-3.599882, intercept=-12.941180 (0.312s) [OMP=0.258 ISP-L=0.003 ISP-F=0.013 MW-L=0.008 MW-F=0.024]
  Alt-Benders[4]: LB stagnated, break
  OMP re-solve: 0.000s

=== True-DRO Benders iter 13 ===
  OMP: t₀=-3.234935, UB=15.563693, gap=1.21e+00, x=[0, 0, 0, 0, 0, 0, 0, 0, 0, 0, 0, 0, 0, 1, 0, 0, 0, 1, 0, 0, 0, 0, 0, 0, 0, 0, 0, 0, 0, 0, 0, 0, 0, 0, 0, 0] (0.000s)
  Sub: Z₀=20.320512 [LOCAL] (0.2s), α=[0.000,0.000,4.254,0.000,0.000,0.000,0.000,0.000,0.000,0.000,0.000,0.000,0.000,0.918,0.000,0.000,0.000,1.314,0.000,0.000,0.000,0.000,0.000,0.000,0.000,0.000,0.000,0.000,0.000,0.000,0.000,0.000,0.000,3.457,0.000,0.000]
  Iter 13: LB=-3.234935  UB=15.563693  gap=1.21e+00
  Cut: intercept=-1158.040161, π_x_range=[-825.8366, 593.4123]
  Mini-Benders[1] (mw): LB=-2.867274, Z₀(α*)=6.479029, intercept=-24.498077 (0.372s) [OMP=0.341 ISP-L=0.004 ISP-F=0.012 MW-L=0.008 MW-F=0.010]
  Mini-Benders[2] (mw): LB=-2.769237, Z₀(α*)=0.560886, intercept=-36.317850 (0.391s) [OMP=0.349 ISP-L=0.004 ISP-F=0.010 MW-L=0.009 MW-F=0.012]
  Mini-Benders[3] (mw): LB=-2.064532, Z₀(α*)=6.910727, intercept=-82.050532 (0.391s) [OMP=0.357 ISP-L=0.004 ISP-F=0.011 MW-L=0.008 MW-F=0.011]
  Mini-Benders[4] (mw): LB=-2.025119, Z₀(α*)=4.448440, intercept=-81.280883 (0.359s) [OMP=0.333 ISP-L=0.003 ISP-F=0.012 MW-L=0.008 MW-F=0.009]
  Mini-Benders[5] (mw): LB=-1.889958, Z₀(α*)=5.057856, intercept=-11.876650 (0.312s) [OMP=0.265 ISP-L=0.004 ISP-F=0.011 MW-L=0.010 MW-F=0.011]
  α-step: Z₀=19.012736, α=[0.000,0.000,3.011,0.000,0.000,0.000,0.000,0.000,0.000,0.000,0.000,0.000,0.000,0.000,0.000,0.000,0.000,3.405,0.000,0.000,0.000,0.000,0.000,0.000,0.000,0.000,0.000,0.000,0.000,0.000,0.000,0.000,0.000,3.528,0.000,0.000]
  Alt-Benders[1] (mw): LB=-1.207820, Z₀(α*)=5.250200, intercept=-48.184612 (0.312s) [OMP=0.264 ISP-L=0.004 ISP-F=0.014 MW-L=0.020 MW-F=0.010]
  Alt-Benders[2] (mw): LB=-0.959427, Z₀(α*)=6.572170, intercept=-93.835120 (0.281s) [OMP=0.254 ISP-L=0.004 ISP-F=0.012 MW-L=0.008 MW-F=0.010]
  Alt-Benders[3] (mw): LB=-0.758643, Z₀(α*)=3.474543, intercept=-24.059050 (0.376s) [OMP=0.338 ISP-L=0.004 ISP-F=0.010 MW-L=0.008 MW-F=0.009]
  Alt-Benders[4] (mw): LB=-0.580882, Z₀(α*)=-0.133808, intercept=-23.290903 (0.390s) [OMP=0.357 ISP-L=0.004 ISP-F=0.013 MW-L=0.008 MW-F=0.011]
  Alt-Benders[5] (mw): LB=-0.133810, Z₀(α*)=-0.133808, intercept=-23.290903 (0.312s) [OMP=0.266 ISP-L=0.004 ISP-F=0.013 MW-L=0.008 MW-F=0.011]
  OMP re-solve: 0.274s

=== True-DRO Benders iter 14 ===
  OMP: t₀=-0.133810, UB=15.563693, gap=1.01e+00, x=[0, 0, 0, 0, 0, 1, 1, 0, 0, 0, 0, 0, 0, 0, 0, 0, 0, 0, 0, 0, 0, 0, 0, 0, 0, 0, 0, 0, 0, 0, 0, 0, 0, 0, 0, 0] (0.000s)
  Sub: Z₀=18.881846 [LOCAL] (0.2s), α=[0.000,0.000,1.134,0.000,0.000,5.447,0.000,0.000,0.000,0.000,0.000,0.000,0.000,0.504,0.000,0.000,0.000,0.628,0.000,0.000,0.000,0.000,0.000,0.000,0.000,0.000,0.000,0.000,0.000,0.111,0.540,0.000,0.269,1.312,0.000,0.000]
  Iter 14: LB=-0.133810  UB=15.563693  gap=1.01e+00
  Cut: intercept=-1117.297494, π_x_range=[-821.0911, 580.0834]
  Mini-Benders[1] (mw): LB=0.151708, Z₀(α*)=-5.389561, intercept=-31.967791 (0.375s) [OMP=0.344 ISP-L=0.004 ISP-F=0.012 MW-L=0.008 MW-F=0.011]
  Mini-Benders[2] (mw): LB=0.151708, Z₀(α*)=-5.389561, intercept=-31.967791 (0.406s) [OMP=0.362 ISP-L=0.004 ISP-F=0.012 MW-L=0.008 MW-F=0.022]
  Mini-Benders[3] (mw): LB=0.151708, Z₀(α*)=-5.389561, intercept=-31.967791 (0.422s) [OMP=0.385 ISP-L=0.004 ISP-F=0.014 MW-L=0.009 MW-F=0.013]
  Mini-Benders[4]: LB stagnated, break
  α-step: Z₀=21.630639, α=[0.000,0.000,3.137,0.000,0.000,0.000,0.000,0.000,0.000,0.000,0.000,0.000,0.000,0.000,0.000,0.000,0.000,0.351,0.000,0.000,0.000,0.415,0.000,0.000,0.000,0.000,0.000,0.000,0.000,2.735,0.000,0.000,1.931,1.375,0.000,0.000]
  Alt-Benders[1] (mw): LB=0.463258, Z₀(α*)=21.376349, intercept=-27.826394 (0.375s) [OMP=0.347 ISP-L=0.004 ISP-F=0.011 MW-L=0.009 MW-F=0.009]
  Alt-Benders[2] (mw): LB=0.560884, Z₀(α*)=2.601542, intercept=-37.140538 (0.375s) [OMP=0.346 ISP-L=0.004 ISP-F=0.012 MW-L=0.008 MW-F=0.012]
  Alt-Benders[3] (mw): LB=0.576582, Z₀(α*)=21.642630, intercept=-18.857518 (0.375s) [OMP=0.338 ISP-L=0.004 ISP-F=0.012 MW-L=0.007 MW-F=0.010]
  Alt-Benders[4] (mw): LB=0.871571, Z₀(α*)=11.241529, intercept=-37.273848 (0.407s) [OMP=0.369 ISP-L=0.004 ISP-F=0.011 MW-L=0.008 MW-F=0.011]
  Alt-Benders[5] (mw): LB=1.271878, Z₀(α*)=6.010927, intercept=-47.022553 (0.406s) [OMP=0.371 ISP-L=0.004 ISP-F=0.012 MW-L=0.008 MW-F=0.010]
  OMP re-solve: 0.369s

=== True-DRO Benders iter 15 ===
  OMP: t₀=1.502838, UB=15.563693, gap=9.03e-01, x=[0, 0, 0, 0, 0, 0, 0, 0, 0, 0, 0, 0, 1, 1, 0, 0, 0, 0, 0, 0, 0, 0, 0, 0, 0, 0, 0, 0, 0, 0, 0, 0, 0, 0, 0, 0] (0.000s)
  Sub: Z₀=19.770524 [TIME_LIMIT] (15.1s), α=[0.000,0.000,1.590,0.000,0.000,0.000,0.000,0.000,0.000,0.000,0.000,0.000,1.140,0.854,0.000,0.000,0.000,1.786,0.000,0.000,0.000,0.000,0.000,0.000,0.000,0.000,0.000,0.000,0.000,0.000,0.000,0.000,0.000,4.574,0.000,0.000]
  Iter 15: LB=1.502838  UB=15.563693  gap=9.03e-01
  Cut: intercept=-53.912502, π_x_range=[-147.6197, 60.8005]
  Mini-Benders[1] (mw): LB=2.113465, Z₀(α*)=-1.575202, intercept=-39.157959 (0.416s) [OMP=0.389 ISP-L=0.004 ISP-F=0.012 MW-L=0.007 MW-F=0.008]
  Mini-Benders[2] (mw): LB=2.113465, Z₀(α*)=-1.575202, intercept=-39.157959 (0.327s) [OMP=0.294 ISP-L=0.004 ISP-F=0.012 MW-L=0.007 MW-F=0.008]
  Mini-Benders[3] (mw): LB=2.113465, Z₀(α*)=-1.575202, intercept=-39.157959 (0.324s) [OMP=0.289 ISP-L=0.004 ISP-F=0.011 MW-L=0.007 MW-F=0.008]
  Mini-Benders[4]: LB stagnated, break
  α-step: Z₀=19.628331, α=[0.000,0.000,5.063,0.000,0.000,0.000,0.000,0.000,0.000,0.000,0.000,0.000,0.000,0.000,0.000,0.000,0.000,0.000,0.000,0.000,0.000,0.000,0.000,0.000,0.000,0.000,0.000,0.000,0.000,0.000,0.000,0.000,4.881,0.000,0.000,0.000]
  Alt-Benders[1] (mw): LB=2.189663, Z₀(α*)=3.789318, intercept=-32.333208 (0.375s) [OMP=0.347 ISP-L=0.005 ISP-F=0.013 MW-L=0.009 MW-F=0.012]
  Alt-Benders[2] (mw): LB=2.281801, Z₀(α*)=12.806288, intercept=-23.893439 (0.438s) [OMP=0.384 ISP-L=0.005 ISP-F=0.014 MW-L=0.010 MW-F=0.013]
  Alt-Benders[3] (mw): LB=2.440116, Z₀(α*)=6.116685, intercept=-15.849553 (0.406s) [OMP=0.376 ISP-L=0.003 ISP-F=0.012 MW-L=0.008 MW-F=0.010]
  Alt-Benders[4] (mw): LB=2.601540, Z₀(α*)=-2.769235, intercept=-35.613767 (0.515s) [OMP=0.471 ISP-L=0.004 ISP-F=0.011 MW-L=0.018 MW-F=0.009]
  Alt-Benders[5] (mw): LB=2.601540, Z₀(α*)=-2.769235, intercept=-35.613767 (0.485s) [OMP=0.440 ISP-L=0.004 ISP-F=0.015 MW-L=0.013 MW-F=0.011]
  OMP re-solve: 0.458s

=== True-DRO Benders iter 16 ===
  OMP: t₀=2.601540, UB=15.563693, gap=8.33e-01, x=[0, 0, 0, 0, 0, 1, 0, 0, 0, 0, 0, 0, 0, 1, 0, 0, 0, 0, 0, 0, 0, 0, 0, 0, 0, 0, 0, 0, 0, 0, 0, 0, 0, 0, 0, 0] (0.000s)
  Sub: Z₀=18.068616 [LOCAL] (0.2s), α=[0.000,0.000,1.021,0.000,0.000,4.119,0.000,0.000,0.000,0.000,0.000,0.000,0.000,3.560,0.000,0.000,0.000,0.249,0.000,0.000,0.000,0.000,0.000,0.000,0.000,0.000,0.000,0.000,0.000,0.112,0.514,0.000,0.138,0.231,0.000,0.000]
  Iter 16: LB=2.601540  UB=15.563693  gap=8.33e-01
  Cut: intercept=-1123.601322, π_x_range=[-818.8743, 585.2231]
  Mini-Benders[1] (mw): LB=2.655182, Z₀(α*)=13.896204, intercept=-79.319983 (0.436s) [OMP=0.402 ISP-L=0.003 ISP-F=0.011 MW-L=0.007 MW-F=0.009]
  Mini-Benders[2] (mw): LB=2.796966, Z₀(α*)=-11.117076, intercept=-78.401561 (0.532s) [OMP=0.505 ISP-L=0.003 ISP-F=0.012 MW-L=0.007 MW-F=0.011]
  Mini-Benders[3] (mw): LB=2.796966, Z₀(α*)=-11.117076, intercept=-78.401561 (0.469s) [OMP=0.422 ISP-L=0.004 ISP-F=0.012 MW-L=0.008 MW-F=0.011]
  Mini-Benders[4] (mw): LB=2.796966, Z₀(α*)=-11.117076, intercept=-78.401561 (0.437s) [OMP=0.408 ISP-L=0.003 ISP-F=0.012 MW-L=0.007 MW-F=0.010]
  Mini-Benders[5]: LB stagnated, break
  α-step: Z₀=20.350626, α=[0.000,0.000,0.000,0.000,0.000,0.000,0.000,0.000,0.000,0.000,0.000,0.000,0.000,0.000,0.000,0.000,0.000,3.605,0.000,0.000,0.000,0.000,0.000,0.000,3.356,0.000,0.000,0.000,0.000,0.000,0.000,0.000,0.000,2.983,0.000,0.000]
  Alt-Benders[1] (mw): LB=3.035442, Z₀(α*)=1.872993, intercept=-15.957025 (0.531s) [OMP=0.507 ISP-L=0.003 ISP-F=0.011 MW-L=0.006 MW-F=0.010]
  Alt-Benders[2] (mw): LB=3.035442, Z₀(α*)=1.872993, intercept=-15.957025 (0.344s) [OMP=0.299 ISP-L=0.004 ISP-F=0.012 MW-L=0.008 MW-F=0.011]
  Alt-Benders[3] (mw): LB=3.035442, Z₀(α*)=1.872993, intercept=-15.957025 (0.328s) [OMP=0.301 ISP-L=0.003 ISP-F=0.012 MW-L=0.007 MW-F=0.010]
  Alt-Benders[4]: LB stagnated, break
  OMP re-solve: 0.000s

=== True-DRO Benders iter 17 ===
  OMP: t₀=3.035442, UB=15.563693, gap=8.05e-01, x=[0, 0, 0, 0, 0, 0, 0, 0, 0, 0, 0, 0, 0, 0, 0, 0, 0, 1, 0, 1, 0, 0, 0, 0, 0, 0, 0, 0, 0, 0, 0, 0, 0, 0, 0, 0] (0.000s)
  Sub: Z₀=20.906798 [LOCAL] (0.2s), α=[0.000,0.000,5.943,0.000,0.000,0.000,0.000,0.000,0.000,0.000,0.000,0.000,0.000,0.000,0.000,0.000,0.000,0.473,0.000,0.000,0.000,0.000,0.000,0.000,0.000,0.000,0.000,0.000,0.000,0.000,0.000,0.000,0.286,3.242,0.000,0.000]
  Iter 17: LB=3.035442  UB=15.563693  gap=8.05e-01
  Cut: intercept=-1152.904697, π_x_range=[-825.8613, 594.0688]
  Mini-Benders[1] (mw): LB=3.061502, Z₀(α*)=22.476248, intercept=-47.360427 (0.469s) [OMP=0.417 ISP-L=0.005 ISP-F=0.014 MW-L=0.009 MW-F=0.019]
  Mini-Benders[2] (mw): LB=3.165042, Z₀(α*)=21.886398, intercept=16.683630 (0.500s) [OMP=0.457 ISP-L=0.005 ISP-F=0.015 MW-L=0.009 MW-F=0.015]
  Mini-Benders[3] (mw): LB=3.180319, Z₀(α*)=0.445566, intercept=-23.724610 (0.484s) [OMP=0.449 ISP-L=0.005 ISP-F=0.011 MW-L=0.008 MW-F=0.013]
  Mini-Benders[4] (mw): LB=3.180319, Z₀(α*)=0.445566, intercept=-23.724610 (0.422s) [OMP=0.362 ISP-L=0.006 ISP-F=0.012 MW-L=0.031 MW-F=0.012]
  Mini-Benders[5] (mw): LB=3.180319, Z₀(α*)=0.445566, intercept=-23.724610 (0.423s) [OMP=0.372 ISP-L=0.006 ISP-F=0.012 MW-L=0.011 MW-F=0.015]
  α-step: Z₀=18.141457, α=[0.000,0.000,0.000,0.000,0.000,5.033,0.000,0.000,0.000,0.000,0.000,0.000,0.000,0.000,0.000,0.000,0.000,2.546,0.000,0.000,0.000,0.000,0.000,0.000,0.000,0.000,0.000,0.000,0.000,0.000,0.000,0.000,0.748,1.617,0.000,0.000]
  Alt-Benders[1] (mw): LB=3.211084, Z₀(α*)=-14.805139, intercept=-39.703944 (0.501s) [OMP=0.475 ISP-L=0.005 ISP-F=0.012 MW-L=0.008 MW-F=0.014]
  Alt-Benders[2] (mw): LB=3.211084, Z₀(α*)=-14.805139, intercept=-39.703944 (0.359s) [OMP=0.307 ISP-L=0.006 ISP-F=0.013 MW-L=0.007 MW-F=0.011]
  Alt-Benders[3] (mw): LB=3.211084, Z₀(α*)=-14.805139, intercept=-39.703944 (0.344s) [OMP=0.309 ISP-L=0.005 ISP-F=0.013 MW-L=0.009 MW-F=0.012]
  Alt-Benders[4]: LB stagnated, break
  OMP re-solve: 0.001s

=== True-DRO Benders iter 18 ===
  OMP: t₀=3.211084, UB=15.563693, gap=7.94e-01, x=[0, 0, 0, 0, 0, 0, 0, 0, 1, 0, 0, 0, 1, 0, 0, 0, 0, 0, 0, 0, 0, 0, 0, 0, 0, 0, 0, 0, 0, 0, 0, 0, 0, 0, 0, 0] (0.000s)
  Sub: Z₀=20.897166 [LOCAL] (0.2s), α=[0.000,0.000,3.347,0.000,0.000,0.000,0.000,0.000,0.000,0.000,0.000,0.000,1.949,0.000,0.000,0.000,0.000,0.029,0.000,0.000,0.000,0.000,0.000,0.000,0.000,0.000,0.000,0.000,0.000,0.000,0.000,0.000,0.000,4.620,0.000,0.000]
  Iter 18: LB=3.211084  UB=15.563693  gap=7.94e-01
  Cut: intercept=-1137.666676, π_x_range=[-819.1531, 587.5521]
  Mini-Benders[1] (mw): LB=3.465202, Z₀(α*)=-0.186932, intercept=-25.383038 (0.451s) [OMP=0.402 ISP-L=0.004 ISP-F=0.011 MW-L=0.010 MW-F=0.030]
  Mini-Benders[2] (mw): LB=3.465202, Z₀(α*)=-0.186932, intercept=-25.383038 (0.406s) [OMP=0.359 ISP-L=0.005 ISP-F=0.012 MW-L=0.011 MW-F=0.013]
  Mini-Benders[3] (mw): LB=3.465202, Z₀(α*)=-0.186932, intercept=-25.383038 (0.375s) [OMP=0.342 ISP-L=0.006 ISP-F=0.013 MW-L=0.011 MW-F=0.013]
  Mini-Benders[4]: LB stagnated, break
  α-step: Z₀=18.256782, α=[0.000,0.000,0.000,0.000,0.000,3.245,0.000,0.000,0.000,0.000,0.000,0.000,0.000,1.669,0.000,0.000,0.000,2.607,0.000,0.000,0.000,0.000,0.000,0.000,0.000,0.000,0.000,0.000,0.000,0.000,0.000,0.000,1.147,1.278,0.000,0.000]
  Alt-Benders[1] (mw): LB=3.474541, Z₀(α*)=18.273072, intercept=-37.350264 (0.453s) [OMP=0.410 ISP-L=0.005 ISP-F=0.012 MW-L=0.008 MW-F=0.009]
  Alt-Benders[2] (mw): LB=3.789316, Z₀(α*)=17.312472, intercept=-34.763819 (0.548s) [OMP=0.497 ISP-L=0.006 ISP-F=0.015 MW-L=0.010 MW-F=0.013]
  Alt-Benders[3] (mw): LB=3.941678, Z₀(α*)=-9.616753, intercept=-13.589122 (0.543s) [OMP=0.500 ISP-L=0.005 ISP-F=0.012 MW-L=0.009 MW-F=0.011]
  Alt-Benders[4] (mw): LB=3.941678, Z₀(α*)=-9.616753, intercept=-13.589122 (0.566s) [OMP=0.540 ISP-L=0.005 ISP-F=0.013 MW-L=0.010 MW-F=0.011]
  Alt-Benders[5] (mw): LB=3.941678, Z₀(α*)=-9.616753, intercept=-13.589122 (0.594s) [OMP=0.534 ISP-L=0.005 ISP-F=0.012 MW-L=0.010 MW-F=0.025]
  OMP re-solve: 0.517s

=== True-DRO Benders iter 19 ===
  OMP: t₀=3.941678, UB=15.563693, gap=7.47e-01, x=[0, 0, 0, 0, 0, 0, 0, 0, 0, 0, 0, 0, 0, 0, 0, 0, 0, 0, 0, 0, 0, 0, 0, 0, 0, 0, 0, 0, 0, 0, 1, 0, 1, 0, 0, 0] (0.000s)
  Sub: Z₀=19.995231 [LOCAL] (0.2s), α=[0.000,0.000,2.169,0.000,0.000,0.000,0.000,0.000,0.000,0.000,0.000,0.000,0.000,0.000,0.000,0.000,0.000,0.000,0.000,0.000,0.000,0.000,0.000,0.000,0.000,0.000,0.000,0.000,0.000,0.000,0.000,0.000,5.865,1.911,0.000,0.000]
  Iter 19: LB=3.941678  UB=15.563693  gap=7.47e-01
  Cut: intercept=-1160.922543, π_x_range=[-823.2587, 596.0159]
  Mini-Benders[1] (mw): LB=4.028366, Z₀(α*)=-26.585675, intercept=-27.633124 (0.547s) [OMP=0.489 ISP-L=0.004 ISP-F=0.012 MW-L=0.014 MW-F=0.020]
  Mini-Benders[2] (mw): LB=4.028366, Z₀(α*)=-26.585675, intercept=-27.633124 (0.578s) [OMP=0.542 ISP-L=0.005 ISP-F=0.012 MW-L=0.008 MW-F=0.012]
  Mini-Benders[3] (mw): LB=4.028366, Z₀(α*)=-26.585675, intercept=-27.633124 (0.531s) [OMP=0.498 ISP-L=0.004 ISP-F=0.011 MW-L=0.008 MW-F=0.011]
  Mini-Benders[4]: LB stagnated, break
  α-step: Z₀=17.751424, α=[0.000,0.000,9.944,0.000,0.000,0.000,0.000,0.000,0.000,0.000,0.000,0.000,0.000,0.000,0.000,0.000,0.000,0.000,0.000,0.000,0.000,0.000,0.000,0.000,0.000,0.000,0.000,0.000,0.000,0.000,0.000,0.000,0.000,0.000,0.000,0.000]
  Alt-Benders[1] (mw): LB=4.084000, Z₀(α*)=-24.998334, intercept=-83.556186 (0.485s) [OMP=0.451 ISP-L=0.005 ISP-F=0.012 MW-L=0.008 MW-F=0.011]
  Alt-Benders[2] (mw): LB=4.084000, Z₀(α*)=-24.998334, intercept=-83.556186 (0.313s) [OMP=0.277 ISP-L=0.005 ISP-F=0.012 MW-L=0.008 MW-F=0.011]
  Alt-Benders[3] (mw): LB=4.084000, Z₀(α*)=-24.998334, intercept=-83.556186 (0.374s) [OMP=0.307 ISP-L=0.004 ISP-F=0.012 MW-L=0.026 MW-F=0.015]
  Alt-Benders[4]: LB stagnated, break
  OMP re-solve: 0.000s

=== True-DRO Benders iter 20 ===
  OMP: t₀=4.084000, UB=15.563693, gap=7.38e-01, x=[0, 0, 0, 0, 0, 0, 0, 0, 0, 0, 0, 0, 1, 0, 0, 0, 0, 0, 0, 0, 0, 0, 1, 0, 0, 0, 0, 0, 0, 0, 0, 0, 0, 0, 0, 0] (0.000s)
  Sub: Z₀=20.345702 [TIME_LIMIT] (15.1s), α=[0.000,0.000,2.748,0.000,0.000,0.000,0.000,0.000,0.000,0.000,0.000,0.000,0.000,5.108,0.000,0.000,0.000,0.000,0.000,0.000,0.000,0.000,0.000,0.000,0.000,0.000,0.000,0.000,0.000,0.000,0.000,0.000,0.000,2.089,0.000,0.000]
  Iter 20: LB=4.084000  UB=15.563693  gap=7.38e-01
  Cut: intercept=-92.984051, π_x_range=[-167.4893, 58.0953]
  Mini-Benders[1] (mw): LB=4.146785, Z₀(α*)=-20.835007, intercept=-17.857576 (0.547s) [OMP=0.505 ISP-L=0.004 ISP-F=0.011 MW-L=0.008 MW-F=0.010]
  Mini-Benders[2] (mw): LB=4.146785, Z₀(α*)=-20.835007, intercept=-17.857576 (0.360s) [OMP=0.335 ISP-L=0.003 ISP-F=0.011 MW-L=0.008 MW-F=0.010]
  Mini-Benders[3] (mw): LB=4.146785, Z₀(α*)=-20.835007, intercept=-17.857576 (0.375s) [OMP=0.342 ISP-L=0.004 ISP-F=0.011 MW-L=0.010 MW-F=0.011]
  Mini-Benders[4]: LB stagnated, break
  α-step: Z₀=18.419591, α=[0.000,0.000,9.646,0.000,0.000,0.000,0.000,0.000,0.000,0.000,0.000,0.000,0.000,0.000,0.000,0.000,0.000,0.000,0.000,0.000,0.000,0.000,0.000,0.000,0.000,0.000,0.000,0.000,0.000,0.000,0.000,0.000,0.213,0.085,0.000,0.000]
  Alt-Benders[1] (mw): LB=4.220017, Z₀(α*)=20.119917, intercept=-10.570965 (0.515s) [OMP=0.455 ISP-L=0.005 ISP-F=0.012 MW-L=0.007 MW-F=0.021]
  Alt-Benders[2] (mw): LB=4.337567, Z₀(α*)=-33.339408, intercept=-27.887311 (0.528s) [OMP=0.478 ISP-L=0.005 ISP-F=0.010 MW-L=0.009 MW-F=0.023]
  Alt-Benders[3] (mw): LB=4.337567, Z₀(α*)=-33.339408, intercept=-27.887311 (0.378s) [OMP=0.326 ISP-L=0.006 ISP-F=0.011 MW-L=0.009 MW-F=0.025]
  Alt-Benders[4] (mw): LB=4.337567, Z₀(α*)=-33.339408, intercept=-27.887311 (0.361s) [OMP=0.321 ISP-L=0.005 ISP-F=0.010 MW-L=0.010 MW-F=0.012]
  Alt-Benders[5]: LB stagnated, break
  OMP re-solve: 0.000s

=== True-DRO Benders iter 21 ===
  OMP: t₀=4.337567, UB=15.563693, gap=7.21e-01, x=[0, 0, 0, 0, 0, 0, 0, 0, 0, 0, 0, 0, 0, 0, 0, 0, 0, 0, 0, 0, 0, 0, 0, 0, 0, 0, 0, 0, 0, 1, 0, 0, 0, 1, 0, 0] (0.000s)
  Sub: Z₀=20.123941 [LOCAL] (0.1s), α=[0.000,0.000,1.783,0.000,0.000,0.000,0.000,0.000,0.000,0.000,0.000,0.000,0.000,0.000,0.000,0.000,0.000,0.000,0.000,0.000,0.000,0.000,0.000,0.000,0.000,0.000,0.000,0.000,0.000,0.000,0.000,0.000,0.000,8.162,0.000,0.000]
  Iter 21: LB=4.337567  UB=15.563693  gap=7.21e-01
  Cut: intercept=-1146.798250, π_x_range=[-820.8008, 590.6801]
  Mini-Benders[1] (mw): LB=4.360056, Z₀(α*)=-8.613455, intercept=-68.033754 (0.391s) [OMP=0.355 ISP-L=0.004 ISP-F=0.011 MW-L=0.009 MW-F=0.011]
  Mini-Benders[2] (mw): LB=4.360056, Z₀(α*)=-8.613455, intercept=-68.033754 (0.453s) [OMP=0.428 ISP-L=0.004 ISP-F=0.011 MW-L=0.009 MW-F=0.011]
  Mini-Benders[3] (mw): LB=4.360056, Z₀(α*)=-8.613455, intercept=-68.033754 (0.468s) [OMP=0.427 ISP-L=0.004 ISP-F=0.011 MW-L=0.009 MW-F=0.011]
  Mini-Benders[4]: LB stagnated, break
  α-step: Z₀=18.894356, α=[0.000,0.000,0.000,0.000,0.000,0.000,1.197,0.000,0.000,0.000,0.000,0.000,0.000,2.717,0.000,0.000,0.000,3.774,0.000,0.000,0.000,0.000,0.000,0.000,0.000,0.000,0.000,0.000,0.000,0.000,0.000,0.000,2.257,0.000,0.000,0.000]
  Alt-Benders[1] (mw): LB=4.400075, Z₀(α*)=-6.698575, intercept=-57.935404 (0.360s) [OMP=0.317 ISP-L=0.004 ISP-F=0.012 MW-L=0.020 MW-F=0.010]
  Alt-Benders[2] (mw): LB=4.400075, Z₀(α*)=-6.698575, intercept=-57.935404 (0.328s) [OMP=0.292 ISP-L=0.004 ISP-F=0.012 MW-L=0.007 MW-F=0.010]
  Alt-Benders[3] (mw): LB=4.400075, Z₀(α*)=-6.698575, intercept=-57.935404 (0.328s) [OMP=0.287 ISP-L=0.004 ISP-F=0.013 MW-L=0.008 MW-F=0.011]
  Alt-Benders[4]: LB stagnated, break
  OMP re-solve: 0.000s

=== True-DRO Benders iter 22 ===
  OMP: t₀=4.400075, UB=15.563693, gap=7.17e-01, x=[0, 0, 0, 0, 0, 0, 0, 0, 0, 0, 0, 0, 1, 0, 0, 0, 0, 0, 1, 0, 0, 0, 0, 0, 0, 0, 0, 0, 0, 0, 0, 0, 0, 0, 0, 0] (0.000s)
  Sub: Z₀=20.312495 [LOCAL] (0.2s), α=[0.000,0.000,4.358,0.000,0.000,0.000,0.000,0.000,0.000,0.000,0.000,0.000,0.845,0.083,0.000,0.000,0.000,0.000,0.000,0.000,0.000,0.000,0.000,0.000,0.000,0.000,0.000,0.000,0.000,0.000,0.000,0.000,0.000,4.659,0.000,0.000]
  Iter 22: LB=4.400075  UB=15.563693  gap=7.17e-01
  Cut: intercept=-1125.839018, π_x_range=[-821.3162, 573.0849]
  Mini-Benders[1] (mw): LB=4.448438, Z₀(α*)=1.202618, intercept=-77.021971 (0.355s) [OMP=0.321 ISP-L=0.004 ISP-F=0.011 MW-L=0.008 MW-F=0.010]
  Mini-Benders[2] (mw): LB=4.448438, Z₀(α*)=1.202618, intercept=-77.021971 (0.348s) [OMP=0.322 ISP-L=0.004 ISP-F=0.012 MW-L=0.009 MW-F=0.010]
  Mini-Benders[3] (mw): LB=4.448438, Z₀(α*)=1.202618, intercept=-77.021971 (0.375s) [OMP=0.330 ISP-L=0.004 ISP-F=0.011 MW-L=0.008 MW-F=0.010]
  Mini-Benders[4]: LB stagnated, break
  α-step: Z₀=16.549222, α=[0.000,0.000,0.000,0.000,0.000,0.000,0.455,0.000,0.000,1.056,0.000,0.000,0.000,0.000,0.000,0.000,0.000,3.269,0.000,0.000,0.000,0.000,0.000,0.000,2.077,0.000,0.000,0.000,0.000,0.000,0.000,0.000,1.451,1.637,0.000,0.000]
  Alt-Benders[1] (mw): LB=4.708299, Z₀(α*)=8.228354, intercept=-35.655493 (0.324s) [OMP=0.296 ISP-L=0.004 ISP-F=0.012 MW-L=0.007 MW-F=0.010]
  Alt-Benders[2] (mw): LB=5.057854, Z₀(α*)=-5.353126, intercept=-13.392658 (0.359s) [OMP=0.318 ISP-L=0.004 ISP-F=0.011 MW-L=0.008 MW-F=0.012]
  Alt-Benders[3] (mw): LB=5.057854, Z₀(α*)=-5.353126, intercept=-13.392658 (0.368s) [OMP=0.328 ISP-L=0.004 ISP-F=0.012 MW-L=0.008 MW-F=0.012]
  Alt-Benders[4] (mw): LB=5.057854, Z₀(α*)=-5.353126, intercept=-13.392658 (0.367s) [OMP=0.337 ISP-L=0.004 ISP-F=0.011 MW-L=0.008 MW-F=0.012]
  Alt-Benders[5]: LB stagnated, break
  OMP re-solve: 0.000s

=== True-DRO Benders iter 23 ===
  OMP: t₀=5.057854, UB=15.563693, gap=6.75e-01, x=[0, 0, 0, 0, 0, 0, 0, 0, 0, 0, 0, 0, 0, 1, 0, 0, 0, 0, 0, 0, 0, 0, 0, 0, 0, 0, 0, 0, 0, 0, 0, 0, 1, 0, 0, 0] (0.000s)
  Sub: Z₀=20.009158 [LOCAL] (0.1s), α=[0.000,0.000,2.135,0.000,0.000,0.000,0.000,0.000,0.000,0.000,0.000,0.000,0.000,0.000,0.000,0.000,0.000,0.033,0.000,0.000,0.000,0.000,0.000,0.000,0.000,0.000,0.000,0.000,0.000,0.000,0.000,0.000,4.276,3.499,0.000,0.000]
  Iter 23: LB=5.057854  UB=15.563693  gap=6.75e-01
  Cut: intercept=-1155.975335, π_x_range=[-824.1772, 590.9491]
  Mini-Benders[1] (mw): LB=5.177660, Z₀(α*)=-2.290818, intercept=-33.038586 (0.391s) [OMP=0.342 ISP-L=0.005 ISP-F=0.014 MW-L=0.010 MW-F=0.013]
  Mini-Benders[2] (mw): LB=5.177660, Z₀(α*)=-2.290818, intercept=-33.038586 (0.391s) [OMP=0.357 ISP-L=0.004 ISP-F=0.011 MW-L=0.012 MW-F=0.013]
  Mini-Benders[3] (mw): LB=5.177660, Z₀(α*)=-2.290818, intercept=-33.038586 (0.421s) [OMP=0.358 ISP-L=0.004 ISP-F=0.013 MW-L=0.013 MW-F=0.033]
  Mini-Benders[4]: LB stagnated, break
  α-step: Z₀=20.576102, α=[0.000,0.000,0.000,0.000,0.000,0.000,0.000,0.000,0.000,0.000,0.000,0.000,0.000,0.000,0.000,0.000,0.000,4.465,0.000,0.000,0.000,0.000,0.000,0.000,1.197,0.000,0.000,0.000,0.000,0.000,0.000,0.000,0.000,4.283,0.000,0.000]
  Alt-Benders[1] (mw): LB=5.189020, Z₀(α*)=7.570151, intercept=-13.418608 (0.422s) [OMP=0.361 ISP-L=0.007 ISP-F=0.015 MW-L=0.013 MW-F=0.016]
  Alt-Benders[2] (mw): LB=5.216179, Z₀(α*)=7.389207, intercept=-59.477392 (0.390s) [OMP=0.352 ISP-L=0.006 ISP-F=0.015 MW-L=0.009 MW-F=0.011]
  Alt-Benders[3] (mw): LB=5.224290, Z₀(α*)=7.471754, intercept=-67.223230 (0.392s) [OMP=0.348 ISP-L=0.004 ISP-F=0.011 MW-L=0.014 MW-F=0.012]
  Alt-Benders[4] (mw): LB=5.250198, Z₀(α*)=-2.844211, intercept=-48.527453 (0.358s) [OMP=0.318 ISP-L=0.004 ISP-F=0.014 MW-L=0.008 MW-F=0.015]
  Alt-Benders[5] (mw): LB=5.250198, Z₀(α*)=-2.844211, intercept=-48.527453 (0.391s) [OMP=0.345 ISP-L=0.004 ISP-F=0.015 MW-L=0.008 MW-F=0.018]
  OMP re-solve: 0.315s

=== True-DRO Benders iter 24 ===
  OMP: t₀=5.250198, UB=15.563693, gap=6.63e-01, x=[0, 0, 0, 0, 0, 0, 0, 0, 0, 1, 0, 0, 0, 0, 0, 0, 0, 0, 0, 1, 0, 0, 0, 0, 0, 0, 0, 0, 0, 0, 0, 0, 0, 0, 0, 0] (0.000s)
  Sub: Z₀=20.976359 [LOCAL] (0.2s), α=[0.000,0.000,4.803,0.000,0.000,0.000,0.000,0.000,0.000,1.223,0.000,0.000,0.000,0.000,0.000,0.000,0.000,0.000,0.000,0.000,0.000,0.000,0.000,0.000,0.000,0.000,0.000,0.000,0.000,0.000,0.000,0.000,1.229,2.690,0.000,0.000]
  Iter 24: LB=5.250198  UB=15.563693  gap=6.63e-01
  Cut: intercept=-1120.400396, π_x_range=[-824.6516, 578.9510]
  Mini-Benders[1] (mw): LB=5.716184, Z₀(α*)=14.518871, intercept=-5.166778 (0.360s) [OMP=0.307 ISP-L=0.004 ISP-F=0.011 MW-L=0.022 MW-F=0.010]
  Mini-Benders[2] (mw): LB=6.010925, Z₀(α*)=11.163370, intercept=-46.021578 (0.359s) [OMP=0.322 ISP-L=0.004 ISP-F=0.012 MW-L=0.009 MW-F=0.011]
  Mini-Benders[3] (mw): LB=6.089920, Z₀(α*)=2.194323, intercept=-77.826243 (0.328s) [OMP=0.297 ISP-L=0.004 ISP-F=0.013 MW-L=0.009 MW-F=0.011]
  Mini-Benders[4] (mw): LB=6.089920, Z₀(α*)=2.194323, intercept=-77.826243 (0.348s) [OMP=0.299 ISP-L=0.004 ISP-F=0.013 MW-L=0.011 MW-F=0.012]
  Mini-Benders[5] (mw): LB=6.089920, Z₀(α*)=2.194323, intercept=-77.826243 (0.369s) [OMP=0.337 ISP-L=0.004 ISP-F=0.013 MW-L=0.009 MW-F=0.011]
  α-step: Z₀=19.985996, α=[0.000,0.000,0.000,0.000,0.000,0.000,0.000,0.000,0.000,0.000,0.000,0.000,0.000,0.000,0.000,0.000,0.000,4.151,0.000,0.000,0.000,0.000,0.000,0.000,1.197,0.000,0.000,0.691,0.000,1.272,0.000,0.000,0.000,2.634,0.000,0.000]
  Alt-Benders[1] (mw): LB=6.097842, Z₀(α*)=7.603462, intercept=-46.011669 (0.326s) [OMP=0.274 ISP-L=0.004 ISP-F=0.012 MW-L=0.009 MW-F=0.013]
  Alt-Benders[2] (mw): LB=6.116683, Z₀(α*)=-9.200708, intercept=-27.268047 (0.378s) [OMP=0.335 ISP-L=0.003 ISP-F=0.012 MW-L=0.008 MW-F=0.019]
  Alt-Benders[3] (mw): LB=6.116683, Z₀(α*)=-9.200708, intercept=-27.268047 (0.390s) [OMP=0.354 ISP-L=0.003 ISP-F=0.013 MW-L=0.010 MW-F=0.009]
  Alt-Benders[4] (mw): LB=6.116683, Z₀(α*)=-9.200708, intercept=-27.268047 (0.438s) [OMP=0.401 ISP-L=0.003 ISP-F=0.013 MW-L=0.010 MW-F=0.008]
  Alt-Benders[5]: LB stagnated, break
  OMP re-solve: 0.000s

=== True-DRO Benders iter 25 ===
  OMP: t₀=6.116683, UB=15.563693, gap=6.07e-01, x=[0, 0, 1, 0, 0, 0, 1, 0, 0, 0, 0, 0, 0, 0, 0, 0, 0, 0, 0, 0, 0, 0, 0, 0, 0, 0, 0, 0, 0, 0, 0, 0, 0, 0, 0, 0] (0.000s)
  Sub: Z₀=20.324047 (0.2s), α=[0.000,0.000,9.944,0.000,0.000,0.000,0.000,0.000,0.000,0.000,0.000,0.000,0.000,0.000,0.000,0.000,0.000,0.000,0.000,0.000,0.000,0.000,0.000,0.000,0.000,0.000,0.000,0.000,0.000,0.000,0.000,0.000,0.000,0.000,0.000,0.000]
  Iter 25: LB=6.116683  UB=15.563693  gap=6.07e-01
  Cut: intercept=-74.017801, π_x_range=[-252.0000, 54.4719]
  Sherali-Cut: intercept=-10.815812, π_x_range=[-83.0791, 31.1398]
  Mini-Benders[1] (mw): LB=6.229280, Z₀(α*)=-37.375726, intercept=-27.363862 (0.313s) [OMP=0.277 ISP-L=0.004 ISP-F=0.010 MW-L=0.008 MW-F=0.011]
  Mini-Benders[2] (mw): LB=6.229280, Z₀(α*)=-37.375726, intercept=-27.363862 (0.375s) [OMP=0.333 ISP-L=0.005 ISP-F=0.011 MW-L=0.008 MW-F=0.011]
  Mini-Benders[3] (mw): LB=6.229280, Z₀(α*)=-37.375726, intercept=-27.363862 (0.375s) [OMP=0.321 ISP-L=0.004 ISP-F=0.011 MW-L=0.019 MW-F=0.011]
  Mini-Benders[4]: LB stagnated, break
  α-step: Z₀=18.829511, α=[0.000,0.000,0.000,0.000,0.000,0.000,0.000,0.000,0.000,0.000,0.000,0.000,0.000,0.000,0.000,0.000,0.000,2.795,0.000,0.000,0.000,0.000,0.000,0.000,0.000,0.000,0.000,0.000,0.000,0.000,0.000,0.000,0.000,7.149,0.000,0.000]
  Alt-Benders[1] (mw): LB=6.245194, Z₀(α*)=18.206907, intercept=-22.848856 (0.328s) [OMP=0.293 ISP-L=0.004 ISP-F=0.011 MW-L=0.009 MW-F=0.008]
  Alt-Benders[2] (mw): LB=6.341363, Z₀(α*)=0.664046, intercept=-11.304594 (0.335s) [OMP=0.292 ISP-L=0.003 ISP-F=0.011 MW-L=0.006 MW-F=0.011]
  Alt-Benders[3] (mw): LB=6.341363, Z₀(α*)=0.664046, intercept=-11.304594 (0.305s) [OMP=0.285 ISP-L=0.003 ISP-F=0.010 MW-L=0.007 MW-F=0.009]
  Alt-Benders[4] (mw): LB=6.341363, Z₀(α*)=0.664046, intercept=-11.304594 (0.313s) [OMP=0.278 ISP-L=0.003 ISP-F=0.010 MW-L=0.006 MW-F=0.009]
  Alt-Benders[5]: LB stagnated, break
  OMP re-solve: 0.000s

=== True-DRO Benders iter 26 ===
  OMP: t₀=6.341363, UB=15.563693, gap=5.93e-01, x=[0, 0, 0, 0, 0, 0, 0, 0, 0, 1, 0, 0, 0, 0, 0, 0, 0, 0, 0, 0, 0, 0, 0, 0, 0, 0, 0, 0, 0, 0, 1, 0, 0, 0, 0, 0] (0.000s)
  Sub: Z₀=20.104825 [LOCAL] (0.3s), α=[0.000,0.000,4.606,0.000,0.000,0.000,0.000,0.000,0.000,4.099,0.000,0.000,0.000,0.000,0.000,0.000,0.000,0.000,0.000,0.000,0.000,0.000,0.000,0.000,0.000,0.000,0.000,0.338,0.000,0.000,0.000,0.000,0.181,0.720,0.000,0.000]
  Iter 26: LB=6.341363  UB=15.563693  gap=5.93e-01
  Cut: intercept=-1135.103573, π_x_range=[-822.5675, 596.9306]
  Mini-Benders[1] (mw): LB=6.572168, Z₀(α*)=-23.464737, intercept=-87.726797 (0.343s) [OMP=0.292 ISP-L=0.004 ISP-F=0.011 MW-L=0.007 MW-F=0.019]
  Mini-Benders[2] (mw): LB=6.572168, Z₀(α*)=-23.464737, intercept=-87.726797 (0.328s) [OMP=0.295 ISP-L=0.005 ISP-F=0.014 MW-L=0.009 MW-F=0.012]
  Mini-Benders[3] (mw): LB=6.572168, Z₀(α*)=-23.464737, intercept=-87.726797 (0.344s) [OMP=0.298 ISP-L=0.004 ISP-F=0.011 MW-L=0.007 MW-F=0.009]
  Mini-Benders[4]: LB stagnated, break
  α-step: Z₀=19.437153, α=[0.000,0.000,0.000,0.000,0.000,0.000,1.197,0.000,0.000,0.000,0.000,0.000,0.000,2.826,0.000,0.000,0.000,3.052,0.000,0.000,0.000,0.000,0.000,0.000,0.000,0.000,0.000,0.000,0.000,0.000,0.000,0.000,0.000,2.870,0.000,0.000]
  Alt-Benders[1] (mw): LB=6.639532, Z₀(α*)=8.341488, intercept=-39.241422 (0.406s) [OMP=0.348 ISP-L=0.005 ISP-F=0.018 MW-L=0.012 MW-F=0.014]
  Alt-Benders[2] (mw): LB=6.666884, Z₀(α*)=-0.567344, intercept=-62.336679 (0.328s) [OMP=0.304 ISP-L=0.003 ISP-F=0.010 MW-L=0.007 MW-F=0.009]
  Alt-Benders[3] (mw): LB=6.666884, Z₀(α*)=-0.567344, intercept=-62.336679 (0.344s) [OMP=0.301 ISP-L=0.004 ISP-F=0.013 MW-L=0.009 MW-F=0.013]
  Alt-Benders[4] (mw): LB=6.666884, Z₀(α*)=-0.567344, intercept=-62.336679 (0.359s) [OMP=0.310 ISP-L=0.003 ISP-F=0.011 MW-L=0.011 MW-F=0.011]
  Alt-Benders[5]: LB stagnated, break
  OMP re-solve: 0.000s

=== True-DRO Benders iter 27 ===
  OMP: t₀=6.666884, UB=15.563693, gap=5.72e-01, x=[0, 0, 0, 0, 0, 0, 0, 0, 0, 0, 0, 0, 0, 0, 0, 0, 0, 0, 0, 0, 0, 0, 1, 0, 0, 0, 0, 0, 1, 0, 0, 0, 0, 0, 0, 0] (0.000s)
  Sub: Z₀=21.228128 [LOCAL] (0.2s), α=[0.000,0.000,4.523,0.000,0.000,0.000,0.000,0.000,0.000,0.000,0.000,0.000,0.000,0.000,0.000,0.000,0.000,0.000,0.000,0.000,0.000,0.000,2.310,0.000,0.000,0.000,0.000,0.000,0.000,0.000,0.000,0.000,0.838,2.273,0.000,0.000]
  Iter 27: LB=6.666884  UB=15.563693  gap=5.72e-01
  Cut: intercept=-1114.244461, π_x_range=[-824.1848, 570.6330]
  Mini-Benders[1] (mw): LB=6.910725, Z₀(α*)=0.989682, intercept=-83.115678 (0.375s) [OMP=0.328 ISP-L=0.004 ISP-F=0.013 MW-L=0.010 MW-F=0.012]
  Mini-Benders[2] (mw): LB=6.910725, Z₀(α*)=0.989682, intercept=-83.115678 (0.438s) [OMP=0.389 ISP-L=0.005 ISP-F=0.015 MW-L=0.010 MW-F=0.011]
  Mini-Benders[3] (mw): LB=6.910725, Z₀(α*)=0.989682, intercept=-83.115678 (0.406s) [OMP=0.380 ISP-L=0.004 ISP-F=0.012 MW-L=0.008 MW-F=0.009]
  Mini-Benders[4]: LB stagnated, break
  α-step: Z₀=19.139188, α=[0.000,0.000,0.000,0.000,0.000,0.000,0.000,0.000,0.000,0.000,0.000,0.000,0.000,0.000,0.000,0.000,0.000,2.844,2.682,0.000,0.000,0.000,0.000,0.000,1.197,0.000,0.000,1.841,0.000,0.053,0.000,0.000,0.748,0.580,0.000,0.000]
  Alt-Benders[1] (mw): LB=6.947667, Z₀(α*)=-18.544799, intercept=-35.357118 (0.406s) [OMP=0.350 ISP-L=0.008 ISP-F=0.019 MW-L=0.014 MW-F=0.017]
  Alt-Benders[2] (mw): LB=6.947667, Z₀(α*)=-18.544799, intercept=-35.357118 (0.407s) [OMP=0.363 ISP-L=0.006 ISP-F=0.014 MW-L=0.010 MW-F=0.013]
  Alt-Benders[3] (mw): LB=6.947667, Z₀(α*)=-18.544799, intercept=-35.357118 (0.358s) [OMP=0.314 ISP-L=0.005 ISP-F=0.012 MW-L=0.008 MW-F=0.010]
  Alt-Benders[4]: LB stagnated, break
  OMP re-solve: 0.000s

=== True-DRO Benders iter 28 ===
  OMP: t₀=6.947667, UB=15.563693, gap=5.54e-01, x=[0, 0, 0, 0, 0, 0, 0, 0, 0, 0, 0, 0, 0, 0, 0, 0, 0, 0, 0, 0, 0, 1, 0, 0, 0, 0, 0, 0, 0, 0, 0, 0, 0, 1, 0, 0] (0.000s)
  Sub: Z₀=19.705290 [LOCAL] (0.1s), α=[0.000,0.000,1.214,0.000,0.000,0.000,0.000,0.000,0.000,0.000,0.000,0.000,0.000,0.000,0.000,0.000,0.000,0.003,0.000,0.000,0.000,0.000,0.000,0.000,0.000,0.000,0.000,0.000,0.000,0.000,0.000,0.000,1.193,7.535,0.000,0.000]
  Iter 28: LB=6.947667  UB=15.563693  gap=5.54e-01
  Cut: intercept=-1128.387335, π_x_range=[-820.3040, 576.2073]
  Mini-Benders[1] (mw): LB=7.151901, Z₀(α*)=11.497732, intercept=-62.665859 (0.359s) [OMP=0.324 ISP-L=0.004 ISP-F=0.011 MW-L=0.007 MW-F=0.008]
  Mini-Benders[2] (mw): LB=7.245415, Z₀(α*)=-1.151303, intercept=-46.636388 (0.397s) [OMP=0.351 ISP-L=0.004 ISP-F=0.013 MW-L=0.009 MW-F=0.012]
  Mini-Benders[3] (mw): LB=7.245415, Z₀(α*)=-1.151303, intercept=-46.636388 (0.337s) [OMP=0.308 ISP-L=0.004 ISP-F=0.015 MW-L=0.008 MW-F=0.012]
  Mini-Benders[4] (mw): LB=7.245415, Z₀(α*)=-1.151303, intercept=-46.636388 (0.344s) [OMP=0.297 ISP-L=0.004 ISP-F=0.014 MW-L=0.009 MW-F=0.013]
  Mini-Benders[5]: LB stagnated, break
  α-step: Z₀=21.705768, α=[0.000,0.000,3.580,0.000,0.000,0.000,0.000,0.000,0.000,0.000,0.000,0.000,0.000,1.794,0.000,0.000,0.000,0.000,0.000,0.000,0.000,0.000,0.100,0.000,0.000,0.000,0.000,0.000,0.000,0.000,0.000,0.000,2.904,1.567,0.000,0.000]
  Alt-Benders[1] (mw): LB=7.389205, Z₀(α*)=4.021846, intercept=-58.462473 (0.360s) [OMP=0.329 ISP-L=0.004 ISP-F=0.014 MW-L=0.009 MW-F=0.011]
  Alt-Benders[2] (mw): LB=7.389205, Z₀(α*)=4.021846, intercept=-58.462473 (0.515s) [OMP=0.448 ISP-L=0.005 ISP-F=0.013 MW-L=0.008 MW-F=0.027]
  Alt-Benders[3] (mw): LB=7.389205, Z₀(α*)=4.021846, intercept=-58.462473 (0.469s) [OMP=0.438 ISP-L=0.004 ISP-F=0.012 MW-L=0.009 MW-F=0.012]
  Alt-Benders[4]: LB stagnated, break
  OMP re-solve: 0.000s

=== True-DRO Benders iter 29 ===
  OMP: t₀=7.389205, UB=15.563693, gap=5.25e-01, x=[0, 0, 0, 0, 0, 0, 0, 0, 0, 0, 0, 0, 1, 0, 0, 0, 0, 0, 0, 0, 0, 1, 0, 0, 0, 0, 0, 0, 0, 0, 0, 0, 0, 0, 0, 0] (0.000s)
  Sub: Z₀=20.209027 [LOCAL] (0.2s), α=[0.000,0.000,1.378,0.000,0.000,0.000,0.000,0.000,0.000,0.000,0.000,0.000,3.189,0.580,0.000,0.000,0.000,1.951,0.000,0.000,0.000,0.090,0.000,0.000,0.000,0.000,0.000,0.000,0.000,0.000,0.000,0.000,0.004,2.752,0.000,0.000]
  Iter 29: LB=7.389205  UB=15.563693  gap=5.25e-01
  Cut: intercept=-1108.946912, π_x_range=[-818.1856, 574.6194]
  Mini-Benders[1] (mw): LB=7.471752, Z₀(α*)=-6.710916, intercept=-68.780556 (0.375s) [OMP=0.326 ISP-L=0.004 ISP-F=0.014 MW-L=0.011 MW-F=0.016]
  Mini-Benders[2] (mw): LB=7.471752, Z₀(α*)=-6.710916, intercept=-68.780556 (0.438s) [OMP=0.391 ISP-L=0.004 ISP-F=0.011 MW-L=0.008 MW-F=0.012]
  Mini-Benders[3] (mw): LB=7.471752, Z₀(α*)=-6.710916, intercept=-68.780556 (0.439s) [OMP=0.398 ISP-L=0.004 ISP-F=0.012 MW-L=0.009 MW-F=0.012]
  Mini-Benders[4]: LB stagnated, break
  α-step: Z₀=15.388294, α=[0.000,0.000,6.382,0.000,0.000,0.000,0.000,0.000,0.000,0.000,0.000,0.000,0.000,0.000,0.000,0.000,0.000,0.000,0.000,0.000,0.000,0.000,0.000,0.000,0.000,0.000,0.000,0.000,0.000,0.000,0.000,0.000,3.562,0.000,0.000,0.000]
  Alt-Benders[1] (mw): LB=7.553359, Z₀(α*)=10.437675, intercept=-31.365582 (0.359s) [OMP=0.325 ISP-L=0.004 ISP-F=0.013 MW-L=0.009 MW-F=0.010]
  Alt-Benders[2] (mw): LB=7.603460, Z₀(α*)=20.785621, intercept=-83.039078 (0.406s) [OMP=0.347 ISP-L=0.005 ISP-F=0.015 MW-L=0.020 MW-F=0.008]
  Alt-Benders[3] (mw): LB=7.785062, Z₀(α*)=14.972657, intercept=-23.344134 (0.423s) [OMP=0.383 ISP-L=0.004 ISP-F=0.012 MW-L=0.009 MW-F=0.012]
  Alt-Benders[4] (mw): LB=8.158524, Z₀(α*)=18.778386, intercept=-47.995970 (0.405s) [OMP=0.372 ISP-L=0.004 ISP-F=0.012 MW-L=0.010 MW-F=0.009]
  Alt-Benders[5] (mw): LB=8.228352, Z₀(α*)=19.250297, intercept=-10.636195 (0.438s) [OMP=0.405 ISP-L=0.005 ISP-F=0.013 MW-L=0.008 MW-F=0.011]
  OMP re-solve: 0.367s

=== True-DRO Benders iter 30 ===
  OMP: t₀=8.341486, UB=15.563693, gap=4.64e-01, x=[0, 0, 0, 0, 0, 0, 0, 0, 0, 0, 0, 0, 0, 0, 0, 0, 0, 0, 0, 0, 0, 0, 0, 0, 1, 0, 0, 1, 0, 0, 0, 0, 0, 0, 0, 0] (0.000s)
  Sub: Z₀=19.819398 [TIME_LIMIT] (15.3s), α=[0.000,0.000,3.310,0.000,0.000,0.000,0.000,0.000,0.000,2.749,0.000,0.000,0.000,0.000,0.000,0.000,0.000,0.000,0.000,0.000,0.000,0.000,0.000,0.000,3.885,0.000,0.000,0.000,0.000,0.000,0.000,0.000,0.000,0.000,0.000,0.000]
  Iter 30: LB=8.341486  UB=15.563693  gap=4.64e-01
  Cut: intercept=-60.479774, π_x_range=[-267.0000, 63.3316]
  Mini-Benders[1] (mw): LB=8.553931, Z₀(α*)=-14.772545, intercept=-76.805901 (0.358s) [OMP=0.325 ISP-L=0.005 ISP-F=0.013 MW-L=0.009 MW-F=0.012]
  Mini-Benders[2] (mw): LB=8.553931, Z₀(α*)=-14.772545, intercept=-76.805901 (0.359s) [OMP=0.321 ISP-L=0.004 ISP-F=0.012 MW-L=0.009 MW-F=0.013]
  Mini-Benders[3] (mw): LB=8.553931, Z₀(α*)=-14.772545, intercept=-76.805901 (0.387s) [OMP=0.324 ISP-L=0.004 ISP-F=0.012 MW-L=0.009 MW-F=0.027]
  Mini-Benders[4]: LB stagnated, break
  α-step: Z₀=21.837589, α=[0.000,0.000,6.416,0.000,0.000,0.000,0.000,0.000,0.000,0.000,0.000,0.000,0.000,0.000,0.000,0.000,0.000,0.000,0.000,0.000,0.000,0.000,0.000,0.000,0.000,0.000,0.000,0.000,0.000,0.000,0.000,0.000,0.964,2.564,0.000,0.000]
  Alt-Benders[1] (mw): LB=8.607280, Z₀(α*)=0.290289, intercept=-36.079781 (0.359s) [OMP=0.329 ISP-L=0.005 ISP-F=0.011 MW-L=0.009 MW-F=0.010]
  Alt-Benders[2] (mw): LB=8.607280, Z₀(α*)=0.290289, intercept=-36.079781 (0.344s) [OMP=0.312 ISP-L=0.005 ISP-F=0.011 MW-L=0.008 MW-F=0.010]
  Alt-Benders[3] (mw): LB=8.607280, Z₀(α*)=0.290289, intercept=-36.079781 (0.375s) [OMP=0.330 ISP-L=0.004 ISP-F=0.011 MW-L=0.008 MW-F=0.011]
  Alt-Benders[4]: LB stagnated, break
  OMP re-solve: 0.000s

=== True-DRO Benders iter 31 ===
  OMP: t₀=8.607280, UB=15.563693, gap=4.47e-01, x=[0, 0, 0, 0, 0, 0, 0, 0, 0, 0, 0, 0, 1, 0, 0, 0, 0, 0, 0, 0, 0, 0, 0, 0, 0, 0, 0, 1, 0, 0, 0, 0, 0, 0, 0, 0] (0.000s)
  Sub: Z₀=20.327215 [LOCAL] (0.1s), α=[0.000,0.000,4.533,0.000,0.000,0.000,0.000,0.000,0.000,0.000,0.000,0.000,0.618,0.064,0.000,0.000,0.000,0.000,0.000,0.000,0.000,0.000,0.000,0.000,0.000,0.000,0.000,0.000,0.000,0.000,0.000,0.000,0.000,4.730,0.000,0.000]
  Iter 31: LB=8.607280  UB=15.563693  gap=4.47e-01
  Cut: intercept=-1134.233324, π_x_range=[-820.9981, 582.5080]
  Mini-Benders[1] (mw): LB=8.809674, Z₀(α*)=1.948394, intercept=-31.121110 (0.337s) [OMP=0.307 ISP-L=0.004 ISP-F=0.012 MW-L=0.010 MW-F=0.012]
  Mini-Benders[2] (mw): LB=8.809674, Z₀(α*)=1.948394, intercept=-31.121110 (0.625s) [OMP=0.581 ISP-L=0.004 ISP-F=0.013 MW-L=0.009 MW-F=0.012]
  Mini-Benders[3] (mw): LB=8.809674, Z₀(α*)=1.948394, intercept=-31.121110 (0.391s) [OMP=0.342 ISP-L=0.004 ISP-F=0.011 MW-L=0.008 MW-F=0.025]
  Mini-Benders[4]: LB stagnated, break
  α-step: Z₀=18.106628, α=[0.000,0.000,9.521,0.000,0.000,0.000,0.000,0.000,0.000,0.000,0.000,0.000,0.000,0.000,0.000,0.000,0.000,0.000,0.000,0.000,0.000,0.000,0.000,0.000,0.000,0.000,0.000,0.000,0.000,0.000,0.000,0.000,0.424,0.000,0.000,0.000]
  Alt-Benders[1] (mw): LB=8.818928, Z₀(α*)=-20.430567, intercept=-26.553461 (0.359s) [OMP=0.312 ISP-L=0.005 ISP-F=0.011 MW-L=0.008 MW-F=0.010]
  Alt-Benders[2] (mw): LB=8.818928, Z₀(α*)=-20.430567, intercept=-26.553461 (0.328s) [OMP=0.301 ISP-L=0.005 ISP-F=0.011 MW-L=0.008 MW-F=0.010]
  Alt-Benders[3] (mw): LB=8.818928, Z₀(α*)=-20.430567, intercept=-26.553461 (0.360s) [OMP=0.312 ISP-L=0.006 ISP-F=0.011 MW-L=0.008 MW-F=0.010]
  Alt-Benders[4]: LB stagnated, break
  OMP re-solve: 0.000s

=== True-DRO Benders iter 32 ===
  OMP: t₀=8.818928, UB=15.563693, gap=4.33e-01, x=[0, 0, 0, 0, 0, 0, 0, 0, 0, 0, 0, 0, 0, 0, 0, 0, 0, 0, 0, 0, 0, 1, 0, 0, 0, 0, 0, 0, 0, 0, 0, 0, 1, 0, 0, 0] (0.000s)
  Sub: Z₀=19.320045 [LOCAL] (0.2s), α=[0.000,0.000,2.038,0.000,0.000,0.000,0.000,0.000,0.000,0.000,0.000,0.000,0.000,0.000,0.000,0.000,0.000,0.000,0.000,0.000,0.000,0.000,0.000,0.000,0.000,0.000,0.000,0.000,0.000,0.000,0.000,0.000,7.907,0.000,0.000,0.000]
  Iter 32: LB=8.818928  UB=15.563693  gap=4.33e-01
  Cut: intercept=-1141.803048, π_x_range=[-822.9683, 587.5453]
  Mini-Benders[1] (mw): LB=8.886710, Z₀(α*)=-11.276129, intercept=-5.928055 (0.360s) [OMP=0.319 ISP-L=0.004 ISP-F=0.012 MW-L=0.009 MW-F=0.013]
  Mini-Benders[2] (mw): LB=8.886710, Z₀(α*)=-11.276129, intercept=-5.928055 (0.421s) [OMP=0.387 ISP-L=0.003 ISP-F=0.011 MW-L=0.009 MW-F=0.013]
  Mini-Benders[3] (mw): LB=8.886710, Z₀(α*)=-11.276129, intercept=-5.928055 (0.407s) [OMP=0.343 ISP-L=0.003 ISP-F=0.012 MW-L=0.032 MW-F=0.015]
  Mini-Benders[4]: LB stagnated, break
  α-step: Z₀=20.692707, α=[0.000,0.000,5.928,0.000,0.000,0.000,0.000,0.000,0.000,0.000,0.000,0.000,0.000,0.000,0.000,0.000,0.000,0.000,0.000,0.000,0.000,0.000,0.000,0.000,0.000,0.000,0.000,0.000,0.000,0.000,0.000,0.000,1.229,2.787,0.000,0.000]
  Alt-Benders[1] (mw): LB=9.463997, Z₀(α*)=8.140656, intercept=-70.630405 (0.348s) [OMP=0.312 ISP-L=0.005 ISP-F=0.013 MW-L=0.009 MW-F=0.012]
  Alt-Benders[2] (mw): LB=9.463998, Z₀(α*)=8.140656, intercept=-70.630405 (0.358s) [OMP=0.318 ISP-L=0.005 ISP-F=0.013 MW-L=0.009 MW-F=0.011]
  Alt-Benders[3] (mw): LB=9.463998, Z₀(α*)=8.140656, intercept=-70.630405 (0.344s) [OMP=0.307 ISP-L=0.004 ISP-F=0.012 MW-L=0.009 MW-F=0.012]
  Alt-Benders[4]: LB stagnated, break
  OMP re-solve: 0.001s

=== True-DRO Benders iter 33 ===
  OMP: t₀=9.463998, UB=15.563693, gap=3.92e-01, x=[0, 0, 0, 0, 0, 0, 0, 0, 0, 0, 0, 0, 0, 0, 0, 0, 0, 0, 0, 0, 0, 0, 1, 0, 0, 0, 0, 0, 0, 0, 0, 0, 1, 0, 0, 0] (0.000s)
  Sub: Z₀=19.829641 [LOCAL] (0.1s), α=[0.000,0.000,2.024,0.000,0.000,0.013,0.000,0.000,0.000,0.000,0.000,0.000,0.000,0.022,0.000,0.000,0.000,0.000,0.000,0.000,0.000,0.000,0.303,0.000,0.000,0.000,0.000,0.000,0.000,0.000,0.000,0.000,6.848,0.735,0.000,0.000]
  Iter 33: LB=9.463998  UB=15.563693  gap=3.92e-01
  Cut: intercept=-1117.784442, π_x_range=[-823.4274, 576.6849]
  Mini-Benders[1] (mw): LB=9.611927, Z₀(α*)=-18.719590, intercept=-52.866228 (0.391s) [OMP=0.351 ISP-L=0.004 ISP-F=0.012 MW-L=0.010 MW-F=0.012]
  Mini-Benders[2] (mw): LB=9.611927, Z₀(α*)=-18.719590, intercept=-52.866228 (0.360s) [OMP=0.304 ISP-L=0.004 ISP-F=0.011 MW-L=0.009 MW-F=0.025]
  Mini-Benders[3] (mw): LB=9.611927, Z₀(α*)=-18.719590, intercept=-52.866228 (0.312s) [OMP=0.292 ISP-L=0.003 ISP-F=0.011 MW-L=0.008 MW-F=0.010]
  Mini-Benders[4]: LB stagnated, break
  α-step: Z₀=17.094554, α=[0.000,0.000,5.410,0.000,0.000,0.000,0.000,0.000,0.000,0.000,0.000,0.000,0.000,0.000,0.000,0.000,0.000,0.000,0.000,0.000,0.000,0.000,0.000,0.000,0.000,0.000,0.000,0.000,0.000,0.000,0.000,0.000,0.000,4.534,0.000,0.000]
  Alt-Benders[1] (mw): LB=9.896033, Z₀(α*)=14.778757, intercept=-2.902343 (0.407s) [OMP=0.365 ISP-L=0.004 ISP-F=0.012 MW-L=0.008 MW-F=0.010]
  Alt-Benders[2] (mw): LB=10.306938, Z₀(α*)=17.379850, intercept=-62.089568 (0.437s) [OMP=0.395 ISP-L=0.004 ISP-F=0.011 MW-L=0.009 MW-F=0.012]
  Alt-Benders[3] (mw): LB=10.413164, Z₀(α*)=3.460703, intercept=-22.643020 (0.406s) [OMP=0.369 ISP-L=0.004 ISP-F=0.014 MW-L=0.009 MW-F=0.010]
  Alt-Benders[4] (mw): LB=10.413164, Z₀(α*)=3.460703, intercept=-22.643020 (0.375s) [OMP=0.338 ISP-L=0.004 ISP-F=0.013 MW-L=0.009 MW-F=0.011]
  Alt-Benders[5] (mw): LB=10.413164, Z₀(α*)=3.460703, intercept=-22.643020 (0.388s) [OMP=0.328 ISP-L=0.006 ISP-F=0.016 MW-L=0.011 MW-F=0.017]
  OMP re-solve: 0.345s

=== True-DRO Benders iter 34 ===
  OMP: t₀=10.413164, UB=15.563693, gap=3.31e-01, x=[0, 0, 0, 0, 0, 1, 0, 0, 0, 0, 0, 0, 0, 0, 0, 0, 0, 0, 0, 1, 0, 0, 0, 0, 0, 0, 0, 0, 0, 0, 0, 0, 0, 0, 0, 0] (0.001s)
  Sub: Z₀=18.918848 [LOCAL] (0.2s), α=[0.000,0.000,1.500,0.000,0.000,5.340,0.000,0.000,0.000,0.000,0.000,0.000,0.000,1.138,0.000,0.000,0.000,0.502,0.000,0.000,0.000,0.000,0.000,0.000,0.000,0.000,0.000,0.000,0.000,0.067,0.297,0.000,0.380,0.721,0.000,0.000]
  Iter 34: LB=10.413164  UB=15.563693  gap=3.31e-01
  Cut: intercept=-1117.682415, π_x_range=[-818.9981, 580.6690]
  Mini-Benders[1] (mw): LB=10.437673, Z₀(α*)=-27.389219, intercept=-38.555755 (0.359s) [OMP=0.313 ISP-L=0.003 ISP-F=0.011 MW-L=0.008 MW-F=0.016]
  Mini-Benders[2] (mw): LB=10.437673, Z₀(α*)=-27.389219, intercept=-38.555755 (0.374s) [OMP=0.336 ISP-L=0.004 ISP-F=0.011 MW-L=0.008 MW-F=0.015]
  Mini-Benders[3] (mw): LB=10.437673, Z₀(α*)=-27.389219, intercept=-38.555755 (0.375s) [OMP=0.342 ISP-L=0.004 ISP-F=0.011 MW-L=0.008 MW-F=0.015]
  Mini-Benders[4]: LB stagnated, break
  α-step: Z₀=18.084230, α=[0.000,0.000,9.521,0.000,0.000,0.000,0.000,0.000,0.000,0.000,0.000,0.000,0.000,0.000,0.000,0.000,0.000,0.125,0.000,0.000,0.000,0.000,0.000,0.000,0.000,0.000,0.000,0.000,0.000,0.000,0.000,0.000,0.298,0.000,0.000,0.000]
  Alt-Benders[1] (mw): LB=10.770501, Z₀(α*)=-29.435264, intercept=-49.572092 (0.377s) [OMP=0.346 ISP-L=0.005 ISP-F=0.013 MW-L=0.008 MW-F=0.010]
  Alt-Benders[2] (mw): LB=10.770501, Z₀(α*)=-29.435264, intercept=-49.572092 (0.422s) [OMP=0.381 ISP-L=0.005 ISP-F=0.013 MW-L=0.009 MW-F=0.009]
  Alt-Benders[3] (mw): LB=10.770501, Z₀(α*)=-29.435264, intercept=-49.572092 (0.422s) [OMP=0.381 ISP-L=0.005 ISP-F=0.013 MW-L=0.009 MW-F=0.010]
  Alt-Benders[4]: LB stagnated, break
  OMP re-solve: 0.000s

=== True-DRO Benders iter 35 ===
  OMP: t₀=10.770501, UB=15.563693, gap=3.08e-01, x=[0, 0, 0, 0, 0, 0, 0, 0, 0, 0, 0, 0, 1, 0, 0, 0, 0, 0, 0, 0, 0, 0, 0, 0, 0, 0, 0, 0, 1, 0, 0, 0, 0, 0, 0, 0] (0.000s)
  Sub: Z₀=20.491829 [TIME_LIMIT] (15.1s), α=[0.000,0.000,3.376,0.000,0.000,0.000,0.000,0.000,0.000,0.000,0.000,0.000,0.663,0.450,0.000,0.000,0.000,0.000,0.000,0.000,0.000,0.000,0.000,0.000,0.000,0.000,0.000,0.000,0.000,0.000,0.000,0.000,0.000,5.455,0.000,0.000]
  Iter 35: LB=10.770501  UB=15.563693  gap=3.08e-01
  Cut: intercept=-74.698050, π_x_range=[-179.2635, 77.0427]
  Mini-Benders[1] (mw): LB=10.775091, Z₀(α*)=12.290170, intercept=-18.080561 (0.500s) [OMP=0.461 ISP-L=0.004 ISP-F=0.012 MW-L=0.009 MW-F=0.012]
  Mini-Benders[2] (mw): LB=10.943089, Z₀(α*)=17.535844, intercept=10.712446 (0.484s) [OMP=0.458 ISP-L=0.004 ISP-F=0.013 MW-L=0.008 MW-F=0.010]
  Mini-Benders[3] (mw): LB=11.127146, Z₀(α*)=15.842307, intercept=-5.635548 (0.484s) [OMP=0.442 ISP-L=0.004 ISP-F=0.011 MW-L=0.007 MW-F=0.011]
  Mini-Benders[4] (mw): LB=11.147102, Z₀(α*)=14.090384, intercept=-13.458021 (0.453s) [OMP=0.426 ISP-L=0.004 ISP-F=0.011 MW-L=0.009 MW-F=0.010]
  Mini-Benders[5] (mw): LB=11.163368, Z₀(α*)=3.085990, intercept=-47.047942 (0.391s) [OMP=0.353 ISP-L=0.004 ISP-F=0.011 MW-L=0.009 MW-F=0.012]
  α-step: Z₀=19.679089, α=[0.000,0.000,1.613,0.000,0.000,0.000,0.000,0.000,0.000,0.000,0.000,0.000,0.000,0.000,0.000,0.000,0.000,3.894,0.000,0.000,0.000,0.000,1.818,0.000,0.000,0.000,0.000,0.000,0.000,0.000,0.000,0.000,0.000,2.619,0.000,0.000]
  Alt-Benders[1] (mw): LB=11.241527, Z₀(α*)=-1.477436, intercept=-28.702611 (0.375s) [OMP=0.328 ISP-L=0.005 ISP-F=0.012 MW-L=0.009 MW-F=0.022]
  Alt-Benders[2] (mw): LB=11.241527, Z₀(α*)=-1.477436, intercept=-28.702611 (0.360s) [OMP=0.323 ISP-L=0.004 ISP-F=0.012 MW-L=0.008 MW-F=0.010]
  Alt-Benders[3] (mw): LB=11.241527, Z₀(α*)=-1.477436, intercept=-28.702611 (0.375s) [OMP=0.342 ISP-L=0.005 ISP-F=0.014 MW-L=0.010 MW-F=0.011]
  Alt-Benders[4]: LB stagnated, break
  OMP re-solve: 0.000s

=== True-DRO Benders iter 36 ===
  OMP: t₀=11.241527, UB=15.563693, gap=2.78e-01, x=[0, 0, 0, 0, 0, 1, 0, 0, 0, 0, 0, 0, 0, 0, 0, 0, 0, 0, 0, 0, 0, 0, 0, 0, 0, 0, 0, 1, 0, 0, 0, 0, 0, 0, 0, 0] (0.000s)
  Sub: Z₀=18.641793 [LOCAL] (0.2s), α=[0.000,0.000,2.667,0.000,0.000,4.193,0.000,0.000,0.000,0.000,0.000,0.000,0.000,0.718,0.000,0.000,0.000,0.000,0.000,0.000,0.000,0.000,0.000,0.000,0.000,0.000,0.000,0.000,0.000,0.016,0.046,0.000,0.678,1.626,0.000,0.000]
  Iter 36: LB=11.241527  UB=15.563693  gap=2.78e-01
  Cut: intercept=-1118.145134, π_x_range=[-819.1167, 579.1781]
  Mini-Benders[1] (mw): LB=11.497730, Z₀(α*)=-8.406952, intercept=-34.214368 (0.328s) [OMP=0.299 ISP-L=0.004 ISP-F=0.012 MW-L=0.009 MW-F=0.009]
  Mini-Benders[2] (mw): LB=11.497730, Z₀(α*)=-8.406952, intercept=-34.214368 (0.391s) [OMP=0.346 ISP-L=0.004 ISP-F=0.012 MW-L=0.008 MW-F=0.009]
  Mini-Benders[3] (mw): LB=11.497730, Z₀(α*)=-8.406952, intercept=-34.214368 (0.376s) [OMP=0.350 ISP-L=0.004 ISP-F=0.012 MW-L=0.009 MW-F=0.009]
  Mini-Benders[4]: LB stagnated, break
  α-step: Z₀=20.836888, α=[0.000,0.000,2.441,0.000,0.000,0.000,0.000,0.000,0.000,0.000,0.000,0.000,1.534,1.365,0.000,0.000,0.000,1.098,0.000,0.000,0.000,0.000,0.000,0.000,0.000,0.000,0.000,0.000,0.000,0.000,0.000,0.000,0.000,3.505,0.000,0.000]
  Alt-Benders[1] (mw): LB=11.526863, Z₀(α*)=2.170234, intercept=-17.658917 (0.406s) [OMP=0.355 ISP-L=0.003 ISP-F=0.011 MW-L=0.021 MW-F=0.010]
  Alt-Benders[2] (mw): LB=11.526863, Z₀(α*)=2.170234, intercept=-17.658917 (0.375s) [OMP=0.337 ISP-L=0.003 ISP-F=0.011 MW-L=0.008 MW-F=0.010]
  Alt-Benders[3] (mw): LB=11.526863, Z₀(α*)=2.170234, intercept=-17.658917 (0.391s) [OMP=0.357 ISP-L=0.004 ISP-F=0.012 MW-L=0.009 MW-F=0.012]
  Alt-Benders[4]: LB stagnated, break
  OMP re-solve: 0.000s

=== True-DRO Benders iter 37 ===
  OMP: t₀=11.526863, UB=15.563693, gap=2.59e-01, x=[0, 0, 0, 0, 0, 0, 0, 0, 1, 1, 0, 0, 0, 0, 0, 0, 0, 0, 0, 0, 0, 0, 0, 0, 0, 0, 0, 0, 0, 0, 0, 0, 0, 0, 0, 0] (0.000s)
  Sub: Z₀=21.047109 [LOCAL] (0.2s), α=[0.000,0.000,5.422,0.000,0.000,0.000,0.000,0.000,0.000,0.000,0.000,0.000,0.000,0.000,0.000,0.000,0.000,0.000,0.000,0.000,0.000,0.000,0.000,0.000,0.000,0.000,0.000,0.000,0.000,0.000,0.000,0.000,0.878,3.644,0.000,0.000]
  Iter 37: LB=11.526863  UB=15.563693  gap=2.59e-01
  Cut: intercept=-1128.375549, π_x_range=[-824.5923, 586.7791]
  Mini-Benders[1] (mw): LB=11.569057, Z₀(α*)=21.004190, intercept=-20.180578 (0.421s) [OMP=0.383 ISP-L=0.004 ISP-F=0.012 MW-L=0.009 MW-F=0.014]
  Mini-Benders[2] (mw): LB=11.695511, Z₀(α*)=14.485030, intercept=-7.111225 (0.359s) [OMP=0.310 ISP-L=0.004 ISP-F=0.011 MW-L=0.008 MW-F=0.010]
  Mini-Benders[3] (mw): LB=11.979705, Z₀(α*)=23.234025, intercept=23.542774 (0.391s) [OMP=0.363 ISP-L=0.004 ISP-F=0.012 MW-L=0.008 MW-F=0.012]
  Mini-Benders[4] (mw): LB=12.105486, Z₀(α*)=20.420585, intercept=-4.910751 (0.375s) [OMP=0.332 ISP-L=0.004 ISP-F=0.013 MW-L=0.010 MW-F=0.017]
  Mini-Benders[5] (mw): LB=12.126101, Z₀(α*)=13.825910, intercept=-63.980782 (0.375s) [OMP=0.322 ISP-L=0.004 ISP-F=0.011 MW-L=0.020 MW-F=0.011]
  α-step: Z₀=17.420581, α=[0.000,0.000,0.000,0.000,0.000,4.940,0.000,0.000,0.000,0.000,0.000,0.000,0.000,1.365,0.000,0.000,0.000,1.762,0.000,0.000,0.000,0.000,0.000,0.000,0.000,0.000,0.000,0.000,0.000,0.297,0.000,0.000,0.748,0.833,0.000,0.000]
  Alt-Benders[1] (mw): LB=12.290168, Z₀(α*)=-5.936118, intercept=-30.927379 (0.422s) [OMP=0.382 ISP-L=0.004 ISP-F=0.014 MW-L=0.010 MW-F=0.011]
  Alt-Benders[2] (mw): LB=12.290168, Z₀(α*)=-5.936118, intercept=-30.927379 (0.406s) [OMP=0.370 ISP-L=0.004 ISP-F=0.012 MW-L=0.008 MW-F=0.009]
  Alt-Benders[3] (mw): LB=12.290168, Z₀(α*)=-5.936118, intercept=-30.927379 (0.390s) [OMP=0.348 ISP-L=0.004 ISP-F=0.012 MW-L=0.008 MW-F=0.009]
  Alt-Benders[4]: LB stagnated, break
  OMP re-solve: 0.000s

=== True-DRO Benders iter 38 ===
  OMP: t₀=12.290168, UB=15.563693, gap=2.10e-01, x=[0, 0, 0, 0, 0, 0, 0, 0, 0, 0, 0, 0, 0, 0, 0, 0, 0, 0, 0, 0, 0, 1, 0, 0, 0, 0, 0, 1, 0, 0, 0, 0, 0, 0, 0, 0] (0.000s)
  Sub: Z₀=21.898473 [LOCAL] (0.1s), α=[0.000,0.000,5.063,0.000,0.000,0.000,0.000,0.000,0.000,0.000,0.000,0.000,0.000,0.000,0.000,0.000,0.000,0.000,0.000,0.000,0.000,0.000,0.000,0.000,0.000,0.000,0.000,0.000,0.000,0.000,0.000,0.000,4.767,0.114,0.000,0.000]
  Iter 38: LB=12.290168  UB=15.563693  gap=2.10e-01
  Cut: intercept=-1123.515736, π_x_range=[-821.6619, 576.8884]
  Mini-Benders[1] (mw): LB=12.340067, Z₀(α*)=7.371661, intercept=-21.304650 (0.453s) [OMP=0.407 ISP-L=0.005 ISP-F=0.015 MW-L=0.012 MW-F=0.015]
  Mini-Benders[2] (mw): LB=12.340067, Z₀(α*)=7.371661, intercept=-21.304650 (0.421s) [OMP=0.375 ISP-L=0.005 ISP-F=0.015 MW-L=0.008 MW-F=0.020]
  Mini-Benders[3] (mw): LB=12.340067, Z₀(α*)=7.371661, intercept=-21.304650 (0.392s) [OMP=0.356 ISP-L=0.004 ISP-F=0.012 MW-L=0.007 MW-F=0.009]
  Mini-Benders[4]: LB stagnated, break
  α-step: Z₀=19.074502, α=[0.000,0.000,1.780,0.000,0.000,0.000,0.000,0.000,0.000,0.000,0.000,0.000,0.000,0.000,0.000,0.000,0.000,0.005,0.000,0.000,0.000,0.000,0.000,0.000,0.000,0.000,0.000,0.000,0.000,0.000,0.000,0.000,0.000,8.159,0.000,0.000]
  Alt-Benders[1] (mw): LB=12.773386, Z₀(α*)=19.285856, intercept=-89.563122 (0.425s) [OMP=0.382 ISP-L=0.004 ISP-F=0.011 MW-L=0.007 MW-F=0.010]
  Alt-Benders[2] (mw): LB=12.806287, Z₀(α*)=19.333898, intercept=-37.558379 (0.402s) [OMP=0.373 ISP-L=0.004 ISP-F=0.011 MW-L=0.010 MW-F=0.012]
  Alt-Benders[3] (mw): LB=12.925099, Z₀(α*)=-1.112581, intercept=-56.806531 (0.454s) [OMP=0.416 ISP-L=0.004 ISP-F=0.012 MW-L=0.007 MW-F=0.011]
  Alt-Benders[4] (mw): LB=12.925099, Z₀(α*)=-1.112581, intercept=-56.806531 (0.453s) [OMP=0.411 ISP-L=0.004 ISP-F=0.013 MW-L=0.008 MW-F=0.013]
  Alt-Benders[5] (mw): LB=12.925099, Z₀(α*)=-1.112581, intercept=-56.806531 (0.484s) [OMP=0.444 ISP-L=0.006 ISP-F=0.013 MW-L=0.009 MW-F=0.012]
  OMP re-solve: 0.380s

=== True-DRO Benders iter 39 ===
  OMP: t₀=12.925099, UB=15.563693, gap=1.70e-01, x=[0, 0, 0, 0, 0, 0, 0, 0, 0, 0, 0, 0, 0, 0, 0, 0, 0, 0, 0, 0, 0, 0, 1, 0, 0, 0, 0, 1, 0, 0, 0, 0, 0, 0, 0, 0] (0.000s)
  Sub: Z₀=21.883096 [LOCAL] (0.2s), α=[0.000,0.000,4.182,0.000,0.000,0.024,0.000,0.000,0.000,0.000,0.000,0.000,0.000,0.097,0.000,0.000,0.000,0.000,0.000,0.000,0.000,0.000,2.360,0.000,0.000,0.000,0.000,0.000,0.000,0.000,0.000,0.000,0.924,2.358,0.000,0.000]
  Iter 39: LB=12.925099  UB=15.563693  gap=1.70e-01
  Cut: intercept=-1112.354739, π_x_range=[-823.7109, 574.9269]
  Mini-Benders[1] (mw): LB=13.161929, Z₀(α*)=7.119447, intercept=-15.184589 (0.390s) [OMP=0.356 ISP-L=0.003 ISP-F=0.011 MW-L=0.008 MW-F=0.011]
  Mini-Benders[2] (mw): LB=13.161929, Z₀(α*)=7.119447, intercept=-15.184589 (0.375s) [OMP=0.350 ISP-L=0.003 ISP-F=0.011 MW-L=0.007 MW-F=0.011]
  Mini-Benders[3] (mw): LB=13.161929, Z₀(α*)=7.119447, intercept=-15.184589 (0.391s) [OMP=0.354 ISP-L=0.003 ISP-F=0.011 MW-L=0.008 MW-F=0.011]
  Mini-Benders[4]: LB stagnated, break
  α-step: Z₀=20.735872, α=[0.000,0.000,5.928,0.000,0.000,0.000,0.000,0.000,0.000,0.000,0.000,0.000,0.000,0.000,0.000,0.000,0.000,0.000,0.000,0.000,0.000,0.000,0.000,0.000,0.000,0.000,0.000,0.000,0.000,0.000,0.000,0.000,1.096,2.920,0.000,0.000]
  Alt-Benders[1] (mw): LB=13.677954, Z₀(α*)=5.269603, intercept=-51.557083 (0.375s) [OMP=0.349 ISP-L=0.005 ISP-F=0.011 MW-L=0.009 MW-F=0.010]
  Alt-Benders[2] (mw): LB=13.677954, Z₀(α*)=5.269603, intercept=-51.557083 (0.375s) [OMP=0.337 ISP-L=0.004 ISP-F=0.011 MW-L=0.008 MW-F=0.010]
  Alt-Benders[3] (mw): LB=13.677954, Z₀(α*)=5.269603, intercept=-51.557083 (0.422s) [OMP=0.374 ISP-L=0.004 ISP-F=0.013 MW-L=0.010 MW-F=0.023]
  Alt-Benders[4]: LB stagnated, break
  OMP re-solve: 0.000s

=== True-DRO Benders iter 40 ===
  OMP: t₀=13.677954, UB=15.563693, gap=1.21e-01, x=[0, 0, 0, 0, 0, 0, 0, 0, 0, 0, 0, 0, 1, 0, 0, 0, 0, 0, 0, 0, 0, 0, 0, 0, 0, 0, 0, 0, 0, 1, 0, 0, 0, 0, 0, 0] (0.000s)
  Sub: Z₀=20.862735 [TIME_LIMIT] (15.0s), α=[0.000,0.000,3.376,0.000,0.000,0.000,0.000,0.000,0.000,0.000,0.000,0.000,0.000,3.374,0.000,0.000,0.000,0.000,0.000,0.000,0.000,0.000,0.000,0.000,0.000,0.000,0.000,0.000,0.000,0.000,0.000,0.000,0.000,3.194,0.000,0.000]
  Iter 40: LB=13.677954  UB=15.563693  gap=1.21e-01
  Cut: intercept=-73.523590, π_x_range=[-217.0000, 64.3856]
  Mini-Benders[1] (mw): LB=13.731647, Z₀(α*)=5.887451, intercept=-51.971550 (0.469s) [OMP=0.424 ISP-L=0.004 ISP-F=0.013 MW-L=0.008 MW-F=0.012]
  Mini-Benders[2] (mw): LB=13.731647, Z₀(α*)=5.887451, intercept=-51.971550 (0.453s) [OMP=0.424 ISP-L=0.004 ISP-F=0.013 MW-L=0.008 MW-F=0.012]
  Mini-Benders[3] (mw): LB=13.731647, Z₀(α*)=5.887451, intercept=-51.971550 (0.453s) [OMP=0.418 ISP-L=0.004 ISP-F=0.012 MW-L=0.008 MW-F=0.011]
  Mini-Benders[4]: LB stagnated, break
  α-step: Z₀=22.689864, α=[0.000,0.000,5.009,0.000,0.000,0.000,0.000,0.000,0.000,0.000,0.000,0.000,0.000,0.000,0.000,0.000,0.000,0.000,0.000,0.000,0.000,0.000,0.000,0.000,0.000,0.000,0.000,0.000,0.000,0.109,0.000,0.000,0.000,4.827,0.000,0.000]
  Alt-Benders[1] (mw): LB=13.825908, Z₀(α*)=14.255380, intercept=-59.617541 (0.375s) [OMP=0.327 ISP-L=0.004 ISP-F=0.011 MW-L=0.008 MW-F=0.011]
  Alt-Benders[2] (mw): LB=13.882826, Z₀(α*)=22.734882, intercept=20.255422 (0.359s) [OMP=0.326 ISP-L=0.004 ISP-F=0.012 MW-L=0.008 MW-F=0.016]
  Alt-Benders[3] (mw): LB=13.896202, Z₀(α*)=2.732749, intercept=-68.919680 (0.391s) [OMP=0.350 ISP-L=0.004 ISP-F=0.012 MW-L=0.008 MW-F=0.022]
  Alt-Benders[4] (mw): LB=13.896202, Z₀(α*)=2.732749, intercept=-68.919680 (0.390s) [OMP=0.355 ISP-L=0.004 ISP-F=0.012 MW-L=0.007 MW-F=0.009]
  Alt-Benders[5] (mw): LB=13.896202, Z₀(α*)=2.732749, intercept=-68.919680 (0.391s) [OMP=0.350 ISP-L=0.004 ISP-F=0.012 MW-L=0.007 MW-F=0.009]
  OMP re-solve: 0.354s

=== True-DRO Benders iter 41 ===
  OMP: t₀=13.896202, UB=15.563693, gap=1.07e-01, x=[0, 0, 0, 0, 0, 1, 0, 0, 0, 1, 0, 0, 0, 0, 0, 0, 0, 0, 0, 0, 0, 0, 0, 0, 0, 0, 0, 0, 0, 0, 0, 0, 0, 0, 0, 0] (0.000s)
  Sub: Z₀=16.521299 [LOCAL] (0.2s), α=[0.000,0.000,0.182,0.000,0.000,3.765,0.000,0.000,0.000,5.409,0.000,0.000,0.000,0.588,0.000,0.000,0.000,0.000,0.000,0.000,0.000,0.000,0.000,0.000,0.000,0.000,0.000,0.000,0.000,0.000,0.000,0.000,0.000,0.000,0.000,0.000]
  Iter 41: LB=13.896202  UB=15.563693  gap=1.07e-01
  Cut: intercept=-1093.178542, π_x_range=[-817.1203, 556.7868]
  Mini-Benders[1] (mw): LB=13.957636, Z₀(α*)=-23.265260, intercept=-22.379248 (0.391s) [OMP=0.360 ISP-L=0.003 ISP-F=0.011 MW-L=0.008 MW-F=0.010]
  Mini-Benders[2] (mw): LB=13.957636, Z₀(α*)=-23.265260, intercept=-22.379248 (0.359s) [OMP=0.319 ISP-L=0.004 ISP-F=0.012 MW-L=0.008 MW-F=0.010]
  Mini-Benders[3] (mw): LB=13.957636, Z₀(α*)=-23.265260, intercept=-22.379248 (0.360s) [OMP=0.333 ISP-L=0.003 ISP-F=0.011 MW-L=0.007 MW-F=0.010]
  Mini-Benders[4]: LB stagnated, break
  α-step: Z₀=20.304507, α=[0.000,0.000,5.549,0.000,0.000,0.000,0.000,0.000,0.000,0.000,0.000,0.000,0.000,0.000,0.000,0.000,0.000,0.867,0.000,0.000,0.000,0.000,0.000,0.000,0.000,0.000,0.000,0.000,0.000,0.000,0.000,0.000,1.229,2.300,0.000,0.000]
  Alt-Benders[1] (mw): LB=14.005163, Z₀(α*)=-3.329262, intercept=-63.533648 (0.422s) [OMP=0.369 ISP-L=0.006 ISP-F=0.012 MW-L=0.021 MW-F=0.010]
  Alt-Benders[2] (mw): LB=14.005163, Z₀(α*)=-3.329262, intercept=-63.533648 (0.343s) [OMP=0.311 ISP-L=0.004 ISP-F=0.011 MW-L=0.008 MW-F=0.010]
  Alt-Benders[3] (mw): LB=14.005163, Z₀(α*)=-3.329262, intercept=-63.533648 (0.344s) [OMP=0.307 ISP-L=0.004 ISP-F=0.011 MW-L=0.008 MW-F=0.011]
  Alt-Benders[4]: LB stagnated, break
  OMP re-solve: 0.001s

=== True-DRO Benders iter 42 ===
  OMP: t₀=14.005163, UB=15.563693, gap=1.00e-01, x=[0, 0, 0, 0, 0, 0, 0, 0, 0, 0, 0, 0, 0, 0, 0, 0, 0, 0, 0, 0, 0, 0, 0, 0, 1, 0, 0, 0, 0, 0, 0, 0, 0, 1, 0, 0] (0.000s)
  Sub: Z₀=18.117310 [LOCAL] (0.2s), α=[0.000,0.000,0.000,0.000,0.000,0.000,0.024,0.000,0.000,0.000,0.000,0.000,0.000,0.000,0.000,0.000,0.000,2.765,0.000,0.000,0.000,0.000,0.000,0.000,0.776,0.000,0.000,0.000,0.000,0.000,0.000,0.000,0.000,6.379,0.000,0.000]
  Iter 42: LB=14.005163  UB=15.563693  gap=1.00e-01
  Cut: intercept=-1120.033415, π_x_range=[-820.8220, 582.0749]
  Mini-Benders[1] (mw): LB=14.090382, Z₀(α*)=13.536152, intercept=-22.491031 (0.390s) [OMP=0.344 ISP-L=0.004 ISP-F=0.012 MW-L=0.009 MW-F=0.012]
  Mini-Benders[2] (mw): LB=14.090382, Z₀(α*)=13.536152, intercept=-22.491031 (0.469s) [OMP=0.430 ISP-L=0.004 ISP-F=0.012 MW-L=0.008 MW-F=0.013]
  Mini-Benders[3] (mw): LB=14.090382, Z₀(α*)=13.536152, intercept=-22.491031 (0.453s) [OMP=0.422 ISP-L=0.004 ISP-F=0.012 MW-L=0.009 MW-F=0.013]
  Mini-Benders[4]: LB stagnated, break
  α-step: Z₀=20.122574, α=[0.000,0.000,2.193,0.000,0.000,0.000,0.000,0.000,0.000,0.000,0.000,0.000,0.000,0.000,0.000,0.000,0.000,0.000,0.000,0.000,0.000,0.000,0.000,0.000,0.000,0.000,0.000,0.000,0.000,0.000,0.000,0.000,6.800,0.952,0.000,0.000]
  Alt-Benders[1] (mw): LB=14.255378, Z₀(α*)=-3.192232, intercept=-61.731446 (0.390s) [OMP=0.367 ISP-L=0.004 ISP-F=0.011 MW-L=0.008 MW-F=0.010]
  Alt-Benders[2] (mw): LB=14.255378, Z₀(α*)=-3.192232, intercept=-61.731446 (0.391s) [OMP=0.346 ISP-L=0.004 ISP-F=0.011 MW-L=0.009 MW-F=0.011]
  Alt-Benders[3] (mw): LB=14.255378, Z₀(α*)=-3.192232, intercept=-61.731446 (0.391s) [OMP=0.350 ISP-L=0.004 ISP-F=0.011 MW-L=0.008 MW-F=0.012]
  Alt-Benders[4]: LB stagnated, break
  OMP re-solve: 0.000s

=== True-DRO Benders iter 43 ===
  OMP: t₀=14.255378, UB=15.563693, gap=8.41e-02, x=[0, 0, 0, 0, 0, 1, 0, 0, 0, 0, 0, 0, 0, 0, 0, 0, 0, 1, 0, 0, 0, 0, 0, 0, 0, 0, 0, 0, 0, 0, 0, 0, 0, 0, 0, 0] (0.000s)
  Sub: Z₀=16.021541 [LOCAL] (0.2s), α=[0.000,0.000,0.000,0.000,0.000,3.957,0.000,0.000,0.000,0.000,0.000,0.000,0.000,0.684,0.000,0.000,0.000,5.304,0.000,0.000,0.000,0.000,0.000,0.000,0.000,0.000,0.000,0.000,0.000,0.000,0.000,0.000,0.000,0.000,0.000,0.000]
  Iter 43: LB=14.255378  UB=15.563693  gap=8.41e-02
  Cut: intercept=-1129.465701, π_x_range=[-818.8146, 585.7028]
  Mini-Benders[1] (mw): LB=14.339649, Z₀(α*)=-5.402231, intercept=-27.030849 (0.391s) [OMP=0.349 ISP-L=0.004 ISP-F=0.011 MW-L=0.007 MW-F=0.013]
  Mini-Benders[2] (mw): LB=14.339649, Z₀(α*)=-5.402231, intercept=-27.030849 (0.406s) [OMP=0.362 ISP-L=0.004 ISP-F=0.013 MW-L=0.009 MW-F=0.014]
  Mini-Benders[3] (mw): LB=14.339649, Z₀(α*)=-5.402231, intercept=-27.030849 (0.375s) [OMP=0.344 ISP-L=0.003 ISP-F=0.011 MW-L=0.008 MW-F=0.013]
  Mini-Benders[4]: LB stagnated, break
  α-step: Z₀=20.983786, α=[0.000,0.000,5.549,0.000,0.000,0.000,0.000,0.000,0.000,0.000,0.000,0.000,0.000,0.000,0.000,0.000,0.000,0.379,0.000,0.000,0.000,0.000,0.000,0.000,0.000,0.000,0.000,0.000,0.000,0.000,0.000,0.000,1.229,2.787,0.000,0.000]
  Alt-Benders[1] (mw): LB=14.444242, Z₀(α*)=9.871452, intercept=-33.918963 (0.375s) [OMP=0.350 ISP-L=0.005 ISP-F=0.011 MW-L=0.008 MW-F=0.011]
  Alt-Benders[2] (mw): LB=14.444242, Z₀(α*)=9.871452, intercept=-33.918963 (0.375s) [OMP=0.340 ISP-L=0.005 ISP-F=0.011 MW-L=0.008 MW-F=0.010]
  Alt-Benders[3] (mw): LB=14.444242, Z₀(α*)=9.871452, intercept=-33.918963 (0.375s) [OMP=0.339 ISP-L=0.004 ISP-F=0.011 MW-L=0.008 MW-F=0.010]
  Alt-Benders[4]: LB stagnated, break
  OMP re-solve: 0.000s

=== True-DRO Benders iter 44 ===
  OMP: t₀=14.444242, UB=15.563693, gap=7.19e-02, x=[0, 0, 0, 0, 0, 0, 0, 0, 0, 0, 0, 0, 0, 0, 0, 0, 0, 0, 1, 0, 0, 0, 0, 0, 0, 0, 0, 0, 0, 0, 0, 0, 0, 1, 0, 0] (0.000s)
  Sub: Z₀=19.823171 [LOCAL] (0.1s), α=[0.000,0.000,2.920,0.000,0.000,0.000,0.000,0.000,0.000,0.000,0.000,0.000,0.000,0.000,0.000,0.000,0.000,0.000,0.000,0.000,0.000,0.000,0.000,0.000,0.000,0.000,0.000,0.000,0.000,0.000,0.000,0.000,0.033,6.991,0.000,0.000]
  Iter 44: LB=14.444242  UB=15.563693  gap=7.19e-02
  Cut: intercept=-1139.880528, π_x_range=[-822.7488, 583.1481]
  Mini-Benders[1] (mw): LB=14.485028, Z₀(α*)=1.195429, intercept=-27.602113 (0.390s) [OMP=0.355 ISP-L=0.004 ISP-F=0.013 MW-L=0.008 MW-F=0.010]
  Mini-Benders[2] (mw): LB=14.485028, Z₀(α*)=1.195429, intercept=-27.602113 (0.375s) [OMP=0.335 ISP-L=0.004 ISP-F=0.013 MW-L=0.008 MW-F=0.010]
  Mini-Benders[3] (mw): LB=14.485028, Z₀(α*)=1.195429, intercept=-27.602113 (0.375s) [OMP=0.335 ISP-L=0.004 ISP-F=0.013 MW-L=0.008 MW-F=0.010]
  Mini-Benders[4]: LB stagnated, break
  α-step: Z₀=22.230965, α=[0.000,0.000,4.509,0.000,0.000,0.000,0.000,0.000,0.000,0.000,0.000,0.000,0.000,1.079,0.000,0.000,0.000,0.000,0.000,0.000,0.000,0.000,0.000,0.000,0.000,0.000,0.000,0.000,0.000,0.029,0.000,0.000,4.279,0.048,0.000,0.000]
  Alt-Benders[1] (mw): LB=14.518869, Z₀(α*)=17.293845, intercept=-9.871294 (0.391s) [OMP=0.344 ISP-L=0.004 ISP-F=0.011 MW-L=0.009 MW-F=0.010]
  Alt-Benders[2] (mw): LB=14.754644, Z₀(α*)=-10.035965, intercept=-33.308032 (0.375s) [OMP=0.352 ISP-L=0.004 ISP-F=0.011 MW-L=0.008 MW-F=0.010]
  Alt-Benders[3] (mw): LB=14.754644, Z₀(α*)=-10.035965, intercept=-33.308032 (0.375s) [OMP=0.336 ISP-L=0.004 ISP-F=0.011 MW-L=0.008 MW-F=0.009]
  Alt-Benders[4] (mw): LB=14.754644, Z₀(α*)=-10.035965, intercept=-33.308032 (0.391s) [OMP=0.347 ISP-L=0.005 ISP-F=0.011 MW-L=0.008 MW-F=0.011]
  Alt-Benders[5]: LB stagnated, break
  OMP re-solve: 0.000s

=== True-DRO Benders iter 45 ===
  OMP: t₀=14.754644, UB=15.563693, gap=5.20e-02, x=[0, 0, 0, 0, 0, 0, 0, 0, 0, 0, 0, 0, 1, 0, 0, 0, 0, 0, 0, 1, 0, 0, 0, 0, 0, 0, 0, 0, 0, 0, 0, 0, 0, 0, 0, 0] (0.000s)
  Sub: Z₀=20.897170 [TIME_LIMIT] (15.1s), α=[0.000,0.000,3.340,0.000,0.000,0.000,0.000,0.000,0.000,0.000,0.000,0.000,0.984,0.720,0.000,0.000,0.000,0.036,0.000,0.000,0.000,0.000,0.000,0.000,0.000,0.000,0.000,0.000,0.000,0.000,0.000,0.000,0.000,4.864,0.000,0.000]
  Iter 45: LB=14.754644  UB=15.563693  gap=5.20e-02
  Cut: intercept=-53.598852, π_x_range=[-148.8778, 74.4960]
  Mini-Benders[1] (mw): LB=14.763281, Z₀(α*)=20.897167, intercept=-29.712852 (0.406s) [OMP=0.355 ISP-L=0.004 ISP-F=0.011 MW-L=0.008 MW-F=0.017]
  Mini-Benders[2] (mw): LB=14.778755, Z₀(α*)=12.585247, intercept=-20.709250 (0.407s) [OMP=0.358 ISP-L=0.004 ISP-F=0.012 MW-L=0.008 MW-F=0.023]
  Mini-Benders[3] (mw): LB=14.778755, Z₀(α*)=12.585247, intercept=-20.709250 (0.437s) [OMP=0.399 ISP-L=0.004 ISP-F=0.012 MW-L=0.008 MW-F=0.010]
  Mini-Benders[4] (mw): LB=14.778755, Z₀(α*)=12.585247, intercept=-20.709250 (0.406s) [OMP=0.380 ISP-L=0.004 ISP-F=0.012 MW-L=0.008 MW-F=0.010]
  Mini-Benders[5]: LB stagnated, break
  α-step: Z₀=22.296799, α=[0.000,0.000,4.542,0.000,0.000,0.000,0.000,0.000,0.000,0.000,0.000,0.000,0.000,1.042,0.000,0.000,0.000,0.000,0.000,0.000,0.000,0.000,0.000,0.000,0.000,0.000,0.000,0.000,0.000,0.000,0.000,0.000,4.361,0.000,0.000,0.000]
  Alt-Benders[1] (mw): LB=14.795758, Z₀(α*)=22.915448, intercept=19.692831 (0.437s) [OMP=0.406 ISP-L=0.005 ISP-F=0.011 MW-L=0.007 MW-F=0.018]
  Alt-Benders[2] (mw): LB=14.800419, Z₀(α*)=22.653373, intercept=20.226837 (0.422s) [OMP=0.388 ISP-L=0.004 ISP-F=0.011 MW-L=0.007 MW-F=0.010]
  Alt-Benders[3] (mw): LB=14.905711, Z₀(α*)=3.094299, intercept=-44.490021 (0.453s) [OMP=0.408 ISP-L=0.004 ISP-F=0.012 MW-L=0.008 MW-F=0.011]
  Alt-Benders[4] (mw): LB=14.905711, Z₀(α*)=3.094299, intercept=-44.490021 (0.406s) [OMP=0.381 ISP-L=0.004 ISP-F=0.012 MW-L=0.008 MW-F=0.010]
  Alt-Benders[5] (mw): LB=14.905711, Z₀(α*)=3.094299, intercept=-44.490021 (0.453s) [OMP=0.397 ISP-L=0.004 ISP-F=0.012 MW-L=0.017 MW-F=0.010]
  OMP re-solve: 0.382s

=== True-DRO Benders iter 46 ===
  OMP: t₀=14.905711, UB=15.563693, gap=4.23e-02, x=[0, 0, 0, 0, 0, 0, 0, 0, 0, 0, 0, 0, 0, 1, 0, 0, 0, 0, 0, 0, 0, 0, 0, 0, 1, 0, 0, 0, 0, 0, 0, 0, 0, 0, 0, 0] (0.000s)
  Sub: Z₀=21.083763 [LOCAL] (0.2s), α=[0.000,0.000,0.406,0.000,0.000,0.000,0.000,0.000,0.000,0.058,0.000,0.000,0.000,0.000,0.000,0.000,0.000,4.983,0.000,0.000,0.000,0.000,0.000,0.000,2.379,0.000,0.000,0.688,0.000,0.000,0.000,0.000,0.000,1.431,0.000,0.000]
  Iter 46: LB=14.905711  UB=15.563693  gap=4.23e-02
  Cut: intercept=-1111.734182, π_x_range=[-823.4704, 589.7373]
  Mini-Benders[1] (mw): LB=14.909076, Z₀(α*)=-20.837302, intercept=-22.334390 (0.421s) [OMP=0.389 ISP-L=0.004 ISP-F=0.010 MW-L=0.009 MW-F=0.010]
  Mini-Benders[2] (mw): LB=14.909076, Z₀(α*)=-20.837302, intercept=-22.334390 (0.422s) [OMP=0.389 ISP-L=0.004 ISP-F=0.010 MW-L=0.008 MW-F=0.010]
  Mini-Benders[3] (mw): LB=14.909076, Z₀(α*)=-20.837302, intercept=-22.334390 (0.422s) [OMP=0.389 ISP-L=0.004 ISP-F=0.010 MW-L=0.008 MW-F=0.010]
  Mini-Benders[4]: LB stagnated, break
  α-step: Z₀=19.360334, α=[0.000,0.000,1.258,0.000,0.000,0.000,0.000,0.000,0.000,0.000,0.000,0.000,0.000,0.000,0.000,0.000,0.000,1.662,0.000,0.000,0.000,0.000,0.000,0.000,0.000,0.000,0.000,0.000,0.000,0.000,0.000,0.000,0.000,7.025,0.000,0.000]
  Alt-Benders[1] (mw): LB=14.921725, Z₀(α*)=-1.710079, intercept=-63.308927 (0.422s) [OMP=0.387 ISP-L=0.004 ISP-F=0.012 MW-L=0.008 MW-F=0.009]
  Alt-Benders[2] (mw): LB=14.921725, Z₀(α*)=-1.710079, intercept=-63.308927 (0.422s) [OMP=0.390 ISP-L=0.004 ISP-F=0.012 MW-L=0.008 MW-F=0.009]
  Alt-Benders[3] (mw): LB=14.921725, Z₀(α*)=-1.710079, intercept=-63.308927 (0.437s) [OMP=0.382 ISP-L=0.004 ISP-F=0.012 MW-L=0.022 MW-F=0.009]
  Alt-Benders[4]: LB stagnated, break
  OMP re-solve: 0.001s

=== True-DRO Benders iter 47 ===
  OMP: t₀=14.921725, UB=15.563693, gap=4.12e-02, x=[0, 0, 1, 0, 0, 1, 0, 0, 0, 0, 0, 0, 0, 0, 0, 0, 0, 0, 0, 0, 0, 0, 0, 0, 0, 0, 0, 0, 0, 0, 0, 0, 0, 0, 0, 0] (0.000s)
  Sub: Z₀=15.597612 [LOCAL] (0.1s), α=[0.000,0.000,5.658,0.000,0.000,2.706,0.000,0.000,0.000,0.000,0.000,0.000,0.000,0.612,0.000,0.000,0.000,0.557,0.000,0.000,0.000,0.000,0.000,0.000,0.000,0.000,0.000,0.000,0.000,0.064,0.347,0.000,0.000,0.000,0.000,0.000]
  Iter 47: LB=14.921725  UB=15.563693  gap=4.12e-02
  Cut: intercept=-1119.742993, π_x_range=[-817.0330, 575.9562]
  Mini-Benders[1] (mw): LB=14.953467, Z₀(α*)=1.963908, intercept=-18.077252 (0.422s) [OMP=0.379 ISP-L=0.004 ISP-F=0.011 MW-L=0.008 MW-F=0.011]
  Mini-Benders[2] (mw): LB=14.953467, Z₀(α*)=1.963908, intercept=-18.077252 (0.375s) [OMP=0.344 ISP-L=0.004 ISP-F=0.011 MW-L=0.008 MW-F=0.012]
  Mini-Benders[3] (mw): LB=14.953467, Z₀(α*)=1.963908, intercept=-18.077252 (0.375s) [OMP=0.346 ISP-L=0.004 ISP-F=0.012 MW-L=0.009 MW-F=0.011]
  Mini-Benders[4]: LB stagnated, break
  α-step: Z₀=20.441732, α=[0.000,0.000,6.821,0.000,0.000,0.000,0.000,0.000,0.000,0.000,0.000,0.000,0.000,0.000,0.000,0.000,0.000,0.803,0.000,0.000,0.000,0.000,0.000,0.000,0.000,0.000,0.000,0.000,0.000,0.000,0.000,0.000,0.000,2.320,0.000,0.000]
  Alt-Benders[1] (mw): LB=14.972655, Z₀(α*)=16.798259, intercept=-23.673425 (0.437s) [OMP=0.394 ISP-L=0.004 ISP-F=0.010 MW-L=0.007 MW-F=0.011]
  Alt-Benders[2] (mw): LB=14.998513, Z₀(α*)=16.801459, intercept=-77.296279 (0.422s) [OMP=0.382 ISP-L=0.004 ISP-F=0.011 MW-L=0.008 MW-F=0.023]
  Alt-Benders[3] (mw): LB=15.029390, Z₀(α*)=20.171857, intercept=-39.168829 (0.454s) [OMP=0.416 ISP-L=0.004 ISP-F=0.012 MW-L=0.007 MW-F=0.010]
  Alt-Benders[4] (mw): LB=15.098630, Z₀(α*)=20.461732, intercept=-8.221574 (0.421s) [OMP=0.380 ISP-L=0.004 ISP-F=0.011 MW-L=0.007 MW-F=0.011]
  Alt-Benders[5] (mw): LB=15.111147, Z₀(α*)=16.584686, intercept=-36.317743 (0.406s) [OMP=0.381 ISP-L=0.004 ISP-F=0.012 MW-L=0.007 MW-F=0.011]
  OMP re-solve: 0.376s

=== True-DRO Benders iter 48 ===
  OMP: t₀=15.157332, UB=15.563693, gap=2.61e-02, x=[0, 0, 0, 0, 0, 1, 0, 0, 0, 0, 0, 0, 0, 0, 0, 0, 0, 0, 0, 0, 0, 0, 0, 0, 0, 0, 0, 0, 0, 0, 0, 0, 0, 1, 0, 0] (0.000s)
  Sub: Z₀=16.578649 [LOCAL] (0.1s), α=[0.000,0.000,0.000,0.000,0.000,2.597,0.000,0.000,0.000,0.000,0.000,0.000,0.000,0.922,0.000,0.000,0.000,0.000,0.000,0.000,0.000,0.000,0.000,0.000,0.000,0.000,0.000,0.000,0.000,0.089,0.508,0.000,0.157,5.672,0.000,0.000]
  Iter 48: LB=15.157332  UB=15.563693  gap=2.61e-02
  Cut: intercept=-1117.597306, π_x_range=[-817.5579, 574.9871]
  Mini-Benders[1] (mw): LB=15.269277, Z₀(α*)=-60.443974, intercept=-63.196168 (0.359s) [OMP=0.330 ISP-L=0.003 ISP-F=0.009 MW-L=0.009 MW-F=0.010]
  Mini-Benders[2] (mw): LB=15.269277, Z₀(α*)=-60.443974, intercept=-63.196168 (0.375s) [OMP=0.340 ISP-L=0.003 ISP-F=0.009 MW-L=0.009 MW-F=0.010]
  Mini-Benders[3] (mw): LB=15.269277, Z₀(α*)=-60.443974, intercept=-63.196168 (0.375s) [OMP=0.336 ISP-L=0.003 ISP-F=0.009 MW-L=0.009 MW-F=0.010]
  Mini-Benders[4]: LB stagnated, break
  α-step: Z₀=15.914275, α=[0.000,0.000,9.944,0.000,0.000,0.000,0.000,0.000,0.000,0.000,0.000,0.000,0.000,0.000,0.000,0.000,0.000,0.000,0.000,0.000,0.000,0.000,0.000,0.000,0.000,0.000,0.000,0.000,0.000,0.000,0.000,0.000,0.000,0.000,0.000,0.000]
  Alt-Benders[1] (mw): LB=15.294672, Z₀(α*)=-20.843215, intercept=-19.356623 (0.437s) [OMP=0.387 ISP-L=0.004 ISP-F=0.012 MW-L=0.008 MW-F=0.013]
  Alt-Benders[2] (mw): LB=15.294672, Z₀(α*)=-20.843215, intercept=-19.356623 (0.407s) [OMP=0.369 ISP-L=0.004 ISP-F=0.011 MW-L=0.007 MW-F=0.012]
  Alt-Benders[3] (mw): LB=15.294672, Z₀(α*)=-20.843215, intercept=-19.356623 (0.406s) [OMP=0.373 ISP-L=0.004 ISP-F=0.011 MW-L=0.007 MW-F=0.012]
  Alt-Benders[4]: LB stagnated, break
  OMP re-solve: 0.001s

=== True-DRO Benders iter 49 ===
  OMP: t₀=15.294672, UB=15.563693, gap=1.73e-02, x=[0, 0, 0, 0, 0, 0, 0, 0, 0, 0, 0, 0, 0, 0, 0, 0, 0, 0, 0, 0, 0, 0, 0, 0, 0, 0, 0, 1, 0, 0, 0, 0, 1, 0, 0, 0] (0.000s)
  Sub: Z₀=19.959680 [LOCAL] (0.1s), α=[0.000,0.000,2.193,0.000,0.000,0.000,0.000,0.000,0.000,0.000,0.000,0.000,0.000,0.000,0.000,0.000,0.000,0.000,0.000,0.000,0.000,0.000,0.000,0.000,0.000,0.000,0.000,0.000,0.000,0.000,0.000,0.000,5.138,2.614,0.000,0.000]
  Iter 49: LB=15.294672  UB=15.563693  gap=1.73e-02
  Cut: intercept=-1141.755985, π_x_range=[-823.0008, 581.6183]
  Mini-Benders[1] (mw): LB=15.388294, Z₀(α*)=6.322634, intercept=-79.305266 (0.422s) [OMP=0.388 ISP-L=0.004 ISP-F=0.010 MW-L=0.008 MW-F=0.010]
  Mini-Benders[2] (mw): LB=15.388294, Z₀(α*)=6.322634, intercept=-79.305266 (0.422s) [OMP=0.387 ISP-L=0.003 ISP-F=0.010 MW-L=0.008 MW-F=0.010]
  Mini-Benders[3] (mw): LB=15.388294, Z₀(α*)=6.322634, intercept=-79.305266 (0.421s) [OMP=0.383 ISP-L=0.003 ISP-F=0.010 MW-L=0.009 MW-F=0.010]
  Mini-Benders[4]: LB stagnated, break
  α-step: Z₀=14.932360, α=[0.000,0.000,4.669,0.000,0.000,0.000,0.000,0.000,0.000,0.000,0.000,0.000,0.000,0.000,0.000,0.000,0.000,0.000,0.000,0.000,0.000,0.000,0.000,0.000,0.000,0.000,0.000,0.000,0.000,0.000,0.000,0.000,5.276,0.000,0.000,0.000]
  Alt-Benders[1] (mw): LB=15.388294, Z₀(α*)=15.106386, intercept=-79.430160 (0.422s) [OMP=0.373 ISP-L=0.004 ISP-F=0.013 MW-L=0.010 MW-F=0.013]
  Alt-Benders[2] (mw): LB=15.388294, Z₀(α*)=15.106386, intercept=-79.430160 (0.422s) [OMP=0.393 ISP-L=0.003 ISP-F=0.011 MW-L=0.008 MW-F=0.010]
  Alt-Benders[3] (mw): LB=15.388294, Z₀(α*)=15.106386, intercept=-79.430160 (0.422s) [OMP=0.387 ISP-L=0.003 ISP-F=0.010 MW-L=0.008 MW-F=0.010]
  Alt-Benders[4]: LB stagnated, break
  OMP re-solve: 0.000s

=== True-DRO Benders iter 50 ===
  OMP: t₀=15.388294, UB=15.563693, gap=1.13e-02, x=[0, 0, 1, 0, 0, 0, 0, 0, 0, 0, 0, 0, 0, 0, 0, 0, 0, 0, 0, 0, 0, 0, 0, 0, 0, 0, 0, 0, 0, 0, 0, 0, 1, 0, 0, 0] (0.000s)
  Sub: Z₀=15.786878 (4.1s), α=[0.000,0.000,9.521,0.000,0.000,0.000,0.000,0.000,0.000,0.000,0.000,0.000,0.000,0.000,0.000,0.000,0.000,0.000,0.000,0.000,0.000,0.000,0.000,0.000,0.000,0.000,0.000,0.000,0.000,0.000,0.000,0.000,0.000,0.424,0.000,0.000]
  Iter 50: LB=15.388294  UB=15.563693  gap=1.13e-02
  Cut: intercept=-80.297738, π_x_range=[-157.3501, 49.2554]
  Sherali-Cut: intercept=-55.647108, π_x_range=[-89.2173, 39.4411]
  Mini-Benders[1] (mw): LB=15.542537, Z₀(α*)=-20.029511, intercept=-16.031148 (0.406s) [OMP=0.359 ISP-L=0.004 ISP-F=0.012 MW-L=0.008 MW-F=0.024]
  Mini-Benders[1]: gap=1.36e-03 ≤ tol, break
  α-step: Z₀=20.191423, α=[0.000,0.000,3.501,0.000,0.000,0.000,0.000,0.000,0.000,0.000,0.000,0.000,0.000,0.000,0.000,0.000,0.000,0.000,0.000,0.000,0.000,0.000,0.000,0.000,0.000,0.000,0.000,0.000,0.000,0.000,0.000,0.000,5.056,1.388,0.000,0.000]
  Alt-Benders[1] (mw): LB=15.551370, Z₀(α*)=20.188942, intercept=-12.150239 (0.438s) [OMP=0.401 ISP-L=0.004 ISP-F=0.012 MW-L=0.007 MW-F=0.011]
  Alt-Benders[1]: gap=7.92e-04 ≤ tol, break
  OMP re-solve: 0.394s

=== True-DRO Benders iter 51 ===
  OMP: t₀=15.563689, UB=15.563693, gap=2.40e-07, x=[0, 0, 0, 0, 0, 0, 0, 0, 0, 0, 0, 0, 1, 0, 0, 0, 0, 0, 0, 0, 0, 0, 0, 0, 0, 0, 0, 0, 0, 0, 0, 0, 0, 1, 0, 0] (0.000s)
  Sub: Z₀=15.563689 [LOCAL] (0.1s), α=[0.000,0.000,0.000,0.000,0.000,0.000,0.000,0.000,0.000,0.000,0.000,0.000,1.780,0.156,0.000,0.000,0.000,0.000,0.000,0.000,0.000,0.000,0.000,0.000,0.000,0.000,0.000,0.000,0.000,0.000,0.000,0.000,0.000,8.008,0.000,0.000]
  Iter 51: LB=15.563689  UB=15.563693  gap=2.40e-07
True-DRO Benders converged at iter 51 (gap=2.40e-07)
  Wall time: 298.05 sec
  OMP  time: mean=0.247s, median=0.312s, max=0.581s
  Sub  time (exact): mean=4.256s, median=4.136s, q90=7.536s, max=8.386s (n=3/51)

Result (double/mb_only): Z₀=15.563693, iters=51, time=298.1s
x arcs = [13, 34]
