============================================================
sioux_falls — double [mb_only]: ε̂=0.20, ε̃=0.20, β=0.05
  mini_benders=true, valid_inequality=none
============================================================
Set parameter Username
Set parameter LicenseID to value 2742039
Academic license - for non-commercial use only - expires 2026-11-20
Set parameter Username
Set parameter LicenseID to value 2742039
Academic license - for non-commercial use only - expires 2026-11-20
Set parameter OutputFlag to value 1
Set parameter LogFile to value "global_miqcp.log"
Set parameter Username
Set parameter LicenseID to value 2742039
Academic license - for non-commercial use only - expires 2026-11-20
Set parameter Username
Set parameter LicenseID to value 2742039
Academic license - for non-commercial use only - expires 2026-11-20
Set parameter Username
Set parameter LicenseID to value 2742039
Academic license - for non-commercial use only - expires 2026-11-20
Set parameter Username
Set parameter LicenseID to value 2742039
Academic license - for non-commercial use only - expires 2026-11-20

=== True-DRO Benders iter 1 ===
  OMP: t₀=-10000.000000, UB=Inf, gap=NaN, x=[0, 0, 0, 0, 0, 0, 0, 0, 0, 0, 0, 0, 0, 0, 0, 0, 0, 0, 0, 0, 0, 0, 0, 0, 0, 0, 0, 0, 0, 0, 0, 0, 0, 0, 0, 0, 0, 0, 0, 0, 0, 0, 0, 0, 0, 0, 0, 0, 0, 0, 0, 0, 0, 0, 0, 0, 0, 0, 0, 0, 0, 0, 0, 0, 0, 0, 0, 0, 0, 0, 0, 0, 0, 0, 0, 0] (0.000s)
  Sub: Z₀=27.539869 [LOCAL] (0.4s), α=[0.000,0.000,0.000,0.000,0.000,0.000,0.000,0.000,0.000,0.000,0.000,0.000,0.000,0.000,0.000,0.000,1.579,0.000,0.000,0.000,0.175,0.000,0.000,0.000,0.000,0.000,0.000,0.000,0.000,0.000,0.000,0.000,0.000,0.000,2.612,0.000,0.000,0.000,0.000,0.000,0.000,0.000,0.000,0.000,0.000,0.000,0.000,0.000,0.000,0.000,0.649,0.000,0.000,0.000,0.000,0.000,0.000,0.000,0.000,0.000,0.000,0.000,0.000,0.000,0.000,0.000,0.000,0.000,0.000,0.000,0.000,0.024,5.403,0.000,0.000,0.000]
  Iter 1: LB=-10000.000000  UB=Inf  gap=NaN
  Cut: intercept=27.539869, π_x_range=[-826.5105, -799.3357]
  Mini-Benders[1] (mw): LB=-1625.346118, Z₀(α*)=20.714980, intercept=-13.961725 (0.140s) [OMP=0.008 ISP-L=0.017 ISP-F=0.049 MW-L=0.039 MW-F=0.031]
  Mini-Benders[2] (mw): LB=-226.757578, Z₀(α*)=21.218841, intercept=-28.169942 (0.125s) [OMP=0.005 ISP-L=0.010 ISP-F=0.040 MW-L=0.027 MW-F=0.034]
  Mini-Benders[3] (mw): LB=-201.222427, Z₀(α*)=-26.792176, intercept=-116.425042 (0.110s) [OMP=0.009 ISP-L=0.011 ISP-F=0.030 MW-L=0.031 MW-F=0.036]
  Mini-Benders[4] (mw): LB=-139.399670, Z₀(α*)=2.168127, intercept=-112.722015 (0.187s) [OMP=0.083 ISP-L=0.009 ISP-F=0.027 MW-L=0.022 MW-F=0.031]
  Mini-Benders[5] (mw): LB=-138.306925, Z₀(α*)=11.496585, intercept=-45.829858 (0.172s) [OMP=0.063 ISP-L=0.011 ISP-F=0.034 MW-L=0.033 MW-F=0.036]
Set parameter NonConvex to value 2
Set parameter DualReductions to value 0
  α-step: Z₀=21.517834, α=[0.000,0.000,0.000,0.000,0.000,0.000,0.000,0.000,0.000,0.000,0.000,0.000,0.000,0.000,0.000,0.000,0.000,0.000,0.000,0.000,0.000,0.000,0.000,0.000,0.000,0.000,0.000,0.000,0.000,0.000,0.000,0.000,0.000,0.000,0.000,0.000,0.000,0.000,0.000,0.000,0.000,0.000,0.000,0.000,0.000,0.000,0.000,0.000,0.000,0.000,2.179,4.297,0.000,0.000,0.000,0.000,0.000,0.000,0.000,0.000,0.000,2.679,0.000,0.000,0.000,0.000,0.000,0.000,0.000,0.000,0.000,0.000,1.288,0.000,0.000,0.000]
  Alt-Benders[1] (mw): LB=-116.997383, Z₀(α*)=-40.087429, intercept=-118.937920 (0.328s) [OMP=0.216 ISP-L=0.011 ISP-F=0.034 MW-L=0.023 MW-F=0.036]
  Alt-Benders[2] (mw): LB=-116.210160, Z₀(α*)=-49.921921, intercept=-124.787050 (0.266s) [OMP=0.149 ISP-L=0.010 ISP-F=0.033 MW-L=0.022 MW-F=0.044]
  Alt-Benders[3] (mw): LB=-114.488156, Z₀(α*)=-4.878830, intercept=-87.043958 (0.297s) [OMP=0.202 ISP-L=0.010 ISP-F=0.035 MW-L=0.025 MW-F=0.034]
  Alt-Benders[4] (mw): LB=-112.146758, Z₀(α*)=-37.229677, intercept=-174.203392 (0.421s) [OMP=0.313 ISP-L=0.010 ISP-F=0.032 MW-L=0.023 MW-F=0.041]
  Alt-Benders[5] (mw): LB=-106.551095, Z₀(α*)=7.260614, intercept=-62.847107 (0.547s) [OMP=0.431 ISP-L=0.011 ISP-F=0.036 MW-L=0.022 MW-F=0.035]
  OMP re-solve: 0.355s

=== True-DRO Benders iter 2 ===
  OMP: t₀=-105.914487, UB=Inf, gap=NaN, x=[0, 0, 0, 0, 0, 0, 0, 0, 0, 0, 0, 0, 0, 0, 0, 0, 0, 0, 0, 0, 0, 0, 0, 0, 0, 0, 0, 0, 0, 0, 0, 0, 0, 0, 0, 0, 0, 0, 0, 0, 0, 0, 0, 0, 0, 0, 0, 0, 0, 1, 0, 0, 0, 0, 0, 0, 0, 0, 0, 0, 0, 0, 0, 0, 0, 0, 0, 0, 0, 0, 0, 1, 0, 0, 0, 0] (0.000s)
  Sub: Z₀=20.767805 [LOCAL] (0.4s), α=[0.000,0.000,0.000,0.000,0.000,0.000,0.000,0.000,0.000,0.000,0.000,0.000,0.000,0.000,0.000,0.000,0.000,0.000,0.000,0.000,0.000,0.000,0.000,0.000,0.000,0.000,0.000,0.000,0.000,0.000,0.000,0.000,0.000,0.000,0.000,0.000,0.000,0.000,0.000,0.000,0.000,0.000,0.000,0.000,0.000,0.000,0.000,0.000,0.000,0.000,0.000,0.000,0.000,0.000,0.000,0.000,0.000,0.000,0.000,0.000,0.000,0.000,0.000,0.000,0.000,0.000,0.000,0.000,0.000,0.000,0.000,7.186,3.257,0.000,0.000,0.000]
  Iter 2: LB=-105.914487  UB=Inf  gap=NaN
  Cut: intercept=-1113.629615, π_x_range=[-828.7191, 568.6676]
  Mini-Benders[1] (mw): LB=-104.191285, Z₀(α*)=21.026277, intercept=-49.428381 (0.515s) [OMP=0.400 ISP-L=0.011 ISP-F=0.038 MW-L=0.023 MW-F=0.034]
  Mini-Benders[2] (mw): LB=-103.016203, Z₀(α*)=4.351670, intercept=-47.917910 (0.610s) [OMP=0.502 ISP-L=0.011 ISP-F=0.037 MW-L=0.022 MW-F=0.042]
  Mini-Benders[3] (mw): LB=-99.406891, Z₀(α*)=-17.473694, intercept=-123.124798 (0.578s) [OMP=0.468 ISP-L=0.010 ISP-F=0.033 MW-L=0.024 MW-F=0.035]
  Mini-Benders[4] (mw): LB=-99.109187, Z₀(α*)=-15.792577, intercept=-90.201998 (0.562s) [OMP=0.454 ISP-L=0.009 ISP-F=0.031 MW-L=0.022 MW-F=0.045]
  Mini-Benders[5] (mw): LB=-95.244710, Z₀(α*)=-2.616035, intercept=-98.706226 (0.657s) [OMP=0.547 ISP-L=0.010 ISP-F=0.033 MW-L=0.022 MW-F=0.038]
  α-step: Z₀=20.014164, α=[0.000,0.000,0.000,0.000,0.000,0.000,0.000,0.000,0.000,0.000,0.000,0.000,0.000,0.000,0.000,0.000,0.000,0.000,0.000,0.000,0.000,0.000,0.000,0.000,0.000,0.000,0.000,0.000,0.000,0.000,0.000,0.000,0.000,0.000,0.000,0.000,0.000,0.000,0.000,0.000,0.000,0.000,0.000,0.000,0.000,0.000,0.000,0.000,0.000,0.000,2.210,0.000,0.000,6.023,0.000,0.000,0.000,0.000,0.000,0.000,0.000,2.210,0.000,0.000,0.000,0.000,0.000,0.000,0.000,0.000,0.000,0.000,0.000,0.000,0.000,0.000]
  Alt-Benders[1] (mw): LB=-87.143479, Z₀(α*)=-44.593392, intercept=-127.055388 (0.735s) [OMP=0.636 ISP-L=0.011 ISP-F=0.031 MW-L=0.023 MW-F=0.033]
  Alt-Benders[2] (mw): LB=-87.121953, Z₀(α*)=-6.986575, intercept=-122.385944 (0.734s) [OMP=0.623 ISP-L=0.010 ISP-F=0.030 MW-L=0.023 MW-F=0.050]
  Alt-Benders[3] (mw): LB=-83.853648, Z₀(α*)=-17.402140, intercept=-79.596284 (0.703s) [OMP=0.570 ISP-L=0.010 ISP-F=0.045 MW-L=0.022 MW-F=0.041]
  Alt-Benders[4] (mw): LB=-82.612440, Z₀(α*)=-11.769457, intercept=-97.801719 (0.797s) [OMP=0.690 ISP-L=0.011 ISP-F=0.034 MW-L=0.023 MW-F=0.037]
  Alt-Benders[5] (mw): LB=-81.643669, Z₀(α*)=-16.881524, intercept=-77.574051 (1.031s) [OMP=0.925 ISP-L=0.010 ISP-F=0.035 MW-L=0.022 MW-F=0.039]
  OMP re-solve: 0.753s

=== True-DRO Benders iter 3 ===
  OMP: t₀=-80.667339, UB=Inf, gap=NaN, x=[0, 0, 0, 0, 0, 0, 0, 0, 0, 0, 0, 0, 0, 1, 0, 0, 0, 0, 0, 0, 0, 0, 0, 0, 0, 0, 0, 0, 0, 0, 0, 0, 0, 0, 0, 0, 0, 0, 0, 0, 0, 0, 0, 0, 0, 0, 0, 0, 0, 0, 0, 0, 0, 0, 0, 0, 0, 0, 0, 0, 0, 1, 0, 0, 0, 0, 0, 0, 0, 0, 0, 0, 0, 0, 0, 0] (0.000s)
  Sub: Z₀=24.720995 [LOCAL] (0.6s), α=[0.000,0.000,0.000,0.000,0.000,0.000,0.000,0.000,0.000,0.000,0.000,0.000,0.000,2.740,0.000,0.000,0.720,0.000,0.000,0.000,0.102,0.000,0.000,0.000,0.000,0.000,0.000,0.000,0.000,0.000,0.000,0.000,0.000,0.000,0.000,0.000,0.000,0.000,0.000,0.000,0.000,0.000,0.000,0.000,0.000,0.000,0.000,0.000,0.000,0.000,1.388,0.000,0.000,0.089,0.000,0.000,0.000,0.000,0.000,0.000,0.000,0.669,0.000,0.000,0.000,0.000,0.000,0.000,0.000,0.000,0.000,0.000,4.734,0.000,0.000,0.000]
  Iter 3: LB=-80.667339  UB=Inf  gap=NaN
  Cut: intercept=-1093.137357, π_x_range=[-826.6013, 583.6413]
  Mini-Benders[1] (mw): LB=-78.655140, Z₀(α*)=-5.553577, intercept=-50.667172 (0.969s) [OMP=0.866 ISP-L=0.011 ISP-F=0.035 MW-L=0.022 MW-F=0.031]
  Mini-Benders[2] (mw): LB=-76.987357, Z₀(α*)=-5.353992, intercept=-31.346856 (0.875s) [OMP=0.741 ISP-L=0.011 ISP-F=0.037 MW-L=0.026 MW-F=0.049]
  Mini-Benders[3] (mw): LB=-74.096625, Z₀(α*)=14.055246, intercept=-68.560603 (0.922s) [OMP=0.810 ISP-L=0.011 ISP-F=0.036 MW-L=0.023 MW-F=0.040]
  Mini-Benders[4] (mw): LB=-73.738914, Z₀(α*)=15.171354, intercept=-53.600156 (1.094s) [OMP=0.987 ISP-L=0.010 ISP-F=0.038 MW-L=0.023 MW-F=0.041]
  Mini-Benders[5] (mw): LB=-73.325954, Z₀(α*)=17.330515, intercept=7.219641 (0.969s) [OMP=0.851 ISP-L=0.010 ISP-F=0.040 MW-L=0.022 MW-F=0.034]
  α-step: Z₀=17.154925, α=[0.000,0.000,0.000,0.000,0.000,0.000,0.000,0.000,0.000,0.000,0.000,0.000,0.000,0.000,0.000,0.000,0.000,0.000,0.000,0.000,0.000,0.000,0.000,0.000,0.000,0.000,0.000,0.000,0.000,0.000,0.000,0.000,0.000,0.000,10.443,0.000,0.000,0.000,0.000,0.000,0.000,0.000,0.000,0.000,0.000,0.000,0.000,0.000,0.000,0.000,0.000,0.000,0.000,0.000,0.000,0.000,0.000,0.000,0.000,0.000,0.000,0.000,0.000,0.000,0.000,0.000,0.000,0.000,0.000,0.000,0.000,0.000,0.000,0.000,0.000,0.000]
  Alt-Benders[1] (mw): LB=-72.002790, Z₀(α*)=-5.718360, intercept=-76.500456 (0.625s) [OMP=0.525 ISP-L=0.011 ISP-F=0.036 MW-L=0.023 MW-F=0.032]
  Alt-Benders[2] (mw): LB=-69.062471, Z₀(α*)=-52.218546, intercept=-69.480624 (1.000s) [OMP=0.898 ISP-L=0.010 ISP-F=0.030 MW-L=0.031 MW-F=0.032]
  Alt-Benders[3] (mw): LB=-67.856830, Z₀(α*)=18.985467, intercept=-66.224841 (0.562s) [OMP=0.457 ISP-L=0.010 ISP-F=0.032 MW-L=0.024 MW-F=0.031]
  Alt-Benders[4] (mw): LB=-67.355624, Z₀(α*)=-0.972403, intercept=-91.570832 (0.500s) [OMP=0.400 ISP-L=0.011 ISP-F=0.033 MW-L=0.031 MW-F=0.029]
  Alt-Benders[5] (mw): LB=-65.764507, Z₀(α*)=-1.674906, intercept=-91.379695 (0.688s) [OMP=0.568 ISP-L=0.009 ISP-F=0.038 MW-L=0.023 MW-F=0.038]
  OMP re-solve: 0.485s

=== True-DRO Benders iter 4 ===
  OMP: t₀=-62.033494, UB=Inf, gap=NaN, x=[0, 0, 0, 0, 0, 0, 0, 0, 0, 0, 0, 0, 0, 0, 0, 0, 0, 0, 0, 0, 0, 0, 0, 0, 0, 0, 0, 0, 0, 0, 0, 0, 0, 0, 0, 0, 0, 0, 0, 0, 0, 0, 0, 0, 0, 0, 0, 0, 0, 0, 0, 1, 0, 0, 0, 0, 0, 0, 0, 0, 0, 0, 0, 0, 1, 0, 0, 0, 0, 0, 0, 0, 0, 0, 0, 0] (0.000s)
  Sub: Z₀=23.121968 [LOCAL] (0.4s), α=[0.000,0.000,0.000,0.000,0.000,0.000,0.000,0.000,0.000,0.000,0.000,0.000,0.000,0.000,0.000,0.000,0.000,0.000,0.000,0.000,0.000,0.000,0.000,0.000,0.000,0.000,0.000,0.000,0.000,0.000,0.000,0.000,0.000,0.000,0.000,0.000,0.000,0.000,0.000,0.000,0.000,0.000,0.000,0.000,0.000,0.000,0.000,0.000,0.000,0.000,2.532,3.906,0.000,0.000,0.000,0.000,0.000,0.000,0.000,0.000,0.000,0.000,0.000,0.000,0.000,0.000,0.000,0.000,0.000,0.000,0.000,0.000,4.006,0.000,0.000,0.000]
  Iter 4: LB=-62.033494  UB=Inf  gap=NaN
  Cut: intercept=-1103.094340, π_x_range=[-825.1595, 568.7418]
  Mini-Benders[1] (mw): LB=-59.670942, Z₀(α*)=-27.976828, intercept=-72.651201 (0.578s) [OMP=0.477 ISP-L=0.011 ISP-F=0.034 MW-L=0.025 MW-F=0.032]
  Mini-Benders[2] (mw): LB=-59.382881, Z₀(α*)=-16.764681, intercept=-10.623425 (0.781s) [OMP=0.660 ISP-L=0.011 ISP-F=0.039 MW-L=0.030 MW-F=0.034]
  Mini-Benders[3] (mw): LB=-59.373906, Z₀(α*)=-18.391997, intercept=-35.162480 (0.719s) [OMP=0.601 ISP-L=0.010 ISP-F=0.038 MW-L=0.024 MW-F=0.038]
  Mini-Benders[4] (mw): LB=-57.687447, Z₀(α*)=5.433548, intercept=-52.688243 (0.734s) [OMP=0.613 ISP-L=0.011 ISP-F=0.038 MW-L=0.031 MW-F=0.041]
  Mini-Benders[5] (mw): LB=-55.172237, Z₀(α*)=-13.294727, intercept=-78.493551 (0.719s) [OMP=0.619 ISP-L=0.010 ISP-F=0.033 MW-L=0.022 MW-F=0.039]
  α-step: Z₀=23.121518, α=[0.000,0.000,0.000,0.000,0.000,0.000,0.000,0.000,0.000,0.000,0.000,0.000,0.000,0.000,0.000,0.000,0.547,0.000,0.000,0.000,0.000,0.000,0.000,0.000,0.000,0.000,0.000,0.000,0.000,0.000,0.000,0.000,0.000,0.000,0.313,0.000,0.000,0.000,0.000,0.000,0.000,0.000,3.107,0.000,0.000,0.000,0.000,0.000,0.000,0.000,0.000,0.000,0.000,0.000,0.000,0.000,0.000,0.000,0.000,0.000,0.000,0.000,2.327,0.000,1.610,0.000,0.000,0.000,0.000,0.000,0.000,0.000,2.538,0.000,0.000,0.000]
  Alt-Benders[1] (mw): LB=-54.531894, Z₀(α*)=3.411310, intercept=-32.720085 (0.735s) [OMP=0.640 ISP-L=0.011 ISP-F=0.035 MW-L=0.024 MW-F=0.034]
  Alt-Benders[2] (mw): LB=-53.761937, Z₀(α*)=5.061179, intercept=-0.450454 (0.937s) [OMP=0.818 ISP-L=0.011 ISP-F=0.038 MW-L=0.030 MW-F=0.031]
  Alt-Benders[3] (mw): LB=-53.682519, Z₀(α*)=-3.139735, intercept=-46.452803 (0.719s) [OMP=0.624 ISP-L=0.010 ISP-F=0.032 MW-L=0.025 MW-F=0.030]
  Alt-Benders[4] (mw): LB=-52.218547, Z₀(α*)=-31.946130, intercept=-68.762460 (0.922s) [OMP=0.802 ISP-L=0.010 ISP-F=0.032 MW-L=0.032 MW-F=0.033]
  Alt-Benders[5] (mw): LB=-51.218654, Z₀(α*)=-20.836455, intercept=-53.929463 (0.781s) [OMP=0.668 ISP-L=0.011 ISP-F=0.037 MW-L=0.025 MW-F=0.034]
  OMP re-solve: 0.657s

=== True-DRO Benders iter 5 ===
  OMP: t₀=-49.751412, UB=Inf, gap=NaN, x=[0, 0, 0, 0, 0, 0, 0, 0, 0, 0, 0, 0, 0, 0, 0, 0, 0, 0, 0, 0, 0, 0, 0, 0, 0, 0, 0, 0, 0, 0, 0, 0, 0, 0, 0, 0, 0, 0, 0, 0, 0, 0, 1, 0, 0, 0, 0, 0, 0, 0, 0, 0, 0, 0, 0, 0, 0, 0, 0, 0, 1, 0, 0, 0, 0, 0, 0, 0, 0, 0, 0, 0, 0, 0, 0, 0] (0.000s)
  Sub: Z₀=25.986701 [TIME_LIMIT] (15.2s), α=[0.000,0.000,0.000,0.000,0.000,0.000,0.000,0.000,0.000,0.000,2.716,0.000,0.000,0.000,0.000,0.000,0.271,0.000,0.000,0.000,0.000,0.000,0.000,0.000,0.000,0.000,0.000,0.000,0.000,0.000,0.000,0.000,0.000,0.000,0.215,0.000,0.000,0.000,0.000,0.000,0.000,0.000,3.993,0.000,0.000,0.000,0.000,0.000,0.000,0.000,0.000,0.000,0.000,0.000,0.000,0.000,0.000,0.000,0.000,0.000,0.000,0.000,0.000,0.000,0.000,0.000,0.000,0.000,0.000,0.000,0.000,0.000,3.247,0.000,0.000,0.000]
  Iter 5: LB=-49.751412  UB=26.975333  gap=2.84e+00
  Cut: intercept=-76.167256, π_x_range=[-255.0000, 60.7436]
  Mini-Benders[1] (mw): LB=-49.599477, Z₀(α*)=10.882417, intercept=-36.353919 (0.656s) [OMP=0.545 ISP-L=0.010 ISP-F=0.036 MW-L=0.024 MW-F=0.037]
  Mini-Benders[2] (mw): LB=-48.697750, Z₀(α*)=7.779652, intercept=-89.892247 (0.891s) [OMP=0.786 ISP-L=0.009 ISP-F=0.032 MW-L=0.030 MW-F=0.037]
  Mini-Benders[3] (mw): LB=-48.488821, Z₀(α*)=-7.845733, intercept=-37.021044 (0.687s) [OMP=0.590 ISP-L=0.009 ISP-F=0.030 MW-L=0.021 MW-F=0.032]
  Mini-Benders[4] (mw): LB=-47.954022, Z₀(α*)=2.513012, intercept=-86.242339 (0.719s) [OMP=0.618 ISP-L=0.010 ISP-F=0.038 MW-L=0.031 MW-F=0.028]
  Mini-Benders[5] (mw): LB=-47.334890, Z₀(α*)=-7.640049, intercept=-83.544663 (0.906s) [OMP=0.783 ISP-L=0.010 ISP-F=0.037 MW-L=0.021 MW-F=0.038]
  α-step: Z₀=20.446249, α=[0.000,0.000,0.000,0.000,0.000,0.000,0.000,0.000,0.000,0.000,0.000,0.000,0.000,0.000,0.000,0.000,0.000,0.000,0.000,0.000,0.000,0.000,0.000,0.000,0.000,0.000,0.000,0.000,0.000,0.000,0.000,0.000,0.000,0.000,7.186,0.000,0.000,0.000,0.000,0.000,0.000,0.000,0.000,0.000,0.000,0.000,0.000,0.000,0.000,0.000,0.000,0.000,0.000,0.000,0.000,0.000,0.000,0.000,0.000,0.000,0.000,0.000,0.000,0.000,0.000,0.000,0.000,0.000,0.000,0.000,0.000,0.000,3.257,0.000,0.000,0.000]
  Alt-Benders[1] (mw): LB=-46.279654, Z₀(α*)=22.446352, intercept=-17.995231 (0.797s) [OMP=0.672 ISP-L=0.011 ISP-F=0.036 MW-L=0.024 MW-F=0.039]
  Alt-Benders[2] (mw): LB=-45.314313, Z₀(α*)=5.016854, intercept=-43.864129 (0.860s) [OMP=0.752 ISP-L=0.011 ISP-F=0.032 MW-L=0.025 MW-F=0.037]
  Alt-Benders[3] (mw): LB=-44.593394, Z₀(α*)=-6.055858, intercept=-111.194924 (0.875s) [OMP=0.769 ISP-L=0.012 ISP-F=0.038 MW-L=0.023 MW-F=0.040]
  Alt-Benders[4] (mw): LB=-43.919363, Z₀(α*)=18.999973, intercept=-67.815467 (0.781s) [OMP=0.682 ISP-L=0.010 ISP-F=0.032 MW-L=0.022 MW-F=0.032]
  Alt-Benders[5] (mw): LB=-43.837472, Z₀(α*)=1.419004, intercept=-30.918420 (0.875s) [OMP=0.765 ISP-L=0.010 ISP-F=0.034 MW-L=0.022 MW-F=0.041]
  OMP re-solve: 0.747s

=== True-DRO Benders iter 6 ===
  OMP: t₀=-43.669989, UB=26.975333, gap=2.62e+00, x=[0, 0, 0, 0, 0, 0, 1, 0, 0, 0, 0, 0, 0, 0, 0, 0, 1, 0, 0, 0, 0, 0, 0, 0, 0, 0, 0, 0, 0, 0, 0, 0, 0, 0, 0, 0, 0, 0, 0, 0, 0, 0, 0, 0, 0, 0, 0, 0, 0, 0, 0, 0, 0, 0, 0, 0, 0, 0, 0, 0, 0, 0, 0, 0, 0, 0, 0, 0, 0, 0, 0, 0, 0, 0, 0, 0] (0.000s)
  Sub: Z₀=25.806793 [LOCAL] (0.4s), α=[0.000,0.000,0.000,0.000,0.000,0.000,0.000,0.000,0.000,0.000,0.000,0.000,0.000,0.000,0.000,0.000,4.252,0.000,0.000,0.000,0.109,0.000,0.000,0.070,0.000,0.000,0.000,0.000,0.000,0.000,0.000,0.000,0.000,0.003,0.181,0.000,0.000,0.000,0.000,0.000,0.000,0.000,0.000,0.000,0.000,0.000,0.000,0.000,0.000,0.000,1.016,0.000,0.000,0.000,0.000,0.000,0.000,0.000,0.000,0.000,0.000,0.000,0.540,0.000,0.000,0.000,0.000,0.000,0.000,0.000,0.000,0.000,4.272,0.000,0.000,0.000]
  Iter 6: LB=-43.669989  UB=26.975333  gap=2.62e+00
  Cut: intercept=-1125.835198, π_x_range=[-826.7051, 577.9291]
  Mini-Benders[1] (mw): LB=-43.660874, Z₀(α*)=11.624786, intercept=-65.992459 (0.938s) [OMP=0.799 ISP-L=0.011 ISP-F=0.042 MW-L=0.025 MW-F=0.051]
  Mini-Benders[2] (mw): LB=-43.257962, Z₀(α*)=-4.718109, intercept=-134.821764 (0.859s) [OMP=0.759 ISP-L=0.011 ISP-F=0.033 MW-L=0.024 MW-F=0.035]
  Mini-Benders[3] (mw): LB=-43.257508, Z₀(α*)=7.187108, intercept=-37.861444 (0.922s) [OMP=0.814 ISP-L=0.009 ISP-F=0.033 MW-L=0.023 MW-F=0.043]
  Mini-Benders[4] (mw): LB=-43.117567, Z₀(α*)=-7.717783, intercept=-0.305975 (0.875s) [OMP=0.775 ISP-L=0.011 ISP-F=0.037 MW-L=0.024 MW-F=0.030]
  Mini-Benders[5] (mw): LB=-42.717922, Z₀(α*)=16.707644, intercept=-50.119891 (0.968s) [OMP=0.854 ISP-L=0.009 ISP-F=0.038 MW-L=0.025 MW-F=0.044]
  α-step: Z₀=14.855522, α=[0.000,0.000,0.000,0.000,0.000,0.000,0.000,0.000,0.000,0.000,0.000,0.000,0.000,0.000,0.000,0.000,0.000,0.000,0.000,0.000,0.000,0.000,0.000,0.000,0.000,0.000,0.000,0.000,0.000,0.000,0.000,0.000,0.000,0.000,7.997,0.000,0.000,0.000,0.000,0.000,0.000,0.000,0.000,0.000,0.000,0.000,0.000,0.000,0.000,0.000,0.000,0.000,0.000,0.000,0.000,0.000,0.000,0.000,0.000,0.000,0.000,0.000,0.000,0.000,0.000,0.000,0.000,0.000,0.000,0.000,0.000,0.000,2.446,0.000,0.000,0.000]
  Alt-Benders[1] (mw): LB=-40.087431, Z₀(α*)=-23.046872, intercept=-64.315638 (1.110s) [OMP=1.008 ISP-L=0.011 ISP-F=0.034 MW-L=0.024 MW-F=0.042]
  Alt-Benders[2] (mw): LB=-40.037555, Z₀(α*)=-10.075196, intercept=-85.025199 (0.984s) [OMP=0.875 ISP-L=0.010 ISP-F=0.030 MW-L=0.024 MW-F=0.036]
  Alt-Benders[3] (mw): LB=-39.690542, Z₀(α*)=18.273411, intercept=-35.724439 (1.016s) [OMP=0.897 ISP-L=0.010 ISP-F=0.034 MW-L=0.022 MW-F=0.044]
  Alt-Benders[4] (mw): LB=-39.254368, Z₀(α*)=20.826011, intercept=-35.635432 (0.937s) [OMP=0.840 ISP-L=0.010 ISP-F=0.031 MW-L=0.022 MW-F=0.031]
  Alt-Benders[5] (mw): LB=-38.868674, Z₀(α*)=1.387288, intercept=-63.326742 (1.000s) [OMP=0.887 ISP-L=0.011 ISP-F=0.037 MW-L=0.024 MW-F=0.040]
  OMP re-solve: 0.855s

=== True-DRO Benders iter 7 ===
  OMP: t₀=-37.852807, UB=26.975333, gap=2.40e+00, x=[0, 0, 0, 0, 0, 0, 0, 0, 0, 0, 0, 0, 0, 0, 0, 0, 0, 0, 0, 0, 0, 0, 0, 0, 0, 0, 0, 0, 0, 0, 0, 0, 0, 0, 0, 0, 0, 0, 0, 0, 0, 0, 0, 0, 0, 1, 0, 0, 0, 0, 0, 0, 0, 0, 0, 0, 0, 0, 0, 0, 0, 0, 0, 0, 0, 0, 0, 0, 0, 0, 0, 1, 0, 0, 0, 0] (0.000s)
  Sub: Z₀=20.919541 [LOCAL] (0.5s), α=[0.000,0.000,0.000,0.000,0.000,0.000,0.000,0.000,0.000,0.000,0.000,0.000,0.000,0.000,0.000,0.000,0.000,0.000,0.000,0.000,0.000,0.000,0.000,0.000,0.000,0.000,0.000,0.000,0.000,0.000,0.000,0.000,0.000,0.000,0.000,0.000,0.000,0.000,0.000,0.000,0.000,0.000,0.000,0.000,0.000,0.000,0.000,0.000,0.000,0.000,0.000,0.000,0.000,0.000,0.000,0.000,0.000,0.000,0.000,0.000,0.000,0.000,0.000,0.000,0.000,0.000,0.000,0.000,0.000,0.000,0.000,7.186,3.257,0.000,0.000,0.000]
  Iter 7: LB=-37.852807  UB=26.975333  gap=2.40e+00
  Cut: intercept=-1099.238279, π_x_range=[-824.7029, 566.0631]
  Mini-Benders[1] (mw): LB=-37.532223, Z₀(α*)=-0.574828, intercept=-9.917582 (1.016s) [OMP=0.896 ISP-L=0.011 ISP-F=0.037 MW-L=0.020 MW-F=0.038]
  Mini-Benders[2] (mw): LB=-37.490173, Z₀(α*)=-14.519315, intercept=-21.055880 (0.937s) [OMP=0.836 ISP-L=0.011 ISP-F=0.035 MW-L=0.021 MW-F=0.032]
  Mini-Benders[3] (mw): LB=-37.229679, Z₀(α*)=14.900507, intercept=-128.407034 (1.047s) [OMP=0.933 ISP-L=0.011 ISP-F=0.035 MW-L=0.025 MW-F=0.038]
  Mini-Benders[4] (mw): LB=-36.515907, Z₀(α*)=4.537075, intercept=-29.244646 (1.031s) [OMP=0.927 ISP-L=0.011 ISP-F=0.042 MW-L=0.021 MW-F=0.034]
  Mini-Benders[5] (mw): LB=-35.356920, Z₀(α*)=-3.155398, intercept=-66.191822 (1.047s) [OMP=0.919 ISP-L=0.011 ISP-F=0.040 MW-L=0.023 MW-F=0.049]
  α-step: Z₀=23.572285, α=[0.000,0.000,0.000,0.000,0.000,0.000,0.000,0.000,0.000,0.000,0.000,0.000,0.000,1.091,0.000,0.000,0.000,0.000,0.000,0.000,0.000,0.000,0.000,0.000,0.000,0.000,0.000,0.000,0.000,0.000,0.000,0.000,0.000,0.000,0.000,0.000,0.000,0.000,0.000,0.000,0.000,0.000,0.000,0.000,0.000,0.000,0.000,0.000,0.000,0.000,0.000,0.000,0.000,0.000,0.000,0.000,0.000,0.000,0.000,0.000,0.000,0.000,6.868,0.000,0.038,0.000,0.000,0.000,0.000,0.000,0.000,0.000,2.446,0.000,0.000,0.000]
  Alt-Benders[1] (mw): LB=-34.927990, Z₀(α*)=-39.197737, intercept=-60.800824 (1.125s) [OMP=0.999 ISP-L=0.012 ISP-F=0.036 MW-L=0.023 MW-F=0.040]
  Alt-Benders[2] (mw): LB=-34.927990, Z₀(α*)=-39.197737, intercept=-60.800824 (0.984s) [OMP=0.885 ISP-L=0.010 ISP-F=0.032 MW-L=0.023 MW-F=0.033]
  Alt-Benders[3] (mw): LB=-34.927990, Z₀(α*)=-39.197737, intercept=-60.800824 (1.000s) [OMP=0.894 ISP-L=0.010 ISP-F=0.032 MW-L=0.031 MW-F=0.033]
  Alt-Benders[4]: LB stagnated, break
  OMP re-solve: 0.001s

=== True-DRO Benders iter 8 ===
  OMP: t₀=-34.927990, UB=26.975333, gap=2.29e+00, x=[0, 0, 0, 0, 0, 1, 0, 0, 0, 0, 0, 0, 0, 0, 0, 0, 0, 0, 0, 0, 0, 0, 0, 0, 0, 0, 0, 0, 0, 0, 0, 0, 0, 0, 0, 0, 0, 0, 0, 0, 0, 0, 0, 0, 0, 0, 0, 0, 0, 0, 0, 0, 0, 0, 0, 0, 0, 0, 0, 0, 0, 0, 0, 0, 0, 0, 0, 0, 0, 0, 0, 1, 0, 0, 0, 0] (0.000s)
  Sub: Z₀=21.007582 [LOCAL] (0.4s), α=[0.000,0.000,0.000,0.000,0.000,0.000,0.000,0.000,0.000,0.000,0.000,0.000,0.000,0.000,0.000,0.000,0.000,0.000,0.000,0.000,0.000,0.000,0.000,0.000,0.000,0.000,0.000,0.000,0.000,0.000,0.000,0.000,0.000,0.000,0.000,0.000,0.000,0.000,0.000,0.000,0.000,0.000,0.000,0.000,0.000,0.000,0.000,0.000,0.000,0.000,0.000,0.000,0.000,0.000,0.000,0.000,0.000,0.000,0.000,0.000,0.000,0.000,0.000,0.000,0.000,0.000,0.000,0.000,0.000,0.000,0.000,6.831,3.612,0.000,0.000,0.000]
  Iter 8: LB=-34.927990  UB=26.975333  gap=2.29e+00
  Cut: intercept=-1122.833247, π_x_range=[-825.3403, 574.7636]
  Mini-Benders[1] (mw): LB=-34.346357, Z₀(α*)=2.716002, intercept=-32.036260 (1.016s) [OMP=0.904 ISP-L=0.010 ISP-F=0.035 MW-L=0.029 MW-F=0.038]
  Mini-Benders[2] (mw): LB=-33.969906, Z₀(α*)=6.002769, intercept=-54.280754 (1.140s) [OMP=1.024 ISP-L=0.011 ISP-F=0.035 MW-L=0.022 MW-F=0.036]
  Mini-Benders[3] (mw): LB=-33.478997, Z₀(α*)=-0.910010, intercept=-6.539189 (1.078s) [OMP=0.962 ISP-L=0.010 ISP-F=0.035 MW-L=0.031 MW-F=0.034]
  Mini-Benders[4] (mw): LB=-33.185919, Z₀(α*)=-6.453161, intercept=-49.503732 (1.063s) [OMP=0.948 ISP-L=0.012 ISP-F=0.042 MW-L=0.023 MW-F=0.038]
  Mini-Benders[5] (mw): LB=-32.622360, Z₀(α*)=1.703343, intercept=-39.243747 (1.156s) [OMP=1.042 ISP-L=0.009 ISP-F=0.036 MW-L=0.032 MW-F=0.031]
  α-step: Z₀=25.769388, α=[0.000,0.000,0.000,0.000,0.000,0.000,0.000,0.000,0.000,0.000,0.000,0.000,0.000,0.000,0.000,0.000,0.000,0.000,0.000,0.000,0.000,0.000,0.000,0.000,0.000,0.000,0.000,0.000,0.000,0.000,0.000,0.000,0.000,0.000,0.000,0.000,0.000,0.000,0.000,0.000,0.000,0.000,0.000,0.000,0.000,0.000,0.000,0.000,0.000,0.000,0.496,0.000,0.000,0.000,0.000,0.000,0.000,0.000,0.000,0.000,0.000,0.000,4.697,0.000,0.000,0.000,0.000,0.000,0.000,0.000,0.000,0.000,5.250,0.000,0.000,0.000]
  Alt-Benders[1] (mw): LB=-32.049590, Z₀(α*)=26.183507, intercept=-62.202314 (1.172s) [OMP=1.057 ISP-L=0.013 ISP-F=0.039 MW-L=0.030 MW-F=0.029]
  Alt-Benders[2] (mw): LB=-31.946132, Z₀(α*)=-8.393473, intercept=-67.085232 (1.235s) [OMP=1.135 ISP-L=0.010 ISP-F=0.032 MW-L=0.023 MW-F=0.034]
  Alt-Benders[3] (mw): LB=-31.211681, Z₀(α*)=26.141485, intercept=21.332698 (1.109s) [OMP=1.007 ISP-L=0.011 ISP-F=0.033 MW-L=0.029 MW-F=0.031]
  Alt-Benders[4] (mw): LB=-30.817184, Z₀(α*)=20.381091, intercept=-37.693961 (1.047s) [OMP=0.934 ISP-L=0.010 ISP-F=0.036 MW-L=0.025 MW-F=0.034]
  Alt-Benders[5] (mw): LB=-30.422744, Z₀(α*)=-2.157716, intercept=-13.833064 (1.094s) [OMP=0.993 ISP-L=0.010 ISP-F=0.032 MW-L=0.029 MW-F=0.031]
  OMP re-solve: 1.014s

=== True-DRO Benders iter 9 ===
  OMP: t₀=-29.958638, UB=26.975333, gap=2.11e+00, x=[0, 0, 0, 0, 0, 0, 0, 0, 0, 0, 0, 0, 0, 0, 0, 0, 0, 0, 0, 0, 0, 0, 0, 0, 0, 0, 0, 0, 0, 0, 0, 0, 0, 0, 1, 0, 0, 0, 0, 0, 0, 0, 0, 0, 0, 0, 0, 0, 0, 0, 0, 0, 0, 0, 0, 0, 0, 0, 0, 0, 0, 0, 0, 0, 0, 0, 0, 0, 0, 0, 0, 1, 0, 0, 0, 0] (0.001s)
  Sub: Z₀=18.041141 [LOCAL] (0.4s), α=[0.000,0.000,0.000,0.000,0.000,0.000,0.000,0.000,0.000,0.000,0.000,0.000,0.000,0.000,0.000,0.000,0.000,0.000,0.000,0.000,0.000,0.000,0.000,0.000,0.000,0.000,0.000,0.000,0.000,0.000,0.000,0.000,0.000,0.000,1.996,0.000,0.000,0.000,0.000,0.000,0.000,0.000,0.000,0.000,0.000,0.000,0.000,0.000,0.000,0.000,0.532,0.000,0.000,0.000,0.000,0.000,0.000,0.000,0.000,0.000,0.000,0.000,0.000,0.000,0.000,0.000,0.000,0.000,0.000,0.000,0.000,1.996,5.920,0.000,0.000,0.000]
  Iter 9: LB=-29.958638  UB=26.975333  gap=2.11e+00
  Cut: intercept=-1108.799035, π_x_range=[-824.9489, 570.0364]
  Mini-Benders[1] (mw): LB=-29.104150, Z₀(α*)=12.996439, intercept=-49.725819 (0.875s) [OMP=0.750 ISP-L=0.011 ISP-F=0.036 MW-L=0.033 MW-F=0.039]
  Mini-Benders[2] (mw): LB=-28.994664, Z₀(α*)=-0.074881, intercept=-78.433031 (0.844s) [OMP=0.744 ISP-L=0.009 ISP-F=0.035 MW-L=0.021 MW-F=0.037]
  Mini-Benders[3] (mw): LB=-28.731988, Z₀(α*)=21.926716, intercept=-29.619711 (0.906s) [OMP=0.768 ISP-L=0.011 ISP-F=0.035 MW-L=0.037 MW-F=0.055]
  Mini-Benders[4] (mw): LB=-28.552331, Z₀(α*)=9.834549, intercept=-30.107291 (1.000s) [OMP=0.884 ISP-L=0.011 ISP-F=0.037 MW-L=0.026 MW-F=0.037]
  Mini-Benders[5] (mw): LB=-27.976830, Z₀(α*)=2.303184, intercept=-71.244780 (0.985s) [OMP=0.865 ISP-L=0.011 ISP-F=0.032 MW-L=0.032 MW-F=0.033]
  α-step: Z₀=20.225463, α=[0.000,0.000,0.000,0.000,0.000,0.000,0.000,0.000,0.000,0.000,2.522,0.000,0.000,0.000,0.000,0.000,4.185,0.000,0.000,0.000,0.000,0.000,0.000,0.000,0.000,0.000,0.000,0.000,0.000,0.000,0.000,0.000,0.000,0.000,0.000,0.000,0.000,0.000,0.000,0.000,0.000,0.000,0.000,0.000,0.000,0.000,0.000,0.000,0.000,0.000,0.000,0.000,0.000,0.000,0.000,0.000,0.000,0.000,0.000,0.000,0.000,0.000,0.000,0.000,0.000,0.000,0.000,0.000,0.000,0.000,0.000,0.000,3.736,0.000,0.000,0.000]
  Alt-Benders[1] (mw): LB=-27.035028, Z₀(α*)=10.344507, intercept=-68.542857 (1.047s) [OMP=0.935 ISP-L=0.011 ISP-F=0.037 MW-L=0.031 MW-F=0.038]
  Alt-Benders[2] (mw): LB=-26.792178, Z₀(α*)=-44.399320, intercept=-118.162804 (0.953s) [OMP=0.858 ISP-L=0.010 ISP-F=0.025 MW-L=0.022 MW-F=0.030]
  Alt-Benders[3] (mw): LB=-26.792178, Z₀(α*)=-44.399320, intercept=-118.162804 (1.094s) [OMP=0.993 ISP-L=0.010 ISP-F=0.026 MW-L=0.031 MW-F=0.030]
  Alt-Benders[4] (mw): LB=-26.792178, Z₀(α*)=-44.399320, intercept=-118.162804 (1.078s) [OMP=0.993 ISP-L=0.010 ISP-F=0.026 MW-L=0.023 MW-F=0.031]
  Alt-Benders[5]: LB stagnated, break
  OMP re-solve: 0.001s

=== True-DRO Benders iter 10 ===
  OMP: t₀=-26.792178, UB=26.975333, gap=1.99e+00, x=[0, 0, 0, 0, 0, 0, 0, 0, 0, 0, 0, 0, 0, 0, 0, 0, 0, 0, 0, 0, 0, 0, 0, 0, 0, 0, 0, 0, 0, 0, 0, 0, 0, 0, 0, 0, 0, 0, 0, 0, 0, 0, 0, 0, 0, 0, 0, 0, 0, 0, 0, 1, 0, 0, 0, 0, 0, 0, 0, 0, 0, 0, 0, 0, 0, 0, 0, 0, 0, 0, 0, 1, 0, 0, 0, 0] (0.001s)
  Sub: Z₀=17.096584 (3.1s), α=[0.000,0.000,0.000,0.000,0.000,0.000,0.000,0.000,0.000,0.000,0.000,0.000,0.000,0.000,0.000,0.000,0.000,0.000,0.000,0.000,0.000,0.000,0.000,0.000,0.000,0.000,0.000,0.000,0.000,0.000,0.000,0.000,0.000,0.000,0.000,0.000,0.000,0.000,0.000,0.000,0.000,0.000,0.000,0.000,0.000,0.000,0.000,0.000,0.000,0.000,0.000,0.000,0.000,0.000,0.000,0.000,0.000,0.000,0.000,0.000,0.000,0.000,0.000,0.000,0.000,0.000,0.000,0.000,0.000,0.000,0.000,10.443,0.000,0.000,0.000,0.000]
  Iter 10: LB=-26.792178  UB=17.096584  gap=2.57e+00
  Cut: intercept=-164.250013, π_x_range=[-158.8920, 91.2590]
  Sherali-Cut: intercept=-108.444701, π_x_range=[-76.8122, 64.7042]
  Mini-Benders[1] (mw): LB=-25.921125, Z₀(α*)=-19.431182, intercept=-74.147810 (0.969s) [OMP=0.876 ISP-L=0.009 ISP-F=0.032 MW-L=0.021 MW-F=0.038]
  Mini-Benders[2] (mw): LB=-25.876338, Z₀(α*)=-12.265592, intercept=-98.062810 (1.015s) [OMP=0.903 ISP-L=0.010 ISP-F=0.034 MW-L=0.021 MW-F=0.035]
  Mini-Benders[3] (mw): LB=-25.534033, Z₀(α*)=-18.185651, intercept=-44.044062 (0.985s) [OMP=0.877 ISP-L=0.010 ISP-F=0.037 MW-L=0.020 MW-F=0.045]
  Mini-Benders[4] (mw): LB=-25.225986, Z₀(α*)=-15.784402, intercept=-81.673561 (1.015s) [OMP=0.912 ISP-L=0.009 ISP-F=0.034 MW-L=0.021 MW-F=0.036]
  Mini-Benders[5] (mw): LB=-25.156158, Z₀(α*)=-31.100825, intercept=-65.823613 (1.032s) [OMP=0.916 ISP-L=0.010 ISP-F=0.030 MW-L=0.022 MW-F=0.042]
  α-step: Z₀=21.473993, α=[0.000,0.000,0.000,0.000,0.000,0.000,0.000,0.000,0.000,0.000,0.000,0.000,0.000,3.401,0.000,0.000,0.000,0.000,0.000,0.000,0.000,0.000,0.000,0.000,0.000,0.000,0.000,0.000,0.000,0.000,0.000,0.000,0.000,0.000,0.000,0.000,0.000,0.000,0.000,0.000,0.000,0.000,0.000,0.000,0.000,0.000,0.000,0.000,0.000,0.000,0.000,0.000,0.000,0.000,0.000,0.000,0.000,0.000,0.000,0.000,0.000,0.000,0.000,0.000,0.000,0.000,0.000,0.000,0.000,0.000,0.000,0.000,7.042,0.000,0.000,0.000]
  Alt-Benders[1] (mw): LB=-24.540051, Z₀(α*)=3.699212, intercept=-36.890581 (1.125s) [OMP=1.005 ISP-L=0.011 ISP-F=0.037 MW-L=0.024 MW-F=0.042]
  Alt-Benders[2] (mw): LB=-24.457672, Z₀(α*)=11.902828, intercept=-39.850500 (1.093s) [OMP=0.993 ISP-L=0.011 ISP-F=0.033 MW-L=0.023 MW-F=0.032]
  Alt-Benders[3] (mw): LB=-23.727047, Z₀(α*)=3.345657, intercept=-3.873113 (1.000s) [OMP=0.886 ISP-L=0.011 ISP-F=0.032 MW-L=0.023 MW-F=0.043]
  Alt-Benders[4] (mw): LB=-23.435003, Z₀(α*)=22.586055, intercept=-12.880786 (0.985s) [OMP=0.883 ISP-L=0.010 ISP-F=0.034 MW-L=0.022 MW-F=0.030]
  Alt-Benders[5] (mw): LB=-23.236388, Z₀(α*)=21.227084, intercept=-56.170293 (1.000s) [OMP=0.895 ISP-L=0.010 ISP-F=0.032 MW-L=0.022 MW-F=0.040]
  OMP re-solve: 0.835s

=== True-DRO Benders iter 11 ===
  OMP: t₀=-23.157501, UB=17.096584, gap=2.35e+00, x=[0, 0, 0, 0, 0, 0, 0, 0, 0, 0, 0, 0, 0, 0, 0, 0, 0, 0, 0, 0, 0, 0, 0, 1, 0, 0, 0, 0, 0, 0, 0, 0, 0, 0, 0, 0, 0, 0, 0, 0, 0, 0, 0, 0, 0, 0, 0, 0, 0, 1, 0, 0, 0, 0, 0, 0, 0, 0, 0, 0, 0, 0, 0, 0, 0, 0, 0, 0, 0, 0, 0, 0, 0, 0, 0, 0] (0.001s)
  Sub: Z₀=24.802430 [LOCAL] (0.5s), α=[0.000,0.000,0.000,0.000,0.000,0.000,0.000,0.000,0.000,0.000,2.522,0.000,0.000,0.000,0.000,0.000,0.000,0.000,0.000,0.000,0.070,0.000,0.000,1.395,0.000,0.000,0.000,0.000,0.000,0.000,0.000,0.000,0.000,0.000,0.000,0.000,0.000,0.000,0.000,0.000,0.000,0.000,0.000,0.000,0.000,0.000,0.000,0.000,0.000,2.336,0.000,0.000,0.000,0.000,0.000,0.000,0.000,0.000,0.000,0.000,0.000,0.000,0.750,0.000,0.000,0.000,0.000,0.000,0.000,0.000,0.000,0.000,3.370,0.000,0.000,0.000]
  Iter 11: LB=-23.157501  UB=17.096584  gap=2.35e+00
  Cut: intercept=-1112.622061, π_x_range=[-829.0922, 585.0205]
  Mini-Benders[1] (mw): LB=-23.046874, Z₀(α*)=-30.374655, intercept=-64.987207 (0.969s) [OMP=0.851 ISP-L=0.011 ISP-F=0.031 MW-L=0.024 MW-F=0.042]
  Mini-Benders[2] (mw): LB=-23.046874, Z₀(α*)=-30.374655, intercept=-64.987207 (1.578s) [OMP=1.482 ISP-L=0.011 ISP-F=0.032 MW-L=0.025 MW-F=0.035]
  Mini-Benders[3] (mw): LB=-23.046874, Z₀(α*)=-30.374655, intercept=-64.987207 (1.609s) [OMP=1.488 ISP-L=0.011 ISP-F=0.032 MW-L=0.024 MW-F=0.043]
  Mini-Benders[4]: LB stagnated, break
  α-step: Z₀=22.679527, α=[0.000,0.000,0.000,0.000,0.000,0.000,0.000,0.000,0.000,0.000,0.000,0.000,0.000,0.000,0.000,0.000,0.000,0.000,0.000,0.000,0.000,0.000,0.000,0.000,0.000,0.000,0.000,0.000,0.000,0.000,0.000,0.000,0.000,0.000,0.000,0.000,0.000,0.000,0.000,0.000,0.000,0.000,0.000,0.000,0.000,0.000,0.000,0.000,0.000,0.000,0.000,0.000,0.000,0.000,0.000,0.000,0.000,0.000,0.000,0.000,0.000,0.000,0.000,0.000,0.000,0.000,0.000,0.000,0.000,0.000,0.000,0.000,10.443,0.000,0.000,0.000]
  Alt-Benders[1] (mw): LB=-23.001301, Z₀(α*)=21.976562, intercept=-55.067830 (1.000s) [OMP=0.886 ISP-L=0.009 ISP-F=0.034 MW-L=0.022 MW-F=0.041]
  Alt-Benders[2] (mw): LB=-22.823819, Z₀(α*)=24.940701, intercept=-21.381048 (1.078s) [OMP=0.971 ISP-L=0.009 ISP-F=0.036 MW-L=0.021 MW-F=0.035]
  Alt-Benders[3] (mw): LB=-22.280934, Z₀(α*)=20.501052, intercept=-40.518935 (1.484s) [OMP=1.383 ISP-L=0.010 ISP-F=0.033 MW-L=0.023 MW-F=0.041]
  Alt-Benders[4] (mw): LB=-22.045204, Z₀(α*)=-16.217203, intercept=-48.821160 (1.078s) [OMP=0.968 ISP-L=0.010 ISP-F=0.030 MW-L=0.022 MW-F=0.034]
  Alt-Benders[5] (mw): LB=-21.798612, Z₀(α*)=22.820422, intercept=-26.392856 (1.032s) [OMP=0.902 ISP-L=0.010 ISP-F=0.029 MW-L=0.022 MW-F=0.068]
  OMP re-solve: 0.952s

=== True-DRO Benders iter 12 ===
  OMP: t₀=-21.751999, UB=17.096584, gap=2.27e+00, x=[0, 0, 0, 0, 0, 0, 0, 1, 0, 0, 0, 0, 0, 1, 0, 0, 0, 0, 0, 0, 0, 0, 0, 0, 0, 0, 0, 0, 0, 0, 0, 0, 0, 0, 0, 0, 0, 0, 0, 0, 0, 0, 0, 0, 0, 0, 0, 0, 0, 0, 0, 0, 0, 0, 0, 0, 0, 0, 0, 0, 0, 0, 0, 0, 0, 0, 0, 0, 0, 0, 0, 0, 0, 0, 0, 0] (0.001s)
  Sub: Z₀=25.681609 [LOCAL] (0.6s), α=[0.000,0.000,0.000,0.000,0.000,0.000,0.000,0.000,0.000,0.000,0.000,0.000,0.000,2.952,0.000,0.000,0.000,0.000,0.000,0.000,0.000,0.000,0.000,0.000,0.000,0.000,0.000,0.000,0.000,0.000,0.000,0.000,0.000,0.000,2.595,0.000,0.000,0.000,0.000,0.000,0.000,0.000,0.000,0.000,0.000,0.000,0.000,0.000,0.000,0.000,0.068,0.000,0.000,0.000,0.000,0.000,0.000,0.000,0.000,0.000,0.000,0.000,0.000,0.000,0.000,0.000,0.000,0.000,0.000,0.000,0.000,0.006,4.822,0.000,0.000,0.000]
  Iter 12: LB=-21.751999  UB=17.096584  gap=2.27e+00
  Cut: intercept=-1115.680487, π_x_range=[-826.5264, 580.5148]
  Mini-Benders[1] (mw): LB=-21.728693, Z₀(α*)=17.057576, intercept=-10.849615 (1.079s) [OMP=0.972 ISP-L=0.011 ISP-F=0.037 MW-L=0.022 MW-F=0.036]
  Mini-Benders[2] (mw): LB=-21.337866, Z₀(α*)=14.259155, intercept=-27.807585 (1.062s) [OMP=0.955 ISP-L=0.010 ISP-F=0.037 MW-L=0.024 MW-F=0.036]
  Mini-Benders[3] (mw): LB=-21.211935, Z₀(α*)=20.501026, intercept=-60.142714 (1.047s) [OMP=0.940 ISP-L=0.009 ISP-F=0.032 MW-L=0.023 MW-F=0.040]
  Mini-Benders[4] (mw): LB=-20.905568, Z₀(α*)=9.921613, intercept=-99.432339 (1.078s) [OMP=0.976 ISP-L=0.010 ISP-F=0.032 MW-L=0.024 MW-F=0.038]
  Mini-Benders[5] (mw): LB=-20.836458, Z₀(α*)=0.980215, intercept=-68.030689 (1.109s) [OMP=0.991 ISP-L=0.011 ISP-F=0.035 MW-L=0.033 MW-F=0.027]
  α-step: Z₀=22.405917, α=[0.000,1.568,0.000,0.000,0.000,0.000,0.000,0.000,0.000,0.000,0.000,0.000,0.000,0.000,0.000,0.000,0.000,0.000,0.000,0.000,0.000,0.000,0.000,0.000,0.000,0.000,0.000,0.000,0.000,0.000,0.000,0.000,0.000,0.000,1.065,0.000,0.000,0.000,0.000,0.000,0.000,0.000,4.776,0.000,0.000,0.000,0.000,0.000,0.000,0.000,0.000,0.000,0.000,0.000,0.000,0.000,0.000,0.000,0.000,0.000,0.000,0.000,0.000,0.000,0.000,0.000,0.000,0.000,0.000,0.000,0.000,0.000,3.033,0.000,0.000,0.000]
  Alt-Benders[1] (mw): LB=-20.496046, Z₀(α*)=1.059788, intercept=-16.103372 (1.156s) [OMP=1.040 ISP-L=0.010 ISP-F=0.037 MW-L=0.030 MW-F=0.034]
  Alt-Benders[2] (mw): LB=-20.359250, Z₀(α*)=2.984507, intercept=-28.519535 (1.125s) [OMP=1.034 ISP-L=0.011 ISP-F=0.033 MW-L=0.020 MW-F=0.030]
  Alt-Benders[3] (mw): LB=-19.948449, Z₀(α*)=15.391485, intercept=-69.611391 (1.109s) [OMP=1.003 ISP-L=0.009 ISP-F=0.033 MW-L=0.030 MW-F=0.032]
  Alt-Benders[4] (mw): LB=-19.830552, Z₀(α*)=3.288666, intercept=3.288668 (1.172s) [OMP=1.069 ISP-L=0.011 ISP-F=0.040 MW-L=0.022 MW-F=0.027]
  Alt-Benders[5] (mw): LB=-19.827266, Z₀(α*)=-0.600948, intercept=-72.287143 (1.172s) [OMP=1.066 ISP-L=0.011 ISP-F=0.033 MW-L=0.030 MW-F=0.029]
  OMP re-solve: 1.037s

=== True-DRO Benders iter 13 ===
  OMP: t₀=-18.974921, UB=17.096584, gap=2.11e+00, x=[0, 0, 0, 0, 0, 0, 0, 0, 0, 0, 1, 0, 0, 0, 0, 0, 0, 0, 0, 0, 0, 0, 0, 1, 0, 0, 0, 0, 0, 0, 0, 0, 0, 0, 0, 0, 0, 0, 0, 0, 0, 0, 0, 0, 0, 0, 0, 0, 0, 0, 0, 0, 0, 0, 0, 0, 0, 0, 0, 0, 0, 0, 0, 0, 0, 0, 0, 0, 0, 0, 0, 0, 0, 0, 0, 0] (0.001s)
  Sub: Z₀=25.141463 [LOCAL] (0.4s), α=[0.000,0.000,0.000,0.000,0.000,0.000,0.000,0.000,0.000,0.000,2.251,0.000,0.000,0.000,0.000,0.000,0.781,0.000,0.000,0.000,0.115,0.000,0.000,1.568,0.000,0.000,0.000,0.000,0.000,0.000,0.000,0.000,0.000,0.000,0.000,0.000,0.000,0.000,0.000,0.000,0.000,0.000,0.000,0.000,0.000,0.000,0.000,0.000,0.000,0.000,0.000,0.000,0.000,0.000,0.000,0.000,0.000,0.000,0.000,0.000,0.000,0.000,0.974,0.000,0.000,0.000,0.000,0.000,0.000,0.000,0.000,0.000,4.754,0.000,0.000,0.000]
  Iter 13: LB=-18.974921  UB=17.096584  gap=2.11e+00
  Cut: intercept=-1140.917800, π_x_range=[-826.0466, 586.6033]
  Mini-Benders[1] (mw): LB=-18.671652, Z₀(α*)=25.928341, intercept=14.324627 (1.172s) [OMP=1.066 ISP-L=0.011 ISP-F=0.034 MW-L=0.030 MW-F=0.031]
  Mini-Benders[2] (mw): LB=-18.391999, Z₀(α*)=2.340996, intercept=-44.192663 (1.125s) [OMP=1.013 ISP-L=0.010 ISP-F=0.034 MW-L=0.023 MW-F=0.029]
  Mini-Benders[3] (mw): LB=-18.354313, Z₀(α*)=19.011913, intercept=-66.233596 (1.141s) [OMP=1.023 ISP-L=0.011 ISP-F=0.039 MW-L=0.034 MW-F=0.030]
  Mini-Benders[4] (mw): LB=-18.307496, Z₀(α*)=21.365682, intercept=-31.885107 (1.125s) [OMP=1.028 ISP-L=0.010 ISP-F=0.037 MW-L=0.024 MW-F=0.032]
  Mini-Benders[5] (mw): LB=-18.273812, Z₀(α*)=16.194682, intercept=-7.803411 (1.156s) [OMP=1.041 ISP-L=0.010 ISP-F=0.037 MW-L=0.030 MW-F=0.035]
  α-step: Z₀=25.907682, α=[0.000,0.000,0.000,0.000,0.000,0.000,0.000,0.000,0.000,0.000,0.000,0.000,0.000,0.000,0.000,0.000,0.162,0.000,0.000,0.000,0.000,0.000,0.000,0.000,0.000,0.000,0.000,0.000,0.000,0.000,0.000,0.000,0.000,0.000,0.000,0.000,0.000,0.000,0.000,0.000,0.000,0.000,0.000,0.000,0.000,0.000,0.000,0.000,0.000,0.000,1.083,0.000,0.000,0.000,0.000,0.000,0.000,0.000,0.000,0.000,0.000,0.000,1.934,0.000,0.000,0.000,0.000,0.000,0.000,0.000,0.000,1.427,5.837,0.000,0.000,0.000]
  Alt-Benders[1] (mw): LB=-17.493923, Z₀(α*)=9.447167, intercept=-40.839090 (0.985s) [OMP=0.877 ISP-L=0.010 ISP-F=0.029 MW-L=0.030 MW-F=0.034]
  Alt-Benders[2] (mw): LB=-17.485146, Z₀(α*)=27.238645, intercept=20.851429 (1.187s) [OMP=1.084 ISP-L=0.010 ISP-F=0.034 MW-L=0.023 MW-F=0.028]
  Alt-Benders[3] (mw): LB=-17.473696, Z₀(α*)=5.602500, intercept=-129.154763 (0.969s) [OMP=0.863 ISP-L=0.010 ISP-F=0.034 MW-L=0.031 MW-F=0.032]
  Alt-Benders[4] (mw): LB=-17.403556, Z₀(α*)=21.709306, intercept=-43.689834 (1.156s) [OMP=1.050 ISP-L=0.010 ISP-F=0.039 MW-L=0.022 MW-F=0.034]
  Alt-Benders[5] (mw): LB=-17.402142, Z₀(α*)=18.210221, intercept=-19.506484 (0.953s) [OMP=0.839 ISP-L=0.010 ISP-F=0.035 MW-L=0.031 MW-F=0.028]
  OMP re-solve: 0.911s

=== True-DRO Benders iter 14 ===
  OMP: t₀=-16.431350, UB=17.096584, gap=1.96e+00, x=[0, 0, 0, 0, 0, 0, 0, 0, 0, 0, 0, 0, 0, 0, 0, 0, 0, 0, 0, 0, 1, 0, 0, 0, 0, 0, 0, 0, 0, 0, 0, 0, 0, 0, 0, 0, 0, 0, 1, 0, 0, 0, 0, 0, 0, 0, 0, 0, 0, 0, 0, 0, 0, 0, 0, 0, 0, 0, 0, 0, 0, 0, 0, 0, 0, 0, 0, 0, 0, 0, 0, 0, 0, 0, 0, 0] (0.001s)
  Sub: Z₀=25.538914 [LOCAL] (0.5s), α=[0.000,0.000,0.000,0.000,0.000,0.000,0.000,0.000,0.000,0.000,0.000,0.000,0.000,0.000,0.000,0.000,0.201,0.000,0.000,0.000,1.042,0.000,0.000,0.000,0.000,0.000,0.000,0.000,0.000,0.000,0.000,0.000,0.000,0.000,2.619,0.000,0.000,0.000,0.000,0.000,0.000,0.000,0.000,0.000,0.000,0.000,0.000,0.000,0.000,0.000,0.897,0.000,0.000,0.000,0.000,0.000,0.000,0.000,0.000,0.000,0.000,0.000,0.000,0.000,0.000,0.000,0.000,0.000,0.000,0.000,0.000,0.031,5.651,0.000,0.000,0.000]
  Iter 14: LB=-16.431350  UB=17.096584  gap=1.96e+00
  Cut: intercept=-1142.337785, π_x_range=[-826.3943, 584.3371]
  Mini-Benders[1] (mw): LB=-16.362770, Z₀(α*)=24.262941, intercept=-18.833986 (0.953s) [OMP=0.826 ISP-L=0.012 ISP-F=0.038 MW-L=0.030 MW-F=0.038]
  Mini-Benders[2] (mw): LB=-16.315576, Z₀(α*)=2.199612, intercept=-61.574887 (0.968s) [OMP=0.868 ISP-L=0.010 ISP-F=0.034 MW-L=0.027 MW-F=0.032]
  Mini-Benders[3] (mw): LB=-16.226832, Z₀(α*)=23.028626, intercept=-1.152610 (0.938s) [OMP=0.829 ISP-L=0.011 ISP-F=0.034 MW-L=0.033 MW-F=0.031]
  Mini-Benders[4] (mw): LB=-16.217205, Z₀(α*)=11.212142, intercept=-47.519131 (0.953s) [OMP=0.840 ISP-L=0.010 ISP-F=0.037 MW-L=0.024 MW-F=0.037]
  Mini-Benders[5] (mw): LB=-16.117667, Z₀(α*)=25.597540, intercept=-12.359241 (0.937s) [OMP=0.833 ISP-L=0.010 ISP-F=0.033 MW-L=0.030 MW-F=0.031]
  α-step: Z₀=22.871434, α=[0.000,0.000,0.000,0.000,0.000,0.000,0.000,0.000,0.000,0.000,0.000,0.000,0.000,0.000,0.000,0.000,0.000,0.000,0.000,0.000,0.000,0.000,0.000,0.000,0.000,0.000,0.000,0.000,0.000,0.000,0.000,0.000,0.000,0.000,0.000,0.000,0.000,0.000,0.000,0.000,0.000,0.000,0.000,0.000,0.000,0.000,0.000,0.000,0.000,0.000,0.000,0.000,0.000,0.000,0.000,0.000,0.000,0.000,0.000,0.000,0.000,0.000,0.000,0.000,0.000,0.000,0.000,0.000,0.000,0.000,0.000,0.000,10.443,0.000,0.000,0.000]
  Alt-Benders[1] (mw): LB=-15.898274, Z₀(α*)=12.964786, intercept=-128.114557 (0.922s) [OMP=0.828 ISP-L=0.010 ISP-F=0.035 MW-L=0.031 MW-F=0.027]
  Alt-Benders[2] (mw): LB=-15.792579, Z₀(α*)=5.188130, intercept=-104.523520 (0.969s) [OMP=0.872 ISP-L=0.008 ISP-F=0.029 MW-L=0.022 MW-F=0.030]
  Alt-Benders[3] (mw): LB=-15.784403, Z₀(α*)=18.258222, intercept=-62.015345 (0.968s) [OMP=0.852 ISP-L=0.009 ISP-F=0.033 MW-L=0.032 MW-F=0.032]
  Alt-Benders[4] (mw): LB=-15.401458, Z₀(α*)=24.007786, intercept=-3.502358 (1.047s) [OMP=0.942 ISP-L=0.011 ISP-F=0.032 MW-L=0.022 MW-F=0.037]
  Alt-Benders[5] (mw): LB=-14.519317, Z₀(α*)=23.777184, intercept=-3.529463 (0.953s) [OMP=0.849 ISP-L=0.011 ISP-F=0.033 MW-L=0.030 MW-F=0.026]
  OMP re-solve: 0.879s

=== True-DRO Benders iter 15 ===
  OMP: t₀=-14.479566, UB=17.096584, gap=1.85e+00, x=[0, 0, 0, 0, 0, 0, 0, 1, 0, 0, 0, 0, 0, 0, 0, 0, 0, 0, 0, 0, 0, 0, 0, 0, 0, 0, 0, 0, 0, 0, 0, 0, 0, 0, 0, 0, 0, 0, 0, 0, 0, 0, 0, 0, 0, 0, 0, 0, 0, 1, 0, 0, 0, 0, 0, 0, 0, 0, 0, 0, 0, 0, 0, 0, 0, 0, 0, 0, 0, 0, 0, 0, 0, 0, 0, 0] (0.001s)
  Sub: Z₀=26.015143 [TIME_LIMIT] (15.2s), α=[0.000,0.000,0.000,0.000,0.000,0.000,0.000,0.000,0.000,0.000,2.522,0.000,0.000,0.000,0.000,0.000,0.000,0.000,0.000,0.000,0.085,0.000,0.000,0.000,0.000,0.000,0.000,0.000,0.000,0.000,0.000,0.000,0.000,0.000,2.357,0.000,0.000,0.000,0.000,0.000,0.000,0.000,0.000,0.000,0.000,0.000,0.000,0.000,0.000,2.222,0.000,0.000,0.000,0.000,0.000,0.000,0.000,0.000,0.000,0.000,0.000,0.000,0.000,0.000,0.000,0.000,0.000,0.000,0.000,0.000,0.000,0.000,3.257,0.000,0.000,0.000]
  Iter 15: LB=-14.479566  UB=17.096584  gap=1.85e+00
  Cut: intercept=-73.917822, π_x_range=[-255.0000, 52.8060]
  Mini-Benders[1] (mw): LB=-14.471562, Z₀(α*)=11.832616, intercept=-58.840816 (1.063s) [OMP=0.944 ISP-L=0.010 ISP-F=0.034 MW-L=0.032 MW-F=0.038]
  Mini-Benders[2] (mw): LB=-14.053264, Z₀(α*)=22.254293, intercept=-46.439420 (1.062s) [OMP=0.944 ISP-L=0.010 ISP-F=0.033 MW-L=0.023 MW-F=0.040]
  Mini-Benders[3] (mw): LB=-13.957925, Z₀(α*)=3.511274, intercept=-20.822214 (1.031s) [OMP=0.931 ISP-L=0.012 ISP-F=0.040 MW-L=0.023 MW-F=0.031]
  Mini-Benders[4] (mw): LB=-13.557855, Z₀(α*)=16.420275, intercept=2.123930 (1.047s) [OMP=0.930 ISP-L=0.011 ISP-F=0.040 MW-L=0.022 MW-F=0.044]
  Mini-Benders[5] (mw): LB=-13.192486, Z₀(α*)=-5.186445, intercept=-72.011803 (1.047s) [OMP=0.942 ISP-L=0.011 ISP-F=0.034 MW-L=0.023 MW-F=0.033]
  α-step: Z₀=18.319098, α=[0.000,0.000,0.000,0.000,0.000,0.000,0.000,0.000,0.000,0.000,0.000,0.000,0.000,0.000,0.000,0.000,0.000,0.000,0.000,0.000,0.000,0.000,0.000,0.000,0.000,0.000,0.000,0.000,0.000,0.000,0.000,0.000,0.000,0.000,5.392,0.000,0.000,0.000,0.000,0.000,0.000,0.000,0.000,0.000,0.000,0.000,0.000,0.000,0.000,0.000,0.100,0.000,0.000,0.067,0.000,0.000,0.000,0.000,0.000,0.000,0.000,0.000,0.000,0.000,0.000,0.000,0.000,0.000,0.000,0.000,0.000,0.000,4.884,0.000,0.000,0.000]
  Alt-Benders[1] (mw): LB=-13.062252, Z₀(α*)=20.083018, intercept=-35.549215 (1.032s) [OMP=0.935 ISP-L=0.011 ISP-F=0.037 MW-L=0.024 MW-F=0.030]
  Alt-Benders[2] (mw): LB=-13.023486, Z₀(α*)=-4.947520, intercept=-70.128179 (1.047s) [OMP=0.940 ISP-L=0.010 ISP-F=0.032 MW-L=0.023 MW-F=0.043]
  Alt-Benders[3] (mw): LB=-12.785226, Z₀(α*)=26.680319, intercept=26.680319 (1.000s) [OMP=0.892 ISP-L=0.010 ISP-F=0.037 MW-L=0.022 MW-F=0.029]
  Alt-Benders[4] (mw): LB=-12.658429, Z₀(α*)=19.107115, intercept=-109.322488 (0.968s) [OMP=0.864 ISP-L=0.011 ISP-F=0.037 MW-L=0.021 MW-F=0.038]
  Alt-Benders[5] (mw): LB=-12.640900, Z₀(α*)=25.854328, intercept=1.111594 (1.016s) [OMP=0.908 ISP-L=0.010 ISP-F=0.037 MW-L=0.023 MW-F=0.030]
  OMP re-solve: 0.808s

=== True-DRO Benders iter 16 ===
  OMP: t₀=-12.265594, UB=17.096584, gap=1.72e+00, x=[0, 0, 0, 0, 0, 0, 0, 0, 0, 0, 0, 0, 0, 0, 0, 0, 0, 0, 0, 0, 0, 0, 0, 0, 0, 0, 0, 0, 0, 0, 0, 0, 0, 0, 0, 0, 0, 0, 0, 0, 0, 0, 0, 0, 0, 1, 1, 0, 0, 0, 0, 0, 0, 0, 0, 0, 0, 0, 0, 0, 0, 0, 0, 0, 0, 0, 0, 0, 0, 0, 0, 0, 0, 0, 0, 0] (0.001s)
  Sub: Z₀=24.862805 [LOCAL] (0.7s), α=[0.000,0.000,0.000,0.000,0.000,0.000,0.000,0.000,0.000,0.000,0.000,0.000,0.000,0.000,0.000,0.000,0.921,0.000,0.000,0.000,0.000,0.000,0.000,0.000,0.000,0.000,0.000,0.000,0.000,0.000,0.000,0.000,0.000,0.000,2.610,0.000,0.000,0.000,0.064,0.000,0.000,0.000,0.000,0.000,0.000,0.905,0.000,0.000,0.000,0.000,0.584,0.000,0.000,0.000,0.000,0.000,0.000,0.000,0.000,0.000,0.000,0.000,0.000,0.000,0.000,0.000,0.000,0.000,0.000,0.000,0.000,0.021,5.338,0.000,0.000,0.000]
  Iter 16: LB=-12.265594  UB=17.096584  gap=1.72e+00
  Cut: intercept=-1087.935131, π_x_range=[-824.9836, 574.7235]
  Mini-Benders[1] (mw): LB=-12.132282, Z₀(α*)=-0.299518, intercept=-62.297156 (0.922s) [OMP=0.819 ISP-L=0.011 ISP-F=0.029 MW-L=0.026 MW-F=0.036]
  Mini-Benders[2] (mw): LB=-12.073930, Z₀(α*)=24.162250, intercept=-24.389809 (1.000s) [OMP=0.897 ISP-L=0.009 ISP-F=0.036 MW-L=0.022 MW-F=0.040]
  Mini-Benders[3] (mw): LB=-11.769459, Z₀(α*)=-3.251328, intercept=-86.784549 (0.984s) [OMP=0.891 ISP-L=0.011 ISP-F=0.031 MW-L=0.023 MW-F=0.029]
  Mini-Benders[4] (mw): LB=-11.268111, Z₀(α*)=13.463664, intercept=-77.499338 (1.000s) [OMP=0.872 ISP-L=0.011 ISP-F=0.040 MW-L=0.023 MW-F=0.046]
  Mini-Benders[5] (mw): LB=-11.168477, Z₀(α*)=9.752538, intercept=-71.653352 (1.016s) [OMP=0.911 ISP-L=0.010 ISP-F=0.031 MW-L=0.026 MW-F=0.039]
  α-step: Z₀=23.563727, α=[0.000,0.000,0.000,0.000,0.000,0.000,0.000,0.000,0.000,0.000,7.186,0.000,0.000,0.000,0.000,0.000,0.000,0.000,0.000,0.000,0.000,0.000,0.000,0.000,0.000,0.000,0.000,0.000,0.000,0.000,0.000,0.000,0.000,0.000,0.000,0.000,0.000,0.000,0.000,0.000,0.000,0.000,0.000,0.000,0.000,0.000,0.000,0.000,0.000,0.000,0.000,0.000,0.000,0.000,0.000,0.000,0.000,0.000,0.000,0.000,0.000,0.000,0.000,0.000,0.000,0.000,0.000,0.000,0.000,0.000,0.000,0.000,3.257,0.000,0.000,0.000]
  Alt-Benders[1] (mw): LB=-10.764372, Z₀(α*)=-12.488519, intercept=-23.260830 (1.078s) [OMP=0.971 ISP-L=0.011 ISP-F=0.036 MW-L=0.023 MW-F=0.035]
  Alt-Benders[2] (mw): LB=-10.764372, Z₀(α*)=-12.488519, intercept=-23.260830 (1.016s) [OMP=0.897 ISP-L=0.011 ISP-F=0.036 MW-L=0.023 MW-F=0.043]
  Alt-Benders[3] (mw): LB=-10.764372, Z₀(α*)=-12.488519, intercept=-23.260830 (1.000s) [OMP=0.905 ISP-L=0.011 ISP-F=0.036 MW-L=0.023 MW-F=0.035]
  Alt-Benders[4]: LB stagnated, break
  OMP re-solve: 0.001s

=== True-DRO Benders iter 17 ===
  OMP: t₀=-10.764372, UB=17.096584, gap=1.63e+00, x=[0, 0, 0, 0, 0, 0, 0, 0, 0, 0, 0, 0, 0, 0, 0, 0, 0, 0, 0, 0, 0, 0, 0, 0, 0, 0, 0, 0, 0, 0, 0, 0, 0, 0, 0, 0, 0, 0, 0, 0, 0, 0, 0, 0, 0, 0, 0, 0, 0, 0, 0, 0, 0, 1, 0, 0, 0, 0, 0, 0, 0, 0, 0, 0, 0, 0, 0, 0, 1, 0, 0, 0, 0, 0, 0, 0] (0.001s)
  Sub: Z₀=23.482828 [LOCAL] (0.8s), α=[0.000,0.000,0.000,0.000,0.000,0.000,0.000,0.000,0.000,0.000,0.000,0.000,0.000,0.000,0.000,0.000,0.000,0.000,0.000,0.000,0.000,0.000,0.000,0.000,0.000,0.000,0.000,0.000,0.000,0.000,0.000,0.000,0.000,0.000,2.631,0.000,0.000,0.000,0.000,0.000,0.000,0.000,0.000,0.000,0.000,0.000,0.000,0.000,0.000,0.000,1.748,0.000,0.000,5.058,0.000,0.465,0.000,0.000,0.000,0.000,0.000,0.000,0.000,0.000,0.000,0.000,0.000,0.000,0.000,0.000,0.000,0.042,0.499,0.000,0.000,0.000]
  Iter 17: LB=-10.764372  UB=17.096584  gap=1.63e+00
  Cut: intercept=-1122.325031, π_x_range=[-827.3091, 587.2080]
  Mini-Benders[1] (mw): LB=-10.352655, Z₀(α*)=-25.720892, intercept=-27.151276 (1.078s) [OMP=0.973 ISP-L=0.010 ISP-F=0.032 MW-L=0.022 MW-F=0.033]
  Mini-Benders[2] (mw): LB=-10.352655, Z₀(α*)=-25.720892, intercept=-27.151276 (1.062s) [OMP=0.950 ISP-L=0.010 ISP-F=0.032 MW-L=0.022 MW-F=0.042]
  Mini-Benders[3] (mw): LB=-10.352655, Z₀(α*)=-25.720892, intercept=-27.151276 (1.047s) [OMP=0.942 ISP-L=0.011 ISP-F=0.032 MW-L=0.022 MW-F=0.033]
  Mini-Benders[4]: LB stagnated, break
  α-step: Z₀=20.731893, α=[0.000,0.000,0.000,0.000,0.000,0.000,0.000,0.000,0.000,0.000,0.000,0.000,0.000,0.000,0.000,0.000,0.000,0.000,0.000,0.000,0.000,0.000,0.000,0.000,0.000,0.000,0.000,0.000,0.000,0.000,0.000,0.000,0.000,0.000,7.997,0.000,0.000,0.000,0.000,0.000,0.000,0.000,0.000,0.000,0.000,0.000,0.000,0.000,0.000,0.000,0.000,0.000,0.000,0.000,0.000,0.000,0.000,0.000,0.000,0.000,0.000,0.000,0.000,0.000,0.000,0.000,0.000,0.000,0.000,0.000,0.000,0.000,2.446,0.000,0.000,0.000]
  Alt-Benders[1] (mw): LB=-10.075198, Z₀(α*)=-10.075196, intercept=-85.025199 (1.047s) [OMP=0.944 ISP-L=0.010 ISP-F=0.030 MW-L=0.025 MW-F=0.035]
  Alt-Benders[2] (mw): LB=-10.075198, Z₀(α*)=-10.075196, intercept=-85.025199 (0.985s) [OMP=0.883 ISP-L=0.010 ISP-F=0.030 MW-L=0.025 MW-F=0.044]
  Alt-Benders[3] (mw): LB=-10.075198, Z₀(α*)=-10.075196, intercept=-85.025199 (0.984s) [OMP=0.873 ISP-L=0.010 ISP-F=0.030 MW-L=0.025 MW-F=0.036]
  Alt-Benders[4]: LB stagnated, break
  OMP re-solve: 0.001s

=== True-DRO Benders iter 18 ===
  OMP: t₀=-10.075198, UB=17.096584, gap=1.59e+00, x=[0, 0, 0, 0, 0, 0, 0, 0, 0, 0, 0, 0, 0, 0, 0, 0, 0, 0, 0, 0, 1, 0, 0, 0, 0, 0, 0, 0, 0, 0, 0, 0, 0, 0, 0, 0, 0, 0, 0, 0, 0, 0, 0, 0, 0, 0, 0, 0, 0, 0, 0, 0, 0, 0, 0, 0, 0, 0, 0, 0, 0, 0, 0, 0, 0, 0, 0, 0, 0, 0, 0, 1, 0, 0, 0, 0] (0.001s)
  Sub: Z₀=19.317166 [LOCAL] (0.4s), α=[0.000,0.000,0.000,0.000,0.000,0.000,0.000,0.000,0.000,0.000,0.000,0.000,0.000,0.000,0.000,0.000,0.000,0.000,0.000,0.000,0.000,0.000,0.000,0.000,0.000,0.000,0.000,0.000,0.000,0.000,0.000,0.000,0.000,0.000,0.000,0.000,0.000,0.000,0.000,0.000,0.000,0.000,0.000,0.000,0.000,0.000,0.000,0.000,0.000,0.000,0.000,0.000,0.000,0.000,0.000,0.000,0.000,0.000,0.000,0.000,0.000,0.000,0.000,0.000,0.000,0.000,0.000,0.000,0.000,0.000,0.000,7.186,3.257,0.000,0.000,0.000]
  Iter 18: LB=-10.075198  UB=17.096584  gap=1.59e+00
  Cut: intercept=-1133.395306, π_x_range=[-823.8780, 593.6067]
  Mini-Benders[1] (mw): LB=-9.870869, Z₀(α*)=-2.091375, intercept=-26.334189 (1.000s) [OMP=0.897 ISP-L=0.011 ISP-F=0.034 MW-L=0.023 MW-F=0.030]
  Mini-Benders[2] (mw): LB=-9.730969, Z₀(α*)=3.829846, intercept=-30.910372 (1.031s) [OMP=0.925 ISP-L=0.010 ISP-F=0.038 MW-L=0.021 MW-F=0.042]
  Mini-Benders[3] (mw): LB=-9.649215, Z₀(α*)=2.471539, intercept=-37.439596 (1.078s) [OMP=0.958 ISP-L=0.011 ISP-F=0.034 MW-L=0.022 MW-F=0.042]
  Mini-Benders[4] (mw): LB=-9.593579, Z₀(α*)=-1.256614, intercept=-12.586030 (1.078s) [OMP=0.966 ISP-L=0.010 ISP-F=0.036 MW-L=0.023 MW-F=0.046]
  Mini-Benders[5] (mw): LB=-9.059011, Z₀(α*)=8.897739, intercept=-15.986414 (1.078s) [OMP=0.976 ISP-L=0.010 ISP-F=0.033 MW-L=0.022 MW-F=0.035]
  α-step: Z₀=20.244869, α=[0.000,0.000,0.000,0.000,0.000,0.000,0.000,0.000,0.000,0.000,0.000,0.000,0.000,0.000,0.000,0.000,0.000,0.000,0.000,0.000,0.000,0.000,0.000,0.000,0.000,0.000,0.000,0.000,0.000,0.000,0.000,0.000,0.000,0.000,0.000,0.000,0.000,0.000,0.000,0.000,0.000,0.000,0.000,0.000,0.000,0.000,0.000,0.000,0.000,0.000,0.000,0.000,0.000,0.000,0.000,0.000,0.000,0.000,0.000,0.000,0.000,0.000,0.000,0.000,0.000,0.000,0.000,0.000,0.000,0.000,0.000,7.997,2.446,0.000,0.000,0.000]
  Alt-Benders[1] (mw): LB=-8.338031, Z₀(α*)=-4.496438, intercept=-33.656239 (1.031s) [OMP=0.926 ISP-L=0.010 ISP-F=0.033 MW-L=0.022 MW-F=0.037]
  Alt-Benders[2] (mw): LB=-8.318751, Z₀(α*)=-11.705741, intercept=-59.709991 (1.063s) [OMP=0.952 ISP-L=0.009 ISP-F=0.030 MW-L=0.021 MW-F=0.045]
  Alt-Benders[3] (mw): LB=-8.318751, Z₀(α*)=-11.705741, intercept=-59.709991 (1.140s) [OMP=1.044 ISP-L=0.009 ISP-F=0.031 MW-L=0.021 MW-F=0.037]
  Alt-Benders[4] (mw): LB=-8.318751, Z₀(α*)=-11.705741, intercept=-59.709991 (1.157s) [OMP=1.055 ISP-L=0.009 ISP-F=0.031 MW-L=0.021 MW-F=0.045]
  Alt-Benders[5]: LB stagnated, break
  OMP re-solve: 0.001s

=== True-DRO Benders iter 19 ===
  OMP: t₀=-8.318751, UB=17.096584, gap=1.49e+00, x=[0, 0, 0, 0, 0, 0, 0, 0, 0, 0, 0, 0, 0, 0, 0, 0, 0, 0, 0, 0, 0, 0, 0, 0, 0, 0, 0, 0, 0, 0, 0, 0, 0, 0, 0, 0, 0, 0, 0, 0, 0, 0, 1, 0, 0, 0, 1, 0, 0, 0, 0, 0, 0, 0, 0, 0, 0, 0, 0, 0, 0, 0, 0, 0, 0, 0, 0, 0, 0, 0, 0, 0, 0, 0, 0, 0] (0.001s)
  Sub: Z₀=24.472006 [LOCAL] (0.4s), α=[0.000,0.000,0.000,0.000,0.000,0.000,0.000,0.000,0.000,0.000,2.522,0.000,0.000,0.000,0.000,0.000,1.092,0.000,0.000,0.000,0.000,0.000,0.000,0.000,0.000,0.000,0.000,0.000,0.000,0.000,0.000,0.000,0.000,0.000,0.257,0.000,0.000,0.000,0.000,0.000,0.000,0.000,3.659,0.000,0.000,0.000,0.000,0.000,0.000,0.000,0.000,0.000,0.000,0.000,0.000,0.000,0.000,0.000,0.000,0.000,0.000,0.000,0.000,0.000,0.000,0.000,0.000,0.000,0.000,0.000,0.000,0.000,2.913,0.000,0.000,0.000]
  Iter 19: LB=-8.318751  UB=17.096584  gap=1.49e+00
  Cut: intercept=-1087.713061, π_x_range=[-825.5543, 574.0533]
  Mini-Benders[1] (mw): LB=-7.845735, Z₀(α*)=-7.691025, intercept=-36.941093 (1.140s) [OMP=1.024 ISP-L=0.010 ISP-F=0.032 MW-L=0.023 MW-F=0.041]
  Mini-Benders[2] (mw): LB=-7.836994, Z₀(α*)=7.773387, intercept=-94.990858 (1.141s) [OMP=1.033 ISP-L=0.011 ISP-F=0.036 MW-L=0.023 MW-F=0.039]
  Mini-Benders[3] (mw): LB=-7.783723, Z₀(α*)=-26.392697, intercept=-129.022938 (1.047s) [OMP=0.937 ISP-L=0.010 ISP-F=0.029 MW-L=0.024 MW-F=0.051]
  Mini-Benders[4] (mw): LB=-7.783723, Z₀(α*)=-26.392697, intercept=-129.022938 (1.109s) [OMP=0.999 ISP-L=0.010 ISP-F=0.029 MW-L=0.025 MW-F=0.041]
  Mini-Benders[5] (mw): LB=-7.783723, Z₀(α*)=-26.392697, intercept=-129.022938 (1.125s) [OMP=1.003 ISP-L=0.010 ISP-F=0.029 MW-L=0.025 MW-F=0.048]
  α-step: Z₀=19.657957, α=[0.000,0.000,0.000,0.000,0.000,0.000,0.000,0.000,0.000,0.000,0.000,0.000,0.000,0.000,0.000,0.000,0.000,0.000,0.000,0.000,0.000,0.000,0.000,0.000,0.000,0.000,0.000,0.000,0.000,0.000,0.000,0.000,0.000,0.000,0.000,0.000,0.000,0.000,0.000,0.000,0.000,0.000,0.000,0.000,0.000,0.000,0.000,0.000,0.000,0.000,1.628,0.000,0.000,0.000,0.000,0.000,0.000,0.000,0.000,0.000,0.000,0.000,0.000,0.000,0.000,0.000,0.000,0.000,0.000,0.000,0.000,2.433,6.382,0.000,0.000,0.000]
  Alt-Benders[1] (mw): LB=-7.722416, Z₀(α*)=18.349848, intercept=18.407110 (1.094s) [OMP=0.988 ISP-L=0.010 ISP-F=0.035 MW-L=0.022 MW-F=0.038]
  Alt-Benders[2] (mw): LB=-7.720849, Z₀(α*)=9.005543, intercept=-75.772699 (1.094s) [OMP=0.988 ISP-L=0.010 ISP-F=0.031 MW-L=0.022 MW-F=0.029]
  Alt-Benders[3] (mw): LB=-7.691027, Z₀(α*)=0.115373, intercept=-37.045111 (1.109s) [OMP=0.998 ISP-L=0.010 ISP-F=0.036 MW-L=0.032 MW-F=0.030]
  Alt-Benders[4] (mw): LB=-7.628514, Z₀(α*)=10.753566, intercept=-37.970533 (1.125s) [OMP=1.023 ISP-L=0.011 ISP-F=0.041 MW-L=0.021 MW-F=0.033]
  Alt-Benders[5] (mw): LB=-7.570812, Z₀(α*)=18.744755, intercept=-40.933575 (1.203s) [OMP=1.102 ISP-L=0.011 ISP-F=0.033 MW-L=0.030 MW-F=0.029]
  OMP re-solve: 1.128s

=== True-DRO Benders iter 20 ===
  OMP: t₀=-7.179386, UB=17.096584, gap=1.42e+00, x=[0, 0, 0, 0, 0, 0, 0, 0, 0, 0, 0, 0, 0, 0, 0, 0, 0, 0, 0, 0, 0, 0, 0, 0, 0, 0, 0, 0, 0, 0, 0, 0, 0, 0, 0, 0, 0, 0, 1, 0, 0, 0, 0, 0, 0, 0, 0, 0, 0, 0, 0, 0, 0, 0, 0, 0, 0, 0, 0, 0, 0, 0, 0, 0, 1, 0, 0, 0, 0, 0, 0, 0, 0, 0, 0, 0] (0.001s)
  Sub: Z₀=27.036885 [TIME_LIMIT] (15.2s), α=[0.000,0.000,0.000,0.000,0.000,0.000,0.000,0.000,0.000,0.000,0.000,0.000,0.000,0.000,0.000,0.000,0.000,0.000,0.000,0.000,0.000,0.000,0.000,0.000,0.000,0.000,0.000,0.000,0.000,0.000,0.000,0.000,0.000,0.000,0.000,0.000,0.000,0.000,0.000,0.000,0.000,0.000,0.000,0.000,0.000,0.000,0.000,0.000,0.000,0.000,0.496,0.000,0.000,0.000,0.000,0.000,0.000,0.000,0.000,0.000,0.000,0.000,4.697,0.000,0.000,0.000,0.000,0.000,0.000,0.000,0.000,0.000,5.250,0.000,0.000,0.000]
  Iter 20: LB=-7.179386  UB=17.096584  gap=1.42e+00
  Cut: intercept=-86.768943, π_x_range=[-263.0000, 93.4779]
  Mini-Benders[1] (mw): LB=-6.986577, Z₀(α*)=-21.509070, intercept=-73.790835 (1.172s) [OMP=1.059 ISP-L=0.011 ISP-F=0.032 MW-L=0.031 MW-F=0.034]
  Mini-Benders[2] (mw): LB=-6.986577, Z₀(α*)=-21.509070, intercept=-73.790835 (1.594s) [OMP=1.490 ISP-L=0.010 ISP-F=0.031 MW-L=0.023 MW-F=0.034]
  Mini-Benders[3] (mw): LB=-6.986577, Z₀(α*)=-21.509070, intercept=-73.790835 (1.625s) [OMP=1.508 ISP-L=0.010 ISP-F=0.031 MW-L=0.031 MW-F=0.034]
  Mini-Benders[4]: LB stagnated, break
  α-step: Z₀=16.606031, α=[0.000,0.000,0.000,0.000,0.000,0.000,0.000,0.000,0.000,0.000,0.000,0.000,0.000,0.000,0.000,0.000,0.000,0.000,0.000,0.000,0.000,0.000,0.000,0.000,0.000,0.000,0.000,0.000,0.000,0.000,0.000,0.000,0.000,0.000,6.831,0.000,0.000,0.000,0.000,0.000,0.000,0.000,0.000,0.000,0.000,0.000,0.000,0.000,0.000,0.000,0.000,0.000,0.000,0.000,0.000,0.000,0.000,0.000,0.000,0.000,0.000,0.000,0.000,0.000,0.000,0.000,0.000,0.000,0.000,0.000,0.000,0.000,3.612,0.000,0.000,0.000]
  Alt-Benders[1] (mw): LB=-6.903994, Z₀(α*)=16.942339, intercept=-18.500512 (1.250s) [OMP=1.132 ISP-L=0.011 ISP-F=0.037 MW-L=0.028 MW-F=0.033]
  Alt-Benders[2] (mw): LB=-6.600986, Z₀(α*)=7.642926, intercept=-71.699811 (1.218s) [OMP=1.122 ISP-L=0.010 ISP-F=0.035 MW-L=0.023 MW-F=0.030]
  Alt-Benders[3] (mw): LB=-6.473673, Z₀(α*)=19.356185, intercept=-35.352109 (1.219s) [OMP=1.103 ISP-L=0.010 ISP-F=0.035 MW-L=0.031 MW-F=0.033]
  Alt-Benders[4] (mw): LB=-6.453163, Z₀(α*)=8.607196, intercept=-64.446916 (1.234s) [OMP=1.138 ISP-L=0.010 ISP-F=0.035 MW-L=0.022 MW-F=0.033]
  Alt-Benders[5] (mw): LB=-6.260316, Z₀(α*)=-19.448502, intercept=-59.305665 (1.235s) [OMP=1.131 ISP-L=0.010 ISP-F=0.030 MW-L=0.034 MW-F=0.030]
  OMP re-solve: 1.443s

=== True-DRO Benders iter 21 ===
  OMP: t₀=-6.260316, UB=17.096584, gap=1.37e+00, x=[0, 0, 0, 0, 0, 0, 0, 0, 0, 0, 0, 0, 0, 0, 0, 0, 0, 0, 0, 0, 0, 0, 0, 0, 0, 0, 0, 0, 0, 0, 0, 0, 0, 0, 0, 0, 0, 0, 0, 0, 0, 0, 0, 0, 0, 0, 0, 0, 0, 0, 0, 0, 0, 0, 0, 0, 0, 0, 0, 0, 1, 0, 0, 0, 0, 0, 0, 0, 0, 0, 0, 1, 0, 0, 0, 0] (0.001s)
  Sub: Z₀=21.007582 [LOCAL] (0.4s), α=[0.000,0.000,0.000,0.000,0.000,0.000,0.000,0.000,0.000,0.000,0.000,0.000,0.000,0.000,0.000,0.000,0.000,0.000,0.000,0.000,0.000,0.000,0.000,0.000,0.000,0.000,0.000,0.000,0.000,0.000,0.000,0.000,0.000,0.000,0.000,0.000,0.000,0.000,0.000,0.000,0.000,0.000,0.000,0.000,0.000,0.000,0.000,0.000,0.000,0.000,0.000,0.000,0.000,0.000,0.000,0.000,0.000,0.000,0.000,0.000,0.000,0.000,0.000,0.000,0.000,0.000,0.000,0.000,0.000,0.000,0.000,6.831,3.612,0.000,0.000,0.000]
  Iter 21: LB=-6.260316  UB=17.096584  gap=1.37e+00
  Cut: intercept=-1120.427959, π_x_range=[-825.4310, 572.3751]
  Mini-Benders[1] (mw): LB=-5.913346, Z₀(α*)=2.275066, intercept=-24.609195 (1.266s) [OMP=1.152 ISP-L=0.011 ISP-F=0.037 MW-L=0.031 MW-F=0.034]
  Mini-Benders[2] (mw): LB=-5.771375, Z₀(α*)=0.950719, intercept=5.912486 (1.250s) [OMP=1.134 ISP-L=0.010 ISP-F=0.040 MW-L=0.023 MW-F=0.036]
  Mini-Benders[3] (mw): LB=-5.718362, Z₀(α*)=-3.316466, intercept=-43.502780 (1.265s) [OMP=1.153 ISP-L=0.011 ISP-F=0.037 MW-L=0.031 MW-F=0.031]
  Mini-Benders[4] (mw): LB=-5.689771, Z₀(α*)=-4.379860, intercept=-84.232928 (1.469s) [OMP=1.370 ISP-L=0.009 ISP-F=0.033 MW-L=0.022 MW-F=0.038]
  Mini-Benders[5] (mw): LB=-5.508333, Z₀(α*)=3.778704, intercept=-18.780762 (1.297s) [OMP=1.176 ISP-L=0.010 ISP-F=0.039 MW-L=0.031 MW-F=0.032]
  α-step: Z₀=25.396461, α=[0.000,0.000,0.000,0.000,0.000,0.000,0.000,0.000,0.000,0.000,2.522,0.000,0.000,0.000,0.000,0.000,0.000,0.000,0.000,0.000,0.000,0.000,0.000,0.000,0.000,0.000,0.000,0.000,0.000,0.000,0.000,0.000,0.000,0.000,1.507,0.000,0.000,0.000,0.000,0.000,0.000,0.000,0.000,0.000,0.000,0.000,0.000,0.000,0.000,0.498,0.000,0.000,0.000,0.000,0.000,0.000,0.000,0.000,0.000,0.000,0.000,0.000,0.000,0.000,0.000,0.000,0.000,0.000,0.000,0.000,0.000,0.000,5.916,0.000,0.000,0.000]
  Alt-Benders[1] (mw): LB=-5.383215, Z₀(α*)=22.650492, intercept=-30.282435 (1.312s) [OMP=1.188 ISP-L=0.011 ISP-F=0.038 MW-L=0.032 MW-F=0.032]
  Alt-Benders[2] (mw): LB=-5.353994, Z₀(α*)=17.065557, intercept=-30.791188 (1.250s) [OMP=1.150 ISP-L=0.011 ISP-F=0.032 MW-L=0.022 MW-F=0.034]
  Alt-Benders[3] (mw): LB=-5.186447, Z₀(α*)=7.834875, intercept=-78.493758 (1.266s) [OMP=1.148 ISP-L=0.011 ISP-F=0.035 MW-L=0.031 MW-F=0.034]
  Alt-Benders[4] (mw): LB=-5.068129, Z₀(α*)=9.531699, intercept=-28.028156 (1.234s) [OMP=1.137 ISP-L=0.011 ISP-F=0.036 MW-L=0.023 MW-F=0.032]
  Alt-Benders[5] (mw): LB=-5.051245, Z₀(α*)=24.748212, intercept=-30.138626 (1.282s) [OMP=1.161 ISP-L=0.010 ISP-F=0.039 MW-L=0.030 MW-F=0.036]
  OMP re-solve: 1.179s

=== True-DRO Benders iter 22 ===
  OMP: t₀=-5.041518, UB=17.096584, gap=1.29e+00, x=[0, 0, 0, 0, 0, 0, 0, 0, 0, 0, 0, 0, 0, 0, 0, 0, 0, 0, 0, 0, 0, 0, 0, 0, 0, 0, 0, 0, 0, 0, 0, 0, 0, 0, 0, 0, 0, 0, 0, 0, 0, 0, 0, 0, 0, 0, 0, 0, 0, 0, 0, 0, 0, 1, 0, 1, 0, 0, 0, 0, 0, 0, 0, 0, 0, 0, 0, 0, 0, 0, 0, 0, 0, 0, 0, 0] (0.001s)
  Sub: Z₀=23.083075 [LOCAL] (0.3s), α=[0.000,0.000,0.000,0.000,0.000,0.000,0.000,0.000,0.000,0.000,0.000,0.000,0.000,0.000,0.000,0.000,0.000,0.000,0.000,0.000,0.000,0.000,0.000,0.000,0.000,0.000,0.000,0.000,0.000,0.000,0.000,0.000,0.000,0.000,2.589,0.000,0.000,0.000,0.000,0.000,0.000,0.000,0.000,0.000,0.000,0.000,0.000,0.000,0.000,0.000,1.695,0.000,0.000,4.705,0.000,1.454,0.000,0.000,0.000,0.000,0.000,0.000,0.000,0.000,0.000,0.000,0.000,0.000,0.000,0.000,0.000,0.000,0.000,0.000,0.000,0.000]
  Iter 22: LB=-5.041518  UB=17.096584  gap=1.29e+00
  Cut: intercept=-1117.617459, π_x_range=[-826.2093, 589.1518]
  Mini-Benders[1] (mw): LB=-4.947522, Z₀(α*)=-53.417073, intercept=-72.373451 (1.266s) [OMP=1.158 ISP-L=0.009 ISP-F=0.031 MW-L=0.030 MW-F=0.033]
  Mini-Benders[2] (mw): LB=-4.947522, Z₀(α*)=-53.417073, intercept=-72.373451 (1.250s) [OMP=1.144 ISP-L=0.010 ISP-F=0.031 MW-L=0.023 MW-F=0.033]
  Mini-Benders[3] (mw): LB=-4.947522, Z₀(α*)=-53.417073, intercept=-72.373451 (1.234s) [OMP=1.134 ISP-L=0.009 ISP-F=0.031 MW-L=0.031 MW-F=0.032]
  Mini-Benders[4]: LB stagnated, break
  α-step: Z₀=20.051323, α=[0.000,0.000,0.000,0.000,0.000,0.000,0.000,0.000,0.000,0.000,0.000,0.000,0.000,0.000,0.000,0.000,0.000,0.000,0.000,0.000,0.000,0.000,0.000,0.000,0.000,0.000,0.000,0.000,0.000,0.000,0.000,0.000,0.000,0.000,0.000,0.000,0.000,0.000,0.000,0.000,0.000,0.000,0.000,0.000,0.000,0.000,0.000,0.000,0.000,0.000,0.122,0.000,0.000,0.000,0.000,0.000,0.000,0.000,0.000,0.000,0.000,0.000,0.000,0.000,0.000,0.000,0.000,0.000,0.000,0.000,0.000,5.445,4.876,0.000,0.000,0.000]
  Alt-Benders[1] (mw): LB=-4.878832, Z₀(α*)=4.951168, intercept=-84.425194 (1.266s) [OMP=1.148 ISP-L=0.010 ISP-F=0.036 MW-L=0.031 MW-F=0.035]
  Alt-Benders[2] (mw): LB=-4.838569, Z₀(α*)=10.221993, intercept=-41.512646 (1.297s) [OMP=1.182 ISP-L=0.011 ISP-F=0.038 MW-L=0.022 MW-F=0.038]
  Alt-Benders[3] (mw): LB=-4.774177, Z₀(α*)=7.162708, intercept=12.250133 (1.281s) [OMP=1.170 ISP-L=0.010 ISP-F=0.036 MW-L=0.036 MW-F=0.032]
  Alt-Benders[4] (mw): LB=-4.718111, Z₀(α*)=-3.566699, intercept=-108.924558 (1.266s) [OMP=1.163 ISP-L=0.011 ISP-F=0.036 MW-L=0.022 MW-F=0.033]
  Alt-Benders[5] (mw): LB=-4.496440, Z₀(α*)=4.782375, intercept=-29.909544 (1.265s) [OMP=1.153 ISP-L=0.010 ISP-F=0.033 MW-L=0.030 MW-F=0.035]
  OMP re-solve: 1.161s

=== True-DRO Benders iter 23 ===
  OMP: t₀=-4.379862, UB=17.096584, gap=1.26e+00, x=[0, 0, 0, 0, 0, 0, 0, 0, 0, 0, 0, 0, 0, 0, 0, 0, 0, 0, 0, 0, 1, 0, 0, 0, 0, 0, 0, 0, 0, 0, 0, 0, 0, 0, 0, 0, 0, 0, 0, 0, 0, 0, 1, 0, 0, 0, 0, 0, 0, 0, 0, 0, 0, 0, 0, 0, 0, 0, 0, 0, 0, 0, 0, 0, 0, 0, 0, 0, 0, 0, 0, 0, 0, 0, 0, 0] (0.001s)
  Sub: Z₀=23.020887 [LOCAL] (0.6s), α=[0.000,0.000,0.000,0.000,0.000,0.000,0.000,0.000,0.000,0.000,0.000,0.000,0.000,0.000,0.000,0.000,0.708,0.000,0.000,0.000,0.000,0.000,0.000,0.000,0.000,0.000,0.000,0.000,0.000,0.000,0.000,0.000,0.000,0.000,1.824,0.000,0.000,0.000,0.000,0.000,0.000,0.000,4.827,0.000,0.000,0.000,0.000,0.000,0.000,0.000,0.000,0.000,0.000,0.000,0.000,0.000,0.000,0.000,0.000,0.000,0.000,0.000,0.000,0.000,0.000,0.000,0.000,0.000,0.000,0.000,0.000,0.000,3.084,0.000,0.000,0.000]
  Iter 23: LB=-4.379862  UB=17.096584  gap=1.26e+00
  Cut: intercept=-1096.747281, π_x_range=[-824.3106, 587.8148]
  Mini-Benders[1] (mw): LB=-4.100270, Z₀(α*)=8.827830, intercept=4.853068 (1.250s) [OMP=1.146 ISP-L=0.011 ISP-F=0.035 MW-L=0.029 MW-F=0.030]
  Mini-Benders[2] (mw): LB=-3.993813, Z₀(α*)=2.780089, intercept=-46.953385 (1.281s) [OMP=1.173 ISP-L=0.011 ISP-F=0.036 MW-L=0.024 MW-F=0.031]
  Mini-Benders[3] (mw): LB=-3.739857, Z₀(α*)=-12.976625, intercept=-34.555986 (1.313s) [OMP=1.192 ISP-L=0.011 ISP-F=0.035 MW-L=0.030 MW-F=0.034]
  Mini-Benders[4] (mw): LB=-3.739857, Z₀(α*)=-12.976625, intercept=-34.555986 (1.328s) [OMP=1.230 ISP-L=0.011 ISP-F=0.035 MW-L=0.022 MW-F=0.034]
  Mini-Benders[5] (mw): LB=-3.739857, Z₀(α*)=-12.976625, intercept=-34.555986 (1.344s) [OMP=1.223 ISP-L=0.011 ISP-F=0.034 MW-L=0.030 MW-F=0.033]
  α-step: Z₀=21.090759, α=[0.000,0.000,0.000,0.000,0.000,0.000,0.000,0.000,0.000,0.000,0.000,0.000,0.000,0.000,0.000,0.000,0.000,0.000,0.000,0.000,0.000,0.000,0.000,0.000,0.000,0.000,0.000,0.000,0.000,0.000,0.000,0.000,0.000,0.000,7.186,0.000,0.000,0.000,0.000,0.000,0.000,0.000,0.000,0.000,0.000,0.000,0.000,0.000,0.000,0.000,0.000,0.000,0.000,0.000,0.000,0.000,0.000,0.000,0.000,0.000,0.000,0.000,0.000,0.000,0.000,0.000,0.000,0.000,0.000,0.000,0.000,0.000,3.257,0.000,0.000,0.000]
  Alt-Benders[1] (mw): LB=-3.706647, Z₀(α*)=8.328490, intercept=-92.586036 (1.312s) [OMP=1.211 ISP-L=0.009 ISP-F=0.033 MW-L=0.029 MW-F=0.030]
  Alt-Benders[2] (mw): LB=-3.566701, Z₀(α*)=1.063908, intercept=-110.382990 (1.328s) [OMP=1.224 ISP-L=0.011 ISP-F=0.036 MW-L=0.023 MW-F=0.028]
  Alt-Benders[3] (mw): LB=-3.455497, Z₀(α*)=17.391964, intercept=-49.535035 (1.406s) [OMP=1.290 ISP-L=0.010 ISP-F=0.036 MW-L=0.030 MW-F=0.030]
  Alt-Benders[4] (mw): LB=-3.418750, Z₀(α*)=13.298463, intercept=-52.904009 (1.360s) [OMP=1.281 ISP-L=0.009 ISP-F=0.030 MW-L=0.021 MW-F=0.029]
  Alt-Benders[5] (mw): LB=-3.347048, Z₀(α*)=21.150335, intercept=-32.852707 (1.359s) [OMP=1.237 ISP-L=0.011 ISP-F=0.031 MW-L=0.032 MW-F=0.033]
  OMP re-solve: 1.203s

=== True-DRO Benders iter 24 ===
  OMP: t₀=-3.316468, UB=17.096584, gap=1.19e+00, x=[0, 1, 0, 0, 0, 0, 0, 0, 0, 0, 0, 0, 0, 0, 0, 0, 0, 0, 0, 0, 0, 0, 0, 0, 0, 0, 0, 0, 0, 0, 0, 0, 0, 0, 0, 0, 0, 0, 0, 0, 0, 0, 0, 0, 0, 0, 0, 0, 0, 0, 0, 0, 0, 1, 0, 0, 0, 0, 0, 0, 0, 0, 0, 0, 0, 0, 0, 0, 0, 0, 0, 0, 0, 0, 0, 0] (0.001s)
  Sub: Z₀=21.890492 [LOCAL] (0.5s), α=[0.000,0.000,0.000,0.000,0.000,0.000,0.000,0.000,0.000,0.000,0.000,0.000,0.000,0.000,0.000,0.000,0.000,0.000,0.000,0.000,0.000,0.000,0.000,0.000,0.000,0.000,0.000,0.000,0.000,0.000,0.000,0.000,0.000,0.000,2.589,0.000,0.000,0.000,0.000,0.000,0.000,0.000,0.000,0.000,0.000,0.000,0.000,0.000,0.000,0.000,1.705,0.000,0.000,5.608,0.000,0.000,0.000,0.000,0.000,0.000,0.000,0.000,0.000,0.000,0.000,0.000,0.000,0.000,0.000,0.000,0.000,0.000,0.540,0.000,0.000,0.000]
  Iter 24: LB=-3.316468  UB=17.096584  gap=1.19e+00
  Cut: intercept=-1088.640438, π_x_range=[-826.2072, 557.1208]
  Mini-Benders[1] (mw): LB=-3.299191, Z₀(α*)=-21.753304, intercept=-116.046032 (1.297s) [OMP=1.186 ISP-L=0.011 ISP-F=0.035 MW-L=0.030 MW-F=0.036]
  Mini-Benders[2] (mw): LB=-3.299191, Z₀(α*)=-21.753304, intercept=-116.046032 (1.328s) [OMP=1.230 ISP-L=0.011 ISP-F=0.035 MW-L=0.022 MW-F=0.036]
  Mini-Benders[3] (mw): LB=-3.299191, Z₀(α*)=-21.753304, intercept=-116.046032 (1.329s) [OMP=1.205 ISP-L=0.011 ISP-F=0.036 MW-L=0.031 MW-F=0.037]
  Mini-Benders[4]: LB stagnated, break
  α-step: Z₀=20.950019, α=[0.000,0.000,0.000,0.000,0.000,0.000,0.000,0.000,0.000,0.000,0.000,0.000,0.000,0.000,0.000,0.000,0.000,0.000,0.000,0.000,0.000,0.000,0.000,0.000,0.000,0.000,0.000,0.000,0.000,0.000,0.000,0.000,0.000,0.000,0.000,0.000,0.000,0.000,0.000,0.000,0.000,0.000,0.000,0.000,0.000,0.000,0.000,0.000,0.000,0.000,0.000,0.000,0.000,0.000,0.000,0.000,0.000,0.000,0.000,0.000,0.000,0.000,0.000,0.000,2.721,0.000,0.000,0.000,0.000,0.000,0.000,0.000,7.721,0.000,0.000,0.000]
  Alt-Benders[1] (mw): LB=-3.251330, Z₀(α*)=-20.203837, intercept=-90.559493 (1.313s) [OMP=1.211 ISP-L=0.011 ISP-F=0.035 MW-L=0.030 MW-F=0.029]
  Alt-Benders[2] (mw): LB=-3.251330, Z₀(α*)=-20.203837, intercept=-90.559493 (1.578s) [OMP=1.470 ISP-L=0.010 ISP-F=0.035 MW-L=0.022 MW-F=0.029]
  Alt-Benders[3] (mw): LB=-3.251330, Z₀(α*)=-20.203837, intercept=-90.559493 (1.594s) [OMP=1.485 ISP-L=0.010 ISP-F=0.035 MW-L=0.030 MW-F=0.028]
  Alt-Benders[4]: LB stagnated, break
  OMP re-solve: 0.001s

=== True-DRO Benders iter 25 ===
  OMP: t₀=-3.251330, UB=17.096584, gap=1.19e+00, x=[0, 1, 0, 0, 0, 0, 0, 0, 0, 0, 0, 0, 0, 0, 0, 0, 0, 0, 0, 0, 0, 0, 0, 0, 0, 0, 0, 0, 0, 0, 0, 0, 0, 0, 0, 0, 0, 0, 0, 0, 0, 0, 0, 0, 0, 0, 0, 0, 0, 0, 0, 1, 0, 0, 0, 0, 0, 0, 0, 0, 0, 0, 0, 0, 0, 0, 0, 0, 0, 0, 0, 0, 0, 0, 0, 0] (0.001s)
  Sub: Z₀=22.372710 [TIME_LIMIT] (15.2s), α=[0.000,0.127,0.000,0.000,0.000,0.000,0.000,0.000,0.000,0.000,0.000,0.000,0.000,0.000,0.000,0.000,0.000,0.000,0.000,0.000,0.000,0.000,0.000,0.005,0.000,0.000,0.000,0.025,0.000,0.000,0.000,0.000,0.000,0.000,2.589,0.000,0.000,0.000,0.000,0.000,0.000,0.000,0.000,0.000,0.000,0.000,0.000,0.000,0.000,0.000,2.119,5.346,0.000,0.000,0.000,0.000,0.000,0.000,0.000,0.000,0.000,0.000,0.006,0.000,0.000,0.000,0.000,0.000,0.000,0.000,0.000,0.000,0.226,0.000,0.000,0.000]
  Iter 25: LB=-3.251330  UB=17.096584  gap=1.19e+00
  Cut: intercept=-110.953963, π_x_range=[-255.0000, 71.6118]
  Mini-Benders[1] (mw): LB=-3.155400, Z₀(α*)=-15.757399, intercept=-69.098277 (1.359s) [OMP=1.235 ISP-L=0.011 ISP-F=0.034 MW-L=0.031 MW-F=0.033]
  Mini-Benders[2] (mw): LB=-3.155400, Z₀(α*)=-15.757399, intercept=-69.098277 (1.219s) [OMP=1.116 ISP-L=0.010 ISP-F=0.033 MW-L=0.022 MW-F=0.033]
  Mini-Benders[3] (mw): LB=-3.155400, Z₀(α*)=-15.757399, intercept=-69.098277 (1.281s) [OMP=1.168 ISP-L=0.011 ISP-F=0.034 MW-L=0.031 MW-F=0.034]
  Mini-Benders[4]: LB stagnated, break
  α-step: Z₀=23.290578, α=[0.000,0.000,0.000,0.000,0.000,0.000,0.000,0.000,0.000,0.000,0.000,0.000,0.000,0.000,0.000,0.000,0.656,0.000,0.000,0.000,0.000,0.000,0.000,0.000,0.000,0.000,0.000,0.000,0.000,0.000,0.000,0.000,0.000,0.000,0.000,0.000,0.000,0.000,0.000,0.000,0.000,0.000,0.000,0.000,0.000,0.000,0.000,0.000,0.000,0.000,2.532,0.000,0.000,0.398,0.000,0.000,0.000,0.000,0.000,0.000,0.000,0.671,0.000,0.000,0.000,0.000,0.000,0.000,0.000,0.000,0.000,0.000,6.186,0.000,0.000,0.000]
  Alt-Benders[1] (mw): LB=-3.139737, Z₀(α*)=10.038702, intercept=-31.627935 (1.344s) [OMP=1.231 ISP-L=0.011 ISP-F=0.034 MW-L=0.033 MW-F=0.031]
  Alt-Benders[2] (mw): LB=-3.002550, Z₀(α*)=7.391376, intercept=-54.055355 (1.375s) [OMP=1.278 ISP-L=0.009 ISP-F=0.030 MW-L=0.024 MW-F=0.030]
  Alt-Benders[3] (mw): LB=-2.616037, Z₀(α*)=9.809513, intercept=-117.572911 (1.344s) [OMP=1.233 ISP-L=0.010 ISP-F=0.034 MW-L=0.032 MW-F=0.037]
  Alt-Benders[4] (mw): LB=-2.586314, Z₀(α*)=20.385309, intercept=-8.848248 (1.296s) [OMP=1.196 ISP-L=0.010 ISP-F=0.034 MW-L=0.022 MW-F=0.038]
  Alt-Benders[5] (mw): LB=-2.571463, Z₀(α*)=23.679539, intercept=-18.970234 (1.407s) [OMP=1.299 ISP-L=0.009 ISP-F=0.035 MW-L=0.022 MW-F=0.034]
  OMP re-solve: 1.225s

=== True-DRO Benders iter 26 ===
  OMP: t₀=-2.398397, UB=17.096584, gap=1.14e+00, x=[0, 0, 0, 0, 0, 0, 0, 0, 0, 0, 0, 0, 0, 0, 0, 0, 0, 0, 0, 0, 0, 1, 0, 0, 0, 0, 0, 0, 0, 0, 0, 0, 0, 0, 0, 0, 0, 0, 0, 0, 0, 0, 0, 0, 0, 0, 0, 0, 0, 0, 0, 0, 0, 0, 0, 0, 0, 0, 0, 0, 1, 0, 0, 0, 0, 0, 0, 0, 0, 0, 0, 0, 0, 0, 0, 0] (0.001s)
  Sub: Z₀=27.539869 [LOCAL] (0.4s), α=[0.000,0.000,0.000,0.000,0.000,0.000,0.000,0.000,0.000,0.000,0.000,0.000,0.000,0.000,0.000,0.000,1.585,0.000,0.000,0.000,0.169,0.000,0.000,0.000,0.000,0.000,0.000,0.000,0.000,0.000,0.000,0.000,0.000,0.000,2.606,0.000,0.000,0.000,0.000,0.000,0.000,0.000,0.000,0.000,0.000,0.000,0.000,0.000,0.000,0.000,0.656,0.000,0.000,0.000,0.000,0.000,0.000,0.000,0.000,0.000,0.000,0.000,0.000,0.000,0.000,0.000,0.000,0.000,0.000,0.000,0.000,0.017,5.410,0.000,0.000,0.000]
  Iter 26: LB=-2.398397  UB=17.096584  gap=1.14e+00
  Cut: intercept=-1076.397558, π_x_range=[-826.6107, 558.1318]
  Mini-Benders[1] (mw): LB=-2.172480, Z₀(α*)=24.729014, intercept=-0.507304 (1.328s) [OMP=1.199 ISP-L=0.011 ISP-F=0.035 MW-L=0.023 MW-F=0.059]
  Mini-Benders[2] (mw): LB=-2.114576, Z₀(α*)=25.342102, intercept=-20.769551 (1.313s) [OMP=1.198 ISP-L=0.011 ISP-F=0.035 MW-L=0.025 MW-F=0.045]
  Mini-Benders[3] (mw): LB=-2.091377, Z₀(α*)=12.603261, intercept=-31.729573 (1.328s) [OMP=1.209 ISP-L=0.011 ISP-F=0.038 MW-L=0.024 MW-F=0.035]
  Mini-Benders[4] (mw): LB=-2.079281, Z₀(α*)=24.100869, intercept=-10.599367 (1.313s) [OMP=1.186 ISP-L=0.011 ISP-F=0.033 MW-L=0.023 MW-F=0.064]
  Mini-Benders[5] (mw): LB=-2.028810, Z₀(α*)=24.344233, intercept=-0.836930 (1.281s) [OMP=1.183 ISP-L=0.009 ISP-F=0.036 MW-L=0.022 MW-F=0.033]
  α-step: Z₀=21.769052, α=[0.000,0.000,0.000,0.000,0.000,0.000,0.000,0.000,0.000,0.000,0.000,0.000,0.000,0.000,0.000,0.000,0.000,0.000,0.000,0.000,0.000,0.000,0.000,0.000,0.000,0.000,0.000,0.000,0.000,0.000,0.000,0.000,0.000,0.000,5.726,0.000,0.000,0.000,0.000,0.000,0.000,0.000,0.000,0.000,0.000,0.000,0.000,0.000,0.000,0.000,0.000,4.235,0.000,0.000,0.000,0.000,0.000,0.000,0.000,0.000,0.000,0.000,0.000,0.000,0.000,0.000,0.000,0.000,0.000,0.000,0.000,0.000,0.482,0.000,0.000,0.000]
  Alt-Benders[1] (mw): LB=-1.674908, Z₀(α*)=0.059475, intercept=-86.807319 (1.281s) [OMP=1.163 ISP-L=0.009 ISP-F=0.035 MW-L=0.023 MW-F=0.039]
  Alt-Benders[2] (mw): LB=-1.263807, Z₀(α*)=9.163479, intercept=-17.767845 (1.578s) [OMP=1.469 ISP-L=0.010 ISP-F=0.036 MW-L=0.022 MW-F=0.038]
  Alt-Benders[3] (mw): LB=-1.169473, Z₀(α*)=3.277493, intercept=-8.531464 (1.281s) [OMP=1.187 ISP-L=0.011 ISP-F=0.038 MW-L=0.021 MW-F=0.028]
  Alt-Benders[4] (mw): LB=-1.125661, Z₀(α*)=-3.074149, intercept=-22.970906 (1.282s) [OMP=1.169 ISP-L=0.010 ISP-F=0.036 MW-L=0.022 MW-F=0.047]
  Alt-Benders[5] (mw): LB=-1.125661, Z₀(α*)=-3.074149, intercept=-22.970906 (1.359s) [OMP=1.238 ISP-L=0.010 ISP-F=0.036 MW-L=0.022 MW-F=0.038]
  OMP re-solve: 1.234s

=== True-DRO Benders iter 27 ===
  OMP: t₀=-1.125661, UB=17.096584, gap=1.07e+00, x=[0, 0, 0, 0, 0, 0, 0, 0, 0, 0, 0, 0, 0, 1, 0, 0, 0, 0, 0, 0, 0, 0, 0, 0, 0, 0, 0, 0, 0, 1, 0, 0, 0, 0, 0, 0, 0, 0, 0, 0, 0, 0, 0, 0, 0, 0, 0, 0, 0, 0, 0, 0, 0, 0, 0, 0, 0, 0, 0, 0, 0, 0, 0, 0, 0, 0, 0, 0, 0, 0, 0, 0, 0, 0, 0, 0] (0.001s)
  Sub: Z₀=25.536707 [LOCAL] (0.5s), α=[0.000,0.000,0.000,0.000,0.000,0.000,0.000,0.000,0.000,0.000,0.000,0.000,0.000,2.573,0.000,0.000,0.435,0.000,0.000,0.000,0.092,0.000,0.000,0.000,0.000,0.000,0.000,0.000,0.000,0.000,0.000,0.000,0.000,0.000,2.589,0.000,0.000,0.000,0.000,0.000,0.000,0.000,0.000,0.000,0.000,0.000,0.000,0.000,0.000,0.000,0.000,0.000,0.000,0.000,0.000,0.000,0.000,0.000,0.000,0.000,0.000,0.000,0.000,0.000,0.000,0.000,0.000,0.000,0.000,0.000,0.000,0.000,4.754,0.000,0.000,0.000]
  Iter 27: LB=-1.125661  UB=17.096584  gap=1.07e+00
  Cut: intercept=-1144.386883, π_x_range=[-826.9386, 585.5568]
  Mini-Benders[1] (mw): LB=-1.055204, Z₀(α*)=9.960944, intercept=-71.460706 (1.266s) [OMP=1.168 ISP-L=0.011 ISP-F=0.035 MW-L=0.022 MW-F=0.037]
  Mini-Benders[2] (mw): LB=-0.972405, Z₀(α*)=11.703299, intercept=-88.057244 (1.265s) [OMP=1.146 ISP-L=0.010 ISP-F=0.034 MW-L=0.023 MW-F=0.040]
  Mini-Benders[3] (mw): LB=-0.946653, Z₀(α*)=12.115084, intercept=6.215721 (1.281s) [OMP=1.186 ISP-L=0.012 ISP-F=0.036 MW-L=0.023 MW-F=0.035]
  Mini-Benders[4] (mw): LB=-0.682798, Z₀(α*)=19.931507, intercept=9.675451 (1.282s) [OMP=1.157 ISP-L=0.011 ISP-F=0.032 MW-L=0.022 MW-F=0.043]
  Mini-Benders[5] (mw): LB=-0.610642, Z₀(α*)=16.310338, intercept=1.127900 (1.281s) [OMP=1.179 ISP-L=0.011 ISP-F=0.035 MW-L=0.023 MW-F=0.030]
  α-step: Z₀=23.458583, α=[0.000,4.691,0.000,0.000,0.000,0.000,0.000,0.000,0.000,0.000,0.000,0.000,0.000,0.000,0.000,0.000,0.887,0.000,0.000,0.000,0.000,0.000,0.000,0.000,0.000,0.000,0.000,0.000,0.000,0.000,0.000,0.000,0.000,0.000,0.110,0.000,0.000,0.000,0.000,0.000,0.000,0.000,0.000,0.000,0.000,0.000,0.000,0.000,0.000,0.000,0.000,0.000,0.000,0.000,0.000,0.000,0.000,0.000,0.000,0.000,0.000,0.000,0.000,0.000,0.000,0.000,0.000,0.000,0.000,0.000,0.000,0.000,4.754,0.000,0.000,0.000]
  Alt-Benders[1] (mw): LB=-0.574830, Z₀(α*)=5.315442, intercept=-12.116367 (1.219s) [OMP=1.125 ISP-L=0.010 ISP-F=0.032 MW-L=0.021 MW-F=0.031]
  Alt-Benders[2] (mw): LB=-0.507990, Z₀(α*)=-5.615670, intercept=-2.024529 (1.297s) [OMP=1.189 ISP-L=0.011 ISP-F=0.035 MW-L=0.022 MW-F=0.043]
  Alt-Benders[3] (mw): LB=-0.507990, Z₀(α*)=-5.615670, intercept=-2.024529 (1.312s) [OMP=1.204 ISP-L=0.011 ISP-F=0.034 MW-L=0.022 MW-F=0.036]
  Alt-Benders[4] (mw): LB=-0.507990, Z₀(α*)=-5.615670, intercept=-2.024529 (1.329s) [OMP=1.207 ISP-L=0.011 ISP-F=0.035 MW-L=0.022 MW-F=0.043]
  Alt-Benders[5]: LB stagnated, break
  OMP re-solve: 0.001s

=== True-DRO Benders iter 28 ===
  OMP: t₀=-0.507990, UB=17.096584, gap=1.03e+00, x=[0, 0, 0, 0, 0, 0, 0, 0, 0, 0, 0, 0, 0, 0, 0, 0, 1, 0, 0, 0, 0, 0, 0, 0, 0, 0, 0, 0, 0, 0, 0, 0, 0, 0, 0, 0, 0, 0, 0, 0, 0, 0, 0, 0, 0, 0, 0, 0, 0, 0, 0, 0, 0, 0, 0, 0, 0, 0, 0, 0, 0, 0, 0, 0, 0, 0, 0, 0, 0, 0, 0, 0, 1, 0, 0, 0] (0.001s)
  Sub: Z₀=23.825069 [LOCAL] (0.3s), α=[0.000,0.000,0.000,0.000,0.000,0.000,0.000,0.000,0.000,0.000,0.000,0.000,0.000,0.000,0.000,0.000,0.000,0.000,0.000,0.000,0.000,0.000,0.000,0.000,0.000,0.000,0.000,0.000,0.000,0.000,0.000,0.000,0.000,0.000,0.708,0.000,0.000,0.000,0.000,0.000,0.000,0.000,0.000,0.000,0.000,0.000,0.000,0.000,0.000,0.000,0.000,0.000,0.000,0.000,0.000,0.000,0.000,0.000,0.000,0.000,0.000,0.000,0.000,0.000,0.000,0.000,0.000,0.000,0.000,0.000,0.000,0.000,9.735,0.000,0.000,0.000]
  Iter 28: LB=-0.507990  UB=17.096584  gap=1.03e+00
  Cut: intercept=-1134.132974, π_x_range=[-827.0110, 579.4680]
  Mini-Benders[1] (mw): LB=-0.299520, Z₀(α*)=8.154822, intercept=-62.011723 (1.250s) [OMP=1.138 ISP-L=0.010 ISP-F=0.031 MW-L=0.024 MW-F=0.039]
  Mini-Benders[2] (mw): LB=-0.267887, Z₀(α*)=23.983839, intercept=-10.821531 (1.250s) [OMP=1.145 ISP-L=0.011 ISP-F=0.032 MW-L=0.021 MW-F=0.032]
  Mini-Benders[3] (mw): LB=-0.074883, Z₀(α*)=-14.488548, intercept=-68.615985 (1.313s) [OMP=1.203 ISP-L=0.009 ISP-F=0.035 MW-L=0.023 MW-F=0.045]
  Mini-Benders[4] (mw): LB=-0.074882, Z₀(α*)=-14.488548, intercept=-68.615985 (1.781s) [OMP=1.681 ISP-L=0.009 ISP-F=0.036 MW-L=0.024 MW-F=0.037]
  Mini-Benders[5] (mw): LB=-0.074882, Z₀(α*)=-14.488548, intercept=-68.615985 (1.719s) [OMP=1.615 ISP-L=0.009 ISP-F=0.036 MW-L=0.024 MW-F=0.046]
  α-step: Z₀=22.175299, α=[0.000,0.000,0.000,0.000,0.000,0.000,0.000,0.000,0.000,0.000,0.962,0.000,0.000,0.000,0.000,0.000,0.000,0.000,0.000,0.000,0.000,0.000,0.000,0.000,0.000,0.000,0.000,0.000,0.000,0.000,0.000,0.000,0.000,0.000,2.589,0.000,0.000,0.000,0.000,0.000,0.000,0.000,2.846,0.000,0.000,0.000,0.000,0.000,0.000,0.000,1.940,1.003,0.000,0.000,0.000,0.000,0.000,0.000,0.000,0.000,0.000,0.000,0.000,0.000,0.000,0.000,0.000,0.000,0.000,0.000,0.000,0.000,1.103,0.000,0.000,0.000]
  Alt-Benders[1] (mw): LB=0.059473, Z₀(α*)=8.131183, intercept=-74.175222 (1.360s) [OMP=1.244 ISP-L=0.010 ISP-F=0.036 MW-L=0.021 MW-F=0.045]
  Alt-Benders[2] (mw): LB=0.115371, Z₀(α*)=-14.532566, intercept=-38.274742 (1.328s) [OMP=1.229 ISP-L=0.010 ISP-F=0.033 MW-L=0.024 MW-F=0.030]
  Alt-Benders[3] (mw): LB=0.115370, Z₀(α*)=-14.532566, intercept=-38.274742 (1.281s) [OMP=1.173 ISP-L=0.010 ISP-F=0.032 MW-L=0.023 MW-F=0.038]
  Alt-Benders[4] (mw): LB=0.115370, Z₀(α*)=-14.532566, intercept=-38.274742 (1.250s) [OMP=1.162 ISP-L=0.010 ISP-F=0.032 MW-L=0.023 MW-F=0.030]
  Alt-Benders[5]: LB stagnated, break
  OMP re-solve: 0.001s

=== True-DRO Benders iter 29 ===
  OMP: t₀=0.115370, UB=17.096584, gap=9.93e-01, x=[0, 0, 0, 0, 0, 0, 0, 0, 0, 0, 0, 0, 0, 0, 0, 0, 0, 0, 0, 0, 0, 0, 0, 0, 0, 0, 0, 0, 0, 0, 0, 0, 0, 0, 1, 0, 0, 0, 0, 0, 0, 0, 0, 0, 0, 0, 0, 0, 0, 1, 0, 0, 0, 0, 0, 0, 0, 0, 0, 0, 0, 0, 0, 0, 0, 0, 0, 0, 0, 0, 0, 0, 0, 0, 0, 0] (0.001s)
  Sub: Z₀=20.851715 [LOCAL] (0.4s), α=[0.000,0.000,0.000,0.000,0.000,0.000,0.000,0.000,0.000,0.000,0.000,0.000,0.000,0.000,0.000,0.000,0.000,0.000,0.000,0.000,0.000,0.000,0.000,0.000,0.000,0.000,0.000,0.000,0.000,0.000,0.000,0.000,0.000,0.000,7.783,0.000,0.000,0.000,0.000,0.000,0.000,0.000,0.000,0.000,0.000,0.000,0.000,0.000,0.000,0.000,0.000,0.000,0.000,0.000,0.000,0.000,0.000,0.000,0.000,0.000,0.000,0.000,0.000,0.000,0.000,0.000,0.000,0.000,0.000,0.000,0.000,0.000,2.659,0.000,0.000,0.000]
  Iter 29: LB=0.115370  UB=17.096584  gap=9.93e-01
  Cut: intercept=-1131.302848, π_x_range=[-829.4747, 580.4168]
  Mini-Benders[1] (mw): LB=0.142949, Z₀(α*)=23.606395, intercept=23.606393 (1.297s) [OMP=1.191 ISP-L=0.011 ISP-F=0.037 MW-L=0.020 MW-F=0.033]
  Mini-Benders[2] (mw): LB=0.284342, Z₀(α*)=-24.920192, intercept=-84.472345 (1.328s) [OMP=1.209 ISP-L=0.010 ISP-F=0.034 MW-L=0.021 MW-F=0.046]
  Mini-Benders[3] (mw): LB=0.284342, Z₀(α*)=-24.920192, intercept=-84.472345 (1.625s) [OMP=1.519 ISP-L=0.010 ISP-F=0.034 MW-L=0.021 MW-F=0.037]
  Mini-Benders[4] (mw): LB=0.284342, Z₀(α*)=-24.920192, intercept=-84.472345 (1.703s) [OMP=1.589 ISP-L=0.010 ISP-F=0.033 MW-L=0.021 MW-F=0.045]
  Mini-Benders[5]: LB stagnated, break
  α-step: Z₀=20.384794, α=[0.000,0.000,0.000,0.000,0.000,0.000,0.000,0.000,0.000,0.000,0.000,0.000,0.000,0.000,0.000,0.000,0.000,0.000,0.000,0.000,0.000,0.000,0.000,0.000,0.000,0.000,0.000,0.000,0.000,0.000,0.000,0.000,0.000,0.000,0.000,0.000,0.000,0.000,0.000,0.000,0.000,0.000,0.000,0.000,0.000,0.000,0.000,0.000,0.000,0.000,0.000,0.000,0.000,0.000,0.000,0.000,0.000,0.000,0.000,0.000,0.000,0.000,0.000,0.000,0.000,0.000,0.000,0.000,0.000,0.000,0.000,5.689,4.754,0.000,0.000,0.000]
  Alt-Benders[1] (mw): LB=0.346879, Z₀(α*)=18.779415, intercept=1.065292 (1.391s) [OMP=1.278 ISP-L=0.009 ISP-F=0.037 MW-L=0.021 MW-F=0.043]
  Alt-Benders[2] (mw): LB=0.491758, Z₀(α*)=2.486661, intercept=-47.539497 (1.328s) [OMP=1.230 ISP-L=0.010 ISP-F=0.035 MW-L=0.023 MW-F=0.034]
  Alt-Benders[3] (mw): LB=0.579829, Z₀(α*)=6.289375, intercept=-38.913826 (1.328s) [OMP=1.207 ISP-L=0.011 ISP-F=0.035 MW-L=0.021 MW-F=0.042]
  Alt-Benders[4] (mw): LB=0.829423, Z₀(α*)=17.680075, intercept=17.215126 (1.297s) [OMP=1.201 ISP-L=0.010 ISP-F=0.038 MW-L=0.021 MW-F=0.035]
  Alt-Benders[5] (mw): LB=0.845282, Z₀(α*)=11.094564, intercept=10.516312 (1.328s) [OMP=1.205 ISP-L=0.010 ISP-F=0.034 MW-L=0.022 MW-F=0.041]
  OMP re-solve: 1.187s

=== True-DRO Benders iter 30 ===
  OMP: t₀=0.882036, UB=17.096584, gap=9.48e-01, x=[0, 0, 0, 0, 0, 0, 0, 0, 0, 0, 0, 0, 0, 0, 0, 0, 0, 0, 0, 0, 0, 0, 0, 0, 0, 0, 0, 0, 0, 0, 0, 0, 0, 0, 0, 0, 0, 0, 0, 0, 0, 0, 1, 0, 0, 1, 0, 0, 0, 0, 0, 0, 0, 0, 0, 0, 0, 0, 0, 0, 0, 0, 0, 0, 0, 0, 0, 0, 0, 0, 0, 0, 0, 0, 0, 0] (0.001s)
  Sub: Z₀=25.607674 [TIME_LIMIT] (15.2s), α=[0.000,0.000,0.000,0.000,0.000,0.000,0.000,0.000,0.000,0.000,2.806,0.000,0.000,0.213,0.000,0.000,0.773,0.000,0.000,0.000,0.000,0.000,0.000,0.000,0.000,0.000,0.000,0.000,0.000,0.000,0.000,0.000,0.000,0.000,0.000,0.000,0.000,0.000,0.000,0.000,0.000,0.000,2.725,0.000,0.000,0.000,0.000,0.000,0.000,0.867,0.000,0.000,0.000,0.000,0.000,0.000,0.000,0.000,0.000,0.000,0.000,0.000,0.000,0.000,0.000,0.000,0.000,0.000,0.000,0.000,0.000,0.000,3.059,0.000,0.000,0.000]
  Iter 30: LB=0.882036  UB=17.096584  gap=9.48e-01
  Cut: intercept=-85.246787, π_x_range=[-264.0000, 60.9461]
  Mini-Benders[1] (mw): LB=0.950717, Z₀(α*)=9.329056, intercept=7.178794 (1.375s) [OMP=1.259 ISP-L=0.011 ISP-F=0.037 MW-L=0.023 MW-F=0.043]
  Mini-Benders[2] (mw): LB=0.980213, Z₀(α*)=-21.222955, intercept=-78.589561 (1.344s) [OMP=1.243 ISP-L=0.011 ISP-F=0.035 MW-L=0.025 MW-F=0.034]
  Mini-Benders[3] (mw): LB=0.980213, Z₀(α*)=-21.222955, intercept=-78.589561 (1.781s) [OMP=1.658 ISP-L=0.011 ISP-F=0.034 MW-L=0.024 MW-F=0.040]
  Mini-Benders[4] (mw): LB=0.980213, Z₀(α*)=-21.222955, intercept=-78.589561 (1.719s) [OMP=1.618 ISP-L=0.011 ISP-F=0.035 MW-L=0.025 MW-F=0.033]
  Mini-Benders[5]: LB stagnated, break
  α-step: Z₀=22.310479, α=[0.000,1.206,0.000,0.000,0.000,0.000,0.000,0.000,0.000,0.000,0.000,0.000,0.000,0.000,0.000,0.000,0.000,0.000,0.000,0.000,0.000,0.000,0.000,0.000,0.000,0.000,0.000,0.000,0.000,0.000,0.000,0.000,0.000,0.000,0.000,0.000,0.000,0.000,0.000,0.000,0.000,0.000,0.000,0.000,0.000,0.000,0.000,0.000,0.000,0.000,0.000,0.000,0.000,0.000,0.000,0.000,0.000,0.000,0.000,0.000,0.000,0.000,0.000,0.000,0.000,0.000,0.000,0.000,0.000,0.000,0.000,0.000,9.236,0.000,0.000,0.000]
  Alt-Benders[1] (mw): LB=1.011471, Z₀(α*)=15.239575, intercept=-38.442501 (1.328s) [OMP=1.225 ISP-L=0.010 ISP-F=0.036 MW-L=0.023 MW-F=0.035]
  Alt-Benders[2] (mw): LB=1.039472, Z₀(α*)=23.908335, intercept=-39.367622 (1.328s) [OMP=1.205 ISP-L=0.011 ISP-F=0.034 MW-L=0.023 MW-F=0.046]
  Alt-Benders[3] (mw): LB=1.051855, Z₀(α*)=17.876839, intercept=-30.219400 (1.344s) [OMP=1.242 ISP-L=0.011 ISP-F=0.034 MW-L=0.022 MW-F=0.032]
  Alt-Benders[4] (mw): LB=1.059786, Z₀(α*)=18.394699, intercept=-11.621794 (1.359s) [OMP=1.242 ISP-L=0.011 ISP-F=0.036 MW-L=0.026 MW-F=0.047]
  Alt-Benders[5] (mw): LB=1.063906, Z₀(α*)=3.226108, intercept=-109.610060 (1.375s) [OMP=1.268 ISP-L=0.011 ISP-F=0.036 MW-L=0.026 MW-F=0.028]
  OMP re-solve: 1.286s

=== True-DRO Benders iter 31 ===
  OMP: t₀=1.372614, UB=17.096584, gap=9.20e-01, x=[0, 0, 0, 0, 0, 0, 0, 0, 0, 0, 0, 0, 0, 0, 0, 0, 1, 0, 0, 0, 0, 0, 0, 0, 0, 0, 0, 0, 0, 0, 0, 0, 0, 0, 0, 0, 0, 0, 0, 0, 0, 0, 0, 0, 0, 0, 1, 0, 0, 0, 0, 0, 0, 0, 0, 0, 0, 0, 0, 0, 0, 0, 0, 0, 0, 0, 0, 0, 0, 0, 0, 0, 0, 0, 0, 0] (0.001s)
  Sub: Z₀=27.147435 [LOCAL] (0.8s), α=[0.000,0.000,0.000,0.000,0.000,0.000,0.000,0.000,0.000,0.000,0.000,0.000,0.000,0.000,0.000,0.000,2.342,0.000,0.000,0.000,0.000,0.000,0.000,0.000,0.000,0.000,0.000,0.000,0.000,0.000,0.000,0.000,0.000,0.000,2.604,0.000,0.000,0.000,0.000,0.000,0.000,0.000,0.000,0.000,0.000,0.000,0.000,0.000,0.000,0.000,0.364,0.000,0.000,0.000,0.000,0.000,0.000,0.000,0.000,0.000,0.000,0.000,0.000,0.000,0.000,0.000,0.000,0.000,0.000,0.000,0.000,0.015,5.118,0.000,0.000,0.000]
  Iter 31: LB=1.372614  UB=17.096584  gap=9.20e-01
  Cut: intercept=-1114.520769, π_x_range=[-829.1561, 571.2389]
  Mini-Benders[1] (mw): LB=1.387286, Z₀(α*)=12.865363, intercept=-67.881023 (1.375s) [OMP=1.270 ISP-L=0.011 ISP-F=0.034 MW-L=0.022 MW-F=0.034]
  Mini-Benders[2] (mw): LB=1.477085, Z₀(α*)=25.053872, intercept=-0.245207 (1.375s) [OMP=1.256 ISP-L=0.010 ISP-F=0.036 MW-L=0.023 MW-F=0.048]
  Mini-Benders[3] (mw): LB=1.500050, Z₀(α*)=11.760051, intercept=-49.308374 (1.406s) [OMP=1.302 ISP-L=0.011 ISP-F=0.032 MW-L=0.022 MW-F=0.031]
  Mini-Benders[4] (mw): LB=1.504462, Z₀(α*)=11.187403, intercept=-44.697879 (1.375s) [OMP=1.277 ISP-L=0.010 ISP-F=0.034 MW-L=0.022 MW-F=0.038]
  Mini-Benders[5] (mw): LB=1.703341, Z₀(α*)=21.125395, intercept=-19.208703 (1.375s) [OMP=1.268 ISP-L=0.009 ISP-F=0.034 MW-L=0.022 MW-F=0.030]
  α-step: Z₀=18.064583, α=[0.000,0.000,0.000,0.000,0.000,0.000,0.000,0.000,0.000,0.000,0.000,0.000,0.000,0.000,0.000,0.000,0.000,0.000,0.000,0.000,0.000,0.000,0.000,0.000,0.000,0.000,0.000,0.000,0.000,0.000,0.000,0.000,0.000,0.000,0.000,0.000,0.000,0.000,0.000,0.000,0.000,0.000,1.404,0.000,0.000,0.000,0.000,0.000,0.000,8.900,0.000,0.000,0.000,0.000,0.000,0.000,0.000,0.000,0.000,0.000,0.000,0.000,0.000,0.000,0.000,0.000,0.000,0.000,0.000,0.000,0.000,0.000,0.138,0.000,0.000,0.000]
  Alt-Benders[1] (mw): LB=2.199610, Z₀(α*)=-56.873026, intercept=-88.706773 (1.468s) [OMP=1.373 ISP-L=0.010 ISP-F=0.029 MW-L=0.021 MW-F=0.038]
  Alt-Benders[2] (mw): LB=2.199610, Z₀(α*)=-56.873026, intercept=-88.706773 (1.422s) [OMP=1.305 ISP-L=0.010 ISP-F=0.030 MW-L=0.021 MW-F=0.047]
  Alt-Benders[3] (mw): LB=2.199610, Z₀(α*)=-56.873026, intercept=-88.706773 (1.406s) [OMP=1.311 ISP-L=0.011 ISP-F=0.030 MW-L=0.021 MW-F=0.038]
  Alt-Benders[4]: LB stagnated, break
  OMP re-solve: 0.001s

=== True-DRO Benders iter 32 ===
  OMP: t₀=2.199610, UB=17.096584, gap=8.71e-01, x=[0, 0, 0, 0, 0, 0, 0, 0, 0, 0, 0, 0, 0, 1, 0, 0, 0, 0, 0, 0, 0, 0, 0, 0, 0, 0, 0, 0, 0, 0, 0, 0, 0, 0, 0, 0, 0, 0, 0, 0, 0, 0, 0, 0, 0, 0, 0, 0, 0, 0, 0, 0, 0, 0, 0, 0, 0, 0, 0, 0, 0, 0, 0, 0, 0, 0, 0, 0, 0, 0, 0, 1, 0, 0, 0, 0] (0.001s)
  Sub: Z₀=20.416900 [LOCAL] (0.4s), α=[0.000,0.000,0.000,0.000,0.000,0.000,0.000,0.000,0.000,0.000,0.000,0.000,0.000,0.000,0.000,0.000,0.000,0.000,0.000,0.000,0.000,0.000,0.000,0.000,0.000,0.000,0.000,0.000,0.000,0.000,0.000,0.000,0.000,0.000,0.000,0.000,0.000,0.000,0.000,0.000,0.000,0.000,0.000,0.000,0.000,0.000,0.000,0.000,0.000,0.000,0.000,0.000,0.000,0.000,0.000,0.000,0.000,0.000,0.000,0.000,0.000,0.000,0.000,0.000,0.000,0.000,0.000,0.000,0.000,0.000,0.000,7.997,2.446,0.000,0.000,0.000]
  Iter 32: LB=2.199610  UB=17.096584  gap=8.71e-01
  Cut: intercept=-1129.183916, π_x_range=[-825.7627, 590.1346]
  Mini-Benders[1] (mw): LB=2.223694, Z₀(α*)=4.224562, intercept=-7.004317 (1.484s) [OMP=1.385 ISP-L=0.010 ISP-F=0.036 MW-L=0.022 MW-F=0.035]
  Mini-Benders[2] (mw): LB=2.252315, Z₀(α*)=-0.290092, intercept=1.006587 (1.516s) [OMP=1.394 ISP-L=0.010 ISP-F=0.039 MW-L=0.021 MW-F=0.045]
  Mini-Benders[3] (mw): LB=2.252315, Z₀(α*)=-0.290092, intercept=1.006587 (1.375s) [OMP=1.256 ISP-L=0.010 ISP-F=0.039 MW-L=0.021 MW-F=0.037]
  Mini-Benders[4] (mw): LB=2.252315, Z₀(α*)=-0.290092, intercept=1.006587 (1.375s) [OMP=1.265 ISP-L=0.010 ISP-F=0.038 MW-L=0.021 MW-F=0.045]
  Mini-Benders[5]: LB stagnated, break
  α-step: Z₀=27.089408, α=[0.000,0.000,0.000,0.000,0.000,0.000,0.000,0.000,0.000,0.000,0.000,0.000,0.000,0.000,0.000,0.000,2.419,0.000,0.000,0.000,0.000,0.000,0.000,0.000,0.000,0.000,0.000,0.000,0.000,0.000,0.000,0.000,0.000,0.000,2.358,0.000,0.000,0.000,0.000,0.000,0.000,0.000,0.000,0.000,0.000,0.000,0.000,0.000,0.000,0.000,0.456,0.000,0.000,0.000,0.000,0.000,0.000,0.000,0.000,0.000,0.000,0.000,0.000,0.000,0.000,0.000,0.000,0.000,0.000,0.000,0.000,0.000,5.210,0.000,0.000,0.000]
  Alt-Benders[1] (mw): LB=2.263694, Z₀(α*)=26.478987, intercept=21.134983 (1.531s) [OMP=1.396 ISP-L=0.011 ISP-F=0.036 MW-L=0.022 MW-F=0.061]
  Alt-Benders[2] (mw): LB=2.303182, Z₀(α*)=5.748251, intercept=-70.490191 (1.484s) [OMP=1.383 ISP-L=0.010 ISP-F=0.031 MW-L=0.025 MW-F=0.026]
  Alt-Benders[3] (mw): LB=2.340994, Z₀(α*)=10.515615, intercept=-45.385984 (1.469s) [OMP=1.373 ISP-L=0.011 ISP-F=0.035 MW-L=0.022 MW-F=0.038]
  Alt-Benders[4] (mw): LB=2.379421, Z₀(α*)=16.356705, intercept=-24.701261 (1.406s) [OMP=1.297 ISP-L=0.011 ISP-F=0.035 MW-L=0.024 MW-F=0.036]
  Alt-Benders[5] (mw): LB=2.380285, Z₀(α*)=6.805247, intercept=-30.443008 (1.391s) [OMP=1.266 ISP-L=0.010 ISP-F=0.034 MW-L=0.025 MW-F=0.042]
  OMP re-solve: 1.401s

=== True-DRO Benders iter 33 ===
  OMP: t₀=2.451195, UB=17.096584, gap=8.57e-01, x=[0, 0, 0, 0, 0, 0, 0, 0, 0, 0, 0, 0, 0, 0, 0, 0, 0, 0, 0, 0, 0, 0, 0, 0, 0, 0, 0, 0, 0, 0, 0, 0, 0, 0, 0, 0, 0, 0, 0, 0, 0, 0, 0, 0, 0, 0, 0, 0, 0, 0, 0, 0, 0, 1, 0, 0, 0, 0, 0, 0, 0, 0, 0, 0, 0, 0, 0, 0, 0, 0, 0, 0, 1, 0, 0, 0] (0.001s)
  Sub: Z₀=21.644917 [LOCAL] (0.5s), α=[0.000,0.000,0.000,0.000,0.000,0.000,0.000,0.000,0.000,0.000,0.000,0.000,0.000,0.000,0.000,0.000,0.000,0.000,0.000,0.000,0.000,0.000,0.000,0.000,0.000,0.000,0.000,0.000,0.000,0.000,0.000,0.000,0.000,0.000,1.652,0.000,0.000,0.000,0.000,0.000,0.000,0.000,0.000,0.000,0.000,0.000,0.000,0.000,0.000,0.000,0.771,0.000,0.000,1.931,0.000,0.116,0.000,0.000,0.000,0.000,0.000,0.000,0.000,0.000,0.000,0.000,0.000,0.000,0.000,0.000,0.000,0.036,5.938,0.000,0.000,0.000]
  Iter 33: LB=2.451195  UB=17.096584  gap=8.57e-01
  Cut: intercept=-1105.506180, π_x_range=[-825.9384, 568.6227]
  Mini-Benders[1] (mw): LB=2.471537, Z₀(α*)=19.758842, intercept=-21.778976 (1.515s) [OMP=1.392 ISP-L=0.011 ISP-F=0.038 MW-L=0.024 MW-F=0.041]
  Mini-Benders[2] (mw): LB=2.474489, Z₀(α*)=21.679255, intercept=-37.529343 (1.500s) [OMP=1.383 ISP-L=0.011 ISP-F=0.035 MW-L=0.024 MW-F=0.042]
  Mini-Benders[3] (mw): LB=2.474603, Z₀(α*)=21.919435, intercept=10.848218 (1.422s) [OMP=1.308 ISP-L=0.010 ISP-F=0.038 MW-L=0.022 MW-F=0.038]
  Mini-Benders[4] (mw): LB=2.486659, Z₀(α*)=6.213015, intercept=-54.470695 (1.500s) [OMP=1.403 ISP-L=0.010 ISP-F=0.034 MW-L=0.025 MW-F=0.034]
  Mini-Benders[5] (mw): LB=2.493590, Z₀(α*)=22.983711, intercept=-74.990801 (1.531s) [OMP=1.410 ISP-L=0.011 ISP-F=0.036 MW-L=0.023 MW-F=0.043]
  α-step: Z₀=20.422474, α=[0.000,2.714,0.000,0.000,0.000,0.000,0.000,0.000,0.000,0.000,0.000,0.000,0.000,0.000,0.000,0.000,0.000,0.000,0.000,0.000,0.000,0.000,0.000,0.000,0.000,0.000,0.000,1.305,0.000,0.000,0.000,0.000,0.000,0.000,2.812,0.000,0.000,0.000,0.000,0.000,0.000,0.000,0.000,0.000,0.000,0.000,0.000,0.000,0.000,0.000,0.000,0.000,0.000,0.000,0.000,0.000,0.000,0.000,0.000,0.000,0.000,0.000,0.000,0.000,0.000,0.000,0.000,0.000,0.000,0.000,0.000,0.000,3.612,0.000,0.000,0.000]
  Alt-Benders[1] (mw): LB=2.716000, Z₀(α*)=16.770837, intercept=-21.935692 (1.515s) [OMP=1.391 ISP-L=0.010 ISP-F=0.036 MW-L=0.023 MW-F=0.046]
  Alt-Benders[2] (mw): LB=2.768036, Z₀(α*)=-15.735894, intercept=-64.696071 (1.375s) [OMP=1.273 ISP-L=0.010 ISP-F=0.031 MW-L=0.025 MW-F=0.033]
  Alt-Benders[3] (mw): LB=2.768036, Z₀(α*)=-15.735894, intercept=-64.696071 (1.422s) [OMP=1.321 ISP-L=0.010 ISP-F=0.031 MW-L=0.025 MW-F=0.041]
  Alt-Benders[4] (mw): LB=2.768036, Z₀(α*)=-15.735894, intercept=-64.696071 (1.453s) [OMP=1.344 ISP-L=0.010 ISP-F=0.031 MW-L=0.025 MW-F=0.034]
  Alt-Benders[5]: LB stagnated, break
  OMP re-solve: 0.001s

=== True-DRO Benders iter 34 ===
  OMP: t₀=2.768036, UB=17.096584, gap=8.38e-01, x=[0, 0, 0, 0, 0, 0, 0, 0, 0, 0, 0, 0, 0, 0, 0, 0, 0, 0, 0, 0, 0, 0, 0, 1, 0, 0, 0, 0, 0, 0, 0, 0, 0, 0, 0, 0, 0, 0, 0, 0, 0, 0, 0, 0, 0, 0, 0, 0, 0, 0, 0, 0, 0, 0, 0, 0, 0, 0, 0, 0, 0, 0, 0, 0, 0, 0, 0, 0, 0, 0, 0, 1, 0, 0, 0, 0] (0.001s)
  Sub: Z₀=20.623833 [LOCAL] (0.3s), α=[0.000,0.000,0.000,0.000,0.000,0.000,0.000,0.000,0.000,0.000,0.000,0.000,0.000,0.000,0.000,0.000,0.000,0.000,0.000,0.000,0.000,0.000,0.000,0.000,0.000,0.000,0.000,0.000,0.000,0.000,0.000,0.000,0.000,0.000,0.000,0.000,0.000,0.000,0.000,0.000,0.000,0.000,0.000,0.000,0.000,0.000,0.000,0.000,0.000,0.000,0.000,0.000,0.000,0.000,0.000,0.000,0.000,0.000,0.000,0.000,0.000,0.000,0.000,0.000,0.000,0.000,0.000,0.000,0.000,0.000,0.000,6.831,3.612,0.000,0.000,0.000]
  Iter 34: LB=2.768036  UB=17.096584  gap=8.38e-01
  Cut: intercept=-1135.083598, π_x_range=[-825.2248, 591.5013]
  Mini-Benders[1] (mw): LB=2.774658, Z₀(α*)=4.770304, intercept=-22.868310 (1.422s) [OMP=1.313 ISP-L=0.010 ISP-F=0.036 MW-L=0.022 MW-F=0.030]
  Mini-Benders[2] (mw): LB=2.780087, Z₀(α*)=6.002769, intercept=-53.394653 (1.469s) [OMP=1.358 ISP-L=0.011 ISP-F=0.033 MW-L=0.024 MW-F=0.043]
  Mini-Benders[3] (mw): LB=2.891097, Z₀(α*)=5.120320, intercept=-42.967476 (1.531s) [OMP=1.417 ISP-L=0.011 ISP-F=0.037 MW-L=0.021 MW-F=0.039]
  Mini-Benders[4] (mw): LB=3.018978, Z₀(α*)=-3.318326, intercept=-33.990026 (1.469s) [OMP=1.357 ISP-L=0.010 ISP-F=0.036 MW-L=0.022 MW-F=0.043]
  Mini-Benders[5] (mw): LB=3.018978, Z₀(α*)=-3.318326, intercept=-33.990026 (1.391s) [OMP=1.292 ISP-L=0.010 ISP-F=0.036 MW-L=0.023 MW-F=0.035]
  α-step: Z₀=23.251739, α=[0.000,0.000,0.000,0.000,0.000,0.000,0.000,0.000,0.000,0.000,0.000,0.000,0.000,0.000,0.000,0.000,0.000,0.000,0.000,0.000,0.000,0.000,0.000,0.000,0.000,0.000,0.000,0.000,0.000,0.000,0.000,0.000,0.000,0.000,0.000,0.000,0.000,0.000,0.000,0.000,0.000,0.000,0.000,0.000,0.000,0.000,0.000,0.000,0.000,0.000,1.940,3.488,0.000,0.000,0.000,0.000,0.000,0.000,0.000,0.000,0.000,0.000,0.000,0.000,0.000,0.000,0.000,0.000,0.000,0.000,0.000,1.427,3.588,0.000,0.000,0.000]
  Alt-Benders[1] (mw): LB=3.192068, Z₀(α*)=-14.599654, intercept=-74.209659 (1.421s) [OMP=1.315 ISP-L=0.010 ISP-F=0.034 MW-L=0.022 MW-F=0.039]
  Alt-Benders[2] (mw): LB=3.192068, Z₀(α*)=-14.599654, intercept=-74.209659 (1.438s) [OMP=1.314 ISP-L=0.010 ISP-F=0.034 MW-L=0.022 MW-F=0.047]
  Alt-Benders[3] (mw): LB=3.192068, Z₀(α*)=-14.599654, intercept=-74.209659 (1.422s) [OMP=1.305 ISP-L=0.010 ISP-F=0.035 MW-L=0.022 MW-F=0.040]
  Alt-Benders[4]: LB stagnated, break
  OMP re-solve: 0.001s

=== True-DRO Benders iter 35 ===
  OMP: t₀=3.192068, UB=17.096584, gap=8.13e-01, x=[0, 0, 0, 0, 0, 0, 0, 0, 0, 0, 0, 0, 0, 0, 0, 0, 0, 0, 0, 0, 0, 0, 0, 0, 0, 0, 0, 0, 0, 0, 0, 0, 0, 0, 0, 0, 0, 0, 0, 0, 0, 0, 0, 0, 0, 0, 1, 0, 0, 0, 0, 0, 0, 0, 0, 0, 0, 0, 0, 0, 0, 0, 0, 0, 0, 0, 0, 0, 0, 0, 0, 1, 0, 0, 0, 0] (0.001s)
  Sub: Z₀=20.955378 [TIME_LIMIT] (15.3s), α=[0.000,0.000,0.000,0.000,0.000,0.000,0.000,0.000,0.000,0.000,0.000,0.000,0.000,0.000,0.000,0.000,0.000,0.000,0.000,0.000,0.000,0.000,0.000,0.000,0.000,0.000,0.000,0.000,0.000,0.000,0.000,0.000,0.000,0.000,0.000,0.000,0.000,0.000,0.000,0.000,0.000,0.000,0.000,0.000,0.000,0.000,0.000,0.000,0.000,0.000,0.000,0.000,0.000,0.000,0.000,0.000,0.000,0.000,0.000,0.000,0.000,0.000,0.000,0.000,0.000,0.000,0.000,0.000,0.000,0.000,0.000,8.977,1.465,0.000,0.000,0.000]
  Iter 35: LB=3.192068  UB=17.096584  gap=8.13e-01
  Cut: intercept=-118.653237, π_x_range=[-155.2286, 117.5965]
  Mini-Benders[1] (mw): LB=3.226106, Z₀(α*)=-22.735254, intercept=-111.074411 (1.375s) [OMP=1.275 ISP-L=0.011 ISP-F=0.038 MW-L=0.022 MW-F=0.033]
  Mini-Benders[2] (mw): LB=3.226106, Z₀(α*)=-22.735254, intercept=-111.074411 (1.359s) [OMP=1.236 ISP-L=0.011 ISP-F=0.038 MW-L=0.023 MW-F=0.042]
  Mini-Benders[3] (mw): LB=3.226106, Z₀(α*)=-22.735254, intercept=-111.074411 (1.328s) [OMP=1.226 ISP-L=0.011 ISP-F=0.037 MW-L=0.022 MW-F=0.033]
  Mini-Benders[4]: LB stagnated, break
  α-step: Z₀=20.279148, α=[0.000,0.000,0.000,0.000,0.000,0.000,0.000,0.000,0.000,0.000,0.000,0.000,0.000,0.000,0.000,0.000,0.000,0.000,0.000,0.000,0.000,0.000,0.000,0.000,0.000,0.000,0.000,0.000,0.000,0.000,0.000,0.000,0.000,0.000,0.000,0.000,0.000,0.000,0.000,0.000,0.000,0.000,0.000,0.000,0.000,0.000,0.000,0.000,0.000,0.000,2.532,0.000,0.000,3.233,0.000,0.000,0.000,0.000,0.000,0.000,0.000,0.000,0.000,0.000,0.000,0.000,0.000,0.000,0.000,0.000,0.000,0.000,4.679,0.000,0.000,0.000]
  Alt-Benders[1] (mw): LB=3.405953, Z₀(α*)=4.329269, intercept=-16.330395 (1.547s) [OMP=1.452 ISP-L=0.011 ISP-F=0.033 MW-L=0.023 MW-F=0.027]
  Alt-Benders[2] (mw): LB=3.411308, Z₀(α*)=3.746058, intercept=-4.910463 (1.375s) [OMP=1.278 ISP-L=0.010 ISP-F=0.036 MW-L=0.023 MW-F=0.036]
  Alt-Benders[3] (mw): LB=3.435853, Z₀(α*)=5.688873, intercept=-0.667091 (1.468s) [OMP=1.360 ISP-L=0.010 ISP-F=0.034 MW-L=0.022 MW-F=0.031]
  Alt-Benders[4] (mw): LB=3.477843, Z₀(α*)=22.382514, intercept=-37.698296 (1.469s) [OMP=1.321 ISP-L=0.011 ISP-F=0.035 MW-L=0.024 MW-F=0.074]
  Alt-Benders[5] (mw): LB=3.511272, Z₀(α*)=22.758217, intercept=-30.526252 (1.469s) [OMP=1.337 ISP-L=0.011 ISP-F=0.035 MW-L=0.022 MW-F=0.061]
  OMP re-solve: 1.336s

=== True-DRO Benders iter 36 ===
  OMP: t₀=3.633179, UB=17.096584, gap=7.87e-01, x=[0, 0, 0, 0, 0, 0, 0, 0, 0, 0, 0, 0, 0, 0, 0, 1, 0, 0, 0, 0, 0, 0, 0, 0, 0, 0, 0, 0, 0, 0, 0, 0, 0, 0, 0, 0, 0, 0, 0, 0, 0, 0, 0, 0, 0, 0, 0, 0, 0, 0, 0, 0, 0, 0, 0, 0, 0, 0, 0, 0, 0, 0, 1, 0, 0, 0, 0, 0, 0, 0, 0, 0, 0, 0, 0, 0] (0.001s)
  Sub: Z₀=27.468785 [LOCAL] (0.4s), α=[0.000,0.000,0.000,0.000,0.000,0.000,0.000,0.000,0.000,0.000,0.000,0.000,0.000,0.000,0.000,0.000,3.332,0.000,0.000,0.000,0.000,0.000,0.000,0.000,0.000,0.000,0.000,0.000,0.000,0.000,0.000,0.000,0.000,0.000,2.357,0.000,0.000,0.000,0.000,0.000,0.000,0.000,0.000,0.000,0.000,0.000,0.000,0.000,0.000,0.000,0.000,0.000,0.000,0.000,0.000,0.000,0.000,0.000,0.000,0.000,0.000,0.000,0.000,0.000,0.000,0.000,0.000,0.000,0.000,0.000,0.000,0.000,4.754,0.000,0.000,0.000]
  Iter 36: LB=3.633179  UB=17.096584  gap=7.87e-01
  Cut: intercept=-1134.846866, π_x_range=[-826.5603, 589.3148]
  Mini-Benders[1] (mw): LB=3.718147, Z₀(α*)=26.228318, intercept=-15.340590 (1.500s) [OMP=1.364 ISP-L=0.011 ISP-F=0.040 MW-L=0.023 MW-F=0.053]
  Mini-Benders[2] (mw): LB=3.719188, Z₀(α*)=24.756037, intercept=1.874709 (1.484s) [OMP=1.371 ISP-L=0.010 ISP-F=0.035 MW-L=0.024 MW-F=0.044]
  Mini-Benders[3] (mw): LB=3.746056, Z₀(α*)=24.218084, intercept=-3.839210 (1.485s) [OMP=1.352 ISP-L=0.011 ISP-F=0.037 MW-L=0.025 MW-F=0.049]
  Mini-Benders[4] (mw): LB=3.808080, Z₀(α*)=13.772333, intercept=-27.917793 (1.453s) [OMP=1.343 ISP-L=0.010 ISP-F=0.036 MW-L=0.023 MW-F=0.040]
  Mini-Benders[5] (mw): LB=3.818994, Z₀(α*)=13.549312, intercept=-48.029697 (1.437s) [OMP=1.341 ISP-L=0.009 ISP-F=0.037 MW-L=0.024 MW-F=0.035]
  α-step: Z₀=23.752059, α=[0.000,0.000,0.000,0.000,0.000,0.000,0.000,0.000,0.000,0.000,0.000,0.000,0.000,0.000,0.000,0.000,0.520,0.000,0.000,0.000,1.610,0.000,0.000,0.000,0.000,0.000,0.000,0.000,0.000,0.000,0.000,0.000,0.000,0.000,3.538,0.000,0.000,0.000,0.000,0.000,0.000,0.000,0.000,0.000,0.000,0.000,0.000,0.000,0.000,0.000,0.000,0.000,0.000,0.000,0.000,0.000,0.000,0.000,0.000,0.000,0.000,0.000,0.000,0.000,0.000,0.000,0.000,0.000,0.000,0.000,0.000,0.000,4.775,0.000,0.000,0.000]
  Alt-Benders[1] (mw): LB=4.125987, Z₀(α*)=26.862613, intercept=25.116948 (1.468s) [OMP=1.329 ISP-L=0.010 ISP-F=0.038 MW-L=0.023 MW-F=0.064]
  Alt-Benders[2] (mw): LB=4.329267, Z₀(α*)=24.158803, intercept=-22.537399 (1.485s) [OMP=1.346 ISP-L=0.010 ISP-F=0.035 MW-L=0.023 MW-F=0.069]
  Alt-Benders[3] (mw): LB=4.351668, Z₀(α*)=20.847818, intercept=-63.646036 (1.484s) [OMP=1.376 ISP-L=0.011 ISP-F=0.033 MW-L=0.025 MW-F=0.030]
  Alt-Benders[4] (mw): LB=4.437433, Z₀(α*)=15.779094, intercept=-35.149059 (1.453s) [OMP=1.336 ISP-L=0.010 ISP-F=0.031 MW-L=0.025 MW-F=0.041]
  Alt-Benders[5] (mw): LB=4.449668, Z₀(α*)=10.209089, intercept=-71.420976 (1.422s) [OMP=1.328 ISP-L=0.011 ISP-F=0.037 MW-L=0.023 MW-F=0.033]
  OMP re-solve: 1.409s

=== True-DRO Benders iter 37 ===
  OMP: t₀=4.453559, UB=17.096584, gap=7.40e-01, x=[0, 0, 0, 0, 0, 0, 0, 0, 0, 0, 1, 0, 0, 0, 0, 1, 0, 0, 0, 0, 0, 0, 0, 0, 0, 0, 0, 0, 0, 0, 0, 0, 0, 0, 0, 0, 0, 0, 0, 0, 0, 0, 0, 0, 0, 0, 0, 0, 0, 0, 0, 0, 0, 0, 0, 0, 0, 0, 0, 0, 0, 0, 0, 0, 0, 0, 0, 0, 0, 0, 0, 0, 0, 0, 0, 0] (0.001s)
  Sub: Z₀=25.988151 [LOCAL] (0.4s), α=[0.000,0.000,0.000,0.000,0.000,0.000,0.000,0.000,0.000,0.000,4.149,0.000,0.000,0.000,0.000,0.000,2.558,0.000,0.000,0.000,0.000,0.000,0.000,0.000,0.000,0.000,0.000,0.000,0.000,0.000,0.000,0.000,0.000,0.000,0.000,0.000,0.000,0.000,0.000,0.000,0.000,0.000,0.000,0.000,0.000,0.000,0.000,0.000,0.000,0.000,0.000,0.000,0.000,0.000,0.000,0.000,0.000,0.000,0.000,0.000,0.000,0.000,0.000,0.000,0.000,0.000,0.000,0.000,0.000,0.000,0.000,0.000,3.736,0.000,0.000,0.000]
  Iter 37: LB=4.453559  UB=17.096584  gap=7.40e-01
  Cut: intercept=-1122.135739, π_x_range=[-826.0823, 574.5529]
  Mini-Benders[1] (mw): LB=4.483673, Z₀(α*)=15.304589, intercept=-42.502477 (1.422s) [OMP=1.319 ISP-L=0.009 ISP-F=0.037 MW-L=0.023 MW-F=0.034]
  Mini-Benders[2] (mw): LB=4.537073, Z₀(α*)=22.703113, intercept=-22.213858 (1.516s) [OMP=1.393 ISP-L=0.011 ISP-F=0.038 MW-L=0.022 MW-F=0.047]
  Mini-Benders[3] (mw): LB=4.662703, Z₀(α*)=-27.070185, intercept=-59.518889 (1.469s) [OMP=1.359 ISP-L=0.010 ISP-F=0.034 MW-L=0.023 MW-F=0.029]
  Mini-Benders[4] (mw): LB=4.662703, Z₀(α*)=-27.070185, intercept=-59.518889 (1.468s) [OMP=1.358 ISP-L=0.010 ISP-F=0.035 MW-L=0.023 MW-F=0.038]
  Mini-Benders[5] (mw): LB=4.662703, Z₀(α*)=-27.070185, intercept=-59.518889 (1.438s) [OMP=1.343 ISP-L=0.010 ISP-F=0.035 MW-L=0.024 MW-F=0.030]
  α-step: Z₀=20.502053, α=[0.000,0.000,0.000,0.000,0.000,0.000,0.000,0.000,0.000,0.000,0.000,0.000,0.000,0.000,0.000,0.000,0.000,0.000,0.000,0.000,0.000,0.000,0.000,0.000,0.000,0.000,0.000,0.000,0.000,0.000,0.000,0.000,0.000,0.000,0.000,0.000,0.000,0.000,0.000,0.000,0.000,0.000,0.000,0.000,0.000,0.000,0.000,0.000,0.000,0.000,0.000,0.000,0.000,0.000,0.000,0.000,0.000,0.000,0.000,0.000,0.000,0.000,0.000,0.000,0.000,0.000,0.000,0.000,0.000,0.000,0.000,5.689,4.754,0.000,0.000,0.000]
  Alt-Benders[1] (mw): LB=4.782373, Z₀(α*)=4.155277, intercept=-30.012102 (1.516s) [OMP=1.408 ISP-L=0.010 ISP-F=0.033 MW-L=0.022 MW-F=0.036]
  Alt-Benders[2] (mw): LB=4.782373, Z₀(α*)=4.155277, intercept=-30.012102 (1.421s) [OMP=1.303 ISP-L=0.010 ISP-F=0.032 MW-L=0.021 MW-F=0.043]
  Alt-Benders[3] (mw): LB=4.782373, Z₀(α*)=4.155277, intercept=-30.012102 (1.407s) [OMP=1.312 ISP-L=0.010 ISP-F=0.033 MW-L=0.022 MW-F=0.036]
  Alt-Benders[4]: LB stagnated, break
  OMP re-solve: 0.001s

=== True-DRO Benders iter 38 ===
  OMP: t₀=4.782373, UB=17.096584, gap=7.20e-01, x=[0, 0, 0, 0, 0, 0, 0, 0, 0, 0, 0, 0, 0, 1, 0, 0, 0, 0, 0, 0, 1, 0, 0, 0, 0, 0, 0, 0, 0, 0, 0, 0, 0, 0, 0, 0, 0, 0, 0, 0, 0, 0, 0, 0, 0, 0, 0, 0, 0, 0, 0, 0, 0, 0, 0, 0, 0, 0, 0, 0, 0, 0, 0, 0, 0, 0, 0, 0, 0, 0, 0, 0, 0, 0, 0, 0] (0.001s)
  Sub: Z₀=24.023095 [LOCAL] (0.4s), α=[0.000,0.000,0.000,0.000,0.000,0.000,0.000,0.000,0.000,0.000,0.000,0.000,0.000,2.226,0.000,0.000,0.102,0.000,0.000,0.000,0.772,0.000,0.000,0.000,0.000,0.000,0.000,0.000,0.000,0.000,0.000,0.000,0.000,0.000,2.589,0.000,0.000,0.000,0.000,0.000,0.000,0.000,0.000,0.000,0.000,0.000,0.000,0.000,0.000,0.000,0.000,0.000,0.000,0.000,0.000,0.000,0.000,0.000,0.000,0.000,0.000,0.000,0.000,0.000,0.000,0.000,0.000,0.000,0.000,0.000,0.000,0.000,4.754,0.000,0.000,0.000]
  Iter 38: LB=4.782373  UB=17.096584  gap=7.20e-01
  Cut: intercept=-1146.472128, π_x_range=[-825.1560, 585.6165]
  Mini-Benders[1] (mw): LB=4.866024, Z₀(α*)=2.276154, intercept=-31.908684 (1.469s) [OMP=1.367 ISP-L=0.011 ISP-F=0.034 MW-L=0.024 MW-F=0.033]
  Mini-Benders[2] (mw): LB=4.866023, Z₀(α*)=2.276154, intercept=-31.908684 (1.468s) [OMP=1.348 ISP-L=0.010 ISP-F=0.034 MW-L=0.024 MW-F=0.041]
  Mini-Benders[3] (mw): LB=4.866023, Z₀(α*)=2.276154, intercept=-31.908684 (1.438s) [OMP=1.340 ISP-L=0.011 ISP-F=0.034 MW-L=0.025 MW-F=0.033]
  Mini-Benders[4]: LB stagnated, break
  α-step: Z₀=23.062008, α=[0.000,0.000,0.000,0.000,0.000,0.000,0.000,0.000,0.000,0.000,0.000,0.000,0.000,0.000,0.000,0.000,0.757,0.000,0.000,0.000,0.000,0.000,0.000,0.000,0.000,0.000,0.000,0.000,0.000,0.000,0.000,0.000,0.000,0.000,4.157,0.000,0.000,0.000,0.000,0.000,0.000,0.000,0.000,0.000,0.000,0.000,0.000,0.000,0.000,0.000,0.100,1.880,0.000,0.000,0.000,0.000,0.000,0.000,0.000,0.000,0.000,0.000,0.000,0.000,0.000,0.000,0.000,0.000,0.000,0.000,0.000,1.569,1.980,0.000,0.000,0.000]
  Alt-Benders[1] (mw): LB=4.951167, Z₀(α*)=13.256351, intercept=-74.129927 (1.484s) [OMP=1.387 ISP-L=0.010 ISP-F=0.036 MW-L=0.024 MW-F=0.034]
  Alt-Benders[2] (mw): LB=4.998445, Z₀(α*)=16.287595, intercept=-24.989837 (1.500s) [OMP=1.377 ISP-L=0.010 ISP-F=0.038 MW-L=0.022 MW-F=0.041]
  Alt-Benders[3] (mw): LB=5.016852, Z₀(α*)=12.324535, intercept=-51.672493 (1.469s) [OMP=1.372 ISP-L=0.011 ISP-F=0.033 MW-L=0.024 MW-F=0.036]
  Alt-Benders[4] (mw): LB=5.061177, Z₀(α*)=15.081804, intercept=-0.907800 (1.672s) [OMP=1.549 ISP-L=0.010 ISP-F=0.038 MW-L=0.022 MW-F=0.040]
  Alt-Benders[5] (mw): LB=5.120318, Z₀(α*)=4.517783, intercept=-40.769774 (1.437s) [OMP=1.340 ISP-L=0.011 ISP-F=0.037 MW-L=0.021 MW-F=0.034]
  OMP re-solve: 1.363s

=== True-DRO Benders iter 39 ===
  OMP: t₀=5.120318, UB=17.096584, gap=7.01e-01, x=[0, 0, 0, 0, 0, 0, 0, 0, 0, 0, 0, 0, 0, 0, 0, 1, 0, 0, 0, 0, 0, 0, 0, 0, 0, 0, 0, 0, 0, 0, 0, 0, 0, 0, 0, 0, 0, 0, 0, 0, 0, 0, 0, 0, 0, 0, 0, 0, 0, 0, 0, 0, 0, 0, 0, 0, 0, 0, 0, 0, 0, 0, 0, 0, 1, 0, 0, 0, 0, 0, 0, 0, 0, 0, 0, 0] (0.001s)
  Sub: Z₀=26.887600 [LOCAL] (0.5s), α=[0.000,0.000,0.000,0.000,0.000,0.000,0.000,0.000,0.000,0.000,0.000,0.000,0.000,0.000,0.000,0.000,0.000,0.000,0.000,0.000,0.000,0.000,0.000,0.000,0.000,0.000,0.000,0.000,0.000,0.000,0.000,0.000,0.000,0.000,0.000,0.000,0.000,0.000,0.000,0.000,0.000,0.000,0.000,0.000,0.000,0.000,0.000,0.000,0.000,0.000,0.601,0.000,0.000,0.000,0.000,0.000,0.000,0.000,0.000,0.000,0.000,0.000,4.486,0.000,0.000,0.000,0.000,0.000,0.000,0.000,0.000,0.000,5.355,0.000,0.000,0.000]
  Iter 39: LB=5.120318  UB=17.096584  gap=7.01e-01
  Cut: intercept=-1097.117553, π_x_range=[-826.7212, 571.5441]
  Mini-Benders[1] (mw): LB=5.139509, Z₀(α*)=26.305928, intercept=21.056123 (1.531s) [OMP=1.434 ISP-L=0.011 ISP-F=0.034 MW-L=0.021 MW-F=0.032]
  Mini-Benders[2] (mw): LB=5.188128, Z₀(α*)=-9.817761, intercept=-103.577546 (1.469s) [OMP=1.368 ISP-L=0.008 ISP-F=0.029 MW-L=0.023 MW-F=0.046]
  Mini-Benders[3] (mw): LB=5.188128, Z₀(α*)=-9.817761, intercept=-103.577546 (1.438s) [OMP=1.344 ISP-L=0.009 ISP-F=0.030 MW-L=0.023 MW-F=0.040]
  Mini-Benders[4] (mw): LB=5.188128, Z₀(α*)=-9.817761, intercept=-103.577546 (1.453s) [OMP=1.349 ISP-L=0.008 ISP-F=0.029 MW-L=0.023 MW-F=0.046]
  Mini-Benders[5]: LB stagnated, break
  α-step: Z₀=21.174953, α=[0.000,0.000,0.000,0.000,0.000,0.000,0.000,0.000,0.000,0.000,0.000,0.000,0.000,0.000,0.000,0.000,0.000,0.000,0.000,0.000,0.000,0.000,0.000,0.000,0.000,0.000,0.000,0.000,0.000,0.000,0.000,0.000,0.000,0.000,2.589,0.000,0.000,0.000,0.000,0.000,0.000,0.000,0.000,0.000,0.000,0.000,0.000,0.000,0.000,4.671,0.000,0.000,0.000,0.000,0.000,0.000,0.000,0.000,0.000,0.000,0.000,0.000,0.000,0.000,0.000,0.000,0.000,0.000,0.000,0.000,0.000,0.000,3.183,0.000,0.000,0.000]
  Alt-Benders[1] (mw): LB=5.315440, Z₀(α*)=10.773419, intercept=-17.844769 (1.969s) [OMP=1.847 ISP-L=0.011 ISP-F=0.039 MW-L=0.021 MW-F=0.041]
  Alt-Benders[2] (mw): LB=5.363250, Z₀(α*)=7.704767, intercept=-32.385946 (1.953s) [OMP=1.848 ISP-L=0.011 ISP-F=0.035 MW-L=0.020 MW-F=0.036]
  Alt-Benders[3] (mw): LB=5.400380, Z₀(α*)=9.645114, intercept=6.878664 (1.563s) [OMP=1.457 ISP-L=0.010 ISP-F=0.036 MW-L=0.023 MW-F=0.039]
  Alt-Benders[4] (mw): LB=5.424034, Z₀(α*)=19.860568, intercept=-12.005479 (1.937s) [OMP=1.836 ISP-L=0.010 ISP-F=0.038 MW-L=0.022 MW-F=0.033]
  Alt-Benders[5] (mw): LB=5.433546, Z₀(α*)=4.253998, intercept=-32.701871 (1.469s) [OMP=1.360 ISP-L=0.010 ISP-F=0.033 MW-L=0.022 MW-F=0.040]
  OMP re-solve: 1.801s

=== True-DRO Benders iter 40 ===
  OMP: t₀=5.433546, UB=17.096584, gap=6.82e-01, x=[0, 0, 0, 0, 0, 0, 0, 0, 0, 0, 1, 0, 0, 0, 0, 0, 0, 0, 0, 0, 0, 0, 0, 0, 0, 0, 0, 0, 0, 0, 0, 0, 0, 0, 0, 0, 0, 0, 0, 0, 0, 0, 0, 0, 0, 0, 0, 0, 0, 0, 0, 0, 0, 0, 0, 0, 0, 0, 0, 0, 0, 1, 0, 0, 0, 0, 0, 0, 0, 0, 0, 0, 0, 0, 0, 0] (0.000s)
  Sub: Z₀=24.720995 [TIME_LIMIT] (15.2s), α=[0.000,0.000,0.000,0.000,0.000,0.000,0.000,0.000,0.000,0.000,2.833,0.000,0.000,0.000,0.000,0.000,0.556,0.000,0.000,0.000,0.173,0.000,0.000,0.000,0.000,0.000,0.000,0.000,0.000,0.000,0.000,0.000,0.000,0.000,0.000,0.000,0.000,0.000,0.000,0.000,0.000,0.000,0.000,0.000,0.000,0.000,0.000,0.000,0.000,0.000,1.354,0.000,0.000,0.124,0.000,0.000,0.000,0.000,0.000,0.000,0.000,0.669,0.000,0.000,0.000,0.000,0.000,0.000,0.000,0.000,0.000,0.000,4.734,0.000,0.000,0.000]
  Iter 40: LB=5.433546  UB=17.096584  gap=6.82e-01
  Cut: intercept=-53.452010, π_x_range=[-265.0000, 58.7043]
  Mini-Benders[1] (mw): LB=5.512055, Z₀(α*)=25.835967, intercept=-27.240053 (2.172s) [OMP=2.062 ISP-L=0.011 ISP-F=0.043 MW-L=0.022 MW-F=0.044]
  Mini-Benders[2] (mw): LB=5.602498, Z₀(α*)=0.934138, intercept=-121.611071 (1.484s) [OMP=1.376 ISP-L=0.011 ISP-F=0.037 MW-L=0.023 MW-F=0.031]
  Mini-Benders[3] (mw): LB=5.602498, Z₀(α*)=0.934138, intercept=-121.611071 (1.953s) [OMP=1.840 ISP-L=0.010 ISP-F=0.037 MW-L=0.023 MW-F=0.041]
  Mini-Benders[4] (mw): LB=5.602498, Z₀(α*)=0.934138, intercept=-121.611071 (1.938s) [OMP=1.829 ISP-L=0.010 ISP-F=0.036 MW-L=0.023 MW-F=0.032]
  Mini-Benders[5]: LB stagnated, break
  α-step: Z₀=21.286259, α=[0.000,0.000,0.000,0.000,0.000,0.000,0.000,0.000,0.000,0.000,0.000,0.000,0.000,0.000,0.000,0.000,0.000,0.000,0.000,0.000,0.000,0.000,0.000,0.000,0.000,0.000,0.000,0.000,0.000,0.000,0.000,0.000,0.000,0.000,0.000,0.000,0.000,0.000,0.000,0.000,0.000,0.000,0.000,0.000,0.000,0.000,0.000,0.000,0.000,0.000,0.687,0.000,0.000,0.000,0.000,0.000,0.000,0.000,0.000,0.000,0.000,5.456,0.000,0.000,0.000,0.000,0.000,0.000,0.000,0.000,0.000,0.000,4.299,0.000,0.000,0.000]
  Alt-Benders[1] (mw): LB=5.720316, Z₀(α*)=8.731802, intercept=-8.005005 (2.328s) [OMP=2.219 ISP-L=0.010 ISP-F=0.042 MW-L=0.023 MW-F=0.036]
  Alt-Benders[2] (mw): LB=5.722874, Z₀(α*)=4.500800, intercept=-21.390636 (1.891s) [OMP=1.768 ISP-L=0.010 ISP-F=0.035 MW-L=0.024 MW-F=0.039]
  Alt-Benders[3] (mw): LB=5.722874, Z₀(α*)=4.500800, intercept=-21.390636 (1.672s) [OMP=1.583 ISP-L=0.010 ISP-F=0.035 MW-L=0.023 MW-F=0.031]
  Alt-Benders[4] (mw): LB=5.722874, Z₀(α*)=4.500800, intercept=-21.390636 (1.688s) [OMP=1.580 ISP-L=0.010 ISP-F=0.034 MW-L=0.023 MW-F=0.038]
  Alt-Benders[5]: LB stagnated, break
  OMP re-solve: 0.000s

=== True-DRO Benders iter 41 ===
  OMP: t₀=5.722874, UB=17.096584, gap=6.65e-01, x=[0, 0, 0, 0, 0, 0, 0, 0, 0, 0, 0, 0, 0, 0, 0, 0, 0, 0, 0, 0, 1, 0, 0, 0, 0, 0, 0, 0, 0, 0, 0, 0, 0, 0, 0, 0, 0, 0, 0, 0, 0, 0, 0, 0, 0, 0, 0, 0, 0, 0, 1, 0, 0, 0, 0, 0, 0, 0, 0, 0, 0, 0, 0, 0, 0, 0, 0, 0, 0, 0, 0, 0, 0, 0, 0, 0] (0.000s)
  Sub: Z₀=24.795227 [LOCAL] (0.4s), α=[0.000,0.000,0.000,0.000,0.000,0.000,0.000,0.000,0.000,0.000,0.000,0.000,0.000,0.000,0.000,0.000,0.000,0.000,0.000,0.000,0.000,0.000,0.000,0.000,0.000,0.000,0.000,0.000,0.000,0.000,0.000,0.000,0.000,0.000,2.625,0.000,0.000,0.000,0.000,0.000,0.000,0.000,0.000,0.000,0.000,0.000,0.000,0.000,0.000,0.000,1.564,0.000,0.000,0.000,0.000,0.000,0.000,0.000,0.000,0.000,0.000,0.000,0.000,0.000,0.000,0.000,0.000,0.000,0.000,0.000,0.000,0.036,6.218,0.000,0.000,0.000]
  Iter 41: LB=5.722874  UB=17.096584  gap=6.65e-01
  Cut: intercept=-1157.010926, π_x_range=[-825.1821, 597.6841]
  Mini-Benders[1] (mw): LB=5.748249, Z₀(α*)=7.378822, intercept=-71.255306 (1.469s) [OMP=1.368 ISP-L=0.011 ISP-F=0.032 MW-L=0.024 MW-F=0.036]
  Mini-Benders[2] (mw): LB=5.760672, Z₀(α*)=15.654898, intercept=-33.890336 (2.125s) [OMP=2.019 ISP-L=0.011 ISP-F=0.035 MW-L=0.023 MW-F=0.029]
  Mini-Benders[3] (mw): LB=5.783743, Z₀(α*)=22.545766, intercept=-24.318314 (2.093s) [OMP=1.992 ISP-L=0.009 ISP-F=0.034 MW-L=0.022 MW-F=0.042]
  Mini-Benders[4] (mw): LB=5.788142, Z₀(α*)=26.857843, intercept=22.525732 (1.610s) [OMP=1.507 ISP-L=0.011 ISP-F=0.035 MW-L=0.022 MW-F=0.032]
  Mini-Benders[5] (mw): LB=5.821062, Z₀(α*)=24.643581, intercept=19.307173 (1.515s) [OMP=1.391 ISP-L=0.010 ISP-F=0.034 MW-L=0.022 MW-F=0.041]
  α-step: Z₀=25.166747, α=[0.000,0.000,0.000,0.000,0.000,0.000,0.000,0.000,0.000,0.000,2.522,0.000,0.000,0.000,0.000,0.000,0.000,0.000,0.000,0.000,0.000,0.000,0.000,0.000,0.000,0.000,0.000,0.000,0.000,0.000,0.000,0.000,0.000,0.000,1.953,0.000,0.000,0.000,0.000,0.000,0.000,0.000,0.000,0.000,0.000,0.000,0.000,0.000,0.000,2.467,0.000,0.000,0.000,0.000,0.000,0.000,0.000,0.000,0.000,0.000,0.000,0.000,0.000,0.000,0.000,0.000,0.000,0.000,0.000,0.000,0.000,0.000,3.501,0.000,0.000,0.000]
  Alt-Benders[1] (mw): LB=5.979128, Z₀(α*)=16.810368, intercept=-16.960543 (1.656s) [OMP=1.542 ISP-L=0.011 ISP-F=0.038 MW-L=0.023 MW-F=0.040]
  Alt-Benders[2] (mw): LB=5.999176, Z₀(α*)=25.712667, intercept=-16.534881 (1.547s) [OMP=1.447 ISP-L=0.010 ISP-F=0.037 MW-L=0.023 MW-F=0.034]
  Alt-Benders[3] (mw): LB=6.002767, Z₀(α*)=10.822624, intercept=-50.532876 (1.610s) [OMP=1.486 ISP-L=0.011 ISP-F=0.037 MW-L=0.023 MW-F=0.041]
  Alt-Benders[4] (mw): LB=6.002767, Z₀(α*)=2.271904, intercept=-46.872294 (1.640s) [OMP=1.542 ISP-L=0.011 ISP-F=0.035 MW-L=0.027 MW-F=0.033]
  Alt-Benders[5] (mw): LB=6.002767, Z₀(α*)=2.271904, intercept=-46.872294 (1.610s) [OMP=1.485 ISP-L=0.011 ISP-F=0.036 MW-L=0.026 MW-F=0.040]
  OMP re-solve: 1.478s

=== True-DRO Benders iter 42 ===
  OMP: t₀=6.002767, UB=17.096584, gap=6.49e-01, x=[0, 0, 0, 0, 0, 0, 0, 0, 0, 0, 0, 0, 0, 1, 0, 0, 0, 0, 0, 0, 0, 0, 0, 0, 0, 0, 0, 0, 0, 0, 0, 0, 0, 0, 0, 0, 0, 0, 0, 0, 0, 0, 0, 0, 0, 0, 0, 0, 0, 0, 0, 0, 0, 1, 0, 0, 0, 0, 0, 0, 0, 0, 0, 0, 0, 0, 0, 0, 0, 0, 0, 0, 0, 0, 0, 0] (0.001s)
  Sub: Z₀=22.040993 [LOCAL] (0.6s), α=[0.000,0.000,0.000,0.000,0.000,0.000,0.000,0.000,0.000,0.000,0.000,0.000,0.000,0.000,0.000,0.000,0.000,0.000,0.000,0.000,0.000,0.000,0.000,0.000,0.000,0.000,0.000,0.000,0.000,0.000,0.000,0.000,0.000,0.000,3.670,0.000,0.000,0.000,0.000,0.000,0.000,0.000,0.000,0.000,0.000,0.000,0.000,0.000,0.000,0.000,0.000,0.000,0.000,5.967,0.000,0.806,0.000,0.000,0.000,0.000,0.000,0.000,0.000,0.000,0.000,0.000,0.000,0.000,0.000,0.000,0.000,0.000,0.000,0.000,0.000,0.000]
  Iter 42: LB=6.002767  UB=17.096584  gap=6.49e-01
  Cut: intercept=-1108.383044, π_x_range=[-826.9688, 586.2136]
  Mini-Benders[1] (mw): LB=6.107805, Z₀(α*)=1.707986, intercept=-7.528693 (1.594s) [OMP=1.483 ISP-L=0.011 ISP-F=0.046 MW-L=0.021 MW-F=0.043]
  Mini-Benders[2] (mw): LB=6.107805, Z₀(α*)=1.707986, intercept=-7.528693 (1.547s) [OMP=1.423 ISP-L=0.011 ISP-F=0.045 MW-L=0.021 MW-F=0.034]
  Mini-Benders[3] (mw): LB=6.107805, Z₀(α*)=1.707986, intercept=-7.528693 (1.562s) [OMP=1.449 ISP-L=0.011 ISP-F=0.045 MW-L=0.020 MW-F=0.042]
  Mini-Benders[4]: LB stagnated, break
  α-step: Z₀=26.898899, α=[0.000,0.000,0.000,0.000,0.000,0.000,0.000,0.000,0.000,0.000,0.000,0.000,0.000,0.000,0.000,0.000,1.958,0.000,0.000,0.000,0.000,0.000,0.000,0.000,0.000,0.000,0.000,0.000,0.000,0.000,0.000,0.000,0.000,0.000,5.548,0.000,0.000,0.000,0.000,0.000,0.000,0.000,0.000,0.000,0.000,0.000,0.000,0.000,0.000,0.000,0.998,0.000,0.000,0.000,0.000,0.000,0.000,0.000,0.000,0.000,0.000,0.000,0.000,0.000,0.000,0.000,0.000,0.000,0.000,0.000,0.000,0.000,1.939,0.000,0.000,0.000]
  Alt-Benders[1] (mw): LB=6.198401, Z₀(α*)=21.080167, intercept=-25.923306 (1.688s) [OMP=1.560 ISP-L=0.010 ISP-F=0.031 MW-L=0.024 MW-F=0.059]
  Alt-Benders[2] (mw): LB=6.213013, Z₀(α*)=21.069726, intercept=-45.624261 (1.672s) [OMP=1.577 ISP-L=0.010 ISP-F=0.036 MW-L=0.023 MW-F=0.036]
  Alt-Benders[3] (mw): LB=6.289373, Z₀(α*)=11.143831, intercept=-28.205114 (1.703s) [OMP=1.579 ISP-L=0.011 ISP-F=0.037 MW-L=0.019 MW-F=0.040]
  Alt-Benders[4] (mw): LB=6.346176, Z₀(α*)=19.686717, intercept=-1.169939 (1.640s) [OMP=1.546 ISP-L=0.010 ISP-F=0.039 MW-L=0.021 MW-F=0.035]
  Alt-Benders[5] (mw): LB=6.504197, Z₀(α*)=-32.780037, intercept=-56.996882 (1.750s) [OMP=1.641 ISP-L=0.010 ISP-F=0.028 MW-L=0.024 MW-F=0.039]
  OMP re-solve: 1.645s

=== True-DRO Benders iter 43 ===
  OMP: t₀=6.504197, UB=17.096584, gap=6.20e-01, x=[0, 0, 0, 0, 0, 0, 0, 0, 0, 0, 0, 0, 0, 0, 0, 0, 1, 0, 0, 0, 0, 0, 0, 0, 0, 0, 0, 0, 0, 0, 0, 0, 0, 0, 0, 0, 0, 0, 0, 0, 0, 0, 0, 0, 0, 0, 0, 0, 0, 0, 0, 0, 0, 0, 0, 0, 0, 0, 0, 0, 0, 0, 0, 0, 0, 0, 0, 0, 0, 0, 0, 1, 0, 0, 0, 0] (0.000s)
  Sub: Z₀=20.767805 [LOCAL] (0.3s), α=[0.000,0.000,0.000,0.000,0.000,0.000,0.000,0.000,0.000,0.000,0.000,0.000,0.000,0.000,0.000,0.000,0.000,0.000,0.000,0.000,0.000,0.000,0.000,0.000,0.000,0.000,0.000,0.000,0.000,0.000,0.000,0.000,0.000,0.000,0.000,0.000,0.000,0.000,0.000,0.000,0.000,0.000,0.000,0.000,0.000,0.000,0.000,0.000,0.000,0.000,0.000,0.000,0.000,0.000,0.000,0.000,0.000,0.000,0.000,0.000,0.000,0.000,0.000,0.000,0.000,0.000,0.000,0.000,0.000,0.000,0.000,7.186,3.257,0.000,0.000,0.000]
  Iter 43: LB=6.504197  UB=17.096584  gap=6.20e-01
  Cut: intercept=-1130.361939, π_x_range=[-825.1778, 585.2427]
  Mini-Benders[1] (mw): LB=6.844098, Z₀(α*)=-12.417997, intercept=-47.595631 (1.672s) [OMP=1.555 ISP-L=0.011 ISP-F=0.037 MW-L=0.023 MW-F=0.044]
  Mini-Benders[2] (mw): LB=6.844098, Z₀(α*)=-12.417997, intercept=-47.595631 (1.657s) [OMP=1.553 ISP-L=0.010 ISP-F=0.037 MW-L=0.023 MW-F=0.035]
  Mini-Benders[3] (mw): LB=6.844098, Z₀(α*)=-12.417997, intercept=-47.595631 (1.687s) [OMP=1.563 ISP-L=0.010 ISP-F=0.037 MW-L=0.023 MW-F=0.044]
  Mini-Benders[4]: LB stagnated, break
  α-step: Z₀=23.218932, α=[0.000,0.000,0.000,0.000,0.000,0.000,0.000,0.000,0.000,0.000,0.000,0.000,0.000,0.000,0.000,0.000,0.000,0.000,0.000,0.000,0.000,0.000,0.000,0.000,0.000,0.000,0.000,0.000,0.000,0.000,0.000,0.000,0.000,0.000,0.000,0.000,0.000,0.000,0.000,0.000,0.000,0.000,0.000,0.000,0.000,0.000,0.000,0.000,0.000,0.000,1.297,0.000,0.000,0.000,0.000,0.000,0.000,0.000,0.000,0.000,0.000,0.000,0.000,0.000,0.000,0.000,0.000,0.000,0.000,0.000,0.000,0.000,9.146,0.000,0.000,0.000]
  Alt-Benders[1] (mw): LB=7.038123, Z₀(α*)=14.820490, intercept=-46.398788 (1.703s) [OMP=1.602 ISP-L=0.010 ISP-F=0.031 MW-L=0.023 MW-F=0.038]
  Alt-Benders[2] (mw): LB=7.075969, Z₀(α*)=24.826282, intercept=-22.317950 (1.656s) [OMP=1.551 ISP-L=0.010 ISP-F=0.034 MW-L=0.024 MW-F=0.033]
  Alt-Benders[3] (mw): LB=7.187106, Z₀(α*)=10.874517, intercept=-25.707812 (1.672s) [OMP=1.568 ISP-L=0.009 ISP-F=0.032 MW-L=0.023 MW-F=0.036]
  Alt-Benders[4] (mw): LB=7.220098, Z₀(α*)=22.212787, intercept=-31.795517 (1.656s) [OMP=1.537 ISP-L=0.010 ISP-F=0.037 MW-L=0.032 MW-F=0.032]
  Alt-Benders[5] (mw): LB=7.260612, Z₀(α*)=-7.676247, intercept=-58.087177 (1.625s) [OMP=1.527 ISP-L=0.010 ISP-F=0.033 MW-L=0.022 MW-F=0.031]
  OMP re-solve: 1.495s

=== True-DRO Benders iter 44 ===
  OMP: t₀=7.260612, UB=17.096584, gap=5.75e-01, x=[0, 0, 0, 0, 0, 0, 0, 0, 0, 0, 0, 0, 0, 1, 0, 0, 0, 0, 0, 0, 0, 0, 0, 0, 0, 0, 0, 0, 0, 0, 0, 0, 0, 0, 0, 0, 0, 0, 0, 0, 0, 0, 0, 0, 0, 0, 0, 0, 0, 0, 0, 1, 0, 0, 0, 0, 0, 0, 0, 0, 0, 0, 0, 0, 0, 0, 0, 0, 0, 0, 0, 0, 0, 0, 0, 0] (0.001s)
  Sub: Z₀=22.660404 [LOCAL] (0.6s), α=[0.000,0.000,0.000,0.000,0.000,0.000,0.000,0.000,0.000,0.000,0.000,0.000,0.000,1.222,0.000,0.000,0.000,0.000,0.000,0.000,0.000,0.000,0.000,0.000,0.000,0.000,0.000,0.000,0.000,0.000,0.000,0.000,0.000,0.000,2.784,0.000,0.000,0.000,0.000,0.000,0.000,0.000,0.000,0.000,0.000,0.000,0.000,0.000,0.000,0.000,0.000,4.387,0.000,0.000,0.000,0.000,0.000,0.000,0.000,0.000,0.000,0.000,0.000,0.000,0.000,0.000,0.000,0.000,0.000,0.000,0.000,0.195,1.856,0.000,0.000,0.000]
  Iter 44: LB=7.260612  UB=17.096584  gap=5.75e-01
  Cut: intercept=-1119.775701, π_x_range=[-826.3811, 582.8558]
  Mini-Benders[1] (mw): LB=7.307728, Z₀(α*)=7.847325, intercept=-33.710498 (1.625s) [OMP=1.530 ISP-L=0.010 ISP-F=0.039 MW-L=0.023 MW-F=0.033]
  Mini-Benders[2] (mw): LB=7.378820, Z₀(α*)=-23.869334, intercept=-72.890207 (1.641s) [OMP=1.516 ISP-L=0.011 ISP-F=0.032 MW-L=0.033 MW-F=0.032]
  Mini-Benders[3] (mw): LB=7.378820, Z₀(α*)=-23.869334, intercept=-72.890207 (2.266s) [OMP=2.171 ISP-L=0.011 ISP-F=0.032 MW-L=0.025 MW-F=0.033]
  Mini-Benders[4] (mw): LB=7.378820, Z₀(α*)=-23.869334, intercept=-72.890207 (2.297s) [OMP=2.177 ISP-L=0.011 ISP-F=0.032 MW-L=0.034 MW-F=0.033]
  Mini-Benders[5]: LB stagnated, break
  α-step: Z₀=16.136436, α=[0.000,0.000,0.000,0.000,0.000,0.000,0.000,0.000,0.000,0.000,0.000,0.000,0.000,0.000,0.000,0.000,0.000,0.000,0.000,0.000,0.000,0.000,0.000,0.000,0.000,0.000,0.000,0.000,0.000,0.000,0.000,0.000,0.000,0.000,5.934,0.000,0.000,0.000,0.000,0.000,0.000,0.000,0.000,0.000,0.000,0.000,0.000,0.000,0.000,0.000,0.000,0.000,0.000,0.000,0.000,0.000,0.000,0.000,0.000,0.000,0.000,0.000,0.000,0.000,0.000,0.000,0.000,0.000,0.000,0.000,0.000,0.000,4.509,0.000,0.000,0.000]
  Alt-Benders[1] (mw): LB=7.383147, Z₀(α*)=25.754325, intercept=16.201371 (1.734s) [OMP=1.634 ISP-L=0.011 ISP-F=0.035 MW-L=0.029 MW-F=0.029]
  Alt-Benders[2] (mw): LB=7.391374, Z₀(α*)=15.210507, intercept=-60.992180 (1.688s) [OMP=1.585 ISP-L=0.009 ISP-F=0.031 MW-L=0.022 MW-F=0.033]
  Alt-Benders[3] (mw): LB=7.555343, Z₀(α*)=25.826808, intercept=13.878314 (1.718s) [OMP=1.606 ISP-L=0.010 ISP-F=0.033 MW-L=0.032 MW-F=0.030]
  Alt-Benders[4] (mw): LB=7.642924, Z₀(α*)=11.126049, intercept=-71.416298 (1.641s) [OMP=1.547 ISP-L=0.009 ISP-F=0.034 MW-L=0.023 MW-F=0.033]
  Alt-Benders[5] (mw): LB=7.704765, Z₀(α*)=24.564797, intercept=-10.915107 (1.734s) [OMP=1.621 ISP-L=0.010 ISP-F=0.036 MW-L=0.034 MW-F=0.029]
  OMP re-solve: 1.588s

=== True-DRO Benders iter 45 ===
  OMP: t₀=7.751039, UB=17.096584, gap=5.47e-01, x=[0, 0, 0, 0, 0, 0, 0, 1, 0, 0, 0, 0, 0, 0, 0, 0, 0, 0, 0, 0, 0, 0, 0, 0, 0, 0, 0, 0, 0, 0, 0, 0, 0, 0, 0, 0, 0, 0, 0, 0, 0, 0, 0, 0, 0, 0, 0, 0, 0, 0, 0, 1, 0, 0, 0, 0, 0, 0, 0, 0, 0, 0, 0, 0, 0, 0, 0, 0, 0, 0, 0, 0, 0, 0, 0, 0] (0.001s)
  Sub: Z₀=23.528753 [TIME_LIMIT] (15.2s), α=[0.000,0.000,0.000,0.000,0.000,0.000,0.000,0.000,0.000,0.000,0.000,0.000,0.000,0.000,0.000,0.000,0.000,0.000,0.000,0.000,0.000,0.000,0.000,0.000,0.000,0.000,0.000,0.000,0.000,0.000,0.000,0.000,0.000,0.000,2.825,0.000,0.000,0.000,0.000,0.000,0.000,0.000,0.000,0.000,0.000,0.000,0.000,0.000,0.000,0.000,1.232,3.378,0.000,0.000,0.000,0.000,0.000,0.000,0.000,0.000,0.000,0.000,0.000,0.000,0.000,0.000,0.000,0.000,0.000,0.000,0.000,0.237,2.771,0.000,0.000,0.000]
  Iter 45: LB=7.751039  UB=17.096584  gap=5.47e-01
  Cut: intercept=-98.942392, π_x_range=[-274.0000, 68.9211]
  Mini-Benders[1] (mw): LB=7.773385, Z₀(α*)=4.580425, intercept=-103.762672 (1.672s) [OMP=1.555 ISP-L=0.011 ISP-F=0.038 MW-L=0.031 MW-F=0.040]
  Mini-Benders[2] (mw): LB=7.773385, Z₀(α*)=4.580425, intercept=-103.762672 (1.593s) [OMP=1.470 ISP-L=0.011 ISP-F=0.037 MW-L=0.023 MW-F=0.039]
  Mini-Benders[3] (mw): LB=7.773385, Z₀(α*)=4.580425, intercept=-103.762672 (1.578s) [OMP=1.466 ISP-L=0.011 ISP-F=0.037 MW-L=0.031 MW-F=0.038]
  Mini-Benders[4]: LB stagnated, break
  α-step: Z₀=24.876969, α=[0.000,0.000,0.000,0.000,0.000,0.000,0.000,0.000,0.000,0.000,0.000,0.000,0.000,0.000,0.000,0.000,0.970,0.000,0.000,0.000,0.000,0.000,0.000,0.000,0.000,0.000,0.000,0.000,0.000,0.000,0.000,0.000,0.000,0.000,0.000,0.000,0.000,0.000,0.000,0.000,0.000,0.000,0.000,0.000,0.000,0.000,0.000,0.000,0.000,0.000,2.478,0.000,0.000,0.000,0.000,0.000,0.000,0.000,0.000,0.000,0.000,0.669,0.000,0.000,0.000,0.000,0.000,0.000,0.000,0.000,0.000,0.000,6.326,0.000,0.000,0.000]
  Alt-Benders[1] (mw): LB=7.779650, Z₀(α*)=-4.495817, intercept=-83.769051 (1.688s) [OMP=1.580 ISP-L=0.009 ISP-F=0.030 MW-L=0.030 MW-F=0.034]
  Alt-Benders[2] (mw): LB=7.779650, Z₀(α*)=-4.495817, intercept=-83.769051 (1.719s) [OMP=1.614 ISP-L=0.009 ISP-F=0.030 MW-L=0.022 MW-F=0.034]
  Alt-Benders[3] (mw): LB=7.779650, Z₀(α*)=-4.495817, intercept=-83.769051 (1.718s) [OMP=1.621 ISP-L=0.009 ISP-F=0.029 MW-L=0.031 MW-F=0.034]
  Alt-Benders[4]: LB stagnated, break
  OMP re-solve: 0.001s

=== True-DRO Benders iter 46 ===
  OMP: t₀=7.779650, UB=17.096584, gap=5.45e-01, x=[0, 0, 0, 0, 0, 0, 0, 0, 0, 0, 0, 0, 0, 1, 0, 0, 0, 0, 0, 0, 0, 0, 0, 0, 0, 0, 0, 0, 0, 0, 0, 0, 0, 0, 0, 0, 0, 0, 0, 0, 0, 0, 1, 0, 0, 0, 0, 0, 0, 0, 0, 0, 0, 0, 0, 0, 0, 0, 0, 0, 0, 0, 0, 0, 0, 0, 0, 0, 0, 0, 0, 0, 0, 0, 0, 0] (0.001s)
  Sub: Z₀=23.328227 [LOCAL] (0.6s), α=[0.000,0.000,0.000,0.000,0.000,0.000,0.000,0.000,0.000,0.000,0.000,0.000,0.000,4.132,0.000,0.000,0.000,0.000,0.000,0.000,0.000,0.000,0.000,0.000,0.000,0.000,0.000,0.000,0.000,0.000,0.000,0.000,0.000,0.000,1.899,0.000,0.000,0.000,0.000,0.000,0.000,0.000,1.966,0.000,0.000,0.000,0.000,0.000,0.000,0.000,0.000,0.000,0.000,0.000,0.000,0.000,0.000,0.000,0.000,0.000,0.000,0.000,0.000,0.000,0.000,0.000,0.000,0.000,0.000,0.000,0.000,0.000,2.446,0.000,0.000,0.000]
  Iter 46: LB=7.779650  UB=17.096584  gap=5.45e-01
  Cut: intercept=-1103.375822, π_x_range=[-825.1091, 585.8220]
  Mini-Benders[1] (mw): LB=7.815783, Z₀(α*)=1.176544, intercept=-57.006372 (1.703s) [OMP=1.583 ISP-L=0.010 ISP-F=0.033 MW-L=0.029 MW-F=0.043]
  Mini-Benders[2] (mw): LB=7.815783, Z₀(α*)=1.176544, intercept=-57.006372 (1.656s) [OMP=1.553 ISP-L=0.010 ISP-F=0.033 MW-L=0.022 MW-F=0.042]
  Mini-Benders[3] (mw): LB=7.815783, Z₀(α*)=1.176544, intercept=-57.006372 (1.688s) [OMP=1.563 ISP-L=0.011 ISP-F=0.034 MW-L=0.032 MW-F=0.043]
  Mini-Benders[4]: LB stagnated, break
  α-step: Z₀=25.267156, α=[0.000,0.000,0.000,0.000,0.000,0.000,0.000,0.000,0.000,0.000,0.000,0.000,0.000,0.000,0.000,0.000,1.969,0.000,0.000,0.000,0.000,0.000,0.000,0.000,0.000,0.000,0.000,0.000,0.000,0.000,0.000,0.000,0.000,0.000,2.589,0.000,0.000,0.000,0.000,0.000,0.000,0.000,0.000,0.000,0.000,0.000,0.000,0.000,0.000,0.000,0.565,0.000,0.000,0.000,0.000,0.000,0.000,0.000,0.000,0.000,0.000,0.000,0.000,0.000,0.000,0.000,0.000,0.000,0.000,0.000,0.000,0.000,5.319,0.000,0.000,0.000]
  Alt-Benders[1] (mw): LB=7.834874, Z₀(α*)=12.193968, intercept=-78.241421 (1.703s) [OMP=1.585 ISP-L=0.011 ISP-F=0.035 MW-L=0.030 MW-F=0.031]
  Alt-Benders[2] (mw): LB=7.847323, Z₀(α*)=26.946648, intercept=11.281313 (1.719s) [OMP=1.590 ISP-L=0.009 ISP-F=0.036 MW-L=0.024 MW-F=0.058]
  Alt-Benders[3] (mw): LB=7.956258, Z₀(α*)=-0.528869, intercept=-67.016813 (1.703s) [OMP=1.595 ISP-L=0.011 ISP-F=0.030 MW-L=0.032 MW-F=0.032]
  Alt-Benders[4] (mw): LB=7.956258, Z₀(α*)=-0.528869, intercept=-67.016813 (1.750s) [OMP=1.645 ISP-L=0.011 ISP-F=0.031 MW-L=0.023 MW-F=0.032]
  Alt-Benders[5] (mw): LB=7.956258, Z₀(α*)=-0.528869, intercept=-67.016813 (1.750s) [OMP=1.651 ISP-L=0.011 ISP-F=0.030 MW-L=0.031 MW-F=0.032]
  OMP re-solve: 1.615s

=== True-DRO Benders iter 47 ===
  OMP: t₀=7.956258, UB=17.096584, gap=5.35e-01, x=[0, 0, 0, 0, 0, 0, 0, 0, 0, 0, 0, 0, 0, 0, 0, 0, 0, 0, 0, 0, 0, 0, 0, 0, 0, 0, 0, 0, 0, 1, 0, 0, 0, 0, 0, 0, 0, 0, 0, 0, 0, 0, 0, 0, 0, 0, 0, 0, 0, 0, 0, 0, 0, 0, 0, 0, 0, 0, 0, 0, 0, 0, 0, 0, 0, 0, 0, 0, 0, 0, 0, 1, 0, 0, 0, 0] (0.001s)
  Sub: Z₀=20.521661 [LOCAL] (0.4s), α=[0.000,0.000,0.000,0.000,0.000,0.000,0.000,0.000,0.000,0.000,0.000,0.000,0.000,0.000,0.000,0.000,0.000,0.000,0.000,0.000,0.000,0.000,0.000,0.000,0.000,0.000,0.000,0.000,0.000,0.000,0.000,0.000,0.000,0.000,0.000,0.000,0.000,0.000,0.000,0.000,0.000,0.000,0.000,0.000,0.000,0.000,0.000,0.000,0.000,0.000,0.000,0.000,0.000,0.000,0.000,0.000,0.000,0.000,0.000,0.000,0.000,0.000,0.000,0.000,0.000,0.000,0.000,0.000,0.000,0.000,0.000,7.186,3.257,0.000,0.000,0.000]
  Iter 47: LB=7.956258  UB=17.096584  gap=5.35e-01
  Cut: intercept=-1134.768590, π_x_range=[-825.3409, 592.3382]
  Mini-Benders[1] (mw): LB=7.996597, Z₀(α*)=-21.043182, intercept=-41.873436 (1.735s) [OMP=1.617 ISP-L=0.010 ISP-F=0.033 MW-L=0.031 MW-F=0.036]
  Mini-Benders[2] (mw): LB=7.996597, Z₀(α*)=-21.043182, intercept=-41.873436 (1.687s) [OMP=1.590 ISP-L=0.010 ISP-F=0.033 MW-L=0.023 MW-F=0.036]
  Mini-Benders[3] (mw): LB=7.996597, Z₀(α*)=-21.043182, intercept=-41.873436 (1.735s) [OMP=1.614 ISP-L=0.010 ISP-F=0.033 MW-L=0.032 MW-F=0.037]
  Mini-Benders[4]: LB stagnated, break
  α-step: Z₀=20.959719, α=[0.000,0.000,0.000,0.000,0.000,0.000,0.000,0.000,0.000,0.000,0.000,0.000,0.000,0.000,0.000,0.000,0.000,0.000,0.000,0.000,0.000,0.000,0.000,0.000,0.000,0.000,0.000,0.000,0.000,0.000,0.000,0.000,0.000,0.000,6.831,0.000,0.000,0.000,0.000,0.000,0.000,0.000,0.000,0.000,0.000,0.000,0.000,0.000,0.000,0.000,0.000,0.000,0.000,0.000,0.000,0.000,0.000,0.000,0.000,0.000,0.000,0.000,0.000,0.000,0.000,0.000,0.000,0.000,0.000,0.000,0.000,0.000,3.612,0.000,0.000,0.000]
  Alt-Benders[1] (mw): LB=8.028965, Z₀(α*)=24.459417, intercept=8.799546 (1.718s) [OMP=1.599 ISP-L=0.010 ISP-F=0.036 MW-L=0.030 MW-F=0.032]
  Alt-Benders[2] (mw): LB=8.037138, Z₀(α*)=13.619079, intercept=-41.582932 (1.688s) [OMP=1.592 ISP-L=0.010 ISP-F=0.035 MW-L=0.022 MW-F=0.033]
  Alt-Benders[3] (mw): LB=8.069097, Z₀(α*)=13.002404, intercept=-83.207969 (1.641s) [OMP=1.536 ISP-L=0.009 ISP-F=0.033 MW-L=0.030 MW-F=0.034]
  Alt-Benders[4] (mw): LB=8.131181, Z₀(α*)=9.676457, intercept=-63.377098 (1.671s) [OMP=1.563 ISP-L=0.009 ISP-F=0.036 MW-L=0.021 MW-F=0.031]
  Alt-Benders[5] (mw): LB=8.154820, Z₀(α*)=-14.179611, intercept=-71.628400 (1.719s) [OMP=1.607 ISP-L=0.010 ISP-F=0.031 MW-L=0.033 MW-F=0.035]
  OMP re-solve: 1.587s

=== True-DRO Benders iter 48 ===
  OMP: t₀=8.154820, UB=17.096584, gap=5.23e-01, x=[0, 0, 0, 0, 0, 0, 0, 0, 0, 0, 1, 0, 0, 0, 0, 0, 0, 0, 0, 0, 0, 0, 0, 0, 0, 0, 0, 0, 0, 0, 0, 0, 0, 0, 0, 0, 0, 0, 0, 0, 0, 0, 0, 0, 0, 0, 0, 0, 0, 0, 0, 0, 0, 0, 0, 0, 0, 0, 0, 0, 0, 0, 0, 0, 0, 0, 0, 0, 0, 0, 0, 1, 0, 0, 0, 0] (0.001s)
  Sub: Z₀=20.416900 [LOCAL] (0.4s), α=[0.000,0.000,0.000,0.000,0.000,0.000,0.000,0.000,0.000,0.000,0.000,0.000,0.000,0.000,0.000,0.000,0.000,0.000,0.000,0.000,0.000,0.000,0.000,0.000,0.000,0.000,0.000,0.000,0.000,0.000,0.000,0.000,0.000,0.000,0.000,0.000,0.000,0.000,0.000,0.000,0.000,0.000,0.000,0.000,0.000,0.000,0.000,0.000,0.000,0.000,0.000,0.000,0.000,0.000,0.000,0.000,0.000,0.000,0.000,0.000,0.000,0.000,0.000,0.000,0.000,0.000,0.000,0.000,0.000,0.000,0.000,7.997,2.446,0.000,0.000,0.000]
  Iter 48: LB=8.154820  UB=17.096584  gap=5.23e-01
  Cut: intercept=-1120.432071, π_x_range=[-825.6936, 581.4028]
  Mini-Benders[1] (mw): LB=8.319916, Z₀(α*)=-10.555534, intercept=-59.196111 (1.734s) [OMP=1.633 ISP-L=0.009 ISP-F=0.030 MW-L=0.029 MW-F=0.033]
  Mini-Benders[2] (mw): LB=8.319916, Z₀(α*)=-10.555534, intercept=-59.196111 (1.688s) [OMP=1.584 ISP-L=0.009 ISP-F=0.030 MW-L=0.021 MW-F=0.032]
  Mini-Benders[3] (mw): LB=8.319916, Z₀(α*)=-10.555534, intercept=-59.196111 (1.672s) [OMP=1.577 ISP-L=0.009 ISP-F=0.031 MW-L=0.030 MW-F=0.033]
  Mini-Benders[4]: LB stagnated, break
  α-step: Z₀=25.813177, α=[0.000,0.000,0.000,0.000,0.000,0.000,0.000,0.000,0.000,0.000,2.717,0.000,0.000,0.000,0.000,0.000,0.822,0.000,0.000,0.000,0.000,0.000,0.000,0.000,0.000,0.000,0.000,0.000,0.000,0.000,0.000,0.000,0.000,0.000,0.584,0.000,0.000,0.000,0.000,0.000,0.000,0.000,3.063,0.000,0.000,0.000,0.000,0.000,0.000,0.000,0.000,0.000,0.000,0.000,0.000,0.000,0.000,0.000,0.000,0.000,0.000,0.000,0.000,0.000,0.000,0.000,0.000,0.000,0.000,0.000,0.000,0.000,3.257,0.000,0.000,0.000]
  Alt-Benders[1] (mw): LB=8.328488, Z₀(α*)=20.148651, intercept=-69.299031 (1.672s) [OMP=1.549 ISP-L=0.009 ISP-F=0.033 MW-L=0.032 MW-F=0.033]
  Alt-Benders[2] (mw): LB=8.436893, Z₀(α*)=12.965713, intercept=-15.861636 (1.797s) [OMP=1.702 ISP-L=0.010 ISP-F=0.034 MW-L=0.022 MW-F=0.027]
  Alt-Benders[3] (mw): LB=8.440319, Z₀(α*)=-18.536487, intercept=-16.968875 (1.719s) [OMP=1.616 ISP-L=0.010 ISP-F=0.033 MW-L=0.033 MW-F=0.033]
  Alt-Benders[4] (mw): LB=8.440319, Z₀(α*)=-18.536487, intercept=-16.968875 (1.718s) [OMP=1.613 ISP-L=0.011 ISP-F=0.034 MW-L=0.024 MW-F=0.034]
  Alt-Benders[5] (mw): LB=8.440319, Z₀(α*)=-18.536487, intercept=-16.968875 (1.735s) [OMP=1.614 ISP-L=0.010 ISP-F=0.034 MW-L=0.032 MW-F=0.034]
  OMP re-solve: 1.621s

=== True-DRO Benders iter 49 ===
  OMP: t₀=8.440319, UB=17.096584, gap=5.06e-01, x=[0, 0, 0, 0, 0, 0, 0, 0, 0, 0, 0, 0, 0, 0, 0, 0, 0, 0, 0, 0, 0, 0, 0, 0, 0, 0, 0, 0, 0, 0, 0, 0, 0, 0, 0, 0, 0, 0, 0, 0, 0, 0, 0, 0, 0, 0, 1, 0, 0, 0, 0, 0, 0, 0, 0, 0, 0, 0, 0, 0, 0, 0, 0, 0, 0, 0, 0, 0, 0, 0, 0, 0, 1, 0, 0, 0] (0.001s)
  Sub: Z₀=23.894806 [LOCAL] (0.4s), α=[0.000,0.000,0.000,0.000,0.000,0.000,0.000,0.000,0.000,0.000,0.000,0.000,0.000,0.000,0.000,0.000,0.000,0.000,0.000,0.000,0.000,0.000,0.000,0.000,0.000,0.000,0.000,0.000,0.000,0.000,0.000,0.000,0.000,0.000,0.708,0.000,0.000,0.000,0.000,0.000,0.000,0.000,0.000,0.000,0.000,0.000,0.000,0.000,0.000,0.000,0.000,0.000,0.000,0.000,0.000,0.000,0.000,0.000,0.000,0.000,0.000,0.000,0.000,0.000,0.000,0.000,0.000,0.000,0.000,0.000,0.000,0.000,9.735,0.000,0.000,0.000]
  Iter 49: LB=8.440319  UB=17.096584  gap=5.06e-01
  Cut: intercept=-1133.171483, π_x_range=[-827.4325, 578.8073]
  Mini-Benders[1] (mw): LB=8.487584, Z₀(α*)=24.798634, intercept=25.726872 (1.765s) [OMP=1.651 ISP-L=0.010 ISP-F=0.036 MW-L=0.030 MW-F=0.034]
  Mini-Benders[2] (mw): LB=8.607194, Z₀(α*)=20.402976, intercept=-57.292162 (1.641s) [OMP=1.537 ISP-L=0.011 ISP-F=0.035 MW-L=0.022 MW-F=0.032]
  Mini-Benders[3] (mw): LB=8.660007, Z₀(α*)=26.348990, intercept=12.545382 (1.859s) [OMP=1.741 ISP-L=0.011 ISP-F=0.033 MW-L=0.031 MW-F=0.032]
  Mini-Benders[4] (mw): LB=8.674680, Z₀(α*)=22.794179, intercept=-15.401723 (1.985s) [OMP=1.886 ISP-L=0.011 ISP-F=0.032 MW-L=0.023 MW-F=0.036]
  Mini-Benders[5] (mw): LB=8.731800, Z₀(α*)=25.838509, intercept=-38.225479 (2.359s) [OMP=2.225 ISP-L=0.010 ISP-F=0.032 MW-L=0.023 MW-F=0.061]
  α-step: Z₀=24.477545, α=[0.000,0.000,0.000,0.000,0.000,0.000,0.000,0.000,0.000,0.000,0.000,0.000,0.000,0.000,0.000,0.000,0.663,0.000,0.000,0.000,0.000,0.000,0.000,0.000,0.000,0.000,0.000,0.000,0.000,0.000,0.000,0.000,0.000,0.000,2.589,0.000,0.000,0.000,0.000,0.000,0.000,0.000,0.000,0.000,0.000,0.000,0.000,0.000,0.000,0.000,0.000,0.000,0.000,0.000,0.000,0.000,0.000,0.000,0.000,0.000,0.000,0.000,0.000,0.000,0.000,0.000,0.000,0.000,0.000,0.000,0.000,0.000,7.191,0.000,0.000,0.000]
  Alt-Benders[1] (mw): LB=8.834415, Z₀(α*)=4.773933, intercept=-25.249455 (1.813s) [OMP=1.695 ISP-L=0.010 ISP-F=0.034 MW-L=0.023 MW-F=0.044]
  Alt-Benders[2] (mw): LB=8.834415, Z₀(α*)=4.773933, intercept=-25.249455 (1.625s) [OMP=1.524 ISP-L=0.010 ISP-F=0.035 MW-L=0.023 MW-F=0.035]
  Alt-Benders[3] (mw): LB=8.834415, Z₀(α*)=4.773933, intercept=-25.249455 (1.625s) [OMP=1.503 ISP-L=0.010 ISP-F=0.034 MW-L=0.023 MW-F=0.042]
  Alt-Benders[4]: LB stagnated, break
  OMP re-solve: 0.001s

=== True-DRO Benders iter 50 ===
  OMP: t₀=8.834415, UB=17.096584, gap=4.83e-01, x=[0, 0, 0, 0, 0, 0, 0, 0, 0, 0, 0, 0, 0, 0, 0, 0, 0, 0, 0, 0, 0, 0, 0, 0, 0, 0, 0, 0, 0, 0, 0, 0, 0, 0, 0, 0, 0, 0, 0, 0, 0, 0, 0, 0, 0, 0, 0, 0, 0, 0, 0, 1, 0, 0, 0, 0, 0, 0, 0, 0, 0, 0, 0, 0, 0, 0, 0, 0, 1, 0, 0, 0, 0, 0, 0, 0] (0.001s)
  Sub: Z₀=23.786434 [TIME_LIMIT] (15.2s), α=[0.000,0.000,0.000,0.000,0.000,0.000,0.000,0.000,0.000,0.000,0.000,0.000,0.000,0.000,0.000,0.000,0.000,0.000,0.000,0.000,0.000,0.000,0.000,0.000,0.000,0.000,0.000,0.000,0.000,0.000,0.000,0.000,0.000,0.000,2.732,0.000,0.000,0.000,0.000,0.000,0.000,0.000,0.000,0.000,0.000,0.000,0.000,0.000,0.000,0.000,1.231,3.472,0.000,0.000,0.000,0.000,0.000,0.000,0.000,0.000,0.000,0.000,0.000,0.000,0.000,0.000,0.000,0.000,0.000,0.000,0.000,0.144,2.864,0.000,0.000,0.000]
  Iter 50: LB=8.834415  UB=17.096584  gap=4.83e-01
  Cut: intercept=-67.435123, π_x_range=[-274.0000, 68.8306]
  Mini-Benders[1] (mw): LB=9.005541, Z₀(α*)=-1.755405, intercept=-125.172392 (1.922s) [OMP=1.812 ISP-L=0.011 ISP-F=0.034 MW-L=0.024 MW-F=0.040]
  Mini-Benders[2] (mw): LB=9.005541, Z₀(α*)=-1.755405, intercept=-125.172392 (2.359s) [OMP=2.252 ISP-L=0.011 ISP-F=0.032 MW-L=0.024 MW-F=0.033]
  Mini-Benders[3] (mw): LB=9.005541, Z₀(α*)=-1.755405, intercept=-125.172392 (2.281s) [OMP=2.179 ISP-L=0.010 ISP-F=0.034 MW-L=0.025 MW-F=0.042]
  Mini-Benders[4]: LB stagnated, break
  α-step: Z₀=20.280716, α=[0.000,0.000,0.000,0.000,0.000,0.000,0.000,0.000,0.000,0.000,0.000,0.000,0.000,0.000,0.000,0.000,0.000,0.000,0.000,0.000,0.000,0.000,0.000,0.000,0.000,0.000,0.000,0.000,0.000,0.000,0.000,0.000,0.000,0.000,5.607,0.000,0.000,0.000,0.000,0.000,0.000,0.000,0.000,0.000,0.000,0.000,0.000,0.000,0.000,0.000,0.041,0.000,0.000,0.000,0.000,0.000,0.000,0.000,0.000,0.000,0.000,0.000,0.000,0.000,0.000,0.000,0.000,0.000,0.000,0.000,0.000,0.000,4.795,0.000,0.000,0.000]
  Alt-Benders[1] (mw): LB=9.037453, Z₀(α*)=26.319134, intercept=18.300112 (2.079s) [OMP=1.951 ISP-L=0.011 ISP-F=0.033 MW-L=0.021 MW-F=0.065]
  Alt-Benders[2] (mw): LB=9.169669, Z₀(α*)=24.950749, intercept=-1.359443 (1.718s) [OMP=1.607 ISP-L=0.010 ISP-F=0.037 MW-L=0.021 MW-F=0.037]
  Alt-Benders[3] (mw): LB=9.278013, Z₀(α*)=26.373075, intercept=8.806895 (1.953s) [OMP=1.822 ISP-L=0.010 ISP-F=0.035 MW-L=0.022 MW-F=0.064]
  Alt-Benders[4] (mw): LB=9.318877, Z₀(α*)=21.754081, intercept=-14.164649 (1.922s) [OMP=1.792 ISP-L=0.011 ISP-F=0.037 MW-L=0.025 MW-F=0.056]
  Alt-Benders[5] (mw): LB=9.329054, Z₀(α*)=7.840705, intercept=2.154048 (1.922s) [OMP=1.808 ISP-L=0.010 ISP-F=0.034 MW-L=0.023 MW-F=0.047]
  OMP re-solve: 2.205s

=== True-DRO Benders iter 51 ===
  OMP: t₀=9.329054, UB=17.096584, gap=4.54e-01, x=[0, 0, 0, 0, 0, 0, 0, 0, 0, 0, 0, 0, 0, 0, 0, 0, 1, 0, 0, 0, 0, 0, 0, 0, 0, 0, 0, 0, 0, 1, 0, 0, 0, 0, 0, 0, 0, 0, 0, 0, 0, 0, 0, 0, 0, 0, 0, 0, 0, 0, 0, 0, 0, 0, 0, 0, 0, 0, 0, 0, 0, 0, 0, 0, 0, 0, 0, 0, 0, 0, 0, 0, 0, 0, 0, 0] (0.001s)
  Sub: Z₀=26.382588 [LOCAL] (0.5s), α=[0.000,0.000,0.000,0.000,0.000,0.000,0.000,0.000,0.000,0.000,0.000,0.000,0.000,0.000,0.000,0.000,5.280,0.000,0.000,0.000,0.159,0.000,0.000,0.000,0.000,0.000,0.000,0.000,0.000,0.000,0.000,0.000,0.000,0.000,0.249,0.000,0.000,0.000,0.000,0.000,0.000,0.000,0.000,0.000,0.000,0.000,0.000,0.000,0.000,0.000,0.000,0.000,0.000,0.000,0.000,0.000,0.000,0.000,0.000,0.000,0.000,0.000,0.000,0.000,0.000,0.000,0.000,0.000,0.000,0.000,0.000,0.000,4.754,0.000,0.000,0.000]
  Iter 51: LB=9.329054  UB=17.096584  gap=4.54e-01
  Cut: intercept=-1129.059683, π_x_range=[-827.0347, 583.8886]
  Mini-Benders[1] (mw): LB=9.531696, Z₀(α*)=-2.249234, intercept=-25.312956 (1.922s) [OMP=1.806 ISP-L=0.011 ISP-F=0.035 MW-L=0.023 MW-F=0.043]
  Mini-Benders[2] (mw): LB=9.531696, Z₀(α*)=-2.249234, intercept=-25.312956 (1.735s) [OMP=1.620 ISP-L=0.011 ISP-F=0.034 MW-L=0.023 MW-F=0.033]
  Mini-Benders[3] (mw): LB=9.531696, Z₀(α*)=-2.249234, intercept=-25.312956 (1.718s) [OMP=1.608 ISP-L=0.011 ISP-F=0.034 MW-L=0.023 MW-F=0.041]
  Mini-Benders[4]: LB stagnated, break
  α-step: Z₀=22.656501, α=[0.000,0.000,0.000,0.000,0.000,0.000,0.000,0.000,0.000,0.000,0.000,0.000,0.000,0.000,0.000,0.000,1.287,0.000,0.000,0.000,0.000,0.000,0.000,0.000,0.000,0.000,0.000,0.000,0.000,0.000,0.000,0.000,0.000,0.000,2.906,0.000,0.000,0.000,0.000,0.000,0.000,0.000,0.000,0.000,0.000,0.000,0.000,0.000,0.000,0.000,2.532,0.000,0.000,0.000,0.000,0.000,0.000,0.000,0.000,0.000,0.000,0.000,0.000,0.000,0.000,0.000,0.000,0.000,0.000,0.000,0.000,0.318,3.400,0.000,0.000,0.000]
  Alt-Benders[1] (mw): LB=9.534486, Z₀(α*)=-0.328739, intercept=-11.283407 (2.422s) [OMP=2.310 ISP-L=0.011 ISP-F=0.035 MW-L=0.021 MW-F=0.043]
  Alt-Benders[2] (mw): LB=9.534486, Z₀(α*)=-0.328739, intercept=-11.283407 (2.343s) [OMP=2.234 ISP-L=0.011 ISP-F=0.035 MW-L=0.023 MW-F=0.035]
  Alt-Benders[3] (mw): LB=9.534486, Z₀(α*)=-0.328739, intercept=-11.283407 (2.328s) [OMP=2.222 ISP-L=0.011 ISP-F=0.035 MW-L=0.023 MW-F=0.041]
  Alt-Benders[4]: LB stagnated, break
  OMP re-solve: 0.000s

=== True-DRO Benders iter 52 ===
  OMP: t₀=9.534486, UB=17.096584, gap=4.42e-01, x=[0, 0, 0, 0, 0, 0, 0, 0, 0, 0, 0, 0, 0, 0, 0, 0, 0, 0, 0, 0, 0, 0, 0, 0, 0, 0, 0, 0, 0, 0, 0, 0, 0, 0, 0, 0, 0, 0, 1, 0, 0, 0, 0, 0, 0, 0, 0, 0, 0, 0, 0, 0, 0, 0, 0, 0, 0, 0, 0, 0, 0, 0, 0, 0, 0, 0, 0, 0, 0, 0, 0, 0, 1, 0, 0, 0] (0.000s)
  Sub: Z₀=24.007782 [LOCAL] (0.3s), α=[0.000,0.000,0.000,0.000,0.000,0.000,0.000,0.000,0.000,0.000,0.000,0.000,0.000,0.000,0.000,0.000,0.000,0.000,0.000,0.000,0.000,0.000,0.000,0.000,0.000,0.000,0.000,0.000,0.000,0.000,0.000,0.000,0.000,0.000,0.000,0.000,0.000,0.000,0.000,0.000,0.000,0.000,0.000,0.000,0.000,0.000,0.000,0.000,0.000,0.000,0.000,0.000,0.000,0.000,0.000,0.000,0.000,0.000,0.000,0.000,0.000,0.000,0.000,0.000,0.000,0.000,0.000,0.000,0.000,0.000,0.000,0.000,10.443,0.000,0.000,0.000]
  Iter 52: LB=9.534486  UB=17.096584  gap=4.42e-01
  Cut: intercept=-1151.964702, π_x_range=[-827.8235, 592.0738]
  Mini-Benders[1] (mw): LB=9.657568, Z₀(α*)=23.291884, intercept=-16.819129 (1.859s) [OMP=1.747 ISP-L=0.010 ISP-F=0.036 MW-L=0.022 MW-F=0.040]
  Mini-Benders[2] (mw): LB=9.676455, Z₀(α*)=17.079709, intercept=-108.401444 (2.297s) [OMP=2.195 ISP-L=0.009 ISP-F=0.035 MW-L=0.023 MW-F=0.033]
  Mini-Benders[3] (mw): LB=9.698212, Z₀(α*)=25.164654, intercept=11.887017 (2.250s) [OMP=2.137 ISP-L=0.011 ISP-F=0.036 MW-L=0.022 MW-F=0.039]
  Mini-Benders[4] (mw): LB=9.752536, Z₀(α*)=10.279309, intercept=-44.926888 (2.094s) [OMP=2.000 ISP-L=0.010 ISP-F=0.034 MW-L=0.022 MW-F=0.033]
  Mini-Benders[5] (mw): LB=9.809511, Z₀(α*)=14.919343, intercept=-98.763340 (2.375s) [OMP=2.250 ISP-L=0.010 ISP-F=0.033 MW-L=0.024 MW-F=0.042]
  α-step: Z₀=20.252153, α=[0.000,0.000,0.000,0.000,0.000,0.000,0.000,0.000,0.000,0.000,0.000,0.000,0.000,0.000,0.000,0.000,0.000,0.000,0.000,0.000,0.000,0.000,0.000,0.000,0.000,0.000,0.000,0.000,0.000,0.000,0.000,0.000,0.000,0.000,7.997,0.000,0.000,0.000,0.000,0.000,0.000,0.000,0.000,0.000,0.000,0.000,0.000,0.000,0.000,0.000,0.000,0.000,0.000,0.000,0.000,0.000,0.000,0.000,0.000,0.000,0.000,0.000,0.000,0.000,0.000,0.000,0.000,0.000,0.000,0.000,0.000,0.000,2.446,0.000,0.000,0.000]
  Alt-Benders[1] (mw): LB=9.912655, Z₀(α*)=12.030982, intercept=-23.960779 (1.578s) [OMP=1.454 ISP-L=0.012 ISP-F=0.039 MW-L=0.022 MW-F=0.044]
  Alt-Benders[2] (mw): LB=9.921611, Z₀(α*)=20.811216, intercept=-57.603983 (1.953s) [OMP=1.859 ISP-L=0.009 ISP-F=0.031 MW-L=0.022 MW-F=0.037]
  Alt-Benders[3] (mw): LB=9.960942, Z₀(α*)=1.158538, intercept=-46.388388 (2.391s) [OMP=2.282 ISP-L=0.010 ISP-F=0.032 MW-L=0.022 MW-F=0.040]
  Alt-Benders[4] (mw): LB=9.960942, Z₀(α*)=1.158538, intercept=-46.388388 (2.297s) [OMP=2.193 ISP-L=0.010 ISP-F=0.032 MW-L=0.022 MW-F=0.031]
  Alt-Benders[5] (mw): LB=9.960942, Z₀(α*)=1.158538, intercept=-46.388388 (2.297s) [OMP=2.184 ISP-L=0.010 ISP-F=0.032 MW-L=0.022 MW-F=0.040]
  OMP re-solve: 2.188s

=== True-DRO Benders iter 53 ===
  OMP: t₀=9.960942, UB=17.096584, gap=4.17e-01, x=[0, 0, 0, 0, 0, 0, 0, 0, 0, 0, 0, 0, 0, 0, 0, 0, 0, 0, 0, 0, 0, 0, 0, 0, 0, 0, 0, 0, 0, 0, 0, 0, 0, 0, 0, 0, 0, 0, 0, 0, 0, 0, 0, 0, 0, 1, 0, 0, 0, 0, 0, 0, 0, 0, 0, 0, 0, 0, 0, 0, 0, 0, 0, 0, 0, 0, 0, 0, 0, 0, 0, 0, 1, 0, 0, 0] (0.000s)
  Sub: Z₀=23.861437 [LOCAL] (0.6s), α=[0.000,0.000,0.000,0.000,0.000,0.000,0.000,0.000,0.000,0.000,0.000,0.000,0.000,0.000,0.000,0.000,0.000,0.000,0.000,0.000,0.000,0.000,0.000,0.000,0.000,0.000,0.000,0.000,0.000,0.000,0.000,0.000,0.000,0.000,0.708,0.000,0.000,0.000,0.000,0.000,0.000,0.000,0.000,0.000,0.000,0.000,0.000,0.000,0.000,0.000,0.000,0.000,0.000,0.000,0.000,0.000,0.000,0.000,0.000,0.000,0.000,0.000,0.000,0.000,0.000,0.000,0.000,0.000,0.000,0.000,0.000,0.000,9.735,0.000,0.000,0.000]
  Iter 53: LB=9.960942  UB=17.096584  gap=4.17e-01
  Cut: intercept=-1096.661524, π_x_range=[-825.3924, 578.4911]
  Mini-Benders[1] (mw): LB=10.038700, Z₀(α*)=21.988244, intercept=-26.094810 (2.313s) [OMP=2.202 ISP-L=0.010 ISP-F=0.035 MW-L=0.023 MW-F=0.042]
  Mini-Benders[2] (mw): LB=10.198433, Z₀(α*)=-5.945368, intercept=-20.385540 (2.343s) [OMP=2.232 ISP-L=0.010 ISP-F=0.034 MW-L=0.023 MW-F=0.031]
  Mini-Benders[3] (mw): LB=10.198433, Z₀(α*)=-5.945368, intercept=-20.385540 (1.750s) [OMP=1.647 ISP-L=0.010 ISP-F=0.034 MW-L=0.023 MW-F=0.040]
  Mini-Benders[4] (mw): LB=10.198433, Z₀(α*)=-5.945368, intercept=-20.385540 (1.766s) [OMP=1.662 ISP-L=0.010 ISP-F=0.035 MW-L=0.023 MW-F=0.031]
  Mini-Benders[5]: LB stagnated, break
  α-step: Z₀=24.111206, α=[0.000,0.000,0.000,0.000,0.000,0.000,0.000,0.000,0.000,0.000,0.000,0.000,0.000,0.000,0.000,0.000,0.000,0.000,0.000,0.000,0.000,0.000,0.000,0.000,0.000,0.000,0.000,0.000,0.000,0.000,0.000,0.000,0.000,0.000,1.498,0.000,0.000,0.000,0.000,0.000,0.000,0.000,0.000,0.000,0.000,0.000,0.000,0.000,0.000,0.000,0.100,3.714,0.000,0.000,0.000,0.000,0.000,0.000,0.000,0.000,0.000,0.000,0.000,0.000,0.000,0.000,0.000,0.000,0.000,0.000,0.000,1.317,3.814,0.000,0.000,0.000]
  Alt-Benders[1] (mw): LB=10.209087, Z₀(α*)=0.365948, intercept=-53.975368 (2.250s) [OMP=2.130 ISP-L=0.011 ISP-F=0.038 MW-L=0.023 MW-F=0.036]
  Alt-Benders[2] (mw): LB=10.209087, Z₀(α*)=0.365948, intercept=-53.975368 (1.656s) [OMP=1.543 ISP-L=0.010 ISP-F=0.038 MW-L=0.023 MW-F=0.045]
  Alt-Benders[3] (mw): LB=10.209087, Z₀(α*)=0.365948, intercept=-53.975368 (1.657s) [OMP=1.535 ISP-L=0.010 ISP-F=0.038 MW-L=0.023 MW-F=0.036]
  Alt-Benders[4]: LB stagnated, break
  OMP re-solve: 0.000s

=== True-DRO Benders iter 54 ===
  OMP: t₀=10.209087, UB=17.096584, gap=4.03e-01, x=[0, 1, 0, 0, 0, 0, 1, 0, 0, 0, 0, 0, 0, 0, 0, 0, 0, 0, 0, 0, 0, 0, 0, 0, 0, 0, 0, 0, 0, 0, 0, 0, 0, 0, 0, 0, 0, 0, 0, 0, 0, 0, 0, 0, 0, 0, 0, 0, 0, 0, 0, 0, 0, 0, 0, 0, 0, 0, 0, 0, 0, 0, 0, 0, 0, 0, 0, 0, 0, 0, 0, 0, 0, 0, 0, 0] (0.000s)
  Sub: Z₀=24.781180 [LOCAL] (0.5s), α=[0.000,0.405,0.000,0.000,0.000,0.000,0.000,0.000,0.000,0.000,0.000,0.000,0.000,0.000,0.000,0.000,0.000,0.000,0.000,0.000,0.000,0.000,0.000,0.000,0.000,0.000,0.000,1.340,0.000,0.000,0.000,0.000,0.000,0.000,0.657,0.000,0.000,0.000,0.000,0.000,0.000,0.000,0.000,0.000,0.000,0.000,0.000,0.000,0.000,0.000,2.798,0.000,0.000,0.000,0.000,0.000,0.000,0.000,0.000,0.000,0.000,0.000,0.000,0.000,0.000,0.000,0.000,0.000,0.000,0.000,0.000,0.000,5.243,0.000,0.000,0.000]
  Iter 54: LB=10.209087  UB=17.096584  gap=4.03e-01
  Cut: intercept=-1095.478953, π_x_range=[-826.9537, 570.2388]
  Mini-Benders[1] (mw): LB=10.279307, Z₀(α*)=2.882200, intercept=-61.220464 (1.844s) [OMP=1.744 ISP-L=0.010 ISP-F=0.033 MW-L=0.024 MW-F=0.029]
  Mini-Benders[2] (mw): LB=10.279307, Z₀(α*)=2.882200, intercept=-61.220464 (2.110s) [OMP=2.004 ISP-L=0.010 ISP-F=0.032 MW-L=0.023 MW-F=0.037]
  Mini-Benders[3] (mw): LB=10.279307, Z₀(α*)=2.882200, intercept=-61.220464 (2.109s) [OMP=2.009 ISP-L=0.011 ISP-F=0.032 MW-L=0.023 MW-F=0.028]
  Mini-Benders[4]: LB stagnated, break
  α-step: Z₀=20.307306, α=[0.000,0.000,0.000,0.000,0.000,0.000,0.000,0.000,0.000,0.000,0.000,0.000,0.000,0.000,0.000,0.000,0.000,0.000,0.000,0.000,0.000,0.000,0.000,0.000,0.000,0.000,0.000,0.000,0.000,0.000,0.000,0.000,0.000,0.000,6.942,0.000,0.000,0.000,0.000,0.000,0.000,0.000,0.000,0.000,0.000,0.000,0.000,0.000,0.000,0.000,0.122,0.000,0.000,0.000,0.000,0.000,0.000,0.000,0.000,0.000,0.000,0.000,0.000,0.000,0.000,0.000,0.000,0.000,0.000,0.000,0.000,0.000,3.379,0.000,0.000,0.000]
  Alt-Benders[1] (mw): LB=10.344505, Z₀(α*)=11.230799, intercept=-54.614094 (2.000s) [OMP=1.883 ISP-L=0.011 ISP-F=0.035 MW-L=0.032 MW-F=0.040]
  Alt-Benders[2] (mw): LB=10.509590, Z₀(α*)=17.169319, intercept=-26.834088 (2.188s) [OMP=2.075 ISP-L=0.011 ISP-F=0.034 MW-L=0.022 MW-F=0.031]
  Alt-Benders[3] (mw): LB=10.515613, Z₀(α*)=20.579857, intercept=-33.053156 (2.109s) [OMP=2.001 ISP-L=0.010 ISP-F=0.034 MW-L=0.031 MW-F=0.037]
  Alt-Benders[4] (mw): LB=10.606263, Z₀(α*)=20.182035, intercept=-47.553669 (1.844s) [OMP=1.741 ISP-L=0.011 ISP-F=0.033 MW-L=0.025 MW-F=0.035]
  Alt-Benders[5] (mw): LB=10.617395, Z₀(α*)=-21.248953, intercept=-59.379354 (1.797s) [OMP=1.690 ISP-L=0.010 ISP-F=0.031 MW-L=0.031 MW-F=0.029]
  OMP re-solve: 1.609s

=== True-DRO Benders iter 55 ===
  OMP: t₀=10.617395, UB=17.096584, gap=3.79e-01, x=[0, 0, 0, 0, 0, 0, 0, 0, 0, 0, 0, 0, 0, 0, 0, 0, 0, 0, 0, 0, 0, 1, 0, 0, 0, 0, 0, 0, 0, 0, 0, 0, 0, 0, 0, 0, 0, 0, 0, 0, 0, 0, 0, 0, 0, 0, 0, 0, 0, 0, 0, 0, 0, 0, 0, 0, 0, 0, 0, 0, 0, 0, 0, 0, 0, 0, 0, 0, 0, 0, 0, 1, 0, 0, 0, 0] (0.000s)
  Sub: Z₀=21.067728 [TIME_LIMIT] (15.2s), α=[0.000,0.000,0.000,0.000,0.000,0.000,0.000,0.000,0.000,0.000,0.000,0.000,0.000,0.000,0.000,0.000,0.000,0.000,0.000,0.000,0.000,0.000,0.000,0.000,0.000,0.000,0.000,0.000,0.000,0.000,0.000,0.000,0.000,0.000,0.000,0.000,0.000,0.000,0.000,0.000,0.000,0.000,0.000,0.000,0.000,0.000,0.000,0.000,0.000,0.000,0.000,0.000,0.000,0.000,0.000,0.000,0.000,0.000,0.000,0.000,0.000,0.000,0.000,0.000,0.000,0.000,0.000,0.000,0.000,0.000,0.000,8.887,1.556,0.000,0.000,0.000]
  Iter 55: LB=10.617395  UB=17.096584  gap=3.79e-01
  Cut: intercept=-109.603401, π_x_range=[-155.4204, 130.6711]
  Mini-Benders[1] (mw): LB=10.738608, Z₀(α*)=-10.144487, intercept=-14.752637 (1.797s) [OMP=1.675 ISP-L=0.011 ISP-F=0.039 MW-L=0.029 MW-F=0.031]
  Mini-Benders[2] (mw): LB=10.738608, Z₀(α*)=-10.144487, intercept=-14.752637 (2.219s) [OMP=2.127 ISP-L=0.011 ISP-F=0.037 MW-L=0.021 MW-F=0.030]
  Mini-Benders[3] (mw): LB=10.738608, Z₀(α*)=-10.144487, intercept=-14.752637 (2.234s) [OMP=2.116 ISP-L=0.011 ISP-F=0.038 MW-L=0.030 MW-F=0.030]
  Mini-Benders[4]: LB stagnated, break
  α-step: Z₀=27.396438, α=[0.000,0.000,0.000,0.000,0.000,0.000,0.000,0.000,0.000,0.000,0.000,0.000,0.000,0.000,0.000,0.000,1.336,0.000,0.000,0.000,0.000,0.000,0.000,0.000,0.000,0.000,0.000,0.000,0.000,0.000,0.000,0.000,0.000,0.000,0.206,0.000,0.000,0.000,0.000,0.000,0.000,0.000,0.000,0.000,0.000,0.000,0.000,0.000,0.000,0.000,2.532,0.000,0.000,0.000,0.000,0.000,0.000,0.000,0.000,0.000,0.000,0.000,0.000,0.000,0.000,0.000,0.000,0.000,0.000,0.000,0.000,0.000,6.369,0.000,0.000,0.000]
  Alt-Benders[1] (mw): LB=10.753564, Z₀(α*)=13.033974, intercept=-33.366203 (1.797s) [OMP=1.677 ISP-L=0.011 ISP-F=0.038 MW-L=0.030 MW-F=0.029]
  Alt-Benders[2] (mw): LB=10.773418, Z₀(α*)=18.012640, intercept=-8.327578 (1.750s) [OMP=1.651 ISP-L=0.010 ISP-F=0.032 MW-L=0.021 MW-F=0.033]
  Alt-Benders[3] (mw): LB=10.803449, Z₀(α*)=27.438063, intercept=14.330388 (1.953s) [OMP=1.825 ISP-L=0.010 ISP-F=0.033 MW-L=0.030 MW-F=0.051]
  Alt-Benders[4] (mw): LB=10.822622, Z₀(α*)=17.641111, intercept=-49.978395 (1.829s) [OMP=1.728 ISP-L=0.011 ISP-F=0.036 MW-L=0.024 MW-F=0.038]
  Alt-Benders[5] (mw): LB=10.874515, Z₀(α*)=11.308767, intercept=-26.422663 (1.765s) [OMP=1.642 ISP-L=0.009 ISP-F=0.033 MW-L=0.033 MW-F=0.033]
  OMP re-solve: 1.670s

=== True-DRO Benders iter 56 ===
  OMP: t₀=10.882415, UB=17.096584, gap=3.63e-01, x=[0, 0, 0, 0, 0, 0, 0, 0, 0, 0, 1, 0, 0, 0, 0, 0, 0, 0, 0, 0, 0, 0, 0, 0, 0, 0, 0, 0, 0, 0, 0, 0, 0, 0, 0, 0, 0, 0, 0, 0, 0, 0, 0, 0, 0, 0, 0, 0, 0, 1, 0, 0, 0, 0, 0, 0, 0, 0, 0, 0, 0, 0, 0, 0, 0, 0, 0, 0, 0, 0, 0, 0, 0, 0, 0, 0] (0.001s)
  Sub: Z₀=24.735121 [LOCAL] (0.3s), α=[0.000,0.000,0.000,0.000,0.000,0.000,0.000,0.000,0.000,0.000,5.408,0.000,0.000,0.000,0.000,0.000,0.000,0.000,0.000,0.000,0.000,0.000,0.000,0.000,0.000,0.000,0.000,0.000,0.000,0.000,0.000,0.000,0.000,0.000,2.589,0.000,0.000,0.000,0.000,0.000,0.000,0.000,0.000,0.000,0.000,0.000,0.000,0.000,0.000,0.000,0.000,0.000,0.000,0.000,0.000,0.000,0.000,0.000,0.000,0.000,0.000,0.000,0.000,0.000,0.000,0.000,0.000,0.000,0.000,0.000,0.000,0.000,2.446,0.000,0.000,0.000]
  Iter 56: LB=10.882415  UB=17.096584  gap=3.63e-01
  Cut: intercept=-1109.127199, π_x_range=[-831.0149, 573.6520]
  Mini-Benders[1] (mw): LB=10.967215, Z₀(α*)=15.722464, intercept=15.412134 (2.172s) [OMP=2.068 ISP-L=0.011 ISP-F=0.030 MW-L=0.030 MW-F=0.028]
  Mini-Benders[2] (mw): LB=10.974052, Z₀(α*)=22.556387, intercept=6.477815 (1.859s) [OMP=1.764 ISP-L=0.010 ISP-F=0.033 MW-L=0.024 MW-F=0.027]
  Mini-Benders[3] (mw): LB=11.003558, Z₀(α*)=25.473946, intercept=-33.223385 (1.813s) [OMP=1.684 ISP-L=0.011 ISP-F=0.035 MW-L=0.031 MW-F=0.059]
  Mini-Benders[4] (mw): LB=11.041613, Z₀(α*)=26.004718, intercept=15.850342 (1.828s) [OMP=1.720 ISP-L=0.011 ISP-F=0.039 MW-L=0.023 MW-F=0.029]
  Mini-Benders[5] (mw): LB=11.094562, Z₀(α*)=25.778105, intercept=10.782551 (1.875s) [OMP=1.730 ISP-L=0.011 ISP-F=0.036 MW-L=0.032 MW-F=0.052]
  α-step: Z₀=27.078749, α=[0.000,0.000,0.000,0.000,0.000,0.000,0.000,0.000,0.000,0.000,2.229,0.000,0.000,0.000,0.000,0.000,0.918,0.000,0.000,0.000,0.000,0.000,0.000,0.000,0.000,0.000,0.000,0.324,0.000,0.000,0.000,0.000,0.000,0.000,4.526,0.000,0.000,0.000,0.000,0.000,0.000,0.000,0.000,0.000,0.000,0.000,0.000,0.000,0.000,0.000,0.000,0.000,0.000,0.000,0.000,0.000,0.000,0.000,0.000,0.000,0.000,0.000,0.000,0.000,0.000,0.000,0.000,0.000,0.000,0.000,0.000,0.000,2.446,0.000,0.000,0.000]
  Alt-Benders[1] (mw): LB=11.126047, Z₀(α*)=3.942304, intercept=-54.760355 (1.844s) [OMP=1.734 ISP-L=0.009 ISP-F=0.033 MW-L=0.030 MW-F=0.034]
  Alt-Benders[2] (mw): LB=11.126047, Z₀(α*)=3.942304, intercept=-54.760355 (1.781s) [OMP=1.673 ISP-L=0.009 ISP-F=0.033 MW-L=0.021 MW-F=0.035]
  Alt-Benders[3] (mw): LB=11.126047, Z₀(α*)=3.942304, intercept=-54.760355 (1.766s) [OMP=1.665 ISP-L=0.009 ISP-F=0.032 MW-L=0.030 MW-F=0.033]
  Alt-Benders[4]: LB stagnated, break
  OMP re-solve: 0.001s

=== True-DRO Benders iter 57 ===
  OMP: t₀=11.126047, UB=17.096584, gap=3.49e-01, x=[0, 0, 0, 0, 0, 0, 0, 0, 0, 0, 0, 0, 0, 0, 0, 0, 0, 0, 0, 0, 0, 0, 0, 0, 0, 0, 0, 0, 0, 0, 0, 0, 0, 0, 0, 0, 0, 0, 0, 0, 0, 0, 1, 0, 0, 0, 0, 0, 0, 0, 0, 0, 0, 0, 0, 0, 0, 0, 0, 0, 0, 0, 0, 0, 0, 0, 0, 0, 0, 0, 0, 0, 1, 0, 0, 0] (0.001s)
  Sub: Z₀=22.904344 [LOCAL] (0.4s), α=[0.000,0.000,0.000,0.000,0.000,0.000,0.000,0.000,0.000,0.000,0.000,0.000,0.000,0.000,0.000,0.000,0.000,0.000,0.000,0.000,0.000,0.000,0.000,0.000,0.000,0.000,0.000,0.000,0.000,0.000,0.000,0.000,0.000,0.000,0.000,0.000,0.000,0.000,0.000,0.000,0.000,0.000,0.994,0.000,0.000,0.000,0.000,0.000,0.000,0.000,0.000,0.000,0.000,0.000,0.000,0.000,0.000,0.000,0.000,0.000,0.000,0.000,0.000,0.000,0.000,0.000,0.000,0.000,0.000,0.000,0.000,0.000,9.448,0.000,0.000,0.000]
  Iter 57: LB=11.126047  UB=17.096584  gap=3.49e-01
  Cut: intercept=-1095.012899, π_x_range=[-824.9822, 570.7951]
  Mini-Benders[1] (mw): LB=11.143829, Z₀(α*)=20.503373, intercept=-30.965255 (1.906s) [OMP=1.798 ISP-L=0.011 ISP-F=0.039 MW-L=0.029 MW-F=0.035]
  Mini-Benders[2] (mw): LB=11.187401, Z₀(α*)=8.326670, intercept=-38.770358 (1.859s) [OMP=1.757 ISP-L=0.010 ISP-F=0.035 MW-L=0.022 MW-F=0.030]
  Mini-Benders[3] (mw): LB=11.187401, Z₀(α*)=8.326670, intercept=-38.770358 (2.531s) [OMP=2.418 ISP-L=0.010 ISP-F=0.035 MW-L=0.031 MW-F=0.030]
  Mini-Benders[4] (mw): LB=11.187401, Z₀(α*)=8.326670, intercept=-38.770358 (2.500s) [OMP=2.404 ISP-L=0.010 ISP-F=0.035 MW-L=0.022 MW-F=0.031]
  Mini-Benders[5]: LB stagnated, break
  α-step: Z₀=20.943372, α=[0.000,0.000,0.000,0.000,0.000,0.000,0.000,0.000,0.000,0.000,0.000,0.000,0.000,0.000,0.000,0.000,0.000,0.000,0.000,0.000,0.000,0.000,0.000,0.000,0.000,0.000,0.000,0.000,0.000,0.000,0.000,0.000,0.000,0.000,3.252,0.000,0.000,0.000,0.000,0.000,0.000,0.000,0.000,0.000,0.000,0.000,0.000,0.000,0.000,0.000,0.000,0.000,0.000,0.000,0.000,0.000,0.000,0.000,0.000,0.000,0.000,0.000,0.000,0.000,0.000,0.000,0.000,0.000,0.000,0.000,0.000,0.000,7.191,0.000,0.000,0.000]
  Alt-Benders[1] (mw): LB=11.192223, Z₀(α*)=17.438734, intercept=-45.116072 (1.735s) [OMP=1.638 ISP-L=0.009 ISP-F=0.035 MW-L=0.023 MW-F=0.030]
  Alt-Benders[2] (mw): LB=11.230797, Z₀(α*)=24.486616, intercept=-41.298589 (1.734s) [OMP=1.614 ISP-L=0.011 ISP-F=0.036 MW-L=0.032 MW-F=0.036]
  Alt-Benders[3] (mw): LB=11.308765, Z₀(α*)=17.338345, intercept=-25.103745 (3.141s) [OMP=3.046 ISP-L=0.009 ISP-F=0.032 MW-L=0.023 MW-F=0.033]
  Alt-Benders[4] (mw): LB=11.457698, Z₀(α*)=25.805205, intercept=18.586644 (1.734s) [OMP=1.579 ISP-L=0.011 ISP-F=0.037 MW-L=0.031 MW-F=0.062]
  Alt-Benders[5] (mw): LB=11.496583, Z₀(α*)=20.943372, intercept=-34.779692 (1.719s) [OMP=1.604 ISP-L=0.011 ISP-F=0.032 MW-L=0.021 MW-F=0.060]
  OMP re-solve: 1.624s

=== True-DRO Benders iter 58 ===
  OMP: t₀=11.550129, UB=17.096584, gap=3.24e-01, x=[0, 0, 0, 0, 0, 0, 0, 0, 0, 0, 0, 0, 0, 0, 0, 0, 0, 0, 0, 0, 0, 1, 0, 0, 0, 0, 0, 0, 0, 0, 0, 0, 0, 0, 0, 0, 0, 0, 0, 0, 0, 0, 0, 0, 0, 0, 0, 0, 0, 0, 0, 0, 0, 0, 0, 0, 0, 0, 0, 0, 0, 0, 0, 0, 1, 0, 0, 0, 0, 0, 0, 0, 0, 0, 0, 0] (0.000s)
  Sub: Z₀=27.036879 [LOCAL] (0.5s), α=[0.000,0.000,0.000,0.000,0.000,0.000,0.000,0.000,0.000,0.000,0.000,0.000,0.000,0.000,0.000,0.000,0.000,0.000,0.000,0.000,0.000,0.000,0.000,0.000,0.000,0.000,0.000,0.000,0.000,0.000,0.000,0.000,0.000,0.000,0.000,0.000,0.000,0.000,0.000,0.000,0.000,0.000,0.000,0.000,0.000,0.000,0.000,0.000,0.000,0.000,0.496,0.000,0.000,0.000,0.000,0.000,0.000,0.000,0.000,0.000,0.000,0.000,4.697,0.000,0.000,0.000,0.000,0.000,0.000,0.000,0.000,0.000,5.250,0.000,0.000,0.000]
  Iter 58: LB=11.550129  UB=17.096584  gap=3.24e-01
  Cut: intercept=-1075.317826, π_x_range=[-826.2463, 555.3231]
  Mini-Benders[1] (mw): LB=11.607036, Z₀(α*)=7.004435, intercept=-41.176676 (1.688s) [OMP=1.585 ISP-L=0.009 ISP-F=0.036 MW-L=0.024 MW-F=0.038]
  Mini-Benders[2] (mw): LB=11.607036, Z₀(α*)=7.004435, intercept=-41.176676 (1.937s) [OMP=1.816 ISP-L=0.009 ISP-F=0.036 MW-L=0.024 MW-F=0.046]
  Mini-Benders[3] (mw): LB=11.607036, Z₀(α*)=7.004435, intercept=-41.176676 (1.922s) [OMP=1.803 ISP-L=0.009 ISP-F=0.036 MW-L=0.024 MW-F=0.038]
  Mini-Benders[4]: LB stagnated, break
  α-step: Z₀=25.194267, α=[0.000,0.000,0.000,0.000,0.000,0.000,0.000,0.000,0.000,0.000,2.717,0.000,0.000,0.000,0.000,0.000,1.012,0.000,0.000,0.000,0.000,0.000,0.000,0.000,0.000,0.000,0.000,0.000,0.000,0.000,0.000,0.000,0.000,0.000,0.250,0.000,0.000,0.000,0.000,0.000,0.000,0.000,3.253,0.000,0.000,0.000,0.000,0.000,0.000,0.000,0.000,0.000,0.000,0.000,0.000,0.000,0.000,0.000,0.000,0.000,0.000,0.000,0.000,0.000,0.000,0.000,0.000,0.000,0.000,0.000,0.000,0.000,3.212,0.000,0.000,0.000]
  Alt-Benders[1] (mw): LB=11.608494, Z₀(α*)=5.675450, intercept=-78.520522 (1.766s) [OMP=1.663 ISP-L=0.011 ISP-F=0.034 MW-L=0.022 MW-F=0.032]
  Alt-Benders[2] (mw): LB=11.608494, Z₀(α*)=5.675450, intercept=-78.520522 (1.781s) [OMP=1.673 ISP-L=0.011 ISP-F=0.035 MW-L=0.022 MW-F=0.041]
  Alt-Benders[3] (mw): LB=11.608494, Z₀(α*)=5.675450, intercept=-78.520522 (1.766s) [OMP=1.669 ISP-L=0.011 ISP-F=0.034 MW-L=0.023 MW-F=0.033]
  Alt-Benders[4]: LB stagnated, break
  OMP re-solve: 0.000s

=== True-DRO Benders iter 59 ===
  OMP: t₀=11.608494, UB=17.096584, gap=3.21e-01, x=[0, 0, 0, 0, 0, 0, 0, 0, 0, 0, 0, 0, 0, 0, 0, 0, 0, 0, 0, 0, 0, 0, 0, 0, 0, 0, 0, 0, 0, 0, 0, 0, 0, 0, 0, 0, 0, 0, 0, 0, 0, 0, 0, 0, 0, 0, 0, 0, 0, 0, 1, 0, 0, 0, 0, 0, 0, 0, 0, 0, 0, 0, 0, 0, 1, 0, 0, 0, 0, 0, 0, 0, 0, 0, 0, 0] (0.000s)
  Sub: Z₀=26.247726 [LOCAL] (0.5s), α=[0.000,0.000,0.000,0.000,0.000,0.000,0.000,0.000,0.000,0.000,0.000,0.000,0.000,0.000,0.000,0.000,0.000,0.000,0.000,0.000,0.000,0.000,0.000,0.000,0.000,0.000,0.000,0.000,0.000,0.000,0.000,0.000,0.000,0.000,0.000,0.000,0.000,0.000,0.000,0.000,0.000,0.000,0.000,0.000,0.000,0.000,0.000,0.000,0.000,0.000,0.546,0.000,0.000,0.000,0.000,0.000,0.000,0.000,0.000,0.000,0.000,0.000,4.697,0.000,0.000,0.000,0.000,0.000,0.000,0.000,0.000,0.000,5.200,0.000,0.000,0.000]
  Iter 59: LB=11.608494  UB=17.096584  gap=3.21e-01
  Cut: intercept=-1128.667569, π_x_range=[-826.0093, 598.5549]
  Mini-Benders[1] (mw): LB=11.624784, Z₀(α*)=24.360478, intercept=-83.327329 (1.797s) [OMP=1.628 ISP-L=0.011 ISP-F=0.038 MW-L=0.022 MW-F=0.083]
  Mini-Benders[2] (mw): LB=11.703297, Z₀(α*)=23.754906, intercept=-77.419991 (1.781s) [OMP=1.606 ISP-L=0.010 ISP-F=0.035 MW-L=0.022 MW-F=0.105]
  Mini-Benders[3] (mw): LB=11.718464, Z₀(α*)=27.018462, intercept=-14.123382 (3.266s) [OMP=3.097 ISP-L=0.011 ISP-F=0.035 MW-L=0.022 MW-F=0.105]
  Mini-Benders[4] (mw): LB=11.760049, Z₀(α*)=2.921217, intercept=-48.211870 (3.359s) [OMP=3.253 ISP-L=0.010 ISP-F=0.034 MW-L=0.025 MW-F=0.038]
  Mini-Benders[5] (mw): LB=11.760049, Z₀(α*)=2.921217, intercept=-48.211870 (1.750s) [OMP=1.644 ISP-L=0.010 ISP-F=0.035 MW-L=0.024 MW-F=0.031]
  α-step: Z₀=19.851631, α=[0.000,0.000,0.000,0.000,0.000,0.000,0.000,0.000,0.000,0.000,0.000,0.000,0.000,0.000,0.000,0.000,0.000,0.000,0.000,0.000,0.000,0.000,0.000,0.000,0.000,0.000,0.000,0.000,0.000,0.000,0.000,0.000,0.000,0.000,6.848,0.000,0.000,0.000,0.000,0.000,0.000,0.000,0.000,0.000,0.000,0.000,0.000,0.000,0.000,0.000,0.000,0.000,0.000,0.000,0.000,0.000,0.000,0.000,0.000,0.000,0.000,0.000,0.000,0.000,0.000,0.000,0.000,0.000,0.000,0.000,0.000,0.000,3.595,0.000,0.000,0.000]
  Alt-Benders[1] (mw): LB=11.832614, Z₀(α*)=18.985451, intercept=-46.720343 (1.703s) [OMP=1.604 ISP-L=0.010 ISP-F=0.034 MW-L=0.023 MW-F=0.034]
  Alt-Benders[2] (mw): LB=11.896607, Z₀(α*)=18.813152, intercept=-31.834901 (1.719s) [OMP=1.603 ISP-L=0.010 ISP-F=0.036 MW-L=0.023 MW-F=0.040]
  Alt-Benders[3] (mw): LB=11.902826, Z₀(α*)=24.269229, intercept=-1.845163 (1.687s) [OMP=1.578 ISP-L=0.009 ISP-F=0.035 MW-L=0.022 MW-F=0.052]
  Alt-Benders[4] (mw): LB=11.917970, Z₀(α*)=19.476177, intercept=-45.173090 (1.719s) [OMP=1.605 ISP-L=0.011 ISP-F=0.034 MW-L=0.022 MW-F=0.043]
  Alt-Benders[5] (mw): LB=11.932956, Z₀(α*)=20.553435, intercept=-13.993468 (1.750s) [OMP=1.650 ISP-L=0.011 ISP-F=0.030 MW-L=0.021 MW-F=0.031]
  OMP re-solve: 1.640s

=== True-DRO Benders iter 60 ===
  OMP: t₀=12.030980, UB=17.096584, gap=2.96e-01, x=[0, 0, 0, 0, 0, 0, 0, 0, 0, 0, 0, 0, 0, 0, 0, 0, 0, 0, 0, 0, 0, 1, 0, 0, 0, 0, 0, 0, 0, 0, 0, 0, 0, 0, 0, 0, 0, 0, 0, 0, 0, 0, 0, 0, 0, 0, 0, 0, 0, 0, 0, 0, 0, 0, 0, 0, 0, 0, 0, 0, 0, 1, 0, 0, 0, 0, 0, 0, 0, 0, 0, 0, 0, 0, 0, 0] (0.000s)
  Sub: Z₀=26.340342 [TIME_LIMIT] (15.2s), α=[0.000,0.000,0.000,0.000,0.000,0.000,0.000,0.000,0.000,0.000,0.000,0.000,0.000,0.000,0.000,0.000,0.804,0.000,0.000,0.000,0.127,0.000,0.000,0.000,0.000,0.000,0.000,0.000,0.000,0.000,0.000,0.000,0.000,0.000,0.000,0.000,0.000,0.000,0.000,0.000,0.000,0.000,0.000,0.000,0.000,0.000,0.000,0.000,0.000,0.000,2.270,0.000,0.000,0.523,0.000,0.000,0.000,0.000,0.000,0.000,0.000,0.669,0.000,0.000,0.000,0.000,0.000,0.000,0.000,0.000,0.000,0.000,6.050,0.000,0.000,0.000]
  Iter 60: LB=12.030980  UB=17.096584  gap=2.96e-01
  Cut: intercept=-90.531666, π_x_range=[-264.0000, 60.8057]
  Mini-Benders[1] (mw): LB=12.136071, Z₀(α*)=8.525974, intercept=-32.429266 (1.689s) [OMP=1.591 ISP-L=0.011 ISP-F=0.036 MW-L=0.023 MW-F=0.034]
  Mini-Benders[2] (mw): LB=12.136071, Z₀(α*)=8.525974, intercept=-32.429266 (1.749s) [OMP=1.636 ISP-L=0.010 ISP-F=0.036 MW-L=0.023 MW-F=0.043]
  Mini-Benders[3] (mw): LB=12.136071, Z₀(α*)=8.525974, intercept=-32.429266 (1.766s) [OMP=1.649 ISP-L=0.010 ISP-F=0.035 MW-L=0.023 MW-F=0.034]
  Mini-Benders[4]: LB stagnated, break
  α-step: Z₀=24.150310, α=[0.000,0.000,0.000,0.000,0.000,0.000,0.000,0.000,0.000,0.000,0.000,0.000,0.000,0.000,0.000,0.000,0.000,0.000,0.000,0.000,0.000,0.000,0.000,0.000,0.000,0.000,0.000,0.000,0.000,0.000,0.000,0.000,0.000,0.000,0.000,0.000,0.000,0.000,0.000,0.000,0.000,0.000,0.000,0.000,0.000,0.000,0.000,0.000,0.000,0.000,1.785,2.784,0.000,0.000,0.000,0.000,0.000,0.000,0.000,0.000,0.000,0.000,0.000,0.000,0.000,0.000,0.000,0.000,0.000,0.000,0.000,1.427,4.447,0.000,0.000,0.000]
  Alt-Benders[1] (mw): LB=12.148399, Z₀(α*)=15.476800, intercept=-2.859928 (1.782s) [OMP=1.675 ISP-L=0.010 ISP-F=0.039 MW-L=0.021 MW-F=0.034]
  Alt-Benders[2] (mw): LB=12.193966, Z₀(α*)=7.287769, intercept=-73.716926 (1.813s) [OMP=1.689 ISP-L=0.011 ISP-F=0.036 MW-L=0.022 MW-F=0.045]
  Alt-Benders[3] (mw): LB=12.193966, Z₀(α*)=7.287769, intercept=-73.716926 (1.827s) [OMP=1.716 ISP-L=0.011 ISP-F=0.036 MW-L=0.023 MW-F=0.037]
  Alt-Benders[4] (mw): LB=12.193966, Z₀(α*)=7.287769, intercept=-73.716926 (1.828s) [OMP=1.715 ISP-L=0.011 ISP-F=0.036 MW-L=0.022 MW-F=0.044]
  Alt-Benders[5]: LB stagnated, break
  OMP re-solve: 0.000s

=== True-DRO Benders iter 61 ===
  OMP: t₀=12.193966, UB=17.096584, gap=2.87e-01, x=[0, 0, 0, 0, 0, 0, 0, 0, 0, 0, 0, 0, 0, 0, 0, 0, 0, 0, 0, 0, 0, 0, 0, 0, 0, 0, 0, 0, 0, 0, 0, 0, 0, 0, 0, 0, 0, 0, 0, 0, 0, 0, 0, 0, 0, 0, 0, 0, 0, 0, 0, 0, 0, 0, 0, 0, 0, 0, 0, 0, 0, 0, 0, 0, 1, 0, 0, 0, 1, 0, 0, 0, 0, 0, 0, 0] (0.000s)
  Sub: Z₀=25.602886 [LOCAL] (0.4s), α=[0.000,0.000,0.000,0.000,0.000,0.000,0.000,0.000,0.000,0.000,0.000,0.000,0.000,0.000,0.000,0.000,0.000,0.000,0.000,0.000,0.000,0.000,0.000,0.000,0.000,0.000,0.000,0.000,0.000,0.000,0.000,0.000,0.000,0.000,0.000,0.000,0.000,0.000,0.000,0.000,0.000,0.000,0.000,0.000,0.000,0.000,0.000,0.000,0.000,0.000,1.877,0.000,0.000,0.000,0.000,0.000,0.000,0.000,0.000,0.000,0.000,0.000,1.193,0.000,0.741,0.000,0.000,0.000,0.000,0.000,0.000,0.000,6.631,0.000,0.000,0.000]
  Iter 61: LB=12.193966  UB=17.096584  gap=2.87e-01
  Cut: intercept=-1132.367392, π_x_range=[-825.7741, 591.2813]
  Mini-Benders[1] (mw): LB=12.321005, Z₀(α*)=23.041989, intercept=22.674806 (1.906s) [OMP=1.784 ISP-L=0.011 ISP-F=0.034 MW-L=0.021 MW-F=0.042]
  Mini-Benders[2] (mw): LB=12.324533, Z₀(α*)=-18.619376, intercept=-47.676924 (1.718s) [OMP=1.624 ISP-L=0.011 ISP-F=0.030 MW-L=0.025 MW-F=0.032]
  Mini-Benders[3] (mw): LB=12.324533, Z₀(α*)=-18.619376, intercept=-47.676924 (1.828s) [OMP=1.711 ISP-L=0.010 ISP-F=0.029 MW-L=0.025 MW-F=0.047]
  Mini-Benders[4] (mw): LB=12.324533, Z₀(α*)=-18.619376, intercept=-47.676924 (1.781s) [OMP=1.684 ISP-L=0.010 ISP-F=0.030 MW-L=0.024 MW-F=0.031]
  Mini-Benders[5]: LB stagnated, break
  α-step: Z₀=21.433788, α=[0.000,0.000,0.000,0.000,0.000,0.000,0.000,0.000,0.000,0.000,0.000,0.000,0.000,0.000,0.000,0.000,0.000,0.000,0.000,0.000,0.000,0.000,0.000,0.000,0.000,0.000,0.000,0.000,0.000,0.000,0.000,0.000,0.000,0.000,4.046,0.000,0.000,0.000,0.000,0.000,0.000,0.000,0.000,0.000,0.000,0.000,0.000,0.000,0.000,0.000,2.532,0.000,0.000,0.000,0.000,0.000,0.000,0.000,0.000,0.000,0.000,0.000,0.000,0.000,0.000,0.000,0.000,0.000,0.000,0.000,0.000,3.865,0.000,0.000,0.000,0.000]
  Alt-Benders[1] (mw): LB=12.344305, Z₀(α*)=-22.883329, intercept=-77.900651 (1.850s) [OMP=1.738 ISP-L=0.010 ISP-F=0.035 MW-L=0.031 MW-F=0.033]
  Alt-Benders[2] (mw): LB=12.344305, Z₀(α*)=-22.883329, intercept=-77.900651 (1.800s) [OMP=1.697 ISP-L=0.010 ISP-F=0.034 MW-L=0.023 MW-F=0.032]
  Alt-Benders[3] (mw): LB=12.344305, Z₀(α*)=-22.883329, intercept=-77.900651 (1.805s) [OMP=1.695 ISP-L=0.010 ISP-F=0.034 MW-L=0.031 MW-F=0.033]
  Alt-Benders[4]: LB stagnated, break
  OMP re-solve: 0.001s

=== True-DRO Benders iter 62 ===
  OMP: t₀=12.344305, UB=17.096584, gap=2.78e-01, x=[0, 0, 0, 0, 0, 0, 0, 0, 0, 0, 0, 0, 0, 0, 0, 0, 0, 0, 0, 0, 0, 0, 0, 0, 0, 0, 0, 0, 0, 0, 0, 0, 0, 0, 0, 0, 0, 0, 0, 0, 0, 0, 0, 0, 0, 0, 0, 0, 0, 0, 0, 0, 0, 0, 0, 0, 0, 0, 0, 0, 0, 0, 0, 0, 0, 0, 1, 0, 0, 0, 0, 1, 0, 0, 0, 0] (0.001s)
  Sub: Z₀=20.997056 [LOCAL] (0.4s), α=[0.000,0.000,0.000,0.000,0.000,0.000,0.000,0.000,0.000,0.000,0.000,0.000,0.000,0.000,0.000,0.000,0.000,0.000,0.000,0.000,0.000,0.000,0.000,0.000,0.000,0.000,0.000,0.000,0.000,0.000,0.000,0.000,0.000,0.000,0.000,0.000,0.000,0.000,0.000,0.000,0.000,0.000,0.000,0.000,0.000,0.000,0.000,0.000,0.000,0.000,0.000,0.000,0.000,0.000,0.000,0.000,0.000,0.000,0.000,0.000,0.000,0.000,0.000,0.000,0.000,0.000,0.000,0.000,0.000,0.000,0.000,6.831,3.612,0.000,0.000,0.000]
  Iter 62: LB=12.344305  UB=17.096584  gap=2.78e-01
  Cut: intercept=-1117.616235, π_x_range=[-825.3857, 569.5026]
  Mini-Benders[1] (mw): LB=12.460196, Z₀(α*)=-16.436253, intercept=-8.614546 (1.844s) [OMP=1.722 ISP-L=0.011 ISP-F=0.037 MW-L=0.032 MW-F=0.034]
  Mini-Benders[2] (mw): LB=12.460195, Z₀(α*)=-16.436253, intercept=-8.614546 (1.781s) [OMP=1.672 ISP-L=0.011 ISP-F=0.037 MW-L=0.024 MW-F=0.034]
  Mini-Benders[3] (mw): LB=12.460195, Z₀(α*)=-16.436253, intercept=-8.614546 (1.813s) [OMP=1.691 ISP-L=0.011 ISP-F=0.036 MW-L=0.032 MW-F=0.033]
  Mini-Benders[4]: LB stagnated, break
  α-step: Z₀=23.806799, α=[0.000,0.000,0.000,0.000,0.000,0.000,0.000,0.000,0.000,0.000,0.000,0.000,0.000,0.000,0.000,0.000,0.000,0.000,0.000,0.000,0.000,0.000,0.000,0.000,0.000,0.000,0.000,0.000,0.000,0.000,0.000,0.000,0.000,0.000,1.282,0.000,0.000,0.000,0.000,0.000,0.000,0.000,0.000,0.000,0.000,0.000,0.000,0.000,0.000,0.000,0.000,0.000,0.000,0.000,0.000,0.000,0.000,0.000,0.000,0.000,0.000,0.000,0.000,0.000,0.000,0.000,0.000,0.000,0.000,0.000,0.000,0.000,9.161,0.000,0.000,0.000]
  Alt-Benders[1] (mw): LB=12.516818, Z₀(α*)=12.824466, intercept=-65.073117 (1.765s) [OMP=1.655 ISP-L=0.010 ISP-F=0.034 MW-L=0.029 MW-F=0.031]
  Alt-Benders[2] (mw): LB=12.584325, Z₀(α*)=24.611770, intercept=-31.883701 (1.797s) [OMP=1.697 ISP-L=0.011 ISP-F=0.037 MW-L=0.022 MW-F=0.032]
  Alt-Benders[3] (mw): LB=12.603259, Z₀(α*)=-3.014282, intercept=-25.687753 (1.767s) [OMP=1.650 ISP-L=0.010 ISP-F=0.031 MW-L=0.032 MW-F=0.035]
  Alt-Benders[4] (mw): LB=12.603259, Z₀(α*)=-3.014282, intercept=-25.687753 (1.842s) [OMP=1.748 ISP-L=0.010 ISP-F=0.031 MW-L=0.023 MW-F=0.035]
  Alt-Benders[5] (mw): LB=12.603259, Z₀(α*)=-3.014282, intercept=-25.687753 (1.891s) [OMP=1.773 ISP-L=0.010 ISP-F=0.031 MW-L=0.031 MW-F=0.035]
  OMP re-solve: 1.795s

=== True-DRO Benders iter 63 ===
  OMP: t₀=12.603259, UB=17.096584, gap=2.63e-01, x=[0, 0, 0, 0, 0, 0, 0, 0, 0, 0, 0, 0, 0, 0, 0, 0, 0, 0, 0, 0, 0, 1, 0, 0, 0, 0, 0, 0, 0, 0, 0, 0, 0, 0, 0, 0, 0, 0, 0, 0, 0, 0, 0, 0, 0, 0, 0, 0, 0, 0, 0, 1, 0, 0, 0, 0, 0, 0, 0, 0, 0, 0, 0, 0, 0, 0, 0, 0, 0, 0, 0, 0, 0, 0, 0, 0] (0.001s)
  Sub: Z₀=23.786433 [LOCAL] (0.4s), α=[0.000,0.000,0.000,0.000,0.000,0.000,0.000,0.000,0.000,0.000,0.000,0.000,0.000,0.000,0.000,0.000,0.000,0.000,0.000,0.000,0.000,0.000,0.000,0.000,0.000,0.000,0.000,0.000,0.000,0.000,0.000,0.000,0.000,0.000,2.616,0.000,0.000,0.000,0.000,0.000,0.000,0.000,0.000,0.000,0.000,0.000,0.000,0.000,0.000,0.000,1.264,3.556,0.000,0.000,0.000,0.000,0.000,0.000,0.000,0.000,0.000,0.000,0.000,0.000,0.000,0.000,0.000,0.000,0.000,0.000,0.000,0.027,2.980,0.000,0.000,0.000]
  Iter 63: LB=12.603259  UB=17.096584  gap=2.63e-01
  Cut: intercept=-1088.676699, π_x_range=[-825.5646, 563.2180]
  Mini-Benders[1] (mw): LB=12.611449, Z₀(α*)=23.786437, intercept=-18.208926 (1.823s) [OMP=1.681 ISP-L=0.011 ISP-F=0.036 MW-L=0.033 MW-F=0.060]
  Mini-Benders[2] (mw): LB=12.801832, Z₀(α*)=23.373802, intercept=-53.467904 (1.859s) [OMP=1.748 ISP-L=0.010 ISP-F=0.036 MW-L=0.022 MW-F=0.052]
  Mini-Benders[3] (mw): LB=12.824464, Z₀(α*)=-24.437192, intercept=-59.947697 (1.876s) [OMP=1.754 ISP-L=0.011 ISP-F=0.034 MW-L=0.034 MW-F=0.035]
  Mini-Benders[4] (mw): LB=12.824464, Z₀(α*)=-24.437192, intercept=-59.947697 (1.889s) [OMP=1.778 ISP-L=0.011 ISP-F=0.034 MW-L=0.024 MW-F=0.034]
  Mini-Benders[5] (mw): LB=12.824464, Z₀(α*)=-24.437192, intercept=-59.947697 (1.909s) [OMP=1.789 ISP-L=0.011 ISP-F=0.034 MW-L=0.034 MW-F=0.034]
  α-step: Z₀=20.502053, α=[0.000,0.000,0.000,0.000,0.000,0.000,0.000,0.000,0.000,0.000,0.000,0.000,0.000,0.000,0.000,0.000,0.000,0.000,0.000,0.000,0.000,0.000,0.000,0.000,0.000,0.000,0.000,0.000,0.000,0.000,0.000,0.000,0.000,0.000,0.000,0.000,0.000,0.000,0.000,0.000,0.000,0.000,0.000,0.000,0.000,0.000,0.000,0.000,0.000,0.000,0.000,0.000,0.000,0.000,0.000,0.000,0.000,0.000,0.000,0.000,0.000,0.000,0.000,0.000,0.000,0.000,0.000,0.000,0.000,0.000,0.000,5.689,4.754,0.000,0.000,0.000]
  Alt-Benders[1] (mw): LB=12.964784, Z₀(α*)=20.809020, intercept=-66.714245 (1.881s) [OMP=1.751 ISP-L=0.011 ISP-F=0.034 MW-L=0.032 MW-F=0.036]
  Alt-Benders[2] (mw): LB=12.965711, Z₀(α*)=16.290566, intercept=-17.660683 (1.838s) [OMP=1.743 ISP-L=0.010 ISP-F=0.034 MW-L=0.022 MW-F=0.033]
  Alt-Benders[3] (mw): LB=12.996437, Z₀(α*)=-10.822757, intercept=-50.033046 (1.846s) [OMP=1.728 ISP-L=0.010 ISP-F=0.032 MW-L=0.033 MW-F=0.032]
  Alt-Benders[4] (mw): LB=12.996437, Z₀(α*)=-10.822757, intercept=-50.033046 (1.748s) [OMP=1.653 ISP-L=0.010 ISP-F=0.031 MW-L=0.024 MW-F=0.032]
  Alt-Benders[5] (mw): LB=12.996437, Z₀(α*)=-10.822757, intercept=-50.033046 (1.766s) [OMP=1.661 ISP-L=0.010 ISP-F=0.031 MW-L=0.032 MW-F=0.032]
  OMP re-solve: 1.687s

=== True-DRO Benders iter 64 ===
  OMP: t₀=12.996437, UB=17.096584, gap=2.40e-01, x=[0, 0, 0, 0, 0, 0, 0, 0, 0, 0, 0, 0, 0, 1, 0, 0, 0, 0, 0, 0, 0, 0, 0, 0, 0, 0, 0, 0, 0, 0, 0, 0, 0, 0, 1, 0, 0, 0, 0, 0, 0, 0, 0, 0, 0, 0, 0, 0, 0, 0, 0, 0, 0, 0, 0, 0, 0, 0, 0, 0, 0, 0, 0, 0, 0, 0, 0, 0, 0, 0, 0, 0, 0, 0, 0, 0] (0.000s)
  Sub: Z₀=20.493373 [LOCAL] (0.4s), α=[0.000,0.000,0.000,0.000,0.000,0.000,0.000,0.000,0.000,0.000,0.000,0.000,0.000,0.000,0.000,0.000,0.000,0.000,0.000,0.000,0.000,0.000,0.000,0.000,0.000,0.000,0.000,0.000,0.000,0.000,0.000,0.000,0.000,0.000,8.023,0.000,0.000,0.000,0.000,0.000,0.000,0.000,0.000,0.000,0.000,0.000,0.000,0.000,0.000,0.000,0.000,0.000,0.000,0.000,0.000,0.000,0.000,0.000,0.000,0.000,0.000,0.000,0.000,0.000,0.000,0.000,0.000,0.000,0.000,0.000,0.000,0.000,2.420,0.000,0.000,0.000]
  Iter 64: LB=12.996437  UB=17.096584  gap=2.40e-01
  Cut: intercept=-1145.495653, π_x_range=[-826.0148, 593.5879]
  Mini-Benders[1] (mw): LB=13.002402, Z₀(α*)=8.585002, intercept=-83.443266 (1.968s) [OMP=1.862 ISP-L=0.009 ISP-F=0.034 MW-L=0.023 MW-F=0.042]
  Mini-Benders[2] (mw): LB=13.002402, Z₀(α*)=8.585002, intercept=-83.443266 (1.907s) [OMP=1.812 ISP-L=0.009 ISP-F=0.034 MW-L=0.022 MW-F=0.034]
  Mini-Benders[3] (mw): LB=13.002402, Z₀(α*)=8.585002, intercept=-83.443266 (1.920s) [OMP=1.803 ISP-L=0.009 ISP-F=0.033 MW-L=0.022 MW-F=0.041]
  Mini-Benders[4]: LB stagnated, break
  α-step: Z₀=25.503366, α=[0.000,0.000,0.000,0.000,0.000,0.000,0.000,0.000,0.000,0.000,2.522,0.000,0.000,0.000,0.000,0.000,1.023,0.000,0.000,0.000,0.000,0.000,0.000,0.000,0.000,0.000,0.000,0.000,0.000,0.000,0.000,0.000,0.000,0.000,0.581,0.000,0.000,0.000,0.000,0.000,0.000,0.000,3.060,0.000,0.000,0.000,0.000,0.000,0.000,0.000,0.000,0.000,0.000,0.000,0.000,0.000,0.000,0.000,0.000,0.000,0.000,0.000,0.000,0.000,0.000,0.000,0.000,0.000,0.000,0.000,0.000,0.000,3.257,0.000,0.000,0.000]
  Alt-Benders[1] (mw): LB=13.033972, Z₀(α*)=-2.698687, intercept=-37.970128 (1.813s) [OMP=1.708 ISP-L=0.011 ISP-F=0.039 MW-L=0.023 MW-F=0.036]
  Alt-Benders[2] (mw): LB=13.033972, Z₀(α*)=-2.698687, intercept=-37.970128 (1.891s) [OMP=1.788 ISP-L=0.010 ISP-F=0.039 MW-L=0.022 MW-F=0.030]
  Alt-Benders[3] (mw): LB=13.033972, Z₀(α*)=-2.698687, intercept=-37.970128 (1.937s) [OMP=1.817 ISP-L=0.010 ISP-F=0.039 MW-L=0.022 MW-F=0.036]
  Alt-Benders[4]: LB stagnated, break
  OMP re-solve: 0.000s

=== True-DRO Benders iter 65 ===
  OMP: t₀=13.033972, UB=17.096584, gap=2.38e-01, x=[0, 1, 0, 0, 0, 0, 0, 0, 0, 0, 0, 0, 0, 1, 0, 0, 0, 0, 0, 0, 0, 0, 0, 0, 0, 0, 0, 0, 0, 0, 0, 0, 0, 0, 0, 0, 0, 0, 0, 0, 0, 0, 0, 0, 0, 0, 0, 0, 0, 0, 0, 0, 0, 0, 0, 0, 0, 0, 0, 0, 0, 0, 0, 0, 0, 0, 0, 0, 0, 0, 0, 0, 0, 0, 0, 0] (0.000s)
  Sub: Z₀=23.850984 [TIME_LIMIT] (15.2s), α=[0.000,0.000,0.000,0.000,0.000,0.000,0.000,0.000,0.000,0.000,0.000,0.000,0.000,3.234,0.000,0.000,0.000,0.000,0.000,0.000,0.000,0.000,0.000,0.032,0.000,0.000,0.000,2.012,0.000,0.000,0.000,0.000,0.000,0.000,2.589,0.000,0.000,0.000,0.000,0.000,0.000,0.000,0.000,0.000,0.000,0.000,0.000,0.000,0.000,0.000,0.000,0.000,0.000,0.000,0.000,0.000,0.000,0.000,0.000,0.000,0.000,0.000,0.131,0.000,0.000,0.000,0.000,0.000,0.000,0.000,0.000,0.000,2.446,0.000,0.000,0.000]
  Iter 65: LB=13.033972  UB=17.096584  gap=2.38e-01
  Cut: intercept=-76.801627, π_x_range=[-264.0000, 64.2944]
  Mini-Benders[1] (mw): LB=13.256349, Z₀(α*)=11.181239, intercept=-73.561914 (1.738s) [OMP=1.637 ISP-L=0.011 ISP-F=0.034 MW-L=0.025 MW-F=0.037]
  Mini-Benders[2] (mw): LB=13.256349, Z₀(α*)=11.181239, intercept=-73.561914 (1.814s) [OMP=1.717 ISP-L=0.011 ISP-F=0.033 MW-L=0.025 MW-F=0.030]
  Mini-Benders[3] (mw): LB=13.256349, Z₀(α*)=11.181239, intercept=-73.561914 (1.843s) [OMP=1.721 ISP-L=0.010 ISP-F=0.033 MW-L=0.025 MW-F=0.038]
  Mini-Benders[4]: LB stagnated, break
  α-step: Z₀=21.365643, α=[0.000,0.000,0.000,0.000,0.000,0.000,0.000,0.000,0.000,0.000,0.000,0.000,0.000,1.138,0.000,0.000,1.648,0.000,0.000,0.000,0.000,0.000,0.000,0.000,0.000,0.000,0.000,0.000,0.000,0.000,0.000,0.000,0.000,0.000,2.589,0.000,0.000,0.000,0.000,0.000,0.000,0.000,0.605,0.000,0.000,0.000,0.000,0.000,0.000,0.000,3.670,0.000,0.000,0.792,0.000,0.000,0.000,0.000,0.000,0.000,0.000,0.000,0.000,0.000,0.000,0.000,0.000,0.000,0.000,0.000,0.000,0.000,0.000,0.000,0.000,0.000]
  Alt-Benders[1] (mw): LB=13.277791, Z₀(α*)=-6.732158, intercept=-37.057648 (2.030s) [OMP=1.905 ISP-L=0.011 ISP-F=0.033 MW-L=0.023 MW-F=0.050]
  Alt-Benders[2] (mw): LB=13.277791, Z₀(α*)=-6.732158, intercept=-37.057648 (1.986s) [OMP=1.891 ISP-L=0.010 ISP-F=0.033 MW-L=0.023 MW-F=0.035]
  Alt-Benders[3] (mw): LB=13.277791, Z₀(α*)=-6.732158, intercept=-37.057648 (1.998s) [OMP=1.879 ISP-L=0.010 ISP-F=0.032 MW-L=0.023 MW-F=0.044]
  Alt-Benders[4]: LB stagnated, break
  OMP re-solve: 0.001s

=== True-DRO Benders iter 66 ===
  OMP: t₀=13.277791, UB=17.096584, gap=2.23e-01, x=[0, 0, 0, 0, 0, 0, 0, 0, 0, 0, 0, 0, 0, 0, 0, 0, 1, 0, 0, 0, 0, 0, 0, 0, 0, 0, 0, 0, 0, 0, 0, 0, 0, 0, 0, 0, 0, 0, 0, 1, 0, 0, 0, 0, 0, 0, 0, 0, 0, 0, 0, 0, 0, 0, 0, 0, 0, 0, 0, 0, 0, 0, 0, 0, 0, 0, 0, 0, 0, 0, 0, 0, 0, 0, 0, 0] (0.002s)
  Sub: Z₀=26.991382 [LOCAL] (0.6s), α=[0.000,0.000,0.000,0.000,0.000,0.000,0.000,0.000,0.000,0.000,0.000,0.000,0.000,0.000,0.000,0.000,3.040,0.000,0.000,0.000,0.083,0.000,0.000,0.000,0.000,0.000,0.000,0.000,0.000,0.000,0.000,0.000,0.000,0.000,2.566,0.000,0.000,0.000,0.000,0.000,0.000,0.000,0.000,0.000,0.000,0.000,0.000,0.000,0.000,0.000,0.000,0.000,0.000,0.000,0.000,0.000,0.000,0.000,0.000,0.000,0.000,0.000,0.000,0.000,0.000,0.000,0.000,0.000,0.000,0.000,0.000,0.000,4.754,0.000,0.000,0.000]
  Iter 66: LB=13.277791  UB=17.096584  gap=2.23e-01
  Cut: intercept=-1111.321682, π_x_range=[-826.3664, 572.4492]
  Mini-Benders[1] (mw): LB=13.288382, Z₀(α*)=25.098893, intercept=-13.063388 (1.832s) [OMP=1.721 ISP-L=0.011 ISP-F=0.037 MW-L=0.023 MW-F=0.044]
  Mini-Benders[2] (mw): LB=13.298461, Z₀(α*)=21.086245, intercept=-55.948277 (1.781s) [OMP=1.674 ISP-L=0.009 ISP-F=0.033 MW-L=0.022 MW-F=0.031]
  Mini-Benders[3] (mw): LB=13.316386, Z₀(α*)=27.490326, intercept=27.490325 (1.925s) [OMP=1.797 ISP-L=0.011 ISP-F=0.039 MW-L=0.022 MW-F=0.053]
  Mini-Benders[4] (mw): LB=13.367762, Z₀(α*)=17.902833, intercept=-72.308741 (1.839s) [OMP=1.738 ISP-L=0.010 ISP-F=0.044 MW-L=0.023 MW-F=0.033]
  Mini-Benders[5] (mw): LB=13.463662, Z₀(α*)=11.096862, intercept=-147.098645 (1.958s) [OMP=1.832 ISP-L=0.011 ISP-F=0.041 MW-L=0.022 MW-F=0.041]
  α-step: Z₀=24.906584, α=[0.000,0.000,0.000,0.000,0.000,0.000,0.000,0.000,0.000,0.000,0.000,0.000,0.000,0.000,0.000,0.000,0.000,0.000,0.000,0.000,0.000,0.000,0.000,0.000,0.000,0.000,0.000,0.000,0.000,0.000,0.000,0.000,0.000,0.000,0.000,0.000,0.000,0.000,0.000,0.000,0.000,0.000,0.000,0.000,0.000,0.000,0.000,0.000,0.000,0.000,0.000,0.000,0.000,0.000,0.000,0.000,0.000,0.000,0.000,0.000,0.000,0.669,2.825,0.000,0.000,0.000,0.000,0.000,0.000,0.000,0.000,0.000,6.949,0.000,0.000,0.000]
  Alt-Benders[1] (mw): LB=13.468132, Z₀(α*)=-5.241294, intercept=-72.085729 (1.906s) [OMP=1.789 ISP-L=0.010 ISP-F=0.035 MW-L=0.022 MW-F=0.043]
  Alt-Benders[2] (mw): LB=13.468132, Z₀(α*)=-5.241294, intercept=-72.085729 (1.980s) [OMP=1.869 ISP-L=0.010 ISP-F=0.035 MW-L=0.023 MW-F=0.034]
  Alt-Benders[3] (mw): LB=13.468132, Z₀(α*)=-5.241294, intercept=-72.085729 (1.975s) [OMP=1.865 ISP-L=0.010 ISP-F=0.035 MW-L=0.022 MW-F=0.046]
  Alt-Benders[4]: LB stagnated, break
  OMP re-solve: 0.000s

=== True-DRO Benders iter 67 ===
  OMP: t₀=13.468132, UB=17.096584, gap=2.12e-01, x=[0, 0, 0, 0, 0, 0, 0, 0, 0, 0, 0, 0, 0, 0, 0, 0, 0, 0, 0, 0, 0, 0, 0, 0, 0, 0, 0, 0, 0, 0, 0, 0, 0, 0, 0, 0, 0, 0, 0, 0, 0, 0, 0, 0, 0, 0, 0, 0, 0, 0, 0, 0, 0, 0, 0, 0, 0, 0, 1, 0, 0, 0, 0, 0, 0, 0, 0, 0, 0, 0, 0, 1, 0, 0, 0, 0] (0.000s)
  Sub: Z₀=21.007582 [LOCAL] (0.4s), α=[0.000,0.000,0.000,0.000,0.000,0.000,0.000,0.000,0.000,0.000,0.000,0.000,0.000,0.000,0.000,0.000,0.000,0.000,0.000,0.000,0.000,0.000,0.000,0.000,0.000,0.000,0.000,0.000,0.000,0.000,0.000,0.000,0.000,0.000,0.000,0.000,0.000,0.000,0.000,0.000,0.000,0.000,0.000,0.000,0.000,0.000,0.000,0.000,0.000,0.000,0.000,0.000,0.000,0.000,0.000,0.000,0.000,0.000,0.000,0.000,0.000,0.000,0.000,0.000,0.000,0.000,0.000,0.000,0.000,0.000,0.000,6.831,3.612,0.000,0.000,0.000]
  Iter 67: LB=13.468132  UB=17.096584  gap=2.12e-01
  Cut: intercept=-1111.342944, π_x_range=[-825.4333, 569.0264]
  Mini-Benders[1] (mw): LB=13.515235, Z₀(α*)=11.913628, intercept=4.003038 (1.954s) [OMP=1.834 ISP-L=0.010 ISP-F=0.037 MW-L=0.024 MW-F=0.040]
  Mini-Benders[2] (mw): LB=13.515235, Z₀(α*)=11.913628, intercept=4.003038 (1.921s) [OMP=1.798 ISP-L=0.010 ISP-F=0.038 MW-L=0.032 MW-F=0.038]
  Mini-Benders[3] (mw): LB=13.515235, Z₀(α*)=11.913628, intercept=4.003038 (1.860s) [OMP=1.756 ISP-L=0.010 ISP-F=0.037 MW-L=0.022 MW-F=0.039]
  Mini-Benders[4]: LB stagnated, break
  α-step: Z₀=27.052338, α=[0.000,0.000,0.000,0.000,0.000,0.000,0.000,0.000,0.000,0.000,0.000,0.000,0.000,0.000,0.000,0.000,1.461,0.000,0.000,0.000,0.000,0.000,0.000,0.000,0.000,0.000,0.000,0.000,0.000,0.000,0.000,0.000,0.000,0.000,0.000,0.000,0.000,0.000,0.000,0.000,0.000,0.000,0.000,0.000,0.000,0.000,0.000,0.000,0.000,0.000,1.401,0.000,0.000,0.000,0.000,0.000,0.000,0.000,0.000,0.000,0.000,0.000,0.000,0.000,0.000,0.000,0.000,0.000,0.000,0.000,0.000,1.427,6.155,0.000,0.000,0.000]
  Alt-Benders[1] (mw): LB=13.549310, Z₀(α*)=4.563333, intercept=-44.480418 (2.553s) [OMP=2.445 ISP-L=0.009 ISP-F=0.032 MW-L=0.023 MW-F=0.036]
  Alt-Benders[2] (mw): LB=13.549310, Z₀(α*)=4.563333, intercept=-44.480418 (1.900s) [OMP=1.798 ISP-L=0.009 ISP-F=0.032 MW-L=0.033 MW-F=0.036]
  Alt-Benders[3] (mw): LB=13.549310, Z₀(α*)=4.563333, intercept=-44.480418 (1.926s) [OMP=1.812 ISP-L=0.009 ISP-F=0.032 MW-L=0.022 MW-F=0.037]
  Alt-Benders[4]: LB stagnated, break
  OMP re-solve: 0.000s

=== True-DRO Benders iter 68 ===
  OMP: t₀=13.549310, UB=17.096584, gap=2.07e-01, x=[0, 0, 0, 0, 0, 0, 0, 0, 0, 0, 0, 0, 0, 0, 0, 0, 0, 0, 0, 0, 0, 0, 0, 0, 0, 0, 0, 0, 0, 0, 0, 0, 0, 0, 0, 0, 0, 0, 0, 0, 0, 0, 1, 0, 0, 0, 0, 0, 0, 0, 1, 0, 0, 0, 0, 0, 0, 0, 0, 0, 0, 0, 0, 0, 0, 0, 0, 0, 0, 0, 0, 0, 0, 0, 0, 0] (0.000s)
  Sub: Z₀=25.377470 [LOCAL] (0.4s), α=[0.000,0.000,0.000,0.000,0.000,0.000,0.000,0.000,0.000,0.000,2.012,0.000,0.000,0.000,0.000,0.000,0.273,0.000,0.000,0.000,0.000,0.000,0.000,0.000,0.000,0.000,0.000,0.000,0.000,0.000,0.000,0.000,0.000,0.000,2.589,0.000,0.000,0.000,0.000,0.000,0.000,0.000,3.649,0.000,0.000,0.000,0.000,0.000,0.000,0.000,0.000,0.000,0.000,0.000,0.000,0.000,0.000,0.000,0.000,0.000,0.000,0.000,0.000,0.000,0.000,0.000,0.000,0.000,0.000,0.000,0.000,0.000,1.920,0.000,0.000,0.000]
  Iter 68: LB=13.549310  UB=17.096584  gap=2.07e-01
  Cut: intercept=-1101.529908, π_x_range=[-825.9957, 598.2478]
  Mini-Benders[1] (mw): LB=13.583012, Z₀(α*)=10.839676, intercept=10.839675 (1.813s) [OMP=1.713 ISP-L=0.011 ISP-F=0.038 MW-L=0.021 MW-F=0.033]
  Mini-Benders[2] (mw): LB=13.583012, Z₀(α*)=10.839676, intercept=10.839675 (1.943s) [OMP=1.815 ISP-L=0.012 ISP-F=0.038 MW-L=0.030 MW-F=0.034]
  Mini-Benders[3] (mw): LB=13.583012, Z₀(α*)=10.839676, intercept=10.839675 (1.910s) [OMP=1.804 ISP-L=0.011 ISP-F=0.038 MW-L=0.021 MW-F=0.033]
  Mini-Benders[4]: LB stagnated, break
  α-step: Z₀=27.499696, α=[0.000,0.000,0.000,0.000,0.000,0.000,0.000,0.000,0.000,0.000,0.000,0.000,0.000,0.000,0.000,0.000,3.275,0.000,0.000,0.000,0.000,0.000,0.000,0.000,0.000,0.000,0.000,0.000,0.000,0.000,0.000,0.000,0.000,0.000,3.911,0.000,0.000,0.000,0.000,0.000,0.000,0.000,0.000,0.000,0.000,0.000,0.000,0.000,0.000,0.000,0.000,0.000,0.000,0.000,0.000,0.000,0.000,0.000,0.000,0.000,0.000,0.000,0.000,0.000,0.000,0.000,0.000,0.000,0.000,0.000,0.000,0.000,3.257,0.000,0.000,0.000]
  Alt-Benders[1] (mw): LB=13.619077, Z₀(α*)=8.706639, intercept=-34.872562 (1.847s) [OMP=1.752 ISP-L=0.010 ISP-F=0.036 MW-L=0.024 MW-F=0.033]
  Alt-Benders[2] (mw): LB=13.619077, Z₀(α*)=8.706639, intercept=-34.872562 (1.939s) [OMP=1.814 ISP-L=0.010 ISP-F=0.036 MW-L=0.031 MW-F=0.033]
  Alt-Benders[3] (mw): LB=13.619077, Z₀(α*)=8.706639, intercept=-34.872562 (1.947s) [OMP=1.839 ISP-L=0.010 ISP-F=0.036 MW-L=0.024 MW-F=0.033]
  Alt-Benders[4]: LB stagnated, break
  OMP re-solve: 0.002s

=== True-DRO Benders iter 69 ===
  OMP: t₀=13.619077, UB=17.096584, gap=2.03e-01, x=[0, 1, 0, 0, 0, 0, 0, 0, 0, 0, 0, 0, 0, 0, 0, 0, 0, 0, 0, 0, 0, 0, 0, 1, 0, 0, 0, 0, 0, 0, 0, 0, 0, 0, 0, 0, 0, 0, 0, 0, 0, 0, 0, 0, 0, 0, 0, 0, 0, 0, 0, 0, 0, 0, 0, 0, 0, 0, 0, 0, 0, 0, 0, 0, 0, 0, 0, 0, 0, 0, 0, 0, 0, 0, 0, 0] (0.002s)
  Sub: Z₀=25.281408 [LOCAL] (0.5s), α=[0.000,0.527,0.000,0.000,0.000,0.000,0.000,0.000,0.000,0.000,0.000,0.000,0.000,0.000,0.000,0.000,0.000,0.000,0.000,0.000,0.000,0.000,0.000,2.567,0.000,0.000,0.000,0.586,0.000,0.000,0.000,0.000,0.000,0.000,0.000,0.000,0.000,0.000,0.000,0.000,0.000,0.000,0.000,0.000,0.000,0.000,0.000,0.000,0.000,0.000,0.000,0.000,0.000,0.000,0.000,0.000,0.000,0.000,0.000,0.000,0.000,0.000,2.009,0.000,0.000,0.000,0.000,0.000,0.000,0.000,0.000,0.000,4.754,0.000,0.000,0.000]
  Iter 69: LB=13.619077  UB=17.096584  gap=2.03e-01
  Cut: intercept=-1100.880151, π_x_range=[-825.6321, 581.2179]
  Mini-Benders[1] (mw): LB=13.724778, Z₀(α*)=18.510508, intercept=-16.198919 (1.928s) [OMP=1.810 ISP-L=0.012 ISP-F=0.039 MW-L=0.023 MW-F=0.035]
  Mini-Benders[2] (mw): LB=13.737740, Z₀(α*)=-19.142670, intercept=-59.275092 (1.901s) [OMP=1.801 ISP-L=0.010 ISP-F=0.032 MW-L=0.031 MW-F=0.033]
  Mini-Benders[3] (mw): LB=13.737740, Z₀(α*)=-19.142670, intercept=-59.275092 (1.968s) [OMP=1.864 ISP-L=0.010 ISP-F=0.032 MW-L=0.023 MW-F=0.032]
  Mini-Benders[4] (mw): LB=13.737740, Z₀(α*)=-19.142670, intercept=-59.275092 (1.984s) [OMP=1.867 ISP-L=0.010 ISP-F=0.032 MW-L=0.033 MW-F=0.033]
  Mini-Benders[5]: LB stagnated, break
  α-step: Z₀=20.554284, α=[0.000,0.000,0.000,0.000,0.000,0.000,0.000,0.000,0.000,0.000,0.000,0.000,0.000,0.000,0.000,0.000,0.000,0.000,0.000,0.000,0.000,0.000,0.000,0.000,0.000,0.000,0.000,0.000,0.000,0.000,0.000,0.000,0.000,0.000,0.000,0.000,0.000,0.000,0.000,0.000,0.000,0.000,0.000,0.000,0.000,0.000,0.000,0.000,0.000,0.000,0.000,0.000,0.000,0.000,0.000,0.000,0.000,0.000,0.000,0.000,0.000,0.000,0.000,0.000,0.000,0.000,0.000,0.000,0.000,0.000,0.000,5.689,4.754,0.000,0.000,0.000]
  Alt-Benders[1] (mw): LB=13.772331, Z₀(α*)=6.686145, intercept=-33.852055 (1.944s) [OMP=1.830 ISP-L=0.010 ISP-F=0.033 MW-L=0.031 MW-F=0.038]
  Alt-Benders[2] (mw): LB=13.772331, Z₀(α*)=6.686145, intercept=-33.852055 (1.952s) [OMP=1.860 ISP-L=0.010 ISP-F=0.032 MW-L=0.023 MW-F=0.031]
  Alt-Benders[3] (mw): LB=13.772331, Z₀(α*)=6.686145, intercept=-33.852055 (1.970s) [OMP=1.850 ISP-L=0.010 ISP-F=0.033 MW-L=0.033 MW-F=0.032]
  Alt-Benders[4]: LB stagnated, break
  OMP re-solve: 0.001s

=== True-DRO Benders iter 70 ===
  OMP: t₀=13.772331, UB=17.096584, gap=1.94e-01, x=[0, 0, 0, 0, 0, 0, 0, 0, 0, 0, 0, 0, 0, 0, 0, 0, 0, 0, 0, 0, 0, 0, 0, 0, 0, 0, 0, 0, 0, 1, 0, 0, 0, 0, 0, 0, 0, 0, 0, 0, 0, 0, 0, 0, 0, 0, 0, 0, 0, 0, 0, 1, 0, 0, 0, 0, 0, 0, 0, 0, 0, 0, 0, 0, 0, 0, 0, 0, 0, 0, 0, 0, 0, 0, 0, 0] (0.001s)
  Sub: Z₀=23.587274 [TIME_LIMIT] (15.2s), α=[0.000,0.000,0.000,0.000,0.000,0.000,0.000,0.000,0.000,0.000,0.000,0.000,0.000,0.000,0.000,0.000,0.000,0.000,0.000,0.000,0.089,0.000,0.000,0.000,0.000,0.000,0.000,0.000,0.000,0.000,0.000,0.000,0.000,0.000,1.576,0.000,0.000,0.000,0.000,0.000,0.000,0.000,0.000,0.000,0.000,0.000,0.000,0.000,0.000,0.000,0.000,4.273,0.000,0.000,0.000,0.000,0.000,0.000,0.000,0.000,0.000,0.000,0.000,0.000,0.000,0.000,0.000,0.000,0.000,0.000,0.000,2.072,2.433,0.000,0.000,0.000]
  Iter 70: LB=13.772331  UB=17.096584  gap=1.94e-01
  Cut: intercept=-35.123486, π_x_range=[-166.7388, 43.0939]
  Mini-Benders[1] (mw): LB=13.806669, Z₀(α*)=11.363359, intercept=-4.072655 (1.874s) [OMP=1.775 ISP-L=0.011 ISP-F=0.036 MW-L=0.021 MW-F=0.034]
  Mini-Benders[2] (mw): LB=13.806669, Z₀(α*)=11.363359, intercept=-4.072655 (1.801s) [OMP=1.691 ISP-L=0.011 ISP-F=0.035 MW-L=0.022 MW-F=0.026]
  Mini-Benders[3] (mw): LB=13.806669, Z₀(α*)=11.363359, intercept=-4.072655 (1.794s) [OMP=1.700 ISP-L=0.010 ISP-F=0.035 MW-L=0.022 MW-F=0.034]
  Mini-Benders[4]: LB stagnated, break
  α-step: Z₀=26.168598, α=[0.000,0.000,0.000,0.000,0.000,0.000,0.000,0.000,0.000,0.000,0.000,0.000,0.000,0.000,0.000,0.000,1.038,0.000,0.000,0.000,0.000,0.000,0.000,0.000,0.000,0.000,0.000,0.000,0.000,0.000,0.000,0.000,0.000,0.000,0.000,0.000,0.000,0.000,0.000,0.000,0.000,0.000,0.000,0.000,0.000,0.000,0.000,0.000,0.000,0.000,1.662,0.000,0.000,0.000,0.000,0.000,0.000,0.000,0.000,0.000,0.000,0.000,0.000,0.000,0.000,0.000,0.000,0.000,0.000,0.000,0.000,1.427,6.316,0.000,0.000,0.000]
  Alt-Benders[1] (mw): LB=13.913763, Z₀(α*)=9.205604, intercept=-4.656485 (1.891s) [OMP=1.788 ISP-L=0.011 ISP-F=0.035 MW-L=0.022 MW-F=0.038]
  Alt-Benders[2] (mw): LB=13.913763, Z₀(α*)=9.205604, intercept=-4.656485 (1.926s) [OMP=1.816 ISP-L=0.011 ISP-F=0.034 MW-L=0.023 MW-F=0.030]
  Alt-Benders[3] (mw): LB=13.913763, Z₀(α*)=9.205604, intercept=-4.656485 (1.904s) [OMP=1.794 ISP-L=0.011 ISP-F=0.035 MW-L=0.025 MW-F=0.038]
  Alt-Benders[4]: LB stagnated, break
  OMP re-solve: 0.000s

=== True-DRO Benders iter 71 ===
  OMP: t₀=13.913763, UB=17.096584, gap=1.86e-01, x=[0, 0, 0, 0, 0, 1, 0, 0, 0, 0, 0, 0, 0, 0, 0, 0, 0, 0, 0, 0, 0, 0, 0, 0, 0, 0, 0, 0, 0, 0, 0, 0, 0, 0, 0, 0, 0, 0, 0, 0, 0, 0, 0, 0, 0, 0, 0, 0, 0, 0, 0, 0, 0, 0, 0, 0, 0, 0, 0, 0, 0, 0, 0, 0, 0, 0, 0, 0, 0, 0, 0, 0, 1, 0, 0, 0] (0.000s)
  Sub: Z₀=24.007782 [LOCAL] (0.3s), α=[0.000,0.000,0.000,0.000,0.000,0.000,0.000,0.000,0.000,0.000,0.000,0.000,0.000,0.000,0.000,0.000,0.000,0.000,0.000,0.000,0.000,0.000,0.000,0.000,0.000,0.000,0.000,0.000,0.000,0.000,0.000,0.000,0.000,0.000,0.000,0.000,0.000,0.000,0.000,0.000,0.000,0.000,0.000,0.000,0.000,0.000,0.000,0.000,0.000,0.000,0.000,0.000,0.000,0.000,0.000,0.000,0.000,0.000,0.000,0.000,0.000,0.000,0.000,0.000,0.000,0.000,0.000,0.000,0.000,0.000,0.000,0.000,10.443,0.000,0.000,0.000]
  Iter 71: LB=13.913763  UB=17.096584  gap=1.86e-01
  Cut: intercept=-1131.101131, π_x_range=[-826.8685, 583.7793]
  Mini-Benders[1] (mw): LB=13.928705, Z₀(α*)=23.587475, intercept=-25.486902 (1.955s) [OMP=1.839 ISP-L=0.010 ISP-F=0.035 MW-L=0.024 MW-F=0.044]
  Mini-Benders[2] (mw): LB=14.055244, Z₀(α*)=22.307774, intercept=-56.302646 (2.871s) [OMP=2.764 ISP-L=0.011 ISP-F=0.035 MW-L=0.024 MW-F=0.039]
  Mini-Benders[3] (mw): LB=14.162647, Z₀(α*)=18.158734, intercept=-2.031358 (2.301s) [OMP=2.188 ISP-L=0.011 ISP-F=0.032 MW-L=0.022 MW-F=0.038]
  Mini-Benders[4] (mw): LB=14.229844, Z₀(α*)=24.549335, intercept=-0.590241 (1.885s) [OMP=1.789 ISP-L=0.010 ISP-F=0.032 MW-L=0.022 MW-F=0.031]
  Mini-Benders[5] (mw): LB=14.259153, Z₀(α*)=22.460897, intercept=-14.309272 (1.845s) [OMP=1.741 ISP-L=0.011 ISP-F=0.037 MW-L=0.022 MW-F=0.041]
  α-step: Z₀=24.477545, α=[0.000,0.000,0.000,0.000,0.000,0.000,0.000,0.000,0.000,0.000,0.000,0.000,0.000,0.000,0.000,0.000,0.663,0.000,0.000,0.000,0.000,0.000,0.000,0.000,0.000,0.000,0.000,0.000,0.000,0.000,0.000,0.000,0.000,0.000,2.589,0.000,0.000,0.000,0.000,0.000,0.000,0.000,0.000,0.000,0.000,0.000,0.000,0.000,0.000,0.000,0.000,0.000,0.000,0.000,0.000,0.000,0.000,0.000,0.000,0.000,0.000,0.000,0.000,0.000,0.000,0.000,0.000,0.000,0.000,0.000,0.000,0.000,7.191,0.000,0.000,0.000]
  Alt-Benders[1] (mw): LB=14.466553, Z₀(α*)=27.047940, intercept=26.958467 (1.902s) [OMP=1.765 ISP-L=0.010 ISP-F=0.035 MW-L=0.022 MW-F=0.065]
  Alt-Benders[2] (mw): LB=14.477039, Z₀(α*)=26.758612, intercept=10.989784 (1.865s) [OMP=1.769 ISP-L=0.009 ISP-F=0.036 MW-L=0.023 MW-F=0.030]
  Alt-Benders[3] (mw): LB=14.522571, Z₀(α*)=27.058466, intercept=27.058465 (1.941s) [OMP=1.826 ISP-L=0.011 ISP-F=0.035 MW-L=0.020 MW-F=0.041]
  Alt-Benders[4] (mw): LB=14.531620, Z₀(α*)=26.220929, intercept=23.983165 (1.855s) [OMP=1.730 ISP-L=0.010 ISP-F=0.034 MW-L=0.023 MW-F=0.054]
  Alt-Benders[5] (mw): LB=14.742990, Z₀(α*)=19.994062, intercept=-11.329230 (1.844s) [OMP=1.734 ISP-L=0.011 ISP-F=0.032 MW-L=0.023 MW-F=0.041]
  OMP re-solve: 1.749s

=== True-DRO Benders iter 72 ===
  OMP: t₀=14.820488, UB=17.096584, gap=1.33e-01, x=[0, 0, 0, 0, 0, 0, 0, 0, 0, 0, 0, 0, 0, 0, 0, 0, 0, 0, 0, 0, 0, 0, 0, 0, 0, 0, 0, 0, 0, 1, 0, 0, 0, 0, 1, 0, 0, 0, 0, 0, 0, 0, 0, 0, 0, 0, 0, 0, 0, 0, 0, 0, 0, 0, 0, 0, 0, 0, 0, 0, 0, 0, 0, 0, 0, 0, 0, 0, 0, 0, 0, 0, 0, 0, 0, 0] (0.002s)
  Sub: Z₀=20.625518 [LOCAL] (0.4s), α=[0.000,0.000,0.000,0.000,0.000,0.000,0.000,0.000,0.000,0.000,0.000,0.000,0.000,0.000,0.000,0.000,0.000,0.000,0.000,0.000,0.000,0.000,0.000,0.000,0.000,0.000,0.000,0.000,0.000,0.000,0.000,0.000,0.000,0.000,7.726,0.000,0.000,0.000,0.000,0.000,0.000,0.000,0.000,0.000,0.000,0.000,0.000,0.000,0.000,0.000,0.000,0.000,0.000,0.000,0.000,0.000,0.000,0.000,0.000,0.000,0.000,0.000,0.000,0.000,0.000,0.000,0.000,0.000,0.000,0.000,0.000,0.000,2.717,0.000,0.000,0.000]
  Iter 72: LB=14.820488  UB=17.096584  gap=1.33e-01
  Cut: intercept=-1158.033200, π_x_range=[-825.6650, 595.7873]
  Mini-Benders[1] (mw): LB=14.855522, Z₀(α*)=19.360933, intercept=-46.669637 (1.969s) [OMP=1.856 ISP-L=0.011 ISP-F=0.031 MW-L=0.022 MW-F=0.043]
  Mini-Benders[2] (mw): LB=14.871020, Z₀(α*)=7.152146, intercept=-44.813763 (1.796s) [OMP=1.677 ISP-L=0.011 ISP-F=0.038 MW-L=0.029 MW-F=0.039]
  Mini-Benders[3] (mw): LB=14.871020, Z₀(α*)=7.152146, intercept=-44.813763 (2.000s) [OMP=1.890 ISP-L=0.011 ISP-F=0.037 MW-L=0.023 MW-F=0.047]
  Mini-Benders[4] (mw): LB=14.871020, Z₀(α*)=7.152146, intercept=-44.813763 (1.908s) [OMP=1.786 ISP-L=0.011 ISP-F=0.037 MW-L=0.024 MW-F=0.037]
  Mini-Benders[5]: LB stagnated, break
  α-step: Z₀=26.577778, α=[0.000,0.000,0.000,0.000,0.000,0.000,0.000,0.000,0.000,0.000,0.000,0.000,0.000,0.000,0.000,0.000,0.000,0.000,0.000,0.000,0.000,0.000,0.000,0.000,0.000,0.000,0.000,0.000,0.000,0.000,0.000,0.000,0.000,0.000,1.577,0.000,0.000,0.000,0.000,0.000,0.000,0.000,0.000,0.000,0.000,0.000,0.000,0.000,0.000,0.000,0.000,0.000,0.000,0.000,0.000,0.000,0.000,0.000,0.000,0.000,0.000,0.000,3.511,0.000,0.000,0.000,0.000,0.000,0.000,0.000,0.000,0.000,5.355,0.000,0.000,0.000]
  Alt-Benders[1] (mw): LB=14.900505, Z₀(α*)=-18.399019, intercept=-128.914280 (1.868s) [OMP=1.758 ISP-L=0.011 ISP-F=0.032 MW-L=0.033 MW-F=0.034]
  Alt-Benders[2] (mw): LB=14.900505, Z₀(α*)=-18.399019, intercept=-128.914280 (1.878s) [OMP=1.774 ISP-L=0.011 ISP-F=0.032 MW-L=0.024 MW-F=0.034]
  Alt-Benders[3] (mw): LB=14.900505, Z₀(α*)=-18.399019, intercept=-128.914280 (1.841s) [OMP=1.739 ISP-L=0.011 ISP-F=0.032 MW-L=0.032 MW-F=0.033]
  Alt-Benders[4]: LB stagnated, break
  OMP re-solve: 0.000s

=== True-DRO Benders iter 73 ===
  OMP: t₀=14.900505, UB=17.096584, gap=1.28e-01, x=[0, 0, 0, 0, 0, 0, 0, 0, 0, 0, 0, 0, 0, 0, 0, 0, 0, 0, 0, 0, 0, 0, 0, 0, 0, 0, 0, 0, 0, 0, 0, 0, 0, 0, 0, 0, 0, 0, 0, 0, 0, 0, 0, 0, 0, 0, 0, 0, 0, 0, 0, 0, 0, 1, 0, 0, 0, 0, 0, 0, 0, 0, 0, 0, 0, 0, 0, 0, 0, 0, 0, 1, 0, 0, 0, 0] (0.000s)
  Sub: Z₀=16.045311 [LOCAL] (0.4s), α=[0.000,0.000,0.000,0.000,0.000,0.000,0.000,0.000,0.000,0.000,0.000,0.000,0.000,0.000,0.000,0.000,0.000,0.000,0.000,0.000,0.000,0.000,0.000,0.000,0.000,0.000,0.000,0.000,0.000,0.000,0.000,0.000,0.000,0.000,0.000,0.000,0.000,0.000,0.000,0.000,0.000,0.000,0.000,0.000,0.000,0.000,0.000,0.000,0.000,0.000,0.000,0.000,0.000,0.000,0.000,0.000,0.000,0.000,0.000,0.000,0.000,0.000,0.000,0.000,0.000,0.000,0.000,0.000,0.000,0.000,0.000,10.443,0.000,0.000,0.000,0.000]
  Iter 73: LB=14.900505  UB=17.096584  gap=1.28e-01
  Cut: intercept=-1117.887743, π_x_range=[-824.4276, 571.6203]
  Mini-Benders[1] (mw): LB=14.903912, Z₀(α*)=-14.350068, intercept=-18.113252 (2.018s) [OMP=1.904 ISP-L=0.010 ISP-F=0.038 MW-L=0.028 MW-F=0.037]
  Mini-Benders[2] (mw): LB=14.903912, Z₀(α*)=-14.350068, intercept=-18.113252 (1.904s) [OMP=1.789 ISP-L=0.010 ISP-F=0.038 MW-L=0.021 MW-F=0.038]
  Mini-Benders[3] (mw): LB=14.903912, Z₀(α*)=-14.350068, intercept=-18.113252 (1.889s) [OMP=1.779 ISP-L=0.010 ISP-F=0.038 MW-L=0.030 MW-F=0.037]
  Mini-Benders[4]: LB stagnated, break
  α-step: Z₀=25.786535, α=[0.000,0.000,0.000,0.000,0.000,0.000,0.000,0.000,0.000,0.000,0.000,0.000,0.000,0.000,0.000,0.000,0.549,0.000,0.000,0.000,0.000,0.000,0.000,0.000,0.000,0.000,0.000,0.000,0.000,0.000,0.000,0.000,0.000,0.000,0.000,0.000,0.000,0.000,0.000,0.000,0.000,0.000,0.000,0.000,0.000,0.000,0.000,0.000,0.000,0.000,1.856,0.000,0.000,0.000,0.000,0.000,0.000,0.000,0.000,0.000,0.000,0.000,0.000,0.000,0.000,0.000,0.000,0.000,0.000,0.000,0.000,1.427,6.611,0.000,0.000,0.000]
  Alt-Benders[1] (mw): LB=14.919341, Z₀(α*)=16.378518, intercept=-117.269900 (1.899s) [OMP=1.807 ISP-L=0.010 ISP-F=0.034 MW-L=0.032 MW-F=0.028]
  Alt-Benders[2] (mw): LB=15.053147, Z₀(α*)=20.582295, intercept=-30.117837 (1.984s) [OMP=1.875 ISP-L=0.010 ISP-F=0.035 MW-L=0.022 MW-F=0.034]
  Alt-Benders[3] (mw): LB=15.081802, Z₀(α*)=23.349681, intercept=4.748283 (2.156s) [OMP=2.035 ISP-L=0.010 ISP-F=0.036 MW-L=0.031 MW-F=0.030]
  Alt-Benders[4] (mw): LB=15.171352, Z₀(α*)=20.609600, intercept=-50.211874 (2.018s) [OMP=1.914 ISP-L=0.010 ISP-F=0.037 MW-L=0.023 MW-F=0.030]
  Alt-Benders[5] (mw): LB=15.190413, Z₀(α*)=22.445670, intercept=-9.411105 (1.936s) [OMP=1.826 ISP-L=0.010 ISP-F=0.035 MW-L=0.031 MW-F=0.033]
  OMP re-solve: 1.862s

=== True-DRO Benders iter 74 ===
  OMP: t₀=15.210505, UB=17.096584, gap=1.10e-01, x=[0, 0, 0, 0, 0, 0, 0, 0, 0, 0, 0, 0, 0, 0, 0, 0, 0, 0, 0, 0, 0, 0, 0, 0, 0, 0, 0, 0, 0, 1, 0, 0, 0, 0, 0, 0, 0, 0, 0, 0, 0, 0, 1, 0, 0, 0, 0, 0, 0, 0, 0, 0, 0, 0, 0, 0, 0, 0, 0, 0, 0, 0, 0, 0, 0, 0, 0, 0, 0, 0, 0, 0, 0, 0, 0, 0] (0.000s)
  Sub: Z₀=25.098732 [LOCAL] (0.4s), α=[0.000,0.000,0.000,0.000,0.000,0.000,0.000,0.000,0.000,0.000,2.591,0.000,0.000,0.023,0.000,0.000,0.910,0.000,0.000,0.000,0.014,0.000,0.000,0.000,0.000,0.000,0.000,0.000,0.000,0.000,0.000,0.000,0.000,0.000,0.556,0.000,0.000,0.000,0.000,0.000,0.000,0.000,3.522,0.000,0.000,0.000,0.000,0.000,0.000,0.015,0.000,0.000,0.000,0.000,0.000,0.000,0.000,0.000,0.000,0.000,0.000,0.000,0.000,0.000,0.000,0.000,0.000,0.000,0.000,0.000,0.000,0.000,2.813,0.000,0.000,0.000]
  Iter 74: LB=15.210505  UB=17.096584  gap=1.10e-01
  Cut: intercept=-1082.918585, π_x_range=[-826.2759, 579.9019]
  Mini-Benders[1] (mw): LB=15.212757, Z₀(α*)=12.250603, intercept=-22.322264 (1.860s) [OMP=1.749 ISP-L=0.010 ISP-F=0.040 MW-L=0.033 MW-F=0.033]
  Mini-Benders[2] (mw): LB=15.212757, Z₀(α*)=12.250603, intercept=-22.322264 (2.062s) [OMP=1.942 ISP-L=0.010 ISP-F=0.040 MW-L=0.024 MW-F=0.034]
  Mini-Benders[3] (mw): LB=15.212757, Z₀(α*)=12.250603, intercept=-22.322264 (2.032s) [OMP=1.922 ISP-L=0.010 ISP-F=0.040 MW-L=0.031 MW-F=0.033]
  Mini-Benders[4]: LB stagnated, break
  α-step: Z₀=25.954919, α=[0.000,0.000,0.000,0.000,0.000,0.000,0.000,0.000,0.000,0.000,2.717,0.000,0.000,0.000,0.000,0.000,0.000,0.000,0.000,0.000,0.070,0.000,0.000,0.000,0.000,0.000,0.000,0.000,0.000,0.000,0.000,0.000,0.000,0.000,1.688,0.000,0.000,0.000,0.000,0.000,0.000,0.000,0.000,0.000,0.000,0.000,0.000,0.000,0.000,2.467,0.000,0.000,0.000,0.000,0.000,0.000,0.000,0.000,0.000,0.000,0.000,0.000,0.000,0.000,0.000,0.000,0.000,0.000,0.000,0.000,0.000,0.000,3.501,0.000,0.000,0.000]
  Alt-Benders[1] (mw): LB=15.239573, Z₀(α*)=25.402679, intercept=-25.383019 (1.906s) [OMP=1.782 ISP-L=0.010 ISP-F=0.035 MW-L=0.029 MW-F=0.032]
  Alt-Benders[2] (mw): LB=15.304587, Z₀(α*)=17.052715, intercept=-38.646225 (1.953s) [OMP=1.853 ISP-L=0.010 ISP-F=0.037 MW-L=0.025 MW-F=0.031]
  Alt-Benders[3] (mw): LB=15.359768, Z₀(α*)=21.836830, intercept=-49.211230 (1.890s) [OMP=1.775 ISP-L=0.009 ISP-F=0.033 MW-L=0.023 MW-F=0.041]
  Alt-Benders[4] (mw): LB=15.374638, Z₀(α*)=14.854106, intercept=8.342564 (1.839s) [OMP=1.735 ISP-L=0.011 ISP-F=0.036 MW-L=0.021 MW-F=0.034]
  Alt-Benders[5] (mw): LB=15.374638, Z₀(α*)=14.854106, intercept=8.342564 (2.008s) [OMP=1.893 ISP-L=0.011 ISP-F=0.036 MW-L=0.021 MW-F=0.043]
  OMP re-solve: 1.933s

=== True-DRO Benders iter 75 ===
  OMP: t₀=15.374638, UB=17.096584, gap=1.01e-01, x=[0, 0, 0, 0, 0, 0, 0, 0, 0, 0, 0, 0, 0, 0, 0, 0, 0, 0, 0, 0, 0, 1, 0, 0, 0, 0, 0, 0, 0, 0, 0, 0, 0, 0, 0, 0, 0, 0, 0, 0, 0, 0, 0, 0, 0, 0, 0, 0, 0, 0, 0, 0, 0, 0, 0, 0, 0, 0, 0, 0, 0, 0, 0, 0, 0, 0, 0, 0, 1, 0, 0, 0, 0, 0, 0, 0] (0.002s)
  Sub: Z₀=27.459933 [TIME_LIMIT] (15.2s), α=[0.000,0.000,0.000,0.000,0.000,0.000,0.000,0.000,0.000,0.000,0.000,0.000,0.000,0.000,0.000,0.000,1.088,0.000,0.000,0.000,0.156,0.000,0.000,0.000,0.000,0.000,0.000,0.000,0.000,0.000,0.000,0.000,0.000,0.000,2.589,0.000,0.000,0.000,0.000,0.000,0.000,0.000,0.000,0.000,0.000,0.000,0.000,0.000,0.000,0.000,0.928,0.000,0.000,0.000,0.000,0.000,0.000,0.000,0.000,0.000,0.000,0.000,0.000,0.000,0.000,0.000,0.000,0.000,0.000,0.000,0.000,0.000,5.682,0.000,0.000,0.000]
  Iter 75: LB=15.374638  UB=17.096584  gap=1.01e-01
  Cut: intercept=-49.733772, π_x_range=[-264.0000, 57.7846]
  Mini-Benders[1] (mw): LB=15.391483, Z₀(α*)=9.051861, intercept=-74.289482 (2.046s) [OMP=1.912 ISP-L=0.009 ISP-F=0.036 MW-L=0.023 MW-F=0.051]
  Mini-Benders[2] (mw): LB=15.391483, Z₀(α*)=9.051861, intercept=-74.289482 (1.860s) [OMP=1.758 ISP-L=0.010 ISP-F=0.035 MW-L=0.025 MW-F=0.038]
  Mini-Benders[3] (mw): LB=15.391483, Z₀(α*)=9.051861, intercept=-74.289482 (1.875s) [OMP=1.759 ISP-L=0.009 ISP-F=0.034 MW-L=0.024 MW-F=0.047]
  Mini-Benders[4]: LB stagnated, break
  α-step: Z₀=22.321041, α=[0.000,0.000,0.000,0.000,0.000,0.000,0.000,0.000,0.000,0.000,2.532,0.000,0.000,0.000,0.000,0.000,0.000,0.000,0.000,0.000,0.000,0.000,0.000,0.000,0.000,0.000,0.000,0.000,0.000,0.000,0.000,0.000,0.000,0.000,1.525,0.000,0.000,0.000,0.000,0.000,0.000,0.000,3.567,0.000,0.000,0.000,0.000,0.000,0.000,0.000,0.000,0.000,0.000,0.000,0.000,0.000,0.000,0.000,0.000,0.000,0.000,0.000,0.000,0.000,0.000,0.000,0.000,0.000,0.000,0.000,0.000,0.000,2.820,0.000,0.000,0.000]
  Alt-Benders[1] (mw): LB=15.423083, Z₀(α*)=15.250409, intercept=-19.048088 (1.916s) [OMP=1.796 ISP-L=0.010 ISP-F=0.036 MW-L=0.022 MW-F=0.038]
  Alt-Benders[2] (mw): LB=15.423083, Z₀(α*)=15.250409, intercept=-19.048088 (1.964s) [OMP=1.865 ISP-L=0.010 ISP-F=0.035 MW-L=0.022 MW-F=0.030]
  Alt-Benders[3] (mw): LB=15.423083, Z₀(α*)=15.250409, intercept=-19.048088 (1.934s) [OMP=1.836 ISP-L=0.010 ISP-F=0.035 MW-L=0.022 MW-F=0.039]
  Alt-Benders[4]: LB stagnated, break
  OMP re-solve: 0.002s

=== True-DRO Benders iter 76 ===
  OMP: t₀=15.423083, UB=17.096584, gap=9.79e-02, x=[0, 0, 0, 0, 0, 0, 0, 0, 0, 0, 0, 0, 0, 0, 0, 0, 0, 0, 0, 0, 0, 0, 0, 0, 0, 0, 0, 0, 0, 0, 0, 0, 0, 0, 0, 0, 0, 0, 0, 0, 0, 0, 0, 0, 0, 1, 0, 0, 0, 0, 1, 0, 0, 0, 0, 0, 0, 0, 0, 0, 0, 0, 0, 0, 0, 0, 0, 0, 0, 0, 0, 0, 0, 0, 0, 0] (0.002s)
  Sub: Z₀=26.482557 [LOCAL] (0.5s), α=[0.000,0.000,0.000,0.000,0.000,0.000,0.000,0.000,0.000,0.000,0.000,0.000,0.000,0.000,0.000,0.000,0.463,0.000,0.000,0.000,0.000,0.000,0.000,0.000,0.000,0.000,0.000,0.000,0.000,0.000,0.000,0.000,0.000,0.000,2.619,0.000,0.000,0.000,0.000,0.000,0.000,0.000,0.000,0.000,0.000,0.000,0.000,0.000,0.000,0.000,1.338,0.000,0.000,0.000,0.000,0.000,0.000,0.000,0.000,0.000,0.000,0.000,0.000,0.000,0.000,0.000,0.000,0.000,0.000,0.000,0.000,0.030,5.992,0.000,0.000,0.000]
  Iter 76: LB=15.423083  UB=17.096584  gap=9.79e-02
  Cut: intercept=-1103.419437, π_x_range=[-825.9445, 596.7090]
  Mini-Benders[1] (mw): LB=15.555973, Z₀(α*)=25.410089, intercept=11.905444 (1.906s) [OMP=1.806 ISP-L=0.011 ISP-F=0.030 MW-L=0.020 MW-F=0.039]
  Mini-Benders[2] (mw): LB=15.619878, Z₀(α*)=25.463582, intercept=27.270822 (1.858s) [OMP=1.755 ISP-L=0.011 ISP-F=0.036 MW-L=0.020 MW-F=0.031]
  Mini-Benders[3] (mw): LB=15.654896, Z₀(α*)=13.876784, intercept=-33.829441 (1.860s) [OMP=1.759 ISP-L=0.010 ISP-F=0.031 MW-L=0.022 MW-F=0.040]
  Mini-Benders[4] (mw): LB=15.654896, Z₀(α*)=13.876784, intercept=-33.829441 (2.018s) [OMP=1.910 ISP-L=0.010 ISP-F=0.031 MW-L=0.022 MW-F=0.032]
  Mini-Benders[5] (mw): LB=15.654896, Z₀(α*)=13.876784, intercept=-33.829441 (2.024s) [OMP=1.917 ISP-L=0.010 ISP-F=0.031 MW-L=0.022 MW-F=0.040]
  α-step: Z₀=20.886310, α=[0.000,0.000,0.000,0.000,0.000,0.000,0.000,0.000,0.000,0.000,0.000,0.000,0.000,0.000,0.000,0.000,0.000,0.000,0.000,0.000,0.000,0.000,0.000,0.000,0.000,0.000,0.000,0.000,0.000,0.000,0.000,0.000,0.000,0.000,5.689,0.000,0.000,0.000,0.000,0.000,0.000,0.000,0.000,0.000,0.000,0.000,0.000,0.000,0.000,0.000,0.000,0.000,0.000,0.000,0.000,0.000,0.000,0.000,0.000,0.000,0.000,0.000,0.000,0.000,0.000,0.000,0.000,0.000,0.000,0.000,0.000,0.000,4.754,0.000,0.000,0.000]
  Alt-Benders[1] (mw): LB=15.697349, Z₀(α*)=20.963376, intercept=-32.410013 (1.884s) [OMP=1.795 ISP-L=0.011 ISP-F=0.032 MW-L=0.022 MW-F=0.035]
  Alt-Benders[2] (mw): LB=15.761720, Z₀(α*)=21.733137, intercept=-11.176791 (1.843s) [OMP=1.735 ISP-L=0.011 ISP-F=0.034 MW-L=0.023 MW-F=0.031]
  Alt-Benders[3] (mw): LB=15.778336, Z₀(α*)=10.963511, intercept=-11.775603 (2.331s) [OMP=2.220 ISP-L=0.011 ISP-F=0.034 MW-L=0.021 MW-F=0.034]
  Alt-Benders[4] (mw): LB=15.778336, Z₀(α*)=10.963511, intercept=-11.775603 (2.309s) [OMP=2.200 ISP-L=0.011 ISP-F=0.033 MW-L=0.030 MW-F=0.034]
  Alt-Benders[5] (mw): LB=15.778336, Z₀(α*)=10.963511, intercept=-11.775603 (2.312s) [OMP=2.216 ISP-L=0.011 ISP-F=0.033 MW-L=0.021 MW-F=0.034]
  OMP re-solve: 2.132s

=== True-DRO Benders iter 77 ===
  OMP: t₀=15.778336, UB=17.096584, gap=7.71e-02, x=[0, 0, 0, 0, 0, 0, 0, 0, 0, 0, 0, 0, 0, 0, 0, 0, 0, 0, 0, 0, 0, 1, 0, 0, 0, 0, 0, 0, 0, 0, 0, 0, 0, 0, 0, 0, 0, 0, 0, 0, 0, 0, 0, 0, 0, 0, 0, 0, 0, 0, 0, 0, 0, 0, 0, 0, 0, 0, 0, 0, 0, 0, 0, 0, 0, 0, 0, 0, 0, 0, 0, 0, 1, 0, 0, 0] (0.001s)
  Sub: Z₀=24.007782 [LOCAL] (0.3s), α=[0.000,0.000,0.000,0.000,0.000,0.000,0.000,0.000,0.000,0.000,0.000,0.000,0.000,0.000,0.000,0.000,0.000,0.000,0.000,0.000,0.000,0.000,0.000,0.000,0.000,0.000,0.000,0.000,0.000,0.000,0.000,0.000,0.000,0.000,0.000,0.000,0.000,0.000,0.000,0.000,0.000,0.000,0.000,0.000,0.000,0.000,0.000,0.000,0.000,0.000,0.000,0.000,0.000,0.000,0.000,0.000,0.000,0.000,0.000,0.000,0.000,0.000,0.000,0.000,0.000,0.000,0.000,0.000,0.000,0.000,0.000,0.000,10.443,0.000,0.000,0.000]
  Iter 77: LB=15.778336  UB=17.096584  gap=7.71e-02
  Cut: intercept=-1120.725666, π_x_range=[-826.8983, 583.9705]
  Mini-Benders[1] (mw): LB=15.779092, Z₀(α*)=-5.760915, intercept=-26.300924 (2.235s) [OMP=2.135 ISP-L=0.010 ISP-F=0.033 MW-L=0.022 MW-F=0.026]
  Mini-Benders[2] (mw): LB=15.779092, Z₀(α*)=-5.760915, intercept=-26.300924 (2.407s) [OMP=2.311 ISP-L=0.010 ISP-F=0.033 MW-L=0.031 MW-F=0.027]
  Mini-Benders[3] (mw): LB=15.779092, Z₀(α*)=-5.760915, intercept=-26.300924 (2.390s) [OMP=2.287 ISP-L=0.010 ISP-F=0.033 MW-L=0.022 MW-F=0.027]
  Mini-Benders[4]: LB stagnated, break
  α-step: Z₀=23.660480, α=[0.000,0.000,0.000,0.000,0.000,0.000,0.000,0.000,0.000,0.000,0.000,0.000,0.000,0.000,0.000,0.000,0.000,0.000,0.000,0.000,0.000,0.000,0.000,0.000,0.000,0.000,0.000,0.000,0.000,0.000,0.000,0.000,0.000,0.000,1.498,0.000,0.000,0.000,0.000,0.000,0.000,0.000,0.000,0.000,0.000,0.000,0.000,0.000,0.000,0.000,0.100,3.714,0.000,0.000,0.000,0.000,0.000,0.000,0.000,0.000,0.000,0.000,0.000,0.000,0.000,0.000,0.000,0.000,0.000,0.000,0.000,1.317,3.814,0.000,0.000,0.000]
  Alt-Benders[1] (mw): LB=15.861814, Z₀(α*)=13.831245, intercept=13.831243 (2.343s) [OMP=2.242 ISP-L=0.010 ISP-F=0.035 MW-L=0.020 MW-F=0.034]
  Alt-Benders[2] (mw): LB=15.861814, Z₀(α*)=13.831245, intercept=13.831243 (2.581s) [OMP=2.460 ISP-L=0.010 ISP-F=0.035 MW-L=0.030 MW-F=0.035]
  Alt-Benders[3] (mw): LB=15.861814, Z₀(α*)=13.831245, intercept=13.831243 (2.528s) [OMP=2.437 ISP-L=0.011 ISP-F=0.035 MW-L=0.020 MW-F=0.034]
  Alt-Benders[4]: LB stagnated, break
  OMP re-solve: 0.002s

=== True-DRO Benders iter 78 ===
  OMP: t₀=15.861814, UB=17.096584, gap=7.22e-02, x=[0, 0, 0, 0, 0, 0, 0, 0, 0, 0, 0, 0, 0, 0, 0, 0, 0, 0, 0, 0, 0, 0, 0, 0, 0, 0, 0, 0, 0, 0, 0, 0, 0, 0, 0, 0, 0, 0, 0, 0, 0, 0, 0, 0, 0, 0, 0, 0, 0, 0, 0, 0, 0, 0, 0, 0, 0, 0, 0, 0, 1, 0, 0, 0, 0, 0, 0, 0, 1, 0, 0, 0, 0, 0, 0, 0] (0.001s)
  Sub: Z₀=27.539869 [LOCAL] (0.4s), α=[0.000,0.000,0.000,0.000,0.000,0.000,0.000,0.000,0.000,0.000,0.000,0.000,0.000,0.000,0.000,0.000,1.580,0.000,0.000,0.000,0.174,0.000,0.000,0.000,0.000,0.000,0.000,0.000,0.000,0.000,0.000,0.000,0.000,0.000,2.608,0.000,0.000,0.000,0.000,0.000,0.000,0.000,0.000,0.000,0.000,0.000,0.000,0.000,0.000,0.000,0.653,0.000,0.000,0.000,0.000,0.000,0.000,0.000,0.000,0.000,0.000,0.000,0.000,0.000,0.000,0.000,0.000,0.000,0.000,0.000,0.000,0.019,5.407,0.000,0.000,0.000]
  Iter 78: LB=15.861814  UB=17.096584  gap=7.22e-02
  Cut: intercept=-1115.454452, π_x_range=[-827.0805, 584.8739]
  Mini-Benders[1] (mw): LB=15.899012, Z₀(α*)=13.203178, intercept=-10.848881 (2.560s) [OMP=2.466 ISP-L=0.011 ISP-F=0.032 MW-L=0.022 MW-F=0.033]
  Mini-Benders[2] (mw): LB=15.899013, Z₀(α*)=13.203178, intercept=-10.848881 (2.328s) [OMP=2.227 ISP-L=0.010 ISP-F=0.032 MW-L=0.030 MW-F=0.033]
  Mini-Benders[3] (mw): LB=15.899013, Z₀(α*)=13.203178, intercept=-10.848881 (2.297s) [OMP=2.189 ISP-L=0.011 ISP-F=0.032 MW-L=0.022 MW-F=0.033]
  Mini-Benders[4]: LB stagnated, break
  α-step: Z₀=23.919479, α=[0.000,0.000,0.000,0.000,0.000,0.000,0.000,0.000,0.000,0.000,0.000,0.000,0.000,0.000,0.000,0.000,0.000,0.000,0.000,0.000,0.000,0.000,0.000,0.000,0.000,0.000,0.000,0.000,0.000,0.000,0.000,0.000,0.000,0.000,1.507,0.000,0.000,0.000,0.000,0.000,0.000,0.000,0.000,0.000,0.000,0.000,0.000,0.000,0.000,0.000,0.000,0.000,0.000,0.000,0.000,0.000,0.000,0.000,0.000,0.000,0.000,0.000,0.000,0.000,0.000,0.000,0.000,0.000,0.000,0.000,0.000,0.000,8.935,0.000,0.000,0.000]
  Alt-Benders[1] (mw): LB=15.904164, Z₀(α*)=1.015233, intercept=-63.603590 (2.359s) [OMP=2.259 ISP-L=0.010 ISP-F=0.027 MW-L=0.023 MW-F=0.031]
  Alt-Benders[2] (mw): LB=15.904164, Z₀(α*)=1.015233, intercept=-63.603590 (2.457s) [OMP=2.354 ISP-L=0.010 ISP-F=0.027 MW-L=0.031 MW-F=0.031]
  Alt-Benders[3] (mw): LB=15.904164, Z₀(α*)=1.015233, intercept=-63.603590 (2.372s) [OMP=2.293 ISP-L=0.010 ISP-F=0.027 MW-L=0.023 MW-F=0.031]
  Alt-Benders[4]: LB stagnated, break
  OMP re-solve: 0.002s

=== True-DRO Benders iter 79 ===
  OMP: t₀=15.904164, UB=17.096584, gap=6.97e-02, x=[0, 0, 0, 0, 0, 0, 0, 0, 0, 0, 0, 0, 0, 0, 0, 0, 0, 0, 0, 0, 0, 0, 0, 0, 0, 0, 0, 0, 0, 0, 0, 0, 0, 0, 0, 0, 0, 0, 0, 0, 0, 0, 0, 0, 0, 0, 0, 0, 0, 0, 1, 0, 0, 0, 0, 0, 0, 0, 0, 0, 0, 0, 0, 0, 0, 0, 0, 0, 0, 0, 0, 1, 0, 0, 0, 0] (0.001s)
  Sub: Z₀=20.798239 [LOCAL] (0.3s), α=[0.000,0.000,0.000,0.000,0.000,0.000,0.000,0.000,0.000,0.000,0.000,0.000,0.000,0.000,0.000,0.000,0.000,0.000,0.000,0.000,0.000,0.000,0.000,0.000,0.000,0.000,0.000,0.000,0.000,0.000,0.000,0.000,0.000,0.000,0.000,0.000,0.000,0.000,0.000,0.000,0.000,0.000,0.000,0.000,0.000,0.000,0.000,0.000,0.000,0.000,0.000,0.000,0.000,0.000,0.000,0.000,0.000,0.000,0.000,0.000,0.000,0.000,0.000,0.000,0.000,0.000,0.000,0.000,0.000,0.000,0.000,8.994,1.449,0.000,0.000,0.000]
  Iter 79: LB=15.904164  UB=17.096584  gap=6.97e-02
  Cut: intercept=-1145.866090, π_x_range=[-825.2614, 599.1825]
  Mini-Benders[1] (mw): LB=16.010163, Z₀(α*)=-9.400766, intercept=-80.209099 (2.362s) [OMP=2.259 ISP-L=0.010 ISP-F=0.031 MW-L=0.024 MW-F=0.033]
  Mini-Benders[2] (mw): LB=16.010163, Z₀(α*)=-9.400766, intercept=-80.209099 (2.512s) [OMP=2.412 ISP-L=0.011 ISP-F=0.032 MW-L=0.024 MW-F=0.042]
  Mini-Benders[3] (mw): LB=16.010163, Z₀(α*)=-9.400766, intercept=-80.209099 (2.499s) [OMP=2.388 ISP-L=0.011 ISP-F=0.032 MW-L=0.024 MW-F=0.033]
  Mini-Benders[4]: LB stagnated, break
  α-step: Z₀=23.803155, α=[0.000,0.000,0.000,0.000,0.000,0.000,0.000,0.000,0.000,0.000,0.000,0.000,0.000,0.000,0.000,0.000,0.159,0.000,0.000,0.000,0.000,0.000,0.000,0.000,0.000,0.000,0.000,0.000,0.000,0.000,0.000,0.000,0.000,0.000,0.181,0.000,0.000,0.000,0.000,0.000,0.000,0.000,0.000,0.000,0.000,0.000,0.000,0.000,0.000,0.000,1.940,4.032,0.000,0.000,0.000,0.000,0.000,0.000,0.000,0.000,0.000,0.000,0.000,0.000,0.000,0.000,0.000,0.000,0.000,0.000,0.000,0.000,4.132,0.000,0.000,0.000]
  Alt-Benders[1] (mw): LB=16.045311, Z₀(α*)=-20.742826, intercept=-130.795200 (2.546s) [OMP=2.449 ISP-L=0.010 ISP-F=0.032 MW-L=0.026 MW-F=0.034]
  Alt-Benders[2] (mw): LB=16.045311, Z₀(α*)=-20.742826, intercept=-130.795200 (2.531s) [OMP=2.408 ISP-L=0.010 ISP-F=0.031 MW-L=0.025 MW-F=0.042]
  Alt-Benders[3] (mw): LB=16.045311, Z₀(α*)=-20.742826, intercept=-130.795200 (2.500s) [OMP=2.408 ISP-L=0.010 ISP-F=0.032 MW-L=0.026 MW-F=0.034]
  Alt-Benders[4]: LB stagnated, break
  OMP re-solve: 0.000s

=== True-DRO Benders iter 80 ===
  OMP: t₀=16.045311, UB=17.096584, gap=6.15e-02, x=[0, 0, 0, 0, 0, 0, 0, 0, 0, 0, 0, 0, 0, 0, 0, 0, 0, 0, 0, 0, 0, 0, 0, 0, 0, 0, 0, 0, 0, 0, 0, 0, 0, 0, 0, 0, 0, 0, 0, 0, 0, 0, 0, 0, 0, 0, 0, 0, 0, 0, 0, 0, 0, 1, 0, 0, 0, 0, 0, 0, 0, 0, 0, 0, 0, 0, 0, 0, 0, 0, 0, 1, 0, 0, 0, 0] (0.000s)
  Sub: Z₀=16.045315 (5.6s), α=[0.000,0.000,0.000,0.000,0.000,0.000,0.000,0.000,0.000,0.000,0.000,0.000,0.000,0.000,0.000,0.000,0.000,0.000,0.000,0.000,0.000,0.000,0.000,0.000,0.000,0.000,0.000,0.000,0.000,0.000,0.000,0.000,0.000,0.000,0.000,0.000,0.000,0.000,0.000,0.000,0.000,0.000,0.000,0.000,0.000,0.000,0.000,0.000,0.000,0.000,0.000,0.000,0.000,0.000,0.000,0.000,0.000,0.000,0.000,0.000,0.000,0.000,0.000,0.000,0.000,0.000,0.000,0.000,0.000,0.000,0.000,10.443,0.000,0.000,0.000,0.000]
  Iter 80: LB=16.045311  UB=16.045315  gap=2.23e-07
True-DRO Benders converged at iter 80 (gap=2.23e-07)
  Wall time: 1493.01 sec
  OMP  time: mean=1.191s, median=1.296s, max=3.253s
  Sub  time (exact): mean=4.363s, median=4.363s, q90=5.391s, max=5.648s (n=2/80)

Result (double/mb_only): Z₀=16.045315, iters=80, time=1493.1s
x arcs = [54, 72]
