============================================================
sioux_falls — double [mb_only]: ε̂=0.20, ε̃=0.20, β=0.70
  mini_benders=true, valid_inequality=none
============================================================
Set parameter Username
Set parameter LicenseID to value 2742039
Academic license - for non-commercial use only - expires 2026-11-20
Set parameter Username
Set parameter LicenseID to value 2742039
Academic license - for non-commercial use only - expires 2026-11-20
Set parameter OutputFlag to value 1
Set parameter LogFile to value "global_miqcp.log"
Set parameter Username
Set parameter LicenseID to value 2742039
Academic license - for non-commercial use only - expires 2026-11-20
Set parameter Username
Set parameter LicenseID to value 2742039
Academic license - for non-commercial use only - expires 2026-11-20
Set parameter Username
Set parameter LicenseID to value 2742039
Academic license - for non-commercial use only - expires 2026-11-20
Set parameter Username
Set parameter LicenseID to value 2742039
Academic license - for non-commercial use only - expires 2026-11-20

=== True-DRO Benders iter 1 ===
  OMP: t₀=-10000.000000, UB=Inf, gap=NaN, x=[0, 0, 0, 0, 0, 0, 0, 0, 0, 0, 0, 0, 0, 0, 0, 0, 0, 0, 0, 0, 0, 0, 0, 0, 0, 0, 0, 0, 0, 0, 0, 0, 0, 0, 0, 0, 0, 0, 0, 0, 0, 0, 0, 0, 0, 0, 0, 0, 0, 0, 0, 0, 0, 0, 0, 0, 0, 0, 0, 0, 0, 0, 0, 0, 0, 0, 0, 0, 0, 0, 0, 0, 0, 0, 0, 0] (0.000s)
  Sub: Z₀=30.367640 [LOCAL] (1.0s), α=[0.000,0.000,0.000,0.000,0.000,0.000,0.000,0.000,0.000,0.000,0.000,0.000,0.000,0.000,0.000,0.000,1.107,0.000,0.000,0.000,0.137,0.000,0.000,0.000,0.000,0.000,0.000,0.000,0.000,0.000,0.000,0.000,0.000,0.000,2.620,0.000,0.000,0.000,0.000,0.000,0.000,0.000,0.000,0.000,0.000,0.000,0.000,0.000,0.000,0.000,0.897,0.000,0.000,0.000,0.000,0.000,0.000,0.000,0.000,0.000,0.000,0.000,0.000,0.000,0.000,0.000,0.000,0.000,0.000,0.000,0.000,0.031,5.651,0.000,0.000,0.000]
  Iter 1: LB=-10000.000000  UB=Inf  gap=NaN
  Cut: intercept=30.367639, π_x_range=[-828.6690, -798.9728]
  Mini-Benders[1] (mw): LB=-1625.441785, Z₀(α*)=19.143835, intercept=-81.251058 (0.390s) [OMP=0.044 ISP-L=0.068 ISP-F=0.161 MW-L=0.049 MW-F=0.082]
  Mini-Benders[2] (mw): LB=-259.389044, Z₀(α*)=-6.370142, intercept=-44.427324 (0.359s) [OMP=0.031 ISP-L=0.052 ISP-F=0.129 MW-L=0.071 MW-F=0.083]
  Mini-Benders[3] (mw): LB=-202.250184, Z₀(α*)=6.438356, intercept=-68.037402 (0.344s) [OMP=0.043 ISP-L=0.051 ISP-F=0.131 MW-L=0.043 MW-F=0.079]
  Mini-Benders[4] (mw): LB=-162.001631, Z₀(α*)=23.872476, intercept=-41.088350 (0.656s) [OMP=0.349 ISP-L=0.053 ISP-F=0.129 MW-L=0.040 MW-F=0.071]
  Mini-Benders[5] (mw): LB=-131.335401, Z₀(α*)=20.871100, intercept=-57.214479 (1.313s) [OMP=0.983 ISP-L=0.052 ISP-F=0.136 MW-L=0.045 MW-F=0.097]
Set parameter NonConvex to value 2
Set parameter DualReductions to value 0
  α-step: Z₀=23.436259, α=[0.000,0.000,0.000,0.000,0.000,0.000,0.000,0.000,0.000,0.000,0.000,0.000,0.000,0.000,0.000,0.000,0.000,0.000,0.000,0.000,0.000,0.000,0.000,0.000,0.000,0.000,0.000,1.272,0.000,0.000,0.000,0.000,0.000,0.000,0.000,0.000,0.000,0.000,0.000,0.000,0.000,0.000,0.000,0.000,0.000,0.000,0.000,0.000,0.000,0.000,1.136,0.000,0.000,1.643,0.000,0.000,0.000,0.000,0.000,0.000,0.000,0.000,0.000,0.000,0.000,0.000,0.000,0.000,0.000,0.000,0.000,0.000,6.391,0.000,0.000,0.000]
  Alt-Benders[1] (mw): LB=-120.606918, Z₀(α*)=5.898015, intercept=-46.588652 (1.938s) [OMP=1.629 ISP-L=0.052 ISP-F=0.129 MW-L=0.042 MW-F=0.083]
  Alt-Benders[2] (mw): LB=-113.693416, Z₀(α*)=5.726947, intercept=-85.445482 (1.312s) [OMP=1.012 ISP-L=0.049 ISP-F=0.127 MW-L=0.048 MW-F=0.074]
  Alt-Benders[3] (mw): LB=-108.751185, Z₀(α*)=17.075837, intercept=-109.949784 (2.188s) [OMP=1.845 ISP-L=0.054 ISP-F=0.129 MW-L=0.068 MW-F=0.076]
  Alt-Benders[4] (mw): LB=-106.550799, Z₀(α*)=25.985872, intercept=11.212618 (2.578s) [OMP=2.279 ISP-L=0.051 ISP-F=0.132 MW-L=0.045 MW-F=0.073]
  Alt-Benders[5] (mw): LB=-104.317992, Z₀(α*)=5.776245, intercept=-73.086592 (2.703s) [OMP=2.430 ISP-L=0.018 ISP-F=0.129 MW-L=0.044 MW-F=0.077]
  OMP re-solve: 3.389s

=== True-DRO Benders iter 2 ===
  OMP: t₀=-99.566416, UB=Inf, gap=NaN, x=[0, 0, 0, 0, 0, 0, 0, 0, 0, 0, 0, 0, 0, 0, 0, 0, 0, 0, 0, 0, 0, 0, 0, 0, 0, 0, 0, 0, 0, 0, 0, 0, 0, 0, 0, 0, 0, 0, 0, 0, 0, 0, 0, 0, 0, 0, 0, 0, 0, 0, 0, 0, 0, 1, 0, 0, 0, 0, 0, 0, 0, 0, 0, 0, 0, 0, 0, 0, 0, 0, 0, 1, 0, 0, 0, 0] (0.001s)
  Sub: Z₀=19.435131 [LOCAL] (0.8s), α=[0.000,0.000,0.000,0.000,0.000,0.000,0.000,0.000,0.000,0.000,0.000,0.000,0.000,0.000,0.000,0.000,0.000,0.000,0.000,0.000,0.000,0.000,0.000,0.000,0.000,0.000,0.000,0.000,0.000,0.000,0.000,0.000,0.000,0.000,0.000,0.000,0.000,0.000,0.000,0.000,0.000,0.000,0.000,0.000,0.000,0.000,0.000,0.000,0.000,0.000,0.000,0.000,0.000,0.000,0.000,0.000,0.000,0.000,0.000,0.000,0.000,0.000,0.000,0.000,0.000,0.000,0.000,0.000,0.000,0.000,0.000,10.443,0.000,0.000,0.000,0.000]
  Iter 2: LB=-99.566416  UB=Inf  gap=NaN
  Cut: intercept=-1117.768727, π_x_range=[-825.0335, 573.5922]
  Mini-Benders[1] (mw): LB=-94.744994, Z₀(α*)=-21.062122, intercept=-110.904347 (3.688s) [OMP=3.366 ISP-L=0.050 ISP-F=0.127 MW-L=0.062 MW-F=0.077]
  Mini-Benders[2] (mw): LB=-89.396288, Z₀(α*)=-9.045009, intercept=-92.960230 (3.797s) [OMP=3.492 ISP-L=0.052 ISP-F=0.131 MW-L=0.044 MW-F=0.075]
  Mini-Benders[3] (mw): LB=-88.259701, Z₀(α*)=-37.570456, intercept=-100.711075 (2.921s) [OMP=2.616 ISP-L=0.052 ISP-F=0.128 MW-L=0.053 MW-F=0.077]
  Mini-Benders[4] (mw): LB=-87.983829, Z₀(α*)=-31.982019, intercept=-84.354772 (2.532s) [OMP=2.220 ISP-L=0.051 ISP-F=0.128 MW-L=0.044 MW-F=0.074]
  Mini-Benders[5] (mw): LB=-87.159591, Z₀(α*)=22.165175, intercept=-103.166287 (3.093s) [OMP=2.783 ISP-L=0.052 ISP-F=0.132 MW-L=0.059 MW-F=0.074]
  α-step: Z₀=25.162476, α=[0.000,0.000,0.000,0.000,0.000,0.000,0.000,0.000,0.000,0.000,0.000,0.000,0.000,0.000,0.000,0.000,0.000,0.000,0.000,0.000,0.000,0.000,0.000,0.000,0.000,0.000,0.000,0.000,0.000,0.000,0.000,0.000,0.000,0.000,0.140,0.000,0.000,0.000,0.000,0.000,0.000,0.000,0.000,0.000,0.000,0.000,0.000,0.000,0.000,0.000,0.321,0.000,0.000,0.000,0.000,0.000,0.000,0.000,0.000,0.000,0.000,0.000,0.000,0.000,0.000,0.000,0.000,0.000,0.000,0.000,0.000,0.000,9.982,0.000,0.000,0.000]
  Alt-Benders[1] (mw): LB=-80.669365, Z₀(α*)=22.114617, intercept=-32.285060 (4.375s) [OMP=4.067 ISP-L=0.053 ISP-F=0.131 MW-L=0.043 MW-F=0.069]
  Alt-Benders[2] (mw): LB=-78.584480, Z₀(α*)=23.105588, intercept=-54.862887 (4.109s) [OMP=3.779 ISP-L=0.051 ISP-F=0.142 MW-L=0.053 MW-F=0.090]
  Alt-Benders[3] (mw): LB=-75.889689, Z₀(α*)=-4.843085, intercept=-98.062484 (3.547s) [OMP=3.238 ISP-L=0.052 ISP-F=0.128 MW-L=0.042 MW-F=0.076]
  Alt-Benders[4] (mw): LB=-73.379420, Z₀(α*)=9.201083, intercept=-45.712718 (4.547s) [OMP=4.231 ISP-L=0.052 ISP-F=0.134 MW-L=0.054 MW-F=0.076]
  Alt-Benders[5] (mw): LB=-71.393166, Z₀(α*)=17.613939, intercept=-79.773089 (5.078s) [OMP=4.772 ISP-L=0.052 ISP-F=0.131 MW-L=0.045 MW-F=0.077]
  OMP re-solve: 4.069s

=== True-DRO Benders iter 3 ===
  OMP: t₀=-71.172582, UB=Inf, gap=NaN, x=[0, 0, 0, 0, 0, 0, 0, 0, 0, 0, 0, 0, 0, 0, 0, 0, 1, 0, 0, 0, 0, 0, 0, 0, 0, 0, 0, 0, 0, 1, 0, 0, 0, 0, 0, 0, 0, 0, 0, 0, 0, 0, 0, 0, 0, 0, 0, 0, 0, 0, 0, 0, 0, 0, 0, 0, 0, 0, 0, 0, 0, 0, 0, 0, 0, 0, 0, 0, 0, 0, 0, 0, 0, 0, 0, 0] (0.001s)
  Sub: Z₀=30.190291 [LOCAL] (0.8s), α=[0.000,0.000,0.000,0.000,0.000,0.000,0.000,0.000,0.000,0.000,0.000,0.000,0.000,0.000,0.000,0.000,5.278,0.000,0.000,0.000,0.162,0.000,0.000,0.000,0.000,0.000,0.000,0.000,0.000,0.000,0.000,0.000,0.000,0.000,0.249,0.000,0.000,0.000,0.000,0.000,0.000,0.000,0.000,0.000,0.000,0.000,0.000,0.000,0.000,0.000,0.000,0.000,0.000,0.000,0.000,0.000,0.000,0.000,0.000,0.000,0.000,0.000,0.000,0.000,0.000,0.000,0.000,0.000,0.000,0.000,0.000,0.000,4.754,0.000,0.000,0.000]
  Iter 3: LB=-71.172582  UB=Inf  gap=NaN
  Cut: intercept=-1125.429317, π_x_range=[-828.2036, 584.7633]
  Mini-Benders[1] (mw): LB=-69.637594, Z₀(α*)=-35.090678, intercept=-95.986047 (4.781s) [OMP=4.484 ISP-L=0.052 ISP-F=0.127 MW-L=0.046 MW-F=0.083]
  Mini-Benders[2] (mw): LB=-67.026614, Z₀(α*)=23.389941, intercept=-71.476854 (5.501s) [OMP=5.189 ISP-L=0.050 ISP-F=0.128 MW-L=0.051 MW-F=0.076]
  Mini-Benders[3] (mw): LB=-65.639952, Z₀(α*)=30.214191, intercept=20.582176 (5.718s) [OMP=5.380 ISP-L=0.052 ISP-F=0.134 MW-L=0.045 MW-F=0.099]
  Mini-Benders[4] (mw): LB=-64.535560, Z₀(α*)=-11.939822, intercept=-85.971464 (4.266s) [OMP=3.963 ISP-L=0.052 ISP-F=0.128 MW-L=0.056 MW-F=0.071]
  Mini-Benders[5] (mw): LB=-63.734951, Z₀(α*)=-4.509466, intercept=-5.501996 (4.437s) [OMP=4.111 ISP-L=0.052 ISP-F=0.139 MW-L=0.052 MW-F=0.078]
  α-step: Z₀=21.795771, α=[0.000,0.000,0.000,0.000,0.000,0.000,0.000,0.000,0.000,0.000,0.000,0.000,0.000,0.000,0.000,0.000,0.000,0.000,0.000,0.000,0.000,0.000,0.000,0.000,0.000,0.000,0.000,0.000,0.000,0.000,0.000,0.000,0.000,0.000,0.000,0.000,0.000,0.000,0.000,0.000,0.000,0.000,0.000,0.000,0.000,0.000,0.000,0.000,0.000,0.000,2.334,0.000,0.000,6.938,0.000,0.000,0.000,0.000,0.000,0.000,0.000,0.000,0.000,0.000,0.000,0.000,0.000,0.000,0.000,0.000,0.000,0.000,1.171,0.000,0.000,0.000]
  Alt-Benders[1] (mw): LB=-61.400962, Z₀(α*)=-50.392535, intercept=-131.784953 (4.953s) [OMP=4.651 ISP-L=0.052 ISP-F=0.129 MW-L=0.045 MW-F=0.078]
  Alt-Benders[2] (mw): LB=-60.339898, Z₀(α*)=-50.180665, intercept=-74.370337 (5.672s) [OMP=5.350 ISP-L=0.053 ISP-F=0.124 MW-L=0.056 MW-F=0.082]
  Alt-Benders[3] (mw): LB=-60.135278, Z₀(α*)=23.750849, intercept=-55.552869 (4.078s) [OMP=3.780 ISP-L=0.051 ISP-F=0.131 MW-L=0.052 MW-F=0.075]
  Alt-Benders[4] (mw): LB=-58.595424, Z₀(α*)=-48.533223, intercept=-83.089516 (4.797s) [OMP=4.485 ISP-L=0.052 ISP-F=0.129 MW-L=0.043 MW-F=0.081]
  Alt-Benders[5] (mw): LB=-54.647895, Z₀(α*)=-27.938555, intercept=-42.847148 (4.921s) [OMP=4.597 ISP-L=0.052 ISP-F=0.133 MW-L=0.040 MW-F=0.089]
  OMP re-solve: 5.918s

=== True-DRO Benders iter 4 ===
  OMP: t₀=-53.880253, UB=Inf, gap=NaN, x=[0, 1, 0, 0, 0, 0, 0, 0, 0, 0, 0, 0, 0, 0, 0, 0, 0, 0, 0, 0, 0, 0, 0, 0, 0, 0, 0, 0, 0, 0, 0, 0, 0, 0, 0, 0, 0, 0, 0, 0, 0, 0, 0, 0, 0, 0, 0, 0, 0, 0, 0, 0, 0, 0, 0, 0, 0, 0, 0, 0, 0, 0, 0, 0, 0, 0, 0, 0, 0, 0, 0, 1, 0, 0, 0, 0] (0.001s)
  Sub: Z₀=22.019612 [LOCAL] (1.0s), α=[0.000,0.000,0.000,0.000,0.000,0.000,0.000,0.000,0.000,0.000,0.000,0.000,0.000,0.000,0.000,0.000,0.000,0.000,0.000,0.000,0.000,0.000,0.000,0.000,0.000,0.000,0.000,0.000,0.000,0.000,0.000,0.000,0.000,0.000,0.000,0.000,0.000,0.000,0.000,0.000,0.000,0.000,0.000,0.000,0.000,0.000,0.000,0.000,0.000,0.000,0.000,0.000,0.000,0.000,0.000,0.000,0.000,0.000,0.000,0.000,0.000,0.000,0.000,0.000,0.000,0.000,0.000,0.000,0.000,0.000,0.000,7.185,3.258,0.000,0.000,0.000]
  Iter 4: LB=-53.880253  UB=Inf  gap=NaN
  Cut: intercept=-1089.406253, π_x_range=[-824.5372, 557.7396]
  Mini-Benders[1] (mw): LB=-53.652649, Z₀(α*)=22.165175, intercept=-70.420256 (6.172s) [OMP=5.858 ISP-L=0.052 ISP-F=0.140 MW-L=0.042 MW-F=0.079]
  Mini-Benders[2] (mw): LB=-52.363094, Z₀(α*)=-12.986333, intercept=-125.123073 (4.890s) [OMP=4.590 ISP-L=0.052 ISP-F=0.128 MW-L=0.042 MW-F=0.079]
  Mini-Benders[3] (mw): LB=-52.288057, Z₀(α*)=6.026210, intercept=-23.125224 (5.438s) [OMP=5.072 ISP-L=0.053 ISP-F=0.144 MW-L=0.039 MW-F=0.128]
  Mini-Benders[4] (mw): LB=-51.407513, Z₀(α*)=22.165175, intercept=-42.964550 (4.062s) [OMP=3.743 ISP-L=0.053 ISP-F=0.136 MW-L=0.048 MW-F=0.080]
  Mini-Benders[5] (mw): LB=-51.406086, Z₀(α*)=-11.310737, intercept=-61.543873 (5.266s) [OMP=4.961 ISP-L=0.050 ISP-F=0.128 MW-L=0.052 MW-F=0.080]
  α-step: Z₀=25.080465, α=[0.000,0.000,0.000,0.000,0.000,0.000,0.000,0.000,0.000,0.000,2.071,0.000,0.000,0.000,0.000,0.000,0.000,0.000,0.000,0.000,0.000,0.000,0.000,0.000,0.000,0.000,0.000,0.000,0.000,0.000,0.000,0.000,0.000,0.000,5.864,0.000,0.000,0.000,0.000,0.000,0.000,0.000,0.693,0.000,0.000,0.000,0.000,0.000,0.000,0.124,0.063,0.712,0.000,0.000,0.000,0.000,0.000,0.000,0.000,0.000,0.000,0.000,0.000,0.000,0.000,0.000,0.000,0.000,0.000,0.000,0.000,0.139,0.775,0.000,0.000,0.000]
  Alt-Benders[1] (mw): LB=-50.180667, Z₀(α*)=4.252176, intercept=-72.299195 (4.828s) [OMP=4.521 ISP-L=0.053 ISP-F=0.127 MW-L=0.040 MW-F=0.088]
  Alt-Benders[2] (mw): LB=-49.467499, Z₀(α*)=-3.646154, intercept=-65.233825 (4.344s) [OMP=4.048 ISP-L=0.053 ISP-F=0.130 MW-L=0.042 MW-F=0.072]
  Alt-Benders[3] (mw): LB=-48.533225, Z₀(α*)=-32.254868, intercept=-63.720601 (4.563s) [OMP=4.253 ISP-L=0.053 ISP-F=0.132 MW-L=0.041 MW-F=0.073]
  Alt-Benders[4] (mw): LB=-48.351219, Z₀(α*)=-22.843195, intercept=-113.679037 (4.828s) [OMP=4.522 ISP-L=0.054 ISP-F=0.132 MW-L=0.046 MW-F=0.074]
  Alt-Benders[5] (mw): LB=-48.079382, Z₀(α*)=-0.822922, intercept=-23.803076 (4.672s) [OMP=4.353 ISP-L=0.052 ISP-F=0.126 MW-L=0.063 MW-F=0.070]
  OMP re-solve: 4.567s

=== True-DRO Benders iter 5 ===
  OMP: t₀=-47.920925, UB=Inf, gap=NaN, x=[0, 0, 0, 0, 0, 0, 0, 0, 0, 0, 0, 0, 0, 0, 0, 0, 0, 0, 0, 0, 1, 0, 0, 0, 0, 0, 0, 0, 0, 0, 0, 0, 0, 0, 0, 0, 0, 0, 0, 0, 0, 0, 0, 0, 0, 0, 0, 0, 0, 0, 0, 0, 0, 1, 0, 0, 0, 0, 0, 0, 0, 0, 0, 0, 0, 0, 0, 0, 0, 0, 0, 0, 0, 0, 0, 0] (0.001s)
  Sub: Z₀=26.621041 [TIME_LIMIT] (16.0s), α=[0.000,0.000,0.000,0.000,0.000,0.000,0.000,0.000,0.000,0.000,0.000,0.000,0.000,0.000,0.000,0.000,0.000,0.000,0.000,0.000,0.000,0.000,0.000,0.000,0.000,0.000,0.000,0.000,0.000,0.000,0.000,0.000,0.000,0.000,5.726,0.000,0.000,0.000,0.000,0.000,0.000,0.000,0.000,0.000,0.000,0.000,0.000,0.000,0.000,0.000,1.374,0.000,0.000,2.915,0.000,0.428,0.000,0.000,0.000,0.000,0.000,0.000,0.000,0.000,0.000,0.000,0.000,0.000,0.000,0.000,0.000,0.000,0.000,0.000,0.000,0.000]
  Iter 5: LB=-47.920925  UB=28.405766  gap=2.69e+00
  Cut: intercept=-49.397815, π_x_range=[-261.0000, 42.4404]
  Mini-Benders[1] (mw): LB=-46.451117, Z₀(α*)=17.220031, intercept=-45.045831 (4.328s) [OMP=4.019 ISP-L=0.050 ISP-F=0.141 MW-L=0.043 MW-F=0.078]
  Mini-Benders[2] (mw): LB=-45.729461, Z₀(α*)=-10.723699, intercept=-49.463987 (5.094s) [OMP=4.785 ISP-L=0.052 ISP-F=0.126 MW-L=0.045 MW-F=0.082]
  Mini-Benders[3] (mw): LB=-45.452065, Z₀(α*)=0.299780, intercept=-30.933469 (5.890s) [OMP=5.583 ISP-L=0.051 ISP-F=0.128 MW-L=0.058 MW-F=0.071]
  Mini-Benders[4] (mw): LB=-44.771617, Z₀(α*)=12.095605, intercept=-48.501117 (5.829s) [OMP=5.517 ISP-L=0.051 ISP-F=0.130 MW-L=0.043 MW-F=0.079]
  Mini-Benders[5] (mw): LB=-44.141130, Z₀(α*)=4.918750, intercept=-4.849356 (4.140s) [OMP=3.835 ISP-L=0.051 ISP-F=0.127 MW-L=0.051 MW-F=0.073]
  α-step: Z₀=21.351332, α=[0.000,0.000,0.000,0.000,0.000,0.000,0.000,0.000,0.000,0.000,0.000,0.000,0.000,0.000,0.000,0.000,0.000,0.000,0.000,0.000,0.000,0.000,0.000,0.000,0.000,0.000,0.000,0.000,0.000,0.000,0.000,0.000,0.000,0.000,7.997,0.000,0.000,0.000,0.000,0.000,0.000,0.000,0.000,0.000,0.000,0.000,0.000,0.000,0.000,0.000,0.000,0.000,0.000,0.000,0.000,0.000,0.000,0.000,0.000,0.000,0.000,0.000,0.000,0.000,0.000,0.000,0.000,0.000,0.000,0.000,0.000,0.000,2.446,0.000,0.000,0.000]
  Alt-Benders[1] (mw): LB=-42.405659, Z₀(α*)=22.165175, intercept=-42.916424 (5.735s) [OMP=5.409 ISP-L=0.053 ISP-F=0.129 MW-L=0.053 MW-F=0.078]
  Alt-Benders[2] (mw): LB=-41.805710, Z₀(α*)=29.833025, intercept=-1.140905 (5.593s) [OMP=5.301 ISP-L=0.051 ISP-F=0.133 MW-L=0.041 MW-F=0.072]
  Alt-Benders[3] (mw): LB=-41.744615, Z₀(α*)=22.165175, intercept=-33.580434 (5.375s) [OMP=5.067 ISP-L=0.053 ISP-F=0.127 MW-L=0.051 MW-F=0.073]
  Alt-Benders[4] (mw): LB=-41.319948, Z₀(α*)=4.205136, intercept=-74.041407 (6.141s) [OMP=5.816 ISP-L=0.051 ISP-F=0.130 MW-L=0.046 MW-F=0.085]
  Alt-Benders[5] (mw): LB=-41.237733, Z₀(α*)=6.006884, intercept=-72.412060 (5.859s) [OMP=5.546 ISP-L=0.053 ISP-F=0.138 MW-L=0.043 MW-F=0.078]
  OMP re-solve: 5.920s

=== True-DRO Benders iter 6 ===
  OMP: t₀=-40.955020, UB=28.405766, gap=2.44e+00, x=[0, 0, 0, 0, 0, 0, 0, 0, 0, 0, 0, 0, 0, 0, 0, 0, 0, 0, 0, 0, 1, 0, 0, 0, 0, 0, 0, 0, 0, 0, 0, 0, 0, 0, 0, 0, 0, 0, 0, 0, 0, 0, 1, 0, 0, 0, 0, 0, 0, 0, 0, 0, 0, 0, 0, 0, 0, 0, 0, 0, 0, 0, 0, 0, 0, 0, 0, 0, 0, 0, 0, 0, 0, 0, 0, 0] (0.002s)
  Sub: Z₀=27.577240 [LOCAL] (1.2s), α=[0.000,0.000,0.000,0.000,0.000,0.000,0.000,0.000,0.000,0.000,1.525,0.000,0.000,0.000,0.000,0.000,0.000,0.000,0.000,0.000,0.000,0.000,0.000,0.000,0.000,0.000,0.000,0.000,0.000,0.000,0.000,0.000,0.000,0.000,1.079,0.000,0.000,0.000,0.000,0.000,0.000,0.000,4.791,0.000,0.000,0.000,0.000,0.000,0.000,0.000,0.000,0.000,0.000,0.000,0.000,0.000,0.000,0.000,0.000,0.000,0.000,0.000,0.000,0.000,0.000,0.000,0.000,0.000,0.000,0.000,0.000,0.000,3.047,0.000,0.000,0.000]
  Iter 6: LB=-40.955020  UB=28.405766  gap=2.44e+00
  Cut: intercept=-1094.198863, π_x_range=[-824.9387, 590.3243]
  Mini-Benders[1] (mw): LB=-39.288543, Z₀(α*)=10.730455, intercept=-42.234329 (6.235s) [OMP=5.930 ISP-L=0.051 ISP-F=0.131 MW-L=0.047 MW-F=0.076]
  Mini-Benders[2] (mw): LB=-38.449703, Z₀(α*)=-0.285239, intercept=-55.348872 (5.906s) [OMP=5.580 ISP-L=0.052 ISP-F=0.136 MW-L=0.043 MW-F=0.090]
  Mini-Benders[3] (mw): LB=-38.035867, Z₀(α*)=10.530569, intercept=-70.654922 (5.391s) [OMP=5.085 ISP-L=0.050 ISP-F=0.131 MW-L=0.049 MW-F=0.073]
  Mini-Benders[4] (mw): LB=-37.935723, Z₀(α*)=4.138225, intercept=-20.960606 (6.250s) [OMP=5.945 ISP-L=0.052 ISP-F=0.131 MW-L=0.050 MW-F=0.073]
  Mini-Benders[5] (mw): LB=-37.781996, Z₀(α*)=11.522943, intercept=-62.687670 (5.703s) [OMP=5.391 ISP-L=0.051 ISP-F=0.131 MW-L=0.043 MW-F=0.075]
  α-step: Z₀=20.070224, α=[0.000,0.000,0.000,0.000,0.000,0.000,0.000,0.000,0.000,0.000,0.000,0.000,0.000,3.234,0.000,0.000,0.000,0.000,0.000,0.000,0.000,0.000,0.000,3.774,0.000,0.000,0.000,0.514,0.000,0.000,0.000,0.000,0.000,0.000,0.474,0.000,0.000,0.000,0.000,0.000,0.000,0.000,0.000,0.000,0.000,0.000,0.000,0.000,0.000,0.000,0.000,0.000,0.000,0.000,0.000,0.000,0.000,0.000,0.000,0.000,0.000,0.000,0.000,0.000,0.000,0.000,0.000,0.000,0.000,0.000,0.000,0.000,2.446,0.000,0.000,0.000]
  Alt-Benders[1] (mw): LB=-36.795825, Z₀(α*)=-11.571801, intercept=-75.525239 (6.594s) [OMP=6.278 ISP-L=0.051 ISP-F=0.132 MW-L=0.044 MW-F=0.085]
  Alt-Benders[2] (mw): LB=-36.741529, Z₀(α*)=-6.803234, intercept=-83.889663 (5.703s) [OMP=5.404 ISP-L=0.051 ISP-F=0.132 MW-L=0.045 MW-F=0.071]
  Alt-Benders[3] (mw): LB=-36.081127, Z₀(α*)=-1.664149, intercept=-46.402415 (6.047s) [OMP=5.740 ISP-L=0.053 ISP-F=0.132 MW-L=0.044 MW-F=0.078]
  Alt-Benders[4] (mw): LB=-35.151894, Z₀(α*)=11.636051, intercept=-36.123056 (6.562s) [OMP=6.225 ISP-L=0.055 ISP-F=0.140 MW-L=0.062 MW-F=0.080]
  Alt-Benders[5] (mw): LB=-34.901748, Z₀(α*)=-1.577581, intercept=-82.954060 (6.219s) [OMP=5.909 ISP-L=0.052 ISP-F=0.129 MW-L=0.046 MW-F=0.070]
  OMP re-solve: 5.982s

=== True-DRO Benders iter 7 ===
  OMP: t₀=-34.744934, UB=28.405766, gap=2.22e+00, x=[0, 0, 0, 0, 0, 0, 0, 0, 0, 0, 0, 0, 0, 0, 0, 0, 0, 0, 0, 0, 0, 0, 0, 0, 0, 0, 0, 0, 0, 0, 0, 0, 0, 0, 1, 0, 0, 0, 0, 0, 0, 0, 0, 0, 0, 0, 0, 0, 0, 0, 0, 0, 0, 0, 0, 0, 0, 0, 0, 0, 0, 0, 0, 0, 0, 0, 0, 0, 0, 0, 0, 1, 0, 0, 0, 0] (0.002s)
  Sub: Z₀=19.485088 [LOCAL] (0.8s), α=[0.000,0.000,0.000,0.000,0.000,0.000,0.000,0.000,0.000,0.000,0.000,0.000,0.000,0.000,0.000,0.000,0.000,0.000,0.000,0.000,0.000,0.000,0.000,0.000,0.000,0.000,0.000,0.000,0.000,0.000,0.000,0.000,0.000,0.000,1.981,0.000,0.000,0.000,0.000,0.000,0.000,0.000,0.000,0.000,0.000,0.000,0.000,0.000,0.000,0.000,0.546,0.000,0.000,0.000,0.000,0.000,0.000,0.000,0.000,0.000,0.000,0.000,0.000,0.000,0.000,0.000,0.000,0.000,0.000,0.000,0.000,1.981,5.934,0.000,0.000,0.000]
  Iter 7: LB=-34.744934  UB=28.405766  gap=2.22e+00
  Cut: intercept=-1105.661042, π_x_range=[-824.6938, 569.3557]
  Mini-Benders[1] (mw): LB=-34.597787, Z₀(α*)=25.743997, intercept=-29.627761 (6.969s) [OMP=6.596 ISP-L=0.052 ISP-F=0.139 MW-L=0.048 MW-F=0.118]
  Mini-Benders[2] (mw): LB=-34.511190, Z₀(α*)=16.139065, intercept=-58.242867 (6.687s) [OMP=6.396 ISP-L=0.053 ISP-F=0.129 MW-L=0.045 MW-F=0.077]
  Mini-Benders[3] (mw): LB=-34.506682, Z₀(α*)=3.441969, intercept=-85.266562 (6.250s) [OMP=5.938 ISP-L=0.049 ISP-F=0.129 MW-L=0.043 MW-F=0.087]
  Mini-Benders[4] (mw): LB=-33.840412, Z₀(α*)=28.663735, intercept=-54.032956 (6.219s) [OMP=5.908 ISP-L=0.051 ISP-F=0.130 MW-L=0.042 MW-F=0.079]
  Mini-Benders[5] (mw): LB=-33.827771, Z₀(α*)=13.863719, intercept=-55.297507 (7.000s) [OMP=6.680 ISP-L=0.050 ISP-F=0.127 MW-L=0.045 MW-F=0.092]
  α-step: Z₀=17.690604, α=[0.000,0.000,0.000,0.000,0.000,0.000,0.000,0.000,0.000,0.000,0.000,0.000,0.000,0.000,0.000,0.000,0.000,0.000,0.000,0.000,0.000,0.000,0.000,0.000,0.000,0.000,0.000,0.000,0.000,0.000,0.000,0.000,0.000,0.000,10.443,0.000,0.000,0.000,0.000,0.000,0.000,0.000,0.000,0.000,0.000,0.000,0.000,0.000,0.000,0.000,0.000,0.000,0.000,0.000,0.000,0.000,0.000,0.000,0.000,0.000,0.000,0.000,0.000,0.000,0.000,0.000,0.000,0.000,0.000,0.000,0.000,0.000,0.000,0.000,0.000,0.000]
  Alt-Benders[1] (mw): LB=-32.990255, Z₀(α*)=-8.496098, intercept=-13.173619 (5.516s) [OMP=5.214 ISP-L=0.051 ISP-F=0.130 MW-L=0.047 MW-F=0.078]
  Alt-Benders[2] (mw): LB=-32.360446, Z₀(α*)=-3.872864, intercept=-84.036596 (6.157s) [OMP=5.846 ISP-L=0.052 ISP-F=0.130 MW-L=0.041 MW-F=0.076]
  Alt-Benders[3] (mw): LB=-32.254870, Z₀(α*)=-41.062236, intercept=-63.720601 (5.312s) [OMP=5.011 ISP-L=0.051 ISP-F=0.128 MW-L=0.042 MW-F=0.088]
  Alt-Benders[4] (mw): LB=-32.254870, Z₀(α*)=-41.062236, intercept=-63.720601 (5.656s) [OMP=5.344 ISP-L=0.051 ISP-F=0.129 MW-L=0.042 MW-F=0.074]
  Alt-Benders[5] (mw): LB=-32.254870, Z₀(α*)=-41.062236, intercept=-63.720601 (6.047s) [OMP=5.748 ISP-L=0.051 ISP-F=0.129 MW-L=0.042 MW-F=0.073]
  OMP re-solve: 5.197s

=== True-DRO Benders iter 8 ===
  OMP: t₀=-32.254870, UB=28.405766, gap=2.14e+00, x=[0, 0, 0, 0, 0, 0, 0, 0, 0, 0, 0, 0, 0, 0, 0, 0, 0, 0, 0, 0, 0, 0, 0, 0, 0, 0, 0, 0, 0, 0, 0, 0, 0, 0, 0, 0, 0, 0, 0, 0, 0, 0, 0, 0, 0, 0, 0, 0, 0, 0, 0, 0, 0, 0, 0, 0, 0, 0, 0, 0, 0, 1, 0, 0, 0, 0, 0, 0, 0, 0, 0, 0, 1, 0, 0, 0] (0.002s)
  Sub: Z₀=24.550338 [LOCAL] (0.8s), α=[0.000,0.000,0.000,0.000,0.000,0.000,0.000,0.000,0.000,0.000,0.000,0.000,0.000,0.000,0.000,0.000,0.000,0.000,0.000,0.000,0.000,0.000,0.000,0.000,0.000,0.000,0.000,0.000,0.000,0.000,0.000,0.000,0.000,0.000,0.000,0.000,0.000,0.000,0.000,0.000,0.000,0.000,0.000,0.000,0.000,0.000,0.000,0.000,0.000,0.000,0.000,0.000,0.000,0.000,0.000,0.000,0.000,0.000,0.000,0.000,0.000,0.000,0.000,0.000,0.000,0.000,0.000,0.000,0.000,0.000,0.000,0.000,10.443,0.000,0.000,0.000]
  Iter 8: LB=-32.254870  UB=28.405766  gap=2.14e+00
  Cut: intercept=-1117.591385, π_x_range=[-827.9534, 591.3682]
  Mini-Benders[1] (mw): LB=-31.982021, Z₀(α*)=24.236712, intercept=-26.111266 (6.610s) [OMP=6.280 ISP-L=0.050 ISP-F=0.131 MW-L=0.072 MW-F=0.078]
  Mini-Benders[2] (mw): LB=-31.044641, Z₀(α*)=19.176876, intercept=-62.963800 (5.812s) [OMP=5.493 ISP-L=0.050 ISP-F=0.139 MW-L=0.045 MW-F=0.078]
  Mini-Benders[3] (mw): LB=-31.037651, Z₀(α*)=24.959627, intercept=-51.968668 (5.734s) [OMP=5.435 ISP-L=0.052 ISP-F=0.133 MW-L=0.047 MW-F=0.074]
  Mini-Benders[4] (mw): LB=-29.809191, Z₀(α*)=19.409157, intercept=-43.015605 (5.844s) [OMP=5.535 ISP-L=0.052 ISP-F=0.129 MW-L=0.051 MW-F=0.077]
  Mini-Benders[5] (mw): LB=-29.376951, Z₀(α*)=24.454509, intercept=-63.690931 (5.563s) [OMP=5.237 ISP-L=0.054 ISP-F=0.133 MW-L=0.058 MW-F=0.073]
  α-step: Z₀=25.981854, α=[0.000,0.000,0.000,0.000,0.000,0.000,0.000,0.000,0.000,0.000,0.000,0.000,0.000,0.000,0.000,0.000,0.000,0.000,0.000,0.000,0.000,0.000,0.000,0.000,0.000,0.000,0.000,0.000,0.000,0.000,0.000,0.000,0.000,0.000,0.000,0.000,0.000,0.000,0.000,0.000,0.000,0.000,0.000,0.000,0.000,0.000,0.000,0.000,0.000,0.000,1.626,0.000,0.000,0.000,0.000,0.000,0.000,0.000,0.000,0.000,0.000,0.000,0.000,0.000,0.000,0.000,0.000,0.000,0.000,0.000,0.000,0.000,8.817,0.000,0.000,0.000]
  Alt-Benders[1] (mw): LB=-28.384749, Z₀(α*)=14.423924, intercept=-17.993134 (5.750s) [OMP=5.439 ISP-L=0.052 ISP-F=0.126 MW-L=0.047 MW-F=0.076]
  Alt-Benders[2] (mw): LB=-26.864961, Z₀(α*)=27.023081, intercept=-19.996652 (6.266s) [OMP=5.930 ISP-L=0.050 ISP-F=0.128 MW-L=0.045 MW-F=0.114]
  Alt-Benders[3] (mw): LB=-26.563049, Z₀(α*)=15.937656, intercept=-57.475471 (6.781s) [OMP=6.473 ISP-L=0.049 ISP-F=0.125 MW-L=0.050 MW-F=0.077]
  Alt-Benders[4] (mw): LB=-26.556203, Z₀(α*)=30.381322, intercept=-17.492290 (6.797s) [OMP=6.493 ISP-L=0.049 ISP-F=0.129 MW-L=0.048 MW-F=0.072]
  Alt-Benders[5] (mw): LB=-26.078899, Z₀(α*)=18.329055, intercept=-127.974468 (6.641s) [OMP=6.339 ISP-L=0.051 ISP-F=0.134 MW-L=0.046 MW-F=0.075]
  OMP re-solve: 7.097s

=== True-DRO Benders iter 9 ===
  OMP: t₀=-24.763972, UB=28.405766, gap=1.87e+00, x=[0, 0, 0, 0, 0, 0, 0, 0, 0, 0, 0, 0, 0, 0, 0, 0, 0, 0, 0, 0, 0, 0, 0, 0, 0, 0, 0, 0, 0, 0, 0, 0, 0, 0, 1, 0, 0, 0, 0, 0, 0, 0, 0, 0, 0, 0, 0, 0, 0, 1, 0, 0, 0, 0, 0, 0, 0, 0, 0, 0, 0, 0, 0, 0, 0, 0, 0, 0, 0, 0, 0, 0, 0, 0, 0, 0] (0.003s)
  Sub: Z₀=22.065935 [LOCAL] (0.8s), α=[0.000,0.000,0.000,0.000,0.000,0.000,0.000,0.000,0.000,0.000,0.000,0.000,0.000,0.000,0.000,0.000,0.000,0.000,0.000,0.000,0.000,0.000,0.000,0.000,0.000,0.000,0.000,0.000,0.000,0.000,0.000,0.000,0.000,0.000,7.992,0.000,0.000,0.000,0.000,0.000,0.000,0.000,0.000,0.000,0.000,0.000,0.000,0.000,0.000,0.000,0.000,0.000,0.000,0.000,0.000,0.000,0.000,0.000,0.000,0.000,0.000,0.000,0.000,0.000,0.000,0.000,0.000,0.000,0.000,0.000,0.000,0.000,2.451,0.000,0.000,0.000]
  Iter 9: LB=-24.763972  UB=28.405766  gap=1.87e+00
  Cut: intercept=-1127.517052, π_x_range=[-829.5239, 579.3183]
  Mini-Benders[1] (mw): LB=-24.731381, Z₀(α*)=2.721009, intercept=-62.151966 (7.250s) [OMP=6.948 ISP-L=0.052 ISP-F=0.129 MW-L=0.052 MW-F=0.069]
  Mini-Benders[2] (mw): LB=-24.312504, Z₀(α*)=22.299088, intercept=12.202431 (7.562s) [OMP=7.257 ISP-L=0.051 ISP-F=0.133 MW-L=0.040 MW-F=0.077]
  Mini-Benders[3] (mw): LB=-24.125157, Z₀(α*)=14.013397, intercept=-10.918609 (6.969s) [OMP=6.665 ISP-L=0.052 ISP-F=0.131 MW-L=0.042 MW-F=0.073]
  Mini-Benders[4] (mw): LB=-23.505204, Z₀(α*)=15.261804, intercept=-66.978330 (6.672s) [OMP=6.354 ISP-L=0.052 ISP-F=0.131 MW-L=0.042 MW-F=0.095]
  Mini-Benders[5] (mw): LB=-23.254403, Z₀(α*)=-1.144580, intercept=-29.624915 (6.672s) [OMP=6.366 ISP-L=0.052 ISP-F=0.126 MW-L=0.046 MW-F=0.076]
  α-step: Z₀=19.764054, α=[0.000,0.000,0.000,0.000,0.000,0.000,0.000,0.000,0.000,0.000,0.000,0.000,0.000,0.000,0.000,0.000,0.000,0.000,0.000,0.000,0.000,0.000,0.000,0.000,0.000,0.000,0.000,0.000,0.000,0.000,0.000,0.000,0.000,0.000,0.000,0.000,0.000,0.000,0.000,0.000,0.000,0.000,0.000,0.000,0.000,0.000,0.000,0.000,0.000,0.000,0.000,0.000,0.000,0.000,0.000,0.000,0.000,0.000,0.000,0.000,0.000,0.000,0.000,0.000,0.708,0.000,0.000,0.000,0.000,0.000,0.000,0.000,9.735,0.000,0.000,0.000]
  Alt-Benders[1] (mw): LB=-21.831761, Z₀(α*)=13.739676, intercept=-39.327225 (6.610s) [OMP=6.298 ISP-L=0.052 ISP-F=0.125 MW-L=0.044 MW-F=0.074]
  Alt-Benders[2] (mw): LB=-21.588742, Z₀(α*)=23.005316, intercept=-5.589681 (7.250s) [OMP=6.937 ISP-L=0.052 ISP-F=0.131 MW-L=0.066 MW-F=0.072]
  Alt-Benders[3] (mw): LB=-21.559967, Z₀(α*)=27.677366, intercept=-18.547749 (7.453s) [OMP=7.144 ISP-L=0.049 ISP-F=0.130 MW-L=0.046 MW-F=0.075]
  Alt-Benders[4] (mw): LB=-21.062124, Z₀(α*)=11.499916, intercept=-111.129813 (7.312s) [OMP=7.024 ISP-L=0.049 ISP-F=0.125 MW-L=0.047 MW-F=0.072]
  Alt-Benders[5] (mw): LB=-20.940753, Z₀(α*)=22.544983, intercept=-57.887735 (7.422s) [OMP=7.110 ISP-L=0.049 ISP-F=0.128 MW-L=0.053 MW-F=0.073]
  OMP re-solve: 6.866s

=== True-DRO Benders iter 10 ===
  OMP: t₀=-20.343949, UB=28.405766, gap=1.72e+00, x=[0, 0, 0, 0, 0, 0, 0, 1, 0, 0, 0, 0, 0, 0, 0, 0, 0, 0, 0, 0, 0, 0, 0, 0, 0, 0, 0, 0, 0, 0, 0, 0, 0, 0, 1, 0, 0, 0, 0, 0, 0, 0, 0, 0, 0, 0, 0, 0, 0, 0, 0, 0, 0, 0, 0, 0, 0, 0, 0, 0, 0, 0, 0, 0, 0, 0, 0, 0, 0, 0, 0, 0, 0, 0, 0, 0] (0.003s)
  Sub: Z₀=22.165171 [TIME_LIMIT] (15.9s), α=[0.000,0.000,0.000,0.000,0.000,0.000,0.000,0.000,0.000,0.000,0.000,0.000,0.000,0.000,0.000,0.000,0.000,0.000,0.000,0.000,0.000,0.000,0.000,0.000,0.000,0.000,0.000,0.000,0.000,0.000,0.000,0.000,0.000,0.000,7.997,0.000,0.000,0.000,0.000,0.000,0.000,0.000,0.000,0.000,0.000,0.000,0.000,0.000,0.000,0.000,0.000,0.000,0.000,0.000,0.000,0.000,0.000,0.000,0.000,0.000,0.000,0.000,0.000,0.000,0.000,0.000,0.000,0.000,0.000,0.000,0.000,0.000,2.446,0.000,0.000,0.000]
  Iter 10: LB=-20.343949  UB=28.405766  gap=1.72e+00
  Cut: intercept=-183.008938, π_x_range=[-271.0000, 113.2911]
  Mini-Benders[1] (mw): LB=-19.667218, Z₀(α*)=20.606121, intercept=-56.023599 (7.187s) [OMP=6.885 ISP-L=0.051 ISP-F=0.129 MW-L=0.050 MW-F=0.078]
  Mini-Benders[2] (mw): LB=-19.662068, Z₀(α*)=11.705583, intercept=-102.806611 (6.844s) [OMP=6.533 ISP-L=0.052 ISP-F=0.133 MW-L=0.043 MW-F=0.079]
  Mini-Benders[3] (mw): LB=-19.518280, Z₀(α*)=20.893088, intercept=-79.305659 (6.890s) [OMP=6.564 ISP-L=0.052 ISP-F=0.127 MW-L=0.042 MW-F=0.090]
  Mini-Benders[4] (mw): LB=-19.412409, Z₀(α*)=13.060103, intercept=-9.762994 (6.829s) [OMP=6.514 ISP-L=0.052 ISP-F=0.140 MW-L=0.048 MW-F=0.079]
  Mini-Benders[5] (mw): LB=-19.300872, Z₀(α*)=22.165175, intercept=-61.932416 (6.968s) [OMP=6.647 ISP-L=0.050 ISP-F=0.128 MW-L=0.057 MW-F=0.077]
  α-step: Z₀=21.921834, α=[0.000,0.000,0.000,0.000,0.000,0.000,0.000,0.000,0.000,0.000,0.000,0.000,0.000,0.000,0.000,0.000,0.079,0.000,0.000,0.000,0.000,0.000,0.000,0.000,0.000,0.000,0.000,0.000,0.000,0.000,0.000,0.000,0.000,0.000,0.000,0.000,0.000,0.000,0.000,0.000,0.000,0.000,0.000,0.000,0.000,0.000,0.000,0.000,0.000,0.000,1.586,0.000,0.000,0.000,0.000,0.000,0.000,0.000,0.000,0.000,0.000,0.000,0.000,0.000,0.000,0.000,0.000,0.000,0.000,0.000,0.000,0.000,8.777,0.000,0.000,0.000]
  Alt-Benders[1] (mw): LB=-18.154504, Z₀(α*)=31.642290, intercept=-49.548291 (7.594s) [OMP=7.277 ISP-L=0.051 ISP-F=0.129 MW-L=0.044 MW-F=0.090]
  Alt-Benders[2] (mw): LB=-18.076125, Z₀(α*)=14.157573, intercept=-27.250965 (7.468s) [OMP=7.214 ISP-L=0.012 ISP-F=0.127 MW-L=0.038 MW-F=0.072]
  Alt-Benders[3] (mw): LB=-17.612153, Z₀(α*)=31.800663, intercept=-86.678515 (6.985s) [OMP=6.731 ISP-L=0.012 ISP-F=0.129 MW-L=0.038 MW-F=0.075]
  Alt-Benders[4] (mw): LB=-17.575996, Z₀(α*)=29.627391, intercept=-36.634322 (7.234s) [OMP=6.917 ISP-L=0.051 ISP-F=0.130 MW-L=0.038 MW-F=0.092]
  Alt-Benders[5] (mw): LB=-17.343588, Z₀(α*)=31.800663, intercept=31.800663 (6.891s) [OMP=6.558 ISP-L=0.052 ISP-F=0.129 MW-L=0.050 MW-F=0.108]
  OMP re-solve: 6.455s

=== True-DRO Benders iter 11 ===
  OMP: t₀=-16.843010, UB=28.405766, gap=1.59e+00, x=[0, 0, 0, 0, 0, 0, 0, 0, 0, 0, 1, 0, 0, 0, 0, 0, 1, 0, 0, 0, 0, 0, 0, 0, 0, 0, 0, 0, 0, 0, 0, 0, 0, 0, 0, 0, 0, 0, 0, 0, 0, 0, 0, 0, 0, 0, 0, 0, 0, 0, 0, 0, 0, 0, 0, 0, 0, 0, 0, 0, 0, 0, 0, 0, 0, 0, 0, 0, 0, 0, 0, 0, 0, 0, 0, 0] (0.004s)
  Sub: Z₀=29.157242 [LOCAL] (0.9s), α=[0.000,0.000,0.000,0.000,0.000,0.000,0.000,0.000,0.000,0.000,1.949,0.000,0.000,0.000,0.000,0.000,1.912,0.000,0.000,0.000,0.052,0.000,0.000,0.000,0.000,0.000,0.000,0.000,0.000,0.000,0.000,0.000,0.000,0.000,1.776,0.000,0.000,0.000,0.000,0.000,0.000,0.000,0.000,0.000,0.000,0.000,0.000,0.000,0.000,0.000,0.000,0.000,0.000,0.000,0.000,0.000,0.000,0.000,0.000,0.000,0.000,0.000,0.000,0.000,0.000,0.000,0.000,0.000,0.000,0.000,0.000,0.000,4.754,0.000,0.000,0.000]
  Iter 11: LB=-16.843010  UB=28.405766  gap=1.59e+00
  Cut: intercept=-1120.254271, π_x_range=[-827.3784, 579.0945]
  Mini-Benders[1] (mw): LB=-16.671796, Z₀(α*)=18.233296, intercept=-73.753201 (7.265s) [OMP=6.943 ISP-L=0.051 ISP-F=0.136 MW-L=0.050 MW-F=0.079]
  Mini-Benders[2] (mw): LB=-16.641623, Z₀(α*)=24.800756, intercept=-38.107644 (7.906s) [OMP=7.602 ISP-L=0.052 ISP-F=0.132 MW-L=0.043 MW-F=0.083]
  Mini-Benders[3] (mw): LB=-15.977675, Z₀(α*)=27.173273, intercept=-20.290988 (7.703s) [OMP=7.344 ISP-L=0.050 ISP-F=0.135 MW-L=0.065 MW-F=0.097]
  Mini-Benders[4] (mw): LB=-14.738039, Z₀(α*)=17.340491, intercept=-76.677706 (7.454s) [OMP=7.134 ISP-L=0.052 ISP-F=0.139 MW-L=0.040 MW-F=0.083]
  Mini-Benders[5] (mw): LB=-14.660026, Z₀(α*)=30.114191, intercept=27.376273 (7.531s) [OMP=7.199 ISP-L=0.051 ISP-F=0.135 MW-L=0.047 MW-F=0.092]
  α-step: Z₀=21.838300, α=[0.000,0.000,0.000,0.000,0.000,0.000,0.000,0.000,0.000,0.000,0.000,0.000,0.000,0.000,0.000,0.000,0.000,0.000,0.000,0.000,0.000,0.000,0.000,0.000,0.000,0.000,0.000,0.000,0.000,0.000,0.000,0.000,0.000,0.000,0.000,0.000,0.000,0.000,0.000,0.000,0.000,0.000,0.000,0.000,0.000,0.000,0.000,0.000,0.000,0.000,0.000,0.000,0.000,0.000,0.000,0.000,0.000,0.000,0.000,0.000,0.000,0.000,0.000,0.000,0.000,0.000,0.000,0.000,0.000,0.000,0.000,5.689,4.754,0.000,0.000,0.000]
  Alt-Benders[1] (mw): LB=-13.913105, Z₀(α*)=10.157897, intercept=-35.154871 (7.891s) [OMP=7.596 ISP-L=0.017 ISP-F=0.129 MW-L=0.056 MW-F=0.076]
  Alt-Benders[2] (mw): LB=-13.910278, Z₀(α*)=8.252325, intercept=-8.527716 (8.000s) [OMP=7.703 ISP-L=0.051 ISP-F=0.130 MW-L=0.040 MW-F=0.075]
  Alt-Benders[3] (mw): LB=-13.365290, Z₀(α*)=17.105104, intercept=-37.958442 (7.750s) [OMP=7.451 ISP-L=0.051 ISP-F=0.129 MW-L=0.047 MW-F=0.073]
  Alt-Benders[4] (mw): LB=-12.986336, Z₀(α*)=-1.571727, intercept=-131.592608 (7.500s) [OMP=7.209 ISP-L=0.020 ISP-F=0.130 MW-L=0.042 MW-F=0.093]
  Alt-Benders[5] (mw): LB=-12.901561, Z₀(α*)=-3.597682, intercept=-31.918304 (8.265s) [OMP=7.982 ISP-L=0.051 ISP-F=0.127 MW-L=0.040 MW-F=0.074]
  OMP re-solve: 8.095s

=== True-DRO Benders iter 12 ===
  OMP: t₀=-12.494468, UB=28.405766, gap=1.44e+00, x=[0, 0, 0, 0, 0, 0, 0, 0, 0, 0, 0, 0, 0, 0, 0, 0, 0, 0, 0, 0, 0, 0, 0, 0, 0, 0, 0, 0, 0, 1, 0, 0, 0, 0, 0, 0, 0, 0, 0, 0, 0, 0, 0, 0, 0, 0, 0, 0, 0, 0, 0, 0, 0, 0, 0, 0, 0, 0, 0, 0, 0, 0, 0, 0, 0, 0, 0, 0, 1, 0, 0, 0, 0, 0, 0, 0] (0.004s)
  Sub: Z₀=31.198525 [LOCAL] (1.6s), α=[0.000,0.000,0.000,0.000,0.000,0.000,0.000,0.000,0.000,0.000,0.000,0.000,0.000,0.000,0.000,0.000,0.689,0.000,0.000,0.000,0.117,0.000,0.000,0.000,0.000,0.000,0.000,0.000,0.000,0.000,0.000,0.000,0.000,0.000,0.058,0.000,0.000,0.000,0.000,0.000,0.000,0.000,0.000,0.000,0.000,0.000,0.000,0.000,0.000,0.000,1.670,0.000,0.000,0.000,0.000,0.000,0.000,0.000,0.000,0.000,0.000,0.000,0.000,0.000,0.000,0.000,0.000,0.000,0.000,0.000,0.000,1.484,6.424,0.000,0.000,0.000]
  Iter 12: LB=-12.494468  UB=28.405766  gap=1.44e+00
  Cut: intercept=-1137.203878, π_x_range=[-828.8401, 586.5241]
  Mini-Benders[1] (mw): LB=-12.333132, Z₀(α*)=22.542074, intercept=-36.708137 (7.735s) [OMP=7.423 ISP-L=0.049 ISP-F=0.128 MW-L=0.043 MW-F=0.076]
  Mini-Benders[2] (mw): LB=-11.978785, Z₀(α*)=22.731054, intercept=-30.981135 (7.687s) [OMP=7.373 ISP-L=0.050 ISP-F=0.129 MW-L=0.048 MW-F=0.092]
  Mini-Benders[3] (mw): LB=-11.964168, Z₀(α*)=21.141461, intercept=-7.706969 (7.735s) [OMP=7.428 ISP-L=0.051 ISP-F=0.131 MW-L=0.049 MW-F=0.071]
  Mini-Benders[4] (mw): LB=-11.939824, Z₀(α*)=-1.979820, intercept=-90.119198 (6.875s) [OMP=6.570 ISP-L=0.052 ISP-F=0.126 MW-L=0.045 MW-F=0.074]
  Mini-Benders[5] (mw): LB=-11.797221, Z₀(α*)=26.065818, intercept=5.296534 (7.312s) [OMP=7.013 ISP-L=0.053 ISP-F=0.133 MW-L=0.038 MW-F=0.075]
  α-step: Z₀=25.691261, α=[0.000,0.000,0.000,0.000,0.000,0.000,0.000,0.000,0.000,0.000,2.454,0.000,0.000,0.000,0.000,0.000,0.000,0.000,0.000,0.000,0.000,0.000,0.000,0.000,0.000,0.000,0.000,0.000,0.000,0.000,0.000,0.000,0.000,0.000,1.147,0.000,0.000,0.000,0.000,0.000,0.000,0.000,0.000,0.000,0.000,0.000,0.000,0.000,0.000,0.000,2.532,3.344,0.000,0.000,0.000,0.000,0.000,0.000,0.000,0.000,0.000,0.000,0.000,0.000,0.000,0.000,0.000,0.000,0.000,0.000,0.000,0.966,0.000,0.000,0.000,0.000]
  Alt-Benders[1] (mw): LB=-11.310739, Z₀(α*)=-2.951008, intercept=-65.594741 (6.953s) [OMP=6.652 ISP-L=0.050 ISP-F=0.127 MW-L=0.046 MW-F=0.080]
  Alt-Benders[2] (mw): LB=-11.132402, Z₀(α*)=26.426558, intercept=-37.824500 (7.063s) [OMP=6.789 ISP-L=0.012 ISP-F=0.130 MW-L=0.041 MW-F=0.094]
  Alt-Benders[3] (mw): LB=-10.723701, Z₀(α*)=-27.414290, intercept=-47.010269 (6.750s) [OMP=6.469 ISP-L=0.014 ISP-F=0.131 MW-L=0.042 MW-F=0.080]
  Alt-Benders[4] (mw): LB=-10.723701, Z₀(α*)=-27.414290, intercept=-47.010269 (6.109s) [OMP=5.776 ISP-L=0.053 ISP-F=0.132 MW-L=0.062 MW-F=0.081]
  Alt-Benders[5] (mw): LB=-10.723701, Z₀(α*)=-27.414290, intercept=-47.010269 (6.391s) [OMP=6.077 ISP-L=0.053 ISP-F=0.132 MW-L=0.047 MW-F=0.080]
  OMP re-solve: 6.107s

=== True-DRO Benders iter 13 ===
  OMP: t₀=-10.723701, UB=28.405766, gap=1.38e+00, x=[0, 0, 0, 0, 0, 0, 0, 0, 0, 0, 1, 0, 0, 0, 0, 0, 0, 0, 0, 0, 0, 0, 0, 0, 0, 0, 0, 0, 0, 0, 0, 0, 0, 0, 1, 0, 0, 0, 0, 0, 0, 0, 0, 0, 0, 0, 0, 0, 0, 0, 0, 0, 0, 0, 0, 0, 0, 0, 0, 0, 0, 0, 0, 0, 0, 0, 0, 0, 0, 0, 0, 0, 0, 0, 0, 0] (0.004s)
  Sub: Z₀=21.979989 [LOCAL] (0.9s), α=[0.000,0.000,0.000,0.000,0.000,0.000,0.000,0.000,0.000,0.000,0.000,0.000,0.000,0.000,0.000,0.000,0.000,0.000,0.000,0.000,0.000,0.000,0.000,0.000,0.000,0.000,0.000,0.000,0.000,0.000,0.000,0.000,0.000,0.000,8.070,0.000,0.000,0.000,0.000,0.000,0.000,0.000,0.000,0.000,0.000,0.000,0.000,0.000,0.000,0.000,0.000,0.000,0.000,0.000,0.000,0.000,0.000,0.000,0.000,0.000,0.000,0.000,0.000,0.000,0.000,0.000,0.000,0.000,0.000,0.000,0.000,0.000,2.372,0.000,0.000,0.000]
  Iter 13: LB=-10.723701  UB=28.405766  gap=1.38e+00
  Cut: intercept=-1134.328642, π_x_range=[-825.8971, 587.0881]
  Mini-Benders[1] (mw): LB=-10.195679, Z₀(α*)=11.197119, intercept=-21.346067 (6.906s) [OMP=6.607 ISP-L=0.052 ISP-F=0.129 MW-L=0.043 MW-F=0.074]
  Mini-Benders[2] (mw): LB=-9.462722, Z₀(α*)=15.990067, intercept=-28.711085 (6.843s) [OMP=6.527 ISP-L=0.049 ISP-F=0.127 MW-L=0.059 MW-F=0.083]
  Mini-Benders[3] (mw): LB=-9.045011, Z₀(α*)=19.537717, intercept=-76.037921 (6.672s) [OMP=6.350 ISP-L=0.051 ISP-F=0.129 MW-L=0.052 MW-F=0.078]
  Mini-Benders[4] (mw): LB=-9.043029, Z₀(α*)=-22.574782, intercept=-84.816479 (6.609s) [OMP=6.310 ISP-L=0.050 ISP-F=0.128 MW-L=0.045 MW-F=0.082]
  Mini-Benders[5] (mw): LB=-9.043029, Z₀(α*)=-22.574782, intercept=-84.816479 (6.516s) [OMP=6.185 ISP-L=0.051 ISP-F=0.128 MW-L=0.045 MW-F=0.096]
  α-step: Z₀=23.876488, α=[0.000,0.000,0.000,0.000,0.000,0.000,0.000,0.000,0.000,0.000,0.000,0.000,0.000,0.000,0.000,0.000,0.000,0.000,0.000,0.000,0.000,0.000,0.000,0.000,0.000,0.000,0.000,0.000,0.000,0.000,0.000,0.000,0.000,0.000,0.000,0.000,0.000,0.000,0.000,0.000,0.000,0.000,0.000,0.000,0.000,0.000,0.000,0.000,0.000,0.000,0.000,0.000,0.000,0.000,0.000,0.000,0.000,0.000,0.000,0.000,0.000,0.000,0.000,0.000,0.000,0.000,0.000,0.000,0.000,0.000,0.000,2.433,8.010,0.000,0.000,0.000]
  Alt-Benders[1] (mw): LB=-8.755135, Z₀(α*)=19.410182, intercept=-9.372120 (6.531s) [OMP=6.230 ISP-L=0.053 ISP-F=0.130 MW-L=0.041 MW-F=0.074]
  Alt-Benders[2] (mw): LB=-8.549743, Z₀(α*)=31.019039, intercept=-11.420522 (6.750s) [OMP=6.452 ISP-L=0.051 ISP-F=0.131 MW-L=0.041 MW-F=0.076]
  Alt-Benders[3] (mw): LB=-8.311156, Z₀(α*)=20.474200, intercept=-64.223838 (5.812s) [OMP=5.489 ISP-L=0.052 ISP-F=0.129 MW-L=0.046 MW-F=0.091]
  Alt-Benders[4] (mw): LB=-8.191002, Z₀(α*)=9.684393, intercept=-51.903594 (7.047s) [OMP=6.747 ISP-L=0.053 ISP-F=0.126 MW-L=0.047 MW-F=0.076]
  Alt-Benders[5] (mw): LB=-7.865316, Z₀(α*)=15.959344, intercept=-64.490259 (5.922s) [OMP=5.596 ISP-L=0.052 ISP-F=0.133 MW-L=0.043 MW-F=0.083]
  OMP re-solve: 5.608s

=== True-DRO Benders iter 14 ===
  OMP: t₀=-7.795888, UB=28.405766, gap=1.27e+00, x=[0, 0, 0, 0, 0, 0, 0, 0, 0, 0, 0, 0, 0, 0, 0, 0, 0, 0, 0, 0, 0, 0, 0, 0, 0, 0, 0, 0, 0, 1, 0, 0, 0, 0, 0, 0, 0, 0, 0, 0, 0, 0, 0, 0, 0, 0, 0, 0, 0, 0, 0, 0, 0, 1, 0, 0, 0, 0, 0, 0, 0, 0, 0, 0, 0, 0, 0, 0, 0, 0, 0, 0, 0, 0, 0, 0] (0.004s)
  Sub: Z₀=25.294479 [LOCAL] (0.9s), α=[0.000,0.000,0.000,0.000,0.000,0.000,0.000,0.000,0.000,0.000,0.000,0.000,0.000,0.000,0.000,0.000,0.000,0.000,0.000,0.000,0.000,0.000,0.000,0.000,0.000,0.000,0.000,0.000,0.000,0.000,0.000,0.000,0.000,0.000,2.629,0.000,0.000,0.000,0.000,0.000,0.000,0.000,0.000,0.000,0.000,0.000,0.000,0.000,0.000,0.000,1.797,0.000,0.000,4.984,0.000,0.492,0.000,0.000,0.000,0.000,0.000,0.000,0.000,0.000,0.000,0.000,0.000,0.000,0.000,0.000,0.000,0.041,0.500,0.000,0.000,0.000]
  Iter 14: LB=-7.795888  UB=28.405766  gap=1.27e+00
  Cut: intercept=-1112.679203, π_x_range=[-827.1849, 582.4544]
  Mini-Benders[1] (mw): LB=-7.260105, Z₀(α*)=-4.106985, intercept=-26.860193 (6.031s) [OMP=5.715 ISP-L=0.050 ISP-F=0.132 MW-L=0.046 MW-F=0.094]
  Mini-Benders[2] (mw): LB=-7.248870, Z₀(α*)=-21.208330, intercept=-88.584739 (6.375s) [OMP=6.066 ISP-L=0.052 ISP-F=0.125 MW-L=0.042 MW-F=0.076]
  Mini-Benders[3] (mw): LB=-7.248870, Z₀(α*)=-21.208330, intercept=-88.584739 (5.687s) [OMP=5.388 ISP-L=0.052 ISP-F=0.126 MW-L=0.042 MW-F=0.076]
  Mini-Benders[4] (mw): LB=-7.248870, Z₀(α*)=-21.208330, intercept=-88.584739 (5.906s) [OMP=5.608 ISP-L=0.052 ISP-F=0.125 MW-L=0.042 MW-F=0.076]
  Mini-Benders[5]: LB stagnated, break
  α-step: Z₀=24.451391, α=[0.000,0.000,0.000,0.000,0.000,0.000,0.000,0.000,0.000,0.000,0.000,0.000,0.000,0.000,0.000,0.000,0.000,0.000,0.000,0.000,0.000,0.000,0.000,0.000,0.000,0.000,0.000,0.000,0.000,0.000,0.000,0.000,0.000,0.000,0.000,0.000,0.000,0.000,0.000,0.000,0.000,0.000,0.000,0.000,0.000,0.000,0.000,0.000,0.000,0.000,0.000,0.000,0.000,0.000,0.000,0.000,0.000,0.000,0.000,0.000,0.000,0.000,0.000,0.000,0.000,0.000,0.000,0.000,0.000,0.000,0.000,0.708,9.735,0.000,0.000,0.000]
  Alt-Benders[1] (mw): LB=-7.047284, Z₀(α*)=26.025409, intercept=1.174473 (6.157s) [OMP=5.857 ISP-L=0.051 ISP-F=0.133 MW-L=0.045 MW-F=0.070]
  Alt-Benders[2] (mw): LB=-6.880163, Z₀(α*)=21.098784, intercept=-13.334549 (6.250s) [OMP=5.948 ISP-L=0.051 ISP-F=0.131 MW-L=0.052 MW-F=0.074]
  Alt-Benders[3] (mw): LB=-6.803236, Z₀(α*)=12.752006, intercept=-79.261246 (6.078s) [OMP=5.767 ISP-L=0.051 ISP-F=0.133 MW-L=0.044 MW-F=0.073]
  Alt-Benders[4] (mw): LB=-6.370144, Z₀(α*)=-31.195650, intercept=-56.884702 (6.390s) [OMP=6.071 ISP-L=0.051 ISP-F=0.128 MW-L=0.060 MW-F=0.077]
  Alt-Benders[5] (mw): LB=-6.370144, Z₀(α*)=-31.195650, intercept=-56.884702 (6.172s) [OMP=5.868 ISP-L=0.052 ISP-F=0.129 MW-L=0.045 MW-F=0.077]
  OMP re-solve: 6.133s

=== True-DRO Benders iter 15 ===
  OMP: t₀=-6.370144, UB=28.405766, gap=1.22e+00, x=[0, 0, 0, 0, 0, 0, 0, 0, 0, 0, 0, 0, 0, 0, 0, 0, 0, 0, 0, 0, 0, 0, 0, 0, 0, 0, 0, 0, 0, 0, 0, 0, 0, 0, 0, 0, 0, 0, 0, 0, 0, 0, 0, 0, 0, 0, 0, 0, 0, 0, 0, 1, 0, 1, 0, 0, 0, 0, 0, 0, 0, 0, 0, 0, 0, 0, 0, 0, 0, 0, 0, 0, 0, 0, 0, 0] (0.004s)
  Sub: Z₀=25.123344 [TIME_LIMIT] (15.8s), α=[0.000,0.000,0.000,0.000,0.000,0.000,0.000,0.000,0.000,0.000,0.000,0.000,0.000,0.000,0.000,0.000,0.000,0.000,0.000,0.000,0.000,0.000,0.000,0.000,0.000,0.000,0.000,0.000,0.000,0.000,0.000,0.000,0.000,0.000,3.657,0.000,0.000,0.000,0.000,0.000,0.000,0.000,0.000,0.000,0.000,0.000,0.000,0.000,0.000,0.000,6.471,0.315,0.000,0.000,0.000,0.000,0.000,0.000,0.000,0.000,0.000,0.000,0.000,0.000,0.000,0.000,0.000,0.000,0.000,0.000,0.000,0.000,0.000,0.000,0.000,0.000]
  Iter 15: LB=-6.370144  UB=25.328862  gap=1.25e+00
  Cut: intercept=-124.451483, π_x_range=[-271.0000, 77.4329]
  Mini-Benders[1] (mw): LB=-5.883263, Z₀(α*)=-5.426403, intercept=-18.529599 (6.157s) [OMP=5.838 ISP-L=0.052 ISP-F=0.134 MW-L=0.043 MW-F=0.088]
  Mini-Benders[2] (mw): LB=-5.426405, Z₀(α*)=-5.426403, intercept=-18.529599 (6.640s) [OMP=6.336 ISP-L=0.052 ISP-F=0.134 MW-L=0.043 MW-F=0.073]
  Mini-Benders[3] (mw): LB=-5.426405, Z₀(α*)=-5.426403, intercept=-18.529599 (6.641s) [OMP=6.335 ISP-L=0.052 ISP-F=0.133 MW-L=0.043 MW-F=0.073]
  Mini-Benders[4] (mw): LB=-5.426405, Z₀(α*)=-5.426403, intercept=-18.529599 (6.781s) [OMP=6.477 ISP-L=0.052 ISP-F=0.133 MW-L=0.043 MW-F=0.073]
  Mini-Benders[5]: LB stagnated, break
  α-step: Z₀=31.122915, α=[0.000,0.000,0.000,0.000,0.000,0.000,0.000,0.000,0.000,0.000,0.000,0.000,0.000,2.271,0.000,0.000,0.000,0.000,0.000,0.000,0.000,0.000,0.000,0.000,0.000,0.000,0.000,0.000,0.000,0.000,0.000,0.000,0.000,0.000,5.726,0.000,0.000,0.000,0.000,0.000,0.000,0.000,0.000,0.000,0.000,0.000,0.000,0.000,0.000,0.000,0.000,0.000,0.000,0.000,0.000,0.000,0.000,0.000,0.000,0.000,0.000,0.000,0.000,0.000,0.000,0.000,0.000,0.000,0.000,0.000,0.000,0.000,2.446,0.000,0.000,0.000]
  Alt-Benders[1] (mw): LB=-5.352828, Z₀(α*)=9.627280, intercept=-9.381728 (7.015s) [OMP=6.712 ISP-L=0.053 ISP-F=0.129 MW-L=0.042 MW-F=0.079]
  Alt-Benders[2] (mw): LB=-5.274780, Z₀(α*)=28.094719, intercept=28.094718 (6.750s) [OMP=6.461 ISP-L=0.052 ISP-F=0.129 MW-L=0.041 MW-F=0.071]
  Alt-Benders[3] (mw): LB=-4.843087, Z₀(α*)=1.386458, intercept=-116.121561 (6.438s) [OMP=6.173 ISP-L=0.017 ISP-F=0.128 MW-L=0.039 MW-F=0.075]
  Alt-Benders[4] (mw): LB=-4.620355, Z₀(α*)=29.305997, intercept=22.999417 (6.953s) [OMP=6.644 ISP-L=0.052 ISP-F=0.130 MW-L=0.041 MW-F=0.086]
  Alt-Benders[5] (mw): LB=-4.348765, Z₀(α*)=14.910347, intercept=6.405873 (6.969s) [OMP=6.704 ISP-L=0.014 ISP-F=0.130 MW-L=0.041 MW-F=0.069]
  OMP re-solve: 6.227s

=== True-DRO Benders iter 16 ===
  OMP: t₀=-4.332626, UB=25.328862, gap=1.17e+00, x=[0, 0, 0, 0, 0, 0, 0, 0, 0, 0, 0, 0, 0, 0, 0, 0, 0, 0, 0, 0, 0, 0, 0, 0, 0, 0, 0, 0, 0, 0, 0, 0, 0, 0, 0, 0, 0, 0, 0, 0, 0, 0, 0, 0, 0, 0, 0, 0, 0, 0, 0, 0, 0, 0, 0, 0, 0, 0, 0, 0, 0, 0, 1, 0, 1, 0, 0, 0, 0, 0, 0, 0, 0, 0, 0, 0] (0.004s)
  Sub: Z₀=30.098028 [LOCAL] (0.9s), α=[0.000,0.000,0.000,0.000,0.000,0.000,0.000,0.000,0.000,0.000,0.000,0.000,0.000,0.000,0.000,0.000,0.000,0.000,0.000,0.000,0.000,0.000,0.000,0.000,0.000,0.000,0.000,0.000,0.000,0.000,0.000,0.000,0.000,0.000,0.000,0.000,0.000,0.000,0.000,0.000,0.000,0.000,0.000,0.000,0.000,0.000,0.000,0.000,0.000,0.000,0.221,0.000,0.000,0.000,0.000,0.000,0.000,0.000,0.000,0.000,0.000,0.000,5.179,0.000,0.067,0.000,0.000,0.000,0.000,0.000,0.000,0.000,4.976,0.000,0.000,0.000]
  Iter 16: LB=-4.332626  UB=25.328862  gap=1.17e+00
  Cut: intercept=-1118.218740, π_x_range=[-827.9225, 587.9082]
  Mini-Benders[1] (mw): LB=-4.106987, Z₀(α*)=18.055910, intercept=3.861276 (6.500s) [OMP=6.193 ISP-L=0.049 ISP-F=0.127 MW-L=0.044 MW-F=0.077]
  Mini-Benders[2] (mw): LB=-3.836193, Z₀(α*)=26.737794, intercept=-53.317745 (6.578s) [OMP=6.263 ISP-L=0.051 ISP-F=0.128 MW-L=0.063 MW-F=0.076]
  Mini-Benders[3] (mw): LB=-3.832382, Z₀(α*)=29.297570, intercept=-85.780638 (6.718s) [OMP=6.412 ISP-L=0.052 ISP-F=0.132 MW-L=0.044 MW-F=0.081]
  Mini-Benders[4] (mw): LB=-3.815028, Z₀(α*)=28.705597, intercept=-37.305863 (6.532s) [OMP=6.219 ISP-L=0.052 ISP-F=0.130 MW-L=0.043 MW-F=0.075]
  Mini-Benders[5] (mw): LB=-3.668467, Z₀(α*)=-8.720986, intercept=-73.318087 (6.937s) [OMP=6.604 ISP-L=0.061 ISP-F=0.148 MW-L=0.050 MW-F=0.080]
  α-step: Z₀=23.754700, α=[0.000,0.000,0.000,0.000,0.000,0.000,0.000,0.000,0.000,0.000,0.000,0.000,0.000,0.000,0.000,0.000,0.000,0.000,0.000,0.000,0.000,0.000,0.000,0.000,0.000,0.000,0.000,0.000,0.000,0.000,0.000,0.000,0.000,0.000,0.000,0.000,0.000,0.000,0.000,0.000,0.000,0.000,0.000,0.000,0.000,0.000,0.000,0.000,0.000,0.000,0.122,0.000,0.000,0.000,0.000,0.000,0.000,0.000,0.000,0.000,0.000,0.000,0.000,0.000,0.000,0.000,0.000,0.000,0.000,0.000,0.000,2.433,7.888,0.000,0.000,0.000]
  Alt-Benders[1] (mw): LB=-3.646156, Z₀(α*)=14.895863, intercept=-47.860140 (6.422s) [OMP=6.106 ISP-L=0.052 ISP-F=0.128 MW-L=0.044 MW-F=0.088]
  Alt-Benders[2] (mw): LB=-3.258234, Z₀(α*)=20.686380, intercept=-108.642113 (7.110s) [OMP=6.795 ISP-L=0.052 ISP-F=0.143 MW-L=0.044 MW-F=0.078]
  Alt-Benders[3] (mw): LB=-2.951009, Z₀(α*)=4.266509, intercept=-60.874791 (7.015s) [OMP=6.712 ISP-L=0.049 ISP-F=0.128 MW-L=0.050 MW-F=0.075]
  Alt-Benders[4] (mw): LB=-2.906964, Z₀(α*)=20.725085, intercept=0.711571 (6.906s) [OMP=6.616 ISP-L=0.013 ISP-F=0.137 MW-L=0.055 MW-F=0.079]
  Alt-Benders[5] (mw): LB=-2.501615, Z₀(α*)=14.934883, intercept=-61.481787 (7.016s) [OMP=6.713 ISP-L=0.050 ISP-F=0.130 MW-L=0.053 MW-F=0.072]
  OMP re-solve: 6.645s

=== True-DRO Benders iter 17 ===
  OMP: t₀=-2.439738, UB=25.328862, gap=1.10e+00, x=[0, 0, 0, 0, 0, 0, 0, 0, 0, 0, 0, 0, 0, 0, 0, 0, 0, 0, 0, 0, 0, 0, 0, 0, 0, 0, 0, 0, 0, 1, 0, 0, 0, 0, 0, 0, 0, 0, 0, 0, 0, 0, 0, 0, 0, 0, 0, 0, 0, 0, 0, 0, 0, 0, 0, 0, 0, 0, 0, 0, 0, 0, 0, 0, 1, 0, 0, 0, 0, 0, 0, 0, 0, 0, 0, 0] (0.004s)
  Sub: Z₀=30.088474 [LOCAL] (1.1s), α=[0.000,0.000,0.000,0.000,0.000,0.000,0.000,0.000,0.000,0.000,0.000,0.000,0.000,0.000,0.000,0.000,0.739,0.000,0.000,0.000,0.111,0.000,0.000,0.000,0.000,0.000,0.000,0.000,0.000,0.000,0.000,0.000,0.000,0.000,0.000,0.000,0.000,0.000,0.000,0.000,0.000,0.000,0.000,0.000,0.000,0.000,0.000,0.000,0.000,0.000,1.452,0.000,0.000,0.000,0.000,0.000,0.000,0.000,0.000,0.000,0.000,0.000,1.934,0.000,0.000,0.000,0.000,0.000,0.000,0.000,0.000,0.000,6.206,0.000,0.000,0.000]
  Iter 17: LB=-2.439738  UB=25.328862  gap=1.10e+00
  Cut: intercept=-1100.247574, π_x_range=[-827.2371, 582.7177]
  Mini-Benders[1] (mw): LB=-2.281841, Z₀(α*)=30.403892, intercept=-23.286564 (7.156s) [OMP=6.830 ISP-L=0.051 ISP-F=0.134 MW-L=0.040 MW-F=0.095]
  Mini-Benders[2] (mw): LB=-2.258709, Z₀(α*)=17.025117, intercept=-44.365143 (7.656s) [OMP=7.348 ISP-L=0.052 ISP-F=0.129 MW-L=0.045 MW-F=0.070]
  Mini-Benders[3] (mw): LB=-2.253862, Z₀(α*)=13.233072, intercept=-62.112278 (7.766s) [OMP=7.466 ISP-L=0.050 ISP-F=0.133 MW-L=0.050 MW-F=0.075]
  Mini-Benders[4] (mw): LB=-2.095217, Z₀(α*)=29.981024, intercept=-35.426486 (7.484s) [OMP=7.158 ISP-L=0.052 ISP-F=0.140 MW-L=0.045 MW-F=0.074]
  Mini-Benders[5] (mw): LB=-1.979822, Z₀(α*)=6.144137, intercept=-84.519532 (7.750s) [OMP=7.404 ISP-L=0.055 ISP-F=0.136 MW-L=0.051 MW-F=0.101]
  α-step: Z₀=22.737415, α=[0.000,0.000,0.000,0.000,0.000,0.000,0.000,0.000,0.000,0.000,0.506,0.000,0.000,0.000,0.000,0.000,0.000,0.000,0.000,0.000,0.000,0.000,0.000,0.000,0.000,0.000,0.000,0.000,0.000,0.000,0.000,0.000,0.000,0.000,0.181,0.000,0.000,0.000,0.000,0.000,0.000,0.000,0.000,0.000,0.000,0.000,0.000,0.000,0.000,0.000,2.532,0.000,0.000,6.397,0.000,0.000,0.000,0.000,0.000,0.000,0.000,0.000,0.000,0.000,0.000,0.000,0.000,0.000,0.000,0.000,0.000,0.000,0.827,0.000,0.000,0.000]
  Alt-Benders[1] (mw): LB=-1.758617, Z₀(α*)=21.428122, intercept=-55.546111 (7.969s) [OMP=7.664 ISP-L=0.053 ISP-F=0.133 MW-L=0.042 MW-F=0.078]
  Alt-Benders[2] (mw): LB=-1.693923, Z₀(α*)=-10.880290, intercept=-48.542882 (7.953s) [OMP=7.644 ISP-L=0.051 ISP-F=0.128 MW-L=0.052 MW-F=0.076]
  Alt-Benders[3] (mw): LB=-1.693923, Z₀(α*)=-10.880290, intercept=-48.542882 (6.828s) [OMP=6.502 ISP-L=0.051 ISP-F=0.128 MW-L=0.068 MW-F=0.076]
  Alt-Benders[4] (mw): LB=-1.693923, Z₀(α*)=-10.880290, intercept=-48.542882 (6.891s) [OMP=6.580 ISP-L=0.051 ISP-F=0.128 MW-L=0.053 MW-F=0.075]
  Alt-Benders[5]: LB stagnated, break
  OMP re-solve: 0.004s

=== True-DRO Benders iter 18 ===
  OMP: t₀=-1.693923, UB=25.328862, gap=1.07e+00, x=[0, 0, 0, 0, 0, 0, 0, 0, 0, 0, 0, 0, 0, 0, 0, 0, 0, 0, 0, 0, 0, 0, 0, 0, 0, 0, 0, 0, 0, 1, 0, 0, 0, 0, 0, 0, 0, 0, 0, 0, 0, 0, 0, 0, 0, 0, 0, 0, 0, 0, 0, 0, 0, 0, 0, 0, 0, 0, 0, 0, 0, 0, 0, 0, 0, 0, 1, 0, 0, 0, 0, 0, 0, 0, 0, 0] (0.004s)
  Sub: Z₀=29.905979 [LOCAL] (0.8s), α=[0.000,0.000,0.000,0.000,0.000,0.000,0.000,0.000,0.000,0.000,0.000,0.000,0.000,0.000,0.000,0.000,4.081,0.000,0.000,0.000,1.309,0.000,0.000,0.000,0.000,0.000,0.000,0.000,0.000,0.000,0.000,0.000,0.000,0.000,0.299,0.000,0.000,0.000,0.000,0.000,0.000,0.000,0.000,0.000,0.000,0.000,0.000,0.000,0.000,0.000,0.000,0.000,0.000,0.000,0.000,0.000,0.000,0.000,0.000,0.000,0.000,0.000,0.000,0.000,0.000,0.000,0.000,0.000,0.000,0.000,0.000,0.000,4.754,0.000,0.000,0.000]
  Iter 18: LB=-1.693923  UB=25.328862  gap=1.07e+00
  Cut: intercept=-1109.359669, π_x_range=[-829.3917, 582.2392]
  Mini-Benders[1] (mw): LB=-1.670373, Z₀(α*)=16.270383, intercept=-39.517536 (7.875s) [OMP=7.570 ISP-L=0.050 ISP-F=0.128 MW-L=0.046 MW-F=0.080]
  Mini-Benders[2] (mw): LB=-1.603341, Z₀(α*)=22.648252, intercept=-60.941294 (7.046s) [OMP=6.725 ISP-L=0.052 ISP-F=0.133 MW-L=0.061 MW-F=0.073]
  Mini-Benders[3] (mw): LB=-1.577583, Z₀(α*)=14.064740, intercept=-96.252892 (7.516s) [OMP=7.240 ISP-L=0.018 ISP-F=0.131 MW-L=0.040 MW-F=0.081]
  Mini-Benders[4] (mw): LB=-1.571729, Z₀(α*)=-5.083177, intercept=-124.824200 (6.906s) [OMP=6.586 ISP-L=0.051 ISP-F=0.133 MW-L=0.051 MW-F=0.080]
  Mini-Benders[5] (mw): LB=-1.571729, Z₀(α*)=-5.083177, intercept=-124.824200 (7.391s) [OMP=7.073 ISP-L=0.051 ISP-F=0.132 MW-L=0.051 MW-F=0.080]
  α-step: Z₀=24.138414, α=[0.000,0.000,0.000,0.000,0.000,0.000,0.000,0.000,0.000,0.000,0.000,0.000,0.000,0.000,0.000,0.000,0.000,0.000,0.000,0.000,0.000,0.000,0.000,0.000,0.000,0.000,0.000,0.000,0.000,0.000,0.000,0.000,0.000,0.000,0.000,0.000,0.000,0.000,0.000,0.000,0.000,0.000,0.000,0.000,0.000,0.000,0.000,0.000,0.000,0.000,2.273,0.000,0.000,0.000,0.000,0.000,0.000,0.000,0.000,0.000,0.000,1.143,0.000,0.000,0.000,0.000,0.000,0.000,0.000,0.000,0.000,0.000,7.027,0.000,0.000,0.000]
  Alt-Benders[1] (mw): LB=-1.559318, Z₀(α*)=10.872626, intercept=-4.807830 (7.547s) [OMP=7.248 ISP-L=0.052 ISP-F=0.140 MW-L=0.043 MW-F=0.075]
  Alt-Benders[2] (mw): LB=-1.155204, Z₀(α*)=9.945853, intercept=-68.414340 (7.562s) [OMP=7.265 ISP-L=0.049 ISP-F=0.127 MW-L=0.042 MW-F=0.076]
  Alt-Benders[3] (mw): LB=-0.864073, Z₀(α*)=11.569616, intercept=-50.062329 (7.375s) [OMP=7.062 ISP-L=0.051 ISP-F=0.132 MW-L=0.050 MW-F=0.086]
  Alt-Benders[4] (mw): LB=-0.812299, Z₀(α*)=20.372026, intercept=22.423107 (7.531s) [OMP=7.240 ISP-L=0.052 ISP-F=0.130 MW-L=0.038 MW-F=0.072]
  Alt-Benders[5] (mw): LB=-0.285241, Z₀(α*)=3.214545, intercept=-51.369419 (8.125s) [OMP=7.861 ISP-L=0.012 ISP-F=0.130 MW-L=0.038 MW-F=0.073]
  OMP re-solve: 7.353s

=== True-DRO Benders iter 19 ===
  OMP: t₀=-0.165064, UB=25.328862, gap=1.01e+00, x=[0, 0, 0, 0, 0, 0, 0, 1, 0, 0, 0, 0, 0, 0, 0, 0, 0, 0, 0, 0, 0, 0, 0, 0, 0, 0, 0, 0, 0, 1, 0, 0, 0, 0, 0, 0, 0, 0, 0, 0, 0, 0, 0, 0, 0, 0, 0, 0, 0, 0, 0, 0, 0, 0, 0, 0, 0, 0, 0, 0, 0, 0, 0, 0, 0, 0, 0, 0, 0, 0, 0, 0, 0, 0, 0, 0] (0.004s)
  Sub: Z₀=29.917278 [LOCAL] (0.8s), α=[0.000,0.000,0.000,0.000,0.000,0.000,0.000,0.000,0.000,0.000,0.000,0.000,0.000,0.000,0.000,0.000,1.104,0.000,0.000,0.000,0.265,0.000,0.000,0.000,0.000,0.000,0.000,0.775,0.000,0.000,0.000,0.000,0.000,0.000,2.607,0.000,0.000,0.000,0.000,0.000,0.000,0.000,0.000,0.000,0.000,0.000,0.000,0.000,0.000,0.000,0.459,0.000,0.000,0.000,0.000,0.000,0.000,0.000,0.000,0.000,0.000,0.000,0.000,0.000,0.000,0.000,0.000,0.000,0.000,0.000,0.000,0.018,5.214,0.000,0.000,0.000]
  Iter 19: LB=-0.165064  UB=25.328862  gap=1.01e+00
  Cut: intercept=-1112.353360, π_x_range=[-827.3169, 579.7525]
  Mini-Benders[1] (mw): LB=-0.165064, Z₀(α*)=29.916554, intercept=15.296088 (7.953s) [OMP=7.632 ISP-L=0.051 ISP-F=0.130 MW-L=0.046 MW-F=0.093]
  Mini-Benders[2] (mw): LB=-0.063442, Z₀(α*)=21.602244, intercept=-29.624658 (8.515s) [OMP=8.209 ISP-L=0.049 ISP-F=0.129 MW-L=0.051 MW-F=0.074]
  Mini-Benders[3] (mw): LB=-0.009642, Z₀(α*)=23.407187, intercept=-49.646438 (8.063s) [OMP=7.756 ISP-L=0.052 ISP-F=0.132 MW-L=0.043 MW-F=0.076]
  Mini-Benders[4] (mw): LB=0.051808, Z₀(α*)=12.018522, intercept=-36.228939 (8.031s) [OMP=7.725 ISP-L=0.052 ISP-F=0.132 MW-L=0.052 MW-F=0.069]
  Mini-Benders[5] (mw): LB=0.299778, Z₀(α*)=23.436377, intercept=-26.426483 (7.922s) [OMP=7.598 ISP-L=0.052 ISP-F=0.126 MW-L=0.057 MW-F=0.077]
  α-step: Z₀=27.048946, α=[0.000,2.479,0.000,0.000,0.000,0.000,0.000,0.000,0.000,0.000,0.000,0.000,0.000,0.000,0.000,0.000,0.000,0.000,0.000,0.000,0.000,0.000,0.000,0.000,0.000,0.000,0.000,1.305,0.000,0.000,0.000,0.000,0.000,0.000,2.577,0.000,0.000,0.000,0.000,0.000,0.000,0.000,0.000,0.000,0.000,0.000,0.000,0.000,0.000,0.000,0.100,0.000,0.000,0.135,0.000,0.000,0.000,0.000,0.000,0.000,0.000,0.000,0.000,0.000,0.000,0.000,0.000,0.000,0.000,0.000,0.000,0.000,3.847,0.000,0.000,0.000]
  Alt-Benders[1] (mw): LB=0.569499, Z₀(α*)=16.811985, intercept=-18.989248 (8.078s) [OMP=7.778 ISP-L=0.053 ISP-F=0.131 MW-L=0.044 MW-F=0.071]
  Alt-Benders[2] (mw): LB=0.582009, Z₀(α*)=15.461414, intercept=-30.672208 (7.625s) [OMP=7.323 ISP-L=0.049 ISP-F=0.132 MW-L=0.044 MW-F=0.073]
  Alt-Benders[3] (mw): LB=0.686863, Z₀(α*)=2.382630, intercept=-51.529961 (8.062s) [OMP=7.746 ISP-L=0.052 ISP-F=0.134 MW-L=0.057 MW-F=0.072]
  Alt-Benders[4] (mw): LB=0.713188, Z₀(α*)=4.712053, intercept=-10.347926 (8.141s) [OMP=7.838 ISP-L=0.052 ISP-F=0.130 MW-L=0.051 MW-F=0.072]
  Alt-Benders[5] (mw): LB=0.773053, Z₀(α*)=17.219456, intercept=-2.636749 (7.844s) [OMP=7.536 ISP-L=0.051 ISP-F=0.133 MW-L=0.051 MW-F=0.071]
  OMP re-solve: 7.566s

=== True-DRO Benders iter 20 ===
  OMP: t₀=0.802889, UB=25.328862, gap=9.68e-01, x=[0, 0, 0, 0, 0, 0, 1, 0, 0, 0, 0, 0, 0, 0, 0, 1, 0, 0, 0, 0, 0, 0, 0, 0, 0, 0, 0, 0, 0, 0, 0, 0, 0, 0, 0, 0, 0, 0, 0, 0, 0, 0, 0, 0, 0, 0, 0, 0, 0, 0, 0, 0, 0, 0, 0, 0, 0, 0, 0, 0, 0, 0, 0, 0, 0, 0, 0, 0, 0, 0, 0, 0, 0, 0, 0, 0] (0.004s)
  Sub: Z₀=31.932258 (4.2s), α=[0.000,0.000,0.000,0.000,0.000,0.000,0.000,0.000,0.000,0.000,0.000,0.000,0.000,0.000,0.000,0.000,1.336,0.000,0.000,0.000,0.000,0.000,0.000,0.000,0.000,0.000,0.000,0.000,0.000,0.000,0.000,0.000,0.000,0.000,0.000,0.000,0.000,0.000,0.000,0.000,0.000,0.000,0.000,0.000,0.000,0.000,0.000,0.000,0.000,0.000,2.634,0.000,0.000,0.000,0.000,0.000,0.000,0.000,0.000,0.000,0.000,0.000,0.000,0.000,0.000,0.000,0.000,0.000,0.000,0.000,0.000,0.000,6.472,0.000,0.000,0.000]
  Iter 20: LB=0.802889  UB=25.328862  gap=9.68e-01
  Cut: intercept=-50.407478, π_x_range=[-258.0000, 43.1403]
  Sherali-Cut: intercept=11.838052, π_x_range=[-110.7922, 20.0940]
  Mini-Benders[1] (mw): LB=1.386456, Z₀(α*)=13.165334, intercept=-125.323939 (7.843s) [OMP=7.541 ISP-L=0.052 ISP-F=0.128 MW-L=0.042 MW-F=0.075]
  Mini-Benders[2] (mw): LB=1.525845, Z₀(α*)=14.483553, intercept=-72.840682 (8.094s) [OMP=7.777 ISP-L=0.051 ISP-F=0.128 MW-L=0.044 MW-F=0.094]
  Mini-Benders[3] (mw): LB=1.734559, Z₀(α*)=15.524532, intercept=-24.835448 (7.797s) [OMP=7.492 ISP-L=0.052 ISP-F=0.137 MW-L=0.041 MW-F=0.077]
  Mini-Benders[4] (mw): LB=1.782200, Z₀(α*)=23.952098, intercept=-18.082533 (7.609s) [OMP=7.299 ISP-L=0.052 ISP-F=0.127 MW-L=0.046 MW-F=0.074]
  Mini-Benders[5] (mw): LB=1.912742, Z₀(α*)=13.388534, intercept=-3.680731 (8.391s) [OMP=8.090 ISP-L=0.052 ISP-F=0.131 MW-L=0.042 MW-F=0.078]
  α-step: Z₀=24.190554, α=[0.000,0.000,0.000,0.000,0.000,0.000,0.000,0.000,0.000,0.000,0.000,0.000,0.000,3.082,0.000,0.000,3.795,0.000,0.000,0.000,0.000,0.000,0.000,0.000,0.000,0.000,0.000,0.000,0.000,0.000,0.000,0.000,0.000,0.000,0.000,0.000,0.000,0.000,0.000,0.000,0.000,0.000,0.000,0.000,0.000,0.000,0.000,0.000,0.000,0.000,0.000,0.000,0.000,0.000,0.000,0.000,0.000,0.000,0.000,0.000,0.000,0.000,0.000,0.000,0.000,0.000,0.000,0.000,0.000,0.000,0.000,0.000,3.566,0.000,0.000,0.000]
  Alt-Benders[1] (mw): LB=2.197770, Z₀(α*)=-16.077718, intercept=-6.810399 (8.219s) [OMP=7.908 ISP-L=0.053 ISP-F=0.129 MW-L=0.044 MW-F=0.080]
  Alt-Benders[2] (mw): LB=2.197770, Z₀(α*)=-16.077718, intercept=-6.810399 (8.000s) [OMP=7.691 ISP-L=0.053 ISP-F=0.129 MW-L=0.044 MW-F=0.079]
  Alt-Benders[3] (mw): LB=2.197770, Z₀(α*)=-16.077718, intercept=-6.810399 (7.921s) [OMP=7.614 ISP-L=0.053 ISP-F=0.129 MW-L=0.044 MW-F=0.080]
  Alt-Benders[4]: LB stagnated, break
  OMP re-solve: 0.004s

=== True-DRO Benders iter 21 ===
  OMP: t₀=2.197770, UB=25.328862, gap=9.13e-01, x=[0, 0, 0, 0, 0, 0, 0, 1, 0, 0, 0, 0, 0, 0, 0, 0, 0, 0, 0, 0, 0, 0, 0, 0, 0, 0, 0, 0, 0, 0, 0, 0, 0, 0, 0, 0, 0, 0, 0, 0, 0, 0, 0, 0, 0, 0, 0, 0, 0, 0, 0, 0, 0, 0, 0, 0, 0, 0, 0, 0, 0, 0, 0, 0, 0, 0, 0, 0, 0, 0, 0, 0, 1, 0, 0, 0] (0.004s)
  Sub: Z₀=25.999484 [LOCAL] (1.1s), α=[0.000,0.000,0.000,0.000,0.000,0.000,0.000,0.000,0.000,0.000,0.000,0.000,0.000,0.000,0.000,0.000,0.000,0.000,0.000,0.000,0.000,0.000,0.000,0.000,0.000,0.000,0.000,0.000,0.000,0.000,0.000,0.000,0.000,0.000,1.282,0.000,0.000,0.000,0.000,0.000,0.000,0.000,0.000,0.000,0.000,0.000,0.000,0.000,0.000,0.000,0.000,0.000,0.000,0.000,0.000,0.000,0.000,0.000,0.000,0.000,0.000,0.000,0.000,0.000,0.000,0.000,0.000,0.000,0.000,0.000,0.000,0.000,9.161,0.000,0.000,0.000]
  Iter 21: LB=2.197770  UB=25.328862  gap=9.13e-01
  Cut: intercept=-1130.497404, π_x_range=[-829.5621, 581.9313]
  Mini-Benders[1] (mw): LB=2.272053, Z₀(α*)=26.679101, intercept=-35.145950 (7.687s) [OMP=7.376 ISP-L=0.052 ISP-F=0.131 MW-L=0.043 MW-F=0.078]
  Mini-Benders[2] (mw): LB=2.382628, Z₀(α*)=25.735046, intercept=-19.706715 (7.594s) [OMP=7.286 ISP-L=0.052 ISP-F=0.129 MW-L=0.044 MW-F=0.079]
  Mini-Benders[3] (mw): LB=2.708465, Z₀(α*)=27.266582, intercept=18.272889 (8.125s) [OMP=7.818 ISP-L=0.052 ISP-F=0.131 MW-L=0.039 MW-F=0.075]
  Mini-Benders[4] (mw): LB=2.721007, Z₀(α*)=25.735046, intercept=-44.755434 (8.188s) [OMP=7.902 ISP-L=0.013 ISP-F=0.129 MW-L=0.059 MW-F=0.078]
  Mini-Benders[5] (mw): LB=2.745175, Z₀(α*)=27.961733, intercept=-37.729201 (8.343s) [OMP=8.030 ISP-L=0.050 ISP-F=0.128 MW-L=0.048 MW-F=0.093]
  α-step: Z₀=26.511735, α=[0.000,0.000,0.000,0.000,0.000,0.000,0.000,0.000,0.000,0.000,0.000,0.000,0.000,0.197,0.000,0.000,0.000,0.000,0.000,0.000,0.000,0.000,0.000,0.000,0.000,0.000,0.000,0.000,0.000,0.000,0.000,0.000,0.000,0.000,7.066,0.000,0.000,0.000,0.000,0.000,0.000,0.000,0.000,0.000,0.000,0.000,0.000,0.000,0.000,0.000,0.000,1.840,0.000,0.000,0.000,0.000,0.000,0.000,0.000,0.000,0.000,0.000,0.000,0.000,0.000,0.000,0.000,0.000,0.000,0.000,0.000,1.340,0.000,0.000,0.000,0.000]
  Alt-Benders[1] (mw): LB=3.366387, Z₀(α*)=26.142023, intercept=-16.834073 (7.937s) [OMP=7.624 ISP-L=0.052 ISP-F=0.138 MW-L=0.043 MW-F=0.078]
  Alt-Benders[2] (mw): LB=3.369701, Z₀(α*)=16.527136, intercept=-2.640764 (7.735s) [OMP=7.420 ISP-L=0.051 ISP-F=0.132 MW-L=0.056 MW-F=0.072]
  Alt-Benders[3] (mw): LB=3.381391, Z₀(α*)=3.775932, intercept=-92.503373 (7.578s) [OMP=7.280 ISP-L=0.050 ISP-F=0.132 MW-L=0.045 MW-F=0.074]
  Alt-Benders[4] (mw): LB=3.428566, Z₀(α*)=15.571626, intercept=7.495157 (7.703s) [OMP=7.399 ISP-L=0.052 ISP-F=0.130 MW-L=0.045 MW-F=0.074]
  Alt-Benders[5] (mw): LB=3.441967, Z₀(α*)=-1.828113, intercept=-79.031339 (9.188s) [OMP=8.868 ISP-L=0.050 ISP-F=0.128 MW-L=0.050 MW-F=0.095]
  OMP re-solve: 7.986s

=== True-DRO Benders iter 22 ===
  OMP: t₀=3.441967, UB=25.328862, gap=8.64e-01, x=[0, 0, 0, 0, 0, 0, 0, 0, 0, 0, 0, 0, 0, 1, 0, 0, 0, 0, 0, 0, 0, 0, 0, 0, 0, 0, 0, 0, 0, 0, 0, 0, 0, 0, 0, 0, 0, 0, 0, 0, 0, 0, 1, 0, 0, 0, 0, 0, 0, 0, 0, 0, 0, 0, 0, 0, 0, 0, 0, 0, 0, 0, 0, 0, 0, 0, 0, 0, 0, 0, 0, 0, 0, 0, 0, 0] (0.004s)
  Sub: Z₀=24.932311 [LOCAL] (1.0s), α=[0.000,0.000,0.000,0.000,0.000,0.000,0.000,0.000,0.000,0.000,0.000,0.000,0.000,4.013,0.000,0.000,0.000,0.000,0.000,0.000,0.000,0.000,0.000,0.000,0.000,0.000,0.000,0.000,0.000,0.000,0.000,0.000,0.000,0.000,1.899,0.000,0.000,0.000,0.000,0.000,0.000,0.000,2.086,0.000,0.000,0.000,0.000,0.000,0.000,0.000,0.000,0.000,0.000,0.000,0.000,0.000,0.000,0.000,0.000,0.000,0.000,0.000,0.000,0.000,0.000,0.000,0.000,0.000,0.000,0.000,0.000,0.000,2.446,0.000,0.000,0.000]
  Iter 22: LB=3.441967  UB=25.328862  gap=8.64e-01
  Cut: intercept=-1101.090961, π_x_range=[-826.1680, 587.5570]
  Mini-Benders[1] (mw): LB=3.620680, Z₀(α*)=-6.142421, intercept=-71.520856 (7.734s) [OMP=7.469 ISP-L=0.014 ISP-F=0.132 MW-L=0.041 MW-F=0.081]
  Mini-Benders[2] (mw): LB=3.620680, Z₀(α*)=-6.142421, intercept=-71.520855 (8.360s) [OMP=8.058 ISP-L=0.052 ISP-F=0.131 MW-L=0.044 MW-F=0.081]
  Mini-Benders[3] (mw): LB=3.620680, Z₀(α*)=-6.142421, intercept=-71.520855 (8.531s) [OMP=8.205 ISP-L=0.052 ISP-F=0.131 MW-L=0.044 MW-F=0.097]
  Mini-Benders[4]: LB stagnated, break
  α-step: Z₀=32.745721, α=[0.000,0.000,0.000,0.000,0.000,0.000,0.000,0.000,0.000,0.000,0.000,0.000,0.000,0.000,0.000,0.000,0.000,0.000,0.000,0.000,0.000,0.000,0.000,0.000,0.000,0.000,0.000,0.000,0.000,0.000,0.000,0.000,0.000,0.000,0.000,0.000,0.000,0.000,0.000,0.000,0.000,0.000,0.000,0.000,0.000,0.000,0.000,0.000,0.000,0.000,2.532,0.000,0.000,0.000,0.000,0.000,0.000,0.000,0.000,0.000,0.000,0.000,0.626,0.000,0.000,0.000,0.000,0.000,0.000,0.000,0.000,0.000,7.286,0.000,0.000,0.000]
  Alt-Benders[1] (mw): LB=3.775930, Z₀(α*)=19.034288, intercept=-91.202578 (8.625s) [OMP=8.326 ISP-L=0.050 ISP-F=0.128 MW-L=0.050 MW-F=0.079]
  Alt-Benders[2] (mw): LB=3.862509, Z₀(α*)=27.435320, intercept=-27.494264 (8.562s) [OMP=8.252 ISP-L=0.052 ISP-F=0.130 MW-L=0.040 MW-F=0.076]
  Alt-Benders[3] (mw): LB=4.205134, Z₀(α*)=12.876929, intercept=-59.714007 (8.672s) [OMP=8.355 ISP-L=0.050 ISP-F=0.128 MW-L=0.053 MW-F=0.085]
  Alt-Benders[4] (mw): LB=4.252174, Z₀(α*)=7.973458, intercept=-73.744794 (8.469s) [OMP=8.165 ISP-L=0.052 ISP-F=0.126 MW-L=0.049 MW-F=0.071]
  Alt-Benders[5] (mw): LB=4.262902, Z₀(α*)=20.116444, intercept=-20.507492 (8.172s) [OMP=7.871 ISP-L=0.050 ISP-F=0.129 MW-L=0.048 MW-F=0.076]
  OMP re-solve: 7.616s

=== True-DRO Benders iter 23 ===
  OMP: t₀=4.266508, UB=25.328862, gap=8.32e-01, x=[0, 0, 0, 0, 0, 0, 0, 0, 0, 0, 1, 0, 0, 0, 0, 0, 0, 0, 0, 0, 0, 0, 0, 0, 0, 0, 0, 0, 0, 0, 0, 0, 0, 0, 0, 0, 0, 0, 0, 0, 0, 0, 1, 0, 0, 0, 0, 0, 0, 0, 0, 0, 0, 0, 0, 0, 0, 0, 0, 0, 0, 0, 0, 0, 0, 0, 0, 0, 0, 0, 0, 0, 0, 0, 0, 0] (0.004s)
  Sub: Z₀=27.414521 [LOCAL] (1.8s), α=[0.000,0.000,0.000,0.000,0.000,0.000,0.000,0.000,0.000,0.000,2.522,0.000,0.000,0.000,0.000,0.000,0.184,0.000,0.000,0.000,0.000,0.000,0.000,0.000,0.000,0.000,0.000,0.000,0.000,0.000,0.000,0.000,0.000,0.000,0.476,0.000,0.000,0.000,0.000,0.000,0.000,0.000,4.003,0.000,0.000,0.000,0.000,0.000,0.000,0.000,0.000,0.000,0.000,0.000,0.000,0.000,0.000,0.000,0.000,0.000,0.000,0.000,0.000,0.000,0.000,0.000,0.000,0.000,0.000,0.000,0.000,0.000,3.257,0.000,0.000,0.000]
  Iter 23: LB=4.266508  UB=25.328862  gap=8.32e-01
  Cut: intercept=-1088.846114, π_x_range=[-825.7199, 579.9230]
  Mini-Benders[1] (mw): LB=4.433864, Z₀(α*)=-8.371744, intercept=-44.551459 (8.437s) [OMP=8.134 ISP-L=0.052 ISP-F=0.129 MW-L=0.056 MW-F=0.068]
  Mini-Benders[2] (mw): LB=4.433864, Z₀(α*)=-8.371744, intercept=-44.551459 (8.031s) [OMP=7.738 ISP-L=0.052 ISP-F=0.129 MW-L=0.041 MW-F=0.068]
  Mini-Benders[3] (mw): LB=4.433864, Z₀(α*)=-8.371744, intercept=-44.551459 (8.047s) [OMP=7.754 ISP-L=0.052 ISP-F=0.129 MW-L=0.041 MW-F=0.068]
  Mini-Benders[4]: LB stagnated, break
  α-step: Z₀=18.169583, α=[0.000,0.000,0.000,0.000,0.000,0.000,0.000,0.000,0.000,0.000,0.000,0.000,0.000,0.000,0.000,0.000,1.446,0.000,0.000,0.000,0.000,0.000,0.000,0.000,0.000,0.000,0.000,0.000,0.000,0.000,0.000,0.000,0.000,0.000,6.551,0.000,0.000,0.000,0.000,0.000,0.000,0.000,0.000,0.000,0.000,0.000,0.000,0.000,0.000,0.000,0.000,0.000,0.000,0.000,0.000,0.000,0.000,0.000,0.000,0.000,0.000,0.000,0.000,0.000,0.000,0.000,0.000,0.000,0.000,0.000,0.000,0.000,2.446,0.000,0.000,0.000]
  Alt-Benders[1] (mw): LB=4.457209, Z₀(α*)=26.124796, intercept=-36.715261 (8.360s) [OMP=8.028 ISP-L=0.050 ISP-F=0.138 MW-L=0.060 MW-F=0.081]
  Alt-Benders[2] (mw): LB=4.487320, Z₀(α*)=23.362047, intercept=-25.125758 (8.015s) [OMP=7.715 ISP-L=0.052 ISP-F=0.130 MW-L=0.041 MW-F=0.074]
  Alt-Benders[3] (mw): LB=4.712051, Z₀(α*)=9.422192, intercept=-10.207139 (7.656s) [OMP=7.357 ISP-L=0.051 ISP-F=0.130 MW-L=0.050 MW-F=0.076]
  Alt-Benders[4] (mw): LB=4.921861, Z₀(α*)=18.990720, intercept=-35.527686 (8.125s) [OMP=7.816 ISP-L=0.052 ISP-F=0.128 MW-L=0.043 MW-F=0.077]
  Alt-Benders[5] (mw): LB=4.981316, Z₀(α*)=17.999756, intercept=-50.209950 (8.016s) [OMP=7.697 ISP-L=0.052 ISP-F=0.127 MW-L=0.064 MW-F=0.072]
  OMP re-solve: 7.714s

=== True-DRO Benders iter 24 ===
  OMP: t₀=5.098655, UB=25.328862, gap=7.99e-01, x=[0, 0, 0, 0, 0, 0, 0, 0, 0, 0, 1, 0, 0, 1, 0, 0, 0, 0, 0, 0, 0, 0, 0, 0, 0, 0, 0, 0, 0, 0, 0, 0, 0, 0, 0, 0, 0, 0, 0, 0, 0, 0, 0, 0, 0, 0, 0, 0, 0, 0, 0, 0, 0, 0, 0, 0, 0, 0, 0, 0, 0, 0, 0, 0, 0, 0, 0, 0, 0, 0, 0, 0, 0, 0, 0, 0] (0.004s)
  Sub: Z₀=28.993118 [LOCAL] (0.9s), α=[0.000,0.000,0.000,0.000,0.000,0.000,0.000,0.000,0.000,0.000,0.000,0.000,0.000,0.000,0.000,0.000,3.130,0.000,0.000,0.000,0.352,0.000,0.000,0.000,0.000,0.000,0.000,0.000,0.000,0.000,0.000,0.000,0.000,0.000,3.223,0.000,0.000,0.000,0.000,0.000,0.000,0.000,0.000,0.000,0.000,0.000,0.000,0.000,0.000,0.000,0.000,0.000,0.000,0.000,0.000,0.000,0.000,0.000,0.000,0.000,0.000,0.000,0.000,0.000,0.000,0.000,0.000,0.000,0.000,0.000,0.000,0.000,3.738,0.000,0.000,0.000]
  Iter 24: LB=5.098655  UB=25.328862  gap=7.99e-01
  Cut: intercept=-1132.713048, π_x_range=[-830.5149, 584.2759]
  Mini-Benders[1] (mw): LB=5.250593, Z₀(α*)=29.197878, intercept=20.050450 (8.000s) [OMP=7.669 ISP-L=0.052 ISP-F=0.133 MW-L=0.047 MW-F=0.098]
  Mini-Benders[2] (mw): LB=5.275838, Z₀(α*)=7.739732, intercept=-29.088556 (7.969s) [OMP=7.651 ISP-L=0.051 ISP-F=0.132 MW-L=0.044 MW-F=0.087]
  Mini-Benders[3] (mw): LB=5.726945, Z₀(α*)=8.248787, intercept=-99.868645 (8.218s) [OMP=7.901 ISP-L=0.049 ISP-F=0.131 MW-L=0.045 MW-F=0.088]
  Mini-Benders[4] (mw): LB=5.776243, Z₀(α*)=-1.479566, intercept=-75.740018 (8.766s) [OMP=8.465 ISP-L=0.052 ISP-F=0.126 MW-L=0.041 MW-F=0.075]
  Mini-Benders[5] (mw): LB=5.776243, Z₀(α*)=-1.479566, intercept=-75.740018 (10.156s) [OMP=9.872 ISP-L=0.053 ISP-F=0.127 MW-L=0.041 MW-F=0.075]
  α-step: Z₀=20.656889, α=[0.000,0.000,0.000,0.000,0.000,0.000,0.000,0.000,0.000,0.000,0.000,0.000,0.000,0.000,0.000,0.000,0.000,0.000,0.000,0.000,0.000,0.000,0.000,0.000,0.000,0.000,0.000,0.000,0.000,0.000,0.000,0.000,0.000,0.000,5.948,0.000,0.000,0.000,0.000,0.000,0.000,0.000,0.000,0.000,0.000,0.000,0.000,0.000,0.000,0.000,0.000,0.000,0.000,0.000,0.000,0.000,0.000,0.000,0.000,0.000,0.000,0.000,0.000,0.000,0.000,0.000,0.000,0.000,0.000,0.000,0.000,0.000,4.495,0.000,0.000,0.000]
  Alt-Benders[1] (mw): LB=5.792555, Z₀(α*)=-3.564034, intercept=-58.145797 (8.468s) [OMP=8.157 ISP-L=0.052 ISP-F=0.126 MW-L=0.042 MW-F=0.076]
  Alt-Benders[2] (mw): LB=5.792555, Z₀(α*)=-3.564034, intercept=-58.145797 (8.532s) [OMP=8.233 ISP-L=0.051 ISP-F=0.126 MW-L=0.042 MW-F=0.076]
  Alt-Benders[3] (mw): LB=5.792555, Z₀(α*)=-3.564034, intercept=-58.145797 (8.640s) [OMP=8.342 ISP-L=0.052 ISP-F=0.126 MW-L=0.042 MW-F=0.076]
  Alt-Benders[4]: LB stagnated, break
  OMP re-solve: 0.004s

=== True-DRO Benders iter 25 ===
  OMP: t₀=5.792555, UB=25.328862, gap=7.71e-01, x=[0, 0, 0, 0, 0, 0, 0, 0, 0, 0, 0, 0, 0, 0, 0, 0, 1, 0, 0, 0, 0, 0, 0, 0, 0, 0, 0, 0, 0, 0, 0, 0, 0, 0, 0, 0, 0, 0, 0, 0, 0, 0, 0, 0, 0, 0, 0, 0, 0, 0, 0, 0, 0, 0, 0, 0, 0, 0, 0, 0, 0, 0, 0, 0, 0, 0, 0, 0, 0, 0, 0, 1, 0, 0, 0, 0] (0.004s)
  Sub: Z₀=22.165171 [TIME_LIMIT] (16.1s), α=[0.000,0.000,0.000,0.000,0.000,0.000,0.000,0.000,0.000,0.000,0.000,0.000,0.000,0.000,0.000,0.000,0.000,0.000,0.000,0.000,0.000,0.000,0.000,0.000,0.000,0.000,0.000,0.000,0.000,0.000,0.000,0.000,0.000,0.000,0.000,0.000,0.000,0.000,0.000,0.000,0.000,0.000,0.000,0.000,0.000,0.000,0.000,0.000,0.000,0.000,0.000,0.000,0.000,0.000,0.000,0.000,0.000,0.000,0.000,0.000,0.000,0.000,0.000,0.000,0.000,0.000,0.000,0.000,0.000,0.000,0.000,7.186,3.257,0.000,0.000,0.000]
  Iter 25: LB=5.792555  UB=25.328862  gap=7.71e-01
  Cut: intercept=-112.225209, π_x_range=[-271.0000, 99.8054]
  Mini-Benders[1] (mw): LB=5.889170, Z₀(α*)=-7.633917, intercept=-34.388992 (8.969s) [OMP=8.666 ISP-L=0.050 ISP-F=0.130 MW-L=0.048 MW-F=0.071]
  Mini-Benders[2] (mw): LB=5.889170, Z₀(α*)=-7.633917, intercept=-34.388992 (8.171s) [OMP=7.870 ISP-L=0.050 ISP-F=0.130 MW-L=0.048 MW-F=0.071]
  Mini-Benders[3] (mw): LB=5.889170, Z₀(α*)=-7.633917, intercept=-34.388992 (8.110s) [OMP=7.808 ISP-L=0.049 ISP-F=0.130 MW-L=0.048 MW-F=0.071]
  Mini-Benders[4]: LB stagnated, break
  α-step: Z₀=30.306939, α=[0.000,0.000,0.000,0.000,0.000,0.000,0.000,0.000,0.000,0.000,3.082,0.000,0.000,0.000,0.000,0.000,0.000,0.000,0.000,0.000,0.000,0.000,0.000,0.000,0.000,0.000,0.000,0.000,0.000,0.000,0.000,0.000,0.000,0.000,4.910,0.000,0.000,0.000,0.000,0.000,0.000,0.000,0.000,0.000,0.000,0.000,0.000,0.000,0.000,0.006,0.000,0.000,0.000,0.000,0.000,0.000,0.000,0.000,0.000,0.000,0.000,0.000,0.000,0.000,0.000,0.000,0.000,0.000,0.000,0.000,0.000,0.000,2.446,0.000,0.000,0.000]
  Alt-Benders[1] (mw): LB=5.898013, Z₀(α*)=6.282806, intercept=-27.021996 (8.953s) [OMP=8.650 ISP-L=0.052 ISP-F=0.128 MW-L=0.043 MW-F=0.074]
  Alt-Benders[2] (mw): LB=6.006882, Z₀(α*)=13.344117, intercept=-67.087214 (8.453s) [OMP=8.153 ISP-L=0.052 ISP-F=0.128 MW-L=0.045 MW-F=0.077]
  Alt-Benders[3] (mw): LB=6.026208, Z₀(α*)=18.931039, intercept=-18.865554 (8.656s) [OMP=8.351 ISP-L=0.052 ISP-F=0.132 MW-L=0.043 MW-F=0.073]
  Alt-Benders[4] (mw): LB=6.058008, Z₀(α*)=30.306939, intercept=-26.280727 (9.406s) [OMP=9.056 ISP-L=0.050 ISP-F=0.129 MW-L=0.058 MW-F=0.108]
  Alt-Benders[5] (mw): LB=6.144135, Z₀(α*)=20.399761, intercept=-77.965234 (8.594s) [OMP=8.292 ISP-L=0.051 ISP-F=0.130 MW-L=0.044 MW-F=0.072]
  OMP re-solve: 8.451s

=== True-DRO Benders iter 26 ===
  OMP: t₀=6.282804, UB=25.328862, gap=7.52e-01, x=[0, 0, 0, 0, 0, 0, 0, 0, 0, 0, 0, 0, 0, 0, 0, 0, 0, 0, 0, 0, 0, 0, 0, 0, 0, 0, 0, 0, 0, 0, 0, 0, 0, 0, 0, 0, 0, 0, 0, 0, 0, 0, 0, 0, 0, 1, 0, 0, 0, 0, 0, 0, 0, 0, 0, 0, 0, 0, 0, 0, 0, 0, 0, 0, 0, 0, 0, 0, 0, 0, 0, 0, 1, 0, 0, 0] (0.004s)
  Sub: Z₀=25.481754 [LOCAL] (0.9s), α=[0.000,0.000,0.000,0.000,0.000,0.000,0.000,0.000,0.000,0.000,0.000,0.000,0.000,0.000,0.000,0.000,0.000,0.000,0.000,0.000,0.000,0.000,0.000,0.000,0.000,0.000,0.000,0.000,0.000,0.000,0.000,0.000,0.000,0.000,0.708,0.000,0.000,0.000,0.000,0.000,0.000,0.000,0.000,0.000,0.000,0.000,0.000,0.000,0.000,0.000,0.000,0.000,0.000,0.000,0.000,0.000,0.000,0.000,0.000,0.000,0.000,0.000,0.000,0.000,0.000,0.000,0.000,0.000,0.000,0.000,0.000,0.000,9.735,0.000,0.000,0.000]
  Iter 26: LB=6.282804  UB=25.328862  gap=7.52e-01
  Cut: intercept=-1095.390334, π_x_range=[-826.2018, 579.2145]
  Mini-Benders[1] (mw): LB=6.305683, Z₀(α*)=27.329947, intercept=-8.045818 (8.047s) [OMP=7.720 ISP-L=0.051 ISP-F=0.131 MW-L=0.049 MW-F=0.091]
  Mini-Benders[2] (mw): LB=6.321421, Z₀(α*)=25.376852, intercept=-57.440075 (8.343s) [OMP=8.034 ISP-L=0.049 ISP-F=0.131 MW-L=0.053 MW-F=0.073]
  Mini-Benders[3] (mw): LB=6.438354, Z₀(α*)=8.984582, intercept=-68.326440 (8.407s) [OMP=8.098 ISP-L=0.050 ISP-F=0.127 MW-L=0.043 MW-F=0.076]
  Mini-Benders[4] (mw): LB=6.474855, Z₀(α*)=23.741343, intercept=-4.082487 (11.015s) [OMP=10.720 ISP-L=0.053 ISP-F=0.132 MW-L=0.044 MW-F=0.070]
  Mini-Benders[5] (mw): LB=6.574880, Z₀(α*)=25.037082, intercept=-41.873343 (10.828s) [OMP=10.498 ISP-L=0.052 ISP-F=0.138 MW-L=0.047 MW-F=0.092]
  α-step: Z₀=25.681022, α=[0.000,0.000,0.000,0.000,0.000,0.000,0.000,0.000,0.000,0.000,0.000,0.000,0.000,0.000,0.000,0.000,0.000,0.000,0.000,0.000,0.000,0.000,0.000,0.000,0.000,0.000,0.000,0.000,0.000,0.000,0.000,0.000,0.000,0.000,2.589,0.000,0.000,0.000,0.000,0.000,0.000,0.000,0.000,0.000,0.000,0.000,0.000,0.000,0.000,0.000,0.000,0.000,0.000,0.000,0.000,0.000,0.000,0.000,0.000,0.000,0.000,0.000,0.593,0.000,0.000,0.000,0.000,0.000,0.000,0.000,0.000,0.000,7.261,0.000,0.000,0.000]
  Alt-Benders[1] (mw): LB=6.757950, Z₀(α*)=12.711032, intercept=-21.892831 (8.375s) [OMP=8.074 ISP-L=0.052 ISP-F=0.137 MW-L=0.043 MW-F=0.078]
  Alt-Benders[2] (mw): LB=7.242437, Z₀(α*)=22.908729, intercept=-28.594544 (8.531s) [OMP=8.219 ISP-L=0.052 ISP-F=0.130 MW-L=0.046 MW-F=0.072]
  Alt-Benders[3] (mw): LB=7.379087, Z₀(α*)=21.577388, intercept=-2.091022 (8.188s) [OMP=7.869 ISP-L=0.052 ISP-F=0.130 MW-L=0.047 MW-F=0.086]
  Alt-Benders[4] (mw): LB=7.383771, Z₀(α*)=26.928922, intercept=-14.012872 (8.859s) [OMP=8.541 ISP-L=0.052 ISP-F=0.130 MW-L=0.053 MW-F=0.075]
  Alt-Benders[5] (mw): LB=7.582380, Z₀(α*)=15.984243, intercept=-87.852798 (8.594s) [OMP=8.296 ISP-L=0.051 ISP-F=0.129 MW-L=0.044 MW-F=0.075]
  OMP re-solve: 7.948s

=== True-DRO Benders iter 27 ===
  OMP: t₀=7.582380, UB=25.328862, gap=7.01e-01, x=[0, 0, 0, 0, 0, 0, 0, 0, 0, 0, 0, 0, 0, 0, 0, 0, 0, 0, 0, 0, 0, 0, 0, 1, 0, 0, 0, 0, 0, 0, 0, 0, 0, 0, 0, 0, 0, 0, 0, 0, 0, 0, 0, 0, 0, 0, 0, 0, 0, 0, 0, 0, 0, 0, 0, 0, 0, 0, 0, 0, 0, 0, 0, 0, 0, 0, 0, 0, 0, 0, 0, 1, 0, 0, 0, 0] (0.004s)
  Sub: Z₀=21.869003 [LOCAL] (0.9s), α=[0.000,0.000,0.000,0.000,0.000,0.000,0.000,0.000,0.000,0.000,0.000,0.000,0.000,0.000,0.000,0.000,0.000,0.000,0.000,0.000,0.000,0.000,0.000,0.000,0.000,0.000,0.000,0.000,0.000,0.000,0.000,0.000,0.000,0.000,0.000,0.000,0.000,0.000,0.000,0.000,0.000,0.000,0.000,0.000,0.000,0.000,0.000,0.000,0.000,0.000,0.000,0.000,0.000,0.000,0.000,0.000,0.000,0.000,0.000,0.000,0.000,0.000,0.000,0.000,0.000,0.000,0.000,0.000,0.000,0.000,0.000,6.831,3.612,0.000,0.000,0.000]
  Iter 27: LB=7.582380  UB=25.328862  gap=7.01e-01
  Cut: intercept=-1135.381167, π_x_range=[-825.8521, 592.8085]
  Mini-Benders[1] (mw): LB=7.739730, Z₀(α*)=-3.810285, intercept=-53.641095 (8.469s) [OMP=8.156 ISP-L=0.052 ISP-F=0.127 MW-L=0.058 MW-F=0.080]
  Mini-Benders[2] (mw): LB=7.739730, Z₀(α*)=-3.810285, intercept=-53.641095 (9.203s) [OMP=8.877 ISP-L=0.055 ISP-F=0.134 MW-L=0.046 MW-F=0.085]
  Mini-Benders[3] (mw): LB=7.739730, Z₀(α*)=-3.810285, intercept=-53.641095 (9.141s) [OMP=8.832 ISP-L=0.053 ISP-F=0.127 MW-L=0.046 MW-F=0.082]
  Mini-Benders[4]: LB stagnated, break
  α-step: Z₀=23.244823, α=[0.000,0.000,0.000,0.000,0.000,0.000,0.000,0.000,0.000,0.000,0.000,0.000,0.000,0.000,0.000,0.000,0.000,0.000,0.000,0.000,0.000,0.000,0.000,0.000,0.000,0.000,0.000,0.000,0.000,0.000,0.000,0.000,0.000,0.000,0.117,0.000,0.000,0.000,0.000,0.000,0.000,0.000,0.000,0.000,0.000,0.000,0.000,0.000,0.000,0.000,2.632,0.000,0.000,1.495,0.000,0.000,0.000,0.000,0.000,0.000,0.000,0.000,0.000,0.000,0.000,0.000,0.000,0.000,0.000,0.000,0.000,1.543,4.657,0.000,0.000,0.000]
  Alt-Benders[1] (mw): LB=7.787186, Z₀(α*)=23.261278, intercept=-53.629189 (8.750s) [OMP=8.427 ISP-L=0.053 ISP-F=0.129 MW-L=0.063 MW-F=0.074]
  Alt-Benders[2] (mw): LB=7.899406, Z₀(α*)=-0.111994, intercept=-63.473483 (9.016s) [OMP=8.694 ISP-L=0.053 ISP-F=0.128 MW-L=0.054 MW-F=0.075]
  Alt-Benders[3] (mw): LB=7.899406, Z₀(α*)=-0.111994, intercept=-63.473483 (8.062s) [OMP=7.765 ISP-L=0.052 ISP-F=0.127 MW-L=0.052 MW-F=0.074]
  Alt-Benders[4] (mw): LB=7.899406, Z₀(α*)=-0.111994, intercept=-63.473483 (8.063s) [OMP=7.754 ISP-L=0.052 ISP-F=0.127 MW-L=0.052 MW-F=0.075]
  Alt-Benders[5]: LB stagnated, break
  OMP re-solve: 0.003s

=== True-DRO Benders iter 28 ===
  OMP: t₀=7.899406, UB=25.328862, gap=6.88e-01, x=[0, 0, 0, 0, 0, 0, 0, 0, 0, 0, 0, 0, 0, 0, 0, 0, 0, 0, 0, 0, 0, 0, 0, 0, 0, 0, 0, 0, 0, 0, 0, 0, 0, 0, 0, 0, 0, 0, 0, 0, 0, 0, 0, 0, 0, 0, 0, 0, 0, 0, 0, 0, 0, 0, 0, 0, 0, 0, 0, 0, 0, 0, 0, 0, 0, 0, 0, 0, 1, 0, 0, 1, 0, 0, 0, 0] (0.003s)
  Sub: Z₀=22.081679 [LOCAL] (0.9s), α=[0.000,0.000,0.000,0.000,0.000,0.000,0.000,0.000,0.000,0.000,0.000,0.000,0.000,0.000,0.000,0.000,0.000,0.000,0.000,0.000,0.000,0.000,0.000,0.000,0.000,0.000,0.000,0.000,0.000,0.000,0.000,0.000,0.000,0.000,0.000,0.000,0.000,0.000,0.000,0.000,0.000,0.000,0.000,0.000,0.000,0.000,0.000,0.000,0.000,0.000,0.000,0.000,0.000,0.000,0.000,0.000,0.000,0.000,0.000,0.000,0.000,0.000,0.000,0.000,0.000,0.000,0.000,0.000,0.000,0.000,0.000,6.831,3.612,0.000,0.000,0.000]
  Iter 28: LB=7.899406  UB=25.328862  gap=6.88e-01
  Cut: intercept=-1137.588988, π_x_range=[-825.5128, 590.8523]
  Mini-Benders[1] (mw): LB=7.940484, Z₀(α*)=18.523080, intercept=16.416705 (8.641s) [OMP=8.333 ISP-L=0.051 ISP-F=0.133 MW-L=0.051 MW-F=0.075]
  Mini-Benders[2] (mw): LB=7.973456, Z₀(α*)=-21.903744, intercept=-74.370337 (8.343s) [OMP=8.031 ISP-L=0.052 ISP-F=0.125 MW-L=0.044 MW-F=0.075]
  Mini-Benders[3] (mw): LB=7.973456, Z₀(α*)=-21.903744, intercept=-74.370337 (8.282s) [OMP=7.966 ISP-L=0.052 ISP-F=0.125 MW-L=0.044 MW-F=0.091]
  Mini-Benders[4] (mw): LB=7.973456, Z₀(α*)=-21.903744, intercept=-74.370337 (8.234s) [OMP=7.935 ISP-L=0.052 ISP-F=0.125 MW-L=0.044 MW-F=0.076]
  Mini-Benders[5]: LB stagnated, break
  α-step: Z₀=21.882190, α=[0.000,0.000,0.000,0.000,0.000,0.000,0.000,0.000,0.000,0.000,0.000,0.000,0.000,0.000,0.000,0.000,0.000,0.000,0.000,0.000,0.000,0.000,0.000,0.000,0.000,0.000,0.000,0.000,0.000,0.000,0.000,0.000,0.000,0.000,3.311,0.000,0.000,0.000,0.000,0.000,0.000,0.000,0.000,0.000,0.000,0.000,0.000,0.000,0.000,0.000,0.000,0.000,0.000,0.000,0.000,0.000,0.000,0.000,0.000,0.000,0.000,0.000,0.000,0.000,0.000,0.000,0.000,0.000,0.000,0.000,0.000,0.000,7.132,0.000,0.000,0.000]
  Alt-Benders[1] (mw): LB=8.151669, Z₀(α*)=11.055635, intercept=-71.595431 (8.251s) [OMP=7.950 ISP-L=0.051 ISP-F=0.131 MW-L=0.044 MW-F=0.077]
  Alt-Benders[2] (mw): LB=8.248785, Z₀(α*)=18.869580, intercept=-99.382726 (8.515s) [OMP=8.209 ISP-L=0.049 ISP-F=0.125 MW-L=0.047 MW-F=0.086]
  Alt-Benders[3] (mw): LB=8.892372, Z₀(α*)=30.214191, intercept=30.214190 (8.344s) [OMP=8.018 ISP-L=0.052 ISP-F=0.129 MW-L=0.039 MW-F=0.090]
  Alt-Benders[4] (mw): LB=8.964404, Z₀(α*)=30.214191, intercept=24.336337 (7.484s) [OMP=7.202 ISP-L=0.013 ISP-F=0.137 MW-L=0.038 MW-F=0.099]
  Alt-Benders[5] (mw): LB=8.984580, Z₀(α*)=4.938672, intercept=-75.621820 (8.203s) [OMP=7.897 ISP-L=0.051 ISP-F=0.128 MW-L=0.042 MW-F=0.082]
  OMP re-solve: 13.687s

=== True-DRO Benders iter 29 ===
  OMP: t₀=8.984580, UB=25.328862, gap=6.45e-01, x=[0, 0, 0, 0, 0, 0, 0, 0, 0, 0, 0, 0, 0, 0, 0, 0, 0, 0, 0, 0, 0, 0, 0, 0, 0, 0, 0, 0, 0, 0, 0, 0, 0, 0, 0, 0, 0, 0, 0, 0, 0, 0, 0, 0, 0, 0, 0, 0, 0, 1, 0, 0, 0, 0, 0, 0, 0, 0, 0, 0, 0, 0, 0, 0, 0, 0, 0, 0, 0, 0, 0, 1, 0, 0, 0, 0] (0.000s)
  Sub: Z₀=22.086801 [LOCAL] (0.8s), α=[0.000,0.000,0.000,0.000,0.000,0.000,0.000,0.000,0.000,0.000,0.000,0.000,0.000,0.000,0.000,0.000,0.000,0.000,0.000,0.000,0.000,0.000,0.000,0.000,0.000,0.000,0.000,0.000,0.000,0.000,0.000,0.000,0.000,0.000,0.000,0.000,0.000,0.000,0.000,0.000,0.000,0.000,0.000,0.000,0.000,0.000,0.000,0.000,0.000,0.000,0.000,0.000,0.000,0.000,0.000,0.000,0.000,0.000,0.000,0.000,0.000,0.000,0.000,0.000,0.000,0.000,0.000,0.000,0.000,0.000,0.000,7.186,3.257,0.000,0.000,0.000]
  Iter 29: LB=8.984580  UB=25.328862  gap=6.45e-01
  Cut: intercept=-1110.946153, π_x_range=[-828.9244, 567.5517]
  Mini-Benders[1] (mw): LB=9.049234, Z₀(α*)=19.652090, intercept=-12.756677 (8.640s) [OMP=8.332 ISP-L=0.050 ISP-F=0.135 MW-L=0.040 MW-F=0.082]
  Mini-Benders[2] (mw): LB=9.094025, Z₀(α*)=16.769353, intercept=13.626018 (8.297s) [OMP=7.988 ISP-L=0.051 ISP-F=0.130 MW-L=0.049 MW-F=0.079]
  Mini-Benders[3] (mw): LB=9.146080, Z₀(α*)=3.243358, intercept=-41.096418 (8.141s) [OMP=7.830 ISP-L=0.052 ISP-F=0.129 MW-L=0.041 MW-F=0.079]
  Mini-Benders[4] (mw): LB=9.146080, Z₀(α*)=3.243358, intercept=-41.096418 (8.359s) [OMP=8.040 ISP-L=0.052 ISP-F=0.129 MW-L=0.056 MW-F=0.080]
  Mini-Benders[5] (mw): LB=9.146080, Z₀(α*)=3.243358, intercept=-41.096418 (8.297s) [OMP=7.993 ISP-L=0.052 ISP-F=0.129 MW-L=0.041 MW-F=0.080]
  α-step: Z₀=27.214920, α=[0.000,0.000,0.000,0.000,0.000,0.000,0.000,0.000,0.000,0.000,0.000,0.000,0.000,0.000,0.000,0.000,2.679,0.000,0.000,0.000,0.000,0.000,0.000,0.865,0.000,0.000,0.000,0.000,0.000,0.000,0.000,0.000,0.000,0.000,0.000,0.000,0.000,0.000,0.000,0.000,0.000,0.000,0.000,0.000,0.000,0.000,0.000,0.000,0.000,0.000,1.530,0.000,0.000,0.000,0.000,0.000,0.000,0.000,0.000,0.000,0.000,0.671,0.000,0.000,0.000,0.000,0.000,0.000,0.000,0.000,0.000,0.000,4.698,0.000,0.000,0.000]
  Alt-Benders[1] (mw): LB=9.189740, Z₀(α*)=-11.645939, intercept=-63.548498 (8.047s) [OMP=7.741 ISP-L=0.052 ISP-F=0.131 MW-L=0.042 MW-F=0.074]
  Alt-Benders[2] (mw): LB=9.189740, Z₀(α*)=-11.645939, intercept=-63.548498 (8.313s) [OMP=7.995 ISP-L=0.052 ISP-F=0.131 MW-L=0.057 MW-F=0.074]
  Alt-Benders[3] (mw): LB=9.189740, Z₀(α*)=-11.645939, intercept=-63.548498 (8.093s) [OMP=7.792 ISP-L=0.052 ISP-F=0.131 MW-L=0.042 MW-F=0.074]
  Alt-Benders[4]: LB stagnated, break
  OMP re-solve: 0.004s

=== True-DRO Benders iter 30 ===
  OMP: t₀=9.189740, UB=25.328862, gap=6.37e-01, x=[0, 0, 0, 0, 0, 0, 0, 0, 0, 0, 0, 0, 0, 0, 0, 0, 0, 0, 0, 0, 0, 0, 0, 0, 0, 0, 0, 0, 0, 0, 0, 0, 0, 0, 0, 0, 0, 0, 1, 0, 0, 0, 0, 0, 0, 0, 0, 0, 0, 0, 0, 0, 0, 0, 0, 0, 0, 0, 0, 0, 0, 0, 0, 0, 0, 0, 0, 0, 0, 0, 0, 1, 0, 0, 0, 0] (0.004s)
  Sub: Z₀=22.165171 [TIME_LIMIT] (15.9s), α=[0.000,0.000,0.000,0.000,0.000,0.000,0.000,0.000,0.000,0.000,0.000,0.000,0.000,0.000,0.000,0.000,0.000,0.000,0.000,0.000,0.000,0.000,0.000,0.000,0.000,0.000,0.000,0.000,0.000,0.000,0.000,0.000,0.000,0.000,0.000,0.000,0.000,0.000,0.000,0.000,0.000,0.000,0.000,0.000,0.000,0.000,0.000,0.000,0.000,0.000,0.000,0.000,0.000,0.000,0.000,0.000,0.000,0.000,0.000,0.000,0.000,0.000,0.000,0.000,0.000,0.000,0.000,0.000,0.000,0.000,0.000,7.186,3.257,0.000,0.000,0.000]
  Iter 30: LB=9.189740  UB=25.328862  gap=6.37e-01
  Cut: intercept=-124.984047, π_x_range=[-271.0000, 111.8672]
  Mini-Benders[1] (mw): LB=9.201081, Z₀(α*)=7.221528, intercept=-55.270176 (10.344s) [OMP=10.040 ISP-L=0.053 ISP-F=0.135 MW-L=0.044 MW-F=0.073]
  Mini-Benders[2] (mw): LB=9.201082, Z₀(α*)=7.221528, intercept=-55.270176 (8.609s) [OMP=8.287 ISP-L=0.052 ISP-F=0.134 MW-L=0.059 MW-F=0.073]
  Mini-Benders[3] (mw): LB=9.201082, Z₀(α*)=7.221528, intercept=-55.270176 (8.453s) [OMP=8.148 ISP-L=0.052 ISP-F=0.133 MW-L=0.044 MW-F=0.073]
  Mini-Benders[4]: LB stagnated, break
  α-step: Z₀=24.704202, α=[0.000,0.000,0.000,0.000,0.000,0.000,0.000,0.000,0.000,0.000,0.697,0.000,0.000,0.000,0.000,0.000,0.000,0.000,0.000,0.000,0.000,0.000,0.000,0.000,0.000,0.000,0.000,0.000,0.000,0.000,0.000,0.000,0.000,0.000,2.086,0.000,0.000,0.000,0.000,0.000,0.000,0.000,0.000,0.000,0.000,0.000,0.000,0.000,0.000,0.000,0.000,0.000,0.000,0.000,0.000,0.000,0.000,0.000,0.000,0.000,0.000,0.000,0.000,0.000,0.000,0.000,0.000,0.000,0.000,0.000,0.000,3.513,4.146,0.000,0.000,0.000]
  Alt-Benders[1] (mw): LB=9.319716, Z₀(α*)=18.510969, intercept=-0.750174 (7.843s) [OMP=7.525 ISP-L=0.052 ISP-F=0.130 MW-L=0.041 MW-F=0.093]
  Alt-Benders[2] (mw): LB=9.320168, Z₀(α*)=25.484990, intercept=17.423066 (7.625s) [OMP=7.321 ISP-L=0.051 ISP-F=0.132 MW-L=0.040 MW-F=0.073]
  Alt-Benders[3] (mw): LB=9.363752, Z₀(α*)=14.196634, intercept=-18.758101 (8.344s) [OMP=8.045 ISP-L=0.052 ISP-F=0.130 MW-L=0.043 MW-F=0.075]
  Alt-Benders[4] (mw): LB=9.464328, Z₀(α*)=20.016523, intercept=-5.387207 (8.328s) [OMP=8.024 ISP-L=0.050 ISP-F=0.130 MW-L=0.048 MW-F=0.071]
  Alt-Benders[5] (mw): LB=9.622573, Z₀(α*)=22.954784, intercept=-45.749179 (8.328s) [OMP=8.010 ISP-L=0.052 ISP-F=0.130 MW-L=0.042 MW-F=0.090]
  OMP re-solve: 8.073s

=== True-DRO Benders iter 31 ===
  OMP: t₀=9.627278, UB=25.328862, gap=6.20e-01, x=[0, 0, 0, 0, 0, 0, 0, 0, 0, 0, 0, 0, 0, 0, 0, 0, 0, 0, 0, 0, 0, 0, 0, 0, 0, 0, 0, 0, 0, 0, 0, 0, 0, 0, 0, 0, 0, 0, 0, 0, 0, 0, 0, 0, 0, 0, 0, 0, 0, 0, 0, 0, 0, 0, 0, 0, 0, 0, 0, 0, 0, 0, 0, 0, 0, 0, 0, 0, 1, 0, 0, 0, 1, 0, 0, 0] (0.004s)
  Sub: Z₀=26.264114 [LOCAL] (1.0s), α=[0.000,0.000,0.000,0.000,0.000,0.000,0.000,0.000,0.000,0.000,0.000,0.000,0.000,0.000,0.000,0.000,0.000,0.000,0.000,0.000,0.000,0.000,0.000,0.000,0.000,0.000,0.000,0.000,0.000,0.000,0.000,0.000,0.000,0.000,0.708,0.000,0.000,0.000,0.000,0.000,0.000,0.000,0.000,0.000,0.000,0.000,0.000,0.000,0.000,0.000,0.000,0.000,0.000,0.000,0.000,0.000,0.000,0.000,0.000,0.000,0.000,0.000,0.000,0.000,0.000,0.000,0.000,0.000,0.000,0.000,0.000,0.000,9.735,0.000,0.000,0.000]
  Iter 31: LB=9.627278  UB=25.328862  gap=6.20e-01
  Cut: intercept=-1153.587313, π_x_range=[-828.7459, 592.5398]
  Mini-Benders[1] (mw): LB=9.684391, Z₀(α*)=14.023030, intercept=-51.195613 (8.265s) [OMP=7.968 ISP-L=0.052 ISP-F=0.131 MW-L=0.041 MW-F=0.070]
  Mini-Benders[2] (mw): LB=9.724961, Z₀(α*)=6.678121, intercept=-24.155335 (7.891s) [OMP=7.593 ISP-L=0.051 ISP-F=0.130 MW-L=0.040 MW-F=0.075]
  Mini-Benders[3] (mw): LB=9.724961, Z₀(α*)=6.678121, intercept=-24.155335 (7.937s) [OMP=7.622 ISP-L=0.051 ISP-F=0.130 MW-L=0.040 MW-F=0.094]
  Mini-Benders[4] (mw): LB=9.724961, Z₀(α*)=6.678121, intercept=-24.155335 (7.922s) [OMP=7.619 ISP-L=0.051 ISP-F=0.130 MW-L=0.042 MW-F=0.077]
  Mini-Benders[5]: LB stagnated, break
  α-step: Z₀=30.591058, α=[0.000,0.000,0.000,0.000,0.000,0.000,0.000,0.000,0.000,0.000,0.000,0.000,0.000,0.000,0.000,0.000,0.000,0.000,0.000,0.000,0.000,0.000,0.000,0.000,0.000,0.000,0.000,0.000,0.000,0.000,0.000,0.000,0.000,0.000,1.519,0.000,0.000,0.000,0.000,0.000,0.000,0.000,0.000,0.000,0.000,0.000,0.000,0.000,0.000,0.000,0.100,3.692,0.000,0.000,0.000,0.000,0.000,0.000,0.000,0.000,0.000,0.000,0.000,0.000,0.000,0.000,0.000,0.000,0.000,0.000,0.000,1.339,3.792,0.000,0.000,0.000]
  Alt-Benders[1] (mw): LB=9.853904, Z₀(α*)=14.843302, intercept=-14.596537 (8.453s) [OMP=8.143 ISP-L=0.050 ISP-F=0.131 MW-L=0.046 MW-F=0.076]
  Alt-Benders[2] (mw): LB=9.945851, Z₀(α*)=3.799599, intercept=-66.650682 (9.172s) [OMP=8.850 ISP-L=0.050 ISP-F=0.130 MW-L=0.061 MW-F=0.075]
  Alt-Benders[3] (mw): LB=9.945851, Z₀(α*)=3.799599, intercept=-66.650682 (10.609s) [OMP=10.307 ISP-L=0.050 ISP-F=0.129 MW-L=0.045 MW-F=0.075]
  Alt-Benders[4] (mw): LB=9.945851, Z₀(α*)=3.799599, intercept=-66.650682 (10.547s) [OMP=10.245 ISP-L=0.050 ISP-F=0.130 MW-L=0.045 MW-F=0.075]
  Alt-Benders[5]: LB stagnated, break
  OMP re-solve: 0.004s

=== True-DRO Benders iter 32 ===
  OMP: t₀=9.945851, UB=25.328862, gap=6.07e-01, x=[0, 0, 0, 0, 0, 0, 0, 0, 0, 0, 0, 0, 0, 0, 0, 0, 0, 0, 0, 0, 0, 0, 0, 0, 0, 0, 0, 0, 0, 0, 0, 0, 0, 0, 0, 0, 0, 0, 0, 0, 0, 0, 1, 0, 0, 1, 0, 0, 0, 0, 0, 0, 0, 0, 0, 0, 0, 0, 0, 0, 0, 0, 0, 0, 0, 0, 0, 0, 0, 0, 0, 0, 0, 0, 0, 0] (0.004s)
  Sub: Z₀=28.411462 [LOCAL] (0.8s), α=[0.000,0.000,0.000,0.000,0.000,0.000,0.000,0.000,0.000,0.000,2.876,0.000,0.000,0.266,0.000,0.000,0.703,0.000,0.000,0.000,0.000,0.000,0.000,0.000,0.000,0.000,0.000,0.000,0.000,0.000,0.000,0.000,0.000,0.000,0.000,0.000,0.000,0.000,0.000,0.000,0.000,0.000,2.742,0.000,0.000,0.000,0.000,0.000,0.000,0.797,0.000,0.000,0.000,0.000,0.000,0.000,0.000,0.000,0.000,0.000,0.000,0.000,0.000,0.000,0.000,0.000,0.000,0.000,0.000,0.000,0.000,0.000,3.059,0.000,0.000,0.000]
  Iter 32: LB=9.945851  UB=25.328862  gap=6.07e-01
  Cut: intercept=-1039.257091, π_x_range=[-827.3748, 538.3702]
  Mini-Benders[1] (mw): LB=10.038507, Z₀(α*)=19.228786, intercept=-55.349811 (8.313s) [OMP=7.999 ISP-L=0.050 ISP-F=0.131 MW-L=0.062 MW-F=0.076]
  Mini-Benders[2] (mw): LB=10.087381, Z₀(α*)=26.579163, intercept=-94.664817 (8.250s) [OMP=7.943 ISP-L=0.050 ISP-F=0.130 MW-L=0.053 MW-F=0.074]
  Mini-Benders[3] (mw): LB=10.140906, Z₀(α*)=-22.790937, intercept=-7.739760 (8.109s) [OMP=7.798 ISP-L=0.052 ISP-F=0.128 MW-L=0.047 MW-F=0.075]
  Mini-Benders[4] (mw): LB=10.140906, Z₀(α*)=-22.790937, intercept=-7.739760 (8.547s) [OMP=8.225 ISP-L=0.052 ISP-F=0.129 MW-L=0.047 MW-F=0.089]
  Mini-Benders[5] (mw): LB=10.140906, Z₀(α*)=-22.790937, intercept=-7.739760 (8.344s) [OMP=8.039 ISP-L=0.052 ISP-F=0.128 MW-L=0.048 MW-F=0.075]
  α-step: Z₀=25.518797, α=[0.000,0.000,0.000,0.000,0.000,0.000,0.000,0.000,0.000,0.000,0.000,0.000,0.000,0.000,0.000,0.000,0.000,0.000,0.000,0.000,0.000,0.000,0.000,0.000,0.000,0.000,0.000,0.000,0.000,0.000,0.000,0.000,0.000,0.000,1.282,0.000,0.000,0.000,0.000,0.000,0.000,0.000,0.000,0.000,0.000,0.000,0.000,0.000,0.000,0.000,0.000,0.000,0.000,0.000,0.000,0.000,0.000,0.000,0.000,0.000,0.000,0.000,0.000,0.000,0.000,0.000,0.000,0.000,0.000,0.000,0.000,0.000,9.161,0.000,0.000,0.000]
  Alt-Benders[1] (mw): LB=10.157895, Z₀(α*)=18.141858, intercept=-43.401664 (10.937s) [OMP=10.621 ISP-L=0.052 ISP-F=0.131 MW-L=0.042 MW-F=0.078]
  Alt-Benders[2] (mw): LB=10.226094, Z₀(α*)=21.679880, intercept=-79.307449 (8.391s) [OMP=8.074 ISP-L=0.052 ISP-F=0.129 MW-L=0.048 MW-F=0.088]
  Alt-Benders[3] (mw): LB=10.303547, Z₀(α*)=25.735046, intercept=-15.406670 (7.969s) [OMP=7.664 ISP-L=0.053 ISP-F=0.130 MW-L=0.052 MW-F=0.074]
  Alt-Benders[4] (mw): LB=10.468662, Z₀(α*)=26.976710, intercept=-7.495360 (8.250s) [OMP=7.922 ISP-L=0.052 ISP-F=0.139 MW-L=0.039 MW-F=0.079]
  Alt-Benders[5] (mw): LB=10.607210, Z₀(α*)=8.871764, intercept=-26.174717 (8.078s) [OMP=7.796 ISP-L=0.051 ISP-F=0.126 MW-L=0.038 MW-F=0.075]
  OMP re-solve: 8.425s

=== True-DRO Benders iter 33 ===
  OMP: t₀=10.607210, UB=25.328862, gap=5.81e-01, x=[0, 0, 0, 0, 0, 0, 0, 0, 0, 0, 0, 0, 0, 0, 0, 0, 0, 0, 0, 0, 0, 0, 0, 1, 0, 0, 0, 0, 0, 0, 0, 0, 0, 0, 0, 0, 0, 0, 0, 0, 0, 0, 0, 0, 0, 0, 0, 0, 0, 0, 0, 1, 0, 0, 0, 0, 0, 0, 0, 0, 0, 0, 0, 0, 0, 0, 0, 0, 0, 0, 0, 0, 0, 0, 0, 0] (0.004s)
  Sub: Z₀=28.580174 [LOCAL] (1.2s), α=[0.000,0.000,0.000,0.000,0.000,0.000,0.000,0.000,0.000,0.000,0.000,0.000,0.000,0.000,0.000,0.000,0.000,0.000,0.000,0.000,0.000,0.000,0.000,0.000,0.000,0.000,0.000,0.000,0.000,0.000,0.000,0.000,0.000,0.000,2.694,0.000,0.000,0.000,0.000,0.000,0.000,0.000,0.000,0.000,0.000,0.000,0.000,0.000,0.000,0.000,0.062,2.556,0.000,0.000,0.000,0.000,0.000,0.000,0.000,0.000,0.000,0.000,0.000,0.000,0.000,0.000,0.000,0.000,0.000,0.000,0.000,2.513,2.618,0.000,0.000,0.000]
  Iter 33: LB=10.607210  UB=25.328862  gap=5.81e-01
  Cut: intercept=-1131.051029, π_x_range=[-829.1307, 588.0948]
  Mini-Benders[1] (mw): LB=10.730453, Z₀(α*)=9.678065, intercept=-40.150851 (8.313s) [OMP=8.015 ISP-L=0.052 ISP-F=0.132 MW-L=0.050 MW-F=0.075]
  Mini-Benders[2] (mw): LB=10.730453, Z₀(α*)=9.678065, intercept=-40.150851 (9.421s) [OMP=9.110 ISP-L=0.051 ISP-F=0.132 MW-L=0.050 MW-F=0.074]
  Mini-Benders[3] (mw): LB=10.730453, Z₀(α*)=9.678065, intercept=-40.150851 (9.407s) [OMP=9.096 ISP-L=0.051 ISP-F=0.132 MW-L=0.050 MW-F=0.074]
  Mini-Benders[4]: LB stagnated, break
  α-step: Z₀=30.325023, α=[0.000,1.022,0.000,0.000,0.000,0.000,0.000,0.000,0.000,0.000,2.522,0.000,0.000,0.000,0.000,0.000,0.000,0.000,0.000,0.000,0.000,0.000,0.000,0.000,0.000,0.000,0.000,1.480,0.000,0.000,0.000,0.000,0.000,0.000,0.000,0.000,0.000,0.000,0.000,0.000,0.000,0.000,0.000,0.000,0.000,0.000,0.000,0.000,0.000,0.000,0.332,0.000,0.000,0.000,0.000,0.000,0.000,0.000,0.000,0.000,0.000,0.000,0.000,0.000,0.000,0.000,0.000,0.000,0.000,0.000,0.000,0.000,5.087,0.000,0.000,0.000]
  Alt-Benders[1] (mw): LB=10.761280, Z₀(α*)=14.353431, intercept=-0.582706 (8.781s) [OMP=8.471 ISP-L=0.052 ISP-F=0.130 MW-L=0.042 MW-F=0.072]
  Alt-Benders[2] (mw): LB=10.762265, Z₀(α*)=18.988836, intercept=-22.940885 (8.750s) [OMP=8.450 ISP-L=0.051 ISP-F=0.133 MW-L=0.041 MW-F=0.073]
  Alt-Benders[3] (mw): LB=10.838696, Z₀(α*)=8.817972, intercept=-77.620368 (8.547s) [OMP=8.245 ISP-L=0.051 ISP-F=0.131 MW-L=0.048 MW-F=0.071]
  Alt-Benders[4] (mw): LB=10.838696, Z₀(α*)=8.817972, intercept=-77.620368 (8.953s) [OMP=8.633 ISP-L=0.051 ISP-F=0.131 MW-L=0.064 MW-F=0.072]
  Alt-Benders[5] (mw): LB=10.838696, Z₀(α*)=8.817972, intercept=-77.620368 (8.594s) [OMP=8.288 ISP-L=0.051 ISP-F=0.131 MW-L=0.048 MW-F=0.072]
  OMP re-solve: 8.319s

=== True-DRO Benders iter 34 ===
  OMP: t₀=10.838696, UB=25.328862, gap=5.72e-01, x=[0, 0, 0, 0, 0, 0, 0, 0, 0, 0, 0, 0, 0, 0, 0, 0, 0, 0, 0, 0, 0, 0, 0, 0, 0, 0, 0, 0, 0, 0, 0, 0, 0, 0, 0, 0, 0, 0, 0, 0, 0, 0, 0, 0, 0, 0, 1, 0, 0, 0, 0, 1, 0, 0, 0, 0, 0, 0, 0, 0, 0, 0, 0, 0, 0, 0, 0, 0, 0, 0, 0, 0, 0, 0, 0, 0] (0.004s)
  Sub: Z₀=26.739318 [LOCAL] (1.0s), α=[0.000,0.000,0.000,0.000,0.000,0.000,0.000,0.000,0.000,0.000,0.000,0.000,0.000,0.000,0.000,0.000,0.000,0.000,0.000,0.000,0.000,0.000,0.000,0.000,0.000,0.000,0.000,0.000,0.000,0.000,0.000,0.000,0.000,0.000,2.798,0.000,0.000,0.000,0.000,0.000,0.000,0.000,0.000,0.000,0.000,0.000,0.000,0.000,0.000,0.000,1.336,3.302,0.000,0.000,0.000,0.000,0.000,0.000,0.000,0.000,0.000,0.000,0.000,0.000,0.000,0.000,0.000,0.000,0.000,0.000,0.000,0.209,2.798,0.000,0.000,0.000]
  Iter 34: LB=10.838696  UB=25.328862  gap=5.72e-01
  Cut: intercept=-1113.574635, π_x_range=[-827.0358, 574.6599]
  Mini-Benders[1] (mw): LB=10.872624, Z₀(α*)=-5.499649, intercept=-11.652874 (8.203s) [OMP=7.903 ISP-L=0.053 ISP-F=0.132 MW-L=0.050 MW-F=0.072]
  Mini-Benders[2] (mw): LB=10.872624, Z₀(α*)=-5.499649, intercept=-11.652874 (9.281s) [OMP=8.947 ISP-L=0.053 ISP-F=0.132 MW-L=0.065 MW-F=0.072]
  Mini-Benders[3] (mw): LB=10.872624, Z₀(α*)=-5.499649, intercept=-11.652874 (9.156s) [OMP=8.847 ISP-L=0.053 ISP-F=0.132 MW-L=0.049 MW-F=0.072]
  Mini-Benders[4]: LB stagnated, break
  α-step: Z₀=25.743997, α=[0.000,0.000,0.000,0.000,0.000,0.000,0.000,0.000,0.000,0.000,0.000,0.000,0.000,0.000,0.000,0.000,0.000,0.000,0.000,0.000,0.000,0.000,0.000,0.000,0.000,0.000,0.000,0.000,0.000,0.000,0.000,0.000,0.000,0.000,1.507,0.000,0.000,0.000,0.000,0.000,0.000,0.000,0.000,0.000,0.000,0.000,0.000,0.000,0.000,0.000,0.000,0.000,0.000,0.000,0.000,0.000,0.000,0.000,0.000,0.000,0.000,0.000,0.000,0.000,0.000,0.000,0.000,0.000,0.000,0.000,0.000,0.000,8.935,0.000,0.000,0.000]
  Alt-Benders[1] (mw): LB=11.055633, Z₀(α*)=18.994175, intercept=-64.300036 (10.672s) [OMP=10.356 ISP-L=0.052 ISP-F=0.139 MW-L=0.044 MW-F=0.084]
  Alt-Benders[2] (mw): LB=11.086555, Z₀(α*)=20.061492, intercept=-73.242710 (8.594s) [OMP=8.287 ISP-L=0.052 ISP-F=0.131 MW-L=0.053 MW-F=0.073]
  Alt-Benders[3] (mw): LB=11.119088, Z₀(α*)=29.432730, intercept=-24.245888 (9.187s) [OMP=8.868 ISP-L=0.051 ISP-F=0.129 MW-L=0.051 MW-F=0.077]
  Alt-Benders[4] (mw): LB=11.197117, Z₀(α*)=23.066987, intercept=-21.870672 (8.563s) [OMP=8.260 ISP-L=0.052 ISP-F=0.128 MW-L=0.041 MW-F=0.074]
  Alt-Benders[5] (mw): LB=11.272022, Z₀(α*)=1.185650, intercept=-35.299922 (8.656s) [OMP=8.343 ISP-L=0.051 ISP-F=0.128 MW-L=0.041 MW-F=0.091]
  OMP re-solve: 8.716s

=== True-DRO Benders iter 35 ===
  OMP: t₀=11.272022, UB=25.328862, gap=5.55e-01, x=[0, 0, 0, 0, 0, 0, 0, 0, 0, 0, 0, 0, 0, 0, 0, 0, 1, 0, 0, 0, 0, 0, 0, 0, 0, 0, 0, 0, 0, 0, 0, 0, 0, 0, 0, 0, 0, 0, 0, 0, 0, 0, 0, 0, 0, 0, 0, 0, 0, 0, 0, 1, 0, 0, 0, 0, 0, 0, 0, 0, 0, 0, 0, 0, 0, 0, 0, 0, 0, 0, 0, 0, 0, 0, 0, 0] (0.004s)
  Sub: Z₀=28.395389 [TIME_LIMIT] (16.1s), α=[0.000,0.000,0.000,0.000,0.000,0.000,0.000,0.000,0.000,0.000,0.005,0.000,0.000,0.000,0.000,0.000,0.116,0.000,0.000,0.000,0.005,0.000,0.000,0.006,0.000,0.000,0.000,0.000,0.000,0.000,0.000,0.000,0.000,0.004,2.764,0.000,0.000,0.000,0.000,0.000,0.000,0.000,0.000,0.000,0.000,0.000,0.000,0.000,0.000,0.000,1.294,3.306,0.000,0.000,0.000,0.000,0.000,0.000,0.000,0.000,0.000,0.000,0.007,0.000,0.000,0.000,0.000,0.000,0.000,0.000,0.000,0.175,2.760,0.000,0.000,0.000]
  Iter 35: LB=11.272022  UB=25.328862  gap=5.55e-01
  Cut: intercept=-44.222110, π_x_range=[-271.0000, 57.6838]
  Mini-Benders[1] (mw): LB=11.499914, Z₀(α*)=-3.228070, intercept=-114.705004 (8.547s) [OMP=8.244 ISP-L=0.049 ISP-F=0.126 MW-L=0.045 MW-F=0.078]
  Mini-Benders[2] (mw): LB=11.499914, Z₀(α*)=-3.228070, intercept=-114.705004 (15.109s) [OMP=14.806 ISP-L=0.050 ISP-F=0.126 MW-L=0.045 MW-F=0.078]
  Mini-Benders[3] (mw): LB=11.499914, Z₀(α*)=-3.228070, intercept=-114.705004 (15.063s) [OMP=14.755 ISP-L=0.050 ISP-F=0.126 MW-L=0.046 MW-F=0.092]
  Mini-Benders[4]: LB stagnated, break
  α-step: Z₀=23.143045, α=[0.000,0.000,0.000,0.000,0.000,0.000,0.000,0.000,0.000,0.000,2.522,0.000,0.000,0.000,0.000,0.000,0.000,0.000,0.000,0.000,0.000,0.000,0.000,0.000,0.000,0.000,0.000,0.000,0.000,0.000,0.000,0.000,0.000,0.000,2.589,0.000,0.000,0.000,0.000,0.000,0.000,0.000,4.593,0.000,0.000,0.000,0.000,0.000,0.000,0.000,0.000,0.000,0.000,0.000,0.000,0.000,0.000,0.000,0.000,0.000,0.000,0.000,0.000,0.000,0.000,0.000,0.000,0.000,0.000,0.000,0.000,0.000,0.739,0.000,0.000,0.000]
  Alt-Benders[1] (mw): LB=11.522941, Z₀(α*)=0.318900, intercept=-56.374749 (9.078s) [OMP=8.763 ISP-L=0.052 ISP-F=0.131 MW-L=0.047 MW-F=0.081]
  Alt-Benders[2] (mw): LB=11.522941, Z₀(α*)=0.318900, intercept=-56.374749 (12.250s) [OMP=11.951 ISP-L=0.051 ISP-F=0.131 MW-L=0.047 MW-F=0.081]
  Alt-Benders[3] (mw): LB=11.522941, Z₀(α*)=0.318900, intercept=-56.374749 (12.391s) [OMP=12.078 ISP-L=0.051 ISP-F=0.131 MW-L=0.061 MW-F=0.081]
  Alt-Benders[4]: LB stagnated, break
  OMP re-solve: 0.004s

=== True-DRO Benders iter 36 ===
  OMP: t₀=11.522941, UB=25.328862, gap=5.45e-01, x=[0, 0, 0, 0, 0, 0, 0, 0, 0, 0, 0, 0, 0, 0, 0, 0, 0, 0, 0, 0, 0, 0, 0, 0, 0, 0, 0, 0, 0, 0, 0, 0, 0, 0, 0, 0, 0, 0, 0, 0, 0, 0, 0, 0, 0, 1, 0, 0, 0, 0, 0, 0, 0, 0, 0, 0, 0, 0, 0, 0, 0, 1, 0, 0, 0, 0, 0, 0, 0, 0, 0, 0, 0, 0, 0, 0] (0.004s)
  Sub: Z₀=28.983270 [LOCAL] (1.0s), α=[0.000,0.000,0.000,0.000,0.000,0.000,0.000,0.000,0.000,0.000,0.000,0.000,0.000,0.000,0.000,0.000,0.000,0.000,0.000,0.000,0.000,0.000,0.000,0.000,0.000,0.000,0.000,0.000,0.000,0.000,0.000,0.000,0.000,0.000,0.000,0.000,0.000,0.000,0.000,0.000,0.000,0.000,0.000,0.000,0.000,0.000,0.000,0.000,0.000,0.000,2.891,0.000,0.000,0.411,0.000,0.000,0.000,0.000,0.000,0.000,0.000,0.671,0.000,0.000,0.000,0.000,0.000,0.000,0.000,0.000,0.000,0.000,6.470,0.000,0.000,0.000]
  Iter 36: LB=11.522941  UB=25.328862  gap=5.45e-01
  Cut: intercept=-1038.196889, π_x_range=[-826.6611, 539.8346]
  Mini-Benders[1] (mw): LB=11.636049, Z₀(α*)=28.109607, intercept=-33.295204 (10.688s) [OMP=10.365 ISP-L=0.054 ISP-F=0.138 MW-L=0.042 MW-F=0.080]
  Mini-Benders[2] (mw): LB=11.646147, Z₀(α*)=29.182200, intercept=19.750488 (10.656s) [OMP=10.359 ISP-L=0.051 ISP-F=0.133 MW-L=0.041 MW-F=0.070]
  Mini-Benders[3] (mw): LB=11.705581, Z₀(α*)=28.941230, intercept=-72.681987 (11.610s) [OMP=11.332 ISP-L=0.013 ISP-F=0.136 MW-L=0.053 MW-F=0.077]
  Mini-Benders[4] (mw): LB=11.852205, Z₀(α*)=27.607346, intercept=27.607345 (11.093s) [OMP=10.784 ISP-L=0.052 ISP-F=0.134 MW-L=0.043 MW-F=0.077]
  Mini-Benders[5] (mw): LB=11.960468, Z₀(α*)=4.432897, intercept=-47.324631 (11.157s) [OMP=10.838 ISP-L=0.050 ISP-F=0.130 MW-L=0.052 MW-F=0.079]
  α-step: Z₀=27.613137, α=[0.000,0.000,0.000,0.000,0.000,0.000,0.000,0.000,0.000,0.000,2.717,0.000,0.000,0.000,0.000,0.000,0.822,0.000,0.000,0.000,0.000,0.000,0.000,0.000,0.000,0.000,0.000,0.000,0.000,0.000,0.000,0.000,0.000,0.000,0.584,0.000,0.000,0.000,0.000,0.000,0.000,0.000,3.063,0.000,0.000,0.000,0.000,0.000,0.000,0.000,0.000,0.000,0.000,0.000,0.000,0.000,0.000,0.000,0.000,0.000,0.000,0.000,0.000,0.000,0.000,0.000,0.000,0.000,0.000,0.000,0.000,0.000,3.257,0.000,0.000,0.000]
  Alt-Benders[1] (mw): LB=12.018520, Z₀(α*)=-8.509544, intercept=-40.421826 (8.890s) [OMP=8.553 ISP-L=0.052 ISP-F=0.128 MW-L=0.069 MW-F=0.076]
  Alt-Benders[2] (mw): LB=12.018520, Z₀(α*)=-8.509544, intercept=-40.421826 (9.063s) [OMP=8.765 ISP-L=0.052 ISP-F=0.128 MW-L=0.053 MW-F=0.076]
  Alt-Benders[3] (mw): LB=12.018520, Z₀(α*)=-8.509544, intercept=-40.421826 (9.187s) [OMP=8.875 ISP-L=0.052 ISP-F=0.128 MW-L=0.053 MW-F=0.074]
  Alt-Benders[4]: LB stagnated, break
  OMP re-solve: 0.005s

=== True-DRO Benders iter 37 ===
  OMP: t₀=12.018520, UB=25.328862, gap=5.26e-01, x=[0, 0, 0, 0, 0, 0, 0, 0, 0, 0, 0, 0, 0, 0, 0, 0, 0, 0, 0, 0, 0, 0, 0, 0, 0, 0, 0, 0, 0, 1, 0, 0, 0, 0, 0, 0, 0, 0, 0, 0, 0, 0, 0, 0, 0, 0, 0, 0, 0, 0, 0, 0, 0, 0, 0, 0, 0, 0, 0, 0, 0, 0, 0, 0, 0, 0, 0, 0, 0, 0, 0, 0, 1, 0, 0, 0] (0.004s)
  Sub: Z₀=25.571628 [LOCAL] (0.8s), α=[0.000,0.000,0.000,0.000,0.000,0.000,0.000,0.000,0.000,0.000,0.000,0.000,0.000,0.000,0.000,0.000,0.000,0.000,0.000,0.000,0.000,0.000,0.000,0.000,0.000,0.000,0.000,0.000,0.000,0.000,0.000,0.000,0.000,0.000,0.000,0.000,0.000,0.000,0.000,0.000,0.000,0.000,0.000,0.000,0.000,0.000,0.000,0.000,0.000,0.000,0.000,0.000,0.000,0.000,0.000,0.000,0.000,0.000,0.000,0.000,0.000,0.000,0.000,0.000,0.000,0.000,0.000,0.000,0.000,0.000,0.000,0.000,10.443,0.000,0.000,0.000]
  Iter 37: LB=12.018520  UB=25.328862  gap=5.26e-01
  Cut: intercept=-1154.592544, π_x_range=[-827.1805, 594.2219]
  Mini-Benders[1] (mw): LB=12.095603, Z₀(α*)=0.882293, intercept=-45.827930 (11.188s) [OMP=10.881 ISP-L=0.052 ISP-F=0.131 MW-L=0.040 MW-F=0.075]
  Mini-Benders[2] (mw): LB=12.095603, Z₀(α*)=0.882293, intercept=-45.827930 (9.125s) [OMP=8.824 ISP-L=0.052 ISP-F=0.131 MW-L=0.040 MW-F=0.074]
  Mini-Benders[3] (mw): LB=12.095603, Z₀(α*)=0.882293, intercept=-45.827930 (9.156s) [OMP=8.856 ISP-L=0.052 ISP-F=0.130 MW-L=0.039 MW-F=0.074]
  Mini-Benders[4]: LB stagnated, break
  α-step: Z₀=31.913598, α=[0.000,0.000,0.000,0.000,0.000,0.000,0.000,0.000,0.000,0.000,0.000,0.000,0.000,0.000,0.000,0.000,0.000,0.000,0.000,0.000,0.000,0.000,0.000,0.000,0.000,0.000,0.000,0.000,0.000,0.000,0.000,0.000,0.000,0.000,0.000,0.000,0.000,0.000,0.000,0.000,0.000,0.000,0.000,0.000,0.000,0.000,0.000,0.000,0.000,0.000,0.625,3.364,0.000,0.000,0.000,0.000,0.000,0.000,0.000,0.000,0.000,0.000,0.000,0.000,0.000,0.000,0.000,0.000,0.000,0.000,0.000,1.427,5.027,0.000,0.000,0.000]
  Alt-Benders[1] (mw): LB=12.217224, Z₀(α*)=20.113470, intercept=12.144112 (9.187s) [OMP=8.885 ISP-L=0.051 ISP-F=0.131 MW-L=0.041 MW-F=0.072]
  Alt-Benders[2] (mw): LB=12.258982, Z₀(α*)=17.963488, intercept=-42.867537 (9.875s) [OMP=9.624 ISP-L=0.013 ISP-F=0.131 MW-L=0.039 MW-F=0.079]
  Alt-Benders[3] (mw): LB=12.258982, Z₀(α*)=17.963488, intercept=-35.161122 (11.797s) [OMP=11.479 ISP-L=0.053 ISP-F=0.137 MW-L=0.043 MW-F=0.072]
  Alt-Benders[4] (mw): LB=12.296666, Z₀(α*)=13.633873, intercept=-4.025963 (10.516s) [OMP=10.196 ISP-L=0.052 ISP-F=0.132 MW-L=0.042 MW-F=0.091]
  Alt-Benders[5] (mw): LB=12.523229, Z₀(α*)=20.701227, intercept=-8.986166 (11.250s) [OMP=10.950 ISP-L=0.052 ISP-F=0.130 MW-L=0.047 MW-F=0.074]
  OMP re-solve: 10.796s

=== True-DRO Benders iter 38 ===
  OMP: t₀=12.631416, UB=25.328862, gap=5.01e-01, x=[0, 0, 0, 0, 0, 0, 0, 0, 0, 0, 0, 0, 0, 0, 0, 0, 0, 0, 0, 0, 0, 1, 0, 0, 0, 0, 0, 0, 0, 0, 0, 0, 0, 0, 0, 0, 0, 0, 0, 0, 0, 0, 1, 0, 0, 0, 0, 0, 0, 0, 0, 0, 0, 0, 0, 0, 0, 0, 0, 0, 0, 0, 0, 0, 0, 0, 0, 0, 0, 0, 0, 0, 0, 0, 0, 0] (0.000s)
  Sub: Z₀=28.242731 [LOCAL] (0.9s), α=[0.000,0.000,0.000,0.000,0.000,0.000,0.000,0.000,0.000,0.000,2.717,0.000,0.000,0.000,0.000,0.000,0.271,0.000,0.000,0.000,0.000,0.000,0.000,0.000,0.000,0.000,0.000,0.000,0.000,0.000,0.000,0.000,0.000,0.000,0.215,0.000,0.000,0.000,0.000,0.000,0.000,0.000,3.993,0.000,0.000,0.000,0.000,0.000,0.000,0.000,0.000,0.000,0.000,0.000,0.000,0.000,0.000,0.000,0.000,0.000,0.000,0.000,0.000,0.000,0.000,0.000,0.000,0.000,0.000,0.000,0.000,0.000,3.246,0.000,0.000,0.000]
  Iter 38: LB=12.631416  UB=25.328862  gap=5.01e-01
  Cut: intercept=-1043.455249, π_x_range=[-826.8273, 540.4374]
  Mini-Benders[1] (mw): LB=12.711030, Z₀(α*)=5.046104, intercept=-20.761622 (11.250s) [OMP=10.952 ISP-L=0.052 ISP-F=0.131 MW-L=0.050 MW-F=0.075]
  Mini-Benders[2] (mw): LB=12.711030, Z₀(α*)=5.046104, intercept=-20.761622 (10.953s) [OMP=10.622 ISP-L=0.052 ISP-F=0.130 MW-L=0.064 MW-F=0.075]
  Mini-Benders[3] (mw): LB=12.711030, Z₀(α*)=5.046104, intercept=-20.761622 (10.984s) [OMP=10.669 ISP-L=0.052 ISP-F=0.130 MW-L=0.050 MW-F=0.075]
  Mini-Benders[4]: LB stagnated, break
  α-step: Z₀=30.591058, α=[0.000,0.000,0.000,0.000,0.000,0.000,0.000,0.000,0.000,0.000,0.000,0.000,0.000,0.000,0.000,0.000,0.000,0.000,0.000,0.000,0.000,0.000,0.000,0.000,0.000,0.000,0.000,0.000,0.000,0.000,0.000,0.000,0.000,0.000,0.449,0.000,0.000,0.000,0.000,0.000,0.000,0.000,0.000,0.000,0.000,0.000,0.000,0.000,0.000,0.000,0.100,4.763,0.000,0.000,0.000,0.000,0.000,0.000,0.000,0.000,0.000,0.000,0.000,0.000,0.000,0.000,0.000,0.000,0.000,0.000,0.000,0.268,4.863,0.000,0.000,0.000]
  Alt-Benders[1] (mw): LB=12.739058, Z₀(α*)=14.736879, intercept=13.215561 (10.437s) [OMP=10.130 ISP-L=0.051 ISP-F=0.130 MW-L=0.050 MW-F=0.072]
  Alt-Benders[2] (mw): LB=12.752004, Z₀(α*)=6.405357, intercept=-82.648600 (11.172s) [OMP=10.881 ISP-L=0.018 ISP-F=0.134 MW-L=0.056 MW-F=0.072]
  Alt-Benders[3] (mw): LB=12.752004, Z₀(α*)=6.405357, intercept=-82.648600 (14.578s) [OMP=14.274 ISP-L=0.052 ISP-F=0.134 MW-L=0.050 MW-F=0.072]
  Alt-Benders[4] (mw): LB=12.752004, Z₀(α*)=6.405357, intercept=-82.648600 (12.234s) [OMP=11.929 ISP-L=0.051 ISP-F=0.132 MW-L=0.049 MW-F=0.071]
  Alt-Benders[5]: LB stagnated, break
  OMP re-solve: 0.005s

=== True-DRO Benders iter 39 ===
  OMP: t₀=12.752004, UB=25.328862, gap=4.97e-01, x=[0, 0, 0, 0, 0, 0, 0, 0, 0, 0, 0, 0, 0, 0, 0, 0, 0, 0, 0, 0, 0, 0, 0, 0, 0, 0, 0, 0, 0, 0, 0, 0, 0, 0, 0, 0, 0, 0, 0, 0, 0, 0, 0, 0, 0, 1, 0, 0, 0, 0, 0, 0, 0, 1, 0, 0, 0, 0, 0, 0, 0, 0, 0, 0, 0, 0, 0, 0, 0, 0, 0, 0, 0, 0, 0, 0] (0.005s)
  Sub: Z₀=25.815608 [LOCAL] (1.0s), α=[0.000,0.000,0.000,0.000,0.000,0.000,0.000,0.000,0.000,0.000,0.000,0.000,0.000,0.000,0.000,0.000,0.000,0.000,0.000,0.000,0.000,0.000,0.000,0.000,0.000,0.000,0.000,0.000,0.000,0.000,0.000,0.000,0.000,0.000,4.025,0.000,0.000,0.000,0.000,0.000,0.000,0.000,0.000,0.000,0.000,0.000,0.000,0.000,0.000,0.000,1.775,0.000,0.000,4.181,0.000,0.463,0.000,0.000,0.000,0.000,0.000,0.000,0.000,0.000,0.000,0.000,0.000,0.000,0.000,0.000,0.000,0.000,0.000,0.000,0.000,0.000]
  Iter 39: LB=12.752004  UB=25.328862  gap=4.97e-01
  Cut: intercept=-1065.838104, π_x_range=[-826.5984, 553.6705]
  Mini-Benders[1] (mw): LB=12.827266, Z₀(α*)=-5.370838, intercept=-63.352360 (11.062s) [OMP=10.741 ISP-L=0.051 ISP-F=0.130 MW-L=0.067 MW-F=0.079]
  Mini-Benders[2] (mw): LB=12.827266, Z₀(α*)=-5.370838, intercept=-63.352360 (10.438s) [OMP=10.118 ISP-L=0.051 ISP-F=0.130 MW-L=0.052 MW-F=0.079]
  Mini-Benders[3] (mw): LB=12.827266, Z₀(α*)=-5.370838, intercept=-63.352360 (10.437s) [OMP=10.124 ISP-L=0.051 ISP-F=0.130 MW-L=0.052 MW-F=0.078]
  Mini-Benders[4]: LB stagnated, break
  α-step: Z₀=27.993555, α=[0.000,0.000,0.000,0.000,0.000,0.000,0.000,0.000,0.000,0.000,2.717,0.000,0.000,0.000,0.000,0.000,0.822,0.000,0.000,0.000,0.000,0.000,0.000,0.000,0.000,0.000,0.000,0.000,0.000,0.000,0.000,0.000,0.000,0.000,0.584,0.000,0.000,0.000,0.000,0.000,0.000,0.000,3.063,0.000,0.000,0.000,0.000,0.000,0.000,0.000,0.000,0.000,0.000,0.000,0.000,0.000,0.000,0.000,0.000,0.000,0.000,0.000,0.000,0.000,0.000,0.000,0.000,0.000,0.000,0.000,0.000,0.000,3.257,0.000,0.000,0.000]
  Alt-Benders[1] (mw): LB=12.830873, Z₀(α*)=-3.573506, intercept=-33.434607 (9.906s) [OMP=9.598 ISP-L=0.053 ISP-F=0.131 MW-L=0.044 MW-F=0.072]
  Alt-Benders[2] (mw): LB=12.830873, Z₀(α*)=-3.573506, intercept=-33.434607 (9.782s) [OMP=9.484 ISP-L=0.053 ISP-F=0.130 MW-L=0.044 MW-F=0.072]
  Alt-Benders[3] (mw): LB=12.830873, Z₀(α*)=-3.573506, intercept=-33.434607 (9.703s) [OMP=9.401 ISP-L=0.054 ISP-F=0.130 MW-L=0.043 MW-F=0.072]
  Alt-Benders[4]: LB stagnated, break
  OMP re-solve: 0.000s

=== True-DRO Benders iter 40 ===
  OMP: t₀=12.830873, UB=25.328862, gap=4.93e-01, x=[0, 0, 0, 0, 0, 0, 0, 0, 0, 0, 0, 0, 0, 0, 0, 0, 0, 0, 0, 0, 0, 0, 0, 0, 0, 0, 0, 0, 0, 0, 0, 0, 0, 0, 1, 0, 0, 0, 1, 0, 0, 0, 0, 0, 0, 0, 0, 0, 0, 0, 0, 0, 0, 0, 0, 0, 0, 0, 0, 0, 0, 0, 0, 0, 0, 0, 0, 0, 0, 0, 0, 0, 0, 0, 0, 0] (0.000s)
  Sub: Z₀=22.165171 [TIME_LIMIT] (15.9s), α=[0.000,0.000,0.000,0.000,0.000,0.000,0.000,0.000,0.000,0.000,0.000,0.000,0.000,0.000,0.000,0.000,0.000,0.000,0.000,0.000,0.000,0.000,0.000,0.000,0.000,0.000,0.000,0.000,0.000,0.000,0.000,0.000,0.000,0.000,7.997,0.000,0.000,0.000,0.000,0.000,0.000,0.000,0.000,0.000,0.000,0.000,0.000,0.000,0.000,0.000,0.000,0.000,0.000,0.000,0.000,0.000,0.000,0.000,0.000,0.000,0.000,0.000,0.000,0.000,0.000,0.000,0.000,0.000,0.000,0.000,0.000,0.000,2.446,0.000,0.000,0.000]
  Iter 40: LB=12.830873  UB=25.328862  gap=4.93e-01
  Cut: intercept=-110.107756, π_x_range=[-271.0000, 91.9420]
  Mini-Benders[1] (mw): LB=12.865564, Z₀(α*)=13.060140, intercept=11.508445 (9.531s) [OMP=9.226 ISP-L=0.052 ISP-F=0.137 MW-L=0.041 MW-F=0.081]
  Mini-Benders[2] (mw): LB=12.876927, Z₀(α*)=4.205565, intercept=-74.041246 (11.547s) [OMP=11.241 ISP-L=0.052 ISP-F=0.128 MW-L=0.044 MW-F=0.073]
  Mini-Benders[3] (mw): LB=12.876927, Z₀(α*)=4.205565, intercept=-74.041246 (12.594s) [OMP=12.292 ISP-L=0.052 ISP-F=0.128 MW-L=0.044 MW-F=0.073]
  Mini-Benders[4] (mw): LB=12.876927, Z₀(α*)=4.205565, intercept=-74.041246 (14.515s) [OMP=14.199 ISP-L=0.051 ISP-F=0.128 MW-L=0.044 MW-F=0.089]
  Mini-Benders[5]: LB stagnated, break
  α-step: Z₀=23.610614, α=[0.000,0.000,0.000,0.000,0.000,0.000,0.000,0.000,0.000,0.000,0.456,0.000,0.000,0.000,0.000,0.000,2.431,0.000,0.000,0.000,0.000,0.000,0.000,0.000,0.000,0.000,0.000,0.000,0.000,0.000,0.000,0.000,0.000,0.000,0.000,0.000,0.000,0.000,0.000,0.000,0.000,0.000,0.000,0.000,0.000,0.000,0.000,0.000,0.000,0.000,0.000,0.000,0.000,0.000,0.000,0.000,0.000,0.000,0.000,0.000,0.000,0.000,0.000,0.000,0.000,0.000,0.000,0.000,0.000,0.000,0.000,0.000,7.556,0.000,0.000,0.000]
  Alt-Benders[1] (mw): LB=12.983938, Z₀(α*)=26.526287, intercept=-53.889980 (10.516s) [OMP=10.207 ISP-L=0.054 ISP-F=0.130 MW-L=0.050 MW-F=0.073]
  Alt-Benders[2] (mw): LB=13.040835, Z₀(α*)=18.373277, intercept=-52.947360 (10.844s) [OMP=10.552 ISP-L=0.050 ISP-F=0.130 MW-L=0.046 MW-F=0.070]
  Alt-Benders[3] (mw): LB=13.060101, Z₀(α*)=29.849026, intercept=-18.340911 (10.000s) [OMP=9.671 ISP-L=0.052 ISP-F=0.135 MW-L=0.061 MW-F=0.072]
  Alt-Benders[4] (mw): LB=13.060138, Z₀(α*)=29.849026, intercept=22.558845 (9.859s) [OMP=9.563 ISP-L=0.052 ISP-F=0.131 MW-L=0.043 MW-F=0.073]
  Alt-Benders[5] (mw): LB=13.062148, Z₀(α*)=29.849026, intercept=-31.469050 (10.781s) [OMP=10.455 ISP-L=0.052 ISP-F=0.142 MW-L=0.044 MW-F=0.076]
  OMP re-solve: 9.789s

=== True-DRO Benders iter 41 ===
  OMP: t₀=13.100615, UB=25.328862, gap=4.83e-01, x=[0, 0, 0, 0, 0, 1, 0, 0, 0, 0, 0, 0, 0, 0, 0, 0, 0, 0, 0, 0, 0, 1, 0, 0, 0, 0, 0, 0, 0, 0, 0, 0, 0, 0, 0, 0, 0, 0, 0, 0, 0, 0, 0, 0, 0, 0, 0, 0, 0, 0, 0, 0, 0, 0, 0, 0, 0, 0, 0, 0, 0, 0, 0, 0, 0, 0, 0, 0, 0, 0, 0, 0, 0, 0, 0, 0] (0.000s)
  Sub: Z₀=30.172595 [LOCAL] (0.8s), α=[0.000,0.000,0.000,0.000,0.000,0.000,0.000,0.000,0.000,0.000,0.000,0.000,0.000,0.000,0.000,0.000,1.145,0.000,0.000,0.000,0.099,0.000,0.000,0.000,0.000,0.000,0.000,0.000,0.000,0.000,0.000,0.000,0.000,0.000,2.621,0.000,0.000,0.000,0.000,0.000,0.000,0.000,0.000,0.000,0.000,0.000,0.000,0.000,0.000,0.000,0.895,0.000,0.000,0.000,0.000,0.000,0.000,0.000,0.000,0.000,0.000,0.000,0.000,0.000,0.000,0.000,0.000,0.000,0.000,0.000,0.000,0.033,5.649,0.000,0.000,0.000]
  Iter 41: LB=13.100615  UB=25.328862  gap=4.83e-01
  Cut: intercept=-1080.189265, π_x_range=[-828.7761, 561.0213]
  Mini-Benders[1] (mw): LB=13.165332, Z₀(α*)=8.954541, intercept=-97.455463 (10.609s) [OMP=10.284 ISP-L=0.052 ISP-F=0.130 MW-L=0.060 MW-F=0.081]
  Mini-Benders[2] (mw): LB=13.165332, Z₀(α*)=8.954541, intercept=-97.455463 (13.406s) [OMP=13.108 ISP-L=0.052 ISP-F=0.129 MW-L=0.043 MW-F=0.081]
  Mini-Benders[3] (mw): LB=13.165332, Z₀(α*)=8.954541, intercept=-97.455463 (13.547s) [OMP=13.240 ISP-L=0.052 ISP-F=0.129 MW-L=0.043 MW-F=0.081]
  Mini-Benders[4]: LB stagnated, break
  α-step: Z₀=26.787004, α=[0.000,0.000,0.000,0.000,0.000,0.000,0.000,0.000,0.000,0.000,0.000,0.000,0.000,0.000,0.000,0.000,0.000,0.000,0.000,0.000,0.000,0.000,0.000,0.000,0.000,0.000,0.000,0.000,0.000,0.000,0.000,0.000,0.000,0.000,0.000,0.000,0.000,0.000,0.000,0.000,0.000,0.000,0.000,0.000,0.000,0.000,0.000,0.000,0.000,0.000,1.626,4.024,0.000,0.000,0.000,0.000,0.000,0.000,0.000,0.000,0.000,0.669,0.000,0.000,0.000,0.000,0.000,0.000,0.000,0.000,0.000,0.000,4.124,0.000,0.000,0.000]
  Alt-Benders[1] (mw): LB=13.233070, Z₀(α*)=-1.564999, intercept=-65.714145 (10.141s) [OMP=9.816 ISP-L=0.051 ISP-F=0.130 MW-L=0.068 MW-F=0.072]
  Alt-Benders[2] (mw): LB=13.233070, Z₀(α*)=-1.564999, intercept=-65.714145 (10.141s) [OMP=9.824 ISP-L=0.052 ISP-F=0.130 MW-L=0.053 MW-F=0.072]
  Alt-Benders[3] (mw): LB=13.233070, Z₀(α*)=-1.564999, intercept=-65.714145 (12.453s) [OMP=12.151 ISP-L=0.051 ISP-F=0.130 MW-L=0.052 MW-F=0.073]
  Alt-Benders[4]: LB stagnated, break
  OMP re-solve: 0.000s

=== True-DRO Benders iter 42 ===
  OMP: t₀=13.233070, UB=25.328862, gap=4.78e-01, x=[0, 0, 0, 0, 0, 0, 0, 1, 0, 0, 0, 0, 0, 0, 0, 0, 0, 0, 0, 0, 0, 0, 0, 0, 0, 0, 0, 0, 0, 0, 0, 0, 0, 0, 0, 0, 0, 0, 0, 0, 0, 0, 1, 0, 0, 0, 0, 0, 0, 0, 0, 0, 0, 0, 0, 0, 0, 0, 0, 0, 0, 0, 0, 0, 0, 0, 0, 0, 0, 0, 0, 0, 0, 0, 0, 0] (0.000s)
  Sub: Z₀=28.399718 [LOCAL] (1.2s), α=[0.000,0.000,0.000,0.000,0.000,0.000,0.000,0.000,0.000,0.000,2.818,0.000,0.000,0.199,0.000,0.000,0.000,0.000,0.000,0.000,0.000,0.000,0.000,0.217,0.000,0.000,0.000,0.000,0.000,0.000,0.000,0.000,0.000,0.000,0.056,0.000,0.000,0.000,0.000,0.000,0.000,0.000,3.569,0.000,0.000,0.000,0.000,0.000,0.000,0.000,0.000,0.000,0.000,0.000,0.000,0.000,0.000,0.000,0.000,0.000,0.000,0.000,0.563,0.000,0.000,0.000,0.000,0.000,0.000,0.000,0.000,0.000,3.021,0.000,0.000,0.000]
  Iter 42: LB=13.233070  UB=25.328862  gap=4.78e-01
  Cut: intercept=-1063.884185, π_x_range=[-826.9609, 560.5348]
  Mini-Benders[1] (mw): LB=13.244871, Z₀(α*)=-7.869779, intercept=-35.844371 (9.953s) [OMP=9.637 ISP-L=0.052 ISP-F=0.129 MW-L=0.057 MW-F=0.081]
  Mini-Benders[2] (mw): LB=13.244871, Z₀(α*)=-7.869779, intercept=-35.844371 (9.828s) [OMP=9.523 ISP-L=0.052 ISP-F=0.129 MW-L=0.042 MW-F=0.080]
  Mini-Benders[3] (mw): LB=13.244871, Z₀(α*)=-7.869779, intercept=-35.844371 (9.985s) [OMP=9.678 ISP-L=0.052 ISP-F=0.129 MW-L=0.041 MW-F=0.080]
  Mini-Benders[4]: LB stagnated, break
  α-step: Z₀=21.882190, α=[0.000,0.000,0.000,0.000,0.000,0.000,0.000,0.000,0.000,0.000,0.000,0.000,0.000,0.000,0.000,0.000,0.025,0.000,0.000,0.000,0.000,0.000,0.000,0.000,0.000,0.000,0.000,0.000,0.000,0.000,0.000,0.000,0.000,0.000,7.161,0.000,0.000,0.000,0.000,0.000,0.000,0.000,0.000,0.000,0.000,0.000,0.000,0.000,0.000,0.000,0.000,0.000,0.000,0.000,0.000,0.000,0.000,0.000,0.000,0.000,0.000,0.000,0.000,0.000,0.000,0.000,0.000,0.000,0.000,0.000,0.000,0.000,3.257,0.000,0.000,0.000]
  Alt-Benders[1] (mw): LB=13.304428, Z₀(α*)=24.859683, intercept=-32.887648 (10.157s) [OMP=9.866 ISP-L=0.053 ISP-F=0.131 MW-L=0.042 MW-F=0.075]
  Alt-Benders[2] (mw): LB=13.310782, Z₀(α*)=-17.190842, intercept=-74.803612 (10.421s) [OMP=10.107 ISP-L=0.051 ISP-F=0.124 MW-L=0.052 MW-F=0.077]
  Alt-Benders[3] (mw): LB=13.310782, Z₀(α*)=-17.190842, intercept=-74.803612 (9.969s) [OMP=9.665 ISP-L=0.051 ISP-F=0.123 MW-L=0.052 MW-F=0.077]
  Alt-Benders[4] (mw): LB=13.310782, Z₀(α*)=-17.190842, intercept=-74.803612 (10.328s) [OMP=10.007 ISP-L=0.051 ISP-F=0.123 MW-L=0.052 MW-F=0.098]
  Alt-Benders[5]: LB stagnated, break
  OMP re-solve: 0.005s

=== True-DRO Benders iter 43 ===
  OMP: t₀=13.310782, UB=25.328862, gap=4.74e-01, x=[0, 0, 0, 0, 0, 0, 0, 0, 0, 0, 0, 0, 0, 0, 0, 0, 0, 0, 0, 0, 0, 0, 0, 0, 0, 0, 0, 0, 0, 0, 0, 0, 0, 0, 0, 0, 0, 0, 0, 0, 0, 0, 0, 0, 0, 0, 0, 0, 0, 0, 1, 0, 0, 0, 0, 0, 0, 0, 0, 0, 0, 0, 0, 0, 0, 0, 0, 0, 0, 0, 0, 1, 0, 0, 0, 0] (0.004s)
  Sub: Z₀=22.115625 [LOCAL] (0.8s), α=[0.000,0.000,0.000,0.000,0.000,0.000,0.000,0.000,0.000,0.000,0.000,0.000,0.000,0.000,0.000,0.000,0.000,0.000,0.000,0.000,0.000,0.000,0.000,0.000,0.000,0.000,0.000,0.000,0.000,0.000,0.000,0.000,0.000,0.000,0.000,0.000,0.000,0.000,0.000,0.000,0.000,0.000,0.000,0.000,0.000,0.000,0.000,0.000,0.000,0.000,0.000,0.000,0.000,0.000,0.000,0.000,0.000,0.000,0.000,0.000,0.000,0.000,0.000,0.000,0.000,0.000,0.000,0.000,0.000,0.000,0.000,8.994,1.449,0.000,0.000,0.000]
  Iter 43: LB=13.310782  UB=25.328862  gap=4.74e-01
  Cut: intercept=-1145.173697, π_x_range=[-825.7281, 599.6764]
  Mini-Benders[1] (mw): LB=13.344115, Z₀(α*)=-9.183092, intercept=-67.650503 (10.359s) [OMP=10.052 ISP-L=0.053 ISP-F=0.136 MW-L=0.044 MW-F=0.078]
  Mini-Benders[2] (mw): LB=13.344115, Z₀(α*)=-9.183092, intercept=-67.650503 (10.703s) [OMP=10.383 ISP-L=0.053 ISP-F=0.135 MW-L=0.043 MW-F=0.078]
  Mini-Benders[3] (mw): LB=13.344115, Z₀(α*)=-9.183092, intercept=-67.650503 (10.750s) [OMP=10.421 ISP-L=0.052 ISP-F=0.135 MW-L=0.045 MW-F=0.096]
  Mini-Benders[4]: LB stagnated, break
  α-step: Z₀=28.596628, α=[0.000,0.000,0.000,0.000,0.000,0.000,0.000,0.000,0.000,0.000,0.000,0.000,0.000,0.000,0.000,0.000,0.386,0.000,0.000,0.000,0.000,0.000,0.000,0.000,0.000,0.000,0.000,0.000,0.000,0.000,0.000,0.000,0.000,0.000,0.000,0.000,0.000,0.000,0.000,0.000,0.000,0.000,0.000,0.000,0.000,0.000,0.000,0.000,0.000,0.000,3.343,0.000,0.000,0.127,0.000,0.000,0.000,0.000,0.000,0.000,0.000,0.671,0.000,0.000,0.000,0.000,0.000,0.000,0.000,0.000,0.000,0.000,5.916,0.000,0.000,0.000]
  Alt-Benders[1] (mw): LB=13.368415, Z₀(α*)=2.568331, intercept=-79.226545 (10.703s) [OMP=10.396 ISP-L=0.053 ISP-F=0.128 MW-L=0.044 MW-F=0.082]
  Alt-Benders[2] (mw): LB=13.368415, Z₀(α*)=2.568331, intercept=-79.226545 (9.985s) [OMP=9.682 ISP-L=0.051 ISP-F=0.127 MW-L=0.044 MW-F=0.082]
  Alt-Benders[3] (mw): LB=13.368415, Z₀(α*)=2.568331, intercept=-79.226545 (9.906s) [OMP=9.583 ISP-L=0.052 ISP-F=0.128 MW-L=0.059 MW-F=0.082]
  Alt-Benders[4]: LB stagnated, break
  OMP re-solve: 0.004s

=== True-DRO Benders iter 44 ===
  OMP: t₀=13.368415, UB=25.328862, gap=4.72e-01, x=[0, 0, 0, 0, 0, 0, 0, 0, 0, 0, 0, 0, 0, 0, 0, 0, 0, 0, 0, 0, 0, 0, 0, 0, 0, 0, 0, 0, 0, 0, 0, 0, 0, 0, 0, 0, 0, 0, 0, 0, 0, 0, 0, 0, 0, 0, 0, 0, 0, 0, 0, 0, 0, 0, 0, 0, 0, 0, 0, 0, 0, 0, 0, 0, 0, 0, 1, 0, 0, 0, 0, 1, 0, 0, 0, 0] (0.004s)
  Sub: Z₀=22.021213 [LOCAL] (0.8s), α=[0.000,0.000,0.000,0.000,0.000,0.000,0.000,0.000,0.000,0.000,0.000,0.000,0.000,0.000,0.000,0.000,0.000,0.000,0.000,0.000,0.000,0.000,0.000,0.000,0.000,0.000,0.000,0.000,0.000,0.000,0.000,0.000,0.000,0.000,0.000,0.000,0.000,0.000,0.000,0.000,0.000,0.000,0.000,0.000,0.000,0.000,0.000,0.000,0.000,0.000,0.000,0.000,0.000,0.000,0.000,0.000,0.000,0.000,0.000,0.000,0.000,0.000,0.000,0.000,0.000,0.000,0.000,0.000,0.000,0.000,0.000,6.826,3.616,0.000,0.000,0.000]
  Iter 44: LB=13.368415  UB=25.328862  gap=4.72e-01
  Cut: intercept=-1114.608260, π_x_range=[-826.1501, 568.6345]
  Mini-Benders[1] (mw): LB=13.388532, Z₀(α*)=-12.338686, intercept=-8.721868 (10.234s) [OMP=9.930 ISP-L=0.053 ISP-F=0.128 MW-L=0.044 MW-F=0.077]
  Mini-Benders[2] (mw): LB=13.388532, Z₀(α*)=-12.338686, intercept=-8.721868 (10.578s) [OMP=10.271 ISP-L=0.053 ISP-F=0.128 MW-L=0.044 MW-F=0.077]
  Mini-Benders[3] (mw): LB=13.388532, Z₀(α*)=-12.338686, intercept=-8.721868 (10.578s) [OMP=10.271 ISP-L=0.053 ISP-F=0.127 MW-L=0.059 MW-F=0.077]
  Mini-Benders[4]: LB stagnated, break
  α-step: Z₀=25.518797, α=[0.000,0.000,0.000,0.000,0.000,0.000,0.000,0.000,0.000,0.000,0.000,0.000,0.000,0.000,0.000,0.000,0.000,0.000,0.000,0.000,0.000,0.000,0.000,0.000,0.000,0.000,0.000,0.000,0.000,0.000,0.000,0.000,0.000,0.000,1.282,0.000,0.000,0.000,0.000,0.000,0.000,0.000,0.000,0.000,0.000,0.000,0.000,0.000,0.000,0.000,0.000,0.000,0.000,0.000,0.000,0.000,0.000,0.000,0.000,0.000,0.000,0.000,0.000,0.000,0.000,0.000,0.000,0.000,0.000,0.000,0.000,0.000,9.161,0.000,0.000,0.000]
  Alt-Benders[1] (mw): LB=13.444331, Z₀(α*)=29.988991, intercept=20.059820 (10.234s) [OMP=9.935 ISP-L=0.053 ISP-F=0.135 MW-L=0.042 MW-F=0.071]
  Alt-Benders[2] (mw): LB=13.504057, Z₀(α*)=4.467964, intercept=-50.287531 (10.234s) [OMP=9.918 ISP-L=0.053 ISP-F=0.134 MW-L=0.048 MW-F=0.072]
  Alt-Benders[3] (mw): LB=13.504057, Z₀(α*)=4.467964, intercept=-50.287531 (10.329s) [OMP=10.001 ISP-L=0.053 ISP-F=0.134 MW-L=0.064 MW-F=0.073]
  Alt-Benders[4] (mw): LB=13.504057, Z₀(α*)=4.467964, intercept=-50.287531 (10.296s) [OMP=9.991 ISP-L=0.053 ISP-F=0.134 MW-L=0.049 MW-F=0.073]
  Alt-Benders[5]: LB stagnated, break
  OMP re-solve: 0.000s

=== True-DRO Benders iter 45 ===
  OMP: t₀=13.504057, UB=25.328862, gap=4.67e-01, x=[0, 0, 0, 0, 0, 0, 0, 0, 0, 0, 0, 0, 0, 0, 0, 0, 0, 0, 0, 0, 0, 0, 0, 0, 0, 0, 0, 0, 0, 0, 0, 0, 0, 0, 0, 0, 0, 0, 0, 0, 0, 0, 0, 0, 0, 0, 0, 0, 0, 0, 0, 0, 0, 1, 0, 1, 0, 0, 0, 0, 0, 0, 0, 0, 0, 0, 0, 0, 0, 0, 0, 0, 0, 0, 0, 0] (0.000s)
  Sub: Z₀=25.123344 [TIME_LIMIT] (15.9s), α=[0.000,0.000,0.000,0.000,0.000,0.000,0.000,0.000,0.000,0.000,0.000,0.000,0.000,0.000,0.000,0.000,0.000,0.000,0.000,0.000,0.000,0.000,0.000,0.000,0.000,0.000,0.000,0.000,0.000,0.000,0.000,0.000,0.000,0.000,2.589,0.000,0.000,0.000,0.000,0.000,0.000,0.000,0.000,0.000,0.000,0.000,0.000,0.000,0.000,0.000,1.586,0.000,0.000,4.625,0.000,1.643,0.000,0.000,0.000,0.000,0.000,0.000,0.000,0.000,0.000,0.000,0.000,0.000,0.000,0.000,0.000,0.000,0.000,0.000,0.000,0.000]
  Iter 45: LB=13.504057  UB=25.328862  gap=4.67e-01
  Cut: intercept=-34.448540, π_x_range=[-261.0000, 55.9913]
  Mini-Benders[1] (mw): LB=13.520480, Z₀(α*)=-8.879241, intercept=-62.710513 (9.968s) [OMP=9.646 ISP-L=0.051 ISP-F=0.131 MW-L=0.050 MW-F=0.091]
  Mini-Benders[2] (mw): LB=13.520480, Z₀(α*)=-8.879241, intercept=-62.710513 (10.547s) [OMP=10.235 ISP-L=0.051 ISP-F=0.131 MW-L=0.050 MW-F=0.075]
  Mini-Benders[3] (mw): LB=13.520480, Z₀(α*)=-8.879241, intercept=-62.710513 (10.422s) [OMP=10.117 ISP-L=0.051 ISP-F=0.131 MW-L=0.050 MW-F=0.075]
  Mini-Benders[4]: LB stagnated, break
  α-step: Z₀=28.244507, α=[0.000,0.000,0.000,0.000,0.000,0.000,0.000,0.000,0.000,0.000,2.717,0.000,0.000,0.000,0.000,0.000,0.822,0.000,0.000,0.000,0.000,0.000,0.000,0.000,0.000,0.000,0.000,0.000,0.000,0.000,0.000,0.000,0.000,0.000,0.584,0.000,0.000,0.000,0.000,0.000,0.000,0.000,3.063,0.000,0.000,0.000,0.000,0.000,0.000,0.000,0.000,0.000,0.000,0.000,0.000,0.000,0.000,0.000,0.000,0.000,0.000,0.000,0.000,0.000,0.000,0.000,0.000,0.000,0.000,0.000,0.000,0.000,3.257,0.000,0.000,0.000]
  Alt-Benders[1] (mw): LB=13.547508, Z₀(α*)=11.341064, intercept=-75.523103 (10.031s) [OMP=9.697 ISP-L=0.053 ISP-F=0.139 MW-L=0.052 MW-F=0.097]
  Alt-Benders[2] (mw): LB=13.547508, Z₀(α*)=11.341064, intercept=-75.523103 (10.547s) [OMP=10.211 ISP-L=0.053 ISP-F=0.139 MW-L=0.052 MW-F=0.082]
  Alt-Benders[3] (mw): LB=13.547508, Z₀(α*)=11.341064, intercept=-75.523103 (10.390s) [OMP=10.055 ISP-L=0.053 ISP-F=0.139 MW-L=0.052 MW-F=0.082]
  Alt-Benders[4]: LB stagnated, break
  OMP re-solve: 0.000s

=== True-DRO Benders iter 46 ===
  OMP: t₀=13.547508, UB=25.328862, gap=4.65e-01, x=[0, 0, 0, 0, 0, 0, 0, 0, 0, 0, 0, 0, 0, 0, 0, 0, 0, 0, 0, 0, 0, 0, 0, 0, 0, 0, 0, 0, 0, 0, 0, 0, 0, 0, 0, 0, 0, 0, 0, 0, 0, 0, 0, 0, 0, 0, 0, 0, 0, 0, 1, 0, 0, 0, 0, 0, 0, 0, 0, 0, 0, 0, 0, 0, 1, 0, 0, 0, 0, 0, 0, 0, 0, 0, 0, 0] (0.000s)
  Sub: Z₀=30.116855 [LOCAL] (0.8s), α=[0.000,0.000,0.000,0.000,0.000,0.000,0.000,0.000,0.000,0.000,0.000,0.000,0.000,0.000,0.000,0.000,0.000,0.000,0.000,0.000,0.000,0.000,0.000,0.000,0.000,0.000,0.000,0.000,0.000,0.000,0.000,0.000,0.000,0.000,0.000,0.000,0.000,0.000,0.000,0.000,0.000,0.000,0.000,0.000,0.000,0.000,0.000,0.000,0.000,0.000,0.546,0.000,0.000,0.000,0.000,0.000,0.000,0.000,0.000,0.000,0.000,0.000,4.697,0.000,0.000,0.000,0.000,0.000,0.000,0.000,0.000,0.000,5.200,0.000,0.000,0.000]
  Iter 46: LB=13.547508  UB=25.328862  gap=4.65e-01
  Cut: intercept=-1125.518287, π_x_range=[-826.9521, 599.1411]
  Mini-Benders[1] (mw): LB=13.633871, Z₀(α*)=29.571356, intercept=-1.457523 (10.312s) [OMP=9.989 ISP-L=0.052 ISP-F=0.130 MW-L=0.053 MW-F=0.091]
  Mini-Benders[2] (mw): LB=13.644901, Z₀(α*)=6.340702, intercept=-44.652936 (10.250s) [OMP=9.944 ISP-L=0.053 ISP-F=0.128 MW-L=0.042 MW-F=0.073]
  Mini-Benders[3] (mw): LB=13.644901, Z₀(α*)=6.340702, intercept=-44.652936 (10.391s) [OMP=10.103 ISP-L=0.052 ISP-F=0.127 MW-L=0.042 MW-F=0.073]
  Mini-Benders[4] (mw): LB=13.644901, Z₀(α*)=6.340702, intercept=-44.652936 (10.406s) [OMP=10.111 ISP-L=0.052 ISP-F=0.127 MW-L=0.042 MW-F=0.073]
  Mini-Benders[5]: LB stagnated, break
  α-step: Z₀=21.882190, α=[0.000,0.000,0.000,0.000,0.000,0.000,0.000,0.000,0.000,0.000,0.000,0.000,0.000,0.000,0.000,0.000,0.000,0.000,0.000,0.000,0.000,0.000,0.000,0.000,0.000,0.000,0.000,0.000,0.000,0.000,0.000,0.000,0.000,0.000,5.689,0.000,0.000,0.000,0.000,0.000,0.000,0.000,0.000,0.000,0.000,0.000,0.000,0.000,0.000,0.000,0.000,0.000,0.000,0.000,0.000,0.000,0.000,0.000,0.000,0.000,0.000,0.000,0.000,0.000,0.000,0.000,0.000,0.000,0.000,0.000,0.000,0.000,4.754,0.000,0.000,0.000]
  Alt-Benders[1] (mw): LB=13.797742, Z₀(α*)=29.587184, intercept=-21.541420 (10.094s) [OMP=9.774 ISP-L=0.050 ISP-F=0.135 MW-L=0.051 MW-F=0.082]
  Alt-Benders[2] (mw): LB=13.805078, Z₀(α*)=31.085617, intercept=18.234215 (10.297s) [OMP=9.995 ISP-L=0.051 ISP-F=0.133 MW-L=0.045 MW-F=0.066]
  Alt-Benders[3] (mw): LB=13.863717, Z₀(α*)=17.312436, intercept=-61.841497 (10.578s) [OMP=10.284 ISP-L=0.051 ISP-F=0.126 MW-L=0.045 MW-F=0.072]
  Alt-Benders[4] (mw): LB=13.877929, Z₀(α*)=31.085617, intercept=3.706924 (10.046s) [OMP=9.719 ISP-L=0.051 ISP-F=0.133 MW-L=0.067 MW-F=0.070]
  Alt-Benders[5] (mw): LB=13.908086, Z₀(α*)=30.114191, intercept=7.800744 (10.985s) [OMP=10.668 ISP-L=0.052 ISP-F=0.129 MW-L=0.041 MW-F=0.094]
  OMP re-solve: 9.859s

=== True-DRO Benders iter 47 ===
  OMP: t₀=14.013395, UB=25.328862, gap=4.47e-01, x=[0, 1, 0, 0, 0, 0, 0, 0, 0, 0, 0, 0, 0, 0, 0, 0, 1, 0, 0, 0, 0, 0, 0, 0, 0, 0, 0, 0, 0, 0, 0, 0, 0, 0, 0, 0, 0, 0, 0, 0, 0, 0, 0, 0, 0, 0, 0, 0, 0, 0, 0, 0, 0, 0, 0, 0, 0, 0, 0, 0, 0, 0, 0, 0, 0, 0, 0, 0, 0, 0, 0, 0, 0, 0, 0, 0] (0.000s)
  Sub: Z₀=28.781373 [LOCAL] (1.1s), α=[0.000,0.823,0.000,0.000,0.000,0.000,0.000,0.000,0.000,0.000,0.050,0.000,0.000,0.000,0.000,0.000,0.000,0.000,0.000,0.000,0.000,0.000,0.000,0.206,0.000,0.000,0.000,1.785,0.000,0.000,0.000,0.000,0.000,0.000,2.589,0.000,0.000,0.000,0.000,0.000,0.000,0.000,0.000,0.000,0.000,0.000,0.000,0.000,0.000,0.000,0.000,0.000,0.000,0.000,0.000,0.000,0.000,0.000,0.000,0.000,0.000,0.000,1.032,0.000,0.000,0.000,0.000,0.000,0.000,0.000,0.000,0.000,3.958,0.000,0.000,0.000]
  Iter 47: LB=14.013395  UB=25.328862  gap=4.47e-01
  Cut: intercept=-1087.610774, π_x_range=[-827.4921, 574.2237]
  Mini-Benders[1] (mw): LB=14.023028, Z₀(α*)=15.470807, intercept=-14.986245 (10.422s) [OMP=10.103 ISP-L=0.053 ISP-F=0.140 MW-L=0.043 MW-F=0.076]
  Mini-Benders[2] (mw): LB=14.025887, Z₀(α*)=20.571902, intercept=6.896607 (10.234s) [OMP=9.901 ISP-L=0.052 ISP-F=0.133 MW-L=0.074 MW-F=0.077]
  Mini-Benders[3] (mw): LB=14.064738, Z₀(α*)=14.923685, intercept=-85.929666 (10.797s) [OMP=10.476 ISP-L=0.052 ISP-F=0.134 MW-L=0.047 MW-F=0.080]
  Mini-Benders[4] (mw): LB=14.157572, Z₀(α*)=11.896963, intercept=-15.033104 (10.328s) [OMP=10.028 ISP-L=0.053 ISP-F=0.129 MW-L=0.043 MW-F=0.076]
  Mini-Benders[5] (mw): LB=14.157572, Z₀(α*)=11.896963, intercept=-15.033104 (10.750s) [OMP=10.425 ISP-L=0.052 ISP-F=0.130 MW-L=0.043 MW-F=0.093]
  α-step: Z₀=29.387090, α=[0.000,0.000,0.000,0.000,0.000,0.000,0.000,0.000,0.000,0.000,0.000,0.000,0.000,0.000,0.000,0.000,0.000,0.000,0.000,0.000,0.000,0.000,0.000,0.000,0.000,0.000,0.000,0.000,0.000,0.000,0.000,0.000,0.000,0.000,4.064,0.000,0.000,0.000,0.000,0.000,0.000,0.000,0.000,0.000,0.000,0.000,0.000,0.000,0.000,0.000,0.100,2.351,0.000,0.000,0.000,0.000,0.000,0.000,0.000,0.000,0.000,0.000,0.000,0.000,0.000,0.000,0.000,0.000,0.000,0.000,0.000,1.476,2.451,0.000,0.000,0.000]
  Alt-Benders[1] (mw): LB=14.168129, Z₀(α*)=1.854240, intercept=-43.621191 (10.500s) [OMP=10.199 ISP-L=0.052 ISP-F=0.128 MW-L=0.050 MW-F=0.076]
  Alt-Benders[2] (mw): LB=14.168129, Z₀(α*)=1.854240, intercept=-43.621191 (10.516s) [OMP=10.206 ISP-L=0.053 ISP-F=0.129 MW-L=0.050 MW-F=0.077]
  Alt-Benders[3] (mw): LB=14.168129, Z₀(α*)=1.854240, intercept=-43.621191 (10.469s) [OMP=10.144 ISP-L=0.053 ISP-F=0.129 MW-L=0.050 MW-F=0.091]
  Alt-Benders[4]: LB stagnated, break
  OMP re-solve: 0.000s

=== True-DRO Benders iter 48 ===
  OMP: t₀=14.168129, UB=25.328862, gap=4.41e-01, x=[0, 0, 0, 0, 0, 0, 0, 0, 0, 0, 0, 0, 0, 0, 0, 0, 0, 0, 0, 0, 0, 0, 0, 0, 0, 0, 0, 0, 0, 0, 0, 0, 0, 0, 1, 0, 0, 0, 0, 0, 0, 0, 0, 0, 0, 0, 1, 0, 0, 0, 0, 0, 0, 0, 0, 0, 0, 0, 0, 0, 0, 0, 0, 0, 0, 0, 0, 0, 0, 0, 0, 0, 0, 0, 0, 0] (0.000s)
  Sub: Z₀=22.099550 [LOCAL] (0.9s), α=[0.000,0.000,0.000,0.000,0.000,0.000,0.000,0.000,0.000,0.000,0.000,0.000,0.000,0.000,0.000,0.000,0.000,0.000,0.000,0.000,0.000,0.000,0.000,0.000,0.000,0.000,0.000,0.000,0.000,0.000,0.000,0.000,0.000,0.000,7.997,0.000,0.000,0.000,0.000,0.000,0.000,0.000,0.000,0.000,0.000,0.000,0.000,0.000,0.000,0.000,0.000,0.000,0.000,0.000,0.000,0.000,0.000,0.000,0.000,0.000,0.000,0.000,0.000,0.000,0.000,0.000,0.000,0.000,0.000,0.000,0.000,0.000,2.446,0.000,0.000,0.000]
  Iter 48: LB=14.168129  UB=25.328862  gap=4.41e-01
  Cut: intercept=-1136.341827, π_x_range=[-825.8997, 580.3391]
  Mini-Benders[1] (mw): LB=14.169681, Z₀(α*)=27.502973, intercept=28.301781 (9.938s) [OMP=9.613 ISP-L=0.052 ISP-F=0.137 MW-L=0.045 MW-F=0.082]
  Mini-Benders[2] (mw): LB=14.248829, Z₀(α*)=23.237502, intercept=-33.598666 (10.468s) [OMP=10.163 ISP-L=0.053 ISP-F=0.130 MW-L=0.042 MW-F=0.076]
  Mini-Benders[3] (mw): LB=14.353429, Z₀(α*)=18.100080, intercept=12.773017 (10.828s) [OMP=10.508 ISP-L=0.053 ISP-F=0.129 MW-L=0.041 MW-F=0.096]
  Mini-Benders[4] (mw): LB=14.423922, Z₀(α*)=9.420681, intercept=-37.157807 (10.672s) [OMP=10.374 ISP-L=0.053 ISP-F=0.128 MW-L=0.041 MW-F=0.076]
  Mini-Benders[5] (mw): LB=14.423922, Z₀(α*)=9.420681, intercept=-37.157807 (10.922s) [OMP=10.646 ISP-L=0.018 ISP-F=0.128 MW-L=0.039 MW-F=0.075]
  α-step: Z₀=22.485429, α=[0.000,0.000,0.000,0.000,0.000,0.000,0.000,0.000,0.000,0.000,0.000,0.000,0.000,0.000,0.000,0.000,0.000,0.000,0.000,0.000,0.000,0.000,0.000,0.000,0.000,0.000,0.000,0.000,0.000,0.000,0.000,0.000,0.000,0.000,2.589,0.000,0.000,0.000,0.000,0.000,0.000,0.000,0.000,0.000,0.000,0.000,0.000,0.000,0.000,0.000,0.000,0.000,0.000,0.000,0.000,0.000,0.000,0.000,0.000,0.000,0.000,0.000,0.000,0.000,0.000,0.000,0.000,0.000,0.000,0.000,0.000,0.000,7.854,0.000,0.000,0.000]
  Alt-Benders[1] (mw): LB=14.483551, Z₀(α*)=22.908729, intercept=-45.002267 (10.422s) [OMP=10.133 ISP-L=0.019 ISP-F=0.131 MW-L=0.045 MW-F=0.093]
  Alt-Benders[2] (mw): LB=14.529430, Z₀(α*)=16.110375, intercept=-64.300042 (10.547s) [OMP=10.248 ISP-L=0.053 ISP-F=0.131 MW-L=0.041 MW-F=0.072]
  Alt-Benders[3] (mw): LB=14.559883, Z₀(α*)=27.173732, intercept=-28.350854 (10.500s) [OMP=10.191 ISP-L=0.051 ISP-F=0.128 MW-L=0.055 MW-F=0.076]
  Alt-Benders[4] (mw): LB=14.736878, Z₀(α*)=28.503074, intercept=7.806224 (11.844s) [OMP=11.526 ISP-L=0.052 ISP-F=0.129 MW-L=0.053 MW-F=0.074]
  Alt-Benders[5] (mw): LB=14.806914, Z₀(α*)=30.214191, intercept=9.049083 (10.297s) [OMP=9.988 ISP-L=0.013 ISP-F=0.133 MW-L=0.055 MW-F=0.116]
  OMP re-solve: 10.281s

=== True-DRO Benders iter 49 ===
  OMP: t₀=14.828277, UB=25.328862, gap=4.15e-01, x=[0, 0, 0, 0, 0, 0, 0, 0, 0, 0, 0, 0, 0, 0, 0, 0, 0, 0, 0, 0, 0, 0, 0, 0, 0, 0, 0, 1, 0, 0, 0, 0, 0, 0, 0, 0, 0, 0, 0, 0, 0, 0, 0, 0, 0, 0, 0, 0, 0, 0, 0, 0, 0, 0, 0, 0, 0, 0, 0, 0, 0, 0, 0, 0, 0, 0, 0, 0, 0, 0, 0, 1, 0, 0, 0, 0] (0.000s)
  Sub: Z₀=22.081679 [LOCAL] (0.8s), α=[0.000,0.000,0.000,0.000,0.000,0.000,0.000,0.000,0.000,0.000,0.000,0.000,0.000,0.000,0.000,0.000,0.000,0.000,0.000,0.000,0.000,0.000,0.000,0.000,0.000,0.000,0.000,0.000,0.000,0.000,0.000,0.000,0.000,0.000,0.000,0.000,0.000,0.000,0.000,0.000,0.000,0.000,0.000,0.000,0.000,0.000,0.000,0.000,0.000,0.000,0.000,0.000,0.000,0.000,0.000,0.000,0.000,0.000,0.000,0.000,0.000,0.000,0.000,0.000,0.000,0.000,0.000,0.000,0.000,0.000,0.000,6.831,3.612,0.000,0.000,0.000]
  Iter 49: LB=14.828277  UB=25.328862  gap=4.15e-01
  Cut: intercept=-1140.373230, π_x_range=[-825.9371, 593.6230]
  Mini-Benders[1] (mw): LB=14.843300, Z₀(α*)=7.421596, intercept=-26.030274 (10.594s) [OMP=10.297 ISP-L=0.051 ISP-F=0.132 MW-L=0.047 MW-F=0.076]
  Mini-Benders[2] (mw): LB=14.843300, Z₀(α*)=7.421596, intercept=-26.030274 (11.281s) [OMP=10.984 ISP-L=0.050 ISP-F=0.132 MW-L=0.047 MW-F=0.076]
  Mini-Benders[3] (mw): LB=14.843300, Z₀(α*)=7.421596, intercept=-26.030274 (11.859s) [OMP=11.536 ISP-L=0.050 ISP-F=0.132 MW-L=0.062 MW-F=0.076]
  Mini-Benders[4]: LB stagnated, break
  α-step: Z₀=27.352138, α=[0.000,0.000,0.000,0.000,0.000,0.000,0.000,0.000,0.000,0.000,2.522,0.000,0.000,0.000,0.000,0.000,0.000,0.000,0.000,0.000,0.548,0.000,0.000,0.000,0.000,0.000,0.000,0.000,0.000,0.000,0.000,0.000,0.000,0.000,1.955,0.000,0.000,0.000,0.000,0.000,0.000,0.000,0.000,0.000,0.000,0.000,0.000,0.000,0.000,0.000,0.000,0.000,0.000,0.000,0.000,0.000,0.000,0.000,0.000,0.000,0.000,0.000,0.000,0.000,0.000,0.000,0.000,0.000,0.000,0.000,0.000,0.000,5.418,0.000,0.000,0.000]
  Alt-Benders[1] (mw): LB=14.845380, Z₀(α*)=30.031579, intercept=22.876885 (10.453s) [OMP=10.147 ISP-L=0.053 ISP-F=0.134 MW-L=0.043 MW-F=0.074]
  Alt-Benders[2] (mw): LB=14.859785, Z₀(α*)=30.091507, intercept=-0.707247 (10.641s) [OMP=10.356 ISP-L=0.013 ISP-F=0.133 MW-L=0.038 MW-F=0.088]
  Alt-Benders[3] (mw): LB=14.895861, Z₀(α*)=6.310240, intercept=-53.930731 (10.890s) [OMP=10.603 ISP-L=0.018 ISP-F=0.139 MW-L=0.060 MW-F=0.077]
  Alt-Benders[4] (mw): LB=14.895861, Z₀(α*)=6.310240, intercept=-53.930731 (11.782s) [OMP=11.460 ISP-L=0.054 ISP-F=0.139 MW-L=0.044 MW-F=0.078]
  Alt-Benders[5] (mw): LB=14.895861, Z₀(α*)=6.310240, intercept=-53.930731 (10.453s) [OMP=10.144 ISP-L=0.053 ISP-F=0.139 MW-L=0.044 MW-F=0.077]
  OMP re-solve: 10.136s

=== True-DRO Benders iter 50 ===
  OMP: t₀=14.895861, UB=25.328862, gap=4.12e-01, x=[0, 0, 0, 0, 0, 0, 0, 0, 0, 0, 0, 0, 0, 1, 0, 0, 0, 0, 0, 0, 0, 0, 0, 0, 0, 0, 0, 0, 0, 0, 0, 0, 0, 0, 1, 0, 0, 0, 0, 0, 0, 0, 0, 0, 0, 0, 0, 0, 0, 0, 0, 0, 0, 0, 0, 0, 0, 0, 0, 0, 0, 0, 0, 0, 0, 0, 0, 0, 0, 0, 0, 0, 0, 0, 0, 0] (0.000s)
  Sub: Z₀=22.165171 [TIME_LIMIT] (15.6s), α=[0.000,0.000,0.000,0.000,0.000,0.000,0.000,0.000,0.000,0.000,0.000,0.000,0.000,0.000,0.000,0.000,0.000,0.000,0.000,0.000,0.000,0.000,0.000,0.000,0.000,0.000,0.000,0.000,0.000,0.000,0.000,0.000,0.000,0.000,8.070,0.000,0.000,0.000,0.000,0.000,0.000,0.000,0.000,0.000,0.000,0.000,0.000,0.000,0.000,0.000,0.000,0.000,0.000,0.000,0.000,0.000,0.000,0.000,0.000,0.000,0.000,0.000,0.000,0.000,0.000,0.000,0.000,0.000,0.000,0.000,0.000,0.000,2.373,0.000,0.000,0.000]
  Iter 50: LB=14.895861  UB=25.328862  gap=4.12e-01
  Cut: intercept=-93.079753, π_x_range=[-277.0000, 61.3031]
  Mini-Benders[1] (mw): LB=14.910345, Z₀(α*)=11.236980, intercept=-1.507710 (11.953s) [OMP=11.648 ISP-L=0.053 ISP-F=0.133 MW-L=0.046 MW-F=0.072]
  Mini-Benders[2] (mw): LB=14.910345, Z₀(α*)=11.236980, intercept=-1.507710 (11.500s) [OMP=11.189 ISP-L=0.053 ISP-F=0.133 MW-L=0.046 MW-F=0.072]
  Mini-Benders[3] (mw): LB=14.910345, Z₀(α*)=11.236980, intercept=-1.507710 (11.469s) [OMP=11.161 ISP-L=0.053 ISP-F=0.133 MW-L=0.045 MW-F=0.072]
  Mini-Benders[4]: LB stagnated, break
  α-step: Z₀=29.797803, α=[0.000,0.000,0.000,0.000,0.000,0.000,0.000,0.000,0.000,0.000,0.000,0.000,0.000,0.000,0.000,0.000,2.216,0.000,0.000,0.000,0.000,0.000,0.000,0.000,0.000,0.000,0.000,0.000,0.000,0.000,0.000,0.000,0.000,0.000,3.798,0.000,0.000,0.000,0.000,0.000,0.000,0.000,0.000,0.000,0.000,0.000,0.000,0.000,0.000,0.000,0.991,0.000,0.000,0.000,0.000,0.000,0.000,0.000,0.000,0.000,0.000,0.000,0.000,0.000,0.000,0.000,0.000,0.000,0.000,0.000,0.000,0.000,3.437,0.000,0.000,0.000]
  Alt-Benders[1] (mw): LB=14.923683, Z₀(α*)=16.038546, intercept=-87.419039 (12.062s) [OMP=11.748 ISP-L=0.052 ISP-F=0.137 MW-L=0.054 MW-F=0.078]
  Alt-Benders[2] (mw): LB=14.934881, Z₀(α*)=28.777217, intercept=-15.042374 (11.156s) [OMP=10.831 ISP-L=0.050 ISP-F=0.133 MW-L=0.053 MW-F=0.077]
  Alt-Benders[3] (mw): LB=15.261802, Z₀(α*)=24.728617, intercept=-79.598628 (11.782s) [OMP=11.478 ISP-L=0.053 ISP-F=0.140 MW-L=0.042 MW-F=0.075]
  Alt-Benders[4] (mw): LB=15.296888, Z₀(α*)=20.147973, intercept=-10.147566 (11.890s) [OMP=11.563 ISP-L=0.053 ISP-F=0.133 MW-L=0.044 MW-F=0.096]
  Alt-Benders[5] (mw): LB=15.443528, Z₀(α*)=14.555474, intercept=-71.554035 (11.453s) [OMP=11.151 ISP-L=0.051 ISP-F=0.129 MW-L=0.045 MW-F=0.073]
  OMP re-solve: 10.892s

=== True-DRO Benders iter 51 ===
  OMP: t₀=15.443528, UB=25.328862, gap=3.90e-01, x=[0, 0, 0, 0, 0, 0, 0, 0, 0, 0, 0, 0, 0, 0, 0, 0, 0, 0, 0, 0, 0, 0, 0, 0, 0, 0, 0, 0, 0, 0, 0, 0, 0, 0, 0, 0, 0, 0, 0, 1, 0, 0, 1, 0, 0, 0, 0, 0, 0, 0, 0, 0, 0, 0, 0, 0, 0, 0, 0, 0, 0, 0, 0, 0, 0, 0, 0, 0, 0, 0, 0, 0, 0, 0, 0, 0] (0.000s)
  Sub: Z₀=28.197414 [LOCAL] (0.9s), α=[0.000,0.000,0.000,0.000,0.000,0.000,0.000,0.000,0.000,0.000,2.600,0.000,0.000,0.019,0.000,0.000,1.055,0.000,0.000,0.000,0.013,0.000,0.000,0.000,0.000,0.000,0.000,0.000,0.000,0.000,0.000,0.000,0.000,0.000,0.505,0.000,0.000,0.000,0.000,0.000,0.000,0.000,3.477,0.000,0.000,0.000,0.000,0.000,0.000,0.013,0.000,0.000,0.000,0.000,0.000,0.000,0.000,0.000,0.000,0.000,0.000,0.000,0.000,0.000,0.000,0.000,0.000,0.000,0.000,0.000,0.000,0.000,2.762,0.000,0.000,0.000]
  Iter 51: LB=15.443528  UB=25.328862  gap=3.90e-01
  Cut: intercept=-1063.414978, π_x_range=[-828.3006, 559.6046]
  Mini-Benders[1] (mw): LB=15.461412, Z₀(α*)=17.530613, intercept=-26.789349 (11.953s) [OMP=11.635 ISP-L=0.051 ISP-F=0.131 MW-L=0.053 MW-F=0.075]
  Mini-Benders[2] (mw): LB=15.470805, Z₀(α*)=-7.610123, intercept=-22.147120 (10.938s) [OMP=10.607 ISP-L=0.052 ISP-F=0.131 MW-L=0.059 MW-F=0.078]
  Mini-Benders[3] (mw): LB=15.470805, Z₀(α*)=-7.610123, intercept=-22.147120 (11.062s) [OMP=10.757 ISP-L=0.053 ISP-F=0.131 MW-L=0.045 MW-F=0.078]
  Mini-Benders[4] (mw): LB=15.470805, Z₀(α*)=-7.610123, intercept=-22.147120 (11.141s) [OMP=10.825 ISP-L=0.053 ISP-F=0.131 MW-L=0.045 MW-F=0.078]
  Mini-Benders[5]: LB stagnated, break
  α-step: Z₀=26.891822, α=[0.000,0.000,0.000,0.000,0.000,0.000,0.000,0.000,0.000,0.000,0.000,0.000,0.000,0.000,0.000,0.000,1.148,0.000,0.000,0.000,0.000,0.000,0.000,0.000,0.000,0.000,0.000,0.000,0.000,0.000,0.000,0.000,0.000,0.000,2.589,0.000,0.000,0.000,0.000,0.000,0.000,0.000,0.000,0.000,0.000,0.000,0.000,0.000,0.000,0.000,2.532,0.000,0.000,0.496,0.000,0.000,0.000,0.000,0.000,0.000,0.000,0.000,0.000,0.000,0.000,0.000,0.000,0.000,0.000,0.000,0.000,0.000,3.678,0.000,0.000,0.000]
  Alt-Benders[1] (mw): LB=15.524530, Z₀(α*)=6.176800, intercept=-22.655251 (11.984s) [OMP=11.681 ISP-L=0.053 ISP-F=0.129 MW-L=0.057 MW-F=0.071]
  Alt-Benders[2] (mw): LB=15.524530, Z₀(α*)=6.176800, intercept=-22.655251 (11.312s) [OMP=11.014 ISP-L=0.053 ISP-F=0.129 MW-L=0.042 MW-F=0.071]
  Alt-Benders[3] (mw): LB=15.524530, Z₀(α*)=6.176800, intercept=-22.655251 (11.235s) [OMP=10.931 ISP-L=0.053 ISP-F=0.129 MW-L=0.042 MW-F=0.071]
  Alt-Benders[4]: LB stagnated, break
  OMP re-solve: 0.000s

=== True-DRO Benders iter 52 ===
  OMP: t₀=15.524530, UB=25.328862, gap=3.87e-01, x=[0, 0, 0, 0, 0, 0, 0, 0, 0, 0, 0, 0, 0, 0, 0, 0, 0, 0, 0, 0, 0, 0, 0, 0, 0, 0, 0, 0, 0, 0, 0, 0, 0, 0, 0, 0, 0, 0, 0, 0, 0, 0, 0, 0, 0, 0, 1, 0, 0, 0, 0, 0, 0, 0, 0, 0, 0, 0, 0, 0, 0, 0, 0, 0, 0, 0, 0, 0, 0, 0, 0, 0, 1, 0, 0, 0] (0.000s)
  Sub: Z₀=26.264114 [LOCAL] (0.9s), α=[0.000,0.000,0.000,0.000,0.000,0.000,0.000,0.000,0.000,0.000,0.000,0.000,0.000,0.000,0.000,0.000,0.000,0.000,0.000,0.000,0.000,0.000,0.000,0.000,0.000,0.000,0.000,0.000,0.000,0.000,0.000,0.000,0.000,0.000,0.708,0.000,0.000,0.000,0.000,0.000,0.000,0.000,0.000,0.000,0.000,0.000,0.000,0.000,0.000,0.000,0.000,0.000,0.000,0.000,0.000,0.000,0.000,0.000,0.000,0.000,0.000,0.000,0.000,0.000,0.000,0.000,0.000,0.000,0.000,0.000,0.000,0.000,9.735,0.000,0.000,0.000]
  Iter 52: LB=15.524530  UB=25.328862  gap=3.87e-01
  Cut: intercept=-1136.527249, π_x_range=[-827.9484, 582.0258]
  Mini-Benders[1] (mw): LB=15.571624, Z₀(α*)=22.965111, intercept=2.066951 (11.812s) [OMP=11.503 ISP-L=0.052 ISP-F=0.131 MW-L=0.059 MW-F=0.072]
  Mini-Benders[2] (mw): LB=15.582168, Z₀(α*)=17.987480, intercept=-39.327225 (11.907s) [OMP=11.594 ISP-L=0.053 ISP-F=0.131 MW-L=0.050 MW-F=0.071]
  Mini-Benders[3] (mw): LB=15.601451, Z₀(α*)=26.309164, intercept=-30.043807 (11.406s) [OMP=11.082 ISP-L=0.053 ISP-F=0.132 MW-L=0.047 MW-F=0.081]
  Mini-Benders[4] (mw): LB=15.605329, Z₀(α*)=22.978914, intercept=-34.405431 (12.031s) [OMP=11.738 ISP-L=0.053 ISP-F=0.130 MW-L=0.042 MW-F=0.073]
  Mini-Benders[5] (mw): LB=15.645611, Z₀(α*)=15.343317, intercept=-48.570847 (12.187s) [OMP=11.881 ISP-L=0.052 ISP-F=0.130 MW-L=0.058 MW-F=0.070]
  α-step: Z₀=24.235582, α=[0.000,0.000,0.000,0.000,0.000,0.000,0.000,0.000,0.000,0.000,0.000,0.000,0.000,0.000,0.000,0.000,0.000,0.000,0.000,0.000,0.000,0.000,0.000,0.000,0.000,0.000,0.000,0.000,0.000,0.000,0.000,0.000,0.000,0.000,3.252,0.000,0.000,0.000,0.000,0.000,0.000,0.000,0.000,0.000,0.000,0.000,0.000,0.000,0.000,0.000,0.000,0.000,0.000,0.000,0.000,0.000,0.000,0.000,0.000,0.000,0.000,0.000,0.000,0.000,0.000,0.000,0.000,0.000,0.000,0.000,0.000,0.000,7.191,0.000,0.000,0.000]
  Alt-Benders[1] (mw): LB=15.918673, Z₀(α*)=24.826961, intercept=-34.591266 (10.906s) [OMP=10.617 ISP-L=0.053 ISP-F=0.132 MW-L=0.044 MW-F=0.069]
  Alt-Benders[2] (mw): LB=15.937654, Z₀(α*)=20.481965, intercept=-56.512836 (11.219s) [OMP=10.901 ISP-L=0.051 ISP-F=0.126 MW-L=0.050 MW-F=0.089]
  Alt-Benders[3] (mw): LB=15.939741, Z₀(α*)=29.332730, intercept=-25.275616 (10.984s) [OMP=10.641 ISP-L=0.053 ISP-F=0.129 MW-L=0.053 MW-F=0.097]
  Alt-Benders[4] (mw): LB=15.956404, Z₀(α*)=11.466387, intercept=-64.963465 (10.953s) [OMP=10.656 ISP-L=0.052 ISP-F=0.128 MW-L=0.044 MW-F=0.076]
  Alt-Benders[5] (mw): LB=15.956404, Z₀(α*)=11.466387, intercept=-64.963465 (11.985s) [OMP=11.683 ISP-L=0.053 ISP-F=0.128 MW-L=0.044 MW-F=0.076]
  OMP re-solve: 11.252s

=== True-DRO Benders iter 53 ===
  OMP: t₀=15.956404, UB=25.328862, gap=3.70e-01, x=[0, 0, 0, 1, 0, 0, 0, 0, 0, 0, 0, 0, 0, 0, 0, 0, 0, 0, 0, 0, 0, 0, 0, 0, 0, 0, 0, 0, 0, 0, 0, 0, 0, 0, 0, 0, 0, 0, 0, 0, 0, 0, 0, 0, 0, 0, 0, 0, 0, 0, 0, 0, 0, 0, 0, 0, 0, 0, 0, 0, 0, 0, 0, 0, 0, 0, 0, 0, 0, 0, 0, 1, 0, 0, 0, 0] (0.000s)
  Sub: Z₀=22.074989 [LOCAL] (0.8s), α=[0.000,0.000,0.000,0.000,0.000,0.000,0.000,0.000,0.000,0.000,0.000,0.000,0.000,0.000,0.000,0.000,0.000,0.000,0.000,0.000,0.000,0.000,0.000,0.000,0.000,0.000,0.000,0.000,0.000,0.000,0.000,0.000,0.000,0.000,0.000,0.000,0.000,0.000,0.000,0.000,0.000,0.000,0.000,0.000,0.000,0.000,0.000,0.000,0.000,0.000,0.000,0.000,0.000,0.000,0.000,0.000,0.000,0.000,0.000,0.000,0.000,0.000,0.000,0.000,0.000,0.000,0.000,0.000,0.000,0.000,0.000,6.826,3.616,0.000,0.000,0.000]
  Iter 53: LB=15.956404  UB=25.328862  gap=3.70e-01
  Cut: intercept=-1112.192271, π_x_range=[-825.9156, 568.7970]
  Mini-Benders[1] (mw): LB=15.959342, Z₀(α*)=3.254303, intercept=-31.135035 (10.469s) [OMP=10.171 ISP-L=0.053 ISP-F=0.129 MW-L=0.044 MW-F=0.074]
  Mini-Benders[2] (mw): LB=15.959342, Z₀(α*)=3.254303, intercept=-31.135035 (11.031s) [OMP=10.730 ISP-L=0.053 ISP-F=0.128 MW-L=0.044 MW-F=0.073]
  Mini-Benders[3] (mw): LB=15.959342, Z₀(α*)=3.254303, intercept=-31.135035 (11.109s) [OMP=10.794 ISP-L=0.053 ISP-F=0.128 MW-L=0.046 MW-F=0.076]
  Mini-Benders[4]: LB stagnated, break
  α-step: Z₀=25.743997, α=[0.000,0.000,0.000,0.000,0.000,0.000,0.000,0.000,0.000,0.000,0.000,0.000,0.000,0.000,0.000,0.000,0.000,0.000,0.000,0.000,0.000,0.000,0.000,0.000,0.000,0.000,0.000,0.000,0.000,0.000,0.000,0.000,0.000,0.000,5.250,0.000,0.000,0.000,0.000,0.000,0.000,0.000,0.000,0.000,0.000,0.000,0.000,0.000,0.000,0.000,2.532,0.000,0.000,0.000,0.000,0.000,0.000,0.000,0.000,0.000,0.000,0.000,0.000,0.000,0.000,0.000,0.000,0.000,0.000,0.000,0.000,2.661,0.000,0.000,0.000,0.000]
  Alt-Benders[1] (mw): LB=15.964272, Z₀(α*)=-7.575418, intercept=-11.652875 (10.813s) [OMP=10.509 ISP-L=0.053 ISP-F=0.130 MW-L=0.044 MW-F=0.072]
  Alt-Benders[2] (mw): LB=15.964272, Z₀(α*)=-7.575418, intercept=-11.652875 (11.297s) [OMP=10.997 ISP-L=0.053 ISP-F=0.130 MW-L=0.044 MW-F=0.071]
  Alt-Benders[3] (mw): LB=15.964272, Z₀(α*)=-7.575418, intercept=-11.652875 (11.515s) [OMP=11.218 ISP-L=0.052 ISP-F=0.130 MW-L=0.042 MW-F=0.070]
  Alt-Benders[4]: LB stagnated, break
  OMP re-solve: 0.000s

=== True-DRO Benders iter 54 ===
  OMP: t₀=15.964272, UB=25.328862, gap=3.70e-01, x=[0, 0, 0, 0, 0, 0, 0, 0, 0, 0, 0, 0, 0, 0, 0, 0, 0, 0, 0, 0, 0, 0, 1, 0, 0, 0, 0, 0, 0, 0, 0, 0, 0, 0, 0, 0, 0, 0, 0, 0, 0, 0, 0, 0, 0, 0, 0, 0, 0, 0, 0, 0, 0, 0, 0, 0, 0, 0, 0, 0, 0, 0, 0, 0, 0, 0, 0, 0, 0, 0, 0, 0, 1, 0, 0, 0] (0.000s)
  Sub: Z₀=26.264114 [LOCAL] (1.0s), α=[0.000,0.000,0.000,0.000,0.000,0.000,0.000,0.000,0.000,0.000,0.000,0.000,0.000,0.000,0.000,0.000,0.000,0.000,0.000,0.000,0.000,0.000,0.000,0.000,0.000,0.000,0.000,0.000,0.000,0.000,0.000,0.000,0.000,0.000,0.708,0.000,0.000,0.000,0.000,0.000,0.000,0.000,0.000,0.000,0.000,0.000,0.000,0.000,0.000,0.000,0.000,0.000,0.000,0.000,0.000,0.000,0.000,0.000,0.000,0.000,0.000,0.000,0.000,0.000,0.000,0.000,0.000,0.000,0.000,0.000,0.000,0.000,9.735,0.000,0.000,0.000]
  Iter 54: LB=15.964272  UB=25.328862  gap=3.70e-01
  Cut: intercept=-1148.278744, π_x_range=[-828.7768, 587.2898]
  Mini-Benders[1] (mw): LB=15.985423, Z₀(α*)=29.737643, intercept=-29.843486 (10.984s) [OMP=10.673 ISP-L=0.052 ISP-F=0.130 MW-L=0.042 MW-F=0.075]
  Mini-Benders[2] (mw): LB=15.990065, Z₀(α*)=22.965111, intercept=-30.828575 (11.297s) [OMP=11.036 ISP-L=0.013 ISP-F=0.127 MW-L=0.039 MW-F=0.076]
  Mini-Benders[3] (mw): LB=16.038544, Z₀(α*)=22.946476, intercept=-75.337484 (11.000s) [OMP=10.705 ISP-L=0.052 ISP-F=0.129 MW-L=0.053 MW-F=0.071]
  Mini-Benders[4] (mw): LB=16.110373, Z₀(α*)=20.592810, intercept=-64.300043 (11.031s) [OMP=10.699 ISP-L=0.052 ISP-F=0.133 MW-L=0.065 MW-F=0.075]
  Mini-Benders[5] (mw): LB=16.134982, Z₀(α*)=22.822103, intercept=-23.014355 (11.016s) [OMP=10.706 ISP-L=0.052 ISP-F=0.130 MW-L=0.045 MW-F=0.078]
  α-step: Z₀=28.226098, α=[0.000,3.330,0.000,0.000,0.000,0.000,0.000,0.000,0.000,0.000,0.000,0.000,0.000,0.000,0.000,0.000,3.185,0.000,0.000,0.000,0.000,0.000,0.000,0.000,0.000,0.000,0.000,0.000,0.000,0.000,0.000,0.000,0.000,0.000,0.000,0.000,0.000,0.000,0.000,0.000,0.000,0.000,0.000,0.000,0.000,0.000,0.000,0.000,0.000,0.000,0.000,0.000,0.000,0.000,0.000,0.000,0.000,0.000,0.000,0.000,0.000,0.000,0.000,0.000,0.000,0.000,0.000,0.000,0.000,0.000,0.000,0.000,3.927,0.000,0.000,0.000]
  Alt-Benders[1] (mw): LB=16.153643, Z₀(α*)=18.285916, intercept=18.285915 (10.797s) [OMP=10.494 ISP-L=0.053 ISP-F=0.131 MW-L=0.044 MW-F=0.071]
  Alt-Benders[2] (mw): LB=16.170481, Z₀(α*)=18.285916, intercept=18.285915 (11.359s) [OMP=11.022 ISP-L=0.054 ISP-F=0.133 MW-L=0.057 MW-F=0.079]
  Alt-Benders[3] (mw): LB=16.270381, Z₀(α*)=5.779125, intercept=-41.982356 (11.501s) [OMP=11.242 ISP-L=0.017 ISP-F=0.132 MW-L=0.041 MW-F=0.077]
  Alt-Benders[4] (mw): LB=16.270381, Z₀(α*)=5.779125, intercept=-41.982355 (11.593s) [OMP=11.270 ISP-L=0.051 ISP-F=0.132 MW-L=0.051 MW-F=0.077]
  Alt-Benders[5] (mw): LB=16.270381, Z₀(α*)=5.779125, intercept=-41.982355 (11.469s) [OMP=11.158 ISP-L=0.050 ISP-F=0.131 MW-L=0.051 MW-F=0.077]
  OMP re-solve: 11.497s

=== True-DRO Benders iter 55 ===
  OMP: t₀=16.270381, UB=25.328862, gap=3.58e-01, x=[0, 0, 0, 0, 0, 0, 0, 0, 0, 0, 0, 0, 0, 0, 0, 0, 0, 0, 0, 0, 0, 0, 0, 0, 0, 0, 0, 0, 0, 0, 0, 0, 0, 0, 0, 0, 0, 0, 0, 0, 0, 0, 1, 0, 0, 0, 0, 0, 0, 0, 1, 0, 0, 0, 0, 0, 0, 0, 0, 0, 0, 0, 0, 0, 0, 0, 0, 0, 0, 0, 0, 0, 0, 0, 0, 0] (0.000s)
  Sub: Z₀=28.220907 [TIME_LIMIT] (15.5s), α=[0.000,0.000,0.000,0.000,0.000,0.000,0.000,0.000,0.000,0.000,2.522,0.000,0.000,0.000,0.000,0.000,0.000,0.000,0.000,0.000,0.000,0.000,0.000,0.000,0.000,0.000,0.000,0.000,0.000,0.000,0.000,0.000,0.000,0.000,1.524,0.000,0.000,0.000,0.000,0.000,0.000,0.000,3.554,0.000,0.000,0.000,0.000,0.000,0.000,0.017,0.000,0.000,0.000,0.000,0.000,0.000,0.000,0.000,0.000,0.000,0.000,0.000,0.000,0.000,0.000,0.000,0.000,0.000,0.000,0.000,0.000,0.000,2.825,0.000,0.000,0.000]
  Iter 55: LB=16.270381  UB=25.328862  gap=3.58e-01
  Cut: intercept=-37.861680, π_x_range=[-280.9997, 56.0140]
  Mini-Benders[1] (mw): LB=16.527133, Z₀(α*)=16.188215, intercept=0.597020 (11.156s) [OMP=10.839 ISP-L=0.054 ISP-F=0.145 MW-L=0.049 MW-F=0.074]
  Mini-Benders[2] (mw): LB=16.527133, Z₀(α*)=16.188215, intercept=0.597020 (11.468s) [OMP=11.182 ISP-L=0.014 ISP-F=0.145 MW-L=0.041 MW-F=0.075]
  Mini-Benders[3] (mw): LB=16.527133, Z₀(α*)=16.188215, intercept=0.597020 (11.531s) [OMP=11.245 ISP-L=0.012 ISP-F=0.145 MW-L=0.039 MW-F=0.092]
  Mini-Benders[4]: LB stagnated, break
  α-step: Z₀=31.582465, α=[0.000,0.000,0.000,0.000,0.000,0.000,0.000,0.000,0.000,0.000,2.522,0.000,0.000,0.000,0.000,0.000,0.000,0.000,0.000,0.000,0.594,0.000,0.000,0.215,0.000,0.000,0.000,0.000,0.000,0.000,0.000,0.000,0.000,0.000,0.000,0.000,0.000,0.000,0.000,0.000,0.000,0.000,0.000,0.000,0.000,0.000,0.000,0.000,0.000,0.000,0.989,0.000,0.000,0.000,0.000,0.000,0.000,0.000,0.000,0.000,0.000,0.000,0.000,0.000,0.000,0.000,0.000,0.000,0.000,0.000,0.000,1.427,4.696,0.000,0.000,0.000]
  Alt-Benders[1] (mw): LB=16.533394, Z₀(α*)=31.582465, intercept=-31.251531 (10.969s) [OMP=10.703 ISP-L=0.013 ISP-F=0.136 MW-L=0.039 MW-F=0.071]
  Alt-Benders[2] (mw): LB=16.615503, Z₀(α*)=30.319567, intercept=23.927107 (10.750s) [OMP=10.438 ISP-L=0.053 ISP-F=0.132 MW-L=0.047 MW-F=0.076]
  Alt-Benders[3] (mw): LB=16.651185, Z₀(α*)=26.828533, intercept=14.416435 (11.078s) [OMP=10.756 ISP-L=0.053 ISP-F=0.131 MW-L=0.046 MW-F=0.090]
  Alt-Benders[4] (mw): LB=16.698989, Z₀(α*)=23.596649, intercept=-20.826693 (11.016s) [OMP=10.720 ISP-L=0.053 ISP-F=0.130 MW-L=0.041 MW-F=0.074]
  Alt-Benders[5] (mw): LB=16.780057, Z₀(α*)=29.486926, intercept=25.514854 (11.172s) [OMP=10.876 ISP-L=0.053 ISP-F=0.132 MW-L=0.041 MW-F=0.067]
  OMP re-solve: 10.914s

=== True-DRO Benders iter 56 ===
  OMP: t₀=16.811983, UB=25.328862, gap=3.36e-01, x=[0, 0, 0, 0, 0, 0, 0, 0, 0, 0, 0, 0, 0, 0, 0, 0, 0, 0, 0, 0, 0, 0, 0, 0, 0, 0, 0, 0, 0, 0, 0, 0, 0, 0, 0, 0, 0, 0, 0, 0, 0, 0, 0, 0, 0, 0, 0, 0, 0, 0, 0, 0, 0, 1, 0, 0, 0, 0, 0, 0, 0, 0, 0, 0, 0, 0, 0, 0, 1, 0, 0, 0, 0, 0, 0, 0] (0.000s)
  Sub: Z₀=26.255036 [LOCAL] (1.0s), α=[0.000,0.000,0.000,0.000,0.000,0.000,0.000,0.000,0.000,0.000,0.000,0.000,0.000,0.000,0.000,0.000,0.000,0.000,0.000,0.000,0.000,0.000,0.000,0.000,0.000,0.000,0.000,0.000,0.000,0.000,0.000,0.000,0.000,0.000,5.119,0.000,0.000,0.000,0.000,0.000,0.000,0.000,0.000,0.000,0.000,0.000,0.000,0.000,0.000,0.000,1.552,0.000,0.000,3.476,0.000,0.296,0.000,0.000,0.000,0.000,0.000,0.000,0.000,0.000,0.000,0.000,0.000,0.000,0.000,0.000,0.000,0.000,0.000,0.000,0.000,0.000]
  Iter 56: LB=16.811983  UB=25.328862  gap=3.36e-01
  Cut: intercept=-1126.067591, π_x_range=[-828.8462, 590.2576]
  Mini-Benders[1] (mw): LB=16.822138, Z₀(α*)=17.094727, intercept=-84.481326 (11.016s) [OMP=10.693 ISP-L=0.051 ISP-F=0.131 MW-L=0.050 MW-F=0.092]
  Mini-Benders[2] (mw): LB=16.842370, Z₀(α*)=2.101176, intercept=2.101174 (11.234s) [OMP=10.913 ISP-L=0.053 ISP-F=0.133 MW-L=0.041 MW-F=0.083]
  Mini-Benders[3] (mw): LB=16.842370, Z₀(α*)=2.101176, intercept=2.101174 (11.172s) [OMP=10.856 ISP-L=0.053 ISP-F=0.132 MW-L=0.040 MW-F=0.083]
  Mini-Benders[4] (mw): LB=16.842370, Z₀(α*)=2.101176, intercept=2.101174 (11.203s) [OMP=10.890 ISP-L=0.053 ISP-F=0.132 MW-L=0.040 MW-F=0.083]
  Mini-Benders[5]: LB stagnated, break
  α-step: Z₀=32.011194, α=[0.000,0.000,0.000,0.000,0.000,0.000,0.000,0.000,0.000,0.000,0.000,0.000,0.000,0.000,0.000,0.000,0.000,0.000,0.000,0.000,0.000,0.000,0.000,0.000,0.000,0.000,0.000,0.000,0.000,0.000,0.000,0.000,0.000,0.000,7.008,0.000,0.000,0.000,0.000,0.000,0.000,0.000,0.000,0.000,0.000,0.000,0.000,0.000,0.000,0.000,0.495,0.000,0.000,0.000,0.000,0.000,0.000,0.000,0.000,0.000,0.000,0.000,0.000,0.000,0.000,0.000,0.000,0.000,0.000,0.000,0.000,0.000,2.940,0.000,0.000,0.000]
  Alt-Benders[1] (mw): LB=16.940612, Z₀(α*)=32.011194, intercept=15.488117 (10.797s) [OMP=10.491 ISP-L=0.053 ISP-F=0.133 MW-L=0.041 MW-F=0.072]
  Alt-Benders[2] (mw): LB=16.988072, Z₀(α*)=6.074163, intercept=-11.652873 (10.719s) [OMP=10.401 ISP-L=0.053 ISP-F=0.131 MW-L=0.050 MW-F=0.075]
  Alt-Benders[3] (mw): LB=16.988072, Z₀(α*)=6.074163, intercept=-11.652873 (11.625s) [OMP=11.308 ISP-L=0.053 ISP-F=0.132 MW-L=0.052 MW-F=0.081]
  Alt-Benders[4] (mw): LB=16.988072, Z₀(α*)=6.074163, intercept=-11.652873 (11.640s) [OMP=11.310 ISP-L=0.053 ISP-F=0.132 MW-L=0.066 MW-F=0.075]
  Alt-Benders[5]: LB stagnated, break
  OMP re-solve: 0.000s

=== True-DRO Benders iter 57 ===
  OMP: t₀=16.988072, UB=25.328862, gap=3.29e-01, x=[0, 0, 0, 0, 0, 0, 0, 0, 0, 0, 0, 0, 0, 0, 0, 0, 0, 0, 1, 0, 0, 0, 0, 0, 0, 0, 0, 0, 0, 0, 0, 0, 0, 0, 0, 0, 0, 0, 0, 0, 0, 0, 0, 0, 0, 0, 0, 0, 0, 0, 0, 0, 0, 0, 0, 0, 0, 0, 0, 0, 0, 0, 0, 0, 0, 0, 0, 0, 0, 0, 0, 0, 1, 0, 0, 0] (0.000s)
  Sub: Z₀=26.264114 [LOCAL] (1.0s), α=[0.000,0.000,0.000,0.000,0.000,0.000,0.000,0.000,0.000,0.000,0.000,0.000,0.000,0.000,0.000,0.000,0.000,0.000,0.000,0.000,0.000,0.000,0.000,0.000,0.000,0.000,0.000,0.000,0.000,0.000,0.000,0.000,0.000,0.000,0.708,0.000,0.000,0.000,0.000,0.000,0.000,0.000,0.000,0.000,0.000,0.000,0.000,0.000,0.000,0.000,0.000,0.000,0.000,0.000,0.000,0.000,0.000,0.000,0.000,0.000,0.000,0.000,0.000,0.000,0.000,0.000,0.000,0.000,0.000,0.000,0.000,0.000,9.735,0.000,0.000,0.000]
  Iter 57: LB=16.988072  UB=25.328862  gap=3.29e-01
  Cut: intercept=-1121.079698, π_x_range=[-828.7947, 587.1679]
  Mini-Benders[1] (mw): LB=16.988072, Z₀(α*)=26.309164, intercept=-1.425852 (11.437s) [OMP=11.118 ISP-L=0.054 ISP-F=0.136 MW-L=0.052 MW-F=0.073]
  Mini-Benders[2] (mw): LB=17.016570, Z₀(α*)=23.836881, intercept=-78.527358 (11.188s) [OMP=10.879 ISP-L=0.050 ISP-F=0.132 MW-L=0.055 MW-F=0.072]
  Mini-Benders[3] (mw): LB=17.025115, Z₀(α*)=26.309164, intercept=-11.472807 (11.140s) [OMP=10.806 ISP-L=0.053 ISP-F=0.133 MW-L=0.066 MW-F=0.075]
  Mini-Benders[4] (mw): LB=17.075835, Z₀(α*)=12.841672, intercept=-107.076880 (10.922s) [OMP=10.625 ISP-L=0.054 ISP-F=0.130 MW-L=0.043 MW-F=0.069]
  Mini-Benders[5] (mw): LB=17.075835, Z₀(α*)=12.841672, intercept=-107.076880 (11.484s) [OMP=11.193 ISP-L=0.053 ISP-F=0.129 MW-L=0.043 MW-F=0.069]
  α-step: Z₀=23.872318, α=[0.000,0.000,0.000,0.000,0.000,0.000,0.000,0.000,0.000,0.000,0.000,0.000,0.000,0.000,0.000,0.000,0.000,0.000,0.000,0.000,0.000,0.000,0.000,0.000,0.000,0.000,0.000,0.000,0.000,0.000,0.000,0.000,0.000,0.000,0.000,0.000,0.000,0.000,0.000,0.000,0.000,0.000,0.000,0.000,0.000,0.000,0.000,0.000,0.000,0.000,0.815,0.000,0.000,1.622,0.000,0.000,0.000,0.000,0.000,0.000,0.000,0.000,0.000,0.000,0.000,0.000,0.000,0.000,0.000,0.000,0.000,0.000,8.006,0.000,0.000,0.000]
  Alt-Benders[1] (mw): LB=17.094725, Z₀(α*)=31.029476, intercept=-67.495089 (11.312s) [OMP=11.013 ISP-L=0.051 ISP-F=0.132 MW-L=0.046 MW-F=0.072]
  Alt-Benders[2] (mw): LB=17.105103, Z₀(α*)=27.147662, intercept=-39.166213 (11.360s) [OMP=11.054 ISP-L=0.051 ISP-F=0.130 MW-L=0.049 MW-F=0.071]
  Alt-Benders[3] (mw): LB=17.219454, Z₀(α*)=23.089155, intercept=7.092271 (11.437s) [OMP=11.125 ISP-L=0.052 ISP-F=0.131 MW-L=0.049 MW-F=0.070]
  Alt-Benders[4] (mw): LB=17.220029, Z₀(α*)=26.024287, intercept=-39.920775 (12.203s) [OMP=11.879 ISP-L=0.050 ISP-F=0.131 MW-L=0.052 MW-F=0.098]
  Alt-Benders[5] (mw): LB=17.285735, Z₀(α*)=27.266398, intercept=27.623540 (10.984s) [OMP=10.679 ISP-L=0.053 ISP-F=0.132 MW-L=0.039 MW-F=0.077]
  OMP re-solve: 10.972s

=== True-DRO Benders iter 58 ===
  OMP: t₀=17.312434, UB=25.328862, gap=3.16e-01, x=[0, 0, 0, 0, 0, 0, 0, 0, 0, 0, 0, 0, 0, 0, 0, 0, 0, 0, 0, 0, 0, 0, 0, 0, 0, 0, 0, 0, 0, 1, 0, 0, 0, 0, 0, 0, 0, 0, 0, 0, 0, 0, 1, 0, 0, 0, 0, 0, 0, 0, 0, 0, 0, 0, 0, 0, 0, 0, 0, 0, 0, 0, 0, 0, 0, 0, 0, 0, 0, 0, 0, 0, 0, 0, 0, 0] (0.000s)
  Sub: Z₀=28.411462 [LOCAL] (1.4s), α=[0.000,0.000,0.000,0.000,0.000,0.000,0.000,0.000,0.000,0.000,2.736,0.000,0.000,0.074,0.000,0.000,0.810,0.000,0.000,0.000,0.033,0.000,0.000,0.000,0.000,0.000,0.000,0.000,0.000,0.000,0.000,0.000,0.000,0.000,0.000,0.000,0.000,0.000,0.000,0.000,0.000,0.000,3.692,0.000,0.000,0.000,0.000,0.000,0.000,0.039,0.000,0.000,0.000,0.000,0.000,0.000,0.000,0.000,0.000,0.000,0.000,0.000,0.000,0.000,0.000,0.000,0.000,0.000,0.000,0.000,0.000,0.000,3.059,0.000,0.000,0.000]
  Iter 58: LB=17.312434  UB=25.328862  gap=3.16e-01
  Cut: intercept=-1077.042657, π_x_range=[-827.7172, 580.1798]
  Mini-Benders[1] (mw): LB=17.463053, Z₀(α*)=15.834616, intercept=7.617041 (11.515s) [OMP=11.203 ISP-L=0.053 ISP-F=0.136 MW-L=0.044 MW-F=0.075]
  Mini-Benders[2] (mw): LB=17.463054, Z₀(α*)=15.834616, intercept=7.617041 (11.625s) [OMP=11.297 ISP-L=0.053 ISP-F=0.136 MW-L=0.045 MW-F=0.090]
  Mini-Benders[3] (mw): LB=17.463054, Z₀(α*)=15.834616, intercept=7.617041 (11.735s) [OMP=11.432 ISP-L=0.053 ISP-F=0.136 MW-L=0.043 MW-F=0.074]
  Mini-Benders[4]: LB stagnated, break
  α-step: Z₀=31.898388, α=[0.000,0.000,0.000,0.000,0.000,0.000,0.000,0.000,0.000,0.000,0.000,0.000,0.000,0.000,0.000,0.000,3.647,0.000,0.000,0.000,0.000,0.000,0.000,0.000,0.000,0.000,0.000,0.000,0.000,0.000,0.000,0.000,0.000,0.000,0.000,0.000,0.000,0.000,0.000,0.000,0.000,0.000,0.000,0.000,0.000,0.000,0.000,0.000,0.000,0.000,0.358,0.000,0.000,0.000,0.000,0.000,0.000,0.000,0.000,0.000,0.000,0.000,0.000,0.000,0.000,0.000,0.000,0.000,0.000,0.000,0.000,1.427,5.012,0.000,0.000,0.000]
  Alt-Benders[1] (mw): LB=17.530611, Z₀(α*)=29.146041, intercept=11.249563 (11.516s) [OMP=11.201 ISP-L=0.050 ISP-F=0.130 MW-L=0.051 MW-F=0.075]
  Alt-Benders[2] (mw): LB=17.542317, Z₀(α*)=31.898388, intercept=9.753193 (10.312s) [OMP=9.964 ISP-L=0.053 ISP-F=0.135 MW-L=0.043 MW-F=0.111]
  Alt-Benders[3] (mw): LB=17.613937, Z₀(α*)=8.642593, intercept=-77.031553 (10.594s) [OMP=10.291 ISP-L=0.052 ISP-F=0.131 MW-L=0.045 MW-F=0.071]
  Alt-Benders[4] (mw): LB=17.613937, Z₀(α*)=8.642593, intercept=-77.031553 (11.781s) [OMP=11.479 ISP-L=0.051 ISP-F=0.131 MW-L=0.045 MW-F=0.071]
  Alt-Benders[5] (mw): LB=17.613937, Z₀(α*)=8.642593, intercept=-77.031553 (11.859s) [OMP=11.559 ISP-L=0.051 ISP-F=0.130 MW-L=0.045 MW-F=0.071]
  OMP re-solve: 11.685s

=== True-DRO Benders iter 59 ===
  OMP: t₀=17.613937, UB=25.328862, gap=3.05e-01, x=[0, 1, 0, 0, 0, 0, 0, 1, 0, 0, 0, 0, 0, 0, 0, 0, 0, 0, 0, 0, 0, 0, 0, 0, 0, 0, 0, 0, 0, 0, 0, 0, 0, 0, 0, 0, 0, 0, 0, 0, 0, 0, 0, 0, 0, 0, 0, 0, 0, 0, 0, 0, 0, 0, 0, 0, 0, 0, 0, 0, 0, 0, 0, 0, 0, 0, 0, 0, 0, 0, 0, 0, 0, 0, 0, 0] (0.005s)
  Sub: Z₀=26.184604 [LOCAL] (0.8s), α=[0.000,3.328,0.000,0.000,0.000,0.000,0.000,1.489,0.000,0.000,0.000,0.000,0.000,0.000,0.000,0.000,0.000,0.000,0.000,0.000,0.000,0.000,0.000,0.000,0.000,0.000,0.000,3.589,0.000,0.000,0.000,0.000,0.000,0.000,0.000,0.000,0.000,0.000,0.000,0.000,0.000,0.000,0.000,0.000,0.000,0.000,0.000,0.000,0.000,0.000,0.000,0.000,0.000,0.000,0.000,0.000,0.000,0.000,0.000,0.000,0.000,0.000,0.000,0.000,0.000,0.000,0.000,0.000,0.000,0.000,0.000,0.000,2.037,0.000,0.000,0.000]
  Iter 59: LB=17.613937  UB=25.328862  gap=3.05e-01
  Cut: intercept=-1102.513734, π_x_range=[-824.7740, 572.8214]
  Mini-Benders[1] (mw): LB=17.690604, Z₀(α*)=-42.516503, intercept=-101.425798 (13.594s) [OMP=13.286 ISP-L=0.051 ISP-F=0.128 MW-L=0.050 MW-F=0.070]
  Mini-Benders[2] (mw): LB=17.690604, Z₀(α*)=-42.516503, intercept=-101.425798 (11.875s) [OMP=11.573 ISP-L=0.051 ISP-F=0.128 MW-L=0.050 MW-F=0.070]
  Mini-Benders[3] (mw): LB=17.690604, Z₀(α*)=-42.516503, intercept=-101.425798 (11.984s) [OMP=11.682 ISP-L=0.051 ISP-F=0.128 MW-L=0.049 MW-F=0.070]
  Mini-Benders[4]: LB stagnated, break
  α-step: Z₀=21.882190, α=[0.000,0.000,0.000,0.000,0.000,0.000,0.000,0.000,0.000,0.000,0.000,0.000,0.000,0.000,0.000,0.000,0.000,0.000,0.000,0.000,0.000,0.000,0.000,0.000,0.000,0.000,0.000,0.000,0.000,0.000,0.000,0.000,0.000,0.000,8.603,0.000,0.000,0.000,0.000,0.000,0.000,0.000,0.000,0.000,0.000,0.000,0.000,0.000,0.000,0.000,0.708,1.132,0.000,0.000,0.000,0.000,0.000,0.000,0.000,0.000,0.000,0.000,0.000,0.000,0.000,0.000,0.000,0.000,0.000,0.000,0.000,0.000,0.000,0.000,0.000,0.000]
  Alt-Benders[1] (mw): LB=17.808363, Z₀(α*)=17.499101, intercept=-13.954124 (13.469s) [OMP=13.157 ISP-L=0.052 ISP-F=0.132 MW-L=0.041 MW-F=0.075]
  Alt-Benders[2] (mw): LB=17.808363, Z₀(α*)=17.499101, intercept=-13.954124 (12.484s) [OMP=12.182 ISP-L=0.052 ISP-F=0.132 MW-L=0.041 MW-F=0.074]
  Alt-Benders[3] (mw): LB=17.808363, Z₀(α*)=17.499101, intercept=-13.954124 (12.407s) [OMP=12.105 ISP-L=0.052 ISP-F=0.132 MW-L=0.041 MW-F=0.075]
  Alt-Benders[4]: LB stagnated, break
  OMP re-solve: 0.005s

=== True-DRO Benders iter 60 ===
  OMP: t₀=17.808363, UB=25.328862, gap=2.97e-01, x=[0, 0, 0, 0, 0, 0, 0, 0, 0, 0, 0, 0, 0, 0, 0, 0, 0, 0, 0, 0, 0, 0, 0, 0, 0, 0, 0, 0, 0, 0, 0, 0, 0, 0, 0, 0, 0, 0, 0, 0, 0, 0, 0, 0, 0, 0, 0, 0, 0, 0, 0, 0, 0, 1, 0, 0, 0, 0, 0, 0, 1, 0, 0, 0, 0, 0, 0, 0, 0, 0, 0, 0, 0, 0, 0, 0] (0.005s)
  Sub: Z₀=26.621040 [TIME_LIMIT] (15.9s), α=[0.000,0.000,0.000,0.000,0.000,0.000,0.000,0.000,0.000,0.000,0.000,0.000,0.000,0.000,0.000,0.000,0.000,0.000,0.000,0.000,0.000,0.000,0.000,0.000,0.000,0.000,0.000,0.000,0.000,0.000,0.000,0.000,0.000,0.000,5.115,0.000,0.000,0.000,0.000,0.000,0.000,0.000,0.000,0.000,0.000,0.000,0.000,0.000,0.000,0.000,1.401,0.000,0.000,3.428,0.000,0.500,0.000,0.000,0.000,0.000,0.000,0.000,0.000,0.000,0.000,0.000,0.000,0.000,0.000,0.000,0.000,0.000,0.000,0.000,0.000,0.000]
  Iter 60: LB=17.808363  UB=25.328862  gap=2.97e-01
  Cut: intercept=-94.769381, π_x_range=[-261.0000, 65.3577]
  Mini-Benders[1] (mw): LB=17.905832, Z₀(α*)=7.488109, intercept=-37.384241 (13.891s) [OMP=13.588 ISP-L=0.052 ISP-F=0.134 MW-L=0.043 MW-F=0.071]
  Mini-Benders[2] (mw): LB=17.905832, Z₀(α*)=7.488109, intercept=-37.384241 (13.781s) [OMP=13.478 ISP-L=0.051 ISP-F=0.134 MW-L=0.043 MW-F=0.071]
  Mini-Benders[3] (mw): LB=17.905832, Z₀(α*)=7.488109, intercept=-37.384241 (13.734s) [OMP=13.417 ISP-L=0.052 ISP-F=0.134 MW-L=0.042 MW-F=0.086]
  Mini-Benders[4]: LB stagnated, break
  α-step: Z₀=30.732292, α=[0.000,0.000,0.000,0.000,0.000,0.000,0.000,0.000,0.000,0.000,0.000,0.000,0.000,0.000,0.000,0.000,2.662,0.000,0.000,0.000,0.000,0.000,0.000,0.000,0.000,0.000,0.000,0.000,0.000,0.000,0.000,0.000,0.000,0.000,5.335,0.000,0.000,0.000,0.000,0.000,0.000,0.000,0.000,0.000,0.000,0.000,0.000,0.000,0.000,0.000,0.000,0.000,0.000,0.000,0.000,0.000,0.000,0.000,0.000,0.000,0.000,0.000,0.000,0.000,0.000,0.000,0.000,0.000,0.000,0.000,0.000,0.000,2.446,0.000,0.000,0.000]
  Alt-Benders[1] (mw): LB=17.963486, Z₀(α*)=11.555072, intercept=-54.763171 (13.547s) [OMP=13.238 ISP-L=0.053 ISP-F=0.132 MW-L=0.044 MW-F=0.076]
  Alt-Benders[2] (mw): LB=17.963486, Z₀(α*)=11.555072, intercept=-54.763171 (13.562s) [OMP=13.256 ISP-L=0.053 ISP-F=0.132 MW-L=0.044 MW-F=0.075]
  Alt-Benders[3] (mw): LB=17.963486, Z₀(α*)=11.555072, intercept=-54.763171 (13.406s) [OMP=13.083 ISP-L=0.053 ISP-F=0.132 MW-L=0.046 MW-F=0.093]
  Alt-Benders[4]: LB stagnated, break
  OMP re-solve: 0.005s

=== True-DRO Benders iter 61 ===
  OMP: t₀=17.963486, UB=25.328862, gap=2.91e-01, x=[0, 0, 0, 0, 0, 0, 0, 1, 0, 0, 0, 0, 0, 0, 0, 0, 0, 0, 0, 0, 0, 0, 0, 0, 0, 0, 0, 0, 0, 0, 0, 0, 0, 0, 0, 0, 0, 0, 0, 0, 0, 0, 0, 0, 0, 0, 0, 0, 0, 0, 0, 0, 0, 0, 0, 0, 0, 0, 0, 0, 0, 0, 0, 0, 1, 0, 0, 0, 0, 0, 0, 0, 0, 0, 0, 0] (0.005s)
  Sub: Z₀=30.166854 [LOCAL] (0.8s), α=[0.000,0.000,0.000,0.000,0.000,0.000,0.000,0.000,0.000,0.000,0.000,0.000,0.000,0.000,0.000,0.000,0.000,0.000,0.000,0.000,0.000,0.000,0.000,0.000,0.000,0.000,0.000,0.000,0.000,0.000,0.000,0.000,0.000,0.000,0.000,0.000,0.000,0.000,0.000,0.000,0.000,0.000,0.000,0.000,0.000,0.000,0.000,0.000,0.000,0.000,0.496,0.000,0.000,0.000,0.000,0.000,0.000,0.000,0.000,0.000,0.000,0.000,4.697,0.000,0.000,0.000,0.000,0.000,0.000,0.000,0.000,0.000,5.250,0.000,0.000,0.000]
  Iter 61: LB=17.963486  UB=25.328862  gap=2.91e-01
  Cut: intercept=-1093.453099, π_x_range=[-827.1873, 567.1368]
  Mini-Benders[1] (mw): LB=17.963486, Z₀(α*)=30.709774, intercept=3.967040 (14.015s) [OMP=13.633 ISP-L=0.052 ISP-F=0.142 MW-L=0.045 MW-F=0.147]
  Mini-Benders[2] (mw): LB=17.987478, Z₀(α*)=6.590702, intercept=-44.652936 (13.688s) [OMP=13.377 ISP-L=0.051 ISP-F=0.128 MW-L=0.043 MW-F=0.077]
  Mini-Benders[3] (mw): LB=17.987478, Z₀(α*)=6.590702, intercept=-44.652936 (12.234s) [OMP=11.916 ISP-L=0.051 ISP-F=0.128 MW-L=0.042 MW-F=0.094]
  Mini-Benders[4] (mw): LB=17.987478, Z₀(α*)=6.590702, intercept=-44.652936 (12.453s) [OMP=12.150 ISP-L=0.051 ISP-F=0.127 MW-L=0.042 MW-F=0.076]
  Mini-Benders[5]: LB stagnated, break
  α-step: Z₀=21.882190, α=[0.000,0.000,0.000,0.000,0.000,0.000,0.000,0.000,0.000,0.000,0.000,0.000,0.000,0.000,0.000,0.000,0.000,0.000,0.000,0.000,0.000,0.000,0.000,0.000,0.000,0.000,0.000,0.000,0.000,0.000,0.000,0.000,0.000,0.000,5.689,0.000,0.000,0.000,0.000,0.000,0.000,0.000,0.000,0.000,0.000,0.000,0.000,0.000,0.000,0.000,0.000,0.000,0.000,0.000,0.000,0.000,0.000,0.000,0.000,0.000,0.000,0.000,0.000,0.000,0.000,0.000,0.000,0.000,0.000,0.000,0.000,0.000,4.754,0.000,0.000,0.000]
  Alt-Benders[1] (mw): LB=17.999754, Z₀(α*)=22.165175, intercept=-34.345740 (13.515s) [OMP=13.216 ISP-L=0.052 ISP-F=0.125 MW-L=0.042 MW-F=0.077]
  Alt-Benders[2] (mw): LB=18.026530, Z₀(α*)=31.085617, intercept=31.085618 (13.735s) [OMP=13.389 ISP-L=0.051 ISP-F=0.134 MW-L=0.044 MW-F=0.112]
  Alt-Benders[3] (mw): LB=18.055908, Z₀(α*)=26.586222, intercept=-19.483472 (13.547s) [OMP=13.297 ISP-L=0.013 ISP-F=0.133 MW-L=0.039 MW-F=0.076]
  Alt-Benders[4] (mw): LB=18.100078, Z₀(α*)=27.259263, intercept=11.453747 (13.469s) [OMP=13.173 ISP-L=0.052 ISP-F=0.129 MW-L=0.040 MW-F=0.071]
  Alt-Benders[5] (mw): LB=18.141856, Z₀(α*)=25.643997, intercept=-10.268263 (13.734s) [OMP=13.407 ISP-L=0.052 ISP-F=0.135 MW-L=0.050 MW-F=0.076]
  OMP re-solve: 13.340s

=== True-DRO Benders iter 62 ===
  OMP: t₀=18.169583, UB=25.328862, gap=2.83e-01, x=[0, 0, 0, 0, 0, 0, 0, 0, 0, 0, 0, 0, 0, 0, 0, 0, 0, 0, 0, 0, 0, 0, 0, 1, 0, 0, 0, 0, 0, 0, 0, 0, 0, 0, 1, 0, 0, 0, 0, 0, 0, 0, 0, 0, 0, 0, 0, 0, 0, 0, 0, 0, 0, 0, 0, 0, 0, 0, 0, 0, 0, 0, 0, 0, 0, 0, 0, 0, 0, 0, 0, 0, 0, 0, 0, 0] (0.005s)
  Sub: Z₀=21.976448 [LOCAL] (0.9s), α=[0.000,0.000,0.000,0.000,0.000,0.000,0.000,0.000,0.000,0.000,0.000,0.000,0.000,0.000,0.000,0.000,0.000,0.000,0.000,0.000,0.000,0.000,0.000,0.000,0.000,0.000,0.000,0.000,0.000,0.000,0.000,0.000,0.000,0.000,7.997,0.000,0.000,0.000,0.000,0.000,0.000,0.000,0.000,0.000,0.000,0.000,0.000,0.000,0.000,0.000,0.000,0.000,0.000,0.000,0.000,0.000,0.000,0.000,0.000,0.000,0.000,0.000,0.000,0.000,0.000,0.000,0.000,0.000,0.000,0.000,0.000,0.000,2.446,0.000,0.000,0.000]
  Iter 62: LB=18.169583  UB=25.328862  gap=2.83e-01
  Cut: intercept=-1152.982581, π_x_range=[-825.9993, 595.1055]
  Mini-Benders[1] (mw): LB=18.224709, Z₀(α*)=24.662332, intercept=-27.624337 (13.719s) [OMP=13.410 ISP-L=0.052 ISP-F=0.134 MW-L=0.039 MW-F=0.072]
  Mini-Benders[2] (mw): LB=18.233294, Z₀(α*)=11.840197, intercept=-69.991826 (13.656s) [OMP=13.372 ISP-L=0.013 ISP-F=0.146 MW-L=0.041 MW-F=0.081]
  Mini-Benders[3] (mw): LB=18.233294, Z₀(α*)=11.840197, intercept=-69.991826 (14.078s) [OMP=13.763 ISP-L=0.052 ISP-F=0.145 MW-L=0.044 MW-F=0.080]
  Mini-Benders[4] (mw): LB=18.233294, Z₀(α*)=11.840197, intercept=-69.991826 (13.032s) [OMP=12.692 ISP-L=0.052 ISP-F=0.146 MW-L=0.060 MW-F=0.081]
  Mini-Benders[5]: LB stagnated, break
  α-step: Z₀=30.214191, α=[0.000,0.000,0.000,0.000,0.000,0.000,0.000,0.000,0.000,0.000,0.000,0.000,0.000,1.016,0.000,0.000,0.000,0.000,0.000,0.000,0.000,0.000,0.000,0.000,0.000,0.000,0.000,0.000,0.000,0.000,0.000,0.000,0.000,0.000,1.369,0.000,0.000,0.000,0.000,0.000,0.000,0.000,0.000,0.000,0.000,0.000,0.000,0.000,0.000,0.000,0.000,0.000,0.000,0.000,0.000,0.000,0.000,0.000,0.000,0.000,0.000,0.000,3.303,0.000,0.000,0.000,0.000,0.000,0.000,0.000,0.000,0.000,4.754,0.000,0.000,0.000]
  Alt-Benders[1] (mw): LB=18.260873, Z₀(α*)=26.766161, intercept=-23.207456 (13.750s) [OMP=13.447 ISP-L=0.053 ISP-F=0.129 MW-L=0.044 MW-F=0.072]
  Alt-Benders[2] (mw): LB=18.273229, Z₀(α*)=14.608579, intercept=-44.093628 (13.296s) [OMP=12.996 ISP-L=0.050 ISP-F=0.130 MW-L=0.045 MW-F=0.072]
  Alt-Benders[3] (mw): LB=18.273229, Z₀(α*)=14.608579, intercept=-44.093628 (12.782s) [OMP=12.466 ISP-L=0.050 ISP-F=0.130 MW-L=0.061 MW-F=0.072]
  Alt-Benders[4] (mw): LB=18.273229, Z₀(α*)=14.608579, intercept=-44.093628 (12.515s) [OMP=12.215 ISP-L=0.050 ISP-F=0.130 MW-L=0.046 MW-F=0.072]
  Alt-Benders[5]: LB stagnated, break
  OMP re-solve: 0.005s

=== True-DRO Benders iter 63 ===
  OMP: t₀=18.273229, UB=25.328862, gap=2.79e-01, x=[0, 0, 0, 0, 0, 0, 0, 0, 0, 0, 0, 0, 0, 0, 0, 0, 0, 0, 0, 0, 0, 0, 0, 0, 0, 0, 0, 0, 0, 0, 0, 0, 0, 0, 0, 0, 0, 0, 1, 0, 0, 0, 1, 0, 0, 0, 0, 0, 0, 0, 0, 0, 0, 0, 0, 0, 0, 0, 0, 0, 0, 0, 0, 0, 0, 0, 0, 0, 0, 0, 0, 0, 0, 0, 0, 0] (0.005s)
  Sub: Z₀=28.242731 [LOCAL] (0.9s), α=[0.000,0.000,0.000,0.000,0.000,0.000,0.000,0.000,0.000,0.000,2.717,0.000,0.000,0.000,0.000,0.000,0.271,0.000,0.000,0.000,0.000,0.000,0.000,0.000,0.000,0.000,0.000,0.000,0.000,0.000,0.000,0.000,0.000,0.000,0.215,0.000,0.000,0.000,0.000,0.000,0.000,0.000,3.993,0.000,0.000,0.000,0.000,0.000,0.000,0.000,0.000,0.000,0.000,0.000,0.000,0.000,0.000,0.000,0.000,0.000,0.000,0.000,0.000,0.000,0.000,0.000,0.000,0.000,0.000,0.000,0.000,0.000,3.246,0.000,0.000,0.000]
  Iter 63: LB=18.273229  UB=25.328862  gap=2.79e-01
  Cut: intercept=-1088.583246, π_x_range=[-827.2117, 585.5702]
  Mini-Benders[1] (mw): LB=18.285914, Z₀(α*)=15.396016, intercept=15.020338 (14.063s) [OMP=13.758 ISP-L=0.052 ISP-F=0.130 MW-L=0.043 MW-F=0.074]
  Mini-Benders[2] (mw): LB=18.285914, Z₀(α*)=15.396016, intercept=15.020338 (14.281s) [OMP=13.964 ISP-L=0.052 ISP-F=0.129 MW-L=0.058 MW-F=0.074]
  Mini-Benders[3] (mw): LB=18.285914, Z₀(α*)=15.396016, intercept=15.020338 (14.062s) [OMP=13.762 ISP-L=0.052 ISP-F=0.129 MW-L=0.044 MW-F=0.074]
  Mini-Benders[4]: LB stagnated, break
  α-step: Z₀=33.721780, α=[0.000,0.000,0.000,0.000,0.000,0.000,0.000,0.000,0.000,0.000,0.000,0.000,0.000,0.000,0.000,0.000,0.000,0.000,0.000,0.000,0.000,0.000,0.000,0.000,0.000,0.000,0.000,0.000,0.000,0.000,0.000,0.000,0.000,0.000,0.000,0.000,0.000,0.000,0.000,0.000,0.000,0.000,0.000,0.000,0.000,0.000,0.000,0.000,0.000,0.000,2.181,0.000,0.000,0.000,0.000,0.000,0.000,0.000,0.000,0.000,0.000,0.000,0.000,0.000,0.000,0.000,0.000,0.000,0.000,0.000,0.000,1.427,6.835,0.000,0.000,0.000]
  Alt-Benders[1] (mw): LB=18.285915, Z₀(α*)=31.986364, intercept=30.897756 (13.453s) [OMP=13.136 ISP-L=0.051 ISP-F=0.131 MW-L=0.043 MW-F=0.088]
  Alt-Benders[2] (mw): LB=18.286802, Z₀(α*)=33.655114, intercept=5.732310 (13.000s) [OMP=12.747 ISP-L=0.013 ISP-F=0.134 MW-L=0.040 MW-F=0.075]
  Alt-Benders[3] (mw): LB=18.328497, Z₀(α*)=15.971488, intercept=25.825552 (13.422s) [OMP=13.110 ISP-L=0.051 ISP-F=0.132 MW-L=0.048 MW-F=0.070]
  Alt-Benders[4] (mw): LB=18.328497, Z₀(α*)=15.971488, intercept=25.825552 (13.062s) [OMP=12.806 ISP-L=0.012 ISP-F=0.132 MW-L=0.038 MW-F=0.071]
  Alt-Benders[5] (mw): LB=18.328497, Z₀(α*)=15.971488, intercept=25.825552 (13.172s) [OMP=12.900 ISP-L=0.012 ISP-F=0.133 MW-L=0.038 MW-F=0.086]
  OMP re-solve: 12.868s

=== True-DRO Benders iter 64 ===
  OMP: t₀=18.328497, UB=25.328862, gap=2.76e-01, x=[0, 0, 0, 0, 0, 0, 0, 0, 0, 0, 0, 0, 0, 0, 0, 0, 1, 0, 0, 0, 0, 0, 0, 0, 0, 0, 0, 0, 0, 0, 0, 0, 0, 0, 0, 0, 0, 0, 0, 0, 0, 0, 0, 0, 0, 0, 1, 0, 0, 0, 0, 0, 0, 0, 0, 0, 0, 0, 0, 0, 0, 0, 0, 0, 0, 0, 0, 0, 0, 0, 0, 0, 0, 0, 0, 0] (0.005s)
  Sub: Z₀=29.829855 [LOCAL] (1.1s), α=[0.000,0.000,0.000,0.000,0.000,0.000,0.000,0.000,0.000,0.000,0.000,0.000,0.000,0.000,0.000,0.000,2.081,0.000,0.000,0.000,0.000,0.000,0.000,0.000,0.000,0.000,0.000,0.000,0.000,0.000,0.000,0.000,0.000,0.000,3.377,0.000,0.000,0.000,0.000,0.000,0.000,0.000,0.000,0.000,0.000,0.000,0.000,0.000,0.000,0.000,0.112,0.000,0.000,0.000,0.000,0.000,0.000,0.000,0.000,0.000,0.000,0.000,0.000,0.000,0.000,0.000,0.000,0.000,0.000,0.000,0.000,0.007,4.866,0.000,0.000,0.000]
  Iter 64: LB=18.328497  UB=25.328862  gap=2.76e-01
  Cut: intercept=-1114.204382, π_x_range=[-830.8186, 573.9842]
  Mini-Benders[1] (mw): LB=18.329053, Z₀(α*)=-14.648595, intercept=-122.833555 (13.937s) [OMP=13.660 ISP-L=0.019 ISP-F=0.125 MW-L=0.048 MW-F=0.078]
  Mini-Benders[2] (mw): LB=18.329053, Z₀(α*)=-14.648595, intercept=-122.833555 (12.141s) [OMP=11.837 ISP-L=0.052 ISP-F=0.125 MW-L=0.053 MW-F=0.078]
  Mini-Benders[3] (mw): LB=18.329053, Z₀(α*)=-14.648595, intercept=-122.833555 (12.594s) [OMP=12.268 ISP-L=0.052 ISP-F=0.125 MW-L=0.053 MW-F=0.095]
  Mini-Benders[4]: LB stagnated, break
  α-step: Z₀=21.272665, α=[0.000,0.000,0.000,0.000,0.000,0.000,0.000,0.000,0.000,0.000,0.000,0.000,0.000,0.000,0.000,0.000,0.000,0.000,0.000,0.000,0.000,0.000,0.000,0.000,0.000,0.000,0.000,0.000,0.000,0.000,0.000,0.000,0.000,0.000,0.000,0.000,0.000,0.000,0.000,0.000,0.000,0.000,0.000,0.000,0.000,0.000,0.000,0.000,0.000,0.000,0.000,0.000,0.000,0.000,0.000,0.000,0.000,0.000,0.000,0.000,0.000,0.000,0.000,0.000,0.000,0.000,0.000,0.000,0.000,0.000,0.000,2.433,8.010,0.000,0.000,0.000]
  Alt-Benders[1] (mw): LB=18.373268, Z₀(α*)=11.904602, intercept=-46.920737 (13.922s) [OMP=13.619 ISP-L=0.050 ISP-F=0.129 MW-L=0.050 MW-F=0.073]
  Alt-Benders[2] (mw): LB=18.373268, Z₀(α*)=11.904602, intercept=-46.920737 (11.859s) [OMP=11.554 ISP-L=0.050 ISP-F=0.129 MW-L=0.050 MW-F=0.073]
  Alt-Benders[3] (mw): LB=18.373268, Z₀(α*)=11.904602, intercept=-46.920737 (11.844s) [OMP=11.523 ISP-L=0.049 ISP-F=0.129 MW-L=0.050 MW-F=0.088]
  Alt-Benders[4]: LB stagnated, break
  OMP re-solve: 0.005s

=== True-DRO Benders iter 65 ===
  OMP: t₀=18.373268, UB=25.328862, gap=2.75e-01, x=[1, 0, 0, 0, 0, 0, 0, 0, 0, 0, 0, 0, 0, 0, 0, 0, 0, 0, 0, 0, 0, 0, 0, 0, 0, 0, 0, 0, 0, 0, 0, 0, 0, 0, 0, 0, 0, 0, 0, 0, 0, 0, 1, 0, 0, 0, 0, 0, 0, 0, 0, 0, 0, 0, 0, 0, 0, 0, 0, 0, 0, 0, 0, 0, 0, 0, 0, 0, 0, 0, 0, 0, 0, 0, 0, 0] (0.005s)
  Sub: Z₀=26.856522 [TIME_LIMIT] (16.0s), α=[0.002,0.000,0.000,0.000,0.000,0.000,0.000,0.000,0.000,0.000,2.522,0.000,0.000,0.000,0.000,0.000,0.323,0.000,0.000,0.000,0.000,0.000,0.000,0.000,0.000,0.000,0.000,0.000,0.000,0.000,0.000,0.000,0.000,0.000,0.302,0.000,0.000,0.000,0.000,0.000,0.000,0.000,4.022,0.000,0.000,0.000,0.000,0.000,0.000,0.000,0.000,0.000,0.000,0.000,0.000,0.000,0.000,0.000,0.000,0.000,0.000,0.000,0.000,0.000,0.000,0.000,0.000,0.000,0.000,0.000,0.000,0.000,3.262,0.000,0.000,0.000]
  Iter 65: LB=18.373268  UB=25.328862  gap=2.75e-01
  Cut: intercept=-55.384621, π_x_range=[-254.9925, 59.4184]
  Mini-Benders[1] (mw): LB=18.492843, Z₀(α*)=0.884957, intercept=-77.191706 (13.953s) [OMP=13.635 ISP-L=0.053 ISP-F=0.131 MW-L=0.052 MW-F=0.088]
  Mini-Benders[2] (mw): LB=18.492843, Z₀(α*)=0.884957, intercept=-77.191706 (13.766s) [OMP=13.439 ISP-L=0.053 ISP-F=0.131 MW-L=0.052 MW-F=0.088]
  Mini-Benders[3] (mw): LB=18.492843, Z₀(α*)=0.884957, intercept=-77.191706 (13.719s) [OMP=13.376 ISP-L=0.053 ISP-F=0.131 MW-L=0.067 MW-F=0.088]
  Mini-Benders[4]: LB stagnated, break
  α-step: Z₀=28.641918, α=[0.000,0.000,0.000,0.000,0.000,0.000,0.000,0.000,0.000,0.000,0.000,0.000,0.000,2.952,0.000,0.000,0.771,0.000,0.000,0.000,0.000,0.000,0.000,0.000,0.000,0.000,0.000,0.000,0.000,0.000,0.000,0.000,0.000,0.000,3.464,0.000,0.000,0.000,0.000,0.000,0.000,0.000,0.000,0.000,0.000,0.000,0.000,0.000,0.000,0.000,0.000,0.000,0.000,0.000,0.000,0.000,0.000,0.000,0.000,0.000,0.000,0.000,0.000,0.000,0.000,0.000,0.000,0.000,0.000,0.000,0.000,0.000,3.257,0.000,0.000,0.000]
  Alt-Benders[1] (mw): LB=18.500497, Z₀(α*)=12.982063, intercept=-17.156887 (13.891s) [OMP=13.579 ISP-L=0.053 ISP-F=0.131 MW-L=0.042 MW-F=0.076]
  Alt-Benders[2] (mw): LB=18.500497, Z₀(α*)=12.982063, intercept=-17.156887 (12.625s) [OMP=12.320 ISP-L=0.053 ISP-F=0.130 MW-L=0.042 MW-F=0.075]
  Alt-Benders[3] (mw): LB=18.500497, Z₀(α*)=12.982063, intercept=-17.156887 (12.109s) [OMP=11.790 ISP-L=0.053 ISP-F=0.130 MW-L=0.066 MW-F=0.076]
  Alt-Benders[4]: LB stagnated, break
  OMP re-solve: 0.005s

=== True-DRO Benders iter 66 ===
  OMP: t₀=18.500497, UB=25.328862, gap=2.70e-01, x=[0, 0, 0, 0, 0, 0, 1, 0, 0, 0, 0, 0, 0, 0, 0, 0, 0, 0, 0, 0, 0, 0, 0, 0, 0, 0, 0, 0, 0, 0, 0, 0, 0, 0, 0, 0, 0, 0, 0, 0, 0, 0, 0, 0, 0, 0, 0, 0, 0, 0, 0, 0, 0, 0, 0, 0, 0, 0, 0, 0, 0, 1, 0, 0, 0, 0, 0, 0, 0, 0, 0, 0, 0, 0, 0, 0] (0.004s)
  Sub: Z₀=28.983270 [LOCAL] (1.4s), α=[0.000,0.000,0.000,0.000,0.000,0.000,0.000,0.000,0.000,0.000,0.000,0.000,0.000,0.000,0.000,0.000,0.000,0.000,0.000,0.000,0.000,0.000,0.000,0.000,0.000,0.000,0.000,0.000,0.000,0.000,0.000,0.000,0.000,0.000,0.000,0.000,0.000,0.000,0.000,0.000,0.000,0.000,0.000,0.000,0.000,0.000,0.000,0.000,0.000,0.000,3.302,0.000,0.000,0.000,0.000,0.000,0.000,0.000,0.000,0.000,0.000,0.671,0.000,0.000,0.000,0.000,0.000,0.000,0.000,0.000,0.000,0.000,6.470,0.000,0.000,0.000]
  Iter 66: LB=18.500497  UB=25.328862  gap=2.70e-01
  Cut: intercept=-1070.552706, π_x_range=[-830.7406, 563.2610]
  Mini-Benders[1] (mw): LB=18.510227, Z₀(α*)=8.370253, intercept=-35.340578 (13.735s) [OMP=13.432 ISP-L=0.052 ISP-F=0.126 MW-L=0.042 MW-F=0.075]
  Mini-Benders[2] (mw): LB=18.510227, Z₀(α*)=8.370253, intercept=-35.340578 (12.499s) [OMP=12.218 ISP-L=0.051 ISP-F=0.125 MW-L=0.041 MW-F=0.076]
  Mini-Benders[3] (mw): LB=18.510227, Z₀(α*)=8.370253, intercept=-35.340578 (12.547s) [OMP=12.234 ISP-L=0.052 ISP-F=0.126 MW-L=0.057 MW-F=0.074]
  Mini-Benders[4]: LB stagnated, break
  α-step: Z₀=24.235582, α=[0.000,0.000,0.000,0.000,0.000,0.000,0.000,0.000,0.000,0.000,0.000,0.000,0.000,0.000,0.000,0.000,0.000,0.000,0.000,0.000,0.000,0.000,0.000,0.000,0.000,0.000,0.000,0.000,0.000,0.000,0.000,0.000,0.000,0.000,3.252,0.000,0.000,0.000,0.000,0.000,0.000,0.000,0.000,0.000,0.000,0.000,0.000,0.000,0.000,0.000,0.000,0.000,0.000,0.000,0.000,0.000,0.000,0.000,0.000,0.000,0.000,0.000,0.000,0.000,0.000,0.000,0.000,0.000,0.000,0.000,0.000,0.000,7.191,0.000,0.000,0.000]
  Alt-Benders[1] (mw): LB=18.510967, Z₀(α*)=27.194049, intercept=-2.206293 (13.391s) [OMP=13.079 ISP-L=0.052 ISP-F=0.130 MW-L=0.043 MW-F=0.072]
  Alt-Benders[2] (mw): LB=18.542479, Z₀(α*)=20.581965, intercept=-45.351492 (12.234s) [OMP=11.935 ISP-L=0.049 ISP-F=0.132 MW-L=0.044 MW-F=0.072]
  Alt-Benders[3] (mw): LB=18.621688, Z₀(α*)=29.432730, intercept=-2.703880 (11.203s) [OMP=10.872 ISP-L=0.051 ISP-F=0.132 MW-L=0.061 MW-F=0.092]
  Alt-Benders[4] (mw): LB=18.663991, Z₀(α*)=29.882478, intercept=-68.160557 (12.985s) [OMP=12.677 ISP-L=0.051 ISP-F=0.129 MW-L=0.050 MW-F=0.074]
  Alt-Benders[5] (mw): LB=18.688835, Z₀(α*)=28.108254, intercept=-28.528710 (12.922s) [OMP=12.614 ISP-L=0.050 ISP-F=0.128 MW-L=0.047 MW-F=0.079]
  OMP re-solve: 13.440s

=== True-DRO Benders iter 67 ===
  OMP: t₀=18.741939, UB=25.328862, gap=2.60e-01, x=[0, 1, 0, 0, 0, 0, 1, 0, 0, 0, 0, 0, 0, 0, 0, 0, 0, 0, 0, 0, 0, 0, 0, 0, 0, 0, 0, 0, 0, 0, 0, 0, 0, 0, 0, 0, 0, 0, 0, 0, 0, 0, 0, 0, 0, 0, 0, 0, 0, 0, 0, 0, 0, 0, 0, 0, 0, 0, 0, 0, 0, 0, 0, 0, 0, 0, 0, 0, 0, 0, 0, 0, 0, 0, 0, 0] (0.000s)
  Sub: Z₀=28.308307 [LOCAL] (0.9s), α=[0.000,0.394,0.000,0.000,0.000,0.000,0.000,0.000,0.000,0.000,0.000,0.000,0.000,0.000,0.000,0.000,0.000,0.000,0.000,0.000,0.000,0.000,0.000,0.000,0.000,0.000,0.000,1.331,0.000,0.000,0.000,0.000,0.000,0.000,0.636,0.000,0.000,0.000,0.000,0.000,0.000,0.000,0.000,0.000,0.000,0.000,0.000,0.000,0.000,0.000,2.818,0.000,0.000,0.000,0.000,0.000,0.000,0.000,0.000,0.000,0.000,0.000,0.000,0.000,0.000,0.000,0.000,0.000,0.000,0.000,0.000,0.000,5.264,0.000,0.000,0.000]
  Iter 67: LB=18.741939  UB=25.328862  gap=2.60e-01
  Cut: intercept=-1093.805529, π_x_range=[-827.4795, 570.6981]
  Mini-Benders[1] (mw): LB=18.869578, Z₀(α*)=6.770133, intercept=-84.770326 (13.156s) [OMP=12.857 ISP-L=0.049 ISP-F=0.129 MW-L=0.043 MW-F=0.073]
  Mini-Benders[2] (mw): LB=18.869578, Z₀(α*)=6.770133, intercept=-84.770326 (12.032s) [OMP=11.734 ISP-L=0.049 ISP-F=0.129 MW-L=0.043 MW-F=0.073]
  Mini-Benders[3] (mw): LB=18.869578, Z₀(α*)=6.770133, intercept=-84.770326 (12.078s) [OMP=11.780 ISP-L=0.049 ISP-F=0.130 MW-L=0.043 MW-F=0.073]
  Mini-Benders[4]: LB stagnated, break
  α-step: Z₀=30.467385, α=[0.000,0.000,0.000,0.000,0.000,0.000,0.000,0.000,0.000,0.000,0.000,0.000,0.000,0.000,0.000,0.000,0.000,0.000,0.000,0.000,0.000,0.000,0.000,0.000,0.000,0.000,0.000,0.000,0.000,0.000,0.000,0.000,0.000,0.000,5.070,0.000,0.000,0.000,2.927,0.000,0.000,0.000,0.000,0.000,0.000,0.000,0.000,0.000,0.000,0.000,0.000,0.000,0.000,0.000,0.000,0.000,0.000,0.000,0.000,0.000,0.000,0.000,0.000,0.000,0.000,0.000,0.000,0.000,0.000,0.000,0.000,0.000,2.446,0.000,0.000,0.000]
  Alt-Benders[1] (mw): LB=18.931037, Z₀(α*)=15.430138, intercept=-45.136381 (13.282s) [OMP=12.956 ISP-L=0.052 ISP-F=0.143 MW-L=0.041 MW-F=0.082]
  Alt-Benders[2] (mw): LB=18.931037, Z₀(α*)=15.430138, intercept=-45.136381 (12.547s) [OMP=12.225 ISP-L=0.052 ISP-F=0.144 MW-L=0.041 MW-F=0.082]
  Alt-Benders[3] (mw): LB=18.931037, Z₀(α*)=15.430138, intercept=-45.136381 (12.562s) [OMP=12.241 ISP-L=0.052 ISP-F=0.144 MW-L=0.040 MW-F=0.082]
  Alt-Benders[4]: LB stagnated, break
  OMP re-solve: 0.004s

=== True-DRO Benders iter 68 ===
  OMP: t₀=18.931037, UB=25.328862, gap=2.53e-01, x=[0, 0, 0, 0, 0, 0, 0, 1, 0, 0, 0, 0, 0, 0, 0, 0, 0, 0, 0, 0, 0, 0, 0, 0, 0, 0, 0, 0, 0, 0, 0, 0, 0, 0, 0, 0, 0, 0, 0, 0, 0, 0, 0, 0, 0, 0, 0, 0, 0, 0, 0, 0, 0, 0, 0, 0, 0, 0, 0, 0, 0, 1, 0, 0, 0, 0, 0, 0, 0, 0, 0, 0, 0, 0, 0, 0] (0.004s)
  Sub: Z₀=28.983270 [LOCAL] (1.0s), α=[0.000,0.000,0.000,0.000,0.000,0.000,0.000,0.000,0.000,0.000,0.000,0.000,0.000,0.000,0.000,0.000,0.000,0.000,0.000,0.000,0.000,0.000,0.000,0.000,0.000,0.000,0.000,0.000,0.000,0.000,0.000,0.000,0.000,0.000,0.000,0.000,0.000,0.000,0.000,0.000,0.000,0.000,0.000,0.000,0.000,0.000,0.000,0.000,0.000,0.000,2.888,0.000,0.000,0.414,0.000,0.000,0.000,0.000,0.000,0.000,0.000,0.671,0.000,0.000,0.000,0.000,0.000,0.000,0.000,0.000,0.000,0.000,6.470,0.000,0.000,0.000]
  Iter 68: LB=18.931037  UB=25.328862  gap=2.53e-01
  Cut: intercept=-1068.764194, π_x_range=[-828.2616, 566.0295]
  Mini-Benders[1] (mw): LB=18.942479, Z₀(α*)=4.432897, intercept=-47.324631 (13.781s) [OMP=13.468 ISP-L=0.050 ISP-F=0.129 MW-L=0.052 MW-F=0.078]
  Mini-Benders[2] (mw): LB=18.942479, Z₀(α*)=4.432897, intercept=-47.324631 (13.203s) [OMP=12.906 ISP-L=0.050 ISP-F=0.129 MW-L=0.052 MW-F=0.079]
  Mini-Benders[3] (mw): LB=18.942479, Z₀(α*)=4.432897, intercept=-47.324631 (13.126s) [OMP=12.813 ISP-L=0.050 ISP-F=0.128 MW-L=0.052 MW-F=0.079]
  Mini-Benders[4]: LB stagnated, break
  α-step: Z₀=27.613137, α=[0.000,0.000,0.000,0.000,0.000,0.000,0.000,0.000,0.000,0.000,2.717,0.000,0.000,0.000,0.000,0.000,0.822,0.000,0.000,0.000,0.000,0.000,0.000,0.000,0.000,0.000,0.000,0.000,0.000,0.000,0.000,0.000,0.000,0.000,0.584,0.000,0.000,0.000,0.000,0.000,0.000,0.000,3.063,0.000,0.000,0.000,0.000,0.000,0.000,0.000,0.000,0.000,0.000,0.000,0.000,0.000,0.000,0.000,0.000,0.000,0.000,0.000,0.000,0.000,0.000,0.000,0.000,0.000,0.000,0.000,0.000,0.000,3.257,0.000,0.000,0.000]
  Alt-Benders[1] (mw): LB=18.942479, Z₀(α*)=28.244507, intercept=-25.965933 (13.250s) [OMP=12.928 ISP-L=0.050 ISP-F=0.129 MW-L=0.046 MW-F=0.095]
  Alt-Benders[2] (mw): LB=18.987741, Z₀(α*)=-25.153972, intercept=-64.505841 (13.235s) [OMP=12.927 ISP-L=0.052 ISP-F=0.126 MW-L=0.051 MW-F=0.075]
  Alt-Benders[3] (mw): LB=18.987741, Z₀(α*)=-25.153972, intercept=-64.505841 (13.000s) [OMP=12.694 ISP-L=0.052 ISP-F=0.125 MW-L=0.051 MW-F=0.075]
  Alt-Benders[4] (mw): LB=18.987741, Z₀(α*)=-25.153972, intercept=-64.505841 (13.015s) [OMP=12.694 ISP-L=0.051 ISP-F=0.125 MW-L=0.067 MW-F=0.074]
  Alt-Benders[5]: LB stagnated, break
  OMP re-solve: 0.004s

=== True-DRO Benders iter 69 ===
  OMP: t₀=18.987741, UB=25.328862, gap=2.50e-01, x=[0, 0, 0, 0, 0, 0, 0, 0, 0, 0, 0, 0, 0, 0, 0, 0, 0, 0, 0, 0, 0, 0, 0, 0, 0, 0, 0, 0, 0, 0, 0, 0, 0, 1, 0, 0, 0, 0, 0, 0, 0, 0, 0, 0, 0, 0, 0, 0, 0, 0, 0, 0, 0, 0, 0, 0, 0, 0, 0, 0, 0, 0, 0, 0, 0, 0, 0, 0, 0, 0, 0, 1, 0, 0, 0, 0] (0.004s)
  Sub: Z₀=22.052175 [LOCAL] (0.9s), α=[0.000,0.000,0.000,0.000,0.000,0.000,0.000,0.000,0.000,0.000,0.000,0.000,0.000,0.000,0.000,0.000,0.000,0.000,0.000,0.000,0.000,0.000,0.000,0.000,0.000,0.000,0.000,0.000,0.000,0.000,0.000,0.000,0.000,0.000,0.000,0.000,0.000,0.000,0.000,0.000,0.000,0.000,0.000,0.000,0.000,0.000,0.000,0.000,0.000,0.000,0.000,0.000,0.000,0.000,0.000,0.000,0.000,0.000,0.000,0.000,0.000,0.000,0.000,0.000,0.000,0.000,0.000,0.000,0.000,0.000,0.000,6.831,3.612,0.000,0.000,0.000]
  Iter 69: LB=18.987741  UB=25.328862  gap=2.50e-01
  Cut: intercept=-1138.035980, π_x_range=[-825.4577, 591.2932]
  Mini-Benders[1] (mw): LB=18.988834, Z₀(α*)=5.387242, intercept=-12.355629 (13.343s) [OMP=13.034 ISP-L=0.050 ISP-F=0.130 MW-L=0.050 MW-F=0.076]
  Mini-Benders[2] (mw): LB=18.988834, Z₀(α*)=5.387242, intercept=-12.355629 (12.329s) [OMP=12.018 ISP-L=0.050 ISP-F=0.131 MW-L=0.050 MW-F=0.076]
  Mini-Benders[3] (mw): LB=18.988834, Z₀(α*)=5.387242, intercept=-12.355629 (12.437s) [OMP=12.112 ISP-L=0.050 ISP-F=0.130 MW-L=0.066 MW-F=0.076]
  Mini-Benders[4]: LB stagnated, break
  α-step: Z₀=26.494535, α=[0.000,0.000,0.000,0.000,0.000,0.000,0.000,0.000,0.000,0.000,2.522,0.000,0.000,0.000,0.000,0.000,0.000,0.000,0.000,0.000,0.000,0.000,0.000,0.000,0.000,0.000,0.000,0.000,0.000,0.000,0.000,0.000,0.000,0.000,1.689,0.000,0.000,0.000,0.000,0.000,0.000,0.000,0.000,0.000,0.000,0.000,0.000,0.000,0.000,0.000,2.391,0.000,0.000,0.000,0.000,0.000,0.000,0.000,0.000,0.000,0.000,0.000,0.000,0.000,0.000,0.000,0.000,0.000,0.000,0.000,0.000,0.000,3.840,0.000,0.000,0.000]
  Alt-Benders[1] (mw): LB=18.990718, Z₀(α*)=3.885200, intercept=-34.451712 (13.782s) [OMP=13.482 ISP-L=0.053 ISP-F=0.127 MW-L=0.046 MW-F=0.074]
  Alt-Benders[2] (mw): LB=18.990718, Z₀(α*)=3.885200, intercept=-34.451712 (12.562s) [OMP=12.260 ISP-L=0.052 ISP-F=0.127 MW-L=0.046 MW-F=0.073]
  Alt-Benders[3] (mw): LB=18.990718, Z₀(α*)=3.885200, intercept=-34.451712 (12.359s) [OMP=12.042 ISP-L=0.053 ISP-F=0.127 MW-L=0.062 MW-F=0.074]
  Alt-Benders[4]: LB stagnated, break
  OMP re-solve: 0.004s

=== True-DRO Benders iter 70 ===
  OMP: t₀=18.990718, UB=25.328862, gap=2.50e-01, x=[0, 0, 0, 0, 0, 0, 0, 0, 0, 0, 0, 0, 0, 0, 0, 0, 0, 0, 0, 0, 0, 0, 0, 0, 0, 0, 0, 0, 0, 0, 0, 0, 0, 0, 1, 0, 0, 0, 0, 0, 0, 0, 0, 0, 0, 0, 0, 0, 0, 0, 0, 0, 0, 0, 0, 0, 0, 0, 0, 0, 0, 0, 0, 0, 0, 0, 0, 0, 0, 0, 1, 0, 0, 0, 0, 0] (0.004s)
  Sub: Z₀=22.165171 [TIME_LIMIT] (15.7s), α=[0.000,0.000,0.000,0.000,0.000,0.000,0.000,0.000,0.000,0.000,0.000,0.000,0.000,0.000,0.000,0.000,0.000,0.000,0.000,0.000,0.000,0.000,0.000,0.000,0.000,0.000,0.000,0.000,0.000,0.000,0.000,0.000,0.000,0.000,7.997,0.000,0.000,0.000,0.000,0.000,0.000,0.000,0.000,0.000,0.000,0.000,0.000,0.000,0.000,0.000,0.000,0.000,0.000,0.000,0.000,0.000,0.000,0.000,0.000,0.000,0.000,0.000,0.000,0.000,0.000,0.000,0.000,0.000,0.000,0.000,0.000,0.000,2.446,0.000,0.000,0.000]
  Iter 70: LB=18.990718  UB=25.328862  gap=2.50e-01
  Cut: intercept=-217.710710, π_x_range=[-271.0000, 148.0646]
  Mini-Benders[1] (mw): LB=18.990718, Z₀(α*)=22.165175, intercept=-30.949580 (12.485s) [OMP=12.182 ISP-L=0.052 ISP-F=0.129 MW-L=0.043 MW-F=0.075]
  Mini-Benders[2] (mw): LB=19.034287, Z₀(α*)=8.002684, intercept=-92.503373 (13.140s) [OMP=12.822 ISP-L=0.050 ISP-F=0.131 MW-L=0.049 MW-F=0.089]
  Mini-Benders[3] (mw): LB=19.034287, Z₀(α*)=8.002684, intercept=-92.503373 (11.719s) [OMP=11.414 ISP-L=0.050 ISP-F=0.131 MW-L=0.049 MW-F=0.075]
  Mini-Benders[4] (mw): LB=19.034287, Z₀(α*)=8.002684, intercept=-92.503373 (11.719s) [OMP=11.411 ISP-L=0.050 ISP-F=0.131 MW-L=0.049 MW-F=0.074]
  Mini-Benders[5]: LB stagnated, break
  α-step: Z₀=24.705694, α=[0.000,0.000,0.000,0.000,0.000,0.000,0.000,0.000,0.000,0.000,0.000,0.000,0.000,0.000,0.000,0.000,0.000,0.000,0.000,0.000,0.000,0.000,0.000,0.000,0.000,0.000,0.000,0.000,0.000,0.000,0.000,0.000,0.000,0.000,0.000,0.000,0.000,0.000,0.000,0.000,0.000,0.000,2.241,0.000,0.000,0.000,0.000,0.000,0.000,0.000,2.432,0.000,0.000,0.000,0.000,0.000,0.000,0.000,0.000,0.000,0.000,0.000,0.000,0.000,0.000,0.000,0.000,0.000,0.000,0.000,0.000,0.000,5.770,0.000,0.000,0.000]
  Alt-Benders[1] (mw): LB=19.084591, Z₀(α*)=1.799918, intercept=-36.140609 (13.156s) [OMP=12.857 ISP-L=0.052 ISP-F=0.129 MW-L=0.042 MW-F=0.086]
  Alt-Benders[2] (mw): LB=19.084591, Z₀(α*)=1.799918, intercept=-36.140609 (12.718s) [OMP=12.421 ISP-L=0.052 ISP-F=0.130 MW-L=0.042 MW-F=0.071]
  Alt-Benders[3] (mw): LB=19.084591, Z₀(α*)=1.799918, intercept=-36.140609 (12.609s) [OMP=12.326 ISP-L=0.053 ISP-F=0.130 MW-L=0.042 MW-F=0.071]
  Alt-Benders[4]: LB stagnated, break
  OMP re-solve: 0.000s

=== True-DRO Benders iter 71 ===
  OMP: t₀=19.084591, UB=25.328862, gap=2.47e-01, x=[0, 0, 0, 0, 0, 0, 0, 0, 0, 0, 0, 0, 0, 0, 0, 0, 0, 0, 0, 0, 0, 0, 0, 0, 0, 0, 0, 0, 0, 0, 0, 0, 0, 0, 1, 0, 0, 0, 0, 0, 0, 0, 0, 0, 0, 0, 0, 0, 0, 0, 0, 0, 0, 0, 0, 0, 0, 0, 0, 0, 0, 0, 1, 0, 0, 0, 0, 0, 0, 0, 0, 0, 0, 0, 0, 0] (0.000s)
  Sub: Z₀=22.076360 [LOCAL] (0.9s), α=[0.000,0.000,0.000,0.000,0.000,0.000,0.000,0.000,0.000,0.000,0.000,0.000,0.000,0.000,0.000,0.000,0.000,0.000,0.000,0.000,0.000,0.000,0.000,0.000,0.000,0.000,0.000,0.000,0.000,0.000,0.000,0.000,0.000,0.000,7.997,0.000,0.000,0.000,0.000,0.000,0.000,0.000,0.000,0.000,0.000,0.000,0.000,0.000,0.000,0.000,0.000,0.000,0.000,0.000,0.000,0.000,0.000,0.000,0.000,0.000,0.000,0.000,0.000,0.000,0.000,0.000,0.000,0.000,0.000,0.000,0.000,0.000,2.446,0.000,0.000,0.000]
  Iter 71: LB=19.084591  UB=25.328862  gap=2.47e-01
  Cut: intercept=-1162.323127, π_x_range=[-826.3483, 597.9763]
  Mini-Benders[1] (mw): LB=19.143833, Z₀(α*)=12.674078, intercept=-76.385385 (12.219s) [OMP=11.882 ISP-L=0.051 ISP-F=0.133 MW-L=0.046 MW-F=0.093]
  Mini-Benders[2] (mw): LB=19.143833, Z₀(α*)=12.674078, intercept=-76.385385 (12.750s) [OMP=12.453 ISP-L=0.051 ISP-F=0.133 MW-L=0.046 MW-F=0.078]
  Mini-Benders[3] (mw): LB=19.143833, Z₀(α*)=12.674078, intercept=-76.385385 (12.797s) [OMP=12.488 ISP-L=0.050 ISP-F=0.132 MW-L=0.045 MW-F=0.077]
  Mini-Benders[4]: LB stagnated, break
  α-step: Z₀=26.661062, α=[0.000,0.000,0.000,0.000,0.000,0.000,0.000,0.000,0.000,0.000,2.522,0.000,0.000,0.000,0.000,0.000,0.000,0.000,0.000,0.000,0.000,0.000,0.000,0.000,0.000,0.000,0.000,0.000,0.000,0.000,0.000,0.000,0.000,0.000,0.730,0.000,0.000,0.000,0.000,0.000,0.000,0.000,3.209,0.000,0.000,0.000,0.000,0.000,0.000,0.000,0.000,0.000,0.000,0.000,0.000,0.000,0.000,0.000,0.000,0.000,0.000,0.000,0.000,0.000,0.000,0.000,0.000,0.000,0.000,0.000,0.000,0.000,3.983,0.000,0.000,0.000]
  Alt-Benders[1] (mw): LB=19.176873, Z₀(α*)=-17.494121, intercept=-65.525145 (14.250s) [OMP=13.928 ISP-L=0.052 ISP-F=0.127 MW-L=0.045 MW-F=0.090]
  Alt-Benders[2] (mw): LB=19.176873, Z₀(α*)=-17.494121, intercept=-65.525145 (11.750s) [OMP=11.446 ISP-L=0.051 ISP-F=0.126 MW-L=0.044 MW-F=0.075]
  Alt-Benders[3] (mw): LB=19.176873, Z₀(α*)=-17.494121, intercept=-65.525145 (11.782s) [OMP=11.482 ISP-L=0.051 ISP-F=0.127 MW-L=0.044 MW-F=0.075]
  Alt-Benders[4]: LB stagnated, break
  OMP re-solve: 0.005s

=== True-DRO Benders iter 72 ===
  OMP: t₀=19.176873, UB=25.328862, gap=2.43e-01, x=[0, 0, 0, 0, 0, 0, 0, 0, 0, 0, 0, 0, 0, 0, 0, 0, 0, 0, 0, 0, 0, 0, 0, 0, 0, 0, 0, 0, 0, 0, 0, 0, 0, 0, 0, 0, 0, 0, 0, 0, 0, 0, 0, 0, 0, 1, 0, 0, 0, 0, 0, 0, 0, 0, 0, 0, 0, 0, 0, 0, 0, 0, 0, 0, 0, 0, 0, 0, 0, 0, 0, 1, 0, 0, 0, 0] (0.005s)
  Sub: Z₀=22.086801 [LOCAL] (0.8s), α=[0.000,0.000,0.000,0.000,0.000,0.000,0.000,0.000,0.000,0.000,0.000,0.000,0.000,0.000,0.000,0.000,0.000,0.000,0.000,0.000,0.000,0.000,0.000,0.000,0.000,0.000,0.000,0.000,0.000,0.000,0.000,0.000,0.000,0.000,0.000,0.000,0.000,0.000,0.000,0.000,0.000,0.000,0.000,0.000,0.000,0.000,0.000,0.000,0.000,0.000,0.000,0.000,0.000,0.000,0.000,0.000,0.000,0.000,0.000,0.000,0.000,0.000,0.000,0.000,0.000,0.000,0.000,0.000,0.000,0.000,0.000,7.186,3.257,0.000,0.000,0.000]
  Iter 72: LB=19.176873  UB=25.328862  gap=2.43e-01
  Cut: intercept=-1100.479554, π_x_range=[-825.2773, 565.4928]
  Mini-Benders[1] (mw): LB=19.205926, Z₀(α*)=-0.515002, intercept=-28.568679 (13.562s) [OMP=13.243 ISP-L=0.053 ISP-F=0.129 MW-L=0.040 MW-F=0.090]
  Mini-Benders[2] (mw): LB=19.205926, Z₀(α*)=-0.515002, intercept=-28.568679 (12.938s) [OMP=12.638 ISP-L=0.053 ISP-F=0.129 MW-L=0.040 MW-F=0.074]
  Mini-Benders[3] (mw): LB=19.205926, Z₀(α*)=-0.515002, intercept=-28.568679 (13.000s) [OMP=12.701 ISP-L=0.053 ISP-F=0.129 MW-L=0.041 MW-F=0.074]
  Mini-Benders[4]: LB stagnated, break
  α-step: Z₀=30.546687, α=[0.000,3.227,0.000,0.000,0.000,0.000,0.000,0.000,0.000,0.000,0.451,0.000,0.000,0.000,0.000,0.000,0.000,0.000,0.000,0.000,0.000,0.000,0.000,1.345,0.000,0.000,0.000,0.000,0.000,0.000,0.000,0.000,0.000,0.000,0.000,0.000,0.000,0.000,0.000,0.000,0.000,0.000,0.000,0.000,0.000,0.000,0.000,0.000,0.000,0.000,0.332,0.000,0.000,0.000,0.000,0.000,0.000,0.000,0.000,0.000,0.000,0.000,0.000,0.000,0.000,0.000,0.000,0.000,0.000,0.000,0.000,0.000,5.087,0.000,0.000,0.000]
  Alt-Benders[1] (mw): LB=19.210659, Z₀(α*)=-11.599071, intercept=-63.160121 (13.969s) [OMP=13.657 ISP-L=0.052 ISP-F=0.128 MW-L=0.059 MW-F=0.071]
  Alt-Benders[2] (mw): LB=19.210659, Z₀(α*)=-11.599071, intercept=-63.160121 (12.094s) [OMP=11.803 ISP-L=0.051 ISP-F=0.128 MW-L=0.043 MW-F=0.071]
  Alt-Benders[3] (mw): LB=19.210659, Z₀(α*)=-11.599071, intercept=-63.160121 (11.937s) [OMP=11.641 ISP-L=0.051 ISP-F=0.128 MW-L=0.043 MW-F=0.070]
  Alt-Benders[4]: LB stagnated, break
  OMP re-solve: 0.005s

=== True-DRO Benders iter 73 ===
  OMP: t₀=19.210659, UB=25.328862, gap=2.42e-01, x=[0, 0, 0, 0, 0, 0, 0, 0, 0, 0, 0, 0, 0, 0, 0, 1, 0, 0, 0, 0, 0, 0, 0, 0, 0, 0, 0, 0, 0, 0, 0, 0, 0, 0, 0, 0, 0, 0, 0, 0, 0, 0, 0, 0, 0, 0, 0, 0, 0, 0, 0, 0, 0, 0, 0, 0, 0, 0, 0, 0, 0, 0, 0, 0, 0, 0, 0, 0, 0, 0, 0, 1, 0, 0, 0, 0] (0.005s)
  Sub: Z₀=22.081679 [LOCAL] (0.9s), α=[0.000,0.000,0.000,0.000,0.000,0.000,0.000,0.000,0.000,0.000,0.000,0.000,0.000,0.000,0.000,0.000,0.000,0.000,0.000,0.000,0.000,0.000,0.000,0.000,0.000,0.000,0.000,0.000,0.000,0.000,0.000,0.000,0.000,0.000,0.000,0.000,0.000,0.000,0.000,0.000,0.000,0.000,0.000,0.000,0.000,0.000,0.000,0.000,0.000,0.000,0.000,0.000,0.000,0.000,0.000,0.000,0.000,0.000,0.000,0.000,0.000,0.000,0.000,0.000,0.000,0.000,0.000,0.000,0.000,0.000,0.000,6.831,3.612,0.000,0.000,0.000]
  Iter 73: LB=19.210659  UB=25.328862  gap=2.42e-01
  Cut: intercept=-1131.952677, π_x_range=[-826.5158, 585.2482]
  Mini-Benders[1] (mw): LB=19.228784, Z₀(α*)=11.893474, intercept=-51.598875 (13.672s) [OMP=13.348 ISP-L=0.050 ISP-F=0.134 MW-L=0.060 MW-F=0.074]
  Mini-Benders[2] (mw): LB=19.228784, Z₀(α*)=11.893474, intercept=-51.598875 (14.328s) [OMP=14.024 ISP-L=0.050 ISP-F=0.135 MW-L=0.046 MW-F=0.074]
  Mini-Benders[3] (mw): LB=19.228784, Z₀(α*)=11.893474, intercept=-51.598875 (14.141s) [OMP=13.833 ISP-L=0.050 ISP-F=0.134 MW-L=0.044 MW-F=0.074]
  Mini-Benders[4]: LB stagnated, break
  α-step: Z₀=32.157491, α=[0.000,0.000,0.000,0.000,0.000,0.000,0.000,0.000,0.000,0.000,2.522,0.000,0.000,0.000,0.000,0.000,0.338,0.000,0.000,0.000,0.000,0.000,0.000,0.000,0.000,0.000,0.000,0.000,0.000,0.000,0.000,0.000,0.000,0.000,0.000,0.000,0.000,0.000,0.000,0.000,0.000,0.000,0.000,0.000,0.000,0.000,0.000,0.000,0.000,0.000,0.751,0.000,0.000,0.000,0.000,0.000,0.000,0.000,0.000,0.000,0.000,0.000,0.000,0.000,0.000,0.000,0.000,0.000,0.000,0.000,0.000,1.327,5.505,0.000,0.000,0.000]
  Alt-Benders[1] (mw): LB=19.296371, Z₀(α*)=32.292347, intercept=-14.892734 (12.844s) [OMP=12.508 ISP-L=0.051 ISP-F=0.129 MW-L=0.058 MW-F=0.093]
  Alt-Benders[2] (mw): LB=19.409015, Z₀(α*)=30.700033, intercept=22.778010 (13.875s) [OMP=13.559 ISP-L=0.053 ISP-F=0.132 MW-L=0.042 MW-F=0.077]
  Alt-Benders[3] (mw): LB=19.409155, Z₀(α*)=25.788298, intercept=-23.761412 (13.844s) [OMP=13.539 ISP-L=0.053 ISP-F=0.135 MW-L=0.044 MW-F=0.072]
  Alt-Benders[4] (mw): LB=19.410180, Z₀(α*)=7.122926, intercept=-17.177186 (13.297s) [OMP=12.996 ISP-L=0.052 ISP-F=0.129 MW-L=0.046 MW-F=0.076]
  Alt-Benders[5] (mw): LB=19.410180, Z₀(α*)=7.122926, intercept=-17.177186 (13.218s) [OMP=12.897 ISP-L=0.052 ISP-F=0.128 MW-L=0.062 MW-F=0.076]
  OMP re-solve: 12.898s

Wall time limit reached (7327s ≥ 7200s) at iter 74
  LB=19.410180  UB=25.328862  gap=2.34e-01

Result (double/mb_only): Z₀=25.328862, iters=73, time=7327.0s
x arcs = [52, 54]
