============================================================
polska — double [naive]: ε̂=0.10, ε̃=0.10, β=0.05
  mini_benders=false, valid_inequality=none
============================================================
Set parameter Username
Set parameter LicenseID to value 2742039
Academic license - for non-commercial use only - expires 2026-11-20
Set parameter Username
Set parameter LicenseID to value 2742039
Academic license - for non-commercial use only - expires 2026-11-20
Set parameter OutputFlag to value 1
Set parameter LogFile to value "global_miqcp.log"
Set parameter Username
Set parameter LicenseID to value 2742039
Academic license - for non-commercial use only - expires 2026-11-20

=== True-DRO Benders iter 1 ===
  OMP: t₀=-10000.000000, UB=Inf, gap=NaN, x=[0, 0, 0, 0, 0, 0, 0, 0, 0, 0, 0, 0, 0, 0, 0, 0, 0, 0, 0, 0, 0, 0, 0, 0, 0, 0, 0, 0, 0, 0, 0, 0, 0, 0, 0, 0] (0.000s)
  Sub: Z₀=22.935501 [LOCAL] (0.2s), α=[0.000,0.000,5.422,0.000,0.000,0.000,0.000,0.000,0.000,0.000,0.000,0.000,0.000,0.000,0.000,0.000,0.000,0.000,0.000,0.000,0.000,0.000,0.000,0.000,0.000,0.000,0.000,0.000,0.000,0.000,0.000,0.000,0.402,4.120,0.000,0.000]
  Iter 1: LB=-10000.000000  UB=Inf  gap=NaN
  Cut: intercept=22.935501, π_x_range=[-823.8557, -801.9970]

=== True-DRO Benders iter 2 ===
  OMP: t₀=-1619.675488, UB=Inf, gap=NaN, x=[0, 0, 0, 0, 0, 1, 0, 0, 0, 0, 0, 0, 0, 0, 0, 0, 0, 0, 0, 0, 0, 0, 0, 0, 1, 0, 0, 0, 0, 0, 0, 0, 0, 0, 0, 0] (0.010s)
  Sub: Z₀=16.955644 [LOCAL] (0.2s), α=[0.000,0.000,0.000,0.000,0.000,3.562,0.024,0.000,0.000,0.000,0.000,0.000,0.000,2.307,0.000,0.000,0.000,2.280,0.000,0.000,0.000,0.000,0.000,0.000,0.520,0.000,0.000,0.000,0.000,0.283,0.967,0.000,0.000,0.000,0.000,0.000]
  Iter 2: LB=-1619.675488  UB=Inf  gap=NaN
  Cut: intercept=-1079.050615, π_x_range=[-816.4153, 554.6901]

=== True-DRO Benders iter 3 ===
  OMP: t₀=-1610.057323, UB=Inf, gap=NaN, x=[0, 0, 0, 0, 0, 0, 0, 0, 0, 0, 0, 0, 1, 0, 0, 0, 0, 0, 0, 0, 0, 0, 1, 0, 0, 0, 0, 0, 0, 0, 0, 0, 0, 0, 0, 0] (0.033s)
  Sub: Z₀=19.301783 [LOCAL] (0.2s), α=[0.000,0.000,2.763,0.000,0.000,0.000,0.000,0.000,0.000,0.000,0.000,0.000,0.082,3.506,0.000,0.000,0.000,0.000,0.000,0.000,0.000,0.000,0.455,0.000,0.000,0.000,0.000,0.000,0.000,0.000,0.000,0.000,0.000,3.137,0.000,0.000]
  Iter 3: LB=-1610.057323  UB=Inf  gap=NaN
  Cut: intercept=-1096.493600, π_x_range=[-818.5856, 563.8255]

=== True-DRO Benders iter 4 ===
  OMP: t₀=-1604.827110, UB=Inf, gap=NaN, x=[0, 0, 0, 0, 0, 0, 0, 0, 0, 0, 0, 0, 0, 0, 0, 1, 0, 0, 1, 0, 0, 0, 0, 0, 0, 0, 0, 0, 0, 0, 0, 0, 0, 0, 0, 0] (0.031s)
  Sub: Z₀=21.976893 [LOCAL] (0.2s), α=[0.000,0.000,5.254,0.000,0.000,0.000,0.000,0.000,0.000,0.000,0.000,0.000,0.000,0.000,0.000,0.000,0.000,0.000,0.000,0.000,0.000,0.000,0.000,0.000,0.000,0.000,0.000,0.000,0.000,0.337,0.000,0.000,0.371,3.982,0.000,0.000]
  Iter 4: LB=-1604.827110  UB=Inf  gap=NaN
  Cut: intercept=-1098.352491, π_x_range=[-824.7741, 573.3721]

=== True-DRO Benders iter 5 ===
  OMP: t₀=-1602.170294, UB=Inf, gap=NaN, x=[0, 0, 0, 0, 0, 0, 0, 0, 0, 1, 0, 0, 0, 0, 0, 0, 0, 0, 0, 0, 0, 0, 0, 0, 0, 0, 0, 0, 1, 0, 0, 0, 0, 0, 0, 0] (0.062s)
Set parameter NonConvex to value 2
Set parameter MIPGap to value 0.0001
Set parameter DualReductions to value 0
Set parameter MIPFocus to value 0
  Sub: Z₀=19.880272 [TIME_LIMIT] (15.1s), α=[0.000,0.000,5.422,0.000,0.000,0.000,0.000,0.000,0.000,0.000,0.000,0.000,0.000,0.000,0.000,0.000,0.000,0.000,0.000,0.000,0.000,0.000,0.000,0.000,0.000,0.000,0.000,0.000,0.000,0.000,0.000,0.000,1.012,3.510,0.000,0.000]
  Iter 5: LB=-1602.170294  UB=20.441734  gap=7.94e+01
  Cut: intercept=-97.996302, π_x_range=[-217.0000, 66.8607]

=== True-DRO Benders iter 6 ===
  OMP: t₀=-524.996302, UB=20.441734, gap=2.67e+01, x=[0, 0, 0, 0, 0, 0, 0, 0, 0, 0, 0, 0, 0, 0, 0, 1, 0, 0, 0, 0, 0, 0, 0, 0, 0, 1, 0, 0, 0, 0, 0, 0, 0, 0, 0, 0] (0.010s)
  Sub: Z₀=22.935501 [LOCAL] (0.2s), α=[0.000,0.000,5.422,0.000,0.000,0.000,0.000,0.000,0.000,0.000,0.000,0.000,0.000,0.000,0.000,0.000,0.000,0.000,0.000,0.000,0.000,0.000,0.000,0.000,0.000,0.000,0.000,0.000,0.000,0.000,0.000,0.000,0.404,4.118,0.000,0.000]
  Iter 6: LB=-524.996302  UB=20.441734  gap=2.67e+01
  Cut: intercept=-1056.502485, π_x_range=[-823.9503, 542.6559]

=== True-DRO Benders iter 7 ===
  OMP: t₀=-514.996302, UB=20.441734, gap=2.62e+01, x=[0, 0, 0, 0, 0, 0, 0, 0, 0, 0, 0, 0, 0, 0, 0, 1, 0, 0, 0, 0, 0, 0, 0, 0, 1, 0, 0, 0, 0, 0, 0, 0, 0, 0, 0, 0] (0.012s)
  Sub: Z₀=20.184095 [LOCAL] (0.4s), α=[0.000,0.000,0.479,0.000,0.000,0.000,0.036,0.000,0.000,0.047,0.000,0.000,0.000,0.000,0.000,0.000,0.000,4.720,0.000,0.000,0.000,0.000,0.000,0.000,1.641,0.000,0.000,0.511,0.000,0.000,0.000,0.000,0.363,2.149,0.000,0.000]
  Iter 7: LB=-514.996302  UB=20.441734  gap=2.62e+01
  Cut: intercept=-1060.276690, π_x_range=[-823.0265, 543.1658]

=== True-DRO Benders iter 8 ===
  OMP: t₀=-511.396044, UB=20.441734, gap=2.60e+01, x=[0, 0, 0, 0, 0, 1, 0, 0, 0, 0, 0, 0, 0, 0, 0, 1, 0, 0, 0, 0, 0, 0, 0, 0, 0, 0, 0, 0, 0, 0, 0, 0, 0, 0, 0, 0] (0.010s)
  Sub: Z₀=17.979752 [LOCAL] (0.2s), α=[0.000,0.000,1.293,0.000,0.000,4.808,0.000,0.000,0.000,0.000,0.000,0.000,0.000,1.098,0.000,0.000,0.000,0.469,0.000,0.000,0.000,0.000,0.000,0.000,0.000,0.000,0.000,0.000,0.000,0.124,0.572,0.000,0.417,1.163,0.000,0.000]
  Iter 8: LB=-511.396044  UB=20.441734  gap=2.60e+01
  Cut: intercept=-1073.255173, π_x_range=[-819.5350, 554.7739]

=== True-DRO Benders iter 9 ===
  OMP: t₀=-507.996303, UB=20.441734, gap=2.59e+01, x=[0, 0, 0, 0, 0, 0, 0, 0, 0, 0, 0, 0, 0, 0, 0, 0, 0, 0, 0, 0, 0, 0, 0, 0, 1, 1, 0, 0, 0, 0, 0, 0, 0, 0, 0, 0] (0.017s)
  Sub: Z₀=20.184095 [LOCAL] (0.3s), α=[0.000,0.000,0.491,0.000,0.000,0.000,0.035,0.000,0.000,0.047,0.000,0.000,0.000,0.000,0.000,0.000,0.000,4.708,0.000,0.000,0.000,0.000,0.000,0.000,1.653,0.000,0.000,0.500,0.000,0.000,0.000,0.000,0.396,2.115,0.000,0.000]
  Iter 9: LB=-507.996303  UB=20.441734  gap=2.59e+01
  Cut: intercept=-1056.900001, π_x_range=[-822.2226, 543.2282]

=== True-DRO Benders iter 10 ===
  OMP: t₀=-504.396044, UB=20.441734, gap=2.57e+01, x=[0, 0, 0, 0, 0, 1, 0, 0, 0, 0, 0, 0, 0, 0, 0, 0, 0, 0, 0, 0, 0, 0, 0, 0, 0, 1, 0, 0, 0, 0, 0, 0, 0, 0, 0, 0] (0.016s)
  Sub: Z₀=17.979758 [TIME_LIMIT] (15.1s), α=[0.000,0.000,0.844,0.000,0.000,0.874,0.000,0.000,0.000,0.000,0.000,0.000,0.000,3.735,0.000,0.000,0.000,0.918,0.000,0.000,0.000,0.000,0.000,0.000,0.000,0.000,0.000,0.000,0.000,0.461,1.532,0.000,0.252,1.329,0.000,0.000]
  Iter 10: LB=-504.396044  UB=19.911725  gap=2.63e+01
  Cut: intercept=-114.030164, π_x_range=[-232.4972, 80.1935]

=== True-DRO Benders iter 11 ===
  OMP: t₀=-491.996303, UB=19.911725, gap=2.57e+01, x=[0, 0, 0, 0, 0, 0, 0, 0, 0, 0, 0, 0, 1, 0, 0, 1, 0, 0, 0, 0, 0, 0, 0, 0, 0, 0, 0, 0, 0, 0, 0, 0, 0, 0, 0, 0] (0.046s)
  Sub: Z₀=20.008574 [LOCAL] (0.1s), α=[0.000,0.000,2.990,0.000,0.000,0.000,0.000,0.000,0.000,0.000,0.000,0.000,1.705,0.528,0.000,0.000,0.000,0.000,0.000,0.000,0.000,0.000,0.000,0.000,0.000,0.000,0.000,0.000,0.000,0.000,0.000,0.000,0.000,4.721,0.000,0.000]
  Iter 11: LB=-491.996303  UB=19.911725  gap=2.57e+01
  Cut: intercept=-1099.408203, π_x_range=[-820.7982, 571.3788]

=== True-DRO Benders iter 12 ===
  OMP: t₀=-489.996303, UB=19.911725, gap=2.56e+01, x=[0, 0, 0, 0, 0, 0, 0, 0, 0, 0, 0, 0, 0, 0, 0, 1, 0, 0, 0, 0, 0, 0, 0, 0, 0, 0, 0, 0, 0, 0, 0, 1, 0, 0, 0, 0] (0.045s)
  Sub: Z₀=22.935501 [LOCAL] (0.2s), α=[0.000,0.000,5.422,0.000,0.000,0.000,0.000,0.000,0.000,0.000,0.000,0.000,0.000,0.000,0.000,0.000,0.000,0.000,0.000,0.000,0.000,0.000,0.000,0.000,0.000,0.000,0.000,0.000,0.000,0.000,0.000,0.000,0.369,4.153,0.000,0.000]
  Iter 12: LB=-489.996303  UB=19.911725  gap=2.56e+01
  Cut: intercept=-1072.064842, π_x_range=[-823.8697, 552.3450]

=== True-DRO Benders iter 13 ===
  OMP: t₀=-478.996303, UB=19.911725, gap=2.51e+01, x=[0, 0, 0, 0, 0, 0, 0, 0, 0, 0, 0, 0, 0, 0, 0, 1, 0, 0, 0, 0, 0, 0, 1, 0, 0, 0, 0, 0, 0, 0, 0, 0, 0, 0, 0, 0] (0.060s)
  Sub: Z₀=21.275916 [LOCAL] (0.3s), α=[0.000,0.000,4.171,0.000,0.000,0.060,0.000,0.000,0.000,0.000,0.000,0.000,0.000,1.640,0.000,0.000,0.000,0.000,0.000,0.000,0.000,0.000,0.786,0.000,0.000,0.000,0.000,0.000,0.000,0.000,0.000,0.000,2.323,0.964,0.000,0.000]
  Iter 13: LB=-478.996303  UB=19.911725  gap=2.51e+01
  Cut: intercept=-1079.150593, π_x_range=[-823.0437, 562.3148]

=== True-DRO Benders iter 14 ===
  OMP: t₀=-476.996303, UB=19.911725, gap=2.50e+01, x=[0, 0, 0, 0, 1, 0, 0, 0, 0, 0, 0, 0, 0, 0, 0, 1, 0, 0, 0, 0, 0, 0, 0, 0, 0, 0, 0, 0, 0, 0, 0, 0, 0, 0, 0, 0] (0.044s)
  Sub: Z₀=22.935501 [LOCAL] (0.2s), α=[0.000,0.000,5.422,0.000,0.000,0.000,0.000,0.000,0.000,0.000,0.000,0.000,0.000,0.000,0.000,0.000,0.000,0.000,0.000,0.000,0.000,0.000,0.000,0.000,0.000,0.000,0.000,0.000,0.000,0.000,0.000,0.000,0.287,4.235,0.000,0.000]
  Iter 14: LB=-476.996303  UB=19.911725  gap=2.50e+01
  Cut: intercept=-1076.741440, π_x_range=[-823.8700, 557.0010]

=== True-DRO Benders iter 15 ===
  OMP: t₀=-474.996303, UB=19.911725, gap=2.49e+01, x=[0, 0, 0, 0, 0, 0, 0, 0, 0, 0, 0, 0, 1, 0, 0, 0, 0, 0, 0, 0, 0, 0, 0, 0, 1, 0, 0, 0, 0, 0, 0, 0, 0, 0, 0, 0] (0.053s)
  Sub: Z₀=18.532120 [TIME_LIMIT] (15.2s), α=[0.000,0.000,0.000,0.000,0.000,0.000,0.004,0.000,0.000,0.000,0.000,0.000,0.907,0.185,0.000,0.000,0.000,3.156,0.000,0.000,0.000,0.000,0.000,0.000,1.088,0.000,0.000,0.000,0.000,0.000,0.000,0.000,0.000,4.604,0.000,0.000]
  Iter 15: LB=-474.996303  UB=19.365740  gap=2.55e+01
  Cut: intercept=-97.388580, π_x_range=[-168.2216, 64.6142]

=== True-DRO Benders iter 16 ===
  OMP: t₀=-353.184750, UB=19.365740, gap=1.92e+01, x=[0, 0, 0, 0, 0, 0, 0, 0, 0, 0, 0, 0, 0, 0, 0, 0, 0, 0, 1, 0, 0, 0, 1, 0, 0, 0, 0, 0, 0, 0, 0, 0, 0, 0, 0, 0] (0.035s)
  Sub: Z₀=20.567964 [LOCAL] (0.2s), α=[0.000,0.000,4.458,0.000,0.000,0.039,0.000,0.000,0.000,0.000,0.000,0.000,0.000,0.627,0.000,0.000,0.000,0.000,0.000,0.000,0.000,0.000,1.263,0.000,0.000,0.000,0.000,0.000,0.000,0.000,0.000,0.000,2.017,1.540,0.000,0.000]
  Iter 16: LB=-353.184750  UB=19.365740  gap=1.92e+01
  Cut: intercept=-1104.772001, π_x_range=[-823.3296, 565.3661]

=== True-DRO Benders iter 17 ===
  OMP: t₀=-346.430173, UB=19.365740, gap=1.89e+01, x=[0, 0, 0, 0, 1, 0, 0, 0, 0, 0, 0, 0, 0, 0, 0, 0, 0, 0, 0, 0, 0, 0, 1, 0, 0, 0, 0, 0, 0, 0, 0, 0, 0, 0, 0, 0] (0.046s)
  Sub: Z₀=21.275916 [LOCAL] (0.3s), α=[0.000,0.000,4.171,0.000,0.000,0.074,0.000,0.000,0.000,0.000,0.000,0.000,0.000,1.641,0.000,0.000,0.000,0.000,0.000,0.000,0.000,0.000,0.771,0.000,0.000,0.000,0.000,0.000,0.000,0.000,0.000,0.000,2.187,1.100,0.000,0.000]
  Iter 17: LB=-346.430173  UB=19.365740  gap=1.89e+01
  Cut: intercept=-1094.403351, π_x_range=[-823.0747, 562.3250]

=== True-DRO Benders iter 18 ===
  OMP: t₀=-329.633005, UB=19.365740, gap=1.80e+01, x=[0, 0, 0, 0, 0, 0, 0, 0, 0, 0, 0, 1, 0, 0, 0, 0, 0, 0, 0, 0, 0, 0, 1, 0, 0, 0, 0, 0, 0, 0, 0, 0, 0, 0, 0, 0] (0.112s)
  Sub: Z₀=21.275916 [LOCAL] (0.3s), α=[0.000,0.000,4.171,0.000,0.000,0.059,0.000,0.000,0.000,0.000,0.000,0.000,0.000,1.605,0.000,0.000,0.000,0.000,0.000,0.000,0.000,0.000,0.822,0.000,0.000,0.000,0.000,0.000,0.000,0.000,0.000,0.000,2.292,0.995,0.000,0.000]
  Iter 18: LB=-329.633005  UB=19.365740  gap=1.80e+01
  Cut: intercept=-1106.611390, π_x_range=[-823.0740, 565.5244]

=== True-DRO Benders iter 19 ===
  OMP: t₀=-327.938590, UB=19.365740, gap=1.79e+01, x=[0, 0, 0, 0, 0, 0, 0, 0, 0, 0, 0, 0, 0, 0, 0, 0, 0, 0, 0, 0, 0, 0, 1, 0, 0, 0, 0, 0, 0, 0, 0, 1, 0, 0, 0, 0] (0.182s)
  Sub: Z₀=21.275916 [LOCAL] (0.3s), α=[0.000,0.000,4.171,0.000,0.000,0.065,0.000,0.000,0.000,0.000,0.000,0.000,0.000,1.656,0.000,0.000,0.000,0.000,0.000,0.000,0.000,0.000,0.765,0.000,0.000,0.000,0.000,0.000,0.000,0.000,0.000,0.000,2.268,1.020,0.000,0.000]
  Iter 19: LB=-327.938590  UB=19.365740  gap=1.79e+01
  Cut: intercept=-1084.591211, π_x_range=[-823.0811, 560.0705]

=== True-DRO Benders iter 20 ===
  OMP: t₀=-322.599894, UB=19.365740, gap=1.77e+01, x=[0, 0, 0, 0, 0, 0, 0, 0, 0, 0, 0, 0, 0, 0, 0, 0, 0, 0, 0, 0, 0, 1, 1, 0, 0, 0, 0, 0, 0, 0, 0, 0, 0, 0, 0, 0] (0.166s)
  Sub: Z₀=19.609475 [TIME_LIMIT] (15.2s), α=[0.000,0.000,2.237,0.000,0.000,0.000,0.000,0.000,0.000,0.000,0.000,0.000,0.000,0.000,0.000,0.000,0.000,0.000,0.000,0.000,0.000,1.775,4.597,0.000,0.000,0.000,0.000,0.000,0.000,0.000,0.000,0.000,1.336,0.000,0.000,0.000]
  Iter 20: LB=-322.599894  UB=19.365740  gap=1.77e+01
  Cut: intercept=-105.836937, π_x_range=[-158.4594, 76.0655]

=== True-DRO Benders iter 21 ===
  OMP: t₀=-316.401636, UB=19.365740, gap=1.73e+01, x=[0, 0, 0, 0, 1, 0, 0, 0, 0, 0, 0, 0, 0, 0, 0, 0, 0, 0, 1, 0, 0, 0, 0, 0, 0, 0, 0, 0, 0, 0, 0, 0, 0, 0, 0, 0] (0.187s)
  Sub: Z₀=21.976893 [LOCAL] (0.3s), α=[0.000,0.000,5.254,0.000,0.000,0.000,0.000,0.000,0.000,0.000,0.000,0.000,0.000,0.000,0.000,0.000,0.000,0.000,0.000,0.000,0.000,0.000,0.000,0.000,0.000,0.000,0.000,0.000,0.000,0.337,0.000,0.000,0.296,4.058,0.000,0.000]
  Iter 21: LB=-316.401636  UB=19.365740  gap=1.73e+01
  Cut: intercept=-1112.547842, π_x_range=[-824.7705, 573.2762]

=== True-DRO Benders iter 22 ===
  OMP: t₀=-310.488113, UB=19.365740, gap=1.70e+01, x=[0, 0, 0, 0, 0, 0, 0, 1, 0, 0, 0, 0, 0, 0, 0, 1, 0, 0, 0, 0, 0, 0, 0, 0, 0, 0, 0, 0, 0, 0, 0, 0, 0, 0, 0, 0] (0.236s)
  Sub: Z₀=22.935501 [LOCAL] (0.2s), α=[0.000,0.000,5.422,0.000,0.000,0.000,0.000,0.000,0.000,0.000,0.000,0.000,0.000,0.000,0.000,0.000,0.000,0.000,0.000,0.000,0.000,0.000,0.000,0.000,0.000,0.000,0.000,0.000,0.000,0.000,0.000,0.000,0.430,4.092,0.000,0.000]
  Iter 22: LB=-310.488113  UB=19.365740  gap=1.70e+01
  Cut: intercept=-1086.559389, π_x_range=[-823.7581, 566.8322]

=== True-DRO Benders iter 23 ===
  OMP: t₀=-308.561959, UB=19.365740, gap=1.69e+01, x=[0, 0, 0, 0, 0, 0, 0, 0, 0, 0, 1, 0, 0, 0, 0, 1, 0, 0, 0, 0, 0, 0, 0, 0, 0, 0, 0, 0, 0, 0, 0, 0, 0, 0, 0, 0] (0.263s)
  Sub: Z₀=22.935501 [LOCAL] (0.2s), α=[0.000,0.000,5.422,0.000,0.000,0.000,0.000,0.000,0.000,0.000,0.000,0.000,0.000,0.000,0.000,0.000,0.000,0.000,0.000,0.000,0.000,0.000,0.000,0.000,0.000,0.000,0.000,0.000,0.000,0.000,0.000,0.000,0.405,4.117,0.000,0.000]
  Iter 23: LB=-308.561959  UB=19.365740  gap=1.69e+01
  Cut: intercept=-1088.564588, π_x_range=[-823.8201, 568.9209]

=== True-DRO Benders iter 24 ===
  OMP: t₀=-307.340152, UB=19.365740, gap=1.69e+01, x=[0, 0, 0, 0, 0, 0, 0, 0, 0, 0, 0, 0, 0, 0, 0, 1, 0, 0, 0, 0, 0, 0, 0, 0, 0, 0, 0, 0, 0, 0, 0, 0, 1, 0, 0, 0] (0.272s)
  Sub: Z₀=19.460443 [LOCAL] (0.1s), α=[0.000,0.000,2.169,0.000,0.000,0.000,0.000,0.000,0.000,0.000,0.000,0.000,0.000,0.000,0.000,0.000,0.000,0.000,0.000,0.000,0.000,0.000,0.000,0.000,0.000,0.000,0.000,0.000,0.000,0.000,0.000,0.000,5.179,2.597,0.000,0.000]
  Iter 24: LB=-307.340152  UB=19.365740  gap=1.69e+01
  Cut: intercept=-1115.053565, π_x_range=[-822.7287, 585.8883]

=== True-DRO Benders iter 25 ===
  OMP: t₀=-306.679473, UB=19.365740, gap=1.68e+01, x=[0, 0, 0, 0, 0, 0, 0, 0, 0, 0, 0, 1, 0, 0, 0, 1, 0, 0, 0, 0, 0, 0, 0, 0, 0, 0, 0, 0, 0, 0, 0, 0, 0, 0, 0, 0] (0.294s)
  Sub: Z₀=22.942165 [TIME_LIMIT] (15.1s), α=[0.000,0.000,5.549,0.000,0.000,0.000,0.000,0.000,0.000,0.000,0.000,0.000,0.000,0.000,0.000,0.000,0.000,0.000,0.000,0.000,0.000,0.000,0.000,0.000,0.000,0.000,0.000,0.000,0.000,0.000,0.000,0.000,0.000,4.395,0.000,0.000]
  Iter 25: LB=-306.679473  UB=19.365740  gap=1.68e+01
  Cut: intercept=22.942165, π_x_range=[-165.0371, 0.0000]

=== True-DRO Benders iter 26 ===
  OMP: t₀=-249.490696, UB=19.365740, gap=1.39e+01, x=[0, 0, 0, 0, 0, 0, 0, 0, 0, 0, 0, 0, 0, 0, 0, 0, 0, 0, 1, 0, 0, 0, 0, 0, 0, 0, 0, 0, 0, 0, 0, 1, 0, 0, 0, 0] (0.086s)
  Sub: Z₀=21.976893 [LOCAL] (0.2s), α=[0.000,0.000,5.254,0.000,0.000,0.000,0.000,0.000,0.000,0.000,0.000,0.000,0.000,0.000,0.000,0.000,0.000,0.000,0.000,0.000,0.000,0.000,0.000,0.000,0.000,0.000,0.000,0.000,0.000,0.337,0.000,0.000,0.370,3.983,0.000,0.000]
  Iter 26: LB=-249.490696  UB=19.365740  gap=1.39e+01
  Cut: intercept=-1105.741013, π_x_range=[-824.7638, 573.2848]

=== True-DRO Benders iter 27 ===
  OMP: t₀=-243.389435, UB=19.365740, gap=1.36e+01, x=[0, 0, 0, 0, 1, 0, 0, 0, 0, 0, 0, 0, 0, 0, 0, 0, 0, 0, 0, 0, 0, 0, 0, 0, 0, 0, 0, 0, 0, 0, 0, 1, 0, 0, 0, 0] (0.120s)
  Sub: Z₀=22.935501 [LOCAL] (0.1s), α=[0.000,0.000,5.422,0.000,0.000,0.000,0.000,0.000,0.000,0.000,0.000,0.000,0.000,0.000,0.000,0.000,0.000,0.000,0.000,0.000,0.000,0.000,0.000,0.000,0.000,0.000,0.000,0.000,0.000,0.000,0.000,0.000,0.284,4.238,0.000,0.000]
  Iter 27: LB=-243.389435  UB=19.365740  gap=1.36e+01
  Cut: intercept=-1086.424385, π_x_range=[-823.8698, 556.9973]

=== True-DRO Benders iter 28 ===
  OMP: t₀=-238.494790, UB=19.365740, gap=1.33e+01, x=[0, 0, 0, 0, 0, 1, 0, 0, 0, 0, 0, 0, 0, 0, 0, 0, 0, 0, 0, 0, 0, 0, 0, 0, 0, 0, 0, 0, 0, 0, 0, 1, 0, 0, 0, 0] (0.188s)
  Sub: Z₀=17.979752 [LOCAL] (0.2s), α=[0.000,0.000,1.419,0.000,0.000,4.799,0.000,0.000,0.000,0.000,0.000,0.000,0.000,1.101,0.000,0.000,0.000,0.343,0.000,0.000,0.000,0.000,0.000,0.000,0.000,0.000,0.000,0.000,0.000,0.120,0.582,0.000,0.416,1.164,0.000,0.000]
  Iter 28: LB=-238.494790  UB=19.365740  gap=1.33e+01
  Cut: intercept=-1083.685724, π_x_range=[-819.6591, 554.7582]

=== True-DRO Benders iter 29 ===
  OMP: t₀=-229.503994, UB=19.365740, gap=1.29e+01, x=[0, 0, 0, 0, 0, 0, 0, 0, 0, 0, 0, 0, 0, 0, 0, 0, 0, 0, 0, 0, 1, 0, 0, 0, 0, 0, 0, 0, 0, 0, 0, 1, 0, 0, 0, 0] (0.198s)
  Sub: Z₀=22.935501 [LOCAL] (0.1s), α=[0.000,0.000,5.422,0.000,0.000,0.000,0.000,0.000,0.000,0.000,0.000,0.000,0.000,0.000,0.000,0.000,0.000,0.000,0.000,0.000,0.000,0.000,0.000,0.000,0.000,0.000,0.000,0.000,0.000,0.000,0.000,0.000,0.336,4.186,0.000,0.000]
  Iter 29: LB=-229.503994  UB=19.365740  gap=1.29e+01
  Cut: intercept=-1085.787568, π_x_range=[-823.8431, 556.3912]

=== True-DRO Benders iter 30 ===
  OMP: t₀=-229.031745, UB=19.365740, gap=1.28e+01, x=[0, 0, 0, 0, 0, 0, 0, 0, 0, 0, 1, 0, 0, 0, 0, 0, 0, 0, 0, 0, 0, 0, 0, 0, 0, 0, 0, 0, 0, 0, 0, 1, 0, 0, 0, 0] (0.208s)
  Sub: Z₀=22.937338 [TIME_LIMIT] (15.1s), α=[0.000,0.000,5.457,0.000,0.000,0.000,0.000,0.000,0.000,0.000,0.000,0.000,0.000,0.000,0.000,0.000,0.000,0.000,0.000,0.000,0.000,0.000,0.000,0.000,0.000,0.000,0.000,0.000,0.000,0.000,0.000,0.000,1.220,3.267,0.000,0.000]
  Iter 30: LB=-229.031745  UB=19.365740  gap=1.28e+01
  Cut: intercept=22.937338, π_x_range=[-167.3093, 0.0000]

=== True-DRO Benders iter 31 ===
  OMP: t₀=-228.807460, UB=19.365740, gap=1.28e+01, x=[0, 0, 0, 0, 1, 1, 0, 0, 0, 0, 0, 0, 0, 0, 0, 0, 0, 0, 0, 0, 0, 0, 0, 0, 0, 0, 0, 0, 0, 0, 0, 0, 0, 0, 0, 0] (0.251s)
  Sub: Z₀=17.979752 [LOCAL] (0.2s), α=[0.000,0.000,1.534,0.000,0.000,5.474,0.000,0.000,0.000,0.000,0.000,0.000,0.000,0.835,0.000,0.000,0.000,0.228,0.000,0.000,0.000,0.000,0.000,0.000,0.000,0.000,0.000,0.000,0.000,0.046,0.246,0.000,0.052,1.528,0.000,0.000]
  Iter 31: LB=-228.807460  UB=19.365740  gap=1.28e+01
  Cut: intercept=-1089.720298, π_x_range=[-819.7348, 554.9324]

=== True-DRO Benders iter 32 ===
  OMP: t₀=-225.224590, UB=19.365740, gap=1.26e+01, x=[0, 0, 0, 0, 0, 1, 0, 0, 0, 0, 0, 0, 0, 0, 0, 0, 0, 0, 0, 0, 0, 0, 0, 0, 0, 0, 0, 0, 1, 0, 0, 0, 0, 0, 0, 0] (0.260s)
  Sub: Z₀=17.979752 [LOCAL] (0.2s), α=[0.000,0.000,1.650,0.000,0.000,4.279,0.000,0.000,0.000,0.000,0.000,0.000,0.000,0.994,0.000,0.000,0.000,0.112,0.000,0.000,0.000,0.000,0.000,0.000,0.000,0.000,0.000,0.000,0.000,0.266,1.062,0.000,0.351,1.229,0.000,0.000]
  Iter 32: LB=-225.224590  UB=19.365740  gap=1.26e+01
  Cut: intercept=-1090.533056, π_x_range=[-820.0044, 554.8636]

=== True-DRO Benders iter 33 ===
  OMP: t₀=-220.836676, UB=19.365740, gap=1.24e+01, x=[0, 0, 0, 0, 0, 0, 0, 0, 0, 1, 0, 0, 0, 0, 0, 0, 0, 0, 0, 0, 0, 0, 0, 0, 0, 1, 0, 0, 0, 0, 0, 0, 0, 0, 0, 0] (0.360s)
  Sub: Z₀=19.880270 [LOCAL] (0.2s), α=[0.000,0.000,5.422,0.000,0.000,0.000,0.000,0.000,0.000,0.000,0.000,0.000,0.000,0.000,0.000,0.000,0.000,0.000,0.000,0.000,0.000,0.000,0.000,0.000,0.000,0.000,0.000,0.000,0.000,0.000,0.000,0.000,0.998,3.524,0.000,0.000]
  Iter 33: LB=-220.836676  UB=19.365740  gap=1.24e+01
  Cut: intercept=-1079.336815, π_x_range=[-824.8619, 562.2081]

=== True-DRO Benders iter 34 ===
  OMP: t₀=-218.583984, UB=19.365740, gap=1.23e+01, x=[0, 0, 0, 0, 0, 1, 0, 0, 0, 1, 0, 0, 0, 0, 0, 0, 0, 0, 0, 0, 0, 0, 0, 0, 0, 0, 0, 0, 0, 0, 0, 0, 0, 0, 0, 0] (0.215s)
  Sub: Z₀=15.594621 [LOCAL] (0.3s), α=[0.000,0.000,0.182,0.000,0.000,3.768,0.000,0.000,0.000,5.409,0.000,0.000,0.000,0.585,0.000,0.000,0.000,0.000,0.000,0.000,0.000,0.000,0.000,0.000,0.000,0.000,0.000,0.000,0.000,0.000,0.000,0.000,0.000,0.000,0.000,0.000]
  Iter 34: LB=-218.583984  UB=19.365740  gap=1.23e+01
  Cut: intercept=-1093.096886, π_x_range=[-817.5467, 556.2573]

=== True-DRO Benders iter 35 ===
  OMP: t₀=-214.696747, UB=19.365740, gap=1.21e+01, x=[0, 0, 0, 0, 0, 1, 0, 0, 0, 0, 0, 0, 0, 0, 0, 0, 0, 0, 1, 0, 0, 0, 0, 0, 0, 0, 0, 0, 0, 0, 0, 0, 0, 0, 0, 0] (0.281s)
  Sub: Z₀=17.979755 [TIME_LIMIT] (15.2s), α=[0.000,0.000,1.679,0.000,0.000,3.647,0.000,0.000,0.000,0.000,0.000,0.000,0.000,0.891,0.000,0.000,0.000,0.083,0.000,0.000,0.000,0.000,0.000,0.000,0.000,0.000,0.000,0.000,0.000,2.065,0.000,0.000,0.568,1.013,0.000,0.000]
  Iter 35: LB=-214.696747  UB=19.365740  gap=1.21e+01
  Cut: intercept=-79.089792, π_x_range=[-262.0000, 51.6894]

=== True-DRO Benders iter 36 ===
  OMP: t₀=-209.327624, UB=19.365740, gap=1.18e+01, x=[0, 0, 0, 0, 0, 0, 0, 0, 0, 0, 0, 0, 0, 0, 0, 0, 0, 0, 0, 0, 0, 0, 0, 0, 0, 1, 0, 0, 1, 0, 0, 0, 0, 0, 0, 0] (0.210s)
  Sub: Z₀=22.459266 [LOCAL] (0.3s), α=[0.000,0.000,5.928,0.000,0.000,0.000,0.000,0.000,0.000,0.000,0.000,0.000,0.000,0.000,0.000,0.000,0.000,0.000,0.000,0.000,0.000,0.000,0.000,0.000,0.000,0.000,0.000,0.000,0.000,0.000,0.000,0.000,0.221,3.795,0.000,0.000]
  Iter 36: LB=-209.327624  UB=19.365740  gap=1.18e+01
  Cut: intercept=-1082.576917, π_x_range=[-824.3413, 564.3980]

=== True-DRO Benders iter 37 ===
  OMP: t₀=-208.552484, UB=19.365740, gap=1.18e+01, x=[0, 0, 0, 0, 0, 0, 0, 0, 0, 0, 0, 0, 1, 0, 0, 0, 0, 0, 0, 0, 0, 0, 0, 0, 0, 1, 0, 0, 0, 0, 0, 0, 0, 0, 0, 0] (0.232s)
  Sub: Z₀=20.008574 [LOCAL] (0.1s), α=[0.000,0.000,2.990,0.000,0.000,0.000,0.000,0.000,0.000,0.000,0.000,0.000,1.781,0.459,0.000,0.000,0.000,0.000,0.000,0.000,0.000,0.000,0.000,0.000,0.000,0.000,0.000,0.000,0.000,0.000,0.000,0.000,0.000,4.713,0.000,0.000]
  Iter 37: LB=-208.552484  UB=19.365740  gap=1.18e+01
  Cut: intercept=-1091.704943, π_x_range=[-820.8669, 571.4436]

=== True-DRO Benders iter 38 ===
  OMP: t₀=-206.514184, UB=19.365740, gap=1.17e+01, x=[0, 0, 0, 0, 0, 1, 0, 0, 0, 0, 0, 0, 0, 0, 0, 0, 0, 0, 0, 0, 1, 0, 0, 0, 0, 0, 0, 0, 0, 0, 0, 0, 0, 0, 0, 0] (0.249s)
  Sub: Z₀=17.979752 [LOCAL] (0.2s), α=[0.000,0.000,1.424,0.000,0.000,4.850,0.000,0.000,0.000,0.000,0.000,0.000,0.000,1.123,0.000,0.000,0.000,0.338,0.000,0.000,0.000,0.000,0.000,0.000,0.000,0.000,0.000,0.000,0.000,0.102,0.526,0.000,0.410,1.170,0.000,0.000]
  Iter 38: LB=-206.514184  UB=19.365740  gap=1.17e+01
  Cut: intercept=-1088.238234, π_x_range=[-819.6565, 554.7376]

=== True-DRO Benders iter 39 ===
  OMP: t₀=-200.430405, UB=19.365740, gap=1.13e+01, x=[0, 0, 0, 0, 1, 0, 0, 0, 0, 0, 0, 0, 0, 0, 0, 0, 0, 0, 0, 0, 0, 0, 0, 0, 0, 1, 0, 0, 0, 0, 0, 0, 0, 0, 0, 0] (0.277s)
  Sub: Z₀=22.935501 [LOCAL] (0.1s), α=[0.000,0.000,5.422,0.000,0.000,0.000,0.000,0.000,0.000,0.000,0.000,0.000,0.000,0.000,0.000,0.000,0.000,0.000,0.000,0.000,0.000,0.000,0.000,0.000,0.000,0.000,0.000,0.000,0.000,0.000,0.000,0.000,0.319,4.203,0.000,0.000]
  Iter 39: LB=-200.430405  UB=19.365740  gap=1.13e+01
  Cut: intercept=-1070.887178, π_x_range=[-823.9481, 557.0067]

=== True-DRO Benders iter 40 ===
  OMP: t₀=-199.800054, UB=19.365740, gap=1.13e+01, x=[0, 0, 0, 0, 1, 0, 0, 0, 0, 1, 0, 0, 0, 0, 0, 0, 0, 0, 0, 0, 0, 0, 0, 0, 0, 0, 0, 0, 0, 0, 0, 0, 0, 0, 0, 0] (0.346s)
  Sub: Z₀=19.880273 [TIME_LIMIT] (15.2s), α=[0.000,0.000,5.422,0.000,0.000,0.000,0.000,0.000,0.000,0.000,0.000,0.000,0.000,0.000,0.000,0.000,0.000,0.000,0.000,0.000,0.000,0.000,0.000,0.000,0.000,0.000,0.000,0.000,0.000,0.000,0.000,0.000,0.934,3.588,0.000,0.000]
  Iter 40: LB=-199.800054  UB=19.365740  gap=1.13e+01
  Cut: intercept=-103.175263, π_x_range=[-243.0000, 72.0772]

=== True-DRO Benders iter 41 ===
  OMP: t₀=-195.401034, UB=19.365740, gap=1.11e+01, x=[0, 0, 0, 0, 0, 0, 0, 1, 0, 0, 0, 0, 0, 0, 0, 0, 0, 0, 0, 0, 0, 0, 0, 0, 0, 1, 0, 0, 0, 0, 0, 0, 0, 0, 0, 0] (0.253s)
  Sub: Z₀=22.935501 [LOCAL] (0.2s), α=[0.000,0.000,5.422,0.000,0.000,0.000,0.000,0.000,0.000,0.000,0.000,0.000,0.000,0.000,0.000,0.000,0.000,0.000,0.000,0.000,0.000,0.000,0.000,0.000,0.000,0.000,0.000,0.000,0.000,0.000,0.000,0.000,0.467,4.055,0.000,0.000]
  Iter 41: LB=-195.401034  UB=19.365740  gap=1.11e+01
  Cut: intercept=-1080.742149, π_x_range=[-823.8313, 566.8278]

=== True-DRO Benders iter 42 ===
  OMP: t₀=-194.523065, UB=19.365740, gap=1.10e+01, x=[0, 0, 0, 0, 0, 1, 0, 1, 0, 0, 0, 0, 0, 0, 0, 0, 0, 0, 0, 0, 0, 0, 0, 0, 0, 0, 0, 0, 0, 0, 0, 0, 0, 0, 0, 0] (0.422s)
  Sub: Z₀=17.979752 [LOCAL] (0.2s), α=[0.000,0.000,1.475,0.000,0.000,4.896,0.000,0.000,0.000,0.000,0.000,0.000,0.000,1.025,0.000,0.000,0.000,0.287,0.000,0.000,0.000,0.000,0.000,0.000,0.000,0.000,0.000,0.000,0.000,0.114,0.567,0.000,0.448,1.132,0.000,0.000]
  Iter 42: LB=-194.523065  UB=19.365740  gap=1.10e+01
  Cut: intercept=-1099.386907, π_x_range=[-819.6428, 562.6500]

=== True-DRO Benders iter 43 ===
  OMP: t₀=-190.585721, UB=19.365740, gap=1.08e+01, x=[0, 0, 0, 0, 0, 0, 0, 0, 0, 1, 0, 0, 0, 0, 0, 0, 0, 0, 1, 0, 0, 0, 0, 0, 0, 0, 0, 0, 0, 0, 0, 0, 0, 0, 0, 0] (0.371s)
  Sub: Z₀=19.880270 [LOCAL] (0.2s), α=[0.000,0.000,5.422,0.000,0.000,0.000,0.000,0.000,0.000,0.000,0.000,0.000,0.000,0.000,0.000,0.000,0.000,0.000,0.000,0.000,0.000,0.000,0.000,0.000,0.000,0.000,0.000,0.000,0.000,0.000,0.000,0.000,0.987,3.535,0.000,0.000]
  Iter 43: LB=-190.585721  UB=19.365740  gap=1.08e+01
  Cut: intercept=-1111.556078, π_x_range=[-824.8016, 569.7726]

=== True-DRO Benders iter 44 ===
  OMP: t₀=-186.319692, UB=19.365740, gap=1.06e+01, x=[0, 0, 0, 0, 0, 0, 0, 0, 0, 0, 0, 0, 0, 0, 0, 0, 0, 0, 1, 0, 0, 0, 0, 0, 0, 1, 0, 0, 0, 0, 0, 0, 0, 0, 0, 0] (0.447s)
  Sub: Z₀=21.976893 [LOCAL] (0.3s), α=[0.000,0.000,5.254,0.000,0.000,0.000,0.000,0.000,0.000,0.000,0.000,0.000,0.000,0.000,0.000,0.000,0.000,0.000,0.000,0.000,0.000,0.000,0.000,0.000,0.000,0.000,0.000,0.000,0.000,0.337,0.000,0.000,0.403,3.950,0.000,0.000]
  Iter 44: LB=-186.319692  UB=19.365740  gap=1.06e+01
  Cut: intercept=-1090.676894, π_x_range=[-824.8466, 573.2785]

=== True-DRO Benders iter 45 ===
  OMP: t₀=-186.281527, UB=19.365740, gap=1.06e+01, x=[0, 0, 0, 0, 1, 0, 0, 0, 0, 0, 0, 0, 0, 0, 0, 0, 0, 0, 0, 0, 0, 0, 0, 0, 0, 0, 0, 0, 1, 0, 0, 0, 0, 0, 0, 0] (0.374s)
  Sub: Z₀=22.464759 [TIME_LIMIT] (15.2s), α=[0.000,0.000,6.178,0.000,0.000,0.000,0.000,0.000,0.000,0.000,0.000,0.000,0.000,0.000,0.000,0.000,0.000,0.003,0.000,0.000,0.000,0.000,0.000,0.000,0.000,0.000,0.000,0.000,0.000,0.000,0.000,0.000,1.239,2.525,0.000,0.000]
  Iter 45: LB=-186.281527  UB=19.365740  gap=1.06e+01
  Cut: intercept=-9.868012, π_x_range=[-133.5298, 32.3328]

=== True-DRO Benders iter 46 ===
  OMP: t₀=-185.914613, UB=19.365740, gap=1.06e+01, x=[0, 0, 0, 0, 0, 0, 0, 0, 0, 1, 0, 0, 0, 0, 0, 0, 0, 0, 0, 0, 1, 0, 0, 0, 0, 0, 0, 0, 0, 0, 0, 0, 0, 0, 0, 0] (0.522s)
  Sub: Z₀=19.880270 [LOCAL] (0.3s), α=[0.000,0.000,5.422,0.000,0.000,0.000,0.000,0.000,0.000,0.000,0.000,0.000,0.000,0.000,0.000,0.000,0.000,0.000,0.000,0.000,0.000,0.000,0.000,0.000,0.000,0.000,0.000,0.000,0.000,0.000,0.000,0.000,0.963,3.559,0.000,0.000]
  Iter 46: LB=-185.914613  UB=19.365740  gap=1.06e+01
  Cut: intercept=-1101.784408, π_x_range=[-824.7610, 562.2385]

=== True-DRO Benders iter 47 ===
  OMP: t₀=-181.835784, UB=19.365740, gap=1.04e+01, x=[0, 1, 0, 0, 0, 0, 0, 0, 0, 0, 0, 0, 0, 0, 0, 0, 0, 0, 0, 0, 0, 0, 0, 0, 0, 1, 0, 0, 0, 0, 0, 0, 0, 0, 0, 0] (0.452s)
  Sub: Z₀=22.935501 [LOCAL] (0.2s), α=[0.000,0.000,5.422,0.000,0.000,0.000,0.000,0.000,0.000,0.000,0.000,0.000,0.000,0.000,0.000,0.000,0.000,0.000,0.000,0.000,0.000,0.000,0.000,0.000,0.000,0.000,0.000,0.000,0.000,0.000,0.000,0.000,0.413,4.109,0.000,0.000]
  Iter 47: LB=-181.835784  UB=19.365740  gap=1.04e+01
  Cut: intercept=-1085.376478, π_x_range=[-822.7405, 571.5477]

=== True-DRO Benders iter 48 ===
  OMP: t₀=-181.400418, UB=19.365740, gap=1.04e+01, x=[0, 1, 0, 0, 0, 1, 0, 0, 0, 0, 0, 0, 0, 0, 0, 0, 0, 0, 0, 0, 0, 0, 0, 0, 0, 0, 0, 0, 0, 0, 0, 0, 0, 0, 0, 0] (0.460s)
  Sub: Z₀=17.979752 [LOCAL] (0.2s), α=[0.000,0.000,1.495,0.000,0.000,4.917,0.000,0.000,0.000,0.000,0.000,0.000,0.000,1.054,0.000,0.000,0.000,0.267,0.000,0.000,0.000,0.000,0.000,0.000,0.000,0.000,0.000,0.000,0.000,0.105,0.525,0.000,0.424,1.156,0.000,0.000]
  Iter 48: LB=-181.400418  UB=19.365740  gap=1.04e+01
  Cut: intercept=-1106.131064, π_x_range=[-817.8712, 569.2164]

=== True-DRO Benders iter 49 ===
  OMP: t₀=-178.137129, UB=19.365740, gap=1.02e+01, x=[0, 0, 0, 0, 0, 0, 0, 0, 0, 0, 0, 0, 0, 0, 0, 0, 0, 0, 0, 0, 1, 0, 0, 0, 0, 1, 0, 0, 0, 0, 0, 0, 0, 0, 0, 0] (0.454s)
  Sub: Z₀=22.935501 [LOCAL] (0.1s), α=[0.000,0.000,5.422,0.000,0.000,0.000,0.000,0.000,0.000,0.000,0.000,0.000,0.000,0.000,0.000,0.000,0.000,0.000,0.000,0.000,0.000,0.000,0.000,0.000,0.000,0.000,0.000,0.000,0.000,0.000,0.000,0.000,0.368,4.154,0.000,0.000]
  Iter 49: LB=-178.137129  UB=19.365740  gap=1.02e+01
  Cut: intercept=-1070.319826, π_x_range=[-823.9255, 556.4094]

=== True-DRO Benders iter 50 ===
  OMP: t₀=-175.581255, UB=19.365740, gap=1.01e+01, x=[0, 0, 0, 0, 0, 0, 0, 0, 0, 0, 0, 0, 0, 0, 0, 0, 0, 0, 0, 0, 0, 0, 1, 0, 0, 1, 0, 0, 0, 0, 0, 0, 0, 0, 0, 0] (0.370s)
  Sub: Z₀=21.275917 [TIME_LIMIT] (15.2s), α=[0.000,0.000,4.171,0.000,0.000,0.217,0.000,0.000,0.000,0.000,0.000,0.000,0.000,0.454,0.000,0.000,0.000,0.000,0.000,0.000,0.000,0.000,1.815,0.000,0.000,0.000,0.000,0.000,0.000,0.000,0.000,0.000,1.162,2.125,0.000,0.000]
  Iter 50: LB=-175.581255  UB=19.365740  gap=1.01e+01
  Cut: intercept=-99.539802, π_x_range=[-216.0000, 72.1468]

=== True-DRO Benders iter 51 ===
  OMP: t₀=-173.947746, UB=19.365740, gap=9.98e+00, x=[0, 0, 0, 0, 0, 0, 0, 0, 0, 0, 0, 0, 0, 0, 0, 0, 0, 0, 1, 0, 1, 0, 0, 0, 0, 0, 0, 0, 0, 0, 0, 0, 0, 0, 0, 0] (0.519s)
  Sub: Z₀=21.976893 [LOCAL] (0.3s), α=[0.000,0.000,5.254,0.000,0.000,0.000,0.000,0.000,0.000,0.000,0.000,0.000,0.000,0.000,0.000,0.000,0.000,0.000,0.000,0.000,0.000,0.000,0.000,0.000,0.000,0.000,0.000,0.000,0.000,0.337,0.000,0.000,0.317,4.037,0.000,0.000]
  Iter 51: LB=-173.947746  UB=19.365740  gap=9.98e+00
  Cut: intercept=-1112.396645, π_x_range=[-824.7437, 573.3292]

=== True-DRO Benders iter 52 ===
  OMP: t₀=-173.101667, UB=19.365740, gap=9.94e+00, x=[0, 0, 0, 0, 0, 0, 0, 0, 0, 0, 0, 0, 0, 0, 0, 0, 0, 0, 0, 0, 0, 0, 1, 0, 1, 0, 0, 0, 0, 0, 0, 0, 0, 0, 0, 0] (0.447s)
  Sub: Z₀=18.827536 [LOCAL] (0.2s), α=[0.000,0.000,0.000,0.000,0.000,0.000,0.059,0.000,0.000,0.000,0.000,0.000,0.000,0.000,0.000,0.000,0.000,4.327,0.000,0.000,0.000,0.000,0.000,0.000,2.335,0.000,0.000,0.000,0.000,0.000,0.000,0.000,2.935,0.289,0.000,0.000]
  Iter 52: LB=-173.101667  UB=19.365740  gap=9.94e+00
  Cut: intercept=-1081.284023, π_x_range=[-818.4609, 560.2304]

=== True-DRO Benders iter 53 ===
  OMP: t₀=-172.330919, UB=19.365740, gap=9.90e+00, x=[0, 0, 0, 0, 0, 1, 0, 0, 0, 0, 0, 0, 0, 0, 0, 0, 0, 0, 0, 0, 0, 0, 0, 0, 0, 0, 0, 0, 0, 0, 0, 0, 0, 1, 0, 0] (0.425s)
  Sub: Z₀=15.519938 [LOCAL] (0.2s), α=[0.000,0.000,0.000,0.000,0.000,2.594,0.000,0.000,0.000,0.000,0.000,0.000,0.000,0.922,0.000,0.000,0.000,0.000,0.000,0.000,0.000,0.000,0.000,0.000,0.000,0.000,0.000,0.000,0.000,0.088,0.512,0.000,0.157,5.672,0.000,0.000]
  Iter 53: LB=-172.330919  UB=19.365740  gap=9.90e+00
  Cut: intercept=-1118.476107, π_x_range=[-817.8899, 574.9682]

=== True-DRO Benders iter 54 ===
  OMP: t₀=-171.371049, UB=19.365740, gap=9.85e+00, x=[0, 0, 1, 0, 0, 1, 0, 0, 0, 0, 0, 0, 0, 0, 0, 0, 0, 0, 0, 0, 0, 0, 0, 0, 0, 0, 0, 0, 0, 0, 0, 0, 0, 0, 0, 0] (0.457s)
  Sub: Z₀=14.614344 [LOCAL] (0.1s), α=[0.000,0.000,5.657,0.000,0.000,2.707,0.000,0.000,0.000,0.000,0.000,0.000,0.000,0.611,0.000,0.000,0.000,0.558,0.000,0.000,0.000,0.000,0.000,0.000,0.000,0.000,0.000,0.000,0.000,0.065,0.347,0.000,0.000,0.000,0.000,0.000]
  Iter 54: LB=-171.371049  UB=19.365740  gap=9.85e+00
  Cut: intercept=-1120.249064, π_x_range=[-816.7318, 575.8050]

=== True-DRO Benders iter 55 ===
  OMP: t₀=-170.400418, UB=19.365740, gap=9.80e+00, x=[0, 0, 0, 0, 0, 1, 0, 0, 0, 0, 0, 0, 0, 0, 0, 0, 0, 0, 0, 1, 0, 0, 0, 0, 0, 0, 0, 0, 0, 0, 0, 0, 0, 0, 0, 0] (0.508s)
  Sub: Z₀=17.979755 [TIME_LIMIT] (15.2s), α=[0.000,0.000,1.176,0.000,0.000,5.167,0.000,0.000,0.000,0.000,0.000,0.000,0.000,1.085,0.000,0.000,0.000,0.586,0.000,0.000,0.000,0.000,0.000,0.000,0.000,0.000,0.000,0.000,0.000,0.080,0.270,0.000,0.769,0.811,0.000,0.000]
  Iter 55: LB=-170.400418  UB=19.335277  gap=9.81e+00
  Cut: intercept=-53.559246, π_x_range=[-262.0000, 51.6411]

=== True-DRO Benders iter 56 ===
  OMP: t₀=-165.929813, UB=19.335277, gap=9.58e+00, x=[0, 1, 0, 0, 0, 0, 0, 0, 0, 1, 0, 0, 0, 0, 0, 0, 0, 0, 0, 0, 0, 0, 0, 0, 0, 0, 0, 0, 0, 0, 0, 0, 0, 0, 0, 0] (0.507s)
  Sub: Z₀=19.880270 [LOCAL] (0.2s), α=[0.000,0.000,5.422,0.000,0.000,0.000,0.000,0.000,0.000,0.000,0.000,0.000,0.000,0.000,0.000,0.000,0.000,0.000,0.000,0.000,0.000,0.000,0.000,0.000,0.000,0.000,0.000,0.000,0.000,0.000,0.000,0.000,0.981,3.541,0.000,0.000]
  Iter 56: LB=-165.929813  UB=19.335277  gap=9.58e+00
  Cut: intercept=-1113.399465, π_x_range=[-823.5193, 571.0662]

=== True-DRO Benders iter 57 ===
  OMP: t₀=-165.513905, UB=19.335277, gap=9.56e+00, x=[0, 0, 0, 0, 0, 1, 0, 0, 0, 0, 0, 0, 1, 0, 0, 0, 0, 0, 0, 0, 0, 0, 0, 0, 0, 0, 0, 0, 0, 0, 0, 0, 0, 0, 0, 0] (0.513s)
  Sub: Z₀=17.661521 [LOCAL] (0.3s), α=[0.000,0.000,1.511,0.000,0.000,1.964,0.000,0.000,0.000,0.000,0.000,0.000,0.000,4.123,0.000,0.000,0.000,0.251,0.000,0.000,0.000,0.000,0.000,0.000,0.000,0.000,0.000,0.000,0.000,0.092,0.423,0.000,0.000,1.580,0.000,0.000]
  Iter 57: LB=-165.513905  UB=19.335277  gap=9.56e+00
  Cut: intercept=-1099.030813, π_x_range=[-818.5280, 561.8503]

=== True-DRO Benders iter 58 ===
  OMP: t₀=-164.298233, UB=19.335277, gap=9.50e+00, x=[0, 0, 1, 0, 0, 0, 0, 0, 0, 0, 0, 0, 0, 0, 0, 0, 0, 0, 0, 0, 0, 0, 0, 0, 0, 1, 0, 0, 0, 0, 0, 0, 0, 0, 0, 0] (0.533s)
  Sub: Z₀=19.359258 [LOCAL] (0.1s), α=[0.000,0.000,9.944,0.000,0.000,0.000,0.000,0.000,0.000,0.000,0.000,0.000,0.000,0.000,0.000,0.000,0.000,0.000,0.000,0.000,0.000,0.000,0.000,0.000,0.000,0.000,0.000,0.000,0.000,0.000,0.000,0.000,0.000,0.000,0.000,0.000]
  Iter 58: LB=-164.298233  UB=19.335277  gap=9.50e+00
  Cut: intercept=-1102.253530, π_x_range=[-821.1225, 581.5936]

=== True-DRO Benders iter 59 ===
  OMP: t₀=-164.141132, UB=19.335277, gap=9.49e+00, x=[0, 0, 0, 0, 0, 0, 0, 0, 0, 1, 0, 0, 0, 0, 1, 0, 0, 0, 0, 0, 0, 0, 0, 0, 0, 0, 0, 0, 0, 0, 0, 0, 0, 0, 0, 0] (0.675s)
  Sub: Z₀=19.880270 [LOCAL] (0.3s), α=[0.000,0.000,5.422,0.000,0.000,0.000,0.000,0.000,0.000,0.000,0.000,0.000,0.000,0.000,0.000,0.000,0.000,0.000,0.000,0.000,0.000,0.000,0.000,0.000,0.000,0.000,0.000,0.000,0.000,0.000,0.000,0.000,0.915,3.607,0.000,0.000]
  Iter 59: LB=-164.141132  UB=19.335277  gap=9.49e+00
  Cut: intercept=-1115.654516, π_x_range=[-824.7818, 573.3194]

=== True-DRO Benders iter 60 ===
  OMP: t₀=-163.769754, UB=19.335277, gap=9.47e+00, x=[0, 0, 0, 0, 0, 0, 0, 0, 0, 0, 0, 0, 0, 0, 0, 0, 0, 0, 0, 0, 1, 0, 0, 0, 0, 0, 0, 0, 0, 0, 0, 0, 1, 0, 0, 0] (0.928s)
  Sub: Z₀=19.461700 [TIME_LIMIT] (15.2s), α=[0.000,0.000,2.193,0.000,0.000,0.000,0.000,0.000,0.000,0.000,0.000,0.000,0.000,0.000,0.000,0.000,0.000,0.000,0.000,0.000,0.000,0.000,0.000,0.000,0.000,0.000,0.000,0.000,0.000,0.000,0.000,0.000,6.452,1.300,0.000,0.000]
  Iter 60: LB=-163.769754  UB=19.335277  gap=9.47e+00
  Cut: intercept=-122.994090, π_x_range=[-254.0000, 91.3881]

=== True-DRO Benders iter 61 ===
  OMP: t₀=-163.261340, UB=19.335277, gap=9.44e+00, x=[0, 0, 0, 0, 0, 0, 0, 1, 0, 1, 0, 0, 0, 0, 0, 0, 0, 0, 0, 0, 0, 0, 0, 0, 0, 0, 0, 0, 0, 0, 0, 0, 0, 0, 0, 0] (0.815s)
  Sub: Z₀=19.880270 [LOCAL] (0.3s), α=[0.000,0.000,5.422,0.000,0.000,0.000,0.000,0.000,0.000,0.000,0.000,0.000,0.000,0.000,0.000,0.000,0.000,0.000,0.000,0.000,0.000,0.000,0.000,0.000,0.000,0.000,0.000,0.000,0.000,0.000,0.000,0.000,1.004,3.518,0.000,0.000]
  Iter 61: LB=-163.261340  UB=19.335277  gap=9.44e+00
  Cut: intercept=-1112.878216, π_x_range=[-824.6605, 570.5327]

=== True-DRO Benders iter 62 ===
  OMP: t₀=-162.374859, UB=19.335277, gap=9.40e+00, x=[0, 0, 1, 0, 0, 0, 0, 0, 0, 1, 0, 0, 0, 0, 0, 0, 0, 0, 0, 0, 0, 0, 0, 0, 0, 0, 0, 0, 0, 0, 0, 0, 0, 0, 0, 0] (0.674s)
  Sub: Z₀=15.682688 [LOCAL] (0.1s), α=[0.000,0.000,9.944,0.000,0.000,0.000,0.000,0.000,0.000,0.000,0.000,0.000,0.000,0.000,0.000,0.000,0.000,0.000,0.000,0.000,0.000,0.000,0.000,0.000,0.000,0.000,0.000,0.000,0.000,0.000,0.000,0.000,0.000,0.000,0.000,0.000]
  Iter 62: LB=-162.374859  UB=19.335277  gap=9.40e+00
  Cut: intercept=-1153.475487, π_x_range=[-822.3405, 587.4062]

=== True-DRO Benders iter 63 ===
  OMP: t₀=-161.633521, UB=19.335277, gap=9.36e+00, x=[0, 0, 0, 0, 0, 0, 0, 0, 0, 0, 0, 0, 0, 0, 0, 0, 0, 0, 1, 0, 0, 0, 0, 0, 0, 0, 0, 0, 0, 0, 0, 0, 1, 0, 0, 0] (0.675s)
  Sub: Z₀=18.786434 [LOCAL] (0.1s), α=[0.000,0.000,2.193,0.000,0.000,0.000,0.000,0.000,0.000,0.000,0.000,0.000,0.000,0.000,0.000,0.000,0.000,0.000,0.000,0.000,0.000,0.000,0.000,0.000,0.000,0.000,0.000,0.000,0.000,0.000,0.000,0.000,5.277,2.475,0.000,0.000]
  Iter 63: LB=-161.633521  UB=19.335277  gap=9.36e+00
  Cut: intercept=-1136.455994, π_x_range=[-822.2981, 580.1186]

=== True-DRO Benders iter 64 ===
  OMP: t₀=-161.550964, UB=19.335277, gap=9.36e+00, x=[0, 0, 0, 0, 0, 0, 0, 0, 0, 0, 0, 0, 1, 0, 0, 0, 0, 0, 1, 0, 0, 0, 0, 0, 0, 0, 0, 0, 0, 0, 0, 0, 0, 0, 0, 0] (0.729s)
  Sub: Z₀=19.444190 [LOCAL] (0.2s), α=[0.000,0.000,4.358,0.000,0.000,0.000,0.000,0.000,0.000,0.000,0.000,0.000,0.846,0.083,0.000,0.000,0.000,0.000,0.000,0.000,0.000,0.000,0.000,0.000,0.000,0.000,0.000,0.000,0.000,0.000,0.000,0.000,0.000,4.658,0.000,0.000]
  Iter 64: LB=-161.550964  UB=19.335277  gap=9.36e+00
  Cut: intercept=-1126.850944, π_x_range=[-821.6439, 573.4382]

=== True-DRO Benders iter 65 ===
  OMP: t₀=-159.832784, UB=19.335277, gap=9.27e+00, x=[0, 0, 1, 0, 0, 0, 0, 0, 0, 0, 0, 0, 0, 0, 0, 0, 0, 0, 0, 0, 1, 0, 0, 0, 0, 0, 0, 0, 0, 0, 0, 0, 0, 0, 0, 0] (0.738s)
  Sub: Z₀=19.359258 (0.6s), α=[0.000,0.000,9.944,0.000,0.000,0.000,0.000,0.000,0.000,0.000,0.000,0.000,0.000,0.000,0.000,0.000,0.000,0.000,0.000,0.000,0.000,0.000,0.000,0.000,0.000,0.000,0.000,0.000,0.000,0.000,0.000,0.000,0.000,0.000,0.000,0.000]
  Iter 65: LB=-159.832784  UB=19.335277  gap=9.27e+00
  Cut: intercept=-145.003475, π_x_range=[-252.0000, 110.3526]
  Sherali-Cut: intercept=-22.949287, π_x_range=[-73.3967, 42.3085]

=== True-DRO Benders iter 66 ===
  OMP: t₀=-146.390612, UB=19.335277, gap=8.57e+00, x=[0, 0, 0, 0, 0, 0, 0, 0, 0, 1, 0, 0, 0, 0, 0, 0, 0, 0, 0, 0, 0, 0, 0, 0, 0, 0, 0, 0, 0, 0, 0, 0, 1, 0, 0, 0] (0.029s)
  Sub: Z₀=17.029114 [LOCAL] (0.2s), α=[0.000,0.000,4.016,0.000,0.000,0.000,0.000,0.000,0.000,0.000,0.000,0.000,0.000,0.000,0.000,0.000,0.000,0.000,0.000,0.000,0.000,0.000,0.000,0.000,0.000,0.000,0.000,0.000,0.000,0.000,0.000,0.000,4.024,1.904,0.000,0.000]
  Iter 66: LB=-146.390612  UB=19.335277  gap=8.57e+00
  Cut: intercept=-1126.821165, π_x_range=[-824.2778, 580.6737]

=== True-DRO Benders iter 67 ===
  OMP: t₀=-142.126417, UB=19.335277, gap=8.35e+00, x=[0, 0, 0, 0, 0, 0, 0, 0, 0, 1, 0, 0, 0, 0, 0, 0, 0, 0, 0, 0, 0, 0, 0, 0, 0, 0, 0, 0, 0, 0, 0, 0, 0, 1, 0, 0] (0.096s)
  Sub: Z₀=17.683003 [LOCAL] (0.2s), α=[0.000,0.000,4.204,0.000,0.000,0.000,0.000,0.000,0.000,0.000,0.000,0.000,0.000,0.000,0.000,0.000,0.000,0.000,0.000,0.000,0.000,0.000,0.000,0.000,0.000,0.000,0.000,0.000,0.000,0.000,0.000,0.000,0.073,5.668,0.000,0.000]
  Iter 67: LB=-142.126417  UB=19.335277  gap=8.35e+00
  Cut: intercept=-1128.253169, π_x_range=[-823.5948, 580.2306]

=== True-DRO Benders iter 68 ===
  OMP: t₀=-141.037633, UB=19.335277, gap=8.29e+00, x=[0, 0, 0, 0, 0, 1, 0, 0, 0, 0, 0, 0, 0, 0, 0, 0, 0, 1, 0, 0, 0, 0, 0, 0, 0, 0, 0, 0, 0, 0, 0, 0, 0, 0, 0, 0] (0.083s)
  Sub: Z₀=15.076426 [LOCAL] (0.2s), α=[0.000,0.000,0.000,0.000,0.000,3.890,0.000,0.000,0.000,0.000,0.000,0.000,0.000,0.663,0.000,0.000,0.000,5.392,0.000,0.000,0.000,0.000,0.000,0.000,0.000,0.000,0.000,0.000,0.000,0.000,0.000,0.000,0.000,0.000,0.000,0.000]
  Iter 68: LB=-141.037633  UB=19.335277  gap=8.29e+00
  Cut: intercept=-1129.058521, π_x_range=[-818.6584, 584.6169]

=== True-DRO Benders iter 69 ===
  OMP: t₀=-134.848213, UB=19.335277, gap=7.97e+00, x=[0, 0, 0, 0, 0, 1, 0, 0, 0, 0, 0, 0, 0, 0, 0, 0, 0, 0, 0, 0, 0, 0, 0, 0, 0, 0, 0, 0, 0, 0, 0, 0, 1, 0, 0, 0] (0.079s)
  Sub: Z₀=15.156673 [LOCAL] (0.2s), α=[0.000,0.000,0.000,0.000,0.000,3.404,0.000,0.000,0.000,0.000,0.000,0.000,0.000,0.414,0.000,0.000,0.000,0.259,0.000,0.000,0.000,0.000,0.000,0.000,0.000,0.000,0.000,0.000,0.000,0.000,0.000,0.000,5.417,0.449,0.000,0.000]
  Iter 69: LB=-134.848213  UB=19.335277  gap=7.97e+00
  Cut: intercept=-1116.391129, π_x_range=[-817.8122, 574.4554]

=== True-DRO Benders iter 70 ===
  OMP: t₀=-126.821295, UB=19.335277, gap=7.56e+00, x=[0, 0, 0, 0, 0, 0, 0, 0, 0, 0, 0, 0, 1, 0, 0, 0, 0, 0, 0, 0, 0, 0, 0, 0, 0, 0, 0, 0, 0, 0, 0, 0, 1, 0, 0, 0] (0.173s)
  Sub: Z₀=18.245704 [TIME_LIMIT] (15.1s), α=[0.000,0.000,1.949,0.000,0.000,0.000,0.000,0.000,0.000,0.000,0.000,0.000,0.000,0.000,0.000,0.000,0.000,0.000,0.000,0.000,0.000,0.000,0.000,0.000,0.000,0.000,0.000,0.000,0.000,0.000,0.000,0.000,0.015,7.981,0.000,0.000]
  Iter 70: LB=-126.821295  UB=18.260534  gap=7.95e+00
  Cut: intercept=-88.606295, π_x_range=[-200.7352, 66.7575]

=== True-DRO Benders iter 71 ===
  OMP: t₀=-125.600792, UB=18.260534, gap=7.88e+00, x=[0, 0, 0, 0, 0, 1, 0, 0, 0, 0, 0, 0, 0, 0, 0, 0, 0, 0, 0, 0, 0, 0, 1, 0, 0, 0, 0, 0, 0, 0, 0, 0, 0, 0, 0, 0] (0.126s)
  Sub: Z₀=15.675281 [LOCAL] (0.1s), α=[0.000,0.000,0.000,0.000,0.000,9.060,0.000,0.000,0.000,0.000,0.000,0.000,0.000,0.885,0.000,0.000,0.000,0.000,0.000,0.000,0.000,0.000,0.000,0.000,0.000,0.000,0.000,0.000,0.000,0.000,0.000,0.000,0.000,0.000,0.000,0.000]
  Iter 71: LB=-125.600792  UB=18.260534  gap=7.88e+00
  Cut: intercept=-1135.007952, π_x_range=[-818.7322, 579.6352]

=== True-DRO Benders iter 72 ===
  OMP: t₀=-122.987072, UB=18.260534, gap=7.74e+00, x=[0, 0, 0, 0, 0, 0, 0, 0, 0, 1, 0, 0, 0, 0, 0, 0, 0, 1, 0, 0, 0, 0, 0, 0, 0, 0, 0, 0, 0, 0, 0, 0, 0, 0, 0, 0] (0.257s)
  Sub: Z₀=18.405883 [LOCAL] (0.1s), α=[0.000,0.000,7.624,0.000,0.000,0.000,0.000,0.000,0.000,0.000,0.000,0.000,0.000,0.000,0.000,0.000,0.000,0.000,0.000,0.000,0.000,0.000,0.000,0.000,0.000,0.000,0.000,0.000,0.000,0.000,0.000,0.000,0.609,1.712,0.000,0.000]
  Iter 72: LB=-122.987072  UB=18.260534  gap=7.74e+00
  Cut: intercept=-1133.255797, π_x_range=[-826.3563, 588.7755]

=== True-DRO Benders iter 73 ===
  OMP: t₀=-121.384444, UB=18.260534, gap=7.65e+00, x=[0, 0, 0, 0, 0, 0, 0, 0, 0, 0, 0, 0, 0, 0, 0, 0, 0, 0, 0, 0, 0, 1, 0, 0, 0, 0, 0, 0, 0, 0, 0, 0, 0, 1, 0, 0] (0.276s)
  Sub: Z₀=19.138472 [LOCAL] (0.1s), α=[0.000,0.000,1.214,0.000,0.000,0.000,0.000,0.000,0.000,0.000,0.000,0.000,0.000,0.000,0.000,0.000,0.000,0.003,0.000,0.000,0.000,0.000,0.000,0.000,0.000,0.000,0.000,0.000,0.000,0.000,0.000,0.000,1.193,7.535,0.000,0.000]
  Iter 73: LB=-121.384444  UB=18.260534  gap=7.65e+00
  Cut: intercept=-1128.380930, π_x_range=[-820.6451, 576.1102]

=== True-DRO Benders iter 74 ===
  OMP: t₀=-120.347145, UB=18.260534, gap=7.59e+00, x=[0, 0, 0, 0, 0, 1, 0, 0, 0, 0, 0, 0, 0, 0, 0, 0, 0, 0, 0, 0, 0, 1, 0, 0, 0, 0, 0, 0, 0, 0, 0, 0, 0, 0, 0, 0] (0.296s)
  Sub: Z₀=17.979752 [LOCAL] (0.2s), α=[0.000,0.000,1.057,0.000,0.000,4.111,0.000,0.000,0.000,0.000,0.000,0.000,0.000,1.322,0.000,0.000,0.000,0.705,0.000,0.000,0.000,0.000,0.000,0.000,0.000,0.000,0.000,0.000,0.000,0.247,0.921,0.000,1.496,0.084,0.000,0.000]
  Iter 74: LB=-120.347145  UB=18.260534  gap=7.59e+00
  Cut: intercept=-1100.745925, π_x_range=[-819.3390, 565.1371]

=== True-DRO Benders iter 75 ===
  OMP: t₀=-118.220461, UB=18.260534, gap=7.47e+00, x=[0, 0, 0, 0, 0, 0, 0, 0, 0, 0, 0, 0, 0, 0, 0, 0, 0, 1, 0, 0, 0, 0, 0, 0, 0, 0, 0, 0, 0, 0, 0, 0, 1, 0, 0, 0] (0.248s)
  Sub: Z₀=16.381273 [TIME_LIMIT] (15.1s), α=[0.000,0.000,1.559,0.000,0.000,0.000,0.000,0.000,0.000,0.000,0.000,0.000,0.000,0.000,0.000,0.000,0.000,3.927,0.000,0.000,0.000,0.000,0.000,0.000,0.000,0.000,0.000,0.000,0.000,0.000,0.000,0.000,1.310,3.148,0.000,0.000]
  Iter 75: LB=-118.220461  UB=17.096765  gap=7.91e+00
  Cut: intercept=-77.997861, π_x_range=[-230.0000, 47.9241]

=== True-DRO Benders iter 76 ===
  OMP: t₀=-116.413117, UB=17.096765, gap=7.81e+00, x=[0, 0, 0, 0, 0, 0, 0, 0, 0, 1, 0, 0, 1, 0, 0, 0, 0, 0, 0, 0, 0, 0, 0, 0, 0, 0, 0, 0, 0, 0, 0, 0, 0, 0, 0, 0] (0.310s)
  Sub: Z₀=17.045764 [LOCAL] (0.2s), α=[0.000,0.000,4.721,0.000,0.000,0.000,0.000,0.000,0.000,1.404,0.000,0.000,0.000,0.000,0.000,0.000,0.000,0.000,0.000,0.000,0.000,0.000,0.000,0.000,0.000,0.000,0.000,0.000,0.000,0.000,0.000,0.000,0.000,3.820,0.000,0.000]
  Iter 76: LB=-116.413117  UB=17.096765  gap=7.81e+00
  Cut: intercept=-1111.957670, π_x_range=[-822.3077, 568.7514]

=== True-DRO Benders iter 77 ===
  OMP: t₀=-116.035186, UB=17.096765, gap=7.79e+00, x=[0, 0, 0, 0, 0, 0, 0, 0, 0, 1, 0, 0, 0, 0, 0, 0, 0, 0, 0, 0, 0, 0, 0, 0, 1, 0, 0, 0, 0, 0, 0, 0, 0, 0, 0, 0] (0.331s)
  Sub: Z₀=16.575860 [LOCAL] (0.2s), α=[0.000,0.000,0.173,0.000,0.000,0.000,0.044,0.000,0.000,5.499,0.000,0.000,0.000,0.000,0.000,0.000,0.000,0.130,0.000,0.000,0.000,0.000,0.000,0.000,2.584,0.000,0.000,1.514,0.000,0.000,0.000,0.000,0.000,0.000,0.000,0.000]
  Iter 77: LB=-116.035186  UB=17.096765  gap=7.79e+00
  Cut: intercept=-1085.387692, π_x_range=[-820.9496, 554.3909]

=== True-DRO Benders iter 78 ===
  OMP: t₀=-115.939874, UB=17.096765, gap=7.78e+00, x=[0, 0, 0, 0, 0, 0, 0, 0, 0, 0, 0, 0, 0, 0, 0, 0, 0, 1, 0, 0, 0, 0, 0, 0, 0, 0, 0, 0, 0, 0, 0, 0, 0, 1, 0, 0] (0.316s)
  Sub: Z₀=16.511045 [LOCAL] (0.2s), α=[0.000,0.000,2.126,0.000,0.000,0.000,0.000,0.000,0.000,0.000,0.000,0.000,0.000,0.000,0.000,0.000,0.000,1.661,0.000,0.000,0.000,0.000,0.000,0.000,0.000,0.000,0.000,0.000,0.000,0.000,0.000,0.000,0.000,6.157,0.000,0.000]
  Iter 78: LB=-115.939874  UB=17.096765  gap=7.78e+00
  Cut: intercept=-1150.721232, π_x_range=[-822.2004, 587.5443]

=== True-DRO Benders iter 79 ===
  OMP: t₀=-114.085197, UB=17.096765, gap=7.67e+00, x=[0, 0, 0, 0, 0, 0, 0, 0, 0, 0, 0, 0, 0, 0, 0, 0, 0, 0, 0, 0, 0, 1, 0, 0, 0, 0, 0, 0, 0, 0, 0, 0, 1, 0, 0, 0] (0.385s)
  Sub: Z₀=18.670200 [LOCAL] (0.2s), α=[0.000,0.000,2.038,0.000,0.000,0.000,0.000,0.000,0.000,0.000,0.000,0.000,0.000,0.000,0.000,0.000,0.000,0.000,0.000,0.000,0.000,0.000,0.000,0.000,0.000,0.000,0.000,0.000,0.000,0.000,0.000,0.000,7.907,0.000,0.000,0.000]
  Iter 79: LB=-114.085197  UB=17.096765  gap=7.67e+00
  Cut: intercept=-1141.710233, π_x_range=[-822.4426, 586.9771]

=== True-DRO Benders iter 80 ===
  OMP: t₀=-113.513689, UB=17.096765, gap=7.64e+00, x=[0, 0, 0, 0, 0, 0, 0, 0, 0, 0, 0, 0, 0, 0, 0, 0, 0, 0, 0, 0, 0, 0, 0, 0, 1, 0, 0, 0, 0, 0, 0, 0, 1, 0, 0, 0] (0.391s)
  Sub: Z₀=16.562809 [TIME_LIMIT] (15.2s), α=[0.000,0.000,0.000,0.000,0.000,0.000,0.041,0.000,0.000,0.000,0.000,0.000,0.000,0.000,0.000,0.000,0.000,1.438,0.000,0.000,0.000,0.000,0.000,0.000,1.336,0.000,0.000,0.000,0.000,0.000,0.000,0.000,6.136,0.994,0.000,0.000]
  Iter 80: LB=-113.513689  UB=17.096765  gap=7.64e+00
  Cut: intercept=-88.543974, π_x_range=[-263.0000, 69.7849]

=== True-DRO Benders iter 81 ===
  OMP: t₀=-113.145755, UB=17.096765, gap=7.62e+00, x=[0, 0, 0, 0, 0, 1, 1, 0, 0, 0, 0, 0, 0, 0, 0, 0, 0, 0, 0, 0, 0, 0, 0, 0, 0, 0, 0, 0, 0, 0, 0, 0, 0, 0, 0, 0] (0.382s)
  Sub: Z₀=17.979752 [LOCAL] (0.2s), α=[0.000,0.000,1.132,0.000,0.000,5.446,0.000,0.000,0.000,0.000,0.000,0.000,0.000,0.504,0.000,0.000,0.000,0.630,0.000,0.000,0.000,0.000,0.000,0.000,0.000,0.000,0.000,0.000,0.000,0.111,0.541,0.000,0.268,1.312,0.000,0.000]
  Iter 81: LB=-113.145755  UB=17.096765  gap=7.62e+00
  Cut: intercept=-1117.912965, π_x_range=[-821.4784, 580.0887]

=== True-DRO Benders iter 82 ===
  OMP: t₀=-112.577178, UB=17.096765, gap=7.58e+00, x=[0, 0, 0, 0, 0, 1, 0, 0, 0, 0, 0, 0, 0, 1, 0, 0, 0, 0, 0, 0, 0, 0, 0, 0, 0, 0, 0, 0, 0, 0, 0, 0, 0, 0, 0, 0] (0.494s)
  Sub: Z₀=17.148040 [LOCAL] (0.3s), α=[0.000,0.000,0.815,0.000,0.000,3.959,0.000,0.000,0.000,0.000,0.000,0.000,0.000,3.408,0.000,0.000,0.000,0.275,0.000,0.000,0.000,0.000,0.000,0.000,0.000,0.000,0.000,0.000,0.000,0.103,0.475,0.000,0.259,0.650,0.000,0.000]
  Iter 82: LB=-112.577178  UB=17.096765  gap=7.58e+00
  Cut: intercept=-1125.614926, π_x_range=[-818.5355, 584.7651]

=== True-DRO Benders iter 83 ===
  OMP: t₀=-108.645132, UB=17.096765, gap=7.35e+00, x=[0, 0, 0, 0, 0, 1, 0, 0, 0, 0, 0, 0, 0, 0, 0, 0, 0, 0, 0, 0, 0, 0, 0, 0, 0, 0, 0, 0, 0, 1, 0, 0, 0, 0, 0, 0] (0.467s)
  Sub: Z₀=17.054989 [LOCAL] (0.1s), α=[0.000,0.000,0.000,0.000,0.000,5.284,0.000,0.000,0.000,0.000,0.000,0.000,0.000,1.354,0.000,0.000,0.000,0.000,0.000,0.000,0.000,0.000,0.000,0.000,0.000,0.000,0.000,0.000,0.000,2.154,1.153,0.000,0.000,0.000,0.000,0.000]
  Iter 83: LB=-108.645132  UB=17.096765  gap=7.35e+00
  Cut: intercept=-1137.486301, π_x_range=[-818.8960, 590.7190]

=== True-DRO Benders iter 84 ===
  OMP: t₀=-107.550232, UB=17.096765, gap=7.29e+00, x=[0, 0, 0, 0, 0, 0, 0, 0, 0, 1, 0, 0, 0, 0, 0, 0, 0, 0, 0, 0, 0, 0, 1, 0, 0, 0, 0, 0, 0, 0, 0, 0, 0, 0, 0, 0] (0.454s)
  Sub: Z₀=19.108783 [LOCAL] (0.2s), α=[0.000,0.000,5.422,0.000,0.000,0.000,0.000,0.000,0.000,0.000,0.000,0.000,0.000,0.000,0.000,0.000,0.000,0.000,0.000,0.000,0.000,0.000,0.000,0.000,0.000,0.000,0.000,0.000,0.000,0.000,0.000,0.000,3.937,0.585,0.000,0.000]
  Iter 84: LB=-107.550232  UB=17.096765  gap=7.29e+00
  Cut: intercept=-1097.345030, π_x_range=[-824.1953, 559.2185]

=== True-DRO Benders iter 85 ===
  OMP: t₀=-106.211199, UB=17.096765, gap=7.21e+00, x=[0, 0, 0, 0, 0, 0, 0, 0, 0, 0, 0, 0, 0, 0, 0, 0, 0, 0, 0, 0, 0, 0, 0, 0, 0, 0, 0, 1, 0, 0, 0, 0, 0, 1, 0, 0] (0.723s)
  Sub: Z₀=19.243747 (8.8s), α=[0.000,0.000,2.920,0.000,0.000,0.000,0.000,0.000,0.000,0.000,0.000,0.000,0.000,0.000,0.000,0.000,0.000,0.000,0.000,0.000,0.000,0.000,0.000,0.000,0.000,0.000,0.000,0.000,0.000,0.000,0.000,0.000,0.000,7.025,0.000,0.000]
  Iter 85: LB=-106.211199  UB=17.096765  gap=7.21e+00
  Cut: intercept=-51.751247, π_x_range=[-254.0000, 42.4789]
  Sherali-Cut: intercept=-25.516946, π_x_range=[-67.7888, 41.8036]

=== True-DRO Benders iter 86 ===
  OMP: t₀=-102.296584, UB=17.096765, gap=6.98e+00, x=[0, 0, 0, 0, 0, 0, 0, 0, 0, 1, 0, 0, 0, 0, 0, 0, 0, 0, 0, 0, 0, 1, 0, 0, 0, 0, 0, 0, 0, 0, 0, 0, 0, 0, 0, 0] (0.700s)
  Sub: Z₀=18.721831 [LOCAL] (0.2s), α=[0.000,0.000,3.113,0.000,0.000,0.000,0.000,0.000,0.000,3.900,0.000,0.000,0.000,0.000,0.000,0.000,0.000,0.000,0.000,0.000,0.000,0.000,0.000,0.000,0.000,0.000,0.000,0.000,0.000,0.000,0.000,0.000,2.931,0.000,0.000,0.000]
  Iter 86: LB=-102.296584  UB=17.096765  gap=6.98e+00
  Cut: intercept=-1115.080823, π_x_range=[-822.0199, 574.8649]

=== True-DRO Benders iter 87 ===
  OMP: t₀=-100.862505, UB=17.096765, gap=6.90e+00, x=[0, 0, 0, 0, 0, 0, 0, 0, 0, 0, 0, 0, 0, 0, 0, 0, 0, 0, 0, 0, 0, 0, 1, 0, 0, 0, 0, 0, 0, 0, 0, 0, 1, 0, 0, 0] (0.497s)
  Sub: Z₀=18.928038 [LOCAL] (0.1s), α=[0.000,0.000,2.008,0.000,0.000,0.012,0.000,0.000,0.000,0.000,0.000,0.000,0.000,0.020,0.000,0.000,0.000,0.000,0.000,0.000,0.000,0.000,0.290,0.000,0.000,0.000,0.000,0.000,0.000,0.000,0.000,0.000,6.908,0.706,0.000,0.000]
  Iter 87: LB=-100.862505  UB=17.096765  gap=6.90e+00
  Cut: intercept=-1116.418253, π_x_range=[-822.0634, 575.5420]

=== True-DRO Benders iter 88 ===
  OMP: t₀=-100.782549, UB=17.096765, gap=6.89e+00, x=[0, 0, 0, 0, 0, 0, 1, 0, 0, 0, 0, 0, 0, 0, 0, 0, 0, 0, 0, 0, 0, 0, 0, 0, 0, 0, 0, 0, 0, 0, 0, 0, 1, 0, 0, 0] (0.351s)
  Sub: Z₀=19.460443 [LOCAL] (0.1s), α=[0.000,0.000,2.169,0.000,0.000,0.000,0.000,0.000,0.000,0.000,0.000,0.000,0.000,0.000,0.000,0.000,0.000,0.000,0.000,0.000,0.000,0.000,0.000,0.000,0.000,0.000,0.000,0.000,0.000,0.000,0.000,0.000,5.037,2.738,0.000,0.000]
  Iter 88: LB=-100.782549  UB=17.096765  gap=6.89e+00
  Cut: intercept=-1151.687288, π_x_range=[-824.0457, 585.9388]

=== True-DRO Benders iter 89 ===
  OMP: t₀=-97.899024, UB=17.096765, gap=6.73e+00, x=[0, 0, 0, 0, 0, 0, 0, 0, 0, 0, 0, 0, 1, 0, 0, 0, 0, 1, 0, 0, 0, 0, 0, 0, 0, 0, 0, 0, 0, 0, 0, 0, 0, 0, 0, 0] (0.588s)
  Sub: Z₀=16.493513 [LOCAL] (0.2s), α=[0.000,0.000,2.814,0.000,0.000,0.000,0.000,0.000,0.000,0.000,0.000,0.000,0.145,0.006,0.000,0.000,0.000,2.144,0.000,0.000,0.000,0.000,0.000,0.000,0.000,0.000,0.000,0.000,0.000,0.000,0.000,0.000,0.000,4.835,0.000,0.000]
  Iter 89: LB=-97.899024  UB=17.096765  gap=6.73e+00
  Cut: intercept=-1140.651249, π_x_range=[-821.6435, 588.1324]

=== True-DRO Benders iter 90 ===
  OMP: t₀=-95.733332, UB=17.096765, gap=6.60e+00, x=[0, 0, 0, 0, 0, 0, 0, 0, 0, 0, 0, 0, 0, 0, 0, 0, 0, 1, 0, 0, 0, 1, 0, 0, 0, 0, 0, 0, 0, 0, 0, 0, 0, 0, 0, 0] (0.678s)
  Sub: Z₀=18.232070 [TIME_LIMIT] (15.1s), α=[0.000,0.000,1.751,0.000,0.000,0.000,0.000,0.000,0.000,0.000,0.000,0.000,0.000,0.000,0.000,0.000,0.000,3.951,0.000,0.000,0.000,1.340,0.000,0.000,0.000,0.000,0.000,0.000,0.000,0.019,0.069,0.000,2.814,0.000,0.000,0.000]
  Iter 90: LB=-95.733332  UB=17.096765  gap=6.60e+00
  Cut: intercept=-63.781300, π_x_range=[-208.0000, 41.1164]

=== True-DRO Benders iter 91 ===
  OMP: t₀=-95.390658, UB=17.096765, gap=6.58e+00, x=[0, 0, 0, 0, 0, 0, 0, 0, 0, 0, 0, 0, 0, 0, 0, 0, 0, 1, 0, 0, 0, 0, 1, 0, 0, 0, 0, 0, 0, 0, 0, 0, 0, 0, 0, 0] (0.719s)
  Sub: Z₀=18.553131 [LOCAL] (0.2s), α=[0.000,0.000,4.213,0.000,0.000,0.000,0.000,0.000,0.000,0.000,0.000,0.000,0.000,0.000,0.000,0.000,0.000,3.411,0.000,0.000,0.000,0.000,0.000,0.000,0.000,0.000,0.000,0.000,0.000,0.000,0.000,0.000,1.671,0.649,0.000,0.000]
  Iter 91: LB=-95.390658  UB=17.096765  gap=6.58e+00
  Cut: intercept=-1126.709282, π_x_range=[-822.9924, 583.7825]

=== True-DRO Benders iter 92 ===
  OMP: t₀=-95.293213, UB=17.096765, gap=6.57e+00, x=[0, 0, 0, 0, 0, 0, 0, 0, 0, 0, 0, 0, 0, 0, 0, 0, 0, 0, 0, 0, 0, 1, 0, 0, 1, 0, 0, 0, 0, 0, 0, 0, 0, 0, 0, 0] (0.730s)
  Sub: Z₀=20.046307 [LOCAL] (0.2s), α=[0.000,0.000,0.000,0.000,0.000,0.000,0.049,0.000,0.000,0.000,0.000,0.000,0.000,0.000,0.000,0.000,0.000,4.615,0.000,0.000,0.000,0.000,0.000,0.000,2.252,0.000,0.000,0.000,0.000,0.000,0.000,0.000,2.933,0.097,0.000,0.000]
  Iter 92: LB=-95.293213  UB=17.096765  gap=6.57e+00
  Cut: intercept=-1094.017518, π_x_range=[-821.6582, 570.0047]

=== True-DRO Benders iter 93 ===
  OMP: t₀=-95.279749, UB=17.096765, gap=6.57e+00, x=[0, 0, 0, 0, 0, 1, 0, 0, 0, 0, 0, 0, 0, 0, 0, 0, 0, 0, 0, 0, 0, 0, 0, 0, 0, 0, 0, 0, 0, 0, 1, 0, 0, 0, 0, 0] (0.770s)
  Sub: Z₀=17.827375 [LOCAL] (0.2s), α=[0.000,0.000,1.083,0.000,0.000,4.713,0.000,0.000,0.000,0.000,0.000,0.000,0.000,0.671,0.000,0.000,0.000,0.679,0.000,0.000,0.000,0.000,0.000,0.000,0.000,0.000,0.000,0.000,0.000,0.106,1.112,0.000,0.509,1.071,0.000,0.000]
  Iter 93: LB=-95.279749  UB=17.096765  gap=6.57e+00
  Cut: intercept=-1126.482181, π_x_range=[-819.1009, 589.7763]

=== True-DRO Benders iter 94 ===
  OMP: t₀=-94.860350, UB=17.096765, gap=6.55e+00, x=[0, 0, 0, 0, 0, 0, 0, 0, 0, 0, 0, 0, 0, 0, 0, 0, 0, 1, 0, 0, 0, 0, 0, 0, 1, 0, 0, 0, 0, 0, 0, 0, 0, 0, 0, 0] (0.701s)
  Sub: Z₀=17.411755 [LOCAL] (0.2s), α=[0.000,0.000,0.000,0.000,0.000,0.000,0.033,0.000,0.000,0.000,0.000,0.000,0.000,0.000,0.000,0.000,0.000,8.492,0.000,0.000,0.000,0.000,0.000,0.000,1.419,0.000,0.000,0.000,0.000,0.000,0.000,0.000,0.000,0.000,0.000,0.000]
  Iter 94: LB=-94.860350  UB=17.096765  gap=6.55e+00
  Cut: intercept=-1114.529652, π_x_range=[-821.4716, 585.1051]

=== True-DRO Benders iter 95 ===
  OMP: t₀=-92.233970, UB=17.096765, gap=6.39e+00, x=[0, 0, 0, 0, 0, 0, 0, 0, 0, 1, 0, 0, 0, 1, 0, 0, 0, 0, 0, 0, 0, 0, 0, 0, 0, 0, 0, 0, 0, 0, 0, 0, 0, 0, 0, 0] (0.631s)
  Sub: Z₀=19.569236 [TIME_LIMIT] (15.1s), α=[0.000,0.000,5.422,0.000,0.000,0.000,0.000,0.000,0.000,0.000,0.000,0.000,0.000,0.000,0.000,0.000,0.000,0.000,0.000,0.000,0.000,0.000,0.000,0.000,0.000,0.000,0.000,0.000,0.000,0.000,0.000,0.000,0.545,3.977,0.000,0.000]
  Iter 95: LB=-92.233970  UB=17.096765  gap=6.39e+00
  Cut: intercept=-49.328530, π_x_range=[-243.0000, 51.1491]

=== True-DRO Benders iter 96 ===
  OMP: t₀=-92.169347, UB=17.096765, gap=6.39e+00, x=[0, 0, 0, 0, 0, 1, 0, 0, 0, 0, 0, 0, 0, 0, 0, 0, 0, 0, 0, 0, 0, 0, 0, 0, 0, 0, 1, 0, 0, 0, 0, 0, 0, 0, 0, 0] (1.397s)
  Sub: Z₀=17.979752 [LOCAL] (0.2s), α=[0.000,0.000,1.429,0.000,0.000,4.657,0.000,0.000,0.000,0.000,0.000,0.000,0.000,1.308,0.000,0.000,0.000,0.333,0.000,0.000,0.000,0.000,0.000,0.000,0.000,0.000,0.000,0.000,0.000,0.106,0.530,0.000,0.491,1.089,0.000,0.000]
  Iter 96: LB=-92.169347  UB=17.096765  gap=6.39e+00
  Cut: intercept=-1122.296212, π_x_range=[-819.8396, 585.6574]

=== True-DRO Benders iter 97 ===
  OMP: t₀=-91.802784, UB=17.096765, gap=6.37e+00, x=[0, 0, 0, 0, 0, 1, 0, 0, 1, 0, 0, 0, 0, 0, 0, 0, 0, 0, 0, 0, 0, 0, 0, 0, 0, 0, 0, 0, 0, 0, 0, 0, 0, 0, 0, 0] (0.586s)
  Sub: Z₀=17.979752 [LOCAL] (0.2s), α=[0.000,0.000,1.474,0.000,0.000,5.941,0.000,0.000,0.000,0.000,0.000,0.000,0.000,0.000,0.000,0.000,0.000,0.288,0.000,0.000,0.000,0.000,0.000,0.000,0.000,0.000,0.000,0.000,0.000,0.115,0.545,0.000,0.262,1.318,0.000,0.000]
  Iter 97: LB=-91.802784  UB=17.096765  gap=6.37e+00
  Cut: intercept=-1118.289360, π_x_range=[-819.1752, 581.6326]

=== True-DRO Benders iter 98 ===
  OMP: t₀=-91.357040, UB=17.096765, gap=6.34e+00, x=[0, 0, 0, 0, 0, 1, 0, 0, 0, 0, 1, 0, 0, 0, 0, 0, 0, 0, 0, 0, 0, 0, 0, 0, 0, 0, 0, 0, 0, 0, 0, 0, 0, 0, 0, 0] (0.653s)
  Sub: Z₀=17.979752 [LOCAL] (0.2s), α=[0.000,0.000,1.278,0.000,0.000,4.801,0.000,0.000,0.000,0.000,0.000,0.000,0.000,1.078,0.000,0.000,0.000,0.484,0.000,0.000,0.000,0.000,0.000,0.000,0.000,0.000,0.000,0.000,0.000,0.082,0.640,0.000,0.432,1.148,0.000,0.000]
  Iter 98: LB=-91.357040  UB=17.096765  gap=6.34e+00
  Cut: intercept=-1101.852734, π_x_range=[-819.4983, 564.9471]

=== True-DRO Benders iter 99 ===
  OMP: t₀=-91.316435, UB=17.096765, gap=6.34e+00, x=[0, 0, 0, 0, 0, 1, 0, 0, 0, 0, 0, 0, 0, 0, 0, 0, 1, 0, 0, 0, 0, 0, 0, 0, 0, 0, 0, 0, 0, 0, 0, 0, 0, 0, 0, 0] (0.649s)
  Sub: Z₀=17.979752 [LOCAL] (0.2s), α=[0.000,0.000,1.115,0.000,0.000,4.915,0.000,0.000,0.000,0.000,0.000,0.000,0.000,1.093,0.000,0.000,0.000,0.647,0.000,0.000,0.000,0.000,0.000,0.000,0.000,0.000,0.000,0.000,0.000,0.095,0.499,0.000,0.469,1.111,0.000,0.000]
  Iter 99: LB=-91.316435  UB=17.096765  gap=6.34e+00
  Cut: intercept=-1122.508212, π_x_range=[-819.4260, 585.5506]

=== True-DRO Benders iter 100 ===
  OMP: t₀=-91.045448, UB=17.096765, gap=6.33e+00, x=[1, 0, 0, 0, 0, 1, 0, 0, 0, 0, 0, 0, 0, 0, 0, 0, 0, 0, 0, 0, 0, 0, 0, 0, 0, 0, 0, 0, 0, 0, 0, 0, 0, 0, 0, 0] (0.646s)
  Sub: Z₀=17.979755 [TIME_LIMIT] (15.2s), α=[0.000,0.000,0.707,0.000,0.000,6.235,0.000,0.000,0.000,0.000,0.000,0.000,0.000,0.117,0.000,0.000,0.000,1.055,0.000,0.000,0.000,0.000,0.000,0.000,0.000,0.000,0.000,0.000,0.000,0.060,0.190,0.000,0.697,0.883,0.000,0.000]
  Iter 100: LB=-91.045448  UB=17.096765  gap=6.33e+00
  Cut: intercept=-45.408065, π_x_range=[-262.0000, 51.7296]

=== True-DRO Benders iter 101 ===
  OMP: t₀=-91.045429, UB=17.096765, gap=6.33e+00, x=[0, 0, 0, 1, 0, 1, 0, 0, 0, 0, 0, 0, 0, 0, 0, 0, 0, 0, 0, 0, 0, 0, 0, 0, 0, 0, 0, 0, 0, 0, 0, 0, 0, 0, 0, 0] (0.724s)
  Sub: Z₀=17.979752 [LOCAL] (0.2s), α=[0.000,0.000,1.437,0.000,0.000,5.010,0.000,0.000,0.000,0.000,0.000,0.000,0.000,0.956,0.000,0.000,0.000,0.325,0.000,0.000,0.000,0.000,0.000,0.000,0.000,0.000,0.000,0.000,0.000,0.107,0.530,0.000,0.694,0.886,0.000,0.000]
  Iter 101: LB=-91.045429  UB=17.096765  gap=6.33e+00
  Cut: intercept=-1115.614800, π_x_range=[-819.7373, 578.6511]

=== True-DRO Benders iter 102 ===
  OMP: t₀=-91.045275, UB=17.096765, gap=6.33e+00, x=[0, 0, 0, 0, 0, 1, 0, 0, 0, 0, 0, 0, 0, 0, 0, 0, 0, 0, 0, 0, 0, 0, 0, 0, 0, 0, 0, 0, 0, 0, 0, 0, 0, 0, 1, 0] (0.646s)
  Sub: Z₀=17.979752 [LOCAL] (0.2s), α=[0.000,0.000,1.360,0.000,0.000,4.870,0.000,0.000,0.000,0.000,0.000,0.000,0.000,1.097,0.000,0.000,0.000,0.402,0.000,0.000,0.000,0.000,0.000,0.000,0.000,0.000,0.000,0.000,0.000,0.106,0.529,0.000,0.433,1.147,0.000,0.000]
  Iter 102: LB=-91.045275  UB=17.096765  gap=6.33e+00
  Cut: intercept=-1108.200426, π_x_range=[-819.7219, 571.3402]

=== True-DRO Benders iter 103 ===
  OMP: t₀=-91.045241, UB=17.096765, gap=6.33e+00, x=[0, 0, 0, 0, 0, 1, 0, 0, 0, 0, 0, 0, 0, 0, 0, 0, 0, 0, 0, 0, 0, 0, 0, 1, 0, 0, 0, 0, 0, 0, 0, 0, 0, 0, 0, 0] (0.644s)
  Sub: Z₀=17.979752 [LOCAL] (0.2s), α=[0.000,0.000,1.442,0.000,0.000,4.898,0.000,0.000,0.000,0.000,0.000,0.000,0.000,1.059,0.000,0.000,0.000,0.320,0.000,0.000,0.000,0.000,0.000,0.000,0.000,0.000,0.000,0.000,0.000,0.108,0.537,0.000,0.494,1.086,0.000,0.000]
  Iter 103: LB=-91.045241  UB=17.096765  gap=6.33e+00
  Cut: intercept=-1115.527210, π_x_range=[-819.6749, 578.7011]

=== True-DRO Benders iter 104 ===
  OMP: t₀=-91.045237, UB=17.096765, gap=6.33e+00, x=[0, 0, 0, 0, 0, 1, 0, 0, 0, 0, 0, 1, 0, 0, 0, 0, 0, 0, 0, 0, 0, 0, 0, 0, 0, 0, 0, 0, 0, 0, 0, 0, 0, 0, 0, 0] (0.637s)
  Sub: Z₀=17.979752 [LOCAL] (0.2s), α=[0.000,0.000,1.431,0.000,0.000,4.853,0.000,0.000,0.000,0.000,0.000,0.000,0.000,1.117,0.000,0.000,0.000,0.331,0.000,0.000,0.000,0.000,0.000,0.000,0.000,0.000,0.000,0.000,0.000,0.104,0.528,0.000,0.412,1.168,0.000,0.000]
  Iter 104: LB=-91.045237  UB=17.096765  gap=6.33e+00
  Cut: intercept=-1101.324119, π_x_range=[-819.6762, 564.6341]

=== True-DRO Benders iter 105 ===
  OMP: t₀=-91.045237, UB=17.096765, gap=6.33e+00, x=[0, 0, 0, 0, 0, 1, 0, 0, 0, 0, 0, 0, 0, 0, 1, 0, 0, 0, 0, 0, 0, 0, 0, 0, 0, 0, 0, 0, 0, 0, 0, 0, 0, 0, 0, 0] (0.629s)
  Sub: Z₀=17.979754 [TIME_LIMIT] (15.2s), α=[0.000,0.000,0.993,0.000,0.000,3.007,0.000,0.000,0.000,0.000,0.000,0.000,0.000,0.535,0.000,0.000,0.000,0.769,0.000,0.000,0.000,0.000,0.000,0.000,0.000,0.000,0.000,0.000,0.000,2.973,0.087,0.000,1.438,0.142,0.000,0.000]
  Iter 105: LB=-91.045237  UB=17.096765  gap=6.33e+00
  Cut: intercept=-65.655460, π_x_range=[-228.0000, 51.8153]

=== True-DRO Benders iter 106 ===
  OMP: t₀=-91.045230, UB=17.096765, gap=6.33e+00, x=[0, 0, 0, 0, 0, 1, 0, 0, 0, 0, 0, 0, 0, 0, 0, 0, 0, 0, 0, 0, 0, 0, 0, 0, 0, 0, 0, 0, 0, 0, 0, 0, 0, 0, 0, 1] (0.619s)
  Sub: Z₀=17.979752 [LOCAL] (0.2s), α=[0.000,0.000,1.447,0.000,0.000,4.866,0.000,0.000,0.000,0.000,0.000,0.000,0.000,1.096,0.000,0.000,0.000,0.315,0.000,0.000,0.000,0.000,0.000,0.000,0.000,0.000,0.000,0.000,0.000,0.107,0.533,0.000,0.435,1.146,0.000,0.000]
  Iter 106: LB=-91.045230  UB=17.096765  gap=6.33e+00
  Cut: intercept=-1112.684416, π_x_range=[-819.6400, 575.8299]

=== True-DRO Benders iter 107 ===
  OMP: t₀=-90.348625, UB=17.096765, gap=6.28e+00, x=[0, 0, 0, 0, 0, 1, 0, 0, 0, 0, 0, 0, 0, 0, 0, 0, 0, 0, 0, 0, 0, 0, 0, 0, 0, 0, 0, 1, 0, 0, 0, 0, 0, 0, 0, 0] (0.737s)
  Sub: Z₀=17.827292 [LOCAL] (0.2s), α=[0.000,0.000,2.667,0.000,0.000,4.194,0.000,0.000,0.000,0.000,0.000,0.000,0.000,0.718,0.000,0.000,0.000,0.000,0.000,0.000,0.000,0.000,0.000,0.000,0.000,0.000,0.000,0.000,0.000,0.016,0.046,0.000,0.677,1.627,0.000,0.000]
  Iter 107: LB=-90.348625  UB=17.096765  gap=6.28e+00
  Cut: intercept=-1118.846527, π_x_range=[-819.5785, 579.3167]

=== True-DRO Benders iter 108 ===
  OMP: t₀=-90.051319, UB=17.096765, gap=6.27e+00, x=[0, 0, 0, 0, 0, 0, 1, 0, 0, 1, 0, 0, 0, 0, 0, 0, 0, 0, 0, 0, 0, 0, 0, 0, 0, 0, 0, 0, 0, 0, 0, 0, 0, 0, 0, 0] (0.813s)
  Sub: Z₀=19.653090 [LOCAL] (0.2s), α=[0.000,0.000,5.137,0.000,0.000,0.000,0.000,0.000,0.000,0.758,0.000,0.000,0.000,0.000,0.000,0.000,0.000,0.000,0.000,0.000,0.000,0.000,0.000,0.000,0.000,0.000,0.000,0.033,0.000,0.000,0.000,0.000,0.646,3.370,0.000,0.000]
  Iter 108: LB=-90.051319  UB=17.096765  gap=6.27e+00
  Cut: intercept=-1125.957135, π_x_range=[-824.6635, 584.3732]

=== True-DRO Benders iter 109 ===
  OMP: t₀=-88.091823, UB=17.096765, gap=6.15e+00, x=[0, 0, 0, 0, 0, 0, 1, 0, 0, 0, 0, 0, 0, 0, 0, 0, 0, 0, 0, 0, 0, 0, 0, 0, 1, 0, 0, 0, 0, 0, 0, 0, 0, 0, 0, 0] (0.876s)
  Sub: Z₀=18.949384 [LOCAL] (0.2s), α=[0.000,0.000,0.000,0.000,0.000,0.000,2.026,0.000,0.000,0.000,0.000,0.000,0.000,0.000,0.000,0.000,0.000,4.162,0.000,0.000,0.000,0.000,0.000,0.000,3.757,0.000,0.000,0.000,0.000,0.000,0.000,0.000,0.000,0.000,0.000,0.000]
  Iter 109: LB=-88.091823  UB=17.096765  gap=6.15e+00
  Cut: intercept=-1108.616598, π_x_range=[-821.8976, 578.0976]

=== True-DRO Benders iter 110 ===
  OMP: t₀=-87.422145, UB=17.096765, gap=6.11e+00, x=[0, 0, 0, 0, 0, 0, 0, 0, 0, 0, 0, 0, 1, 0, 0, 0, 0, 0, 0, 0, 0, 1, 0, 0, 0, 0, 0, 0, 0, 0, 0, 0, 0, 0, 0, 0] (0.874s)
  Sub: Z₀=19.121412 [TIME_LIMIT] (15.1s), α=[0.000,0.000,1.371,0.000,0.000,0.000,0.000,0.000,0.000,0.000,0.000,0.000,3.153,0.618,0.000,0.000,0.000,1.959,0.000,0.000,0.000,0.089,0.000,0.000,0.000,0.000,0.000,0.000,0.000,0.000,0.000,0.000,0.005,2.752,0.000,0.000]
  Iter 110: LB=-87.422145  UB=17.096765  gap=6.11e+00
  Cut: intercept=-64.216904, π_x_range=[-264.0000, 42.4518]

=== True-DRO Benders iter 111 ===
  OMP: t₀=-84.389339, UB=17.096765, gap=5.94e+00, x=[0, 0, 0, 0, 0, 0, 0, 0, 0, 1, 0, 0, 0, 0, 0, 0, 0, 0, 0, 0, 0, 0, 0, 0, 0, 0, 0, 0, 0, 1, 0, 0, 0, 0, 0, 0] (0.871s)
  Sub: Z₀=19.859218 [LOCAL] (0.3s), α=[0.000,0.000,5.422,0.000,0.000,0.000,0.000,0.000,0.000,0.000,0.000,0.000,0.000,0.000,0.000,0.000,0.000,0.000,0.000,0.000,0.000,0.000,0.000,0.000,0.000,0.000,0.000,0.000,0.000,0.000,0.000,0.000,1.820,2.702,0.000,0.000]
  Iter 111: LB=-84.389339  UB=17.096765  gap=5.94e+00
  Cut: intercept=-1131.965945, π_x_range=[-824.7023, 590.2570]

=== True-DRO Benders iter 112 ===
  OMP: t₀=-82.001232, UB=17.096765, gap=5.80e+00, x=[0, 0, 0, 0, 0, 0, 0, 0, 0, 0, 0, 0, 0, 1, 0, 0, 0, 0, 0, 0, 0, 0, 0, 0, 0, 0, 0, 0, 0, 0, 0, 0, 1, 0, 0, 0] (0.863s)
  Sub: Z₀=19.353314 [LOCAL] (0.2s), α=[0.000,0.000,2.135,0.000,0.000,0.000,0.000,0.000,0.000,0.000,0.000,0.000,0.000,0.000,0.000,0.000,0.000,0.033,0.000,0.000,0.000,0.000,0.000,0.000,0.000,0.000,0.000,0.000,0.000,0.000,0.000,0.000,4.277,3.499,0.000,0.000]
  Iter 112: LB=-82.001232  UB=17.096765  gap=5.80e+00
  Cut: intercept=-1155.635822, π_x_range=[-823.6805, 590.6416]

=== True-DRO Benders iter 113 ===
  OMP: t₀=-81.984123, UB=17.096765, gap=5.80e+00, x=[0, 0, 0, 0, 0, 0, 0, 0, 0, 0, 0, 0, 0, 0, 0, 0, 0, 0, 0, 1, 0, 0, 0, 0, 0, 0, 0, 0, 0, 0, 0, 0, 1, 0, 0, 0] (0.924s)
  Sub: Z₀=19.460443 [LOCAL] (0.1s), α=[0.000,0.000,2.169,0.000,0.000,0.000,0.000,0.000,0.000,0.000,0.000,0.000,0.000,0.000,0.000,0.000,0.000,0.000,0.000,0.000,0.000,0.000,0.000,0.000,0.000,0.000,0.000,0.000,0.000,0.000,0.000,0.000,5.423,2.352,0.000,0.000]
  Iter 113: LB=-81.984123  UB=17.096765  gap=5.80e+00
  Cut: intercept=-1150.527958, π_x_range=[-822.9903, 585.8171]

=== True-DRO Benders iter 114 ===
  OMP: t₀=-80.976176, UB=17.096765, gap=5.74e+00, x=[0, 0, 0, 0, 0, 0, 0, 0, 0, 0, 0, 0, 0, 0, 0, 0, 0, 0, 0, 0, 0, 0, 0, 0, 0, 0, 1, 0, 0, 0, 0, 0, 1, 0, 0, 0] (1.098s)
  Sub: Z₀=19.460443 [LOCAL] (0.1s), α=[0.000,0.000,2.169,0.000,0.000,0.000,0.000,0.000,0.000,0.000,0.000,0.000,0.000,0.000,0.000,0.000,0.000,0.000,0.000,0.000,0.000,0.000,0.000,0.000,0.000,0.000,0.000,0.000,0.000,0.000,0.000,0.000,5.277,2.498,0.000,0.000]
  Iter 114: LB=-80.976176  UB=17.096765  gap=5.74e+00
  Cut: intercept=-1156.620942, π_x_range=[-822.7137, 590.2201]

=== True-DRO Benders iter 115 ===
  OMP: t₀=-80.119968, UB=17.096765, gap=5.69e+00, x=[0, 0, 0, 0, 0, 0, 0, 0, 0, 0, 0, 0, 0, 0, 0, 0, 0, 0, 0, 0, 0, 0, 0, 0, 1, 0, 0, 1, 0, 0, 0, 0, 0, 0, 0, 0] (0.979s)
  Sub: Z₀=18.778631 [TIME_LIMIT] (15.2s), α=[0.000,0.000,2.079,0.000,0.000,0.000,1.054,0.000,0.000,3.364,0.000,0.000,0.000,0.000,0.000,0.000,0.000,0.816,0.000,0.000,0.000,0.000,0.000,0.000,2.222,0.000,0.000,0.201,0.000,0.000,0.000,0.000,0.045,0.163,0.000,0.000]
  Iter 115: LB=-80.119968  UB=17.096765  gap=5.69e+00
  Cut: intercept=-51.349500, π_x_range=[-238.0000, 56.9274]

=== True-DRO Benders iter 116 ===
  OMP: t₀=-79.930336, UB=17.096765, gap=5.68e+00, x=[0, 0, 0, 0, 1, 0, 0, 0, 0, 0, 0, 0, 0, 0, 0, 0, 0, 0, 0, 0, 0, 0, 0, 0, 0, 0, 0, 0, 0, 0, 0, 0, 1, 0, 0, 0] (1.034s)
  Sub: Z₀=19.460443 [LOCAL] (0.2s), α=[0.000,0.000,2.169,0.000,0.000,0.000,0.000,0.000,0.000,0.000,0.000,0.000,0.000,0.000,0.000,0.000,0.000,0.000,0.000,0.000,0.000,0.000,0.000,0.000,0.000,0.000,0.000,0.000,0.000,0.000,0.000,0.000,4.947,2.829,0.000,0.000]
  Iter 116: LB=-79.930336  UB=17.096765  gap=5.68e+00
  Cut: intercept=-1129.502074, π_x_range=[-822.8973, 585.8815]

=== True-DRO Benders iter 117 ===
  OMP: t₀=-79.863445, UB=17.096765, gap=5.67e+00, x=[0, 0, 0, 0, 0, 0, 0, 0, 0, 0, 0, 0, 0, 0, 0, 0, 0, 0, 0, 0, 0, 0, 0, 0, 0, 1, 0, 0, 0, 0, 0, 0, 1, 0, 0, 0] (1.093s)
  Sub: Z₀=19.460443 [LOCAL] (0.1s), α=[0.000,0.000,2.169,0.000,0.000,0.000,0.000,0.000,0.000,0.000,0.000,0.000,0.000,0.000,0.000,0.000,0.000,0.000,0.000,0.000,0.000,0.000,0.000,0.000,0.000,0.000,0.000,0.000,0.000,0.000,0.000,0.000,5.224,2.552,0.000,0.000]
  Iter 117: LB=-79.863445  UB=17.096765  gap=5.67e+00
  Cut: intercept=-1105.486465, π_x_range=[-822.4389, 585.8426]

=== True-DRO Benders iter 118 ===
  OMP: t₀=-79.863566, UB=17.096765, gap=5.67e+00, x=[1, 0, 0, 0, 0, 0, 0, 0, 0, 0, 0, 0, 0, 0, 0, 0, 0, 0, 0, 0, 0, 0, 0, 0, 0, 0, 0, 0, 0, 0, 0, 0, 1, 0, 0, 0] (1.101s)
  Sub: Z₀=19.460443 [LOCAL] (0.1s), α=[0.000,0.000,2.169,0.000,0.000,0.000,0.000,0.000,0.000,0.000,0.000,0.000,0.000,0.000,0.000,0.000,0.000,0.000,0.000,0.000,0.000,0.000,0.000,0.000,0.000,0.000,0.000,0.000,0.000,0.000,0.000,0.000,5.250,2.526,0.000,0.000]
  Iter 118: LB=-79.863566  UB=17.096765  gap=5.67e+00
  Cut: intercept=-1155.822752, π_x_range=[-822.6960, 589.4188]

=== True-DRO Benders iter 119 ===
  OMP: t₀=-79.863576, UB=17.096765, gap=5.67e+00, x=[0, 1, 0, 0, 0, 0, 0, 0, 0, 0, 0, 0, 0, 0, 0, 0, 0, 0, 0, 0, 0, 0, 0, 0, 0, 0, 0, 0, 0, 0, 0, 0, 1, 0, 0, 0] (1.018s)
  Sub: Z₀=19.460443 [LOCAL] (0.2s), α=[0.000,0.000,2.169,0.000,0.000,0.000,0.000,0.000,0.000,0.000,0.000,0.000,0.000,0.000,0.000,0.000,0.000,0.000,0.000,0.000,0.000,0.000,0.000,0.000,0.000,0.000,0.000,0.000,0.000,0.000,0.000,0.000,5.202,2.574,0.000,0.000]
  Iter 119: LB=-79.863576  UB=17.096765  gap=5.67e+00
  Cut: intercept=-1141.794347, π_x_range=[-822.8245, 585.8785]

=== True-DRO Benders iter 120 ===
  OMP: t₀=-79.863545, UB=17.096765, gap=5.67e+00, x=[0, 0, 0, 1, 0, 0, 0, 0, 0, 0, 0, 0, 0, 0, 0, 0, 0, 0, 0, 0, 0, 0, 0, 0, 0, 0, 0, 0, 0, 0, 0, 0, 1, 0, 0, 0] (1.165s)
  Sub: Z₀=19.461572 [TIME_LIMIT] (15.2s), α=[0.000,0.000,2.193,0.000,0.000,0.000,0.000,0.000,0.000,0.000,0.000,0.000,0.000,0.000,0.000,0.000,0.000,0.000,0.000,0.000,0.000,0.000,0.000,0.000,0.000,0.000,0.000,0.000,0.000,0.000,0.000,0.000,7.207,0.545,0.000,0.000]
  Iter 120: LB=-79.863545  UB=17.096765  gap=5.67e+00
  Cut: intercept=-44.152092, π_x_range=[-230.0000, 46.8018]

=== True-DRO Benders iter 121 ===
  OMP: t₀=-79.863406, UB=17.096765, gap=5.67e+00, x=[0, 0, 0, 0, 0, 0, 0, 1, 0, 0, 0, 0, 0, 0, 0, 0, 0, 0, 0, 0, 0, 0, 0, 0, 0, 0, 0, 0, 0, 0, 0, 0, 1, 0, 0, 0] (0.790s)
  Sub: Z₀=19.460443 [LOCAL] (0.2s), α=[0.000,0.000,2.169,0.000,0.000,0.000,0.000,0.000,0.000,0.000,0.000,0.000,0.000,0.000,0.000,0.000,0.000,0.000,0.000,0.000,0.000,0.000,0.000,0.000,0.000,0.000,0.000,0.000,0.000,0.000,0.000,0.000,5.371,2.404,0.000,0.000]
  Iter 121: LB=-79.863406  UB=17.096765  gap=5.67e+00
  Cut: intercept=-1137.944210, π_x_range=[-822.5535, 585.8569]

=== True-DRO Benders iter 122 ===
  OMP: t₀=-79.863415, UB=17.096765, gap=5.67e+00, x=[0, 0, 0, 0, 0, 0, 0, 0, 0, 0, 0, 0, 0, 0, 0, 0, 0, 0, 0, 0, 0, 0, 0, 0, 0, 0, 0, 0, 0, 0, 0, 0, 1, 0, 0, 1] (0.904s)
  Sub: Z₀=19.460443 [LOCAL] (0.2s), α=[0.000,0.000,2.169,0.000,0.000,0.000,0.000,0.000,0.000,0.000,0.000,0.000,0.000,0.000,0.000,0.000,0.000,0.000,0.000,0.000,0.000,0.000,0.000,0.000,0.000,0.000,0.000,0.000,0.000,0.000,0.000,0.000,5.213,2.563,0.000,0.000]
  Iter 122: LB=-79.863415  UB=17.096765  gap=5.67e+00
  Cut: intercept=-1147.620011, π_x_range=[-822.7656, 585.8789]

=== True-DRO Benders iter 123 ===
  OMP: t₀=-79.863344, UB=17.096765, gap=5.67e+00, x=[0, 0, 0, 0, 0, 0, 0, 0, 0, 0, 0, 0, 0, 0, 1, 0, 0, 0, 0, 0, 0, 0, 0, 0, 0, 0, 0, 0, 0, 0, 0, 0, 1, 0, 0, 0] (0.812s)
  Sub: Z₀=19.460443 [LOCAL] (0.1s), α=[0.000,0.000,2.169,0.000,0.000,0.000,0.000,0.000,0.000,0.000,0.000,0.000,0.000,0.000,0.000,0.000,0.000,0.000,0.000,0.000,0.000,0.000,0.000,0.000,0.000,0.000,0.000,0.000,0.000,0.000,0.000,0.000,5.188,2.588,0.000,0.000]
  Iter 123: LB=-79.863344  UB=17.096765  gap=5.67e+00
  Cut: intercept=-1142.325780, π_x_range=[-822.7579, 585.3216]

=== True-DRO Benders iter 124 ===
  OMP: t₀=-79.863416, UB=17.096765, gap=5.67e+00, x=[0, 0, 0, 0, 0, 0, 0, 0, 0, 0, 0, 0, 0, 0, 0, 0, 0, 0, 0, 0, 0, 0, 0, 1, 0, 0, 0, 0, 0, 0, 0, 0, 1, 0, 0, 0] (0.925s)
  Sub: Z₀=19.460443 [LOCAL] (0.1s), α=[0.000,0.000,2.169,0.000,0.000,0.000,0.000,0.000,0.000,0.000,0.000,0.000,0.000,0.000,0.000,0.000,0.000,0.000,0.000,0.000,0.000,0.000,0.000,0.000,0.000,0.000,0.000,0.000,0.000,0.000,0.000,0.000,5.397,2.379,0.000,0.000]
  Iter 124: LB=-79.863416  UB=17.096765  gap=5.67e+00
  Cut: intercept=-1148.050904, π_x_range=[-822.7962, 585.6331]

=== True-DRO Benders iter 125 ===
  OMP: t₀=-79.863360, UB=17.096765, gap=5.67e+00, x=[0, 0, 0, 0, 0, 0, 0, 0, 0, 0, 0, 0, 0, 0, 0, 0, 0, 0, 0, 0, 0, 0, 0, 0, 0, 0, 0, 0, 0, 0, 0, 0, 1, 0, 1, 0] (0.840s)
  Sub: Z₀=19.460445 [TIME_LIMIT] (15.1s), α=[0.000,0.000,2.169,0.000,0.000,0.000,0.000,0.000,0.000,0.000,0.000,0.000,0.000,0.000,0.000,0.000,0.000,0.000,0.000,0.000,0.000,0.000,0.000,0.000,0.000,0.000,0.000,0.000,0.000,0.000,0.000,0.000,5.424,2.352,0.000,0.000]
  Iter 125: LB=-79.863360  UB=17.096765  gap=5.67e+00
  Cut: intercept=-77.031314, π_x_range=[-254.0000, 52.4409]

=== True-DRO Benders iter 126 ===
  OMP: t₀=-79.606869, UB=17.096765, gap=5.66e+00, x=[0, 0, 0, 0, 0, 0, 1, 0, 0, 0, 0, 0, 0, 0, 0, 0, 0, 0, 0, 0, 0, 0, 1, 0, 0, 0, 0, 0, 0, 0, 0, 0, 0, 0, 0, 0] (1.107s)
  Sub: Z₀=20.855579 [LOCAL] (0.2s), α=[0.000,0.000,3.541,0.000,0.000,1.494,0.000,0.000,0.000,0.000,0.000,0.000,0.000,0.000,0.000,0.000,0.000,0.000,0.000,0.000,0.000,0.000,2.252,0.000,0.000,0.000,0.000,0.000,0.000,0.000,0.000,0.000,0.403,2.254,0.000,0.000]
  Iter 126: LB=-79.606869  UB=17.096765  gap=5.66e+00
  Cut: intercept=-1110.167036, π_x_range=[-822.8668, 581.2044]

=== True-DRO Benders iter 127 ===
  OMP: t₀=-78.756705, UB=17.096765, gap=5.61e+00, x=[0, 0, 0, 0, 0, 0, 0, 0, 0, 0, 0, 0, 0, 0, 0, 0, 0, 0, 1, 0, 0, 0, 0, 0, 1, 0, 0, 0, 0, 0, 0, 0, 0, 0, 0, 0] (0.978s)
  Sub: Z₀=18.537430 [LOCAL] (0.2s), α=[0.000,0.000,1.446,0.000,0.000,0.000,0.040,0.000,0.000,0.000,0.000,0.000,0.000,0.000,0.000,0.000,0.000,1.789,1.411,0.000,0.000,0.000,0.000,0.000,2.603,0.000,0.000,1.375,0.000,0.735,0.000,0.000,0.084,0.463,0.000,0.000]
  Iter 127: LB=-78.756705  UB=17.096765  gap=5.61e+00
  Cut: intercept=-1089.026503, π_x_range=[-822.1724, 564.4329]

=== True-DRO Benders iter 128 ===
  OMP: t₀=-78.692966, UB=17.096765, gap=5.60e+00, x=[0, 0, 0, 0, 0, 0, 1, 0, 0, 0, 0, 0, 1, 0, 0, 0, 0, 0, 0, 0, 0, 0, 0, 0, 0, 0, 0, 0, 0, 0, 0, 0, 0, 0, 0, 0] (0.978s)
  Sub: Z₀=19.846513 [LOCAL] (0.2s), α=[0.000,0.000,2.990,0.000,0.000,0.000,0.000,0.000,0.000,0.000,0.000,0.000,2.298,0.000,0.000,0.000,0.000,0.000,0.000,0.000,0.000,0.000,0.000,0.000,0.000,0.000,0.000,0.000,0.000,0.000,0.000,0.000,0.000,4.656,0.000,0.000]
  Iter 128: LB=-78.692966  UB=17.096765  gap=5.60e+00
  Cut: intercept=-1137.838908, π_x_range=[-822.8440, 585.1020]

=== True-DRO Benders iter 129 ===
  OMP: t₀=-77.224790, UB=17.096765, gap=5.52e+00, x=[0, 0, 0, 0, 0, 0, 0, 0, 0, 1, 0, 0, 0, 0, 0, 0, 0, 0, 0, 0, 0, 0, 0, 0, 0, 0, 0, 0, 0, 0, 1, 0, 0, 0, 0, 0] (0.991s)
  Sub: Z₀=19.223285 [LOCAL] (0.2s), α=[0.000,0.000,4.599,0.000,0.000,0.000,0.000,0.000,0.000,4.108,0.000,0.000,0.000,0.000,0.000,0.000,0.000,0.000,0.000,0.000,0.000,0.000,0.000,0.000,0.000,0.000,0.000,0.335,0.000,0.000,0.000,0.000,0.181,0.720,0.000,0.000]
  Iter 129: LB=-77.224790  UB=17.096765  gap=5.52e+00
  Cut: intercept=-1134.851766, π_x_range=[-823.0363, 596.4820]

=== True-DRO Benders iter 130 ===
  OMP: t₀=-76.906143, UB=17.096765, gap=5.50e+00, x=[0, 0, 0, 0, 0, 0, 0, 0, 0, 0, 0, 0, 0, 0, 0, 0, 0, 0, 0, 0, 0, 0, 0, 0, 0, 0, 0, 1, 0, 0, 0, 0, 1, 0, 0, 0] (1.104s)
  Sub: Z₀=19.249322 [TIME_LIMIT] (15.2s), α=[0.000,0.000,2.980,0.000,0.000,0.000,0.000,0.000,0.000,0.000,0.000,0.000,0.000,0.000,0.000,0.000,0.000,0.000,0.000,0.000,0.000,0.000,0.000,0.000,0.000,0.000,0.000,0.000,0.000,0.000,0.000,0.000,5.986,0.979,0.000,0.000]
  Iter 130: LB=-76.906143  UB=17.096765  gap=5.50e+00
  Cut: intercept=-22.516678, π_x_range=[-230.0000, 35.2723]

=== True-DRO Benders iter 131 ===
  OMP: t₀=-76.260836, UB=17.096765, gap=5.46e+00, x=[0, 0, 0, 0, 0, 0, 0, 0, 0, 0, 0, 0, 1, 0, 0, 0, 0, 0, 0, 0, 0, 0, 0, 0, 0, 0, 0, 1, 0, 0, 0, 0, 0, 0, 0, 0] (0.982s)
  Sub: Z₀=19.504699 [LOCAL] (0.2s), α=[0.000,0.000,4.533,0.000,0.000,0.000,0.000,0.000,0.000,0.000,0.000,0.000,0.618,0.064,0.000,0.000,0.000,0.000,0.000,0.000,0.000,0.000,0.000,0.000,0.000,0.000,0.000,0.000,0.000,0.000,0.000,0.000,0.000,4.729,0.000,0.000]
  Iter 131: LB=-76.260836  UB=17.096765  gap=5.46e+00
  Cut: intercept=-1135.086775, π_x_range=[-821.5384, 582.6043]

=== True-DRO Benders iter 132 ===
  OMP: t₀=-74.353221, UB=17.096765, gap=5.35e+00, x=[0, 0, 0, 0, 0, 0, 1, 0, 0, 0, 0, 0, 0, 0, 0, 0, 0, 0, 0, 0, 0, 1, 0, 0, 0, 0, 0, 0, 0, 0, 0, 0, 0, 0, 0, 0] (1.137s)
  Sub: Z₀=21.826511 [LOCAL] (0.2s), α=[0.000,0.000,3.161,0.000,0.000,0.000,0.000,0.000,0.000,0.000,0.000,0.000,0.000,0.000,0.000,0.000,0.000,1.902,0.000,0.000,0.000,0.000,0.000,0.000,0.000,0.000,0.000,0.000,0.000,0.000,0.000,0.000,4.329,0.553,0.000,0.000]
  Iter 132: LB=-74.353221  UB=17.096765  gap=5.35e+00
  Cut: intercept=-1123.904332, π_x_range=[-821.9853, 578.6685]

=== True-DRO Benders iter 133 ===
  OMP: t₀=-73.864308, UB=17.096765, gap=5.32e+00, x=[0, 0, 0, 0, 0, 0, 0, 0, 0, 0, 0, 0, 1, 0, 0, 0, 0, 0, 0, 0, 0, 0, 0, 0, 0, 0, 0, 0, 1, 0, 0, 0, 0, 0, 0, 0] (1.169s)
  Sub: Z₀=19.583310 [LOCAL] (0.1s), α=[0.000,0.000,3.376,0.000,0.000,0.000,0.000,0.000,0.000,0.000,0.000,0.000,1.711,0.206,0.000,0.000,0.000,0.000,0.000,0.000,0.000,0.000,0.000,0.000,0.000,0.000,0.000,0.000,0.000,0.000,0.000,0.000,0.000,4.652,0.000,0.000]
  Iter 133: LB=-73.864308  UB=17.096765  gap=5.32e+00
  Cut: intercept=-1119.034589, π_x_range=[-821.2313, 571.9926]

=== True-DRO Benders iter 134 ===
  OMP: t₀=-73.784644, UB=17.096765, gap=5.32e+00, x=[0, 0, 0, 0, 0, 0, 0, 0, 0, 0, 0, 0, 0, 1, 0, 0, 0, 0, 0, 0, 0, 1, 0, 0, 0, 0, 0, 0, 0, 0, 0, 0, 0, 0, 0, 0] (1.012s)
  Sub: Z₀=20.908794 [LOCAL] (0.2s), α=[0.000,0.000,3.759,0.000,0.000,0.000,0.000,0.000,0.000,0.000,0.000,0.000,0.000,2.357,0.000,0.000,0.000,0.000,0.000,0.000,0.000,0.000,0.000,0.000,0.000,0.000,0.000,0.000,0.000,0.045,0.206,0.000,3.473,0.104,0.000,0.000]
  Iter 134: LB=-73.784644  UB=17.096765  gap=5.32e+00
  Cut: intercept=-1133.004721, π_x_range=[-822.9369, 585.5732]

=== True-DRO Benders iter 135 ===
  OMP: t₀=-73.486376, UB=17.096765, gap=5.30e+00, x=[0, 0, 0, 0, 0, 0, 0, 0, 0, 0, 0, 0, 0, 0, 0, 0, 0, 0, 0, 0, 0, 0, 0, 0, 1, 0, 0, 0, 1, 0, 0, 0, 0, 0, 0, 0] (0.974s)
  Sub: Z₀=19.248249 [TIME_LIMIT] (15.2s), α=[0.000,0.000,0.041,0.000,0.000,0.000,0.063,0.000,0.000,0.000,0.000,0.000,0.000,0.000,0.000,0.000,0.000,3.707,0.000,0.000,0.000,0.000,0.000,0.000,2.574,0.000,0.000,0.105,0.456,0.059,0.091,0.000,0.602,2.246,0.000,0.000]
  Iter 135: LB=-73.486376  UB=17.096765  gap=5.30e+00
  Cut: intercept=-91.749054, π_x_range=[-252.0000, 60.2132]

=== True-DRO Benders iter 136 ===
  OMP: t₀=-71.252893, UB=17.096765, gap=5.17e+00, x=[0, 0, 0, 0, 0, 0, 0, 0, 0, 1, 0, 0, 0, 0, 0, 0, 0, 0, 0, 1, 0, 0, 0, 0, 0, 0, 0, 0, 0, 0, 0, 0, 0, 0, 0, 0] (1.098s)
  Sub: Z₀=19.796839 [LOCAL] (0.2s), α=[0.000,0.000,4.803,0.000,0.000,0.000,0.000,0.000,0.000,1.223,0.000,0.000,0.000,0.000,0.000,0.000,0.000,0.000,0.000,0.000,0.000,0.000,0.000,0.000,0.000,0.000,0.000,0.000,0.000,0.000,0.000,0.000,1.229,2.690,0.000,0.000]
  Iter 136: LB=-71.252893  UB=17.096765  gap=5.17e+00
  Cut: intercept=-1121.692037, π_x_range=[-824.2697, 579.5708]

=== True-DRO Benders iter 137 ===
  OMP: t₀=-71.075885, UB=17.096765, gap=5.16e+00, x=[0, 0, 0, 0, 0, 0, 1, 0, 0, 0, 0, 0, 0, 0, 0, 0, 0, 1, 0, 0, 0, 0, 0, 0, 0, 0, 0, 0, 0, 0, 0, 0, 0, 0, 0, 0] (1.128s)
  Sub: Z₀=19.374914 [LOCAL] (0.3s), α=[0.000,0.000,3.451,0.000,0.000,0.000,0.000,0.000,0.000,0.000,0.000,0.000,0.000,0.000,0.000,0.000,0.000,2.965,0.000,0.000,0.000,0.000,0.000,0.000,0.000,0.000,0.000,0.000,0.000,0.000,0.000,0.000,0.238,3.291,0.000,0.000]
  Iter 137: LB=-71.075885  UB=17.096765  gap=5.16e+00
  Cut: intercept=-1157.667725, π_x_range=[-823.6878, 592.7084]

=== True-DRO Benders iter 138 ===
  OMP: t₀=-70.713902, UB=17.096765, gap=5.14e+00, x=[0, 0, 0, 0, 0, 0, 0, 0, 0, 0, 0, 1, 0, 0, 0, 0, 0, 0, 0, 0, 0, 0, 0, 0, 0, 0, 0, 0, 0, 0, 0, 0, 1, 0, 0, 0] (1.231s)
  Sub: Z₀=19.460443 [LOCAL] (0.1s), α=[0.000,0.000,2.169,0.000,0.000,0.000,0.000,0.000,0.000,0.000,0.000,0.000,0.000,0.000,0.000,0.000,0.000,0.000,0.000,0.000,0.000,0.000,0.000,0.000,0.000,0.000,0.000,0.000,0.000,0.000,0.000,0.000,5.145,2.630,0.000,0.000]
  Iter 138: LB=-70.713902  UB=17.096765  gap=5.14e+00
  Cut: intercept=-1141.785395, π_x_range=[-822.7142, 585.8734]

=== True-DRO Benders iter 139 ===
  OMP: t₀=-70.244946, UB=17.096765, gap=5.11e+00, x=[0, 0, 0, 0, 0, 0, 0, 0, 0, 1, 0, 0, 0, 0, 0, 0, 0, 0, 0, 0, 0, 0, 0, 0, 0, 0, 1, 0, 0, 0, 0, 0, 0, 0, 0, 0] (1.195s)
  Sub: Z₀=19.880270 [LOCAL] (0.2s), α=[0.000,0.000,5.422,0.000,0.000,0.000,0.000,0.000,0.000,0.000,0.000,0.000,0.000,0.000,0.000,0.000,0.000,0.000,0.000,0.000,0.000,0.000,0.000,0.000,0.000,0.000,0.000,0.000,0.000,0.000,0.000,0.000,1.001,3.521,0.000,0.000]
  Iter 139: LB=-70.244946  UB=17.096765  gap=5.11e+00
  Cut: intercept=-1131.350289, π_x_range=[-825.1226, 589.0824]

=== True-DRO Benders iter 140 ===
  OMP: t₀=-70.137473, UB=17.096765, gap=5.10e+00, x=[0, 0, 0, 0, 0, 0, 0, 0, 1, 0, 0, 0, 0, 0, 0, 0, 0, 0, 0, 0, 0, 0, 0, 0, 0, 0, 0, 0, 0, 0, 0, 0, 1, 0, 0, 0] (1.262s)
  Sub: Z₀=19.460445 [TIME_LIMIT] (15.2s), α=[0.000,0.000,2.169,0.000,0.000,0.000,0.000,0.000,0.000,0.000,0.000,0.000,0.000,0.000,0.000,0.000,0.000,0.000,0.000,0.000,0.000,0.000,0.000,0.000,0.000,0.000,0.000,0.000,0.000,0.000,0.000,0.000,1.023,6.753,0.000,0.000]
  Iter 140: LB=-70.137473  UB=17.096765  gap=5.10e+00
  Cut: intercept=-41.239774, π_x_range=[-162.9642, 60.7002]

=== True-DRO Benders iter 141 ===
  OMP: t₀=-70.036452, UB=17.096765, gap=5.10e+00, x=[0, 0, 0, 0, 0, 0, 0, 0, 1, 1, 0, 0, 0, 0, 0, 0, 0, 0, 0, 0, 0, 0, 0, 0, 0, 0, 0, 0, 0, 0, 0, 0, 0, 0, 0, 0] (0.998s)
  Sub: Z₀=19.822633 [LOCAL] (0.2s), α=[0.000,0.000,5.422,0.000,0.000,0.000,0.000,0.000,0.000,0.000,0.000,0.000,0.000,0.000,0.000,0.000,0.000,0.000,0.000,0.000,0.000,0.000,0.000,0.000,0.000,0.000,0.000,0.000,0.000,0.000,0.000,0.000,0.878,3.644,0.000,0.000]
  Iter 141: LB=-70.036452  UB=17.096765  gap=5.10e+00
  Cut: intercept=-1128.707807, π_x_range=[-824.2861, 586.3431]

=== True-DRO Benders iter 142 ===
  OMP: t₀=-69.852598, UB=17.096765, gap=5.09e+00, x=[0, 0, 0, 0, 0, 0, 0, 0, 0, 0, 0, 0, 0, 0, 0, 0, 0, 0, 0, 0, 0, 1, 0, 0, 0, 0, 0, 0, 0, 1, 0, 0, 0, 0, 0, 0] (1.066s)
  Sub: Z₀=20.809690 [LOCAL] (0.2s), α=[0.000,0.000,3.895,0.000,0.000,0.000,0.000,0.000,0.000,0.000,0.000,0.000,0.000,0.000,0.000,0.000,0.000,0.000,0.000,0.000,0.000,0.000,0.000,0.000,0.000,0.000,0.000,0.000,0.000,1.486,0.850,0.000,3.713,0.000,0.000,0.000]
  Iter 142: LB=-69.852598  UB=17.096765  gap=5.09e+00
  Cut: intercept=-1149.037550, π_x_range=[-822.1137, 596.5886]

=== True-DRO Benders iter 143 ===
  OMP: t₀=-69.269827, UB=17.096765, gap=5.05e+00, x=[0, 0, 0, 0, 0, 0, 0, 0, 0, 1, 0, 0, 0, 0, 0, 0, 1, 0, 0, 0, 0, 0, 0, 0, 0, 0, 0, 0, 0, 0, 0, 0, 0, 0, 0, 0] (1.285s)
  Sub: Z₀=19.880270 [LOCAL] (0.3s), α=[0.000,0.000,5.422,0.000,0.000,0.000,0.000,0.000,0.000,0.000,0.000,0.000,0.000,0.000,0.000,0.000,0.000,0.000,0.000,0.000,0.000,0.000,0.000,0.000,0.000,0.000,0.000,0.000,0.000,0.000,0.000,0.000,1.011,3.511,0.000,0.000]
  Iter 143: LB=-69.269827  UB=17.096765  gap=5.05e+00
  Cut: intercept=-1128.747283, π_x_range=[-824.7858, 587.0416]

=== True-DRO Benders iter 144 ===
  OMP: t₀=-69.182436, UB=17.096765, gap=5.05e+00, x=[0, 0, 0, 0, 0, 0, 0, 0, 0, 1, 1, 0, 0, 0, 0, 0, 0, 0, 0, 0, 0, 0, 0, 0, 0, 0, 0, 0, 0, 0, 0, 0, 0, 0, 0, 0] (1.325s)
  Sub: Z₀=19.880270 [LOCAL] (0.2s), α=[0.000,0.000,5.422,0.000,0.000,0.000,0.000,0.000,0.000,0.000,0.000,0.000,0.000,0.000,0.000,0.000,0.000,0.000,0.000,0.000,0.000,0.000,0.000,0.000,0.000,0.000,0.000,0.000,0.000,0.000,0.000,0.000,1.077,3.445,0.000,0.000]
  Iter 144: LB=-69.182436  UB=17.096765  gap=5.05e+00
  Cut: intercept=-1114.874987, π_x_range=[-824.7076, 572.4042]

=== True-DRO Benders iter 145 ===
  OMP: t₀=-69.132336, UB=17.096765, gap=5.04e+00, x=[1, 0, 0, 0, 0, 0, 0, 0, 0, 1, 0, 0, 0, 0, 0, 0, 0, 0, 0, 0, 0, 0, 0, 0, 0, 0, 0, 0, 0, 0, 0, 0, 0, 0, 0, 0] (1.165s)
  Sub: Z₀=19.880272 [TIME_LIMIT] (15.1s), α=[0.000,0.000,5.422,0.000,0.000,0.000,0.000,0.000,0.000,0.000,0.000,0.000,0.000,0.000,0.000,0.000,0.000,0.000,0.000,0.000,0.000,0.000,0.000,0.000,0.000,0.000,0.000,0.000,0.000,0.000,0.000,0.000,1.061,3.461,0.000,0.000]
  Iter 145: LB=-69.132336  UB=17.096765  gap=5.04e+00
  Cut: intercept=-47.498598, π_x_range=[-216.0000, 51.6380]

=== True-DRO Benders iter 146 ===
  OMP: t₀=-69.132315, UB=17.096765, gap=5.04e+00, x=[0, 0, 0, 1, 0, 0, 0, 0, 0, 1, 0, 0, 0, 0, 0, 0, 0, 0, 0, 0, 0, 0, 0, 0, 0, 0, 0, 0, 0, 0, 0, 0, 0, 0, 0, 0] (1.107s)
  Sub: Z₀=19.880270 [LOCAL] (0.2s), α=[0.000,0.000,5.422,0.000,0.000,0.000,0.000,0.000,0.000,0.000,0.000,0.000,0.000,0.000,0.000,0.000,0.000,0.000,0.000,0.000,0.000,0.000,0.000,0.000,0.000,0.000,0.000,0.000,0.000,0.000,0.000,0.000,1.116,3.406,0.000,0.000]
  Iter 146: LB=-69.132315  UB=17.096765  gap=5.04e+00
  Cut: intercept=-1123.600705, π_x_range=[-824.8118, 581.2718]

=== True-DRO Benders iter 147 ===
  OMP: t₀=-69.132302, UB=17.096765, gap=5.04e+00, x=[0, 0, 0, 0, 0, 0, 0, 0, 0, 1, 0, 0, 0, 0, 0, 0, 0, 0, 0, 0, 0, 0, 0, 0, 0, 0, 0, 0, 0, 0, 0, 1, 0, 0, 0, 0] (1.282s)
  Sub: Z₀=19.880270 [LOCAL] (0.2s), α=[0.000,0.000,5.422,0.000,0.000,0.000,0.000,0.000,0.000,0.000,0.000,0.000,0.000,0.000,0.000,0.000,0.000,0.000,0.000,0.000,0.000,0.000,0.000,0.000,0.000,0.000,0.000,0.000,0.000,0.000,0.000,0.000,0.962,3.560,0.000,0.000]
  Iter 147: LB=-69.132302  UB=17.096765  gap=5.04e+00
  Cut: intercept=-1100.436627, π_x_range=[-824.7919, 562.2147]

=== True-DRO Benders iter 148 ===
  OMP: t₀=-69.132241, UB=17.096765, gap=5.04e+00, x=[0, 0, 0, 0, 0, 0, 0, 0, 0, 1, 0, 1, 0, 0, 0, 0, 0, 0, 0, 0, 0, 0, 0, 0, 0, 0, 0, 0, 0, 0, 0, 0, 0, 0, 0, 0] (1.478s)
  Sub: Z₀=19.880270 [LOCAL] (0.2s), α=[0.000,0.000,5.422,0.000,0.000,0.000,0.000,0.000,0.000,0.000,0.000,0.000,0.000,0.000,0.000,0.000,0.000,0.000,0.000,0.000,0.000,0.000,0.000,0.000,0.000,0.000,0.000,0.000,0.000,0.000,0.000,0.000,0.961,3.561,0.000,0.000]
  Iter 148: LB=-69.132241  UB=17.096765  gap=5.04e+00
  Cut: intercept=-1111.887148, π_x_range=[-824.7859, 569.4332]

=== True-DRO Benders iter 149 ===
  OMP: t₀=-69.132213, UB=17.096765, gap=5.04e+00, x=[0, 0, 0, 0, 0, 0, 0, 0, 0, 1, 0, 0, 0, 0, 0, 1, 0, 0, 0, 0, 0, 0, 0, 0, 0, 0, 0, 0, 0, 0, 0, 0, 0, 0, 0, 0] (1.327s)
  Sub: Z₀=19.880270 [LOCAL] (0.2s), α=[0.000,0.000,5.422,0.000,0.000,0.000,0.000,0.000,0.000,0.000,0.000,0.000,0.000,0.000,0.000,0.000,0.000,0.000,0.000,0.000,0.000,0.000,0.000,0.000,0.000,0.000,0.000,0.000,0.000,0.000,0.000,0.000,0.972,3.550,0.000,0.000]
  Iter 149: LB=-69.132213  UB=17.096765  gap=5.04e+00
  Cut: intercept=-1086.065378, π_x_range=[-824.8009, 560.8433]

=== True-DRO Benders iter 150 ===
  OMP: t₀=-69.132186, UB=17.096765, gap=5.04e+00, x=[0, 0, 0, 0, 0, 0, 0, 0, 0, 1, 0, 0, 0, 0, 0, 0, 0, 0, 0, 0, 0, 0, 0, 1, 0, 0, 0, 0, 0, 0, 0, 0, 0, 0, 0, 0] (1.319s)
  Sub: Z₀=19.880272 [TIME_LIMIT] (15.1s), α=[0.000,0.000,5.422,0.000,0.000,0.000,0.000,0.000,0.000,0.000,0.000,0.000,0.000,0.000,0.000,0.000,0.000,0.000,0.000,0.000,0.000,0.000,0.000,0.000,0.000,0.000,0.000,0.000,0.000,0.000,0.000,0.000,1.128,3.394,0.000,0.000]
  Iter 150: LB=-69.132186  UB=17.096765  gap=5.04e+00
  Cut: intercept=-61.164358, π_x_range=[-216.0000, 51.6678]

=== True-DRO Benders iter 151 ===
  OMP: t₀=-69.132184, UB=17.096765, gap=5.04e+00, x=[0, 0, 0, 0, 0, 0, 0, 0, 0, 1, 0, 0, 0, 0, 0, 0, 0, 0, 0, 0, 0, 0, 0, 0, 0, 0, 0, 0, 0, 0, 0, 0, 0, 0, 0, 1] (1.281s)
  Sub: Z₀=19.880270 [LOCAL] (0.2s), α=[0.000,0.000,5.422,0.000,0.000,0.000,0.000,0.000,0.000,0.000,0.000,0.000,0.000,0.000,0.000,0.000,0.000,0.000,0.000,0.000,0.000,0.000,0.000,0.000,0.000,0.000,0.000,0.000,0.000,0.000,0.000,0.000,0.983,3.539,0.000,0.000]
  Iter 151: LB=-69.132184  UB=17.096765  gap=5.04e+00
  Cut: intercept=-1124.130954, π_x_range=[-824.7427, 581.8344]

=== True-DRO Benders iter 152 ===
  OMP: t₀=-69.132130, UB=17.096765, gap=5.04e+00, x=[0, 0, 0, 0, 0, 0, 0, 0, 0, 1, 0, 0, 0, 0, 0, 0, 0, 0, 0, 0, 0, 0, 0, 0, 0, 0, 0, 0, 0, 0, 0, 0, 0, 0, 1, 0] (1.324s)
  Sub: Z₀=19.880270 [LOCAL] (0.2s), α=[0.000,0.000,5.422,0.000,0.000,0.000,0.000,0.000,0.000,0.000,0.000,0.000,0.000,0.000,0.000,0.000,0.000,0.000,0.000,0.000,0.000,0.000,0.000,0.000,0.000,0.000,0.000,0.000,0.000,0.000,0.000,0.000,0.985,3.536,0.000,0.000]
  Iter 152: LB=-69.132130  UB=17.096765  gap=5.04e+00
  Cut: intercept=-1119.192595, π_x_range=[-824.8242, 576.8358]

=== True-DRO Benders iter 153 ===
  OMP: t₀=-69.030696, UB=17.096765, gap=5.04e+00, x=[0, 0, 0, 0, 0, 0, 0, 0, 0, 0, 0, 0, 0, 0, 0, 0, 0, 1, 1, 0, 0, 0, 0, 0, 0, 0, 0, 0, 0, 0, 0, 0, 0, 0, 0, 0] (1.088s)
  Sub: Z₀=19.410508 [LOCAL] (0.2s), α=[0.000,0.000,7.080,0.000,0.000,0.000,0.000,0.000,0.000,0.000,0.000,0.000,0.000,0.000,0.000,0.000,0.000,0.000,0.000,0.000,0.000,0.000,0.000,0.000,0.000,0.000,0.000,0.000,0.000,0.000,0.000,0.000,0.164,2.700,0.000,0.000]
  Iter 153: LB=-69.030696  UB=17.096765  gap=5.04e+00
  Cut: intercept=-1146.090658, π_x_range=[-825.9994, 592.9680]

=== True-DRO Benders iter 154 ===
  OMP: t₀=-68.861509, UB=17.096765, gap=5.03e+00, x=[0, 0, 0, 0, 0, 0, 0, 0, 0, 0, 0, 0, 0, 1, 0, 0, 0, 0, 0, 0, 0, 0, 0, 0, 1, 0, 0, 0, 0, 0, 0, 0, 0, 0, 0, 0] (1.097s)
  Sub: Z₀=19.953638 [LOCAL] (0.3s), α=[0.000,0.000,0.401,0.000,0.000,0.000,0.000,0.000,0.000,0.057,0.000,0.000,0.000,0.000,0.000,0.000,0.000,4.988,0.000,0.000,0.000,0.000,0.000,0.000,2.374,0.000,0.000,0.693,0.000,0.000,0.000,0.000,0.000,1.431,0.000,0.000]
  Iter 154: LB=-68.861509  UB=17.096765  gap=5.03e+00
  Cut: intercept=-1112.523627, π_x_range=[-823.8611, 589.6151]

=== True-DRO Benders iter 155 ===
  OMP: t₀=-68.007600, UB=17.096765, gap=4.98e+00, x=[0, 0, 0, 0, 0, 0, 0, 0, 0, 0, 0, 0, 0, 0, 0, 0, 0, 0, 0, 0, 0, 0, 1, 0, 0, 0, 0, 0, 0, 1, 0, 0, 0, 0, 0, 0] (1.108s)
  Sub: Z₀=21.275919 [TIME_LIMIT] (15.2s), α=[0.000,0.000,4.171,0.000,0.000,0.115,0.000,0.000,0.000,0.000,0.000,0.000,0.000,2.286,0.000,0.000,0.000,0.000,0.000,0.000,0.000,0.000,0.084,0.000,0.000,0.000,0.000,0.000,0.000,0.000,0.000,0.000,2.973,0.314,0.000,0.000]
  Iter 155: LB=-68.007600  UB=17.096765  gap=4.98e+00
  Cut: intercept=-63.181765, π_x_range=[-253.0000, 62.4279]

=== True-DRO Benders iter 156 ===
  OMP: t₀=-67.959478, UB=17.096765, gap=4.97e+00, x=[0, 0, 0, 0, 0, 0, 0, 0, 0, 0, 0, 0, 1, 0, 0, 0, 0, 0, 0, 1, 0, 0, 0, 0, 0, 0, 0, 0, 0, 0, 0, 0, 0, 0, 0, 0] (1.346s)
  Sub: Z₀=20.008574 [LOCAL] (0.1s), α=[0.000,0.000,2.990,0.000,0.000,0.000,0.000,0.000,0.000,0.000,0.000,0.000,1.745,0.555,0.000,0.000,0.000,0.000,0.000,0.000,0.000,0.000,0.000,0.000,0.000,0.000,0.000,0.000,0.000,0.000,0.000,0.000,0.000,4.653,0.000,0.000]
  Iter 156: LB=-67.959478  UB=17.096765  gap=4.97e+00
  Cut: intercept=-1135.529691, π_x_range=[-820.6890, 584.2684]

=== True-DRO Benders iter 157 ===
  OMP: t₀=-67.581547, UB=17.096765, gap=4.95e+00, x=[0, 0, 0, 0, 0, 0, 0, 0, 0, 0, 0, 0, 0, 0, 0, 0, 0, 0, 0, 1, 0, 0, 0, 0, 1, 0, 0, 0, 0, 0, 0, 0, 0, 0, 0, 0] (1.121s)
  Sub: Z₀=20.184095 [LOCAL] (0.3s), α=[0.000,0.000,0.481,0.000,0.000,0.000,0.036,0.000,0.000,0.052,0.000,0.000,0.000,0.000,0.000,0.000,0.000,4.718,0.000,0.000,0.000,0.000,0.000,0.000,1.642,0.000,0.000,0.504,0.000,0.000,0.000,0.000,0.482,2.029,0.000,0.000]
  Iter 157: LB=-67.581547  UB=17.096765  gap=4.95e+00
  Cut: intercept=-1102.465179, π_x_range=[-823.2424, 579.5786]

=== True-DRO Benders iter 158 ===
  OMP: t₀=-67.115415, UB=17.096765, gap=4.93e+00, x=[0, 0, 0, 0, 0, 0, 0, 0, 0, 0, 0, 0, 0, 0, 0, 0, 0, 0, 0, 0, 0, 0, 0, 0, 1, 0, 1, 0, 0, 0, 0, 0, 0, 0, 0, 0] (1.524s)
  Sub: Z₀=19.897278 [LOCAL] (0.2s), α=[0.000,0.000,0.000,0.000,0.000,0.000,0.000,0.000,0.000,0.000,0.000,0.000,0.000,0.000,0.000,0.000,0.000,3.744,0.000,0.000,0.000,0.000,0.000,0.000,3.356,0.000,0.000,0.000,0.000,0.000,0.000,0.000,0.772,2.071,0.000,0.000]
  Iter 158: LB=-67.115415  UB=17.096765  gap=4.93e+00
  Cut: intercept=-1122.157380, π_x_range=[-821.4568, 589.6605]

=== True-DRO Benders iter 159 ===
  OMP: t₀=-66.748852, UB=17.096765, gap=4.90e+00, x=[0, 0, 0, 0, 0, 0, 0, 0, 1, 0, 0, 0, 0, 0, 0, 0, 0, 0, 0, 0, 0, 0, 0, 0, 1, 0, 0, 0, 0, 0, 0, 0, 0, 0, 0, 0] (1.472s)
  Sub: Z₀=20.184095 [LOCAL] (0.3s), α=[0.000,0.000,0.495,0.000,0.000,0.000,0.043,0.000,0.000,0.047,0.000,0.000,0.000,0.000,0.000,0.000,0.000,4.704,0.000,0.000,0.000,0.000,0.000,0.000,1.649,0.000,0.000,0.495,0.000,0.000,0.000,0.000,0.335,2.176,0.000,0.000]
  Iter 159: LB=-66.748852  UB=17.096765  gap=4.90e+00
  Cut: intercept=-1103.601184, π_x_range=[-823.1570, 580.6343]

=== True-DRO Benders iter 160 ===
  OMP: t₀=-66.681039, UB=17.096765, gap=4.90e+00, x=[0, 0, 0, 0, 0, 0, 0, 0, 0, 0, 1, 0, 1, 0, 0, 0, 0, 0, 0, 0, 0, 0, 0, 0, 0, 0, 0, 0, 0, 0, 0, 0, 0, 0, 0, 0] (1.417s)
  Sub: Z₀=20.028864 [TIME_LIMIT] (15.2s), α=[0.000,0.000,3.057,0.000,0.000,0.000,0.000,0.000,0.000,0.000,0.000,0.000,0.636,0.504,0.000,0.000,0.000,0.319,0.000,0.000,0.000,0.000,0.000,0.000,0.000,0.000,0.000,0.000,0.000,0.000,0.000,0.000,0.000,5.428,0.000,0.000]
  Iter 160: LB=-66.681039  UB=17.096765  gap=4.90e+00
  Cut: intercept=-54.281949, π_x_range=[-142.1210, 74.3108]

=== True-DRO Benders iter 161 ===
  OMP: t₀=-66.369335, UB=17.096765, gap=4.88e+00, x=[0, 0, 0, 0, 0, 0, 0, 0, 0, 0, 0, 0, 1, 0, 0, 0, 0, 0, 0, 0, 0, 0, 0, 0, 0, 0, 0, 0, 0, 0, 0, 1, 0, 0, 0, 0] (1.286s)
  Sub: Z₀=20.008574 [LOCAL] (0.2s), α=[0.000,0.000,2.990,0.000,0.000,0.000,0.000,0.000,0.000,0.000,0.000,0.000,1.704,0.516,0.000,0.000,0.000,0.000,0.000,0.000,0.000,0.000,0.000,0.000,0.000,0.000,0.000,0.000,0.000,0.000,0.000,0.000,0.000,4.734,0.000,0.000]
  Iter 161: LB=-66.369335  UB=17.096765  gap=4.88e+00
  Cut: intercept=-1109.605784, π_x_range=[-820.7892, 571.3726]

=== True-DRO Benders iter 162 ===
  OMP: t₀=-66.369284, UB=17.096765, gap=4.88e+00, x=[0, 0, 0, 0, 1, 0, 0, 0, 0, 0, 0, 0, 1, 0, 0, 0, 0, 0, 0, 0, 0, 0, 0, 0, 0, 0, 0, 0, 0, 0, 0, 0, 0, 0, 0, 0] (1.263s)
  Sub: Z₀=20.008574 [LOCAL] (0.1s), α=[0.000,0.000,2.990,0.000,0.000,0.000,0.000,0.000,0.000,0.000,0.000,0.000,1.653,0.539,0.000,0.000,0.000,0.000,0.000,0.000,0.000,0.000,0.000,0.000,0.000,0.000,0.000,0.000,0.000,0.000,0.000,0.000,0.000,4.762,0.000,0.000]
  Iter 162: LB=-66.369284  UB=17.096765  gap=4.88e+00
  Cut: intercept=-1113.333403, π_x_range=[-820.8018, 571.3477]

=== True-DRO Benders iter 163 ===
  OMP: t₀=-66.369274, UB=17.096765, gap=4.88e+00, x=[0, 0, 0, 0, 0, 0, 0, 0, 0, 0, 0, 0, 1, 0, 0, 0, 0, 0, 0, 0, 0, 0, 0, 0, 0, 0, 0, 0, 0, 0, 0, 0, 0, 0, 1, 0] (1.310s)
  Sub: Z₀=20.008574 [LOCAL] (0.1s), α=[0.000,0.000,2.990,0.000,0.000,0.000,0.000,0.000,0.000,0.000,0.000,0.000,1.705,0.532,0.000,0.000,0.000,0.000,0.000,0.000,0.000,0.000,0.000,0.000,0.000,0.000,0.000,0.000,0.000,0.000,0.000,0.000,0.000,4.717,0.000,0.000]
  Iter 163: LB=-66.369274  UB=17.096765  gap=4.88e+00
  Cut: intercept=-1128.846583, π_x_range=[-820.8620, 577.4891]

=== True-DRO Benders iter 164 ===
  OMP: t₀=-66.369232, UB=17.096765, gap=4.88e+00, x=[0, 0, 0, 0, 0, 0, 0, 1, 0, 0, 0, 0, 1, 0, 0, 0, 0, 0, 0, 0, 0, 0, 0, 0, 0, 0, 0, 0, 0, 0, 0, 0, 0, 0, 0, 0] (1.201s)
  Sub: Z₀=20.008574 [LOCAL] (0.2s), α=[0.000,0.000,2.990,0.000,0.000,0.000,0.000,0.000,0.000,0.000,0.000,0.000,1.713,0.523,0.000,0.000,0.000,0.000,0.000,0.000,0.000,0.000,0.000,0.000,0.000,0.000,0.000,0.000,0.000,0.000,0.000,0.000,0.000,4.718,0.000,0.000]
  Iter 164: LB=-66.369232  UB=17.096765  gap=4.88e+00
  Cut: intercept=-1121.390840, π_x_range=[-820.7679, 571.2531]

=== True-DRO Benders iter 165 ===
  OMP: t₀=-66.368446, UB=17.096765, gap=4.88e+00, x=[0, 0, 0, 0, 0, 0, 0, 0, 0, 0, 0, 0, 1, 0, 0, 0, 0, 0, 0, 0, 1, 0, 0, 0, 0, 0, 0, 0, 0, 0, 0, 0, 0, 0, 0, 0] (1.272s)
  Sub: Z₀=20.027645 [TIME_LIMIT] (15.2s), α=[0.000,0.000,3.120,0.000,0.000,0.000,0.000,0.000,0.000,0.000,0.000,0.000,0.708,0.697,0.000,0.000,0.000,0.233,0.000,0.000,0.000,0.000,0.000,0.000,0.000,0.000,0.000,0.000,0.000,0.000,0.000,0.000,0.000,5.186,0.000,0.000]
  Iter 165: LB=-66.368446  UB=17.096765  gap=4.88e+00
  Cut: intercept=-54.202857, π_x_range=[-181.4764, 74.2305]

=== True-DRO Benders iter 166 ===
  OMP: t₀=-66.303108, UB=17.096765, gap=4.88e+00, x=[0, 0, 0, 0, 0, 0, 0, 0, 0, 0, 1, 0, 0, 0, 0, 0, 0, 0, 0, 0, 0, 0, 0, 0, 1, 0, 0, 0, 0, 0, 0, 0, 0, 0, 0, 0] (1.147s)
  Sub: Z₀=20.184095 [LOCAL] (0.3s), α=[0.000,0.000,0.478,0.000,0.000,0.000,0.036,0.000,0.000,0.052,0.000,0.000,0.000,0.000,0.000,0.000,0.000,4.721,0.000,0.000,0.000,0.000,0.000,0.000,1.640,0.000,0.000,0.507,0.000,0.000,0.000,0.000,0.384,2.127,0.000,0.000]
  Iter 166: LB=-66.303108  UB=17.096765  gap=4.88e+00
  Cut: intercept=-1089.251767, π_x_range=[-823.0930, 566.2586]

=== True-DRO Benders iter 167 ===
  OMP: t₀=-66.262503, UB=17.096765, gap=4.88e+00, x=[0, 0, 0, 0, 0, 0, 0, 0, 0, 0, 0, 0, 0, 0, 0, 0, 1, 0, 0, 0, 0, 0, 0, 0, 1, 0, 0, 0, 0, 0, 0, 0, 0, 0, 0, 0] (1.154s)
  Sub: Z₀=20.184095 [LOCAL] (0.3s), α=[0.000,0.000,0.481,0.000,0.000,0.000,0.036,0.000,0.000,0.048,0.000,0.000,0.000,0.000,0.000,0.000,0.000,4.719,0.000,0.000,0.000,0.000,0.000,0.000,1.642,0.000,0.000,0.508,0.000,0.000,0.000,0.000,0.389,2.123,0.000,0.000]
  Iter 167: LB=-66.262503  UB=17.096765  gap=4.88e+00
  Cut: intercept=-1109.495046, π_x_range=[-823.0857, 586.5305]

=== True-DRO Benders iter 168 ===
  OMP: t₀=-66.174913, UB=17.096765, gap=4.87e+00, x=[0, 0, 0, 0, 0, 0, 0, 0, 0, 1, 0, 0, 0, 0, 0, 0, 0, 0, 0, 0, 0, 0, 0, 0, 0, 0, 0, 1, 0, 0, 0, 0, 0, 0, 0, 0] (1.254s)
  Sub: Z₀=18.135889 [LOCAL] (0.1s), α=[0.000,0.000,4.476,0.000,0.000,0.000,0.000,0.000,0.000,1.921,0.000,0.000,0.000,0.000,0.000,0.000,0.000,0.000,0.000,0.000,0.000,0.000,0.000,0.000,0.000,0.000,0.000,1.227,0.000,0.000,0.000,0.000,0.295,2.025,0.000,0.000]
  Iter 168: LB=-66.174913  UB=17.096765  gap=4.87e+00
  Cut: intercept=-1120.902394, π_x_range=[-824.2510, 573.5390]

=== True-DRO Benders iter 169 ===
  OMP: t₀=-65.991503, UB=17.096765, gap=4.86e+00, x=[0, 1, 0, 0, 0, 0, 0, 0, 0, 0, 0, 0, 0, 0, 0, 0, 0, 0, 0, 0, 0, 0, 0, 0, 1, 0, 0, 0, 0, 0, 0, 0, 0, 0, 0, 0] (1.158s)
  Sub: Z₀=20.184095 [LOCAL] (0.2s), α=[0.000,0.000,0.497,0.000,0.000,0.000,0.036,0.000,0.000,0.047,0.000,0.000,0.000,0.000,0.000,0.000,0.000,4.702,0.000,0.000,0.000,0.000,0.000,0.000,1.658,0.000,0.000,0.493,0.000,0.000,0.000,0.000,0.373,2.139,0.000,0.000]
  Iter 169: LB=-65.991503  UB=17.096765  gap=4.86e+00
  Cut: intercept=-1090.305651, π_x_range=[-823.0756, 568.5809]

=== True-DRO Benders iter 170 ===
  OMP: t₀=-65.991497, UB=17.096765, gap=4.86e+00, x=[0, 0, 0, 1, 0, 0, 0, 0, 0, 0, 0, 0, 0, 0, 0, 0, 0, 0, 0, 0, 0, 0, 0, 0, 1, 0, 0, 0, 0, 0, 0, 0, 0, 0, 0, 0] (1.227s)
  Sub: Z₀=20.184097 [TIME_LIMIT] (15.2s), α=[0.000,0.000,1.037,0.000,0.000,0.000,0.000,0.000,0.000,0.000,0.000,0.000,0.000,0.000,0.000,0.000,0.000,4.162,0.000,0.000,0.000,0.000,0.000,0.000,2.234,0.000,0.000,0.000,0.000,0.000,0.000,0.000,0.955,1.557,0.000,0.000]
  Iter 170: LB=-65.991497  UB=17.096765  gap=4.86e+00
  Cut: intercept=-58.404949, π_x_range=[-218.0000, 65.9576]

=== True-DRO Benders iter 171 ===
  OMP: t₀=-65.991404, UB=17.096765, gap=4.86e+00, x=[0, 0, 0, 0, 0, 0, 0, 0, 0, 0, 0, 0, 0, 0, 0, 0, 0, 0, 0, 0, 0, 0, 0, 0, 1, 0, 0, 0, 0, 0, 0, 1, 0, 0, 0, 0] (1.318s)
  Sub: Z₀=20.184095 [LOCAL] (0.2s), α=[0.000,0.000,0.488,0.000,0.000,0.000,0.035,0.000,0.000,0.048,0.000,0.000,0.000,0.000,0.000,0.000,0.000,4.711,0.000,0.000,0.000,0.000,0.000,0.000,1.650,0.000,0.000,0.501,0.000,0.000,0.000,0.000,0.347,2.165,0.000,0.000]
  Iter 171: LB=-65.991404  UB=17.096765  gap=4.86e+00
  Cut: intercept=-1069.783964, π_x_range=[-822.9558, 546.7877]

=== True-DRO Benders iter 172 ===
  OMP: t₀=-65.991353, UB=17.096765, gap=4.86e+00, x=[0, 0, 0, 0, 1, 0, 0, 0, 0, 0, 0, 0, 0, 0, 0, 0, 0, 0, 0, 0, 0, 0, 0, 0, 1, 0, 0, 0, 0, 0, 0, 0, 0, 0, 0, 0] (1.302s)
  Sub: Z₀=20.184095 [LOCAL] (0.4s), α=[0.000,0.000,0.491,0.000,0.000,0.000,0.036,0.000,0.000,0.047,0.000,0.000,0.000,0.000,0.000,0.000,0.000,4.708,0.000,0.000,0.000,0.000,0.000,0.000,1.653,0.000,0.000,0.499,0.000,0.000,0.000,0.000,0.242,2.269,0.000,0.000]
  Iter 172: LB=-65.991353  UB=17.096765  gap=4.86e+00
  Cut: intercept=-1076.815816, π_x_range=[-823.2020, 553.8734]

=== True-DRO Benders iter 173 ===
  OMP: t₀=-65.991343, UB=17.096765, gap=4.86e+00, x=[0, 0, 0, 0, 0, 0, 0, 0, 0, 0, 0, 0, 0, 0, 0, 0, 0, 0, 0, 0, 0, 0, 0, 0, 1, 0, 0, 0, 0, 0, 0, 0, 0, 0, 1, 0] (1.258s)
  Sub: Z₀=20.184095 [LOCAL] (0.4s), α=[0.000,0.000,0.487,0.000,0.000,0.000,0.036,0.000,0.000,0.047,0.000,0.000,0.000,0.000,0.000,0.000,0.000,4.712,0.000,0.000,0.000,0.000,0.000,0.000,1.648,0.000,0.000,0.503,0.000,0.000,0.000,0.000,0.376,2.136,0.000,0.000]
  Iter 173: LB=-65.991343  UB=17.096765  gap=4.86e+00
  Cut: intercept=-1096.623472, π_x_range=[-823.0618, 573.6115]

=== True-DRO Benders iter 174 ===
  OMP: t₀=-65.991305, UB=17.096765, gap=4.86e+00, x=[0, 0, 0, 0, 0, 0, 0, 0, 0, 0, 0, 1, 0, 0, 0, 0, 0, 0, 0, 0, 0, 0, 0, 0, 1, 0, 0, 0, 0, 0, 0, 0, 0, 0, 0, 0] (1.203s)
  Sub: Z₀=20.184095 [LOCAL] (0.5s), α=[0.000,0.000,0.487,0.000,0.000,0.000,0.035,0.000,0.000,0.048,0.000,0.000,0.000,0.000,0.000,0.000,0.000,4.712,0.000,0.000,0.000,0.000,0.000,0.000,1.649,0.000,0.000,0.502,0.000,0.000,0.000,0.000,0.339,2.172,0.000,0.000]
  Iter 174: LB=-65.991305  UB=17.096765  gap=4.86e+00
  Cut: intercept=-1088.322431, π_x_range=[-822.9555, 565.3287]

=== True-DRO Benders iter 175 ===
  OMP: t₀=-65.991305, UB=17.096765, gap=4.86e+00, x=[0, 0, 0, 0, 0, 0, 0, 0, 0, 0, 0, 0, 0, 0, 1, 0, 0, 0, 0, 0, 0, 0, 0, 0, 1, 0, 0, 0, 0, 0, 0, 0, 0, 0, 0, 0] (1.245s)
  Sub: Z₀=20.184097 [TIME_LIMIT] (15.2s), α=[0.000,0.000,1.037,0.000,0.000,0.000,0.000,0.000,0.000,0.000,0.000,0.000,0.000,0.000,0.000,0.000,0.000,4.162,0.000,0.000,0.000,0.000,0.000,0.000,2.234,0.000,0.000,0.000,0.000,0.000,0.000,0.000,0.748,1.764,0.000,0.000]
  Iter 175: LB=-65.991305  UB=17.096765  gap=4.86e+00
  Cut: intercept=-70.832935, π_x_range=[-248.0000, 64.9367]

=== True-DRO Benders iter 176 ===
  OMP: t₀=-65.991300, UB=17.096765, gap=4.86e+00, x=[0, 0, 0, 0, 0, 0, 0, 1, 0, 0, 0, 0, 0, 0, 0, 0, 0, 0, 0, 0, 0, 0, 0, 0, 1, 0, 0, 0, 0, 0, 0, 0, 0, 0, 0, 0] (1.299s)
  Sub: Z₀=20.184095 [LOCAL] (0.4s), α=[0.000,0.000,0.493,0.000,0.000,0.000,0.041,0.000,0.000,0.047,0.000,0.000,0.000,0.000,0.000,0.000,0.000,4.706,0.000,0.000,0.000,0.000,0.000,0.000,1.650,0.000,0.000,0.497,0.000,0.000,0.000,0.000,0.434,2.078,0.000,0.000]
  Iter 176: LB=-65.991300  UB=17.096765  gap=4.86e+00
  Cut: intercept=-1086.498828, π_x_range=[-822.9167, 563.6027]

=== True-DRO Benders iter 177 ===
  OMP: t₀=-65.990515, UB=17.096765, gap=4.86e+00, x=[0, 0, 0, 0, 0, 0, 0, 0, 0, 0, 0, 0, 0, 0, 0, 0, 0, 0, 0, 0, 1, 0, 0, 0, 1, 0, 0, 0, 0, 0, 0, 0, 0, 0, 0, 0] (1.146s)
  Sub: Z₀=20.184095 [LOCAL] (0.3s), α=[0.000,0.000,0.487,0.000,0.000,0.000,0.035,0.000,0.000,0.048,0.000,0.000,0.000,0.000,0.000,0.000,0.000,4.712,0.000,0.000,0.000,0.000,0.000,0.000,1.649,0.000,0.000,0.501,0.000,0.000,0.000,0.000,0.316,2.195,0.000,0.000]
  Iter 177: LB=-65.990515  UB=17.096765  gap=4.86e+00
  Cut: intercept=-1075.740824, π_x_range=[-822.8399, 552.7416]

=== True-DRO Benders iter 178 ===
  OMP: t₀=-65.092487, UB=17.096765, gap=4.81e+00, x=[0, 0, 0, 0, 0, 0, 0, 0, 0, 0, 0, 0, 0, 1, 0, 0, 0, 1, 0, 0, 0, 0, 0, 0, 0, 0, 0, 0, 0, 0, 0, 0, 0, 0, 0, 0] (1.123s)
  Sub: Z₀=18.961003 [LOCAL] (0.2s), α=[0.000,0.000,3.992,0.000,0.000,0.000,0.000,0.000,0.000,0.000,0.000,0.000,0.000,0.000,0.000,0.000,0.000,3.165,0.000,0.000,0.000,0.000,0.000,0.000,0.000,0.000,0.000,0.000,0.000,0.000,0.000,0.000,0.000,2.787,0.000,0.000]
  Iter 178: LB=-65.092487  UB=17.096765  gap=4.81e+00
  Cut: intercept=-1160.399384, π_x_range=[-824.3327, 591.2578]

=== True-DRO Benders iter 179 ===
  OMP: t₀=-65.018103, UB=17.096765, gap=4.80e+00, x=[0, 0, 0, 0, 0, 0, 0, 0, 0, 0, 0, 0, 0, 0, 0, 0, 0, 0, 1, 0, 0, 1, 0, 0, 0, 0, 0, 0, 0, 0, 0, 0, 0, 0, 0, 0] (1.146s)
  Sub: Z₀=21.313705 [LOCAL] (0.2s), α=[0.000,0.000,4.557,0.000,0.000,0.000,0.000,0.000,0.000,0.000,0.000,0.000,0.000,0.000,0.000,0.000,0.000,0.000,0.000,0.000,0.000,0.000,0.000,0.000,0.000,0.000,0.000,0.000,0.000,1.731,0.000,0.000,3.396,0.260,0.000,0.000]
  Iter 179: LB=-65.018103  UB=17.096765  gap=4.80e+00
  Cut: intercept=-1116.704184, π_x_range=[-823.0669, 571.2529]

=== True-DRO Benders iter 180 ===
  OMP: t₀=-65.001422, UB=17.096765, gap=4.80e+00, x=[0, 0, 0, 0, 0, 0, 0, 0, 0, 0, 0, 0, 0, 0, 0, 0, 0, 0, 0, 0, 0, 0, 1, 0, 0, 0, 0, 0, 1, 0, 0, 0, 0, 0, 0, 0] (1.220s)
  Sub: Z₀=20.346439 [TIME_LIMIT] (15.2s), α=[0.000,0.000,4.523,0.000,0.000,0.000,0.000,0.000,0.000,0.000,0.000,0.000,0.000,0.000,0.000,0.000,0.000,0.000,0.000,0.000,0.000,0.000,2.310,0.000,0.000,0.000,0.000,0.000,0.000,0.000,0.000,0.000,0.874,2.238,0.000,0.000]
  Iter 180: LB=-65.001422  UB=17.096765  gap=4.80e+00
  Cut: intercept=-126.747274, π_x_range=[-253.0000, 74.2855]

=== True-DRO Benders iter 181 ===
  OMP: t₀=-64.259096, UB=17.096765, gap=4.76e+00, x=[0, 0, 0, 0, 0, 0, 0, 0, 0, 0, 0, 0, 0, 0, 0, 0, 0, 0, 0, 0, 0, 0, 0, 0, 0, 0, 0, 0, 0, 0, 0, 1, 1, 0, 0, 0] (1.205s)
  Sub: Z₀=19.460443 [LOCAL] (0.2s), α=[0.000,0.000,2.169,0.000,0.000,0.000,0.000,0.000,0.000,0.000,0.000,0.000,0.000,0.000,0.000,0.000,0.000,0.000,0.000,0.000,0.000,0.000,0.000,0.000,0.000,0.000,0.000,0.000,0.000,0.000,0.000,0.000,5.160,2.616,0.000,0.000]
  Iter 181: LB=-64.259096  UB=17.096765  gap=4.76e+00
  Cut: intercept=-1124.166245, π_x_range=[-822.6906, 585.8791]

=== True-DRO Benders iter 182 ===
  OMP: t₀=-64.259096, UB=17.096765, gap=4.76e+00, x=[0, 0, 0, 0, 0, 0, 0, 0, 0, 0, 1, 0, 0, 0, 0, 0, 0, 0, 0, 0, 0, 0, 0, 0, 0, 0, 0, 0, 0, 0, 0, 0, 1, 0, 0, 0] (1.239s)
  Sub: Z₀=19.460443 [LOCAL] (0.1s), α=[0.000,0.000,2.169,0.000,0.000,0.000,0.000,0.000,0.000,0.000,0.000,0.000,0.000,0.000,0.000,0.000,0.000,0.000,0.000,0.000,0.000,0.000,0.000,0.000,0.000,0.000,0.000,0.000,0.000,0.000,0.000,0.000,5.262,2.514,0.000,0.000]
  Iter 182: LB=-64.259096  UB=17.096765  gap=4.76e+00
  Cut: intercept=-1139.392366, π_x_range=[-822.8241, 585.8568]

=== True-DRO Benders iter 183 ===
  OMP: t₀=-61.280531, UB=17.096765, gap=4.58e+00, x=[0, 0, 0, 0, 0, 0, 0, 0, 0, 0, 0, 0, 0, 0, 0, 0, 0, 1, 0, 1, 0, 0, 0, 0, 0, 0, 0, 0, 0, 0, 0, 0, 0, 0, 0, 0] (1.244s)
  Sub: Z₀=19.642048 [LOCAL] (0.2s), α=[0.000,0.000,5.940,0.000,0.000,0.000,0.000,0.000,0.000,0.000,0.000,0.000,0.000,0.000,0.000,0.000,0.000,0.476,0.000,0.000,0.000,0.000,0.000,0.000,0.000,0.000,0.000,0.000,0.000,0.000,0.000,0.000,0.287,3.242,0.000,0.000]
  Iter 183: LB=-61.280531  UB=17.096765  gap=4.58e+00
  Cut: intercept=-1153.874222, π_x_range=[-825.3238, 593.2661]

=== True-DRO Benders iter 184 ===
  OMP: t₀=-61.001322, UB=17.096765, gap=4.57e+00, x=[0, 0, 0, 0, 0, 0, 0, 0, 0, 0, 0, 0, 0, 0, 0, 0, 0, 0, 0, 0, 0, 0, 0, 1, 1, 0, 0, 0, 0, 0, 0, 0, 0, 0, 0, 0] (1.521s)
  Sub: Z₀=20.184095 [LOCAL] (0.3s), α=[0.000,0.000,0.489,0.000,0.000,0.000,0.036,0.000,0.000,0.047,0.000,0.000,0.000,0.000,0.000,0.000,0.000,4.710,0.000,0.000,0.000,0.000,0.000,0.000,1.651,0.000,0.000,0.500,0.000,0.000,0.000,0.000,0.473,2.038,0.000,0.000]
  Iter 184: LB=-61.001322  UB=17.096765  gap=4.57e+00
  Cut: intercept=-1100.874382, π_x_range=[-823.0555, 577.8824]

=== True-DRO Benders iter 185 ===
  OMP: t₀=-60.944715, UB=17.096765, gap=4.56e+00, x=[0, 0, 0, 0, 0, 0, 0, 0, 0, 0, 0, 0, 0, 1, 0, 0, 0, 0, 0, 0, 0, 0, 1, 0, 0, 0, 0, 0, 0, 0, 0, 0, 0, 0, 0, 0] (1.127s)
  Sub: Z₀=20.574775 [TIME_LIMIT] (15.1s), α=[0.000,0.000,3.679,0.000,0.000,0.053,0.000,0.000,0.000,0.000,0.000,0.000,0.000,3.035,0.000,0.000,0.000,0.000,0.000,0.000,0.000,0.000,0.384,0.000,0.000,0.000,0.000,0.000,0.000,0.000,0.000,0.000,1.828,0.966,0.000,0.000]
  Iter 185: LB=-60.944715  UB=17.096765  gap=4.56e+00
  Cut: intercept=-41.161293, π_x_range=[-219.0000, 47.2431]

=== True-DRO Benders iter 186 ===
  OMP: t₀=-60.841826, UB=17.096765, gap=4.56e+00, x=[0, 0, 0, 0, 0, 0, 0, 0, 0, 0, 0, 0, 0, 0, 0, 0, 0, 1, 0, 0, 0, 0, 0, 0, 0, 0, 0, 0, 0, 1, 0, 0, 0, 0, 0, 0] (1.267s)
  Sub: Z₀=19.190317 [LOCAL] (0.3s), α=[0.000,0.000,4.005,0.000,0.000,0.000,0.000,0.000,0.000,0.000,0.000,0.000,0.000,0.000,0.000,0.000,0.000,2.411,0.000,0.000,0.000,0.000,0.000,0.000,0.000,0.000,0.000,0.000,0.000,0.000,0.000,0.000,0.520,3.008,0.000,0.000]
  Iter 186: LB=-60.841826  UB=17.096765  gap=4.56e+00
  Cut: intercept=-1167.289954, π_x_range=[-823.7829, 594.2338]

=== True-DRO Benders iter 187 ===
  OMP: t₀=-60.422147, UB=17.096765, gap=4.53e+00, x=[0, 0, 0, 0, 0, 0, 0, 0, 0, 0, 0, 0, 0, 0, 0, 0, 0, 0, 0, 0, 0, 0, 0, 0, 1, 0, 0, 0, 0, 1, 0, 0, 0, 0, 0, 0] (1.332s)
  Sub: Z₀=19.499606 [LOCAL] (0.2s), α=[0.000,0.000,0.000,0.000,0.000,0.000,0.051,0.000,0.000,0.000,0.000,0.000,0.000,0.000,0.000,0.000,0.000,4.373,0.000,0.000,0.000,0.000,0.000,0.000,2.490,0.000,0.000,0.000,0.000,0.000,0.000,0.000,2.026,1.004,0.000,0.000]
  Iter 187: LB=-60.422147  UB=17.096765  gap=4.53e+00
  Cut: intercept=-1112.725310, π_x_range=[-819.2848, 591.9459]

=== True-DRO Benders iter 188 ===
  OMP: t₀=-60.064090, UB=17.096765, gap=4.51e+00, x=[0, 0, 0, 0, 0, 0, 0, 0, 1, 0, 0, 0, 0, 0, 0, 0, 0, 1, 0, 0, 0, 0, 0, 0, 0, 0, 0, 0, 0, 0, 0, 0, 0, 0, 0, 0] (1.501s)
  Sub: Z₀=19.642048 [LOCAL] (0.2s), α=[0.000,0.000,5.963,0.000,0.000,0.000,0.000,0.000,0.000,0.000,0.000,0.000,0.000,0.000,0.000,0.000,0.000,0.453,0.000,0.000,0.000,0.000,0.000,0.000,0.000,0.000,0.000,0.000,0.000,0.000,0.000,0.000,0.119,3.409,0.000,0.000]
  Iter 188: LB=-60.064090  UB=17.096765  gap=4.51e+00
  Cut: intercept=-1158.801615, π_x_range=[-824.8402, 593.2488]

=== True-DRO Benders iter 189 ===
  OMP: t₀=-59.620604, UB=17.096765, gap=4.49e+00, x=[0, 0, 0, 0, 0, 0, 0, 0, 0, 0, 0, 0, 0, 0, 0, 0, 0, 0, 0, 0, 0, 0, 1, 0, 0, 0, 0, 1, 0, 0, 0, 0, 0, 0, 0, 0] (1.450s)
  Sub: Z₀=21.078910 [LOCAL] (0.1s), α=[0.000,0.000,4.595,0.000,0.000,0.035,0.000,0.000,0.000,0.000,0.000,0.000,0.000,0.442,0.000,0.000,0.000,0.000,0.000,0.000,0.000,0.000,1.178,0.000,0.000,0.000,0.000,0.000,0.000,0.000,0.000,0.000,2.109,1.586,0.000,0.000]
  Iter 189: LB=-59.620604  UB=17.096765  gap=4.49e+00
  Cut: intercept=-1114.283756, π_x_range=[-823.5114, 575.0721]

=== True-DRO Benders iter 190 ===
  OMP: t₀=-59.297465, UB=17.096765, gap=4.47e+00, x=[0, 0, 0, 0, 0, 0, 0, 0, 0, 0, 0, 0, 0, 0, 0, 0, 1, 1, 0, 0, 0, 0, 0, 0, 0, 0, 0, 0, 0, 0, 0, 0, 0, 0, 0, 0] (1.259s)
  Sub: Z₀=19.642050 [TIME_LIMIT] (15.1s), α=[0.000,0.000,5.880,0.000,0.000,0.000,0.000,0.000,0.000,0.000,0.000,0.000,0.000,0.000,0.000,0.000,0.000,0.536,0.000,0.000,0.000,0.000,0.000,0.000,0.000,0.000,0.000,0.000,0.000,0.000,0.000,0.000,0.397,3.131,0.000,0.000]
  Iter 190: LB=-59.297465  UB=17.096765  gap=4.47e+00
  Cut: intercept=-45.901824, π_x_range=[-216.0000, 45.8192]

=== True-DRO Benders iter 191 ===
  OMP: t₀=-59.226744, UB=17.096765, gap=4.46e+00, x=[0, 0, 0, 0, 1, 0, 0, 0, 0, 0, 0, 0, 0, 0, 0, 0, 0, 1, 0, 0, 0, 0, 0, 0, 0, 0, 0, 0, 0, 0, 0, 0, 0, 0, 0, 0] (1.384s)
  Sub: Z₀=19.642048 [LOCAL] (0.2s), α=[0.000,0.000,5.960,0.000,0.000,0.000,0.000,0.000,0.000,0.000,0.000,0.000,0.000,0.000,0.000,0.000,0.000,0.456,0.000,0.000,0.000,0.000,0.000,0.000,0.000,0.000,0.000,0.000,0.000,0.000,0.000,0.000,0.173,3.355,0.000,0.000]
  Iter 191: LB=-59.226744  UB=17.096765  gap=4.46e+00
  Cut: intercept=-1135.463342, π_x_range=[-825.4074, 593.2638]

=== True-DRO Benders iter 192 ===
  OMP: t₀=-59.159983, UB=17.096765, gap=4.46e+00, x=[0, 1, 0, 0, 0, 0, 0, 0, 0, 0, 0, 0, 0, 0, 0, 0, 0, 1, 0, 0, 0, 0, 0, 0, 0, 0, 0, 0, 0, 0, 0, 0, 0, 0, 0, 0] (1.163s)
  Sub: Z₀=19.642048 [LOCAL] (0.2s), α=[0.000,0.000,5.967,0.000,0.000,0.000,0.000,0.000,0.000,0.000,0.000,0.000,0.000,0.000,0.000,0.000,0.000,0.449,0.000,0.000,0.000,0.000,0.000,0.000,0.000,0.000,0.000,0.000,0.000,0.000,0.000,0.000,0.209,3.320,0.000,0.000]
  Iter 192: LB=-59.159983  UB=17.096765  gap=4.46e+00
  Cut: intercept=-1144.735960, π_x_range=[-824.2231, 593.2401]

=== True-DRO Benders iter 193 ===
  OMP: t₀=-59.159973, UB=17.096765, gap=4.46e+00, x=[1, 0, 0, 0, 0, 0, 0, 0, 0, 0, 0, 0, 0, 0, 0, 0, 0, 1, 0, 0, 0, 0, 0, 0, 0, 0, 0, 0, 0, 0, 0, 0, 0, 0, 0, 0] (1.214s)
  Sub: Z₀=19.642048 [LOCAL] (0.2s), α=[0.000,0.000,5.964,0.000,0.000,0.000,0.000,0.000,0.000,0.000,0.000,0.000,0.000,0.000,0.000,0.000,0.000,0.452,0.000,0.000,0.000,0.000,0.000,0.000,0.000,0.000,0.000,0.000,0.000,0.000,0.000,0.000,0.216,3.313,0.000,0.000]
  Iter 193: LB=-59.159973  UB=17.096765  gap=4.46e+00
  Cut: intercept=-1161.830185, π_x_range=[-825.1069, 593.2506]

=== True-DRO Benders iter 194 ===
  OMP: t₀=-59.159952, UB=17.096765, gap=4.46e+00, x=[0, 0, 0, 1, 0, 0, 0, 0, 0, 0, 0, 0, 0, 0, 0, 0, 0, 1, 0, 0, 0, 0, 0, 0, 0, 0, 0, 0, 0, 0, 0, 0, 0, 0, 0, 0] (1.284s)
  Sub: Z₀=19.642048 [LOCAL] (0.2s), α=[0.000,0.000,5.956,0.000,0.000,0.000,0.000,0.000,0.000,0.000,0.000,0.000,0.000,0.000,0.000,0.000,0.000,0.459,0.000,0.000,0.000,0.000,0.000,0.000,0.000,0.000,0.000,0.000,0.000,0.000,0.000,0.000,0.347,3.182,0.000,0.000]
  Iter 194: LB=-59.159952  UB=17.096765  gap=4.46e+00
  Cut: intercept=-1155.252163, π_x_range=[-825.4358, 593.2493]

=== True-DRO Benders iter 195 ===
  OMP: t₀=-59.159822, UB=17.096765, gap=4.46e+00, x=[0, 0, 0, 0, 0, 0, 0, 0, 0, 0, 0, 0, 0, 0, 0, 0, 0, 1, 0, 0, 0, 0, 0, 0, 0, 0, 0, 0, 0, 0, 0, 0, 0, 0, 0, 1] (1.185s)
  Sub: Z₀=19.642050 [TIME_LIMIT] (15.1s), α=[0.000,0.000,5.939,0.000,0.000,0.000,0.000,0.000,0.000,0.000,0.000,0.000,0.000,0.000,0.000,0.000,0.000,0.477,0.000,0.000,0.000,0.000,0.000,0.000,0.000,0.000,0.000,0.000,0.000,0.000,0.000,0.000,0.313,3.215,0.000,0.000]
  Iter 195: LB=-59.159822  UB=17.096765  gap=4.46e+00
  Cut: intercept=-52.722118, π_x_range=[-230.0132, 45.3662]

=== True-DRO Benders iter 196 ===
  OMP: t₀=-59.159899, UB=17.096765, gap=4.46e+00, x=[0, 0, 0, 0, 0, 0, 0, 0, 0, 0, 0, 0, 0, 0, 0, 0, 0, 1, 0, 0, 1, 0, 0, 0, 0, 0, 0, 0, 0, 0, 0, 0, 0, 0, 0, 0] (1.234s)
  Sub: Z₀=19.642048 [LOCAL] (0.2s), α=[0.000,0.000,5.954,0.000,0.000,0.000,0.000,0.000,0.000,0.000,0.000,0.000,0.000,0.000,0.000,0.000,0.000,0.462,0.000,0.000,0.000,0.000,0.000,0.000,0.000,0.000,0.000,0.000,0.000,0.000,0.000,0.000,0.188,3.340,0.000,0.000]
  Iter 196: LB=-59.159899  UB=17.096765  gap=4.46e+00
  Cut: intercept=-1133.574490, π_x_range=[-825.3715, 593.2498]

=== True-DRO Benders iter 197 ===
  OMP: t₀=-59.159852, UB=17.096765, gap=4.46e+00, x=[0, 0, 0, 0, 0, 0, 0, 0, 0, 0, 0, 0, 0, 0, 0, 0, 0, 1, 0, 0, 0, 0, 0, 0, 0, 1, 0, 0, 0, 0, 0, 0, 0, 0, 0, 0] (1.177s)
  Sub: Z₀=19.642048 [LOCAL] (0.2s), α=[0.000,0.000,5.970,0.000,0.000,0.000,0.000,0.000,0.000,0.000,0.000,0.000,0.000,0.000,0.000,0.000,0.000,0.446,0.000,0.000,0.000,0.000,0.000,0.000,0.000,0.000,0.000,0.000,0.000,0.000,0.000,0.000,0.218,3.311,0.000,0.000]
  Iter 197: LB=-59.159852  UB=17.096765  gap=4.46e+00
  Cut: intercept=-1111.973345, π_x_range=[-825.4776, 593.2453]

=== True-DRO Benders iter 198 ===
  OMP: t₀=-59.159814, UB=17.096765, gap=4.46e+00, x=[0, 0, 0, 0, 0, 0, 0, 1, 0, 0, 0, 0, 0, 0, 0, 0, 0, 1, 0, 0, 0, 0, 0, 0, 0, 0, 0, 0, 0, 0, 0, 0, 0, 0, 0, 0] (1.172s)
  Sub: Z₀=19.642048 [LOCAL] (0.2s), α=[0.000,0.000,5.970,0.000,0.000,0.000,0.000,0.000,0.000,0.000,0.000,0.000,0.000,0.000,0.000,0.000,0.000,0.446,0.000,0.000,0.000,0.000,0.000,0.000,0.000,0.000,0.000,0.000,0.000,0.000,0.000,0.000,0.240,3.288,0.000,0.000]
  Iter 198: LB=-59.159814  UB=17.096765  gap=4.46e+00
  Cut: intercept=-1143.583367, π_x_range=[-825.2962, 593.2504]

=== True-DRO Benders iter 199 ===
  OMP: t₀=-59.159824, UB=17.096765, gap=4.46e+00, x=[0, 0, 0, 0, 0, 0, 0, 0, 0, 0, 0, 0, 0, 0, 0, 0, 0, 1, 0, 0, 0, 0, 0, 1, 0, 0, 0, 0, 0, 0, 0, 0, 0, 0, 0, 0] (1.172s)
  Sub: Z₀=19.642048 [LOCAL] (0.2s), α=[0.000,0.000,5.958,0.000,0.000,0.000,0.000,0.000,0.000,0.000,0.000,0.000,0.000,0.000,0.000,0.000,0.000,0.458,0.000,0.000,0.000,0.000,0.000,0.000,0.000,0.000,0.000,0.000,0.000,0.000,0.000,0.000,0.260,3.269,0.000,0.000]
  Iter 199: LB=-59.159824  UB=17.096765  gap=4.46e+00
  Cut: intercept=-1158.073910, π_x_range=[-825.3901, 593.2470]

=== True-DRO Benders iter 200 ===
  OMP: t₀=-59.159751, UB=17.096765, gap=4.46e+00, x=[0, 0, 0, 0, 0, 0, 0, 0, 0, 0, 0, 0, 0, 0, 1, 0, 0, 1, 0, 0, 0, 0, 0, 0, 0, 0, 0, 0, 0, 0, 0, 0, 0, 0, 0, 0] (1.111s)
  Sub: Z₀=19.642050 [TIME_LIMIT] (15.1s), α=[0.000,0.000,5.559,0.000,0.000,0.000,0.000,0.000,0.000,0.000,0.000,0.000,0.000,0.000,0.000,0.000,0.000,0.857,0.000,0.000,0.000,0.000,0.000,0.000,0.000,0.000,0.000,0.000,0.000,0.000,0.000,0.000,1.157,2.371,0.000,0.000]
  Iter 200: LB=-59.159751  UB=17.096765  gap=4.46e+00
  Cut: intercept=-28.159802, π_x_range=[-153.2011, 47.8019]

=== True-DRO Benders iter 201 ===
  OMP: t₀=-59.133428, UB=17.096765, gap=4.46e+00, x=[0, 0, 0, 0, 0, 0, 0, 0, 0, 0, 0, 0, 0, 0, 0, 0, 0, 0, 0, 0, 0, 1, 0, 0, 0, 0, 0, 1, 0, 0, 0, 0, 0, 0, 0, 0] (1.168s)
  Sub: Z₀=21.299220 [LOCAL] (0.3s), α=[0.000,0.000,5.063,0.000,0.000,0.000,0.000,0.000,0.000,0.000,0.000,0.000,0.000,0.000,0.000,0.000,0.000,0.000,0.000,0.000,0.000,0.000,0.000,0.000,0.000,0.000,0.000,0.000,0.000,0.000,0.000,0.000,4.770,0.111,0.000,0.000]
  Iter 201: LB=-59.133428  UB=17.096765  gap=4.46e+00
  Cut: intercept=-1123.617750, π_x_range=[-822.2544, 576.9206]

=== True-DRO Benders iter 202 ===
  OMP: t₀=-59.096593, UB=17.096765, gap=4.46e+00, x=[0, 0, 0, 0, 0, 0, 0, 0, 0, 0, 0, 0, 0, 0, 0, 0, 0, 0, 0, 1, 0, 0, 1, 0, 0, 0, 0, 0, 0, 0, 0, 0, 0, 0, 0, 0] (1.217s)
  Sub: Z₀=21.275916 [LOCAL] (0.2s), α=[0.000,0.000,4.171,0.000,0.000,0.061,0.000,0.000,0.000,0.000,0.000,0.000,0.000,1.685,0.000,0.000,0.000,0.000,0.000,0.000,0.000,0.000,0.741,0.000,0.000,0.000,0.000,0.000,0.000,0.000,0.000,0.000,2.379,0.908,0.000,0.000]
  Iter 202: LB=-59.096593  UB=17.096765  gap=4.46e+00
  Cut: intercept=-1120.768216, π_x_range=[-823.0452, 579.7327]

=== True-DRO Benders iter 203 ===
  OMP: t₀=-58.630461, UB=17.096765, gap=4.43e+00, x=[0, 0, 0, 0, 0, 0, 0, 0, 0, 0, 0, 0, 0, 0, 0, 0, 0, 0, 0, 0, 0, 0, 1, 0, 0, 0, 1, 0, 0, 0, 0, 0, 0, 0, 0, 0] (1.289s)
  Sub: Z₀=21.275916 [LOCAL] (0.3s), α=[0.000,0.000,4.171,0.000,0.000,0.053,0.000,0.000,0.000,0.000,0.000,0.000,0.000,1.699,0.000,0.000,0.000,0.000,0.000,0.000,0.000,0.000,0.735,0.000,0.000,0.000,0.000,0.000,0.000,0.000,0.000,0.000,2.388,0.899,0.000,0.000]
  Iter 203: LB=-58.630461  UB=17.096765  gap=4.43e+00
  Cut: intercept=-1127.096858, π_x_range=[-823.2707, 586.0785]

=== True-DRO Benders iter 204 ===
  OMP: t₀=-58.263898, UB=17.096765, gap=4.41e+00, x=[0, 0, 0, 0, 0, 0, 0, 0, 1, 0, 0, 0, 0, 0, 0, 0, 0, 0, 0, 0, 0, 0, 1, 0, 0, 0, 0, 0, 0, 0, 0, 0, 0, 0, 0, 0] (1.253s)
  Sub: Z₀=21.242294 [LOCAL] (0.3s), α=[0.000,0.000,4.080,0.000,0.000,1.156,0.000,0.000,0.000,0.000,0.000,0.000,0.000,0.000,0.000,0.000,0.000,0.000,0.000,0.000,0.000,0.000,1.513,0.000,0.000,0.000,0.000,0.000,0.000,0.000,0.000,0.000,0.778,2.418,0.000,0.000]
  Iter 204: LB=-58.263898  UB=17.096765  gap=4.41e+00
  Cut: intercept=-1123.008093, π_x_range=[-822.7986, 582.1362]

=== True-DRO Benders iter 205 ===
  OMP: t₀=-58.194125, UB=17.096765, gap=4.40e+00, x=[1, 0, 0, 0, 0, 0, 0, 0, 0, 0, 0, 0, 0, 0, 0, 0, 0, 0, 0, 0, 0, 0, 0, 0, 1, 0, 0, 0, 0, 0, 0, 0, 0, 0, 0, 0] (1.201s)
  Sub: Z₀=20.184096 [TIME_LIMIT] (15.1s), α=[0.000,0.000,0.549,0.000,0.000,0.000,0.048,0.000,0.000,0.061,0.000,0.000,0.000,0.000,0.000,0.000,0.000,4.650,0.000,0.000,0.000,0.000,0.000,0.000,1.698,0.000,0.000,0.426,0.000,0.000,0.000,0.000,0.565,1.946,0.000,0.000]
  Iter 205: LB=-58.194125  UB=17.096765  gap=4.40e+00
  Cut: intercept=-55.280490, π_x_range=[-198.0000, 63.3571]

=== True-DRO Benders iter 206 ===
  OMP: t₀=-57.818154, UB=17.096765, gap=4.38e+00, x=[0, 0, 0, 0, 0, 0, 0, 0, 0, 0, 1, 0, 0, 0, 0, 0, 0, 0, 0, 0, 0, 0, 1, 0, 0, 0, 0, 0, 0, 0, 0, 0, 0, 0, 0, 0] (1.344s)
  Sub: Z₀=21.275916 [LOCAL] (0.3s), α=[0.000,0.000,4.171,0.000,0.000,0.060,0.000,0.000,0.000,0.000,0.000,0.000,0.000,1.665,0.000,0.000,0.000,0.000,0.000,0.000,0.000,0.000,0.760,0.000,0.000,0.000,0.000,0.000,0.000,0.000,0.000,0.000,2.358,0.929,0.000,0.000]
  Iter 206: LB=-57.818154  UB=17.096765  gap=4.38e+00
  Cut: intercept=-1105.940310, π_x_range=[-823.0312, 564.9784]

=== True-DRO Benders iter 207 ===
  OMP: t₀=-57.506562, UB=17.096765, gap=4.36e+00, x=[1, 0, 0, 0, 0, 0, 0, 0, 0, 0, 0, 0, 0, 0, 0, 0, 0, 0, 0, 0, 0, 0, 1, 0, 0, 0, 0, 0, 0, 0, 0, 0, 0, 0, 0, 0] (1.313s)
  Sub: Z₀=21.275916 [LOCAL] (0.3s), α=[0.000,0.000,4.171,0.000,0.000,0.055,0.000,0.000,0.000,0.000,0.000,0.000,0.000,1.683,0.000,0.000,0.000,0.000,0.000,0.000,0.000,0.000,0.748,0.000,0.000,0.000,0.000,0.000,0.000,0.000,0.000,0.000,2.374,0.913,0.000,0.000]
  Iter 207: LB=-57.506562  UB=17.096765  gap=4.36e+00
  Cut: intercept=-1127.377900, π_x_range=[-822.7330, 586.3447]

=== True-DRO Benders iter 208 ===
  OMP: t₀=-57.506549, UB=17.096765, gap=4.36e+00, x=[0, 1, 0, 0, 0, 0, 0, 0, 0, 0, 0, 0, 0, 0, 0, 0, 0, 0, 0, 0, 0, 0, 1, 0, 0, 0, 0, 0, 0, 0, 0, 0, 0, 0, 0, 0] (1.290s)
  Sub: Z₀=21.275916 [LOCAL] (0.3s), α=[0.000,0.000,4.171,0.000,0.000,0.062,0.000,0.000,0.000,0.000,0.000,0.000,0.000,1.650,0.000,0.000,0.000,0.000,0.000,0.000,0.000,0.000,0.774,0.000,0.000,0.000,0.000,0.000,0.000,0.000,0.000,0.000,2.339,0.948,0.000,0.000]
  Iter 208: LB=-57.506549  UB=17.096765  gap=4.36e+00
  Cut: intercept=-1110.385596, π_x_range=[-821.5150, 569.3442]

=== True-DRO Benders iter 209 ===
  OMP: t₀=-57.506543, UB=17.096765, gap=4.36e+00, x=[0, 0, 0, 1, 0, 0, 0, 0, 0, 0, 0, 0, 0, 0, 0, 0, 0, 0, 0, 0, 0, 0, 1, 0, 0, 0, 0, 0, 0, 0, 0, 0, 0, 0, 0, 0] (1.308s)
  Sub: Z₀=21.275916 [LOCAL] (0.3s), α=[0.000,0.000,4.171,0.000,0.000,0.067,0.000,0.000,0.000,0.000,0.000,0.000,0.000,1.652,0.000,0.000,0.000,0.000,0.000,0.000,0.000,0.000,0.767,0.000,0.000,0.000,0.000,0.000,0.000,0.000,0.000,0.000,2.466,0.821,0.000,0.000]
  Iter 209: LB=-57.506543  UB=17.096765  gap=4.36e+00
  Cut: intercept=-1118.971040, π_x_range=[-823.0838, 577.9335]

=== True-DRO Benders iter 210 ===
  OMP: t₀=-57.506389, UB=17.096765, gap=4.36e+00, x=[0, 0, 0, 0, 0, 0, 0, 0, 0, 0, 0, 0, 0, 0, 0, 0, 0, 0, 0, 0, 0, 0, 1, 0, 0, 0, 0, 0, 0, 0, 0, 0, 0, 0, 1, 0] (1.272s)
  Sub: Z₀=21.275919 [TIME_LIMIT] (15.2s), α=[0.000,0.000,4.171,0.000,0.000,0.081,0.000,0.000,0.000,0.000,0.000,0.000,0.000,1.627,0.000,0.000,0.000,0.000,0.000,0.000,0.000,0.000,0.779,0.000,0.000,0.000,0.000,0.000,0.000,0.000,0.000,0.000,2.376,0.911,0.000,0.000]
  Iter 210: LB=-57.506389  UB=17.096765  gap=4.36e+00
  Cut: intercept=-70.060863, π_x_range=[-253.0000, 62.5078]

=== True-DRO Benders iter 211 ===
  OMP: t₀=-57.506354, UB=17.096765, gap=4.36e+00, x=[0, 0, 0, 0, 0, 0, 0, 0, 0, 0, 0, 0, 0, 0, 0, 0, 0, 0, 0, 0, 0, 0, 1, 1, 0, 0, 0, 0, 0, 0, 0, 0, 0, 0, 0, 0] (1.295s)
  Sub: Z₀=21.275916 [LOCAL] (0.3s), α=[0.000,0.000,4.171,0.000,0.000,0.062,0.000,0.000,0.000,0.000,0.000,0.000,0.000,1.657,0.000,0.000,0.000,0.000,0.000,0.000,0.000,0.000,0.767,0.000,0.000,0.000,0.000,0.000,0.000,0.000,0.000,0.000,2.380,0.907,0.000,0.000]
  Iter 211: LB=-57.506354  UB=17.096765  gap=4.36e+00
  Cut: intercept=-1120.496305, π_x_range=[-823.0563, 579.4604]

=== True-DRO Benders iter 212 ===
  OMP: t₀=-57.506343, UB=17.096765, gap=4.36e+00, x=[0, 0, 0, 0, 0, 0, 0, 0, 0, 0, 0, 0, 0, 0, 0, 0, 0, 0, 0, 0, 0, 0, 1, 0, 0, 0, 0, 0, 0, 0, 0, 0, 0, 0, 0, 1] (1.327s)
  Sub: Z₀=21.275916 [LOCAL] (0.3s), α=[0.000,0.000,4.171,0.000,0.000,0.060,0.000,0.000,0.000,0.000,0.000,0.000,0.000,1.658,0.000,0.000,0.000,0.000,0.000,0.000,0.000,0.000,0.768,0.000,0.000,0.000,0.000,0.000,0.000,0.000,0.000,0.000,2.347,0.940,0.000,0.000]
  Iter 212: LB=-57.506343  UB=17.096765  gap=4.36e+00
  Cut: intercept=-1116.582913, π_x_range=[-823.0175, 575.5457]

=== True-DRO Benders iter 213 ===
  OMP: t₀=-57.506350, UB=17.096765, gap=4.36e+00, x=[0, 0, 0, 0, 0, 0, 0, 0, 0, 0, 0, 0, 0, 0, 1, 0, 0, 0, 0, 0, 0, 0, 1, 0, 0, 0, 0, 0, 0, 0, 0, 0, 0, 0, 0, 0] (1.247s)
  Sub: Z₀=21.275916 [LOCAL] (0.3s), α=[0.000,0.000,4.171,0.000,0.000,0.060,0.000,0.000,0.000,0.000,0.000,0.000,0.000,1.659,0.000,0.000,0.000,0.000,0.000,0.000,0.000,0.000,0.767,0.000,0.000,0.000,0.000,0.000,0.000,0.000,0.000,0.000,2.337,0.950,0.000,0.000]
  Iter 213: LB=-57.506350  UB=17.096765  gap=4.36e+00
  Cut: intercept=-1109.519371, π_x_range=[-823.0631, 568.4916]

=== True-DRO Benders iter 214 ===
  OMP: t₀=-57.506346, UB=17.096765, gap=4.36e+00, x=[0, 0, 0, 0, 0, 0, 0, 1, 0, 0, 0, 0, 0, 0, 0, 0, 0, 0, 0, 0, 0, 0, 1, 0, 0, 0, 0, 0, 0, 0, 0, 0, 0, 0, 0, 0] (1.240s)
  Sub: Z₀=21.275916 [LOCAL] (0.2s), α=[0.000,0.000,4.171,0.000,0.000,0.062,0.000,0.000,0.000,0.000,0.000,0.000,0.000,1.618,0.000,0.000,0.000,0.000,0.000,0.000,0.000,0.000,0.806,0.000,0.000,0.000,0.000,0.000,0.000,0.000,0.000,0.000,2.333,0.954,0.000,0.000]
  Iter 214: LB=-57.506346  UB=17.096765  gap=4.36e+00
  Cut: intercept=-1102.985146, π_x_range=[-823.0165, 562.2667]

=== True-DRO Benders iter 215 ===
  OMP: t₀=-57.505561, UB=17.096765, gap=4.36e+00, x=[0, 0, 0, 0, 0, 0, 0, 0, 0, 0, 0, 0, 0, 0, 0, 0, 0, 0, 0, 0, 1, 0, 1, 0, 0, 0, 0, 0, 0, 0, 0, 0, 0, 0, 0, 0] (1.241s)
  Sub: Z₀=21.275919 [TIME_LIMIT] (15.2s), α=[0.000,0.000,4.171,0.000,0.000,0.080,0.000,0.000,0.000,0.000,0.000,0.000,0.000,1.562,0.000,0.000,0.000,0.000,0.000,0.000,0.000,0.000,0.844,0.000,0.000,0.000,0.000,0.000,0.000,0.000,0.000,0.000,2.299,0.988,0.000,0.000]
  Iter 215: LB=-57.505561  UB=17.096765  gap=4.36e+00
  Cut: intercept=-102.133990, π_x_range=[-253.0000, 62.4845]

=== True-DRO Benders iter 216 ===
  OMP: t₀=-57.248136, UB=17.096765, gap=4.35e+00, x=[0, 0, 0, 0, 0, 0, 0, 0, 0, 0, 0, 0, 0, 1, 0, 0, 0, 0, 1, 0, 0, 0, 0, 0, 0, 0, 0, 0, 0, 0, 0, 0, 0, 0, 0, 0] (1.391s)
  Sub: Z₀=21.801551 [LOCAL] (0.3s), α=[0.000,0.000,5.039,0.000,0.000,0.000,0.000,0.000,0.000,0.000,0.000,0.000,0.000,0.000,0.000,0.000,0.000,0.000,0.000,0.000,0.000,0.000,0.000,0.000,0.000,0.000,0.000,0.000,0.000,1.059,0.000,0.000,0.000,3.846,0.000,0.000]
  Iter 216: LB=-57.248136  UB=17.096765  gap=4.35e+00
  Cut: intercept=-1141.340635, π_x_range=[-824.4269, 590.7202]

=== True-DRO Benders iter 217 ===
  OMP: t₀=-57.136878, UB=17.096765, gap=4.34e+00, x=[0, 0, 0, 0, 0, 0, 0, 0, 0, 0, 0, 0, 0, 0, 0, 0, 0, 0, 0, 0, 0, 1, 0, 0, 0, 0, 0, 0, 1, 0, 0, 0, 0, 0, 0, 0] (1.178s)
  Sub: Z₀=21.412046 [LOCAL] (0.2s), α=[0.000,0.000,5.113,0.000,0.000,0.000,0.000,0.000,0.000,0.000,0.000,0.000,0.000,0.000,0.000,0.000,0.000,0.000,0.000,0.000,0.000,0.000,0.000,0.000,0.000,0.000,0.000,0.000,0.000,0.123,0.496,0.000,4.120,0.092,0.000,0.000]
  Iter 217: LB=-57.136878  UB=17.096765  gap=4.34e+00
  Cut: intercept=-1107.259240, π_x_range=[-823.5146, 569.9342]

=== True-DRO Benders iter 218 ===
  OMP: t₀=-56.817546, UB=17.096765, gap=4.32e+00, x=[0, 0, 0, 0, 0, 0, 0, 0, 0, 0, 0, 0, 0, 0, 0, 0, 0, 0, 0, 0, 0, 0, 0, 0, 1, 0, 0, 0, 0, 0, 0, 0, 0, 0, 0, 1] (1.225s)
  Sub: Z₀=20.184095 [LOCAL] (0.3s), α=[0.000,0.000,0.490,0.000,0.000,0.000,0.036,0.000,0.000,0.047,0.000,0.000,0.000,0.000,0.000,0.000,0.000,4.709,0.000,0.000,0.000,0.000,0.000,0.000,1.651,0.000,0.000,0.500,0.000,0.000,0.000,0.000,0.375,2.137,0.000,0.000]
  Iter 218: LB=-56.817546  UB=17.096765  gap=4.32e+00
  Cut: intercept=-1101.066278, π_x_range=[-823.0628, 578.1074]

=== True-DRO Benders iter 219 ===
  OMP: t₀=-56.487215, UB=17.096765, gap=4.30e+00, x=[0, 0, 0, 0, 0, 0, 0, 0, 0, 0, 0, 0, 0, 0, 0, 0, 0, 0, 0, 0, 0, 1, 0, 0, 0, 0, 0, 0, 0, 0, 1, 0, 0, 0, 0, 0] (1.242s)
  Sub: Z₀=21.539635 [LOCAL] (0.3s), α=[0.000,0.000,4.643,0.000,0.000,0.000,0.000,0.000,0.000,0.000,0.000,0.000,0.000,0.000,0.000,0.000,0.000,0.421,0.000,0.000,0.000,0.000,0.000,0.000,0.000,0.000,0.000,0.000,0.000,0.000,0.000,0.000,4.880,0.001,0.000,0.000]
  Iter 219: LB=-56.487215  UB=17.096765  gap=4.30e+00
  Cut: intercept=-1136.639784, π_x_range=[-821.6637, 590.3618]

=== True-DRO Benders iter 220 ===
  OMP: t₀=-56.307199, UB=17.096765, gap=4.29e+00, x=[0, 0, 0, 0, 0, 0, 1, 0, 0, 0, 0, 0, 0, 0, 0, 0, 0, 0, 1, 0, 0, 0, 0, 0, 0, 0, 0, 0, 0, 0, 0, 0, 0, 0, 0, 0] (1.246s)
  Sub: Z₀=21.769078 [TIME_LIMIT] (15.2s), α=[0.000,0.000,5.701,0.000,0.000,0.000,0.000,0.000,0.000,0.000,0.000,0.000,0.000,0.000,0.000,0.000,0.000,0.000,0.000,0.000,0.000,0.000,0.000,0.000,0.000,0.000,0.000,0.000,0.000,1.429,0.000,0.000,0.000,2.814,0.000,0.000]
  Iter 220: LB=-56.307199  UB=17.096765  gap=4.29e+00
  Cut: intercept=-69.770079, π_x_range=[-238.0000, 69.2632]

=== True-DRO Benders iter 221 ===
  OMP: t₀=-54.417502, UB=17.096765, gap=4.18e+00, x=[0, 0, 0, 0, 0, 0, 1, 0, 0, 0, 0, 0, 0, 1, 0, 0, 0, 0, 0, 0, 0, 0, 0, 0, 0, 0, 0, 0, 0, 0, 0, 0, 0, 0, 0, 0] (1.192s)
  Sub: Z₀=22.212655 [LOCAL] (0.2s), α=[0.000,0.000,2.881,0.000,0.000,0.000,0.000,0.000,0.000,0.000,0.000,0.000,0.000,0.000,0.000,0.000,0.000,2.542,0.000,0.000,0.000,0.000,0.000,0.000,0.000,0.000,0.000,0.000,0.000,0.000,0.000,0.000,0.017,4.505,0.000,0.000]
  Iter 221: LB=-54.417502  UB=17.096765  gap=4.18e+00
  Cut: intercept=-1144.340756, π_x_range=[-824.1517, 586.4797]

=== True-DRO Benders iter 222 ===
  OMP: t₀=-54.037468, UB=17.096765, gap=4.16e+00, x=[0, 0, 1, 0, 0, 0, 0, 0, 0, 0, 0, 0, 0, 0, 0, 0, 0, 0, 0, 0, 0, 0, 0, 0, 0, 0, 0, 0, 0, 0, 0, 0, 1, 0, 0, 0] (1.458s)
  Sub: Z₀=14.827724 [LOCAL] (0.1s), α=[0.000,0.000,6.382,0.000,0.000,0.000,0.000,0.000,0.000,0.000,0.000,0.000,0.000,0.000,0.000,0.000,0.000,0.000,0.000,0.000,0.000,0.000,0.000,0.000,0.000,0.000,0.000,0.000,0.000,0.000,0.000,0.000,3.249,0.314,0.000,0.000]
  Iter 222: LB=-54.037468  UB=17.096765  gap=4.16e+00
  Cut: intercept=-1147.929570, π_x_range=[-820.8960, 585.6189]

=== True-DRO Benders iter 223 ===
  OMP: t₀=-53.842945, UB=17.096765, gap=4.15e+00, x=[0, 0, 0, 0, 0, 0, 0, 0, 0, 0, 0, 0, 0, 0, 0, 0, 0, 0, 0, 1, 0, 1, 0, 0, 0, 0, 0, 0, 0, 0, 0, 0, 0, 0, 0, 0] (1.188s)
  Sub: Z₀=21.878041 [LOCAL] (0.3s), α=[0.000,0.000,4.525,0.000,0.000,0.000,0.000,0.000,0.000,0.000,0.000,0.000,0.000,0.000,0.000,0.000,0.000,0.538,0.000,0.000,0.000,0.000,0.000,0.000,0.000,0.000,0.000,0.000,0.000,0.000,0.000,0.000,4.712,0.169,0.000,0.000]
  Iter 223: LB=-53.842945  UB=17.096765  gap=4.15e+00
  Cut: intercept=-1124.178936, π_x_range=[-821.6722, 578.1867]

=== True-DRO Benders iter 224 ===
  OMP: t₀=-53.662717, UB=17.096765, gap=4.14e+00, x=[0, 0, 0, 0, 0, 0, 0, 0, 0, 0, 0, 0, 0, 0, 0, 0, 1, 0, 0, 0, 0, 0, 1, 0, 0, 0, 0, 0, 0, 0, 0, 0, 0, 0, 0, 0] (1.215s)
  Sub: Z₀=21.275916 [LOCAL] (0.3s), α=[0.000,0.000,4.171,0.000,0.000,0.060,0.000,0.000,0.000,0.000,0.000,0.000,0.000,1.668,0.000,0.000,0.000,0.000,0.000,0.000,0.000,0.000,0.758,0.000,0.000,0.000,0.000,0.000,0.000,0.000,0.000,0.000,2.366,0.921,0.000,0.000]
  Iter 224: LB=-53.662717  UB=17.096765  gap=4.14e+00
  Cut: intercept=-1126.279173, π_x_range=[-823.0531, 585.4133]

=== True-DRO Benders iter 225 ===
  OMP: t₀=-53.446966, UB=17.096765, gap=4.13e+00, x=[0, 0, 0, 0, 0, 0, 0, 0, 0, 0, 0, 0, 0, 0, 0, 0, 0, 0, 0, 0, 0, 0, 0, 0, 0, 0, 0, 0, 1, 0, 0, 0, 1, 0, 0, 0] (1.351s)
  Sub: Z₀=18.915452 [TIME_LIMIT] (15.1s), α=[0.000,0.000,2.169,0.000,0.000,0.000,0.000,0.000,0.000,0.000,0.000,0.000,0.000,0.000,0.000,0.000,0.000,0.000,0.000,0.000,0.000,0.000,0.000,0.000,0.000,0.000,0.000,0.000,0.000,0.000,0.000,0.000,6.511,1.264,0.000,0.000]
  Iter 225: LB=-53.446966  UB=17.096765  gap=4.13e+00
  Cut: intercept=-58.939686, π_x_range=[-160.2054, 58.3892]

=== True-DRO Benders iter 226 ===
  OMP: t₀=-53.376813, UB=17.096765, gap=4.12e+00, x=[0, 0, 0, 0, 0, 0, 0, 0, 0, 0, 0, 0, 0, 0, 0, 0, 0, 0, 0, 0, 0, 1, 0, 0, 0, 0, 1, 0, 0, 0, 0, 0, 0, 0, 0, 0] (1.287s)
  Sub: Z₀=21.878041 [LOCAL] (0.3s), α=[0.000,0.000,4.590,0.000,0.000,0.000,0.000,0.000,0.000,0.000,0.000,0.000,0.000,0.000,0.000,0.000,0.000,0.474,0.000,0.000,0.000,0.000,0.000,0.000,0.000,0.000,0.000,0.000,0.000,0.000,0.000,0.000,4.634,0.247,0.000,0.000]
  Iter 226: LB=-53.376813  UB=17.096765  gap=4.12e+00
  Cut: intercept=-1132.334644, π_x_range=[-822.0663, 586.3400]

=== True-DRO Benders iter 227 ===
  OMP: t₀=-53.010250, UB=17.096765, gap=4.10e+00, x=[0, 0, 0, 0, 0, 0, 0, 0, 1, 0, 0, 0, 0, 0, 0, 0, 0, 0, 0, 0, 0, 1, 0, 0, 0, 0, 0, 0, 0, 0, 0, 0, 0, 0, 0, 0] (1.274s)
  Sub: Z₀=21.815656 [LOCAL] (0.3s), α=[0.000,0.000,4.782,0.000,0.000,0.000,0.000,0.000,0.000,0.000,0.000,0.000,0.000,0.000,0.000,0.000,0.000,0.000,0.000,0.000,0.000,0.000,0.000,0.000,0.000,0.000,0.000,0.000,0.000,0.332,0.949,0.000,3.308,0.573,0.000,0.000]
  Iter 227: LB=-53.010250  UB=17.096765  gap=4.10e+00
  Cut: intercept=-1128.400334, π_x_range=[-822.7083, 581.3480]

=== True-DRO Benders iter 228 ===
  OMP: t₀=-52.564506, UB=17.096765, gap=4.07e+00, x=[0, 0, 0, 0, 0, 0, 0, 0, 0, 0, 1, 0, 0, 0, 0, 0, 0, 0, 0, 0, 0, 1, 0, 0, 0, 0, 0, 0, 0, 0, 0, 0, 0, 0, 0, 0] (1.262s)
  Sub: Z₀=21.878041 [LOCAL] (0.3s), α=[0.000,0.000,4.486,0.000,0.000,0.000,0.000,0.000,0.000,0.000,0.000,0.000,0.000,0.000,0.000,0.000,0.000,0.577,0.000,0.000,0.000,0.000,0.000,0.000,0.000,0.000,0.000,0.000,0.000,0.000,0.000,0.000,4.662,0.220,0.000,0.000]
  Iter 228: LB=-52.564506  UB=17.096765  gap=4.07e+00
  Cut: intercept=-1111.066556, π_x_range=[-821.6735, 567.8752]

=== True-DRO Benders iter 229 ===
  OMP: t₀=-52.523901, UB=17.096765, gap=4.07e+00, x=[0, 0, 0, 0, 0, 0, 0, 0, 0, 0, 0, 0, 0, 0, 0, 0, 1, 0, 0, 0, 0, 1, 0, 0, 0, 0, 0, 0, 0, 0, 0, 0, 0, 0, 0, 0] (1.176s)
  Sub: Z₀=21.878041 [LOCAL] (0.3s), α=[0.000,0.000,4.148,0.000,0.000,0.000,0.000,0.000,0.000,0.000,0.000,0.000,0.000,0.000,0.000,0.000,0.000,0.915,0.000,0.000,0.000,0.000,0.000,0.000,0.000,0.000,0.000,0.000,0.000,0.000,0.000,0.000,4.646,0.235,0.000,0.000]
  Iter 229: LB=-52.523901  UB=17.096765  gap=4.07e+00
  Cut: intercept=-1130.020505, π_x_range=[-821.4632, 584.0210]

=== True-DRO Benders iter 230 ===
  OMP: t₀=-52.252914, UB=17.096765, gap=4.06e+00, x=[1, 0, 0, 0, 0, 0, 0, 0, 0, 0, 0, 0, 0, 0, 0, 0, 0, 0, 0, 0, 0, 1, 0, 0, 0, 0, 0, 0, 0, 0, 0, 0, 0, 0, 0, 0] (1.228s)
  Sub: Z₀=21.878043 [TIME_LIMIT] (15.2s), α=[0.000,0.000,4.596,0.000,0.000,0.000,0.000,0.000,0.000,0.000,0.000,0.000,0.000,0.000,0.000,0.000,0.000,0.467,0.000,0.000,0.000,0.000,0.000,0.000,0.000,0.000,0.000,0.000,0.000,0.000,0.000,0.000,4.635,0.246,0.000,0.000]
  Iter 230: LB=-52.252914  UB=17.096765  gap=4.06e+00
  Cut: intercept=-25.061297, π_x_range=[-223.0000, 35.2362]

=== True-DRO Benders iter 231 ===
  OMP: t₀=-52.252902, UB=17.096765, gap=4.06e+00, x=[0, 1, 0, 0, 0, 0, 0, 0, 0, 0, 0, 0, 0, 0, 0, 0, 0, 0, 0, 0, 0, 1, 0, 0, 0, 0, 0, 0, 0, 0, 0, 0, 0, 0, 0, 0] (1.447s)
  Sub: Z₀=21.878041 [LOCAL] (0.3s), α=[0.000,0.000,4.647,0.000,0.000,0.000,0.000,0.000,0.000,0.000,0.000,0.000,0.000,0.000,0.000,0.000,0.000,0.416,0.000,0.000,0.000,0.000,0.000,0.000,0.000,0.000,0.000,0.000,0.000,0.000,0.000,0.000,4.640,0.241,0.000,0.000]
  Iter 231: LB=-52.252902  UB=17.096765  gap=4.06e+00
  Cut: intercept=-1114.738927, π_x_range=[-820.5330, 568.7352]

=== True-DRO Benders iter 232 ===
  OMP: t₀=-52.252896, UB=17.096765, gap=4.06e+00, x=[0, 0, 0, 1, 0, 0, 0, 0, 0, 0, 0, 0, 0, 0, 0, 0, 0, 0, 0, 0, 0, 1, 0, 0, 0, 0, 0, 0, 0, 0, 0, 0, 0, 0, 0, 0] (1.323s)
  Sub: Z₀=21.878041 [LOCAL] (0.4s), α=[0.000,0.000,4.632,0.000,0.000,0.000,0.000,0.000,0.000,0.000,0.000,0.000,0.000,0.000,0.000,0.000,0.000,0.432,0.000,0.000,0.000,0.000,0.000,0.000,0.000,0.000,0.000,0.000,0.000,0.000,0.000,0.000,4.694,0.188,0.000,0.000]
  Iter 232: LB=-52.252896  UB=17.096765  gap=4.06e+00
  Cut: intercept=-1123.826267, π_x_range=[-821.8357, 577.8841]

=== True-DRO Benders iter 233 ===
  OMP: t₀=-52.252802, UB=17.096765, gap=4.06e+00, x=[0, 0, 0, 0, 0, 0, 0, 0, 0, 0, 0, 0, 0, 0, 0, 0, 0, 0, 0, 0, 0, 1, 0, 0, 0, 0, 0, 0, 0, 0, 0, 1, 0, 0, 0, 0] (1.372s)
  Sub: Z₀=21.878041 [LOCAL] (0.3s), α=[0.000,0.000,4.601,0.000,0.000,0.000,0.000,0.000,0.000,0.000,0.000,0.000,0.000,0.000,0.000,0.000,0.000,0.462,0.000,0.000,0.000,0.000,0.000,0.000,0.000,0.000,0.000,0.000,0.000,0.000,0.000,0.000,4.618,0.263,0.000,0.000]
  Iter 233: LB=-52.252802  UB=17.096765  gap=4.06e+00
  Cut: intercept=-1095.375450, π_x_range=[-821.7872, 567.8862]

=== True-DRO Benders iter 234 ===
  OMP: t₀=-52.252764, UB=17.096765, gap=4.06e+00, x=[0, 0, 0, 0, 0, 0, 0, 0, 0, 0, 0, 0, 0, 0, 0, 1, 0, 0, 0, 0, 0, 1, 0, 0, 0, 0, 0, 0, 0, 0, 0, 0, 0, 0, 0, 0] (1.375s)
  Sub: Z₀=21.878041 [LOCAL] (0.3s), α=[0.000,0.000,4.510,0.000,0.000,0.000,0.000,0.000,0.000,0.000,0.000,0.000,0.000,0.000,0.000,0.000,0.000,0.553,0.000,0.000,0.000,0.000,0.000,0.000,0.000,0.000,0.000,0.000,0.000,0.000,0.000,0.000,4.593,0.288,0.000,0.000]
  Iter 234: LB=-52.252764  UB=17.096765  gap=4.06e+00
  Cut: intercept=-1080.976421, π_x_range=[-821.7088, 567.8887]

=== True-DRO Benders iter 235 ===
  OMP: t₀=-52.252751, UB=17.096765, gap=4.06e+00, x=[0, 0, 0, 0, 1, 0, 0, 0, 0, 0, 0, 0, 0, 0, 0, 0, 0, 0, 0, 0, 0, 1, 0, 0, 0, 0, 0, 0, 0, 0, 0, 0, 0, 0, 0, 0] (1.325s)
  Sub: Z₀=21.878043 [TIME_LIMIT] (15.2s), α=[0.000,0.000,4.594,0.000,0.000,0.000,0.000,0.000,0.000,0.000,0.000,0.000,0.000,0.000,0.000,0.000,0.000,0.469,0.000,0.000,0.000,0.000,0.000,0.000,0.000,0.000,0.000,0.000,0.000,0.000,0.000,0.000,4.501,0.381,0.000,0.000]
  Iter 235: LB=-52.252751  UB=17.096765  gap=4.06e+00
  Cut: intercept=-67.778145, π_x_range=[-253.0000, 54.4368]

=== True-DRO Benders iter 236 ===
  OMP: t₀=-52.252741, UB=17.096765, gap=4.06e+00, x=[0, 0, 0, 0, 0, 0, 0, 0, 0, 0, 0, 0, 0, 0, 0, 0, 0, 0, 0, 0, 0, 1, 0, 0, 0, 0, 0, 0, 0, 0, 0, 0, 0, 0, 1, 0] (1.348s)
  Sub: Z₀=21.878041 [LOCAL] (0.3s), α=[0.000,0.000,4.536,0.000,0.000,0.000,0.000,0.000,0.000,0.000,0.000,0.000,0.000,0.000,0.000,0.000,0.000,0.527,0.000,0.000,0.000,0.000,0.000,0.000,0.000,0.000,0.000,0.000,0.000,0.000,0.000,0.000,4.618,0.263,0.000,0.000]
  Iter 236: LB=-52.252741  UB=17.096765  gap=4.06e+00
  Cut: intercept=-1116.955204, π_x_range=[-821.8028, 570.9540]

=== True-DRO Benders iter 237 ===
  OMP: t₀=-52.252713, UB=17.096765, gap=4.06e+00, x=[0, 0, 0, 0, 0, 0, 0, 0, 0, 0, 0, 0, 0, 0, 0, 0, 0, 0, 0, 0, 0, 1, 0, 0, 0, 1, 0, 0, 0, 0, 0, 0, 0, 0, 0, 0] (1.303s)
  Sub: Z₀=21.878041 [LOCAL] (0.3s), α=[0.000,0.000,4.613,0.000,0.000,0.000,0.000,0.000,0.000,0.000,0.000,0.000,0.000,0.000,0.000,0.000,0.000,0.450,0.000,0.000,0.000,0.000,0.000,0.000,0.000,0.000,0.000,0.000,0.000,0.000,0.000,0.000,4.646,0.235,0.000,0.000]
  Iter 237: LB=-52.252713  UB=17.096765  gap=4.06e+00
  Cut: intercept=-1076.343960, π_x_range=[-821.8507, 567.8949]

=== True-DRO Benders iter 238 ===
  OMP: t₀=-52.252707, UB=17.096765, gap=4.06e+00, x=[0, 0, 0, 0, 0, 0, 0, 0, 0, 0, 0, 0, 0, 0, 0, 0, 0, 0, 0, 0, 0, 1, 0, 1, 0, 0, 0, 0, 0, 0, 0, 0, 0, 0, 0, 0] (1.309s)
  Sub: Z₀=21.878041 [LOCAL] (0.3s), α=[0.000,0.000,4.633,0.000,0.000,0.000,0.000,0.000,0.000,0.000,0.000,0.000,0.000,0.000,0.000,0.000,0.000,0.430,0.000,0.000,0.000,0.000,0.000,0.000,0.000,0.000,0.000,0.000,0.000,0.000,0.000,0.000,4.690,0.192,0.000,0.000]
  Iter 238: LB=-52.252707  UB=17.096765  gap=4.06e+00
  Cut: intercept=-1126.705060, π_x_range=[-821.8269, 580.7119]

=== True-DRO Benders iter 239 ===
  OMP: t₀=-52.252703, UB=17.096765, gap=4.06e+00, x=[0, 0, 0, 0, 0, 0, 0, 0, 0, 0, 0, 1, 0, 0, 0, 0, 0, 0, 0, 0, 0, 1, 0, 0, 0, 0, 0, 0, 0, 0, 0, 0, 0, 0, 0, 0] (1.278s)
  Sub: Z₀=21.878041 [LOCAL] (0.3s), α=[0.000,0.000,4.591,0.000,0.000,0.000,0.000,0.000,0.000,0.000,0.000,0.000,0.000,0.000,0.000,0.000,0.000,0.472,0.000,0.000,0.000,0.000,0.000,0.000,0.000,0.000,0.000,0.000,0.000,0.000,0.000,0.000,4.598,0.283,0.000,0.000]
  Iter 239: LB=-52.252703  UB=17.096765  gap=4.06e+00
  Cut: intercept=-1109.957192, π_x_range=[-821.7726, 567.8788]

=== True-DRO Benders iter 240 ===
  OMP: t₀=-52.252696, UB=17.096765, gap=4.06e+00, x=[0, 0, 0, 0, 0, 0, 0, 0, 0, 0, 0, 0, 0, 0, 0, 0, 0, 0, 0, 0, 0, 1, 0, 0, 0, 0, 0, 0, 0, 0, 0, 0, 0, 0, 0, 1] (1.221s)
  Sub: Z₀=21.878045 [TIME_LIMIT] (15.1s), α=[0.000,0.000,4.574,0.000,0.000,0.000,0.000,0.000,0.000,0.000,0.000,0.000,0.000,0.000,0.000,0.000,0.000,0.489,0.000,0.000,0.000,0.000,0.000,0.000,0.000,0.000,0.000,0.000,0.000,0.000,0.000,0.000,4.622,0.259,0.000,0.000]
  Iter 240: LB=-52.252696  UB=17.096765  gap=4.06e+00
  Cut: intercept=-33.295603, π_x_range=[-223.0000, 35.2362]

=== True-DRO Benders iter 241 ===
  OMP: t₀=-52.252703, UB=17.096765, gap=4.06e+00, x=[0, 0, 0, 0, 0, 0, 0, 0, 0, 0, 0, 0, 0, 0, 1, 0, 0, 0, 0, 0, 0, 1, 0, 0, 0, 0, 0, 0, 0, 0, 0, 0, 0, 0, 0, 0] (1.195s)
  Sub: Z₀=21.878041 [LOCAL] (0.3s), α=[0.000,0.000,4.593,0.000,0.000,0.000,0.000,0.000,0.000,0.000,0.000,0.000,0.000,0.000,0.000,0.000,0.000,0.470,0.000,0.000,0.000,0.000,0.000,0.000,0.000,0.000,0.000,0.000,0.000,0.000,0.000,0.000,4.594,0.287,0.000,0.000]
  Iter 241: LB=-52.252703  UB=17.096765  gap=4.06e+00
  Cut: intercept=-1114.912650, π_x_range=[-821.7771, 568.9110]

=== True-DRO Benders iter 242 ===
  OMP: t₀=-52.252699, UB=17.096765, gap=4.06e+00, x=[0, 0, 0, 0, 0, 0, 0, 1, 0, 0, 0, 0, 0, 0, 0, 0, 0, 0, 0, 0, 0, 1, 0, 0, 0, 0, 0, 0, 0, 0, 0, 0, 0, 0, 0, 0] (1.287s)
  Sub: Z₀=21.878041 [LOCAL] (0.3s), α=[0.000,0.000,4.620,0.000,0.000,0.000,0.000,0.000,0.000,0.000,0.000,0.000,0.000,0.000,0.000,0.000,0.000,0.443,0.000,0.000,0.000,0.000,0.000,0.000,0.000,0.000,0.000,0.000,0.000,0.000,0.000,0.000,4.651,0.230,0.000,0.000]
  Iter 242: LB=-52.252699  UB=17.096765  gap=4.06e+00
  Cut: intercept=-1108.953621, π_x_range=[-821.6772, 567.8804]

=== True-DRO Benders iter 243 ===
  OMP: t₀=-52.251913, UB=17.096765, gap=4.06e+00, x=[0, 0, 0, 0, 0, 0, 0, 0, 0, 0, 0, 0, 0, 0, 0, 0, 0, 0, 0, 0, 1, 1, 0, 0, 0, 0, 0, 0, 0, 0, 0, 0, 0, 0, 0, 0] (1.305s)
  Sub: Z₀=21.878041 [LOCAL] (0.4s), α=[0.000,0.000,4.588,0.000,0.000,0.000,0.000,0.000,0.000,0.000,0.000,0.000,0.000,0.000,0.000,0.000,0.000,0.475,0.000,0.000,0.000,0.000,0.000,0.000,0.000,0.000,0.000,0.000,0.000,0.000,0.000,0.000,4.592,0.290,0.000,0.000]
  Iter 243: LB=-52.251913  UB=17.096765  gap=4.06e+00
  Cut: intercept=-1095.904099, π_x_range=[-821.7678, 567.9003]

=== True-DRO Benders iter 244 ===
  OMP: t₀=-50.645218, UB=17.096765, gap=3.96e+00, x=[0, 0, 0, 0, 0, 0, 0, 0, 0, 0, 0, 0, 0, 0, 0, 0, 0, 0, 1, 0, 0, 0, 0, 0, 0, 0, 0, 0, 0, 1, 0, 0, 0, 0, 0, 0] (1.213s)
  Sub: Z₀=21.065622 [LOCAL] (0.3s), α=[0.000,0.000,5.209,0.000,0.000,0.000,0.000,0.000,0.000,0.000,0.000,0.000,0.000,0.000,0.000,0.000,0.000,0.000,0.000,0.000,0.000,0.000,0.000,0.000,0.000,0.000,0.000,0.000,0.000,0.409,0.000,0.000,1.229,3.097,0.000,0.000]
  Iter 244: LB=-50.645218  UB=17.096765  gap=3.96e+00
  Cut: intercept=-1152.443289, π_x_range=[-824.7400, 596.9930]

=== True-DRO Benders iter 245 ===
  OMP: t₀=-49.586601, UB=17.096765, gap=3.90e+00, x=[0, 0, 1, 0, 0, 0, 0, 0, 0, 0, 0, 0, 0, 0, 0, 0, 0, 0, 0, 0, 0, 0, 0, 0, 0, 0, 0, 0, 0, 0, 0, 0, 0, 1, 0, 0] (1.344s)
  Sub: Z₀=15.776859 (13.9s), α=[0.000,0.000,5.350,0.000,0.000,0.000,0.000,0.000,0.000,0.000,0.000,0.000,0.000,0.000,0.000,0.000,0.000,0.000,0.000,0.000,0.000,0.000,0.000,0.000,0.000,0.000,0.000,0.000,0.000,0.000,0.000,0.000,0.000,4.594,0.000,0.000]
  Iter 245: LB=-49.586601  UB=15.776859  gap=4.14e+00
  Cut: intercept=-77.923941, π_x_range=[-262.0000, 51.9794]
  Sherali-Cut: intercept=-59.415573, π_x_range=[-63.0598, 43.2329]

=== True-DRO Benders iter 246 ===
  OMP: t₀=-48.331300, UB=15.776859, gap=4.06e+00, x=[0, 0, 0, 0, 0, 0, 0, 0, 0, 0, 0, 0, 0, 0, 0, 0, 0, 0, 0, 0, 0, 0, 1, 0, 0, 0, 0, 0, 0, 0, 1, 0, 0, 0, 0, 0] (1.483s)
  Sub: Z₀=21.275916 [LOCAL] (0.4s), α=[0.000,0.000,4.171,0.000,0.000,0.093,0.000,0.000,0.000,0.000,0.000,0.000,0.000,2.318,0.000,0.000,0.000,0.000,0.000,0.000,0.000,0.000,0.075,0.000,0.000,0.000,0.000,0.000,0.000,0.000,0.000,0.000,2.854,0.433,0.000,0.000]
  Iter 246: LB=-48.331300  UB=15.776859  gap=4.06e+00
  Cut: intercept=-1134.008653, π_x_range=[-822.9028, 592.6077]

=== True-DRO Benders iter 247 ===
  OMP: t₀=-48.129175, UB=15.776859, gap=4.05e+00, x=[0, 1, 0, 0, 0, 0, 0, 0, 0, 0, 0, 0, 1, 0, 0, 0, 0, 0, 0, 0, 0, 0, 0, 0, 0, 0, 0, 0, 0, 0, 0, 0, 0, 0, 0, 0] (1.396s)
  Sub: Z₀=20.008574 [LOCAL] (0.2s), α=[0.000,0.000,2.990,0.000,0.000,0.000,0.000,0.000,0.000,0.000,0.000,0.000,1.720,0.518,0.000,0.000,0.000,0.000,0.000,0.000,0.000,0.000,0.000,0.000,0.000,0.000,0.000,0.000,0.000,0.000,0.000,0.000,0.000,4.716,0.000,0.000]
  Iter 247: LB=-48.129175  UB=15.776859  gap=4.05e+00
  Cut: intercept=-1127.303385, π_x_range=[-820.3978, 575.8819]

=== True-DRO Benders iter 248 ===
  OMP: t₀=-46.932318, UB=15.776859, gap=3.97e+00, x=[0, 0, 0, 0, 0, 0, 1, 0, 0, 0, 0, 0, 0, 0, 0, 0, 0, 0, 0, 0, 0, 0, 0, 0, 0, 0, 0, 0, 0, 1, 0, 0, 0, 0, 0, 0] (1.237s)
  Sub: Z₀=21.993545 [LOCAL] (0.2s), α=[0.000,0.000,3.594,0.000,0.000,0.011,0.000,0.000,0.000,0.000,0.000,0.000,0.000,0.028,0.000,0.000,0.000,1.616,0.000,0.000,0.000,0.000,0.000,0.000,0.000,0.000,0.000,0.000,0.000,0.271,0.101,0.000,1.133,3.192,0.000,0.000]
  Iter 248: LB=-46.932318  UB=15.776859  gap=3.97e+00
  Cut: intercept=-1149.667263, π_x_range=[-822.9277, 591.9987]

=== True-DRO Benders iter 249 ===
  OMP: t₀=-46.923371, UB=15.776859, gap=3.97e+00, x=[0, 0, 0, 0, 0, 0, 0, 0, 0, 0, 0, 0, 0, 0, 0, 0, 0, 0, 0, 0, 0, 0, 0, 0, 1, 0, 0, 0, 0, 0, 1, 0, 0, 0, 0, 0] (1.217s)
  Sub: Z₀=20.047646 [LOCAL] (0.2s), α=[0.000,0.000,0.000,0.000,0.000,0.000,0.048,0.000,0.000,0.000,0.000,0.000,0.000,0.000,0.000,0.000,0.000,4.474,0.000,0.000,0.000,0.000,0.000,0.000,2.392,0.000,0.000,0.000,0.000,0.000,0.000,0.000,1.058,1.972,0.000,0.000]
  Iter 249: LB=-46.923371  UB=15.776859  gap=3.97e+00
  Cut: intercept=-1118.557374, π_x_range=[-823.5048, 594.9895]

=== True-DRO Benders iter 250 ===
  OMP: t₀=-46.641556, UB=15.776859, gap=3.96e+00, x=[0, 0, 0, 0, 0, 0, 1, 0, 0, 0, 0, 0, 0, 0, 0, 0, 0, 0, 0, 1, 0, 0, 0, 0, 0, 0, 0, 0, 0, 0, 0, 0, 0, 0, 0, 0] (1.191s)
  Sub: Z₀=22.781307 [TIME_LIMIT] (15.1s), α=[0.000,0.000,5.548,0.000,0.000,0.000,0.000,0.000,0.000,0.001,0.000,0.000,0.000,0.000,0.000,0.000,0.000,0.811,0.000,0.000,0.000,0.000,0.000,0.000,0.000,0.000,0.000,0.000,0.000,0.000,0.000,0.000,1.185,2.399,0.000,0.000]
  Iter 250: LB=-46.641556  UB=15.776859  gap=3.96e+00
  Cut: intercept=15.574070, π_x_range=[-161.2420, 7.2072]

=== True-DRO Benders iter 251 ===
  OMP: t₀=-45.661704, UB=15.776859, gap=3.89e+00, x=[0, 0, 0, 0, 0, 0, 0, 0, 0, 0, 0, 0, 0, 1, 0, 0, 0, 0, 0, 0, 0, 0, 0, 0, 0, 0, 0, 1, 0, 0, 0, 0, 0, 0, 0, 0] (1.311s)
  Sub: Z₀=21.656581 [LOCAL] (0.2s), α=[0.000,0.000,5.422,0.000,0.000,0.000,0.000,0.000,0.000,0.000,0.000,0.000,0.000,0.000,0.000,0.000,0.000,0.000,0.000,0.000,0.000,0.000,0.000,0.000,0.000,0.000,0.000,0.000,0.000,0.000,0.000,0.000,0.017,4.505,0.000,0.000]
  Iter 251: LB=-45.661704  UB=15.776859  gap=3.89e+00
  Cut: intercept=-1145.917468, π_x_range=[-825.1220, 588.2536]

=== True-DRO Benders iter 252 ===
  OMP: t₀=-45.240283, UB=15.776859, gap=3.87e+00, x=[0, 0, 0, 0, 0, 0, 0, 0, 1, 0, 0, 0, 0, 1, 0, 0, 0, 0, 0, 0, 0, 0, 0, 0, 0, 0, 0, 0, 0, 0, 0, 0, 0, 0, 0, 0] (1.238s)
  Sub: Z₀=22.212655 [LOCAL] (0.2s), α=[0.000,0.000,5.070,0.000,0.000,0.000,0.000,0.000,0.000,0.000,0.000,0.000,0.000,0.000,0.000,0.000,0.000,0.353,0.000,0.000,0.000,0.000,0.000,0.000,0.000,0.000,0.000,0.000,0.000,0.000,0.000,0.000,0.017,4.505,0.000,0.000]
  Iter 252: LB=-45.240283  UB=15.776859  gap=3.87e+00
  Cut: intercept=-1145.051595, π_x_range=[-823.9618, 586.7512]

=== True-DRO Benders iter 253 ===
  OMP: t₀=-45.051352, UB=15.776859, gap=3.86e+00, x=[0, 0, 0, 0, 0, 0, 1, 0, 0, 0, 0, 0, 0, 0, 0, 0, 0, 0, 0, 0, 0, 0, 0, 0, 0, 0, 0, 0, 0, 0, 0, 0, 0, 0, 1, 0] (1.284s)
  Sub: Z₀=22.761582 [LOCAL] (0.2s), α=[0.000,0.000,4.708,0.000,0.000,0.000,0.000,0.000,0.000,0.000,0.000,0.000,0.000,0.000,0.000,0.000,0.000,1.221,0.000,0.000,0.000,0.000,0.000,0.000,0.000,0.000,0.000,0.000,0.000,0.000,0.000,0.000,0.198,3.818,0.000,0.000]
  Iter 253: LB=-45.051352  UB=15.776859  gap=3.86e+00
  Cut: intercept=-1131.356419, π_x_range=[-822.6930, 581.1655]

=== True-DRO Benders iter 254 ===
  OMP: t₀=-45.051324, UB=15.776859, gap=3.86e+00, x=[0, 0, 0, 0, 0, 0, 1, 0, 0, 0, 0, 0, 0, 0, 0, 0, 0, 0, 0, 0, 0, 0, 0, 0, 0, 1, 0, 0, 0, 0, 0, 0, 0, 0, 0, 0] (1.331s)
  Sub: Z₀=22.761582 [LOCAL] (0.2s), α=[0.000,0.000,4.724,0.000,0.000,0.000,0.000,0.000,0.000,0.000,0.000,0.000,0.000,0.000,0.000,0.000,0.000,1.204,0.000,0.000,0.000,0.000,0.000,0.000,0.000,0.000,0.000,0.000,0.000,0.000,0.000,0.000,0.205,3.811,0.000,0.000]
  Iter 254: LB=-45.051324  UB=15.776859  gap=3.86e+00
  Cut: intercept=-1095.125797, π_x_range=[-822.6829, 581.1276]

=== True-DRO Benders iter 255 ===
  OMP: t₀=-45.051313, UB=15.776859, gap=3.86e+00, x=[0, 0, 0, 0, 0, 0, 1, 0, 0, 0, 0, 0, 0, 0, 1, 0, 0, 0, 0, 0, 0, 0, 0, 0, 0, 0, 0, 0, 0, 0, 0, 0, 0, 0, 0, 0] (1.293s)
  Sub: Z₀=22.775857 [TIME_LIMIT] (15.1s), α=[0.000,0.000,4.771,0.000,0.000,0.000,0.000,0.000,0.000,0.000,0.000,0.000,0.000,0.000,0.000,0.000,0.000,1.429,0.000,0.000,0.000,0.000,0.000,0.000,0.000,0.000,0.000,0.000,0.000,0.000,0.000,0.000,0.825,2.920,0.000,0.000]
  Iter 255: LB=-45.051313  UB=15.776859  gap=3.86e+00
  Cut: intercept=-42.198265, π_x_range=[-232.0000, 38.2207]

=== True-DRO Benders iter 256 ===
  OMP: t₀=-45.051309, UB=15.776859, gap=3.86e+00, x=[0, 0, 0, 0, 0, 0, 1, 1, 0, 0, 0, 0, 0, 0, 0, 0, 0, 0, 0, 0, 0, 0, 0, 0, 0, 0, 0, 0, 0, 0, 0, 0, 0, 0, 0, 0] (1.409s)
  Sub: Z₀=22.761582 [LOCAL] (0.2s), α=[0.000,0.000,4.730,0.000,0.000,0.000,0.000,0.000,0.000,0.000,0.000,0.000,0.000,0.000,0.000,0.000,0.000,1.198,0.000,0.000,0.000,0.000,0.000,0.000,0.000,0.000,0.000,0.000,0.000,0.000,0.000,0.000,0.227,3.789,0.000,0.000]
  Iter 256: LB=-45.051309  UB=15.776859  gap=3.86e+00
  Cut: intercept=-1123.921672, π_x_range=[-822.5699, 581.2480]

=== True-DRO Benders iter 257 ===
  OMP: t₀=-45.050523, UB=15.776859, gap=3.86e+00, x=[0, 0, 0, 0, 0, 0, 1, 0, 0, 0, 0, 0, 0, 0, 0, 0, 0, 0, 0, 0, 1, 0, 0, 0, 0, 0, 0, 0, 0, 0, 0, 0, 0, 0, 0, 0] (1.428s)
  Sub: Z₀=22.761582 [LOCAL] (0.2s), α=[0.000,0.000,4.720,0.000,0.000,0.000,0.000,0.000,0.000,0.000,0.000,0.000,0.000,0.000,0.000,0.000,0.000,1.208,0.000,0.000,0.000,0.000,0.000,0.000,0.000,0.000,0.000,0.000,0.000,0.000,0.000,0.000,0.175,3.841,0.000,0.000]
  Iter 257: LB=-45.050523  UB=15.776859  gap=3.86e+00
  Cut: intercept=-1111.627181, π_x_range=[-822.6071, 581.1265]

=== True-DRO Benders iter 258 ===
  OMP: t₀=-44.778788, UB=15.776859, gap=3.84e+00, x=[0, 0, 0, 0, 0, 0, 0, 0, 0, 0, 0, 0, 1, 0, 1, 0, 0, 0, 0, 0, 0, 0, 0, 0, 0, 0, 0, 0, 0, 0, 0, 0, 0, 0, 0, 0] (1.493s)
  Sub: Z₀=20.008574 [LOCAL] (0.1s), α=[0.000,0.000,2.990,0.000,0.000,0.000,0.000,0.000,0.000,0.000,0.000,0.000,1.859,0.564,0.000,0.000,0.000,0.000,0.000,0.000,0.000,0.000,0.000,0.000,0.000,0.000,0.000,0.000,0.000,0.000,0.000,0.000,0.000,4.531,0.000,0.000]
  Iter 258: LB=-44.778788  UB=15.776859  gap=3.84e+00
  Cut: intercept=-1127.885159, π_x_range=[-820.7687, 576.5498]

=== True-DRO Benders iter 259 ===
  OMP: t₀=-44.753934, UB=15.776859, gap=3.84e+00, x=[0, 0, 0, 0, 0, 0, 0, 0, 0, 0, 0, 0, 0, 1, 0, 0, 1, 0, 0, 0, 0, 0, 0, 0, 0, 0, 0, 0, 0, 0, 0, 0, 0, 0, 0, 0] (1.653s)
  Sub: Z₀=22.212655 [LOCAL] (0.2s), α=[0.000,0.000,4.733,0.000,0.000,0.000,0.000,0.000,0.000,0.000,0.000,0.000,0.000,0.000,0.000,0.000,0.000,0.689,0.000,0.000,0.000,0.000,0.000,0.000,0.000,0.000,0.000,0.000,0.000,0.000,0.000,0.000,0.018,4.504,0.000,0.000]
  Iter 259: LB=-44.753934  UB=15.776859  gap=3.84e+00
  Cut: intercept=-1150.382601, π_x_range=[-824.0217, 586.8833]

=== True-DRO Benders iter 260 ===
  OMP: t₀=-44.482947, UB=15.776859, gap=3.82e+00, x=[1, 0, 0, 0, 0, 0, 0, 0, 0, 0, 0, 0, 0, 1, 0, 0, 0, 0, 0, 0, 0, 0, 0, 0, 0, 0, 0, 0, 0, 0, 0, 0, 0, 0, 0, 0] (1.429s)
  Sub: Z₀=22.212656 [TIME_LIMIT] (15.2s), α=[0.000,0.000,5.105,0.000,0.000,0.000,0.000,0.000,0.000,0.000,0.000,0.000,0.000,0.000,0.000,0.000,0.000,0.318,0.000,0.000,0.000,0.000,0.000,0.000,0.000,0.000,0.000,0.000,0.000,0.000,0.000,0.000,0.023,4.499,0.000,0.000]
  Iter 260: LB=-44.482947  UB=15.776859  gap=3.82e+00
  Cut: intercept=2.527952, π_x_range=[-207.0000, 11.7219]

=== True-DRO Benders iter 261 ===
  OMP: t₀=-44.482935, UB=15.776859, gap=3.82e+00, x=[0, 1, 0, 0, 0, 0, 0, 0, 0, 0, 0, 0, 0, 1, 0, 0, 0, 0, 0, 0, 0, 0, 0, 0, 0, 0, 0, 0, 0, 0, 0, 0, 0, 0, 0, 0] (1.451s)
  Sub: Z₀=22.212655 [LOCAL] (0.2s), α=[0.000,0.000,5.149,0.000,0.000,0.000,0.000,0.000,0.000,0.000,0.000,0.000,0.000,0.000,0.000,0.000,0.000,0.274,0.000,0.000,0.000,0.000,0.000,0.000,0.000,0.000,0.000,0.000,0.000,0.000,0.000,0.000,0.017,4.505,0.000,0.000]
  Iter 261: LB=-44.482935  UB=15.776859  gap=3.82e+00
  Cut: intercept=-1134.366417, π_x_range=[-823.1174, 586.8451]

=== True-DRO Benders iter 262 ===
  OMP: t₀=-44.482929, UB=15.776859, gap=3.82e+00, x=[0, 0, 0, 1, 0, 0, 0, 0, 0, 0, 0, 0, 0, 1, 0, 0, 0, 0, 0, 0, 0, 0, 0, 0, 0, 0, 0, 0, 0, 0, 0, 0, 0, 0, 0, 0] (1.434s)
  Sub: Z₀=22.212655 [LOCAL] (0.2s), α=[0.000,0.000,5.027,0.000,0.000,0.000,0.000,0.000,0.000,0.000,0.000,0.000,0.000,0.000,0.000,0.000,0.000,0.395,0.000,0.000,0.000,0.000,0.000,0.000,0.000,0.000,0.000,0.000,0.000,0.000,0.000,0.000,0.021,4.501,0.000,0.000]
  Iter 262: LB=-44.482929  UB=15.776859  gap=3.82e+00
  Cut: intercept=-1142.699891, π_x_range=[-824.2424, 586.7819]

=== True-DRO Benders iter 263 ===
  OMP: t₀=-44.482774, UB=15.776859, gap=3.82e+00, x=[0, 0, 0, 0, 0, 0, 0, 0, 0, 0, 0, 0, 0, 1, 0, 0, 0, 0, 0, 0, 0, 0, 0, 0, 0, 0, 0, 0, 0, 0, 0, 0, 0, 0, 1, 0] (1.432s)
  Sub: Z₀=22.212655 [LOCAL] (0.2s), α=[0.000,0.000,4.929,0.000,0.000,0.000,0.000,0.000,0.000,0.000,0.000,0.000,0.000,0.000,0.000,0.000,0.000,0.494,0.000,0.000,0.000,0.000,0.000,0.000,0.000,0.000,0.000,0.000,0.000,0.000,0.000,0.000,0.017,4.505,0.000,0.000]
  Iter 263: LB=-44.482774  UB=15.776859  gap=3.82e+00
  Cut: intercept=-1137.226005, π_x_range=[-824.2618, 586.8620]

=== True-DRO Benders iter 264 ===
  OMP: t₀=-44.482746, UB=15.776859, gap=3.82e+00, x=[0, 0, 0, 0, 0, 0, 0, 0, 0, 0, 0, 0, 0, 1, 0, 0, 0, 0, 0, 0, 0, 0, 0, 0, 0, 1, 0, 0, 0, 0, 0, 0, 0, 0, 0, 0] (1.445s)
  Sub: Z₀=22.212655 [LOCAL] (0.2s), α=[0.000,0.000,5.052,0.000,0.000,0.000,0.000,0.000,0.000,0.000,0.000,0.000,0.000,0.000,0.000,0.000,0.000,0.371,0.000,0.000,0.000,0.000,0.000,0.000,0.000,0.000,0.000,0.000,0.000,0.000,0.000,0.000,0.017,4.505,0.000,0.000]
  Iter 264: LB=-44.482746  UB=15.776859  gap=3.82e+00
  Cut: intercept=-1099.840255, π_x_range=[-824.2695, 586.8591]

=== True-DRO Benders iter 265 ===
  OMP: t₀=-44.482740, UB=15.776859, gap=3.82e+00, x=[0, 0, 0, 0, 0, 0, 0, 0, 0, 0, 0, 0, 0, 1, 0, 0, 0, 0, 0, 0, 0, 0, 0, 1, 0, 0, 0, 0, 0, 0, 0, 0, 0, 0, 0, 0] (1.426s)
  Sub: Z₀=22.212656 [TIME_LIMIT] (15.2s), α=[0.000,0.000,5.024,0.000,0.000,0.000,0.000,0.000,0.000,0.000,0.000,0.000,0.000,0.000,0.000,0.000,0.000,0.398,0.000,0.000,0.000,0.000,0.000,0.000,0.000,0.000,0.000,0.000,0.000,0.000,0.000,0.000,0.024,4.498,0.000,0.000]
  Iter 265: LB=-44.482740  UB=15.776859  gap=3.82e+00
  Cut: intercept=-7.214295, π_x_range=[-207.0000, 21.4634]

=== True-DRO Benders iter 266 ===
  OMP: t₀=-44.482736, UB=15.776859, gap=3.82e+00, x=[0, 0, 0, 0, 0, 0, 0, 0, 0, 0, 0, 0, 0, 1, 1, 0, 0, 0, 0, 0, 0, 0, 0, 0, 0, 0, 0, 0, 0, 0, 0, 0, 0, 0, 0, 0] (1.443s)
  Sub: Z₀=22.212655 [LOCAL] (0.2s), α=[0.000,0.000,5.032,0.000,0.000,0.000,0.000,0.000,0.000,0.000,0.000,0.000,0.000,0.000,0.000,0.000,0.000,0.390,0.000,0.000,0.000,0.000,0.000,0.000,0.000,0.000,0.000,0.000,0.000,0.000,0.000,0.000,0.017,4.505,0.000,0.000]
  Iter 266: LB=-44.482736  UB=15.776859  gap=3.82e+00
  Cut: intercept=-1133.334946, π_x_range=[-824.2324, 586.8523]

=== True-DRO Benders iter 267 ===
  OMP: t₀=-44.482732, UB=15.776859, gap=3.82e+00, x=[0, 0, 0, 0, 0, 0, 0, 1, 0, 0, 0, 0, 0, 1, 0, 0, 0, 0, 0, 0, 0, 0, 0, 0, 0, 0, 0, 0, 0, 0, 0, 0, 0, 0, 0, 0] (1.405s)
  Sub: Z₀=22.212655 [LOCAL] (0.2s), α=[0.000,0.000,5.075,0.000,0.000,0.000,0.000,0.000,0.000,0.000,0.000,0.000,0.000,0.000,0.000,0.000,0.000,0.348,0.000,0.000,0.000,0.000,0.000,0.000,0.000,0.000,0.000,0.000,0.000,0.000,0.000,0.000,0.020,4.502,0.000,0.000]
  Iter 267: LB=-44.482732  UB=15.776859  gap=3.82e+00
  Cut: intercept=-1128.918859, π_x_range=[-824.1915, 586.8744]

=== True-DRO Benders iter 268 ===
  OMP: t₀=-44.482729, UB=15.776859, gap=3.82e+00, x=[0, 0, 0, 0, 0, 0, 0, 0, 0, 0, 0, 0, 0, 1, 0, 0, 0, 0, 0, 0, 0, 0, 0, 0, 0, 0, 0, 0, 0, 0, 0, 0, 0, 0, 0, 1] (1.465s)
  Sub: Z₀=22.212655 [LOCAL] (0.2s), α=[0.000,0.000,5.047,0.000,0.000,0.000,0.000,0.000,0.000,0.000,0.000,0.000,0.000,0.000,0.000,0.000,0.000,0.375,0.000,0.000,0.000,0.000,0.000,0.000,0.000,0.000,0.000,0.000,0.000,0.000,0.000,0.000,0.017,4.505,0.000,0.000]
  Iter 268: LB=-44.482729  UB=15.776859  gap=3.82e+00
  Cut: intercept=-1139.983232, π_x_range=[-824.2156, 586.8677]

=== True-DRO Benders iter 269 ===
  OMP: t₀=-44.481946, UB=15.776859, gap=3.82e+00, x=[0, 0, 0, 0, 0, 0, 0, 0, 0, 0, 0, 0, 0, 1, 0, 0, 0, 0, 0, 0, 1, 0, 0, 0, 0, 0, 0, 0, 0, 0, 0, 0, 0, 0, 0, 0] (1.345s)
  Sub: Z₀=22.212655 [LOCAL] (0.2s), α=[0.000,0.000,5.012,0.000,0.000,0.000,0.000,0.000,0.000,0.000,0.000,0.000,0.000,0.000,0.000,0.000,0.000,0.410,0.000,0.000,0.000,0.000,0.000,0.000,0.000,0.000,0.000,0.000,0.000,0.000,0.000,0.000,0.017,4.505,0.000,0.000]
  Iter 269: LB=-44.481946  UB=15.776859  gap=3.82e+00
  Cut: intercept=-1116.869571, π_x_range=[-824.1950, 586.8461]

=== True-DRO Benders iter 270 ===
  OMP: t₀=-44.183442, UB=15.776859, gap=3.80e+00, x=[0, 0, 0, 0, 0, 0, 0, 0, 0, 0, 0, 0, 0, 1, 0, 0, 0, 0, 0, 0, 0, 0, 0, 0, 0, 0, 0, 0, 0, 1, 0, 0, 0, 0, 0, 0] (1.385s)
  Sub: Z₀=21.507248 [TIME_LIMIT] (15.2s), α=[0.000,0.000,3.003,0.000,0.000,0.449,0.000,0.000,0.000,0.000,0.000,0.000,0.000,0.486,0.000,0.000,0.000,1.579,0.000,0.000,0.000,0.000,0.000,0.000,0.000,0.000,0.000,0.000,0.000,0.365,0.000,0.000,0.601,3.461,0.000,0.000]
  Iter 270: LB=-44.183442  UB=15.776859  gap=3.80e+00
  Cut: intercept=-2.142938, π_x_range=[-241.0000, 19.0474]

=== True-DRO Benders iter 271 ===
  OMP: t₀=-42.271461, UB=15.776859, gap=3.68e+00, x=[0, 0, 0, 0, 0, 0, 0, 0, 0, 0, 0, 0, 0, 0, 0, 0, 0, 0, 1, 0, 0, 0, 0, 0, 0, 0, 0, 0, 1, 0, 0, 0, 0, 0, 0, 0] (1.360s)
  Sub: Z₀=21.976893 [LOCAL] (0.2s), α=[0.000,0.000,5.254,0.000,0.000,0.000,0.000,0.000,0.000,0.000,0.000,0.000,0.000,0.000,0.000,0.000,0.000,0.000,0.000,0.000,0.000,0.000,0.000,0.000,0.000,0.000,0.000,0.000,0.000,0.337,0.000,0.000,0.334,4.019,0.000,0.000]
  Iter 271: LB=-42.271461  UB=15.776859  gap=3.68e+00
  Cut: intercept=-1113.516425, π_x_range=[-824.8141, 573.2950]

=== True-DRO Benders iter 272 ===
  OMP: t₀=-42.169423, UB=15.776859, gap=3.67e+00, x=[0, 0, 0, 0, 1, 0, 0, 0, 0, 0, 0, 0, 0, 1, 0, 0, 0, 0, 0, 0, 0, 0, 0, 0, 0, 0, 0, 0, 0, 0, 0, 0, 0, 0, 0, 0] (1.343s)
  Sub: Z₀=22.212655 [LOCAL] (0.2s), α=[0.000,0.000,5.043,0.000,0.000,0.000,0.000,0.000,0.000,0.000,0.000,0.000,0.000,0.000,0.000,0.000,0.000,0.379,0.000,0.000,0.000,0.000,0.000,0.000,0.000,0.000,0.000,0.000,0.000,0.000,0.000,0.000,0.017,4.505,0.000,0.000]
  Iter 272: LB=-42.169423  UB=15.776859  gap=3.67e+00
  Cut: intercept=-1119.337687, π_x_range=[-824.2486, 586.8664]

=== True-DRO Benders iter 273 ===
  OMP: t₀=-42.048509, UB=15.776859, gap=3.67e+00, x=[0, 0, 0, 0, 0, 0, 0, 0, 0, 0, 0, 0, 0, 0, 0, 0, 0, 0, 0, 0, 0, 0, 0, 0, 1, 0, 0, 0, 0, 0, 0, 0, 0, 1, 0, 0] (1.454s)
  Sub: Z₀=17.418759 [LOCAL] (0.2s), α=[0.000,0.000,0.000,0.000,0.000,0.000,0.024,0.000,0.000,0.000,0.000,0.000,0.000,0.000,0.000,0.000,0.000,2.805,0.000,0.000,0.000,0.000,0.000,0.000,0.775,0.000,0.000,0.000,0.000,0.000,0.000,0.000,0.000,6.340,0.000,0.000]
  Iter 273: LB=-42.048509  UB=15.776859  gap=3.67e+00
  Cut: intercept=-1120.629224, π_x_range=[-820.6777, 583.1994]

=== True-DRO Benders iter 274 ===
  OMP: t₀=-41.308237, UB=15.776859, gap=3.62e+00, x=[0, 0, 0, 0, 0, 0, 0, 0, 1, 0, 0, 0, 0, 0, 0, 0, 0, 0, 0, 0, 0, 0, 0, 0, 0, 0, 0, 0, 0, 1, 0, 0, 0, 0, 0, 0] (1.275s)
  Sub: Z₀=22.083365 [LOCAL] (0.2s), α=[0.000,0.000,5.075,0.000,0.000,0.001,0.000,0.000,0.000,0.000,0.000,0.000,0.000,0.000,0.000,0.000,0.000,0.044,0.000,0.000,0.000,0.000,0.000,0.000,0.000,0.000,0.000,0.000,0.000,0.408,0.183,0.000,0.946,3.288,0.000,0.000]
  Iter 274: LB=-41.308237  UB=15.776859  gap=3.62e+00
  Cut: intercept=-1152.481400, π_x_range=[-823.8885, 591.0021]

=== True-DRO Benders iter 275 ===
  OMP: t₀=-40.821888, UB=15.776859, gap=3.59e+00, x=[0, 0, 0, 0, 0, 0, 0, 0, 0, 0, 0, 0, 0, 0, 0, 0, 1, 0, 0, 0, 0, 0, 0, 0, 0, 0, 0, 0, 0, 1, 0, 0, 0, 0, 0, 0] (1.292s)
  Sub: Z₀=22.088170 [TIME_LIMIT] (15.2s), α=[0.000,0.000,4.961,0.000,0.000,0.002,0.000,0.000,0.000,0.000,0.000,0.000,0.000,0.053,0.000,0.000,0.000,0.248,0.000,0.000,0.000,0.000,0.000,0.000,0.000,0.000,0.000,0.000,0.000,0.266,0.089,0.000,1.272,3.053,0.000,0.000]
  Iter 275: LB=-40.821888  UB=15.776859  gap=3.59e+00
  Cut: intercept=-11.383948, π_x_range=[-243.0000, 18.8698]

=== True-DRO Benders iter 276 ===
  OMP: t₀=-40.550888, UB=15.776859, gap=3.57e+00, x=[0, 1, 0, 0, 0, 0, 0, 0, 0, 0, 0, 0, 0, 0, 0, 0, 0, 0, 0, 0, 0, 0, 0, 0, 0, 0, 0, 0, 0, 1, 0, 0, 0, 0, 0, 0] (1.377s)
  Sub: Z₀=22.088168 [LOCAL] (0.3s), α=[0.000,0.000,5.156,0.000,0.000,0.001,0.000,0.000,0.000,0.000,0.000,0.000,0.000,0.045,0.000,0.000,0.000,0.054,0.000,0.000,0.000,0.000,0.000,0.000,0.000,0.000,0.000,0.000,0.000,0.268,0.095,0.000,1.264,3.061,0.000,0.000]
  Iter 276: LB=-40.550888  UB=15.776859  gap=3.57e+00
  Cut: intercept=-1135.936486, π_x_range=[-823.1765, 591.0145]

=== True-DRO Benders iter 277 ===
  OMP: t₀=-40.550882, UB=15.776859, gap=3.57e+00, x=[0, 0, 0, 1, 0, 0, 0, 0, 0, 0, 0, 0, 0, 0, 0, 0, 0, 0, 0, 0, 0, 0, 0, 0, 0, 0, 0, 0, 0, 1, 0, 0, 0, 0, 0, 0] (1.317s)
  Sub: Z₀=22.088168 [LOCAL] (0.3s), α=[0.000,0.000,5.150,0.000,0.000,0.002,0.000,0.000,0.000,0.000,0.000,0.000,0.000,0.046,0.000,0.000,0.000,0.059,0.000,0.000,0.000,0.000,0.000,0.000,0.000,0.000,0.000,0.000,0.000,0.267,0.094,0.000,1.268,3.057,0.000,0.000]
  Iter 277: LB=-40.550882  UB=15.776859  gap=3.57e+00
  Cut: intercept=-1146.724349, π_x_range=[-824.5336, 591.0104]

=== True-DRO Benders iter 278 ===
  OMP: t₀=-40.550738, UB=15.776859, gap=3.57e+00, x=[0, 0, 0, 0, 1, 0, 0, 0, 0, 0, 0, 0, 0, 0, 0, 0, 0, 0, 0, 0, 0, 0, 0, 0, 0, 0, 0, 0, 0, 1, 0, 0, 0, 0, 0, 0] (1.343s)
  Sub: Z₀=22.088168 [LOCAL] (0.3s), α=[0.000,0.000,5.151,0.000,0.000,0.001,0.000,0.000,0.000,0.000,0.000,0.000,0.000,0.044,0.000,0.000,0.000,0.059,0.000,0.000,0.000,0.000,0.000,0.000,0.000,0.000,0.000,0.000,0.000,0.269,0.095,0.000,1.264,3.061,0.000,0.000]
  Iter 278: LB=-40.550738  UB=15.776859  gap=3.57e+00
  Cut: intercept=-1123.131839, π_x_range=[-824.4930, 590.9030]

=== True-DRO Benders iter 279 ===
  OMP: t₀=-40.550728, UB=15.776859, gap=3.57e+00, x=[0, 0, 0, 0, 0, 0, 0, 0, 0, 0, 0, 0, 0, 0, 0, 0, 0, 0, 0, 0, 0, 0, 0, 0, 0, 0, 0, 0, 0, 1, 0, 0, 0, 0, 1, 0] (1.343s)
  Sub: Z₀=22.088168 [LOCAL] (0.3s), α=[0.000,0.000,5.141,0.000,0.000,0.001,0.000,0.000,0.000,0.000,0.000,0.000,0.000,0.046,0.000,0.000,0.000,0.069,0.000,0.000,0.000,0.000,0.000,0.000,0.000,0.000,0.000,0.000,0.000,0.267,0.095,0.000,1.265,3.060,0.000,0.000]
  Iter 279: LB=-40.550728  UB=15.776859  gap=3.57e+00
  Cut: intercept=-1141.877923, π_x_range=[-824.6208, 591.0001]

=== True-DRO Benders iter 280 ===
  OMP: t₀=-40.550700, UB=15.776859, gap=3.57e+00, x=[0, 0, 0, 0, 0, 0, 0, 0, 0, 0, 0, 0, 0, 0, 0, 0, 0, 0, 0, 0, 0, 0, 0, 0, 0, 1, 0, 0, 0, 1, 0, 0, 0, 0, 0, 0] (1.378s)
  Sub: Z₀=22.088170 [TIME_LIMIT] (15.2s), α=[0.000,0.000,5.129,0.000,0.000,0.002,0.000,0.000,0.000,0.000,0.000,0.000,0.000,0.051,0.000,0.000,0.000,0.081,0.000,0.000,0.000,0.000,0.000,0.000,0.000,0.000,0.000,0.000,0.000,0.269,0.087,0.000,1.270,3.055,0.000,0.000]
  Iter 280: LB=-40.550700  UB=15.776859  gap=3.57e+00
  Cut: intercept=-76.404551, π_x_range=[-229.0000, 79.6713]

=== True-DRO Benders iter 281 ===
  OMP: t₀=-40.550694, UB=15.776859, gap=3.57e+00, x=[0, 0, 0, 0, 0, 0, 0, 0, 0, 0, 0, 0, 0, 0, 0, 0, 0, 0, 0, 0, 0, 0, 0, 1, 0, 0, 0, 0, 0, 1, 0, 0, 0, 0, 0, 0] (1.281s)
  Sub: Z₀=22.088168 [LOCAL] (0.2s), α=[0.000,0.000,5.151,0.000,0.000,0.001,0.000,0.000,0.000,0.000,0.000,0.000,0.000,0.046,0.000,0.000,0.000,0.059,0.000,0.000,0.000,0.000,0.000,0.000,0.000,0.000,0.000,0.000,0.000,0.268,0.095,0.000,1.265,3.060,0.000,0.000]
  Iter 281: LB=-40.550694  UB=15.776859  gap=3.57e+00
  Cut: intercept=-1150.587889, π_x_range=[-824.4932, 591.0182]

=== True-DRO Benders iter 282 ===
  OMP: t₀=-40.550690, UB=15.776859, gap=3.57e+00, x=[0, 0, 0, 0, 0, 0, 0, 0, 0, 0, 0, 0, 0, 0, 1, 0, 0, 0, 0, 0, 0, 0, 0, 0, 0, 0, 0, 0, 0, 1, 0, 0, 0, 0, 0, 0] (1.376s)
  Sub: Z₀=22.088168 [LOCAL] (0.2s), α=[0.000,0.000,5.151,0.000,0.000,0.001,0.000,0.000,0.000,0.000,0.000,0.000,0.000,0.046,0.000,0.000,0.000,0.059,0.000,0.000,0.000,0.000,0.000,0.000,0.000,0.000,0.000,0.000,0.000,0.268,0.095,0.000,1.265,3.061,0.000,0.000]
  Iter 282: LB=-40.550690  UB=15.776859  gap=3.57e+00
  Cut: intercept=-1136.704172, π_x_range=[-824.5063, 591.0063]

=== True-DRO Benders iter 283 ===
  OMP: t₀=-40.550685, UB=15.776859, gap=3.57e+00, x=[0, 0, 0, 0, 0, 0, 0, 1, 0, 0, 0, 0, 0, 0, 0, 0, 0, 0, 0, 0, 0, 0, 0, 0, 0, 0, 0, 0, 0, 1, 0, 0, 0, 0, 0, 0] (1.299s)
  Sub: Z₀=22.088168 [LOCAL] (0.2s), α=[0.000,0.000,5.151,0.000,0.000,0.001,0.000,0.000,0.000,0.000,0.000,0.000,0.000,0.044,0.000,0.000,0.000,0.058,0.000,0.000,0.000,0.000,0.000,0.000,0.000,0.000,0.000,0.000,0.000,0.268,0.095,0.000,1.264,3.062,0.000,0.000]
  Iter 283: LB=-40.550685  UB=15.776859  gap=3.57e+00
  Cut: intercept=-1131.361932, π_x_range=[-824.4029, 590.9661]

=== True-DRO Benders iter 284 ===
  OMP: t₀=-40.550683, UB=15.776859, gap=3.57e+00, x=[0, 0, 0, 0, 0, 0, 0, 0, 0, 0, 0, 0, 0, 0, 0, 0, 0, 0, 0, 0, 0, 0, 0, 0, 0, 0, 0, 0, 0, 1, 0, 0, 0, 0, 0, 1] (1.431s)
  Sub: Z₀=22.088168 [LOCAL] (0.2s), α=[0.000,0.000,5.152,0.000,0.000,0.001,0.000,0.000,0.000,0.000,0.000,0.000,0.000,0.046,0.000,0.000,0.000,0.058,0.000,0.000,0.000,0.000,0.000,0.000,0.000,0.000,0.000,0.000,0.000,0.268,0.095,0.000,1.265,3.060,0.000,0.000]
  Iter 284: LB=-40.550683  UB=15.776859  gap=3.57e+00
  Cut: intercept=-1145.952185, π_x_range=[-824.4707, 591.0102]

=== True-DRO Benders iter 285 ===
  OMP: t₀=-40.549900, UB=15.776859, gap=3.57e+00, x=[0, 0, 0, 0, 0, 0, 0, 0, 0, 0, 0, 0, 0, 0, 0, 0, 0, 0, 0, 0, 1, 0, 0, 0, 0, 0, 0, 0, 0, 1, 0, 0, 0, 0, 0, 0] (1.302s)
  Sub: Z₀=22.088170 [TIME_LIMIT] (15.2s), α=[0.000,0.000,5.003,0.000,0.000,0.002,0.000,0.000,0.000,0.000,0.000,0.000,0.000,0.051,0.000,0.000,0.000,0.207,0.000,0.000,0.000,0.000,0.000,0.000,0.000,0.000,0.000,0.000,0.000,0.269,0.087,0.000,1.269,3.056,0.000,0.000]
  Iter 285: LB=-40.549900  UB=15.776859  gap=3.57e+00
  Cut: intercept=-56.465796, π_x_range=[-243.0000, 59.7073]

=== True-DRO Benders iter 286 ===
  OMP: t₀=-39.950707, UB=15.776859, gap=3.53e+00, x=[0, 0, 0, 0, 0, 0, 0, 0, 0, 0, 0, 0, 0, 0, 0, 0, 0, 0, 1, 0, 0, 0, 0, 0, 0, 0, 0, 0, 0, 0, 1, 0, 0, 0, 0, 0] (1.376s)
  Sub: Z₀=21.816056 [LOCAL] (0.2s), α=[0.000,0.000,5.550,0.000,0.000,0.000,0.000,0.000,0.000,0.000,0.000,0.000,0.000,0.000,0.000,0.000,0.000,0.000,0.000,0.000,0.000,0.000,0.000,0.000,0.000,0.000,0.000,0.000,0.000,1.731,0.000,0.000,0.098,2.564,0.000,0.000]
  Iter 286: LB=-39.950707  UB=15.776859  gap=3.53e+00
  Cut: intercept=-1146.132824, π_x_range=[-823.7868, 596.1710]

=== True-DRO Benders iter 287 ===
  OMP: t₀=-39.751181, UB=15.776859, gap=3.52e+00, x=[0, 0, 0, 1, 0, 0, 0, 0, 0, 0, 0, 0, 1, 0, 0, 0, 0, 0, 0, 0, 0, 0, 0, 0, 0, 0, 0, 0, 0, 0, 0, 0, 0, 0, 0, 0] (1.470s)
  Sub: Z₀=20.008574 [LOCAL] (0.1s), α=[0.000,0.000,2.990,0.000,0.000,0.000,0.000,0.000,0.000,0.000,0.000,0.000,1.704,0.530,0.000,0.000,0.000,0.000,0.000,0.000,0.000,0.000,0.000,0.000,0.000,0.000,0.000,0.000,0.000,0.000,0.000,0.000,0.000,4.719,0.000,0.000]
  Iter 287: LB=-39.751181  UB=15.776859  gap=3.52e+00
  Cut: intercept=-1134.125423, π_x_range=[-820.8647, 583.4185]

=== True-DRO Benders iter 288 ===
  OMP: t₀=-38.677885, UB=15.776859, gap=3.45e+00, x=[1, 0, 0, 0, 0, 0, 0, 0, 0, 0, 0, 0, 0, 0, 0, 0, 0, 0, 0, 0, 0, 0, 0, 0, 0, 0, 0, 0, 0, 1, 0, 0, 0, 0, 0, 0] (1.468s)
  Sub: Z₀=22.088168 [LOCAL] (0.2s), α=[0.000,0.000,5.154,0.000,0.000,0.001,0.000,0.000,0.000,0.000,0.000,0.000,0.000,0.047,0.000,0.000,0.000,0.056,0.000,0.000,0.000,0.000,0.000,0.000,0.000,0.000,0.000,0.000,0.000,0.267,0.094,0.000,1.267,3.058,0.000,0.000]
  Iter 288: LB=-38.677885  UB=15.776859  gap=3.45e+00
  Cut: intercept=-1154.724506, π_x_range=[-824.1849, 590.9928]

=== True-DRO Benders iter 289 ===
  OMP: t₀=-37.851789, UB=15.776859, gap=3.40e+00, x=[0, 0, 0, 0, 0, 0, 0, 0, 0, 0, 0, 0, 0, 0, 0, 0, 0, 1, 0, 0, 0, 0, 0, 0, 0, 0, 0, 0, 0, 0, 0, 0, 0, 0, 1, 0] (1.396s)
  Sub: Z₀=19.642048 [LOCAL] (0.2s), α=[0.000,0.000,5.931,0.000,0.000,0.000,0.000,0.000,0.000,0.000,0.000,0.000,0.000,0.000,0.000,0.000,0.000,0.485,0.000,0.000,0.000,0.000,0.000,0.000,0.000,0.000,0.000,0.000,0.000,0.000,0.000,0.000,0.211,3.317,0.000,0.000]
  Iter 289: LB=-37.851789  UB=15.776859  gap=3.40e+00
  Cut: intercept=-1150.455016, π_x_range=[-825.4185, 593.2072]

=== True-DRO Benders iter 290 ===
  OMP: t₀=-37.817073, UB=15.776859, gap=3.40e+00, x=[0, 0, 0, 0, 0, 0, 0, 0, 0, 0, 0, 0, 0, 0, 0, 0, 0, 0, 0, 0, 0, 0, 0, 0, 0, 0, 0, 1, 0, 1, 0, 0, 0, 0, 0, 0] (1.472s)
  Sub: Z₀=22.088170 [TIME_LIMIT] (15.1s), α=[0.000,0.000,5.199,0.000,0.000,0.002,0.000,0.000,0.000,0.000,0.000,0.000,0.000,0.037,0.000,0.000,0.000,0.010,0.000,0.000,0.000,0.000,0.000,0.000,0.000,0.000,0.000,0.000,0.000,0.292,0.079,0.000,1.256,3.069,0.000,0.000]
  Iter 290: LB=-37.817073  UB=15.776859  gap=3.40e+00
  Cut: intercept=-17.049666, π_x_range=[-243.0000, 20.2227]

=== True-DRO Benders iter 291 ===
  OMP: t₀=-37.665424, UB=15.776859, gap=3.39e+00, x=[0, 0, 0, 0, 0, 0, 0, 0, 0, 0, 0, 0, 0, 0, 0, 0, 0, 1, 0, 0, 0, 0, 0, 0, 0, 0, 0, 0, 1, 0, 0, 0, 0, 0, 0, 0] (1.352s)
  Sub: Z₀=19.578116 [LOCAL] (0.2s), α=[0.000,0.000,6.821,0.000,0.000,0.000,0.000,0.000,0.000,0.000,0.000,0.000,0.000,0.000,0.000,0.000,0.000,0.000,0.000,0.000,0.000,0.000,0.000,0.000,0.000,0.000,0.000,0.000,0.000,0.000,0.000,0.000,0.113,3.010,0.000,0.000]
  Iter 291: LB=-37.665424  UB=15.776859  gap=3.39e+00
  Cut: intercept=-1140.102098, π_x_range=[-825.9311, 593.6134]

=== True-DRO Benders iter 292 ===
  OMP: t₀=-37.414430, UB=15.776859, gap=3.37e+00, x=[0, 0, 0, 0, 0, 0, 0, 0, 0, 0, 0, 0, 1, 0, 0, 0, 0, 0, 0, 0, 0, 0, 0, 0, 0, 0, 0, 0, 0, 0, 0, 0, 0, 1, 0, 0] (1.363s)
  Sub: Z₀=15.006311 [LOCAL] (0.1s), α=[0.000,0.000,0.000,0.000,0.000,0.000,0.000,0.000,0.000,0.000,0.000,0.000,1.769,0.155,0.000,0.000,0.000,0.000,0.000,0.000,0.000,0.000,0.000,0.000,0.000,0.000,0.000,0.000,0.000,0.000,0.000,0.000,0.000,8.020,0.000,0.000]
  Iter 292: LB=-37.414430  UB=15.776859  gap=3.37e+00
  Cut: intercept=-1161.752010, π_x_range=[-818.6488, 593.6474]

=== True-DRO Benders iter 293 ===
  OMP: t₀=-37.402881, UB=15.776859, gap=3.37e+00, x=[0, 0, 0, 0, 0, 0, 1, 0, 0, 0, 0, 0, 0, 0, 0, 0, 0, 0, 0, 0, 0, 0, 0, 0, 0, 0, 0, 0, 1, 0, 0, 0, 0, 0, 0, 0] (1.388s)
  Sub: Z₀=22.234806 [LOCAL] (0.2s), α=[0.000,0.000,5.928,0.000,0.000,0.000,0.000,0.000,0.000,0.000,0.000,0.000,0.000,0.000,0.000,0.000,0.000,0.000,0.000,0.000,0.000,0.000,0.000,0.000,0.000,0.000,0.000,0.000,0.000,0.000,0.000,0.000,0.168,3.848,0.000,0.000]
  Iter 293: LB=-37.402881  UB=15.776859  gap=3.37e+00
  Cut: intercept=-1115.526679, π_x_range=[-822.0896, 580.0942]

=== True-DRO Benders iter 294 ===
  OMP: t₀=-37.306437, UB=15.776859, gap=3.36e+00, x=[0, 0, 0, 0, 0, 0, 0, 0, 0, 0, 0, 0, 0, 0, 0, 0, 0, 0, 1, 1, 0, 0, 0, 0, 0, 0, 0, 0, 0, 0, 0, 0, 0, 0, 0, 0] (1.372s)
  Sub: Z₀=21.899971 [LOCAL] (0.2s), α=[0.000,0.000,5.254,0.000,0.000,0.000,0.000,0.000,0.000,0.000,0.000,0.000,0.000,0.000,0.000,0.000,0.000,0.000,0.000,0.000,0.000,0.000,0.000,0.000,0.000,0.000,0.000,0.000,0.000,0.337,0.000,0.000,0.660,3.694,0.000,0.000]
  Iter 294: LB=-37.306437  UB=15.776859  gap=3.36e+00
  Cut: intercept=-1130.965350, π_x_range=[-824.3310, 581.1431]

=== True-DRO Benders iter 295 ===
  OMP: t₀=-37.125361, UB=15.776859, gap=3.35e+00, x=[0, 0, 0, 1, 0, 0, 1, 0, 0, 0, 0, 0, 0, 0, 0, 0, 0, 0, 0, 0, 0, 0, 0, 0, 0, 0, 0, 0, 0, 0, 0, 0, 0, 0, 0, 0] (1.391s)
  Sub: Z₀=22.763979 [TIME_LIMIT] (15.1s), α=[0.000,0.000,5.549,0.000,0.000,0.000,0.000,0.000,0.000,0.000,0.000,0.000,0.000,0.000,0.000,0.000,0.000,0.425,0.000,0.000,0.000,0.000,0.000,0.000,0.000,0.000,0.000,0.000,0.000,0.000,0.000,0.000,0.964,3.006,0.000,0.000]
  Iter 295: LB=-37.125361  UB=15.776859  gap=3.35e+00
  Cut: intercept=-25.759346, π_x_range=[-232.0000, 26.7288]

=== True-DRO Benders iter 296 ===
  OMP: t₀=-36.868133, UB=15.776859, gap=3.34e+00, x=[0, 1, 0, 0, 0, 0, 1, 0, 0, 0, 0, 0, 0, 0, 0, 0, 0, 0, 0, 0, 0, 0, 0, 0, 0, 0, 0, 0, 0, 0, 0, 0, 0, 0, 0, 0] (1.702s)
  Sub: Z₀=22.761582 [LOCAL] (0.2s), α=[0.000,0.000,4.750,0.000,0.000,0.000,0.000,0.000,0.000,0.000,0.000,0.000,0.000,0.000,0.000,0.000,0.000,1.178,0.000,0.000,0.000,0.000,0.000,0.000,0.000,0.000,0.000,0.000,0.000,0.000,0.000,0.000,0.196,3.820,0.000,0.000]
  Iter 296: LB=-36.868133  UB=15.776859  gap=3.34e+00
  Cut: intercept=-1128.933325, π_x_range=[-821.5688, 581.0978]

=== True-DRO Benders iter 297 ===
  OMP: t₀=-36.626153, UB=15.776859, gap=3.32e+00, x=[0, 0, 0, 0, 0, 0, 0, 0, 0, 0, 0, 0, 0, 1, 0, 0, 0, 0, 0, 0, 0, 0, 0, 0, 0, 0, 1, 0, 0, 0, 0, 0, 0, 0, 0, 0] (1.442s)
  Sub: Z₀=22.212655 [LOCAL] (0.2s), α=[0.000,0.000,4.635,0.000,0.000,0.000,0.000,0.000,0.000,0.000,0.000,0.000,0.000,0.000,0.000,0.000,0.000,0.788,0.000,0.000,0.000,0.000,0.000,0.000,0.000,0.000,0.000,0.000,0.000,0.000,0.000,0.000,0.017,4.505,0.000,0.000]
  Iter 297: LB=-36.626153  UB=15.776859  gap=3.32e+00
  Cut: intercept=-1151.237729, π_x_range=[-824.6254, 587.0205]

=== True-DRO Benders iter 298 ===
  OMP: t₀=-36.500826, UB=15.776859, gap=3.31e+00, x=[0, 0, 0, 0, 0, 0, 0, 0, 0, 0, 0, 0, 0, 0, 0, 0, 0, 0, 1, 0, 0, 0, 0, 0, 0, 0, 1, 0, 0, 0, 0, 0, 0, 0, 0, 0] (1.683s)
  Sub: Z₀=21.976893 [LOCAL] (0.2s), α=[0.000,0.000,5.254,0.000,0.000,0.000,0.000,0.000,0.000,0.000,0.000,0.000,0.000,0.000,0.000,0.000,0.000,0.000,0.000,0.000,0.000,0.000,0.000,0.000,0.000,0.000,0.000,0.000,0.000,0.337,0.000,0.000,0.206,4.148,0.000,0.000]
  Iter 298: LB=-36.500826  UB=15.776859  gap=3.31e+00
  Cut: intercept=-1139.990144, π_x_range=[-825.1326, 588.6996]

=== True-DRO Benders iter 299 ===
  OMP: t₀=-36.292332, UB=15.776859, gap=3.30e+00, x=[0, 0, 0, 0, 0, 0, 0, 0, 1, 0, 0, 0, 0, 0, 0, 0, 0, 0, 1, 0, 0, 0, 0, 0, 0, 0, 0, 0, 0, 0, 0, 0, 0, 0, 0, 0] (1.831s)
  Sub: Z₀=21.943271 [LOCAL] (0.3s), α=[0.000,0.000,5.163,0.000,0.000,0.000,0.000,0.000,0.000,0.000,0.000,0.000,0.000,0.000,0.000,0.000,0.000,0.000,0.000,0.000,0.000,0.000,0.000,0.000,0.000,0.000,0.000,0.000,0.000,0.520,0.000,0.000,0.203,4.059,0.000,0.000]
  Iter 299: LB=-36.292332  UB=15.776859  gap=3.30e+00
  Cut: intercept=-1134.799055, π_x_range=[-824.1397, 583.4723]

=== True-DRO Benders iter 300 ===
  OMP: t₀=-36.181642, UB=15.776859, gap=3.29e+00, x=[0, 0, 0, 0, 0, 0, 0, 0, 0, 0, 0, 1, 1, 0, 0, 0, 0, 0, 0, 0, 0, 0, 0, 0, 0, 0, 0, 0, 0, 0, 0, 0, 0, 0, 0, 0] (1.974s)
  Sub: Z₀=20.028863 [TIME_LIMIT] (15.1s), α=[0.000,0.000,2.605,0.000,0.000,0.000,0.000,0.000,0.000,0.000,0.000,0.000,0.000,1.079,0.000,0.000,0.000,0.771,0.000,0.000,0.000,0.000,0.000,0.000,0.000,0.000,0.000,0.000,0.000,0.000,0.000,0.000,0.000,5.489,0.000,0.000]
  Iter 300: LB=-36.181642  UB=15.776859  gap=3.29e+00
  Cut: intercept=-105.001899, π_x_range=[-229.0000, 74.4960]

=== True-DRO Benders iter 301 ===
  OMP: t₀=-35.525707, UB=15.776859, gap=3.25e+00, x=[0, 0, 0, 0, 0, 0, 0, 0, 0, 0, 0, 0, 0, 0, 0, 0, 1, 0, 1, 0, 0, 0, 0, 0, 0, 0, 0, 0, 0, 0, 0, 0, 0, 0, 0, 0] (1.480s)
  Sub: Z₀=21.976893 [LOCAL] (0.2s), α=[0.000,0.000,5.254,0.000,0.000,0.000,0.000,0.000,0.000,0.000,0.000,0.000,0.000,0.000,0.000,0.000,0.000,0.000,0.000,0.000,0.000,0.000,0.000,0.000,0.000,0.000,0.000,0.000,0.000,0.337,0.000,0.000,0.438,3.916,0.000,0.000]
  Iter 301: LB=-35.525707  UB=15.776859  gap=3.25e+00
  Cut: intercept=-1140.064228, π_x_range=[-824.7633, 588.8205]

=== True-DRO Benders iter 302 ===
  OMP: t₀=-35.438315, UB=15.776859, gap=3.25e+00, x=[0, 0, 0, 0, 0, 0, 0, 0, 0, 0, 1, 0, 0, 0, 0, 0, 0, 0, 1, 0, 0, 0, 0, 0, 0, 0, 0, 0, 0, 0, 0, 0, 0, 0, 0, 0] (1.938s)
  Sub: Z₀=21.976893 [LOCAL] (0.3s), α=[0.000,0.000,5.254,0.000,0.000,0.000,0.000,0.000,0.000,0.000,0.000,0.000,0.000,0.000,0.000,0.000,0.000,0.000,0.000,0.000,0.000,0.000,0.000,0.000,0.000,0.000,0.000,0.000,0.000,0.337,0.000,0.000,0.384,3.969,0.000,0.000]
  Iter 302: LB=-35.438315  UB=15.776859  gap=3.25e+00
  Cut: intercept=-1121.958753, π_x_range=[-824.7216, 572.6729]

=== True-DRO Benders iter 303 ===
  OMP: t₀=-35.388225, UB=15.776859, gap=3.24e+00, x=[0, 1, 0, 0, 0, 0, 0, 0, 0, 0, 0, 0, 0, 0, 0, 0, 0, 0, 1, 0, 0, 0, 0, 0, 0, 0, 0, 0, 0, 0, 0, 0, 0, 0, 0, 0] (1.701s)
  Sub: Z₀=21.976893 [LOCAL] (0.2s), α=[0.000,0.000,5.254,0.000,0.000,0.000,0.000,0.000,0.000,0.000,0.000,0.000,0.000,0.000,0.000,0.000,0.000,0.000,0.000,0.000,0.000,0.000,0.000,0.000,0.000,0.000,0.000,0.000,0.000,0.337,0.000,0.000,0.383,3.970,0.000,0.000]
  Iter 303: LB=-35.388225  UB=15.776859  gap=3.24e+00
  Cut: intercept=-1124.348397, π_x_range=[-823.4365, 573.2898]

=== True-DRO Benders iter 304 ===
  OMP: t₀=-35.388215, UB=15.776859, gap=3.24e+00, x=[1, 0, 0, 0, 0, 0, 0, 0, 0, 0, 0, 0, 0, 0, 0, 0, 0, 0, 1, 0, 0, 0, 0, 0, 0, 0, 0, 0, 0, 0, 0, 0, 0, 0, 0, 0] (1.730s)
  Sub: Z₀=21.976893 [LOCAL] (0.2s), α=[0.000,0.000,5.254,0.000,0.000,0.000,0.000,0.000,0.000,0.000,0.000,0.000,0.000,0.000,0.000,0.000,0.000,0.000,0.000,0.000,0.000,0.000,0.000,0.000,0.000,0.000,0.000,0.000,0.000,0.337,0.000,0.000,0.398,3.955,0.000,0.000]
  Iter 304: LB=-35.388215  UB=15.776859  gap=3.24e+00
  Cut: intercept=-1140.714175, π_x_range=[-824.4418, 589.4029]

=== True-DRO Benders iter 305 ===
  OMP: t₀=-35.388194, UB=15.776859, gap=3.24e+00, x=[0, 0, 0, 1, 0, 0, 0, 0, 0, 0, 0, 0, 0, 0, 0, 0, 0, 0, 1, 0, 0, 0, 0, 0, 0, 0, 0, 0, 0, 0, 0, 0, 0, 0, 0, 0] (1.757s)
  Sub: Z₀=21.976895 [TIME_LIMIT] (15.1s), α=[0.000,0.000,5.254,0.000,0.000,0.000,0.000,0.000,0.000,0.000,0.000,0.000,0.000,0.000,0.000,0.000,0.000,0.000,0.000,0.000,0.000,0.000,0.000,0.000,0.000,0.000,0.000,0.000,0.000,0.337,0.000,0.000,0.856,3.497,0.000,0.000]
  Iter 305: LB=-35.388194  UB=15.776859  gap=3.24e+00
  Cut: intercept=-69.164919, π_x_range=[-229.0000, 67.5930]

=== True-DRO Benders iter 306 ===
  OMP: t₀=-35.388120, UB=15.776859, gap=3.24e+00, x=[0, 0, 0, 0, 0, 0, 0, 0, 0, 0, 0, 1, 0, 0, 0, 0, 0, 0, 1, 0, 0, 0, 0, 0, 0, 0, 0, 0, 0, 0, 0, 0, 0, 0, 0, 0] (1.380s)
  Sub: Z₀=21.976893 [LOCAL] (0.3s), α=[0.000,0.000,5.254,0.000,0.000,0.000,0.000,0.000,0.000,0.000,0.000,0.000,0.000,0.000,0.000,0.000,0.000,0.000,0.000,0.000,0.000,0.000,0.000,0.000,0.000,0.000,0.000,0.000,0.000,0.337,0.000,0.000,0.364,3.989,0.000,0.000]
  Iter 306: LB=-35.388120  UB=15.776859  gap=3.24e+00
  Cut: intercept=-1123.515356, π_x_range=[-824.7687, 573.2214]

=== True-DRO Benders iter 307 ===
  OMP: t₀=-35.388066, UB=15.776859, gap=3.24e+00, x=[0, 0, 0, 0, 0, 0, 0, 0, 0, 0, 0, 0, 0, 0, 0, 0, 0, 0, 1, 0, 0, 0, 0, 1, 0, 0, 0, 0, 0, 0, 0, 0, 0, 0, 0, 0] (1.365s)
  Sub: Z₀=21.976893 [LOCAL] (0.2s), α=[0.000,0.000,5.254,0.000,0.000,0.000,0.000,0.000,0.000,0.000,0.000,0.000,0.000,0.000,0.000,0.000,0.000,0.000,0.000,0.000,0.000,0.000,0.000,0.000,0.000,0.000,0.000,0.000,0.000,0.337,0.000,0.000,0.428,3.925,0.000,0.000]
  Iter 307: LB=-35.388066  UB=15.776859  gap=3.24e+00
  Cut: intercept=-1132.406849, π_x_range=[-824.7481, 581.1124]

=== True-DRO Benders iter 308 ===
  OMP: t₀=-35.388064, UB=15.776859, gap=3.24e+00, x=[0, 0, 0, 0, 0, 0, 0, 0, 0, 0, 0, 0, 0, 0, 0, 0, 0, 0, 1, 0, 0, 0, 0, 0, 0, 0, 0, 0, 0, 0, 0, 0, 0, 0, 0, 1] (1.362s)
  Sub: Z₀=21.976893 [LOCAL] (0.3s), α=[0.000,0.000,5.254,0.000,0.000,0.000,0.000,0.000,0.000,0.000,0.000,0.000,0.000,0.000,0.000,0.000,0.000,0.000,0.000,0.000,0.000,0.000,0.000,0.000,0.000,0.000,0.000,0.000,0.000,0.337,0.000,0.000,0.387,3.966,0.000,0.000]
  Iter 308: LB=-35.388064  UB=15.776859  gap=3.24e+00
  Cut: intercept=-1131.909064, π_x_range=[-824.7373, 580.6115]

=== True-DRO Benders iter 309 ===
  OMP: t₀=-35.388056, UB=15.776859, gap=3.24e+00, x=[0, 0, 0, 0, 0, 0, 0, 1, 0, 0, 0, 0, 0, 0, 0, 0, 0, 0, 1, 0, 0, 0, 0, 0, 0, 0, 0, 0, 0, 0, 0, 0, 0, 0, 0, 0] (1.314s)
  Sub: Z₀=21.976893 [LOCAL] (0.2s), α=[0.000,0.000,5.254,0.000,0.000,0.000,0.000,0.000,0.000,0.000,0.000,0.000,0.000,0.000,0.000,0.000,0.000,0.000,0.000,0.000,0.000,0.000,0.000,0.000,0.000,0.000,0.000,0.000,0.000,0.337,0.000,0.000,0.432,3.922,0.000,0.000]
  Iter 309: LB=-35.388056  UB=15.776859  gap=3.24e+00
  Cut: intercept=-1120.967527, π_x_range=[-824.6472, 573.2832]

=== True-DRO Benders iter 310 ===
  OMP: t₀=-35.388009, UB=15.776859, gap=3.24e+00, x=[0, 0, 0, 0, 0, 0, 0, 0, 0, 0, 0, 0, 0, 0, 0, 0, 0, 0, 1, 0, 0, 0, 0, 0, 0, 0, 0, 0, 0, 0, 0, 0, 0, 0, 1, 0] (1.336s)
  Sub: Z₀=21.976895 [TIME_LIMIT] (15.1s), α=[0.000,0.000,5.254,0.000,0.000,0.000,0.000,0.000,0.000,0.000,0.000,0.000,0.000,0.000,0.000,0.000,0.000,0.000,0.000,0.000,0.000,0.000,0.000,0.000,0.000,0.000,0.000,0.000,0.000,0.337,0.000,0.000,0.624,3.730,0.000,0.000]
  Iter 310: LB=-35.388009  UB=15.776859  gap=3.24e+00
  Cut: intercept=-84.604585, π_x_range=[-229.0000, 67.5764]

=== True-DRO Benders iter 311 ===
  OMP: t₀=-35.387993, UB=15.776859, gap=3.24e+00, x=[0, 0, 0, 0, 0, 0, 0, 0, 0, 0, 0, 0, 0, 0, 1, 0, 0, 0, 1, 0, 0, 0, 0, 0, 0, 0, 0, 0, 0, 0, 0, 0, 0, 0, 0, 0] (1.832s)
  Sub: Z₀=21.976893 [LOCAL] (0.2s), α=[0.000,0.000,5.254,0.000,0.000,0.000,0.000,0.000,0.000,0.000,0.000,0.000,0.000,0.000,0.000,0.000,0.000,0.000,0.000,0.000,0.000,0.000,0.000,0.000,0.000,0.000,0.000,0.000,0.000,0.337,0.000,0.000,0.368,3.985,0.000,0.000]
  Iter 311: LB=-35.387993  UB=15.776859  gap=3.24e+00
  Cut: intercept=-1125.353955, π_x_range=[-824.7550, 574.0511]

=== True-DRO Benders iter 312 ===
  OMP: t₀=-34.440729, UB=15.776859, gap=3.18e+00, x=[0, 0, 0, 0, 0, 0, 1, 0, 0, 0, 0, 1, 0, 0, 0, 0, 0, 0, 0, 0, 0, 0, 0, 0, 0, 0, 0, 0, 0, 0, 0, 0, 0, 0, 0, 0] (1.624s)
  Sub: Z₀=22.761582 [LOCAL] (0.2s), α=[0.000,0.000,4.737,0.000,0.000,0.000,0.000,0.000,0.000,0.000,0.000,0.000,0.000,0.000,0.000,0.000,0.000,1.191,0.000,0.000,0.000,0.000,0.000,0.000,0.000,0.000,0.000,0.000,0.000,0.000,0.000,0.000,0.186,3.830,0.000,0.000]
  Iter 312: LB=-34.440729  UB=15.776859  gap=3.18e+00
  Cut: intercept=-1126.068823, π_x_range=[-822.6476, 581.1368]

=== True-DRO Benders iter 313 ===
  OMP: t₀=-34.440729, UB=15.776859, gap=3.18e+00, x=[0, 0, 0, 0, 0, 0, 1, 0, 0, 0, 0, 0, 0, 0, 0, 1, 0, 0, 0, 0, 0, 0, 0, 0, 0, 0, 0, 0, 0, 0, 0, 0, 0, 0, 0, 0] (1.814s)
  Sub: Z₀=22.761582 [LOCAL] (0.2s), α=[0.000,0.000,4.700,0.000,0.000,0.000,0.000,0.000,0.000,0.000,0.000,0.000,0.000,0.000,0.000,0.000,0.000,1.229,0.000,0.000,0.000,0.000,0.000,0.000,0.000,0.000,0.000,0.000,0.000,0.000,0.000,0.000,0.193,3.823,0.000,0.000]
  Iter 313: LB=-34.440729  UB=15.776859  gap=3.18e+00
  Cut: intercept=-1099.106313, π_x_range=[-822.6122, 581.1581]

=== True-DRO Benders iter 314 ===
  OMP: t₀=-32.430792, UB=15.776859, gap=3.06e+00, x=[0, 0, 0, 0, 0, 0, 0, 0, 0, 0, 0, 0, 0, 0, 0, 0, 0, 0, 1, 0, 0, 0, 0, 0, 0, 0, 0, 1, 0, 0, 0, 0, 0, 0, 0, 0] (1.761s)
  Sub: Z₀=20.933024 [LOCAL] (0.2s), α=[0.000,0.000,5.422,0.000,0.000,0.000,0.000,0.000,0.000,0.000,0.000,0.000,0.000,0.000,0.000,0.000,0.000,0.000,0.000,0.000,0.000,0.000,0.000,0.000,0.000,0.000,0.000,0.000,0.000,0.000,0.000,0.000,0.564,3.958,0.000,0.000]
  Iter 314: LB=-32.430792  UB=15.776859  gap=3.06e+00
  Cut: intercept=-1133.397416, π_x_range=[-824.7947, 578.1817]

=== True-DRO Benders iter 315 ===
  OMP: t₀=-31.874615, UB=15.776859, gap=3.02e+00, x=[0, 0, 0, 0, 0, 0, 0, 0, 0, 0, 0, 0, 0, 0, 0, 1, 0, 1, 0, 0, 0, 0, 0, 0, 0, 0, 0, 0, 0, 0, 0, 0, 0, 0, 0, 0] (1.645s)
  Sub: Z₀=19.642050 [TIME_LIMIT] (15.1s), α=[0.000,0.000,6.046,0.000,0.000,0.000,0.000,0.000,0.000,0.000,0.000,0.000,0.000,0.000,0.000,0.000,0.000,0.370,0.000,0.000,0.000,0.000,0.000,0.000,0.000,0.000,0.000,0.000,0.000,0.000,0.000,0.000,0.571,2.957,0.000,0.000]
  Iter 315: LB=-31.874615  UB=15.776859  gap=3.02e+00
  Cut: intercept=-22.780086, π_x_range=[-166.2831, 42.4221]

=== True-DRO Benders iter 316 ===
  OMP: t₀=-31.400731, UB=15.776859, gap=2.99e+00, x=[0, 0, 0, 0, 0, 0, 1, 0, 0, 0, 0, 0, 0, 0, 0, 0, 0, 0, 0, 0, 0, 0, 0, 0, 0, 0, 0, 1, 0, 0, 0, 0, 0, 0, 0, 0] (1.629s)
  Sub: Z₀=21.975825 [LOCAL] (0.2s), α=[0.000,0.000,5.701,0.000,0.000,0.000,0.000,0.000,0.000,0.000,0.000,0.000,0.000,0.000,0.000,0.000,0.000,0.000,0.000,0.000,0.000,0.000,0.000,0.000,0.000,0.000,0.000,0.000,0.000,0.000,0.000,0.000,0.309,3.934,0.000,0.000]
  Iter 316: LB=-31.400731  UB=15.776859  gap=2.99e+00
  Cut: intercept=-1138.333190, π_x_range=[-824.1641, 581.5739]

=== True-DRO Benders iter 317 ===
  OMP: t₀=-31.024028, UB=15.776859, gap=2.97e+00, x=[0, 0, 0, 0, 0, 0, 0, 0, 0, 0, 0, 0, 0, 0, 0, 0, 0, 1, 0, 0, 0, 0, 0, 0, 0, 0, 0, 0, 0, 0, 0, 1, 0, 0, 0, 0] (1.522s)
  Sub: Z₀=19.642048 [LOCAL] (0.2s), α=[0.000,0.000,5.928,0.000,0.000,0.000,0.000,0.000,0.000,0.000,0.000,0.000,0.000,0.000,0.000,0.000,0.000,0.488,0.000,0.000,0.000,0.000,0.000,0.000,0.000,0.000,0.000,0.000,0.000,0.000,0.000,0.000,0.199,3.329,0.000,0.000]
  Iter 317: LB=-31.024028  UB=15.776859  gap=2.97e+00
  Cut: intercept=-1130.727275, π_x_range=[-825.3875, 593.2351]

=== True-DRO Benders iter 318 ===
  OMP: t₀=-31.024027, UB=15.776859, gap=2.97e+00, x=[0, 0, 0, 0, 0, 0, 0, 0, 0, 0, 1, 0, 0, 0, 0, 0, 0, 1, 0, 0, 0, 0, 0, 0, 0, 0, 0, 0, 0, 0, 0, 0, 0, 0, 0, 0] (1.622s)
  Sub: Z₀=19.642048 [LOCAL] (0.2s), α=[0.000,0.000,5.923,0.000,0.000,0.000,0.000,0.000,0.000,0.000,0.000,0.000,0.000,0.000,0.000,0.000,0.000,0.493,0.000,0.000,0.000,0.000,0.000,0.000,0.000,0.000,0.000,0.000,0.000,0.000,0.000,0.000,0.225,3.303,0.000,0.000]
  Iter 318: LB=-31.024027  UB=15.776859  gap=2.97e+00
  Cut: intercept=-1146.060365, π_x_range=[-825.3438, 593.2411]

=== True-DRO Benders iter 319 ===
  OMP: t₀=-30.757670, UB=15.776859, gap=2.95e+00, x=[0, 0, 0, 0, 0, 0, 0, 0, 0, 0, 1, 0, 0, 0, 0, 0, 0, 0, 0, 0, 0, 0, 0, 0, 0, 0, 0, 0, 1, 0, 0, 0, 0, 0, 0, 0] (1.557s)
  Sub: Z₀=22.459266 [LOCAL] (0.3s), α=[0.000,0.000,5.928,0.000,0.000,0.000,0.000,0.000,0.000,0.000,0.000,0.000,0.000,0.000,0.000,0.000,0.000,0.000,0.000,0.000,0.000,0.000,0.000,0.000,0.000,0.000,0.000,0.000,0.000,0.000,0.000,0.000,0.210,3.806,0.000,0.000]
  Iter 319: LB=-30.757670  UB=15.776859  gap=2.95e+00
  Cut: intercept=-1114.600733, π_x_range=[-824.2048, 572.5188]

=== True-DRO Benders iter 320 ===
  OMP: t₀=-30.652525, UB=15.776859, gap=2.94e+00, x=[0, 0, 0, 0, 0, 0, 0, 0, 0, 0, 0, 0, 0, 0, 0, 0, 0, 0, 0, 0, 0, 0, 0, 0, 0, 0, 0, 1, 0, 0, 1, 0, 0, 0, 0, 0] (1.608s)
  Sub: Z₀=21.733664 [TIME_LIMIT] (15.1s), α=[0.000,0.000,6.416,0.000,0.000,0.000,0.000,0.000,0.000,0.000,0.000,0.000,0.000,0.000,0.000,0.000,0.000,0.000,0.000,0.000,0.000,0.000,0.000,0.000,0.000,0.000,0.000,0.000,0.000,0.000,0.000,0.000,0.513,3.015,0.000,0.000]
  Iter 320: LB=-30.652525  UB=15.776859  gap=2.94e+00
  Cut: intercept=8.177918, π_x_range=[-179.9636, 10.3408]

=== True-DRO Benders iter 321 ===
  OMP: t₀=-30.446059, UB=15.776859, gap=2.93e+00, x=[0, 0, 0, 1, 0, 0, 0, 0, 0, 0, 0, 0, 0, 0, 0, 0, 0, 0, 0, 0, 0, 0, 0, 0, 0, 0, 0, 0, 1, 0, 0, 0, 0, 0, 0, 0] (1.320s)
  Sub: Z₀=22.459266 [LOCAL] (0.3s), α=[0.000,0.000,5.928,0.000,0.000,0.000,0.000,0.000,0.000,0.000,0.000,0.000,0.000,0.000,0.000,0.000,0.000,0.000,0.000,0.000,0.000,0.000,0.000,0.000,0.000,0.000,0.000,0.000,0.000,0.000,0.000,0.000,0.349,3.667,0.000,0.000]
  Iter 321: LB=-30.446059  UB=15.776859  gap=2.93e+00
  Cut: intercept=-1123.546073, π_x_range=[-824.2789, 581.6132]

=== True-DRO Benders iter 322 ===
  OMP: t₀=-30.445966, UB=15.776859, gap=2.93e+00, x=[0, 0, 0, 0, 0, 0, 0, 0, 0, 0, 0, 0, 0, 0, 0, 0, 0, 0, 0, 0, 0, 0, 0, 0, 0, 0, 0, 0, 1, 0, 0, 1, 0, 0, 0, 0] (1.492s)
  Sub: Z₀=22.459266 [LOCAL] (0.3s), α=[0.000,0.000,5.928,0.000,0.000,0.000,0.000,0.000,0.000,0.000,0.000,0.000,0.000,0.000,0.000,0.000,0.000,0.000,0.000,0.000,0.000,0.000,0.000,0.000,0.000,0.000,0.000,0.000,0.000,0.000,0.000,0.000,0.206,3.810,0.000,0.000]
  Iter 322: LB=-30.445966  UB=15.776859  gap=2.93e+00
  Cut: intercept=-1096.876090, π_x_range=[-824.2435, 564.3672]

=== True-DRO Benders iter 323 ===
  OMP: t₀=-30.445928, UB=15.776859, gap=2.93e+00, x=[0, 0, 0, 0, 0, 0, 0, 0, 0, 0, 0, 0, 0, 0, 0, 1, 0, 0, 0, 0, 0, 0, 0, 0, 0, 0, 0, 0, 1, 0, 0, 0, 0, 0, 0, 0] (1.412s)
  Sub: Z₀=22.459266 [LOCAL] (0.2s), α=[0.000,0.000,5.928,0.000,0.000,0.000,0.000,0.000,0.000,0.000,0.000,0.000,0.000,0.000,0.000,0.000,0.000,0.000,0.000,0.000,0.000,0.000,0.000,0.000,0.000,0.000,0.000,0.000,0.000,0.000,0.000,0.000,0.203,3.813,0.000,0.000]
  Iter 323: LB=-30.445928  UB=15.776859  gap=2.93e+00
  Cut: intercept=-1088.945974, π_x_range=[-824.2598, 564.4500]

=== True-DRO Benders iter 324 ===
  OMP: t₀=-30.445905, UB=15.776859, gap=2.93e+00, x=[0, 0, 0, 0, 0, 0, 0, 0, 0, 0, 0, 0, 0, 0, 0, 0, 0, 0, 0, 0, 0, 0, 0, 0, 0, 0, 0, 0, 1, 0, 0, 0, 0, 0, 1, 0] (1.346s)
  Sub: Z₀=22.459266 [LOCAL] (0.2s), α=[0.000,0.000,5.928,0.000,0.000,0.000,0.000,0.000,0.000,0.000,0.000,0.000,0.000,0.000,0.000,0.000,0.000,0.000,0.000,0.000,0.000,0.000,0.000,0.000,0.000,0.000,0.000,0.000,0.000,0.000,0.000,0.000,0.216,3.800,0.000,0.000]
  Iter 324: LB=-30.445905  UB=15.776859  gap=2.93e+00
  Cut: intercept=-1118.845276, π_x_range=[-824.3086, 576.9274]

=== True-DRO Benders iter 325 ===
  OMP: t₀=-30.445867, UB=15.776859, gap=2.93e+00, x=[0, 0, 0, 0, 0, 0, 0, 0, 0, 0, 0, 1, 0, 0, 0, 0, 0, 0, 0, 0, 0, 0, 0, 0, 0, 0, 0, 0, 1, 0, 0, 0, 0, 0, 0, 0] (1.267s)
  Sub: Z₀=22.483966 [TIME_LIMIT] (15.1s), α=[0.000,0.000,6.416,0.000,0.000,0.000,0.000,0.000,0.000,0.000,0.000,0.000,0.000,0.000,0.000,0.000,0.000,0.000,0.000,0.000,0.000,0.000,0.000,0.000,0.000,0.000,0.000,0.000,0.000,0.000,0.000,0.000,1.229,2.300,0.000,0.000]
  Iter 325: LB=-30.445867  UB=15.776859  gap=2.93e+00
  Cut: intercept=-114.743655, π_x_range=[-218.0000, 86.7029]

=== True-DRO Benders iter 326 ===
  OMP: t₀=-30.445867, UB=15.776859, gap=2.93e+00, x=[0, 0, 0, 0, 0, 0, 0, 0, 0, 0, 0, 0, 0, 0, 1, 0, 0, 0, 0, 0, 0, 0, 0, 0, 0, 0, 0, 0, 1, 0, 0, 0, 0, 0, 0, 0] (1.345s)
  Sub: Z₀=22.459266 [LOCAL] (0.2s), α=[0.000,0.000,5.928,0.000,0.000,0.000,0.000,0.000,0.000,0.000,0.000,0.000,0.000,0.000,0.000,0.000,0.000,0.000,0.000,0.000,0.000,0.000,0.000,0.000,0.000,0.000,0.000,0.000,0.000,0.000,0.000,0.000,0.207,3.809,0.000,0.000]
  Iter 326: LB=-30.445867  UB=15.776859  gap=2.93e+00
  Cut: intercept=-1115.973337, π_x_range=[-824.2468, 574.0698]

=== True-DRO Benders iter 327 ===
  OMP: t₀=-30.445862, UB=15.776859, gap=2.93e+00, x=[0, 0, 0, 0, 0, 0, 0, 1, 0, 0, 0, 0, 0, 0, 0, 0, 0, 0, 0, 0, 0, 0, 0, 0, 0, 0, 0, 0, 1, 0, 0, 0, 0, 0, 0, 0] (1.313s)
  Sub: Z₀=22.459266 [LOCAL] (0.2s), α=[0.000,0.000,5.928,0.000,0.000,0.000,0.000,0.000,0.000,0.000,0.000,0.000,0.000,0.000,0.000,0.000,0.000,0.000,0.000,0.000,0.000,0.000,0.000,0.000,0.000,0.000,0.000,0.000,0.000,0.000,0.000,0.000,0.244,3.772,0.000,0.000]
  Iter 327: LB=-30.445862  UB=15.776859  gap=2.93e+00
  Cut: intercept=-1112.166792, π_x_range=[-824.1334, 570.2329]

=== True-DRO Benders iter 328 ===
  OMP: t₀=-30.445860, UB=15.776859, gap=2.93e+00, x=[0, 0, 0, 0, 0, 0, 0, 0, 0, 0, 0, 0, 0, 0, 0, 0, 0, 0, 0, 0, 0, 0, 0, 0, 0, 0, 0, 0, 1, 0, 0, 0, 0, 0, 0, 1] (1.348s)
  Sub: Z₀=22.459266 [LOCAL] (0.2s), α=[0.000,0.000,5.928,0.000,0.000,0.000,0.000,0.000,0.000,0.000,0.000,0.000,0.000,0.000,0.000,0.000,0.000,0.000,0.000,0.000,0.000,0.000,0.000,0.000,0.000,0.000,0.000,0.000,0.000,0.000,0.000,0.000,0.214,3.802,0.000,0.000]
  Iter 328: LB=-30.445860  UB=15.776859  gap=2.93e+00
  Cut: intercept=-1121.823469, π_x_range=[-824.2003, 579.9238]

=== True-DRO Benders iter 329 ===
  OMP: t₀=-30.445077, UB=15.776859, gap=2.93e+00, x=[0, 0, 0, 0, 0, 0, 0, 0, 0, 0, 0, 0, 0, 0, 0, 0, 0, 0, 0, 0, 1, 0, 0, 0, 0, 0, 0, 0, 1, 0, 0, 0, 0, 0, 0, 0] (1.342s)
  Sub: Z₀=22.459266 [LOCAL] (0.2s), α=[0.000,0.000,5.928,0.000,0.000,0.000,0.000,0.000,0.000,0.000,0.000,0.000,0.000,0.000,0.000,0.000,0.000,0.000,0.000,0.000,0.000,0.000,0.000,0.000,0.000,0.000,0.000,0.000,0.000,0.000,0.000,0.000,0.197,3.819,0.000,0.000]
  Iter 329: LB=-30.445077  UB=15.776859  gap=2.93e+00
  Cut: intercept=-1103.092824, π_x_range=[-824.2121, 564.3899]

=== True-DRO Benders iter 330 ===
  OMP: t₀=-29.542720, UB=15.776859, gap=2.87e+00, x=[0, 0, 0, 0, 0, 0, 0, 0, 0, 0, 0, 1, 0, 0, 0, 0, 0, 1, 0, 0, 0, 0, 0, 0, 0, 0, 0, 0, 0, 0, 0, 0, 0, 0, 0, 0] (1.325s)
  Sub: Z₀=19.642050 [TIME_LIMIT] (15.1s), α=[0.000,0.000,5.935,0.000,0.000,0.000,0.000,0.000,0.000,0.000,0.000,0.000,0.000,0.000,0.000,0.000,0.000,0.481,0.000,0.000,0.000,0.000,0.000,0.000,0.000,0.000,0.000,0.000,0.000,0.000,0.000,0.000,0.293,3.236,0.000,0.000]
  Iter 330: LB=-29.542720  UB=15.776859  gap=2.87e+00
  Cut: intercept=-88.167963, π_x_range=[-242.0000, 62.4995]

=== True-DRO Benders iter 331 ===
  OMP: t₀=-29.140969, UB=15.776859, gap=2.85e+00, x=[0, 0, 0, 0, 0, 0, 0, 0, 0, 0, 0, 0, 0, 0, 0, 0, 0, 0, 0, 0, 0, 0, 0, 0, 0, 0, 1, 0, 0, 1, 0, 0, 0, 0, 0, 0] (1.350s)
  Sub: Z₀=22.088168 [LOCAL] (0.2s), α=[0.000,0.000,5.148,0.000,0.000,0.001,0.000,0.000,0.000,0.000,0.000,0.000,0.000,0.053,0.000,0.000,0.000,0.062,0.000,0.000,0.000,0.000,0.000,0.000,0.000,0.000,0.000,0.000,0.000,0.263,0.092,0.000,1.272,3.053,0.000,0.000]
  Iter 331: LB=-29.140969  UB=15.776859  gap=2.85e+00
  Cut: intercept=-1155.865723, π_x_range=[-824.7869, 591.0003]

=== True-DRO Benders iter 332 ===
  OMP: t₀=-28.029717, UB=15.776859, gap=2.78e+00, x=[0, 1, 0, 0, 0, 0, 0, 0, 0, 0, 0, 0, 0, 0, 0, 0, 0, 0, 0, 0, 0, 0, 0, 0, 0, 0, 0, 0, 1, 0, 0, 0, 0, 0, 0, 0] (1.412s)
  Sub: Z₀=22.459266 [LOCAL] (0.3s), α=[0.000,0.000,5.928,0.000,0.000,0.000,0.000,0.000,0.000,0.000,0.000,0.000,0.000,0.000,0.000,0.000,0.000,0.000,0.000,0.000,0.000,0.000,0.000,0.000,0.000,0.000,0.000,0.000,0.000,0.000,0.000,0.000,0.212,3.804,0.000,0.000]
  Iter 332: LB=-28.029717  UB=15.776859  gap=2.78e+00
  Cut: intercept=-1115.982944, π_x_range=[-823.0207, 574.0462]

=== True-DRO Benders iter 333 ===
  OMP: t₀=-27.458660, UB=15.776859, gap=2.74e+00, x=[0, 0, 0, 0, 0, 0, 0, 0, 0, 0, 0, 0, 0, 1, 0, 0, 0, 0, 0, 0, 0, 0, 0, 0, 0, 0, 0, 0, 0, 0, 1, 0, 0, 0, 0, 0] (1.302s)
  Sub: Z₀=21.720280 [LOCAL] (0.2s), α=[0.000,0.000,4.857,0.000,0.000,0.000,0.000,0.000,0.000,0.000,0.000,0.000,0.000,0.000,0.000,0.000,0.000,0.566,0.000,0.000,0.000,0.000,0.000,0.000,0.000,0.000,0.000,0.000,0.000,0.000,0.000,0.000,0.022,4.500,0.000,0.000]
  Iter 333: LB=-27.458660  UB=15.776859  gap=2.74e+00
  Cut: intercept=-1157.094736, π_x_range=[-823.9187, 591.9396]

=== True-DRO Benders iter 334 ===
  OMP: t₀=-27.185505, UB=15.776859, gap=2.72e+00, x=[0, 1, 0, 0, 0, 0, 0, 0, 0, 0, 0, 0, 0, 0, 0, 0, 0, 0, 0, 0, 0, 0, 0, 0, 0, 0, 0, 0, 0, 0, 1, 0, 0, 0, 0, 0] (1.402s)
  Sub: Z₀=22.456450 [LOCAL] (0.3s), α=[0.000,0.000,5.375,0.000,0.000,0.000,0.000,0.000,0.000,0.000,0.000,0.000,0.000,0.000,0.000,0.000,0.000,0.048,0.000,0.000,0.000,0.000,0.000,0.000,0.000,0.000,0.000,0.000,0.000,0.000,0.000,0.000,1.296,3.226,0.000,0.000]
  Iter 334: LB=-27.185505  UB=15.776859  gap=2.72e+00
  Cut: intercept=-1138.981202, π_x_range=[-822.5864, 591.6644]

=== True-DRO Benders iter 335 ===
  OMP: t₀=-27.185499, UB=15.776859, gap=2.72e+00, x=[0, 0, 0, 1, 0, 0, 0, 0, 0, 0, 0, 0, 0, 0, 0, 0, 0, 0, 0, 0, 0, 0, 0, 0, 0, 0, 0, 0, 0, 0, 1, 0, 0, 0, 0, 0] (1.366s)
  Sub: Z₀=22.456452 [TIME_LIMIT] (15.2s), α=[0.000,0.000,5.293,0.000,0.000,0.000,0.000,0.000,0.000,0.000,0.000,0.000,0.000,0.000,0.000,0.000,0.000,0.130,0.000,0.000,0.000,0.000,0.000,0.000,0.000,0.000,0.000,0.000,0.000,0.000,0.000,0.000,1.939,2.583,0.000,0.000]
  Iter 335: LB=-27.185499  UB=15.776859  gap=2.72e+00
  Cut: intercept=4.465885, π_x_range=[-208.0000, 13.2630]

=== True-DRO Benders iter 336 ===
  OMP: t₀=-27.185345, UB=15.776859, gap=2.72e+00, x=[0, 0, 0, 0, 0, 0, 0, 0, 0, 0, 0, 0, 0, 0, 0, 0, 0, 0, 0, 0, 0, 0, 0, 0, 0, 0, 0, 0, 0, 0, 1, 0, 0, 0, 1, 0] (1.466s)
  Sub: Z₀=22.456450 [LOCAL] (0.2s), α=[0.000,0.000,5.362,0.000,0.000,0.000,0.000,0.000,0.000,0.000,0.000,0.000,0.000,0.000,0.000,0.000,0.000,0.061,0.000,0.000,0.000,0.000,0.000,0.000,0.000,0.000,0.000,0.000,0.000,0.000,0.000,0.000,1.305,3.217,0.000,0.000]
  Iter 336: LB=-27.185345  UB=15.776859  gap=2.72e+00
  Cut: intercept=-1141.769154, π_x_range=[-823.9728, 591.6542]

=== True-DRO Benders iter 337 ===
  OMP: t₀=-27.185317, UB=15.776859, gap=2.72e+00, x=[0, 0, 0, 0, 0, 0, 0, 0, 0, 0, 0, 0, 0, 0, 0, 0, 0, 0, 0, 0, 0, 0, 0, 0, 0, 1, 0, 0, 0, 0, 1, 0, 0, 0, 0, 0] (1.478s)
  Sub: Z₀=22.456450 [LOCAL] (0.3s), α=[0.000,0.000,5.371,0.000,0.000,0.000,0.000,0.000,0.000,0.000,0.000,0.000,0.000,0.000,0.000,0.000,0.000,0.051,0.000,0.000,0.000,0.000,0.000,0.000,0.000,0.000,0.000,0.000,0.000,0.000,0.000,0.000,1.333,3.189,0.000,0.000]
  Iter 337: LB=-27.185317  UB=15.776859  gap=2.72e+00
  Cut: intercept=-1104.498759, π_x_range=[-823.9631, 591.5821]

=== True-DRO Benders iter 338 ===
  OMP: t₀=-27.185307, UB=15.776859, gap=2.72e+00, x=[0, 0, 0, 0, 0, 0, 0, 0, 0, 0, 0, 0, 0, 0, 1, 0, 0, 0, 0, 0, 0, 0, 0, 0, 0, 0, 0, 0, 0, 0, 1, 0, 0, 0, 0, 0] (1.513s)
  Sub: Z₀=22.456450 [LOCAL] (0.3s), α=[0.000,0.000,5.370,0.000,0.000,0.000,0.000,0.000,0.000,0.000,0.000,0.000,0.000,0.000,0.000,0.000,0.000,0.052,0.000,0.000,0.000,0.000,0.000,0.000,0.000,0.000,0.000,0.000,0.000,0.000,0.000,0.000,1.220,3.302,0.000,0.000]
  Iter 338: LB=-27.185307  UB=15.776859  gap=2.72e+00
  Cut: intercept=-1137.823108, π_x_range=[-823.9077, 591.6569]

=== True-DRO Benders iter 339 ===
  OMP: t₀=-27.185302, UB=15.776859, gap=2.72e+00, x=[0, 0, 0, 0, 0, 0, 0, 1, 0, 0, 0, 0, 0, 0, 0, 0, 0, 0, 0, 0, 0, 0, 0, 0, 0, 0, 0, 0, 0, 0, 1, 0, 0, 0, 0, 0] (1.515s)
  Sub: Z₀=22.456451 [LOCAL] (0.3s), α=[0.000,0.000,5.372,0.000,0.000,0.000,0.000,0.000,0.000,0.000,0.000,0.000,0.000,0.000,0.000,0.000,0.000,0.051,0.000,0.000,0.000,0.000,0.000,0.000,0.000,0.000,0.000,0.000,0.000,0.000,0.000,0.000,1.387,3.135,0.000,0.000]
  Iter 339: LB=-27.185302  UB=15.776859  gap=2.72e+00
  Cut: intercept=-1133.438898, π_x_range=[-823.8236, 591.6285]

=== True-DRO Benders iter 340 ===
  OMP: t₀=-27.185300, UB=15.776859, gap=2.72e+00, x=[0, 0, 0, 0, 0, 0, 0, 0, 0, 0, 0, 0, 0, 0, 0, 0, 0, 0, 0, 0, 0, 0, 0, 0, 0, 0, 0, 0, 0, 0, 1, 0, 0, 0, 0, 1] (1.475s)
  Sub: Z₀=22.456452 [TIME_LIMIT] (15.2s), α=[0.000,0.000,5.295,0.000,0.000,0.000,0.000,0.000,0.000,0.000,0.000,0.000,0.000,0.000,0.000,0.000,0.000,0.127,0.000,0.000,0.000,0.000,0.000,0.000,0.000,0.000,0.000,0.000,0.000,0.000,0.000,0.000,1.511,3.011,0.000,0.000]
  Iter 340: LB=-27.185300  UB=15.776859  gap=2.72e+00
  Cut: intercept=2.744484, π_x_range=[-350.5743, 12.4167]

=== True-DRO Benders iter 341 ===
  OMP: t₀=-27.184517, UB=15.776859, gap=2.72e+00, x=[0, 0, 0, 0, 0, 0, 0, 0, 0, 0, 0, 0, 0, 0, 0, 0, 0, 0, 0, 0, 1, 0, 0, 0, 0, 0, 0, 0, 0, 0, 1, 0, 0, 0, 0, 0] (1.602s)
  Sub: Z₀=22.456450 [LOCAL] (0.2s), α=[0.000,0.000,5.369,0.000,0.000,0.000,0.000,0.000,0.000,0.000,0.000,0.000,0.000,0.000,0.000,0.000,0.000,0.053,0.000,0.000,0.000,0.000,0.000,0.000,0.000,0.000,0.000,0.000,0.000,0.000,0.000,0.000,1.182,3.340,0.000,0.000]
  Iter 341: LB=-27.184517  UB=15.776859  gap=2.72e+00
  Cut: intercept=-1121.561014, π_x_range=[-823.8884, 591.6231]

=== True-DRO Benders iter 342 ===
  OMP: t₀=-25.085081, UB=15.776859, gap=2.59e+00, x=[0, 0, 0, 0, 0, 0, 1, 0, 0, 0, 0, 0, 0, 0, 0, 0, 0, 0, 0, 0, 0, 0, 0, 0, 0, 0, 0, 0, 0, 0, 0, 0, 0, 0, 0, 1] (2.118s)
  Sub: Z₀=22.761582 [LOCAL] (0.2s), α=[0.000,0.000,4.726,0.000,0.000,0.000,0.000,0.000,0.000,0.000,0.000,0.000,0.000,0.000,0.000,0.000,0.000,1.202,0.000,0.000,0.000,0.000,0.000,0.000,0.000,0.000,0.000,0.000,0.000,0.000,0.000,0.000,0.197,3.819,0.000,0.000]
  Iter 342: LB=-25.085081  UB=15.776859  gap=2.59e+00
  Cut: intercept=-1133.841987, π_x_range=[-822.6039, 581.1566]

=== True-DRO Benders iter 343 ===
  OMP: t₀=-24.852840, UB=15.776859, gap=2.58e+00, x=[0, 0, 0, 0, 0, 0, 0, 0, 0, 0, 1, 0, 0, 0, 0, 0, 0, 0, 0, 1, 0, 0, 0, 0, 0, 0, 0, 0, 0, 0, 0, 0, 0, 0, 0, 0] (1.735s)
  Sub: Z₀=22.935501 [LOCAL] (0.2s), α=[0.000,0.000,5.422,0.000,0.000,0.000,0.000,0.000,0.000,0.000,0.000,0.000,0.000,0.000,0.000,0.000,0.000,0.000,0.000,0.000,0.000,0.000,0.000,0.000,0.000,0.000,0.000,0.000,0.000,0.000,0.000,0.000,0.528,3.994,0.000,0.000]
  Iter 343: LB=-24.852840  UB=15.776859  gap=2.58e+00
  Cut: intercept=-1126.864988, π_x_range=[-823.7697, 581.0756]

=== True-DRO Benders iter 344 ===
  OMP: t₀=-24.832452, UB=15.776859, gap=2.57e+00, x=[0, 0, 0, 0, 0, 0, 0, 0, 1, 0, 0, 0, 0, 0, 0, 0, 0, 0, 0, 0, 0, 0, 0, 0, 0, 0, 1, 0, 0, 0, 0, 0, 0, 0, 0, 0] (1.803s)
  Sub: Z₀=22.906683 [LOCAL] (0.1s), α=[0.000,0.000,5.422,0.000,0.000,0.000,0.000,0.000,0.000,0.000,0.000,0.000,0.000,0.000,0.000,0.000,0.000,0.000,0.000,0.000,0.000,0.000,0.000,0.000,0.000,0.000,0.000,0.000,0.000,0.000,0.000,0.000,0.295,4.227,0.000,0.000]
  Iter 344: LB=-24.832452  UB=15.776859  gap=2.57e+00
  Cut: intercept=-1147.351806, π_x_range=[-823.5923, 587.3822]

=== True-DRO Benders iter 345 ===
  OMP: t₀=-24.812235, UB=15.776859, gap=2.57e+00, x=[0, 0, 0, 0, 0, 0, 0, 0, 0, 0, 0, 0, 0, 0, 0, 0, 1, 0, 0, 1, 0, 0, 0, 0, 0, 0, 0, 0, 0, 0, 0, 0, 0, 0, 0, 0] (1.890s)
  Sub: Z₀=22.935504 [TIME_LIMIT] (15.1s), α=[0.000,0.000,5.422,0.000,0.000,0.000,0.000,0.000,0.000,0.000,0.000,0.000,0.000,0.000,0.000,0.000,0.000,0.000,0.000,0.000,0.000,0.000,0.000,0.000,0.000,0.000,0.000,0.000,0.000,0.000,0.000,0.000,1.077,3.445,0.000,0.000]
  Iter 345: LB=-24.812235  UB=15.776859  gap=2.57e+00
  Cut: intercept=-18.997810, π_x_range=[-249.0000, 23.9406]

=== True-DRO Benders iter 346 ===
  OMP: t₀=-24.681967, UB=15.776859, gap=2.56e+00, x=[0, 0, 0, 0, 0, 0, 1, 0, 0, 0, 0, 0, 0, 0, 0, 0, 0, 0, 0, 0, 0, 0, 0, 1, 0, 0, 0, 0, 0, 0, 0, 0, 0, 0, 0, 0] (1.438s)
  Sub: Z₀=22.761582 [LOCAL] (0.2s), α=[0.000,0.000,4.706,0.000,0.000,0.000,0.000,0.000,0.000,0.000,0.000,0.000,0.000,0.000,0.000,0.000,0.000,1.222,0.000,0.000,0.000,0.000,0.000,0.000,0.000,0.000,0.000,0.000,0.000,0.000,0.000,0.000,0.232,3.784,0.000,0.000]
  Iter 346: LB=-24.681967  UB=15.776859  gap=2.56e+00
  Cut: intercept=-1136.924250, π_x_range=[-822.6237, 581.1354]

=== True-DRO Benders iter 347 ===
  OMP: t₀=-24.680627, UB=15.776859, gap=2.56e+00, x=[0, 0, 0, 0, 0, 0, 0, 0, 0, 0, 0, 0, 0, 0, 0, 0, 0, 0, 0, 1, 0, 0, 0, 0, 0, 0, 0, 1, 0, 0, 0, 0, 0, 0, 0, 0] (1.414s)
  Sub: Z₀=22.214960 [LOCAL] (0.2s), α=[0.000,0.000,5.422,0.000,0.000,0.000,0.000,0.000,0.000,0.000,0.000,0.000,0.000,0.000,0.000,0.000,0.000,0.000,0.000,0.000,0.000,0.000,0.000,0.000,0.000,0.000,0.000,0.000,0.000,0.000,0.000,0.000,0.646,3.876,0.000,0.000]
  Iter 347: LB=-24.680627  UB=15.776859  gap=2.56e+00
  Cut: intercept=-1137.878994, π_x_range=[-824.5464, 580.7760]

=== True-DRO Benders iter 348 ===
  OMP: t₀=-24.541236, UB=15.776859, gap=2.56e+00, x=[0, 1, 0, 0, 0, 0, 0, 0, 0, 0, 0, 0, 0, 0, 0, 0, 0, 0, 0, 1, 0, 0, 0, 0, 0, 0, 0, 0, 0, 0, 0, 0, 0, 0, 0, 0] (1.620s)
  Sub: Z₀=22.935501 [LOCAL] (0.1s), α=[0.000,0.000,5.422,0.000,0.000,0.000,0.000,0.000,0.000,0.000,0.000,0.000,0.000,0.000,0.000,0.000,0.000,0.000,0.000,0.000,0.000,0.000,0.000,0.000,0.000,0.000,0.000,0.000,0.000,0.000,0.000,0.000,0.520,4.002,0.000,0.000]
  Iter 348: LB=-24.541236  UB=15.776859  gap=2.56e+00
  Cut: intercept=-1129.759732, π_x_range=[-822.5614, 581.1469]

=== True-DRO Benders iter 349 ===
  OMP: t₀=-24.541230, UB=15.776859, gap=2.56e+00, x=[0, 0, 0, 1, 0, 0, 0, 0, 0, 0, 0, 0, 0, 0, 0, 0, 0, 0, 0, 1, 0, 0, 0, 0, 0, 0, 0, 0, 0, 0, 0, 0, 0, 0, 0, 0] (1.430s)
  Sub: Z₀=22.935501 [LOCAL] (0.2s), α=[0.000,0.000,5.422,0.000,0.000,0.000,0.000,0.000,0.000,0.000,0.000,0.000,0.000,0.000,0.000,0.000,0.000,0.000,0.000,0.000,0.000,0.000,0.000,0.000,0.000,0.000,0.000,0.000,0.000,0.000,0.000,0.000,0.739,3.783,0.000,0.000]
  Iter 349: LB=-24.541230  UB=15.776859  gap=2.56e+00
  Cut: intercept=-1138.249253, π_x_range=[-823.8427, 581.1509]

=== True-DRO Benders iter 350 ===
  OMP: t₀=-24.541136, UB=15.776859, gap=2.56e+00, x=[0, 0, 0, 0, 0, 0, 0, 0, 0, 0, 0, 0, 0, 0, 0, 0, 0, 0, 0, 1, 0, 0, 0, 0, 0, 0, 0, 0, 0, 0, 0, 1, 0, 0, 0, 0] (1.440s)
  Sub: Z₀=22.940630 [TIME_LIMIT] (15.1s), α=[0.000,0.000,5.520,0.000,0.000,0.000,0.000,0.000,0.000,0.000,0.000,0.000,0.000,0.000,0.000,0.000,0.000,0.000,0.000,0.000,0.000,0.000,0.000,0.000,0.000,0.000,0.000,0.000,0.000,0.000,0.000,0.000,0.673,3.751,0.000,0.000]
  Iter 350: LB=-24.541136  UB=15.776859  gap=2.56e+00
  Cut: intercept=22.940630, π_x_range=[-180.5111, 0.0000]

=== True-DRO Benders iter 351 ===
  OMP: t₀=-24.541098, UB=15.776859, gap=2.56e+00, x=[0, 0, 0, 0, 0, 0, 0, 0, 0, 0, 0, 0, 0, 0, 0, 1, 0, 0, 0, 1, 0, 0, 0, 0, 0, 0, 0, 0, 0, 0, 0, 0, 0, 0, 0, 0] (1.482s)
  Sub: Z₀=22.935501 [LOCAL] (0.2s), α=[0.000,0.000,5.422,0.000,0.000,0.000,0.000,0.000,0.000,0.000,0.000,0.000,0.000,0.000,0.000,0.000,0.000,0.000,0.000,0.000,0.000,0.000,0.000,0.000,0.000,0.000,0.000,0.000,0.000,0.000,0.000,0.000,0.508,4.014,0.000,0.000]
  Iter 351: LB=-24.541098  UB=15.776859  gap=2.56e+00
  Cut: intercept=-1100.801730, π_x_range=[-823.8196, 581.1450]

=== True-DRO Benders iter 352 ===
  OMP: t₀=-24.541085, UB=15.776859, gap=2.56e+00, x=[0, 0, 0, 0, 1, 0, 0, 0, 0, 0, 0, 0, 0, 0, 0, 0, 0, 0, 0, 1, 0, 0, 0, 0, 0, 0, 0, 0, 0, 0, 0, 0, 0, 0, 0, 0] (1.494s)
  Sub: Z₀=22.935501 [LOCAL] (0.2s), α=[0.000,0.000,5.422,0.000,0.000,0.000,0.000,0.000,0.000,0.000,0.000,0.000,0.000,0.000,0.000,0.000,0.000,0.000,0.000,0.000,0.000,0.000,0.000,0.000,0.000,0.000,0.000,0.000,0.000,0.000,0.000,0.000,0.406,4.116,0.000,0.000]
  Iter 352: LB=-24.541085  UB=15.776859  gap=2.56e+00
  Cut: intercept=-1115.243679, π_x_range=[-823.8170, 581.1610]

=== True-DRO Benders iter 353 ===
  OMP: t₀=-24.541075, UB=15.776859, gap=2.56e+00, x=[0, 0, 0, 0, 0, 0, 0, 0, 0, 0, 0, 0, 0, 0, 0, 0, 0, 0, 0, 1, 0, 0, 0, 0, 0, 0, 0, 0, 0, 0, 0, 0, 0, 0, 1, 0] (1.516s)
  Sub: Z₀=22.935501 [LOCAL] (0.2s), α=[0.000,0.000,5.422,0.000,0.000,0.000,0.000,0.000,0.000,0.000,0.000,0.000,0.000,0.000,0.000,0.000,0.000,0.000,0.000,0.000,0.000,0.000,0.000,0.000,0.000,0.000,0.000,0.000,0.000,0.000,0.000,0.000,0.528,3.994,0.000,0.000]
  Iter 353: LB=-24.541075  UB=15.776859  gap=2.56e+00
  Cut: intercept=-1132.872695, π_x_range=[-823.8792, 581.1514]

=== True-DRO Benders iter 354 ===
  OMP: t₀=-24.541048, UB=15.776859, gap=2.56e+00, x=[0, 0, 0, 0, 0, 0, 0, 0, 0, 0, 0, 0, 0, 0, 0, 0, 0, 0, 0, 1, 0, 0, 0, 0, 0, 1, 0, 0, 0, 0, 0, 0, 0, 0, 0, 0] (1.512s)
  Sub: Z₀=22.935501 [LOCAL] (0.2s), α=[0.000,0.000,5.422,0.000,0.000,0.000,0.000,0.000,0.000,0.000,0.000,0.000,0.000,0.000,0.000,0.000,0.000,0.000,0.000,0.000,0.000,0.000,0.000,0.000,0.000,0.000,0.000,0.000,0.000,0.000,0.000,0.000,0.550,3.972,0.000,0.000]
  Iter 354: LB=-24.541048  UB=15.776859  gap=2.56e+00
  Cut: intercept=-1095.019045, π_x_range=[-823.8992, 581.1623]

=== True-DRO Benders iter 355 ===
  OMP: t₀=-24.541037, UB=15.776859, gap=2.56e+00, x=[0, 0, 0, 0, 0, 0, 0, 0, 0, 0, 0, 1, 0, 0, 0, 0, 0, 0, 0, 1, 0, 0, 0, 0, 0, 0, 0, 0, 0, 0, 0, 0, 0, 0, 0, 0] (1.538s)
  Sub: Z₀=22.942165 [TIME_LIMIT] (15.2s), α=[0.000,0.000,5.549,0.000,0.000,0.000,0.000,0.000,0.000,0.000,0.000,0.000,0.000,0.000,0.000,0.000,0.000,0.000,0.000,0.000,0.000,0.000,0.000,0.000,0.000,0.000,0.000,0.000,0.000,0.000,0.000,0.000,0.000,4.395,0.000,0.000]
  Iter 355: LB=-24.541037  UB=15.776859  gap=2.56e+00
  Cut: intercept=-17.885635, π_x_range=[-218.0000, 40.4278]

=== True-DRO Benders iter 356 ===
  OMP: t₀=-24.541037, UB=15.776859, gap=2.56e+00, x=[0, 0, 0, 0, 0, 0, 0, 0, 0, 0, 0, 0, 0, 0, 1, 0, 0, 0, 0, 1, 0, 0, 0, 0, 0, 0, 0, 0, 0, 0, 0, 0, 0, 0, 0, 0] (1.681s)
  Sub: Z₀=22.935501 [LOCAL] (0.2s), α=[0.000,0.000,5.422,0.000,0.000,0.000,0.000,0.000,0.000,0.000,0.000,0.000,0.000,0.000,0.000,0.000,0.000,0.000,0.000,0.000,0.000,0.000,0.000,0.000,0.000,0.000,0.000,0.000,0.000,0.000,0.000,0.000,0.487,4.035,0.000,0.000]
  Iter 356: LB=-24.541037  UB=15.776859  gap=2.56e+00
  Cut: intercept=-1129.937336, π_x_range=[-823.8143, 581.1228]

=== True-DRO Benders iter 357 ===
  OMP: t₀=-24.541033, UB=15.776859, gap=2.56e+00, x=[0, 0, 0, 0, 0, 0, 0, 1, 0, 0, 0, 0, 0, 0, 0, 0, 0, 0, 0, 1, 0, 0, 0, 0, 0, 0, 0, 0, 0, 0, 0, 0, 0, 0, 0, 0] (1.652s)
  Sub: Z₀=22.935501 [LOCAL] (0.2s), α=[0.000,0.000,5.422,0.000,0.000,0.000,0.000,0.000,0.000,0.000,0.000,0.000,0.000,0.000,0.000,0.000,0.000,0.000,0.000,0.000,0.000,0.000,0.000,0.000,0.000,0.000,0.000,0.000,0.000,0.000,0.000,0.000,0.574,3.948,0.000,0.000]
  Iter 357: LB=-24.541033  UB=15.776859  gap=2.56e+00
  Cut: intercept=-1125.072579, π_x_range=[-823.7115, 581.1606]

=== True-DRO Benders iter 358 ===
  OMP: t₀=-24.540247, UB=15.776859, gap=2.56e+00, x=[0, 0, 0, 0, 0, 0, 0, 0, 0, 0, 0, 0, 0, 0, 0, 0, 0, 0, 0, 1, 1, 0, 0, 0, 0, 0, 0, 0, 0, 0, 0, 0, 0, 0, 0, 0] (1.665s)
  Sub: Z₀=22.935501 [LOCAL] (0.2s), α=[0.000,0.000,5.422,0.000,0.000,0.000,0.000,0.000,0.000,0.000,0.000,0.000,0.000,0.000,0.000,0.000,0.000,0.000,0.000,0.000,0.000,0.000,0.000,0.000,0.000,0.000,0.000,0.000,0.000,0.000,0.000,0.000,0.473,4.049,0.000,0.000]
  Iter 358: LB=-24.540247  UB=15.776859  gap=2.56e+00
  Cut: intercept=-1114.861300, π_x_range=[-823.7889, 581.1678]

=== True-DRO Benders iter 359 ===
  OMP: t₀=-24.346103, UB=15.776859, gap=2.54e+00, x=[0, 0, 0, 0, 0, 0, 0, 0, 0, 0, 0, 0, 0, 0, 0, 0, 1, 0, 0, 0, 0, 0, 0, 0, 0, 0, 1, 0, 0, 0, 0, 0, 0, 0, 0, 0] (1.642s)
  Sub: Z₀=22.935501 [LOCAL] (0.1s), α=[0.000,0.000,5.422,0.000,0.000,0.000,0.000,0.000,0.000,0.000,0.000,0.000,0.000,0.000,0.000,0.000,0.000,0.000,0.000,0.000,0.000,0.000,0.000,0.000,0.000,0.000,0.000,0.000,0.000,0.000,0.000,0.000,0.492,4.030,0.000,0.000]
  Iter 359: LB=-24.346103  UB=15.776859  gap=2.54e+00
  Cut: intercept=-1151.501523, π_x_range=[-824.1683, 587.7479]

=== True-DRO Benders iter 360 ===
  OMP: t₀=-24.075117, UB=15.776859, gap=2.53e+00, x=[1, 0, 0, 0, 0, 0, 0, 0, 0, 0, 0, 0, 0, 0, 0, 0, 0, 0, 0, 0, 0, 0, 0, 0, 0, 0, 1, 0, 0, 0, 0, 0, 0, 0, 0, 0] (1.513s)
  Sub: Z₀=22.942165 [TIME_LIMIT] (15.1s), α=[0.000,0.000,5.549,0.000,0.000,0.000,0.000,0.000,0.000,0.000,0.000,0.000,0.000,0.000,0.000,0.000,0.000,0.000,0.000,0.000,0.000,0.000,0.000,0.000,0.000,0.000,0.000,0.000,0.000,0.000,0.000,0.000,0.743,3.653,0.000,0.000]
  Iter 360: LB=-24.075117  UB=15.776859  gap=2.53e+00
  Cut: intercept=22.942165, π_x_range=[-206.6157, 0.0000]

=== True-DRO Benders iter 361 ===
  OMP: t₀=-24.075104, UB=15.776859, gap=2.53e+00, x=[0, 1, 0, 0, 0, 0, 0, 0, 0, 0, 0, 0, 0, 0, 0, 0, 0, 0, 0, 0, 0, 0, 0, 0, 0, 0, 1, 0, 0, 0, 0, 0, 0, 0, 0, 0] (1.458s)
  Sub: Z₀=22.935501 [LOCAL] (0.2s), α=[0.000,0.000,5.422,0.000,0.000,0.000,0.000,0.000,0.000,0.000,0.000,0.000,0.000,0.000,0.000,0.000,0.000,0.000,0.000,0.000,0.000,0.000,0.000,0.000,0.000,0.000,0.000,0.000,0.000,0.000,0.000,0.000,0.416,4.106,0.000,0.000]
  Iter 361: LB=-24.075104  UB=15.776859  gap=2.53e+00
  Cut: intercept=-1136.379217, π_x_range=[-822.9861, 587.7152]

=== True-DRO Benders iter 362 ===
  OMP: t₀=-24.075098, UB=15.776859, gap=2.53e+00, x=[0, 0, 0, 1, 0, 0, 0, 0, 0, 0, 0, 0, 0, 0, 0, 0, 0, 0, 0, 0, 0, 0, 0, 0, 0, 0, 1, 0, 0, 0, 0, 0, 0, 0, 0, 0] (1.439s)
  Sub: Z₀=22.935501 [LOCAL] (0.2s), α=[0.000,0.000,5.422,0.000,0.000,0.000,0.000,0.000,0.000,0.000,0.000,0.000,0.000,0.000,0.000,0.000,0.000,0.000,0.000,0.000,0.000,0.000,0.000,0.000,0.000,0.000,0.000,0.000,0.000,0.000,0.000,0.000,0.652,3.870,0.000,0.000]
  Iter 362: LB=-24.075098  UB=15.776859  gap=2.53e+00
  Cut: intercept=-1144.853295, π_x_range=[-824.2083, 587.7576]

=== True-DRO Benders iter 363 ===
  OMP: t₀=-24.074953, UB=15.776859, gap=2.53e+00, x=[0, 0, 0, 0, 1, 0, 0, 0, 0, 0, 0, 0, 0, 0, 0, 0, 0, 0, 0, 0, 0, 0, 0, 0, 0, 0, 1, 0, 0, 0, 0, 0, 0, 0, 0, 0] (1.416s)
  Sub: Z₀=22.935501 [LOCAL] (0.1s), α=[0.000,0.000,5.422,0.000,0.000,0.000,0.000,0.000,0.000,0.000,0.000,0.000,0.000,0.000,0.000,0.000,0.000,0.000,0.000,0.000,0.000,0.000,0.000,0.000,0.000,0.000,0.000,0.000,0.000,0.000,0.000,0.000,0.320,4.202,0.000,0.000]
  Iter 363: LB=-24.074953  UB=15.776859  gap=2.53e+00
  Cut: intercept=-1121.797348, π_x_range=[-824.1706, 587.7497]

=== True-DRO Benders iter 364 ===
  OMP: t₀=-24.074943, UB=15.776859, gap=2.53e+00, x=[0, 0, 0, 0, 0, 0, 0, 0, 0, 0, 0, 0, 0, 0, 0, 0, 0, 0, 0, 0, 0, 0, 0, 0, 0, 0, 1, 0, 0, 0, 0, 0, 0, 0, 1, 0] (1.412s)
  Sub: Z₀=22.935501 [LOCAL] (0.1s), α=[0.000,0.000,5.422,0.000,0.000,0.000,0.000,0.000,0.000,0.000,0.000,0.000,0.000,0.000,0.000,0.000,0.000,0.000,0.000,0.000,0.000,0.000,0.000,0.000,0.000,0.000,0.000,0.000,0.000,0.000,0.000,0.000,0.425,4.097,0.000,0.000]
  Iter 364: LB=-24.074943  UB=15.776859  gap=2.53e+00
  Cut: intercept=-1139.424760, π_x_range=[-824.2353, 587.7506]

=== True-DRO Benders iter 365 ===
  OMP: t₀=-24.074916, UB=15.776859, gap=2.53e+00, x=[0, 0, 0, 0, 0, 0, 0, 0, 0, 0, 0, 0, 0, 0, 0, 0, 0, 0, 0, 0, 0, 0, 0, 0, 0, 1, 1, 0, 0, 0, 0, 0, 0, 0, 0, 0] (1.423s)
  Sub: Z₀=22.942164 [TIME_LIMIT] (15.1s), α=[0.000,0.000,5.549,0.000,0.000,0.000,0.000,0.000,0.000,0.000,0.000,0.000,0.000,0.000,0.000,0.000,0.000,0.000,0.000,0.000,0.000,0.000,0.000,0.000,0.000,0.000,0.000,0.000,0.000,0.000,0.000,0.000,0.411,3.984,0.000,0.000]
  Iter 365: LB=-24.074916  UB=15.776859  gap=2.53e+00
  Cut: intercept=22.942164, π_x_range=[-160.3529, 0.0000]

=== True-DRO Benders iter 366 ===
  OMP: t₀=-24.074905, UB=15.776859, gap=2.53e+00, x=[0, 0, 0, 0, 0, 0, 0, 0, 0, 0, 0, 0, 0, 0, 1, 0, 0, 0, 0, 0, 0, 0, 0, 0, 0, 0, 1, 0, 0, 0, 0, 0, 0, 0, 0, 0] (1.531s)
  Sub: Z₀=22.935501 [LOCAL] (0.1s), α=[0.000,0.000,5.422,0.000,0.000,0.000,0.000,0.000,0.000,0.000,0.000,0.000,0.000,0.000,0.000,0.000,0.000,0.000,0.000,0.000,0.000,0.000,0.000,0.000,0.000,0.000,0.000,0.000,0.000,0.000,0.000,0.000,0.387,4.134,0.000,0.000]
  Iter 366: LB=-24.074905  UB=15.776859  gap=2.53e+00
  Cut: intercept=-1136.567851, π_x_range=[-824.1695, 587.7560]

=== True-DRO Benders iter 367 ===
  OMP: t₀=-24.074901, UB=15.776859, gap=2.53e+00, x=[0, 0, 0, 0, 0, 0, 0, 1, 0, 0, 0, 0, 0, 0, 0, 0, 0, 0, 0, 0, 0, 0, 0, 0, 0, 0, 1, 0, 0, 0, 0, 0, 0, 0, 0, 0] (1.436s)
  Sub: Z₀=22.935501 [LOCAL] (0.1s), α=[0.000,0.000,5.422,0.000,0.000,0.000,0.000,0.000,0.000,0.000,0.000,0.000,0.000,0.000,0.000,0.000,0.000,0.000,0.000,0.000,0.000,0.000,0.000,0.000,0.000,0.000,0.000,0.000,0.000,0.000,0.000,0.000,0.466,4.056,0.000,0.000]
  Iter 367: LB=-24.074901  UB=15.776859  gap=2.53e+00
  Cut: intercept=-1131.444649, π_x_range=[-824.0522, 587.6280]

=== True-DRO Benders iter 368 ===
  OMP: t₀=-24.074115, UB=15.776859, gap=2.53e+00, x=[0, 0, 0, 0, 0, 0, 0, 0, 0, 0, 0, 0, 0, 0, 0, 0, 0, 0, 0, 0, 1, 0, 0, 0, 0, 0, 1, 0, 0, 0, 0, 0, 0, 0, 0, 0] (1.499s)
  Sub: Z₀=22.935501 [LOCAL] (0.2s), α=[0.000,0.000,5.422,0.000,0.000,0.000,0.000,0.000,0.000,0.000,0.000,0.000,0.000,0.000,0.000,0.000,0.000,0.000,0.000,0.000,0.000,0.000,0.000,0.000,0.000,0.000,0.000,0.000,0.000,0.000,0.000,0.000,0.373,4.149,0.000,0.000]
  Iter 368: LB=-24.074115  UB=15.776859  gap=2.53e+00
  Cut: intercept=-1121.201348, π_x_range=[-824.1457, 587.7451]

=== True-DRO Benders iter 369 ===
  OMP: t₀=-24.059973, UB=15.776859, gap=2.53e+00, x=[0, 0, 1, 0, 0, 0, 0, 0, 0, 0, 0, 0, 1, 0, 0, 0, 0, 0, 0, 0, 0, 0, 0, 0, 0, 0, 0, 0, 0, 0, 0, 0, 0, 0, 0, 0] (1.457s)
  Sub: Z₀=16.182885 [LOCAL] (0.2s), α=[0.000,0.000,6.994,0.000,0.000,0.000,0.000,0.000,0.000,0.000,0.000,0.000,0.000,0.000,0.000,0.000,0.000,0.044,0.000,0.000,0.000,0.000,0.000,0.000,0.000,0.000,0.000,0.000,0.000,0.000,0.000,0.000,0.000,2.906,0.000,0.000]
  Iter 369: LB=-24.059973  UB=15.776859  gap=2.53e+00
  Cut: intercept=-1126.825626, π_x_range=[-819.1351, 580.1293]

=== True-DRO Benders iter 370 ===
  OMP: t₀=-24.020145, UB=15.776859, gap=2.52e+00, x=[0, 0, 0, 0, 0, 0, 0, 0, 1, 0, 1, 0, 0, 0, 0, 0, 0, 0, 0, 0, 0, 0, 0, 0, 0, 0, 0, 0, 0, 0, 0, 0, 0, 0, 0, 0] (1.449s)
  Sub: Z₀=22.907068 [TIME_LIMIT] (15.1s), α=[0.000,0.000,5.430,0.000,0.000,0.000,0.000,0.000,0.000,0.000,0.000,0.000,0.000,0.000,0.000,0.000,0.000,0.000,0.000,0.000,0.000,0.000,0.000,0.000,0.000,0.000,0.000,0.000,0.000,0.000,0.000,0.000,0.970,3.545,0.000,0.000]
  Iter 370: LB=-24.020145  UB=15.776859  gap=2.52e+00
  Cut: intercept=18.026396, π_x_range=[-155.0377, 4.8807]

=== True-DRO Benders iter 371 ===
  OMP: t₀=-23.745773, UB=15.776859, gap=2.51e+00, x=[0, 0, 0, 0, 0, 0, 0, 0, 0, 0, 0, 0, 0, 0, 0, 0, 0, 0, 0, 0, 0, 0, 0, 1, 0, 0, 0, 0, 1, 0, 0, 0, 0, 0, 0, 0] (1.723s)
  Sub: Z₀=22.459266 [LOCAL] (0.2s), α=[0.000,0.000,5.928,0.000,0.000,0.000,0.000,0.000,0.000,0.000,0.000,0.000,0.000,0.000,0.000,0.000,0.000,0.000,0.000,0.000,0.000,0.000,0.000,0.000,0.000,0.000,0.000,0.000,0.000,0.000,0.000,0.000,0.251,3.765,0.000,0.000]
  Iter 371: LB=-23.745773  UB=15.776859  gap=2.51e+00
  Cut: intercept=-1123.056150, π_x_range=[-824.2319, 581.1781]

=== True-DRO Benders iter 372 ===
  OMP: t₀=-23.708541, UB=15.776859, gap=2.50e+00, x=[0, 1, 0, 0, 0, 0, 0, 0, 1, 0, 0, 0, 0, 0, 0, 0, 0, 0, 0, 0, 0, 0, 0, 0, 0, 0, 0, 0, 0, 0, 0, 0, 0, 0, 0, 0] (1.920s)
  Sub: Z₀=22.906683 [LOCAL] (0.1s), α=[0.000,0.000,5.422,0.000,0.000,0.000,0.000,0.000,0.000,0.000,0.000,0.000,0.000,0.000,0.000,0.000,0.000,0.000,0.000,0.000,0.000,0.000,0.000,0.000,0.000,0.000,0.000,0.000,0.000,0.000,0.000,0.000,0.271,4.251,0.000,0.000]
  Iter 372: LB=-23.708541  UB=15.776859  gap=2.50e+00
  Cut: intercept=-1132.220236, π_x_range=[-821.9439, 583.5438]

=== True-DRO Benders iter 373 ===
  OMP: t₀=-23.708535, UB=15.776859, gap=2.50e+00, x=[0, 0, 0, 1, 0, 0, 0, 0, 1, 0, 0, 0, 0, 0, 0, 0, 0, 0, 0, 0, 0, 0, 0, 0, 0, 0, 0, 0, 0, 0, 0, 0, 0, 0, 0, 0] (1.752s)
  Sub: Z₀=22.906683 [LOCAL] (0.1s), α=[0.000,0.000,5.422,0.000,0.000,0.000,0.000,0.000,0.000,0.000,0.000,0.000,0.000,0.000,0.000,0.000,0.000,0.000,0.000,0.000,0.000,0.000,0.000,0.000,0.000,0.000,0.000,0.000,0.000,0.000,0.000,0.000,0.445,4.077,0.000,0.000]
  Iter 373: LB=-23.708535  UB=15.776859  gap=2.50e+00
  Cut: intercept=-1140.602589, π_x_range=[-823.3212, 583.4765]

=== True-DRO Benders iter 374 ===
  OMP: t₀=-23.708403, UB=15.776859, gap=2.50e+00, x=[0, 0, 0, 0, 0, 0, 0, 0, 1, 0, 0, 0, 0, 0, 0, 1, 0, 0, 0, 0, 0, 0, 0, 0, 0, 0, 0, 0, 0, 0, 0, 0, 0, 0, 0, 0] (1.854s)
  Sub: Z₀=22.906683 [LOCAL] (0.1s), α=[0.000,0.000,5.422,0.000,0.000,0.000,0.000,0.000,0.000,0.000,0.000,0.000,0.000,0.000,0.000,0.000,0.000,0.000,0.000,0.000,0.000,0.000,0.000,0.000,0.000,0.000,0.000,0.000,0.000,0.000,0.000,0.000,0.268,4.254,0.000,0.000]
  Iter 374: LB=-23.708403  UB=15.776859  gap=2.50e+00
  Cut: intercept=-1103.195123, π_x_range=[-823.2840, 583.4725]

=== True-DRO Benders iter 375 ===
  OMP: t₀=-23.708390, UB=15.776859, gap=2.50e+00, x=[0, 0, 0, 0, 1, 0, 0, 0, 1, 0, 0, 0, 0, 0, 0, 0, 0, 0, 0, 0, 0, 0, 0, 0, 0, 0, 0, 0, 0, 0, 0, 0, 0, 0, 0, 0] (1.740s)
  Sub: Z₀=22.906685 [TIME_LIMIT] (15.1s), α=[0.000,0.000,5.422,0.000,0.000,0.000,0.000,0.000,0.000,0.000,0.000,0.000,0.000,0.000,0.000,0.000,0.000,0.000,0.000,0.000,0.000,0.000,0.000,0.000,0.000,0.000,0.000,0.000,0.000,0.000,0.000,0.000,0.000,4.522,0.000,0.000]
  Iter 375: LB=-23.708390  UB=15.776859  gap=2.50e+00
  Cut: intercept=-69.084164, π_x_range=[-218.0000, 70.7428]

=== True-DRO Benders iter 376 ===
  OMP: t₀=-23.708380, UB=15.776859, gap=2.50e+00, x=[0, 0, 0, 0, 0, 0, 0, 0, 1, 0, 0, 0, 0, 0, 0, 0, 0, 0, 0, 0, 0, 0, 0, 0, 0, 0, 0, 0, 0, 0, 0, 0, 0, 0, 1, 0] (1.886s)
  Sub: Z₀=22.906683 [LOCAL] (0.2s), α=[0.000,0.000,5.422,0.000,0.000,0.000,0.000,0.000,0.000,0.000,0.000,0.000,0.000,0.000,0.000,0.000,0.000,0.000,0.000,0.000,0.000,0.000,0.000,0.000,0.000,0.000,0.000,0.000,0.000,0.000,0.000,0.000,0.279,4.243,0.000,0.000]
  Iter 376: LB=-23.708380  UB=15.776859  gap=2.50e+00
  Cut: intercept=-1135.206754, π_x_range=[-823.3480, 583.4761]

=== True-DRO Benders iter 377 ===
  OMP: t₀=-23.708342, UB=15.776859, gap=2.50e+00, x=[0, 0, 0, 0, 0, 0, 0, 0, 1, 0, 0, 1, 0, 0, 0, 0, 0, 0, 0, 0, 0, 0, 0, 0, 0, 0, 0, 0, 0, 0, 0, 0, 0, 0, 0, 0] (1.703s)
  Sub: Z₀=22.906683 [LOCAL] (0.1s), α=[0.000,0.000,5.422,0.000,0.000,0.000,0.000,0.000,0.000,0.000,0.000,0.000,0.000,0.000,0.000,0.000,0.000,0.000,0.000,0.000,0.000,0.000,0.000,0.000,0.000,0.000,0.000,0.000,0.000,0.000,0.000,0.000,0.257,4.265,0.000,0.000]
  Iter 377: LB=-23.708342  UB=15.776859  gap=2.50e+00
  Cut: intercept=-1129.671107, π_x_range=[-823.2848, 583.4715]

=== True-DRO Benders iter 378 ===
  OMP: t₀=-23.708342, UB=15.776859, gap=2.50e+00, x=[0, 0, 0, 0, 0, 0, 0, 0, 1, 0, 0, 0, 0, 0, 1, 0, 0, 0, 0, 0, 0, 0, 0, 0, 0, 0, 0, 0, 0, 0, 0, 0, 0, 0, 0, 0] (1.912s)
  Sub: Z₀=22.906683 [LOCAL] (0.2s), α=[0.000,0.000,5.422,0.000,0.000,0.000,0.000,0.000,0.000,0.000,0.000,0.000,0.000,0.000,0.000,0.000,0.000,0.000,0.000,0.000,0.000,0.000,0.000,0.000,0.000,0.000,0.000,0.000,0.000,0.000,0.000,0.000,0.246,4.276,0.000,0.000]
  Iter 378: LB=-23.708342  UB=15.776859  gap=2.50e+00
  Cut: intercept=-1132.385904, π_x_range=[-823.2805, 583.5262]

=== True-DRO Benders iter 379 ===
  OMP: t₀=-23.708338, UB=15.776859, gap=2.50e+00, x=[0, 0, 0, 0, 0, 0, 0, 1, 1, 0, 0, 0, 0, 0, 0, 0, 0, 0, 0, 0, 0, 0, 0, 0, 0, 0, 0, 0, 0, 0, 0, 0, 0, 0, 0, 0] (1.794s)
  Sub: Z₀=22.906683 [LOCAL] (0.1s), α=[0.000,0.000,5.422,0.000,0.000,0.000,0.000,0.000,0.000,0.000,0.000,0.000,0.000,0.000,0.000,0.000,0.000,0.000,0.000,0.000,0.000,0.000,0.000,0.000,0.000,0.000,0.000,0.000,0.000,0.000,0.000,0.000,0.307,4.215,0.000,0.000]
  Iter 379: LB=-23.708338  UB=15.776859  gap=2.50e+00
  Cut: intercept=-1127.547490, π_x_range=[-823.1458, 583.4811]

=== True-DRO Benders iter 380 ===
  OMP: t₀=-23.708335, UB=15.776859, gap=2.50e+00, x=[0, 0, 0, 0, 0, 0, 0, 0, 1, 0, 0, 0, 0, 0, 0, 0, 0, 0, 0, 0, 0, 0, 0, 0, 0, 0, 0, 0, 0, 0, 0, 0, 0, 0, 0, 1] (1.644s)
  Sub: Z₀=22.913346 [TIME_LIMIT] (15.1s), α=[0.000,0.000,5.549,0.000,0.000,0.000,0.000,0.000,0.000,0.000,0.000,0.000,0.000,0.000,0.000,0.000,0.000,0.000,0.000,0.000,0.000,0.000,0.000,0.000,0.000,0.000,0.000,0.000,0.000,0.000,0.000,0.000,1.375,3.021,0.000,0.000]
  Iter 380: LB=-23.708335  UB=15.776859  gap=2.50e+00
  Cut: intercept=18.032673, π_x_range=[-151.0014, 4.8807]

=== True-DRO Benders iter 381 ===
  OMP: t₀=-23.707552, UB=15.776859, gap=2.50e+00, x=[0, 0, 0, 0, 0, 0, 0, 0, 1, 0, 0, 0, 0, 0, 0, 0, 0, 0, 0, 0, 1, 0, 0, 0, 0, 0, 0, 0, 0, 0, 0, 0, 0, 0, 0, 0] (1.476s)
  Sub: Z₀=22.906683 [LOCAL] (0.2s), α=[0.000,0.000,5.422,0.000,0.000,0.000,0.000,0.000,0.000,0.000,0.000,0.000,0.000,0.000,0.000,0.000,0.000,0.000,0.000,0.000,0.000,0.000,0.000,0.000,0.000,0.000,0.000,0.000,0.000,0.000,0.000,0.000,0.245,4.277,0.000,0.000]
  Iter 381: LB=-23.707552  UB=15.776859  gap=2.50e+00
  Cut: intercept=-1117.024893, π_x_range=[-823.2610, 583.4766]

=== True-DRO Benders iter 382 ===
  OMP: t₀=-23.682041, UB=15.776859, gap=2.50e+00, x=[0, 0, 1, 0, 0, 0, 0, 0, 0, 0, 0, 0, 0, 0, 0, 0, 0, 0, 0, 0, 0, 0, 0, 0, 1, 0, 0, 0, 0, 0, 0, 0, 0, 0, 0, 0] (1.463s)
  Sub: Z₀=17.767519 [LOCAL] (0.3s), α=[0.000,0.000,5.723,0.000,0.000,0.000,0.001,0.000,0.000,0.001,0.000,0.000,0.000,0.000,0.000,0.000,0.000,4.187,0.000,0.000,0.000,0.000,0.000,0.000,0.031,0.000,0.000,0.001,0.000,0.000,0.000,0.000,0.000,0.000,0.000,0.000]
  Iter 382: LB=-23.682041  UB=15.776859  gap=2.50e+00
  Cut: intercept=-1101.124188, π_x_range=[-821.0219, 569.6283]

=== True-DRO Benders iter 383 ===
  OMP: t₀=-23.262797, UB=15.776859, gap=2.47e+00, x=[0, 1, 0, 0, 0, 0, 0, 0, 0, 0, 1, 0, 0, 0, 0, 0, 0, 0, 0, 0, 0, 0, 0, 0, 0, 0, 0, 0, 0, 0, 0, 0, 0, 0, 0, 0] (1.570s)
  Sub: Z₀=22.935501 [LOCAL] (0.1s), α=[0.000,0.000,5.422,0.000,0.000,0.000,0.000,0.000,0.000,0.000,0.000,0.000,0.000,0.000,0.000,0.000,0.000,0.000,0.000,0.000,0.000,0.000,0.000,0.000,0.000,0.000,0.000,0.000,0.000,0.000,0.000,0.000,0.414,4.108,0.000,0.000]
  Iter 383: LB=-23.262797  UB=15.776859  gap=2.47e+00
  Cut: intercept=-1117.650764, π_x_range=[-822.5884, 571.5616]

=== True-DRO Benders iter 384 ===
  OMP: t₀=-23.262791, UB=15.776859, gap=2.47e+00, x=[0, 0, 0, 1, 0, 0, 0, 0, 0, 0, 1, 0, 0, 0, 0, 0, 0, 0, 0, 0, 0, 0, 0, 0, 0, 0, 0, 0, 0, 0, 0, 0, 0, 0, 0, 0] (1.456s)
  Sub: Z₀=22.935501 [LOCAL] (0.1s), α=[0.000,0.000,5.422,0.000,0.000,0.000,0.000,0.000,0.000,0.000,0.000,0.000,0.000,0.000,0.000,0.000,0.000,0.000,0.000,0.000,0.000,0.000,0.000,0.000,0.000,0.000,0.000,0.000,0.000,0.000,0.000,0.000,0.629,3.893,0.000,0.000]
  Iter 384: LB=-23.262791  UB=15.776859  gap=2.47e+00
  Cut: intercept=-1126.123205, π_x_range=[-823.8467, 580.0353]

=== True-DRO Benders iter 385 ===
  OMP: t₀=-23.262646, UB=15.776859, gap=2.47e+00, x=[0, 0, 0, 0, 1, 0, 0, 0, 0, 0, 1, 0, 0, 0, 0, 0, 0, 0, 0, 0, 0, 0, 0, 0, 0, 0, 0, 0, 0, 0, 0, 0, 0, 0, 0, 0] (1.653s)
  Sub: Z₀=22.942165 [TIME_LIMIT] (15.1s), α=[0.000,0.000,5.549,0.000,0.000,0.000,0.000,0.000,0.000,0.000,0.000,0.000,0.000,0.000,0.000,0.000,0.000,0.000,0.000,0.000,0.000,0.000,0.000,0.000,0.000,0.000,0.000,0.000,0.000,0.000,0.000,0.000,0.000,4.395,0.000,0.000]
  Iter 385: LB=-23.262646  UB=15.776859  gap=2.47e+00
  Cut: intercept=22.942165, π_x_range=[-191.6318, 0.0000]

=== True-DRO Benders iter 386 ===
  OMP: t₀=-23.262636, UB=15.776859, gap=2.47e+00, x=[0, 0, 0, 0, 0, 0, 0, 0, 0, 0, 1, 0, 0, 0, 0, 0, 0, 0, 0, 0, 0, 0, 0, 0, 0, 0, 0, 0, 0, 0, 0, 0, 0, 0, 1, 0] (1.733s)
  Sub: Z₀=22.935501 [LOCAL] (0.2s), α=[0.000,0.000,5.422,0.000,0.000,0.000,0.000,0.000,0.000,0.000,0.000,0.000,0.000,0.000,0.000,0.000,0.000,0.000,0.000,0.000,0.000,0.000,0.000,0.000,0.000,0.000,0.000,0.000,0.000,0.000,0.000,0.000,0.420,4.101,0.000,0.000]
  Iter 386: LB=-23.262636  UB=15.776859  gap=2.47e+00
  Cut: intercept=-1120.742195, π_x_range=[-823.8779, 574.6470]

=== True-DRO Benders iter 387 ===
  OMP: t₀=-23.262608, UB=15.776859, gap=2.47e+00, x=[0, 0, 0, 0, 0, 0, 0, 0, 0, 0, 1, 0, 0, 0, 0, 0, 0, 0, 0, 0, 0, 0, 0, 0, 0, 1, 0, 0, 0, 0, 0, 0, 0, 0, 0, 0] (1.414s)
  Sub: Z₀=22.935501 [LOCAL] (0.1s), α=[0.000,0.000,5.422,0.000,0.000,0.000,0.000,0.000,0.000,0.000,0.000,0.000,0.000,0.000,0.000,0.000,0.000,0.000,0.000,0.000,0.000,0.000,0.000,0.000,0.000,0.000,0.000,0.000,0.000,0.000,0.000,0.000,0.439,4.083,0.000,0.000]
  Iter 387: LB=-23.262608  UB=15.776859  gap=2.47e+00
  Cut: intercept=-1082.867614, π_x_range=[-823.8967, 569.0132]

=== True-DRO Benders iter 388 ===
  OMP: t₀=-23.262598, UB=15.776859, gap=2.47e+00, x=[0, 0, 0, 0, 0, 0, 0, 0, 0, 0, 1, 1, 0, 0, 0, 0, 0, 0, 0, 0, 0, 0, 0, 0, 0, 0, 0, 0, 0, 0, 0, 0, 0, 0, 0, 0] (1.505s)
  Sub: Z₀=22.935501 [LOCAL] (0.2s), α=[0.000,0.000,5.422,0.000,0.000,0.000,0.000,0.000,0.000,0.000,0.000,0.000,0.000,0.000,0.000,0.000,0.000,0.000,0.000,0.000,0.000,0.000,0.000,0.000,0.000,0.000,0.000,0.000,0.000,0.000,0.000,0.000,0.386,4.136,0.000,0.000]
  Iter 388: LB=-23.262598  UB=15.776859  gap=2.47e+00
  Cut: intercept=-1115.282555, π_x_range=[-823.8178, 569.1608]

=== True-DRO Benders iter 389 ===
  OMP: t₀=-23.262598, UB=15.776859, gap=2.47e+00, x=[0, 0, 0, 0, 0, 0, 0, 0, 0, 0, 1, 0, 0, 0, 1, 0, 0, 0, 0, 0, 0, 0, 0, 0, 0, 0, 0, 0, 0, 0, 0, 0, 0, 0, 0, 0] (1.458s)
  Sub: Z₀=22.935501 [LOCAL] (0.1s), α=[0.000,0.000,5.422,0.000,0.000,0.000,0.000,0.000,0.000,0.000,0.000,0.000,0.000,0.000,0.000,0.000,0.000,0.000,0.000,0.000,0.000,0.000,0.000,0.000,0.000,0.000,0.000,0.000,0.000,0.000,0.000,0.000,0.383,4.139,0.000,0.000]
  Iter 389: LB=-23.262598  UB=15.776859  gap=2.47e+00
  Cut: intercept=-1117.841077, π_x_range=[-823.8164, 571.7641]

=== True-DRO Benders iter 390 ===
  OMP: t₀=-23.262594, UB=15.776859, gap=2.47e+00, x=[0, 0, 0, 0, 0, 0, 0, 1, 0, 0, 1, 0, 0, 0, 0, 0, 0, 0, 0, 0, 0, 0, 0, 0, 0, 0, 0, 0, 0, 0, 0, 0, 0, 0, 0, 0] (1.447s)
  Sub: Z₀=22.942165 [TIME_LIMIT] (15.1s), α=[0.000,0.000,5.549,0.000,0.000,0.000,0.000,0.000,0.000,0.000,0.000,0.000,0.000,0.000,0.000,0.000,0.000,0.000,0.000,0.000,0.000,0.000,0.000,0.000,0.000,0.000,0.000,0.000,0.000,0.000,0.000,0.000,0.000,4.395,0.000,0.000]
  Iter 390: LB=-23.262594  UB=15.776859  gap=2.47e+00
  Cut: intercept=22.942165, π_x_range=[-191.6318, 0.0000]

=== True-DRO Benders iter 391 ===
  OMP: t₀=-23.261808, UB=15.776859, gap=2.47e+00, x=[0, 0, 0, 0, 0, 0, 0, 0, 0, 0, 1, 0, 0, 0, 0, 0, 0, 0, 0, 0, 1, 0, 0, 0, 0, 0, 0, 0, 0, 0, 0, 0, 0, 0, 0, 0] (1.454s)
  Sub: Z₀=22.935501 [LOCAL] (0.1s), α=[0.000,0.000,5.422,0.000,0.000,0.000,0.000,0.000,0.000,0.000,0.000,0.000,0.000,0.000,0.000,0.000,0.000,0.000,0.000,0.000,0.000,0.000,0.000,0.000,0.000,0.000,0.000,0.000,0.000,0.000,0.000,0.000,0.372,4.150,0.000,0.000]
  Iter 391: LB=-23.261808  UB=15.776859  gap=2.47e+00
  Cut: intercept=-1102.584899, π_x_range=[-823.8039, 569.0802]

=== True-DRO Benders iter 392 ===
  OMP: t₀=-23.222204, UB=15.776859, gap=2.47e+00, x=[1, 0, 0, 0, 0, 0, 0, 0, 0, 0, 0, 0, 0, 0, 0, 0, 1, 0, 0, 0, 0, 0, 0, 0, 0, 0, 0, 0, 0, 0, 0, 0, 0, 0, 0, 0] (1.514s)
  Sub: Z₀=22.935501 [LOCAL] (0.2s), α=[0.000,0.000,5.422,0.000,0.000,0.000,0.000,0.000,0.000,0.000,0.000,0.000,0.000,0.000,0.000,0.000,0.000,0.000,0.000,0.000,0.000,0.000,0.000,0.000,0.000,0.000,0.000,0.000,0.000,0.000,0.000,0.000,0.480,4.042,0.000,0.000]
  Iter 392: LB=-23.222204  UB=15.776859  gap=2.47e+00
  Cut: intercept=-1151.251081, π_x_range=[-823.5360, 587.5155]

=== True-DRO Benders iter 393 ===
  OMP: t₀=-23.222192, UB=15.776859, gap=2.47e+00, x=[0, 1, 0, 0, 0, 0, 0, 0, 0, 0, 0, 0, 0, 0, 0, 0, 1, 0, 0, 0, 0, 0, 0, 0, 0, 0, 0, 0, 0, 0, 0, 0, 0, 0, 0, 0] (1.570s)
  Sub: Z₀=22.935501 [LOCAL] (0.2s), α=[0.000,0.000,5.422,0.000,0.000,0.000,0.000,0.000,0.000,0.000,0.000,0.000,0.000,0.000,0.000,0.000,0.000,0.000,0.000,0.000,0.000,0.000,0.000,0.000,0.000,0.000,0.000,0.000,0.000,0.000,0.000,0.000,0.464,4.058,0.000,0.000]
  Iter 393: LB=-23.222192  UB=15.776859  gap=2.47e+00
  Cut: intercept=-1135.271817, π_x_range=[-822.6288, 586.6728]

=== True-DRO Benders iter 394 ===
  OMP: t₀=-23.222186, UB=15.776859, gap=2.47e+00, x=[0, 0, 0, 1, 0, 0, 0, 0, 0, 0, 0, 0, 0, 0, 0, 0, 1, 0, 0, 0, 0, 0, 0, 0, 0, 0, 0, 0, 0, 0, 0, 0, 0, 0, 0, 0] (1.582s)
  Sub: Z₀=22.935501 [LOCAL] (0.2s), α=[0.000,0.000,5.422,0.000,0.000,0.000,0.000,0.000,0.000,0.000,0.000,0.000,0.000,0.000,0.000,0.000,0.000,0.000,0.000,0.000,0.000,0.000,0.000,0.000,0.000,0.000,0.000,0.000,0.000,0.000,0.000,0.000,0.680,3.842,0.000,0.000]
  Iter 394: LB=-23.222186  UB=15.776859  gap=2.47e+00
  Cut: intercept=-1143.782063, π_x_range=[-823.8942, 586.6706]

=== True-DRO Benders iter 395 ===
  OMP: t₀=-23.222054, UB=15.776859, gap=2.47e+00, x=[0, 0, 0, 0, 0, 0, 0, 0, 0, 0, 0, 0, 0, 0, 0, 1, 1, 0, 0, 0, 0, 0, 0, 0, 0, 0, 0, 0, 0, 0, 0, 0, 0, 0, 0, 0] (1.463s)
  Sub: Z₀=22.942095 [TIME_LIMIT] (15.1s), α=[0.000,0.000,5.548,0.000,0.000,0.000,0.000,0.000,0.000,0.000,0.000,0.000,0.000,0.000,0.000,0.000,0.000,0.000,0.000,0.000,0.000,0.000,0.000,0.000,0.000,0.000,0.000,0.000,0.000,0.000,0.000,0.000,1.477,2.920,0.000,0.000]
  Iter 395: LB=-23.222054  UB=15.776859  gap=2.47e+00
  Cut: intercept=22.942094, π_x_range=[-155.7845, 0.0000]

=== True-DRO Benders iter 396 ===
  OMP: t₀=-23.222031, UB=15.776859, gap=2.47e+00, x=[0, 0, 0, 0, 0, 0, 0, 0, 0, 0, 0, 0, 0, 0, 0, 0, 1, 0, 0, 0, 0, 0, 0, 0, 0, 0, 0, 0, 0, 0, 0, 0, 0, 0, 1, 0] (1.460s)
  Sub: Z₀=22.935501 [LOCAL] (0.2s), α=[0.000,0.000,5.422,0.000,0.000,0.000,0.000,0.000,0.000,0.000,0.000,0.000,0.000,0.000,0.000,0.000,0.000,0.000,0.000,0.000,0.000,0.000,0.000,0.000,0.000,0.000,0.000,0.000,0.000,0.000,0.000,0.000,0.471,4.051,0.000,0.000]
  Iter 396: LB=-23.222031  UB=15.776859  gap=2.47e+00
  Cut: intercept=-1138.406648, π_x_range=[-823.9302, 586.6724]

=== True-DRO Benders iter 397 ===
  OMP: t₀=-23.221993, UB=15.776859, gap=2.47e+00, x=[0, 0, 0, 0, 0, 0, 0, 0, 0, 0, 0, 1, 0, 0, 0, 0, 1, 0, 0, 0, 0, 0, 0, 0, 0, 0, 0, 0, 0, 0, 0, 0, 0, 0, 0, 0] (1.550s)
  Sub: Z₀=22.935501 [LOCAL] (0.2s), α=[0.000,0.000,5.422,0.000,0.000,0.000,0.000,0.000,0.000,0.000,0.000,0.000,0.000,0.000,0.000,0.000,0.000,0.000,0.000,0.000,0.000,0.000,0.000,0.000,0.000,0.000,0.000,0.000,0.000,0.000,0.000,0.000,0.439,4.083,0.000,0.000]
  Iter 397: LB=-23.221993  UB=15.776859  gap=2.47e+00
  Cut: intercept=-1132.870685, π_x_range=[-823.8649, 586.7003]

=== True-DRO Benders iter 398 ===
  OMP: t₀=-23.221993, UB=15.776859, gap=2.47e+00, x=[0, 0, 0, 0, 0, 0, 0, 0, 0, 0, 0, 0, 0, 0, 1, 0, 1, 0, 0, 0, 0, 0, 0, 0, 0, 0, 0, 0, 0, 0, 0, 0, 0, 0, 0, 0] (1.820s)
  Sub: Z₀=22.935501 [LOCAL] (0.2s), α=[0.000,0.000,5.422,0.000,0.000,0.000,0.000,0.000,0.000,0.000,0.000,0.000,0.000,0.000,0.000,0.000,0.000,0.000,0.000,0.000,0.000,0.000,0.000,0.000,0.000,0.000,0.000,0.000,0.000,0.000,0.000,0.000,0.431,4.091,0.000,0.000]
  Iter 398: LB=-23.221993  UB=15.776859  gap=2.47e+00
  Cut: intercept=-1135.468817, π_x_range=[-823.8645, 586.6600]

=== True-DRO Benders iter 399 ===
  OMP: t₀=-23.221203, UB=15.776859, gap=2.47e+00, x=[0, 0, 0, 0, 0, 0, 0, 0, 0, 0, 0, 0, 0, 0, 0, 0, 1, 0, 0, 0, 1, 0, 0, 0, 0, 0, 0, 0, 0, 0, 0, 0, 0, 0, 0, 0] (1.671s)
  Sub: Z₀=22.935501 [LOCAL] (0.1s), α=[0.000,0.000,5.422,0.000,0.000,0.000,0.000,0.000,0.000,0.000,0.000,0.000,0.000,0.000,0.000,0.000,0.000,0.000,0.000,0.000,0.000,0.000,0.000,0.000,0.000,0.000,0.000,0.000,0.000,0.000,0.000,0.000,0.422,4.100,0.000,0.000]
  Iter 399: LB=-23.221203  UB=15.776859  gap=2.47e+00
  Cut: intercept=-1120.126479, π_x_range=[-823.8401, 586.6695]

=== True-DRO Benders iter 400 ===
  OMP: t₀=-23.165129, UB=15.776859, gap=2.47e+00, x=[0, 0, 0, 0, 0, 0, 0, 0, 0, 0, 0, 0, 0, 0, 0, 0, 0, 1, 0, 0, 0, 0, 0, 0, 0, 0, 0, 1, 0, 0, 0, 0, 0, 0, 0, 0] (1.761s)
  Sub: Z₀=19.385568 [TIME_LIMIT] (15.2s), α=[0.000,0.000,6.734,0.000,0.000,0.000,0.000,0.000,0.000,0.000,0.000,0.000,0.000,0.000,0.000,0.000,0.000,0.000,0.000,0.000,0.000,0.000,0.000,0.000,0.000,0.000,0.000,0.000,0.000,0.000,0.000,0.000,0.404,2.807,0.000,0.000]
  Iter 400: LB=-23.165129  UB=15.776859  gap=2.47e+00
  Cut: intercept=-31.824938, π_x_range=[-204.8359, 51.2105]

=== True-DRO Benders iter 401 ===
  OMP: t₀=-23.018729, UB=15.776859, gap=2.46e+00, x=[0, 0, 0, 0, 0, 0, 0, 0, 1, 0, 0, 0, 0, 0, 0, 0, 0, 0, 0, 1, 0, 0, 0, 0, 0, 0, 0, 0, 0, 0, 0, 0, 0, 0, 0, 0] (1.761s)
  Sub: Z₀=22.906683 [LOCAL] (0.2s), α=[0.000,0.000,5.422,0.000,0.000,0.000,0.000,0.000,0.000,0.000,0.000,0.000,0.000,0.000,0.000,0.000,0.000,0.000,0.000,0.000,0.000,0.000,0.000,0.000,0.000,0.000,0.000,0.000,0.000,0.000,0.000,0.000,0.377,4.145,0.000,0.000]
  Iter 401: LB=-23.018729  UB=15.776859  gap=2.46e+00
  Cut: intercept=-1141.769210, π_x_range=[-823.2259, 583.4883]

=== True-DRO Benders iter 402 ===
  OMP: t₀=-23.018729, UB=15.776859, gap=2.46e+00, x=[0, 0, 0, 0, 0, 0, 0, 0, 1, 0, 0, 0, 0, 0, 0, 0, 0, 0, 0, 0, 0, 0, 0, 0, 0, 0, 0, 0, 0, 0, 0, 1, 0, 0, 0, 0] (1.700s)
  Sub: Z₀=22.906683 [LOCAL] (0.2s), α=[0.000,0.000,5.422,0.000,0.000,0.000,0.000,0.000,0.000,0.000,0.000,0.000,0.000,0.000,0.000,0.000,0.000,0.000,0.000,0.000,0.000,0.000,0.000,0.000,0.000,0.000,0.000,0.000,0.000,0.000,0.000,0.000,0.264,4.258,0.000,0.000]
  Iter 402: LB=-23.018729  UB=15.776859  gap=2.46e+00
  Cut: intercept=-1112.951623, π_x_range=[-823.2838, 583.4880]

=== True-DRO Benders iter 403 ===
  OMP: t₀=-22.951205, UB=15.776859, gap=2.45e+00, x=[1, 1, 0, 0, 0, 0, 0, 0, 0, 0, 0, 0, 0, 0, 0, 0, 0, 0, 0, 0, 0, 0, 0, 0, 0, 0, 0, 0, 0, 0, 0, 0, 0, 0, 0, 0] (1.591s)
  Sub: Z₀=22.935501 [LOCAL] (0.2s), α=[0.000,0.000,5.422,0.000,0.000,0.000,0.000,0.000,0.000,0.000,0.000,0.000,0.000,0.000,0.000,0.000,0.000,0.000,0.000,0.000,0.000,0.000,0.000,0.000,0.000,0.000,0.000,0.000,0.000,0.000,0.000,0.000,0.407,4.115,0.000,0.000]
  Iter 403: LB=-22.951205  UB=15.776859  gap=2.45e+00
  Cut: intercept=-1136.128244, π_x_range=[-822.2482, 587.5166]

=== True-DRO Benders iter 404 ===
  OMP: t₀=-22.951199, UB=15.776859, gap=2.45e+00, x=[1, 0, 0, 1, 0, 0, 0, 0, 0, 0, 0, 0, 0, 0, 0, 0, 0, 0, 0, 0, 0, 0, 0, 0, 0, 0, 0, 0, 0, 0, 0, 0, 0, 0, 0, 0] (1.977s)
  Sub: Z₀=22.935501 [LOCAL] (0.2s), α=[0.000,0.000,5.422,0.000,0.000,0.000,0.000,0.000,0.000,0.000,0.000,0.000,0.000,0.000,0.000,0.000,0.000,0.000,0.000,0.000,0.000,0.000,0.000,0.000,0.000,0.000,0.000,0.000,0.000,0.000,0.000,0.000,0.623,3.899,0.000,0.000]
  Iter 404: LB=-22.951199  UB=15.776859  gap=2.45e+00
  Cut: intercept=-1144.618271, π_x_range=[-823.5720, 587.5132]

=== True-DRO Benders iter 405 ===
  OMP: t₀=-22.951186, UB=15.776859, gap=2.45e+00, x=[0, 1, 0, 1, 0, 0, 0, 0, 0, 0, 0, 0, 0, 0, 0, 0, 0, 0, 0, 0, 0, 0, 0, 0, 0, 0, 0, 0, 0, 0, 0, 0, 0, 0, 0, 0] (1.977s)
  Sub: Z₀=22.942164 [TIME_LIMIT] (15.1s), α=[0.000,0.000,5.549,0.000,0.000,0.000,0.000,0.000,0.000,0.000,0.000,0.000,0.000,0.000,0.000,0.000,0.000,0.000,0.000,0.000,0.000,0.000,0.000,0.000,0.000,0.000,0.000,0.000,0.000,0.000,0.000,0.000,0.998,3.397,0.000,0.000]
  Iter 405: LB=-22.951186  UB=15.776859  gap=2.45e+00
  Cut: intercept=22.942165, π_x_range=[-167.9815, 0.0000]

=== True-DRO Benders iter 406 ===
  OMP: t₀=-22.951093, UB=15.776859, gap=2.45e+00, x=[0, 1, 0, 0, 0, 0, 0, 0, 0, 0, 0, 0, 0, 0, 0, 0, 0, 0, 0, 0, 0, 0, 0, 0, 0, 0, 0, 0, 0, 0, 0, 1, 0, 0, 0, 0] (1.809s)
  Sub: Z₀=22.935501 [LOCAL] (0.2s), α=[0.000,0.000,5.422,0.000,0.000,0.000,0.000,0.000,0.000,0.000,0.000,0.000,0.000,0.000,0.000,0.000,0.000,0.000,0.000,0.000,0.000,0.000,0.000,0.000,0.000,0.000,0.000,0.000,0.000,0.000,0.000,0.000,0.376,4.146,0.000,0.000]
  Iter 406: LB=-22.951093  UB=15.776859  gap=2.45e+00
  Cut: intercept=-1100.957860, π_x_range=[-822.6455, 571.5620]

=== True-DRO Benders iter 407 ===
  OMP: t₀=-22.951087, UB=15.776859, gap=2.45e+00, x=[0, 0, 0, 1, 0, 0, 0, 0, 0, 0, 0, 0, 0, 0, 0, 0, 0, 0, 0, 0, 0, 0, 0, 0, 0, 0, 0, 0, 0, 0, 0, 1, 0, 0, 0, 0] (1.805s)
  Sub: Z₀=22.935501 [LOCAL] (0.2s), α=[0.000,0.000,5.422,0.000,0.000,0.000,0.000,0.000,0.000,0.000,0.000,0.000,0.000,0.000,0.000,0.000,0.000,0.000,0.000,0.000,0.000,0.000,0.000,0.000,0.000,0.000,0.000,0.000,0.000,0.000,0.000,0.000,0.586,3.936,0.000,0.000]
  Iter 407: LB=-22.951087  UB=15.776859  gap=2.45e+00
  Cut: intercept=-1109.437521, π_x_range=[-823.8989, 580.0349]

=== True-DRO Benders iter 408 ===
  OMP: t₀=-22.951055, UB=15.776859, gap=2.45e+00, x=[0, 1, 0, 0, 0, 0, 0, 0, 0, 0, 0, 0, 0, 0, 0, 1, 0, 0, 0, 0, 0, 0, 0, 0, 0, 0, 0, 0, 0, 0, 0, 0, 0, 0, 0, 0] (1.643s)
  Sub: Z₀=22.935501 [LOCAL] (0.2s), α=[0.000,0.000,5.422,0.000,0.000,0.000,0.000,0.000,0.000,0.000,0.000,0.000,0.000,0.000,0.000,0.000,0.000,0.000,0.000,0.000,0.000,0.000,0.000,0.000,0.000,0.000,0.000,0.000,0.000,0.000,0.000,0.000,0.381,4.140,0.000,0.000]
  Iter 408: LB=-22.951055  UB=15.776859  gap=2.45e+00
  Cut: intercept=-1091.229279, π_x_range=[-822.6423, 571.5311]

=== True-DRO Benders iter 409 ===
  OMP: t₀=-22.951049, UB=15.776859, gap=2.45e+00, x=[0, 0, 0, 1, 0, 0, 0, 0, 0, 0, 0, 0, 0, 0, 0, 1, 0, 0, 0, 0, 0, 0, 0, 0, 0, 0, 0, 0, 0, 0, 0, 0, 0, 0, 0, 0] (1.832s)
  Sub: Z₀=22.935501 [LOCAL] (0.2s), α=[0.000,0.000,5.422,0.000,0.000,0.000,0.000,0.000,0.000,0.000,0.000,0.000,0.000,0.000,0.000,0.000,0.000,0.000,0.000,0.000,0.000,0.000,0.000,0.000,0.000,0.000,0.000,0.000,0.000,0.000,0.000,0.000,0.592,3.930,0.000,0.000]
  Iter 409: LB=-22.951049  UB=15.776859  gap=2.45e+00
  Cut: intercept=-1099.747003, π_x_range=[-823.8996, 580.0425]

=== True-DRO Benders iter 410 ===
  OMP: t₀=-22.951044, UB=15.776859, gap=2.45e+00, x=[1, 0, 0, 0, 0, 0, 0, 0, 0, 0, 0, 0, 0, 0, 0, 0, 0, 0, 0, 0, 0, 0, 0, 0, 0, 0, 0, 0, 0, 0, 0, 0, 0, 0, 1, 0] (1.828s)
  Sub: Z₀=22.942165 [TIME_LIMIT] (15.1s), α=[0.000,0.000,5.549,0.000,0.000,0.000,0.000,0.000,0.000,0.000,0.000,0.000,0.000,0.000,0.000,0.000,0.000,0.000,0.000,0.000,0.000,0.000,0.000,0.000,0.000,0.000,0.000,0.000,0.000,0.000,0.000,0.000,1.549,2.846,0.000,0.000]
  Iter 410: LB=-22.951044  UB=15.776859  gap=2.45e+00
  Cut: intercept=22.942165, π_x_range=[-160.0164, 0.0000]

=== True-DRO Benders iter 411 ===
  OMP: t₀=-22.951042, UB=15.776859, gap=2.45e+00, x=[0, 1, 0, 0, 1, 0, 0, 0, 0, 0, 0, 0, 0, 0, 0, 0, 0, 0, 0, 0, 0, 0, 0, 0, 0, 0, 0, 0, 0, 0, 0, 0, 0, 0, 0, 0] (1.906s)
  Sub: Z₀=22.935501 [LOCAL] (0.2s), α=[0.000,0.000,5.422,0.000,0.000,0.000,0.000,0.000,0.000,0.000,0.000,0.000,0.000,0.000,0.000,0.000,0.000,0.000,0.000,0.000,0.000,0.000,0.000,0.000,0.000,0.000,0.000,0.000,0.000,0.000,0.000,0.000,0.296,4.226,0.000,0.000]
  Iter 411: LB=-22.951042  UB=15.776859  gap=2.45e+00
  Cut: intercept=-1105.607063, π_x_range=[-822.6358, 571.5531]

=== True-DRO Benders iter 412 ===
  OMP: t₀=-22.951035, UB=15.776859, gap=2.45e+00, x=[0, 0, 0, 1, 1, 0, 0, 0, 0, 0, 0, 0, 0, 0, 0, 0, 0, 0, 0, 0, 0, 0, 0, 0, 0, 0, 0, 0, 0, 0, 0, 0, 0, 0, 0, 0] (1.889s)
  Sub: Z₀=22.935501 [LOCAL] (0.2s), α=[0.000,0.000,5.422,0.000,0.000,0.000,0.000,0.000,0.000,0.000,0.000,0.000,0.000,0.000,0.000,0.000,0.000,0.000,0.000,0.000,0.000,0.000,0.000,0.000,0.000,0.000,0.000,0.000,0.000,0.000,0.000,0.000,0.480,4.042,0.000,0.000]
  Iter 412: LB=-22.951035  UB=15.776859  gap=2.45e+00
  Cut: intercept=-1114.120043, π_x_range=[-823.8993, 580.0252]

=== True-DRO Benders iter 413 ===
  OMP: t₀=-22.951032, UB=15.776859, gap=2.45e+00, x=[0, 1, 0, 0, 0, 0, 0, 0, 0, 0, 0, 0, 0, 0, 0, 0, 0, 0, 0, 0, 0, 0, 0, 0, 0, 0, 0, 0, 0, 0, 0, 0, 0, 0, 1, 0] (2.000s)
  Sub: Z₀=22.935501 [LOCAL] (0.2s), α=[0.000,0.000,5.422,0.000,0.000,0.000,0.000,0.000,0.000,0.000,0.000,0.000,0.000,0.000,0.000,0.000,0.000,0.000,0.000,0.000,0.000,0.000,0.000,0.000,0.000,0.000,0.000,0.000,0.000,0.000,0.000,0.000,0.397,4.125,0.000,0.000]
  Iter 413: LB=-22.951032  UB=15.776859  gap=2.45e+00
  Cut: intercept=-1123.265613, π_x_range=[-822.7164, 574.6546]

=== True-DRO Benders iter 414 ===
  OMP: t₀=-22.951026, UB=15.776859, gap=2.45e+00, x=[0, 0, 0, 1, 0, 0, 0, 0, 0, 0, 0, 0, 0, 0, 0, 0, 0, 0, 0, 0, 0, 0, 0, 0, 0, 0, 0, 0, 0, 0, 0, 0, 0, 0, 1, 0] (1.891s)
  Sub: Z₀=22.935501 [LOCAL] (0.1s), α=[0.000,0.000,5.422,0.000,0.000,0.000,0.000,0.000,0.000,0.000,0.000,0.000,0.000,0.000,0.000,0.000,0.000,0.000,0.000,0.000,0.000,0.000,0.000,0.000,0.000,0.000,0.000,0.000,0.000,0.000,0.000,0.000,0.610,3.912,0.000,0.000]
  Iter 414: LB=-22.951026  UB=15.776859  gap=2.45e+00
  Cut: intercept=-1131.747681, π_x_range=[-823.9639, 580.0362]

=== True-DRO Benders iter 415 ===
  OMP: t₀=-22.951010, UB=15.776859, gap=2.45e+00, x=[1, 0, 0, 0, 0, 0, 0, 0, 0, 0, 0, 0, 0, 0, 0, 0, 0, 0, 0, 0, 0, 0, 0, 1, 0, 0, 0, 0, 0, 0, 0, 0, 0, 0, 0, 0] (1.867s)
  Sub: Z₀=22.942102 [TIME_LIMIT] (15.1s), α=[0.000,0.000,5.548,0.000,0.000,0.000,0.000,0.000,0.000,0.000,0.000,0.000,0.000,0.000,0.000,0.000,0.000,0.000,0.000,0.000,0.000,0.000,0.000,0.000,0.000,0.000,0.000,0.000,0.000,0.000,0.000,0.000,0.371,4.025,0.000,0.000]
  Iter 415: LB=-22.951010  UB=15.776859  gap=2.45e+00
  Cut: intercept=22.942102, π_x_range=[-174.2829, 0.0000]

=== True-DRO Benders iter 416 ===
  OMP: t₀=-22.951006, UB=15.776859, gap=2.45e+00, x=[1, 0, 0, 0, 0, 0, 0, 0, 0, 0, 0, 1, 0, 0, 0, 0, 0, 0, 0, 0, 0, 0, 0, 0, 0, 0, 0, 0, 0, 0, 0, 0, 0, 0, 0, 0] (1.771s)
  Sub: Z₀=22.935501 [LOCAL] (0.2s), α=[0.000,0.000,5.422,0.000,0.000,0.000,0.000,0.000,0.000,0.000,0.000,0.000,0.000,0.000,0.000,0.000,0.000,0.000,0.000,0.000,0.000,0.000,0.000,0.000,0.000,0.000,0.000,0.000,0.000,0.000,0.000,0.000,0.381,4.141,0.000,0.000]
  Iter 416: LB=-22.951006  UB=15.776859  gap=2.45e+00
  Cut: intercept=-1133.675815, π_x_range=[-823.5392, 587.5098]

=== True-DRO Benders iter 417 ===
  OMP: t₀=-22.951006, UB=15.776859, gap=2.45e+00, x=[1, 0, 0, 0, 0, 0, 0, 0, 0, 0, 0, 0, 0, 0, 1, 0, 0, 0, 0, 0, 0, 0, 0, 0, 0, 0, 0, 0, 0, 0, 0, 0, 0, 0, 0, 0] (1.639s)
  Sub: Z₀=22.935501 [LOCAL] (0.2s), α=[0.000,0.000,5.422,0.000,0.000,0.000,0.000,0.000,0.000,0.000,0.000,0.000,0.000,0.000,0.000,0.000,0.000,0.000,0.000,0.000,0.000,0.000,0.000,0.000,0.000,0.000,0.000,0.000,0.000,0.000,0.000,0.000,0.376,4.146,0.000,0.000]
  Iter 417: LB=-22.951006  UB=15.776859  gap=2.45e+00
  Cut: intercept=-1136.316981, π_x_range=[-823.5389, 587.5046]

=== True-DRO Benders iter 418 ===
  OMP: t₀=-22.950998, UB=15.776859, gap=2.45e+00, x=[0, 0, 0, 1, 0, 0, 0, 0, 0, 0, 0, 0, 0, 0, 0, 0, 0, 0, 0, 0, 0, 0, 0, 0, 0, 1, 0, 0, 0, 0, 0, 0, 0, 0, 0, 0] (1.489s)
  Sub: Z₀=22.935501 [LOCAL] (0.1s), α=[0.000,0.000,5.422,0.000,0.000,0.000,0.000,0.000,0.000,0.000,0.000,0.000,0.000,0.000,0.000,0.000,0.000,0.000,0.000,0.000,0.000,0.000,0.000,0.000,0.000,0.000,0.000,0.000,0.000,0.000,0.000,0.000,0.628,3.894,0.000,0.000]
  Iter 418: LB=-22.950998  UB=15.776859  gap=2.45e+00
  Cut: intercept=-1093.830422, π_x_range=[-823.9787, 580.0340]

=== True-DRO Benders iter 419 ===
  OMP: t₀=-22.950994, UB=15.776859, gap=2.45e+00, x=[0, 1, 0, 0, 0, 0, 0, 0, 0, 0, 0, 1, 0, 0, 0, 0, 0, 0, 0, 0, 0, 0, 0, 0, 0, 0, 0, 0, 0, 0, 0, 0, 0, 0, 0, 0] (1.531s)
  Sub: Z₀=22.935501 [LOCAL] (0.1s), α=[0.000,0.000,5.422,0.000,0.000,0.000,0.000,0.000,0.000,0.000,0.000,0.000,0.000,0.000,0.000,0.000,0.000,0.000,0.000,0.000,0.000,0.000,0.000,0.000,0.000,0.000,0.000,0.000,0.000,0.000,0.000,0.000,0.366,4.156,0.000,0.000]
  Iter 419: LB=-22.950994  UB=15.776859  gap=2.45e+00
  Cut: intercept=-1117.745687, π_x_range=[-822.6484, 571.5906]

=== True-DRO Benders iter 420 ===
  OMP: t₀=-22.950994, UB=15.776859, gap=2.45e+00, x=[0, 1, 0, 0, 0, 0, 0, 0, 0, 0, 0, 0, 0, 0, 1, 0, 0, 0, 0, 0, 0, 0, 0, 0, 0, 0, 0, 0, 0, 0, 0, 0, 0, 0, 0, 0] (1.527s)
  Sub: Z₀=22.942163 [TIME_LIMIT] (15.1s), α=[0.000,0.000,5.549,0.000,0.000,0.000,0.000,0.000,0.000,0.000,0.000,0.000,0.000,0.000,0.000,0.000,0.000,0.000,0.000,0.000,0.000,0.000,0.000,0.000,0.000,0.000,0.000,0.000,0.000,0.000,0.000,0.000,1.035,3.361,0.000,0.000]
  Iter 420: LB=-22.950994  UB=15.776859  gap=2.45e+00
  Cut: intercept=-46.155589, π_x_range=[-242.0000, 37.6565]

=== True-DRO Benders iter 421 ===
  OMP: t₀=-22.950989, UB=15.776859, gap=2.45e+00, x=[0, 1, 0, 0, 0, 0, 0, 1, 0, 0, 0, 0, 0, 0, 0, 0, 0, 0, 0, 0, 0, 0, 0, 0, 0, 0, 0, 0, 0, 0, 0, 0, 0, 0, 0, 0] (1.573s)
  Sub: Z₀=22.935501 [LOCAL] (0.2s), α=[0.000,0.000,5.422,0.000,0.000,0.000,0.000,0.000,0.000,0.000,0.000,0.000,0.000,0.000,0.000,0.000,0.000,0.000,0.000,0.000,0.000,0.000,0.000,0.000,0.000,0.000,0.000,0.000,0.000,0.000,0.000,0.000,0.440,4.082,0.000,0.000]
  Iter 421: LB=-22.950989  UB=15.776859  gap=2.45e+00
  Cut: intercept=-1115.460230, π_x_range=[-822.4924, 571.5599]

=== True-DRO Benders iter 422 ===
  OMP: t₀=-22.950987, UB=15.776859, gap=2.45e+00, x=[0, 0, 0, 1, 0, 0, 0, 0, 0, 0, 0, 0, 0, 0, 1, 0, 0, 0, 0, 0, 0, 0, 0, 0, 0, 0, 0, 0, 0, 0, 0, 0, 0, 0, 0, 0] (1.534s)
  Sub: Z₀=22.935501 [LOCAL] (0.2s), α=[0.000,0.000,5.422,0.000,0.000,0.000,0.000,0.000,0.000,0.000,0.000,0.000,0.000,0.000,0.000,0.000,0.000,0.000,0.000,0.000,0.000,0.000,0.000,0.000,0.000,0.000,0.000,0.000,0.000,0.000,0.000,0.000,0.566,3.956,0.000,0.000]
  Iter 422: LB=-22.950987  UB=15.776859  gap=2.45e+00
  Cut: intercept=-1128.854444, π_x_range=[-823.8978, 580.0527]

=== True-DRO Benders iter 423 ===
  OMP: t₀=-22.950988, UB=15.776859, gap=2.45e+00, x=[0, 0, 0, 1, 0, 0, 0, 0, 0, 0, 0, 1, 0, 0, 0, 0, 0, 0, 0, 0, 0, 0, 0, 0, 0, 0, 0, 0, 0, 0, 0, 0, 0, 0, 0, 0] (1.603s)
  Sub: Z₀=22.935501 [LOCAL] (0.1s), α=[0.000,0.000,5.422,0.000,0.000,0.000,0.000,0.000,0.000,0.000,0.000,0.000,0.000,0.000,0.000,0.000,0.000,0.000,0.000,0.000,0.000,0.000,0.000,0.000,0.000,0.000,0.000,0.000,0.000,0.000,0.000,0.000,0.574,3.948,0.000,0.000]
  Iter 423: LB=-22.950988  UB=15.776859  gap=2.45e+00
  Cut: intercept=-1126.208038, π_x_range=[-823.8998, 580.0401]

=== True-DRO Benders iter 424 ===
  OMP: t₀=-22.950987, UB=15.776859, gap=2.45e+00, x=[0, 1, 0, 0, 0, 0, 0, 0, 0, 0, 0, 0, 0, 0, 0, 0, 0, 0, 0, 0, 0, 0, 0, 0, 0, 0, 0, 0, 0, 0, 0, 0, 0, 0, 0, 1] (1.564s)
  Sub: Z₀=22.935501 [LOCAL] (0.1s), α=[0.000,0.000,5.422,0.000,0.000,0.000,0.000,0.000,0.000,0.000,0.000,0.000,0.000,0.000,0.000,0.000,0.000,0.000,0.000,0.000,0.000,0.000,0.000,0.000,0.000,0.000,0.000,0.000,0.000,0.000,0.000,0.000,0.395,4.127,0.000,0.000]
  Iter 424: LB=-22.950987  UB=15.776859  gap=2.45e+00
  Cut: intercept=-1126.251652, π_x_range=[-822.5841, 577.5905]

=== True-DRO Benders iter 425 ===
  OMP: t₀=-22.950981, UB=15.776859, gap=2.45e+00, x=[0, 0, 0, 1, 0, 0, 0, 0, 0, 0, 0, 0, 0, 0, 0, 0, 0, 0, 0, 0, 0, 0, 0, 0, 0, 0, 0, 0, 0, 0, 0, 0, 0, 0, 0, 1] (1.556s)
  Sub: Z₀=22.942167 [TIME_LIMIT] (15.1s), α=[0.000,0.000,5.549,0.000,0.000,0.000,0.000,0.000,0.000,0.000,0.000,0.000,0.000,0.000,0.000,0.000,0.000,0.000,0.000,0.000,0.000,0.000,0.000,0.000,0.000,0.000,0.000,0.000,0.000,0.000,0.000,0.000,0.628,3.767,0.000,0.000]
  Iter 425: LB=-22.950981  UB=15.776859  gap=2.45e+00
  Cut: intercept=22.942167, π_x_range=[-162.1886, 0.0000]

=== True-DRO Benders iter 426 ===
  OMP: t₀=-22.950983, UB=15.776859, gap=2.45e+00, x=[0, 0, 0, 1, 0, 0, 0, 1, 0, 0, 0, 0, 0, 0, 0, 0, 0, 0, 0, 0, 0, 0, 0, 0, 0, 0, 0, 0, 0, 0, 0, 0, 0, 0, 0, 0] (1.915s)
  Sub: Z₀=22.935501 [LOCAL] (0.2s), α=[0.000,0.000,5.422,0.000,0.000,0.000,0.000,0.000,0.000,0.000,0.000,0.000,0.000,0.000,0.000,0.000,0.000,0.000,0.000,0.000,0.000,0.000,0.000,0.000,0.000,0.000,0.000,0.000,0.000,0.000,0.000,0.000,0.662,3.860,0.000,0.000]
  Iter 426: LB=-22.950983  UB=15.776859  gap=2.45e+00
  Cut: intercept=-1123.962640, π_x_range=[-823.7883, 580.0430]

=== True-DRO Benders iter 427 ===
  OMP: t₀=-22.950932, UB=15.776859, gap=2.45e+00, x=[0, 0, 0, 0, 0, 0, 0, 0, 0, 0, 0, 0, 0, 0, 0, 0, 0, 0, 0, 0, 0, 0, 0, 0, 0, 0, 0, 0, 0, 0, 0, 1, 0, 0, 1, 0] (1.654s)
  Sub: Z₀=22.935501 [LOCAL] (0.2s), α=[0.000,0.000,5.422,0.000,0.000,0.000,0.000,0.000,0.000,0.000,0.000,0.000,0.000,0.000,0.000,0.000,0.000,0.000,0.000,0.000,0.000,0.000,0.000,0.000,0.000,0.000,0.000,0.000,0.000,0.000,0.000,0.000,0.383,4.139,0.000,0.000]
  Iter 427: LB=-22.950932  UB=15.776859  gap=2.45e+00
  Cut: intercept=-1104.077637, π_x_range=[-823.9340, 574.6465]

=== True-DRO Benders iter 428 ===
  OMP: t₀=-22.950904, UB=15.776859, gap=2.45e+00, x=[0, 0, 0, 0, 0, 0, 0, 0, 0, 0, 0, 0, 0, 0, 0, 0, 0, 0, 0, 0, 0, 0, 0, 0, 0, 1, 0, 0, 0, 0, 0, 1, 0, 0, 0, 0] (2.187s)
  Sub: Z₀=22.935501 [LOCAL] (0.1s), α=[0.000,0.000,5.422,0.000,0.000,0.000,0.000,0.000,0.000,0.000,0.000,0.000,0.000,0.000,0.000,0.000,0.000,0.000,0.000,0.000,0.000,0.000,0.000,0.000,0.000,0.000,0.000,0.000,0.000,0.000,0.000,0.000,0.398,4.124,0.000,0.000]
  Iter 428: LB=-22.950904  UB=15.776859  gap=2.45e+00
  Cut: intercept=-1066.195822, π_x_range=[-823.9501, 552.3268]

=== True-DRO Benders iter 429 ===
  OMP: t₀=-22.950894, UB=15.776859, gap=2.45e+00, x=[0, 0, 0, 0, 0, 0, 0, 0, 0, 0, 0, 0, 0, 0, 0, 1, 0, 0, 0, 0, 0, 0, 0, 0, 0, 0, 0, 0, 0, 0, 0, 0, 0, 0, 1, 0] (1.922s)
  Sub: Z₀=22.935501 [LOCAL] (0.1s), α=[0.000,0.000,5.422,0.000,0.000,0.000,0.000,0.000,0.000,0.000,0.000,0.000,0.000,0.000,0.000,0.000,0.000,0.000,0.000,0.000,0.000,0.000,0.000,0.000,0.000,0.000,0.000,0.000,0.000,0.000,0.000,0.000,0.388,4.134,0.000,0.000]
  Iter 429: LB=-22.950894  UB=15.776859  gap=2.45e+00
  Cut: intercept=-1094.398074, π_x_range=[-823.9349, 574.6641]

=== True-DRO Benders iter 430 ===
  OMP: t₀=-22.950894, UB=15.776859, gap=2.45e+00, x=[0, 0, 0, 0, 0, 0, 0, 0, 0, 0, 0, 1, 0, 0, 0, 0, 0, 0, 0, 0, 0, 0, 0, 0, 0, 0, 0, 0, 0, 0, 0, 1, 0, 0, 0, 0] (1.918s)
  Sub: Z₀=22.935503 [TIME_LIMIT] (15.1s), α=[0.000,0.000,5.422,0.000,0.000,0.000,0.000,0.000,0.000,0.000,0.000,0.000,0.000,0.000,0.000,0.000,0.000,0.000,0.000,0.000,0.000,0.000,0.000,0.000,0.000,0.000,0.000,0.000,0.000,0.000,0.000,0.000,0.783,3.739,0.000,0.000]
  Iter 430: LB=-22.950894  UB=15.776859  gap=2.45e+00
  Cut: intercept=22.935503, π_x_range=[-158.2368, 0.0000]

=== True-DRO Benders iter 431 ===
  OMP: t₀=-22.950894, UB=15.776859, gap=2.45e+00, x=[0, 0, 0, 0, 0, 0, 0, 0, 0, 0, 0, 0, 0, 0, 1, 0, 0, 0, 0, 0, 0, 0, 0, 0, 0, 0, 0, 0, 0, 0, 0, 1, 0, 0, 0, 0] (1.883s)
  Sub: Z₀=22.935501 [LOCAL] (0.2s), α=[0.000,0.000,5.422,0.000,0.000,0.000,0.000,0.000,0.000,0.000,0.000,0.000,0.000,0.000,0.000,0.000,0.000,0.000,0.000,0.000,0.000,0.000,0.000,0.000,0.000,0.000,0.000,0.000,0.000,0.000,0.000,0.000,0.348,4.174,0.000,0.000]
  Iter 431: LB=-22.950894  UB=15.776859  gap=2.45e+00
  Cut: intercept=-1101.135586, π_x_range=[-823.8678, 571.7509]

=== True-DRO Benders iter 432 ===
  OMP: t₀=-22.950890, UB=15.776859, gap=2.45e+00, x=[0, 0, 0, 0, 0, 0, 0, 1, 0, 0, 0, 0, 0, 0, 0, 0, 0, 0, 0, 0, 0, 0, 0, 0, 0, 0, 0, 0, 0, 0, 0, 1, 0, 0, 0, 0] (1.582s)
  Sub: Z₀=22.935501 [LOCAL] (0.2s), α=[0.000,0.000,5.422,0.000,0.000,0.000,0.000,0.000,0.000,0.000,0.000,0.000,0.000,0.000,0.000,0.000,0.000,0.000,0.000,0.000,0.000,0.000,0.000,0.000,0.000,0.000,0.000,0.000,0.000,0.000,0.000,0.000,0.424,4.098,0.000,0.000]
  Iter 432: LB=-22.950890  UB=15.776859  gap=2.45e+00
  Cut: intercept=-1096.305070, π_x_range=[-823.7575, 566.8513]

=== True-DRO Benders iter 433 ===
  OMP: t₀=-22.950881, UB=15.776859, gap=2.45e+00, x=[0, 0, 0, 0, 1, 0, 0, 0, 0, 0, 0, 0, 0, 0, 0, 0, 0, 0, 0, 0, 0, 0, 0, 0, 0, 0, 0, 0, 0, 0, 0, 0, 0, 0, 1, 0] (1.849s)
  Sub: Z₀=22.935501 [LOCAL] (0.1s), α=[0.000,0.000,5.422,0.000,0.000,0.000,0.000,0.000,0.000,0.000,0.000,0.000,0.000,0.000,0.000,0.000,0.000,0.000,0.000,0.000,0.000,0.000,0.000,0.000,0.000,0.000,0.000,0.000,0.000,0.000,0.000,0.000,0.302,4.220,0.000,0.000]
  Iter 433: LB=-22.950881  UB=15.776859  gap=2.45e+00
  Cut: intercept=-1108.723203, π_x_range=[-823.9356, 574.6458]

=== True-DRO Benders iter 434 ===
  OMP: t₀=-22.950856, UB=15.776859, gap=2.45e+00, x=[0, 0, 0, 0, 0, 0, 0, 0, 0, 0, 0, 0, 0, 0, 1, 1, 0, 0, 0, 0, 0, 0, 0, 0, 0, 0, 0, 0, 0, 0, 0, 0, 0, 0, 0, 0] (1.560s)
  Sub: Z₀=22.935501 [LOCAL] (0.2s), α=[0.000,0.000,5.422,0.000,0.000,0.000,0.000,0.000,0.000,0.000,0.000,0.000,0.000,0.000,0.000,0.000,0.000,0.000,0.000,0.000,0.000,0.000,0.000,0.000,0.000,0.000,0.000,0.000,0.000,0.000,0.000,0.000,0.353,4.169,0.000,0.000]
  Iter 434: LB=-22.950856  UB=15.776859  gap=2.45e+00
  Cut: intercept=-1091.351726, π_x_range=[-823.8688, 571.7390]

=== True-DRO Benders iter 435 ===
  OMP: t₀=-22.950847, UB=15.776859, gap=2.45e+00, x=[0, 0, 0, 0, 1, 0, 0, 0, 0, 0, 0, 0, 0, 0, 0, 0, 0, 0, 0, 0, 0, 0, 0, 1, 0, 0, 0, 0, 0, 0, 0, 0, 0, 0, 0, 0] (1.552s)
  Sub: Z₀=22.935503 [TIME_LIMIT] (15.1s), α=[0.000,0.000,5.422,0.000,0.000,0.000,0.000,0.000,0.000,0.000,0.000,0.000,0.000,0.000,0.000,0.000,0.000,0.000,0.000,0.000,0.000,0.000,0.000,0.000,0.000,0.000,0.000,0.000,0.000,0.000,0.000,0.000,1.229,3.293,0.000,0.000]
  Iter 435: LB=-22.950847  UB=15.776859  gap=2.45e+00
  Cut: intercept=-75.890127, π_x_range=[-198.0000, 57.4618]

=== True-DRO Benders iter 436 ===
  OMP: t₀=-22.950843, UB=15.776859, gap=2.45e+00, x=[0, 0, 0, 0, 0, 0, 0, 0, 0, 0, 0, 0, 0, 0, 0, 0, 0, 0, 0, 0, 0, 0, 0, 0, 0, 1, 0, 0, 0, 0, 0, 0, 0, 0, 1, 0] (1.630s)
  Sub: Z₀=22.935501 [LOCAL] (0.2s), α=[0.000,0.000,5.422,0.000,0.000,0.000,0.000,0.000,0.000,0.000,0.000,0.000,0.000,0.000,0.000,0.000,0.000,0.000,0.000,0.000,0.000,0.000,0.000,0.000,0.000,0.000,0.000,0.000,0.000,0.000,0.000,0.000,0.421,4.101,0.000,0.000]
  Iter 436: LB=-22.950843  UB=15.776859  gap=2.45e+00
  Cut: intercept=-1088.517111, π_x_range=[-824.0171, 574.6503]

=== True-DRO Benders iter 437 ===
  OMP: t₀=-22.950843, UB=15.776859, gap=2.45e+00, x=[0, 0, 0, 0, 1, 0, 0, 0, 0, 0, 0, 1, 0, 0, 0, 0, 0, 0, 0, 0, 0, 0, 0, 0, 0, 0, 0, 0, 0, 0, 0, 0, 0, 0, 0, 0] (1.682s)
  Sub: Z₀=22.935501 [LOCAL] (0.1s), α=[0.000,0.000,5.422,0.000,0.000,0.000,0.000,0.000,0.000,0.000,0.000,0.000,0.000,0.000,0.000,0.000,0.000,0.000,0.000,0.000,0.000,0.000,0.000,0.000,0.000,0.000,0.000,0.000,0.000,0.000,0.000,0.000,0.276,4.246,0.000,0.000]
  Iter 437: LB=-22.950843  UB=15.776859  gap=2.45e+00
  Cut: intercept=-1103.176416, π_x_range=[-823.8700, 569.1210]

=== True-DRO Benders iter 438 ===
  OMP: t₀=-22.950843, UB=15.776859, gap=2.45e+00, x=[0, 0, 0, 0, 1, 0, 0, 0, 0, 0, 0, 0, 0, 0, 1, 0, 0, 0, 0, 0, 0, 0, 0, 0, 0, 0, 0, 0, 0, 0, 0, 0, 0, 0, 0, 0] (1.599s)
  Sub: Z₀=22.935501 [LOCAL] (0.2s), α=[0.000,0.000,5.422,0.000,0.000,0.000,0.000,0.000,0.000,0.000,0.000,0.000,0.000,0.000,0.000,0.000,0.000,0.000,0.000,0.000,0.000,0.000,0.000,0.000,0.000,0.000,0.000,0.000,0.000,0.000,0.000,0.000,0.274,4.248,0.000,0.000]
  Iter 438: LB=-22.950843  UB=15.776859  gap=2.45e+00
  Cut: intercept=-1105.725193, π_x_range=[-823.8678, 571.7360]

=== True-DRO Benders iter 439 ===
  OMP: t₀=-22.950839, UB=15.776859, gap=2.45e+00, x=[0, 0, 0, 0, 1, 0, 0, 1, 0, 0, 0, 0, 0, 0, 0, 0, 0, 0, 0, 0, 0, 0, 0, 0, 0, 0, 0, 0, 0, 0, 0, 0, 0, 0, 0, 0] (1.703s)
  Sub: Z₀=22.935501 [LOCAL] (0.2s), α=[0.000,0.000,5.422,0.000,0.000,0.000,0.000,0.000,0.000,0.000,0.000,0.000,0.000,0.000,0.000,0.000,0.000,0.000,0.000,0.000,0.000,0.000,0.000,0.000,0.000,0.000,0.000,0.000,0.000,0.000,0.000,0.000,0.338,4.184,0.000,0.000]
  Iter 439: LB=-22.950839  UB=15.776859  gap=2.45e+00
  Cut: intercept=-1100.919223, π_x_range=[-823.7622, 566.8438]

=== True-DRO Benders iter 440 ===
  OMP: t₀=-22.950837, UB=15.776859, gap=2.45e+00, x=[0, 0, 0, 0, 0, 0, 0, 0, 0, 0, 0, 0, 0, 0, 0, 0, 0, 0, 0, 0, 0, 0, 0, 1, 0, 0, 0, 0, 0, 0, 0, 0, 0, 0, 1, 0] (1.682s)
  Sub: Z₀=22.941806 [TIME_LIMIT] (15.1s), α=[0.000,0.000,5.542,0.000,0.000,0.000,0.000,0.000,0.000,0.000,0.000,0.000,0.000,0.000,0.000,0.000,0.000,0.000,0.000,0.000,0.000,0.000,0.000,0.000,0.000,0.000,0.000,0.000,0.000,0.000,0.000,0.000,0.272,4.130,0.000,0.000]
  Iter 440: LB=-22.950837  UB=15.776859  gap=2.45e+00
  Cut: intercept=22.941806, π_x_range=[-164.3694, 0.0000]

=== True-DRO Benders iter 441 ===
  OMP: t₀=-22.950836, UB=15.776859, gap=2.45e+00, x=[0, 0, 0, 0, 1, 0, 0, 0, 0, 0, 0, 0, 0, 0, 0, 0, 0, 0, 0, 0, 0, 0, 0, 0, 0, 0, 0, 0, 0, 0, 0, 0, 0, 0, 0, 1] (1.539s)
  Sub: Z₀=22.935501 [LOCAL] (0.1s), α=[0.000,0.000,5.422,0.000,0.000,0.000,0.000,0.000,0.000,0.000,0.000,0.000,0.000,0.000,0.000,0.000,0.000,0.000,0.000,0.000,0.000,0.000,0.000,0.000,0.000,0.000,0.000,0.000,0.000,0.000,0.000,0.000,0.300,4.222,0.000,0.000]
  Iter 441: LB=-22.950836  UB=15.776859  gap=2.45e+00
  Cut: intercept=-1111.630890, π_x_range=[-823.8206, 577.5753]

=== True-DRO Benders iter 442 ===
  OMP: t₀=-22.950833, UB=15.776859, gap=2.45e+00, x=[0, 0, 0, 0, 0, 0, 0, 0, 0, 0, 0, 1, 0, 0, 0, 0, 0, 0, 0, 0, 0, 0, 0, 0, 0, 0, 0, 0, 0, 0, 0, 0, 0, 0, 1, 0] (1.501s)
  Sub: Z₀=22.935501 [LOCAL] (0.2s), α=[0.000,0.000,5.422,0.000,0.000,0.000,0.000,0.000,0.000,0.000,0.000,0.000,0.000,0.000,0.000,0.000,0.000,0.000,0.000,0.000,0.000,0.000,0.000,0.000,0.000,0.000,0.000,0.000,0.000,0.000,0.000,0.000,0.373,4.149,0.000,0.000]
  Iter 442: LB=-22.950833  UB=15.776859  gap=2.45e+00
  Cut: intercept=-1120.775637, π_x_range=[-823.9349, 574.5951]

=== True-DRO Benders iter 443 ===
  OMP: t₀=-22.950833, UB=15.776859, gap=2.45e+00, x=[0, 0, 0, 0, 0, 0, 0, 0, 0, 0, 0, 0, 0, 0, 1, 0, 0, 0, 0, 0, 0, 0, 0, 0, 0, 0, 0, 0, 0, 0, 0, 0, 0, 0, 1, 0] (1.481s)
  Sub: Z₀=22.935501 [LOCAL] (0.2s), α=[0.000,0.000,5.422,0.000,0.000,0.000,0.000,0.000,0.000,0.000,0.000,0.000,0.000,0.000,0.000,0.000,0.000,0.000,0.000,0.000,0.000,0.000,0.000,0.000,0.000,0.000,0.000,0.000,0.000,0.000,0.000,0.000,0.368,4.154,0.000,0.000]
  Iter 443: LB=-22.950833  UB=15.776859  gap=2.45e+00
  Cut: intercept=-1123.427686, π_x_range=[-823.9340, 574.6245]

=== True-DRO Benders iter 444 ===
  OMP: t₀=-22.950829, UB=15.776859, gap=2.45e+00, x=[0, 0, 0, 0, 0, 0, 0, 1, 0, 0, 0, 0, 0, 0, 0, 0, 0, 0, 0, 0, 0, 0, 0, 0, 0, 0, 0, 0, 0, 0, 0, 0, 0, 0, 1, 0] (1.505s)
  Sub: Z₀=22.935501 [LOCAL] (0.1s), α=[0.000,0.000,5.422,0.000,0.000,0.000,0.000,0.000,0.000,0.000,0.000,0.000,0.000,0.000,0.000,0.000,0.000,0.000,0.000,0.000,0.000,0.000,0.000,0.000,0.000,0.000,0.000,0.000,0.000,0.000,0.000,0.000,0.446,4.076,0.000,0.000]
  Iter 444: LB=-22.950829  UB=15.776859  gap=2.45e+00
  Cut: intercept=-1118.576068, π_x_range=[-823.8294, 574.6653]

=== True-DRO Benders iter 445 ===
  OMP: t₀=-22.950826, UB=15.776859, gap=2.45e+00, x=[0, 0, 0, 0, 0, 0, 0, 0, 0, 0, 0, 0, 0, 0, 0, 0, 0, 0, 0, 0, 0, 0, 0, 0, 0, 0, 0, 0, 0, 0, 0, 0, 0, 0, 1, 1] (1.490s)
  Sub: Z₀=22.935502 [TIME_LIMIT] (15.1s), α=[0.000,0.000,5.422,0.000,0.000,0.000,0.000,0.000,0.000,0.000,0.000,0.000,0.000,0.000,0.000,0.000,0.000,0.000,0.000,0.000,0.000,0.000,0.000,0.000,0.000,0.000,0.000,0.000,0.000,0.000,0.000,0.000,0.557,3.965,0.000,0.000]
  Iter 445: LB=-22.950826  UB=15.776859  gap=2.45e+00
  Cut: intercept=-36.086710, π_x_range=[-218.0000, 36.0914]

=== True-DRO Benders iter 446 ===
  OMP: t₀=-22.950805, UB=15.776859, gap=2.45e+00, x=[0, 0, 0, 0, 0, 0, 0, 0, 0, 0, 0, 1, 0, 0, 0, 0, 0, 0, 0, 0, 0, 0, 0, 0, 0, 1, 0, 0, 0, 0, 0, 0, 0, 0, 0, 0] (1.660s)
  Sub: Z₀=22.935501 [LOCAL] (0.2s), α=[0.000,0.000,5.422,0.000,0.000,0.000,0.000,0.000,0.000,0.000,0.000,0.000,0.000,0.000,0.000,0.000,0.000,0.000,0.000,0.000,0.000,0.000,0.000,0.000,0.000,0.000,0.000,0.000,0.000,0.000,0.000,0.000,0.388,4.134,0.000,0.000]
  Iter 446: LB=-22.950805  UB=15.776859  gap=2.45e+00
  Cut: intercept=-1082.961445, π_x_range=[-823.9503, 569.1038]

=== True-DRO Benders iter 447 ===
  OMP: t₀=-22.950805, UB=15.776859, gap=2.45e+00, x=[0, 0, 0, 0, 0, 0, 0, 0, 0, 0, 0, 0, 0, 0, 1, 0, 0, 0, 0, 0, 0, 0, 0, 0, 0, 1, 0, 0, 0, 0, 0, 0, 0, 0, 0, 0] (1.910s)
  Sub: Z₀=22.935501 [LOCAL] (0.2s), α=[0.000,0.000,5.422,0.000,0.000,0.000,0.000,0.000,0.000,0.000,0.000,0.000,0.000,0.000,0.000,0.000,0.000,0.000,0.000,0.000,0.000,0.000,0.000,0.000,0.000,0.000,0.000,0.000,0.000,0.000,0.000,0.000,0.384,4.138,0.000,0.000]
  Iter 447: LB=-22.950805  UB=15.776859  gap=2.45e+00
  Cut: intercept=-1085.472581, π_x_range=[-823.9491, 571.7379]

=== True-DRO Benders iter 448 ===
  OMP: t₀=-22.950799, UB=15.776859, gap=2.45e+00, x=[0, 0, 0, 0, 0, 0, 0, 0, 0, 0, 0, 0, 0, 0, 1, 0, 0, 0, 0, 0, 0, 0, 0, 1, 0, 0, 0, 0, 0, 0, 0, 0, 0, 0, 0, 0] (1.573s)
  Sub: Z₀=22.935501 [LOCAL] (0.2s), α=[0.000,0.000,5.422,0.000,0.000,0.000,0.000,0.000,0.000,0.000,0.000,0.000,0.000,0.000,0.000,0.000,0.000,0.000,0.000,0.000,0.000,0.000,0.000,0.000,0.000,0.000,0.000,0.000,0.000,0.000,0.000,0.000,0.446,4.076,0.000,0.000]
  Iter 448: LB=-22.950799  UB=15.776859  gap=2.45e+00
  Cut: intercept=-1129.946291, π_x_range=[-823.8543, 581.0711]

=== True-DRO Benders iter 449 ===
  OMP: t₀=-22.950795, UB=15.776859, gap=2.45e+00, x=[0, 0, 0, 0, 0, 0, 0, 0, 0, 0, 0, 1, 0, 0, 1, 0, 0, 0, 0, 0, 0, 0, 0, 0, 0, 0, 0, 0, 0, 0, 0, 0, 0, 0, 0, 0] (1.591s)
  Sub: Z₀=22.935501 [LOCAL] (0.2s), α=[0.000,0.000,5.422,0.000,0.000,0.000,0.000,0.000,0.000,0.000,0.000,0.000,0.000,0.000,0.000,0.000,0.000,0.000,0.000,0.000,0.000,0.000,0.000,0.000,0.000,0.000,0.000,0.000,0.000,0.000,0.000,0.000,0.339,4.183,0.000,0.000]
  Iter 449: LB=-22.950795  UB=15.776859  gap=2.45e+00
  Cut: intercept=-1117.859956, π_x_range=[-823.8685, 571.7421]

=== True-DRO Benders iter 450 ===
  OMP: t₀=-22.950795, UB=15.776859, gap=2.45e+00, x=[0, 0, 0, 0, 0, 0, 0, 1, 0, 0, 0, 0, 0, 0, 0, 0, 0, 0, 0, 0, 0, 0, 0, 1, 0, 0, 0, 0, 0, 0, 0, 0, 0, 0, 0, 0] (1.557s)
  Sub: Z₀=22.935503 [TIME_LIMIT] (15.1s), α=[0.000,0.000,5.422,0.000,0.000,0.000,0.000,0.000,0.000,0.000,0.000,0.000,0.000,0.000,0.000,0.000,0.000,0.000,0.000,0.000,0.000,0.000,0.000,0.000,0.000,0.000,0.000,0.000,0.000,0.000,0.000,0.000,0.773,3.749,0.000,0.000]
  Iter 450: LB=-22.950795  UB=15.776859  gap=2.45e+00
  Cut: intercept=-74.170951, π_x_range=[-228.0000, 55.6932]

=== True-DRO Benders iter 451 ===
  OMP: t₀=-22.950791, UB=15.776859, gap=2.45e+00, x=[0, 0, 0, 0, 0, 0, 0, 1, 0, 0, 0, 1, 0, 0, 0, 0, 0, 0, 0, 0, 0, 0, 0, 0, 0, 0, 0, 0, 0, 0, 0, 0, 0, 0, 0, 0] (1.617s)
  Sub: Z₀=22.935501 [LOCAL] (0.1s), α=[0.000,0.000,5.422,0.000,0.000,0.000,0.000,0.000,0.000,0.000,0.000,0.000,0.000,0.000,0.000,0.000,0.000,0.000,0.000,0.000,0.000,0.000,0.000,0.000,0.000,0.000,0.000,0.000,0.000,0.000,0.000,0.000,0.413,4.109,0.000,0.000]
  Iter 451: LB=-22.950791  UB=15.776859  gap=2.45e+00
  Cut: intercept=-1112.994655, π_x_range=[-823.7576, 569.1199]

=== True-DRO Benders iter 452 ===
  OMP: t₀=-22.950791, UB=15.776859, gap=2.45e+00, x=[0, 0, 0, 0, 0, 0, 0, 1, 0, 0, 0, 0, 0, 0, 1, 0, 0, 0, 0, 0, 0, 0, 0, 0, 0, 0, 0, 0, 0, 0, 0, 0, 0, 0, 0, 0] (1.837s)
  Sub: Z₀=22.935501 [LOCAL] (0.2s), α=[0.000,0.000,5.422,0.000,0.000,0.000,0.000,0.000,0.000,0.000,0.000,0.000,0.000,0.000,0.000,0.000,0.000,0.000,0.000,0.000,0.000,0.000,0.000,0.000,0.000,0.000,0.000,0.000,0.000,0.000,0.000,0.000,0.409,4.113,0.000,0.000]
  Iter 452: LB=-22.950791  UB=15.776859  gap=2.45e+00
  Cut: intercept=-1115.620479, π_x_range=[-823.7576, 571.7592]

=== True-DRO Benders iter 453 ===
  OMP: t₀=-22.950788, UB=15.776859, gap=2.45e+00, x=[0, 0, 0, 0, 0, 0, 0, 0, 0, 0, 0, 1, 0, 0, 0, 0, 0, 0, 0, 0, 0, 0, 0, 0, 0, 0, 0, 0, 0, 0, 0, 0, 0, 0, 0, 1] (1.815s)
  Sub: Z₀=22.935501 [LOCAL] (0.1s), α=[0.000,0.000,5.422,0.000,0.000,0.000,0.000,0.000,0.000,0.000,0.000,0.000,0.000,0.000,0.000,0.000,0.000,0.000,0.000,0.000,0.000,0.000,0.000,0.000,0.000,0.000,0.000,0.000,0.000,0.000,0.000,0.000,0.371,4.151,0.000,0.000]
  Iter 453: LB=-22.950788  UB=15.776859  gap=2.45e+00
  Cut: intercept=-1123.786141, π_x_range=[-823.8220, 577.5734]

=== True-DRO Benders iter 454 ===
  OMP: t₀=-22.950788, UB=15.776859, gap=2.45e+00, x=[0, 0, 0, 0, 0, 0, 0, 0, 0, 0, 0, 0, 0, 0, 1, 0, 0, 0, 0, 0, 0, 0, 0, 0, 0, 0, 0, 0, 0, 0, 0, 0, 0, 0, 0, 1] (1.832s)
  Sub: Z₀=22.935501 [LOCAL] (0.2s), α=[0.000,0.000,5.422,0.000,0.000,0.000,0.000,0.000,0.000,0.000,0.000,0.000,0.000,0.000,0.000,0.000,0.000,0.000,0.000,0.000,0.000,0.000,0.000,0.000,0.000,0.000,0.000,0.000,0.000,0.000,0.000,0.000,0.366,4.156,0.000,0.000]
  Iter 454: LB=-22.950788  UB=15.776859  gap=2.45e+00
  Cut: intercept=-1126.429938, π_x_range=[-823.8198, 577.6005]

=== True-DRO Benders iter 455 ===
  OMP: t₀=-22.950784, UB=15.776859, gap=2.45e+00, x=[0, 0, 0, 0, 0, 0, 0, 1, 0, 0, 0, 0, 0, 0, 0, 0, 0, 0, 0, 0, 0, 0, 0, 0, 0, 0, 0, 0, 0, 0, 0, 0, 0, 0, 0, 1] (1.967s)
  Sub: Z₀=22.942163 [TIME_LIMIT] (15.2s), α=[0.000,0.000,5.549,0.000,0.000,0.000,0.000,0.000,0.000,0.000,0.000,0.000,0.000,0.000,0.000,0.000,0.000,0.000,0.000,0.000,0.000,0.000,0.000,0.000,0.000,0.000,0.000,0.000,0.000,0.000,0.000,0.000,1.556,2.840,0.000,0.000]
  Iter 455: LB=-22.950784  UB=15.776859  gap=2.45e+00
  Cut: intercept=-51.154996, π_x_range=[-242.0000, 49.9403]

=== True-DRO Benders iter 456 ===
  OMP: t₀=-22.950216, UB=15.776859, gap=2.45e+00, x=[1, 0, 0, 0, 0, 0, 0, 0, 0, 0, 0, 0, 0, 0, 0, 0, 0, 0, 0, 0, 1, 0, 0, 0, 0, 0, 0, 0, 0, 0, 0, 0, 0, 0, 0, 0] (1.959s)
  Sub: Z₀=22.935501 [LOCAL] (0.2s), α=[0.000,0.000,5.422,0.000,0.000,0.000,0.000,0.000,0.000,0.000,0.000,0.000,0.000,0.000,0.000,0.000,0.000,0.000,0.000,0.000,0.000,0.000,0.000,0.000,0.000,0.000,0.000,0.000,0.000,0.000,0.000,0.000,0.362,4.160,0.000,0.000]
  Iter 456: LB=-22.950216  UB=15.776859  gap=2.45e+00
  Cut: intercept=-1120.985857, π_x_range=[-823.5140, 587.5217]

=== True-DRO Benders iter 457 ===
  OMP: t₀=-22.950204, UB=15.776859, gap=2.45e+00, x=[0, 1, 0, 0, 0, 0, 0, 0, 0, 0, 0, 0, 0, 0, 0, 0, 0, 0, 0, 0, 1, 0, 0, 0, 0, 0, 0, 0, 0, 0, 0, 0, 0, 0, 0, 0] (1.652s)
  Sub: Z₀=22.935501 [LOCAL] (0.1s), α=[0.000,0.000,5.422,0.000,0.000,0.000,0.000,0.000,0.000,0.000,0.000,0.000,0.000,0.000,0.000,0.000,0.000,0.000,0.000,0.000,0.000,0.000,0.000,0.000,0.000,0.000,0.000,0.000,0.000,0.000,0.000,0.000,0.348,4.174,0.000,0.000]
  Iter 457: LB=-22.950204  UB=15.776859  gap=2.45e+00
  Cut: intercept=-1105.006237, π_x_range=[-822.6197, 571.5514]

=== True-DRO Benders iter 458 ===
  OMP: t₀=-22.950198, UB=15.776859, gap=2.45e+00, x=[0, 0, 0, 1, 0, 0, 0, 0, 0, 0, 0, 0, 0, 0, 0, 0, 0, 0, 0, 0, 1, 0, 0, 0, 0, 0, 0, 0, 0, 0, 0, 0, 0, 0, 0, 0] (1.591s)
  Sub: Z₀=22.935501 [LOCAL] (0.2s), α=[0.000,0.000,5.422,0.000,0.000,0.000,0.000,0.000,0.000,0.000,0.000,0.000,0.000,0.000,0.000,0.000,0.000,0.000,0.000,0.000,0.000,0.000,0.000,0.000,0.000,0.000,0.000,0.000,0.000,0.000,0.000,0.000,0.552,3.970,0.000,0.000]
  Iter 458: LB=-22.950198  UB=15.776859  gap=2.45e+00
  Cut: intercept=-1113.508590, π_x_range=[-823.8742, 580.0496]

=== True-DRO Benders iter 459 ===
  OMP: t₀=-22.950066, UB=15.776859, gap=2.45e+00, x=[0, 0, 0, 0, 0, 0, 0, 0, 0, 0, 0, 0, 0, 0, 0, 1, 0, 0, 0, 0, 1, 0, 0, 0, 0, 0, 0, 0, 0, 0, 0, 0, 0, 0, 0, 0] (1.612s)
  Sub: Z₀=22.935501 [LOCAL] (0.1s), α=[0.000,0.000,5.422,0.000,0.000,0.000,0.000,0.000,0.000,0.000,0.000,0.000,0.000,0.000,0.000,0.000,0.000,0.000,0.000,0.000,0.000,0.000,0.000,0.000,0.000,0.000,0.000,0.000,0.000,0.000,0.000,0.000,0.339,4.183,0.000,0.000]
  Iter 459: LB=-22.950066  UB=15.776859  gap=2.45e+00
  Cut: intercept=-1076.066441, π_x_range=[-823.8448, 556.3860]

=== True-DRO Benders iter 460 ===
  OMP: t₀=-22.950053, UB=15.776859, gap=2.45e+00, x=[0, 0, 0, 0, 1, 0, 0, 0, 0, 0, 0, 0, 0, 0, 0, 0, 0, 0, 0, 0, 1, 0, 0, 0, 0, 0, 0, 0, 0, 0, 0, 0, 0, 0, 0, 0] (1.602s)
  Sub: Z₀=22.942165 [TIME_LIMIT] (15.1s), α=[0.000,0.000,5.549,0.000,0.000,0.000,0.000,0.000,0.000,0.000,0.000,0.000,0.000,0.000,0.000,0.000,0.000,0.000,0.000,0.000,0.000,0.000,0.000,0.000,0.000,0.000,0.000,0.000,0.000,0.000,0.000,0.000,0.000,4.395,0.000,0.000]
  Iter 460: LB=-22.950053  UB=15.776859  gap=2.45e+00
  Cut: intercept=22.942165, π_x_range=[-179.0104, 0.0000]

=== True-DRO Benders iter 461 ===
  OMP: t₀=-22.950043, UB=15.776859, gap=2.45e+00, x=[0, 0, 0, 0, 0, 0, 0, 0, 0, 0, 0, 0, 0, 0, 0, 0, 0, 0, 0, 0, 1, 0, 0, 0, 0, 0, 0, 0, 0, 0, 0, 0, 0, 0, 1, 0] (1.955s)
  Sub: Z₀=22.935501 [LOCAL] (0.1s), α=[0.000,0.000,5.422,0.000,0.000,0.000,0.000,0.000,0.000,0.000,0.000,0.000,0.000,0.000,0.000,0.000,0.000,0.000,0.000,0.000,0.000,0.000,0.000,0.000,0.000,0.000,0.000,0.000,0.000,0.000,0.000,0.000,0.354,4.168,0.000,0.000]
  Iter 461: LB=-22.950043  UB=15.776859  gap=2.45e+00
  Cut: intercept=-1108.116892, π_x_range=[-823.9083, 574.6648]

=== True-DRO Benders iter 462 ===
  OMP: t₀=-22.950009, UB=15.776859, gap=2.45e+00, x=[0, 0, 0, 0, 0, 0, 0, 0, 0, 0, 0, 0, 0, 0, 0, 0, 0, 0, 0, 0, 1, 0, 0, 1, 0, 0, 0, 0, 0, 0, 0, 0, 0, 0, 0, 0] (2.199s)
  Sub: Z₀=22.935501 [LOCAL] (0.1s), α=[0.000,0.000,5.422,0.000,0.000,0.000,0.000,0.000,0.000,0.000,0.000,0.000,0.000,0.000,0.000,0.000,0.000,0.000,0.000,0.000,0.000,0.000,0.000,0.000,0.000,0.000,0.000,0.000,0.000,0.000,0.000,0.000,0.431,4.091,0.000,0.000]
  Iter 462: LB=-22.950009  UB=15.776859  gap=2.45e+00
  Cut: intercept=-1114.431005, π_x_range=[-823.8294, 580.9745]

=== True-DRO Benders iter 463 ===
  OMP: t₀=-22.950005, UB=15.776859, gap=2.45e+00, x=[0, 0, 0, 0, 0, 0, 0, 0, 0, 0, 0, 1, 0, 0, 0, 0, 0, 0, 0, 0, 1, 0, 0, 0, 0, 0, 0, 0, 0, 0, 0, 0, 0, 0, 0, 0] (1.863s)
  Sub: Z₀=22.935501 [LOCAL] (0.1s), α=[0.000,0.000,5.422,0.000,0.000,0.000,0.000,0.000,0.000,0.000,0.000,0.000,0.000,0.000,0.000,0.000,0.000,0.000,0.000,0.000,0.000,0.000,0.000,0.000,0.000,0.000,0.000,0.000,0.000,0.000,0.000,0.000,0.324,4.198,0.000,0.000]
  Iter 463: LB=-22.950005  UB=15.776859  gap=2.45e+00
  Cut: intercept=-1102.622688, π_x_range=[-823.8450, 569.1398]

=== True-DRO Benders iter 464 ===
  OMP: t₀=-22.950005, UB=15.776859, gap=2.45e+00, x=[0, 0, 0, 0, 0, 0, 0, 0, 0, 0, 0, 0, 0, 0, 1, 0, 0, 0, 0, 0, 1, 0, 0, 0, 0, 0, 0, 0, 0, 0, 0, 0, 0, 0, 0, 0] (1.912s)
  Sub: Z₀=22.935501 [LOCAL] (0.2s), α=[0.000,0.000,5.422,0.000,0.000,0.000,0.000,0.000,0.000,0.000,0.000,0.000,0.000,0.000,0.000,0.000,0.000,0.000,0.000,0.000,0.000,0.000,0.000,0.000,0.000,0.000,0.000,0.000,0.000,0.000,0.000,0.000,0.322,4.200,0.000,0.000]
  Iter 464: LB=-22.950005  UB=15.776859  gap=2.45e+00
  Cut: intercept=-1105.243733, π_x_range=[-823.8426, 571.7855]

=== True-DRO Benders iter 465 ===
  OMP: t₀=-22.950001, UB=15.776859, gap=2.45e+00, x=[0, 0, 0, 0, 0, 0, 0, 1, 0, 0, 0, 0, 0, 0, 0, 0, 0, 0, 0, 0, 1, 0, 0, 0, 0, 0, 0, 0, 0, 0, 0, 0, 0, 0, 0, 0] (1.569s)
  Sub: Z₀=22.942165 [TIME_LIMIT] (15.1s), α=[0.000,0.000,5.549,0.000,0.000,0.000,0.000,0.000,0.000,0.000,0.000,0.000,0.000,0.000,0.000,0.000,0.000,0.000,0.000,0.000,0.000,0.000,0.000,0.000,0.000,0.000,0.000,0.000,0.000,0.000,0.000,0.000,0.000,4.395,0.000,0.000]
  Iter 465: LB=-22.950001  UB=15.776859  gap=2.45e+00
  Cut: intercept=22.942165, π_x_range=[-197.2249, 0.0000]

=== True-DRO Benders iter 466 ===
  OMP: t₀=-22.949998, UB=15.776859, gap=2.45e+00, x=[0, 0, 0, 0, 0, 0, 0, 0, 0, 0, 0, 0, 0, 0, 0, 0, 0, 0, 0, 0, 1, 0, 0, 0, 0, 0, 0, 0, 0, 0, 0, 0, 0, 0, 0, 1] (1.652s)
  Sub: Z₀=22.935501 [LOCAL] (0.1s), α=[0.000,0.000,5.422,0.000,0.000,0.000,0.000,0.000,0.000,0.000,0.000,0.000,0.000,0.000,0.000,0.000,0.000,0.000,0.000,0.000,0.000,0.000,0.000,0.000,0.000,0.000,0.000,0.000,0.000,0.000,0.000,0.000,0.352,4.170,0.000,0.000]
  Iter 466: LB=-22.949998  UB=15.776859  gap=2.45e+00
  Cut: intercept=-1111.083710, π_x_range=[-823.7960, 577.6017]

=== True-DRO Benders iter 467 ===
  OMP: t₀=-22.662187, UB=15.776859, gap=2.44e+00, x=[0, 0, 0, 0, 0, 0, 0, 0, 0, 0, 0, 0, 0, 0, 0, 0, 0, 0, 0, 1, 0, 0, 0, 0, 0, 0, 0, 0, 0, 0, 0, 0, 0, 0, 0, 1] (1.716s)
  Sub: Z₀=22.935501 [LOCAL] (0.1s), α=[0.000,0.000,5.422,0.000,0.000,0.000,0.000,0.000,0.000,0.000,0.000,0.000,0.000,0.000,0.000,0.000,0.000,0.000,0.000,0.000,0.000,0.000,0.000,0.000,0.000,0.000,0.000,0.000,0.000,0.000,0.000,0.000,0.524,3.998,0.000,0.000]
  Iter 467: LB=-22.662187  UB=15.776859  gap=2.44e+00
  Cut: intercept=-1135.819250, π_x_range=[-823.7683, 581.1787]

=== True-DRO Benders iter 468 ===
  OMP: t₀=-22.626841, UB=15.776859, gap=2.43e+00, x=[0, 0, 0, 0, 1, 0, 0, 0, 0, 0, 0, 0, 0, 0, 0, 0, 0, 0, 0, 0, 0, 0, 0, 0, 0, 0, 0, 1, 0, 0, 0, 0, 0, 0, 0, 0] (1.719s)
  Sub: Z₀=22.214961 [LOCAL] (0.2s), α=[0.000,0.000,5.422,0.000,0.000,0.000,0.000,0.000,0.000,0.000,0.000,0.000,0.000,0.000,0.000,0.000,0.000,0.000,0.000,0.000,0.000,0.000,0.000,0.000,0.000,0.000,0.000,0.000,0.000,0.000,0.000,0.000,0.393,4.129,0.000,0.000]
  Iter 468: LB=-22.626841  UB=15.776859  gap=2.43e+00
  Cut: intercept=-1114.238279, π_x_range=[-824.6095, 579.3162]

=== True-DRO Benders iter 469 ===
  OMP: t₀=-22.610170, UB=15.776859, gap=2.43e+00, x=[0, 0, 0, 0, 0, 0, 0, 0, 0, 0, 1, 0, 0, 0, 0, 0, 0, 0, 0, 0, 0, 0, 0, 0, 0, 0, 0, 1, 0, 0, 0, 0, 0, 0, 0, 0] (1.825s)
  Sub: Z₀=22.214961 [LOCAL] (0.2s), α=[0.000,0.000,5.422,0.000,0.000,0.000,0.000,0.000,0.000,0.000,0.000,0.000,0.000,0.000,0.000,0.000,0.000,0.000,0.000,0.000,0.000,0.000,0.000,0.000,0.000,0.000,0.000,0.000,0.000,0.000,0.000,0.000,0.545,3.977,0.000,0.000]
  Iter 469: LB=-22.610170  UB=15.776859  gap=2.43e+00
  Cut: intercept=-1125.434211, π_x_range=[-824.5532, 579.2466]

=== True-DRO Benders iter 470 ===
  OMP: t₀=-22.560080, UB=15.776859, gap=2.43e+00, x=[0, 1, 0, 0, 0, 0, 0, 0, 0, 0, 0, 0, 0, 0, 0, 0, 0, 0, 0, 0, 0, 0, 0, 0, 0, 0, 0, 1, 0, 0, 0, 0, 0, 0, 0, 0] (1.715s)
  Sub: Z₀=22.214962 [TIME_LIMIT] (15.1s), α=[0.000,0.000,5.422,0.000,0.000,0.000,0.000,0.000,0.000,0.000,0.000,0.000,0.000,0.000,0.000,0.000,0.000,0.000,0.000,0.000,0.000,0.000,0.000,0.000,0.000,0.000,0.000,0.000,0.000,0.000,0.000,0.000,1.735,2.787,0.000,0.000]
  Iter 470: LB=-22.560080  UB=15.776859  gap=2.43e+00
  Cut: intercept=-11.150086, π_x_range=[-229.0000, 16.8950]

=== True-DRO Benders iter 471 ===
  OMP: t₀=-22.560049, UB=15.776859, gap=2.43e+00, x=[0, 0, 0, 1, 0, 0, 0, 0, 0, 0, 0, 0, 0, 0, 0, 0, 0, 0, 0, 0, 0, 0, 0, 0, 0, 0, 0, 1, 0, 0, 0, 0, 0, 0, 0, 0] (1.982s)
  Sub: Z₀=22.214960 [LOCAL] (0.2s), α=[0.000,0.000,5.422,0.000,0.000,0.000,0.000,0.000,0.000,0.000,0.000,0.000,0.000,0.000,0.000,0.000,0.000,0.000,0.000,0.000,0.000,0.000,0.000,0.000,0.000,0.000,0.000,0.000,0.000,0.000,0.000,0.000,0.733,3.789,0.000,0.000]
  Iter 471: LB=-22.560049  UB=15.776859  gap=2.43e+00
  Cut: intercept=-1137.542100, π_x_range=[-824.6371, 580.4393]

=== True-DRO Benders iter 472 ===
  OMP: t₀=-22.560036, UB=15.776859, gap=2.43e+00, x=[0, 0, 0, 0, 0, 0, 0, 0, 0, 0, 0, 0, 0, 0, 0, 0, 0, 0, 0, 0, 0, 0, 0, 0, 0, 0, 0, 1, 0, 0, 0, 1, 0, 0, 0, 0] (1.598s)
  Sub: Z₀=22.214961 [LOCAL] (0.2s), α=[0.000,0.000,5.422,0.000,0.000,0.000,0.000,0.000,0.000,0.000,0.000,0.000,0.000,0.000,0.000,0.000,0.000,0.000,0.000,0.000,0.000,0.000,0.000,0.000,0.000,0.000,0.000,0.000,0.000,0.000,0.000,0.000,0.500,4.022,0.000,0.000]
  Iter 472: LB=-22.560036  UB=15.776859  gap=2.43e+00
  Cut: intercept=-1109.146223, π_x_range=[-824.6081, 579.3200]

=== True-DRO Benders iter 473 ===
  OMP: t₀=-22.559995, UB=15.776859, gap=2.43e+00, x=[0, 0, 0, 0, 0, 0, 0, 0, 0, 0, 0, 0, 0, 0, 0, 0, 0, 0, 0, 0, 1, 0, 0, 0, 0, 0, 0, 1, 0, 0, 0, 0, 0, 0, 0, 0] (1.814s)
  Sub: Z₀=22.214961 [LOCAL] (0.2s), α=[0.000,0.000,5.422,0.000,0.000,0.000,0.000,0.000,0.000,0.000,0.000,0.000,0.000,0.000,0.000,0.000,0.000,0.000,0.000,0.000,0.000,0.000,0.000,0.000,0.000,0.000,0.000,0.000,0.000,0.000,0.000,0.000,0.463,4.059,0.000,0.000]
  Iter 473: LB=-22.559995  UB=15.776859  gap=2.43e+00
  Cut: intercept=-1113.059053, π_x_range=[-824.5851, 579.2860]

=== True-DRO Benders iter 474 ===
  OMP: t₀=-22.559975, UB=15.776859, gap=2.43e+00, x=[0, 0, 0, 0, 0, 0, 0, 0, 0, 0, 0, 1, 0, 0, 0, 0, 0, 0, 0, 0, 0, 0, 0, 0, 0, 0, 0, 1, 0, 0, 0, 0, 0, 0, 0, 0] (1.852s)
  Sub: Z₀=22.214961 [LOCAL] (0.2s), α=[0.000,0.000,5.422,0.000,0.000,0.000,0.000,0.000,0.000,0.000,0.000,0.000,0.000,0.000,0.000,0.000,0.000,0.000,0.000,0.000,0.000,0.000,0.000,0.000,0.000,0.000,0.000,0.000,0.000,0.000,0.000,0.000,0.492,4.030,0.000,0.000]
  Iter 474: LB=-22.559975  UB=15.776859  gap=2.43e+00
  Cut: intercept=-1125.909271, π_x_range=[-824.6020, 579.3267]

=== True-DRO Benders iter 475 ===
  OMP: t₀=-22.559947, UB=15.776859, gap=2.43e+00, x=[0, 0, 0, 0, 0, 0, 0, 0, 0, 0, 0, 0, 0, 0, 0, 1, 0, 0, 0, 0, 0, 0, 0, 0, 0, 0, 0, 1, 0, 0, 0, 0, 0, 0, 0, 0] (1.672s)
  Sub: Z₀=22.214962 [TIME_LIMIT] (15.1s), α=[0.000,0.000,5.422,0.000,0.000,0.000,0.000,0.000,0.000,0.000,0.000,0.000,0.000,0.000,0.000,0.000,0.000,0.000,0.000,0.000,0.000,0.000,0.000,0.000,0.000,0.000,0.000,0.000,0.000,0.000,0.000,0.000,0.000,4.522,0.000,0.000]
  Iter 475: LB=-22.559947  UB=15.776859  gap=2.43e+00
  Cut: intercept=-64.892632, π_x_range=[-219.0000, 74.9831]

=== True-DRO Benders iter 476 ===
  OMP: t₀=-22.559919, UB=15.776859, gap=2.43e+00, x=[0, 0, 0, 0, 0, 0, 0, 0, 0, 0, 0, 0, 0, 0, 0, 0, 0, 0, 0, 0, 0, 0, 0, 0, 0, 0, 0, 1, 0, 0, 0, 0, 0, 0, 0, 1] (1.976s)
  Sub: Z₀=22.214961 [LOCAL] (0.2s), α=[0.000,0.000,5.422,0.000,0.000,0.000,0.000,0.000,0.000,0.000,0.000,0.000,0.000,0.000,0.000,0.000,0.000,0.000,0.000,0.000,0.000,0.000,0.000,0.000,0.000,0.000,0.000,0.000,0.000,0.000,0.000,0.000,0.519,4.003,0.000,0.000]
  Iter 476: LB=-22.559919  UB=15.776859  gap=2.43e+00
  Cut: intercept=-1135.289762, π_x_range=[-824.5677, 579.3301]

=== True-DRO Benders iter 477 ===
  OMP: t₀=-22.559911, UB=15.776859, gap=2.43e+00, x=[0, 0, 0, 0, 0, 0, 0, 1, 0, 0, 0, 0, 0, 0, 0, 0, 0, 0, 0, 0, 0, 0, 0, 0, 0, 0, 0, 1, 0, 0, 0, 0, 0, 0, 0, 0] (1.937s)
  Sub: Z₀=22.214961 [LOCAL] (0.2s), α=[0.000,0.000,5.422,0.000,0.000,0.000,0.000,0.000,0.000,0.000,0.000,0.000,0.000,0.000,0.000,0.000,0.000,0.000,0.000,0.000,0.000,0.000,0.000,0.000,0.000,0.000,0.000,0.000,0.000,0.000,0.000,0.000,0.571,3.951,0.000,0.000]
  Iter 477: LB=-22.559911  UB=15.776859  gap=2.43e+00
  Cut: intercept=-1123.567674, π_x_range=[-824.4976, 579.3160]

=== True-DRO Benders iter 478 ===
  OMP: t₀=-22.559864, UB=15.776859, gap=2.43e+00, x=[0, 0, 0, 0, 0, 0, 0, 0, 0, 0, 0, 0, 0, 0, 0, 0, 0, 0, 0, 0, 0, 0, 0, 0, 0, 0, 0, 1, 0, 0, 0, 0, 0, 0, 1, 0] (1.700s)
  Sub: Z₀=22.214961 [LOCAL] (0.2s), α=[0.000,0.000,5.422,0.000,0.000,0.000,0.000,0.000,0.000,0.000,0.000,0.000,0.000,0.000,0.000,0.000,0.000,0.000,0.000,0.000,0.000,0.000,0.000,0.000,0.000,0.000,0.000,0.000,0.000,0.000,0.000,0.000,0.523,3.999,0.000,0.000]
  Iter 478: LB=-22.559864  UB=15.776859  gap=2.43e+00
  Cut: intercept=-1132.124618, π_x_range=[-824.6676, 579.3145]

=== True-DRO Benders iter 479 ===
  OMP: t₀=-22.559848, UB=15.776859, gap=2.43e+00, x=[0, 0, 0, 0, 0, 0, 0, 0, 0, 0, 0, 0, 0, 0, 1, 0, 0, 0, 0, 0, 0, 0, 0, 0, 0, 0, 0, 1, 0, 0, 0, 0, 0, 0, 0, 0] (2.014s)
  Sub: Z₀=22.214961 [LOCAL] (0.2s), α=[0.000,0.000,5.422,0.000,0.000,0.000,0.000,0.000,0.000,0.000,0.000,0.000,0.000,0.000,0.000,0.000,0.000,0.000,0.000,0.000,0.000,0.000,0.000,0.000,0.000,0.000,0.000,0.000,0.000,0.000,0.000,0.000,0.477,4.045,0.000,0.000]
  Iter 479: LB=-22.559848  UB=15.776859  gap=2.43e+00
  Cut: intercept=-1128.866139, π_x_range=[-824.6045, 579.2902]

=== True-DRO Benders iter 480 ===
  OMP: t₀=-22.390595, UB=15.776859, gap=2.42e+00, x=[0, 0, 0, 0, 0, 0, 0, 0, 0, 0, 0, 0, 0, 0, 0, 1, 0, 0, 0, 0, 0, 0, 0, 0, 0, 0, 0, 0, 0, 0, 0, 0, 0, 0, 0, 1] (2.076s)
  Sub: Z₀=22.936514 [TIME_LIMIT] (15.1s), α=[0.000,0.000,5.442,0.000,0.000,0.000,0.000,0.000,0.000,0.000,0.000,0.000,0.000,0.000,0.000,0.000,0.000,0.000,0.000,0.000,0.000,0.000,0.000,0.000,0.000,0.000,0.000,0.000,0.000,0.000,0.000,0.000,1.265,3.238,0.000,0.000]
  Iter 480: LB=-22.390595  UB=15.776859  gap=2.42e+00
  Cut: intercept=22.936514, π_x_range=[-181.1837, 0.0000]

=== True-DRO Benders iter 481 ===
  OMP: t₀=-22.269177, UB=15.776859, gap=2.41e+00, x=[0, 0, 0, 0, 0, 0, 0, 0, 0, 0, 1, 0, 0, 0, 0, 0, 0, 0, 0, 0, 0, 0, 0, 1, 0, 0, 0, 0, 0, 0, 0, 0, 0, 0, 0, 0] (1.922s)
  Sub: Z₀=22.935501 [LOCAL] (0.2s), α=[0.000,0.000,5.422,0.000,0.000,0.000,0.000,0.000,0.000,0.000,0.000,0.000,0.000,0.000,0.000,0.000,0.000,0.000,0.000,0.000,0.000,0.000,0.000,0.000,0.000,0.000,0.000,0.000,0.000,0.000,0.000,0.000,0.505,4.017,0.000,0.000]
  Iter 481: LB=-22.269177  UB=15.776859  gap=2.41e+00
  Cut: intercept=-1127.086881, π_x_range=[-823.8027, 580.9973]

=== True-DRO Benders iter 482 ===
  OMP: t₀=-22.241059, UB=15.776859, gap=2.41e+00, x=[0, 0, 0, 0, 0, 0, 0, 0, 0, 0, 0, 0, 0, 0, 0, 0, 0, 0, 0, 0, 0, 0, 0, 0, 0, 0, 0, 1, 1, 0, 0, 0, 0, 0, 0, 0] (1.994s)
  Sub: Z₀=21.421516 [LOCAL] (0.2s), α=[0.000,0.000,5.422,0.000,0.000,0.000,0.000,0.000,0.000,0.000,0.000,0.000,0.000,0.000,0.000,0.000,0.000,0.000,0.000,0.000,0.000,0.000,0.000,0.000,0.000,0.000,0.000,0.000,0.000,0.000,0.000,0.000,0.419,4.103,0.000,0.000]
  Iter 482: LB=-22.241059  UB=15.776859  gap=2.41e+00
  Cut: intercept=-1123.617586, π_x_range=[-824.7820, 578.1497]

=== True-DRO Benders iter 483 ===
  OMP: t₀=-21.842378, UB=15.776859, gap=2.38e+00, x=[0, 0, 0, 0, 0, 0, 0, 0, 0, 0, 0, 0, 0, 0, 0, 0, 0, 0, 0, 0, 0, 0, 0, 0, 0, 0, 0, 0, 0, 1, 0, 0, 1, 0, 0, 0] (1.977s)
  Sub: Z₀=19.110169 [LOCAL] (0.2s), α=[0.000,0.000,2.193,0.000,0.000,0.000,0.000,0.000,0.000,0.000,0.000,0.000,0.000,0.000,0.000,0.000,0.000,0.000,0.000,0.000,0.000,0.000,0.000,0.000,0.000,0.000,0.000,0.000,0.000,0.000,0.000,0.000,6.280,1.472,0.000,0.000]
  Iter 483: LB=-21.842378  UB=15.776859  gap=2.38e+00
  Cut: intercept=-1163.750229, π_x_range=[-822.7811, 596.0833]

=== True-DRO Benders iter 484 ===
  OMP: t₀=-20.774198, UB=15.776859, gap=2.32e+00, x=[0, 0, 0, 0, 0, 0, 0, 0, 0, 0, 0, 0, 0, 0, 0, 0, 0, 0, 0, 0, 0, 0, 1, 0, 0, 0, 0, 0, 0, 0, 0, 0, 0, 1, 0, 0] (1.960s)
  Sub: Z₀=18.835184 [LOCAL] (0.2s), α=[0.000,0.000,2.463,0.000,0.000,0.000,0.000,0.000,0.000,0.000,0.000,0.000,0.000,0.633,0.000,0.000,0.000,0.045,0.000,0.000,0.000,0.000,0.189,0.000,0.000,0.000,0.000,0.000,0.000,0.000,0.000,0.000,0.012,6.602,0.000,0.000]
  Iter 484: LB=-20.774198  UB=15.776859  gap=2.32e+00
  Cut: intercept=-1112.459530, π_x_range=[-820.6913, 577.5892]

=== True-DRO Benders iter 485 ===
  OMP: t₀=-20.655633, UB=15.776859, gap=2.31e+00, x=[0, 0, 0, 0, 1, 0, 1, 0, 0, 0, 0, 0, 0, 0, 0, 0, 0, 0, 0, 0, 0, 0, 0, 0, 0, 0, 0, 0, 0, 0, 0, 0, 0, 0, 0, 0] (1.729s)
  Sub: Z₀=22.776078 [TIME_LIMIT] (15.2s), α=[0.000,0.000,5.549,0.000,0.000,0.000,0.000,0.000,0.000,0.000,0.000,0.000,0.000,0.000,0.000,0.000,0.000,0.655,0.000,0.000,0.000,0.000,0.000,0.000,0.000,0.000,0.000,0.000,0.000,0.000,0.000,0.000,1.026,2.715,0.000,0.000]
  Iter 485: LB=-20.655633  UB=15.776859  gap=2.31e+00
  Cut: intercept=15.568842, π_x_range=[-155.4227, 7.2072]

=== True-DRO Benders iter 486 ===
  OMP: t₀=-20.534847, UB=15.776859, gap=2.30e+00, x=[1, 0, 0, 0, 0, 0, 0, 0, 0, 0, 0, 0, 0, 0, 0, 0, 0, 0, 0, 0, 0, 0, 0, 0, 0, 0, 0, 0, 1, 0, 0, 0, 0, 0, 0, 0] (2.258s)
  Sub: Z₀=22.459266 [LOCAL] (0.3s), α=[0.000,0.000,5.928,0.000,0.000,0.000,0.000,0.000,0.000,0.000,0.000,0.000,0.000,0.000,0.000,0.000,0.000,0.000,0.000,0.000,0.000,0.000,0.000,0.000,0.000,0.000,0.000,0.000,0.000,0.000,0.000,0.000,0.220,3.796,0.000,0.000]
  Iter 486: LB=-20.534847  UB=15.776859  gap=2.30e+00
  Cut: intercept=-1131.017374, π_x_range=[-823.9330, 589.0844]

=== True-DRO Benders iter 487 ===
  OMP: t₀=-19.376569, UB=15.776859, gap=2.23e+00, x=[0, 0, 0, 0, 0, 0, 1, 0, 0, 0, 0, 0, 0, 0, 0, 0, 1, 0, 0, 0, 0, 0, 0, 0, 0, 0, 0, 0, 0, 0, 0, 0, 0, 0, 0, 0] (1.659s)
  Sub: Z₀=22.761582 [LOCAL] (0.2s), α=[0.000,0.000,4.703,0.000,0.000,0.000,0.000,0.000,0.000,0.000,0.000,0.000,0.000,0.000,0.000,0.000,0.000,1.226,0.000,0.000,0.000,0.000,0.000,0.000,0.000,0.000,0.000,0.000,0.000,0.000,0.000,0.000,0.212,3.804,0.000,0.000]
  Iter 487: LB=-19.376569  UB=15.776859  gap=2.23e+00
  Cut: intercept=-1144.197452, π_x_range=[-822.6245, 585.7874]

=== True-DRO Benders iter 488 ===
  OMP: t₀=-19.294500, UB=15.776859, gap=2.22e+00, x=[0, 0, 0, 0, 0, 0, 0, 0, 0, 0, 0, 0, 0, 0, 0, 0, 1, 0, 0, 0, 0, 0, 0, 0, 0, 0, 0, 0, 1, 0, 0, 0, 0, 0, 0, 0] (1.572s)
  Sub: Z₀=22.459266 [LOCAL] (0.3s), α=[0.000,0.000,5.928,0.000,0.000,0.000,0.000,0.000,0.000,0.000,0.000,0.000,0.000,0.000,0.000,0.000,0.000,0.000,0.000,0.000,0.000,0.000,0.000,0.000,0.000,0.000,0.000,0.000,0.000,0.000,0.000,0.000,0.249,3.767,0.000,0.000]
  Iter 488: LB=-19.294500  UB=15.776859  gap=2.22e+00
  Cut: intercept=-1130.836552, π_x_range=[-824.2567, 588.8657]

=== True-DRO Benders iter 489 ===
  OMP: t₀=-18.581239, UB=15.776859, gap=2.18e+00, x=[0, 0, 0, 0, 0, 0, 0, 0, 0, 0, 0, 0, 0, 0, 0, 0, 0, 0, 0, 0, 0, 0, 0, 0, 0, 1, 0, 0, 0, 0, 0, 0, 0, 0, 0, 1] (1.514s)
  Sub: Z₀=22.935501 [LOCAL] (0.1s), α=[0.000,0.000,5.422,0.000,0.000,0.000,0.000,0.000,0.000,0.000,0.000,0.000,0.000,0.000,0.000,0.000,0.000,0.000,0.000,0.000,0.000,0.000,0.000,0.000,0.000,0.000,0.000,0.000,0.000,0.000,0.000,0.000,0.419,4.103,0.000,0.000]
  Iter 489: LB=-18.581239  UB=15.776859  gap=2.18e+00
  Cut: intercept=-1091.465856, π_x_range=[-823.9029, 577.5857]

=== True-DRO Benders iter 490 ===
  OMP: t₀=-18.331947, UB=15.776859, gap=2.16e+00, x=[0, 0, 0, 0, 0, 0, 0, 0, 0, 0, 0, 0, 0, 0, 0, 0, 0, 0, 0, 0, 0, 0, 0, 0, 0, 1, 0, 1, 0, 0, 0, 0, 0, 0, 0, 0] (1.544s)
  Sub: Z₀=22.214962 [TIME_LIMIT] (15.1s), α=[0.000,0.000,5.422,0.000,0.000,0.000,0.000,0.000,0.000,0.000,0.000,0.000,0.000,0.000,0.000,0.000,0.000,0.000,0.000,0.000,0.000,0.000,0.000,0.000,0.000,0.000,0.000,0.000,0.000,0.000,0.000,0.000,0.000,4.522,0.000,0.000]
  Iter 490: LB=-18.331947  UB=15.776859  gap=2.16e+00
  Cut: intercept=-81.972331, π_x_range=[-206.0000, 86.5498]

=== True-DRO Benders iter 491 ===
  OMP: t₀=-18.030230, UB=15.776859, gap=2.14e+00, x=[0, 0, 0, 0, 0, 0, 0, 0, 0, 0, 0, 0, 0, 0, 0, 0, 0, 0, 0, 1, 0, 0, 0, 1, 0, 0, 0, 0, 0, 0, 0, 0, 0, 0, 0, 0] (1.693s)
  Sub: Z₀=22.935501 [LOCAL] (0.1s), α=[0.000,0.000,5.422,0.000,0.000,0.000,0.000,0.000,0.000,0.000,0.000,0.000,0.000,0.000,0.000,0.000,0.000,0.000,0.000,0.000,0.000,0.000,0.000,0.000,0.000,0.000,0.000,0.000,0.000,0.000,0.000,0.000,0.616,3.906,0.000,0.000]
  Iter 491: LB=-18.030230  UB=15.776859  gap=2.14e+00
  Cut: intercept=-1139.171050, π_x_range=[-823.8003, 581.1247]

=== True-DRO Benders iter 492 ===
  OMP: t₀=-17.114520, UB=15.776859, gap=2.08e+00, x=[0, 0, 0, 0, 0, 0, 1, 0, 0, 0, 0, 0, 0, 0, 0, 0, 0, 0, 0, 0, 0, 0, 0, 0, 0, 0, 0, 0, 0, 0, 0, 1, 0, 0, 0, 0] (1.828s)
  Sub: Z₀=22.761582 [LOCAL] (0.2s), α=[0.000,0.000,4.723,0.000,0.000,0.000,0.000,0.000,0.000,0.000,0.000,0.000,0.000,0.000,0.000,0.000,0.000,1.206,0.000,0.000,0.000,0.000,0.000,0.000,0.000,0.000,0.000,0.000,0.000,0.000,0.000,0.000,0.190,3.826,0.000,0.000]
  Iter 492: LB=-17.114520  UB=15.776859  gap=2.08e+00
  Cut: intercept=-1107.661817, π_x_range=[-822.6355, 581.1497]

=== True-DRO Benders iter 493 ===
  OMP: t₀=-17.114520, UB=15.776859, gap=2.08e+00, x=[0, 0, 0, 0, 0, 0, 1, 0, 0, 0, 1, 0, 0, 0, 0, 0, 0, 0, 0, 0, 0, 0, 0, 0, 0, 0, 0, 0, 0, 0, 0, 0, 0, 0, 0, 0] (1.819s)
  Sub: Z₀=22.761582 [LOCAL] (0.2s), α=[0.000,0.000,4.709,0.000,0.000,0.000,0.000,0.000,0.000,0.000,0.000,0.000,0.000,0.000,0.000,0.000,0.000,1.219,0.000,0.000,0.000,0.000,0.000,0.000,0.000,0.000,0.000,0.000,0.000,0.000,0.000,0.000,0.205,3.811,0.000,0.000]
  Iter 493: LB=-17.114520  UB=15.776859  gap=2.08e+00
  Cut: intercept=-1125.455890, π_x_range=[-822.5811, 581.1494]

=== True-DRO Benders iter 494 ===
  OMP: t₀=-17.009475, UB=15.776859, gap=2.08e+00, x=[0, 0, 0, 0, 0, 0, 1, 0, 1, 0, 0, 0, 0, 0, 0, 0, 0, 0, 0, 0, 0, 0, 0, 0, 0, 0, 0, 0, 0, 0, 0, 0, 0, 0, 0, 0] (1.815s)
  Sub: Z₀=22.549290 [LOCAL] (0.2s), α=[0.000,0.000,4.547,0.000,0.000,0.000,0.000,0.000,0.000,0.000,0.000,0.000,0.000,0.000,0.000,0.000,0.000,1.022,0.000,0.000,0.000,0.000,0.000,0.000,0.000,0.000,0.000,0.000,0.000,0.000,0.000,0.000,0.000,4.376,0.000,0.000]
  Iter 494: LB=-17.009475  UB=15.776859  gap=2.08e+00
  Cut: intercept=-1139.259612, π_x_range=[-822.3164, 582.4127]

=== True-DRO Benders iter 495 ===
  OMP: t₀=-16.901717, UB=15.776859, gap=2.07e+00, x=[1, 0, 0, 0, 1, 0, 0, 0, 0, 0, 0, 0, 0, 0, 0, 0, 0, 0, 0, 0, 0, 0, 0, 0, 0, 0, 0, 0, 0, 0, 0, 0, 0, 0, 0, 0] (1.853s)
  Sub: Z₀=22.942164 [TIME_LIMIT] (15.1s), α=[0.000,0.000,5.549,0.000,0.000,0.000,0.000,0.000,0.000,0.000,0.000,0.000,0.000,0.000,0.000,0.000,0.000,0.000,0.000,0.000,0.000,0.000,0.000,0.000,0.000,0.000,0.000,0.000,0.000,0.000,0.000,0.000,1.549,2.846,0.000,0.000]
  Iter 495: LB=-16.901717  UB=15.776859  gap=2.07e+00
  Cut: intercept=-55.131652, π_x_range=[-238.0000, 64.0839]

=== True-DRO Benders iter 496 ===
  OMP: t₀=-16.901717, UB=15.776859, gap=2.07e+00, x=[1, 0, 0, 0, 0, 0, 0, 1, 0, 0, 0, 0, 0, 0, 0, 0, 0, 0, 0, 0, 0, 0, 0, 0, 0, 0, 0, 0, 0, 0, 0, 0, 0, 0, 0, 0] (2.121s)
  Sub: Z₀=22.935501 [LOCAL] (0.2s), α=[0.000,0.000,5.422,0.000,0.000,0.000,0.000,0.000,0.000,0.000,0.000,0.000,0.000,0.000,0.000,0.000,0.000,0.000,0.000,0.000,0.000,0.000,0.000,0.000,0.000,0.000,0.000,0.000,0.000,0.000,0.000,0.000,0.455,4.067,0.000,0.000]
  Iter 496: LB=-16.901717  UB=15.776859  gap=2.07e+00
  Cut: intercept=-1131.388516, π_x_range=[-823.4370, 587.5090]

=== True-DRO Benders iter 497 ===
  OMP: t₀=-15.796931, UB=15.776859, gap=2.00e+00, x=[0, 0, 0, 0, 0, 0, 0, 0, 0, 0, 0, 0, 1, 1, 0, 0, 0, 0, 0, 0, 0, 0, 0, 0, 0, 0, 0, 0, 0, 0, 0, 0, 0, 0, 0, 0] (2.213s)
  Sub: Z₀=18.680825 [LOCAL] (0.2s), α=[0.000,0.000,2.046,0.000,0.000,0.000,0.000,0.000,0.000,0.000,0.000,0.000,0.900,1.854,0.000,0.000,0.000,0.042,0.000,0.000,0.000,0.000,0.000,0.000,0.000,0.000,0.000,0.000,0.000,0.000,0.000,0.000,0.000,5.103,0.000,0.000]
  Iter 497: LB=-15.796931  UB=15.776859  gap=2.00e+00
  Cut: intercept=-1142.783989, π_x_range=[-820.3713, 589.8954]

=== True-DRO Benders iter 498 ===
  OMP: t₀=-15.197087, UB=15.776859, gap=1.96e+00, x=[0, 0, 1, 0, 0, 0, 0, 0, 0, 0, 0, 0, 0, 0, 0, 0, 0, 0, 0, 0, 0, 0, 1, 0, 0, 0, 0, 0, 0, 0, 0, 0, 0, 0, 0, 0] (1.574s)
  Sub: Z₀=18.235792 [LOCAL] (0.2s), α=[0.000,0.000,9.816,0.000,0.000,0.022,0.000,0.000,0.000,0.000,0.000,0.000,0.000,0.099,0.000,0.000,0.000,0.008,0.000,0.000,0.000,0.000,0.000,0.000,0.000,0.000,0.000,0.000,0.000,0.000,0.000,0.000,0.000,0.000,0.000,0.000]
  Iter 498: LB=-15.197087  UB=15.776859  gap=1.96e+00
  Cut: intercept=-1122.851749, π_x_range=[-820.9698, 574.3405]

=== True-DRO Benders iter 499 ===
  OMP: t₀=-15.158763, UB=15.776859, gap=1.96e+00, x=[0, 0, 0, 0, 0, 0, 0, 0, 0, 0, 0, 0, 1, 0, 0, 0, 0, 0, 0, 0, 0, 0, 0, 0, 0, 0, 0, 0, 0, 0, 0, 0, 0, 0, 0, 1] (1.925s)
  Sub: Z₀=20.008574 [LOCAL] (0.1s), α=[0.000,0.000,2.990,0.000,0.000,0.000,0.000,0.000,0.000,0.000,0.000,0.000,1.710,0.530,0.000,0.000,0.000,0.000,0.000,0.000,0.000,0.000,0.000,0.000,0.000,0.000,0.000,0.000,0.000,0.000,0.000,0.000,0.000,4.714,0.000,0.000]
  Iter 499: LB=-15.158763  UB=15.776859  gap=1.96e+00
  Cut: intercept=-1131.111177, π_x_range=[-820.7389, 579.7455]

=== True-DRO Benders iter 500 ===
  OMP: t₀=-14.986434, UB=15.776859, gap=1.95e+00, x=[0, 0, 0, 0, 0, 0, 0, 0, 1, 0, 0, 0, 0, 0, 0, 0, 0, 0, 0, 0, 0, 0, 0, 0, 0, 0, 0, 1, 0, 0, 0, 0, 0, 0, 0, 0] (1.948s)
  Sub: Z₀=22.157325 [TIME_LIMIT] (15.1s), α=[0.000,0.000,5.422,0.000,0.000,0.000,0.000,0.000,0.000,0.000,0.000,0.000,0.000,0.000,0.000,0.000,0.000,0.000,0.000,0.000,0.000,0.000,0.000,0.000,0.000,0.000,0.000,0.000,0.000,0.000,0.000,0.000,0.468,4.054,0.000,0.000]
  Iter 500: LB=-14.986434  UB=15.776859  gap=1.95e+00
  Cut: intercept=-23.722450, π_x_range=[-201.6331, 23.4279]

=== True-DRO Benders iter 501 ===
  OMP: t₀=-14.563816, UB=15.776859, gap=1.92e+00, x=[0, 0, 0, 0, 0, 0, 0, 0, 0, 0, 0, 0, 0, 0, 0, 0, 0, 0, 0, 0, 0, 0, 0, 1, 0, 0, 0, 0, 0, 0, 0, 0, 0, 0, 0, 1] (2.068s)
  Sub: Z₀=22.935501 [LOCAL] (0.2s), α=[0.000,0.000,5.422,0.000,0.000,0.000,0.000,0.000,0.000,0.000,0.000,0.000,0.000,0.000,0.000,0.000,0.000,0.000,0.000,0.000,0.000,0.000,0.000,0.000,0.000,0.000,0.000,0.000,0.000,0.000,0.000,0.000,0.484,4.038,0.000,0.000]
  Iter 501: LB=-14.563816  UB=15.776859  gap=1.92e+00
  Cut: intercept=-1135.668551, π_x_range=[-823.8060, 581.0051]

=== True-DRO Benders iter 502 ===
  OMP: t₀=-14.191667, UB=15.776859, gap=1.90e+00, x=[0, 0, 0, 0, 0, 0, 0, 0, 0, 0, 0, 1, 0, 0, 0, 0, 0, 0, 0, 0, 0, 0, 0, 0, 0, 0, 0, 0, 0, 1, 0, 0, 0, 0, 0, 0] (1.916s)
  Sub: Z₀=22.088168 [LOCAL] (0.2s), α=[0.000,0.000,5.150,0.000,0.000,0.002,0.000,0.000,0.000,0.000,0.000,0.000,0.000,0.046,0.000,0.000,0.000,0.060,0.000,0.000,0.000,0.000,0.000,0.000,0.000,0.000,0.000,0.000,0.000,0.267,0.095,0.000,1.265,3.061,0.000,0.000]
  Iter 502: LB=-14.191667  UB=15.776859  gap=1.90e+00
  Cut: intercept=-1131.727389, π_x_range=[-824.5171, 590.8076]

=== True-DRO Benders iter 503 ===
  OMP: t₀=-14.082404, UB=15.776859, gap=1.89e+00, x=[0, 0, 0, 0, 0, 0, 0, 0, 0, 0, 0, 0, 0, 1, 0, 0, 0, 0, 0, 1, 0, 0, 0, 0, 0, 0, 0, 0, 0, 0, 0, 0, 0, 0, 0, 0] (2.207s)
  Sub: Z₀=22.212655 [LOCAL] (0.2s), α=[0.000,0.000,4.813,0.000,0.000,0.000,0.000,0.000,0.000,0.000,0.000,0.000,0.000,0.000,0.000,0.000,0.000,0.610,0.000,0.000,0.000,0.000,0.000,0.000,0.000,0.000,0.000,0.000,0.000,0.000,0.000,0.000,0.018,4.504,0.000,0.000]
  Iter 503: LB=-14.082404  UB=15.776859  gap=1.89e+00
  Cut: intercept=-1145.187798, π_x_range=[-824.0569, 586.8635]

=== True-DRO Benders iter 504 ===
  OMP: t₀=-13.331475, UB=15.776859, gap=1.85e+00, x=[0, 0, 0, 0, 0, 0, 0, 0, 0, 0, 0, 1, 0, 0, 0, 0, 0, 0, 0, 0, 0, 0, 0, 1, 0, 0, 0, 0, 0, 0, 0, 0, 0, 0, 0, 0] (2.231s)
  Sub: Z₀=22.935501 [LOCAL] (0.1s), α=[0.000,0.000,5.422,0.000,0.000,0.000,0.000,0.000,0.000,0.000,0.000,0.000,0.000,0.000,0.000,0.000,0.000,0.000,0.000,0.000,0.000,0.000,0.000,0.000,0.000,0.000,0.000,0.000,0.000,0.000,0.000,0.000,0.452,4.070,0.000,0.000]
  Iter 504: LB=-13.331475  UB=15.776859  gap=1.85e+00
  Cut: intercept=-1127.143537, π_x_range=[-823.8553, 580.9837]

=== True-DRO Benders iter 505 ===
  OMP: t₀=-13.331475, UB=15.776859, gap=1.85e+00, x=[0, 0, 0, 0, 0, 0, 0, 0, 0, 0, 0, 0, 0, 0, 0, 0, 0, 0, 0, 0, 0, 0, 0, 1, 0, 0, 0, 0, 0, 0, 0, 1, 0, 0, 0, 0] (2.049s)
  Sub: Z₀=22.939958 [TIME_LIMIT] (15.1s), α=[0.000,0.000,5.507,0.000,0.000,0.000,0.000,0.000,0.000,0.000,0.000,0.000,0.000,0.000,0.000,0.000,0.000,0.000,0.000,0.000,0.000,0.000,0.000,0.000,0.000,0.000,0.000,0.000,0.000,0.000,0.000,0.000,0.903,3.534,0.000,0.000]
  Iter 505: LB=-13.331475  UB=15.776859  gap=1.85e+00
  Cut: intercept=22.939958, π_x_range=[-163.4075, 0.0000]

=== True-DRO Benders iter 506 ===
  OMP: t₀=-13.184441, UB=15.776859, gap=1.84e+00, x=[1, 0, 0, 0, 0, 0, 0, 0, 0, 0, 0, 0, 1, 0, 0, 0, 0, 0, 0, 0, 0, 0, 0, 0, 0, 0, 0, 0, 0, 0, 0, 0, 0, 0, 0, 0] (2.139s)
  Sub: Z₀=20.008574 [LOCAL] (0.2s), α=[0.000,0.000,2.990,0.000,0.000,0.000,0.000,0.000,0.000,0.000,0.000,0.000,1.626,0.635,0.000,0.000,0.000,0.000,0.000,0.000,0.000,0.000,0.000,0.000,0.000,0.000,0.000,0.000,0.000,0.000,0.000,0.000,0.000,4.694,0.000,0.000]
  Iter 506: LB=-13.184441  UB=15.776859  gap=1.84e+00
  Cut: intercept=-1140.166851, π_x_range=[-820.4257, 588.8730]

=== True-DRO Benders iter 507 ===
  OMP: t₀=-13.093318, UB=15.776859, gap=1.83e+00, x=[0, 0, 0, 0, 0, 0, 0, 0, 0, 0, 0, 0, 0, 0, 0, 0, 0, 0, 0, 0, 0, 0, 0, 0, 0, 0, 0, 0, 1, 1, 0, 0, 0, 0, 0, 0] (2.018s)
  Sub: Z₀=21.504409 [LOCAL] (0.2s), α=[0.000,0.000,5.220,0.000,0.000,0.000,0.000,0.000,0.000,0.000,0.000,0.000,0.000,0.000,0.000,0.000,0.000,0.000,0.000,0.000,0.000,0.000,0.000,0.000,0.000,0.000,0.000,0.000,0.000,0.295,0.108,0.000,1.222,3.098,0.000,0.000]
  Iter 507: LB=-13.093318  UB=15.776859  gap=1.83e+00
  Cut: intercept=-1141.929675, π_x_range=[-824.5753, 592.1338]

=== True-DRO Benders iter 508 ===
  OMP: t₀=-12.435487, UB=15.776859, gap=1.79e+00, x=[0, 0, 0, 0, 0, 0, 0, 0, 0, 0, 0, 0, 1, 0, 0, 0, 0, 0, 0, 0, 0, 0, 0, 0, 0, 0, 0, 0, 0, 1, 0, 0, 0, 0, 0, 0] (2.035s)
  Sub: Z₀=19.850993 [LOCAL] (0.2s), α=[0.000,0.000,3.348,0.000,0.000,0.000,0.000,0.000,0.000,0.000,0.000,0.000,0.957,1.817,0.000,0.000,0.000,0.027,0.000,0.000,0.000,0.000,0.000,0.000,0.000,0.000,0.000,0.000,0.000,0.000,0.000,0.000,0.000,3.795,0.000,0.000]
  Iter 508: LB=-12.435487  UB=15.776859  gap=1.79e+00
  Cut: intercept=-1143.696023, π_x_range=[-819.4692, 595.2958]

=== True-DRO Benders iter 509 ===
  OMP: t₀=-12.108889, UB=15.776859, gap=1.77e+00, x=[0, 0, 0, 0, 0, 0, 0, 1, 0, 0, 0, 0, 0, 0, 0, 0, 1, 0, 0, 0, 0, 0, 0, 0, 0, 0, 0, 0, 0, 0, 0, 0, 0, 0, 0, 0] (1.724s)
  Sub: Z₀=22.935501 [LOCAL] (0.2s), α=[0.000,0.000,5.422,0.000,0.000,0.000,0.000,0.000,0.000,0.000,0.000,0.000,0.000,0.000,0.000,0.000,0.000,0.000,0.000,0.000,0.000,0.000,0.000,0.000,0.000,0.000,0.000,0.000,0.000,0.000,0.000,0.000,0.514,4.008,0.000,0.000]
  Iter 509: LB=-12.108889  UB=15.776859  gap=1.77e+00
  Cut: intercept=-1130.567093, π_x_range=[-823.7554, 586.6661]

=== True-DRO Benders iter 510 ===
  OMP: t₀=-12.108889, UB=15.776859, gap=1.77e+00, x=[0, 0, 0, 0, 1, 0, 0, 0, 0, 0, 0, 0, 0, 0, 0, 0, 1, 0, 0, 0, 0, 0, 0, 0, 0, 0, 0, 0, 0, 0, 0, 0, 0, 0, 0, 0] (1.791s)
  Sub: Z₀=22.942122 [TIME_LIMIT] (15.1s), α=[0.000,0.000,5.548,0.000,0.000,0.000,0.000,0.000,0.000,0.000,0.000,0.000,0.000,0.000,0.000,0.000,0.000,0.000,0.000,0.000,0.000,0.000,0.000,0.000,0.000,0.000,0.000,0.000,0.000,0.000,0.000,0.000,0.734,3.662,0.000,0.000]
  Iter 510: LB=-12.108889  UB=15.776859  gap=1.77e+00
  Cut: intercept=22.942122, π_x_range=[-161.2054, 0.0000]

=== True-DRO Benders iter 511 ===
  OMP: t₀=-11.538526, UB=15.776859, gap=1.73e+00, x=[1, 0, 0, 0, 0, 0, 0, 0, 0, 0, 0, 0, 0, 0, 0, 0, 0, 0, 0, 1, 0, 0, 0, 0, 0, 0, 0, 0, 0, 0, 0, 0, 0, 0, 0, 0] (1.997s)
  Sub: Z₀=22.935501 [LOCAL] (0.2s), α=[0.000,0.000,5.422,0.000,0.000,0.000,0.000,0.000,0.000,0.000,0.000,0.000,0.000,0.000,0.000,0.000,0.000,0.000,0.000,0.000,0.000,0.000,0.000,0.000,0.000,0.000,0.000,0.000,0.000,0.000,0.000,0.000,0.538,3.984,0.000,0.000]
  Iter 511: LB=-11.538526  UB=15.776859  gap=1.73e+00
  Cut: intercept=-1145.722026, π_x_range=[-823.4890, 587.5057]

=== True-DRO Benders iter 512 ===
  OMP: t₀=-11.512886, UB=15.776859, gap=1.73e+00, x=[0, 0, 0, 0, 0, 0, 0, 0, 1, 0, 0, 0, 1, 0, 0, 0, 0, 0, 0, 0, 0, 0, 0, 0, 0, 0, 0, 0, 0, 0, 0, 0, 0, 0, 0, 0] (1.860s)
  Sub: Z₀=20.008574 [LOCAL] (0.1s), α=[0.000,0.000,2.990,0.000,0.000,0.000,0.000,0.000,0.000,0.000,0.000,0.000,2.172,0.000,0.000,0.000,0.000,0.000,0.000,0.000,0.000,0.000,0.000,0.000,0.000,0.000,0.000,0.000,0.000,0.000,0.000,0.000,0.000,4.782,0.000,0.000]
  Iter 512: LB=-11.512886  UB=15.776859  gap=1.73e+00
  Cut: intercept=-1137.529332, π_x_range=[-820.6931, 586.2305]

=== True-DRO Benders iter 513 ===
  OMP: t₀=-11.390855, UB=15.776859, gap=1.72e+00, x=[1, 0, 0, 0, 0, 0, 0, 0, 0, 0, 0, 0, 0, 0, 0, 0, 0, 0, 0, 0, 0, 0, 0, 0, 0, 1, 0, 0, 0, 0, 0, 0, 0, 0, 0, 0] (2.340s)
  Sub: Z₀=22.935501 [LOCAL] (0.1s), α=[0.000,0.000,5.422,0.000,0.000,0.000,0.000,0.000,0.000,0.000,0.000,0.000,0.000,0.000,0.000,0.000,0.000,0.000,0.000,0.000,0.000,0.000,0.000,0.000,0.000,0.000,0.000,0.000,0.000,0.000,0.000,0.000,0.431,4.091,0.000,0.000]
  Iter 513: LB=-11.390855  UB=15.776859  gap=1.72e+00
  Cut: intercept=-1101.367120, π_x_range=[-823.6193, 587.5134]

=== True-DRO Benders iter 514 ===
  OMP: t₀=-11.381583, UB=15.776859, gap=1.72e+00, x=[0, 0, 0, 0, 0, 0, 0, 0, 0, 0, 1, 0, 0, 0, 0, 0, 1, 0, 0, 0, 0, 0, 0, 0, 0, 0, 0, 0, 0, 0, 0, 0, 0, 0, 0, 0] (2.274s)
  Sub: Z₀=22.935501 [LOCAL] (0.2s), α=[0.000,0.000,5.422,0.000,0.000,0.000,0.000,0.000,0.000,0.000,0.000,0.000,0.000,0.000,0.000,0.000,0.000,0.000,0.000,0.000,0.000,0.000,0.000,0.000,0.000,0.000,0.000,0.000,0.000,0.000,0.000,0.000,0.541,3.981,0.000,0.000]
  Iter 514: LB=-11.381583  UB=15.776859  gap=1.72e+00
  Cut: intercept=-1132.961779, π_x_range=[-823.8047, 586.7357]

=== True-DRO Benders iter 515 ===
  OMP: t₀=-11.210579, UB=15.776859, gap=1.71e+00, x=[0, 0, 0, 0, 0, 0, 0, 0, 0, 0, 0, 0, 0, 0, 0, 0, 1, 0, 0, 0, 0, 0, 0, 0, 0, 0, 0, 0, 0, 0, 0, 0, 1, 0, 0, 0] (1.763s)
  Sub: Z₀=19.461701 [TIME_LIMIT] (15.1s), α=[0.000,0.000,2.193,0.000,0.000,0.000,0.000,0.000,0.000,0.000,0.000,0.000,0.000,0.000,0.000,0.000,0.000,0.000,0.000,0.000,0.000,0.000,0.000,0.000,0.000,0.000,0.000,0.000,0.000,0.000,0.000,0.000,7.672,0.080,0.000,0.000]
  Iter 515: LB=-11.210579  UB=15.776859  gap=1.71e+00
  Cut: intercept=-27.753410, π_x_range=[-230.0000, 46.7151]

=== True-DRO Benders iter 516 ===
  OMP: t₀=-11.161967, UB=15.776859, gap=1.71e+00, x=[0, 0, 0, 0, 0, 0, 0, 0, 0, 0, 0, 0, 1, 0, 0, 0, 1, 0, 0, 0, 0, 0, 0, 0, 0, 0, 0, 0, 0, 0, 0, 0, 0, 0, 0, 0] (1.862s)
  Sub: Z₀=20.008574 [LOCAL] (0.2s), α=[0.000,0.000,2.990,0.000,0.000,0.000,0.000,0.000,0.000,0.000,0.000,0.000,1.721,0.537,0.000,0.000,0.000,0.000,0.000,0.000,0.000,0.000,0.000,0.000,0.000,0.000,0.000,0.000,0.000,0.000,0.000,0.000,0.000,4.696,0.000,0.000]
  Iter 516: LB=-11.161967  UB=15.776859  gap=1.71e+00
  Cut: intercept=-1140.215043, π_x_range=[-820.7895, 588.8576]

=== True-DRO Benders iter 517 ===
  OMP: t₀=-11.015081, UB=15.776859, gap=1.70e+00, x=[1, 0, 0, 0, 0, 0, 0, 0, 0, 0, 0, 0, 0, 0, 0, 0, 0, 0, 0, 0, 0, 0, 0, 0, 0, 0, 0, 1, 0, 0, 0, 0, 0, 0, 0, 0] (2.047s)
  Sub: Z₀=22.214960 [LOCAL] (0.2s), α=[0.000,0.000,5.422,0.000,0.000,0.000,0.000,0.000,0.000,0.000,0.000,0.000,0.000,0.000,0.000,0.000,0.000,0.000,0.000,0.000,0.000,0.000,0.000,0.000,0.000,0.000,0.000,0.000,0.000,0.000,0.000,0.000,0.533,3.989,0.000,0.000]
  Iter 517: LB=-11.015081  UB=15.776859  gap=1.70e+00
  Cut: intercept=-1144.809813, π_x_range=[-824.2812, 587.7074]

=== True-DRO Benders iter 518 ===
  OMP: t₀=-10.990180, UB=15.776859, gap=1.70e+00, x=[0, 0, 0, 0, 0, 0, 0, 0, 0, 0, 0, 0, 0, 0, 0, 0, 0, 0, 0, 0, 0, 0, 0, 0, 0, 0, 0, 0, 0, 0, 0, 1, 0, 0, 0, 1] (1.946s)
  Sub: Z₀=22.935501 [LOCAL] (0.2s), α=[0.000,0.000,5.422,0.000,0.000,0.000,0.000,0.000,0.000,0.000,0.000,0.000,0.000,0.000,0.000,0.000,0.000,0.000,0.000,0.000,0.000,0.000,0.000,0.000,0.000,0.000,0.000,0.000,0.000,0.000,0.000,0.000,0.381,4.141,0.000,0.000]
  Iter 518: LB=-10.990180  UB=15.776859  gap=1.70e+00
  Cut: intercept=-1107.020377, π_x_range=[-823.8210, 577.5752]

=== True-DRO Benders iter 519 ===
  OMP: t₀=-10.990179, UB=15.776859, gap=1.70e+00, x=[0, 0, 0, 0, 0, 0, 0, 0, 0, 0, 1, 0, 0, 0, 0, 0, 0, 0, 0, 0, 0, 0, 0, 0, 0, 0, 0, 0, 0, 0, 0, 0, 0, 0, 0, 1] (2.493s)
  Sub: Z₀=22.935501 [LOCAL] (0.2s), α=[0.000,0.000,5.422,0.000,0.000,0.000,0.000,0.000,0.000,0.000,0.000,0.000,0.000,0.000,0.000,0.000,0.000,0.000,0.000,0.000,0.000,0.000,0.000,0.000,0.000,0.000,0.000,0.000,0.000,0.000,0.000,0.000,0.419,4.103,0.000,0.000]
  Iter 519: LB=-10.990179  UB=15.776859  gap=1.70e+00
  Cut: intercept=-1123.672105, π_x_range=[-823.7698, 577.5663]

=== True-DRO Benders iter 520 ===
  OMP: t₀=-10.839413, UB=15.776859, gap=1.69e+00, x=[1, 0, 0, 0, 0, 0, 1, 0, 0, 0, 0, 0, 0, 0, 0, 0, 0, 0, 0, 0, 0, 0, 0, 0, 0, 0, 0, 0, 0, 0, 0, 0, 0, 0, 0, 0] (2.439s)
  Sub: Z₀=22.787246 [TIME_LIMIT] (15.2s), α=[0.000,0.000,5.549,0.000,0.000,0.000,0.000,0.000,0.000,0.000,0.000,0.000,0.000,0.000,0.000,0.000,0.000,0.867,0.000,0.000,0.000,0.000,0.000,0.000,0.000,0.000,0.000,0.000,0.000,0.000,0.000,0.000,1.229,2.300,0.000,0.000]
  Iter 520: LB=-10.839413  UB=15.776859  gap=1.69e+00
  Cut: intercept=-2.404938, π_x_range=[-238.0000, 24.2777]

=== True-DRO Benders iter 521 ===
  OMP: t₀=-10.741005, UB=15.776859, gap=1.68e+00, x=[0, 0, 0, 0, 0, 0, 0, 0, 0, 0, 0, 1, 0, 0, 0, 0, 0, 0, 0, 0, 0, 0, 0, 0, 0, 0, 1, 0, 0, 0, 0, 0, 0, 0, 0, 0] (1.861s)
  Sub: Z₀=22.935501 [LOCAL] (0.1s), α=[0.000,0.000,5.422,0.000,0.000,0.000,0.000,0.000,0.000,0.000,0.000,0.000,0.000,0.000,0.000,0.000,0.000,0.000,0.000,0.000,0.000,0.000,0.000,0.000,0.000,0.000,0.000,0.000,0.000,0.000,0.000,0.000,0.392,4.130,0.000,0.000]
  Iter 521: LB=-10.741005  UB=15.776859  gap=1.68e+00
  Cut: intercept=-1133.990925, π_x_range=[-824.1707, 587.7665]

=== True-DRO Benders iter 522 ===
  OMP: t₀=-10.710045, UB=15.776859, gap=1.68e+00, x=[0, 0, 0, 0, 0, 0, 0, 0, 1, 0, 0, 0, 0, 0, 0, 0, 0, 0, 0, 0, 0, 0, 0, 0, 0, 1, 0, 0, 0, 0, 0, 0, 0, 0, 0, 0] (1.976s)
  Sub: Z₀=22.906683 [LOCAL] (0.2s), α=[0.000,0.000,5.422,0.000,0.000,0.000,0.000,0.000,0.000,0.000,0.000,0.000,0.000,0.000,0.000,0.000,0.000,0.000,0.000,0.000,0.000,0.000,0.000,0.000,0.000,0.000,0.000,0.000,0.000,0.000,0.000,0.000,0.291,4.231,0.000,0.000]
  Iter 522: LB=-10.710045  UB=15.776859  gap=1.68e+00
  Cut: intercept=-1097.274442, π_x_range=[-823.3669, 583.4519]

=== True-DRO Benders iter 523 ===
  OMP: t₀=-10.275707, UB=15.776859, gap=1.65e+00, x=[0, 0, 0, 0, 0, 0, 0, 0, 0, 0, 0, 1, 0, 1, 0, 0, 0, 0, 0, 0, 0, 0, 0, 0, 0, 0, 0, 0, 0, 0, 0, 0, 0, 0, 0, 0] (1.873s)
  Sub: Z₀=22.212655 [LOCAL] (0.2s), α=[0.000,0.000,5.019,0.000,0.000,0.000,0.000,0.000,0.000,0.000,0.000,0.000,0.000,0.000,0.000,0.000,0.000,0.403,0.000,0.000,0.000,0.000,0.000,0.000,0.000,0.000,0.000,0.000,0.000,0.000,0.000,0.000,0.017,4.505,0.000,0.000]
  Iter 523: LB=-10.275707  UB=15.776859  gap=1.65e+00
  Cut: intercept=-1131.260077, π_x_range=[-824.2272, 586.8744]

=== True-DRO Benders iter 524 ===
  OMP: t₀=-10.247079, UB=15.776859, gap=1.65e+00, x=[0, 0, 0, 0, 0, 0, 0, 0, 0, 0, 0, 0, 0, 0, 0, 0, 0, 0, 0, 1, 0, 0, 0, 0, 0, 0, 0, 0, 1, 0, 0, 0, 0, 0, 0, 0] (1.811s)
  Sub: Z₀=22.459266 [LOCAL] (0.2s), α=[0.000,0.000,5.928,0.000,0.000,0.000,0.000,0.000,0.000,0.000,0.000,0.000,0.000,0.000,0.000,0.000,0.000,0.000,0.000,0.000,0.000,0.000,0.000,0.000,0.000,0.000,0.000,0.000,0.000,0.000,0.000,0.000,0.280,3.736,0.000,0.000]
  Iter 524: LB=-10.247079  UB=15.776859  gap=1.65e+00
  Cut: intercept=-1125.379744, π_x_range=[-824.2030, 584.0103]

=== True-DRO Benders iter 525 ===
  OMP: t₀=-10.119617, UB=15.776859, gap=1.64e+00, x=[0, 0, 0, 0, 0, 0, 0, 0, 1, 0, 0, 0, 0, 0, 0, 0, 0, 0, 0, 0, 0, 0, 0, 0, 0, 0, 0, 0, 1, 0, 0, 0, 0, 0, 0, 0] (2.111s)
  Sub: Z₀=22.484930 [TIME_LIMIT] (15.1s), α=[0.000,0.000,6.416,0.000,0.000,0.000,0.000,0.000,0.000,0.000,0.000,0.000,0.000,0.000,0.000,0.000,0.000,0.000,0.000,0.000,0.000,0.000,0.000,0.000,0.000,0.000,0.000,0.000,0.000,0.000,0.000,0.000,0.000,3.528,0.000,0.000]
  Iter 525: LB=-10.119617  UB=15.776859  gap=1.64e+00
  Cut: intercept=-64.289512, π_x_range=[-210.9940, 86.7744]

=== True-DRO Benders iter 526 ===
  OMP: t₀=-9.943440, UB=15.776859, gap=1.63e+00, x=[0, 0, 1, 0, 0, 0, 0, 0, 0, 0, 0, 0, 0, 0, 0, 0, 0, 0, 0, 0, 0, 1, 0, 0, 0, 0, 0, 0, 0, 0, 0, 0, 0, 0, 0, 0] (1.870s)
  Sub: Z₀=18.980118 [LOCAL] (0.1s), α=[0.000,0.000,9.879,0.000,0.000,0.000,0.000,0.000,0.000,0.000,0.000,0.000,0.000,0.000,0.000,0.000,0.000,0.036,0.000,0.000,0.000,0.000,0.000,0.000,0.000,0.000,0.000,0.000,0.000,0.000,0.000,0.000,0.029,0.000,0.000,0.000]
  Iter 526: LB=-9.943440  UB=15.776859  gap=1.63e+00
  Cut: intercept=-1125.050255, π_x_range=[-820.6895, 572.1559]

=== True-DRO Benders iter 527 ===
  OMP: t₀=-9.836652, UB=15.776859, gap=1.62e+00, x=[0, 0, 0, 0, 0, 0, 0, 0, 0, 0, 0, 0, 0, 1, 0, 0, 0, 0, 0, 0, 0, 0, 0, 0, 0, 0, 0, 0, 1, 0, 0, 0, 0, 0, 0, 0] (1.939s)
  Sub: Z₀=22.037753 [LOCAL] (0.1s), α=[0.000,0.000,5.422,0.000,0.000,0.000,0.000,0.000,0.000,0.000,0.000,0.000,0.000,0.000,0.000,0.000,0.000,0.000,0.000,0.000,0.000,0.000,0.000,0.000,0.000,0.000,0.000,0.000,0.000,0.000,0.000,0.000,0.017,4.505,0.000,0.000]
  Iter 527: LB=-9.836652  UB=15.776859  gap=1.62e+00
  Cut: intercept=-1127.837204, π_x_range=[-824.5201, 588.9001]

=== True-DRO Benders iter 528 ===
  OMP: t₀=-9.728940, UB=15.776859, gap=1.62e+00, x=[0, 0, 0, 0, 0, 0, 0, 0, 0, 0, 0, 0, 0, 0, 0, 1, 0, 0, 0, 0, 0, 0, 0, 1, 0, 0, 0, 0, 0, 0, 0, 0, 0, 0, 0, 0] (1.930s)
  Sub: Z₀=22.935501 [LOCAL] (0.1s), α=[0.000,0.000,5.422,0.000,0.000,0.000,0.000,0.000,0.000,0.000,0.000,0.000,0.000,0.000,0.000,0.000,0.000,0.000,0.000,0.000,0.000,0.000,0.000,0.000,0.000,0.000,0.000,0.000,0.000,0.000,0.000,0.000,0.469,4.053,0.000,0.000]
  Iter 528: LB=-9.728940  UB=15.776859  gap=1.62e+00
  Cut: intercept=-1100.605076, π_x_range=[-823.8554, 580.9714]

=== True-DRO Benders iter 529 ===
  OMP: t₀=-9.028706, UB=15.776859, gap=1.57e+00, x=[0, 0, 0, 0, 0, 0, 0, 0, 0, 0, 0, 0, 0, 0, 0, 0, 1, 0, 0, 0, 0, 0, 0, 0, 0, 0, 0, 1, 0, 0, 0, 0, 0, 0, 0, 0] (2.007s)
  Sub: Z₀=22.214961 [LOCAL] (0.2s), α=[0.000,0.000,5.422,0.000,0.000,0.000,0.000,0.000,0.000,0.000,0.000,0.000,0.000,0.000,0.000,0.000,0.000,0.000,0.000,0.000,0.000,0.000,0.000,0.000,0.000,0.000,0.000,0.000,0.000,0.000,0.000,0.000,0.589,3.933,0.000,0.000]
  Iter 529: LB=-9.028706  UB=15.776859  gap=1.57e+00
  Cut: intercept=-1143.270833, π_x_range=[-824.5950, 586.3791]

=== True-DRO Benders iter 530 ===
  OMP: t₀=-8.860087, UB=15.776859, gap=1.56e+00, x=[1, 0, 0, 0, 0, 0, 0, 0, 0, 0, 1, 0, 0, 0, 0, 0, 0, 0, 0, 0, 0, 0, 0, 0, 0, 0, 0, 0, 0, 0, 0, 0, 0, 0, 0, 0] (2.137s)
  Sub: Z₀=22.942163 [TIME_LIMIT] (15.1s), α=[0.000,0.000,5.549,0.000,0.000,0.000,0.000,0.000,0.000,0.000,0.000,0.000,0.000,0.000,0.000,0.000,0.000,0.000,0.000,0.000,0.000,0.000,0.000,0.000,0.000,0.000,0.000,0.000,0.000,0.000,0.000,0.000,1.412,2.983,0.000,0.000]
  Iter 530: LB=-8.860087  UB=15.776859  gap=1.56e+00
  Cut: intercept=-36.628906, π_x_range=[-242.0000, 45.5812]

=== True-DRO Benders iter 531 ===
  OMP: t₀=-8.848464, UB=15.776859, gap=1.56e+00, x=[0, 0, 0, 0, 0, 0, 0, 0, 0, 0, 0, 0, 0, 1, 0, 1, 0, 0, 0, 0, 0, 0, 0, 0, 0, 0, 0, 0, 0, 0, 0, 0, 0, 0, 0, 0] (2.275s)
  Sub: Z₀=22.212655 [LOCAL] (0.2s), α=[0.000,0.000,4.850,0.000,0.000,0.000,0.000,0.000,0.000,0.000,0.000,0.000,0.000,0.000,0.000,0.000,0.000,0.572,0.000,0.000,0.000,0.000,0.000,0.000,0.000,0.000,0.000,0.000,0.000,0.000,0.000,0.000,0.017,4.505,0.000,0.000]
  Iter 531: LB=-8.848464  UB=15.776859  gap=1.56e+00
  Cut: intercept=-1104.778745, π_x_range=[-824.0681, 586.8594]

=== True-DRO Benders iter 532 ===
  OMP: t₀=-8.481917, UB=15.776859, gap=1.54e+00, x=[0, 0, 0, 0, 0, 0, 0, 0, 0, 0, 0, 0, 0, 0, 0, 0, 0, 0, 0, 1, 0, 0, 0, 0, 0, 0, 1, 0, 0, 0, 0, 0, 0, 0, 0, 0] (2.265s)
  Sub: Z₀=22.935501 [LOCAL] (0.1s), α=[0.000,0.000,5.422,0.000,0.000,0.000,0.000,0.000,0.000,0.000,0.000,0.000,0.000,0.000,0.000,0.000,0.000,0.000,0.000,0.000,0.000,0.000,0.000,0.000,0.000,0.000,0.000,0.000,0.000,0.000,0.000,0.000,0.550,3.972,0.000,0.000]
  Iter 532: LB=-8.481917  UB=15.776859  gap=1.54e+00
  Cut: intercept=-1145.981765, π_x_range=[-824.1195, 587.7324]

=== True-DRO Benders iter 533 ===
  OMP: t₀=-8.446561, UB=15.776859, gap=1.54e+00, x=[0, 0, 0, 0, 0, 0, 0, 0, 0, 0, 0, 0, 0, 1, 0, 0, 0, 0, 0, 0, 0, 0, 0, 0, 0, 0, 0, 0, 0, 0, 0, 1, 0, 0, 0, 0] (2.122s)
  Sub: Z₀=22.212655 [LOCAL] (0.2s), α=[0.000,0.000,5.026,0.000,0.000,0.000,0.000,0.000,0.000,0.000,0.000,0.000,0.000,0.000,0.000,0.000,0.000,0.397,0.000,0.000,0.000,0.000,0.000,0.000,0.000,0.000,0.000,0.000,0.000,0.000,0.000,0.000,0.017,4.505,0.000,0.000]
  Iter 533: LB=-8.446561  UB=15.776859  gap=1.54e+00
  Cut: intercept=-1112.637317, π_x_range=[-824.2283, 586.8720]

=== True-DRO Benders iter 534 ===
  OMP: t₀=-8.223481, UB=15.776859, gap=1.52e+00, x=[0, 0, 0, 0, 0, 0, 0, 0, 0, 0, 0, 0, 0, 0, 0, 0, 1, 0, 0, 0, 0, 0, 0, 0, 0, 0, 0, 0, 0, 0, 0, 1, 0, 0, 0, 0] (2.123s)
  Sub: Z₀=22.935501 [LOCAL] (0.1s), α=[0.000,0.000,5.422,0.000,0.000,0.000,0.000,0.000,0.000,0.000,0.000,0.000,0.000,0.000,0.000,0.000,0.000,0.000,0.000,0.000,0.000,0.000,0.000,0.000,0.000,0.000,0.000,0.000,0.000,0.000,0.000,0.000,0.449,4.073,0.000,0.000]
  Iter 534: LB=-8.223481  UB=15.776859  gap=1.52e+00
  Cut: intercept=-1116.150020, π_x_range=[-823.8652, 586.6742]

=== True-DRO Benders iter 535 ===
  OMP: t₀=-7.976282, UB=15.776859, gap=1.51e+00, x=[1, 0, 0, 0, 0, 0, 0, 0, 0, 0, 0, 0, 0, 0, 0, 0, 0, 0, 0, 0, 0, 0, 0, 0, 0, 0, 0, 0, 0, 0, 0, 1, 0, 0, 0, 0] (2.252s)
  Sub: Z₀=22.935503 [TIME_LIMIT] (15.2s), α=[0.000,0.000,5.422,0.000,0.000,0.000,0.000,0.000,0.000,0.000,0.000,0.000,0.000,0.000,0.000,0.000,0.000,0.000,0.000,0.000,0.000,0.000,0.000,0.000,0.000,0.000,0.000,0.000,0.000,0.000,0.000,0.000,0.539,3.983,0.000,0.000]
  Iter 535: LB=-7.976282  UB=15.776859  gap=1.51e+00
  Cut: intercept=-55.659067, π_x_range=[-218.0000, 64.5606]

=== True-DRO Benders iter 536 ===
  OMP: t₀=-7.424879, UB=15.776859, gap=1.47e+00, x=[0, 0, 0, 0, 0, 0, 0, 0, 0, 0, 0, 0, 1, 0, 0, 0, 0, 0, 0, 0, 0, 0, 0, 1, 0, 0, 0, 0, 0, 0, 0, 0, 0, 0, 0, 0] (2.004s)
  Sub: Z₀=20.008574 [LOCAL] (0.1s), α=[0.000,0.000,2.990,0.000,0.000,0.000,0.000,0.000,0.000,0.000,0.000,0.000,1.727,0.535,0.000,0.000,0.000,0.000,0.000,0.000,0.000,0.000,0.000,0.000,0.000,0.000,0.000,0.000,0.000,0.000,0.000,0.000,0.000,4.692,0.000,0.000]
  Iter 536: LB=-7.424879  UB=15.776859  gap=1.47e+00
  Cut: intercept=-1133.571459, π_x_range=[-820.8131, 582.2112]

=== True-DRO Benders iter 537 ===
  OMP: t₀=-7.283883, UB=15.776859, gap=1.46e+00, x=[0, 0, 0, 0, 0, 0, 1, 0, 0, 0, 0, 0, 0, 0, 0, 0, 0, 0, 0, 0, 0, 0, 0, 0, 0, 0, 1, 0, 0, 0, 0, 0, 0, 0, 0, 0] (2.188s)
  Sub: Z₀=22.761582 [LOCAL] (0.2s), α=[0.000,0.000,4.722,0.000,0.000,0.000,0.000,0.000,0.000,0.000,0.000,0.000,0.000,0.000,0.000,0.000,0.000,1.206,0.000,0.000,0.000,0.000,0.000,0.000,0.000,0.000,0.000,0.000,0.000,0.000,0.000,0.000,0.206,3.810,0.000,0.000]
  Iter 537: LB=-7.283883  UB=15.776859  gap=1.46e+00
  Cut: intercept=-1144.195811, π_x_range=[-822.7141, 585.9424]

=== True-DRO Benders iter 538 ===
  OMP: t₀=-6.875651, UB=15.776859, gap=1.44e+00, x=[0, 0, 0, 0, 0, 0, 0, 0, 0, 0, 1, 0, 0, 0, 0, 0, 0, 0, 0, 0, 0, 0, 0, 0, 0, 0, 0, 0, 0, 1, 0, 0, 0, 0, 0, 0] (2.214s)
  Sub: Z₀=22.088168 [LOCAL] (0.3s), α=[0.000,0.000,5.145,0.000,0.000,0.001,0.000,0.000,0.000,0.000,0.000,0.000,0.000,0.047,0.000,0.000,0.000,0.065,0.000,0.000,0.000,0.000,0.000,0.000,0.000,0.000,0.000,0.000,0.000,0.259,0.102,0.000,1.267,3.059,0.000,0.000]
  Iter 538: LB=-6.875651  UB=15.776859  gap=1.44e+00
  Cut: intercept=-1134.572713, π_x_range=[-824.4666, 590.8402]

=== True-DRO Benders iter 539 ===
  OMP: t₀=-6.815298, UB=15.776859, gap=1.43e+00, x=[0, 0, 0, 0, 0, 0, 0, 0, 0, 0, 0, 0, 0, 1, 0, 0, 0, 0, 0, 0, 0, 0, 0, 0, 0, 0, 0, 0, 0, 0, 0, 0, 0, 1, 0, 0] (1.981s)
  Sub: Z₀=18.974950 [LOCAL] (0.1s), α=[0.000,0.000,1.184,0.000,0.000,0.000,0.000,0.000,0.000,0.000,0.000,0.000,0.000,0.000,0.000,0.000,0.000,0.033,0.000,0.000,0.000,0.000,0.000,0.000,0.000,0.000,0.000,0.000,0.000,0.000,0.000,0.000,0.000,8.728,0.000,0.000]
  Iter 539: LB=-6.815298  UB=15.776859  gap=1.43e+00
  Cut: intercept=-1154.859045, π_x_range=[-822.8610, 591.1129]

=== True-DRO Benders iter 540 ===
  OMP: t₀=-6.594880, UB=15.776859, gap=1.42e+00, x=[1, 0, 0, 0, 0, 0, 0, 0, 0, 0, 0, 0, 0, 0, 0, 1, 0, 0, 0, 0, 0, 0, 0, 0, 0, 0, 0, 0, 0, 0, 0, 0, 0, 0, 0, 0] (1.917s)
  Sub: Z₀=22.941343 [TIME_LIMIT] (15.1s), α=[0.000,0.000,5.533,0.000,0.000,0.000,0.000,0.000,0.000,0.000,0.000,0.000,0.000,0.000,0.000,0.000,0.000,0.000,0.000,0.000,0.000,0.000,0.000,0.000,0.000,0.000,0.000,0.000,0.000,0.000,0.000,0.000,1.273,3.138,0.000,0.000]
  Iter 540: LB=-6.594880  UB=15.776859  gap=1.42e+00
  Cut: intercept=22.941343, π_x_range=[-160.3545, 0.0000]

=== True-DRO Benders iter 541 ===
  OMP: t₀=-6.594880, UB=15.776859, gap=1.42e+00, x=[1, 0, 0, 0, 0, 0, 0, 0, 0, 0, 0, 0, 0, 0, 0, 0, 0, 0, 0, 0, 0, 0, 0, 0, 0, 0, 0, 0, 0, 0, 0, 0, 0, 0, 0, 1] (1.813s)
  Sub: Z₀=22.935501 [LOCAL] (0.2s), α=[0.000,0.000,5.422,0.000,0.000,0.000,0.000,0.000,0.000,0.000,0.000,0.000,0.000,0.000,0.000,0.000,0.000,0.000,0.000,0.000,0.000,0.000,0.000,0.000,0.000,0.000,0.000,0.000,0.000,0.000,0.000,0.000,0.411,4.111,0.000,0.000]
  Iter 541: LB=-6.594880  UB=15.776859  gap=1.42e+00
  Cut: intercept=-1142.146728, π_x_range=[-823.4894, 587.4970]

=== True-DRO Benders iter 542 ===
  OMP: t₀=-6.582793, UB=15.776859, gap=1.42e+00, x=[0, 0, 0, 0, 0, 0, 0, 0, 0, 0, 0, 0, 1, 0, 0, 0, 0, 0, 0, 0, 0, 0, 0, 0, 0, 0, 1, 0, 0, 0, 0, 0, 0, 0, 0, 0] (2.209s)
  Sub: Z₀=20.008574 [LOCAL] (0.1s), α=[0.000,0.000,2.990,0.000,0.000,0.000,0.000,0.000,0.000,0.000,0.000,0.000,1.612,0.652,0.000,0.000,0.000,0.000,0.000,0.000,0.000,0.000,0.000,0.000,0.000,0.000,0.000,0.000,0.000,0.000,0.000,0.000,0.000,4.690,0.000,0.000]
  Iter 542: LB=-6.582793  UB=15.776859  gap=1.42e+00
  Cut: intercept=-1140.703875, π_x_range=[-820.9918, 589.4061]

=== True-DRO Benders iter 543 ===
  OMP: t₀=-6.451966, UB=15.776859, gap=1.41e+00, x=[0, 0, 0, 0, 0, 0, 0, 0, 1, 0, 0, 0, 0, 0, 0, 0, 1, 0, 0, 0, 0, 0, 0, 0, 0, 0, 0, 0, 0, 0, 0, 0, 0, 0, 0, 0] (2.254s)
  Sub: Z₀=22.906683 [LOCAL] (0.2s), α=[0.000,0.000,5.422,0.000,0.000,0.000,0.000,0.000,0.000,0.000,0.000,0.000,0.000,0.000,0.000,0.000,0.000,0.000,0.000,0.000,0.000,0.000,0.000,0.000,0.000,0.000,0.000,0.000,0.000,0.000,0.000,0.000,0.331,4.191,0.000,0.000]
  Iter 543: LB=-6.451966  UB=15.776859  gap=1.41e+00
  Cut: intercept=-1147.244413, π_x_range=[-823.2742, 586.6735]

=== True-DRO Benders iter 544 ===
  OMP: t₀=-6.282195, UB=15.776859, gap=1.40e+00, x=[0, 0, 0, 0, 0, 0, 0, 0, 0, 0, 0, 0, 0, 0, 0, 0, 0, 0, 0, 0, 0, 0, 0, 0, 0, 0, 0, 0, 0, 1, 1, 0, 0, 0, 0, 0] (2.010s)
  Sub: Z₀=21.615014 [LOCAL] (0.2s), α=[0.000,0.000,3.895,0.000,0.000,0.000,0.000,0.000,0.000,0.000,0.000,0.000,0.000,0.176,0.000,0.000,0.000,0.000,0.000,0.000,0.000,0.000,0.000,0.000,0.000,0.000,0.000,0.000,0.000,0.924,1.236,0.000,2.381,1.332,0.000,0.000]
  Iter 544: LB=-6.282195  UB=15.776859  gap=1.40e+00
  Cut: intercept=-1163.529091, π_x_range=[-822.8895, 594.4749]

=== True-DRO Benders iter 545 ===
  OMP: t₀=-6.181064, UB=15.776859, gap=1.39e+00, x=[0, 0, 0, 0, 0, 0, 0, 0, 0, 0, 1, 0, 0, 1, 0, 0, 0, 0, 0, 0, 0, 0, 0, 0, 0, 0, 0, 0, 0, 0, 0, 0, 0, 0, 0, 0] (2.215s)
  Sub: Z₀=22.212656 [TIME_LIMIT] (15.1s), α=[0.000,0.000,4.812,0.000,0.000,0.000,0.000,0.000,0.000,0.000,0.000,0.000,0.000,0.000,0.000,0.000,0.000,0.610,0.000,0.000,0.000,0.000,0.000,0.000,0.000,0.000,0.000,0.000,0.000,0.000,0.000,0.000,0.023,4.499,0.000,0.000]
  Iter 545: LB=-6.181064  UB=15.776859  gap=1.39e+00
  Cut: intercept=-23.696124, π_x_range=[-207.0000, 38.1926]

=== True-DRO Benders iter 546 ===
  OMP: t₀=-4.994482, UB=15.776859, gap=1.32e+00, x=[0, 0, 0, 0, 0, 0, 0, 0, 0, 0, 0, 0, 0, 0, 0, 0, 0, 0, 0, 0, 0, 0, 0, 0, 0, 0, 0, 0, 0, 1, 0, 1, 0, 0, 0, 0] (2.185s)
  Sub: Z₀=22.088168 [LOCAL] (0.2s), α=[0.000,0.000,5.150,0.000,0.000,0.001,0.000,0.000,0.000,0.000,0.000,0.000,0.000,0.039,0.000,0.000,0.000,0.059,0.000,0.000,0.000,0.000,0.000,0.000,0.000,0.000,0.000,0.000,0.000,0.272,0.097,0.000,1.259,3.067,0.000,0.000]
  Iter 546: LB=-4.994482  UB=15.776859  gap=1.32e+00
  Cut: intercept=-1119.062546, π_x_range=[-824.5146, 591.0619]

=== True-DRO Benders iter 547 ===
  OMP: t₀=-4.994482, UB=15.776859, gap=1.32e+00, x=[0, 0, 0, 0, 0, 0, 0, 0, 0, 0, 0, 0, 0, 0, 0, 0, 0, 0, 0, 1, 0, 0, 0, 0, 0, 0, 0, 0, 0, 1, 0, 0, 0, 0, 0, 0] (2.627s)
  Sub: Z₀=22.088168 [LOCAL] (0.2s), α=[0.000,0.000,5.143,0.000,0.000,0.001,0.000,0.000,0.000,0.000,0.000,0.000,0.000,0.050,0.000,0.000,0.000,0.066,0.000,0.000,0.000,0.000,0.000,0.000,0.000,0.000,0.000,0.000,0.000,0.271,0.086,0.000,1.270,3.056,0.000,0.000]
  Iter 547: LB=-4.994482  UB=15.776859  gap=1.32e+00
  Cut: intercept=-1146.396411, π_x_range=[-824.4380, 591.2391]

=== True-DRO Benders iter 548 ===
  OMP: t₀=-4.633815, UB=15.776859, gap=1.29e+00, x=[0, 0, 0, 1, 0, 0, 0, 0, 0, 0, 0, 0, 0, 0, 0, 0, 0, 0, 0, 0, 0, 0, 0, 1, 0, 0, 0, 0, 0, 0, 0, 0, 0, 0, 0, 0] (2.220s)
  Sub: Z₀=22.935501 [LOCAL] (0.2s), α=[0.000,0.000,5.422,0.000,0.000,0.000,0.000,0.000,0.000,0.000,0.000,0.000,0.000,0.000,0.000,0.000,0.000,0.000,0.000,0.000,0.000,0.000,0.000,0.000,0.000,0.000,0.000,0.000,0.000,0.000,0.000,0.000,0.707,3.815,0.000,0.000]
  Iter 548: LB=-4.633815  UB=15.776859  gap=1.29e+00
  Cut: intercept=-1138.094171, π_x_range=[-823.8831, 580.9791]

=== True-DRO Benders iter 549 ===
  OMP: t₀=-4.633815, UB=15.776859, gap=1.29e+00, x=[0, 1, 0, 0, 0, 0, 0, 0, 0, 0, 0, 0, 0, 0, 0, 0, 0, 0, 0, 0, 0, 0, 0, 1, 0, 0, 0, 0, 0, 0, 0, 0, 0, 0, 0, 0] (2.003s)
  Sub: Z₀=22.935501 [LOCAL] (0.1s), α=[0.000,0.000,5.422,0.000,0.000,0.000,0.000,0.000,0.000,0.000,0.000,0.000,0.000,0.000,0.000,0.000,0.000,0.000,0.000,0.000,0.000,0.000,0.000,0.000,0.000,0.000,0.000,0.000,0.000,0.000,0.000,0.000,0.479,4.043,0.000,0.000]
  Iter 549: LB=-4.633815  UB=15.776859  gap=1.29e+00
  Cut: intercept=-1129.590166, π_x_range=[-822.6278, 580.9726]

=== True-DRO Benders iter 550 ===
  OMP: t₀=-4.632647, UB=15.776859, gap=1.29e+00, x=[0, 0, 0, 0, 0, 0, 1, 0, 0, 0, 0, 0, 0, 0, 0, 0, 0, 0, 0, 0, 0, 0, 0, 0, 0, 0, 0, 0, 0, 0, 0, 0, 0, 1, 0, 0] (2.210s)
  Sub: Z₀=19.573552 [TIME_LIMIT] (15.1s), α=[0.000,0.000,1.783,0.000,0.000,0.000,0.000,0.000,0.000,0.000,0.000,0.000,0.000,0.000,0.000,0.000,0.000,0.000,0.000,0.000,0.000,0.000,0.000,0.000,0.000,0.000,0.000,0.000,0.000,0.000,0.000,0.000,0.000,8.162,0.000,0.000]
  Iter 550: LB=-4.632647  UB=15.776859  gap=1.29e+00
  Cut: intercept=-56.195470, π_x_range=[-253.0000, 43.0077]

=== True-DRO Benders iter 551 ===
  OMP: t₀=-4.254039, UB=15.776859, gap=1.27e+00, x=[0, 0, 0, 0, 0, 0, 0, 0, 0, 0, 0, 0, 0, 0, 0, 0, 1, 0, 0, 0, 0, 0, 0, 1, 0, 0, 0, 0, 0, 0, 0, 0, 0, 0, 0, 0] (2.075s)
  Sub: Z₀=22.935501 [LOCAL] (0.2s), α=[0.000,0.000,5.422,0.000,0.000,0.000,0.000,0.000,0.000,0.000,0.000,0.000,0.000,0.000,0.000,0.000,0.000,0.000,0.000,0.000,0.000,0.000,0.000,0.000,0.000,0.000,0.000,0.000,0.000,0.000,0.000,0.000,0.557,3.965,0.000,0.000]
  Iter 551: LB=-4.254039  UB=15.776859  gap=1.27e+00
  Cut: intercept=-1144.715408, π_x_range=[-823.8508, 586.6609]

=== True-DRO Benders iter 552 ===
  OMP: t₀=-4.084098, UB=15.776859, gap=1.26e+00, x=[0, 0, 0, 0, 0, 0, 0, 0, 0, 0, 0, 0, 0, 0, 0, 0, 1, 0, 0, 0, 0, 0, 0, 0, 0, 1, 0, 0, 0, 0, 0, 0, 0, 0, 0, 0] (2.118s)
  Sub: Z₀=22.935501 [LOCAL] (0.1s), α=[0.000,0.000,5.422,0.000,0.000,0.000,0.000,0.000,0.000,0.000,0.000,0.000,0.000,0.000,0.000,0.000,0.000,0.000,0.000,0.000,0.000,0.000,0.000,0.000,0.000,0.000,0.000,0.000,0.000,0.000,0.000,0.000,0.489,4.033,0.000,0.000]
  Iter 552: LB=-4.084098  UB=15.776859  gap=1.26e+00
  Cut: intercept=-1100.464894, π_x_range=[-823.9470, 586.6663]

=== True-DRO Benders iter 553 ===
  OMP: t₀=-3.977583, UB=15.776859, gap=1.25e+00, x=[0, 0, 0, 0, 0, 0, 0, 0, 0, 0, 0, 0, 0, 0, 1, 0, 0, 0, 0, 0, 0, 0, 0, 0, 0, 0, 0, 0, 0, 0, 0, 0, 0, 0, 0, 0] (2.090s)
  Sub: Z₀=22.935501 [LOCAL] (0.1s), α=[0.000,0.000,5.422,0.000,0.000,0.000,0.000,0.000,0.000,0.000,0.000,0.000,0.000,0.000,0.000,0.000,0.000,0.000,0.000,0.000,0.000,0.000,0.000,0.000,0.000,0.000,0.000,0.000,0.000,0.000,0.000,0.000,0.367,4.155,0.000,0.000]
  Iter 553: LB=-3.977583  UB=15.776859  gap=1.25e+00
  Cut: intercept=-548.819859, π_x_range=[-823.8612, 571.7554]

=== True-DRO Benders iter 554 ===
  OMP: t₀=-3.308523, UB=15.776859, gap=1.21e+00, x=[0, 0, 0, 0, 0, 0, 0, 0, 0, 0, 0, 0, 0, 0, 0, 0, 0, 1, 0, 0, 0, 0, 0, 0, 0, 0, 1, 0, 0, 0, 0, 0, 0, 0, 0, 0] (2.115s)
  Sub: Z₀=19.642048 [LOCAL] (0.2s), α=[0.000,0.000,5.951,0.000,0.000,0.000,0.000,0.000,0.000,0.000,0.000,0.000,0.000,0.000,0.000,0.000,0.000,0.465,0.000,0.000,0.000,0.000,0.000,0.000,0.000,0.000,0.000,0.000,0.000,0.000,0.000,0.000,0.223,3.305,0.000,0.000]
  Iter 554: LB=-3.308523  UB=15.776859  gap=1.21e+00
  Cut: intercept=-1162.903833, π_x_range=[-825.7312, 593.2609]

=== True-DRO Benders iter 555 ===
  OMP: t₀=-2.948980, UB=15.776859, gap=1.19e+00, x=[0, 0, 0, 0, 0, 0, 0, 0, 0, 0, 0, 0, 0, 0, 0, 0, 0, 0, 0, 0, 0, 0, 0, 0, 0, 0, 1, 0, 0, 0, 0, 0, 0, 0, 0, 1] (2.294s)
  Sub: Z₀=22.942082 [TIME_LIMIT] (15.1s), α=[0.000,0.000,5.547,0.000,0.000,0.000,0.000,0.000,0.000,0.000,0.000,0.000,0.000,0.000,0.000,0.000,0.000,0.000,0.000,0.000,0.000,0.000,0.000,0.000,0.000,0.000,0.000,0.000,0.000,0.000,0.000,0.000,1.409,2.988,0.000,0.000]
  Iter 555: LB=-2.948980  UB=15.776859  gap=1.19e+00
  Cut: intercept=22.942082, π_x_range=[-144.0991, 0.0000]

=== True-DRO Benders iter 556 ===
  OMP: t₀=-2.791027, UB=15.776859, gap=1.18e+00, x=[0, 0, 0, 0, 0, 0, 0, 0, 0, 0, 0, 0, 0, 0, 0, 0, 0, 0, 0, 0, 0, 0, 0, 1, 0, 0, 0, 1, 0, 0, 0, 0, 0, 0, 0, 0] (2.501s)
  Sub: Z₀=22.214961 [LOCAL] (0.2s), α=[0.000,0.000,5.422,0.000,0.000,0.000,0.000,0.000,0.000,0.000,0.000,0.000,0.000,0.000,0.000,0.000,0.000,0.000,0.000,0.000,0.000,0.000,0.000,0.000,0.000,0.000,0.000,0.000,0.000,0.000,0.000,0.000,0.595,3.927,0.000,0.000]
  Iter 556: LB=-2.791027  UB=15.776859  gap=1.18e+00
  Cut: intercept=-1138.211644, π_x_range=[-824.5942, 581.1269]

=== True-DRO Benders iter 557 ===
  OMP: t₀=-2.742050, UB=15.776859, gap=1.17e+00, x=[0, 0, 1, 0, 0, 0, 1, 0, 0, 0, 0, 0, 0, 0, 0, 0, 0, 0, 0, 0, 0, 0, 0, 0, 0, 0, 0, 0, 0, 0, 0, 0, 0, 0, 0, 0] (2.188s)
  Sub: Z₀=19.359258 [LOCAL] (0.1s), α=[0.000,0.000,9.944,0.000,0.000,0.000,0.000,0.000,0.000,0.000,0.000,0.000,0.000,0.000,0.000,0.000,0.000,0.000,0.000,0.000,0.000,0.000,0.000,0.000,0.000,0.000,0.000,0.000,0.000,0.000,0.000,0.000,0.000,0.000,0.000,0.000]
  Iter 557: LB=-2.742050  UB=15.776859  gap=1.17e+00
  Cut: intercept=-1149.878914, π_x_range=[-822.7847, 587.8984]

=== True-DRO Benders iter 558 ===
  OMP: t₀=-2.176188, UB=15.776859, gap=1.14e+00, x=[0, 0, 0, 0, 0, 0, 0, 0, 0, 0, 0, 0, 0, 0, 0, 0, 1, 0, 0, 0, 0, 0, 0, 0, 0, 0, 0, 0, 0, 0, 0, 0, 0, 0, 0, 1] (2.485s)
  Sub: Z₀=22.935501 [LOCAL] (0.1s), α=[0.000,0.000,5.422,0.000,0.000,0.000,0.000,0.000,0.000,0.000,0.000,0.000,0.000,0.000,0.000,0.000,0.000,0.000,0.000,0.000,0.000,0.000,0.000,0.000,0.000,0.000,0.000,0.000,0.000,0.000,0.000,0.000,0.468,4.054,0.000,0.000]
  Iter 558: LB=-2.176188  UB=15.776859  gap=1.14e+00
  Cut: intercept=-1141.338403, π_x_range=[-823.8187, 586.6745]

=== True-DRO Benders iter 559 ===
  OMP: t₀=-2.173473, UB=15.776859, gap=1.14e+00, x=[0, 0, 1, 0, 0, 0, 0, 0, 0, 0, 0, 0, 0, 1, 0, 0, 0, 0, 0, 0, 0, 0, 0, 0, 0, 0, 0, 0, 0, 0, 0, 0, 0, 0, 0, 0] (2.073s)
  Sub: Z₀=18.783968 [LOCAL] (0.1s), α=[0.000,0.000,9.797,0.000,0.000,0.000,0.000,0.000,0.000,0.000,0.000,0.000,0.000,0.000,0.000,0.000,0.000,0.147,0.000,0.000,0.000,0.000,0.000,0.000,0.000,0.000,0.000,0.000,0.000,0.000,0.000,0.000,0.000,0.000,0.000,0.000]
  Iter 559: LB=-2.173473  UB=15.776859  gap=1.14e+00
  Cut: intercept=-1147.594799, π_x_range=[-821.3582, 590.8794]

=== True-DRO Benders iter 560 ===
  OMP: t₀=-2.123879, UB=15.776859, gap=1.13e+00, x=[0, 0, 0, 0, 0, 0, 0, 0, 0, 0, 0, 0, 0, 0, 0, 0, 0, 0, 0, 0, 0, 0, 0, 0, 0, 0, 1, 1, 0, 0, 0, 0, 0, 0, 0, 0] (2.153s)
  Sub: Z₀=22.214962 [TIME_LIMIT] (15.1s), α=[0.000,0.000,5.422,0.000,0.000,0.000,0.000,0.000,0.000,0.000,0.000,0.000,0.000,0.000,0.000,0.000,0.000,0.000,0.000,0.000,0.000,0.000,0.000,0.000,0.000,0.000,0.000,0.000,0.000,0.000,0.000,0.000,0.119,4.403,0.000,0.000]
  Iter 560: LB=-2.123879  UB=15.776859  gap=1.13e+00
  Cut: intercept=-0.440862, π_x_range=[-167.5169, 22.6558]

=== True-DRO Benders iter 561 ===
  OMP: t₀=-1.689616, UB=15.776859, gap=1.11e+00, x=[0, 0, 0, 0, 0, 0, 0, 0, 1, 0, 0, 0, 0, 0, 0, 0, 0, 0, 0, 0, 0, 0, 0, 1, 0, 0, 0, 0, 0, 0, 0, 0, 0, 0, 0, 0] (2.104s)
  Sub: Z₀=22.906683 [LOCAL] (0.2s), α=[0.000,0.000,5.422,0.000,0.000,0.000,0.000,0.000,0.000,0.000,0.000,0.000,0.000,0.000,0.000,0.000,0.000,0.000,0.000,0.000,0.000,0.000,0.000,0.000,0.000,0.000,0.000,0.000,0.000,0.000,0.000,0.000,0.342,4.180,0.000,0.000]
  Iter 561: LB=-1.689616  UB=15.776859  gap=1.11e+00
  Cut: intercept=-1141.606457, π_x_range=[-823.2684, 583.5353]

=== True-DRO Benders iter 562 ===
  OMP: t₀=-1.689616, UB=15.776859, gap=1.11e+00, x=[1, 0, 0, 0, 0, 0, 0, 0, 1, 0, 0, 0, 0, 0, 0, 0, 0, 0, 0, 0, 0, 0, 0, 0, 0, 0, 0, 0, 0, 0, 0, 0, 0, 0, 0, 0] (1.974s)
  Sub: Z₀=22.906683 [LOCAL] (0.1s), α=[0.000,0.000,5.422,0.000,0.000,0.000,0.000,0.000,0.000,0.000,0.000,0.000,0.000,0.000,0.000,0.000,0.000,0.000,0.000,0.000,0.000,0.000,0.000,0.000,0.000,0.000,0.000,0.000,0.000,0.000,0.000,0.000,0.301,4.221,0.000,0.000]
  Iter 562: LB=-1.689616  UB=15.776859  gap=1.11e+00
  Cut: intercept=-1148.189090, π_x_range=[-823.0329, 587.7626]

=== True-DRO Benders iter 563 ===
  OMP: t₀=-0.506891, UB=15.776859, gap=1.03e+00, x=[0, 0, 0, 0, 0, 0, 0, 0, 0, 0, 0, 0, 0, 0, 0, 0, 0, 0, 1, 0, 0, 0, 0, 0, 0, 0, 0, 0, 0, 0, 0, 0, 0, 0, 0, 0] (2.313s)
  Sub: Z₀=21.976893 [LOCAL] (0.2s), α=[0.000,0.000,5.254,0.000,0.000,0.000,0.000,0.000,0.000,0.000,0.000,0.000,0.000,0.000,0.000,0.000,0.000,0.000,0.000,0.000,0.000,0.000,0.000,0.000,0.000,0.000,0.000,0.000,0.000,0.337,0.000,0.000,0.389,3.964,0.000,0.000]
  Iter 563: LB=-0.506891  UB=15.776859  gap=1.03e+00
  Cut: intercept=-551.313550, π_x_range=[-824.7669, 573.2904]

=== True-DRO Benders iter 564 ===
  OMP: t₀=0.287478, UB=15.776859, gap=9.82e-01, x=[0, 0, 0, 0, 0, 0, 0, 0, 0, 0, 0, 0, 0, 0, 0, 1, 0, 0, 0, 0, 0, 0, 0, 0, 0, 0, 0, 0, 0, 1, 0, 0, 0, 0, 0, 0] (2.133s)
  Sub: Z₀=22.088168 [LOCAL] (0.2s), α=[0.000,0.000,5.135,0.000,0.000,0.001,0.000,0.000,0.000,0.000,0.000,0.000,0.000,0.045,0.000,0.000,0.000,0.075,0.000,0.000,0.000,0.000,0.000,0.000,0.000,0.000,0.000,0.000,0.000,0.270,0.093,0.000,1.264,3.061,0.000,0.000]
  Iter 564: LB=0.287478  UB=15.776859  gap=9.82e-01
  Cut: intercept=-1107.397680, π_x_range=[-824.4617, 591.1291]

=== True-DRO Benders iter 565 ===
  OMP: t₀=0.676829, UB=15.776859, gap=9.57e-01, x=[0, 0, 0, 0, 0, 0, 0, 0, 0, 0, 1, 0, 0, 0, 0, 0, 0, 0, 0, 0, 0, 0, 0, 0, 0, 0, 1, 0, 0, 0, 0, 0, 0, 0, 0, 0] (2.128s)
  Sub: Z₀=22.937448 [TIME_LIMIT] (15.1s), α=[0.000,0.000,5.459,0.000,0.000,0.000,0.000,0.000,0.000,0.000,0.000,0.000,0.000,0.000,0.000,0.000,0.000,0.000,0.000,0.000,0.000,0.000,0.000,0.000,0.000,0.000,0.000,0.000,0.000,0.000,0.000,0.000,1.656,2.829,0.000,0.000]
  Iter 565: LB=0.676829  UB=15.776859  gap=9.57e-01
  Cut: intercept=22.937448, π_x_range=[-198.1653, 0.0000]

=== True-DRO Benders iter 566 ===
  OMP: t₀=0.676829, UB=15.776859, gap=9.57e-01, x=[0, 0, 0, 0, 0, 0, 0, 0, 0, 0, 0, 0, 0, 0, 0, 0, 0, 0, 0, 0, 0, 0, 0, 0, 0, 0, 1, 0, 0, 0, 0, 1, 0, 0, 0, 0] (2.024s)
  Sub: Z₀=22.935501 [LOCAL] (0.1s), α=[0.000,0.000,5.422,0.000,0.000,0.000,0.000,0.000,0.000,0.000,0.000,0.000,0.000,0.000,0.000,0.000,0.000,0.000,0.000,0.000,0.000,0.000,0.000,0.000,0.000,0.000,0.000,0.000,0.000,0.000,0.000,0.000,0.403,4.119,0.000,0.000]
  Iter 566: LB=0.676829  UB=15.776859  gap=9.57e-01
  Cut: intercept=-1117.171311, π_x_range=[-824.1704, 587.7486]

=== True-DRO Benders iter 567 ===
  OMP: t₀=1.029333, UB=15.776859, gap=9.35e-01, x=[0, 0, 0, 0, 0, 0, 0, 0, 0, 0, 0, 0, 0, 0, 0, 0, 0, 0, 0, 0, 0, 0, 0, 0, 0, 0, 0, 0, 0, 1, 0, 0, 0, 1, 0, 0] (2.187s)
  Sub: Z₀=19.507736 [LOCAL] (0.2s), α=[0.000,0.000,1.783,0.000,0.000,0.000,0.000,0.000,0.000,0.000,0.000,0.000,0.000,0.000,0.000,0.000,0.000,0.000,0.000,0.000,0.000,0.000,0.000,0.000,0.000,0.000,0.000,0.000,0.000,0.000,0.000,0.000,0.000,8.162,0.000,0.000]
  Iter 567: LB=1.029333  UB=15.776859  gap=9.35e-01
  Cut: intercept=-1147.536178, π_x_range=[-821.1789, 590.8620]

=== True-DRO Benders iter 568 ===
  OMP: t₀=1.745849, UB=15.776859, gap=8.89e-01, x=[0, 0, 0, 0, 0, 0, 0, 0, 0, 0, 0, 0, 0, 0, 0, 0, 0, 0, 0, 0, 0, 0, 0, 0, 0, 0, 1, 0, 1, 0, 0, 0, 0, 0, 0, 0] (2.076s)
  Sub: Z₀=22.459266 [LOCAL] (0.2s), α=[0.000,0.000,5.928,0.000,0.000,0.000,0.000,0.000,0.000,0.000,0.000,0.000,0.000,0.000,0.000,0.000,0.000,0.000,0.000,0.000,0.000,0.000,0.000,0.000,0.000,0.000,0.000,0.000,0.000,0.000,0.000,0.000,0.227,3.789,0.000,0.000]
  Iter 568: LB=1.745849  UB=15.776859  gap=8.89e-01
  Cut: intercept=-1130.632010, π_x_range=[-824.5949, 588.7531]

=== True-DRO Benders iter 569 ===
  OMP: t₀=1.758573, UB=15.776859, gap=8.89e-01, x=[0, 0, 1, 0, 0, 0, 0, 0, 0, 0, 0, 0, 0, 0, 0, 0, 0, 0, 0, 0, 0, 0, 0, 0, 0, 0, 0, 0, 0, 1, 0, 0, 0, 0, 0, 0] (2.191s)
  Sub: Z₀=18.908189 [LOCAL] (0.1s), α=[0.000,0.000,9.803,0.000,0.000,0.006,0.000,0.000,0.000,0.000,0.000,0.000,0.000,0.009,0.000,0.000,0.000,0.007,0.000,0.000,0.000,0.000,0.000,0.000,0.000,0.000,0.000,0.000,0.000,0.111,0.009,0.000,0.000,0.000,0.000,0.000]
  Iter 569: LB=1.758573  UB=15.776859  gap=8.89e-01
  Cut: intercept=-1146.839590, π_x_range=[-820.8555, 591.1406]

=== True-DRO Benders iter 570 ===
  OMP: t₀=2.417168, UB=15.776859, gap=8.47e-01, x=[0, 0, 0, 0, 0, 0, 0, 0, 0, 0, 0, 1, 0, 0, 0, 0, 0, 0, 0, 0, 0, 0, 0, 0, 0, 0, 0, 0, 0, 0, 1, 0, 0, 0, 0, 0] (2.051s)
  Sub: Z₀=22.456452 [TIME_LIMIT] (15.2s), α=[0.000,0.000,4.371,0.000,0.000,0.000,0.000,0.000,0.000,0.000,0.000,0.000,0.000,0.000,0.000,0.000,0.000,1.052,0.000,0.000,0.000,0.000,0.000,0.000,0.000,0.000,0.000,0.000,0.000,0.000,0.000,0.000,1.777,2.745,0.000,0.000]
  Iter 570: LB=2.417168  UB=15.776859  gap=8.47e-01
  Cut: intercept=-16.323068, π_x_range=[-208.0000, 33.6898]

=== True-DRO Benders iter 571 ===
  OMP: t₀=2.707619, UB=15.776859, gap=8.28e-01, x=[0, 0, 0, 0, 0, 0, 0, 0, 1, 0, 0, 0, 0, 0, 0, 0, 0, 0, 0, 0, 0, 0, 0, 0, 0, 0, 0, 0, 0, 0, 1, 0, 0, 0, 0, 0] (2.348s)
  Sub: Z₀=22.427632 [LOCAL] (0.2s), α=[0.000,0.000,5.373,0.000,0.000,0.000,0.000,0.000,0.000,0.000,0.000,0.000,0.000,0.000,0.000,0.000,0.000,0.050,0.000,0.000,0.000,0.000,0.000,0.000,0.000,0.000,0.000,0.000,0.000,0.000,0.000,0.000,1.023,3.499,0.000,0.000]
  Iter 571: LB=2.707619  UB=15.776859  gap=8.28e-01
  Cut: intercept=-1149.754104, π_x_range=[-823.3042, 591.6545]

=== True-DRO Benders iter 572 ===
  OMP: t₀=3.630954, UB=15.776859, gap=7.70e-01, x=[0, 0, 0, 0, 0, 0, 0, 0, 0, 0, 0, 0, 0, 0, 0, 0, 0, 0, 0, 0, 0, 0, 0, 1, 0, 0, 1, 0, 0, 0, 0, 0, 0, 0, 0, 0] (2.186s)
  Sub: Z₀=22.935501 [LOCAL] (0.2s), α=[0.000,0.000,5.422,0.000,0.000,0.000,0.000,0.000,0.000,0.000,0.000,0.000,0.000,0.000,0.000,0.000,0.000,0.000,0.000,0.000,0.000,0.000,0.000,0.000,0.000,0.000,0.000,0.000,0.000,0.000,0.000,0.000,0.509,4.013,0.000,0.000]
  Iter 572: LB=3.630954  UB=15.776859  gap=7.70e-01
  Cut: intercept=-1145.818610, π_x_range=[-824.1552, 587.7679]

=== True-DRO Benders iter 573 ===
  OMP: t₀=3.630954, UB=15.776859, gap=7.70e-01, x=[0, 0, 0, 0, 0, 0, 0, 0, 0, 0, 0, 0, 0, 0, 0, 0, 0, 0, 0, 0, 0, 0, 0, 1, 0, 1, 0, 0, 0, 0, 0, 0, 0, 0, 0, 0] (2.266s)
  Sub: Z₀=22.935501 [LOCAL] (0.1s), α=[0.000,0.000,5.422,0.000,0.000,0.000,0.000,0.000,0.000,0.000,0.000,0.000,0.000,0.000,0.000,0.000,0.000,0.000,0.000,0.000,0.000,0.000,0.000,0.000,0.000,0.000,0.000,0.000,0.000,0.000,0.000,0.000,0.505,4.017,0.000,0.000]
  Iter 573: LB=3.630954  UB=15.776859  gap=7.70e-01
  Cut: intercept=-1094.710991, π_x_range=[-823.9352, 580.9557]

=== True-DRO Benders iter 574 ===
  OMP: t₀=3.731279, UB=15.776859, gap=7.63e-01, x=[0, 0, 0, 0, 0, 0, 0, 0, 0, 0, 0, 0, 0, 0, 0, 1, 0, 0, 0, 0, 0, 0, 0, 0, 0, 0, 1, 0, 0, 0, 0, 0, 0, 0, 0, 0] (2.296s)
  Sub: Z₀=22.935501 [LOCAL] (0.2s), α=[0.000,0.000,5.422,0.000,0.000,0.000,0.000,0.000,0.000,0.000,0.000,0.000,0.000,0.000,0.000,0.000,0.000,0.000,0.000,0.000,0.000,0.000,0.000,0.000,0.000,0.000,0.000,0.000,0.000,0.000,0.000,0.000,0.408,4.114,0.000,0.000]
  Iter 574: LB=3.731279  UB=15.776859  gap=7.63e-01
  Cut: intercept=-1107.464793, π_x_range=[-824.1716, 587.7427]

=== True-DRO Benders iter 575 ===
  OMP: t₀=4.139402, UB=15.776859, gap=7.38e-01, x=[0, 0, 0, 0, 0, 0, 0, 0, 0, 1, 0, 0, 0, 0, 0, 0, 0, 0, 0, 0, 0, 0, 0, 0, 0, 0, 0, 0, 0, 0, 0, 0, 0, 0, 0, 0] (2.446s)
  Sub: Z₀=19.880272 [TIME_LIMIT] (15.2s), α=[0.000,0.000,5.422,0.000,0.000,0.000,0.000,0.000,0.000,0.000,0.000,0.000,0.000,0.000,0.000,0.000,0.000,0.000,0.000,0.000,0.000,0.000,0.000,0.000,0.000,0.000,0.000,0.000,0.000,0.000,0.000,0.000,1.107,3.415,0.000,0.000]
  Iter 575: LB=4.139402  UB=15.776859  gap=7.38e-01
  Cut: intercept=-35.168801, π_x_range=[-203.5927, 55.0491]

=== True-DRO Benders iter 576 ===
  OMP: t₀=5.229805, UB=15.776859, gap=6.69e-01, x=[0, 0, 1, 0, 0, 0, 0, 0, 0, 0, 0, 0, 0, 0, 0, 0, 0, 0, 0, 0, 0, 0, 0, 0, 0, 0, 0, 1, 0, 0, 0, 0, 0, 0, 0, 0] (2.047s)
  Sub: Z₀=18.434260 [LOCAL] (0.1s), α=[0.000,0.000,9.944,0.000,0.000,0.000,0.000,0.000,0.000,0.000,0.000,0.000,0.000,0.000,0.000,0.000,0.000,0.000,0.000,0.000,0.000,0.000,0.000,0.000,0.000,0.000,0.000,0.000,0.000,0.000,0.000,0.000,0.000,0.000,0.000,0.000]
  Iter 576: LB=5.229805  UB=15.776859  gap=6.69e-01
  Cut: intercept=-1152.701181, π_x_range=[-821.8740, 586.3520]

=== True-DRO Benders iter 577 ===
  OMP: t₀=5.548184, UB=15.776859, gap=6.48e-01, x=[0, 0, 0, 0, 0, 0, 0, 0, 0, 0, 0, 0, 1, 0, 0, 0, 0, 0, 0, 0, 0, 0, 0, 0, 0, 0, 0, 0, 0, 0, 1, 0, 0, 0, 0, 0] (2.457s)
  Sub: Z₀=20.028861 [LOCAL] (0.2s), α=[0.000,0.000,3.347,0.000,0.000,0.000,0.000,0.000,0.000,0.000,0.000,0.000,2.231,0.669,0.000,0.000,0.000,0.029,0.000,0.000,0.000,0.000,0.000,0.000,0.000,0.000,0.000,0.000,0.000,0.000,0.000,0.000,0.000,3.669,0.000,0.000]
  Iter 577: LB=5.548184  UB=15.776859  gap=6.48e-01
  Cut: intercept=-1144.665892, π_x_range=[-819.9236, 596.4364]

=== True-DRO Benders iter 578 ===
  OMP: t₀=5.640021, UB=15.776859, gap=6.43e-01, x=[0, 0, 0, 0, 0, 0, 0, 0, 0, 0, 0, 0, 0, 0, 0, 0, 0, 1, 0, 0, 0, 0, 0, 0, 0, 0, 0, 0, 0, 0, 1, 0, 0, 0, 0, 0] (2.311s)
  Sub: Z₀=19.015388 [LOCAL] (0.2s), α=[0.000,0.000,5.241,0.000,0.000,0.000,0.000,0.000,0.000,0.000,0.000,0.000,0.000,0.000,0.000,0.000,0.000,2.383,0.000,0.000,0.000,0.000,0.000,0.000,0.000,0.000,0.000,0.000,0.000,0.000,0.000,0.000,0.317,2.004,0.000,0.000]
  Iter 578: LB=5.640021  UB=15.776859  gap=6.43e-01
  Cut: intercept=-1163.305913, π_x_range=[-824.0356, 593.5863]

=== True-DRO Benders iter 579 ===
  OMP: t₀=6.081846, UB=15.776859, gap=6.15e-01, x=[0, 0, 0, 0, 0, 0, 0, 0, 0, 0, 0, 0, 0, 0, 0, 0, 0, 0, 0, 0, 0, 0, 1, 0, 0, 0, 0, 0, 0, 0, 0, 0, 0, 0, 0, 0] (2.037s)
  Sub: Z₀=21.275916 [LOCAL] (0.3s), α=[0.000,0.000,4.171,0.000,0.000,0.060,0.000,0.000,0.000,0.000,0.000,0.000,0.000,1.658,0.000,0.000,0.000,0.000,0.000,0.000,0.000,0.000,0.768,0.000,0.000,0.000,0.000,0.000,0.000,0.000,0.000,0.000,2.347,0.940,0.000,0.000]
  Iter 579: LB=6.081846  UB=15.776859  gap=6.15e-01
  Cut: intercept=-541.037605, π_x_range=[-823.0661, 562.3135]

=== True-DRO Benders iter 580 ===
  OMP: t₀=6.321511, UB=15.776859, gap=5.99e-01, x=[0, 0, 0, 0, 0, 1, 0, 0, 0, 0, 0, 0, 0, 0, 0, 0, 0, 0, 0, 0, 0, 0, 0, 0, 0, 0, 0, 0, 0, 0, 0, 0, 0, 0, 0, 0] (2.453s)
  Sub: Z₀=17.979754 [TIME_LIMIT] (15.2s), α=[0.000,0.000,1.762,0.000,0.000,3.299,0.000,0.000,0.000,0.000,0.000,0.000,0.000,3.303,0.000,0.000,0.000,0.000,0.000,0.000,0.000,0.000,0.000,0.000,0.000,0.000,0.000,0.000,0.000,0.000,0.000,0.000,1.101,0.479,0.000,0.000]
  Iter 580: LB=6.321511  UB=15.776859  gap=5.99e-01
  Cut: intercept=-35.058380, π_x_range=[-218.0000, 53.0381]

=== True-DRO Benders iter 581 ===
  OMP: t₀=6.415614, UB=15.776859, gap=5.93e-01, x=[0, 0, 0, 0, 0, 0, 0, 0, 0, 0, 0, 0, 0, 0, 0, 0, 0, 0, 1, 0, 0, 0, 0, 0, 0, 0, 0, 0, 0, 0, 0, 0, 0, 1, 0, 0] (2.543s)
  Sub: Z₀=18.947225 [LOCAL] (0.2s), α=[0.000,0.000,2.920,0.000,0.000,0.000,0.000,0.000,0.000,0.000,0.000,0.000,0.000,0.000,0.000,0.000,0.000,0.000,0.000,0.000,0.000,0.000,0.000,0.000,0.000,0.000,0.000,0.000,0.000,0.000,0.000,0.000,0.033,6.992,0.000,0.000]
  Iter 581: LB=6.415614  UB=15.776859  gap=5.93e-01
  Cut: intercept=-1139.624056, π_x_range=[-822.4000, 582.7600]

=== True-DRO Benders iter 582 ===
  OMP: t₀=6.593068, UB=15.776859, gap=5.82e-01, x=[0, 0, 1, 0, 0, 0, 0, 0, 0, 0, 0, 0, 0, 0, 0, 0, 0, 0, 1, 0, 0, 0, 0, 0, 0, 0, 0, 0, 0, 0, 0, 0, 0, 0, 0, 0] (2.029s)
  Sub: Z₀=18.116453 [LOCAL] (0.1s), α=[0.000,0.000,9.944,0.000,0.000,0.000,0.000,0.000,0.000,0.000,0.000,0.000,0.000,0.000,0.000,0.000,0.000,0.000,0.000,0.000,0.000,0.000,0.000,0.000,0.000,0.000,0.000,0.000,0.000,0.000,0.000,0.000,0.000,0.000,0.000,0.000]
  Iter 582: LB=6.593068  UB=15.776859  gap=5.82e-01
  Cut: intercept=-1151.104053, π_x_range=[-821.8221, 584.7713]

=== True-DRO Benders iter 583 ===
  OMP: t₀=6.709490, UB=15.776859, gap=5.75e-01, x=[0, 0, 0, 0, 0, 0, 0, 0, 0, 0, 0, 0, 0, 0, 0, 0, 0, 0, 0, 0, 0, 0, 0, 0, 0, 0, 0, 0, 0, 0, 1, 0, 1, 0, 0, 0] (2.343s)
  Sub: Z₀=19.379739 [LOCAL] (0.3s), α=[0.000,0.000,2.169,0.000,0.000,0.000,0.000,0.000,0.000,0.000,0.000,0.000,0.000,0.000,0.000,0.000,0.000,0.000,0.000,0.000,0.000,0.000,0.000,0.000,0.000,0.000,0.000,0.000,0.000,0.000,0.000,0.000,5.870,1.906,0.000,0.000]
  Iter 583: LB=6.709490  UB=15.776859  gap=5.75e-01
  Cut: intercept=-1160.953272, π_x_range=[-822.8065, 596.0631]

=== True-DRO Benders iter 584 ===
  OMP: t₀=7.158501, UB=15.776859, gap=5.46e-01, x=[0, 0, 0, 0, 1, 0, 0, 0, 0, 0, 0, 0, 0, 0, 0, 0, 0, 0, 0, 0, 0, 0, 0, 0, 0, 0, 0, 0, 0, 0, 1, 0, 0, 0, 0, 0] (2.201s)
  Sub: Z₀=22.456450 [LOCAL] (0.2s), α=[0.000,0.000,5.371,0.000,0.000,0.000,0.000,0.000,0.000,0.000,0.000,0.000,0.000,0.000,0.000,0.000,0.000,0.052,0.000,0.000,0.000,0.000,0.000,0.000,0.000,0.000,0.000,0.000,0.000,0.000,0.000,0.000,1.084,3.438,0.000,0.000]
  Iter 584: LB=7.158501  UB=15.776859  gap=5.46e-01
  Cut: intercept=-1123.803610, π_x_range=[-823.9097, 591.5865]

=== True-DRO Benders iter 585 ===
  OMP: t₀=7.232936, UB=15.776859, gap=5.42e-01, x=[0, 0, 0, 0, 0, 0, 0, 0, 0, 0, 1, 0, 0, 0, 0, 0, 0, 0, 0, 0, 0, 0, 0, 0, 0, 0, 0, 0, 0, 0, 1, 0, 0, 0, 0, 0] (2.295s)
  Sub: Z₀=22.456452 [TIME_LIMIT] (15.2s), α=[0.000,0.000,5.336,0.000,0.000,0.000,0.000,0.000,0.000,0.000,0.000,0.000,0.000,0.000,0.000,0.000,0.000,0.086,0.000,0.000,0.000,0.000,0.000,0.000,0.000,0.000,0.000,0.000,0.000,0.000,0.000,0.000,1.500,3.022,0.000,0.000]
  Iter 585: LB=7.232936  UB=15.776859  gap=5.42e-01
  Cut: intercept=-25.182010, π_x_range=[-218.0000, 40.2926]

=== True-DRO Benders iter 586 ===
  OMP: t₀=7.235007, UB=15.776859, gap=5.41e-01, x=[0, 0, 0, 0, 0, 0, 0, 0, 0, 0, 0, 0, 0, 0, 0, 0, 1, 0, 0, 0, 0, 0, 0, 0, 0, 0, 0, 0, 0, 0, 1, 0, 0, 0, 0, 0] (2.209s)
  Sub: Z₀=22.456451 [LOCAL] (0.2s), α=[0.000,0.000,5.356,0.000,0.000,0.000,0.000,0.000,0.000,0.000,0.000,0.000,0.000,0.000,0.000,0.000,0.000,0.067,0.000,0.000,0.000,0.000,0.000,0.000,0.000,0.000,0.000,0.000,0.000,0.000,0.000,0.000,1.373,3.149,0.000,0.000]
  Iter 586: LB=7.235007  UB=15.776859  gap=5.41e-01
  Cut: intercept=-1154.885669, π_x_range=[-823.8844, 591.6641]

=== True-DRO Benders iter 587 ===
  OMP: t₀=7.653988, UB=15.776859, gap=5.15e-01, x=[0, 0, 0, 0, 0, 0, 0, 0, 0, 0, 0, 0, 0, 0, 0, 0, 0, 0, 0, 1, 0, 0, 0, 0, 0, 0, 0, 0, 0, 0, 1, 0, 0, 0, 0, 0] (2.070s)
  Sub: Z₀=22.456451 [LOCAL] (0.3s), α=[0.000,0.000,5.364,0.000,0.000,0.000,0.000,0.000,0.000,0.000,0.000,0.000,0.000,0.000,0.000,0.000,0.000,0.059,0.000,0.000,0.000,0.000,0.000,0.000,0.000,0.000,0.000,0.000,0.000,0.000,0.000,0.000,1.395,3.127,0.000,0.000]
  Iter 587: LB=7.653988  UB=15.776859  gap=5.15e-01
  Cut: intercept=-1149.289238, π_x_range=[-823.8509, 591.2798]

=== True-DRO Benders iter 588 ===
  OMP: t₀=8.076629, UB=15.776859, gap=4.88e-01, x=[0, 0, 0, 0, 0, 0, 0, 0, 0, 0, 0, 0, 0, 0, 0, 0, 0, 0, 0, 0, 0, 0, 0, 0, 1, 0, 0, 0, 0, 0, 0, 0, 0, 0, 0, 0] (2.103s)
  Sub: Z₀=20.184095 [LOCAL] (0.3s), α=[0.000,0.000,0.490,0.000,0.000,0.000,0.036,0.000,0.000,0.047,0.000,0.000,0.000,0.000,0.000,0.000,0.000,4.710,0.000,0.000,0.000,0.000,0.000,0.000,1.651,0.000,0.000,0.500,0.000,0.000,0.000,0.000,0.375,2.136,0.000,0.000]
  Iter 588: LB=8.076629  UB=15.776859  gap=4.88e-01
  Cut: intercept=-522.971735, π_x_range=[-823.0602, 543.1558]

=== True-DRO Benders iter 589 ===
  OMP: t₀=8.193881, UB=15.776859, gap=4.81e-01, x=[0, 0, 0, 0, 0, 0, 0, 0, 0, 0, 0, 0, 0, 0, 0, 0, 0, 0, 0, 0, 0, 0, 0, 0, 0, 0, 0, 0, 0, 0, 1, 0, 0, 1, 0, 0] (2.465s)
  Sub: Z₀=19.573550 [LOCAL] (0.1s), α=[0.000,0.000,1.783,0.000,0.000,0.000,0.000,0.000,0.000,0.000,0.000,0.000,0.000,0.000,0.000,0.000,0.000,0.000,0.000,0.000,0.000,0.000,0.000,0.000,0.000,0.000,0.000,0.000,0.000,0.000,0.000,0.000,0.000,8.162,0.000,0.000]
  Iter 589: LB=8.193881  UB=15.776859  gap=4.81e-01
  Cut: intercept=-1158.571511, π_x_range=[-822.6339, 596.5063]

=== True-DRO Benders iter 590 ===
  OMP: t₀=9.403091, UB=15.776859, gap=4.04e-01, x=[0, 0, 0, 0, 0, 0, 0, 0, 0, 0, 0, 0, 0, 0, 0, 0, 0, 0, 0, 0, 0, 0, 0, 0, 0, 0, 0, 0, 1, 0, 0, 0, 0, 1, 0, 0] (2.600s)
  Sub: Z₀=19.075683 (9.9s), α=[0.000,0.000,2.725,0.000,0.000,0.000,0.000,0.000,0.000,0.000,0.000,0.000,0.000,0.000,0.000,0.000,0.000,0.000,0.000,0.000,0.000,0.000,0.000,0.000,0.000,0.000,0.000,0.000,0.000,0.000,0.000,0.000,0.000,7.220,0.000,0.000]
  Iter 590: LB=9.403091  UB=15.776859  gap=4.04e-01
  Cut: intercept=-100.292523, π_x_range=[-253.0000, 76.4588]
  Sherali-Cut: intercept=-36.536237, π_x_range=[-70.6000, 41.6391]

=== True-DRO Benders iter 591 ===
  OMP: t₀=10.174858, UB=15.776859, gap=3.55e-01, x=[0, 0, 0, 0, 0, 0, 0, 0, 0, 0, 0, 0, 0, 0, 0, 0, 0, 0, 0, 0, 0, 1, 0, 0, 0, 0, 0, 0, 0, 0, 0, 0, 0, 0, 0, 0] (2.583s)
  Sub: Z₀=21.878041 [LOCAL] (0.4s), α=[0.000,0.000,4.607,0.000,0.000,0.000,0.000,0.000,0.000,0.000,0.000,0.000,0.000,0.000,0.000,0.000,0.000,0.456,0.000,0.000,0.000,0.000,0.000,0.000,0.000,0.000,0.000,0.000,0.000,0.000,0.000,0.000,4.631,0.250,0.000,0.000]
  Iter 591: LB=10.174858  UB=15.776859  gap=3.55e-01
  Cut: intercept=-546.005203, π_x_range=[-821.7885, 567.8832]

=== True-DRO Benders iter 592 ===
  OMP: t₀=10.490712, UB=15.776859, gap=3.35e-01, x=[0, 0, 0, 0, 0, 0, 0, 0, 0, 0, 0, 0, 0, 1, 0, 0, 0, 0, 0, 0, 0, 0, 0, 0, 0, 0, 0, 0, 0, 0, 0, 0, 0, 0, 0, 0] (2.699s)
  Sub: Z₀=22.212655 [LOCAL] (0.2s), α=[0.000,0.000,5.031,0.000,0.000,0.000,0.000,0.000,0.000,0.000,0.000,0.000,0.000,0.000,0.000,0.000,0.000,0.391,0.000,0.000,0.000,0.000,0.000,0.000,0.000,0.000,0.000,0.000,0.000,0.000,0.000,0.000,0.017,4.505,0.000,0.000]
  Iter 592: LB=10.490712  UB=15.776859  gap=3.35e-01
  Cut: intercept=-564.655333, π_x_range=[-824.2341, 586.8680]

=== True-DRO Benders iter 593 ===
  OMP: t₀=11.121893, UB=15.776859, gap=2.95e-01, x=[0, 0, 0, 0, 0, 0, 0, 0, 0, 0, 0, 0, 0, 0, 0, 0, 0, 0, 0, 0, 0, 0, 0, 0, 0, 0, 0, 0, 0, 0, 1, 1, 0, 0, 0, 0] (2.199s)
  Sub: Z₀=22.456450 [LOCAL] (0.4s), α=[0.000,0.000,5.370,0.000,0.000,0.000,0.000,0.000,0.000,0.000,0.000,0.000,0.000,0.000,0.000,0.000,0.000,0.052,0.000,0.000,0.000,0.000,0.000,0.000,0.000,0.000,0.000,0.000,0.000,0.000,0.000,0.000,1.265,3.257,0.000,0.000]
  Iter 593: LB=11.121893  UB=15.776859  gap=2.95e-01
  Cut: intercept=-1117.440712, π_x_range=[-823.9139, 591.6985]

=== True-DRO Benders iter 594 ===
  OMP: t₀=11.863397, UB=15.776859, gap=2.48e-01, x=[0, 0, 1, 0, 0, 0, 0, 0, 0, 0, 0, 0, 0, 0, 0, 0, 0, 0, 0, 0, 0, 0, 0, 0, 0, 0, 0, 0, 1, 0, 0, 0, 0, 0, 0, 0] (2.071s)
  Sub: Z₀=18.645463 [LOCAL] (0.1s), α=[0.000,0.000,9.944,0.000,0.000,0.000,0.000,0.000,0.000,0.000,0.000,0.000,0.000,0.000,0.000,0.000,0.000,0.000,0.000,0.000,0.000,0.000,0.000,0.000,0.000,0.000,0.000,0.000,0.000,0.000,0.000,0.000,0.000,0.000,0.000,0.000]
  Iter 594: LB=11.863397  UB=15.776859  gap=2.48e-01
  Cut: intercept=-1142.449792, π_x_range=[-821.4237, 584.5955]

=== True-DRO Benders iter 595 ===
  OMP: t₀=12.670800, UB=15.776859, gap=1.97e-01, x=[0, 0, 0, 0, 0, 0, 0, 0, 0, 0, 0, 0, 0, 0, 0, 0, 0, 0, 0, 0, 0, 0, 0, 0, 0, 0, 1, 0, 0, 0, 1, 0, 0, 0, 0, 0] (2.410s)
  Sub: Z₀=22.456452 [TIME_LIMIT] (15.2s), α=[0.000,0.000,5.286,0.000,0.000,0.000,0.000,0.000,0.000,0.000,0.000,0.000,0.000,0.000,0.000,0.000,0.000,0.137,0.000,0.000,0.000,0.000,0.000,0.000,0.000,0.000,0.000,0.000,0.000,0.000,0.000,0.000,1.557,2.965,0.000,0.000]
  Iter 595: LB=12.670800  UB=15.776859  gap=1.97e-01
  Cut: intercept=-0.968372, π_x_range=[-218.0000, 16.1524]

=== True-DRO Benders iter 596 ===
  OMP: t₀=13.140864, UB=15.776859, gap=1.67e-01, x=[0, 0, 0, 0, 0, 0, 0, 0, 0, 0, 0, 0, 0, 0, 0, 1, 0, 0, 0, 0, 0, 0, 0, 0, 0, 0, 0, 0, 0, 0, 1, 0, 0, 0, 0, 0] (2.263s)
  Sub: Z₀=22.456450 [LOCAL] (0.2s), α=[0.000,0.000,5.356,0.000,0.000,0.000,0.000,0.000,0.000,0.000,0.000,0.000,0.000,0.000,0.000,0.000,0.000,0.066,0.000,0.000,0.000,0.000,0.000,0.000,0.000,0.000,0.000,0.000,0.000,0.000,0.000,0.000,1.277,3.245,0.000,0.000]
  Iter 596: LB=13.140864  UB=15.776859  gap=1.67e-01
  Cut: intercept=-1109.635615, π_x_range=[-823.8792, 591.6475]

=== True-DRO Benders iter 597 ===
  OMP: t₀=13.307949, UB=15.776859, gap=1.56e-01, x=[0, 0, 0, 0, 0, 0, 1, 0, 0, 0, 0, 0, 0, 0, 0, 0, 0, 0, 0, 0, 0, 0, 0, 0, 0, 0, 0, 0, 0, 0, 1, 0, 0, 0, 0, 0] (2.318s)
  Sub: Z₀=22.428159 [LOCAL] (0.2s), α=[0.000,0.000,4.086,0.000,0.000,0.000,0.000,0.000,0.000,0.000,0.000,0.000,0.000,0.000,0.000,0.000,0.000,1.874,0.000,0.000,0.000,0.000,0.000,0.000,0.000,0.000,0.000,0.000,0.000,0.000,0.000,0.000,0.738,3.247,0.000,0.000]
  Iter 597: LB=13.307949  UB=15.776859  gap=1.56e-01
  Cut: intercept=-1152.330259, π_x_range=[-822.1355, 593.6891]

=== True-DRO Benders iter 598 ===
  OMP: t₀=13.876173, UB=15.776859, gap=1.20e-01, x=[0, 0, 0, 0, 0, 0, 0, 0, 0, 0, 0, 0, 0, 0, 0, 0, 0, 0, 0, 0, 0, 0, 0, 0, 0, 0, 0, 0, 1, 0, 1, 0, 0, 0, 0, 0] (2.011s)
  Sub: Z₀=22.043878 [LOCAL] (0.3s), α=[0.000,0.000,6.416,0.000,0.000,0.000,0.000,0.000,0.000,0.000,0.000,0.000,0.000,0.000,0.000,0.000,0.000,0.000,0.000,0.000,0.000,0.000,0.000,0.000,0.000,0.000,0.000,0.000,0.000,0.000,0.000,0.000,0.583,2.946,0.000,0.000]
  Iter 598: LB=13.876173  UB=15.776859  gap=1.20e-01
  Cut: intercept=-1136.537917, π_x_range=[-824.1984, 594.2881]

=== True-DRO Benders iter 599 ===
  OMP: t₀=14.165779, UB=15.776859, gap=1.02e-01, x=[0, 0, 0, 0, 0, 0, 0, 0, 0, 0, 0, 0, 0, 0, 0, 0, 0, 0, 0, 1, 0, 0, 0, 0, 0, 0, 0, 0, 0, 0, 0, 0, 0, 1, 0, 0] (2.300s)
  Sub: Z₀=19.573550 [LOCAL] (0.1s), α=[0.000,0.000,1.783,0.000,0.000,0.000,0.000,0.000,0.000,0.000,0.000,0.000,0.000,0.000,0.000,0.000,0.000,0.000,0.000,0.000,0.000,0.000,0.000,0.000,0.000,0.000,0.000,0.000,0.000,0.000,0.000,0.000,0.000,8.162,0.000,0.000]
  Iter 599: LB=14.165779  UB=15.776859  gap=1.02e-01
  Cut: intercept=-1145.402230, π_x_range=[-822.5262, 583.3461]

=== True-DRO Benders iter 600 ===
  OMP: t₀=14.614344, UB=15.776859, gap=7.37e-02, x=[0, 0, 1, 0, 0, 1, 0, 0, 0, 0, 0, 0, 0, 0, 0, 0, 0, 0, 0, 0, 0, 0, 0, 0, 0, 0, 0, 0, 0, 0, 0, 0, 0, 0, 0, 0] (2.222s)
  Sub: Z₀=14.626553 [TIME_LIMIT] (15.2s), α=[0.000,0.000,7.417,0.000,0.000,0.374,0.000,0.000,0.000,0.000,0.000,0.000,0.000,1.213,0.000,0.000,0.000,0.615,0.000,0.000,0.000,0.000,0.000,0.000,0.000,0.000,0.000,0.000,0.000,0.006,0.319,0.000,0.000,0.000,0.000,0.000]
  Iter 600: LB=14.614344  UB=15.770852  gap=7.33e-02
  Cut: intercept=-78.387928, π_x_range=[-166.6995, 50.2361]

=== True-DRO Benders iter 601 ===
  OMP: t₀=14.626553, UB=15.770852, gap=7.26e-02, x=[0, 0, 1, 0, 0, 1, 0, 0, 0, 0, 0, 0, 0, 0, 0, 0, 0, 0, 0, 0, 0, 0, 0, 0, 0, 0, 0, 0, 0, 0, 0, 0, 0, 0, 0, 0] (2.200s)
  Sub: Z₀=14.614344 [LOCAL] (0.1s), α=[0.000,0.000,5.657,0.000,0.000,2.707,0.000,0.000,0.000,0.000,0.000,0.000,0.000,0.611,0.000,0.000,0.000,0.558,0.000,0.000,0.000,0.000,0.000,0.000,0.000,0.000,0.000,0.000,0.000,0.065,0.347,0.000,0.000,0.000,0.000,0.000]
  Iter 601: LB=14.626553  UB=15.770852  gap=7.26e-02
  Cut: intercept=-1120.249064, π_x_range=[-816.7318, 575.8050]

=== True-DRO Benders iter 602 ===
  OMP: t₀=14.626553, UB=15.770852, gap=7.26e-02, x=[0, 0, 1, 0, 0, 1, 0, 0, 0, 0, 0, 0, 0, 0, 0, 0, 0, 0, 0, 0, 0, 0, 0, 0, 0, 0, 0, 0, 0, 0, 0, 0, 0, 0, 0, 0] (2.196s)
  Sub: Z₀=14.614344 [LOCAL] (0.1s), α=[0.000,0.000,5.657,0.000,0.000,2.707,0.000,0.000,0.000,0.000,0.000,0.000,0.000,0.611,0.000,0.000,0.000,0.558,0.000,0.000,0.000,0.000,0.000,0.000,0.000,0.000,0.000,0.000,0.000,0.065,0.347,0.000,0.000,0.000,0.000,0.000]
  Iter 602: LB=14.626553  UB=15.770852  gap=7.26e-02
  Cut: intercept=-1120.249064, π_x_range=[-816.7318, 575.8050]

=== True-DRO Benders iter 603 ===
  OMP: t₀=14.626553, UB=15.770852, gap=7.26e-02, x=[0, 0, 1, 0, 0, 1, 0, 0, 0, 0, 0, 0, 0, 0, 0, 0, 0, 0, 0, 0, 0, 0, 0, 0, 0, 0, 0, 0, 0, 0, 0, 0, 0, 0, 0, 0] (2.147s)
  Sub: Z₀=14.614344 [LOCAL] (0.2s), α=[0.000,0.000,5.657,0.000,0.000,2.707,0.000,0.000,0.000,0.000,0.000,0.000,0.000,0.611,0.000,0.000,0.000,0.558,0.000,0.000,0.000,0.000,0.000,0.000,0.000,0.000,0.000,0.000,0.000,0.065,0.347,0.000,0.000,0.000,0.000,0.000]
  Iter 603: LB=14.626553  UB=15.770852  gap=7.26e-02
  Cut: intercept=-1120.249064, π_x_range=[-816.7318, 575.8050]

=== True-DRO Benders iter 604 ===
  OMP: t₀=14.626553, UB=15.770852, gap=7.26e-02, x=[0, 0, 1, 0, 0, 1, 0, 0, 0, 0, 0, 0, 0, 0, 0, 0, 0, 0, 0, 0, 0, 0, 0, 0, 0, 0, 0, 0, 0, 0, 0, 0, 0, 0, 0, 0] (2.192s)
  Sub: Z₀=14.614344 [LOCAL] (0.1s), α=[0.000,0.000,5.657,0.000,0.000,2.707,0.000,0.000,0.000,0.000,0.000,0.000,0.000,0.611,0.000,0.000,0.000,0.558,0.000,0.000,0.000,0.000,0.000,0.000,0.000,0.000,0.000,0.000,0.000,0.065,0.347,0.000,0.000,0.000,0.000,0.000]
  Iter 604: LB=14.626553  UB=15.770852  gap=7.26e-02
  Cut: intercept=-1120.249064, π_x_range=[-816.7318, 575.8050]

=== True-DRO Benders iter 605 ===
  OMP: t₀=14.626553, UB=15.770852, gap=7.26e-02, x=[0, 0, 1, 0, 0, 1, 0, 0, 0, 0, 0, 0, 0, 0, 0, 0, 0, 0, 0, 0, 0, 0, 0, 0, 0, 0, 0, 0, 0, 0, 0, 0, 0, 0, 0, 0] (2.207s)
  → Boost: time limit 3600s + MIPGap=0.5% (same x + prev TIME_LIMIT)
  Sub: Z₀=14.626553 (145.9s), α=[0.000,0.000,7.417,0.000,0.000,0.374,0.000,0.000,0.000,0.000,0.000,0.000,0.000,1.213,0.000,0.000,0.000,0.615,0.000,0.000,0.000,0.000,0.000,0.000,0.000,0.000,0.000,0.000,0.000,0.006,0.319,0.000,0.000,0.000,0.000,0.000]
  Iter 605: LB=14.626553  UB=14.626553  gap=8.31e-10
True-DRO Benders converged at iter 605 (gap=8.31e-10)
  Wall time: 2918.24 sec
  OMP  time: mean=1.392s, median=1.438s, max=2.699s
  Sub  time (exact): mean=35.803s, median=9.866s, q90=93.078s, max=145.894s (n=5/605)

Result (double/naive): Z₀=14.626553, iters=605, time=2918.3s
x arcs = [3, 6]
