============================================================
grid5x5 — double [mb_only]: ε̂=0.10, ε̃=0.10, β=0.00
  mini_benders=true, valid_inequality=none
============================================================
Set parameter Username
Set parameter LicenseID to value 2742039
Academic license - for non-commercial use only - expires 2026-11-20
Set parameter Username
Set parameter LicenseID to value 2742039
Academic license - for non-commercial use only - expires 2026-11-20
Set parameter OutputFlag to value 1
Set parameter LogFile to value "global_miqcp.log"
Set parameter Username
Set parameter LicenseID to value 2742039
Academic license - for non-commercial use only - expires 2026-11-20
Set parameter Username
Set parameter LicenseID to value 2742039
Academic license - for non-commercial use only - expires 2026-11-20
Set parameter Username
Set parameter LicenseID to value 2742039
Academic license - for non-commercial use only - expires 2026-11-20
Set parameter Username
Set parameter LicenseID to value 2742039
Academic license - for non-commercial use only - expires 2026-11-20

=== True-DRO Benders iter 1 ===
  OMP: t₀=-10000.000000, UB=Inf, gap=NaN, x=[0, 0, 0, 0, 0, 0, 0, 0, 0, 0, 0, 0, 0, 0, 0, 0, 0, 0, 0, 0, 0, 0, 0, 0, 0, 0, 0, 0, 0, 0, 0, 0, 0, 0, 0, 0, 0, 0, 0, 0, 0, 0, 0, 0, 0, 0, 0] (0.127s)
  Sub: Z₀=41.235654 [LOCAL] (1.1s), α=[0.000,0.000,0.000,0.000,0.000,0.000,0.000,0.000,0.000,0.000,0.000,0.000,0.000,0.000,0.000,0.000,0.000,0.000,0.000,0.000,0.000,0.000,0.000,0.000,2.929,0.000,0.000,0.037,5.034,0.000,0.000,0.000,0.000,0.000,0.000,0.222,2.028,0.000,0.000,0.000,0.000,0.000,0.000,0.000,0.000,0.000,0.000]
  Iter 1: LB=-10000.000000  UB=Inf  gap=NaN
  Cut: intercept=41.235654, π_x_range=[-829.7380, -772.7818]
  Mini-Benders[1] (mw): LB=-1612.445957, Z₀(α*)=22.408613, intercept=-118.767586 (0.969s) [OMP=0.002 ISP-L=0.141 ISP-F=0.168 MW-L=0.170 MW-F=0.329]
  Mini-Benders[2] (mw): LB=-275.921444, Z₀(α*)=23.892462, intercept=-36.411353 (0.029s) [OMP=0.001 ISP-L=0.004 ISP-F=0.011 MW-L=0.008 MW-F=0.010]
  Mini-Benders[3] (mw): LB=-225.212836, Z₀(α*)=29.505195, intercept=-90.884423 (0.062s) [OMP=0.002 ISP-L=0.004 ISP-F=0.010 MW-L=0.009 MW-F=0.033]
  Mini-Benders[4] (mw): LB=-174.939706, Z₀(α*)=13.128299, intercept=-61.218430 (0.031s) [OMP=0.003 ISP-L=0.004 ISP-F=0.011 MW-L=0.009 MW-F=0.011]
  Mini-Benders[5] (mw): LB=-133.487104, Z₀(α*)=22.144067, intercept=-186.455283 (0.062s) [OMP=0.003 ISP-L=0.004 ISP-F=0.012 MW-L=0.026 MW-F=0.009]
Set parameter NonConvex to value 2
Set parameter DualReductions to value 0
  α-step: Z₀=30.711255, α=[0.000,0.000,0.000,0.000,0.000,0.000,0.000,0.000,0.000,0.000,0.000,0.000,0.000,0.000,0.000,0.000,0.000,0.000,0.000,0.000,0.000,0.000,2.575,4.362,0.000,0.000,0.000,0.000,0.000,0.000,0.000,0.000,0.000,0.000,2.275,0.599,0.439,0.000,0.000,0.000,0.000,0.000,0.000,0.000,0.000,0.000,0.000]
  Alt-Benders[1] (mw): LB=-127.481781, Z₀(α*)=-38.049906, intercept=-13.729880 (0.047s) [OMP=0.005 ISP-L=0.004 ISP-F=0.009 MW-L=0.025 MW-F=0.009]
  Alt-Benders[2] (mw): LB=-111.527807, Z₀(α*)=-37.136851, intercept=-66.733574 (0.047s) [OMP=0.005 ISP-L=0.004 ISP-F=0.011 MW-L=0.007 MW-F=0.010]
  Alt-Benders[3] (mw): LB=-108.488699, Z₀(α*)=-54.399641, intercept=-167.525212 (0.047s) [OMP=0.004 ISP-L=0.004 ISP-F=0.011 MW-L=0.016 MW-F=0.011]
  Alt-Benders[4] (mw): LB=-106.298202, Z₀(α*)=-35.647304, intercept=-163.526378 (0.031s) [OMP=0.005 ISP-L=0.004 ISP-F=0.010 MW-L=0.007 MW-F=0.012]
  Alt-Benders[5] (mw): LB=-98.958190, Z₀(α*)=23.806933, intercept=-89.963608 (0.051s) [OMP=0.006 ISP-L=0.004 ISP-F=0.011 MW-L=0.008 MW-F=0.010]
  OMP re-solve: 0.006s

=== True-DRO Benders iter 2 ===
  OMP: t₀=-97.395084, UB=Inf, gap=NaN, x=[0, 0, 0, 0, 0, 0, 0, 0, 0, 0, 0, 0, 0, 0, 0, 0, 0, 0, 0, 0, 0, 0, 0, 0, 0, 0, 1, 0, 0, 0, 0, 0, 1, 0, 0, 0, 0, 0, 0, 0, 0, 0, 0, 0, 0, 0, 0] (0.000s)
  Sub: Z₀=27.515290 [LOCAL] (0.2s), α=[0.000,0.000,0.000,0.000,0.000,0.000,0.000,0.000,0.000,0.000,0.000,0.000,0.000,0.000,0.000,0.000,0.000,0.000,0.000,0.000,0.000,0.000,0.000,0.000,5.171,0.000,0.000,0.000,5.078,0.000,0.000,0.000,0.000,0.000,0.000,0.000,0.000,0.000,0.000,0.000,0.000,0.000,0.000,0.000,0.000,0.000,0.000]
  Iter 2: LB=-97.395084  UB=Inf  gap=NaN
  Cut: intercept=-1149.942267, π_x_range=[-825.7173, 590.9944]
  Mini-Benders[1] (mw): LB=-97.348737, Z₀(α*)=25.314215, intercept=-159.058891 (0.047s) [OMP=0.008 ISP-L=0.004 ISP-F=0.010 MW-L=0.012 MW-F=0.010]
  Mini-Benders[2] (mw): LB=-95.188954, Z₀(α*)=27.947182, intercept=-53.485095 (0.047s) [OMP=0.005 ISP-L=0.004 ISP-F=0.009 MW-L=0.007 MW-F=0.010]
  Mini-Benders[3] (mw): LB=-90.591339, Z₀(α*)=20.613763, intercept=-120.185919 (0.047s) [OMP=0.013 ISP-L=0.004 ISP-F=0.009 MW-L=0.008 MW-F=0.012]
  Mini-Benders[4] (mw): LB=-87.980064, Z₀(α*)=32.645912, intercept=-184.412100 (0.031s) [OMP=0.007 ISP-L=0.004 ISP-F=0.010 MW-L=0.008 MW-F=0.009]
  Mini-Benders[5] (mw): LB=-86.300840, Z₀(α*)=8.083351, intercept=-124.716493 (0.047s) [OMP=0.007 ISP-L=0.004 ISP-F=0.009 MW-L=0.008 MW-F=0.010]
  α-step: Z₀=32.936357, α=[0.000,0.000,0.000,0.000,0.000,0.000,0.000,0.000,0.000,0.000,0.000,0.000,0.000,0.000,0.000,0.000,0.000,0.000,0.000,0.000,0.000,0.000,2.537,3.441,4.271,0.000,0.000,0.000,0.000,0.000,0.000,0.000,0.000,0.000,0.000,0.000,0.000,0.000,0.000,0.000,0.000,0.000,0.000,0.000,0.000,0.000,0.000]
  Alt-Benders[1] (mw): LB=-76.913553, Z₀(α*)=17.239897, intercept=-136.068095 (0.063s) [OMP=0.013 ISP-L=0.004 ISP-F=0.012 MW-L=0.010 MW-F=0.011]
  Alt-Benders[2] (mw): LB=-75.790883, Z₀(α*)=-6.367287, intercept=-58.993045 (0.048s) [OMP=0.014 ISP-L=0.004 ISP-F=0.010 MW-L=0.008 MW-F=0.010]
  Alt-Benders[3] (mw): LB=-75.256364, Z₀(α*)=24.036808, intercept=-82.983612 (0.048s) [OMP=0.013 ISP-L=0.004 ISP-F=0.012 MW-L=0.009 MW-F=0.010]
  Alt-Benders[4] (mw): LB=-70.467846, Z₀(α*)=9.629822, intercept=-11.831794 (0.049s) [OMP=0.015 ISP-L=0.004 ISP-F=0.010 MW-L=0.009 MW-F=0.009]
  Alt-Benders[5] (mw): LB=-69.690843, Z₀(α*)=-9.518407, intercept=-66.790441 (0.043s) [OMP=0.015 ISP-L=0.004 ISP-F=0.011 MW-L=0.007 MW-F=0.010]
  OMP re-solve: 0.015s

=== True-DRO Benders iter 3 ===
  OMP: t₀=-66.415115, UB=Inf, gap=NaN, x=[0, 0, 0, 0, 0, 0, 0, 0, 0, 0, 0, 0, 0, 0, 0, 0, 0, 0, 0, 0, 0, 0, 1, 0, 0, 0, 0, 0, 0, 0, 0, 0, 0, 0, 0, 0, 1, 0, 0, 0, 0, 0, 0, 0, 0, 0, 0] (0.000s)
  Sub: Z₀=34.313246 [LOCAL] (0.2s), α=[0.000,0.000,0.000,0.000,0.000,0.000,0.000,0.000,0.000,0.000,0.000,0.000,0.000,0.000,0.000,0.000,0.000,0.000,0.000,0.000,0.000,0.000,0.000,0.000,1.532,0.000,0.000,0.000,0.000,0.000,0.000,0.000,0.000,0.000,0.000,0.003,8.714,0.000,0.000,0.000,0.000,0.000,0.000,0.000,0.000,0.000,0.000]
  Iter 3: LB=-66.415115  UB=Inf  gap=NaN
  Cut: intercept=-1131.275551, π_x_range=[-830.8344, 588.9418]
  Mini-Benders[1] (mw): LB=-65.910729, Z₀(α*)=-22.225405, intercept=-84.858478 (0.060s) [OMP=0.015 ISP-L=0.004 ISP-F=0.012 MW-L=0.009 MW-F=0.012]
  Mini-Benders[2] (mw): LB=-65.768854, Z₀(α*)=-56.584307, intercept=-183.611970 (0.052s) [OMP=0.015 ISP-L=0.004 ISP-F=0.012 MW-L=0.010 MW-F=0.011]
  Mini-Benders[3] (mw): LB=-65.133591, Z₀(α*)=19.306575, intercept=-136.080424 (0.050s) [OMP=0.016 ISP-L=0.004 ISP-F=0.010 MW-L=0.008 MW-F=0.010]
  Mini-Benders[4] (mw): LB=-62.424170, Z₀(α*)=22.389923, intercept=-68.485365 (0.042s) [OMP=0.019 ISP-L=0.004 ISP-F=0.010 MW-L=0.007 MW-F=0.010]
  Mini-Benders[5] (mw): LB=-61.339715, Z₀(α*)=-43.106802, intercept=-150.872307 (0.047s) [OMP=0.018 ISP-L=0.004 ISP-F=0.010 MW-L=0.009 MW-F=0.010]
  α-step: Z₀=32.737772, α=[0.000,0.000,0.000,0.000,0.000,0.000,0.000,0.000,0.000,0.000,0.000,0.000,0.000,0.000,0.000,0.000,0.000,0.000,0.000,0.000,0.000,0.000,1.141,1.687,7.263,0.000,0.000,0.000,0.000,0.000,0.000,0.000,0.000,0.000,0.000,0.000,0.157,0.000,0.000,0.000,0.000,0.000,0.000,0.000,0.000,0.000,0.000]
  Alt-Benders[1] (mw): LB=-60.201391, Z₀(α*)=-42.466261, intercept=-172.697936 (0.063s) [OMP=0.022 ISP-L=0.004 ISP-F=0.010 MW-L=0.009 MW-F=0.011]
  Alt-Benders[2] (mw): LB=-58.402679, Z₀(α*)=-0.625590, intercept=-36.400415 (0.062s) [OMP=0.028 ISP-L=0.004 ISP-F=0.010 MW-L=0.009 MW-F=0.009]
  Alt-Benders[3] (mw): LB=-57.887055, Z₀(α*)=-0.863365, intercept=-136.305957 (0.047s) [OMP=0.019 ISP-L=0.004 ISP-F=0.011 MW-L=0.009 MW-F=0.009]
  Alt-Benders[4] (mw): LB=-57.259950, Z₀(α*)=-12.429699, intercept=-129.796603 (0.076s) [OMP=0.027 ISP-L=0.004 ISP-F=0.012 MW-L=0.009 MW-F=0.012]
  Alt-Benders[5] (mw): LB=-56.584309, Z₀(α*)=4.838022, intercept=-181.761881 (0.048s) [OMP=0.020 ISP-L=0.004 ISP-F=0.011 MW-L=0.009 MW-F=0.010]
  OMP re-solve: 0.019s

=== True-DRO Benders iter 4 ===
  OMP: t₀=-55.624843, UB=Inf, gap=NaN, x=[0, 0, 0, 0, 0, 0, 0, 0, 0, 0, 0, 0, 0, 0, 0, 0, 0, 0, 0, 0, 0, 0, 0, 0, 0, 0, 0, 0, 0, 0, 0, 0, 0, 0, 0, 1, 1, 0, 0, 0, 0, 0, 0, 0, 0, 0, 0] (0.000s)
  Sub: Z₀=35.295917 [LOCAL] (0.2s), α=[0.000,0.000,0.000,0.000,0.000,0.000,0.000,0.000,0.000,0.000,0.000,0.000,0.000,0.000,0.000,0.000,0.000,0.000,0.000,0.000,0.000,0.000,0.000,0.000,0.533,0.000,0.000,0.000,1.999,0.000,0.000,0.000,0.000,0.000,0.000,2.211,5.507,0.000,0.000,0.000,0.000,0.000,0.000,0.000,0.000,0.000,0.000]
  Iter 4: LB=-55.624843  UB=Inf  gap=NaN
  Cut: intercept=-1137.506800, π_x_range=[-830.6945, 587.4443]
  Mini-Benders[1] (mw): LB=-55.473936, Z₀(α*)=-3.468432, intercept=-127.709619 (0.063s) [OMP=0.019 ISP-L=0.004 ISP-F=0.011 MW-L=0.010 MW-F=0.013]
  Mini-Benders[2] (mw): LB=-55.405630, Z₀(α*)=17.508318, intercept=-204.786911 (0.047s) [OMP=0.018 ISP-L=0.004 ISP-F=0.011 MW-L=0.009 MW-F=0.009]
  Mini-Benders[3] (mw): LB=-53.856148, Z₀(α*)=29.603547, intercept=-144.299546 (0.047s) [OMP=0.021 ISP-L=0.004 ISP-F=0.011 MW-L=0.008 MW-F=0.008]
  Mini-Benders[4] (mw): LB=-53.566207, Z₀(α*)=33.662584, intercept=-36.423892 (0.063s) [OMP=0.020 ISP-L=0.004 ISP-F=0.012 MW-L=0.008 MW-F=0.012]
  Mini-Benders[5] (mw): LB=-53.543017, Z₀(α*)=0.335815, intercept=-70.183675 (0.048s) [OMP=0.022 ISP-L=0.005 ISP-F=0.011 MW-L=0.008 MW-F=0.009]
  α-step: Z₀=32.914400, α=[0.000,0.000,0.000,0.000,0.000,0.000,0.000,0.000,0.000,0.000,0.000,0.000,0.000,0.000,0.000,0.000,0.000,0.000,0.000,0.000,0.000,0.000,1.161,2.096,5.491,0.000,0.000,0.000,0.000,0.000,0.000,0.000,0.000,0.000,0.000,0.000,1.501,0.000,0.000,0.000,0.000,0.000,0.000,0.000,0.000,0.000,0.000]
  Alt-Benders[1] (mw): LB=-52.262944, Z₀(α*)=-30.360331, intercept=-143.144455 (0.062s) [OMP=0.021 ISP-L=0.004 ISP-F=0.011 MW-L=0.009 MW-F=0.011]
  Alt-Benders[2] (mw): LB=-51.207281, Z₀(α*)=9.837139, intercept=-117.495442 (0.047s) [OMP=0.020 ISP-L=0.004 ISP-F=0.011 MW-L=0.007 MW-F=0.011]
  Alt-Benders[3] (mw): LB=-49.657489, Z₀(α*)=-36.153255, intercept=-243.925120 (0.063s) [OMP=0.025 ISP-L=0.004 ISP-F=0.009 MW-L=0.009 MW-F=0.011]
  Alt-Benders[4] (mw): LB=-49.347197, Z₀(α*)=12.157617, intercept=-93.310570 (0.062s) [OMP=0.027 ISP-L=0.003 ISP-F=0.010 MW-L=0.009 MW-F=0.011]
  Alt-Benders[5] (mw): LB=-49.284367, Z₀(α*)=-10.501402, intercept=-141.078041 (0.078s) [OMP=0.039 ISP-L=0.004 ISP-F=0.011 MW-L=0.008 MW-F=0.010]
  OMP re-solve: 0.026s

=== True-DRO Benders iter 5 ===
  OMP: t₀=-49.098140, UB=Inf, gap=NaN, x=[0, 0, 0, 0, 0, 0, 0, 0, 0, 0, 0, 0, 0, 0, 0, 0, 0, 0, 0, 0, 0, 0, 0, 0, 0, 0, 0, 0, 0, 0, 1, 0, 0, 0, 0, 0, 1, 0, 0, 0, 0, 0, 0, 0, 0, 0, 0] (0.000s)
  Sub: Z₀=34.544462 (2.4s), α=[0.000,0.000,0.000,0.000,0.000,0.000,0.000,0.000,0.000,0.000,0.000,0.000,0.000,0.000,0.000,0.000,0.000,0.000,0.000,0.000,0.000,0.000,0.000,0.000,2.530,0.000,0.000,0.000,2.744,0.000,0.000,0.000,0.000,0.000,0.000,0.000,4.975,0.000,0.000,0.000,0.000,0.000,0.000,0.000,0.000,0.000,0.000]
  Iter 5: LB=-49.098140  UB=34.544462  gap=2.42e+00
  Cut: intercept=-84.686754, π_x_range=[-370.1074, 62.6921]
  Sherali-Cut: intercept=-49.206481, π_x_range=[-135.4534, 48.9155]
  Mini-Benders[1] (mw): LB=-49.015992, Z₀(α*)=0.097223, intercept=-138.875540 (0.079s) [OMP=0.032 ISP-L=0.004 ISP-F=0.011 MW-L=0.013 MW-F=0.012]
  Mini-Benders[2] (mw): LB=-48.441174, Z₀(α*)=-11.459293, intercept=-48.682581 (0.062s) [OMP=0.029 ISP-L=0.004 ISP-F=0.012 MW-L=0.010 MW-F=0.013]
  Mini-Benders[3] (mw): LB=-48.282512, Z₀(α*)=-12.485998, intercept=-169.050701 (0.078s) [OMP=0.036 ISP-L=0.004 ISP-F=0.011 MW-L=0.009 MW-F=0.014]
  Mini-Benders[4] (mw): LB=-47.287827, Z₀(α*)=-2.753075, intercept=-118.311638 (0.097s) [OMP=0.059 ISP-L=0.004 ISP-F=0.010 MW-L=0.008 MW-F=0.010]
  Mini-Benders[5] (mw): LB=-45.100401, Z₀(α*)=0.199354, intercept=-40.940444 (0.075s) [OMP=0.039 ISP-L=0.004 ISP-F=0.012 MW-L=0.009 MW-F=0.011]
  α-step: Z₀=38.434872, α=[0.000,0.000,0.000,0.000,0.000,0.000,0.000,0.000,0.000,0.000,0.000,0.000,0.000,0.000,0.000,0.000,0.000,0.000,0.000,0.000,0.000,0.000,0.000,0.000,7.435,0.000,0.000,0.000,2.744,0.000,0.000,0.000,0.000,0.000,0.000,0.070,0.000,0.000,0.000,0.000,0.000,0.000,0.000,0.000,0.000,0.000,0.000]
  Alt-Benders[1] (mw): LB=-44.212263, Z₀(α*)=-4.908806, intercept=-147.883903 (0.078s) [OMP=0.041 ISP-L=0.004 ISP-F=0.011 MW-L=0.009 MW-F=0.010]
  Alt-Benders[2] (mw): LB=-43.763624, Z₀(α*)=1.043138, intercept=-138.582431 (0.078s) [OMP=0.043 ISP-L=0.004 ISP-F=0.010 MW-L=0.010 MW-F=0.011]
  Alt-Benders[3] (mw): LB=-43.597150, Z₀(α*)=39.009390, intercept=13.839442 (0.109s) [OMP=0.032 ISP-L=0.004 ISP-F=0.012 MW-L=0.047 MW-F=0.014]
  Alt-Benders[4] (mw): LB=-43.311287, Z₀(α*)=34.034597, intercept=-51.328122 (0.079s) [OMP=0.030 ISP-L=0.004 ISP-F=0.011 MW-L=0.008 MW-F=0.015]
  Alt-Benders[5] (mw): LB=-43.106804, Z₀(α*)=25.856573, intercept=-131.868700 (0.063s) [OMP=0.034 ISP-L=0.004 ISP-F=0.010 MW-L=0.008 MW-F=0.008]
  OMP re-solve: 0.034s

=== True-DRO Benders iter 6 ===
  OMP: t₀=-43.087621, UB=34.544462, gap=2.25e+00, x=[0, 0, 0, 0, 0, 0, 0, 0, 0, 0, 0, 0, 0, 0, 0, 0, 0, 0, 0, 0, 0, 0, 0, 0, 0, 1, 0, 0, 0, 0, 0, 0, 1, 0, 0, 0, 0, 0, 0, 0, 0, 0, 0, 0, 0, 0, 0] (0.000s)
  Sub: Z₀=28.101930 [LOCAL] (0.2s), α=[0.000,0.000,0.000,0.000,0.000,0.000,0.000,0.000,0.000,0.000,0.000,0.000,0.000,0.000,0.000,0.000,0.000,0.000,0.000,0.000,0.000,0.000,0.000,0.000,5.071,0.100,0.000,0.000,5.078,0.000,0.000,0.000,0.000,0.000,0.000,0.000,0.000,0.000,0.000,0.000,0.000,0.000,0.000,0.000,0.000,0.000,0.000]
  Iter 6: LB=-43.087621  UB=34.544462  gap=2.25e+00
  Cut: intercept=-1149.598959, π_x_range=[-825.6332, 591.2249]
  Mini-Benders[1] (mw): LB=-42.466263, Z₀(α*)=-6.627909, intercept=-151.785230 (0.062s) [OMP=0.034 ISP-L=0.004 ISP-F=0.010 MW-L=0.010 MW-F=0.012]
  Mini-Benders[2] (mw): LB=-40.287427, Z₀(α*)=17.053978, intercept=-23.524357 (0.079s) [OMP=0.035 ISP-L=0.004 ISP-F=0.011 MW-L=0.010 MW-F=0.011]
  Mini-Benders[3] (mw): LB=-39.143825, Z₀(α*)=32.580748, intercept=-101.505672 (0.062s) [OMP=0.029 ISP-L=0.004 ISP-F=0.011 MW-L=0.008 MW-F=0.012]
  Mini-Benders[4] (mw): LB=-38.735474, Z₀(α*)=17.275139, intercept=-152.669538 (0.063s) [OMP=0.025 ISP-L=0.003 ISP-F=0.010 MW-L=0.009 MW-F=0.009]
  Mini-Benders[5] (mw): LB=-38.208941, Z₀(α*)=30.280996, intercept=-101.445166 (0.069s) [OMP=0.031 ISP-L=0.004 ISP-F=0.011 MW-L=0.010 MW-F=0.011]
  α-step: Z₀=34.133776, α=[0.000,0.000,0.000,0.000,0.000,0.000,0.000,0.000,0.000,0.000,0.000,0.000,0.000,0.000,0.000,0.000,0.000,0.000,0.000,0.000,0.000,0.000,0.000,0.000,6.378,0.000,0.000,0.000,2.018,0.000,0.000,0.000,0.000,0.000,0.000,0.000,1.852,0.000,0.000,0.000,0.000,0.000,0.000,0.000,0.000,0.000,0.000]
  Alt-Benders[1] (mw): LB=-38.085732, Z₀(α*)=-5.734248, intercept=-149.668515 (0.078s) [OMP=0.036 ISP-L=0.004 ISP-F=0.012 MW-L=0.009 MW-F=0.010]
  Alt-Benders[2] (mw): LB=-36.153256, Z₀(α*)=-22.891613, intercept=-242.134571 (0.062s) [OMP=0.034 ISP-L=0.004 ISP-F=0.009 MW-L=0.007 MW-F=0.011]
  Alt-Benders[3] (mw): LB=-36.078713, Z₀(α*)=14.333123, intercept=-126.300917 (0.078s) [OMP=0.032 ISP-L=0.004 ISP-F=0.011 MW-L=0.009 MW-F=0.009]
  Alt-Benders[4] (mw): LB=-35.647306, Z₀(α*)=2.290611, intercept=-174.257829 (0.063s) [OMP=0.034 ISP-L=0.004 ISP-F=0.012 MW-L=0.009 MW-F=0.010]
  Alt-Benders[5] (mw): LB=-34.879745, Z₀(α*)=22.096942, intercept=-114.574898 (0.062s) [OMP=0.032 ISP-L=0.004 ISP-F=0.011 MW-L=0.009 MW-F=0.012]
  OMP re-solve: 0.034s

=== True-DRO Benders iter 7 ===
  OMP: t₀=-34.757910, UB=34.544462, gap=2.01e+00, x=[0, 0, 0, 0, 0, 0, 0, 0, 0, 0, 0, 0, 0, 0, 0, 0, 0, 0, 0, 0, 0, 0, 0, 0, 0, 0, 0, 1, 0, 1, 0, 0, 0, 0, 0, 0, 0, 0, 0, 0, 0, 0, 0, 0, 0, 0, 0] (0.000s)
  Sub: Z₀=26.138053 [LOCAL] (0.2s), α=[0.000,0.000,0.000,0.000,0.000,0.000,0.000,0.000,0.000,0.000,0.000,0.000,0.000,0.000,0.000,0.000,0.000,0.000,0.000,0.000,0.000,0.000,0.000,0.000,0.000,0.000,0.000,4.129,6.069,0.000,0.000,0.000,0.000,0.000,0.000,0.000,0.051,0.000,0.000,0.000,0.000,0.000,0.000,0.000,0.000,0.000,0.000]
  Iter 7: LB=-34.757910  UB=34.544462  gap=2.01e+00
  Cut: intercept=-1100.257027, π_x_range=[-828.0099, 576.2759]
  Mini-Benders[1] (mw): LB=-34.707916, Z₀(α*)=-25.829350, intercept=-140.710460 (0.079s) [OMP=0.039 ISP-L=0.004 ISP-F=0.012 MW-L=0.009 MW-F=0.011]
  Mini-Benders[2] (mw): LB=-32.070929, Z₀(α*)=31.089657, intercept=-107.364623 (0.078s) [OMP=0.036 ISP-L=0.004 ISP-F=0.010 MW-L=0.009 MW-F=0.010]
  Mini-Benders[3] (mw): LB=-31.741614, Z₀(α*)=1.822831, intercept=-59.893663 (0.064s) [OMP=0.035 ISP-L=0.004 ISP-F=0.012 MW-L=0.009 MW-F=0.009]
  Mini-Benders[4] (mw): LB=-31.731993, Z₀(α*)=23.033299, intercept=-24.806115 (0.064s) [OMP=0.034 ISP-L=0.004 ISP-F=0.009 MW-L=0.010 MW-F=0.010]
  Mini-Benders[5] (mw): LB=-31.334432, Z₀(α*)=9.653819, intercept=-79.635698 (0.079s) [OMP=0.034 ISP-L=0.004 ISP-F=0.009 MW-L=0.008 MW-F=0.011]
  α-step: Z₀=36.300921, α=[0.000,0.000,0.000,0.000,0.000,0.000,0.000,0.000,0.000,0.000,0.000,0.000,0.000,0.000,0.000,0.000,0.000,0.000,0.000,0.000,0.000,0.000,0.000,0.000,1.613,0.000,0.000,0.000,0.118,0.000,0.000,0.000,0.000,0.000,0.000,0.000,8.518,0.000,0.000,0.000,0.000,0.000,0.000,0.000,0.000,0.000,0.000]
  Alt-Benders[1] (mw): LB=-30.483783, Z₀(α*)=-1.119043, intercept=-122.988942 (0.062s) [OMP=0.031 ISP-L=0.004 ISP-F=0.008 MW-L=0.008 MW-F=0.009]
  Alt-Benders[2] (mw): LB=-30.360333, Z₀(α*)=5.093281, intercept=-142.195674 (0.062s) [OMP=0.031 ISP-L=0.003 ISP-F=0.011 MW-L=0.009 MW-F=0.010]
  Alt-Benders[3] (mw): LB=-29.343692, Z₀(α*)=29.196185, intercept=-40.040269 (0.078s) [OMP=0.035 ISP-L=0.004 ISP-F=0.011 MW-L=0.009 MW-F=0.011]
  Alt-Benders[4] (mw): LB=-28.514552, Z₀(α*)=-34.906736, intercept=-42.839423 (0.075s) [OMP=0.036 ISP-L=0.004 ISP-F=0.011 MW-L=0.009 MW-F=0.009]
  Alt-Benders[5] (mw): LB=-28.514552, Z₀(α*)=-34.906736, intercept=-42.839423 (0.051s) [OMP=0.030 ISP-L=0.004 ISP-F=0.010 MW-L=0.009 MW-F=0.009]
  OMP re-solve: 0.030s

=== True-DRO Benders iter 8 ===
  OMP: t₀=-28.514552, UB=34.544462, gap=1.83e+00, x=[0, 0, 0, 0, 0, 0, 0, 0, 0, 0, 0, 0, 0, 0, 0, 0, 0, 0, 0, 0, 0, 0, 0, 0, 0, 1, 0, 0, 0, 0, 0, 1, 0, 0, 0, 0, 0, 0, 0, 0, 0, 0, 0, 0, 0, 0, 0] (0.000s)
  Sub: Z₀=35.651390 [LOCAL] (0.2s), α=[0.000,0.000,0.000,0.000,0.000,0.000,0.000,0.000,0.000,0.000,0.000,0.000,0.000,0.000,0.000,0.000,0.000,0.000,0.000,0.000,0.000,0.000,0.000,0.000,5.677,0.000,0.000,0.000,0.907,0.000,0.000,3.665,0.000,0.000,0.000,0.000,0.000,0.000,0.000,0.000,0.000,0.000,0.000,0.000,0.000,0.000,0.000]
  Iter 8: LB=-28.514552  UB=34.544462  gap=1.83e+00
  Cut: intercept=-1124.359650, π_x_range=[-830.9544, 594.5021]
  Mini-Benders[1] (mw): LB=-28.186950, Z₀(α*)=11.780716, intercept=-30.208665 (0.059s) [OMP=0.034 ISP-L=0.004 ISP-F=0.009 MW-L=0.010 MW-F=0.012]
  Mini-Benders[2] (mw): LB=-27.728080, Z₀(α*)=8.894703, intercept=-134.364077 (0.078s) [OMP=0.037 ISP-L=0.003 ISP-F=0.009 MW-L=0.008 MW-F=0.013]
  Mini-Benders[3] (mw): LB=-27.068835, Z₀(α*)=-9.181742, intercept=-107.912823 (0.063s) [OMP=0.035 ISP-L=0.004 ISP-F=0.009 MW-L=0.009 MW-F=0.010]
  Mini-Benders[4] (mw): LB=-26.150154, Z₀(α*)=12.135484, intercept=-67.035499 (0.078s) [OMP=0.037 ISP-L=0.003 ISP-F=0.010 MW-L=0.009 MW-F=0.009]
  Mini-Benders[5] (mw): LB=-25.891614, Z₀(α*)=28.262146, intercept=-28.495659 (0.062s) [OMP=0.037 ISP-L=0.004 ISP-F=0.009 MW-L=0.009 MW-F=0.011]
  α-step: Z₀=31.112721, α=[0.000,0.000,0.000,0.000,0.000,0.000,0.000,0.000,0.000,0.000,0.000,0.000,0.000,0.000,0.000,0.000,0.000,0.000,0.000,0.000,0.000,0.000,0.000,0.000,0.000,0.000,0.000,0.000,0.000,0.000,0.000,0.000,10.149,0.100,0.000,0.000,0.000,0.000,0.000,0.000,0.000,0.000,0.000,0.000,0.000,0.000,0.000]
  Alt-Benders[1] (mw): LB=-25.677051, Z₀(α*)=-43.888097, intercept=-93.380024 (0.079s) [OMP=0.038 ISP-L=0.004 ISP-F=0.011 MW-L=0.010 MW-F=0.011]
  Alt-Benders[2] (mw): LB=-25.677051, Z₀(α*)=-43.888097, intercept=-93.380024 (0.078s) [OMP=0.036 ISP-L=0.004 ISP-F=0.012 MW-L=0.009 MW-F=0.012]
  Alt-Benders[3] (mw): LB=-25.677051, Z₀(α*)=-43.888097, intercept=-93.380024 (0.062s) [OMP=0.036 ISP-L=0.004 ISP-F=0.011 MW-L=0.008 MW-F=0.012]
  Alt-Benders[4]: LB stagnated, break
  OMP re-solve: 0.000s

=== True-DRO Benders iter 9 ===
  OMP: t₀=-25.677051, UB=34.544462, gap=1.74e+00, x=[0, 0, 0, 0, 0, 0, 0, 0, 0, 0, 0, 0, 0, 0, 0, 1, 0, 0, 0, 0, 0, 0, 0, 0, 0, 0, 0, 0, 0, 0, 0, 0, 0, 0, 0, 1, 0, 0, 0, 0, 0, 0, 0, 0, 0, 0, 0] (0.000s)
  Sub: Z₀=39.262089 [LOCAL] (0.2s), α=[0.000,0.000,0.000,0.000,0.000,0.000,0.000,0.000,0.000,0.000,0.000,0.000,0.000,0.000,0.000,0.000,0.000,0.000,0.000,0.000,0.000,0.000,0.000,0.000,1.339,0.000,0.000,0.000,2.744,0.000,0.000,0.000,0.000,0.000,0.000,6.008,0.157,0.000,0.000,0.000,0.000,0.000,0.000,0.000,0.000,0.000,0.000]
  Iter 9: LB=-25.677051  UB=34.544462  gap=1.74e+00
  Cut: intercept=-1082.339288, π_x_range=[-829.9401, 584.5438]
  Mini-Benders[1] (mw): LB=-25.448757, Z₀(α*)=18.456791, intercept=-32.366977 (0.070s) [OMP=0.038 ISP-L=0.004 ISP-F=0.009 MW-L=0.008 MW-F=0.010]
  Mini-Benders[2] (mw): LB=-24.015415, Z₀(α*)=-28.995441, intercept=-58.626886 (0.063s) [OMP=0.037 ISP-L=0.004 ISP-F=0.011 MW-L=0.013 MW-F=0.009]
  Mini-Benders[3] (mw): LB=-24.015415, Z₀(α*)=-28.995441, intercept=-58.626886 (0.078s) [OMP=0.035 ISP-L=0.004 ISP-F=0.011 MW-L=0.008 MW-F=0.011]
  Mini-Benders[4] (mw): LB=-24.015415, Z₀(α*)=-28.995441, intercept=-58.626886 (0.063s) [OMP=0.039 ISP-L=0.004 ISP-F=0.011 MW-L=0.008 MW-F=0.011]
  Mini-Benders[5]: LB stagnated, break
  α-step: Z₀=34.181057, α=[0.000,0.000,0.000,0.000,0.000,0.000,0.000,0.000,0.000,0.000,0.000,0.000,0.000,0.000,0.000,0.000,0.000,0.000,0.000,0.000,0.000,0.000,0.000,0.000,7.505,0.000,0.000,0.000,2.744,0.000,0.000,0.000,0.000,0.000,0.000,0.000,0.000,0.000,0.000,0.000,0.000,0.000,0.000,0.000,0.000,0.000,0.000]
  Alt-Benders[1] (mw): LB=-23.959945, Z₀(α*)=5.468879, intercept=-125.462573 (0.062s) [OMP=0.034 ISP-L=0.003 ISP-F=0.010 MW-L=0.008 MW-F=0.011]
  Alt-Benders[2] (mw): LB=-22.891615, Z₀(α*)=-23.539980, intercept=-240.859609 (0.063s) [OMP=0.035 ISP-L=0.004 ISP-F=0.009 MW-L=0.009 MW-F=0.010]
  Alt-Benders[3] (mw): LB=-22.891615, Z₀(α*)=-23.539980, intercept=-240.859609 (0.079s) [OMP=0.040 ISP-L=0.004 ISP-F=0.009 MW-L=0.009 MW-F=0.010]
  Alt-Benders[4] (mw): LB=-22.891615, Z₀(α*)=-23.539980, intercept=-240.859609 (0.077s) [OMP=0.040 ISP-L=0.004 ISP-F=0.009 MW-L=0.009 MW-F=0.010]
  Alt-Benders[5]: LB stagnated, break
  OMP re-solve: 0.000s

=== True-DRO Benders iter 10 ===
  OMP: t₀=-22.891615, UB=34.544462, gap=1.66e+00, x=[0, 0, 0, 0, 0, 0, 0, 0, 0, 0, 1, 0, 0, 0, 0, 0, 0, 0, 0, 0, 0, 0, 0, 0, 0, 0, 0, 0, 0, 1, 0, 0, 0, 0, 0, 0, 0, 0, 0, 0, 0, 0, 0, 0, 0, 0, 0] (0.000s)
  Sub: Z₀=35.659464 (1.1s), α=[0.000,0.000,0.000,0.000,0.000,0.000,0.000,0.000,0.000,0.000,0.000,0.000,0.000,0.000,0.000,0.000,0.000,0.000,0.000,0.000,0.000,0.000,3.915,0.000,0.000,0.000,0.000,0.000,6.335,0.000,0.000,0.000,0.000,0.000,0.000,0.000,0.000,0.000,0.000,0.000,0.000,0.000,0.000,0.000,0.000,0.000,0.000]
  Iter 10: LB=-22.891615  UB=34.544462  gap=1.66e+00
  Cut: intercept=-375.727304, π_x_range=[-255.9822, 243.5928]
  Sherali-Cut: intercept=-223.361092, π_x_range=[-119.0000, 131.6718]
  Mini-Benders[1] (mw): LB=-22.225407, Z₀(α*)=11.946839, intercept=-83.124384 (0.077s) [OMP=0.038 ISP-L=0.004 ISP-F=0.010 MW-L=0.009 MW-F=0.011]
  Mini-Benders[2] (mw): LB=-21.920687, Z₀(α*)=23.153431, intercept=-88.061434 (0.078s) [OMP=0.042 ISP-L=0.004 ISP-F=0.010 MW-L=0.008 MW-F=0.012]
  Mini-Benders[3] (mw): LB=-21.722406, Z₀(α*)=-15.046493, intercept=-94.098463 (0.079s) [OMP=0.047 ISP-L=0.004 ISP-F=0.011 MW-L=0.009 MW-F=0.013]
  Mini-Benders[4] (mw): LB=-21.521034, Z₀(α*)=23.958360, intercept=-56.729524 (0.093s) [OMP=0.046 ISP-L=0.004 ISP-F=0.010 MW-L=0.010 MW-F=0.011]
  Mini-Benders[5] (mw): LB=-21.076630, Z₀(α*)=6.338791, intercept=-35.400781 (0.078s) [OMP=0.050 ISP-L=0.004 ISP-F=0.012 MW-L=0.009 MW-F=0.009]
  α-step: Z₀=27.969060, α=[0.000,0.000,0.000,0.000,0.000,0.000,0.000,0.000,0.000,0.000,0.000,0.000,0.000,0.000,0.000,0.000,0.000,0.000,0.000,0.000,0.000,0.000,0.000,0.000,0.000,0.000,0.000,7.212,3.037,0.000,0.000,0.000,0.000,0.000,0.000,0.000,0.000,0.000,0.000,0.000,0.000,0.000,0.000,0.000,0.000,0.000,0.000]
  Alt-Benders[1] (mw): LB=-20.037825, Z₀(α*)=14.518592, intercept=-65.329223 (0.096s) [OMP=0.045 ISP-L=0.004 ISP-F=0.011 MW-L=0.010 MW-F=0.011]
  Alt-Benders[2] (mw): LB=-19.202079, Z₀(α*)=25.411414, intercept=-136.194971 (0.061s) [OMP=0.041 ISP-L=0.004 ISP-F=0.011 MW-L=0.009 MW-F=0.009]
  Alt-Benders[3] (mw): LB=-18.411821, Z₀(α*)=-35.102147, intercept=-91.618964 (0.077s) [OMP=0.041 ISP-L=0.004 ISP-F=0.009 MW-L=0.009 MW-F=0.011]
  Alt-Benders[4] (mw): LB=-18.411821, Z₀(α*)=-35.102147, intercept=-91.618964 (0.078s) [OMP=0.042 ISP-L=0.004 ISP-F=0.009 MW-L=0.009 MW-F=0.011]
  Alt-Benders[5] (mw): LB=-18.411821, Z₀(α*)=-35.102147, intercept=-91.618964 (0.078s) [OMP=0.042 ISP-L=0.004 ISP-F=0.009 MW-L=0.009 MW-F=0.011]
  OMP re-solve: 0.043s

=== True-DRO Benders iter 11 ===
  OMP: t₀=-18.411821, UB=34.544462, gap=1.53e+00, x=[0, 0, 0, 0, 0, 0, 0, 0, 0, 0, 1, 0, 0, 1, 0, 0, 0, 0, 0, 0, 0, 0, 0, 0, 0, 0, 0, 0, 0, 0, 0, 0, 0, 0, 0, 0, 0, 0, 0, 0, 0, 0, 0, 0, 0, 0, 0] (0.000s)
  Sub: Z₀=37.336702 [LOCAL] (0.2s), α=[0.000,0.000,0.000,0.000,0.000,0.000,0.000,0.000,0.000,0.000,0.000,0.000,0.000,0.000,0.000,0.000,0.000,0.000,0.000,0.000,0.000,0.000,5.010,0.000,0.000,0.000,0.000,0.000,5.239,0.000,0.000,0.000,0.000,0.000,0.000,0.000,0.000,0.000,0.000,0.000,0.000,0.000,0.000,0.000,0.000,0.000,0.000]
  Iter 11: LB=-18.411821  UB=34.544462  gap=1.53e+00
  Cut: intercept=-1112.705633, π_x_range=[-827.0417, 596.7400]
  Mini-Benders[1] (mw): LB=-17.130144, Z₀(α*)=36.466742, intercept=-75.508215 (0.109s) [OMP=0.044 ISP-L=0.004 ISP-F=0.012 MW-L=0.009 MW-F=0.026]
  Mini-Benders[2] (mw): LB=-15.928031, Z₀(α*)=10.404401, intercept=-60.907081 (0.078s) [OMP=0.047 ISP-L=0.004 ISP-F=0.011 MW-L=0.009 MW-F=0.010]
  Mini-Benders[3] (mw): LB=-14.405855, Z₀(α*)=22.332463, intercept=-57.076850 (0.079s) [OMP=0.049 ISP-L=0.004 ISP-F=0.010 MW-L=0.009 MW-F=0.010]
  Mini-Benders[4] (mw): LB=-14.343789, Z₀(α*)=26.519103, intercept=-41.007426 (0.093s) [OMP=0.049 ISP-L=0.004 ISP-F=0.010 MW-L=0.009 MW-F=0.010]
  Mini-Benders[5] (mw): LB=-14.235742, Z₀(α*)=7.578142, intercept=-150.945044 (0.079s) [OMP=0.046 ISP-L=0.004 ISP-F=0.010 MW-L=0.009 MW-F=0.010]
  α-step: Z₀=30.540244, α=[0.000,0.000,0.000,0.000,0.000,0.000,0.000,0.000,0.000,0.000,0.000,0.000,0.000,0.000,0.000,0.000,0.000,0.000,0.000,0.000,0.000,0.000,0.000,0.000,2.239,0.000,0.000,8.011,0.000,0.000,0.000,0.000,0.000,0.000,0.000,0.000,0.000,0.000,0.000,0.000,0.000,0.000,0.000,0.000,0.000,0.000,0.000]
  Alt-Benders[1] (mw): LB=-13.509642, Z₀(α*)=4.905069, intercept=1.607237 (0.093s) [OMP=0.049 ISP-L=0.004 ISP-F=0.010 MW-L=0.009 MW-F=0.011]
  Alt-Benders[2] (mw): LB=-12.486000, Z₀(α*)=-52.307394, intercept=-167.086118 (0.078s) [OMP=0.050 ISP-L=0.004 ISP-F=0.011 MW-L=0.009 MW-F=0.013]
  Alt-Benders[3] (mw): LB=-12.486000, Z₀(α*)=-52.307394, intercept=-167.086118 (0.094s) [OMP=0.049 ISP-L=0.004 ISP-F=0.011 MW-L=0.009 MW-F=0.012]
  Alt-Benders[4] (mw): LB=-12.486000, Z₀(α*)=-52.307394, intercept=-167.086118 (0.094s) [OMP=0.049 ISP-L=0.004 ISP-F=0.011 MW-L=0.009 MW-F=0.013]
  Alt-Benders[5]: LB stagnated, break
  OMP re-solve: 0.000s

=== True-DRO Benders iter 12 ===
  OMP: t₀=-12.486000, UB=34.544462, gap=1.36e+00, x=[0, 0, 0, 0, 0, 0, 0, 0, 0, 0, 1, 0, 0, 0, 0, 0, 0, 0, 0, 0, 0, 0, 0, 0, 0, 0, 1, 0, 0, 0, 0, 0, 0, 0, 0, 0, 0, 0, 0, 0, 0, 0, 0, 0, 0, 0, 0] (0.000s)
  Sub: Z₀=32.981289 [LOCAL] (0.2s), α=[0.000,0.000,0.000,0.000,0.000,0.000,0.000,0.000,0.000,0.000,0.000,0.000,0.000,0.000,0.000,0.000,0.000,0.000,0.000,0.000,0.000,0.000,4.451,0.000,0.000,0.000,0.000,0.000,5.798,0.000,0.000,0.000,0.000,0.000,0.000,0.000,0.000,0.000,0.000,0.000,0.000,0.000,0.000,0.000,0.000,0.000,0.000]
  Iter 12: LB=-12.486000  UB=34.544462  gap=1.36e+00
  Cut: intercept=-1105.224451, π_x_range=[-826.4775, 586.5578]
  Mini-Benders[1] (mw): LB=-12.429701, Z₀(α*)=10.076966, intercept=-110.049453 (0.077s) [OMP=0.048 ISP-L=0.003 ISP-F=0.009 MW-L=0.009 MW-F=0.012]
  Mini-Benders[2] (mw): LB=-11.459295, Z₀(α*)=-6.980163, intercept=-56.167980 (0.094s) [OMP=0.052 ISP-L=0.004 ISP-F=0.011 MW-L=0.009 MW-F=0.010]
  Mini-Benders[3] (mw): LB=-11.418457, Z₀(α*)=34.599554, intercept=-10.975332 (0.078s) [OMP=0.050 ISP-L=0.004 ISP-F=0.009 MW-L=0.009 MW-F=0.012]
  Mini-Benders[4] (mw): LB=-10.501404, Z₀(α*)=3.735499, intercept=-163.823274 (0.094s) [OMP=0.053 ISP-L=0.004 ISP-F=0.010 MW-L=0.008 MW-F=0.013]
  Mini-Benders[5] (mw): LB=-10.210539, Z₀(α*)=15.801581, intercept=-127.440808 (0.094s) [OMP=0.061 ISP-L=0.003 ISP-F=0.010 MW-L=0.008 MW-F=0.011]
  α-step: Z₀=37.905518, α=[0.000,0.000,0.000,0.000,0.000,0.000,0.000,0.000,0.000,0.000,0.000,0.000,0.000,0.000,0.000,0.000,0.000,0.000,0.000,0.000,0.000,0.000,0.000,0.000,2.571,4.739,0.000,0.000,2.744,0.000,0.000,0.000,0.000,0.000,0.000,0.000,0.195,0.000,0.000,0.000,0.000,0.000,0.000,0.000,0.000,0.000,0.000]
  Alt-Benders[1] (mw): LB=-9.181744, Z₀(α*)=-16.635577, intercept=-107.893725 (0.092s) [OMP=0.057 ISP-L=0.004 ISP-F=0.011 MW-L=0.010 MW-F=0.012]
  Alt-Benders[2] (mw): LB=-9.181744, Z₀(α*)=-16.635577, intercept=-107.893725 (0.094s) [OMP=0.057 ISP-L=0.004 ISP-F=0.011 MW-L=0.010 MW-F=0.012]
  Alt-Benders[3] (mw): LB=-9.181744, Z₀(α*)=-16.635577, intercept=-107.893725 (0.094s) [OMP=0.057 ISP-L=0.004 ISP-F=0.011 MW-L=0.010 MW-F=0.012]
  Alt-Benders[4]: LB stagnated, break
  OMP re-solve: 0.000s

=== True-DRO Benders iter 13 ===
  OMP: t₀=-9.181744, UB=34.544462, gap=1.27e+00, x=[0, 0, 0, 0, 0, 0, 0, 0, 0, 0, 0, 0, 0, 0, 0, 0, 0, 0, 0, 0, 0, 0, 0, 1, 0, 0, 0, 0, 0, 0, 0, 0, 0, 0, 0, 0, 1, 0, 0, 0, 0, 0, 0, 0, 0, 0, 0] (0.000s)
  Sub: Z₀=32.610893 [LOCAL] (0.2s), α=[0.000,0.000,0.000,0.000,0.000,0.000,0.000,0.000,0.000,0.000,0.000,0.000,0.000,0.000,0.000,0.000,0.000,0.000,0.000,0.000,0.000,0.000,0.012,0.083,1.484,0.000,0.000,0.000,0.000,0.000,0.000,0.000,0.000,0.000,0.000,0.000,8.669,0.000,0.000,0.000,0.000,0.000,0.000,0.000,0.000,0.000,0.000]
  Iter 13: LB=-9.181744  UB=34.544462  gap=1.27e+00
  Cut: intercept=-1136.367302, π_x_range=[-826.6746, 592.8212]
  Mini-Benders[1] (mw): LB=-9.000974, Z₀(α*)=32.813219, intercept=17.736334 (0.087s) [OMP=0.059 ISP-L=0.004 ISP-F=0.012 MW-L=0.009 MW-F=0.011]
  Mini-Benders[2] (mw): LB=-8.885897, Z₀(α*)=7.257182, intercept=-166.013861 (0.078s) [OMP=0.045 ISP-L=0.003 ISP-F=0.009 MW-L=0.008 MW-F=0.010]
  Mini-Benders[3] (mw): LB=-8.713655, Z₀(α*)=34.551890, intercept=-57.472424 (0.094s) [OMP=0.049 ISP-L=0.004 ISP-F=0.010 MW-L=0.009 MW-F=0.012]
  Mini-Benders[4] (mw): LB=-8.538167, Z₀(α*)=17.959869, intercept=-45.330112 (0.078s) [OMP=0.049 ISP-L=0.004 ISP-F=0.010 MW-L=0.007 MW-F=0.010]
  Mini-Benders[5] (mw): LB=-8.346984, Z₀(α*)=20.726392, intercept=-50.082708 (0.078s) [OMP=0.048 ISP-L=0.004 ISP-F=0.011 MW-L=0.008 MW-F=0.011]
  α-step: Z₀=35.873488, α=[0.000,0.000,0.000,0.000,0.000,0.000,0.000,0.000,0.000,0.000,0.000,0.000,0.000,0.000,0.000,0.000,0.000,0.000,0.000,0.000,0.000,0.000,0.000,0.000,2.571,0.000,0.000,0.000,2.521,0.000,0.000,5.157,0.000,0.000,0.000,0.000,0.000,0.000,0.000,0.000,0.000,0.000,0.000,0.000,0.000,0.000,0.000]
  Alt-Benders[1] (mw): LB=-7.973168, Z₀(α*)=19.739282, intercept=-25.691517 (0.077s) [OMP=0.054 ISP-L=0.004 ISP-F=0.012 MW-L=0.007 MW-F=0.012]
  Alt-Benders[2] (mw): LB=-7.050556, Z₀(α*)=34.923319, intercept=-48.950785 (0.094s) [OMP=0.049 ISP-L=0.004 ISP-F=0.011 MW-L=0.009 MW-F=0.011]
  Alt-Benders[3] (mw): LB=-6.980165, Z₀(α*)=-13.645726, intercept=-45.756467 (0.078s) [OMP=0.048 ISP-L=0.004 ISP-F=0.012 MW-L=0.010 MW-F=0.011]
  Alt-Benders[4] (mw): LB=-6.980165, Z₀(α*)=-13.645726, intercept=-45.756467 (0.094s) [OMP=0.050 ISP-L=0.004 ISP-F=0.012 MW-L=0.010 MW-F=0.012]
  Alt-Benders[5] (mw): LB=-6.980165, Z₀(α*)=-13.645726, intercept=-45.756467 (0.078s) [OMP=0.048 ISP-L=0.004 ISP-F=0.012 MW-L=0.010 MW-F=0.011]
  OMP re-solve: 0.049s

=== True-DRO Benders iter 14 ===
  OMP: t₀=-6.980165, UB=34.544462, gap=1.20e+00, x=[0, 0, 0, 0, 0, 0, 0, 0, 0, 0, 0, 0, 0, 0, 0, 0, 0, 0, 0, 0, 0, 0, 0, 0, 1, 0, 1, 0, 0, 0, 0, 0, 0, 0, 0, 0, 0, 0, 0, 0, 0, 0, 0, 0, 0, 0, 0] (0.000s)
  Sub: Z₀=35.888929 [LOCAL] (0.2s), α=[0.000,0.000,0.000,0.000,0.000,0.000,0.000,0.000,0.000,0.000,0.000,0.000,0.000,0.000,0.000,0.000,0.000,0.000,0.000,0.000,0.000,0.000,0.000,0.000,8.137,0.000,0.000,0.000,2.112,0.000,0.000,0.000,0.000,0.000,0.000,0.000,0.000,0.000,0.000,0.000,0.000,0.000,0.000,0.000,0.000,0.000,0.000]
  Iter 14: LB=-6.980165  UB=34.544462  gap=1.20e+00
  Cut: intercept=-1138.393971, π_x_range=[-830.7102, 588.4105]
  Mini-Benders[1] (mw): LB=-6.367289, Z₀(α*)=10.453176, intercept=-56.106938 (0.093s) [OMP=0.044 ISP-L=0.004 ISP-F=0.012 MW-L=0.010 MW-F=0.011]
  Mini-Benders[2] (mw): LB=-5.734250, Z₀(α*)=-2.631027, intercept=-151.335705 (0.078s) [OMP=0.044 ISP-L=0.004 ISP-F=0.009 MW-L=0.008 MW-F=0.013]
  Mini-Benders[3] (mw): LB=-5.127261, Z₀(α*)=26.521589, intercept=-37.057931 (0.079s) [OMP=0.055 ISP-L=0.004 ISP-F=0.010 MW-L=0.009 MW-F=0.011]
  Mini-Benders[4] (mw): LB=-4.908808, Z₀(α*)=-6.637029, intercept=-148.036551 (0.093s) [OMP=0.051 ISP-L=0.004 ISP-F=0.010 MW-L=0.009 MW-F=0.010]
  Mini-Benders[5] (mw): LB=-4.908808, Z₀(α*)=-6.637029, intercept=-148.036551 (0.093s) [OMP=0.054 ISP-L=0.004 ISP-F=0.010 MW-L=0.009 MW-F=0.011]
  α-step: Z₀=34.676694, α=[0.000,0.000,0.000,0.000,0.000,0.000,0.000,0.000,0.000,0.000,0.000,0.000,0.000,0.000,0.000,0.000,0.000,0.000,0.000,0.000,0.000,0.000,6.230,2.197,0.000,0.000,0.000,0.000,1.490,0.000,0.000,0.000,0.000,0.000,0.000,0.000,0.333,0.000,0.000,0.000,0.000,0.000,0.000,0.000,0.000,0.000,0.000]
  Alt-Benders[1] (mw): LB=-4.404867, Z₀(α*)=1.402573, intercept=0.021086 (0.094s) [OMP=0.057 ISP-L=0.004 ISP-F=0.012 MW-L=0.009 MW-F=0.010]
  Alt-Benders[2] (mw): LB=-3.712780, Z₀(α*)=-18.645515, intercept=-33.932669 (0.094s) [OMP=0.056 ISP-L=0.004 ISP-F=0.011 MW-L=0.008 MW-F=0.012]
  Alt-Benders[3] (mw): LB=-3.712780, Z₀(α*)=-18.645515, intercept=-33.932669 (0.093s) [OMP=0.052 ISP-L=0.004 ISP-F=0.011 MW-L=0.007 MW-F=0.013]
  Alt-Benders[4] (mw): LB=-3.712780, Z₀(α*)=-18.645515, intercept=-33.932669 (0.079s) [OMP=0.052 ISP-L=0.004 ISP-F=0.011 MW-L=0.008 MW-F=0.012]
  Alt-Benders[5]: LB stagnated, break
  OMP re-solve: 0.000s

=== True-DRO Benders iter 15 ===
  OMP: t₀=-3.712780, UB=34.544462, gap=1.11e+00, x=[0, 0, 0, 0, 0, 0, 0, 0, 0, 0, 0, 0, 0, 0, 1, 0, 0, 0, 0, 0, 0, 0, 0, 0, 0, 0, 0, 0, 0, 0, 0, 0, 0, 0, 0, 0, 1, 0, 0, 0, 0, 0, 0, 0, 0, 0, 0] (0.000s)
  Sub: Z₀=37.451705 (1.9s), α=[0.000,0.000,0.000,0.000,0.000,0.000,0.000,0.000,0.000,0.000,0.000,0.000,0.000,0.000,0.000,0.000,0.000,0.000,0.000,0.000,0.000,0.000,0.000,0.000,0.213,0.000,0.000,0.000,2.744,0.000,0.000,0.000,0.000,0.000,0.000,0.000,7.292,0.000,0.000,0.000,0.000,0.000,0.000,0.000,0.000,0.000,0.000]
  Iter 15: LB=-3.712780  UB=34.544462  gap=1.11e+00
  Cut: intercept=-56.880120, π_x_range=[-254.0000, 62.0197]
  Sherali-Cut: intercept=-6.700221, π_x_range=[-136.4207, 44.1519]
  Mini-Benders[1] (mw): LB=-3.468434, Z₀(α*)=0.609173, intercept=-127.613921 (0.094s) [OMP=0.060 ISP-L=0.004 ISP-F=0.011 MW-L=0.009 MW-F=0.011]
  Mini-Benders[2] (mw): LB=-3.230920, Z₀(α*)=23.091110, intercept=-74.626422 (0.094s) [OMP=0.054 ISP-L=0.004 ISP-F=0.011 MW-L=0.009 MW-F=0.010]
  Mini-Benders[3] (mw): LB=-2.814895, Z₀(α*)=35.730712, intercept=-40.866315 (0.093s) [OMP=0.057 ISP-L=0.004 ISP-F=0.010 MW-L=0.008 MW-F=0.011]
  Mini-Benders[4] (mw): LB=-2.753077, Z₀(α*)=-25.989216, intercept=-137.698543 (0.094s) [OMP=0.063 ISP-L=0.004 ISP-F=0.010 MW-L=0.008 MW-F=0.010]
  Mini-Benders[5] (mw): LB=-2.753077, Z₀(α*)=-25.989216, intercept=-137.698543 (0.106s) [OMP=0.065 ISP-L=0.004 ISP-F=0.011 MW-L=0.007 MW-F=0.012]
  α-step: Z₀=27.737837, α=[0.000,0.000,0.000,0.000,0.000,0.000,0.000,0.000,0.000,0.000,0.000,0.000,0.000,0.000,0.000,0.000,0.000,0.000,0.000,0.000,0.000,0.000,0.000,0.000,2.239,0.000,0.000,1.042,6.968,0.000,0.000,0.000,0.000,0.000,0.000,0.000,0.000,0.000,0.000,0.000,0.000,0.000,0.000,0.000,0.000,0.000,0.000]
  Alt-Benders[1] (mw): LB=-2.631029, Z₀(α*)=17.342333, intercept=-145.035001 (0.094s) [OMP=0.064 ISP-L=0.004 ISP-F=0.013 MW-L=0.010 MW-F=0.010]
  Alt-Benders[2] (mw): LB=-2.595256, Z₀(α*)=31.832716, intercept=10.137508 (0.094s) [OMP=0.056 ISP-L=0.004 ISP-F=0.012 MW-L=0.009 MW-F=0.009]
  Alt-Benders[3] (mw): LB=-2.381508, Z₀(α*)=20.042536, intercept=-148.887089 (0.093s) [OMP=0.054 ISP-L=0.004 ISP-F=0.011 MW-L=0.008 MW-F=0.009]
  Alt-Benders[4] (mw): LB=-1.905369, Z₀(α*)=9.382306, intercept=-31.757961 (0.094s) [OMP=0.053 ISP-L=0.004 ISP-F=0.010 MW-L=0.010 MW-F=0.010]
  Alt-Benders[5] (mw): LB=-1.677768, Z₀(α*)=17.659317, intercept=-15.702978 (0.094s) [OMP=0.057 ISP-L=0.004 ISP-F=0.011 MW-L=0.009 MW-F=0.010]
  OMP re-solve: 0.058s

=== True-DRO Benders iter 16 ===
  OMP: t₀=-1.119045, UB=34.544462, gap=1.03e+00, x=[0, 0, 0, 0, 0, 0, 0, 0, 0, 0, 0, 0, 0, 0, 0, 0, 0, 0, 0, 0, 0, 0, 0, 0, 0, 0, 0, 1, 0, 0, 1, 0, 0, 0, 0, 0, 0, 0, 0, 0, 0, 0, 0, 0, 0, 0, 0] (0.000s)
  Sub: Z₀=25.117055 [LOCAL] (0.2s), α=[0.000,0.000,0.000,0.000,0.000,0.000,0.000,0.000,0.000,0.000,0.000,0.000,0.000,0.000,0.000,0.000,0.000,0.000,0.000,0.000,0.000,0.000,0.000,0.000,0.000,0.000,0.000,4.180,6.069,0.000,0.000,0.000,0.000,0.000,0.000,0.000,0.000,0.000,0.000,0.000,0.000,0.000,0.000,0.000,0.000,0.000,0.000]
  Iter 16: LB=-1.119045  UB=34.544462  gap=1.03e+00
  Cut: intercept=-1135.165189, π_x_range=[-828.3495, 582.9841]
  Mini-Benders[1] (mw): LB=-0.863367, Z₀(α*)=6.018900, intercept=-139.292119 (0.093s) [OMP=0.065 ISP-L=0.004 ISP-F=0.010 MW-L=0.010 MW-F=0.015]
  Mini-Benders[2] (mw): LB=-0.625592, Z₀(α*)=27.593375, intercept=-54.616389 (0.110s) [OMP=0.056 ISP-L=0.004 ISP-F=0.012 MW-L=0.011 MW-F=0.011]
  Mini-Benders[3] (mw): LB=-0.604924, Z₀(α*)=23.581717, intercept=-150.319600 (0.095s) [OMP=0.058 ISP-L=0.004 ISP-F=0.012 MW-L=0.010 MW-F=0.011]
  Mini-Benders[4] (mw): LB=0.097221, Z₀(α*)=10.217573, intercept=-137.599831 (0.093s) [OMP=0.057 ISP-L=0.004 ISP-F=0.012 MW-L=0.007 MW-F=0.011]
  Mini-Benders[5] (mw): LB=0.199352, Z₀(α*)=11.401943, intercept=-63.715710 (0.097s) [OMP=0.059 ISP-L=0.004 ISP-F=0.010 MW-L=0.009 MW-F=0.011]
  α-step: Z₀=33.946297, α=[0.000,0.000,0.000,0.000,0.000,0.000,0.000,0.000,0.000,0.000,0.000,0.000,0.000,0.000,0.000,0.000,0.000,0.000,0.000,0.000,0.000,0.000,7.050,0.000,2.929,0.000,0.000,0.000,0.113,0.000,0.000,0.000,0.000,0.000,0.000,0.000,0.157,0.000,0.000,0.000,0.000,0.000,0.000,0.000,0.000,0.000,0.000]
  Alt-Benders[1] (mw): LB=0.609171, Z₀(α*)=-3.050340, intercept=-173.310888 (0.094s) [OMP=0.060 ISP-L=0.004 ISP-F=0.010 MW-L=0.009 MW-F=0.012]
  Alt-Benders[2] (mw): LB=0.609171, Z₀(α*)=-3.050340, intercept=-173.310888 (0.102s) [OMP=0.057 ISP-L=0.004 ISP-F=0.010 MW-L=0.009 MW-F=0.013]
  Alt-Benders[3] (mw): LB=0.609171, Z₀(α*)=-3.050340, intercept=-173.310888 (0.087s) [OMP=0.057 ISP-L=0.004 ISP-F=0.010 MW-L=0.009 MW-F=0.013]
  Alt-Benders[4]: LB stagnated, break
  OMP re-solve: 0.000s

=== True-DRO Benders iter 17 ===
  OMP: t₀=0.609171, UB=34.544462, gap=9.82e-01, x=[0, 0, 0, 0, 0, 0, 0, 0, 0, 0, 0, 0, 0, 0, 0, 0, 0, 0, 0, 0, 0, 0, 0, 0, 0, 0, 1, 0, 0, 1, 0, 0, 0, 0, 0, 0, 0, 0, 0, 0, 0, 0, 0, 0, 0, 0, 0] (0.000s)
  Sub: Z₀=35.250210 [LOCAL] (2.9s), α=[0.000,0.000,0.000,0.000,0.000,0.000,0.000,0.000,0.000,0.000,0.000,0.000,0.000,0.000,0.000,0.000,0.000,0.000,0.000,0.000,0.000,0.000,0.004,1.259,0.000,0.849,1.702,0.025,6.309,0.100,0.000,0.000,0.000,0.000,0.000,0.000,0.000,0.000,0.000,0.000,0.000,0.000,0.000,0.000,0.000,0.000,0.000]
  Iter 17: LB=0.609171  UB=34.544462  gap=9.82e-01
  Cut: intercept=-1079.330046, π_x_range=[-828.8853, 568.3248]
  Mini-Benders[1] (mw): LB=0.719353, Z₀(α*)=8.135340, intercept=-112.507463 (0.095s) [OMP=0.058 ISP-L=0.004 ISP-F=0.011 MW-L=0.010 MW-F=0.011]
  Mini-Benders[2] (mw): LB=1.008209, Z₀(α*)=-3.589566, intercept=-144.711768 (0.093s) [OMP=0.061 ISP-L=0.003 ISP-F=0.009 MW-L=0.009 MW-F=0.011]
  Mini-Benders[3] (mw): LB=1.008209, Z₀(α*)=-3.589566, intercept=-144.711768 (0.094s) [OMP=0.058 ISP-L=0.004 ISP-F=0.010 MW-L=0.009 MW-F=0.011]
  Mini-Benders[4] (mw): LB=1.008209, Z₀(α*)=-3.589566, intercept=-144.711768 (0.093s) [OMP=0.058 ISP-L=0.003 ISP-F=0.009 MW-L=0.008 MW-F=0.012]
  Mini-Benders[5]: LB stagnated, break
  α-step: Z₀=34.250646, α=[0.000,0.000,0.000,0.000,0.000,0.000,0.000,0.000,0.000,0.000,0.000,0.000,0.000,0.000,0.000,0.000,0.000,0.000,0.000,0.000,0.000,0.000,3.915,0.000,0.000,0.000,0.000,0.000,6.335,0.000,0.000,0.000,0.000,0.000,0.000,0.000,0.000,0.000,0.000,0.000,0.000,0.000,0.000,0.000,0.000,0.000,0.000]
  Alt-Benders[1] (mw): LB=1.043136, Z₀(α*)=35.339591, intercept=-122.665985 (0.094s) [OMP=0.061 ISP-L=0.004 ISP-F=0.010 MW-L=0.009 MW-F=0.010]
  Alt-Benders[2] (mw): LB=1.402571, Z₀(α*)=8.266993, intercept=-11.420971 (0.104s) [OMP=0.060 ISP-L=0.004 ISP-F=0.012 MW-L=0.009 MW-F=0.009]
  Alt-Benders[3] (mw): LB=1.766700, Z₀(α*)=18.514329, intercept=-102.479563 (0.098s) [OMP=0.063 ISP-L=0.004 ISP-F=0.010 MW-L=0.009 MW-F=0.013]
  Alt-Benders[4] (mw): LB=1.822829, Z₀(α*)=2.043870, intercept=-87.632798 (0.094s) [OMP=0.059 ISP-L=0.004 ISP-F=0.010 MW-L=0.009 MW-F=0.012]
  Alt-Benders[5] (mw): LB=1.959827, Z₀(α*)=33.760720, intercept=-30.996529 (0.094s) [OMP=0.064 ISP-L=0.004 ISP-F=0.009 MW-L=0.009 MW-F=0.009]
  OMP re-solve: 0.069s

=== True-DRO Benders iter 18 ===
  OMP: t₀=2.043868, UB=34.544462, gap=9.41e-01, x=[0, 0, 0, 0, 0, 0, 0, 0, 0, 0, 0, 0, 0, 0, 0, 0, 0, 0, 0, 0, 0, 0, 0, 0, 1, 0, 0, 0, 0, 0, 0, 0, 0, 0, 0, 0, 1, 0, 0, 0, 0, 0, 0, 0, 0, 0, 0] (0.000s)
  Sub: Z₀=34.072324 [LOCAL] (0.1s), α=[0.000,0.000,0.000,0.000,0.000,0.000,0.000,0.000,0.000,0.000,0.000,0.000,0.000,0.000,0.000,0.000,0.000,0.000,0.000,0.000,0.000,0.000,0.000,0.000,6.509,0.000,0.000,0.000,0.583,0.000,0.000,0.000,0.000,0.000,0.000,0.000,3.157,0.000,0.000,0.000,0.000,0.000,0.000,0.000,0.000,0.000,0.000]
  Iter 18: LB=2.043868  UB=34.544462  gap=9.41e-01
  Cut: intercept=-1138.973870, π_x_range=[-831.0636, 586.8373]
  Mini-Benders[1] (mw): LB=2.151768, Z₀(α*)=39.378066, intercept=13.465043 (0.094s) [OMP=0.063 ISP-L=0.004 ISP-F=0.010 MW-L=0.009 MW-F=0.011]
  Mini-Benders[2] (mw): LB=2.290609, Z₀(α*)=-3.142719, intercept=-215.788982 (0.093s) [OMP=0.054 ISP-L=0.004 ISP-F=0.011 MW-L=0.012 MW-F=0.013]
  Mini-Benders[3] (mw): LB=2.290609, Z₀(α*)=-3.142719, intercept=-215.788982 (0.109s) [OMP=0.063 ISP-L=0.004 ISP-F=0.011 MW-L=0.008 MW-F=0.013]
  Mini-Benders[4] (mw): LB=2.290609, Z₀(α*)=-3.142719, intercept=-215.788982 (0.112s) [OMP=0.068 ISP-L=0.004 ISP-F=0.013 MW-L=0.011 MW-F=0.014]
  Mini-Benders[5]: LB stagnated, break
  α-step: Z₀=31.277778, α=[0.000,0.000,0.000,0.000,0.000,0.000,0.000,0.000,0.000,0.000,0.000,0.000,0.000,0.000,0.000,0.000,0.000,0.000,0.000,0.000,0.000,0.000,4.451,0.000,0.000,0.000,0.000,0.000,5.798,0.000,0.000,0.000,0.000,0.000,0.000,0.000,0.000,0.000,0.000,0.000,0.000,0.000,0.000,0.000,0.000,0.000,0.000]
  Alt-Benders[1] (mw): LB=2.991923, Z₀(α*)=19.725785, intercept=-15.710680 (0.102s) [OMP=0.059 ISP-L=0.004 ISP-F=0.012 MW-L=0.009 MW-F=0.011]
  Alt-Benders[2] (mw): LB=3.104386, Z₀(α*)=34.416381, intercept=-130.350960 (0.082s) [OMP=0.057 ISP-L=0.004 ISP-F=0.011 MW-L=0.009 MW-F=0.012]
  Alt-Benders[3] (mw): LB=3.573528, Z₀(α*)=27.776900, intercept=-41.708926 (0.094s) [OMP=0.056 ISP-L=0.004 ISP-F=0.009 MW-L=0.009 MW-F=0.010]
  Alt-Benders[4] (mw): LB=3.735497, Z₀(α*)=3.735499, intercept=-163.823274 (0.097s) [OMP=0.055 ISP-L=0.004 ISP-F=0.010 MW-L=0.008 MW-F=0.013]
  Alt-Benders[5] (mw): LB=3.735497, Z₀(α*)=3.735499, intercept=-163.823274 (0.089s) [OMP=0.056 ISP-L=0.004 ISP-F=0.010 MW-L=0.009 MW-F=0.011]
  OMP re-solve: 0.055s

=== True-DRO Benders iter 19 ===
  OMP: t₀=3.735497, UB=34.544462, gap=8.92e-01, x=[0, 0, 0, 0, 0, 0, 0, 0, 0, 0, 0, 0, 0, 0, 0, 0, 0, 0, 0, 0, 0, 0, 0, 0, 0, 0, 0, 0, 0, 0, 0, 1, 1, 0, 0, 0, 0, 0, 0, 0, 0, 0, 0, 0, 0, 0, 0] (0.000s)
  Sub: Z₀=26.580900 [LOCAL] (0.3s), α=[0.000,0.000,0.000,0.000,0.000,0.000,0.000,0.000,0.000,0.000,0.000,0.000,0.000,0.000,0.000,0.000,0.000,0.000,0.000,0.000,0.000,0.000,0.000,0.000,4.181,0.000,0.000,0.000,5.029,0.000,0.000,1.039,0.000,0.000,0.000,0.000,0.000,0.000,0.000,0.000,0.000,0.000,0.000,0.000,0.000,0.000,0.000]
  Iter 19: LB=3.735497  UB=34.544462  gap=8.92e-01
  Cut: intercept=-1128.631965, π_x_range=[-825.6963, 586.9796]
  Mini-Benders[1] (mw): LB=4.432667, Z₀(α*)=25.669784, intercept=-10.049866 (0.094s) [OMP=0.056 ISP-L=0.004 ISP-F=0.011 MW-L=0.007 MW-F=0.011]
  Mini-Benders[2] (mw): LB=4.838020, Z₀(α*)=28.832320, intercept=-179.821866 (0.094s) [OMP=0.061 ISP-L=0.004 ISP-F=0.013 MW-L=0.009 MW-F=0.009]
  Mini-Benders[3] (mw): LB=5.093279, Z₀(α*)=3.238935, intercept=-133.745657 (0.110s) [OMP=0.068 ISP-L=0.004 ISP-F=0.011 MW-L=0.010 MW-F=0.010]
  Mini-Benders[4] (mw): LB=5.093279, Z₀(α*)=3.238935, intercept=-133.745657 (0.093s) [OMP=0.055 ISP-L=0.003 ISP-F=0.011 MW-L=0.010 MW-F=0.010]
  Mini-Benders[5] (mw): LB=5.093279, Z₀(α*)=3.238935, intercept=-133.745657 (0.078s) [OMP=0.055 ISP-L=0.003 ISP-F=0.010 MW-L=0.010 MW-F=0.010]
  α-step: Z₀=28.389908, α=[0.000,0.000,0.000,0.000,0.000,0.000,0.000,0.000,0.000,0.000,0.000,0.000,0.000,0.000,0.000,0.000,0.000,0.000,0.000,0.000,0.000,0.000,0.000,0.000,0.000,0.000,0.000,3.281,6.968,0.000,0.000,0.000,0.000,0.000,0.000,0.000,0.000,0.000,0.000,0.000,0.000,0.000,0.000,0.000,0.000,0.000,0.000]
  Alt-Benders[1] (mw): LB=5.319893, Z₀(α*)=30.782115, intercept=-74.877216 (0.094s) [OMP=0.062 ISP-L=0.004 ISP-F=0.011 MW-L=0.009 MW-F=0.008]
  Alt-Benders[2] (mw): LB=5.468876, Z₀(α*)=29.388146, intercept=-125.597226 (0.125s) [OMP=0.068 ISP-L=0.004 ISP-F=0.009 MW-L=0.009 MW-F=0.023]
  Alt-Benders[3] (mw): LB=5.904847, Z₀(α*)=24.259881, intercept=-53.411530 (0.094s) [OMP=0.060 ISP-L=0.004 ISP-F=0.010 MW-L=0.010 MW-F=0.009]
  Alt-Benders[4] (mw): LB=6.018898, Z₀(α*)=11.941150, intercept=-158.153769 (0.093s) [OMP=0.061 ISP-L=0.003 ISP-F=0.009 MW-L=0.008 MW-F=0.011]
  Alt-Benders[5] (mw): LB=6.338789, Z₀(α*)=-2.373316, intercept=-36.698718 (0.094s) [OMP=0.063 ISP-L=0.004 ISP-F=0.012 MW-L=0.010 MW-F=0.011]
  OMP re-solve: 0.063s

=== True-DRO Benders iter 20 ===
  OMP: t₀=6.338789, UB=34.544462, gap=8.17e-01, x=[0, 0, 0, 0, 0, 0, 0, 0, 0, 0, 0, 0, 0, 0, 0, 0, 0, 0, 0, 0, 0, 0, 0, 0, 0, 0, 1, 0, 0, 0, 0, 0, 0, 1, 0, 0, 0, 0, 0, 0, 0, 0, 0, 0, 0, 0, 0] (0.000s)
  Sub: Z₀=37.804665 [TIME_LIMIT] (15.2s), α=[0.000,0.000,0.000,0.000,0.000,0.000,0.000,0.000,0.000,0.000,0.000,0.000,0.000,0.000,0.000,0.000,0.000,0.000,0.000,0.000,0.000,0.000,0.000,0.000,6.772,0.000,0.000,0.000,1.981,0.000,0.000,0.000,0.000,0.000,0.338,0.000,1.158,0.000,0.000,0.000,0.000,0.000,0.000,0.000,0.000,0.000,0.000]
  Iter 20: LB=6.338789  UB=34.544462  gap=8.17e-01
  Cut: intercept=-46.614014, π_x_range=[-176.8955, 52.9461]
  Mini-Benders[1] (mw): LB=6.728308, Z₀(α*)=24.620326, intercept=-73.584294 (0.110s) [OMP=0.073 ISP-L=0.004 ISP-F=0.010 MW-L=0.008 MW-F=0.015]
  Mini-Benders[2] (mw): LB=6.761204, Z₀(α*)=14.040970, intercept=-82.220542 (0.125s) [OMP=0.084 ISP-L=0.004 ISP-F=0.010 MW-L=0.012 MW-F=0.010]
  Mini-Benders[3] (mw): LB=6.931349, Z₀(α*)=34.423741, intercept=-11.201725 (0.109s) [OMP=0.086 ISP-L=0.004 ISP-F=0.010 MW-L=0.008 MW-F=0.012]
  Mini-Benders[4] (mw): LB=7.213180, Z₀(α*)=34.261069, intercept=-32.037770 (0.125s) [OMP=0.083 ISP-L=0.004 ISP-F=0.012 MW-L=0.009 MW-F=0.014]
  Mini-Benders[5] (mw): LB=7.257180, Z₀(α*)=3.389298, intercept=-156.130466 (0.125s) [OMP=0.083 ISP-L=0.004 ISP-F=0.010 MW-L=0.009 MW-F=0.011]
  α-step: Z₀=35.712624, α=[0.000,0.000,0.000,0.000,0.000,0.000,0.000,0.000,0.000,0.000,0.000,0.000,0.000,0.000,0.000,0.000,0.000,0.000,0.000,0.000,0.000,0.000,0.000,0.000,0.000,0.000,0.000,0.000,5.071,0.000,3.842,0.000,0.000,0.000,0.000,0.000,1.336,0.000,0.000,0.000,0.000,0.000,0.000,0.000,0.000,0.000,0.000]
  Alt-Benders[1] (mw): LB=7.578140, Z₀(α*)=8.844961, intercept=-186.772137 (0.109s) [OMP=0.071 ISP-L=0.004 ISP-F=0.010 MW-L=0.009 MW-F=0.010]
  Alt-Benders[2] (mw): LB=8.083349, Z₀(α*)=9.787515, intercept=-157.147407 (0.110s) [OMP=0.071 ISP-L=0.004 ISP-F=0.011 MW-L=0.009 MW-F=0.011]
  Alt-Benders[3] (mw): LB=8.844959, Z₀(α*)=8.844961, intercept=-186.772137 (0.109s) [OMP=0.071 ISP-L=0.004 ISP-F=0.009 MW-L=0.009 MW-F=0.010]
  Alt-Benders[4] (mw): LB=8.844959, Z₀(α*)=8.844961, intercept=-186.772137 (0.109s) [OMP=0.077 ISP-L=0.004 ISP-F=0.009 MW-L=0.010 MW-F=0.010]
  Alt-Benders[5] (mw): LB=8.844959, Z₀(α*)=8.844961, intercept=-186.772137 (0.110s) [OMP=0.080 ISP-L=0.004 ISP-F=0.010 MW-L=0.009 MW-F=0.010]
  OMP re-solve: 0.076s

=== True-DRO Benders iter 21 ===
  OMP: t₀=8.844959, UB=34.544462, gap=7.44e-01, x=[0, 0, 0, 0, 0, 0, 0, 0, 0, 0, 0, 0, 0, 0, 0, 0, 0, 0, 0, 0, 0, 0, 0, 0, 0, 0, 0, 0, 0, 1, 0, 0, 0, 0, 0, 0, 1, 0, 0, 0, 0, 0, 0, 0, 0, 0, 0] (0.000s)
  Sub: Z₀=34.688440 [LOCAL] (0.2s), α=[0.000,0.000,0.000,0.000,0.000,0.000,0.000,0.000,0.000,0.000,0.000,0.000,0.000,0.000,0.000,0.000,0.000,0.000,0.000,0.000,0.000,0.000,0.000,0.000,0.000,0.000,0.000,0.000,2.744,0.000,0.000,0.000,0.000,0.000,0.000,0.000,7.505,0.000,0.000,0.000,0.000,0.000,0.000,0.000,0.000,0.000,0.000]
  Iter 21: LB=8.844959  UB=34.544462  gap=7.44e-01
  Cut: intercept=-1099.810938, π_x_range=[-830.2122, 584.2475]
  Mini-Benders[1] (mw): LB=8.894701, Z₀(α*)=-13.498003, intercept=-126.047245 (0.093s) [OMP=0.070 ISP-L=0.004 ISP-F=0.011 MW-L=0.009 MW-F=0.011]
  Mini-Benders[2] (mw): LB=8.894701, Z₀(α*)=-13.498003, intercept=-126.047245 (0.125s) [OMP=0.084 ISP-L=0.004 ISP-F=0.011 MW-L=0.009 MW-F=0.012]
  Mini-Benders[3] (mw): LB=8.894701, Z₀(α*)=-13.498003, intercept=-126.047245 (0.125s) [OMP=0.081 ISP-L=0.004 ISP-F=0.010 MW-L=0.009 MW-F=0.012]
  Mini-Benders[4]: LB stagnated, break
  α-step: Z₀=30.195657, α=[0.000,0.000,0.000,0.000,0.000,0.000,0.000,0.000,0.000,0.000,0.000,0.000,0.000,0.000,0.000,0.000,0.000,0.000,0.000,0.000,0.000,0.000,0.000,0.000,7.197,0.000,0.000,0.000,3.052,0.000,0.000,0.000,0.000,0.000,0.000,0.000,0.000,0.000,0.000,0.000,0.000,0.000,0.000,0.000,0.000,0.000,0.000]
  Alt-Benders[1] (mw): LB=8.986102, Z₀(α*)=16.261825, intercept=-79.107215 (0.125s) [OMP=0.082 ISP-L=0.004 ISP-F=0.010 MW-L=0.010 MW-F=0.010]
  Alt-Benders[2] (mw): LB=9.297414, Z₀(α*)=17.667329, intercept=-50.430856 (0.109s) [OMP=0.081 ISP-L=0.004 ISP-F=0.011 MW-L=0.009 MW-F=0.011]
  Alt-Benders[3] (mw): LB=9.382304, Z₀(α*)=33.822529, intercept=-31.608907 (0.125s) [OMP=0.083 ISP-L=0.004 ISP-F=0.011 MW-L=0.007 MW-F=0.011]
  Alt-Benders[4] (mw): LB=9.536498, Z₀(α*)=36.283583, intercept=12.563416 (0.114s) [OMP=0.080 ISP-L=0.004 ISP-F=0.011 MW-L=0.009 MW-F=0.009]
  Alt-Benders[5] (mw): LB=9.575473, Z₀(α*)=16.436106, intercept=-75.104251 (0.105s) [OMP=0.081 ISP-L=0.004 ISP-F=0.009 MW-L=0.009 MW-F=0.010]
  OMP re-solve: 0.081s

=== True-DRO Benders iter 22 ===
  OMP: t₀=9.653817, UB=34.544462, gap=7.21e-01, x=[0, 0, 0, 0, 0, 0, 0, 0, 0, 0, 0, 0, 0, 0, 0, 1, 0, 0, 0, 0, 0, 0, 0, 0, 0, 0, 0, 0, 0, 0, 0, 1, 0, 0, 0, 0, 0, 0, 0, 0, 0, 0, 0, 0, 0, 0, 0] (0.000s)
  Sub: Z₀=36.855250 [LOCAL] (0.2s), α=[0.000,0.000,0.000,0.000,0.000,0.000,0.000,0.000,0.000,0.000,0.000,0.000,0.000,0.000,0.000,0.000,0.000,0.000,0.000,0.000,0.000,0.000,0.000,0.000,2.605,0.000,0.000,0.000,2.744,0.000,0.000,4.900,0.000,0.000,0.000,0.000,0.000,0.000,0.000,0.000,0.000,0.000,0.000,0.000,0.000,0.000,0.000]
  Iter 22: LB=9.653817  UB=34.544462  gap=7.21e-01
  Cut: intercept=-1066.120437, π_x_range=[-830.3499, 562.5585]
  Mini-Benders[1] (mw): LB=9.787513, Z₀(α*)=-1.930691, intercept=-126.218750 (0.109s) [OMP=0.086 ISP-L=0.004 ISP-F=0.010 MW-L=0.010 MW-F=0.009]
  Mini-Benders[2] (mw): LB=9.787513, Z₀(α*)=-1.930691, intercept=-126.218750 (0.126s) [OMP=0.080 ISP-L=0.004 ISP-F=0.010 MW-L=0.009 MW-F=0.009]
  Mini-Benders[3] (mw): LB=9.787513, Z₀(α*)=-1.930691, intercept=-126.218750 (0.109s) [OMP=0.079 ISP-L=0.004 ISP-F=0.011 MW-L=0.008 MW-F=0.010]
  Mini-Benders[4]: LB stagnated, break
  α-step: Z₀=30.164663, α=[0.000,0.000,0.000,0.000,0.000,0.000,0.000,0.000,0.000,0.000,0.000,0.000,0.000,0.000,0.000,0.000,0.000,0.000,0.000,0.000,0.000,0.000,0.000,0.000,0.000,0.000,0.000,0.000,6.868,0.000,0.000,0.000,0.000,0.000,2.026,0.000,1.354,0.000,0.000,0.000,0.000,0.000,0.000,0.000,0.000,0.000,0.000]
  Alt-Benders[1] (mw): LB=9.837137, Z₀(α*)=7.673921, intercept=-123.167346 (0.125s) [OMP=0.083 ISP-L=0.004 ISP-F=0.012 MW-L=0.009 MW-F=0.011]
  Alt-Benders[2] (mw): LB=9.837137, Z₀(α*)=7.673921, intercept=-123.167346 (0.127s) [OMP=0.082 ISP-L=0.004 ISP-F=0.011 MW-L=0.009 MW-F=0.010]
  Alt-Benders[3] (mw): LB=9.837137, Z₀(α*)=7.673921, intercept=-123.167346 (0.108s) [OMP=0.075 ISP-L=0.004 ISP-F=0.012 MW-L=0.009 MW-F=0.010]
  Alt-Benders[4]: LB stagnated, break
  OMP re-solve: 0.000s

=== True-DRO Benders iter 23 ===
  OMP: t₀=9.837137, UB=34.544462, gap=7.15e-01, x=[0, 0, 0, 0, 0, 0, 0, 0, 0, 0, 1, 0, 0, 0, 0, 0, 0, 0, 0, 0, 0, 0, 0, 0, 0, 0, 0, 0, 0, 0, 0, 0, 0, 1, 0, 0, 0, 0, 0, 0, 0, 0, 0, 0, 0, 0, 0] (0.000s)
  Sub: Z₀=34.736130 [LOCAL] (0.2s), α=[0.000,0.000,0.000,0.000,0.000,0.000,0.000,0.000,0.000,0.000,2.472,0.000,0.000,0.000,0.000,0.000,0.000,0.000,0.000,0.000,0.000,0.000,4.364,0.000,1.273,0.000,0.000,0.000,2.089,0.000,0.000,0.000,0.000,0.000,0.000,0.000,0.051,0.000,0.000,0.000,0.000,0.000,0.000,0.000,0.000,0.000,0.000]
  Iter 23: LB=9.837137  UB=34.544462  gap=7.15e-01
  Cut: intercept=-1091.923783, π_x_range=[-823.9338, 577.1391]
  Mini-Benders[1] (mw): LB=9.909288, Z₀(α*)=-20.652500, intercept=1.806854 (0.125s) [OMP=0.086 ISP-L=0.004 ISP-F=0.010 MW-L=0.010 MW-F=0.012]
  Mini-Benders[2] (mw): LB=9.909288, Z₀(α*)=-20.652500, intercept=1.806854 (0.126s) [OMP=0.081 ISP-L=0.004 ISP-F=0.010 MW-L=0.010 MW-F=0.013]
  Mini-Benders[3] (mw): LB=9.909288, Z₀(α*)=-20.652500, intercept=1.806854 (0.123s) [OMP=0.084 ISP-L=0.004 ISP-F=0.010 MW-L=0.009 MW-F=0.013]
  Mini-Benders[4]: LB stagnated, break
  α-step: Z₀=36.714064, α=[0.000,0.000,0.000,0.000,0.000,0.000,0.000,0.000,0.000,0.000,0.000,0.000,0.000,0.000,0.000,0.000,0.000,0.000,0.000,0.000,0.000,0.000,0.000,0.000,7.263,0.000,0.000,0.000,1.226,0.000,0.000,0.000,0.000,0.000,0.000,0.100,1.660,0.000,0.000,0.000,0.000,0.000,0.000,0.000,0.000,0.000,0.000]
  Alt-Benders[1] (mw): LB=10.051183, Z₀(α*)=38.203048, intercept=-0.211762 (0.105s) [OMP=0.078 ISP-L=0.004 ISP-F=0.013 MW-L=0.010 MW-F=0.010]
  Alt-Benders[2] (mw): LB=10.076964, Z₀(α*)=13.378266, intercept=-101.895450 (0.127s) [OMP=0.079 ISP-L=0.004 ISP-F=0.011 MW-L=0.009 MW-F=0.010]
  Alt-Benders[3] (mw): LB=10.181539, Z₀(α*)=9.706762, intercept=-102.819158 (0.117s) [OMP=0.080 ISP-L=0.004 ISP-F=0.012 MW-L=0.009 MW-F=0.010]
  Alt-Benders[4] (mw): LB=10.181539, Z₀(α*)=9.706762, intercept=-102.819158 (0.116s) [OMP=0.078 ISP-L=0.004 ISP-F=0.013 MW-L=0.009 MW-F=0.011]
  Alt-Benders[5] (mw): LB=10.181539, Z₀(α*)=9.706762, intercept=-102.819158 (0.109s) [OMP=0.077 ISP-L=0.004 ISP-F=0.012 MW-L=0.009 MW-F=0.012]
  OMP re-solve: 0.080s

=== True-DRO Benders iter 24 ===
  OMP: t₀=10.181539, UB=34.544462, gap=7.05e-01, x=[0, 0, 0, 0, 0, 0, 0, 0, 0, 0, 0, 0, 0, 0, 0, 1, 0, 0, 0, 0, 0, 0, 0, 0, 0, 0, 0, 0, 0, 1, 0, 0, 0, 0, 0, 0, 0, 0, 0, 0, 0, 0, 0, 0, 0, 0, 0] (0.000s)
  Sub: Z₀=38.188771 [LOCAL] (3.1s), α=[0.000,0.000,0.000,0.000,0.000,0.000,0.000,0.000,0.000,0.000,0.000,0.000,0.000,0.000,0.000,0.000,0.000,0.000,0.000,0.000,0.000,0.000,1.260,0.004,0.000,0.000,0.000,1.073,5.262,0.100,0.000,0.000,0.000,0.000,0.000,1.087,1.464,0.000,0.000,0.000,0.000,0.000,0.000,0.000,0.000,0.000,0.000]
  Iter 24: LB=10.181539  UB=34.544462  gap=7.05e-01
  Cut: intercept=-1045.536656, π_x_range=[-828.4054, 549.5980]
  Mini-Benders[1] (mw): LB=10.217571, Z₀(α*)=0.959375, intercept=-140.689417 (0.110s) [OMP=0.080 ISP-L=0.004 ISP-F=0.010 MW-L=0.010 MW-F=0.011]
  Mini-Benders[2] (mw): LB=10.217571, Z₀(α*)=0.959375, intercept=-140.689417 (0.125s) [OMP=0.081 ISP-L=0.004 ISP-F=0.010 MW-L=0.009 MW-F=0.011]
  Mini-Benders[3] (mw): LB=10.217571, Z₀(α*)=0.959375, intercept=-140.689417 (0.109s) [OMP=0.080 ISP-L=0.004 ISP-F=0.009 MW-L=0.009 MW-F=0.010]
  Mini-Benders[4]: LB stagnated, break
  α-step: Z₀=28.650779, α=[0.000,0.000,0.000,0.000,0.000,0.000,0.000,0.000,0.000,0.000,0.000,0.000,0.000,0.000,0.000,0.000,0.000,0.000,0.000,0.000,0.000,0.000,0.000,0.000,0.000,0.000,0.000,0.000,10.198,0.000,0.000,0.000,0.000,0.000,0.000,0.000,0.051,0.000,0.000,0.000,0.000,0.000,0.000,0.000,0.000,0.000,0.000]
  Alt-Benders[1] (mw): LB=10.453174, Z₀(α*)=31.822590, intercept=-44.674577 (0.110s) [OMP=0.080 ISP-L=0.004 ISP-F=0.011 MW-L=0.009 MW-F=0.010]
  Alt-Benders[2] (mw): LB=10.500006, Z₀(α*)=23.144481, intercept=-15.651088 (0.122s) [OMP=0.083 ISP-L=0.004 ISP-F=0.011 MW-L=0.009 MW-F=0.009]
  Alt-Benders[3] (mw): LB=10.625124, Z₀(α*)=30.488888, intercept=-129.842646 (0.112s) [OMP=0.077 ISP-L=0.004 ISP-F=0.011 MW-L=0.008 MW-F=0.010]
  Alt-Benders[4] (mw): LB=11.137229, Z₀(α*)=36.668029, intercept=-103.786265 (0.109s) [OMP=0.085 ISP-L=0.004 ISP-F=0.011 MW-L=0.010 MW-F=0.011]
  Alt-Benders[5] (mw): LB=11.401941, Z₀(α*)=12.354050, intercept=-51.102046 (0.141s) [OMP=0.086 ISP-L=0.004 ISP-F=0.014 MW-L=0.010 MW-F=0.012]
  OMP re-solve: 0.089s

=== True-DRO Benders iter 25 ===
  OMP: t₀=11.604577, UB=34.544462, gap=6.64e-01, x=[0, 0, 0, 0, 0, 0, 0, 0, 0, 0, 0, 0, 0, 0, 0, 0, 0, 0, 0, 0, 0, 0, 0, 0, 0, 1, 0, 0, 0, 0, 0, 0, 0, 0, 0, 1, 0, 0, 0, 0, 0, 0, 0, 0, 0, 0, 0] (0.000s)
  Sub: Z₀=38.147637 [TIME_LIMIT] (15.1s), α=[0.000,0.000,0.000,0.000,0.000,0.000,0.000,0.000,0.000,0.000,0.000,0.000,0.000,0.000,0.000,0.000,0.000,0.000,0.000,0.000,0.000,0.000,0.000,0.000,3.153,0.000,0.000,0.328,4.160,0.000,0.000,0.000,0.000,0.000,0.000,0.000,2.608,0.000,0.000,0.000,0.000,0.000,0.000,0.000,0.000,0.000,0.000]
  Iter 25: LB=11.604577  UB=34.544462  gap=6.64e-01
  Cut: intercept=-14.286083, π_x_range=[-244.0000, 30.4006]
  Mini-Benders[1] (mw): LB=11.607647, Z₀(α*)=27.080193, intercept=-6.038617 (0.203s) [OMP=0.167 ISP-L=0.004 ISP-F=0.012 MW-L=0.009 MW-F=0.012]
  Mini-Benders[2] (mw): LB=11.780714, Z₀(α*)=28.628482, intercept=-28.015527 (0.188s) [OMP=0.148 ISP-L=0.004 ISP-F=0.013 MW-L=0.010 MW-F=0.011]
  Mini-Benders[3] (mw): LB=11.872259, Z₀(α*)=40.347549, intercept=38.077849 (0.202s) [OMP=0.148 ISP-L=0.004 ISP-F=0.011 MW-L=0.007 MW-F=0.026]
  Mini-Benders[4] (mw): LB=11.941148, Z₀(α*)=27.713499, intercept=-132.522364 (0.172s) [OMP=0.139 ISP-L=0.004 ISP-F=0.011 MW-L=0.010 MW-F=0.010]
  Mini-Benders[5] (mw): LB=11.946837, Z₀(α*)=6.144761, intercept=-82.745808 (0.172s) [OMP=0.140 ISP-L=0.004 ISP-F=0.011 MW-L=0.010 MW-F=0.012]
  α-step: Z₀=32.200608, α=[0.000,0.000,0.000,0.000,0.000,0.000,0.000,0.000,0.000,0.000,0.000,0.000,0.000,0.000,0.000,0.000,0.000,0.000,0.000,0.000,0.000,0.000,0.000,3.568,2.929,0.000,0.000,0.000,0.000,0.000,0.000,3.753,0.000,0.000,0.000,0.000,0.000,0.000,0.000,0.000,0.000,0.000,0.000,0.000,0.000,0.000,0.000]
  Alt-Benders[1] (mw): LB=12.135482, Z₀(α*)=0.266666, intercept=-68.772735 (0.125s) [OMP=0.091 ISP-L=0.004 ISP-F=0.010 MW-L=0.010 MW-F=0.010]
  Alt-Benders[2] (mw): LB=12.135482, Z₀(α*)=0.266666, intercept=-68.772735 (0.125s) [OMP=0.091 ISP-L=0.004 ISP-F=0.010 MW-L=0.009 MW-F=0.010]
  Alt-Benders[3] (mw): LB=12.135482, Z₀(α*)=0.266666, intercept=-68.772735 (0.125s) [OMP=0.087 ISP-L=0.004 ISP-F=0.010 MW-L=0.010 MW-F=0.011]
  Alt-Benders[4]: LB stagnated, break
  OMP re-solve: 0.000s

=== True-DRO Benders iter 26 ===
  OMP: t₀=12.135482, UB=34.544462, gap=6.49e-01, x=[0, 0, 0, 0, 0, 0, 0, 0, 0, 0, 0, 0, 0, 0, 0, 0, 0, 0, 0, 0, 0, 0, 0, 0, 0, 0, 0, 0, 0, 0, 1, 0, 0, 0, 1, 0, 0, 0, 0, 0, 0, 0, 0, 0, 0, 0, 0] (0.000s)
  Sub: Z₀=35.504847 [LOCAL] (0.2s), α=[0.000,0.000,0.000,0.000,0.000,0.000,0.000,0.000,0.000,0.000,0.000,0.000,0.000,0.000,0.000,0.000,0.000,0.000,0.000,0.000,0.000,0.000,0.000,0.000,0.000,0.000,0.000,0.023,3.623,0.000,3.291,0.000,0.000,0.000,2.126,0.000,1.185,0.000,0.000,0.000,0.000,0.000,0.000,0.000,0.000,0.000,0.000]
  Iter 26: LB=12.135482  UB=34.544462  gap=6.49e-01
  Cut: intercept=-1123.594926, π_x_range=[-829.4983, 582.8385]
  Mini-Benders[1] (mw): LB=12.157615, Z₀(α*)=1.754618, intercept=-97.662388 (0.126s) [OMP=0.089 ISP-L=0.004 ISP-F=0.011 MW-L=0.009 MW-F=0.010]
  Mini-Benders[2] (mw): LB=12.157615, Z₀(α*)=1.754618, intercept=-97.662388 (0.109s) [OMP=0.082 ISP-L=0.004 ISP-F=0.011 MW-L=0.010 MW-F=0.011]
  Mini-Benders[3] (mw): LB=12.157615, Z₀(α*)=1.754618, intercept=-97.662388 (0.125s) [OMP=0.083 ISP-L=0.004 ISP-F=0.011 MW-L=0.009 MW-F=0.011]
  Mini-Benders[4]: LB stagnated, break
  α-step: Z₀=28.995611, α=[0.000,0.000,0.000,0.000,0.000,0.000,0.000,0.000,0.000,0.000,0.000,0.000,0.000,0.000,0.000,0.000,0.000,0.000,0.000,0.000,0.000,0.000,0.000,0.000,2.001,0.000,0.000,0.000,8.091,0.000,0.000,0.000,0.000,0.000,0.000,0.000,0.157,0.000,0.000,0.000,0.000,0.000,0.000,0.000,0.000,0.000,0.000]
  Alt-Benders[1] (mw): LB=12.354048, Z₀(α*)=23.908853, intercept=-50.034665 (0.141s) [OMP=0.093 ISP-L=0.005 ISP-F=0.014 MW-L=0.009 MW-F=0.011]
  Alt-Benders[2] (mw): LB=12.452394, Z₀(α*)=8.227739, intercept=-72.569935 (0.122s) [OMP=0.082 ISP-L=0.004 ISP-F=0.009 MW-L=0.010 MW-F=0.010]
  Alt-Benders[3] (mw): LB=12.452394, Z₀(α*)=8.227739, intercept=-72.569935 (0.113s) [OMP=0.091 ISP-L=0.004 ISP-F=0.009 MW-L=0.010 MW-F=0.009]
  Alt-Benders[4] (mw): LB=12.452394, Z₀(α*)=8.227739, intercept=-72.569935 (0.125s) [OMP=0.091 ISP-L=0.004 ISP-F=0.009 MW-L=0.010 MW-F=0.010]
  Alt-Benders[5]: LB stagnated, break
  OMP re-solve: 0.000s

=== True-DRO Benders iter 27 ===
  OMP: t₀=12.452394, UB=34.544462, gap=6.40e-01, x=[0, 0, 0, 0, 0, 0, 0, 0, 0, 0, 0, 0, 0, 0, 0, 1, 0, 0, 0, 0, 0, 0, 0, 1, 0, 0, 0, 0, 0, 0, 0, 0, 0, 0, 0, 0, 0, 0, 0, 0, 0, 0, 0, 0, 0, 0, 0] (0.000s)
  Sub: Z₀=35.665145 [LOCAL] (0.2s), α=[0.000,0.000,0.000,0.000,0.000,0.000,0.000,0.000,0.000,0.000,0.000,0.000,0.000,0.000,0.000,0.000,0.000,0.000,0.000,0.000,0.000,0.000,3.035,3.901,2.360,0.000,0.000,0.000,0.000,0.000,0.000,0.000,0.000,0.000,0.000,0.795,0.157,0.000,0.000,0.000,0.000,0.000,0.000,0.000,0.000,0.000,0.000]
  Iter 27: LB=12.452394  UB=34.544462  gap=6.40e-01
  Cut: intercept=-1082.605462, π_x_range=[-827.8859, 579.6339]
  Mini-Benders[1] (mw): LB=13.128297, Z₀(α*)=20.081539, intercept=-56.949411 (0.125s) [OMP=0.088 ISP-L=0.004 ISP-F=0.011 MW-L=0.010 MW-F=0.010]
  Mini-Benders[2] (mw): LB=13.231137, Z₀(α*)=1.383380, intercept=-29.261214 (0.125s) [OMP=0.085 ISP-L=0.004 ISP-F=0.011 MW-L=0.010 MW-F=0.012]
  Mini-Benders[3] (mw): LB=13.231137, Z₀(α*)=1.383380, intercept=-29.261214 (0.125s) [OMP=0.080 ISP-L=0.004 ISP-F=0.011 MW-L=0.010 MW-F=0.012]
  Mini-Benders[4] (mw): LB=13.231137, Z₀(α*)=1.383380, intercept=-29.261214 (0.111s) [OMP=0.082 ISP-L=0.004 ISP-F=0.011 MW-L=0.010 MW-F=0.011]
  Mini-Benders[5]: LB stagnated, break
  α-step: Z₀=37.343335, α=[0.000,0.000,0.000,0.000,0.000,0.000,0.000,0.000,0.000,0.000,0.000,0.000,0.000,0.000,0.000,0.000,0.000,0.000,0.000,0.000,0.000,0.000,0.000,0.000,5.422,0.000,0.000,0.000,4.670,0.000,0.000,0.000,0.000,0.000,0.000,0.000,0.157,0.000,0.000,0.000,0.000,0.000,0.000,0.000,0.000,0.000,0.000]
  Alt-Benders[1] (mw): LB=13.378263, Z₀(α*)=23.451032, intercept=-128.575625 (0.125s) [OMP=0.090 ISP-L=0.004 ISP-F=0.010 MW-L=0.010 MW-F=0.011]
  Alt-Benders[2] (mw): LB=14.333121, Z₀(α*)=25.257033, intercept=-126.396339 (0.125s) [OMP=0.086 ISP-L=0.004 ISP-F=0.012 MW-L=0.009 MW-F=0.011]
  Alt-Benders[3] (mw): LB=15.537010, Z₀(α*)=32.369789, intercept=11.455185 (0.122s) [OMP=0.080 ISP-L=0.004 ISP-F=0.010 MW-L=0.010 MW-F=0.010]
  Alt-Benders[4] (mw): LB=15.548515, Z₀(α*)=31.095334, intercept=-15.225736 (0.113s) [OMP=0.083 ISP-L=0.004 ISP-F=0.011 MW-L=0.009 MW-F=0.011]
  Alt-Benders[5] (mw): LB=15.961941, Z₀(α*)=37.978417, intercept=-8.039836 (0.109s) [OMP=0.082 ISP-L=0.004 ISP-F=0.012 MW-L=0.007 MW-F=0.010]
  OMP re-solve: 0.084s

=== True-DRO Benders iter 28 ===
  OMP: t₀=16.107902, UB=34.544462, gap=5.34e-01, x=[0, 0, 0, 0, 0, 0, 0, 0, 0, 0, 0, 1, 0, 0, 0, 0, 0, 0, 0, 0, 0, 0, 0, 0, 0, 0, 1, 0, 0, 0, 0, 0, 0, 0, 0, 0, 0, 0, 0, 0, 0, 0, 0, 0, 0, 0, 0] (0.000s)
  Sub: Z₀=38.742843 [LOCAL] (0.1s), α=[0.000,0.000,0.000,0.000,0.000,0.000,0.000,0.000,0.000,0.000,0.000,0.000,0.000,0.000,0.000,0.000,0.000,0.000,0.000,0.000,0.000,0.000,0.000,0.000,5.777,0.000,0.000,0.032,4.440,0.000,0.000,0.000,0.000,0.000,0.000,0.000,0.000,0.000,0.000,0.000,0.000,0.000,0.000,0.000,0.000,0.000,0.000]
  Iter 28: LB=16.107902  UB=34.544462  gap=5.34e-01
  Cut: intercept=-1130.909294, π_x_range=[-829.9815, 586.9213]
  Mini-Benders[1] (mw): LB=16.240741, Z₀(α*)=38.779037, intercept=8.355067 (0.141s) [OMP=0.087 ISP-L=0.005 ISP-F=0.012 MW-L=0.009 MW-F=0.024]
  Mini-Benders[2] (mw): LB=16.679641, Z₀(α*)=27.726803, intercept=-126.140339 (0.141s) [OMP=0.095 ISP-L=0.004 ISP-F=0.012 MW-L=0.008 MW-F=0.013]
  Mini-Benders[3] (mw): LB=16.881766, Z₀(α*)=26.786757, intercept=-100.284847 (0.125s) [OMP=0.090 ISP-L=0.004 ISP-F=0.011 MW-L=0.009 MW-F=0.011]
  Mini-Benders[4] (mw): LB=17.053976, Z₀(α*)=23.262890, intercept=-27.598307 (0.125s) [OMP=0.085 ISP-L=0.004 ISP-F=0.010 MW-L=0.010 MW-F=0.010]
  Mini-Benders[5] (mw): LB=17.239894, Z₀(α*)=28.893942, intercept=-138.053976 (0.110s) [OMP=0.086 ISP-L=0.004 ISP-F=0.009 MW-L=0.008 MW-F=0.013]
  α-step: Z₀=23.040621, α=[0.000,0.000,0.000,0.000,0.000,0.000,0.000,0.000,0.000,0.000,0.000,0.000,0.000,0.000,0.000,0.000,0.000,0.000,0.000,0.000,0.000,0.000,0.000,0.000,0.000,0.000,0.000,7.092,0.000,0.000,0.000,0.000,0.000,0.000,0.000,0.000,3.157,0.000,0.000,0.000,0.000,0.000,0.000,0.000,0.000,0.000,0.000]
  Alt-Benders[1] (mw): LB=17.342331, Z₀(α*)=-11.667813, intercept=-171.954341 (0.125s) [OMP=0.090 ISP-L=0.004 ISP-F=0.013 MW-L=0.011 MW-F=0.009]
  Alt-Benders[2] (mw): LB=17.342331, Z₀(α*)=-11.667813, intercept=-171.954341 (0.141s) [OMP=0.088 ISP-L=0.004 ISP-F=0.012 MW-L=0.010 MW-F=0.010]
  Alt-Benders[3] (mw): LB=17.342331, Z₀(α*)=-11.667813, intercept=-171.954341 (0.125s) [OMP=0.088 ISP-L=0.004 ISP-F=0.012 MW-L=0.010 MW-F=0.009]
  Alt-Benders[4]: LB stagnated, break
  OMP re-solve: 0.000s

=== True-DRO Benders iter 29 ===
  OMP: t₀=17.342331, UB=34.544462, gap=4.98e-01, x=[0, 0, 0, 0, 0, 0, 0, 0, 0, 0, 0, 0, 0, 0, 0, 0, 0, 0, 0, 0, 0, 0, 0, 0, 0, 0, 0, 0, 0, 1, 0, 1, 0, 0, 0, 0, 0, 0, 0, 0, 0, 0, 0, 0, 0, 0, 0] (0.000s)
  Sub: Z₀=35.388686 [LOCAL] (0.2s), α=[0.000,0.000,0.000,0.000,0.000,0.000,0.000,0.000,0.000,0.000,0.000,0.000,0.000,0.000,0.000,0.000,0.000,0.000,0.000,0.000,0.000,0.000,0.000,0.000,0.000,0.000,0.000,0.030,4.312,0.000,0.000,5.907,0.000,0.000,0.000,0.000,0.000,0.000,0.000,0.000,0.000,0.000,0.000,0.000,0.000,0.000,0.000]
  Iter 29: LB=17.342331  UB=34.544462  gap=4.98e-01
  Cut: intercept=-1076.726100, π_x_range=[-829.3870, 559.5828]
  Mini-Benders[1] (mw): LB=17.508316, Z₀(α*)=6.698289, intercept=-276.439540 (0.125s) [OMP=0.089 ISP-L=0.004 ISP-F=0.010 MW-L=0.009 MW-F=0.010]
  Mini-Benders[2] (mw): LB=17.508316, Z₀(α*)=6.698289, intercept=-276.439540 (0.126s) [OMP=0.090 ISP-L=0.004 ISP-F=0.009 MW-L=0.008 MW-F=0.009]
  Mini-Benders[3] (mw): LB=17.508316, Z₀(α*)=6.698289, intercept=-276.439540 (0.108s) [OMP=0.089 ISP-L=0.004 ISP-F=0.009 MW-L=0.008 MW-F=0.009]
  Mini-Benders[4]: LB stagnated, break
  α-step: Z₀=31.243622, α=[0.000,0.000,0.000,0.000,0.000,0.000,0.000,0.000,0.000,0.000,0.000,0.000,0.000,0.000,0.000,0.000,0.000,0.000,0.000,0.000,0.000,0.000,0.000,0.000,0.000,0.000,0.000,0.000,6.868,0.000,0.000,0.000,3.223,0.000,0.000,0.000,0.157,0.000,0.000,0.000,0.000,0.000,0.000,0.000,0.000,0.000,0.000]
  Alt-Benders[1] (mw): LB=17.528490, Z₀(α*)=6.685495, intercept=-36.214600 (0.125s) [OMP=0.085 ISP-L=0.004 ISP-F=0.010 MW-L=0.010 MW-F=0.011]
  Alt-Benders[2] (mw): LB=17.528490, Z₀(α*)=6.685495, intercept=-36.214600 (0.126s) [OMP=0.091 ISP-L=0.004 ISP-F=0.009 MW-L=0.008 MW-F=0.012]
  Alt-Benders[3] (mw): LB=17.528490, Z₀(α*)=6.685495, intercept=-36.214600 (0.124s) [OMP=0.089 ISP-L=0.004 ISP-F=0.010 MW-L=0.009 MW-F=0.011]
  Alt-Benders[4]: LB stagnated, break
  OMP re-solve: 0.000s

=== True-DRO Benders iter 30 ===
  OMP: t₀=17.528490, UB=34.544462, gap=4.93e-01, x=[0, 0, 0, 0, 0, 0, 0, 0, 0, 0, 0, 0, 0, 0, 0, 0, 0, 0, 0, 0, 0, 0, 0, 0, 0, 0, 0, 0, 1, 0, 0, 1, 0, 0, 0, 0, 0, 0, 0, 0, 0, 0, 0, 0, 0, 0, 0] (0.000s)
  Sub: Z₀=37.455059 [TIME_LIMIT] (15.2s), α=[0.000,0.000,0.000,0.000,0.000,0.000,0.000,0.000,0.000,0.000,0.000,0.000,0.000,0.000,0.000,0.000,0.000,0.000,0.000,0.000,0.000,0.000,0.000,0.000,6.497,0.000,0.000,0.000,2.340,0.000,0.000,1.413,0.000,0.000,0.000,0.000,0.000,0.000,0.000,0.000,0.000,0.000,0.000,0.000,0.000,0.000,0.000]
  Iter 30: LB=17.528490  UB=34.544462  gap=4.93e-01
  Cut: intercept=-38.324590, π_x_range=[-174.7510, 69.6332]
  Mini-Benders[1] (mw): LB=17.667328, Z₀(α*)=14.856204, intercept=-50.865667 (0.139s) [OMP=0.106 ISP-L=0.004 ISP-F=0.012 MW-L=0.009 MW-F=0.012]
  Mini-Benders[2] (mw): LB=17.667328, Z₀(α*)=14.856204, intercept=-50.865667 (0.143s) [OMP=0.101 ISP-L=0.004 ISP-F=0.011 MW-L=0.010 MW-F=0.010]
  Mini-Benders[3] (mw): LB=17.667328, Z₀(α*)=14.856204, intercept=-50.865667 (0.122s) [OMP=0.099 ISP-L=0.004 ISP-F=0.011 MW-L=0.010 MW-F=0.010]
  Mini-Benders[4]: LB stagnated, break
  α-step: Z₀=34.614703, α=[0.000,0.000,0.000,0.000,0.000,0.000,0.000,0.000,0.000,0.000,0.000,0.000,0.000,0.000,0.000,0.000,0.000,0.000,0.000,0.000,0.000,0.000,0.000,2.145,2.929,0.000,0.000,0.000,0.000,0.000,0.000,0.000,0.000,0.000,0.000,0.000,5.175,0.000,0.000,0.000,0.000,0.000,0.000,0.000,0.000,0.000,0.000]
  Alt-Benders[1] (mw): LB=17.694960, Z₀(α*)=-4.867711, intercept=-13.352929 (0.126s) [OMP=0.098 ISP-L=0.004 ISP-F=0.012 MW-L=0.009 MW-F=0.009]
  Alt-Benders[2] (mw): LB=17.694960, Z₀(α*)=-4.867711, intercept=-13.352929 (0.125s) [OMP=0.096 ISP-L=0.004 ISP-F=0.011 MW-L=0.009 MW-F=0.008]
  Alt-Benders[3] (mw): LB=17.694960, Z₀(α*)=-4.867711, intercept=-13.352929 (0.141s) [OMP=0.094 ISP-L=0.004 ISP-F=0.011 MW-L=0.010 MW-F=0.010]
  Alt-Benders[4]: LB stagnated, break
  OMP re-solve: 0.000s

=== True-DRO Benders iter 31 ===
  OMP: t₀=17.694960, UB=34.544462, gap=4.88e-01, x=[0, 0, 0, 0, 0, 0, 0, 0, 0, 1, 0, 0, 0, 0, 0, 0, 0, 0, 0, 0, 0, 0, 0, 0, 0, 0, 0, 0, 0, 0, 0, 1, 0, 0, 0, 0, 0, 0, 0, 0, 0, 0, 0, 0, 0, 0, 0] (0.000s)
  Sub: Z₀=38.069698 [LOCAL] (0.2s), α=[0.000,0.000,0.000,0.000,0.000,0.000,0.000,0.000,0.000,0.000,0.000,0.000,0.000,0.000,0.000,0.000,0.000,0.000,0.000,0.000,0.000,0.000,0.000,0.000,6.378,0.000,0.000,0.000,1.361,0.000,0.000,2.510,0.000,0.000,0.000,0.000,0.000,0.000,0.000,0.000,0.000,0.000,0.000,0.000,0.000,0.000,0.000]
  Iter 31: LB=17.694960  UB=34.544462  gap=4.88e-01
  Cut: intercept=-1079.356049, π_x_range=[-827.7470, 564.4655]
  Mini-Benders[1] (mw): LB=17.877951, Z₀(α*)=5.600955, intercept=-25.324997 (0.125s) [OMP=0.094 ISP-L=0.004 ISP-F=0.012 MW-L=0.007 MW-F=0.011]
  Mini-Benders[2] (mw): LB=17.877951, Z₀(α*)=5.600955, intercept=-25.324997 (0.125s) [OMP=0.091 ISP-L=0.004 ISP-F=0.012 MW-L=0.009 MW-F=0.009]
  Mini-Benders[3] (mw): LB=17.877951, Z₀(α*)=5.600955, intercept=-25.324997 (0.126s) [OMP=0.091 ISP-L=0.004 ISP-F=0.012 MW-L=0.008 MW-F=0.009]
  Mini-Benders[4]: LB stagnated, break
  α-step: Z₀=36.784589, α=[0.000,0.000,0.000,0.000,0.000,0.000,0.000,0.000,0.000,0.000,0.000,0.000,0.000,0.000,0.000,0.000,0.000,0.000,0.000,0.000,0.000,0.000,0.000,0.000,1.291,0.000,0.000,0.000,2.744,0.000,0.000,0.912,0.000,0.000,3.808,1.337,0.157,0.000,0.000,0.000,0.000,0.000,0.000,0.000,0.000,0.000,0.000]
  Alt-Benders[1] (mw): LB=17.959866, Z₀(α*)=23.529282, intercept=-51.865402 (0.141s) [OMP=0.102 ISP-L=0.004 ISP-F=0.011 MW-L=0.009 MW-F=0.010]
  Alt-Benders[2] (mw): LB=18.456789, Z₀(α*)=17.349258, intercept=-32.317017 (0.125s) [OMP=0.092 ISP-L=0.004 ISP-F=0.011 MW-L=0.009 MW-F=0.011]
  Alt-Benders[3] (mw): LB=18.456789, Z₀(α*)=17.349258, intercept=-32.317017 (0.139s) [OMP=0.095 ISP-L=0.004 ISP-F=0.011 MW-L=0.009 MW-F=0.011]
  Alt-Benders[4] (mw): LB=18.456789, Z₀(α*)=17.349258, intercept=-32.317017 (0.127s) [OMP=0.095 ISP-L=0.004 ISP-F=0.011 MW-L=0.009 MW-F=0.011]
  Alt-Benders[5]: LB stagnated, break
  OMP re-solve: 0.000s

=== True-DRO Benders iter 32 ===
  OMP: t₀=18.456789, UB=34.544462, gap=4.66e-01, x=[0, 0, 0, 0, 0, 0, 0, 0, 0, 0, 0, 0, 0, 0, 1, 0, 0, 0, 0, 0, 0, 0, 0, 1, 0, 0, 0, 0, 0, 0, 0, 0, 0, 0, 0, 0, 0, 0, 0, 0, 0, 0, 0, 0, 0, 0, 0] (0.000s)
  Sub: Z₀=35.730499 [LOCAL] (0.2s), α=[0.000,0.000,0.000,0.000,0.000,0.000,0.000,0.000,0.000,0.000,0.000,0.000,0.000,0.000,0.000,0.000,0.000,0.000,0.000,0.000,0.000,0.000,3.289,3.698,2.929,0.000,0.000,0.000,0.000,0.000,0.000,0.000,0.000,0.000,0.000,0.021,0.312,0.000,0.000,0.000,0.000,0.000,0.000,0.000,0.000,0.000,0.000]
  Iter 32: LB=18.456789  UB=34.544462  gap=4.66e-01
  Cut: intercept=-1127.816595, π_x_range=[-827.6531, 592.2272]
  Mini-Benders[1] (mw): LB=18.511407, Z₀(α*)=32.015189, intercept=-21.382794 (0.141s) [OMP=0.093 ISP-L=0.004 ISP-F=0.012 MW-L=0.009 MW-F=0.011]
  Mini-Benders[2] (mw): LB=18.514327, Z₀(α*)=8.530516, intercept=-97.661287 (0.125s) [OMP=0.090 ISP-L=0.004 ISP-F=0.011 MW-L=0.008 MW-F=0.011]
  Mini-Benders[3] (mw): LB=18.514327, Z₀(α*)=8.530516, intercept=-97.661287 (0.125s) [OMP=0.093 ISP-L=0.004 ISP-F=0.011 MW-L=0.007 MW-F=0.011]
  Mini-Benders[4] (mw): LB=18.514327, Z₀(α*)=8.530516, intercept=-97.661287 (0.140s) [OMP=0.102 ISP-L=0.004 ISP-F=0.012 MW-L=0.008 MW-F=0.010]
  Mini-Benders[5]: LB stagnated, break
  α-step: Z₀=36.889409, α=[0.000,0.000,0.000,0.000,0.000,0.000,0.000,0.000,0.000,0.000,0.000,0.000,0.000,0.000,0.000,0.000,0.000,0.000,0.000,0.000,0.000,0.000,0.000,0.000,0.000,2.803,0.000,0.000,0.907,0.100,0.000,1.652,0.000,0.000,0.000,0.000,4.787,0.000,0.000,0.000,0.000,0.000,0.000,0.000,0.000,0.000,0.000]
  Alt-Benders[1] (mw): LB=19.300800, Z₀(α*)=15.837890, intercept=-52.981530 (0.140s) [OMP=0.098 ISP-L=0.004 ISP-F=0.011 MW-L=0.008 MW-F=0.011]
  Alt-Benders[2] (mw): LB=19.300800, Z₀(α*)=15.837890, intercept=-52.981530 (0.125s) [OMP=0.096 ISP-L=0.004 ISP-F=0.010 MW-L=0.009 MW-F=0.009]
  Alt-Benders[3] (mw): LB=19.300800, Z₀(α*)=15.837890, intercept=-52.981530 (0.141s) [OMP=0.097 ISP-L=0.004 ISP-F=0.010 MW-L=0.009 MW-F=0.009]
  Alt-Benders[4]: LB stagnated, break
  OMP re-solve: 0.000s

=== True-DRO Benders iter 33 ===
  OMP: t₀=19.300800, UB=34.544462, gap=4.41e-01, x=[0, 0, 0, 0, 0, 0, 0, 0, 0, 0, 0, 0, 0, 0, 0, 1, 0, 0, 0, 0, 0, 0, 0, 0, 0, 0, 0, 0, 0, 0, 0, 0, 0, 0, 0, 0, 1, 0, 0, 0, 0, 0, 0, 0, 0, 0, 0] (0.000s)
  Sub: Z₀=36.535866 [LOCAL] (0.2s), α=[0.000,0.000,0.000,0.000,0.000,0.000,0.000,0.000,0.000,0.000,0.000,0.000,0.000,0.000,0.000,0.000,0.000,0.000,0.000,0.000,0.000,0.000,0.000,0.000,1.484,0.000,0.000,0.000,2.744,0.000,0.000,0.000,0.000,0.000,0.000,0.000,6.020,0.000,0.000,0.000,0.000,0.000,0.000,0.000,0.000,0.000,0.000]
  Iter 33: LB=19.300800  UB=34.544462  gap=4.41e-01
  Cut: intercept=-1083.020484, π_x_range=[-830.3359, 582.7021]
  Mini-Benders[1] (mw): LB=19.306573, Z₀(α*)=31.243228, intercept=-125.910488 (0.125s) [OMP=0.098 ISP-L=0.004 ISP-F=0.009 MW-L=0.009 MW-F=0.010]
  Mini-Benders[2] (mw): LB=19.547695, Z₀(α*)=32.021432, intercept=-11.493227 (0.141s) [OMP=0.097 ISP-L=0.004 ISP-F=0.010 MW-L=0.009 MW-F=0.009]
  Mini-Benders[3] (mw): LB=19.671654, Z₀(α*)=0.360131, intercept=-13.218458 (0.134s) [OMP=0.097 ISP-L=0.004 ISP-F=0.012 MW-L=0.009 MW-F=0.009]
  Mini-Benders[4] (mw): LB=19.671654, Z₀(α*)=0.360131, intercept=-13.218458 (0.132s) [OMP=0.096 ISP-L=0.004 ISP-F=0.012 MW-L=0.009 MW-F=0.009]
  Mini-Benders[5] (mw): LB=19.671654, Z₀(α*)=0.360131, intercept=-13.218458 (0.125s) [OMP=0.101 ISP-L=0.004 ISP-F=0.012 MW-L=0.008 MW-F=0.010]
  α-step: Z₀=37.980953, α=[0.000,0.000,0.000,0.000,0.000,0.000,0.000,0.000,0.000,0.000,0.000,0.000,0.000,0.000,0.000,0.000,0.000,0.000,0.000,0.000,0.000,0.000,0.000,0.000,5.491,0.000,0.000,0.000,2.744,0.000,0.000,2.014,0.000,0.000,0.000,0.000,0.000,0.000,0.000,0.000,0.000,0.000,0.000,0.000,0.000,0.000,0.000]
  Alt-Benders[1] (mw): LB=19.725783, Z₀(α*)=37.980953, intercept=-12.553537 (0.125s) [OMP=0.099 ISP-L=0.004 ISP-F=0.010 MW-L=0.009 MW-F=0.008]
  Alt-Benders[2] (mw): LB=19.739280, Z₀(α*)=28.754477, intercept=-16.614490 (0.125s) [OMP=0.094 ISP-L=0.004 ISP-F=0.012 MW-L=0.009 MW-F=0.010]
  Alt-Benders[3] (mw): LB=20.042534, Z₀(α*)=-2.001715, intercept=-106.959796 (0.141s) [OMP=0.099 ISP-L=0.004 ISP-F=0.011 MW-L=0.010 MW-F=0.013]
  Alt-Benders[4] (mw): LB=20.042534, Z₀(α*)=-2.001715, intercept=-106.959796 (0.142s) [OMP=0.102 ISP-L=0.004 ISP-F=0.011 MW-L=0.009 MW-F=0.011]
  Alt-Benders[5] (mw): LB=20.042534, Z₀(α*)=-2.001715, intercept=-106.959796 (0.139s) [OMP=0.101 ISP-L=0.004 ISP-F=0.011 MW-L=0.009 MW-F=0.012]
  OMP re-solve: 0.101s

=== True-DRO Benders iter 34 ===
  OMP: t₀=20.042534, UB=34.544462, gap=4.20e-01, x=[0, 0, 0, 0, 0, 0, 0, 0, 0, 0, 0, 0, 0, 0, 0, 0, 0, 0, 0, 0, 0, 0, 0, 0, 0, 0, 0, 0, 0, 1, 0, 0, 0, 0, 0, 1, 0, 0, 0, 0, 0, 0, 0, 0, 0, 0, 0] (0.000s)
  Sub: Z₀=37.080375 [LOCAL] (0.2s), α=[0.000,0.000,0.000,0.000,0.000,0.000,0.000,0.000,0.000,0.000,0.000,0.000,0.000,0.000,0.000,0.000,0.000,0.000,0.000,0.000,0.000,0.000,0.000,0.000,0.000,0.000,0.000,0.027,4.061,0.000,0.000,0.000,0.000,0.000,0.000,3.281,2.880,0.000,0.000,0.000,0.000,0.000,0.000,0.000,0.000,0.000,0.000]
  Iter 34: LB=20.042534  UB=34.544462  gap=4.20e-01
  Cut: intercept=-1098.642777, π_x_range=[-829.7944, 582.8101]
  Mini-Benders[1] (mw): LB=20.081537, Z₀(α*)=30.090159, intercept=-59.657329 (0.138s) [OMP=0.103 ISP-L=0.004 ISP-F=0.011 MW-L=0.008 MW-F=0.011]
  Mini-Benders[2] (mw): LB=20.186196, Z₀(α*)=30.133109, intercept=-11.876710 (0.142s) [OMP=0.103 ISP-L=0.004 ISP-F=0.013 MW-L=0.009 MW-F=0.009]
  Mini-Benders[3] (mw): LB=20.529795, Z₀(α*)=19.444867, intercept=-112.106302 (0.139s) [OMP=0.102 ISP-L=0.004 ISP-F=0.011 MW-L=0.008 MW-F=0.011]
  Mini-Benders[4] (mw): LB=20.529795, Z₀(α*)=19.444867, intercept=-112.106302 (0.125s) [OMP=0.096 ISP-L=0.004 ISP-F=0.012 MW-L=0.008 MW-F=0.011]
  Mini-Benders[5] (mw): LB=20.529795, Z₀(α*)=19.444867, intercept=-112.106302 (0.125s) [OMP=0.090 ISP-L=0.004 ISP-F=0.011 MW-L=0.008 MW-F=0.011]
  α-step: Z₀=30.382945, α=[0.000,0.000,0.000,0.000,0.000,0.000,0.000,0.000,0.000,0.000,0.000,0.000,0.000,0.000,0.000,0.000,0.000,0.000,0.000,0.000,0.000,0.000,0.000,0.000,0.000,0.000,0.000,3.123,6.968,0.000,0.000,0.000,0.000,0.000,0.000,0.000,0.157,0.000,0.000,0.000,0.000,0.000,0.000,0.000,0.000,0.000,0.000]
  Alt-Benders[1] (mw): LB=20.613761, Z₀(α*)=7.140854, intercept=-150.412700 (0.127s) [OMP=0.100 ISP-L=0.004 ISP-F=0.010 MW-L=0.009 MW-F=0.009]
  Alt-Benders[2] (mw): LB=20.613761, Z₀(α*)=7.140854, intercept=-150.412700 (0.125s) [OMP=0.094 ISP-L=0.004 ISP-F=0.011 MW-L=0.009 MW-F=0.009]
  Alt-Benders[3] (mw): LB=20.613761, Z₀(α*)=7.140854, intercept=-150.412700 (0.125s) [OMP=0.095 ISP-L=0.004 ISP-F=0.010 MW-L=0.008 MW-F=0.010]
  Alt-Benders[4]: LB stagnated, break
  OMP re-solve: 0.000s

=== True-DRO Benders iter 35 ===
  OMP: t₀=20.613761, UB=34.544462, gap=4.03e-01, x=[0, 0, 0, 0, 0, 0, 0, 0, 0, 0, 0, 0, 0, 0, 0, 0, 0, 0, 0, 0, 0, 0, 0, 0, 0, 0, 0, 0, 0, 0, 0, 0, 1, 0, 0, 0, 1, 0, 0, 0, 0, 0, 0, 0, 0, 0, 0] (0.000s)
  Sub: Z₀=29.252037 (0.9s), α=[0.000,0.000,0.000,0.000,0.000,0.000,0.000,0.000,0.000,0.000,0.000,0.000,0.000,0.000,0.000,0.000,0.000,0.000,0.000,0.000,0.000,0.000,0.000,0.000,0.160,0.000,0.000,0.000,2.744,0.000,0.000,0.000,0.000,0.000,0.000,0.000,7.345,0.000,0.000,0.000,0.000,0.000,0.000,0.000,0.000,0.000,0.000]
  Iter 35: LB=20.613761  UB=29.252037  gap=2.95e-01
  Cut: intercept=-198.189374, π_x_range=[-189.1181, 164.2108]
  Sherali-Cut: intercept=-120.009206, π_x_range=[-100.0000, 106.1388]
  Mini-Benders[1] (mw): LB=20.726390, Z₀(α*)=27.362098, intercept=-52.146840 (0.141s) [OMP=0.098 ISP-L=0.004 ISP-F=0.011 MW-L=0.009 MW-F=0.012]
  Mini-Benders[2] (mw): LB=21.127526, Z₀(α*)=22.685167, intercept=-33.068006 (0.140s) [OMP=0.105 ISP-L=0.004 ISP-F=0.009 MW-L=0.009 MW-F=0.011]
  Mini-Benders[3] (mw): LB=21.364757, Z₀(α*)=23.681308, intercept=-67.573783 (0.125s) [OMP=0.100 ISP-L=0.004 ISP-F=0.011 MW-L=0.009 MW-F=0.009]
  Mini-Benders[4] (mw): LB=21.798918, Z₀(α*)=22.653205, intercept=-33.068003 (0.141s) [OMP=0.098 ISP-L=0.004 ISP-F=0.010 MW-L=0.009 MW-F=0.011]
  Mini-Benders[5] (mw): LB=22.096940, Z₀(α*)=-15.051077, intercept=-115.791442 (0.141s) [OMP=0.107 ISP-L=0.004 ISP-F=0.011 MW-L=0.007 MW-F=0.014]
  α-step: Z₀=28.118254, α=[0.000,0.000,0.000,0.000,0.000,0.000,0.000,0.000,0.000,0.000,0.000,0.000,0.000,0.000,0.000,0.000,0.000,0.000,0.000,0.000,0.000,0.000,0.000,0.000,7.197,0.000,0.000,0.000,3.052,0.000,0.000,0.000,0.000,0.000,0.000,0.000,0.000,0.000,0.000,0.000,0.000,0.000,0.000,0.000,0.000,0.000,0.000]
  Alt-Benders[1] (mw): LB=22.144065, Z₀(α*)=3.718536, intercept=-183.198999 (0.125s) [OMP=0.094 ISP-L=0.004 ISP-F=0.012 MW-L=0.009 MW-F=0.009]
  Alt-Benders[2] (mw): LB=22.144065, Z₀(α*)=3.718536, intercept=-183.198999 (0.141s) [OMP=0.103 ISP-L=0.004 ISP-F=0.012 MW-L=0.009 MW-F=0.010]
  Alt-Benders[3] (mw): LB=22.144065, Z₀(α*)=3.718536, intercept=-183.198999 (0.141s) [OMP=0.101 ISP-L=0.004 ISP-F=0.011 MW-L=0.009 MW-F=0.010]
  Alt-Benders[4]: LB stagnated, break
  OMP re-solve: 0.000s

=== True-DRO Benders iter 36 ===
  OMP: t₀=22.144065, UB=29.252037, gap=2.43e-01, x=[0, 0, 0, 0, 0, 0, 0, 0, 0, 0, 1, 0, 0, 0, 0, 0, 0, 0, 0, 0, 0, 0, 0, 0, 0, 0, 0, 0, 0, 0, 0, 0, 0, 0, 0, 0, 1, 0, 0, 0, 0, 0, 0, 0, 0, 0, 0] (0.000s)
  Sub: Z₀=28.343419 [LOCAL] (0.2s), α=[0.000,0.000,0.000,0.000,0.000,0.000,0.000,0.000,0.000,0.000,0.000,0.000,0.000,0.000,0.000,0.000,0.000,0.000,0.000,0.000,0.000,0.000,3.703,0.000,0.000,0.000,0.000,0.000,3.611,0.000,0.000,0.000,0.000,0.000,0.000,0.000,2.935,0.000,0.000,0.000,0.000,0.000,0.000,0.000,0.000,0.000,0.000]
  Iter 36: LB=22.144065  UB=29.252037  gap=2.43e-01
  Cut: intercept=-1107.631557, π_x_range=[-826.3405, 583.1753]
  Mini-Benders[1] (mw): LB=22.332461, Z₀(α*)=24.162439, intercept=-62.923222 (0.140s) [OMP=0.097 ISP-L=0.006 ISP-F=0.011 MW-L=0.009 MW-F=0.011]
  Mini-Benders[2] (mw): LB=22.387431, Z₀(α*)=2.222943, intercept=-82.581721 (0.125s) [OMP=0.101 ISP-L=0.004 ISP-F=0.010 MW-L=0.010 MW-F=0.008]
  Mini-Benders[3] (mw): LB=22.387431, Z₀(α*)=2.222943, intercept=-82.581721 (0.140s) [OMP=0.103 ISP-L=0.004 ISP-F=0.010 MW-L=0.010 MW-F=0.009]
  Mini-Benders[4] (mw): LB=22.387431, Z₀(α*)=2.222943, intercept=-82.581721 (0.141s) [OMP=0.102 ISP-L=0.004 ISP-F=0.010 MW-L=0.010 MW-F=0.009]
  Mini-Benders[5]: LB stagnated, break
  α-step: Z₀=31.483347, α=[0.000,0.000,0.000,0.000,0.000,0.000,0.000,0.000,0.000,0.000,0.000,0.000,0.000,0.000,0.000,0.000,0.000,0.000,0.000,0.000,0.000,0.000,0.000,0.000,2.289,0.000,0.000,2.670,5.239,0.000,0.000,0.000,0.000,0.000,0.000,0.000,0.051,0.000,0.000,0.000,0.000,0.000,0.000,0.000,0.000,0.000,0.000]
  Alt-Benders[1] (mw): LB=22.389921, Z₀(α*)=7.627878, intercept=-65.061247 (0.141s) [OMP=0.096 ISP-L=0.004 ISP-F=0.011 MW-L=0.010 MW-F=0.010]
  Alt-Benders[2] (mw): LB=22.389921, Z₀(α*)=7.627878, intercept=-65.061247 (0.140s) [OMP=0.104 ISP-L=0.004 ISP-F=0.011 MW-L=0.010 MW-F=0.010]
  Alt-Benders[3] (mw): LB=22.389921, Z₀(α*)=7.627878, intercept=-65.061247 (0.146s) [OMP=0.107 ISP-L=0.004 ISP-F=0.012 MW-L=0.009 MW-F=0.011]
  Alt-Benders[4]: LB stagnated, break
  OMP re-solve: 0.000s

=== True-DRO Benders iter 37 ===
  OMP: t₀=22.389921, UB=29.252037, gap=2.35e-01, x=[0, 0, 0, 0, 0, 0, 0, 0, 0, 0, 0, 0, 0, 0, 0, 0, 0, 0, 0, 0, 0, 0, 1, 0, 0, 0, 0, 0, 0, 0, 1, 0, 0, 0, 0, 0, 0, 0, 0, 0, 0, 0, 0, 0, 0, 0, 0] (0.000s)
  Sub: Z₀=34.307395 [LOCAL] (0.2s), α=[0.000,0.000,0.000,0.000,0.000,0.000,0.000,0.000,0.000,0.000,0.000,0.000,0.000,0.000,0.000,0.000,0.000,0.000,0.000,0.000,0.000,0.000,0.000,0.000,6.143,0.000,0.000,0.000,0.000,0.000,2.605,0.000,0.000,0.000,0.000,0.000,1.501,0.000,0.000,0.000,0.000,0.000,0.000,0.000,0.000,0.000,0.000]
  Iter 37: LB=22.389921  UB=29.252037  gap=2.35e-01
  Cut: intercept=-1133.355775, π_x_range=[-830.9291, 587.1947]
  Mini-Benders[1] (mw): LB=22.408611, Z₀(α*)=-12.913586, intercept=-143.906818 (0.141s) [OMP=0.101 ISP-L=0.004 ISP-F=0.011 MW-L=0.010 MW-F=0.012]
  Mini-Benders[2] (mw): LB=22.408611, Z₀(α*)=-12.913586, intercept=-143.906818 (0.140s) [OMP=0.104 ISP-L=0.004 ISP-F=0.011 MW-L=0.009 MW-F=0.012]
  Mini-Benders[3] (mw): LB=22.408611, Z₀(α*)=-12.913586, intercept=-143.906818 (0.125s) [OMP=0.101 ISP-L=0.004 ISP-F=0.011 MW-L=0.009 MW-F=0.012]
  Mini-Benders[4]: LB stagnated, break
  α-step: Z₀=32.507586, α=[0.000,0.000,0.000,0.000,0.000,0.000,0.000,0.000,0.000,0.000,0.000,0.000,0.000,0.000,0.000,0.000,0.000,0.000,0.000,0.000,0.000,0.000,0.000,0.000,2.159,0.000,0.000,0.000,8.091,0.000,0.000,0.000,0.000,0.000,0.000,0.000,0.000,0.000,0.000,0.000,0.000,0.000,0.000,0.000,0.000,0.000,0.000]
  Alt-Benders[1] (mw): LB=22.653203, Z₀(α*)=10.311919, intercept=-12.960441 (0.140s) [OMP=0.100 ISP-L=0.004 ISP-F=0.010 MW-L=0.010 MW-F=0.010]
  Alt-Benders[2] (mw): LB=22.653203, Z₀(α*)=10.311919, intercept=-12.960441 (0.126s) [OMP=0.102 ISP-L=0.004 ISP-F=0.010 MW-L=0.010 MW-F=0.010]
  Alt-Benders[3] (mw): LB=22.653203, Z₀(α*)=10.311919, intercept=-12.960441 (0.140s) [OMP=0.101 ISP-L=0.004 ISP-F=0.011 MW-L=0.010 MW-F=0.011]
  Alt-Benders[4]: LB stagnated, break
  OMP re-solve: 0.000s

=== True-DRO Benders iter 38 ===
  OMP: t₀=22.653203, UB=29.252037, gap=2.26e-01, x=[0, 0, 0, 0, 0, 0, 0, 0, 0, 0, 0, 0, 1, 0, 0, 0, 0, 0, 0, 0, 0, 0, 0, 1, 0, 0, 0, 0, 0, 0, 0, 0, 0, 0, 0, 0, 0, 0, 0, 0, 0, 0, 0, 0, 0, 0, 0] (0.000s)
  Sub: Z₀=36.525869 [LOCAL] (0.2s), α=[0.000,0.000,0.000,0.000,0.000,0.000,0.000,0.000,0.000,0.000,0.000,0.000,0.000,0.000,0.000,0.000,0.000,0.000,0.000,0.000,0.000,0.000,3.264,3.672,2.811,0.000,0.000,0.000,0.000,0.000,0.000,0.000,0.000,0.000,0.000,0.067,0.435,0.000,0.000,0.000,0.000,0.000,0.000,0.000,0.000,0.000,0.000]
  Iter 38: LB=22.653203  UB=29.252037  gap=2.26e-01
  Cut: intercept=-1122.786375, π_x_range=[-827.8127, 580.8915]
  Mini-Benders[1] (mw): LB=22.685165, Z₀(α*)=36.525871, intercept=3.339636 (0.145s) [OMP=0.113 ISP-L=0.004 ISP-F=0.011 MW-L=0.007 MW-F=0.012]
  Mini-Benders[2] (mw): LB=22.852243, Z₀(α*)=-22.861582, intercept=-77.793686 (0.141s) [OMP=0.109 ISP-L=0.004 ISP-F=0.011 MW-L=0.008 MW-F=0.012]
  Mini-Benders[3] (mw): LB=22.852243, Z₀(α*)=-22.861582, intercept=-77.793686 (0.140s) [OMP=0.105 ISP-L=0.004 ISP-F=0.011 MW-L=0.008 MW-F=0.011]
  Mini-Benders[4] (mw): LB=22.852243, Z₀(α*)=-22.861582, intercept=-77.793686 (0.149s) [OMP=0.102 ISP-L=0.003 ISP-F=0.011 MW-L=0.009 MW-F=0.012]
  Mini-Benders[5]: LB stagnated, break
  α-step: Z₀=33.525749, α=[0.000,0.000,0.000,0.000,0.000,0.000,0.000,0.000,0.000,0.000,0.000,0.000,0.000,0.000,0.000,0.000,0.000,0.000,0.000,0.000,0.000,0.000,0.000,0.000,2.929,0.000,0.000,0.000,6.630,0.000,0.000,0.000,0.000,0.000,0.000,0.533,0.157,0.000,0.000,0.000,0.000,0.000,0.000,0.000,0.000,0.000,0.000]
  Alt-Benders[1] (mw): LB=23.016497, Z₀(α*)=32.329042, intercept=-77.031481 (0.156s) [OMP=0.111 ISP-L=0.004 ISP-F=0.011 MW-L=0.008 MW-F=0.012]
  Alt-Benders[2] (mw): LB=23.033297, Z₀(α*)=34.999944, intercept=-23.804123 (0.141s) [OMP=0.105 ISP-L=0.004 ISP-F=0.012 MW-L=0.009 MW-F=0.009]
  Alt-Benders[3] (mw): LB=23.040621, Z₀(α*)=22.340834, intercept=-153.500294 (0.140s) [OMP=0.104 ISP-L=0.004 ISP-F=0.009 MW-L=0.009 MW-F=0.011]
  Alt-Benders[4] (mw): LB=23.040621, Z₀(α*)=22.340834, intercept=-153.500294 (0.141s) [OMP=0.105 ISP-L=0.004 ISP-F=0.009 MW-L=0.009 MW-F=0.011]
  Alt-Benders[5] (mw): LB=23.040621, Z₀(α*)=22.340834, intercept=-153.500294 (0.125s) [OMP=0.104 ISP-L=0.004 ISP-F=0.009 MW-L=0.009 MW-F=0.012]
  OMP re-solve: 0.108s

=== True-DRO Benders iter 39 ===
  OMP: t₀=23.040621, UB=29.252037, gap=2.12e-01, x=[0, 0, 0, 0, 0, 0, 0, 0, 0, 0, 0, 0, 0, 0, 0, 0, 0, 0, 0, 0, 0, 0, 0, 0, 0, 0, 0, 1, 0, 0, 0, 0, 0, 0, 0, 0, 1, 0, 0, 0, 0, 0, 0, 0, 0, 0, 0] (0.000s)
  Sub: Z₀=19.930753 [LOCAL] (0.2s), α=[0.000,0.000,0.000,0.000,0.000,0.000,0.000,0.000,0.000,0.000,0.000,0.000,0.000,0.000,0.000,0.000,0.000,0.000,0.000,0.000,0.000,0.000,0.000,0.000,0.000,0.000,0.000,0.886,4.185,0.000,0.000,0.000,0.000,0.000,0.000,0.000,5.178,0.000,0.000,0.000,0.000,0.000,0.000,0.000,0.000,0.000,0.000]
  Iter 39: LB=23.040621  UB=29.252037  gap=2.12e-01
  Cut: intercept=-1149.146611, π_x_range=[-828.6488, 587.5956]
  Mini-Benders[1] (mw): LB=23.040621, Z₀(α*)=26.161053, intercept=-122.551360 (0.140s) [OMP=0.103 ISP-L=0.004 ISP-F=0.010 MW-L=0.010 MW-F=0.010]
  Mini-Benders[2] (mw): LB=23.091108, Z₀(α*)=24.550302, intercept=-74.384430 (0.156s) [OMP=0.112 ISP-L=0.004 ISP-F=0.011 MW-L=0.010 MW-F=0.010]
  Mini-Benders[3] (mw): LB=23.153429, Z₀(α*)=24.837566, intercept=-60.107295 (0.141s) [OMP=0.116 ISP-L=0.004 ISP-F=0.011 MW-L=0.009 MW-F=0.010]
  Mini-Benders[4] (mw): LB=23.262888, Z₀(α*)=-12.221734, intercept=-30.114118 (0.165s) [OMP=0.113 ISP-L=0.004 ISP-F=0.012 MW-L=0.010 MW-F=0.011]
  Mini-Benders[5] (mw): LB=23.262888, Z₀(α*)=-12.221734, intercept=-30.114118 (0.131s) [OMP=0.107 ISP-L=0.004 ISP-F=0.012 MW-L=0.008 MW-F=0.012]
  α-step: Z₀=34.599893, α=[0.000,0.000,0.000,0.000,0.000,0.000,0.000,0.000,0.000,0.000,0.000,0.000,0.000,0.000,0.000,0.000,0.000,0.000,0.000,0.000,0.000,0.000,0.000,0.000,8.146,0.000,0.000,0.000,0.208,0.000,0.000,0.000,0.000,0.000,0.000,0.000,1.895,0.000,0.000,0.000,0.000,0.000,0.000,0.000,0.000,0.000,0.000]
  Alt-Benders[1] (mw): LB=23.451030, Z₀(α*)=7.436564, intercept=-102.221982 (0.142s) [OMP=0.107 ISP-L=0.004 ISP-F=0.010 MW-L=0.010 MW-F=0.009]
  Alt-Benders[2] (mw): LB=23.451030, Z₀(α*)=7.436564, intercept=-102.221982 (0.154s) [OMP=0.116 ISP-L=0.004 ISP-F=0.010 MW-L=0.009 MW-F=0.009]
  Alt-Benders[3] (mw): LB=23.451030, Z₀(α*)=7.436564, intercept=-102.221982 (0.141s) [OMP=0.115 ISP-L=0.004 ISP-F=0.010 MW-L=0.009 MW-F=0.009]
  Alt-Benders[4]: LB stagnated, break
  OMP re-solve: 0.000s

=== True-DRO Benders iter 40 ===
  OMP: t₀=23.451030, UB=29.252037, gap=1.98e-01, x=[0, 0, 0, 0, 0, 0, 0, 0, 0, 0, 0, 0, 0, 0, 0, 0, 0, 0, 0, 0, 0, 0, 0, 0, 0, 0, 0, 0, 0, 0, 0, 0, 1, 0, 0, 1, 0, 0, 0, 0, 0, 0, 0, 0, 0, 0, 0] (0.000s)
  Sub: Z₀=32.047321 (13.7s), α=[0.000,0.000,0.000,0.000,0.000,0.000,0.000,0.000,0.000,0.000,0.000,0.000,0.000,0.000,0.000,0.000,0.000,0.000,0.000,0.000,0.000,0.000,0.000,0.000,0.000,0.000,0.000,0.000,5.078,0.000,0.000,0.000,0.000,0.000,0.000,1.470,3.701,0.000,0.000,0.000,0.000,0.000,0.000,0.000,0.000,0.000,0.000]
  Iter 40: LB=23.451030  UB=29.252037  gap=1.98e-01
  Cut: intercept=-133.501689, π_x_range=[-274.0000, 149.0023]
  Sherali-Cut: intercept=-77.741595, π_x_range=[-83.3579, 100.2448]
  Mini-Benders[1] (mw): LB=23.529280, Z₀(α*)=19.769130, intercept=-50.270032 (0.297s) [OMP=0.251 ISP-L=0.004 ISP-F=0.012 MW-L=0.010 MW-F=0.011]
  Mini-Benders[2] (mw): LB=23.529280, Z₀(α*)=19.769130, intercept=-50.270032 (0.266s) [OMP=0.238 ISP-L=0.004 ISP-F=0.012 MW-L=0.009 MW-F=0.011]
  Mini-Benders[3] (mw): LB=23.529280, Z₀(α*)=19.769130, intercept=-50.270032 (0.281s) [OMP=0.239 ISP-L=0.004 ISP-F=0.012 MW-L=0.008 MW-F=0.012]
  Mini-Benders[4]: LB stagnated, break
  α-step: Z₀=36.661613, α=[0.000,0.000,0.000,0.000,0.000,0.000,0.000,0.000,0.000,0.000,0.000,0.000,0.000,0.000,0.000,0.000,0.000,0.000,0.000,0.000,0.000,0.000,0.000,0.000,4.264,0.000,0.000,0.000,1.609,0.000,0.000,0.000,0.000,0.000,0.000,2.780,1.597,0.000,0.000,0.000,0.000,0.000,0.000,0.000,0.000,0.000,0.000]
  Alt-Benders[1] (mw): LB=23.549772, Z₀(α*)=39.659879, intercept=-0.927540 (0.172s) [OMP=0.134 ISP-L=0.004 ISP-F=0.014 MW-L=0.009 MW-F=0.009]
  Alt-Benders[2] (mw): LB=23.581715, Z₀(α*)=28.149536, intercept=-130.077517 (0.157s) [OMP=0.121 ISP-L=0.004 ISP-F=0.012 MW-L=0.009 MW-F=0.012]
  Alt-Benders[3] (mw): LB=23.595894, Z₀(α*)=36.318905, intercept=-5.352726 (0.171s) [OMP=0.125 ISP-L=0.004 ISP-F=0.012 MW-L=0.010 MW-F=0.011]
  Alt-Benders[4] (mw): LB=23.681306, Z₀(α*)=26.313103, intercept=-73.206523 (0.141s) [OMP=0.114 ISP-L=0.004 ISP-F=0.011 MW-L=0.008 MW-F=0.012]
  Alt-Benders[5] (mw): LB=23.806931, Z₀(α*)=15.907026, intercept=-92.205250 (0.172s) [OMP=0.122 ISP-L=0.004 ISP-F=0.011 MW-L=0.010 MW-F=0.011]
  OMP re-solve: 0.121s

=== True-DRO Benders iter 41 ===
  OMP: t₀=23.806931, UB=29.252037, gap=1.86e-01, x=[0, 0, 0, 0, 0, 0, 0, 0, 0, 0, 0, 0, 0, 0, 0, 0, 0, 0, 0, 0, 0, 0, 1, 1, 0, 0, 0, 0, 0, 0, 0, 0, 0, 0, 0, 0, 0, 0, 0, 0, 0, 0, 0, 0, 0, 0, 0] (0.000s)
  Sub: Z₀=31.594543 [LOCAL] (0.2s), α=[0.000,0.000,0.000,0.000,0.000,0.000,0.000,0.000,0.000,0.000,0.000,0.000,0.000,0.000,0.000,0.000,0.000,0.000,0.000,0.000,0.000,0.000,5.870,0.760,2.929,0.000,0.000,0.000,0.000,0.000,0.000,0.000,0.000,0.000,0.000,0.070,0.620,0.000,0.000,0.000,0.000,0.000,0.000,0.000,0.000,0.000,0.000]
  Iter 41: LB=23.806931  UB=29.252037  gap=1.86e-01
  Cut: intercept=-1138.278020, π_x_range=[-827.0423, 585.5394]
  Mini-Benders[1] (mw): LB=23.836536, Z₀(α*)=13.295897, intercept=9.473144 (0.188s) [OMP=0.138 ISP-L=0.004 ISP-F=0.012 MW-L=0.009 MW-F=0.011]
  Mini-Benders[2] (mw): LB=23.836536, Z₀(α*)=13.295897, intercept=9.473144 (0.157s) [OMP=0.125 ISP-L=0.004 ISP-F=0.011 MW-L=0.009 MW-F=0.011]
  Mini-Benders[3] (mw): LB=23.836536, Z₀(α*)=13.295897, intercept=9.473144 (0.155s) [OMP=0.124 ISP-L=0.004 ISP-F=0.011 MW-L=0.009 MW-F=0.011]
  Mini-Benders[4]: LB stagnated, break
  α-step: Z₀=40.110827, α=[0.000,0.000,0.000,0.000,0.000,0.000,0.000,0.000,0.000,0.000,0.000,0.000,0.000,0.000,0.000,0.000,0.000,0.000,0.000,0.000,0.000,0.000,0.000,0.000,4.872,0.000,0.000,0.000,2.744,0.000,0.000,0.000,0.000,0.000,2.300,0.000,0.333,0.000,0.000,0.000,0.000,0.000,0.000,0.000,0.000,0.000,0.000]
  Alt-Benders[1] (mw): LB=23.892460, Z₀(α*)=27.464318, intercept=-33.435758 (0.157s) [OMP=0.127 ISP-L=0.004 ISP-F=0.011 MW-L=0.008 MW-F=0.012]
  Alt-Benders[2] (mw): LB=23.905519, Z₀(α*)=17.956328, intercept=-79.512007 (0.172s) [OMP=0.128 ISP-L=0.004 ISP-F=0.010 MW-L=0.009 MW-F=0.010]
  Alt-Benders[3] (mw): LB=23.905519, Z₀(α*)=17.956328, intercept=-79.512007 (0.156s) [OMP=0.129 ISP-L=0.004 ISP-F=0.010 MW-L=0.009 MW-F=0.009]
  Alt-Benders[4] (mw): LB=23.905519, Z₀(α*)=17.956328, intercept=-79.512007 (0.172s) [OMP=0.125 ISP-L=0.004 ISP-F=0.010 MW-L=0.010 MW-F=0.010]
  Alt-Benders[5]: LB stagnated, break
  OMP re-solve: 0.000s

=== True-DRO Benders iter 42 ===
  OMP: t₀=23.905519, UB=29.252037, gap=1.83e-01, x=[0, 0, 0, 0, 0, 0, 0, 0, 0, 0, 0, 0, 0, 0, 0, 0, 0, 0, 0, 0, 0, 0, 0, 0, 0, 0, 0, 1, 1, 0, 0, 0, 0, 0, 0, 0, 0, 0, 0, 0, 0, 0, 0, 0, 0, 0, 0] (0.000s)
  Sub: Z₀=28.134979 [LOCAL] (0.2s), α=[0.000,0.000,0.000,0.000,0.000,0.000,0.000,0.000,0.000,0.000,0.000,0.000,0.000,0.000,0.000,0.000,0.000,0.000,0.000,0.000,0.000,0.000,0.000,0.000,0.000,0.000,0.000,3.967,6.231,0.000,0.000,0.000,0.000,0.000,0.000,0.000,0.051,0.000,0.000,0.000,0.000,0.000,0.000,0.000,0.000,0.000,0.000]
  Iter 42: LB=23.905519  UB=29.252037  gap=1.83e-01
  Cut: intercept=-1148.337558, π_x_range=[-828.7911, 597.3679]
  Mini-Benders[1] (mw): LB=23.908851, Z₀(α*)=11.528656, intercept=-63.674121 (0.156s) [OMP=0.120 ISP-L=0.004 ISP-F=0.010 MW-L=0.007 MW-F=0.013]
  Mini-Benders[2] (mw): LB=23.908851, Z₀(α*)=11.528656, intercept=-63.674121 (0.157s) [OMP=0.117 ISP-L=0.004 ISP-F=0.010 MW-L=0.009 MW-F=0.011]
  Mini-Benders[3] (mw): LB=23.908851, Z₀(α*)=11.528656, intercept=-63.674121 (0.156s) [OMP=0.121 ISP-L=0.004 ISP-F=0.010 MW-L=0.009 MW-F=0.011]
  Mini-Benders[4]: LB stagnated, break
  α-step: Z₀=36.549084, α=[0.000,0.000,0.000,0.000,0.000,0.000,0.000,0.000,0.000,0.000,0.000,0.000,0.000,0.000,0.000,0.000,0.000,0.000,0.000,0.000,0.000,0.000,0.000,0.000,7.115,0.000,0.000,0.000,3.135,0.000,0.000,0.000,0.000,0.000,0.000,0.000,0.000,0.000,0.000,0.000,0.000,0.000,0.000,0.000,0.000,0.000,0.000]
  Alt-Benders[1] (mw): LB=23.958358, Z₀(α*)=37.283952, intercept=-43.205652 (0.172s) [OMP=0.143 ISP-L=0.004 ISP-F=0.010 MW-L=0.009 MW-F=0.010]
  Alt-Benders[2] (mw): LB=24.036806, Z₀(α*)=32.034379, intercept=-62.525383 (0.156s) [OMP=0.122 ISP-L=0.004 ISP-F=0.012 MW-L=0.011 MW-F=0.010]
  Alt-Benders[3] (mw): LB=24.162437, Z₀(α*)=26.494840, intercept=-51.824630 (0.172s) [OMP=0.131 ISP-L=0.004 ISP-F=0.012 MW-L=0.010 MW-F=0.010]
  Alt-Benders[4] (mw): LB=24.523755, Z₀(α*)=16.158050, intercept=-82.150899 (0.156s) [OMP=0.127 ISP-L=0.004 ISP-F=0.010 MW-L=0.008 MW-F=0.011]
  Alt-Benders[5] (mw): LB=24.523755, Z₀(α*)=16.158050, intercept=-82.150899 (0.157s) [OMP=0.123 ISP-L=0.004 ISP-F=0.010 MW-L=0.009 MW-F=0.010]
  OMP re-solve: 0.130s

=== True-DRO Benders iter 43 ===
  OMP: t₀=24.523755, UB=29.252037, gap=1.62e-01, x=[0, 0, 0, 0, 0, 0, 0, 0, 0, 0, 0, 0, 0, 0, 1, 0, 0, 0, 0, 0, 0, 0, 0, 0, 0, 0, 0, 0, 0, 1, 0, 0, 0, 0, 0, 0, 0, 0, 0, 0, 0, 0, 0, 0, 0, 0, 0] (0.000s)
  Sub: Z₀=38.190716 [LOCAL] (3.6s), α=[0.000,0.000,0.000,0.000,0.000,0.000,0.000,0.000,0.000,0.000,0.000,0.000,0.000,0.000,0.000,0.000,0.000,0.000,0.000,0.000,0.000,0.000,0.006,1.257,0.000,0.080,0.000,1.067,5.268,0.100,0.000,0.000,0.000,0.000,0.000,0.391,2.080,0.000,0.000,0.000,0.000,0.000,0.000,0.000,0.000,0.000,0.000]
  Iter 43: LB=24.523755  UB=29.252037  gap=1.62e-01
  Cut: intercept=-1093.720497, π_x_range=[-829.4256, 587.5859]
  Mini-Benders[1] (mw): LB=24.540168, Z₀(α*)=35.230206, intercept=-6.683109 (0.156s) [OMP=0.131 ISP-L=0.004 ISP-F=0.011 MW-L=0.009 MW-F=0.011]
  Mini-Benders[2] (mw): LB=24.550300, Z₀(α*)=23.283754, intercept=-74.155736 (0.172s) [OMP=0.130 ISP-L=0.004 ISP-F=0.012 MW-L=0.009 MW-F=0.010]
  Mini-Benders[3] (mw): LB=24.550300, Z₀(α*)=23.283754, intercept=-74.155736 (0.157s) [OMP=0.127 ISP-L=0.004 ISP-F=0.012 MW-L=0.008 MW-F=0.011]
  Mini-Benders[4] (mw): LB=24.550300, Z₀(α*)=23.283754, intercept=-74.155736 (0.171s) [OMP=0.127 ISP-L=0.004 ISP-F=0.012 MW-L=0.009 MW-F=0.010]
  Mini-Benders[5]: LB stagnated, break
  α-step: Z₀=33.034137, α=[0.000,0.000,0.000,0.000,0.000,0.000,0.000,0.000,0.000,0.000,0.000,0.000,0.000,0.000,0.000,0.000,0.000,0.000,0.000,0.000,0.000,0.000,0.000,0.000,2.571,0.000,0.000,0.000,5.783,0.000,0.000,0.000,0.000,0.000,0.000,0.000,1.895,0.000,0.000,0.000,0.000,0.000,0.000,0.000,0.000,0.000,0.000]
  Alt-Benders[1] (mw): LB=24.620324, Z₀(α*)=33.730457, intercept=-66.818773 (0.157s) [OMP=0.123 ISP-L=0.004 ISP-F=0.009 MW-L=0.009 MW-F=0.023]
  Alt-Benders[2] (mw): LB=24.757053, Z₀(α*)=36.583325, intercept=5.472520 (0.156s) [OMP=0.131 ISP-L=0.004 ISP-F=0.011 MW-L=0.009 MW-F=0.011]
  Alt-Benders[3] (mw): LB=24.837564, Z₀(α*)=32.376365, intercept=-52.153634 (0.157s) [OMP=0.118 ISP-L=0.004 ISP-F=0.011 MW-L=0.009 MW-F=0.010]
  Alt-Benders[4] (mw): LB=25.019478, Z₀(α*)=40.403598, intercept=28.739778 (0.156s) [OMP=0.119 ISP-L=0.004 ISP-F=0.011 MW-L=0.009 MW-F=0.011]
  Alt-Benders[5] (mw): LB=25.117056, Z₀(α*)=27.427343, intercept=-122.006458 (0.156s) [OMP=0.124 ISP-L=0.004 ISP-F=0.009 MW-L=0.008 MW-F=0.012]
  OMP re-solve: 0.125s

=== True-DRO Benders iter 44 ===
  OMP: t₀=25.142435, UB=29.252037, gap=1.40e-01, x=[0, 0, 0, 0, 0, 0, 0, 0, 0, 0, 0, 0, 0, 0, 1, 0, 0, 0, 0, 0, 0, 0, 0, 0, 0, 0, 0, 0, 0, 0, 1, 0, 0, 0, 0, 0, 0, 0, 0, 0, 0, 0, 0, 0, 0, 0, 0] (0.000s)
  Sub: Z₀=37.278725 [LOCAL] (0.3s), α=[0.000,0.000,0.000,0.000,0.000,0.000,0.000,0.000,0.000,0.000,0.000,0.000,0.000,0.000,0.000,0.000,0.000,0.000,0.000,0.000,0.000,0.000,0.000,0.000,2.425,0.000,0.000,0.027,3.955,0.000,3.842,0.000,0.000,0.000,0.000,0.000,0.000,0.000,0.000,0.000,0.000,0.000,0.000,0.000,0.000,0.000,0.000]
  Iter 44: LB=25.142435  UB=29.252037  gap=1.40e-01
  Cut: intercept=-1138.496010, π_x_range=[-829.9672, 594.9792]
  Mini-Benders[1] (mw): LB=25.257031, Z₀(α*)=-1.950952, intercept=-134.898190 (0.171s) [OMP=0.127 ISP-L=0.004 ISP-F=0.012 MW-L=0.008 MW-F=0.013]
  Mini-Benders[2] (mw): LB=25.257031, Z₀(α*)=-1.950952, intercept=-134.898190 (0.156s) [OMP=0.116 ISP-L=0.004 ISP-F=0.013 MW-L=0.009 MW-F=0.012]
  Mini-Benders[3] (mw): LB=25.257031, Z₀(α*)=-1.950952, intercept=-134.898190 (0.157s) [OMP=0.116 ISP-L=0.004 ISP-F=0.013 MW-L=0.009 MW-F=0.012]
  Mini-Benders[4]: LB stagnated, break
  α-step: Z₀=34.511547, α=[0.000,0.000,0.000,0.000,0.000,0.000,0.000,0.000,0.000,0.000,0.000,0.000,0.000,0.000,0.000,0.000,0.000,0.000,0.000,0.000,0.000,0.000,4.451,0.000,0.000,0.000,0.000,0.000,5.798,0.000,0.000,0.000,0.000,0.000,0.000,0.000,0.000,0.000,0.000,0.000,0.000,0.000,0.000,0.000,0.000,0.000,0.000]
  Alt-Benders[1] (mw): LB=25.314213, Z₀(α*)=34.326895, intercept=-152.674188 (0.156s) [OMP=0.129 ISP-L=0.004 ISP-F=0.012 MW-L=0.009 MW-F=0.010]
  Alt-Benders[2] (mw): LB=25.411412, Z₀(α*)=1.492565, intercept=-110.848977 (0.172s) [OMP=0.135 ISP-L=0.004 ISP-F=0.011 MW-L=0.007 MW-F=0.009]
  Alt-Benders[3] (mw): LB=25.411412, Z₀(α*)=1.492565, intercept=-110.848977 (0.156s) [OMP=0.128 ISP-L=0.004 ISP-F=0.010 MW-L=0.009 MW-F=0.008]
  Alt-Benders[4] (mw): LB=25.411412, Z₀(α*)=1.492565, intercept=-110.848977 (0.156s) [OMP=0.126 ISP-L=0.004 ISP-F=0.010 MW-L=0.007 MW-F=0.009]
  Alt-Benders[5]: LB stagnated, break
  OMP re-solve: 0.000s

=== True-DRO Benders iter 45 ===
  OMP: t₀=25.411412, UB=29.252037, gap=1.31e-01, x=[0, 0, 0, 0, 0, 0, 0, 0, 0, 0, 1, 0, 0, 0, 0, 0, 0, 0, 0, 0, 0, 0, 0, 0, 0, 0, 0, 1, 0, 0, 0, 0, 0, 0, 0, 0, 0, 0, 0, 0, 0, 0, 0, 0, 0, 0, 0] (0.000s)
  Sub: Z₀=30.490029 (10.0s), α=[0.000,0.000,0.000,0.000,0.000,0.000,0.000,0.000,0.000,0.000,0.000,0.000,0.000,0.000,0.000,0.000,0.000,0.000,0.000,0.000,0.000,0.000,0.000,0.000,0.192,0.000,0.000,0.132,9.892,0.000,0.000,0.000,0.000,0.000,0.000,0.000,0.033,0.000,0.000,0.000,0.000,0.000,0.000,0.000,0.000,0.000,0.000]
  Iter 45: LB=25.411412  UB=29.252037  gap=1.31e-01
  Cut: intercept=-225.183618, π_x_range=[-232.0000, 135.7258]
  Sherali-Cut: intercept=-104.084873, π_x_range=[-80.8511, 107.9734]
  Mini-Benders[1] (mw): LB=25.856571, Z₀(α*)=25.202062, intercept=-165.017778 (0.203s) [OMP=0.161 ISP-L=0.004 ISP-F=0.012 MW-L=0.010 MW-F=0.011]
  Mini-Benders[2] (mw): LB=25.856571, Z₀(α*)=25.202062, intercept=-165.017778 (0.172s) [OMP=0.143 ISP-L=0.004 ISP-F=0.012 MW-L=0.009 MW-F=0.012]
  Mini-Benders[3] (mw): LB=25.856571, Z₀(α*)=25.202062, intercept=-165.017778 (0.187s) [OMP=0.143 ISP-L=0.004 ISP-F=0.012 MW-L=0.010 MW-F=0.011]
  Mini-Benders[4]: LB stagnated, break
  α-step: Z₀=27.620427, α=[0.000,0.000,0.000,0.000,0.000,0.000,0.000,0.000,0.000,0.000,0.000,0.000,0.000,0.000,0.000,0.000,0.000,0.000,0.000,0.000,0.000,0.000,0.000,0.000,5.178,0.000,0.000,0.000,5.071,0.000,0.000,0.000,0.000,0.000,0.000,0.000,0.000,0.000,0.000,0.000,0.000,0.000,0.000,0.000,0.000,0.000,0.000]
  Alt-Benders[1] (mw): LB=26.138053, Z₀(α*)=-1.718264, intercept=-230.931508 (0.172s) [OMP=0.135 ISP-L=0.004 ISP-F=0.010 MW-L=0.010 MW-F=0.011]
  Alt-Benders[2] (mw): LB=26.138053, Z₀(α*)=-1.718264, intercept=-230.931508 (0.171s) [OMP=0.133 ISP-L=0.004 ISP-F=0.010 MW-L=0.009 MW-F=0.010]
  Alt-Benders[3] (mw): LB=26.138053, Z₀(α*)=-1.718264, intercept=-230.931508 (0.157s) [OMP=0.132 ISP-L=0.004 ISP-F=0.010 MW-L=0.009 MW-F=0.011]
  Alt-Benders[4]: LB stagnated, break
  OMP re-solve: 0.000s

=== True-DRO Benders iter 46 ===
  OMP: t₀=26.138053, UB=29.252037, gap=1.06e-01, x=[0, 0, 0, 0, 0, 0, 0, 0, 0, 0, 0, 0, 0, 0, 0, 0, 0, 0, 0, 0, 0, 0, 0, 0, 0, 0, 0, 1, 0, 1, 0, 0, 0, 0, 0, 0, 0, 0, 0, 0, 0, 0, 0, 0, 0, 0, 0] (0.000s)
  Sub: Z₀=26.138053 [LOCAL] (0.2s), α=[0.000,0.000,0.000,0.000,0.000,0.000,0.000,0.000,0.000,0.000,0.000,0.000,0.000,0.000,0.000,0.000,0.000,0.000,0.000,0.000,0.000,0.000,0.000,0.000,0.000,0.000,0.000,4.129,6.069,0.000,0.000,0.000,0.000,0.000,0.000,0.000,0.051,0.000,0.000,0.000,0.000,0.000,0.000,0.000,0.000,0.000,0.000]
  Iter 46: LB=26.138053  UB=29.252037  gap=1.06e-01
  Cut: intercept=-1100.257027, π_x_range=[-828.0099, 576.2759]
  Mini-Benders[1] (mw): LB=26.138053, Z₀(α*)=29.456903, intercept=-218.737053 (0.188s) [OMP=0.134 ISP-L=0.004 ISP-F=0.009 MW-L=0.008 MW-F=0.026]
  Mini-Benders[2] (mw): LB=26.161051, Z₀(α*)=25.018365, intercept=-185.991851 (0.157s) [OMP=0.125 ISP-L=0.004 ISP-F=0.010 MW-L=0.009 MW-F=0.011]
  Mini-Benders[3] (mw): LB=26.161051, Z₀(α*)=25.018365, intercept=-185.991851 (0.171s) [OMP=0.134 ISP-L=0.004 ISP-F=0.010 MW-L=0.009 MW-F=0.010]
  Mini-Benders[4] (mw): LB=26.161051, Z₀(α*)=25.018365, intercept=-185.991851 (0.188s) [OMP=0.145 ISP-L=0.004 ISP-F=0.010 MW-L=0.010 MW-F=0.011]
  Mini-Benders[5]: LB stagnated, break
  α-step: Z₀=25.756911, α=[0.000,0.000,0.000,0.000,0.000,0.000,0.000,0.000,0.000,0.000,0.000,0.000,0.000,0.000,0.000,0.000,0.000,0.000,0.000,0.000,0.000,0.000,0.000,0.000,0.000,0.000,0.000,0.124,6.968,0.000,0.000,0.000,0.000,0.000,0.000,0.000,3.157,0.000,0.000,0.000,0.000,0.000,0.000,0.000,0.000,0.000,0.000]
  Alt-Benders[1] (mw): LB=26.161051, Z₀(α*)=25.756911, intercept=-128.422165 (0.171s) [OMP=0.134 ISP-L=0.004 ISP-F=0.009 MW-L=0.010 MW-F=0.012]
  Alt-Benders[2] (mw): LB=26.161051, Z₀(α*)=25.756911, intercept=-128.422165 (0.172s) [OMP=0.134 ISP-L=0.005 ISP-F=0.010 MW-L=0.010 MW-F=0.013]
  Alt-Benders[3] (mw): LB=26.161051, Z₀(α*)=25.756911, intercept=-128.422165 (0.172s) [OMP=0.137 ISP-L=0.004 ISP-F=0.010 MW-L=0.009 MW-F=0.013]
  Alt-Benders[4]: LB stagnated, break
  OMP re-solve: 0.000s

=== True-DRO Benders iter 47 ===
  OMP: t₀=26.161051, UB=29.252037, gap=1.06e-01, x=[0, 0, 0, 0, 0, 0, 0, 0, 0, 0, 0, 0, 0, 0, 0, 0, 0, 0, 0, 0, 0, 0, 0, 0, 0, 0, 0, 1, 0, 0, 0, 0, 0, 0, 0, 0, 1, 0, 0, 0, 0, 0, 0, 0, 0, 0, 0] (0.000s)
  Sub: Z₀=19.930753 [LOCAL] (0.2s), α=[0.000,0.000,0.000,0.000,0.000,0.000,0.000,0.000,0.000,0.000,0.000,0.000,0.000,0.000,0.000,0.000,0.000,0.000,0.000,0.000,0.000,0.000,0.000,0.000,0.000,0.000,0.000,0.886,4.185,0.000,0.000,0.000,0.000,0.000,0.000,0.000,5.178,0.000,0.000,0.000,0.000,0.000,0.000,0.000,0.000,0.000,0.000]
  Iter 47: LB=26.161051  UB=29.252037  gap=1.06e-01
  Cut: intercept=-1149.146611, π_x_range=[-828.6488, 587.5956]
  Mini-Benders[1] (mw): LB=26.161051, Z₀(α*)=26.161053, intercept=-122.551360 (0.177s) [OMP=0.139 ISP-L=0.004 ISP-F=0.010 MW-L=0.008 MW-F=0.011]
  Mini-Benders[2] (mw): LB=26.161051, Z₀(α*)=26.161053, intercept=-122.551360 (0.167s) [OMP=0.133 ISP-L=0.004 ISP-F=0.010 MW-L=0.010 MW-F=0.011]
  Mini-Benders[3]: LB stagnated, break
  α-step: Z₀=26.161053, α=[0.000,0.000,0.000,0.000,0.000,0.000,0.000,0.000,0.000,0.000,0.000,0.000,0.000,0.000,0.000,0.000,0.000,0.000,0.000,0.000,0.000,0.000,0.000,0.000,0.000,0.000,0.000,1.023,4.048,0.000,0.000,0.000,0.000,0.000,0.000,0.000,5.178,0.000,0.000,0.000,0.000,0.000,0.000,0.000,0.000,0.000,0.000]
  Alt-Benders[1] (mw): LB=26.161053, Z₀(α*)=26.161053, intercept=-122.551360 (0.188s) [OMP=0.133 ISP-L=0.004 ISP-F=0.010 MW-L=0.009 MW-F=0.025]
  Alt-Benders[2] (mw): LB=26.161053, Z₀(α*)=26.161053, intercept=-122.551360 (0.171s) [OMP=0.121 ISP-L=0.004 ISP-F=0.010 MW-L=0.009 MW-F=0.025]
  Alt-Benders[3] (mw): LB=26.161051, Z₀(α*)=26.161053, intercept=-122.551360 (0.188s) [OMP=0.134 ISP-L=0.004 ISP-F=0.009 MW-L=0.010 MW-F=0.026]
  Alt-Benders[4] (mw): LB=26.161053, Z₀(α*)=26.161053, intercept=-122.551360 (0.191s) [OMP=0.140 ISP-L=0.004 ISP-F=0.010 MW-L=0.009 MW-F=0.025]
  Alt-Benders[5] (mw): LB=26.161053, Z₀(α*)=26.161053, intercept=-122.551360 (0.168s) [OMP=0.133 ISP-L=0.004 ISP-F=0.009 MW-L=0.007 MW-F=0.026]
  OMP re-solve: 0.123s

=== True-DRO Benders iter 48 ===
  OMP: t₀=26.161053, UB=29.252037, gap=1.06e-01, x=[0, 0, 0, 0, 0, 0, 0, 0, 0, 0, 0, 0, 0, 0, 0, 0, 0, 0, 0, 0, 0, 0, 0, 0, 0, 0, 0, 1, 0, 0, 0, 0, 0, 0, 0, 0, 1, 0, 0, 0, 0, 0, 0, 0, 0, 0, 0] (0.000s)
  Sub: Z₀=19.930753 [LOCAL] (0.2s), α=[0.000,0.000,0.000,0.000,0.000,0.000,0.000,0.000,0.000,0.000,0.000,0.000,0.000,0.000,0.000,0.000,0.000,0.000,0.000,0.000,0.000,0.000,0.000,0.000,0.000,0.000,0.000,0.886,4.185,0.000,0.000,0.000,0.000,0.000,0.000,0.000,5.178,0.000,0.000,0.000,0.000,0.000,0.000,0.000,0.000,0.000,0.000]
  Iter 48: LB=26.161053  UB=29.252037  gap=1.06e-01
  Cut: intercept=-1149.146611, π_x_range=[-828.6488, 587.5956]
  Mini-Benders[1] (mw): LB=26.161053, Z₀(α*)=26.161053, intercept=-122.551360 (0.156s) [OMP=0.122 ISP-L=0.004 ISP-F=0.009 MW-L=0.008 MW-F=0.011]
  Mini-Benders[2] (mw): LB=26.161053, Z₀(α*)=26.161053, intercept=-122.551360 (0.156s) [OMP=0.119 ISP-L=0.004 ISP-F=0.009 MW-L=0.010 MW-F=0.010]
  Mini-Benders[3]: LB stagnated, break
  α-step: Z₀=26.161053, α=[0.000,0.000,0.000,0.000,0.000,0.000,0.000,0.000,0.000,0.000,0.000,0.000,0.000,0.000,0.000,0.000,0.000,0.000,0.000,0.000,0.000,0.000,0.000,0.000,0.000,0.000,0.000,1.023,4.048,0.000,0.000,0.000,0.000,0.000,0.000,0.000,5.178,0.000,0.000,0.000,0.000,0.000,0.000,0.000,0.000,0.000,0.000]
  Alt-Benders[1] (mw): LB=26.161053, Z₀(α*)=26.161053, intercept=-122.551360 (0.174s) [OMP=0.124 ISP-L=0.004 ISP-F=0.011 MW-L=0.010 MW-F=0.026]
  Alt-Benders[2] (mw): LB=26.161053, Z₀(α*)=26.161053, intercept=-122.551360 (0.170s) [OMP=0.120 ISP-L=0.004 ISP-F=0.009 MW-L=0.009 MW-F=0.024]
  Alt-Benders[3]: LB stagnated, break
  OMP re-solve: 0.000s

=== True-DRO Benders iter 49 ===
  OMP: t₀=26.161053, UB=29.252037, gap=1.06e-01, x=[0, 0, 0, 0, 0, 0, 0, 0, 0, 0, 0, 0, 0, 0, 0, 0, 0, 0, 0, 0, 0, 0, 0, 0, 0, 0, 0, 1, 0, 0, 0, 0, 0, 0, 0, 0, 1, 0, 0, 0, 0, 0, 0, 0, 0, 0, 0] (0.000s)
  Sub: Z₀=19.930753 [LOCAL] (0.2s), α=[0.000,0.000,0.000,0.000,0.000,0.000,0.000,0.000,0.000,0.000,0.000,0.000,0.000,0.000,0.000,0.000,0.000,0.000,0.000,0.000,0.000,0.000,0.000,0.000,0.000,0.000,0.000,0.886,4.185,0.000,0.000,0.000,0.000,0.000,0.000,0.000,5.178,0.000,0.000,0.000,0.000,0.000,0.000,0.000,0.000,0.000,0.000]
  Iter 49: LB=26.161053  UB=29.252037  gap=1.06e-01
  Cut: intercept=-1149.146611, π_x_range=[-828.6488, 587.5956]
  Mini-Benders[1] (mw): LB=26.161053, Z₀(α*)=26.161053, intercept=-122.551360 (0.156s) [OMP=0.120 ISP-L=0.004 ISP-F=0.009 MW-L=0.010 MW-F=0.010]
  Mini-Benders[2] (mw): LB=26.161053, Z₀(α*)=26.161053, intercept=-122.551360 (0.156s) [OMP=0.117 ISP-L=0.004 ISP-F=0.009 MW-L=0.008 MW-F=0.011]
  Mini-Benders[3]: LB stagnated, break
  α-step: Z₀=26.161053, α=[0.000,0.000,0.000,0.000,0.000,0.000,0.000,0.000,0.000,0.000,0.000,0.000,0.000,0.000,0.000,0.000,0.000,0.000,0.000,0.000,0.000,0.000,0.000,0.000,0.000,0.000,0.000,1.023,4.048,0.000,0.000,0.000,0.000,0.000,0.000,0.000,5.178,0.000,0.000,0.000,0.000,0.000,0.000,0.000,0.000,0.000,0.000]
  Alt-Benders[1] (mw): LB=26.161053, Z₀(α*)=26.161053, intercept=-122.551360 (0.174s) [OMP=0.127 ISP-L=0.004 ISP-F=0.010 MW-L=0.008 MW-F=0.026]
  Alt-Benders[2] (mw): LB=26.161053, Z₀(α*)=26.161053, intercept=-122.551360 (0.170s) [OMP=0.120 ISP-L=0.004 ISP-F=0.009 MW-L=0.009 MW-F=0.025]
  Alt-Benders[3]: LB stagnated, break
  OMP re-solve: 0.000s

=== True-DRO Benders iter 50 ===
  OMP: t₀=26.161053, UB=29.252037, gap=1.06e-01, x=[0, 0, 0, 0, 0, 0, 0, 0, 0, 0, 0, 0, 0, 0, 0, 0, 0, 0, 0, 0, 0, 0, 0, 0, 0, 0, 0, 1, 0, 0, 0, 0, 0, 0, 0, 0, 1, 0, 0, 0, 0, 0, 0, 0, 0, 0, 0] (0.000s)
  Sub: Z₀=26.161055 [TIME_LIMIT] (15.0s), α=[0.000,0.000,0.000,0.000,0.000,0.000,0.000,0.000,0.000,0.000,0.000,0.000,0.000,0.000,0.000,0.000,0.000,0.000,0.000,0.000,0.000,0.000,0.000,0.000,0.000,0.000,0.000,0.503,2.662,0.000,0.000,0.000,0.000,0.000,0.000,0.000,7.084,0.000,0.000,0.000,0.000,0.000,0.000,0.000,0.000,0.000,0.000]
  Iter 50: LB=26.161053  UB=26.203915  gap=1.64e-03
True-DRO Benders converged at iter 50 (gap=1.64e-03)
  Wall time: 199.12 sec
  OMP  time: mean=0.065s, median=0.061s, max=0.251s
  Sub  time (exact): mean=5.020s, median=2.167s, q90=11.865s, max=13.725s (n=6/50)

Result (double/mb_only): Z₀=26.203915, iters=50, time=201.2s
x arcs = [28, 37]
