============================================================
abilene — double [naive]: ε̂=0.20, ε̃=0.20, β=0.00
  mini_benders=false, valid_inequality=none
============================================================
Set parameter Username
Set parameter LicenseID to value 2742039
Academic license - for non-commercial use only - expires 2026-11-20
Set parameter Username
Set parameter LicenseID to value 2742039
Academic license - for non-commercial use only - expires 2026-11-20
Set parameter OutputFlag to value 1
Set parameter LogFile to value "global_miqcp.log"
Set parameter Username
Set parameter LicenseID to value 2742039
Academic license - for non-commercial use only - expires 2026-11-20

=== True-DRO Benders iter 1 ===
  OMP: t₀=-10000.000000, UB=Inf, gap=NaN, x=[0, 0, 0, 0, 0, 0, 0, 0, 0, 0, 0, 0, 0, 0, 0, 0, 0, 0, 0, 0, 0, 0, 0, 0, 0, 0, 0, 0, 0, 0] (0.000s)
  Sub: Z₀=20.826758 [LOCAL] (0.4s), α=[0.000,0.000,0.000,0.000,0.000,0.000,0.000,0.000,0.000,0.000,0.000,0.000,0.000,0.000,2.095,0.000,0.000,0.000,0.000,0.000,0.000,0.000,0.000,0.000,0.000,6.997,1.243,0.481,0.000,0.000]
  Iter 1: LB=-10000.000000  UB=Inf  gap=NaN
  Cut: intercept=20.826758, π_x_range=[-832.6876, -801.4694]

=== True-DRO Benders iter 2 ===
  OMP: t₀=-1632.235128, UB=Inf, gap=NaN, x=[0, 0, 0, 0, 0, 0, 0, 1, 0, 0, 1, 0, 0, 0, 0, 0, 0, 0, 0, 0, 0, 0, 0, 0, 0, 0, 0, 0, 0, 0] (0.029s)
  Sub: Z₀=15.624475 [LOCAL] (0.3s), α=[0.000,0.000,0.000,0.000,0.000,0.000,0.000,0.815,0.000,0.000,6.462,0.000,0.000,0.000,3.537,0.000,0.000,0.000,0.000,0.000,0.000,0.000,0.000,0.000,0.000,0.000,0.000,0.000,0.000,0.000]
  Iter 2: LB=-1632.235128  UB=Inf  gap=NaN
  Cut: intercept=-1073.660625, π_x_range=[-817.0226, 559.3835]

=== True-DRO Benders iter 3 ===
  OMP: t₀=-1614.557497, UB=Inf, gap=NaN, x=[0, 0, 0, 0, 0, 0, 0, 0, 0, 0, 0, 0, 0, 0, 0, 0, 0, 0, 1, 1, 0, 0, 0, 0, 0, 0, 0, 0, 0, 0] (0.093s)
  Sub: Z₀=18.092700 [LOCAL] (0.3s), α=[0.000,0.000,0.000,0.000,0.000,0.000,0.000,0.000,0.000,0.000,0.000,0.000,0.000,0.000,2.386,0.000,0.000,0.000,0.163,2.699,0.000,0.000,0.000,0.000,0.000,5.567,0.000,0.000,0.000,0.000]
  Iter 3: LB=-1614.557497  UB=Inf  gap=NaN
  Cut: intercept=-1077.127602, π_x_range=[-829.4746, 554.7011]

=== True-DRO Benders iter 4 ===
  OMP: t₀=-1609.194350, UB=Inf, gap=NaN, x=[0, 0, 0, 0, 1, 0, 0, 0, 0, 0, 0, 0, 0, 0, 0, 0, 0, 1, 0, 0, 0, 0, 0, 0, 0, 0, 0, 0, 0, 0] (0.133s)
  Sub: Z₀=14.568430 [LOCAL] (0.3s), α=[0.000,0.000,0.000,0.000,7.033,0.000,1.131,0.000,0.000,0.000,0.000,0.000,0.000,0.000,2.650,0.000,0.000,0.000,0.000,0.000,0.000,0.000,0.000,0.000,0.000,0.000,0.000,0.000,0.000,0.000]
  Iter 4: LB=-1609.194350  UB=Inf  gap=NaN
  Cut: intercept=-1112.708320, π_x_range=[-827.1965, 566.8461]

=== True-DRO Benders iter 5 ===
  OMP: t₀=-1607.631593, UB=Inf, gap=NaN, x=[0, 0, 0, 0, 0, 0, 0, 0, 0, 0, 0, 0, 0, 0, 0, 1, 0, 0, 0, 0, 0, 0, 0, 0, 0, 0, 0, 1, 0, 0] (0.136s)
Set parameter NonConvex to value 2
Set parameter MIPGap to value 0.0001
Set parameter DualReductions to value 0
Set parameter MIPFocus to value 0
  Sub: Z₀=16.859342 [TIME_LIMIT] (15.5s), α=[0.000,0.000,0.000,0.000,0.000,0.000,0.000,0.000,0.000,0.000,0.000,0.000,0.000,0.000,0.000,0.000,0.000,0.000,0.000,0.000,0.000,0.000,0.000,0.000,0.000,2.761,0.570,7.484,0.000,0.000]
  Iter 5: LB=-1607.631593  UB=19.047579  gap=8.54e+01
  Cut: intercept=-98.349307, π_x_range=[-244.6109, 77.3580]

=== True-DRO Benders iter 6 ===
  OMP: t₀=-544.142202, UB=19.047579, gap=2.96e+01, x=[0, 0, 0, 0, 0, 0, 0, 0, 0, 0, 1, 0, 0, 0, 0, 0, 0, 0, 0, 0, 0, 0, 0, 0, 0, 0, 0, 0, 1, 0] (0.044s)
  Sub: Z₀=16.822732 [LOCAL] (0.2s), α=[0.000,0.000,0.000,0.000,0.000,0.000,0.000,0.000,0.000,0.000,6.636,0.000,0.000,0.000,3.545,0.000,0.000,0.000,0.000,0.000,0.000,0.000,0.000,0.000,0.000,0.283,0.211,0.139,0.000,0.000]
  Iter 6: LB=-544.142202  UB=19.047579  gap=2.96e+01
  Cut: intercept=-1044.721542, π_x_range=[-819.1053, 535.0198]

=== True-DRO Benders iter 7 ===
  OMP: t₀=-537.960240, UB=19.047579, gap=2.92e+01, x=[0, 0, 0, 0, 0, 0, 0, 0, 0, 0, 1, 0, 0, 0, 0, 0, 0, 0, 1, 0, 0, 0, 0, 0, 0, 0, 0, 0, 0, 0] (0.043s)
  Sub: Z₀=13.435520 [LOCAL] (0.3s), α=[0.000,0.000,0.000,0.000,0.000,0.000,0.000,0.000,0.000,0.000,10.391,0.000,0.000,0.000,0.424,0.000,0.000,0.000,0.000,0.000,0.000,0.000,0.000,0.000,0.000,0.000,0.000,0.000,0.000,0.000]
  Iter 7: LB=-537.960240  UB=19.047579  gap=2.92e+01
  Cut: intercept=-1079.695491, π_x_range=[-816.4863, 553.5530]

=== True-DRO Benders iter 8 ===
  OMP: t₀=-518.544331, UB=19.047579, gap=2.82e+01, x=[0, 0, 0, 0, 0, 0, 0, 0, 0, 0, 1, 0, 0, 0, 0, 0, 0, 0, 0, 0, 0, 1, 0, 0, 0, 0, 0, 0, 0, 0] (0.082s)
  Sub: Z₀=16.822732 [LOCAL] (0.3s), α=[0.000,0.000,0.000,0.000,0.000,0.000,0.000,0.000,0.000,0.000,6.636,0.000,0.000,0.000,3.545,0.000,0.000,0.000,0.000,0.000,0.000,0.000,0.000,0.000,0.000,0.283,0.350,0.000,0.000,0.000]
  Iter 8: LB=-518.544331  UB=19.047579  gap=2.82e+01
  Cut: intercept=-1065.497738, π_x_range=[-819.0032, 555.7459]

=== True-DRO Benders iter 9 ===
  OMP: t₀=-517.960240, UB=19.047579, gap=2.82e+01, x=[0, 0, 0, 0, 0, 0, 0, 0, 0, 0, 1, 0, 0, 0, 0, 0, 0, 1, 0, 0, 0, 0, 0, 0, 0, 0, 0, 0, 0, 0] (0.086s)
  Sub: Z₀=16.822732 [LOCAL] (0.2s), α=[0.000,0.000,0.000,0.000,0.000,0.000,0.000,0.000,0.000,0.000,6.636,0.000,0.000,0.000,3.545,0.000,0.000,0.000,0.000,0.000,0.000,0.000,0.000,0.000,0.000,0.283,0.181,0.169,0.000,0.000]
  Iter 9: LB=-517.960240  UB=19.047579  gap=2.82e+01
  Cut: intercept=-1057.368034, π_x_range=[-819.4611, 548.7771]

=== True-DRO Benders iter 10 ===
  OMP: t₀=-516.164757, UB=19.047579, gap=2.81e+01, x=[0, 1, 0, 0, 0, 0, 0, 0, 0, 0, 1, 0, 0, 0, 0, 0, 0, 0, 0, 0, 0, 0, 0, 0, 0, 0, 0, 0, 0, 0] (0.097s)
  Sub: Z₀=16.822732 [TIME_LIMIT] (15.4s), α=[0.000,0.000,0.000,0.000,0.000,0.000,0.000,0.000,0.000,0.000,6.636,0.000,0.000,0.000,3.545,0.000,0.000,0.000,0.000,0.000,0.000,0.000,0.000,0.000,0.000,0.283,0.187,0.163,0.000,0.000]
  Iter 10: LB=-516.164757  UB=19.047579  gap=2.81e+01
  Cut: intercept=-57.129743, π_x_range=[-231.0000, 73.9525]

=== True-DRO Benders iter 11 ===
  OMP: t₀=-474.531269, UB=19.047579, gap=2.59e+01, x=[0, 0, 0, 0, 0, 0, 0, 0, 0, 0, 0, 0, 0, 0, 0, 0, 0, 1, 0, 0, 0, 0, 0, 0, 0, 0, 0, 0, 1, 0] (0.055s)
  Sub: Z₀=20.631899 [LOCAL] (0.3s), α=[0.000,0.000,0.000,0.000,0.000,0.000,0.000,0.000,0.000,0.000,0.000,0.000,0.000,0.000,3.697,0.000,0.000,0.074,0.000,0.000,0.000,0.000,0.000,0.000,0.000,5.365,0.524,1.155,0.000,0.000]
  Iter 11: LB=-474.531269  UB=19.047579  gap=2.59e+01
  Cut: intercept=-1067.042896, π_x_range=[-829.4499, 552.0877]

=== True-DRO Benders iter 12 ===
  OMP: t₀=-472.107040, UB=19.047579, gap=2.58e+01, x=[0, 0, 0, 0, 0, 0, 0, 0, 0, 0, 0, 0, 0, 0, 0, 0, 0, 0, 1, 0, 0, 0, 0, 0, 0, 0, 0, 0, 1, 0] (0.065s)
  Sub: Z₀=19.554453 [LOCAL] (0.3s), α=[0.000,0.000,0.000,0.000,0.000,0.000,0.000,0.000,0.000,0.000,0.000,0.000,0.000,0.000,3.212,0.000,0.000,0.000,0.000,0.000,0.000,0.000,0.000,0.000,0.000,7.603,0.000,0.000,0.000,0.000]
  Iter 12: LB=-472.107040  UB=19.047579  gap=2.58e+01
  Cut: intercept=-1062.660227, π_x_range=[-834.6472, 545.0761]

=== True-DRO Benders iter 13 ===
  OMP: t₀=-469.121399, UB=19.047579, gap=2.56e+01, x=[0, 0, 0, 0, 0, 0, 0, 1, 0, 0, 0, 0, 0, 0, 0, 0, 0, 0, 0, 0, 0, 0, 0, 0, 0, 0, 0, 0, 1, 0] (0.097s)
  Sub: Z₀=18.354284 [LOCAL] (0.3s), α=[0.000,0.000,0.000,0.000,0.000,0.000,0.000,4.030,0.000,0.000,0.000,0.000,0.000,0.000,1.915,0.000,0.000,0.000,0.000,0.019,0.000,0.000,0.000,0.000,0.000,3.804,0.095,0.952,0.000,0.000]
  Iter 13: LB=-469.121399  UB=19.047579  gap=2.56e+01
  Cut: intercept=-1070.866015, π_x_range=[-830.9230, 553.1659]

=== True-DRO Benders iter 14 ===
  OMP: t₀=-465.129743, UB=19.047579, gap=2.54e+01, x=[0, 0, 1, 0, 0, 0, 0, 0, 0, 0, 0, 0, 0, 0, 0, 0, 0, 0, 0, 0, 0, 0, 0, 0, 0, 0, 0, 0, 1, 0] (0.119s)
  Sub: Z₀=20.826758 [LOCAL] (0.5s), α=[0.000,0.000,0.000,0.000,0.000,0.000,0.000,0.000,0.000,0.000,0.000,0.000,0.000,0.000,2.095,0.000,0.000,0.000,0.000,0.000,0.000,0.000,0.000,0.000,0.000,6.997,1.240,0.484,0.000,0.000]
  Iter 14: LB=-465.129743  UB=19.047579  gap=2.54e+01
  Cut: intercept=-1076.680286, π_x_range=[-830.3556, 557.5518]

=== True-DRO Benders iter 15 ===
  OMP: t₀=-462.129743, UB=19.047579, gap=2.53e+01, x=[0, 0, 0, 0, 0, 0, 0, 0, 0, 0, 0, 0, 0, 0, 0, 0, 0, 0, 0, 0, 0, 1, 0, 0, 0, 0, 0, 0, 1, 0] (0.113s)
  Sub: Z₀=20.826758 [TIME_LIMIT] (15.6s), α=[0.000,0.000,0.000,0.000,0.000,0.000,0.000,0.000,0.000,0.000,0.000,0.000,0.000,0.000,2.095,0.000,0.000,0.000,0.000,0.000,0.000,0.000,0.000,0.000,0.000,6.997,1.723,0.000,0.000,0.000]
  Iter 15: LB=-462.129743  UB=19.047579  gap=2.53e+01
  Cut: intercept=-86.192922, π_x_range=[-271.0000, 67.6628]

=== True-DRO Benders iter 16 ===
  OMP: t₀=-453.505825, UB=19.047579, gap=2.48e+01, x=[0, 0, 0, 0, 0, 0, 0, 0, 0, 0, 0, 0, 0, 0, 0, 0, 1, 0, 1, 0, 0, 0, 0, 0, 0, 0, 0, 0, 0, 0] (0.067s)
  Sub: Z₀=19.554453 [LOCAL] (0.3s), α=[0.000,0.000,0.000,0.000,0.000,0.000,0.000,0.000,0.000,0.000,0.000,0.000,0.000,0.000,3.155,0.000,0.000,0.000,0.000,0.000,0.000,0.000,0.000,0.000,0.000,7.659,0.000,0.000,0.000,0.000]
  Iter 16: LB=-453.505825  UB=19.047579  gap=2.48e+01
  Cut: intercept=-1068.909222, π_x_range=[-834.7725, 545.1268]

=== True-DRO Benders iter 17 ===
  OMP: t₀=-453.107040, UB=19.047579, gap=2.48e+01, x=[0, 0, 0, 0, 0, 0, 0, 0, 0, 0, 0, 0, 0, 0, 0, 0, 0, 1, 1, 0, 0, 0, 0, 0, 0, 0, 0, 0, 0, 0] (0.065s)
  Sub: Z₀=17.229995 [LOCAL] (0.3s), α=[0.000,0.000,0.000,0.000,0.000,0.000,0.000,0.000,0.000,0.000,0.000,0.000,0.000,0.000,0.000,0.000,0.000,0.104,5.322,0.000,0.000,0.000,0.000,0.000,0.000,5.389,0.000,0.000,0.000,0.000]
  Iter 17: LB=-453.107040  UB=19.047579  gap=2.48e+01
  Cut: intercept=-1089.121813, π_x_range=[-830.0147, 559.8356]

=== True-DRO Benders iter 18 ===
  OMP: t₀=-449.107040, UB=19.047579, gap=2.46e+01, x=[0, 0, 0, 0, 0, 0, 0, 1, 0, 0, 0, 0, 0, 0, 0, 0, 0, 0, 1, 0, 0, 0, 0, 0, 0, 0, 0, 0, 0, 0] (0.158s)
  Sub: Z₀=17.300931 [LOCAL] (0.3s), α=[0.000,0.000,0.000,0.000,0.000,0.000,0.000,2.999,0.000,0.000,0.054,0.000,0.000,0.000,1.995,0.000,0.000,0.000,2.552,0.003,0.000,0.000,0.000,0.000,0.000,3.211,0.000,0.000,0.000,0.000]
  Iter 18: LB=-449.107040  UB=19.047579  gap=2.46e+01
  Cut: intercept=-1074.190121, π_x_range=[-828.2540, 555.5091]

=== True-DRO Benders iter 19 ===
  OMP: t₀=-443.963779, UB=19.047579, gap=2.43e+01, x=[0, 0, 1, 0, 0, 0, 0, 0, 0, 0, 0, 0, 0, 0, 0, 0, 0, 1, 0, 0, 0, 0, 0, 0, 0, 0, 0, 0, 0, 0] (0.125s)
  Sub: Z₀=20.631899 [LOCAL] (0.2s), α=[0.000,0.000,0.000,0.000,0.000,0.000,0.000,0.000,0.000,0.000,0.000,0.000,0.000,0.000,3.697,0.000,0.000,0.074,0.000,0.000,0.000,0.000,0.000,0.000,0.000,5.365,0.521,1.158,0.000,0.000]
  Iter 19: LB=-443.963779  UB=19.047579  gap=2.43e+01
  Cut: intercept=-1086.455540, π_x_range=[-826.7585, 554.6319]

=== True-DRO Benders iter 20 ===
  OMP: t₀=-442.939437, UB=19.047579, gap=2.43e+01, x=[0, 0, 0, 0, 0, 0, 0, 1, 0, 0, 0, 0, 0, 0, 0, 0, 0, 1, 0, 0, 0, 0, 0, 0, 0, 0, 0, 0, 0, 0] (0.103s)
  Sub: Z₀=18.377937 [TIME_LIMIT] (15.5s), α=[0.000,0.000,0.000,0.000,0.000,0.000,0.000,3.700,0.000,0.000,0.000,0.000,0.000,0.000,1.724,0.000,0.000,0.000,0.000,0.419,0.000,0.000,0.000,0.000,0.000,3.619,0.373,0.980,0.000,0.000]
  Iter 20: LB=-442.939437  UB=19.047579  gap=2.43e+01
  Cut: intercept=-74.673029, π_x_range=[-261.0000, 49.5507]

=== True-DRO Benders iter 21 ===
  OMP: t₀=-442.107040, UB=19.047579, gap=2.42e+01, x=[0, 0, 1, 0, 0, 0, 0, 0, 0, 0, 0, 0, 0, 0, 0, 0, 0, 0, 1, 0, 0, 0, 0, 0, 0, 0, 0, 0, 0, 0] (0.114s)
  Sub: Z₀=19.554453 [LOCAL] (0.3s), α=[0.000,0.000,0.000,0.000,0.000,0.000,0.000,0.000,0.000,0.000,0.000,0.000,0.000,0.000,3.148,0.000,0.000,0.000,0.000,0.000,0.000,0.000,0.000,0.000,0.000,7.666,0.000,0.000,0.000,0.000]
  Iter 21: LB=-442.107040  UB=19.047579  gap=2.42e+01
  Cut: intercept=-1080.172830, π_x_range=[-832.8872, 554.8242]

=== True-DRO Benders iter 22 ===
  OMP: t₀=-433.107040, UB=19.047579, gap=2.37e+01, x=[0, 0, 0, 0, 1, 0, 0, 0, 0, 0, 0, 0, 0, 0, 0, 0, 0, 0, 1, 0, 0, 0, 0, 0, 0, 0, 0, 0, 0, 0] (0.269s)
  Sub: Z₀=14.314064 [LOCAL] (0.3s), α=[0.000,0.000,0.000,0.000,7.455,0.000,0.000,0.000,0.000,0.000,0.000,0.000,0.000,0.000,2.825,0.000,0.000,0.000,0.000,0.000,0.000,0.000,0.000,0.000,0.000,0.535,0.000,0.000,0.000,0.000]
  Iter 22: LB=-433.107040  UB=19.047579  gap=2.37e+01
  Cut: intercept=-1096.543106, π_x_range=[-830.5017, 563.8652]

=== True-DRO Benders iter 23 ===
  OMP: t₀=-430.107040, UB=19.047579, gap=2.36e+01, x=[1, 0, 0, 0, 0, 0, 0, 0, 0, 0, 0, 0, 0, 0, 0, 0, 0, 0, 1, 0, 0, 0, 0, 0, 0, 0, 0, 0, 0, 0] (0.384s)
  Sub: Z₀=19.554453 [LOCAL] (0.3s), α=[0.000,0.000,0.000,0.000,0.000,0.000,0.000,0.000,0.000,0.000,0.000,0.000,0.000,0.000,3.155,0.000,0.000,0.000,0.000,0.000,0.000,0.000,0.000,0.000,0.000,7.660,0.000,0.000,0.000,0.000]
  Iter 23: LB=-430.107040  UB=19.047579  gap=2.36e+01
  Cut: intercept=-1086.406574, π_x_range=[-834.8779, 560.5719]

=== True-DRO Benders iter 24 ===
  OMP: t₀=-429.376037, UB=19.047579, gap=2.35e+01, x=[0, 0, 0, 0, 0, 0, 0, 0, 0, 0, 0, 0, 0, 0, 0, 0, 0, 0, 1, 0, 0, 0, 1, 0, 0, 0, 0, 0, 0, 0] (0.366s)
  Sub: Z₀=18.217136 [LOCAL] (0.3s), α=[0.000,0.000,0.000,0.000,0.000,0.000,0.000,0.000,0.000,0.000,0.000,0.000,0.000,0.000,3.084,0.000,0.000,0.000,0.000,0.000,0.000,0.000,1.592,0.000,0.000,6.139,0.000,0.000,0.000,0.000]
  Iter 24: LB=-429.376037  UB=19.047579  gap=2.35e+01
  Cut: intercept=-1098.157895, π_x_range=[-838.2673, 562.8396]

=== True-DRO Benders iter 25 ===
  OMP: t₀=-429.120296, UB=19.047579, gap=2.35e+01, x=[0, 0, 1, 0, 0, 0, 0, 0, 0, 0, 0, 0, 0, 0, 0, 0, 1, 0, 0, 0, 0, 0, 0, 0, 0, 0, 0, 0, 0, 0] (0.301s)
  Sub: Z₀=20.826758 [TIME_LIMIT] (15.5s), α=[0.000,0.000,0.000,0.000,0.000,0.000,0.000,0.000,0.000,0.000,0.000,0.000,0.000,0.000,2.095,0.000,0.000,0.000,0.000,0.000,0.000,0.000,0.000,0.000,0.000,6.997,1.082,0.642,0.000,0.000]
  Iter 25: LB=-429.120296  UB=19.047579  gap=2.35e+01
  Cut: intercept=-76.496477, π_x_range=[-271.0000, 53.9204]

=== True-DRO Benders iter 26 ===
  OMP: t₀=-429.107040, UB=19.047579, gap=2.35e+01, x=[0, 0, 0, 0, 0, 0, 0, 0, 0, 0, 0, 1, 0, 0, 0, 0, 0, 0, 1, 0, 0, 0, 0, 0, 0, 0, 0, 0, 0, 0] (0.269s)
  Sub: Z₀=19.554453 [LOCAL] (0.3s), α=[0.000,0.000,0.000,0.000,0.000,0.000,0.000,0.000,0.000,0.000,0.000,0.000,0.000,0.000,3.150,0.000,0.000,0.000,0.000,0.000,0.000,0.000,0.000,0.000,0.000,7.664,0.000,0.000,0.000,0.000]
  Iter 26: LB=-429.107040  UB=19.047579  gap=2.35e+01
  Cut: intercept=-1084.191315, π_x_range=[-834.8747, 558.6428]

=== True-DRO Benders iter 27 ===
  OMP: t₀=-420.077586, UB=19.047579, gap=2.31e+01, x=[0, 0, 0, 0, 0, 0, 0, 0, 0, 0, 0, 0, 0, 0, 0, 0, 0, 0, 1, 0, 0, 0, 0, 0, 0, 0, 1, 0, 0, 0] (0.199s)
  Sub: Z₀=16.838474 [LOCAL] (0.4s), α=[0.000,0.000,0.000,0.000,0.000,0.000,0.000,0.000,0.000,0.000,0.019,0.000,0.000,0.000,0.000,0.000,0.000,0.000,0.820,0.000,0.000,0.000,0.000,0.000,0.000,1.711,7.930,0.335,0.000,0.000]
  Iter 27: LB=-420.077586  UB=19.047579  gap=2.31e+01
  Cut: intercept=-1073.297382, π_x_range=[-827.6457, 552.8261]

=== True-DRO Benders iter 28 ===
  OMP: t₀=-415.107040, UB=19.047579, gap=2.28e+01, x=[0, 0, 0, 0, 0, 0, 0, 0, 0, 0, 0, 0, 0, 0, 0, 0, 0, 0, 1, 0, 0, 0, 0, 0, 1, 0, 0, 0, 0, 0] (0.472s)
  Sub: Z₀=19.554453 [LOCAL] (0.3s), α=[0.000,0.000,0.000,0.000,0.000,0.000,0.000,0.000,0.000,0.000,0.000,0.000,0.000,0.000,3.046,0.000,0.000,0.000,0.000,0.000,0.000,0.000,0.000,0.000,0.000,7.769,0.000,0.000,0.000,0.000]
  Iter 28: LB=-415.107040  UB=19.047579  gap=2.28e+01
  Cut: intercept=-1081.923062, π_x_range=[-834.7694, 556.4911]

=== True-DRO Benders iter 29 ===
  OMP: t₀=-414.510868, UB=19.047579, gap=2.28e+01, x=[0, 0, 0, 0, 1, 0, 0, 0, 0, 0, 0, 0, 0, 0, 0, 0, 0, 0, 0, 1, 0, 0, 0, 0, 0, 0, 0, 0, 0, 0] (0.471s)
  Sub: Z₀=14.175124 [LOCAL] (0.3s), α=[0.000,0.000,0.000,0.000,6.453,0.000,0.000,0.000,0.000,0.000,0.000,0.000,0.000,0.000,4.362,0.000,0.000,0.000,0.000,0.000,0.000,0.000,0.000,0.000,0.000,0.000,0.000,0.000,0.000,0.000]
  Iter 29: LB=-414.510868  UB=19.047579  gap=2.28e+01
  Cut: intercept=-1106.302090, π_x_range=[-829.1406, 563.3344]

=== True-DRO Benders iter 30 ===
  OMP: t₀=-411.837304, UB=19.047579, gap=2.26e+01, x=[1, 0, 0, 0, 1, 0, 0, 0, 0, 0, 0, 0, 0, 0, 0, 0, 0, 0, 0, 0, 0, 0, 0, 0, 0, 0, 0, 0, 0, 0] (0.409s)
  Sub: Z₀=14.568431 [TIME_LIMIT] (15.6s), α=[0.000,0.000,0.000,0.000,7.260,0.000,0.904,0.000,0.000,0.000,0.000,0.000,0.000,0.000,2.424,0.000,0.000,0.000,0.000,0.000,0.000,0.000,0.000,0.000,0.000,0.227,0.000,0.000,0.000,0.000]
  Iter 30: LB=-411.837304  UB=15.959673  gap=2.68e+01
  Cut: intercept=-46.312168, π_x_range=[-274.0000, 60.8806]

=== True-DRO Benders iter 31 ===
  OMP: t₀=-408.312168, UB=15.959673, gap=2.66e+01, x=[0, 0, 0, 1, 0, 0, 0, 0, 0, 0, 0, 0, 0, 0, 0, 0, 0, 0, 1, 0, 0, 0, 0, 0, 0, 0, 0, 0, 0, 0] (0.314s)
  Sub: Z₀=18.253250 [LOCAL] (0.2s), α=[0.000,0.000,0.000,1.497,0.040,0.000,0.000,0.000,0.000,0.000,0.000,0.000,0.000,0.000,0.152,0.000,0.000,0.000,3.194,0.000,0.000,0.000,0.000,0.000,0.000,5.932,0.000,0.000,0.000,0.000]
  Iter 31: LB=-408.312168  UB=15.959673  gap=2.66e+01
  Cut: intercept=-1087.162060, π_x_range=[-830.2321, 566.6012]

=== True-DRO Benders iter 32 ===
  OMP: t₀=-403.312168, UB=15.959673, gap=2.63e+01, x=[0, 0, 0, 0, 0, 0, 0, 0, 0, 0, 0, 1, 0, 0, 0, 0, 0, 0, 0, 1, 0, 0, 0, 0, 0, 0, 0, 0, 0, 0] (0.427s)
  Sub: Z₀=18.440346 [LOCAL] (0.2s), α=[0.000,0.000,0.000,0.000,0.000,0.000,0.000,0.024,0.000,0.000,0.000,0.000,0.000,0.000,1.520,0.000,0.000,0.000,0.000,3.885,0.000,0.000,0.000,0.000,0.000,5.386,0.000,0.000,0.000,0.000]
  Iter 32: LB=-403.312168  UB=15.959673  gap=2.63e+01
  Cut: intercept=-1100.463745, π_x_range=[-830.7185, 560.1944]

=== True-DRO Benders iter 33 ===
  OMP: t₀=-401.257592, UB=15.959673, gap=2.61e+01, x=[0, 0, 0, 0, 0, 0, 0, 0, 0, 0, 0, 0, 0, 0, 0, 0, 0, 0, 0, 1, 0, 0, 0, 0, 0, 0, 1, 0, 0, 0] (0.608s)
  Sub: Z₀=15.637635 [LOCAL] (0.3s), α=[0.000,0.000,0.000,0.000,0.000,0.000,0.000,0.000,0.000,0.000,0.000,0.000,0.000,0.000,0.000,0.000,0.000,0.000,0.000,1.324,0.000,0.000,0.000,0.000,0.000,0.396,9.095,0.000,0.000,0.000]
  Iter 33: LB=-401.257592  UB=15.959673  gap=2.61e+01
  Cut: intercept=-1102.806545, π_x_range=[-829.0054, 562.7808]

=== True-DRO Benders iter 34 ===
  OMP: t₀=-397.288922, UB=15.959673, gap=2.59e+01, x=[0, 0, 0, 0, 0, 0, 0, 0, 0, 0, 0, 0, 0, 0, 0, 0, 0, 0, 0, 0, 0, 0, 1, 0, 1, 0, 0, 0, 0, 0] (0.443s)
  Sub: Z₀=18.440346 [LOCAL] (0.2s), α=[0.000,0.000,0.000,0.000,0.000,0.000,0.000,0.036,0.000,0.000,0.000,0.000,0.000,0.000,1.520,0.000,0.000,0.000,0.000,0.000,0.000,0.000,3.874,0.000,0.000,5.386,0.000,0.000,0.000,0.000]
  Iter 34: LB=-397.288922  UB=15.959673  gap=2.59e+01
  Cut: intercept=-1097.247923, π_x_range=[-830.5835, 558.6066]

=== True-DRO Benders iter 35 ===
  OMP: t₀=-397.115406, UB=15.959673, gap=2.59e+01, x=[0, 0, 0, 0, 0, 0, 0, 0, 0, 0, 0, 1, 0, 0, 0, 0, 0, 0, 0, 0, 0, 0, 0, 0, 0, 0, 1, 0, 0, 0] (0.520s)
  Sub: Z₀=17.352772 [TIME_LIMIT] (15.8s), α=[0.000,0.000,0.000,0.000,0.000,0.000,0.000,0.000,0.000,0.000,0.000,0.000,0.000,0.000,0.000,0.000,0.000,0.000,0.000,0.000,0.000,0.000,0.000,0.000,0.000,2.130,8.081,0.604,0.000,0.000]
  Iter 35: LB=-397.115406  UB=15.959673  gap=2.59e+01
  Cut: intercept=-84.855828, π_x_range=[-261.0000, 67.3958]

=== True-DRO Benders iter 36 ===
  OMP: t₀=-397.107040, UB=15.959673, gap=2.59e+01, x=[0, 0, 0, 0, 0, 0, 0, 0, 0, 1, 0, 0, 0, 0, 0, 0, 0, 0, 1, 0, 0, 0, 0, 0, 0, 0, 0, 0, 0, 0] (0.500s)
  Sub: Z₀=19.554453 [LOCAL] (0.3s), α=[0.000,0.000,0.000,0.000,0.000,0.000,0.000,0.000,0.000,0.000,0.000,0.000,0.000,0.000,3.155,0.000,0.000,0.000,0.000,0.000,0.000,0.000,0.000,0.000,0.000,7.660,0.000,0.000,0.000,0.000]
  Iter 36: LB=-397.107040  UB=15.959673  gap=2.59e+01
  Cut: intercept=-1104.617778, π_x_range=[-834.8204, 578.9081]

=== True-DRO Benders iter 37 ===
  OMP: t₀=-397.107040, UB=15.959673, gap=2.59e+01, x=[0, 0, 0, 0, 0, 1, 0, 0, 0, 0, 0, 0, 0, 0, 0, 0, 0, 0, 1, 0, 0, 0, 0, 0, 0, 0, 0, 0, 0, 0] (0.586s)
  Sub: Z₀=19.554453 [LOCAL] (0.3s), α=[0.000,0.000,0.000,0.000,0.000,0.000,0.000,0.000,0.000,0.000,0.000,0.000,0.000,0.000,3.076,0.000,0.000,0.000,0.000,0.000,0.000,0.000,0.000,0.000,0.000,7.738,0.000,0.000,0.000,0.000]
  Iter 37: LB=-397.107040  UB=15.959673  gap=2.59e+01
  Cut: intercept=-1094.097071, π_x_range=[-834.6799, 568.5559]

=== True-DRO Benders iter 38 ===
  OMP: t₀=-394.955706, UB=15.959673, gap=2.57e+01, x=[0, 0, 0, 0, 0, 0, 0, 0, 0, 0, 0, 0, 0, 0, 0, 0, 0, 0, 0, 1, 0, 0, 1, 0, 0, 0, 0, 0, 0, 0] (0.555s)
  Sub: Z₀=18.114209 [LOCAL] (0.3s), α=[0.000,0.000,0.000,0.000,0.000,0.000,0.000,1.507,0.000,0.000,0.000,0.000,0.000,0.000,3.331,0.000,0.000,0.000,0.000,0.000,0.000,0.000,0.000,0.000,0.000,5.806,0.171,0.000,0.000,0.000]
  Iter 38: LB=-394.955706  UB=15.959673  gap=2.57e+01
  Cut: intercept=-1100.626452, π_x_range=[-833.0404, 560.0339]

=== True-DRO Benders iter 39 ===
  OMP: t₀=-394.948053, UB=15.959673, gap=2.57e+01, x=[0, 0, 0, 0, 0, 0, 0, 0, 0, 0, 0, 0, 0, 0, 0, 0, 0, 0, 1, 0, 0, 0, 0, 0, 0, 1, 0, 0, 0, 0] (0.449s)
  Sub: Z₀=15.364728 [LOCAL] (0.2s), α=[0.000,0.000,0.000,0.000,0.000,0.000,0.000,0.000,0.000,0.000,0.000,0.000,0.000,0.000,0.000,0.000,0.000,0.000,0.000,0.000,0.000,0.000,0.000,0.000,0.000,10.815,0.000,0.000,0.000,0.000]
  Iter 39: LB=-394.948053  UB=15.959673  gap=2.57e+01
  Cut: intercept=-1133.186275, π_x_range=[-830.3220, 583.6146]

=== True-DRO Benders iter 40 ===
  OMP: t₀=-388.312168, UB=15.959673, gap=2.53e+01, x=[0, 0, 0, 0, 0, 0, 0, 0, 0, 0, 0, 0, 0, 0, 0, 0, 0, 0, 0, 1, 0, 0, 0, 0, 1, 0, 0, 0, 0, 0] (0.593s)
  Sub: Z₀=18.592312 [TIME_LIMIT] (15.5s), α=[0.000,0.000,0.000,0.000,0.000,0.000,0.000,0.122,0.000,0.000,0.000,0.000,0.000,0.000,0.000,0.000,0.000,0.000,0.000,4.600,0.000,0.000,0.000,0.000,0.000,6.093,0.000,0.000,0.000,0.000]
  Iter 40: LB=-388.312168  UB=15.959673  gap=2.53e+01
  Cut: intercept=-56.121257, π_x_range=[-241.0000, 40.5002]

=== True-DRO Benders iter 41 ===
  OMP: t₀=-384.107040, UB=15.959673, gap=2.51e+01, x=[0, 0, 0, 0, 0, 0, 0, 0, 0, 0, 0, 0, 0, 0, 0, 0, 0, 0, 1, 0, 0, 0, 0, 1, 0, 0, 0, 0, 0, 0] (0.424s)
  Sub: Z₀=19.554453 [LOCAL] (0.3s), α=[0.000,0.000,0.000,0.000,0.000,0.000,0.000,0.000,0.000,0.000,0.000,0.000,0.000,0.000,3.154,0.000,0.000,0.000,0.000,0.000,0.000,0.000,0.000,0.000,0.000,7.660,0.000,0.000,0.000,0.000]
  Iter 41: LB=-384.107040  UB=15.959673  gap=2.51e+01
  Cut: intercept=-1105.849613, π_x_range=[-834.7424, 580.3997]

=== True-DRO Benders iter 42 ===
  OMP: t₀=-373.121257, UB=15.959673, gap=2.44e+01, x=[0, 0, 0, 0, 0, 0, 0, 0, 0, 0, 0, 0, 1, 0, 0, 0, 0, 0, 1, 0, 0, 0, 0, 0, 0, 0, 0, 0, 0, 0] (0.465s)
  Sub: Z₀=19.554453 [LOCAL] (0.3s), α=[0.000,0.000,0.000,0.000,0.000,0.000,0.000,0.000,0.000,0.000,0.000,0.000,0.000,0.000,3.154,0.000,0.000,0.000,0.000,0.000,0.000,0.000,0.000,0.000,0.000,7.660,0.000,0.000,0.000,0.000]
  Iter 42: LB=-373.121257  UB=15.959673  gap=2.44e+01
  Cut: intercept=-1102.842659, π_x_range=[-834.7224, 577.4216]

=== True-DRO Benders iter 43 ===
  OMP: t₀=-373.107040, UB=15.959673, gap=2.44e+01, x=[0, 0, 0, 0, 0, 0, 0, 0, 1, 0, 0, 0, 0, 0, 0, 0, 0, 0, 1, 0, 0, 0, 0, 0, 0, 0, 0, 0, 0, 0] (0.460s)
  Sub: Z₀=19.554453 [LOCAL] (0.3s), α=[0.000,0.000,0.000,0.000,0.000,0.000,0.000,0.000,0.000,0.000,0.000,0.000,0.000,0.000,3.154,0.000,0.000,0.000,0.000,0.000,0.000,0.000,0.000,0.000,0.000,7.661,0.000,0.000,0.000,0.000]
  Iter 43: LB=-373.107040  UB=15.959673  gap=2.44e+01
  Cut: intercept=-1109.349836, π_x_range=[-834.7875, 583.7334]

=== True-DRO Benders iter 44 ===
  OMP: t₀=-372.914072, UB=15.959673, gap=2.44e+01, x=[0, 0, 0, 0, 0, 0, 0, 0, 0, 0, 0, 0, 0, 1, 0, 0, 0, 0, 1, 0, 0, 0, 0, 0, 0, 0, 0, 0, 0, 0] (0.469s)
  Sub: Z₀=19.554453 [LOCAL] (0.3s), α=[0.000,0.000,0.000,0.000,0.000,0.000,0.000,0.000,0.000,0.000,0.000,0.000,0.000,0.000,3.159,0.000,0.000,0.000,0.000,0.000,0.000,0.000,0.000,0.000,0.000,7.655,0.000,0.000,0.000,0.000]
  Iter 44: LB=-372.914072  UB=15.959673  gap=2.44e+01
  Cut: intercept=-1112.094598, π_x_range=[-834.8852, 586.5933]

=== True-DRO Benders iter 45 ===
  OMP: t₀=-371.121257, UB=15.959673, gap=2.43e+01, x=[0, 0, 0, 1, 0, 0, 0, 0, 0, 0, 0, 0, 0, 0, 0, 0, 0, 0, 0, 0, 0, 0, 1, 0, 0, 0, 0, 0, 0, 0] (0.533s)
  Sub: Z₀=18.440346 [TIME_LIMIT] (15.5s), α=[0.000,0.000,0.000,0.000,0.000,0.000,0.000,0.054,0.000,0.000,0.000,0.000,0.000,0.000,1.520,0.000,0.000,0.000,0.000,0.000,0.000,0.000,3.856,0.000,0.000,5.386,0.000,0.000,0.000,0.000]
  Iter 45: LB=-371.121257  UB=15.959673  gap=2.43e+01
  Cut: intercept=-49.459441, π_x_range=[-271.0000, 39.1412]

=== True-DRO Benders iter 46 ===
  OMP: t₀=-363.688337, UB=15.959673, gap=2.38e+01, x=[0, 0, 0, 0, 0, 0, 0, 0, 0, 0, 0, 0, 0, 0, 1, 0, 0, 0, 1, 0, 0, 0, 0, 0, 0, 0, 0, 0, 0, 0] (0.536s)
  Sub: Z₀=18.999771 [LOCAL] (0.2s), α=[0.000,0.000,0.000,0.000,0.000,0.000,0.000,0.000,0.000,0.000,0.000,0.000,0.000,0.000,3.818,0.000,0.000,0.000,0.000,0.000,0.000,0.000,0.000,0.000,0.000,6.997,0.000,0.000,0.000,0.000]
  Iter 46: LB=-363.688337  UB=15.959673  gap=2.38e+01
  Cut: intercept=-1117.565711, π_x_range=[-834.2129, 585.0004]

=== True-DRO Benders iter 47 ===
  OMP: t₀=-362.079526, UB=15.959673, gap=2.37e+01, x=[0, 0, 0, 0, 0, 0, 1, 0, 0, 0, 0, 0, 0, 0, 0, 0, 0, 0, 1, 0, 0, 0, 0, 0, 0, 0, 0, 0, 0, 0] (0.368s)
  Sub: Z₀=17.933194 [LOCAL] (0.4s), α=[0.000,0.000,0.000,0.000,0.050,0.000,2.618,0.000,0.000,0.000,0.009,0.000,0.000,0.000,0.236,0.000,0.000,0.000,0.354,0.000,0.000,0.000,0.000,0.000,0.000,7.549,0.000,0.000,0.000,0.000]
  Iter 47: LB=-362.079526  UB=15.959673  gap=2.37e+01
  Cut: intercept=-1099.077794, π_x_range=[-830.0723, 578.9088]

=== True-DRO Benders iter 48 ===
  OMP: t₀=-354.542197, UB=15.959673, gap=2.32e+01, x=[0, 0, 0, 0, 0, 0, 0, 0, 0, 0, 0, 0, 0, 0, 0, 0, 0, 0, 1, 0, 1, 0, 0, 0, 0, 0, 0, 0, 0, 0] (0.496s)
  Sub: Z₀=19.554453 [LOCAL] (0.3s), α=[0.000,0.000,0.000,0.000,0.000,0.000,0.000,0.000,0.000,0.000,0.000,0.000,0.000,0.000,3.154,0.000,0.000,0.000,0.000,0.000,0.000,0.000,0.000,0.000,0.000,7.661,0.000,0.000,0.000,0.000]
  Iter 48: LB=-354.542197  UB=15.959673  gap=2.32e+01
  Cut: intercept=-1110.005457, π_x_range=[-834.7796, 584.3425]

=== True-DRO Benders iter 49 ===
  OMP: t₀=-351.243823, UB=15.959673, gap=2.30e+01, x=[0, 0, 0, 0, 0, 0, 0, 0, 0, 0, 0, 0, 0, 0, 0, 0, 0, 0, 1, 0, 0, 0, 0, 0, 0, 0, 0, 0, 0, 1] (0.608s)
  Sub: Z₀=19.554453 [LOCAL] (0.3s), α=[0.000,0.000,0.000,0.000,0.000,0.000,0.000,0.000,0.000,0.000,0.000,0.000,0.000,0.000,3.169,0.000,0.000,0.000,0.000,0.000,0.000,0.000,0.000,0.000,0.000,7.645,0.000,0.000,0.000,0.000]
  Iter 49: LB=-351.243823  UB=15.959673  gap=2.30e+01
  Cut: intercept=-1115.677558, π_x_range=[-834.9013, 589.7606]

=== True-DRO Benders iter 50 ===
  OMP: t₀=-325.880136, UB=15.959673, gap=2.14e+01, x=[0, 0, 0, 0, 0, 0, 0, 0, 0, 1, 0, 0, 0, 0, 0, 0, 0, 0, 0, 0, 0, 0, 0, 0, 0, 1, 0, 0, 0, 0] (0.959s)
  Sub: Z₀=16.457715 (14.5s), α=[0.000,0.000,0.000,0.000,0.000,0.000,0.000,0.000,0.000,0.000,0.000,0.000,0.000,0.000,0.000,0.000,0.000,0.000,0.000,0.000,0.000,0.000,0.000,0.000,0.000,10.815,0.000,0.000,0.000,0.000]
  Iter 50: LB=-325.880136  UB=15.959673  gap=2.14e+01
  Cut: intercept=-82.875288, π_x_range=[-274.0000, 57.8795]
  Sherali-Cut: intercept=-10.978688, π_x_range=[-96.7788, 27.4364]

=== True-DRO Benders iter 51 ===
  OMP: t₀=-163.177268, UB=15.959673, gap=1.12e+01, x=[0, 0, 0, 0, 1, 0, 0, 0, 0, 0, 1, 0, 0, 0, 0, 0, 0, 0, 0, 0, 0, 0, 0, 0, 0, 0, 0, 0, 0, 0] (0.138s)
  Sub: Z₀=11.910459 [LOCAL] (0.3s), α=[0.000,0.000,0.000,0.000,4.931,0.000,0.000,0.000,0.000,0.000,4.364,0.000,0.000,0.000,1.520,0.000,0.000,0.000,0.000,0.000,0.000,0.000,0.000,0.000,0.000,0.000,0.000,0.000,0.000,0.000]
  Iter 51: LB=-163.177268  UB=15.959673  gap=1.12e+01
  Cut: intercept=-1094.099917, π_x_range=[-822.0154, 567.7679]

=== True-DRO Benders iter 52 ===
  OMP: t₀=-150.890963, UB=15.959673, gap=1.05e+01, x=[0, 0, 0, 0, 0, 0, 0, 0, 0, 0, 1, 0, 0, 0, 0, 0, 0, 0, 0, 1, 0, 0, 0, 0, 0, 0, 0, 0, 0, 0] (0.132s)
  Sub: Z₀=15.424156 [LOCAL] (0.3s), α=[0.000,0.000,0.000,0.000,0.000,0.000,0.000,0.000,0.000,0.000,6.402,0.000,0.000,0.000,1.520,0.000,0.000,0.000,0.000,2.843,0.000,0.000,0.000,0.000,0.000,0.049,0.000,0.000,0.000,0.000]
  Iter 52: LB=-150.890963  UB=15.959673  gap=1.05e+01
  Cut: intercept=-1067.041916, π_x_range=[-819.6080, 556.3607]

=== True-DRO Benders iter 53 ===
  OMP: t₀=-150.147814, UB=15.959673, gap=1.04e+01, x=[0, 0, 0, 0, 0, 0, 0, 0, 0, 0, 1, 0, 0, 0, 0, 0, 0, 0, 0, 0, 0, 0, 0, 0, 0, 0, 1, 0, 0, 0] (0.158s)
  Sub: Z₀=14.386040 [LOCAL] (0.3s), α=[0.000,0.000,0.000,0.000,0.000,0.000,0.000,0.000,0.000,0.000,3.484,0.000,0.000,0.000,0.388,0.000,0.000,0.000,0.000,0.000,0.000,0.000,0.000,0.000,0.000,0.000,6.723,0.219,0.000,0.000]
  Iter 53: LB=-150.147814  UB=15.959673  gap=1.04e+01
  Cut: intercept=-1087.905424, π_x_range=[-822.3606, 557.4013]

=== True-DRO Benders iter 54 ===
  OMP: t₀=-143.791865, UB=15.959673, gap=1.00e+01, x=[0, 0, 0, 0, 0, 0, 0, 1, 0, 0, 0, 0, 0, 0, 0, 0, 0, 0, 0, 0, 0, 0, 0, 0, 0, 0, 1, 0, 0, 0] (0.240s)
  Sub: Z₀=15.360645 [LOCAL] (0.3s), α=[0.000,0.000,0.000,0.000,0.000,0.000,0.000,0.000,0.000,0.000,0.000,0.000,0.000,0.000,0.564,0.000,0.000,0.000,0.000,0.000,0.000,0.000,0.000,0.000,0.000,1.566,5.589,3.095,0.000,0.000]
  Iter 54: LB=-143.791865  UB=15.959673  gap=1.00e+01
  Cut: intercept=-1099.264859, π_x_range=[-829.9687, 561.3755]

=== True-DRO Benders iter 55 ===
  OMP: t₀=-142.581293, UB=15.959673, gap=9.93e+00, x=[0, 0, 0, 0, 1, 0, 0, 1, 0, 0, 0, 0, 0, 0, 0, 0, 0, 0, 0, 0, 0, 0, 0, 0, 0, 0, 0, 0, 0, 0] (0.310s)
  Sub: Z₀=13.715443 [TIME_LIMIT] (15.5s), α=[0.000,0.000,0.000,0.000,6.504,0.000,0.000,0.765,0.000,0.000,0.000,0.000,0.000,0.000,3.545,0.000,0.000,0.000,0.000,0.000,0.000,0.000,0.000,0.000,0.000,0.000,0.000,0.000,0.000,0.000]
  Iter 55: LB=-142.581293  UB=15.025798  gap=1.05e+01
  Cut: intercept=-92.821024, π_x_range=[-264.0000, 53.7314]

=== True-DRO Benders iter 56 ===
  OMP: t₀=-139.148302, UB=15.025798, gap=1.03e+01, x=[0, 0, 0, 0, 0, 0, 0, 0, 0, 0, 1, 0, 0, 0, 0, 0, 0, 0, 0, 0, 0, 0, 0, 0, 0, 0, 0, 1, 0, 0] (0.266s)
  Sub: Z₀=13.872393 [LOCAL] (0.3s), α=[0.000,0.000,0.000,0.000,0.000,0.000,0.000,0.000,0.000,0.000,6.010,0.000,0.000,0.000,1.520,0.000,0.000,0.000,0.000,0.000,0.000,0.000,0.000,0.000,0.000,0.000,0.084,3.201,0.000,0.000]
  Iter 56: LB=-139.148302  UB=15.025798  gap=1.03e+01
  Cut: intercept=-1084.851842, π_x_range=[-820.2506, 565.4690]

=== True-DRO Benders iter 57 ===
  OMP: t₀=-136.062196, UB=15.025798, gap=1.01e+01, x=[0, 0, 0, 0, 1, 0, 0, 0, 0, 0, 0, 0, 0, 0, 0, 0, 0, 0, 0, 0, 0, 0, 0, 0, 0, 0, 1, 0, 0, 0] (0.337s)
  Sub: Z₀=12.262752 [LOCAL] (0.4s), α=[0.000,0.000,0.000,0.000,6.279,0.000,0.000,0.000,0.000,0.000,0.000,0.000,0.000,0.000,0.395,0.000,0.000,0.000,0.000,0.000,0.000,0.000,0.000,0.000,0.000,0.000,3.999,0.142,0.000,0.000]
  Iter 57: LB=-136.062196  UB=15.025798  gap=1.01e+01
  Cut: intercept=-1124.397211, π_x_range=[-828.3296, 573.6376]

=== True-DRO Benders iter 58 ===
  OMP: t₀=-130.196393, UB=15.025798, gap=9.66e+00, x=[0, 0, 0, 0, 0, 0, 0, 0, 0, 0, 1, 0, 0, 0, 0, 0, 0, 0, 0, 0, 0, 0, 1, 0, 0, 0, 0, 0, 0, 0] (0.394s)
  Sub: Z₀=15.424156 [LOCAL] (0.3s), α=[0.000,0.000,0.000,0.000,0.000,0.000,0.000,0.031,0.000,0.000,6.402,0.000,0.000,0.000,1.520,0.000,0.000,0.000,0.000,0.000,0.000,0.000,2.812,0.000,0.000,0.049,0.000,0.000,0.000,0.000]
  Iter 58: LB=-130.196393  UB=15.025798  gap=9.66e+00
  Cut: intercept=-1066.002853, π_x_range=[-820.9110, 556.2191]

=== True-DRO Benders iter 59 ===
  OMP: t₀=-128.767095, UB=15.025798, gap=9.57e+00, x=[0, 0, 0, 0, 0, 0, 0, 1, 0, 0, 0, 0, 0, 0, 0, 0, 0, 0, 0, 0, 0, 0, 0, 0, 0, 0, 0, 1, 0, 0] (0.938s)
  Sub: Z₀=14.619549 [LOCAL] (0.4s), α=[0.000,0.000,0.000,0.000,0.000,0.000,0.000,2.958,0.000,0.000,0.000,0.000,0.000,0.000,0.000,0.000,0.000,0.000,0.000,0.000,0.000,0.000,0.000,0.000,0.000,0.651,0.000,7.206,0.000,0.000]
  Iter 59: LB=-128.767095  UB=15.025798  gap=9.57e+00
  Cut: intercept=-1119.287514, π_x_range=[-829.9593, 567.8405]

=== True-DRO Benders iter 60 ===
  OMP: t₀=-123.778274, UB=15.025798, gap=9.24e+00, x=[0, 0, 0, 0, 0, 0, 0, 1, 0, 0, 0, 0, 0, 0, 0, 0, 0, 0, 0, 1, 0, 0, 0, 0, 0, 0, 0, 0, 0, 0] (1.094s)
  Sub: Z₀=14.275030 [TIME_LIMIT] (15.7s), α=[0.000,0.000,0.000,0.000,0.000,0.000,0.000,4.251,0.000,0.000,0.000,0.000,0.000,0.000,0.000,0.000,0.000,0.000,0.000,5.539,0.000,0.000,0.000,0.000,0.000,1.025,0.000,0.000,0.000,0.000]
  Iter 60: LB=-123.778274  UB=15.025798  gap=9.24e+00
  Cut: intercept=-91.876214, π_x_range=[-261.0000, 64.1414]

=== True-DRO Benders iter 61 ===
  OMP: t₀=-121.037426, UB=15.025798, gap=9.06e+00, x=[0, 0, 0, 0, 1, 0, 0, 0, 0, 0, 0, 0, 0, 0, 0, 0, 0, 0, 0, 0, 0, 0, 0, 0, 0, 0, 0, 1, 0, 0] (1.239s)
  Sub: Z₀=14.014496 [LOCAL] (0.3s), α=[0.000,0.000,0.000,0.000,6.367,0.000,0.000,0.000,0.000,0.000,0.000,0.000,0.000,0.000,1.786,0.000,0.000,0.000,0.000,0.000,0.000,0.000,0.000,0.000,0.000,0.000,0.063,2.597,0.000,0.000]
  Iter 61: LB=-121.037426  UB=15.025798  gap=9.06e+00
  Cut: intercept=-1112.363568, π_x_range=[-828.4145, 567.0828]

=== True-DRO Benders iter 62 ===
  OMP: t₀=-111.102282, UB=15.025798, gap=8.39e+00, x=[0, 0, 0, 1, 0, 0, 0, 0, 0, 0, 1, 0, 0, 0, 0, 0, 0, 0, 0, 0, 0, 0, 0, 0, 0, 0, 0, 0, 0, 0] (1.119s)
  Sub: Z₀=16.822732 [LOCAL] (0.2s), α=[0.000,0.000,0.000,0.000,0.000,0.000,0.000,0.000,0.000,0.000,6.636,0.000,0.000,0.000,3.545,0.000,0.000,0.000,0.000,0.000,0.000,0.000,0.000,0.000,0.000,0.283,0.212,0.138,0.000,0.000]
  Iter 62: LB=-111.102282  UB=15.025798  gap=8.39e+00
  Cut: intercept=-1069.764831, π_x_range=[-819.6313, 561.8176]

=== True-DRO Benders iter 63 ===
  OMP: t₀=-107.757616, UB=15.025798, gap=8.17e+00, x=[0, 0, 0, 0, 0, 0, 0, 0, 0, 0, 1, 1, 0, 0, 0, 0, 0, 0, 0, 0, 0, 0, 0, 0, 0, 0, 0, 0, 0, 0] (1.368s)
  Sub: Z₀=16.822732 [LOCAL] (0.2s), α=[0.000,0.000,0.000,0.000,0.000,0.000,0.000,0.000,0.000,0.000,6.636,0.000,0.000,0.000,3.545,0.000,0.000,0.000,0.000,0.000,0.000,0.000,0.000,0.000,0.000,0.283,0.217,0.133,0.000,0.000]
  Iter 63: LB=-107.757616  UB=15.025798  gap=8.17e+00
  Cut: intercept=-1070.007299, π_x_range=[-819.0061, 560.0553]

=== True-DRO Benders iter 64 ===
  OMP: t₀=-107.757612, UB=15.025798, gap=8.17e+00, x=[0, 0, 0, 0, 0, 0, 0, 0, 0, 0, 1, 0, 1, 0, 0, 0, 0, 0, 0, 0, 0, 0, 0, 0, 0, 0, 0, 0, 0, 0] (1.305s)
  Sub: Z₀=16.822732 [LOCAL] (0.2s), α=[0.000,0.000,0.000,0.000,0.000,0.000,0.000,0.000,0.000,0.000,6.636,0.000,0.000,0.000,3.545,0.000,0.000,0.000,0.000,0.000,0.000,0.000,0.000,0.000,0.000,0.283,0.205,0.145,0.000,0.000]
  Iter 64: LB=-107.757612  UB=15.025798  gap=8.17e+00
  Cut: intercept=-1087.776010, π_x_range=[-819.0581, 578.0008]

=== True-DRO Benders iter 65 ===
  OMP: t₀=-107.757610, UB=15.025798, gap=8.17e+00, x=[0, 0, 1, 0, 0, 0, 0, 0, 0, 0, 1, 0, 0, 0, 0, 0, 0, 0, 0, 0, 0, 0, 0, 0, 0, 0, 0, 0, 0, 0] (1.338s)
  Sub: Z₀=16.822732 [TIME_LIMIT] (15.6s), α=[0.000,0.000,0.000,0.000,0.000,0.000,0.000,0.000,0.000,0.000,6.636,0.000,0.000,0.000,3.545,0.000,0.000,0.000,0.000,0.000,0.000,0.000,0.000,0.000,0.000,0.283,0.186,0.164,0.000,0.000]
  Iter 65: LB=-107.757610  UB=15.025798  gap=8.17e+00
  Cut: intercept=-94.782487, π_x_range=[-231.0000, 73.9832]

=== True-DRO Benders iter 66 ===
  OMP: t₀=-107.757609, UB=15.025798, gap=8.17e+00, x=[0, 0, 0, 0, 0, 0, 0, 0, 0, 0, 1, 0, 0, 0, 0, 1, 0, 0, 0, 0, 0, 0, 0, 0, 0, 0, 0, 0, 0, 0] (1.690s)
  Sub: Z₀=16.822732 [LOCAL] (0.3s), α=[0.000,0.000,0.000,0.000,0.000,0.000,0.000,0.000,0.000,0.000,6.636,0.000,0.000,0.000,3.545,0.000,0.000,0.000,0.000,0.000,0.000,0.000,0.000,0.000,0.000,0.283,0.211,0.139,0.000,0.000]
  Iter 66: LB=-107.757609  UB=15.025798  gap=8.17e+00
  Cut: intercept=-1043.183205, π_x_range=[-818.4309, 533.9903]

=== True-DRO Benders iter 67 ===
  OMP: t₀=-107.757607, UB=15.025798, gap=8.17e+00, x=[0, 0, 0, 0, 0, 0, 0, 0, 0, 0, 1, 0, 0, 0, 0, 0, 1, 0, 0, 0, 0, 0, 0, 0, 0, 0, 0, 0, 0, 0] (1.721s)
  Sub: Z₀=16.822732 [LOCAL] (0.3s), α=[0.000,0.000,0.000,0.000,0.000,0.000,0.000,0.000,0.000,0.000,6.636,0.000,0.000,0.000,3.545,0.000,0.000,0.000,0.000,0.000,0.000,0.000,0.000,0.000,0.000,0.283,0.218,0.132,0.000,0.000]
  Iter 67: LB=-107.757607  UB=15.025798  gap=8.17e+00
  Cut: intercept=-1051.855699, π_x_range=[-819.0728, 542.1234]

=== True-DRO Benders iter 68 ===
  OMP: t₀=-107.757595, UB=15.025798, gap=8.17e+00, x=[0, 0, 0, 0, 0, 0, 0, 0, 0, 0, 1, 0, 0, 0, 0, 0, 0, 0, 0, 0, 0, 0, 0, 0, 1, 0, 0, 0, 0, 0] (1.721s)
  Sub: Z₀=16.822732 [LOCAL] (0.2s), α=[0.000,0.000,0.000,0.000,0.000,0.000,0.000,0.000,0.000,0.000,6.636,0.000,0.000,0.000,3.545,0.000,0.000,0.000,0.000,0.000,0.000,0.000,0.000,0.000,0.000,0.283,0.210,0.140,0.000,0.000]
  Iter 68: LB=-107.757595  UB=15.025798  gap=8.17e+00
  Cut: intercept=-1066.186618, π_x_range=[-819.0495, 556.3782]

=== True-DRO Benders iter 69 ===
  OMP: t₀=-107.757513, UB=15.025798, gap=8.17e+00, x=[1, 0, 0, 0, 0, 0, 0, 0, 0, 0, 1, 0, 0, 0, 0, 0, 0, 0, 0, 0, 0, 0, 0, 0, 0, 0, 0, 0, 0, 0] (1.670s)
  Sub: Z₀=16.822732 [LOCAL] (0.2s), α=[0.000,0.000,0.000,0.000,0.000,0.000,0.000,0.000,0.000,0.000,6.636,0.000,0.000,0.000,3.545,0.000,0.000,0.000,0.000,0.000,0.000,0.000,0.000,0.000,0.000,0.283,0.210,0.140,0.000,0.000]
  Iter 69: LB=-107.757513  UB=15.025798  gap=8.17e+00
  Cut: intercept=-1069.675344, π_x_range=[-819.0562, 559.8931]

=== True-DRO Benders iter 70 ===
  OMP: t₀=-107.757585, UB=15.025798, gap=8.17e+00, x=[0, 0, 0, 0, 0, 0, 0, 0, 0, 0, 1, 0, 0, 0, 0, 0, 0, 0, 0, 0, 0, 0, 0, 1, 0, 0, 0, 0, 0, 0] (1.710s)
  Sub: Z₀=16.822732 [TIME_LIMIT] (15.4s), α=[0.000,0.000,0.000,0.000,0.000,0.000,0.000,0.000,0.000,0.000,6.636,0.000,0.000,0.000,3.545,0.000,0.000,0.000,0.000,0.000,0.000,0.000,0.000,0.000,0.000,0.283,0.190,0.160,0.000,0.000]
  Iter 70: LB=-107.757585  UB=15.025798  gap=8.17e+00
  Cut: intercept=-72.622100, π_x_range=[-231.0000, 73.9873]

=== True-DRO Benders iter 71 ===
  OMP: t₀=-107.757541, UB=15.025798, gap=8.17e+00, x=[0, 0, 0, 0, 0, 1, 0, 0, 0, 0, 1, 0, 0, 0, 0, 0, 0, 0, 0, 0, 0, 0, 0, 0, 0, 0, 0, 0, 0, 0] (1.386s)
  Sub: Z₀=16.822732 [LOCAL] (0.2s), α=[0.000,0.000,0.000,0.000,0.000,0.000,0.000,0.000,0.000,0.000,6.636,0.000,0.000,0.000,3.545,0.000,0.000,0.000,0.000,0.000,0.000,0.000,0.000,0.000,0.000,0.283,0.211,0.140,0.000,0.000]
  Iter 71: LB=-107.757541  UB=15.025798  gap=8.17e+00
  Cut: intercept=-1077.855598, π_x_range=[-819.0788, 568.1404]

=== True-DRO Benders iter 72 ===
  OMP: t₀=-107.757488, UB=15.025798, gap=8.17e+00, x=[0, 0, 0, 0, 0, 0, 0, 0, 0, 1, 1, 0, 0, 0, 0, 0, 0, 0, 0, 0, 0, 0, 0, 0, 0, 0, 0, 0, 0, 0] (1.660s)
  Sub: Z₀=16.822732 [LOCAL] (0.2s), α=[0.000,0.000,0.000,0.000,0.000,0.000,0.000,0.000,0.000,0.000,6.636,0.000,0.000,0.000,3.545,0.000,0.000,0.000,0.000,0.000,0.000,0.000,0.000,0.000,0.000,0.283,0.208,0.142,0.000,0.000]
  Iter 72: LB=-107.757488  UB=15.025798  gap=8.17e+00
  Cut: intercept=-1089.087812, π_x_range=[-819.0486, 579.2830]

=== True-DRO Benders iter 73 ===
  OMP: t₀=-105.177268, UB=15.025798, gap=8.00e+00, x=[0, 0, 0, 0, 0, 0, 0, 0, 0, 0, 1, 0, 0, 0, 0, 0, 0, 0, 0, 0, 0, 0, 0, 0, 0, 0, 0, 0, 0, 1] (1.492s)
  Sub: Z₀=16.822732 [LOCAL] (0.2s), α=[0.000,0.000,0.000,0.000,0.000,0.000,0.000,0.000,0.000,0.000,6.636,0.000,0.000,0.000,3.545,0.000,0.000,0.000,0.000,0.000,0.000,0.000,0.000,0.000,0.000,0.283,0.210,0.140,0.000,0.000]
  Iter 73: LB=-105.177268  UB=15.025798  gap=8.00e+00
  Cut: intercept=-1097.162218, π_x_range=[-819.0637, 587.4051]

=== True-DRO Benders iter 74 ===
  OMP: t₀=-103.177268, UB=15.025798, gap=7.87e+00, x=[0, 0, 0, 0, 0, 0, 0, 0, 1, 0, 1, 0, 0, 0, 0, 0, 0, 0, 0, 0, 0, 0, 0, 0, 0, 0, 0, 0, 0, 0] (1.757s)
  Sub: Z₀=16.822732 [LOCAL] (0.2s), α=[0.000,0.000,0.000,0.000,0.000,0.000,0.000,0.000,0.000,0.000,6.636,0.000,0.000,0.000,3.545,0.000,0.000,0.000,0.000,0.000,0.000,0.000,0.000,0.000,0.000,0.283,0.159,0.191,0.000,0.000]
  Iter 74: LB=-103.177268  UB=15.025798  gap=7.87e+00
  Cut: intercept=-1093.052965, π_x_range=[-819.0634, 583.2999]

=== True-DRO Benders iter 75 ===
  OMP: t₀=-103.177268, UB=15.025798, gap=7.87e+00, x=[0, 0, 0, 0, 0, 0, 0, 0, 0, 0, 1, 0, 0, 0, 0, 0, 0, 0, 0, 0, 1, 0, 0, 0, 0, 0, 0, 0, 0, 0] (1.651s)
  Sub: Z₀=16.822732 [TIME_LIMIT] (15.4s), α=[0.000,0.000,0.000,0.000,0.000,0.000,0.000,0.000,0.000,0.000,6.636,0.000,0.000,0.000,3.545,0.000,0.000,0.000,0.000,0.000,0.000,0.000,0.000,0.000,0.000,0.283,0.184,0.166,0.000,0.000]
  Iter 75: LB=-103.177268  UB=15.025798  gap=7.87e+00
  Cut: intercept=-74.372080, π_x_range=[-231.0000, 74.0230]

=== True-DRO Benders iter 76 ===
  OMP: t₀=-103.083704, UB=15.025798, gap=7.86e+00, x=[0, 0, 0, 0, 0, 0, 0, 1, 0, 0, 0, 0, 0, 0, 0, 0, 0, 0, 0, 0, 0, 0, 1, 0, 0, 0, 0, 0, 0, 0] (1.646s)
  Sub: Z₀=15.008884 [LOCAL] (0.3s), α=[0.000,0.000,0.000,0.000,0.000,0.000,0.000,8.674,0.000,0.000,0.000,0.000,0.000,0.000,0.000,0.000,0.000,0.000,0.000,0.000,0.000,0.000,1.659,0.000,0.000,0.481,0.000,0.000,0.000,0.000]
  Iter 76: LB=-103.083704  UB=15.025798  gap=7.86e+00
  Cut: intercept=-1111.756573, π_x_range=[-828.7589, 565.4152]

=== True-DRO Benders iter 77 ===
  OMP: t₀=-103.007964, UB=15.025798, gap=7.86e+00, x=[0, 0, 0, 0, 0, 0, 0, 1, 0, 0, 0, 0, 0, 0, 1, 0, 0, 0, 0, 0, 0, 0, 0, 0, 0, 0, 0, 0, 0, 0] (1.520s)
  Sub: Z₀=17.237290 [LOCAL] (0.3s), α=[0.000,0.000,0.000,0.000,0.000,0.000,0.000,2.815,0.000,0.000,0.000,0.000,0.000,0.000,5.623,0.000,0.000,0.000,0.000,0.000,0.000,0.000,0.000,0.000,0.000,2.376,0.000,0.000,0.000,0.000]
  Iter 77: LB=-103.007964  UB=15.025798  gap=7.86e+00
  Cut: intercept=-1144.250156, π_x_range=[-829.8616, 588.7525]

=== True-DRO Benders iter 78 ===
  OMP: t₀=-102.984300, UB=15.025798, gap=7.85e+00, x=[0, 0, 0, 0, 0, 0, 0, 0, 0, 0, 1, 0, 0, 1, 0, 0, 0, 0, 0, 0, 0, 0, 0, 0, 0, 0, 0, 0, 0, 0] (1.501s)
  Sub: Z₀=16.163311 [LOCAL] (0.3s), α=[0.000,0.000,0.000,0.000,0.000,0.000,0.249,0.000,0.000,0.000,6.831,0.000,0.000,0.230,3.505,0.000,0.000,0.000,0.000,0.000,0.000,0.000,0.000,0.000,0.000,0.000,0.000,0.000,0.000,0.000]
  Iter 78: LB=-102.984300  UB=15.025798  gap=7.85e+00
  Cut: intercept=-1113.808821, π_x_range=[-818.6307, 594.5189]

=== True-DRO Benders iter 79 ===
  OMP: t₀=-102.234407, UB=15.025798, gap=7.80e+00, x=[0, 0, 0, 0, 0, 0, 0, 0, 0, 0, 0, 0, 0, 0, 0, 0, 0, 0, 0, 1, 0, 0, 0, 0, 0, 0, 0, 1, 0, 0] (1.363s)
  Sub: Z₀=16.348646 [LOCAL] (0.4s), α=[0.000,0.000,0.000,0.000,0.000,0.000,0.000,0.013,0.000,0.000,0.000,0.000,0.000,0.000,3.072,0.000,0.000,0.000,0.000,0.442,0.000,0.000,0.000,0.000,0.000,5.014,0.122,2.152,0.000,0.000]
  Iter 79: LB=-102.234407  UB=15.025798  gap=7.80e+00
  Cut: intercept=-1099.660409, π_x_range=[-831.9121, 558.5224]

=== True-DRO Benders iter 80 ===
  OMP: t₀=-97.940276, UB=15.025798, gap=7.52e+00, x=[0, 0, 0, 0, 0, 0, 0, 0, 0, 0, 0, 0, 0, 0, 0, 0, 0, 1, 0, 0, 0, 0, 0, 0, 0, 0, 1, 0, 0, 0] (2.023s)
  Sub: Z₀=17.352772 [TIME_LIMIT] (15.6s), α=[0.000,0.000,0.000,0.000,0.000,0.000,0.000,0.000,0.000,0.000,0.000,0.000,0.000,0.000,0.000,0.000,0.000,0.000,0.000,0.000,0.000,0.000,0.000,0.000,0.000,2.130,7.515,1.170,0.000,0.000]
  Iter 80: LB=-97.940276  UB=15.025798  gap=7.52e+00
  Cut: intercept=-106.774809, π_x_range=[-261.0000, 89.1795]

=== True-DRO Benders iter 81 ===
  OMP: t₀=-96.977512, UB=15.025798, gap=7.45e+00, x=[0, 0, 0, 0, 0, 0, 1, 1, 0, 0, 0, 0, 0, 0, 0, 0, 0, 0, 0, 0, 0, 0, 0, 0, 0, 0, 0, 0, 0, 0] (1.930s)
  Sub: Z₀=17.065674 [LOCAL] (0.3s), α=[0.000,0.000,0.000,0.000,0.000,0.000,2.312,2.898,0.000,0.000,0.000,0.000,0.000,0.000,0.000,0.000,0.000,0.000,0.000,0.000,0.000,0.000,0.000,0.000,0.000,5.605,0.000,0.000,0.000,0.000]
  Iter 81: LB=-96.977512  UB=15.025798  gap=7.45e+00
  Cut: intercept=-1125.830372, π_x_range=[-832.4370, 582.2059]

=== True-DRO Benders iter 82 ===
  OMP: t₀=-96.564607, UB=15.025798, gap=7.43e+00, x=[0, 0, 0, 0, 0, 0, 0, 0, 0, 0, 0, 0, 0, 0, 0, 0, 0, 0, 0, 0, 0, 0, 1, 0, 0, 0, 1, 0, 0, 0] (2.181s)
  Sub: Z₀=16.174541 [LOCAL] (0.3s), α=[0.000,0.000,0.000,0.000,0.000,0.000,0.000,0.000,0.000,0.000,0.000,0.000,0.000,0.000,0.000,0.000,0.000,0.000,0.000,0.000,0.000,0.000,0.000,0.000,0.000,1.058,9.742,0.015,0.000,0.000]
  Iter 82: LB=-96.564607  UB=15.025798  gap=7.43e+00
  Cut: intercept=-1106.241812, π_x_range=[-831.0194, 567.7080]

=== True-DRO Benders iter 83 ===
  OMP: t₀=-96.488867, UB=15.025798, gap=7.42e+00, x=[0, 0, 0, 0, 0, 0, 0, 0, 0, 0, 0, 0, 0, 0, 1, 0, 0, 0, 0, 0, 0, 0, 0, 0, 0, 0, 1, 0, 0, 0] (1.836s)
  Sub: Z₀=15.678217 [LOCAL] (0.2s), α=[0.000,0.000,0.000,0.000,0.000,0.000,0.000,0.000,0.000,0.000,0.000,0.000,0.000,0.000,2.133,0.000,0.000,0.000,0.000,0.000,0.000,0.000,0.000,0.000,0.000,2.267,6.200,0.214,0.000,0.000]
  Iter 83: LB=-96.488867  UB=15.025798  gap=7.42e+00
  Cut: intercept=-1135.107659, π_x_range=[-829.3071, 589.7206]

=== True-DRO Benders iter 84 ===
  OMP: t₀=-95.354035, UB=15.025798, gap=7.35e+00, x=[0, 0, 0, 0, 1, 0, 0, 0, 0, 0, 0, 0, 0, 0, 0, 0, 0, 0, 0, 0, 0, 0, 1, 0, 0, 0, 0, 0, 0, 0] (2.492s)
  Sub: Z₀=14.175124 [LOCAL] (0.2s), α=[0.000,0.000,0.000,0.000,6.453,0.000,0.000,0.000,0.000,0.000,0.000,0.000,0.000,0.000,4.362,0.000,0.000,0.000,0.000,0.000,0.000,0.000,0.000,0.000,0.000,0.000,0.000,0.000,0.000,0.000]
  Iter 84: LB=-95.354035  UB=15.025798  gap=7.35e+00
  Cut: intercept=-1109.072116, π_x_range=[-829.3384, 563.2646]

=== True-DRO Benders iter 85 ===
  OMP: t₀=-95.278295, UB=15.025798, gap=7.34e+00, x=[0, 0, 0, 0, 1, 0, 0, 0, 0, 0, 0, 0, 0, 0, 1, 0, 0, 0, 0, 0, 0, 0, 0, 0, 0, 0, 0, 0, 0, 0] (2.362s)
  Sub: Z₀=13.005705 [TIME_LIMIT] (15.6s), α=[0.000,0.000,0.000,0.000,6.285,0.000,0.000,0.000,0.000,0.000,0.000,0.000,0.000,0.000,4.530,0.000,0.000,0.000,0.000,0.000,0.000,0.000,0.000,0.000,0.000,0.000,0.000,0.000,0.000,0.000]
  Iter 85: LB=-95.278295  UB=14.167928  gap=7.72e+00
  Cut: intercept=-84.237396, π_x_range=[-277.0000, 78.5888]

=== True-DRO Benders iter 86 ===
  OMP: t₀=-95.063850, UB=14.167928, gap=7.71e+00, x=[0, 0, 0, 0, 0, 0, 1, 0, 0, 0, 1, 0, 0, 0, 0, 0, 0, 0, 0, 0, 0, 0, 0, 0, 0, 0, 0, 0, 0, 0] (2.188s)
  Sub: Z₀=14.409810 [LOCAL] (0.3s), α=[0.000,0.000,0.000,0.000,0.000,0.000,4.539,0.000,0.000,0.000,5.952,0.000,0.000,0.000,0.000,0.000,0.000,0.000,0.000,0.000,0.000,0.000,0.000,0.000,0.000,0.323,0.000,0.000,0.000,0.000]
  Iter 86: LB=-95.063850  UB=14.167928  gap=7.71e+00
  Cut: intercept=-1105.641702, π_x_range=[-820.0262, 581.7833]

=== True-DRO Benders iter 87 ===
  OMP: t₀=-93.909505, UB=14.167928, gap=7.63e+00, x=[0, 0, 0, 0, 0, 0, 0, 0, 0, 0, 1, 0, 0, 0, 1, 0, 0, 0, 0, 0, 0, 0, 0, 0, 0, 0, 0, 0, 0, 0] (2.290s)
  Sub: Z₀=15.385694 [LOCAL] (0.2s), α=[0.000,0.000,0.000,0.000,0.000,0.000,0.000,0.000,0.000,0.000,5.084,0.000,0.000,0.000,5.731,0.000,0.000,0.000,0.000,0.000,0.000,0.000,0.000,0.000,0.000,0.000,0.000,0.000,0.000,0.000]
  Iter 87: LB=-93.909505  UB=14.167928  gap=7.63e+00
  Cut: intercept=-1117.620456, π_x_range=[-822.7579, 586.6165]

=== True-DRO Benders iter 88 ===
  OMP: t₀=-91.012824, UB=14.167928, gap=7.42e+00, x=[0, 0, 0, 0, 0, 0, 0, 0, 0, 0, 0, 0, 0, 0, 0, 0, 0, 0, 1, 0, 0, 0, 0, 0, 0, 0, 0, 1, 0, 0] (2.591s)
  Sub: Z₀=16.848830 [LOCAL] (0.2s), α=[0.000,0.000,0.000,0.000,0.000,0.000,0.000,0.000,0.000,0.000,0.000,0.000,0.000,0.000,0.000,0.000,0.000,0.000,0.000,0.000,0.000,0.000,0.000,0.000,0.000,5.708,0.104,5.003,0.000,0.000]
  Iter 88: LB=-91.012824  UB=14.167928  gap=7.42e+00
  Cut: intercept=-1095.576343, π_x_range=[-830.3439, 563.9197]

=== True-DRO Benders iter 89 ===
  OMP: t₀=-90.458415, UB=14.167928, gap=7.38e+00, x=[0, 0, 0, 0, 0, 0, 1, 0, 0, 0, 0, 0, 0, 0, 0, 0, 0, 0, 0, 0, 0, 0, 0, 0, 0, 0, 1, 0, 0, 0] (3.028s)
  Sub: Z₀=15.478228 [LOCAL] (0.2s), α=[0.000,0.000,0.000,0.000,0.000,0.000,1.122,0.000,0.000,0.000,0.000,0.000,0.000,0.000,0.000,0.000,0.000,0.000,0.000,0.000,0.000,0.000,0.000,0.000,0.000,3.107,6.360,0.226,0.000,0.000]
  Iter 89: LB=-90.458415  UB=14.167928  gap=7.38e+00
  Cut: intercept=-1128.657648, π_x_range=[-830.9019, 586.0766]

=== True-DRO Benders iter 90 ===
  OMP: t₀=-89.247843, UB=14.167928, gap=7.30e+00, x=[0, 0, 0, 0, 1, 0, 1, 0, 0, 0, 0, 0, 0, 0, 0, 0, 0, 0, 0, 0, 0, 0, 0, 0, 0, 0, 0, 0, 0, 0] (2.967s)
  Sub: Z₀=12.784419 [TIME_LIMIT] (15.6s), α=[0.000,0.000,0.000,0.000,7.144,0.000,2.936,0.000,0.000,0.000,0.000,0.000,0.000,0.000,0.624,0.000,0.000,0.000,0.000,0.000,0.000,0.000,0.000,0.000,0.000,0.111,0.000,0.000,0.000,0.000]
  Iter 90: LB=-89.247843  UB=14.045931  gap=7.35e+00
  Cut: intercept=-72.669379, π_x_range=[-266.0000, 60.7149]

=== True-DRO Benders iter 91 ===
  OMP: t₀=-85.741097, UB=14.045931, gap=7.10e+00, x=[0, 0, 0, 0, 0, 0, 0, 1, 0, 0, 0, 0, 0, 0, 0, 0, 0, 0, 0, 0, 0, 1, 0, 0, 0, 0, 0, 0, 0, 0] (2.638s)
  Sub: Z₀=18.377937 [LOCAL] (0.3s), α=[0.000,0.000,0.000,0.000,0.000,0.000,0.000,3.630,0.000,0.000,0.000,0.000,0.000,0.000,1.724,0.000,0.000,0.000,0.000,0.488,0.000,0.000,0.000,0.000,0.000,3.619,1.336,0.017,0.000,0.000]
  Iter 91: LB=-85.741097  UB=14.045931  gap=7.10e+00
  Cut: intercept=-1100.689965, π_x_range=[-829.5998, 561.0340]

=== True-DRO Benders iter 92 ===
  OMP: t₀=-83.989594, UB=14.045931, gap=6.98e+00, x=[0, 0, 0, 1, 0, 0, 0, 1, 0, 0, 0, 0, 0, 0, 0, 0, 0, 0, 0, 0, 0, 0, 0, 0, 0, 0, 0, 0, 0, 0] (3.093s)
  Sub: Z₀=18.354284 [LOCAL] (0.3s), α=[0.000,0.000,0.000,0.000,0.000,0.000,0.000,4.030,0.000,0.000,0.000,0.000,0.000,0.000,1.890,0.000,0.000,0.000,0.000,0.018,0.000,0.000,0.000,0.000,0.000,3.830,0.096,0.950,0.000,0.000]
  Iter 92: LB=-83.989594  UB=14.045931  gap=6.98e+00
  Cut: intercept=-1096.975423, π_x_range=[-828.9755, 562.1068]

=== True-DRO Benders iter 93 ===
  OMP: t₀=-82.915506, UB=14.045931, gap=6.90e+00, x=[0, 0, 0, 0, 0, 0, 0, 0, 0, 0, 0, 0, 0, 0, 0, 0, 0, 1, 0, 0, 0, 0, 0, 0, 0, 0, 0, 1, 0, 0] (3.010s)
  Sub: Z₀=16.814894 [LOCAL] (0.3s), α=[0.000,0.000,0.000,0.000,0.000,0.000,0.000,0.000,0.000,0.000,0.000,0.000,0.000,0.000,0.000,0.000,0.000,0.000,0.000,0.000,0.000,0.000,0.000,0.000,0.000,2.761,0.000,8.054,0.000,0.000]
  Iter 93: LB=-82.915506  UB=14.045931  gap=6.90e+00
  Cut: intercept=-1113.256054, π_x_range=[-828.8807, 566.9261]

=== True-DRO Benders iter 94 ===
  OMP: t₀=-81.539837, UB=14.045931, gap=6.81e+00, x=[0, 0, 0, 0, 0, 0, 0, 0, 0, 0, 0, 0, 0, 0, 0, 0, 0, 0, 0, 0, 0, 0, 1, 0, 0, 0, 0, 1, 0, 0] (3.162s)
  Sub: Z₀=16.348646 [LOCAL] (0.4s), α=[0.000,0.000,0.000,0.000,0.000,0.000,0.000,0.021,0.000,0.000,0.000,0.000,0.000,0.000,3.068,0.000,0.000,0.000,0.000,0.000,0.000,0.000,0.434,0.000,0.000,5.018,0.098,2.177,0.000,0.000]
  Iter 94: LB=-81.539837  UB=14.045931  gap=6.81e+00
  Cut: intercept=-1100.167000, π_x_range=[-831.9723, 559.0554]

=== True-DRO Benders iter 95 ===
  OMP: t₀=-81.464097, UB=14.045931, gap=6.80e+00, x=[0, 0, 0, 0, 0, 0, 0, 0, 0, 0, 0, 0, 0, 0, 1, 0, 0, 0, 0, 0, 0, 0, 0, 0, 0, 0, 0, 1, 0, 0] (3.352s)
  Sub: Z₀=16.135893 [TIME_LIMIT] (15.6s), α=[0.000,0.000,0.000,0.000,0.000,0.000,0.000,0.000,0.000,0.000,0.000,0.000,0.000,0.000,4.826,0.000,0.000,0.000,0.000,0.000,0.000,0.000,0.000,0.000,0.000,3.295,0.075,2.618,0.000,0.000]
  Iter 95: LB=-81.464097  UB=14.045931  gap=6.80e+00
  Cut: intercept=-31.699386, π_x_range=[-277.0000, 36.5666]

=== True-DRO Benders iter 96 ===
  OMP: t₀=-81.278830, UB=14.045931, gap=6.79e+00, x=[0, 0, 0, 0, 0, 0, 0, 1, 1, 0, 0, 0, 0, 0, 0, 0, 0, 0, 0, 0, 0, 0, 0, 0, 0, 0, 0, 0, 0, 0] (3.266s)
  Sub: Z₀=18.458305 [LOCAL] (0.4s), α=[0.000,0.000,0.000,0.000,0.000,0.000,0.000,3.435,0.000,0.000,0.000,0.000,0.000,0.000,2.066,0.000,0.000,0.000,0.000,0.000,0.000,0.000,0.000,0.000,0.000,3.619,0.000,1.695,0.000,0.000]
  Iter 96: LB=-81.278830  UB=14.045931  gap=6.79e+00
  Cut: intercept=-1126.725359, π_x_range=[-830.7023, 584.3755]

=== True-DRO Benders iter 97 ===
  OMP: t₀=-80.898467, UB=14.045931, gap=6.76e+00, x=[0, 0, 0, 0, 0, 0, 0, 1, 0, 0, 0, 0, 0, 1, 0, 0, 0, 0, 0, 0, 0, 0, 0, 0, 0, 0, 0, 0, 0, 0] (3.109s)
  Sub: Z₀=18.354284 [LOCAL] (0.3s), α=[0.000,0.000,0.000,0.000,0.000,0.000,0.000,4.029,0.000,0.000,0.000,0.000,0.000,0.000,1.903,0.000,0.000,0.000,0.000,0.019,0.000,0.000,0.000,0.000,0.000,3.818,0.095,0.950,0.000,0.000]
  Iter 97: LB=-80.898467  UB=14.045931  gap=6.76e+00
  Cut: intercept=-1121.920113, π_x_range=[-831.7740, 587.0994]

=== True-DRO Benders iter 98 ===
  OMP: t₀=-80.644927, UB=14.045931, gap=6.74e+00, x=[0, 0, 0, 0, 0, 0, 0, 1, 0, 0, 0, 1, 0, 0, 0, 0, 0, 0, 0, 0, 0, 0, 0, 0, 0, 0, 0, 0, 0, 0] (3.240s)
  Sub: Z₀=18.354284 [LOCAL] (0.3s), α=[0.000,0.000,0.000,0.000,0.000,0.000,0.000,4.030,0.000,0.000,0.000,0.000,0.000,0.000,1.899,0.000,0.000,0.000,0.000,0.018,0.000,0.000,0.000,0.000,0.000,3.821,0.096,0.950,0.000,0.000]
  Iter 98: LB=-80.644927  UB=14.045931  gap=6.74e+00
  Cut: intercept=-1094.704004, π_x_range=[-831.6598, 559.8711]

=== True-DRO Benders iter 99 ===
  OMP: t₀=-80.644924, UB=14.045931, gap=6.74e+00, x=[0, 0, 0, 0, 0, 0, 0, 1, 0, 0, 0, 0, 1, 0, 0, 0, 0, 0, 0, 0, 0, 0, 0, 0, 0, 0, 0, 0, 0, 0] (3.303s)
  Sub: Z₀=18.354284 [LOCAL] (0.3s), α=[0.000,0.000,0.000,0.000,0.000,0.000,0.000,4.025,0.000,0.000,0.000,0.000,0.000,0.000,1.908,0.000,0.000,0.000,0.000,0.018,0.000,0.000,0.000,0.000,0.000,3.823,0.091,0.949,0.000,0.000]
  Iter 99: LB=-80.644924  UB=14.045931  gap=6.74e+00
  Cut: intercept=-1111.881658, π_x_range=[-831.1041, 577.4297]

=== True-DRO Benders iter 100 ===
  OMP: t₀=-80.644896, UB=14.045931, gap=6.74e+00, x=[0, 0, 0, 0, 0, 0, 0, 1, 0, 0, 0, 0, 0, 0, 0, 0, 0, 0, 0, 0, 0, 0, 0, 1, 0, 0, 0, 0, 0, 0] (3.155s)
  Sub: Z₀=18.377937 [TIME_LIMIT] (15.5s), α=[0.000,0.000,0.000,0.000,0.000,0.000,0.000,4.004,0.000,0.000,0.000,0.000,0.000,0.000,1.724,0.000,0.000,0.000,0.000,0.115,0.000,0.000,0.000,0.000,0.000,3.619,0.192,1.161,0.000,0.000]
  Iter 100: LB=-80.644896  UB=14.045931  gap=6.74e+00
  Cut: intercept=-38.154763, π_x_range=[-261.0000, 43.5814]

=== True-DRO Benders iter 101 ===
  OMP: t₀=-80.644919, UB=14.045931, gap=6.74e+00, x=[0, 0, 0, 0, 0, 0, 0, 1, 0, 0, 0, 0, 0, 0, 0, 0, 1, 0, 0, 0, 0, 0, 0, 0, 0, 0, 0, 0, 0, 0] (3.358s)
  Sub: Z₀=18.354284 [LOCAL] (0.3s), α=[0.000,0.000,0.000,0.000,0.000,0.000,0.000,4.026,0.000,0.000,0.000,0.000,0.000,0.000,1.905,0.000,0.000,0.000,0.000,0.020,0.000,0.000,0.000,0.000,0.000,3.821,0.097,0.946,0.000,0.000]
  Iter 101: LB=-80.644919  UB=14.045931  gap=6.74e+00
  Cut: intercept=-1074.286981, π_x_range=[-831.0954, 551.7842]

=== True-DRO Benders iter 102 ===
  OMP: t₀=-80.644922, UB=14.045931, gap=6.74e+00, x=[0, 0, 1, 0, 0, 0, 0, 1, 0, 0, 0, 0, 0, 0, 0, 0, 0, 0, 0, 0, 0, 0, 0, 0, 0, 0, 0, 0, 0, 0] (3.223s)
  Sub: Z₀=18.354284 [LOCAL] (0.3s), α=[0.000,0.000,0.000,0.000,0.000,0.000,0.000,4.029,0.000,0.000,0.000,0.000,0.000,0.000,1.900,0.000,0.000,0.000,0.000,0.019,0.000,0.000,0.000,0.000,0.000,3.820,0.095,0.951,0.000,0.000]
  Iter 102: LB=-80.644922  UB=14.045931  gap=6.74e+00
  Cut: intercept=-1089.303834, π_x_range=[-828.7831, 554.5114]

=== True-DRO Benders iter 103 ===
  OMP: t₀=-80.644915, UB=14.045931, gap=6.74e+00, x=[0, 0, 0, 0, 0, 0, 0, 1, 0, 0, 0, 0, 0, 0, 0, 0, 0, 0, 0, 0, 1, 0, 0, 0, 0, 0, 0, 0, 0, 0] (2.818s)
  Sub: Z₀=18.354284 [LOCAL] (0.2s), α=[0.000,0.000,0.000,0.000,0.000,0.000,0.000,4.019,0.000,0.000,0.000,0.000,0.000,0.000,1.910,0.000,0.000,0.000,0.000,0.022,0.000,0.000,0.000,0.000,0.000,3.825,0.093,0.946,0.000,0.000]
  Iter 103: LB=-80.644915  UB=14.045931  gap=6.74e+00
  Cut: intercept=-1118.055174, π_x_range=[-831.0861, 583.3132]

=== True-DRO Benders iter 104 ===
  OMP: t₀=-80.644906, UB=14.045931, gap=6.74e+00, x=[0, 0, 0, 0, 0, 0, 0, 1, 0, 0, 0, 0, 0, 0, 0, 0, 0, 0, 0, 0, 0, 0, 0, 0, 1, 0, 0, 0, 0, 0] (3.224s)
  Sub: Z₀=18.354284 [LOCAL] (0.2s), α=[0.000,0.000,0.000,0.000,0.000,0.000,0.000,4.030,0.000,0.000,0.000,0.000,0.000,0.000,1.896,0.000,0.000,0.000,0.000,0.019,0.000,0.000,0.000,0.000,0.000,3.823,0.095,0.951,0.000,0.000]
  Iter 104: LB=-80.644906  UB=14.045931  gap=6.74e+00
  Cut: intercept=-1090.807234, π_x_range=[-831.1366, 555.9919]

=== True-DRO Benders iter 105 ===
  OMP: t₀=-80.644825, UB=14.045931, gap=6.74e+00, x=[1, 0, 0, 0, 0, 0, 0, 1, 0, 0, 0, 0, 0, 0, 0, 0, 0, 0, 0, 0, 0, 0, 0, 0, 0, 0, 0, 0, 0, 0] (2.711s)
  Sub: Z₀=18.377937 [TIME_LIMIT] (15.5s), α=[0.000,0.000,0.000,0.000,0.000,0.000,0.000,4.008,0.000,0.000,0.000,0.000,0.000,0.000,1.724,0.000,0.000,0.000,0.000,0.111,0.000,0.000,0.000,0.000,0.000,3.619,0.156,1.197,0.000,0.000]
  Iter 105: LB=-80.644825  UB=14.045931  gap=6.74e+00
  Cut: intercept=-25.024495, π_x_range=[-261.0000, 43.4024]

=== True-DRO Benders iter 106 ===
  OMP: t₀=-80.644894, UB=14.045931, gap=6.74e+00, x=[0, 0, 0, 0, 0, 0, 0, 1, 0, 0, 0, 0, 0, 0, 0, 0, 0, 0, 0, 0, 0, 0, 0, 0, 0, 0, 0, 0, 0, 1] (3.300s)
  Sub: Z₀=18.354284 [LOCAL] (0.3s), α=[0.000,0.000,0.000,0.000,0.000,0.000,0.000,4.034,0.000,0.000,0.000,0.000,0.000,0.000,1.942,0.000,0.000,0.000,0.000,0.019,0.000,0.000,0.000,0.000,0.000,3.768,0.096,0.955,0.000,0.000]
  Iter 106: LB=-80.644894  UB=14.045931  gap=6.74e+00
  Cut: intercept=-1122.878794, π_x_range=[-831.0923, 588.1604]

=== True-DRO Benders iter 107 ===
  OMP: t₀=-80.644921, UB=14.045931, gap=6.74e+00, x=[0, 0, 0, 0, 0, 0, 0, 1, 0, 0, 0, 0, 0, 0, 0, 1, 0, 0, 0, 0, 0, 0, 0, 0, 0, 0, 0, 0, 0, 0] (3.220s)
  Sub: Z₀=18.354284 [LOCAL] (0.3s), α=[0.000,0.000,0.000,0.000,0.000,0.000,0.000,4.029,0.000,0.000,0.000,0.000,0.000,0.000,1.906,0.000,0.000,0.000,0.000,0.019,0.000,0.000,0.000,0.000,0.000,3.814,0.095,0.951,0.000,0.000]
  Iter 107: LB=-80.644921  UB=14.045931  gap=6.74e+00
  Cut: intercept=-1069.500943, π_x_range=[-830.2774, 553.1723]

=== True-DRO Benders iter 108 ===
  OMP: t₀=-80.644853, UB=14.045931, gap=6.74e+00, x=[0, 0, 0, 0, 0, 1, 0, 1, 0, 0, 0, 0, 0, 0, 0, 0, 0, 0, 0, 0, 0, 0, 0, 0, 0, 0, 0, 0, 0, 0] (3.420s)
  Sub: Z₀=18.354284 [LOCAL] (0.2s), α=[0.000,0.000,0.000,0.000,0.000,0.000,0.000,4.034,0.000,0.000,0.000,0.000,0.000,0.000,1.859,0.000,0.000,0.000,0.000,0.019,0.000,0.000,0.000,0.000,0.000,3.850,0.096,0.956,0.000,0.000]
  Iter 108: LB=-80.644853  UB=14.045931  gap=6.74e+00
  Cut: intercept=-1102.726881, π_x_range=[-830.9600, 567.9226]

=== True-DRO Benders iter 109 ===
  OMP: t₀=-80.644825, UB=14.045931, gap=6.74e+00, x=[0, 1, 0, 0, 0, 0, 0, 1, 0, 0, 0, 0, 0, 0, 0, 0, 0, 0, 0, 0, 0, 0, 0, 0, 0, 0, 0, 0, 0, 0] (3.199s)
  Sub: Z₀=18.354284 [LOCAL] (0.3s), α=[0.000,0.000,0.000,0.000,0.000,0.000,0.000,4.029,0.000,0.000,0.000,0.000,0.000,0.000,1.902,0.000,0.000,0.000,0.000,0.019,0.000,0.000,0.000,0.000,0.000,3.819,0.095,0.951,0.000,0.000]
  Iter 109: LB=-80.644825  UB=14.045931  gap=6.74e+00
  Cut: intercept=-1087.538724, π_x_range=[-831.1016, 553.1473]

=== True-DRO Benders iter 110 ===
  OMP: t₀=-80.644799, UB=14.045931, gap=6.74e+00, x=[0, 0, 0, 0, 0, 0, 0, 1, 0, 1, 0, 0, 0, 0, 0, 0, 0, 0, 0, 0, 0, 0, 0, 0, 0, 0, 0, 0, 0, 0] (3.308s)
  Sub: Z₀=18.377937 [TIME_LIMIT] (15.6s), α=[0.000,0.000,0.000,0.000,0.000,0.000,0.000,4.010,0.000,0.000,0.000,0.000,0.000,0.000,1.724,0.000,0.000,0.000,0.000,0.108,0.000,0.000,0.000,0.000,0.000,3.619,0.157,1.196,0.000,0.000]
  Iter 110: LB=-80.644799  UB=14.045931  gap=6.74e+00
  Cut: intercept=-43.591018, π_x_range=[-261.0000, 44.6546]

=== True-DRO Benders iter 111 ===
  OMP: t₀=-80.321137, UB=14.045931, gap=6.72e+00, x=[0, 0, 0, 0, 0, 0, 0, 0, 0, 0, 1, 0, 0, 0, 0, 0, 0, 0, 0, 0, 0, 0, 0, 0, 0, 1, 0, 0, 0, 0] (3.281s)
  Sub: Z₀=11.910459 [LOCAL] (0.3s), α=[0.000,0.000,0.000,0.000,0.000,0.000,0.000,0.000,0.000,0.000,4.597,0.000,0.000,0.000,1.520,0.000,0.000,0.000,0.000,0.000,0.000,0.000,0.000,0.000,0.000,4.697,0.000,0.000,0.000,0.000]
  Iter 111: LB=-80.321137  UB=14.045931  gap=6.72e+00
  Cut: intercept=-1103.344019, π_x_range=[-820.1571, 579.9277]

=== True-DRO Benders iter 112 ===
  OMP: t₀=-79.222000, UB=14.045931, gap=6.64e+00, x=[0, 0, 0, 0, 0, 0, 0, 0, 0, 0, 0, 0, 0, 0, 0, 0, 0, 0, 0, 0, 0, 1, 0, 0, 0, 0, 1, 0, 0, 0] (3.196s)
  Sub: Z₀=17.287001 [LOCAL] (0.2s), α=[0.000,0.000,0.000,0.000,0.000,0.000,0.000,0.000,0.000,0.000,0.000,0.000,0.000,0.000,0.000,0.000,0.000,0.000,0.000,0.000,0.000,0.000,0.000,0.000,0.000,2.130,8.684,0.000,0.000,0.000]
  Iter 112: LB=-79.222000  UB=14.045931  gap=6.64e+00
  Cut: intercept=-1109.567356, π_x_range=[-830.5022, 566.0088]

=== True-DRO Benders iter 113 ===
  OMP: t₀=-78.011428, UB=14.045931, gap=6.55e+00, x=[0, 0, 0, 0, 1, 0, 0, 0, 0, 0, 0, 0, 0, 0, 0, 0, 0, 0, 0, 0, 0, 1, 0, 0, 0, 0, 0, 0, 0, 0] (3.157s)
  Sub: Z₀=14.568430 [LOCAL] (0.3s), α=[0.000,0.000,0.000,0.000,7.190,0.000,0.975,0.000,0.000,0.000,0.000,0.000,0.000,0.000,2.494,0.000,0.000,0.000,0.000,0.000,0.000,0.000,0.000,0.000,0.000,0.156,0.000,0.000,0.000,0.000]
  Iter 113: LB=-78.011428  UB=14.045931  gap=6.55e+00
  Cut: intercept=-1112.968485, π_x_range=[-829.0754, 566.9164]

=== True-DRO Benders iter 114 ===
  OMP: t₀=-77.926685, UB=14.045931, gap=6.55e+00, x=[0, 0, 0, 0, 0, 0, 0, 0, 0, 0, 0, 0, 0, 0, 0, 0, 0, 1, 0, 1, 0, 0, 0, 0, 0, 0, 0, 0, 0, 0] (3.318s)
  Sub: Z₀=16.514464 [LOCAL] (0.3s), α=[0.000,0.000,0.000,0.000,0.000,0.000,0.000,0.000,0.000,0.000,0.000,0.000,0.000,0.000,1.520,0.000,0.000,0.000,0.000,6.484,0.000,0.000,0.000,0.000,0.000,2.811,0.000,0.000,0.000,0.000]
  Iter 114: LB=-77.926685  UB=14.045931  gap=6.55e+00
  Cut: intercept=-1101.968349, π_x_range=[-827.8058, 562.7655]

=== True-DRO Benders iter 115 ===
  OMP: t₀=-77.470497, UB=14.045931, gap=6.52e+00, x=[0, 0, 0, 1, 0, 0, 0, 0, 0, 0, 0, 0, 0, 0, 0, 0, 0, 0, 0, 0, 0, 0, 0, 0, 0, 0, 1, 0, 0, 0] (2.567s)
  Sub: Z₀=17.352772 [TIME_LIMIT] (15.6s), α=[0.000,0.000,0.000,0.000,0.000,0.000,0.000,0.000,0.000,0.000,0.000,0.000,0.000,0.000,0.000,0.000,0.000,0.000,0.000,0.000,0.000,0.000,0.000,0.000,0.000,2.130,8.071,0.613,0.000,0.000]
  Iter 115: LB=-77.470497  UB=14.045931  gap=6.52e+00
  Cut: intercept=-59.819781, π_x_range=[-261.0000, 42.2150]

=== True-DRO Benders iter 116 ===
  OMP: t₀=-76.475277, UB=14.045931, gap=6.44e+00, x=[0, 0, 0, 0, 0, 0, 0, 0, 0, 0, 0, 0, 0, 0, 1, 0, 0, 0, 0, 1, 0, 0, 0, 0, 0, 0, 0, 0, 0, 0] (2.990s)
  Sub: Z₀=17.654806 [LOCAL] (0.3s), α=[0.000,0.000,0.000,0.000,0.000,0.000,0.000,0.000,0.000,0.000,0.000,0.000,0.000,0.000,4.028,0.000,0.000,0.000,0.000,2.655,0.000,0.000,0.000,0.000,0.000,4.131,0.000,0.000,0.000,0.000]
  Iter 116: LB=-76.475277  UB=14.045931  gap=6.44e+00
  Cut: intercept=-1129.561520, π_x_range=[-829.5152, 587.2211]

=== True-DRO Benders iter 117 ===
  OMP: t₀=-76.259925, UB=14.045931, gap=6.43e+00, x=[0, 0, 0, 1, 1, 0, 0, 0, 0, 0, 0, 0, 0, 0, 0, 0, 0, 0, 0, 0, 0, 0, 0, 0, 0, 0, 0, 0, 0, 0] (4.113s)
  Sub: Z₀=14.568430 [LOCAL] (0.3s), α=[0.000,0.000,0.000,0.000,8.086,0.000,0.078,0.000,0.000,0.000,0.000,0.000,0.000,0.000,1.598,0.000,0.000,0.000,0.000,0.000,0.000,0.000,0.000,0.000,0.000,1.053,0.000,0.000,0.000,0.000]
  Iter 117: LB=-76.259925  UB=14.045931  gap=6.43e+00
  Cut: intercept=-1118.225455, π_x_range=[-827.1145, 566.8973]

=== True-DRO Benders iter 118 ===
  OMP: t₀=-75.433645, UB=14.045931, gap=6.37e+00, x=[0, 0, 0, 0, 0, 0, 1, 0, 0, 0, 0, 0, 0, 0, 0, 0, 0, 0, 0, 0, 0, 0, 0, 0, 0, 0, 0, 1, 0, 0] (3.325s)
  Sub: Z₀=15.137097 [LOCAL] (0.3s), α=[0.000,0.000,0.000,0.000,0.000,0.000,0.974,0.000,0.000,0.000,0.000,0.000,0.000,0.000,0.000,0.000,0.000,0.000,0.000,0.000,0.000,0.000,0.000,0.000,0.000,2.975,0.317,6.550,0.000,0.000]
  Iter 118: LB=-75.433645  UB=14.045931  gap=6.37e+00
  Cut: intercept=-1133.219619, π_x_range=[-830.9851, 585.5723]

=== True-DRO Benders iter 119 ===
  OMP: t₀=-74.759734, UB=14.045931, gap=6.32e+00, x=[0, 0, 0, 0, 0, 0, 0, 0, 1, 0, 0, 0, 0, 0, 0, 0, 0, 0, 0, 0, 0, 0, 0, 0, 0, 0, 1, 0, 0, 0] (3.189s)
  Sub: Z₀=17.352772 [LOCAL] (0.3s), α=[0.000,0.000,0.000,0.000,0.000,0.000,0.000,0.000,0.000,0.000,0.000,0.000,0.000,0.000,0.000,0.000,0.000,0.000,0.000,0.000,0.000,0.000,0.000,0.000,0.000,2.130,7.987,0.697,0.000,0.000]
  Iter 119: LB=-74.759734  UB=14.045931  gap=6.32e+00
  Cut: intercept=-1128.696669, π_x_range=[-830.4166, 587.1309]

=== True-DRO Benders iter 120 ===
  OMP: t₀=-74.379371, UB=14.045931, gap=6.30e+00, x=[0, 0, 0, 0, 0, 0, 0, 0, 0, 0, 0, 0, 0, 1, 0, 0, 0, 0, 0, 0, 0, 0, 0, 0, 0, 0, 1, 0, 0, 0] (2.974s)
  Sub: Z₀=17.352773 [TIME_LIMIT] (15.7s), α=[0.000,0.000,0.000,0.000,0.000,0.000,0.000,0.000,0.000,0.000,0.000,0.000,0.000,0.000,0.000,0.000,0.000,0.000,0.000,0.000,0.000,0.000,0.000,0.000,0.000,2.130,8.025,0.659,0.000,0.000]
  Iter 120: LB=-74.379371  UB=14.045931  gap=6.30e+00
  Cut: intercept=-36.892915, π_x_range=[-261.0000, 34.9488]

=== True-DRO Benders iter 121 ===
  OMP: t₀=-74.125824, UB=14.045931, gap=6.28e+00, x=[0, 0, 0, 0, 0, 0, 0, 0, 0, 0, 0, 0, 0, 0, 0, 1, 0, 0, 0, 0, 0, 0, 0, 0, 0, 0, 1, 0, 0, 0] (2.986s)
  Sub: Z₀=17.352772 [LOCAL] (0.3s), α=[0.000,0.000,0.000,0.000,0.000,0.000,0.000,0.000,0.000,0.000,0.000,0.000,0.000,0.000,0.000,0.000,0.000,0.000,0.000,0.000,0.000,0.000,0.000,0.000,0.000,2.130,8.359,0.325,0.000,0.000]
  Iter 121: LB=-74.125824  UB=14.045931  gap=6.28e+00
  Cut: intercept=-1089.728959, π_x_range=[-829.7145, 559.6472]

=== True-DRO Benders iter 122 ===
  OMP: t₀=-74.125827, UB=14.045931, gap=6.28e+00, x=[0, 0, 0, 0, 0, 0, 0, 0, 0, 0, 0, 0, 1, 0, 0, 0, 0, 0, 0, 0, 0, 0, 0, 0, 0, 0, 1, 0, 0, 0] (2.778s)
  Sub: Z₀=17.352772 [LOCAL] (0.3s), α=[0.000,0.000,0.000,0.000,0.000,0.000,0.000,0.000,0.000,0.000,0.000,0.000,0.000,0.000,0.000,0.000,0.000,0.000,0.000,0.000,0.000,0.000,0.000,0.000,0.000,2.130,8.317,0.367,0.000,0.000]
  Iter 122: LB=-74.125827  UB=14.045931  gap=6.28e+00
  Cut: intercept=-1124.895219, π_x_range=[-830.4546, 582.7301]

=== True-DRO Benders iter 123 ===
  OMP: t₀=-74.125825, UB=14.045931, gap=6.28e+00, x=[0, 0, 1, 0, 0, 0, 0, 0, 0, 0, 0, 0, 0, 0, 0, 0, 0, 0, 0, 0, 0, 0, 0, 0, 0, 0, 1, 0, 0, 0] (3.237s)
  Sub: Z₀=17.352772 [LOCAL] (0.3s), α=[0.000,0.000,0.000,0.000,0.000,0.000,0.000,0.000,0.000,0.000,0.000,0.000,0.000,0.000,0.000,0.000,0.000,0.000,0.000,0.000,0.000,0.000,0.000,0.000,0.000,2.130,8.352,0.332,0.000,0.000]
  Iter 123: LB=-74.125825  UB=14.045931  gap=6.28e+00
  Cut: intercept=-1105.737303, π_x_range=[-828.0624, 563.4633]

=== True-DRO Benders iter 124 ===
  OMP: t₀=-74.125822, UB=14.045931, gap=6.28e+00, x=[0, 0, 0, 0, 0, 0, 0, 0, 0, 0, 0, 0, 0, 0, 0, 0, 1, 0, 0, 0, 0, 0, 0, 0, 0, 0, 1, 0, 0, 0] (3.352s)
  Sub: Z₀=17.352772 [LOCAL] (0.2s), α=[0.000,0.000,0.000,0.000,0.000,0.000,0.000,0.000,0.000,0.000,0.000,0.000,0.000,0.000,0.000,0.000,0.000,0.000,0.000,0.000,0.000,0.000,0.000,0.000,0.000,2.130,8.393,0.292,0.000,0.000]
  Iter 124: LB=-74.125822  UB=14.045931  gap=6.28e+00
  Cut: intercept=-1094.659948, π_x_range=[-830.4371, 559.6250]

=== True-DRO Benders iter 125 ===
  OMP: t₀=-74.125810, UB=14.045931, gap=6.28e+00, x=[0, 0, 0, 0, 0, 0, 0, 0, 0, 0, 0, 0, 0, 0, 0, 0, 0, 0, 0, 0, 0, 0, 0, 0, 1, 0, 1, 0, 0, 0] (2.896s)
  Sub: Z₀=17.352775 [TIME_LIMIT] (15.3s), α=[0.000,0.000,0.000,0.000,0.000,0.000,0.000,0.000,0.000,0.000,0.000,0.000,0.000,0.000,0.000,0.000,0.000,0.000,0.000,0.000,0.000,0.000,0.000,0.000,0.000,2.130,8.042,0.642,0.000,0.000]
  Iter 125: LB=-74.125810  UB=14.045931  gap=6.28e+00
  Cut: intercept=-77.949106, π_x_range=[-261.0000, 60.2300]

=== True-DRO Benders iter 126 ===
  OMP: t₀=-74.125819, UB=14.045931, gap=6.28e+00, x=[0, 0, 0, 0, 0, 0, 0, 0, 0, 0, 0, 0, 0, 0, 0, 0, 0, 0, 0, 0, 1, 0, 0, 0, 0, 0, 1, 0, 0, 0] (3.187s)
  Sub: Z₀=17.352772 [LOCAL] (0.2s), α=[0.000,0.000,0.000,0.000,0.000,0.000,0.000,0.000,0.000,0.000,0.000,0.000,0.000,0.000,0.000,0.000,0.000,0.000,0.000,0.000,0.000,0.000,0.000,0.000,0.000,2.130,8.340,0.344,0.000,0.000]
  Iter 126: LB=-74.125819  UB=14.045931  gap=6.28e+00
  Cut: intercept=-1129.633928, π_x_range=[-830.3812, 587.3248]

=== True-DRO Benders iter 127 ===
  OMP: t₀=-74.125799, UB=14.045931, gap=6.28e+00, x=[0, 0, 0, 0, 0, 0, 0, 0, 0, 0, 0, 0, 0, 0, 0, 0, 0, 0, 0, 0, 0, 0, 0, 1, 0, 0, 1, 0, 0, 0] (3.128s)
  Sub: Z₀=17.352772 [LOCAL] (0.2s), α=[0.000,0.000,0.000,0.000,0.000,0.000,0.000,0.000,0.000,0.000,0.000,0.000,0.000,0.000,0.000,0.000,0.000,0.000,0.000,0.000,0.000,0.000,0.000,0.000,0.000,2.130,8.363,0.321,0.000,0.000]
  Iter 127: LB=-74.125799  UB=14.045931  gap=6.28e+00
  Cut: intercept=-1124.167442, π_x_range=[-830.4397, 582.3882]

=== True-DRO Benders iter 128 ===
  OMP: t₀=-74.125728, UB=14.045931, gap=6.28e+00, x=[1, 0, 0, 0, 0, 0, 0, 0, 0, 0, 0, 0, 0, 0, 0, 0, 0, 0, 0, 0, 0, 0, 0, 0, 0, 0, 1, 0, 0, 0] (2.910s)
  Sub: Z₀=17.352772 [LOCAL] (0.3s), α=[0.000,0.000,0.000,0.000,0.000,0.000,0.000,0.000,0.000,0.000,0.000,0.000,0.000,0.000,0.000,0.000,0.000,0.000,0.000,0.000,0.000,0.000,0.000,0.000,0.000,2.130,8.354,0.330,0.000,0.000]
  Iter 128: LB=-74.125728  UB=14.045931  gap=6.28e+00
  Cut: intercept=-1109.029227, π_x_range=[-830.4527, 566.7396]

=== True-DRO Benders iter 129 ===
  OMP: t₀=-74.125798, UB=14.045931, gap=6.28e+00, x=[0, 0, 0, 0, 0, 0, 0, 0, 0, 0, 0, 0, 0, 0, 0, 0, 0, 0, 0, 0, 0, 0, 0, 0, 0, 0, 1, 0, 0, 1] (2.798s)
  Sub: Z₀=17.352772 [LOCAL] (0.2s), α=[0.000,0.000,0.000,0.000,0.000,0.000,0.000,0.000,0.000,0.000,0.000,0.000,0.000,0.000,0.000,0.000,0.000,0.000,0.000,0.000,0.000,0.000,0.000,0.000,0.000,2.130,8.354,0.330,0.000,0.000]
  Iter 129: LB=-74.125798  UB=14.045931  gap=6.28e+00
  Cut: intercept=-1132.619334, π_x_range=[-830.5080, 590.3483]

=== True-DRO Benders iter 130 ===
  OMP: t₀=-74.125788, UB=14.045931, gap=6.28e+00, x=[0, 0, 0, 0, 0, 0, 0, 0, 0, 0, 0, 0, 0, 0, 0, 0, 0, 0, 0, 0, 0, 0, 0, 0, 0, 0, 1, 0, 1, 0] (2.596s)
  Sub: Z₀=17.352772 [TIME_LIMIT] (15.7s), α=[0.000,0.000,0.000,0.000,0.000,0.000,0.000,0.000,0.000,0.000,0.000,0.000,0.000,0.000,0.000,0.000,0.000,0.000,0.000,0.000,0.000,0.000,0.000,0.000,0.000,2.130,8.043,0.641,0.000,0.000]
  Iter 130: LB=-74.125788  UB=14.045931  gap=6.28e+00
  Cut: intercept=-104.137312, π_x_range=[-261.0000, 86.5345]

=== True-DRO Benders iter 131 ===
  OMP: t₀=-74.125728, UB=14.045931, gap=6.28e+00, x=[0, 1, 0, 0, 0, 0, 0, 0, 0, 0, 0, 0, 0, 0, 0, 0, 0, 0, 0, 0, 0, 0, 0, 0, 0, 0, 1, 0, 0, 0] (2.827s)
  Sub: Z₀=17.352772 [LOCAL] (0.3s), α=[0.000,0.000,0.000,0.000,0.000,0.000,0.000,0.000,0.000,0.000,0.000,0.000,0.000,0.000,0.000,0.000,0.000,0.000,0.000,0.000,0.000,0.000,0.000,0.000,0.000,2.130,8.354,0.330,0.000,0.000]
  Iter 131: LB=-74.125728  UB=14.045931  gap=6.28e+00
  Cut: intercept=-1104.450341, π_x_range=[-830.4496, 562.1673]

=== True-DRO Benders iter 132 ===
  OMP: t₀=-74.125756, UB=14.045931, gap=6.28e+00, x=[0, 0, 0, 0, 0, 1, 0, 0, 0, 0, 0, 0, 0, 0, 0, 0, 0, 0, 0, 0, 0, 0, 0, 0, 0, 0, 1, 0, 0, 0] (2.870s)
  Sub: Z₀=17.352772 [LOCAL] (0.2s), α=[0.000,0.000,0.000,0.000,0.000,0.000,0.000,0.000,0.000,0.000,0.000,0.000,0.000,0.000,0.000,0.000,0.000,0.000,0.000,0.000,0.000,0.000,0.000,0.000,0.000,2.130,8.356,0.329,0.000,0.000]
  Iter 132: LB=-74.125756  UB=14.045931  gap=6.28e+00
  Cut: intercept=-1116.582222, π_x_range=[-830.3953, 574.2951]

=== True-DRO Benders iter 133 ===
  OMP: t₀=-74.125702, UB=14.045931, gap=6.28e+00, x=[0, 0, 0, 0, 0, 0, 0, 0, 0, 1, 0, 0, 0, 0, 0, 0, 0, 0, 0, 0, 0, 0, 0, 0, 0, 0, 1, 0, 0, 0] (2.911s)
  Sub: Z₀=17.352772 [LOCAL] (0.2s), α=[0.000,0.000,0.000,0.000,0.000,0.000,0.000,0.000,0.000,0.000,0.000,0.000,0.000,0.000,0.000,0.000,0.000,0.000,0.000,0.000,0.000,0.000,0.000,0.000,0.000,2.130,8.351,0.333,0.000,0.000]
  Iter 133: LB=-74.125702  UB=14.045931  gap=6.28e+00
  Cut: intercept=-1124.941862, π_x_range=[-830.4357, 583.8912]

=== True-DRO Benders iter 134 ===
  OMP: t₀=-73.549162, UB=14.045931, gap=6.24e+00, x=[0, 0, 0, 0, 1, 0, 0, 0, 1, 0, 0, 0, 0, 0, 0, 0, 0, 0, 0, 0, 0, 0, 0, 0, 0, 0, 0, 0, 0, 0] (3.861s)
  Sub: Z₀=14.568430 [LOCAL] (0.3s), α=[0.000,0.000,0.000,0.000,7.184,0.000,0.980,0.000,0.000,0.000,0.000,0.000,0.000,0.000,2.499,0.000,0.000,0.000,0.000,0.000,0.000,0.000,0.000,0.000,0.000,0.151,0.000,0.000,0.000,0.000]
  Iter 134: LB=-73.549162  UB=14.045931  gap=6.24e+00
  Cut: intercept=-1137.854762, π_x_range=[-828.9599, 585.4527]

=== True-DRO Benders iter 135 ===
  OMP: t₀=-73.168798, UB=14.045931, gap=6.21e+00, x=[0, 0, 0, 0, 1, 0, 0, 0, 0, 0, 0, 0, 0, 1, 0, 0, 0, 0, 0, 0, 0, 0, 0, 0, 0, 0, 0, 0, 0, 0] (3.433s)
  Sub: Z₀=14.568431 [TIME_LIMIT] (15.6s), α=[0.000,0.000,0.000,0.000,7.230,0.000,0.934,0.000,0.000,0.000,0.000,0.000,0.000,0.000,2.454,0.000,0.000,0.000,0.000,0.000,0.000,0.000,0.000,0.000,0.000,0.196,0.000,0.000,0.000,0.000]
  Iter 135: LB=-73.168798  UB=14.045931  gap=6.21e+00
  Cut: intercept=-63.521155, π_x_range=[-274.0000, 60.9979]

=== True-DRO Benders iter 136 ===
  OMP: t₀=-72.915258, UB=14.045931, gap=6.19e+00, x=[0, 0, 0, 0, 1, 0, 0, 0, 0, 0, 0, 1, 0, 0, 0, 0, 0, 0, 0, 0, 0, 0, 0, 0, 0, 0, 0, 0, 0, 0] (3.635s)
  Sub: Z₀=14.568430 [LOCAL] (0.3s), α=[0.000,0.000,0.000,0.000,7.198,0.000,0.966,0.000,0.000,0.000,0.000,0.000,0.000,0.000,2.486,0.000,0.000,0.000,0.000,0.000,0.000,0.000,0.000,0.000,0.000,0.165,0.000,0.000,0.000,0.000]
  Iter 136: LB=-72.915258  UB=14.045931  gap=6.19e+00
  Cut: intercept=-1117.955359, π_x_range=[-829.3227, 567.0423]

=== True-DRO Benders iter 137 ===
  OMP: t₀=-72.915255, UB=14.045931, gap=6.19e+00, x=[0, 0, 0, 0, 1, 0, 0, 0, 0, 0, 0, 0, 1, 0, 0, 0, 0, 0, 0, 0, 0, 0, 0, 0, 0, 0, 0, 0, 0, 0] (3.509s)
  Sub: Z₀=14.568430 [LOCAL] (0.3s), α=[0.000,0.000,0.000,0.000,7.187,0.000,0.977,0.000,0.000,0.000,0.000,0.000,0.000,0.000,2.497,0.000,0.000,0.000,0.000,0.000,0.000,0.000,0.000,0.000,0.000,0.154,0.000,0.000,0.000,0.000]
  Iter 137: LB=-72.915255  UB=14.045931  gap=6.19e+00
  Cut: intercept=-1132.479892, π_x_range=[-829.0283, 580.0534]

=== True-DRO Benders iter 138 ===
  OMP: t₀=-72.915253, UB=14.045931, gap=6.19e+00, x=[0, 0, 1, 0, 1, 0, 0, 0, 0, 0, 0, 0, 0, 0, 0, 0, 0, 0, 0, 0, 0, 0, 0, 0, 0, 0, 0, 0, 0, 0] (3.308s)
  Sub: Z₀=14.568430 [LOCAL] (0.3s), α=[0.000,0.000,0.000,0.000,7.199,0.000,0.965,0.000,0.000,0.000,0.000,0.000,0.000,0.000,2.485,0.000,0.000,0.000,0.000,0.000,0.000,0.000,0.000,0.000,0.000,0.166,0.000,0.000,0.000,0.000]
  Iter 138: LB=-72.915253  UB=14.045931  gap=6.19e+00
  Cut: intercept=-1113.639933, π_x_range=[-826.2625, 567.0252]

=== True-DRO Benders iter 139 ===
  OMP: t₀=-72.915250, UB=14.045931, gap=6.19e+00, x=[0, 0, 0, 0, 1, 0, 0, 0, 0, 0, 0, 0, 0, 0, 0, 0, 1, 0, 0, 0, 0, 0, 0, 0, 0, 0, 0, 0, 0, 0] (3.845s)
  Sub: Z₀=14.568430 [LOCAL] (0.3s), α=[0.000,0.000,0.000,0.000,7.184,0.000,0.980,0.000,0.000,0.000,0.000,0.000,0.000,0.000,2.500,0.000,0.000,0.000,0.000,0.000,0.000,0.000,0.000,0.000,0.000,0.151,0.000,0.000,0.000,0.000]
  Iter 139: LB=-72.915250  UB=14.045931  gap=6.19e+00
  Cut: intercept=-1102.103030, π_x_range=[-828.9914, 567.0038]

=== True-DRO Benders iter 140 ===
  OMP: t₀=-72.915246, UB=14.045931, gap=6.19e+00, x=[0, 0, 0, 0, 1, 0, 0, 0, 0, 0, 0, 0, 0, 0, 0, 0, 0, 0, 0, 0, 1, 0, 0, 0, 0, 0, 0, 0, 0, 0] (3.873s)
  Sub: Z₀=14.568431 [TIME_LIMIT] (15.5s), α=[0.000,0.000,0.000,0.000,7.262,0.000,0.902,0.000,0.000,0.000,0.000,0.000,0.000,0.000,2.422,0.000,0.000,0.000,0.000,0.000,0.000,0.000,0.000,0.000,0.000,0.229,0.000,0.000,0.000,0.000]
  Iter 140: LB=-72.915246  UB=14.045931  gap=6.19e+00
  Cut: intercept=-69.435653, π_x_range=[-274.0000, 61.1584]

=== True-DRO Benders iter 141 ===
  OMP: t₀=-72.915252, UB=14.045931, gap=6.19e+00, x=[0, 0, 0, 0, 1, 0, 0, 0, 0, 0, 0, 0, 0, 0, 0, 1, 0, 0, 0, 0, 0, 0, 0, 0, 0, 0, 0, 0, 0, 0] (3.264s)
  Sub: Z₀=14.568430 [LOCAL] (0.3s), α=[0.000,0.000,0.000,0.000,7.156,0.000,1.008,0.000,0.000,0.000,0.000,0.000,0.000,0.000,2.528,0.000,0.000,0.000,0.000,0.000,0.000,0.000,0.000,0.000,0.000,0.123,0.000,0.000,0.000,0.000]
  Iter 141: LB=-72.915252  UB=14.045931  gap=6.19e+00
  Cut: intercept=-1095.076189, π_x_range=[-828.2367, 566.9707]

=== True-DRO Benders iter 142 ===
  OMP: t₀=-72.915226, UB=14.045931, gap=6.19e+00, x=[0, 0, 0, 0, 1, 0, 0, 0, 0, 0, 0, 0, 0, 0, 0, 0, 0, 0, 0, 0, 0, 0, 0, 0, 0, 0, 0, 0, 0, 1] (3.258s)
  Sub: Z₀=14.568430 [LOCAL] (0.3s), α=[0.000,0.000,0.000,0.000,7.186,0.000,0.979,0.000,0.000,0.000,0.000,0.000,0.000,0.000,2.498,0.000,0.000,0.000,0.000,0.000,0.000,0.000,0.000,0.000,0.000,0.152,0.000,0.000,0.000,0.000]
  Iter 142: LB=-72.915226  UB=14.045931  gap=6.19e+00
  Cut: intercept=-1143.675304, π_x_range=[-829.0329, 591.2584]

=== True-DRO Benders iter 143 ===
  OMP: t₀=-72.915237, UB=14.045931, gap=6.19e+00, x=[0, 0, 0, 0, 1, 0, 0, 0, 0, 0, 0, 0, 0, 0, 0, 0, 0, 0, 0, 0, 0, 0, 0, 0, 1, 0, 0, 0, 0, 0] (3.294s)
  Sub: Z₀=14.568430 [LOCAL] (0.3s), α=[0.000,0.000,0.000,0.000,7.186,0.000,0.978,0.000,0.000,0.000,0.000,0.000,0.000,0.000,2.498,0.000,0.000,0.000,0.000,0.000,0.000,0.000,0.000,0.000,0.000,0.153,0.000,0.000,0.000,0.000]
  Iter 143: LB=-72.915237  UB=14.045931  gap=6.19e+00
  Cut: intercept=-1111.462533, π_x_range=[-828.9849, 564.4064]

=== True-DRO Benders iter 144 ===
  OMP: t₀=-72.915184, UB=14.045931, gap=6.19e+00, x=[0, 0, 0, 0, 1, 1, 0, 0, 0, 0, 0, 0, 0, 0, 0, 0, 0, 0, 0, 0, 0, 0, 0, 0, 0, 0, 0, 0, 0, 0] (3.239s)
  Sub: Z₀=14.568430 [LOCAL] (0.3s), α=[0.000,0.000,0.000,0.000,7.165,0.000,0.999,0.000,0.000,0.000,0.000,0.000,0.000,0.000,2.519,0.000,0.000,0.000,0.000,0.000,0.000,0.000,0.000,0.000,0.000,0.132,0.000,0.000,0.000,0.000]
  Iter 144: LB=-72.915184  UB=14.045931  gap=6.19e+00
  Cut: intercept=-1123.995058, π_x_range=[-828.8599, 571.9769]

=== True-DRO Benders iter 145 ===
  OMP: t₀=-72.915156, UB=14.045931, gap=6.19e+00, x=[0, 1, 0, 0, 1, 0, 0, 0, 0, 0, 0, 0, 0, 0, 0, 0, 0, 0, 0, 0, 0, 0, 0, 0, 0, 0, 0, 0, 0, 0] (3.278s)
  Sub: Z₀=14.568431 [TIME_LIMIT] (15.5s), α=[0.000,0.000,0.000,0.000,7.260,0.000,0.904,0.000,0.000,0.000,0.000,0.000,0.000,0.000,2.424,0.000,0.000,0.000,0.000,0.000,0.000,0.000,0.000,0.000,0.000,0.227,0.000,0.000,0.000,0.000]
  Iter 145: LB=-72.915156  UB=14.045931  gap=6.19e+00
  Cut: intercept=-46.312168, π_x_range=[-274.0000, 60.8806]

=== True-DRO Benders iter 146 ===
  OMP: t₀=-72.915227, UB=14.045931, gap=6.19e+00, x=[0, 0, 0, 0, 1, 0, 0, 0, 0, 0, 0, 0, 0, 0, 0, 0, 0, 0, 0, 0, 0, 0, 0, 1, 0, 0, 0, 0, 0, 0] (3.328s)
  Sub: Z₀=14.568430 [LOCAL] (0.3s), α=[0.000,0.000,0.000,0.000,7.185,0.000,0.979,0.000,0.000,0.000,0.000,0.000,0.000,0.000,2.498,0.000,0.000,0.000,0.000,0.000,0.000,0.000,0.000,0.000,0.000,0.152,0.000,0.000,0.000,0.000]
  Iter 146: LB=-72.915227  UB=14.045931  gap=6.19e+00
  Cut: intercept=-1134.115682, π_x_range=[-828.9941, 581.6854]

=== True-DRO Benders iter 147 ===
  OMP: t₀=-72.915130, UB=14.045931, gap=6.19e+00, x=[0, 0, 0, 0, 1, 0, 0, 0, 0, 1, 0, 0, 0, 0, 0, 0, 0, 0, 0, 0, 0, 0, 0, 0, 0, 0, 0, 0, 0, 0] (3.443s)
  Sub: Z₀=14.568430 [LOCAL] (0.3s), α=[0.000,0.000,0.000,0.000,7.185,0.000,0.979,0.000,0.000,0.000,0.000,0.000,0.000,0.000,2.499,0.000,0.000,0.000,0.000,0.000,0.000,0.000,0.000,0.000,0.000,0.152,0.000,0.000,0.000,0.000]
  Iter 147: LB=-72.915130  UB=14.045931  gap=6.19e+00
  Cut: intercept=-1134.035855, π_x_range=[-828.9884, 581.5992]

=== True-DRO Benders iter 148 ===
  OMP: t₀=-72.915216, UB=14.045931, gap=6.19e+00, x=[0, 0, 0, 0, 1, 0, 0, 0, 0, 0, 0, 0, 0, 0, 0, 0, 0, 0, 0, 0, 0, 0, 0, 0, 0, 0, 0, 0, 1, 0] (3.393s)
  Sub: Z₀=14.568430 [LOCAL] (0.3s), α=[0.000,0.000,0.000,0.000,7.180,0.000,0.984,0.000,0.000,0.000,0.000,0.000,0.000,0.000,2.504,0.000,0.000,0.000,0.000,0.000,0.000,0.000,0.000,0.000,0.000,0.147,0.000,0.000,0.000,0.000]
  Iter 148: LB=-72.915216  UB=14.045931  gap=6.19e+00
  Cut: intercept=-1095.765674, π_x_range=[-828.8684, 566.5402]

=== True-DRO Benders iter 149 ===
  OMP: t₀=-70.444825, UB=14.045931, gap=6.02e+00, x=[0, 0, 0, 0, 0, 0, 1, 0, 0, 0, 0, 0, 0, 0, 0, 0, 0, 0, 0, 1, 0, 0, 0, 0, 0, 0, 0, 0, 0, 0] (3.859s)
  Sub: Z₀=17.143374 [LOCAL] (0.2s), α=[0.000,0.000,0.000,0.000,0.000,0.000,2.132,0.000,0.000,0.000,0.000,0.000,0.000,0.000,0.000,0.000,0.000,0.000,0.000,2.204,0.000,0.000,0.000,0.000,0.000,6.479,0.000,0.000,0.000,0.000]
  Iter 149: LB=-70.444825  UB=14.045931  gap=6.02e+00
  Cut: intercept=-1127.891516, π_x_range=[-830.3682, 583.0138]

=== True-DRO Benders iter 150 ===
  OMP: t₀=-64.197230, UB=14.045931, gap=5.57e+00, x=[0, 0, 0, 0, 0, 0, 0, 0, 0, 0, 0, 0, 0, 0, 0, 0, 0, 0, 0, 0, 0, 1, 0, 0, 0, 0, 0, 1, 0, 0] (3.967s)
  Sub: Z₀=16.859341 [TIME_LIMIT] (15.6s), α=[0.000,0.000,0.000,0.000,0.000,0.000,0.000,0.000,0.000,0.000,0.000,0.000,0.000,0.000,0.000,0.000,0.000,0.000,0.000,0.000,0.000,0.000,0.000,0.000,0.000,2.761,4.259,3.795,0.000,0.000]
  Iter 150: LB=-64.197230  UB=14.045931  gap=5.57e+00
  Cut: intercept=-74.326870, π_x_range=[-264.0000, 53.2623]

=== True-DRO Benders iter 151 ===
  OMP: t₀=-62.445727, UB=14.045931, gap=5.45e+00, x=[0, 0, 0, 1, 0, 0, 0, 0, 0, 0, 0, 0, 0, 0, 0, 0, 0, 0, 0, 0, 0, 0, 0, 0, 0, 0, 0, 1, 0, 0] (3.863s)
  Sub: Z₀=16.859340 [LOCAL] (0.2s), α=[0.000,0.000,0.000,0.000,0.000,0.000,0.000,0.000,0.000,0.000,0.000,0.000,0.000,0.000,0.000,0.000,0.000,0.000,0.000,0.000,0.000,0.000,0.000,0.000,0.000,2.761,0.727,7.326,0.000,0.000]
  Iter 151: LB=-62.445727  UB=14.045931  gap=5.45e+00
  Cut: intercept=-1112.462885, π_x_range=[-829.1043, 565.8971]

=== True-DRO Benders iter 152 ===
  OMP: t₀=-59.734964, UB=14.045931, gap=5.25e+00, x=[0, 0, 0, 0, 0, 0, 0, 0, 1, 0, 0, 0, 0, 0, 0, 0, 0, 0, 0, 0, 0, 0, 0, 0, 0, 0, 0, 1, 0, 0] (4.179s)
  Sub: Z₀=16.859340 [LOCAL] (0.2s), α=[0.000,0.000,0.000,0.000,0.000,0.000,0.000,0.000,0.000,0.000,0.000,0.000,0.000,0.000,0.000,0.000,0.000,0.000,0.000,0.000,0.000,0.000,0.000,0.000,0.000,2.761,0.179,7.875,0.000,0.000]
  Iter 152: LB=-59.734964  UB=14.045931  gap=5.25e+00
  Cut: intercept=-1132.740337, π_x_range=[-830.9374, 585.9053]

=== True-DRO Benders iter 153 ===
  OMP: t₀=-59.354600, UB=14.045931, gap=5.23e+00, x=[0, 0, 0, 0, 0, 0, 0, 0, 0, 0, 0, 0, 0, 1, 0, 0, 0, 0, 0, 0, 0, 0, 0, 0, 0, 0, 0, 1, 0, 0] (4.223s)
  Sub: Z₀=16.859340 [LOCAL] (0.2s), α=[0.000,0.000,0.000,0.000,0.000,0.000,0.000,0.000,0.000,0.000,0.000,0.000,0.000,0.000,0.000,0.000,0.000,0.000,0.000,0.000,0.000,0.000,0.000,0.000,0.000,2.761,0.666,7.387,0.000,0.000]
  Iter 153: LB=-59.354600  UB=14.045931  gap=5.23e+00
  Cut: intercept=-1135.302462, π_x_range=[-831.6729, 588.6961]

=== True-DRO Benders iter 154 ===
  OMP: t₀=-59.208410, UB=14.045931, gap=5.22e+00, x=[0, 0, 0, 0, 0, 0, 0, 0, 0, 0, 0, 0, 0, 0, 0, 0, 0, 0, 0, 1, 0, 1, 0, 0, 0, 0, 0, 0, 0, 0] (4.107s)
  Sub: Z₀=18.268391 [LOCAL] (0.3s), α=[0.000,0.000,0.000,0.000,0.000,0.000,0.000,0.000,0.000,0.000,0.000,0.000,0.000,0.000,0.000,0.000,0.000,0.000,0.000,4.613,0.000,0.000,0.000,0.000,0.000,4.582,1.620,0.000,0.000,0.000]
  Iter 154: LB=-59.208410  UB=14.045931  gap=5.22e+00
  Cut: intercept=-1105.577471, π_x_range=[-829.5619, 562.3156]

=== True-DRO Benders iter 155 ===
  OMP: t₀=-59.101060, UB=14.045931, gap=5.21e+00, x=[0, 0, 0, 0, 0, 0, 0, 0, 0, 0, 0, 1, 0, 0, 0, 0, 0, 0, 0, 0, 0, 0, 0, 0, 0, 0, 0, 1, 0, 0] (4.208s)
  Sub: Z₀=16.859341 [TIME_LIMIT] (15.8s), α=[0.000,0.000,0.000,0.000,0.000,0.000,0.000,0.000,0.000,0.000,0.000,0.000,0.000,0.000,0.000,0.000,0.000,0.000,0.000,0.000,0.000,0.000,0.000,0.000,0.000,2.761,0.606,7.448,0.000,0.000]
  Iter 155: LB=-59.101060  UB=14.045931  gap=5.21e+00
  Cut: intercept=-81.142287, π_x_range=[-264.0000, 60.0883]

=== True-DRO Benders iter 156 ===
  OMP: t₀=-59.101057, UB=14.045931, gap=5.21e+00, x=[0, 0, 0, 0, 0, 0, 0, 0, 0, 0, 0, 0, 1, 0, 0, 0, 0, 0, 0, 0, 0, 0, 0, 0, 0, 0, 0, 1, 0, 0] (4.853s)
  Sub: Z₀=16.859340 [LOCAL] (0.2s), α=[0.000,0.000,0.000,0.000,0.000,0.000,0.000,0.000,0.000,0.000,0.000,0.000,0.000,0.000,0.000,0.000,0.000,0.000,0.000,0.000,0.000,0.000,0.000,0.000,0.000,2.761,0.577,7.477,0.000,0.000]
  Iter 156: LB=-59.101057  UB=14.045931  gap=5.21e+00
  Cut: intercept=-1126.975180, π_x_range=[-830.9661, 580.2611]

=== True-DRO Benders iter 157 ===
  OMP: t₀=-59.101055, UB=14.045931, gap=5.21e+00, x=[0, 0, 1, 0, 0, 0, 0, 0, 0, 0, 0, 0, 0, 0, 0, 0, 0, 0, 0, 0, 0, 0, 0, 0, 0, 0, 0, 1, 0, 0] (4.053s)
  Sub: Z₀=16.859340 [LOCAL] (0.2s), α=[0.000,0.000,0.000,0.000,0.000,0.000,0.000,0.000,0.000,0.000,0.000,0.000,0.000,0.000,0.000,0.000,0.000,0.000,0.000,0.000,0.000,0.000,0.000,0.000,0.000,2.761,0.673,7.381,0.000,0.000]
  Iter 157: LB=-59.101055  UB=14.045931  gap=5.21e+00
  Cut: intercept=-1107.969056, π_x_range=[-828.5258, 563.4677]

=== True-DRO Benders iter 158 ===
  OMP: t₀=-59.101052, UB=14.045931, gap=5.21e+00, x=[0, 0, 0, 0, 0, 0, 0, 0, 0, 0, 0, 0, 0, 0, 0, 0, 1, 0, 0, 0, 0, 0, 0, 0, 0, 0, 0, 1, 0, 0] (4.110s)
  Sub: Z₀=16.859340 [LOCAL] (0.2s), α=[0.000,0.000,0.000,0.000,0.000,0.000,0.000,0.000,0.000,0.000,0.000,0.000,0.000,0.000,0.000,0.000,0.000,0.000,0.000,0.000,0.000,0.000,0.000,0.000,0.000,2.761,0.825,7.228,0.000,0.000]
  Iter 158: LB=-59.101052  UB=14.045931  gap=5.21e+00
  Cut: intercept=-1095.786094, π_x_range=[-830.9412, 563.4368]

=== True-DRO Benders iter 159 ===
  OMP: t₀=-59.101018, UB=14.045931, gap=5.21e+00, x=[0, 0, 0, 0, 0, 0, 0, 0, 0, 0, 0, 0, 0, 0, 0, 0, 0, 0, 0, 0, 0, 0, 0, 0, 0, 0, 0, 1, 1, 0] (3.648s)
  Sub: Z₀=16.859340 [LOCAL] (0.2s), α=[0.000,0.000,0.000,0.000,0.000,0.000,0.000,0.000,0.000,0.000,0.000,0.000,0.000,0.000,0.000,0.000,0.000,0.000,0.000,0.000,0.000,0.000,0.000,0.000,0.000,2.761,0.680,7.374,0.000,0.000]
  Iter 159: LB=-59.101018  UB=14.045931  gap=5.21e+00
  Cut: intercept=-1091.645319, π_x_range=[-830.8237, 563.4618]

=== True-DRO Benders iter 160 ===
  OMP: t₀=-59.101048, UB=14.045931, gap=5.21e+00, x=[0, 0, 0, 0, 0, 0, 0, 0, 0, 0, 0, 0, 0, 0, 0, 0, 0, 0, 0, 0, 1, 0, 0, 0, 0, 0, 0, 1, 0, 0] (3.711s)
  Sub: Z₀=16.859341 [TIME_LIMIT] (15.5s), α=[0.000,0.000,0.000,0.000,0.000,0.000,0.000,0.000,0.000,0.000,0.000,0.000,0.000,0.000,0.000,0.000,0.000,0.000,0.000,0.000,0.000,0.000,0.000,0.000,0.000,2.761,0.492,7.561,0.000,0.000]
  Iter 160: LB=-59.101048  UB=14.045931  gap=5.21e+00
  Cut: intercept=-44.093469, π_x_range=[-264.0000, 37.9949]

=== True-DRO Benders iter 161 ===
  OMP: t₀=-59.101028, UB=14.045931, gap=5.21e+00, x=[0, 0, 0, 0, 0, 0, 0, 0, 0, 0, 0, 0, 0, 0, 0, 0, 0, 0, 0, 0, 0, 0, 0, 0, 0, 0, 0, 1, 0, 1] (4.471s)
  Sub: Z₀=16.859340 [LOCAL] (0.2s), α=[0.000,0.000,0.000,0.000,0.000,0.000,0.000,0.000,0.000,0.000,0.000,0.000,0.000,0.000,0.000,0.000,0.000,0.000,0.000,0.000,0.000,0.000,0.000,0.000,0.000,2.761,0.680,7.374,0.000,0.000]
  Iter 161: LB=-59.101028  UB=14.045931  gap=5.21e+00
  Cut: intercept=-1137.160487, π_x_range=[-830.9998, 590.6041]

=== True-DRO Benders iter 162 ===
  OMP: t₀=-59.101039, UB=14.045931, gap=5.21e+00, x=[0, 0, 0, 0, 0, 0, 0, 0, 0, 0, 0, 0, 0, 0, 0, 0, 0, 0, 0, 0, 0, 0, 0, 0, 1, 0, 0, 1, 0, 0] (3.734s)
  Sub: Z₀=16.859340 [LOCAL] (0.2s), α=[0.000,0.000,0.000,0.000,0.000,0.000,0.000,0.000,0.000,0.000,0.000,0.000,0.000,0.000,0.000,0.000,0.000,0.000,0.000,0.000,0.000,0.000,0.000,0.000,0.000,2.761,0.678,7.376,0.000,0.000]
  Iter 162: LB=-59.101039  UB=14.045931  gap=5.21e+00
  Cut: intercept=-1108.063517, π_x_range=[-830.9367, 563.4686]

=== True-DRO Benders iter 163 ===
  OMP: t₀=-59.101029, UB=14.045931, gap=5.21e+00, x=[0, 0, 0, 0, 0, 0, 0, 0, 0, 0, 0, 0, 0, 0, 0, 0, 0, 0, 0, 0, 0, 0, 0, 1, 0, 0, 0, 1, 0, 0] (3.751s)
  Sub: Z₀=16.859340 [LOCAL] (0.2s), α=[0.000,0.000,0.000,0.000,0.000,0.000,0.000,0.000,0.000,0.000,0.000,0.000,0.000,0.000,0.000,0.000,0.000,0.000,0.000,0.000,0.000,0.000,0.000,0.000,0.000,2.761,0.732,7.322,0.000,0.000]
  Iter 163: LB=-59.101029  UB=14.045931  gap=5.21e+00
  Cut: intercept=-1128.143388, π_x_range=[-830.9493, 581.9334]

=== True-DRO Benders iter 164 ===
  OMP: t₀=-59.100986, UB=14.045931, gap=5.21e+00, x=[0, 0, 0, 0, 0, 1, 0, 0, 0, 0, 0, 0, 0, 0, 0, 0, 0, 0, 0, 0, 0, 0, 0, 0, 0, 0, 0, 1, 0, 0] (3.499s)
  Sub: Z₀=16.859340 [LOCAL] (0.2s), α=[0.000,0.000,0.000,0.000,0.000,0.000,0.000,0.000,0.000,0.000,0.000,0.000,0.000,0.000,0.000,0.000,0.000,0.000,0.000,0.000,0.000,0.000,0.000,0.000,0.000,2.761,0.682,7.372,0.000,0.000]
  Iter 164: LB=-59.100986  UB=14.045931  gap=5.21e+00
  Cut: intercept=-1119.177327, π_x_range=[-830.7969, 572.5624]

=== True-DRO Benders iter 165 ===
  OMP: t₀=-59.100958, UB=14.045931, gap=5.21e+00, x=[1, 0, 0, 0, 0, 0, 0, 0, 0, 0, 0, 0, 0, 0, 0, 0, 0, 0, 0, 0, 0, 0, 0, 0, 0, 0, 0, 1, 0, 0] (3.358s)
  Sub: Z₀=16.859341 [TIME_LIMIT] (15.4s), α=[0.000,0.000,0.000,0.000,0.000,0.000,0.000,0.000,0.000,0.000,0.000,0.000,0.000,0.000,0.000,0.000,0.000,0.000,0.000,0.000,0.000,0.000,0.000,0.000,0.000,2.761,0.550,7.503,0.000,0.000]
  Iter 165: LB=-59.100958  UB=14.045931  gap=5.21e+00
  Cut: intercept=-20.965441, π_x_range=[-264.0000, 37.8248]

=== True-DRO Benders iter 166 ===
  OMP: t₀=-59.100958, UB=14.045931, gap=5.21e+00, x=[0, 1, 0, 0, 0, 0, 0, 0, 0, 0, 0, 0, 0, 0, 0, 0, 0, 0, 0, 0, 0, 0, 0, 0, 0, 0, 0, 1, 0, 0] (5.042s)
  Sub: Z₀=16.859340 [LOCAL] (0.2s), α=[0.000,0.000,0.000,0.000,0.000,0.000,0.000,0.000,0.000,0.000,0.000,0.000,0.000,0.000,0.000,0.000,0.000,0.000,0.000,0.000,0.000,0.000,0.000,0.000,0.000,2.761,0.680,7.374,0.000,0.000]
  Iter 166: LB=-59.100958  UB=14.045931  gap=5.21e+00
  Cut: intercept=-1104.089612, π_x_range=[-830.9584, 563.4408]

=== True-DRO Benders iter 167 ===
  OMP: t₀=-59.100932, UB=14.045931, gap=5.21e+00, x=[0, 0, 0, 0, 0, 0, 0, 0, 0, 1, 0, 0, 0, 0, 0, 0, 0, 0, 0, 0, 0, 0, 0, 0, 0, 0, 0, 1, 0, 0] (4.837s)
  Sub: Z₀=16.859340 [LOCAL] (0.2s), α=[0.000,0.000,0.000,0.000,0.000,0.000,0.000,0.000,0.000,0.000,0.000,0.000,0.000,0.000,0.000,0.000,0.000,0.000,0.000,0.000,0.000,0.000,0.000,0.000,0.000,2.761,0.667,7.387,0.000,0.000]
  Iter 167: LB=-59.100932  UB=14.045931  gap=5.21e+00
  Cut: intercept=-1128.023178, π_x_range=[-830.9504, 581.5806]

=== True-DRO Benders iter 168 ===
  OMP: t₀=-57.456907, UB=14.045931, gap=5.09e+00, x=[0, 0, 0, 1, 0, 0, 0, 0, 0, 0, 0, 0, 0, 0, 0, 0, 0, 0, 0, 1, 0, 0, 0, 0, 0, 0, 0, 0, 0, 0] (4.428s)
  Sub: Z₀=18.440346 [LOCAL] (0.2s), α=[0.000,0.000,0.000,0.000,0.000,0.000,0.000,0.024,0.000,0.000,0.000,0.000,0.000,0.000,1.520,0.000,0.000,0.000,0.000,3.885,0.000,0.000,0.000,0.000,0.000,5.386,0.000,0.000,0.000,0.000]
  Iter 168: LB=-57.456907  UB=14.045931  gap=5.09e+00
  Cut: intercept=-1103.693294, π_x_range=[-828.9754, 561.8883]

=== True-DRO Benders iter 169 ===
  OMP: t₀=-57.232115, UB=14.045931, gap=5.07e+00, x=[0, 0, 0, 0, 0, 0, 0, 0, 0, 0, 0, 0, 0, 0, 0, 0, 0, 1, 0, 0, 0, 0, 1, 0, 0, 0, 0, 0, 0, 0] (3.878s)
  Sub: Z₀=16.506322 [LOCAL] (0.3s), α=[0.000,0.000,0.000,0.000,0.000,0.000,0.000,0.000,0.000,0.000,0.000,0.000,0.000,0.000,1.520,0.000,0.000,0.081,0.000,0.000,0.000,0.000,6.443,0.000,0.000,2.770,0.000,0.000,0.000,0.000]
  Iter 169: LB=-57.232115  UB=14.045931  gap=5.07e+00
  Cut: intercept=-1097.009944, π_x_range=[-827.7636, 557.7281]

=== True-DRO Benders iter 170 ===
  OMP: t₀=-57.156375, UB=14.045931, gap=5.07e+00, x=[0, 0, 0, 0, 0, 0, 0, 0, 0, 0, 0, 0, 0, 0, 1, 0, 0, 1, 0, 0, 0, 0, 0, 0, 0, 0, 0, 0, 0, 0] (4.469s)
  Sub: Z₀=19.576970 [TIME_LIMIT] (15.4s), α=[0.000,0.000,0.000,0.000,0.000,0.000,0.000,0.000,0.000,0.000,0.000,0.000,0.000,0.000,6.053,0.000,0.000,0.000,0.000,0.000,0.000,0.000,0.000,0.000,0.000,3.619,0.360,0.783,0.000,0.000]
  Iter 170: LB=-57.156375  UB=14.045931  gap=5.07e+00
  Cut: intercept=-74.778672, π_x_range=[-269.0000, 79.4616]

=== True-DRO Benders iter 171 ===
  OMP: t₀=-55.780707, UB=14.045931, gap=4.97e+00, x=[0, 0, 0, 0, 0, 0, 0, 0, 0, 0, 0, 0, 0, 0, 1, 0, 0, 0, 0, 0, 0, 0, 1, 0, 0, 0, 0, 0, 0, 0] (3.808s)
  Sub: Z₀=17.910705 [LOCAL] (0.3s), α=[0.000,0.000,0.000,0.000,0.000,0.000,0.000,0.014,0.000,0.000,0.000,0.000,0.000,0.000,5.513,0.000,0.000,0.000,0.000,0.000,0.000,0.000,0.418,0.000,0.000,4.869,0.000,0.000,0.000,0.000]
  Iter 171: LB=-55.780707  UB=14.045931  gap=4.97e+00
  Cut: intercept=-1128.633709, π_x_range=[-834.0319, 582.9511]

=== True-DRO Benders iter 172 ===
  OMP: t₀=-54.746143, UB=14.045931, gap=4.90e+00, x=[0, 0, 0, 0, 0, 0, 0, 0, 1, 0, 0, 0, 0, 0, 0, 0, 0, 0, 0, 1, 0, 0, 0, 0, 0, 0, 0, 0, 0, 0] (4.246s)
  Sub: Z₀=18.440346 [LOCAL] (0.2s), α=[0.000,0.000,0.000,0.000,0.000,0.000,0.000,0.026,0.000,0.000,0.000,0.000,0.000,0.000,1.520,0.000,0.000,0.000,0.000,3.884,0.000,0.000,0.000,0.000,0.000,5.386,0.000,0.000,0.000,0.000]
  Iter 172: LB=-54.746143  UB=14.045931  gap=4.90e+00
  Cut: intercept=-1124.496172, π_x_range=[-830.4848, 582.9398]

=== True-DRO Benders iter 173 ===
  OMP: t₀=-54.365780, UB=14.045931, gap=4.87e+00, x=[0, 0, 0, 0, 0, 0, 0, 0, 0, 0, 0, 0, 0, 1, 0, 0, 0, 0, 0, 1, 0, 0, 0, 0, 0, 0, 0, 0, 0, 0] (4.141s)
  Sub: Z₀=18.440346 [LOCAL] (0.2s), α=[0.000,0.000,0.000,0.000,0.000,0.000,0.000,0.023,0.000,0.000,0.000,0.000,0.000,0.000,1.520,0.000,0.000,0.000,0.000,3.886,0.000,0.000,0.000,0.000,0.000,5.386,0.000,0.000,0.000,0.000]
  Iter 173: LB=-54.365780  UB=14.045931  gap=4.87e+00
  Cut: intercept=-1129.516680, π_x_range=[-831.2360, 587.6447]

=== True-DRO Benders iter 174 ===
  OMP: t₀=-54.112236, UB=14.045931, gap=4.85e+00, x=[0, 0, 0, 0, 0, 0, 0, 0, 0, 0, 0, 0, 1, 0, 0, 0, 0, 0, 0, 1, 0, 0, 0, 0, 0, 0, 0, 0, 0, 0] (3.856s)
  Sub: Z₀=18.440346 [LOCAL] (0.2s), α=[0.000,0.000,0.000,0.000,0.000,0.000,0.000,0.024,0.000,0.000,0.000,0.000,0.000,0.000,1.520,0.000,0.000,0.000,0.000,3.885,0.000,0.000,0.000,0.000,0.000,5.386,0.000,0.000,0.000,0.000]
  Iter 174: LB=-54.112236  UB=14.045931  gap=4.85e+00
  Cut: intercept=-1118.806492, π_x_range=[-830.5326, 577.2556]

=== True-DRO Benders iter 175 ===
  OMP: t₀=-54.112234, UB=14.045931, gap=4.85e+00, x=[0, 0, 0, 0, 0, 0, 0, 0, 0, 0, 0, 0, 0, 0, 0, 1, 0, 0, 0, 1, 0, 0, 0, 0, 0, 0, 0, 0, 0, 0] (4.019s)
  Sub: Z₀=18.592312 [TIME_LIMIT] (15.7s), α=[0.000,0.000,0.000,0.000,0.000,0.000,0.000,0.125,0.000,0.000,0.000,0.000,0.000,0.000,0.000,0.000,0.000,0.000,0.000,4.597,0.000,0.000,0.000,0.000,0.000,6.093,0.000,0.000,0.000,0.000]
  Iter 175: LB=-54.112234  UB=14.045931  gap=4.85e+00
  Cut: intercept=-74.413811, π_x_range=[-241.0000, 58.6781]

=== True-DRO Benders iter 176 ===
  OMP: t₀=-54.112231, UB=14.045931, gap=4.85e+00, x=[0, 0, 0, 0, 0, 0, 0, 0, 0, 0, 0, 0, 0, 0, 0, 0, 1, 0, 0, 1, 0, 0, 0, 0, 0, 0, 0, 0, 0, 0] (4.002s)
  Sub: Z₀=18.440346 [LOCAL] (0.2s), α=[0.000,0.000,0.000,0.000,0.000,0.000,0.000,0.023,0.000,0.000,0.000,0.000,0.000,0.000,1.520,0.000,0.000,0.000,0.000,3.886,0.000,0.000,0.000,0.000,0.000,5.386,0.000,0.000,0.000,0.000]
  Iter 176: LB=-54.112231  UB=14.045931  gap=4.85e+00
  Cut: intercept=-1082.563096, π_x_range=[-830.5030, 560.0884]

=== True-DRO Benders iter 177 ===
  OMP: t₀=-54.112228, UB=14.045931, gap=4.85e+00, x=[0, 0, 0, 0, 0, 0, 0, 0, 0, 0, 0, 0, 0, 0, 0, 0, 0, 0, 0, 1, 1, 0, 0, 0, 0, 0, 0, 0, 0, 0] (3.753s)
  Sub: Z₀=18.440346 [LOCAL] (0.2s), α=[0.000,0.000,0.000,0.000,0.000,0.000,0.000,0.023,0.000,0.000,0.000,0.000,0.000,0.000,1.520,0.000,0.000,0.000,0.000,3.887,0.000,0.000,0.000,0.000,0.000,5.386,0.000,0.000,0.000,0.000]
  Iter 177: LB=-54.112228  UB=14.045931  gap=4.85e+00
  Cut: intercept=-1126.959456, π_x_range=[-830.5040, 584.9680]

=== True-DRO Benders iter 178 ===
  OMP: t₀=-54.112207, UB=14.045931, gap=4.85e+00, x=[0, 0, 0, 0, 0, 0, 0, 0, 0, 0, 0, 0, 0, 0, 0, 0, 0, 0, 0, 1, 0, 0, 0, 0, 0, 0, 0, 0, 0, 1] (3.765s)
  Sub: Z₀=18.440346 [LOCAL] (0.2s), α=[0.000,0.000,0.000,0.000,0.000,0.000,0.000,0.024,0.000,0.000,0.000,0.000,0.000,0.000,1.520,0.000,0.000,0.000,0.000,3.886,0.000,0.000,0.000,0.000,0.000,5.386,0.000,0.000,0.000,0.000]
  Iter 178: LB=-54.112207  UB=14.045931  gap=4.85e+00
  Cut: intercept=-1130.204301, π_x_range=[-830.4977, 588.3744]

=== True-DRO Benders iter 179 ===
  OMP: t₀=-54.112235, UB=14.045931, gap=4.85e+00, x=[0, 0, 1, 0, 0, 0, 0, 0, 0, 0, 0, 0, 0, 0, 0, 0, 0, 0, 0, 1, 0, 0, 0, 0, 0, 0, 0, 0, 0, 0] (3.817s)
  Sub: Z₀=18.440346 [LOCAL] (0.2s), α=[0.000,0.000,0.000,0.000,0.000,0.000,0.000,0.023,0.000,0.000,0.000,0.000,0.000,0.000,1.520,0.000,0.000,0.000,0.000,3.886,0.000,0.000,0.000,0.000,0.000,5.386,0.000,0.000,0.000,0.000]
  Iter 179: LB=-54.112235  UB=14.045931  gap=4.85e+00
  Cut: intercept=-1097.341000, π_x_range=[-828.1173, 560.3078]

=== True-DRO Benders iter 180 ===
  OMP: t₀=-54.112209, UB=14.045931, gap=4.85e+00, x=[0, 0, 0, 0, 0, 0, 0, 0, 0, 0, 0, 0, 0, 0, 0, 0, 0, 0, 0, 1, 0, 0, 0, 1, 0, 0, 0, 0, 0, 0] (3.860s)
  Sub: Z₀=18.592312 [TIME_LIMIT] (15.4s), α=[0.000,0.000,0.000,0.000,0.000,0.000,0.000,0.122,0.000,0.000,0.000,0.000,0.000,0.000,0.000,0.000,0.000,0.000,0.000,4.600,0.000,0.000,0.000,0.000,0.000,6.093,0.000,0.000,0.000,0.000]
  Iter 180: LB=-54.112209  UB=14.045931  gap=4.85e+00
  Cut: intercept=-30.849279, π_x_range=[-241.0000, 34.1946]

=== True-DRO Benders iter 181 ===
  OMP: t₀=-54.112197, UB=14.045931, gap=4.85e+00, x=[0, 0, 0, 0, 0, 0, 0, 0, 0, 0, 0, 0, 0, 0, 0, 0, 0, 0, 0, 1, 0, 0, 0, 0, 0, 0, 0, 0, 1, 0] (3.901s)
  Sub: Z₀=18.440346 [LOCAL] (0.2s), α=[0.000,0.000,0.000,0.000,0.000,0.000,0.000,0.024,0.000,0.000,0.000,0.000,0.000,0.000,1.520,0.000,0.000,0.000,0.000,3.886,0.000,0.000,0.000,0.000,0.000,5.386,0.000,0.000,0.000,0.000]
  Iter 181: LB=-54.112197  UB=14.045931  gap=4.85e+00
  Cut: intercept=-1078.062534, π_x_range=[-830.4055, 560.2780]

=== True-DRO Benders iter 182 ===
  OMP: t₀=-54.112137, UB=14.045931, gap=4.85e+00, x=[0, 1, 0, 0, 0, 0, 0, 0, 0, 0, 0, 0, 0, 0, 0, 0, 0, 0, 0, 1, 0, 0, 0, 0, 0, 0, 0, 0, 0, 0] (3.828s)
  Sub: Z₀=18.440346 [LOCAL] (0.2s), α=[0.000,0.000,0.000,0.000,0.000,0.000,0.000,0.024,0.000,0.000,0.000,0.000,0.000,0.000,1.520,0.000,0.000,0.000,0.000,3.886,0.000,0.000,0.000,0.000,0.000,5.386,0.000,0.000,0.000,0.000]
  Iter 182: LB=-54.112137  UB=14.045931  gap=4.85e+00
  Cut: intercept=-1094.075119, π_x_range=[-830.5020, 560.2898]

=== True-DRO Benders iter 183 ===
  OMP: t₀=-54.112137, UB=14.045931, gap=4.85e+00, x=[1, 0, 0, 0, 0, 0, 0, 0, 0, 0, 0, 0, 0, 0, 0, 0, 0, 0, 0, 1, 0, 0, 0, 0, 0, 0, 0, 0, 0, 0] (3.976s)
  Sub: Z₀=18.440346 [LOCAL] (0.2s), α=[0.000,0.000,0.000,0.000,0.000,0.000,0.000,0.024,0.000,0.000,0.000,0.000,0.000,0.000,1.520,0.000,0.000,0.000,0.000,3.886,0.000,0.000,0.000,0.000,0.000,5.386,0.000,0.000,0.000,0.000]
  Iter 183: LB=-54.112137  UB=14.045931  gap=4.85e+00
  Cut: intercept=-1102.129383, π_x_range=[-830.5017, 560.2891]

=== True-DRO Benders iter 184 ===
  OMP: t₀=-54.112165, UB=14.045931, gap=4.85e+00, x=[0, 0, 0, 0, 0, 1, 0, 0, 0, 0, 0, 0, 0, 0, 0, 0, 0, 0, 0, 1, 0, 0, 0, 0, 0, 0, 0, 0, 0, 0] (4.136s)
  Sub: Z₀=18.440346 [LOCAL] (0.2s), α=[0.000,0.000,0.000,0.000,0.000,0.000,0.000,0.024,0.000,0.000,0.000,0.000,0.000,0.000,1.520,0.000,0.000,0.000,0.000,3.886,0.000,0.000,0.000,0.000,0.000,5.386,0.000,0.000,0.000,0.000]
  Iter 184: LB=-54.112165  UB=14.045931  gap=4.85e+00
  Cut: intercept=-1110.225808, π_x_range=[-830.4395, 568.3876]

=== True-DRO Benders iter 185 ===
  OMP: t₀=-54.112112, UB=14.045931, gap=4.85e+00, x=[0, 0, 0, 0, 0, 0, 0, 0, 0, 1, 0, 0, 0, 0, 0, 0, 0, 0, 0, 1, 0, 0, 0, 0, 0, 0, 0, 0, 0, 0] (3.806s)
  Sub: Z₀=18.440346 [TIME_LIMIT] (15.5s), α=[0.000,0.000,0.000,0.000,0.000,0.000,0.000,0.041,0.000,0.000,0.000,0.000,0.000,0.000,1.520,0.000,0.000,0.000,0.000,3.868,0.000,0.000,0.000,0.000,0.000,5.386,0.000,0.000,0.000,0.000]
  Iter 185: LB=-54.112112  UB=14.045931  gap=4.85e+00
  Cut: intercept=-38.070689, π_x_range=[-271.0000, 34.6767]

=== True-DRO Benders iter 186 ===
  OMP: t₀=-53.208449, UB=14.045931, gap=4.79e+00, x=[0, 0, 0, 0, 0, 0, 0, 1, 0, 0, 0, 0, 0, 0, 0, 0, 0, 0, 0, 0, 0, 0, 0, 0, 0, 1, 0, 0, 0, 0] (3.846s)
  Sub: Z₀=14.979035 [LOCAL] (0.3s), α=[0.000,0.000,0.000,0.000,0.000,0.000,0.000,0.765,0.000,0.000,0.000,0.000,0.000,0.000,1.469,0.000,0.000,0.000,0.000,0.000,0.000,0.000,0.000,0.000,0.000,8.580,0.000,0.000,0.000,0.000]
  Iter 186: LB=-53.208449  UB=14.045931  gap=4.79e+00
  Cut: intercept=-1124.140242, π_x_range=[-829.6520, 575.6167]

=== True-DRO Benders iter 187 ===
  OMP: t₀=-51.125923, UB=14.045931, gap=4.64e+00, x=[0, 0, 0, 0, 0, 0, 1, 0, 0, 0, 0, 0, 0, 0, 0, 0, 0, 1, 0, 0, 0, 0, 0, 0, 0, 0, 0, 0, 0, 0] (5.458s)
  Sub: Z₀=18.641990 [LOCAL] (0.4s), α=[0.000,0.000,0.000,0.000,0.000,0.000,3.397,0.000,0.000,0.000,0.000,0.000,0.000,0.000,0.868,0.000,0.000,0.000,0.000,0.000,0.000,0.000,0.000,0.000,0.000,5.285,0.327,0.938,0.000,0.000]
  Iter 187: LB=-51.125923  UB=14.045931  gap=4.64e+00
  Cut: intercept=-1122.496984, π_x_range=[-828.9206, 584.1745]

=== True-DRO Benders iter 188 ===
  OMP: t₀=-49.750255, UB=14.045931, gap=4.54e+00, x=[0, 0, 0, 0, 0, 0, 1, 0, 0, 0, 0, 0, 0, 0, 0, 0, 0, 0, 0, 0, 0, 0, 1, 0, 0, 0, 0, 0, 0, 0] (3.840s)
  Sub: Z₀=17.283954 [LOCAL] (0.3s), α=[0.000,0.000,0.000,0.000,0.000,0.000,2.132,0.015,0.000,0.000,0.000,0.000,0.000,0.000,0.000,0.000,0.000,0.000,0.000,0.000,0.000,0.000,0.511,0.000,0.000,8.157,0.000,0.000,0.000,0.000]
  Iter 188: LB=-49.750255  UB=14.045931  gap=4.54e+00
  Cut: intercept=-1125.008590, π_x_range=[-833.6742, 581.5288]

=== True-DRO Benders iter 189 ===
  OMP: t₀=-49.674515, UB=14.045931, gap=4.54e+00, x=[0, 0, 0, 0, 0, 0, 1, 0, 0, 0, 0, 0, 0, 0, 1, 0, 0, 0, 0, 0, 0, 0, 0, 0, 0, 0, 0, 0, 0, 0] (4.123s)
  Sub: Z₀=17.264638 [LOCAL] (0.2s), α=[0.000,0.000,0.000,0.000,0.058,0.000,2.738,0.000,0.000,0.000,0.000,0.000,0.000,0.000,2.738,0.000,0.000,0.000,0.000,0.000,0.000,0.000,0.000,0.000,0.000,5.281,0.000,0.000,0.000,0.000]
  Iter 189: LB=-49.674515  UB=14.045931  gap=4.54e+00
  Cut: intercept=-1155.331536, π_x_range=[-831.1282, 588.9426]

=== True-DRO Benders iter 190 ===
  OMP: t₀=-47.986827, UB=14.045931, gap=4.42e+00, x=[0, 0, 0, 0, 0, 0, 0, 0, 0, 0, 0, 0, 0, 0, 0, 0, 0, 0, 1, 0, 0, 1, 0, 0, 0, 0, 0, 0, 0, 0] (4.185s)
  Sub: Z₀=19.554453 [TIME_LIMIT] (15.3s), α=[0.000,0.000,0.000,0.000,0.000,0.000,0.000,0.000,0.000,0.000,0.000,0.000,0.000,0.000,3.235,0.000,0.000,0.000,0.000,0.000,0.000,0.000,0.000,0.000,0.000,7.580,0.000,0.000,0.000,0.000]
  Iter 190: LB=-47.986827  UB=14.045931  gap=4.42e+00
  Cut: intercept=-60.492082, π_x_range=[-276.9352, 44.1189]

=== True-DRO Benders iter 191 ===
  OMP: t₀=-46.689352, UB=14.045931, gap=4.32e+00, x=[0, 0, 0, 0, 0, 0, 0, 0, 0, 0, 0, 0, 0, 0, 0, 0, 0, 0, 0, 0, 0, 0, 0, 0, 0, 1, 1, 0, 0, 0] (4.449s)
  Sub: Z₀=12.010355 [LOCAL] (0.3s), α=[0.000,0.000,0.000,0.000,0.000,0.000,0.000,0.000,0.000,0.000,0.000,0.000,0.000,0.000,0.395,0.000,0.000,0.000,0.000,0.000,0.000,0.000,0.000,0.000,0.000,6.279,4.000,0.142,0.000,0.000]
  Iter 191: LB=-46.689352  UB=14.045931  gap=4.32e+00
  Cut: intercept=-1137.041731, π_x_range=[-827.9795, 583.7055]

=== True-DRO Benders iter 192 ===
  OMP: t₀=-45.478780, UB=14.045931, gap=4.24e+00, x=[0, 0, 0, 0, 1, 0, 0, 0, 0, 0, 0, 0, 0, 0, 0, 0, 0, 0, 0, 0, 0, 0, 0, 0, 0, 1, 0, 0, 0, 0] (5.393s)
  Sub: Z₀=11.833818 [LOCAL] (0.3s), α=[0.000,0.000,0.000,0.000,3.466,0.000,1.182,0.000,0.000,0.000,0.000,0.000,0.000,0.000,2.701,0.000,0.000,0.000,0.000,0.000,0.000,0.000,0.000,0.000,0.000,3.466,0.000,0.000,0.000,0.000]
  Iter 192: LB=-45.478780  UB=14.045931  gap=4.24e+00
  Cut: intercept=-1133.811029, π_x_range=[-826.4905, 578.8106]

=== True-DRO Benders iter 193 ===
  OMP: t₀=-42.890651, UB=14.045931, gap=4.05e+00, x=[0, 0, 0, 0, 0, 0, 0, 0, 0, 0, 0, 0, 0, 0, 0, 1, 0, 0, 1, 0, 0, 0, 0, 0, 0, 0, 0, 0, 0, 0] (5.521s)
  Sub: Z₀=19.554453 [LOCAL] (0.3s), α=[0.000,0.000,0.000,0.000,0.000,0.000,0.000,0.000,0.000,0.000,0.000,0.000,0.000,0.000,3.170,0.000,0.000,0.000,0.000,0.000,0.000,0.000,0.000,0.000,0.000,7.644,0.000,0.000,0.000,0.000]
  Iter 193: LB=-42.890651  UB=14.045931  gap=4.05e+00
  Cut: intercept=-1059.664362, π_x_range=[-834.2527, 544.2872]

=== True-DRO Benders iter 194 ===
  OMP: t₀=-42.890554, UB=14.045931, gap=4.05e+00, x=[0, 1, 0, 0, 0, 0, 0, 0, 0, 0, 0, 0, 0, 0, 0, 0, 0, 0, 1, 0, 0, 0, 0, 0, 0, 0, 0, 0, 0, 0] (4.052s)
  Sub: Z₀=19.554453 [LOCAL] (0.3s), α=[0.000,0.000,0.000,0.000,0.000,0.000,0.000,0.000,0.000,0.000,0.000,0.000,0.000,0.000,3.155,0.000,0.000,0.000,0.000,0.000,0.000,0.000,0.000,0.000,0.000,7.660,0.000,0.000,0.000,0.000]
  Iter 194: LB=-42.890554  UB=14.045931  gap=4.05e+00
  Cut: intercept=-1077.032892, π_x_range=[-834.8741, 551.2123]

=== True-DRO Benders iter 195 ===
  OMP: t₀=-39.889508, UB=14.045931, gap=3.84e+00, x=[0, 0, 0, 0, 0, 0, 0, 0, 0, 0, 0, 0, 0, 0, 0, 0, 0, 1, 0, 0, 0, 1, 0, 0, 0, 0, 0, 0, 0, 0] (3.850s)
  Sub: Z₀=20.631899 [TIME_LIMIT] (15.5s), α=[0.000,0.000,0.000,0.000,0.000,0.000,0.000,0.000,0.000,0.000,0.000,0.000,0.000,0.000,3.673,0.000,0.000,0.081,0.000,0.000,0.000,0.000,0.000,0.000,0.000,5.374,1.686,0.000,0.000,0.000]
  Iter 195: LB=-39.889508  UB=14.045931  gap=3.84e+00
  Cut: intercept=-69.784108, π_x_range=[-271.0000, 57.6341]

=== True-DRO Benders iter 196 ===
  OMP: t₀=-38.513840, UB=14.045931, gap=3.74e+00, x=[0, 0, 0, 0, 0, 0, 0, 0, 0, 0, 0, 0, 0, 0, 0, 0, 0, 0, 0, 0, 0, 1, 1, 0, 0, 0, 0, 0, 0, 0] (3.809s)
  Sub: Z₀=18.116426 [LOCAL] (0.3s), α=[0.000,0.000,0.000,0.000,0.000,0.000,0.000,0.000,0.000,0.000,0.000,0.000,0.000,0.000,1.520,0.000,0.000,0.000,0.000,0.000,0.000,0.000,3.100,0.000,0.000,4.576,1.620,0.000,0.000,0.000]
  Iter 196: LB=-38.513840  UB=14.045931  gap=3.74e+00
  Cut: intercept=-1099.038873, π_x_range=[-830.2675, 560.4949]

=== True-DRO Benders iter 197 ===
  OMP: t₀=-38.438099, UB=14.045931, gap=3.74e+00, x=[0, 0, 0, 0, 0, 0, 0, 0, 0, 0, 0, 0, 0, 0, 1, 0, 0, 0, 0, 0, 0, 1, 0, 0, 0, 0, 0, 0, 0, 0] (4.353s)
  Sub: Z₀=19.576967 [LOCAL] (0.3s), α=[0.000,0.000,0.000,0.000,0.000,0.000,0.000,0.000,0.000,0.000,0.000,0.000,0.000,0.000,6.053,0.000,0.000,0.000,0.000,0.000,0.000,0.000,0.000,0.000,0.000,3.619,1.143,0.000,0.000,0.000]
  Iter 197: LB=-38.438099  UB=14.045931  gap=3.74e+00
  Cut: intercept=-1128.711218, π_x_range=[-831.1138, 586.5909]

=== True-DRO Benders iter 198 ===
  OMP: t₀=-38.138005, UB=14.045931, gap=3.72e+00, x=[0, 0, 0, 1, 0, 0, 0, 0, 0, 0, 0, 0, 0, 0, 0, 0, 0, 1, 0, 0, 0, 0, 0, 0, 0, 0, 0, 0, 0, 0] (4.198s)
  Sub: Z₀=20.631899 [LOCAL] (0.3s), α=[0.000,0.000,0.000,0.000,0.000,0.000,0.000,0.000,0.000,0.000,0.000,0.000,0.000,0.000,3.697,0.000,0.000,0.074,0.000,0.000,0.000,0.000,0.000,0.000,0.000,5.366,0.533,1.146,0.000,0.000]
  Iter 198: LB=-38.138005  UB=14.045931  gap=3.72e+00
  Cut: intercept=-1092.247119, π_x_range=[-828.8312, 561.9648]

=== True-DRO Benders iter 199 ===
  OMP: t₀=-36.686596, UB=14.045931, gap=3.61e+00, x=[0, 0, 0, 1, 0, 0, 0, 0, 0, 0, 0, 0, 0, 0, 1, 0, 0, 0, 0, 0, 0, 0, 0, 0, 0, 0, 0, 0, 0, 0] (4.104s)
  Sub: Z₀=19.576967 [LOCAL] (0.3s), α=[0.000,0.000,0.000,0.000,0.000,0.000,0.000,0.000,0.000,0.000,0.000,0.000,0.000,0.000,6.053,0.000,0.000,0.000,0.000,0.000,0.000,0.000,0.000,0.000,0.000,3.619,0.820,0.323,0.000,0.000]
  Iter 199: LB=-36.686596  UB=14.045931  gap=3.61e+00
  Cut: intercept=-1133.353014, π_x_range=[-829.1107, 586.5903]

=== True-DRO Benders iter 200 ===
  OMP: t₀=-35.427242, UB=14.045931, gap=3.52e+00, x=[0, 0, 0, 0, 0, 0, 0, 0, 1, 0, 0, 0, 0, 0, 0, 0, 0, 1, 0, 0, 0, 0, 0, 0, 0, 0, 0, 0, 0, 0] (4.118s)
  Sub: Z₀=20.631899 [TIME_LIMIT] (15.5s), α=[0.000,0.000,0.000,0.000,0.000,0.000,0.000,0.000,0.000,0.000,0.000,0.000,0.000,0.000,3.673,0.000,0.000,0.081,0.000,0.000,0.000,0.000,0.000,0.000,0.000,5.374,0.098,1.589,0.000,0.000]
  Iter 200: LB=-35.427242  UB=14.045931  gap=3.52e+00
  Cut: intercept=-56.492274, π_x_range=[-271.0000, 57.5851]

=== True-DRO Benders iter 201 ===
  OMP: t₀=-35.046878, UB=14.045931, gap=3.50e+00, x=[0, 0, 0, 0, 0, 0, 0, 0, 0, 0, 0, 0, 0, 1, 0, 0, 0, 1, 0, 0, 0, 0, 0, 0, 0, 0, 0, 0, 0, 0] (5.997s)
  Sub: Z₀=20.083493 [LOCAL] (0.3s), α=[0.000,0.000,0.000,0.000,0.000,0.000,0.000,0.000,0.000,0.000,0.000,0.000,0.000,0.000,4.013,0.000,0.000,0.000,0.000,0.000,0.000,0.000,0.000,0.000,0.000,5.196,0.427,1.179,0.000,0.000]
  Iter 201: LB=-35.046878  UB=14.045931  gap=3.50e+00
  Cut: intercept=-1124.966533, π_x_range=[-830.9546, 587.8269]

=== True-DRO Benders iter 202 ===
  OMP: t₀=-34.793338, UB=14.045931, gap=3.48e+00, x=[0, 0, 0, 0, 0, 0, 0, 0, 0, 0, 0, 1, 0, 0, 0, 0, 0, 1, 0, 0, 0, 0, 0, 0, 0, 0, 0, 0, 0, 0] (6.346s)
  Sub: Z₀=20.631899 [LOCAL] (0.3s), α=[0.000,0.000,0.000,0.000,0.000,0.000,0.000,0.000,0.000,0.000,0.000,0.000,0.000,0.000,3.697,0.000,0.000,0.074,0.000,0.000,0.000,0.000,0.000,0.000,0.000,5.366,0.531,1.148,0.000,0.000]
  Iter 202: LB=-34.793338  UB=14.045931  gap=3.48e+00
  Cut: intercept=-1088.253116, π_x_range=[-829.6539, 557.8313]

=== True-DRO Benders iter 203 ===
  OMP: t₀=-34.793335, UB=14.045931, gap=3.48e+00, x=[0, 0, 0, 0, 0, 0, 0, 0, 0, 0, 0, 0, 1, 0, 0, 0, 0, 1, 0, 0, 0, 0, 0, 0, 0, 0, 0, 0, 0, 0] (5.478s)
  Sub: Z₀=20.631899 [LOCAL] (0.3s), α=[0.000,0.000,0.000,0.000,0.000,0.000,0.000,0.000,0.000,0.000,0.000,0.000,0.000,0.000,3.697,0.000,0.000,0.074,0.000,0.000,0.000,0.000,0.000,0.000,0.000,5.365,0.508,1.171,0.000,0.000]
  Iter 203: LB=-34.793335  UB=14.045931  gap=3.48e+00
  Cut: intercept=-1109.218043, π_x_range=[-829.5876, 577.6777]

=== True-DRO Benders iter 204 ===
  OMP: t₀=-34.793332, UB=14.045931, gap=3.48e+00, x=[0, 0, 0, 0, 0, 0, 0, 0, 0, 0, 0, 0, 0, 0, 0, 1, 0, 1, 0, 0, 0, 0, 0, 0, 0, 0, 0, 0, 0, 0] (5.314s)
  Sub: Z₀=20.631899 [LOCAL] (0.3s), α=[0.000,0.000,0.000,0.000,0.000,0.000,0.000,0.000,0.000,0.000,0.000,0.000,0.000,0.000,3.697,0.000,0.000,0.074,0.000,0.000,0.000,0.000,0.000,0.000,0.000,5.365,0.525,1.154,0.000,0.000]
  Iter 204: LB=-34.793332  UB=14.045931  gap=3.48e+00
  Cut: intercept=-1065.147587, π_x_range=[-829.3244, 551.7758]

=== True-DRO Benders iter 205 ===
  OMP: t₀=-34.793330, UB=14.045931, gap=3.48e+00, x=[0, 0, 0, 0, 0, 0, 0, 0, 0, 0, 0, 0, 0, 0, 0, 0, 1, 1, 0, 0, 0, 0, 0, 0, 0, 0, 0, 0, 0, 0] (4.303s)
  Sub: Z₀=20.631899 [TIME_LIMIT] (15.5s), α=[0.000,0.000,0.000,0.000,0.000,0.000,0.000,0.000,0.000,0.000,0.000,0.000,0.000,0.000,3.673,0.000,0.000,0.081,0.000,0.000,0.000,0.000,0.000,0.000,0.000,5.374,0.502,1.185,0.000,0.000]
  Iter 205: LB=-34.793330  UB=14.045931  gap=3.48e+00
  Cut: intercept=-83.070225, π_x_range=[-271.0000, 57.5924]

=== True-DRO Benders iter 206 ===
  OMP: t₀=-34.793326, UB=14.045931, gap=3.48e+00, x=[0, 0, 0, 0, 0, 0, 0, 0, 0, 0, 0, 0, 0, 0, 0, 0, 0, 1, 0, 0, 1, 0, 0, 0, 0, 0, 0, 0, 0, 0] (4.501s)
  Sub: Z₀=20.631899 [LOCAL] (0.3s), α=[0.000,0.000,0.000,0.000,0.000,0.000,0.000,0.000,0.000,0.000,0.000,0.000,0.000,0.000,3.697,0.000,0.000,0.074,0.000,0.000,0.000,0.000,0.000,0.000,0.000,5.365,0.511,1.168,0.000,0.000]
  Iter 206: LB=-34.793326  UB=14.045931  gap=3.48e+00
  Cut: intercept=-1115.127778, π_x_range=[-829.5487, 583.5510]

=== True-DRO Benders iter 207 ===
  OMP: t₀=-34.793317, UB=14.045931, gap=3.48e+00, x=[0, 0, 0, 0, 0, 0, 0, 0, 0, 0, 0, 0, 0, 0, 0, 0, 0, 1, 0, 0, 0, 0, 0, 0, 1, 0, 0, 0, 0, 0] (5.443s)
  Sub: Z₀=20.631899 [LOCAL] (0.3s), α=[0.000,0.000,0.000,0.000,0.000,0.000,0.000,0.000,0.000,0.000,0.000,0.000,0.000,0.000,3.697,0.000,0.000,0.074,0.000,0.000,0.000,0.000,0.000,0.000,0.000,5.365,0.521,1.158,0.000,0.000]
  Iter 207: LB=-34.793317  UB=14.045931  gap=3.48e+00
  Cut: intercept=-1088.164648, π_x_range=[-829.5797, 556.4967]

=== True-DRO Benders iter 208 ===
  OMP: t₀=-34.793307, UB=14.045931, gap=3.48e+00, x=[0, 0, 0, 0, 0, 0, 0, 0, 0, 0, 0, 0, 0, 0, 0, 0, 0, 1, 0, 0, 0, 0, 0, 1, 0, 0, 0, 0, 0, 0] (5.751s)
  Sub: Z₀=20.631899 [LOCAL] (0.3s), α=[0.000,0.000,0.000,0.000,0.000,0.000,0.000,0.000,0.000,0.000,0.000,0.000,0.000,0.000,3.697,0.000,0.000,0.074,0.000,0.000,0.000,0.000,0.000,0.000,0.000,5.365,0.582,1.096,0.000,0.000]
  Iter 208: LB=-34.793307  UB=14.045931  gap=3.48e+00
  Cut: intercept=-1111.437295, π_x_range=[-829.5613, 579.8118]

=== True-DRO Benders iter 209 ===
  OMP: t₀=-34.793306, UB=14.045931, gap=3.48e+00, x=[0, 0, 0, 0, 0, 0, 0, 0, 0, 0, 0, 0, 0, 0, 0, 0, 0, 1, 0, 0, 0, 0, 0, 0, 0, 0, 0, 0, 0, 1] (6.614s)
  Sub: Z₀=20.631899 [LOCAL] (0.3s), α=[0.000,0.000,0.000,0.000,0.000,0.000,0.000,0.000,0.000,0.000,0.000,0.000,0.000,0.000,3.697,0.000,0.000,0.074,0.000,0.000,0.000,0.000,0.000,0.000,0.000,5.365,0.523,1.156,0.000,0.000]
  Iter 209: LB=-34.793306  UB=14.045931  gap=3.48e+00
  Cut: intercept=-1119.836049, π_x_range=[-829.5533, 588.2161]

=== True-DRO Benders iter 210 ===
  OMP: t₀=-34.793264, UB=14.045931, gap=3.48e+00, x=[0, 0, 0, 0, 0, 1, 0, 0, 0, 0, 0, 0, 0, 0, 0, 0, 0, 1, 0, 0, 0, 0, 0, 0, 0, 0, 0, 0, 0, 0] (5.168s)
  Sub: Z₀=20.631899 [TIME_LIMIT] (15.5s), α=[0.000,0.000,0.000,0.000,0.000,0.000,0.000,0.000,0.000,0.000,0.000,0.000,0.000,0.000,3.673,0.000,0.000,0.081,0.000,0.000,0.000,0.000,0.000,0.000,0.000,5.374,0.475,1.211,0.000,0.000]
  Iter 210: LB=-34.793264  UB=14.045931  gap=3.48e+00
  Cut: intercept=-64.289164, π_x_range=[-271.0000, 57.6053]

=== True-DRO Benders iter 211 ===
  OMP: t₀=-34.793236, UB=14.045931, gap=3.48e+00, x=[1, 0, 0, 0, 0, 0, 0, 0, 0, 0, 0, 0, 0, 0, 0, 0, 0, 1, 0, 0, 0, 0, 0, 0, 0, 0, 0, 0, 0, 0] (5.194s)
  Sub: Z₀=20.631899 [LOCAL] (0.3s), α=[0.000,0.000,0.000,0.000,0.000,0.000,0.000,0.000,0.000,0.000,0.000,0.000,0.000,0.000,3.697,0.000,0.000,0.074,0.000,0.000,0.000,0.000,0.000,0.000,0.000,5.365,0.522,1.157,0.000,0.000]
  Iter 211: LB=-34.793236  UB=14.045931  gap=3.48e+00
  Cut: intercept=-1091.709374, π_x_range=[-829.5613, 560.0864]

=== True-DRO Benders iter 212 ===
  OMP: t₀=-34.793236, UB=14.045931, gap=3.48e+00, x=[0, 1, 0, 0, 0, 0, 0, 0, 0, 0, 0, 0, 0, 0, 0, 0, 0, 1, 0, 0, 0, 0, 0, 0, 0, 0, 0, 0, 0, 0] (3.804s)
  Sub: Z₀=20.631899 [LOCAL] (0.3s), α=[0.000,0.000,0.000,0.000,0.000,0.000,0.000,0.000,0.000,0.000,0.000,0.000,0.000,0.000,3.697,0.000,0.000,0.074,0.000,0.000,0.000,0.000,0.000,0.000,0.000,5.365,0.523,1.156,0.000,0.000]
  Iter 212: LB=-34.793236  UB=14.045931  gap=3.48e+00
  Cut: intercept=-1084.132922, π_x_range=[-829.5626, 552.5137]

=== True-DRO Benders iter 213 ===
  OMP: t₀=-34.793210, UB=14.045931, gap=3.48e+00, x=[0, 0, 0, 0, 0, 0, 0, 0, 0, 1, 0, 0, 0, 0, 0, 0, 0, 1, 0, 0, 0, 0, 0, 0, 0, 0, 0, 0, 0, 0] (4.196s)
  Sub: Z₀=20.631899 [LOCAL] (0.3s), α=[0.000,0.000,0.000,0.000,0.000,0.000,0.000,0.000,0.000,0.000,0.000,0.000,0.000,0.000,3.697,0.000,0.000,0.074,0.000,0.000,0.000,0.000,0.000,0.000,0.000,5.365,0.510,1.168,0.000,0.000]
  Iter 213: LB=-34.793210  UB=14.045931  gap=3.48e+00
  Cut: intercept=-1110.882911, π_x_range=[-829.5836, 579.2482]

=== True-DRO Benders iter 214 ===
  OMP: t₀=-34.051573, UB=14.045931, gap=3.42e+00, x=[0, 0, 0, 0, 0, 0, 0, 0, 1, 0, 0, 0, 0, 0, 0, 0, 0, 0, 0, 0, 0, 0, 1, 0, 0, 0, 0, 0, 0, 0] (4.142s)
  Sub: Z₀=18.440346 [LOCAL] (0.2s), α=[0.000,0.000,0.000,0.000,0.000,0.000,0.000,0.038,0.000,0.000,0.000,0.000,0.000,0.000,1.520,0.000,0.000,0.000,0.000,0.000,0.000,0.000,3.871,0.000,0.000,5.386,0.000,0.000,0.000,0.000]
  Iter 214: LB=-34.051573  UB=14.045931  gap=3.42e+00
  Cut: intercept=-1123.093203, π_x_range=[-830.5263, 583.0852]

=== True-DRO Benders iter 215 ===
  OMP: t₀=-33.975833, UB=14.045931, gap=3.42e+00, x=[0, 0, 0, 0, 0, 0, 0, 0, 1, 0, 0, 0, 0, 0, 1, 0, 0, 0, 0, 0, 0, 0, 0, 0, 0, 0, 0, 0, 0, 0] (4.239s)
  Sub: Z₀=19.576969 [TIME_LIMIT] (15.7s), α=[0.000,0.000,0.000,0.000,0.000,0.000,0.000,0.000,0.000,0.000,0.000,0.000,0.000,0.000,6.053,0.000,0.000,0.000,0.000,0.000,0.000,0.000,0.000,0.000,0.000,3.619,0.277,0.866,0.000,0.000]
  Iter 215: LB=-33.975833  UB=14.045931  gap=3.42e+00
  Cut: intercept=-21.339702, π_x_range=[-270.0000, 26.0982]

=== True-DRO Benders iter 216 ===
  OMP: t₀=-33.671210, UB=14.045931, gap=3.40e+00, x=[0, 0, 0, 0, 0, 0, 0, 0, 0, 0, 0, 0, 0, 1, 0, 0, 0, 0, 0, 0, 0, 0, 1, 0, 0, 0, 0, 0, 0, 0] (4.252s)
  Sub: Z₀=18.440346 [LOCAL] (0.2s), α=[0.000,0.000,0.000,0.000,0.000,0.000,0.000,0.035,0.000,0.000,0.000,0.000,0.000,0.000,1.520,0.000,0.000,0.000,0.000,0.000,0.000,0.000,3.874,0.000,0.000,5.386,0.000,0.000,0.000,0.000]
  Iter 216: LB=-33.671210  UB=14.045931  gap=3.40e+00
  Cut: intercept=-1127.867179, π_x_range=[-831.2395, 587.6757]

=== True-DRO Benders iter 217 ===
  OMP: t₀=-33.595470, UB=14.045931, gap=3.39e+00, x=[0, 0, 0, 0, 0, 0, 0, 0, 0, 0, 0, 0, 0, 1, 1, 0, 0, 0, 0, 0, 0, 0, 0, 0, 0, 0, 0, 0, 0, 0] (4.145s)
  Sub: Z₀=19.576967 [LOCAL] (0.3s), α=[0.000,0.000,0.000,0.000,0.000,0.000,0.000,0.000,0.000,0.000,0.000,0.000,0.000,0.000,6.053,0.000,0.000,0.000,0.000,0.000,0.000,0.000,0.000,0.000,0.000,3.619,0.803,0.340,0.000,0.000]
  Iter 217: LB=-33.595470  UB=14.045931  gap=3.39e+00
  Cut: intercept=-1156.193509, π_x_range=[-831.8459, 589.1588]

=== True-DRO Benders iter 218 ===
  OMP: t₀=-33.417670, UB=14.045931, gap=3.38e+00, x=[0, 0, 0, 0, 0, 0, 0, 0, 0, 0, 0, 1, 0, 0, 0, 0, 0, 0, 0, 0, 0, 0, 1, 0, 0, 0, 0, 0, 0, 0] (4.177s)
  Sub: Z₀=18.440346 [LOCAL] (0.2s), α=[0.000,0.000,0.000,0.000,0.000,0.000,0.000,0.037,0.000,0.000,0.000,0.000,0.000,0.000,1.520,0.000,0.000,0.000,0.000,0.000,0.000,0.000,3.873,0.000,0.000,5.386,0.000,0.000,0.000,0.000]
  Iter 218: LB=-33.417670  UB=14.045931  gap=3.38e+00
  Cut: intercept=-1098.853889, π_x_range=[-830.7523, 558.7882]

=== True-DRO Benders iter 219 ===
  OMP: t₀=-33.417666, UB=14.045931, gap=3.38e+00, x=[0, 0, 0, 0, 0, 0, 0, 0, 0, 0, 0, 0, 1, 0, 0, 0, 0, 0, 0, 0, 0, 0, 1, 0, 0, 0, 0, 0, 0, 0] (4.581s)
  Sub: Z₀=18.440346 [LOCAL] (0.2s), α=[0.000,0.000,0.000,0.000,0.000,0.000,0.000,0.032,0.000,0.000,0.000,0.000,0.000,0.000,1.520,0.000,0.000,0.000,0.000,0.000,0.000,0.000,3.877,0.000,0.000,5.386,0.000,0.000,0.000,0.000]
  Iter 219: LB=-33.417666  UB=14.045931  gap=3.38e+00
  Cut: intercept=-1118.357865, π_x_range=[-830.5604, 577.9137]

=== True-DRO Benders iter 220 ===
  OMP: t₀=-33.417665, UB=14.045931, gap=3.38e+00, x=[0, 0, 1, 0, 0, 0, 0, 0, 0, 0, 0, 0, 0, 0, 0, 0, 0, 0, 0, 0, 0, 0, 1, 0, 0, 0, 0, 0, 0, 0] (3.794s)
  Sub: Z₀=18.440346 [TIME_LIMIT] (15.6s), α=[0.000,0.000,0.000,0.000,0.000,0.000,0.000,0.050,0.000,0.000,0.000,0.000,0.000,0.000,1.520,0.000,0.000,0.000,0.000,0.000,0.000,0.000,3.859,0.000,0.000,5.386,0.000,0.000,0.000,0.000]
  Iter 220: LB=-33.417665  UB=14.045931  gap=3.38e+00
  Cut: intercept=-58.648151, π_x_range=[-271.0000, 39.1528]

=== True-DRO Benders iter 221 ===
  OMP: t₀=-33.417664, UB=14.045931, gap=3.38e+00, x=[0, 0, 0, 0, 0, 0, 0, 0, 0, 0, 0, 0, 0, 0, 0, 1, 0, 0, 0, 0, 0, 0, 1, 0, 0, 0, 0, 0, 0, 0] (4.255s)
  Sub: Z₀=18.440346 [LOCAL] (0.2s), α=[0.000,0.000,0.000,0.000,0.000,0.000,0.000,0.036,0.000,0.000,0.000,0.000,0.000,0.000,1.520,0.000,0.000,0.000,0.000,0.000,0.000,0.000,3.873,0.000,0.000,5.386,0.000,0.000,0.000,0.000]
  Iter 221: LB=-33.417664  UB=14.045931  gap=3.38e+00
  Cut: intercept=-1074.869937, π_x_range=[-829.9649, 558.5833]

=== True-DRO Benders iter 222 ===
  OMP: t₀=-33.417661, UB=14.045931, gap=3.38e+00, x=[0, 0, 0, 0, 0, 0, 0, 0, 0, 0, 0, 0, 0, 0, 0, 0, 1, 0, 0, 0, 0, 0, 1, 0, 0, 0, 0, 0, 0, 0] (5.159s)
  Sub: Z₀=18.440346 [LOCAL] (0.2s), α=[0.000,0.000,0.000,0.000,0.000,0.000,0.000,0.035,0.000,0.000,0.000,0.000,0.000,0.000,1.520,0.000,0.000,0.000,0.000,0.000,0.000,0.000,3.875,0.000,0.000,5.386,0.000,0.000,0.000,0.000]
  Iter 222: LB=-33.417661  UB=14.045931  gap=3.38e+00
  Cut: intercept=-1080.843965, π_x_range=[-830.5403, 558.3613]

=== True-DRO Benders iter 223 ===
  OMP: t₀=-33.417658, UB=14.045931, gap=3.38e+00, x=[0, 0, 0, 0, 0, 0, 0, 0, 0, 0, 0, 0, 0, 0, 0, 0, 0, 0, 0, 0, 1, 0, 1, 0, 0, 0, 0, 0, 0, 0] (4.506s)
  Sub: Z₀=18.440346 [LOCAL] (0.2s), α=[0.000,0.000,0.000,0.000,0.000,0.000,0.000,0.036,0.000,0.000,0.000,0.000,0.000,0.000,1.520,0.000,0.000,0.000,0.000,0.000,0.000,0.000,3.873,0.000,0.000,5.386,0.000,0.000,0.000,0.000]
  Iter 223: LB=-33.417658  UB=14.045931  gap=3.38e+00
  Cut: intercept=-1122.020178, π_x_range=[-830.5535, 583.3298]

=== True-DRO Benders iter 224 ===
  OMP: t₀=-33.417639, UB=14.045931, gap=3.38e+00, x=[0, 0, 0, 0, 0, 0, 0, 0, 0, 0, 0, 0, 0, 0, 0, 0, 0, 0, 0, 0, 0, 0, 1, 1, 0, 0, 0, 0, 0, 0] (5.984s)
  Sub: Z₀=18.440346 [LOCAL] (0.2s), α=[0.000,0.000,0.000,0.000,0.000,0.000,0.000,0.035,0.000,0.000,0.000,0.000,0.000,0.000,1.520,0.000,0.000,0.000,0.000,0.000,0.000,0.000,3.874,0.000,0.000,5.386,0.000,0.000,0.000,0.000]
  Iter 224: LB=-33.417639  UB=14.045931  gap=3.38e+00
  Cut: intercept=-1120.117894, π_x_range=[-830.5412, 579.9501]

=== True-DRO Benders iter 225 ===
  OMP: t₀=-33.417637, UB=14.045931, gap=3.38e+00, x=[0, 0, 0, 0, 0, 0, 0, 0, 0, 0, 0, 0, 0, 0, 0, 0, 0, 0, 0, 0, 0, 0, 1, 0, 0, 0, 0, 0, 0, 1] (4.291s)
  Sub: Z₀=18.440346 [TIME_LIMIT] (15.4s), α=[0.000,0.000,0.000,0.000,0.000,0.000,0.000,0.051,0.000,0.000,0.000,0.000,0.000,0.000,1.520,0.000,0.000,0.000,0.000,0.000,0.000,0.000,3.859,0.000,0.000,5.386,0.000,0.000,0.000,0.000]
  Iter 225: LB=-33.417637  UB=14.045931  gap=3.38e+00
  Cut: intercept=-36.875171, π_x_range=[-271.0000, 39.1619]

=== True-DRO Benders iter 226 ===
  OMP: t₀=-33.417627, UB=14.045931, gap=3.38e+00, x=[0, 0, 0, 0, 0, 0, 0, 0, 0, 0, 0, 0, 0, 0, 0, 0, 0, 0, 0, 0, 0, 0, 1, 0, 0, 0, 0, 0, 1, 0] (5.013s)
  Sub: Z₀=18.440346 [LOCAL] (0.2s), α=[0.000,0.000,0.000,0.000,0.000,0.000,0.000,0.036,0.000,0.000,0.000,0.000,0.000,0.000,1.520,0.000,0.000,0.000,0.000,0.000,0.000,0.000,3.874,0.000,0.000,5.386,0.000,0.000,0.000,0.000]
  Iter 226: LB=-33.417627  UB=14.045931  gap=3.38e+00
  Cut: intercept=-1076.367013, π_x_range=[-830.4415, 558.5837]

=== True-DRO Benders iter 227 ===
  OMP: t₀=-33.417595, UB=14.045931, gap=3.38e+00, x=[0, 0, 0, 0, 0, 1, 0, 0, 0, 0, 0, 0, 0, 0, 0, 0, 0, 0, 0, 0, 0, 0, 1, 0, 0, 0, 0, 0, 0, 0] (5.352s)
  Sub: Z₀=18.440346 [LOCAL] (0.2s), α=[0.000,0.000,0.000,0.000,0.000,0.000,0.000,0.036,0.000,0.000,0.000,0.000,0.000,0.000,1.520,0.000,0.000,0.000,0.000,0.000,0.000,0.000,3.874,0.000,0.000,5.386,0.000,0.000,0.000,0.000]
  Iter 227: LB=-33.417595  UB=14.045931  gap=3.38e+00
  Cut: intercept=-1108.539739, π_x_range=[-830.4755, 568.3900]

=== True-DRO Benders iter 228 ===
  OMP: t₀=-33.417567, UB=14.045931, gap=3.38e+00, x=[1, 0, 0, 0, 0, 0, 0, 0, 0, 0, 0, 0, 0, 0, 0, 0, 0, 0, 0, 0, 0, 0, 1, 0, 0, 0, 0, 0, 0, 0] (4.445s)
  Sub: Z₀=18.440346 [LOCAL] (0.2s), α=[0.000,0.000,0.000,0.000,0.000,0.000,0.000,0.036,0.000,0.000,0.000,0.000,0.000,0.000,1.520,0.000,0.000,0.000,0.000,0.000,0.000,0.000,3.874,0.000,0.000,5.386,0.000,0.000,0.000,0.000]
  Iter 228: LB=-33.417567  UB=14.045931  gap=3.38e+00
  Cut: intercept=-1100.459525, π_x_range=[-830.5393, 560.2849]

=== True-DRO Benders iter 229 ===
  OMP: t₀=-33.417567, UB=14.045931, gap=3.38e+00, x=[0, 1, 0, 0, 0, 0, 0, 0, 0, 0, 0, 0, 0, 0, 0, 0, 0, 0, 0, 0, 0, 0, 1, 0, 0, 0, 0, 0, 0, 0] (4.318s)
  Sub: Z₀=18.440346 [LOCAL] (0.2s), α=[0.000,0.000,0.000,0.000,0.000,0.000,0.000,0.036,0.000,0.000,0.000,0.000,0.000,0.000,1.520,0.000,0.000,0.000,0.000,0.000,0.000,0.000,3.874,0.000,0.000,5.386,0.000,0.000,0.000,0.000]
  Iter 229: LB=-33.417567  UB=14.045931  gap=3.38e+00
  Cut: intercept=-1092.394946, π_x_range=[-830.5400, 558.6127]

=== True-DRO Benders iter 230 ===
  OMP: t₀=-33.417542, UB=14.045931, gap=3.38e+00, x=[0, 0, 0, 0, 0, 0, 0, 0, 0, 1, 0, 0, 0, 0, 0, 0, 0, 0, 0, 0, 0, 0, 1, 0, 0, 0, 0, 0, 0, 0] (4.147s)
  Sub: Z₀=18.440346 [TIME_LIMIT] (15.4s), α=[0.000,0.000,0.000,0.000,0.000,0.000,0.000,0.062,0.000,0.000,0.000,0.000,0.000,0.000,1.520,0.000,0.000,0.000,0.000,0.000,0.000,0.000,3.847,0.000,0.000,5.386,0.000,0.000,0.000,0.000]
  Iter 230: LB=-33.417542  UB=14.045931  gap=3.38e+00
  Cut: intercept=-42.556096, π_x_range=[-271.0000, 39.1621]

=== True-DRO Benders iter 231 ===
  OMP: t₀=-33.341930, UB=14.045931, gap=3.37e+00, x=[0, 0, 0, 0, 0, 0, 0, 0, 0, 0, 0, 1, 0, 0, 1, 0, 0, 0, 0, 0, 0, 0, 0, 0, 0, 0, 0, 0, 0, 0] (5.085s)
  Sub: Z₀=19.576967 [LOCAL] (0.3s), α=[0.000,0.000,0.000,0.000,0.000,0.000,0.000,0.000,0.000,0.000,0.000,0.000,0.000,0.000,6.053,0.000,0.000,0.000,0.000,0.000,0.000,0.000,0.000,0.000,0.000,3.619,0.820,0.323,0.000,0.000]
  Iter 231: LB=-33.341930  UB=14.045931  gap=3.37e+00
  Cut: intercept=-1132.888153, π_x_range=[-831.3252, 586.6039]

=== True-DRO Benders iter 232 ===
  OMP: t₀=-33.341926, UB=14.045931, gap=3.37e+00, x=[0, 0, 0, 0, 0, 0, 0, 0, 0, 0, 0, 0, 1, 0, 1, 0, 0, 0, 0, 0, 0, 0, 0, 0, 0, 0, 0, 0, 0, 0] (4.086s)
  Sub: Z₀=19.576967 [LOCAL] (0.3s), α=[0.000,0.000,0.000,0.000,0.000,0.000,0.000,0.000,0.000,0.000,0.000,0.000,0.000,0.000,6.053,0.000,0.000,0.000,0.000,0.000,0.000,0.000,0.000,0.000,0.000,3.619,0.779,0.364,0.000,0.000]
  Iter 232: LB=-33.341926  UB=14.045931  gap=3.37e+00
  Cut: intercept=-1147.542569, π_x_range=[-831.0846, 586.5996]

=== True-DRO Benders iter 233 ===
  OMP: t₀=-33.341925, UB=14.045931, gap=3.37e+00, x=[0, 0, 1, 0, 0, 0, 0, 0, 0, 0, 0, 0, 0, 0, 1, 0, 0, 0, 0, 0, 0, 0, 0, 0, 0, 0, 0, 0, 0, 0] (4.341s)
  Sub: Z₀=19.576967 [LOCAL] (0.3s), α=[0.000,0.000,0.000,0.000,0.000,0.000,0.000,0.000,0.000,0.000,0.000,0.000,0.000,0.000,6.053,0.000,0.000,0.000,0.000,0.000,0.000,0.000,0.000,0.000,0.000,3.619,0.807,0.336,0.000,0.000]
  Iter 233: LB=-33.341925  UB=14.045931  gap=3.37e+00
  Cut: intercept=-1127.512417, π_x_range=[-828.7581, 586.5933]

=== True-DRO Benders iter 234 ===
  OMP: t₀=-33.341923, UB=14.045931, gap=3.37e+00, x=[0, 0, 0, 0, 0, 0, 0, 0, 0, 0, 0, 0, 0, 0, 1, 1, 0, 0, 0, 0, 0, 0, 0, 0, 0, 0, 0, 0, 0, 0] (4.093s)
  Sub: Z₀=19.576967 [LOCAL] (0.3s), α=[0.000,0.000,0.000,0.000,0.000,0.000,0.000,0.000,0.000,0.000,0.000,0.000,0.000,0.000,6.053,0.000,0.000,0.000,0.000,0.000,0.000,0.000,0.000,0.000,0.000,3.619,0.813,0.330,0.000,0.000]
  Iter 234: LB=-33.341923  UB=14.045931  gap=3.37e+00
  Cut: intercept=-1109.211701, π_x_range=[-830.4521, 586.6052]

=== True-DRO Benders iter 235 ===
  OMP: t₀=-33.341897, UB=14.045931, gap=3.37e+00, x=[0, 0, 0, 0, 0, 0, 0, 0, 0, 0, 0, 0, 0, 0, 1, 0, 0, 0, 0, 0, 0, 0, 0, 0, 0, 0, 0, 0, 0, 1] (4.145s)
  Sub: Z₀=19.576969 [TIME_LIMIT] (15.7s), α=[0.000,0.000,0.000,0.000,0.000,0.000,0.000,0.000,0.000,0.000,0.000,0.000,0.000,0.000,6.053,0.000,0.000,0.000,0.000,0.000,0.000,0.000,0.000,0.000,0.000,3.619,0.635,0.508,0.000,0.000]
  Iter 235: LB=-33.341897  UB=14.045931  gap=3.37e+00
  Cut: intercept=-15.670099, π_x_range=[-249.0000, 20.7868]

=== True-DRO Benders iter 236 ===
  OMP: t₀=-33.341921, UB=14.045931, gap=3.37e+00, x=[0, 0, 0, 0, 0, 0, 0, 0, 0, 0, 0, 0, 0, 0, 1, 0, 1, 0, 0, 0, 0, 0, 0, 0, 0, 0, 0, 0, 0, 0] (4.258s)
  Sub: Z₀=19.576967 [LOCAL] (0.3s), α=[0.000,0.000,0.000,0.000,0.000,0.000,0.000,0.000,0.000,0.000,0.000,0.000,0.000,0.000,6.053,0.000,0.000,0.000,0.000,0.000,0.000,0.000,0.000,0.000,0.000,3.619,0.849,0.294,0.000,0.000]
  Iter 236: LB=-33.341921  UB=14.045931  gap=3.37e+00
  Cut: intercept=-1115.554731, π_x_range=[-831.0593, 586.6037]

=== True-DRO Benders iter 237 ===
  OMP: t₀=-33.341909, UB=14.045931, gap=3.37e+00, x=[0, 0, 0, 0, 0, 0, 0, 0, 0, 0, 0, 0, 0, 0, 1, 0, 0, 0, 0, 0, 0, 0, 0, 0, 1, 0, 0, 0, 0, 0] (4.223s)
  Sub: Z₀=19.576967 [LOCAL] (0.3s), α=[0.000,0.000,0.000,0.000,0.000,0.000,0.000,0.000,0.000,0.000,0.000,0.000,0.000,0.000,6.053,0.000,0.000,0.000,0.000,0.000,0.000,0.000,0.000,0.000,0.000,3.619,0.808,0.335,0.000,0.000]
  Iter 237: LB=-33.341909  UB=14.045931  gap=3.37e+00
  Cut: intercept=-1128.806409, π_x_range=[-831.0664, 586.5306]

=== True-DRO Benders iter 238 ===
  OMP: t₀=-33.341918, UB=14.045931, gap=3.37e+00, x=[0, 0, 0, 0, 0, 0, 0, 0, 0, 0, 0, 0, 0, 0, 1, 0, 0, 0, 0, 0, 1, 0, 0, 0, 0, 0, 0, 0, 0, 0] (4.098s)
  Sub: Z₀=19.576967 [LOCAL] (0.3s), α=[0.000,0.000,0.000,0.000,0.000,0.000,0.000,0.000,0.000,0.000,0.000,0.000,0.000,0.000,6.053,0.000,0.000,0.000,0.000,0.000,0.000,0.000,0.000,0.000,0.000,3.619,0.795,0.348,0.000,0.000]
  Iter 238: LB=-33.341918  UB=14.045931  gap=3.37e+00
  Cut: intercept=-1153.395651, π_x_range=[-831.0271, 586.6171]

=== True-DRO Benders iter 239 ===
  OMP: t₀=-33.341899, UB=14.045931, gap=3.37e+00, x=[0, 0, 0, 0, 0, 0, 0, 0, 0, 0, 0, 0, 0, 0, 1, 0, 0, 0, 0, 0, 0, 0, 0, 1, 0, 0, 0, 0, 0, 0] (4.919s)
  Sub: Z₀=19.576967 [LOCAL] (0.2s), α=[0.000,0.000,0.000,0.000,0.000,0.000,0.000,0.000,0.000,0.000,0.000,0.000,0.000,0.000,6.053,0.000,0.000,0.000,0.000,0.000,0.000,0.000,0.000,0.000,0.000,3.619,0.824,0.319,0.000,0.000]
  Iter 239: LB=-33.341899  UB=14.045931  gap=3.37e+00
  Cut: intercept=-1148.835126, π_x_range=[-831.0777, 586.6046]

=== True-DRO Benders iter 240 ===
  OMP: t₀=-33.341887, UB=14.045931, gap=3.37e+00, x=[0, 0, 0, 0, 0, 0, 0, 0, 0, 0, 0, 0, 0, 0, 1, 0, 0, 0, 0, 0, 0, 0, 0, 0, 0, 0, 0, 0, 1, 0] (4.030s)
  Sub: Z₀=19.576969 [TIME_LIMIT] (15.5s), α=[0.000,0.000,0.000,0.000,0.000,0.000,0.000,0.000,0.000,0.000,0.000,0.000,0.000,0.000,6.053,0.000,0.000,0.000,0.000,0.000,0.000,0.000,0.000,0.000,0.000,3.619,0.635,0.508,0.000,0.000]
  Iter 240: LB=-33.341887  UB=14.045931  gap=3.37e+00
  Cut: intercept=-70.544095, π_x_range=[-270.0000, 75.3224]

=== True-DRO Benders iter 241 ===
  OMP: t₀=-33.341855, UB=14.045931, gap=3.37e+00, x=[0, 0, 0, 0, 0, 1, 0, 0, 0, 0, 0, 0, 0, 0, 1, 0, 0, 0, 0, 0, 0, 0, 0, 0, 0, 0, 0, 0, 0, 0] (4.063s)
  Sub: Z₀=19.576967 [LOCAL] (0.3s), α=[0.000,0.000,0.000,0.000,0.000,0.000,0.000,0.000,0.000,0.000,0.000,0.000,0.000,0.000,6.053,0.000,0.000,0.000,0.000,0.000,0.000,0.000,0.000,0.000,0.000,3.619,0.809,0.334,0.000,0.000]
  Iter 241: LB=-33.341855  UB=14.045931  gap=3.37e+00
  Cut: intercept=-1138.093242, π_x_range=[-830.9779, 585.5578]

=== True-DRO Benders iter 242 ===
  OMP: t₀=-33.341827, UB=14.045931, gap=3.37e+00, x=[1, 0, 0, 0, 0, 0, 0, 0, 0, 0, 0, 0, 0, 0, 1, 0, 0, 0, 0, 0, 0, 0, 0, 0, 0, 0, 0, 0, 0, 0] (4.100s)
  Sub: Z₀=19.576967 [LOCAL] (0.3s), α=[0.000,0.000,0.000,0.000,0.000,0.000,0.000,0.000,0.000,0.000,0.000,0.000,0.000,0.000,6.053,0.000,0.000,0.000,0.000,0.000,0.000,0.000,0.000,0.000,0.000,3.619,0.809,0.334,0.000,0.000]
  Iter 242: LB=-33.341827  UB=14.045931  gap=3.37e+00
  Cut: intercept=-1131.753302, π_x_range=[-831.0923, 586.6062]

=== True-DRO Benders iter 243 ===
  OMP: t₀=-33.341827, UB=14.045931, gap=3.37e+00, x=[0, 1, 0, 0, 0, 0, 0, 0, 0, 0, 0, 0, 0, 0, 1, 0, 0, 0, 0, 0, 0, 0, 0, 0, 0, 0, 0, 0, 0, 0] (4.068s)
  Sub: Z₀=19.576967 [LOCAL] (0.3s), α=[0.000,0.000,0.000,0.000,0.000,0.000,0.000,0.000,0.000,0.000,0.000,0.000,0.000,0.000,6.053,0.000,0.000,0.000,0.000,0.000,0.000,0.000,0.000,0.000,0.000,3.619,0.809,0.334,0.000,0.000]
  Iter 243: LB=-33.341827  UB=14.045931  gap=3.37e+00
  Cut: intercept=-1125.089903, π_x_range=[-831.0903, 586.6051]

=== True-DRO Benders iter 244 ===
  OMP: t₀=-33.341802, UB=14.045931, gap=3.37e+00, x=[0, 0, 0, 0, 0, 0, 0, 0, 0, 1, 0, 0, 0, 0, 1, 0, 0, 0, 0, 0, 0, 0, 0, 0, 0, 0, 0, 0, 0, 0] (3.991s)
  Sub: Z₀=19.576967 [LOCAL] (0.3s), α=[0.000,0.000,0.000,0.000,0.000,0.000,0.000,0.000,0.000,0.000,0.000,0.000,0.000,0.000,6.053,0.000,0.000,0.000,0.000,0.000,0.000,0.000,0.000,0.000,0.000,3.619,0.796,0.347,0.000,0.000]
  Iter 244: LB=-33.341802  UB=14.045931  gap=3.37e+00
  Cut: intercept=-1149.499448, π_x_range=[-831.0864, 586.5950]

=== True-DRO Benders iter 245 ===
  OMP: t₀=-32.407648, UB=14.045931, gap=3.31e+00, x=[0, 0, 0, 0, 0, 0, 1, 0, 0, 0, 0, 0, 0, 0, 0, 0, 0, 0, 0, 0, 0, 1, 0, 0, 0, 0, 0, 0, 0, 0] (4.525s)
  Sub: Z₀=18.752389 [TIME_LIMIT] (15.5s), α=[0.000,0.000,0.000,0.000,0.065,0.000,2.724,0.000,0.000,0.000,0.000,0.000,0.000,0.000,0.307,0.000,0.000,0.000,0.000,0.000,0.000,0.000,0.000,0.000,0.000,7.062,0.657,0.000,0.000,0.000]
  Iter 245: LB=-32.407648  UB=14.045931  gap=3.31e+00
  Cut: intercept=-37.956136, π_x_range=[-294.0000, 35.3118]

=== True-DRO Benders iter 246 ===
  OMP: t₀=-31.664582, UB=14.045931, gap=3.25e+00, x=[0, 0, 0, 0, 0, 0, 0, 0, 0, 0, 0, 0, 0, 0, 0, 0, 0, 0, 0, 0, 0, 0, 0, 0, 0, 1, 0, 1, 0, 0] (5.696s)
  Sub: Z₀=13.848777 [LOCAL] (1.2s), α=[0.000,0.000,0.000,0.000,0.000,0.000,0.000,0.000,0.000,0.000,0.000,0.000,0.000,0.000,0.000,0.000,0.000,0.000,0.000,0.000,0.000,0.000,0.000,0.000,0.000,7.747,0.067,3.001,0.000,0.000]
  Iter 246: LB=-31.664582  UB=14.045931  gap=3.25e+00
  Cut: intercept=-1128.671373, π_x_range=[-828.7683, 578.6689]

=== True-DRO Benders iter 247 ===
  OMP: t₀=-30.656145, UB=14.045931, gap=3.18e+00, x=[0, 0, 0, 1, 0, 0, 1, 0, 0, 0, 0, 0, 0, 0, 0, 0, 0, 0, 0, 0, 0, 0, 0, 0, 0, 0, 0, 0, 0, 0] (5.052s)
  Sub: Z₀=18.752388 [LOCAL] (0.3s), α=[0.000,0.000,0.000,0.000,0.360,0.000,2.429,0.000,0.000,0.000,0.000,0.000,0.000,0.000,0.012,0.000,0.000,0.000,0.000,0.000,0.000,0.000,0.000,0.000,0.000,7.357,0.412,0.245,0.000,0.000]
  Iter 247: LB=-30.656145  UB=14.045931  gap=3.18e+00
  Cut: intercept=-1128.833449, π_x_range=[-831.7459, 584.1566]

=== True-DRO Benders iter 248 ===
  OMP: t₀=-27.945381, UB=14.045931, gap=2.99e+00, x=[0, 0, 0, 0, 0, 0, 1, 0, 1, 0, 0, 0, 0, 0, 0, 0, 0, 0, 0, 0, 0, 0, 0, 0, 0, 0, 0, 0, 0, 0] (4.345s)
  Sub: Z₀=18.752388 [LOCAL] (0.3s), α=[0.000,0.000,0.000,0.000,0.042,0.000,2.747,0.000,0.000,0.000,0.000,0.000,0.000,0.000,0.329,0.000,0.000,0.000,0.000,0.000,0.000,0.000,0.000,0.000,0.000,7.039,0.205,0.452,0.000,0.000]
  Iter 248: LB=-27.945381  UB=14.045931  gap=2.99e+00
  Cut: intercept=-1148.073540, π_x_range=[-832.9601, 584.0860]

=== True-DRO Benders iter 249 ===
  OMP: t₀=-27.565018, UB=14.045931, gap=2.96e+00, x=[0, 0, 0, 0, 0, 0, 1, 0, 0, 0, 0, 0, 0, 1, 0, 0, 0, 0, 0, 0, 0, 0, 0, 0, 0, 0, 0, 0, 0, 0] (4.574s)
  Sub: Z₀=18.752388 [LOCAL] (0.3s), α=[0.000,0.000,0.000,0.000,0.040,0.000,2.750,0.000,0.000,0.000,0.000,0.000,0.000,0.000,0.332,0.000,0.000,0.000,0.000,0.000,0.000,0.000,0.000,0.000,0.000,7.036,0.404,0.253,0.000,0.000]
  Iter 249: LB=-27.565018  UB=14.045931  gap=2.96e+00
  Cut: intercept=-1152.188756, π_x_range=[-833.7860, 586.8445]

=== True-DRO Benders iter 250 ===
  OMP: t₀=-27.311478, UB=14.045931, gap=2.94e+00, x=[0, 0, 0, 0, 0, 0, 1, 0, 0, 0, 0, 1, 0, 0, 0, 0, 0, 0, 0, 0, 0, 0, 0, 0, 0, 0, 0, 0, 0, 0] (4.581s)
  Sub: Z₀=18.752389 [TIME_LIMIT] (15.6s), α=[0.000,0.000,0.000,0.000,0.067,0.000,2.723,0.000,0.000,0.000,0.000,0.000,0.000,0.000,0.305,0.000,0.000,0.000,0.000,0.000,0.000,0.000,0.000,0.000,0.000,7.063,0.346,0.312,0.000,0.000]
  Iter 250: LB=-27.311478  UB=14.045931  gap=2.94e+00
  Cut: intercept=-52.189720, π_x_range=[-294.0000, 49.5517]

=== True-DRO Benders iter 251 ===
  OMP: t₀=-27.311474, UB=14.045931, gap=2.94e+00, x=[0, 0, 0, 0, 0, 0, 1, 0, 0, 0, 0, 0, 1, 0, 0, 0, 0, 0, 0, 0, 0, 0, 0, 0, 0, 0, 0, 0, 0, 0] (4.522s)
  Sub: Z₀=18.752388 [LOCAL] (0.3s), α=[0.000,0.000,0.000,0.000,0.043,0.000,2.747,0.000,0.000,0.000,0.000,0.000,0.000,0.000,0.329,0.000,0.000,0.000,0.000,0.000,0.000,0.000,0.000,0.000,0.000,7.039,0.393,0.264,0.000,0.000]
  Iter 251: LB=-27.311474  UB=14.045931  gap=2.94e+00
  Cut: intercept=-1143.962349, π_x_range=[-833.0029, 584.0885]

=== True-DRO Benders iter 252 ===
  OMP: t₀=-27.311473, UB=14.045931, gap=2.94e+00, x=[0, 0, 1, 0, 0, 0, 1, 0, 0, 0, 0, 0, 0, 0, 0, 0, 0, 0, 0, 0, 0, 0, 0, 0, 0, 0, 0, 0, 0, 0] (5.099s)
  Sub: Z₀=18.752388 [LOCAL] (0.3s), α=[0.000,0.000,0.000,0.000,0.044,0.000,2.745,0.000,0.000,0.000,0.000,0.000,0.000,0.000,0.328,0.000,0.000,0.000,0.000,0.000,0.000,0.000,0.000,0.000,0.000,7.041,0.407,0.251,0.000,0.000]
  Iter 252: LB=-27.311473  UB=14.045931  gap=2.94e+00
  Cut: intercept=-1122.408654, π_x_range=[-830.8037, 584.0850]

=== True-DRO Benders iter 253 ===
  OMP: t₀=-27.311472, UB=14.045931, gap=2.94e+00, x=[0, 0, 0, 0, 0, 0, 1, 0, 0, 0, 0, 0, 0, 0, 0, 1, 0, 0, 0, 0, 0, 0, 0, 0, 0, 0, 0, 0, 0, 0] (4.514s)
  Sub: Z₀=18.752388 [LOCAL] (0.3s), α=[0.000,0.000,0.000,0.000,0.038,0.000,2.752,0.000,0.000,0.000,0.000,0.000,0.000,0.000,0.334,0.000,0.000,0.000,0.000,0.000,0.000,0.000,0.000,0.000,0.000,7.034,0.410,0.247,0.000,0.000]
  Iter 253: LB=-27.311472  UB=14.045931  gap=2.94e+00
  Cut: intercept=-1104.028100, π_x_range=[-832.3620, 584.0803]

=== True-DRO Benders iter 254 ===
  OMP: t₀=-27.311469, UB=14.045931, gap=2.94e+00, x=[0, 0, 0, 0, 0, 0, 1, 0, 0, 0, 0, 0, 0, 0, 0, 0, 1, 0, 0, 0, 0, 0, 0, 0, 0, 0, 0, 0, 0, 0] (5.238s)
  Sub: Z₀=18.752388 [LOCAL] (0.3s), α=[0.000,0.000,0.000,0.000,0.042,0.000,2.747,0.000,0.000,0.000,0.000,0.000,0.000,0.000,0.329,0.000,0.000,0.000,0.000,0.000,0.000,0.000,0.000,0.000,0.000,7.039,0.428,0.229,0.000,0.000]
  Iter 254: LB=-27.311469  UB=14.045931  gap=2.94e+00
  Cut: intercept=-1109.918018, π_x_range=[-832.9946, 584.0805]

=== True-DRO Benders iter 255 ===
  OMP: t₀=-27.311466, UB=14.045931, gap=2.94e+00, x=[0, 0, 0, 0, 0, 0, 1, 0, 0, 0, 0, 0, 0, 0, 0, 0, 0, 0, 0, 0, 1, 0, 0, 0, 0, 0, 0, 0, 0, 0] (4.338s)
  Sub: Z₀=18.752389 [TIME_LIMIT] (15.6s), α=[0.000,0.000,0.000,0.000,0.064,0.000,2.725,0.000,0.000,0.000,0.000,0.000,0.000,0.000,0.307,0.000,0.000,0.000,0.000,0.000,0.000,0.000,0.000,0.000,0.000,7.061,0.326,0.332,0.000,0.000]
  Iter 255: LB=-27.311466  UB=14.045931  gap=2.94e+00
  Cut: intercept=-21.606397, π_x_range=[-294.0000, 21.4548]

=== True-DRO Benders iter 256 ===
  OMP: t₀=-27.311457, UB=14.045931, gap=2.94e+00, x=[0, 0, 0, 0, 0, 0, 1, 0, 0, 0, 0, 0, 0, 0, 0, 0, 0, 0, 0, 0, 0, 0, 0, 0, 1, 0, 0, 0, 0, 0] (5.162s)
  Sub: Z₀=18.752388 [LOCAL] (0.2s), α=[0.000,0.000,0.000,0.000,0.042,0.000,2.747,0.000,0.000,0.000,0.000,0.000,0.000,0.000,0.329,0.000,0.000,0.000,0.000,0.000,0.000,0.000,0.000,0.000,0.000,7.039,0.407,0.250,0.000,0.000]
  Iter 256: LB=-27.311457  UB=14.045931  gap=2.94e+00
  Cut: intercept=-1120.747603, π_x_range=[-832.9803, 584.0708]

=== True-DRO Benders iter 257 ===
  OMP: t₀=-27.311447, UB=14.045931, gap=2.94e+00, x=[0, 0, 0, 0, 0, 0, 1, 0, 0, 0, 0, 0, 0, 0, 0, 0, 0, 0, 0, 0, 0, 0, 0, 1, 0, 0, 0, 0, 0, 0] (6.141s)
  Sub: Z₀=18.752388 [LOCAL] (0.3s), α=[0.000,0.000,0.000,0.000,0.043,0.000,2.747,0.000,0.000,0.000,0.000,0.000,0.000,0.000,0.329,0.000,0.000,0.000,0.000,0.000,0.000,0.000,0.000,0.000,0.000,7.039,0.414,0.243,0.000,0.000]
  Iter 257: LB=-27.311447  UB=14.045931  gap=2.94e+00
  Cut: intercept=-1144.649421, π_x_range=[-832.9667, 584.0897]

=== True-DRO Benders iter 258 ===
  OMP: t₀=-27.311445, UB=14.045931, gap=2.94e+00, x=[0, 0, 0, 0, 0, 0, 1, 0, 0, 0, 0, 0, 0, 0, 0, 0, 0, 0, 0, 0, 0, 0, 0, 0, 0, 0, 0, 0, 0, 1] (4.381s)
  Sub: Z₀=18.752388 [LOCAL] (0.3s), α=[0.000,0.000,0.000,0.000,0.043,0.000,2.747,0.000,0.000,0.000,0.000,0.000,0.000,0.000,0.329,0.000,0.000,0.000,0.000,0.000,0.000,0.000,0.000,0.000,0.000,7.039,0.408,0.249,0.000,0.000]
  Iter 258: LB=-27.311445  UB=14.045931  gap=2.94e+00
  Cut: intercept=-1153.964416, π_x_range=[-833.0224, 588.6273]

=== True-DRO Benders iter 259 ===
  OMP: t₀=-27.311435, UB=14.045931, gap=2.94e+00, x=[0, 0, 0, 0, 0, 0, 1, 0, 0, 0, 0, 0, 0, 0, 0, 0, 0, 0, 0, 0, 0, 0, 0, 0, 0, 0, 0, 0, 1, 0] (5.478s)
  Sub: Z₀=18.752388 [LOCAL] (0.2s), α=[0.000,0.000,0.000,0.000,0.040,0.000,2.749,0.000,0.000,0.000,0.000,0.000,0.000,0.000,0.331,0.000,0.000,0.000,0.000,0.000,0.000,0.000,0.000,0.000,0.000,7.037,0.408,0.249,0.000,0.000]
  Iter 259: LB=-27.311435  UB=14.045931  gap=2.94e+00
  Cut: intercept=-1102.891678, π_x_range=[-832.8832, 583.6609]

=== True-DRO Benders iter 260 ===
  OMP: t₀=-27.311403, UB=14.045931, gap=2.94e+00, x=[0, 0, 0, 0, 0, 1, 1, 0, 0, 0, 0, 0, 0, 0, 0, 0, 0, 0, 0, 0, 0, 0, 0, 0, 0, 0, 0, 0, 0, 0] (4.834s)
  Sub: Z₀=18.752389 [TIME_LIMIT] (15.6s), α=[0.000,0.000,0.000,0.000,0.064,0.000,2.725,0.000,0.000,0.000,0.000,0.000,0.000,0.000,0.308,0.000,0.000,0.000,0.000,0.000,0.000,0.000,0.000,0.000,0.000,7.061,0.336,0.321,0.000,0.000]
  Iter 260: LB=-27.311403  UB=14.045931  gap=2.94e+00
  Cut: intercept=-33.563717, π_x_range=[-294.0000, 30.9554]

=== True-DRO Benders iter 261 ===
  OMP: t₀=-27.311375, UB=14.045931, gap=2.94e+00, x=[0, 1, 0, 0, 0, 0, 1, 0, 0, 0, 0, 0, 0, 0, 0, 0, 0, 0, 0, 0, 0, 0, 0, 0, 0, 0, 0, 0, 0, 0] (4.279s)
  Sub: Z₀=18.752388 [LOCAL] (0.3s), α=[0.000,0.000,0.000,0.000,0.043,0.000,2.747,0.000,0.000,0.000,0.000,0.000,0.000,0.000,0.329,0.000,0.000,0.000,0.000,0.000,0.000,0.000,0.000,0.000,0.000,7.039,0.408,0.249,0.000,0.000]
  Iter 261: LB=-27.311375  UB=14.045931  gap=2.94e+00
  Cut: intercept=-1120.373417, π_x_range=[-832.9953, 584.0857]

=== True-DRO Benders iter 262 ===
  OMP: t₀=-27.311375, UB=14.045931, gap=2.94e+00, x=[1, 0, 0, 0, 0, 0, 1, 0, 0, 0, 0, 0, 0, 0, 0, 0, 0, 0, 0, 0, 0, 0, 0, 0, 0, 0, 0, 0, 0, 0] (6.007s)
  Sub: Z₀=18.752388 [LOCAL] (0.3s), α=[0.000,0.000,0.000,0.000,0.043,0.000,2.747,0.000,0.000,0.000,0.000,0.000,0.000,0.000,0.329,0.000,0.000,0.000,0.000,0.000,0.000,0.000,0.000,0.000,0.000,7.039,0.408,0.249,0.000,0.000]
  Iter 262: LB=-27.311375  UB=14.045931  gap=2.94e+00
  Cut: intercept=-1126.696320, π_x_range=[-832.9924, 584.0861]

=== True-DRO Benders iter 263 ===
  OMP: t₀=-27.311350, UB=14.045931, gap=2.94e+00, x=[0, 0, 0, 0, 0, 0, 1, 0, 0, 1, 0, 0, 0, 0, 0, 0, 0, 0, 0, 0, 0, 0, 0, 0, 0, 0, 0, 0, 0, 0] (4.894s)
  Sub: Z₀=18.752388 [LOCAL] (0.3s), α=[0.000,0.000,0.000,0.000,0.043,0.000,2.747,0.000,0.000,0.000,0.000,0.000,0.000,0.000,0.329,0.000,0.000,0.000,0.000,0.000,0.000,0.000,0.000,0.000,0.000,7.039,0.401,0.256,0.000,0.000]
  Iter 263: LB=-27.311350  UB=14.045931  gap=2.94e+00
  Cut: intercept=-1144.797669, π_x_range=[-832.9925, 584.0733]

=== True-DRO Benders iter 264 ===
  OMP: t₀=-26.675761, UB=14.045931, gap=2.90e+00, x=[0, 0, 0, 0, 0, 0, 0, 0, 0, 0, 0, 0, 0, 0, 0, 0, 0, 0, 0, 1, 0, 0, 0, 0, 0, 1, 0, 0, 0, 0] (5.763s)
  Sub: Z₀=14.387670 [LOCAL] (0.2s), α=[0.000,0.000,0.000,0.000,0.000,0.000,0.000,0.000,0.000,0.000,0.000,0.000,0.000,0.000,0.175,0.000,0.000,0.000,0.000,0.000,0.000,0.000,0.000,0.000,0.000,10.640,0.000,0.000,0.000,0.000]
  Iter 264: LB=-26.675761  UB=14.045931  gap=2.90e+00
  Cut: intercept=-1131.918674, π_x_range=[-829.5110, 578.3670]

=== True-DRO Benders iter 265 ===
  OMP: t₀=-19.419730, UB=14.045931, gap=2.38e+00, x=[0, 0, 0, 1, 0, 0, 0, 0, 0, 0, 0, 0, 0, 0, 0, 0, 0, 0, 0, 0, 0, 1, 0, 0, 0, 0, 0, 0, 0, 0] (4.198s)
  Sub: Z₀=20.826758 [TIME_LIMIT] (15.4s), α=[0.000,0.000,0.000,0.000,0.000,0.000,0.000,0.000,0.000,0.000,0.000,0.000,0.000,0.000,2.095,0.000,0.000,0.000,0.000,0.000,0.000,0.000,0.000,0.000,0.000,6.997,1.723,0.000,0.000,0.000]
  Iter 265: LB=-19.419730  UB=14.045931  gap=2.38e+00
  Cut: intercept=-51.413814, π_x_range=[-271.0000, 39.3262]

=== True-DRO Benders iter 266 ===
  OMP: t₀=-16.708966, UB=14.045931, gap=2.19e+00, x=[0, 0, 0, 0, 0, 0, 0, 0, 1, 0, 0, 0, 0, 0, 0, 0, 0, 0, 0, 0, 0, 1, 0, 0, 0, 0, 0, 0, 0, 0] (4.291s)
  Sub: Z₀=20.826758 [LOCAL] (0.4s), α=[0.000,0.000,0.000,0.000,0.000,0.000,0.000,0.000,0.000,0.000,0.000,0.000,0.000,0.000,2.095,0.000,0.000,0.000,0.000,0.000,0.000,0.000,0.000,0.000,0.000,6.997,1.723,0.000,0.000,0.000]
  Iter 266: LB=-16.708966  UB=14.045931  gap=2.19e+00
  Cut: intercept=-1122.138319, π_x_range=[-832.6428, 584.5093]

=== True-DRO Benders iter 267 ===
  OMP: t₀=-16.373160, UB=14.045931, gap=2.17e+00, x=[0, 0, 0, 0, 0, 0, 0, 0, 0, 0, 0, 0, 0, 0, 0, 0, 0, 0, 1, 0, 0, 0, 0, 0, 0, 0, 0, 0, 0, 0] (4.751s)
  Sub: Z₀=19.554453 [LOCAL] (0.3s), α=[0.000,0.000,0.000,0.000,0.000,0.000,0.000,0.000,0.000,0.000,0.000,0.000,0.000,0.000,3.155,0.000,0.000,0.000,0.000,0.000,0.000,0.000,0.000,0.000,0.000,7.660,0.000,0.000,0.000,0.000]
  Iter 267: LB=-16.373160  UB=14.045931  gap=2.17e+00
  Cut: intercept=-525.743628, π_x_range=[-834.8516, 545.2981]

=== True-DRO Benders iter 268 ===
  OMP: t₀=-16.328603, UB=14.045931, gap=2.16e+00, x=[0, 0, 0, 0, 0, 0, 0, 0, 0, 0, 0, 0, 0, 1, 0, 0, 0, 0, 0, 0, 0, 1, 0, 0, 0, 0, 0, 0, 0, 0] (4.255s)
  Sub: Z₀=20.826758 [LOCAL] (0.3s), α=[0.000,0.000,0.000,0.000,0.000,0.000,0.000,0.000,0.000,0.000,0.000,0.000,0.000,0.000,2.095,0.000,0.000,0.000,0.000,0.000,0.000,0.000,0.000,0.000,0.000,6.997,1.723,0.000,0.000,0.000]
  Iter 268: LB=-16.328603  UB=14.045931  gap=2.16e+00
  Cut: intercept=-1125.748390, π_x_range=[-833.3345, 588.1784]

=== True-DRO Benders iter 269 ===
  OMP: t₀=-16.075063, UB=14.045931, gap=2.14e+00, x=[0, 0, 0, 0, 0, 0, 0, 0, 0, 0, 0, 1, 0, 0, 0, 0, 0, 0, 0, 0, 0, 1, 0, 0, 0, 0, 0, 0, 0, 0] (5.284s)
  Sub: Z₀=20.826758 [LOCAL] (0.2s), α=[0.000,0.000,0.000,0.000,0.000,0.000,0.000,0.000,0.000,0.000,0.000,0.000,0.000,0.000,2.387,0.000,0.000,0.000,0.000,0.000,0.000,0.000,0.000,0.000,0.000,6.412,2.016,0.000,0.000,0.000]
  Iter 269: LB=-16.075063  UB=14.045931  gap=2.14e+00
  Cut: intercept=-1103.570103, π_x_range=[-832.4823, 564.1073]

=== True-DRO Benders iter 270 ===
  OMP: t₀=-16.075059, UB=14.045931, gap=2.14e+00, x=[0, 0, 0, 0, 0, 0, 0, 0, 0, 0, 0, 0, 1, 0, 0, 0, 0, 0, 0, 0, 0, 1, 0, 0, 0, 0, 0, 0, 0, 0] (4.174s)
  Sub: Z₀=20.826758 [TIME_LIMIT] (15.6s), α=[0.000,0.000,0.000,0.000,0.000,0.000,0.000,0.000,0.000,0.000,0.000,0.000,0.000,0.000,2.095,0.000,0.000,0.000,0.000,0.000,0.000,0.000,0.000,0.000,0.000,6.997,1.723,0.000,0.000,0.000]
  Iter 270: LB=-16.075059  UB=14.045931  gap=2.14e+00
  Cut: intercept=-39.750478, π_x_range=[-271.0000, 39.2882]

=== True-DRO Benders iter 271 ===
  OMP: t₀=-16.075058, UB=14.045931, gap=2.14e+00, x=[0, 0, 1, 0, 0, 0, 0, 0, 0, 0, 0, 0, 0, 0, 0, 0, 0, 0, 0, 0, 0, 1, 0, 0, 0, 0, 0, 0, 0, 0] (3.918s)
  Sub: Z₀=20.826758 [LOCAL] (0.2s), α=[0.000,0.000,0.000,0.000,0.000,0.000,0.000,0.000,0.000,0.000,0.000,0.000,0.000,0.000,2.391,0.000,0.000,0.000,0.000,0.000,0.000,0.000,0.000,0.000,0.000,6.404,2.020,0.000,0.000,0.000]
  Iter 271: LB=-16.075058  UB=14.045931  gap=2.14e+00
  Cut: intercept=-1096.502890, π_x_range=[-830.0698, 560.2312]

=== True-DRO Benders iter 272 ===
  OMP: t₀=-16.075057, UB=14.045931, gap=2.14e+00, x=[0, 0, 0, 0, 0, 0, 0, 0, 0, 0, 0, 0, 0, 0, 0, 1, 0, 0, 0, 0, 0, 1, 0, 0, 0, 0, 0, 0, 0, 0] (5.401s)
  Sub: Z₀=20.826758 [LOCAL] (0.2s), α=[0.000,0.000,0.000,0.000,0.000,0.000,0.000,0.000,0.000,0.000,0.000,0.000,0.000,0.000,2.395,0.000,0.000,0.000,0.000,0.000,0.000,0.000,0.000,0.000,0.000,6.396,2.024,0.000,0.000,0.000]
  Iter 272: LB=-16.075057  UB=14.045931  gap=2.14e+00
  Cut: intercept=-1079.453144, π_x_range=[-831.6654, 560.2381]

=== True-DRO Benders iter 273 ===
  OMP: t₀=-16.075054, UB=14.045931, gap=2.14e+00, x=[0, 0, 0, 0, 0, 0, 0, 0, 0, 0, 0, 0, 0, 0, 0, 0, 1, 0, 0, 0, 0, 1, 0, 0, 0, 0, 0, 0, 0, 0] (5.367s)
  Sub: Z₀=20.826758 [LOCAL] (0.2s), α=[0.000,0.000,0.000,0.000,0.000,0.000,0.000,0.000,0.000,0.000,0.000,0.000,0.000,0.000,2.394,0.000,0.000,0.000,0.000,0.000,0.000,0.000,0.000,0.000,0.000,6.397,2.023,0.000,0.000,0.000]
  Iter 273: LB=-16.075054  UB=14.045931  gap=2.14e+00
  Cut: intercept=-1085.249999, π_x_range=[-832.2530, 560.4479]

=== True-DRO Benders iter 274 ===
  OMP: t₀=-16.075051, UB=14.045931, gap=2.14e+00, x=[0, 0, 0, 0, 0, 0, 0, 0, 0, 0, 0, 0, 0, 0, 0, 0, 0, 0, 0, 0, 1, 1, 0, 0, 0, 0, 0, 0, 0, 0] (6.410s)
  Sub: Z₀=20.826758 [LOCAL] (0.2s), α=[0.000,0.000,0.000,0.000,0.000,0.000,0.000,0.000,0.000,0.000,0.000,0.000,0.000,0.000,2.095,0.000,0.000,0.000,0.000,0.000,0.000,0.000,0.000,0.000,0.000,6.997,1.723,0.000,0.000,0.000]
  Iter 274: LB=-16.075051  UB=14.045931  gap=2.14e+00
  Cut: intercept=-1122.575460, π_x_range=[-832.6082, 584.9069]

=== True-DRO Benders iter 275 ===
  OMP: t₀=-16.075042, UB=14.045931, gap=2.14e+00, x=[0, 0, 0, 0, 0, 0, 0, 0, 0, 0, 0, 0, 0, 0, 0, 0, 0, 0, 0, 0, 0, 1, 0, 0, 1, 0, 0, 0, 0, 0] (5.088s)
  Sub: Z₀=20.826758 [TIME_LIMIT] (15.5s), α=[0.000,0.000,0.000,0.000,0.000,0.000,0.000,0.000,0.000,0.000,0.000,0.000,0.000,0.000,2.095,0.000,0.000,0.000,0.000,0.000,0.000,0.000,0.000,0.000,0.000,6.997,1.723,0.000,0.000,0.000]
  Iter 275: LB=-16.075042  UB=14.045931  gap=2.14e+00
  Cut: intercept=-66.429074, π_x_range=[-271.0000, 47.7984]

=== True-DRO Benders iter 276 ===
  OMP: t₀=-16.075032, UB=14.045931, gap=2.14e+00, x=[0, 0, 0, 0, 0, 0, 0, 0, 0, 0, 0, 0, 0, 0, 0, 0, 0, 0, 0, 0, 0, 1, 0, 1, 0, 0, 0, 0, 0, 0] (4.048s)
  Sub: Z₀=20.826758 [LOCAL] (0.3s), α=[0.000,0.000,0.000,0.000,0.000,0.000,0.000,0.000,0.000,0.000,0.000,0.000,0.000,0.000,2.095,0.000,0.000,0.000,0.000,0.000,0.000,0.000,0.000,0.000,0.000,6.997,1.723,0.000,0.000,0.000]
  Iter 276: LB=-16.075032  UB=14.045931  gap=2.14e+00
  Cut: intercept=-1118.352625, π_x_range=[-832.6279, 580.7549]

=== True-DRO Benders iter 277 ===
  OMP: t₀=-16.075030, UB=14.045931, gap=2.14e+00, x=[0, 0, 0, 0, 0, 0, 0, 0, 0, 0, 0, 0, 0, 0, 0, 0, 0, 0, 0, 0, 0, 1, 0, 0, 0, 0, 0, 0, 0, 1] (5.080s)
  Sub: Z₀=20.826758 [LOCAL] (0.2s), α=[0.000,0.000,0.000,0.000,0.000,0.000,0.000,0.000,0.000,0.000,0.000,0.000,0.000,0.000,2.400,0.000,0.000,0.000,0.000,0.000,0.000,0.000,0.000,0.000,0.000,6.386,2.029,0.000,0.000,0.000]
  Iter 277: LB=-16.075030  UB=14.045931  gap=2.14e+00
  Cut: intercept=-1128.164446, π_x_range=[-832.2977, 588.6181]

=== True-DRO Benders iter 278 ===
  OMP: t₀=-16.074988, UB=14.045931, gap=2.14e+00, x=[0, 0, 0, 0, 0, 1, 0, 0, 0, 0, 0, 0, 0, 0, 0, 0, 0, 0, 0, 0, 0, 1, 0, 0, 0, 0, 0, 0, 0, 0] (6.209s)
  Sub: Z₀=20.826758 [LOCAL] (0.3s), α=[0.000,0.000,0.000,0.000,0.000,0.000,0.000,0.000,0.000,0.000,0.000,0.000,0.000,0.000,2.095,0.000,0.000,0.000,0.000,0.000,0.000,0.000,0.000,0.000,0.000,6.997,1.723,0.000,0.000,0.000]
  Iter 278: LB=-16.074988  UB=14.045931  gap=2.14e+00
  Cut: intercept=-1107.411636, π_x_range=[-832.5037, 569.8760]

=== True-DRO Benders iter 279 ===
  OMP: t₀=-16.074960, UB=14.045931, gap=2.14e+00, x=[0, 1, 0, 0, 0, 0, 0, 0, 0, 0, 0, 0, 0, 0, 0, 0, 0, 0, 0, 0, 0, 1, 0, 0, 0, 0, 0, 0, 0, 0] (5.414s)
  Sub: Z₀=20.826758 [LOCAL] (0.2s), α=[0.000,0.000,0.000,0.000,0.000,0.000,0.000,0.000,0.000,0.000,0.000,0.000,0.000,0.000,2.390,0.000,0.000,0.000,0.000,0.000,0.000,0.000,0.000,0.000,0.000,6.405,2.019,0.000,0.000,0.000]
  Iter 279: LB=-16.074960  UB=14.045931  gap=2.14e+00
  Cut: intercept=-1097.715584, π_x_range=[-832.2805, 560.3114]

=== True-DRO Benders iter 280 ===
  OMP: t₀=-16.074960, UB=14.045931, gap=2.14e+00, x=[1, 0, 0, 0, 0, 0, 0, 0, 0, 0, 0, 0, 0, 0, 0, 0, 0, 0, 0, 0, 0, 1, 0, 0, 0, 0, 0, 0, 0, 0] (4.796s)
  Sub: Z₀=20.826758 [TIME_LIMIT] (15.4s), α=[0.000,0.000,0.000,0.000,0.000,0.000,0.000,0.000,0.000,0.000,0.000,0.000,0.000,0.000,2.095,0.000,0.000,0.000,0.000,0.000,0.000,0.000,0.000,0.000,0.000,6.997,1.723,0.000,0.000,0.000]
  Iter 280: LB=-16.074960  UB=14.045931  gap=2.14e+00
  Cut: intercept=-18.442234, π_x_range=[-271.0000, 39.2690]

=== True-DRO Benders iter 281 ===
  OMP: t₀=-16.074935, UB=14.045931, gap=2.14e+00, x=[0, 0, 0, 0, 0, 0, 0, 0, 0, 1, 0, 0, 0, 0, 0, 0, 0, 0, 0, 0, 0, 1, 0, 0, 0, 0, 0, 0, 0, 0] (5.671s)
  Sub: Z₀=20.826758 [LOCAL] (0.4s), α=[0.000,0.000,0.000,0.000,0.000,0.000,0.000,0.000,0.000,0.000,0.000,0.000,0.000,0.000,2.095,0.000,0.000,0.000,0.000,0.000,0.000,0.000,0.000,0.000,0.000,6.997,1.723,0.000,0.000,0.000]
  Iter 281: LB=-16.074935  UB=14.045931  gap=2.14e+00
  Cut: intercept=-1118.090735, π_x_range=[-832.6798, 580.6076]

=== True-DRO Benders iter 282 ===
  OMP: t₀=-14.957463, UB=14.045931, gap=2.06e+00, x=[0, 0, 0, 1, 0, 0, 0, 0, 1, 0, 0, 0, 0, 0, 0, 0, 0, 0, 0, 0, 0, 0, 0, 0, 0, 0, 0, 0, 0, 0] (5.439s)
  Sub: Z₀=20.826758 [LOCAL] (0.4s), α=[0.000,0.000,0.000,0.000,0.000,0.000,0.000,0.000,0.000,0.000,0.000,0.000,0.000,0.000,2.095,0.000,0.000,0.000,0.000,0.000,0.000,0.000,0.000,0.000,0.000,6.997,0.589,1.134,0.000,0.000]
  Iter 282: LB=-14.957463  UB=14.045931  gap=2.06e+00
  Cut: intercept=-1127.808063, π_x_range=[-830.9793, 584.4992]

=== True-DRO Benders iter 283 ===
  OMP: t₀=-14.577100, UB=14.045931, gap=2.04e+00, x=[0, 0, 0, 1, 0, 0, 0, 0, 0, 0, 0, 0, 0, 1, 0, 0, 0, 0, 0, 0, 0, 0, 0, 0, 0, 0, 0, 0, 0, 0] (4.356s)
  Sub: Z₀=20.826758 [LOCAL] (0.3s), α=[0.000,0.000,0.000,0.000,0.000,0.000,0.000,0.000,0.000,0.000,0.000,0.000,0.000,0.000,2.095,0.000,0.000,0.000,0.000,0.000,0.000,0.000,0.000,0.000,0.000,6.997,1.249,0.474,0.000,0.000]
  Iter 283: LB=-14.577100  UB=14.045931  gap=2.04e+00
  Cut: intercept=-1130.903676, π_x_range=[-831.6837, 587.5717]

=== True-DRO Benders iter 284 ===
  OMP: t₀=-14.323560, UB=14.045931, gap=2.02e+00, x=[0, 0, 0, 1, 0, 0, 0, 0, 0, 0, 0, 1, 0, 0, 0, 0, 0, 0, 0, 0, 0, 0, 0, 0, 0, 0, 0, 0, 0, 0] (5.606s)
  Sub: Z₀=20.826758 [LOCAL] (0.4s), α=[0.000,0.000,0.000,0.000,0.000,0.000,0.000,0.000,0.000,0.000,0.000,0.000,0.000,0.000,2.095,0.000,0.000,0.000,0.000,0.000,0.000,0.000,0.000,0.000,0.000,6.997,1.275,0.449,0.000,0.000]
  Iter 284: LB=-14.323560  UB=14.045931  gap=2.02e+00
  Cut: intercept=-1105.847319, π_x_range=[-831.0604, 564.1645]

=== True-DRO Benders iter 285 ===
  OMP: t₀=-14.323556, UB=14.045931, gap=2.02e+00, x=[0, 0, 0, 1, 0, 0, 0, 0, 0, 0, 0, 0, 1, 0, 0, 0, 0, 0, 0, 0, 0, 0, 0, 0, 0, 0, 0, 0, 0, 0] (4.930s)
  Sub: Z₀=20.826758 [TIME_LIMIT] (15.6s), α=[0.000,0.000,0.000,0.000,0.000,0.000,0.000,0.000,0.000,0.000,0.000,0.000,0.000,0.000,2.095,0.000,0.000,0.000,0.000,0.000,0.000,0.000,0.000,0.000,0.000,6.997,0.912,0.811,0.000,0.000]
  Iter 285: LB=-14.323556  UB=14.045931  gap=2.02e+00
  Cut: intercept=-32.390755, π_x_range=[-271.0000, 32.8753]

=== True-DRO Benders iter 286 ===
  OMP: t₀=-14.323555, UB=14.045931, gap=2.02e+00, x=[0, 0, 1, 1, 0, 0, 0, 0, 0, 0, 0, 0, 0, 0, 0, 0, 0, 0, 0, 0, 0, 0, 0, 0, 0, 0, 0, 0, 0, 0] (4.437s)
  Sub: Z₀=20.826758 [LOCAL] (0.3s), α=[0.000,0.000,0.000,0.000,0.000,0.000,0.000,0.000,0.000,0.000,0.000,0.000,0.000,0.000,2.095,0.000,0.000,0.000,0.000,0.000,0.000,0.000,0.000,0.000,0.000,6.997,1.255,0.468,0.000,0.000]
  Iter 286: LB=-14.323555  UB=14.045931  gap=2.02e+00
  Cut: intercept=-1100.862050, π_x_range=[-828.3798, 564.0344]

=== True-DRO Benders iter 287 ===
  OMP: t₀=-14.323553, UB=14.045931, gap=2.02e+00, x=[0, 0, 0, 1, 0, 0, 0, 0, 0, 0, 0, 0, 0, 0, 0, 1, 0, 0, 0, 0, 0, 0, 0, 0, 0, 0, 0, 0, 0, 0] (4.562s)
  Sub: Z₀=20.826758 [LOCAL] (0.3s), α=[0.000,0.000,0.000,0.000,0.000,0.000,0.000,0.000,0.000,0.000,0.000,0.000,0.000,0.000,2.095,0.000,0.000,0.000,0.000,0.000,0.000,0.000,0.000,0.000,0.000,6.997,1.259,0.464,0.000,0.000]
  Iter 287: LB=-14.323553  UB=14.045931  gap=2.02e+00
  Cut: intercept=-1081.224174, π_x_range=[-830.7663, 564.0637]

=== True-DRO Benders iter 288 ===
  OMP: t₀=-14.323551, UB=14.045931, gap=2.02e+00, x=[0, 0, 0, 1, 0, 0, 0, 0, 0, 0, 0, 0, 0, 0, 0, 0, 1, 0, 0, 0, 0, 0, 0, 0, 0, 0, 0, 0, 0, 0] (4.080s)
  Sub: Z₀=20.826758 [LOCAL] (0.3s), α=[0.000,0.000,0.000,0.000,0.000,0.000,0.000,0.000,0.000,0.000,0.000,0.000,0.000,0.000,2.095,0.000,0.000,0.000,0.000,0.000,0.000,0.000,0.000,0.000,0.000,6.997,1.324,0.399,0.000,0.000]
  Iter 288: LB=-14.323551  UB=14.045931  gap=2.02e+00
  Cut: intercept=-1088.487430, π_x_range=[-831.0058, 564.0488]

=== True-DRO Benders iter 289 ===
  OMP: t₀=-14.323548, UB=14.045931, gap=2.02e+00, x=[0, 0, 0, 1, 0, 0, 0, 0, 0, 0, 0, 0, 0, 0, 0, 0, 0, 0, 0, 0, 1, 0, 0, 0, 0, 0, 0, 0, 0, 0] (5.507s)
  Sub: Z₀=20.826758 [LOCAL] (0.3s), α=[0.000,0.000,0.000,0.000,0.000,0.000,0.000,0.000,0.000,0.000,0.000,0.000,0.000,0.000,2.095,0.000,0.000,0.000,0.000,0.000,0.000,0.000,0.000,0.000,0.000,6.997,1.236,0.488,0.000,0.000]
  Iter 289: LB=-14.323548  UB=14.045931  gap=2.02e+00
  Cut: intercept=-1128.243034, π_x_range=[-830.9267, 584.9371]

=== True-DRO Benders iter 290 ===
  OMP: t₀=-14.323539, UB=14.045931, gap=2.02e+00, x=[0, 0, 0, 1, 0, 0, 0, 0, 0, 0, 0, 0, 0, 0, 0, 0, 0, 0, 0, 0, 0, 0, 0, 0, 1, 0, 0, 0, 0, 0] (5.480s)
  Sub: Z₀=20.826758 [TIME_LIMIT] (15.5s), α=[0.000,0.000,0.000,0.000,0.000,0.000,0.000,0.000,0.000,0.000,0.000,0.000,0.000,0.000,2.095,0.000,0.000,0.000,0.000,0.000,0.000,0.000,0.000,0.000,0.000,6.997,0.985,0.739,0.000,0.000]
  Iter 290: LB=-14.323539  UB=14.045931  gap=2.02e+00
  Cut: intercept=-59.865636, π_x_range=[-271.0000, 47.7567]

=== True-DRO Benders iter 291 ===
  OMP: t₀=-14.323529, UB=14.045931, gap=2.02e+00, x=[0, 0, 0, 1, 0, 0, 0, 0, 0, 0, 0, 0, 0, 0, 0, 0, 0, 0, 0, 0, 0, 0, 0, 1, 0, 0, 0, 0, 0, 0] (4.409s)
  Sub: Z₀=20.826758 [LOCAL] (0.3s), α=[0.000,0.000,0.000,0.000,0.000,0.000,0.000,0.000,0.000,0.000,0.000,0.000,0.000,0.000,2.095,0.000,0.000,0.000,0.000,0.000,0.000,0.000,0.000,0.000,0.000,6.997,1.284,0.439,0.000,0.000]
  Iter 291: LB=-14.323529  UB=14.045931  gap=2.02e+00
  Cut: intercept=-1124.032115, π_x_range=[-830.9476, 580.6980]

=== True-DRO Benders iter 292 ===
  OMP: t₀=-14.323527, UB=14.045931, gap=2.02e+00, x=[0, 0, 0, 1, 0, 0, 0, 0, 0, 0, 0, 0, 0, 0, 0, 0, 0, 0, 0, 0, 0, 0, 0, 0, 0, 0, 0, 0, 0, 1] (4.390s)
  Sub: Z₀=20.826758 [LOCAL] (0.3s), α=[0.000,0.000,0.000,0.000,0.000,0.000,0.000,0.000,0.000,0.000,0.000,0.000,0.000,0.000,2.095,0.000,0.000,0.000,0.000,0.000,0.000,0.000,0.000,0.000,0.000,6.997,1.258,0.466,0.000,0.000]
  Iter 292: LB=-14.323527  UB=14.045931  gap=2.02e+00
  Cut: intercept=-1132.971772, π_x_range=[-831.0583, 589.6904]

=== True-DRO Benders iter 293 ===
  OMP: t₀=-14.323517, UB=14.045931, gap=2.02e+00, x=[0, 0, 0, 1, 0, 0, 0, 0, 0, 0, 0, 0, 0, 0, 0, 0, 0, 0, 0, 0, 0, 0, 0, 0, 0, 0, 0, 0, 1, 0] (5.030s)
  Sub: Z₀=20.826758 [LOCAL] (0.4s), α=[0.000,0.000,0.000,0.000,0.000,0.000,0.000,0.000,0.000,0.000,0.000,0.000,0.000,0.000,2.095,0.000,0.000,0.000,0.000,0.000,0.000,0.000,0.000,0.000,0.000,6.997,1.258,0.465,0.000,0.000]
  Iter 293: LB=-14.323517  UB=14.045931  gap=2.02e+00
  Cut: intercept=-1083.136906, π_x_range=[-830.8799, 564.0108]

=== True-DRO Benders iter 294 ===
  OMP: t₀=-14.323485, UB=14.045931, gap=2.02e+00, x=[0, 0, 0, 1, 0, 1, 0, 0, 0, 0, 0, 0, 0, 0, 0, 0, 0, 0, 0, 0, 0, 0, 0, 0, 0, 0, 0, 0, 0, 0] (4.091s)
  Sub: Z₀=20.826758 [LOCAL] (0.4s), α=[0.000,0.000,0.000,0.000,0.000,0.000,0.000,0.000,0.000,0.000,0.000,0.000,0.000,0.000,2.095,0.000,0.000,0.000,0.000,0.000,0.000,0.000,0.000,0.000,0.000,6.997,1.258,0.465,0.000,0.000]
  Iter 294: LB=-14.323485  UB=14.045931  gap=2.02e+00
  Cut: intercept=-1113.158721, π_x_range=[-830.8272, 569.8780]

=== True-DRO Benders iter 295 ===
  OMP: t₀=-14.323457, UB=14.045931, gap=2.02e+00, x=[0, 1, 0, 1, 0, 0, 0, 0, 0, 0, 0, 0, 0, 0, 0, 0, 0, 0, 0, 0, 0, 0, 0, 0, 0, 0, 0, 0, 0, 0] (4.100s)
  Sub: Z₀=20.826758 [TIME_LIMIT] (15.8s), α=[0.000,0.000,0.000,0.000,0.000,0.000,0.000,0.000,0.000,0.000,0.000,0.000,0.000,0.000,2.095,0.000,0.000,0.000,0.000,0.000,0.000,0.000,0.000,0.000,0.000,6.997,0.987,0.736,0.000,0.000]
  Iter 295: LB=-14.323457  UB=14.045931  gap=2.02e+00
  Cut: intercept=-12.016070, π_x_range=[-271.0000, 32.8428]

=== True-DRO Benders iter 296 ===
  OMP: t₀=-14.323432, UB=14.045931, gap=2.02e+00, x=[0, 0, 0, 1, 0, 0, 0, 0, 0, 1, 0, 0, 0, 0, 0, 0, 0, 0, 0, 0, 0, 0, 0, 0, 0, 0, 0, 0, 0, 0] (5.499s)
  Sub: Z₀=20.826758 [LOCAL] (0.3s), α=[0.000,0.000,0.000,0.000,0.000,0.000,0.000,0.000,0.000,0.000,0.000,0.000,0.000,0.000,2.095,0.000,0.000,0.000,0.000,0.000,0.000,0.000,0.000,0.000,0.000,6.997,1.238,0.486,0.000,0.000]
  Iter 296: LB=-14.323432  UB=14.045931  gap=2.02e+00
  Cut: intercept=-1123.882010, π_x_range=[-831.0045, 580.6310]

=== True-DRO Benders iter 297 ===
  OMP: t₀=-14.323457, UB=14.045931, gap=2.02e+00, x=[1, 0, 0, 1, 0, 0, 0, 0, 0, 0, 0, 0, 0, 0, 0, 0, 0, 0, 0, 0, 0, 0, 0, 0, 0, 0, 0, 0, 0, 0] (4.735s)
  Sub: Z₀=20.826758 [LOCAL] (0.3s), α=[0.000,0.000,0.000,0.000,0.000,0.000,0.000,0.000,0.000,0.000,0.000,0.000,0.000,0.000,2.095,0.000,0.000,0.000,0.000,0.000,0.000,0.000,0.000,0.000,0.000,6.997,1.257,0.466,0.000,0.000]
  Iter 297: LB=-14.323457  UB=14.045931  gap=2.02e+00
  Cut: intercept=-1105.796934, π_x_range=[-831.0113, 564.1358]

=== True-DRO Benders iter 298 ===
  OMP: t₀=-11.866336, UB=14.045931, gap=1.84e+00, x=[0, 0, 0, 0, 0, 0, 0, 0, 1, 0, 0, 0, 0, 1, 0, 0, 0, 0, 0, 0, 0, 0, 0, 0, 0, 0, 0, 0, 0, 0] (4.539s)
  Sub: Z₀=20.826758 [LOCAL] (0.4s), α=[0.000,0.000,0.000,0.000,0.000,0.000,0.000,0.000,0.000,0.000,0.000,0.000,0.000,0.000,2.095,0.000,0.000,0.000,0.000,0.000,0.000,0.000,0.000,0.000,0.000,6.997,0.558,1.165,0.000,0.000]
  Iter 298: LB=-11.866336  UB=14.045931  gap=1.84e+00
  Cut: intercept=-1151.858701, π_x_range=[-833.3400, 588.2058]

=== True-DRO Benders iter 299 ===
  OMP: t₀=-11.612796, UB=14.045931, gap=1.83e+00, x=[0, 0, 0, 0, 0, 0, 0, 0, 1, 0, 0, 1, 0, 0, 0, 0, 0, 0, 0, 0, 0, 0, 0, 0, 0, 0, 0, 0, 0, 0] (4.033s)
  Sub: Z₀=20.826758 [LOCAL] (0.4s), α=[0.000,0.000,0.000,0.000,0.000,0.000,0.000,0.000,0.000,0.000,0.000,0.000,0.000,0.000,2.095,0.000,0.000,0.000,0.000,0.000,0.000,0.000,0.000,0.000,0.000,6.997,0.589,1.134,0.000,0.000]
  Iter 299: LB=-11.612796  UB=14.045931  gap=1.83e+00
  Cut: intercept=-1126.126260, π_x_range=[-832.8248, 584.5253]

=== True-DRO Benders iter 300 ===
  OMP: t₀=-11.612793, UB=14.045931, gap=1.83e+00, x=[0, 0, 0, 0, 0, 0, 0, 0, 1, 0, 0, 0, 1, 0, 0, 0, 0, 0, 0, 0, 0, 0, 0, 0, 0, 0, 0, 0, 0, 0] (5.090s)
  Sub: Z₀=20.826758 [TIME_LIMIT] (15.6s), α=[0.000,0.000,0.000,0.000,0.000,0.000,0.000,0.000,0.000,0.000,0.000,0.000,0.000,0.000,2.095,0.000,0.000,0.000,0.000,0.000,0.000,0.000,0.000,0.000,0.000,6.997,0.275,1.449,0.000,0.000]
  Iter 300: LB=-11.612793  UB=14.045931  gap=1.83e+00
  Cut: intercept=-22.455022, π_x_range=[-271.0000, 22.8811]

=== True-DRO Benders iter 301 ===
  OMP: t₀=-11.612791, UB=14.045931, gap=1.83e+00, x=[0, 0, 1, 0, 0, 0, 0, 0, 1, 0, 0, 0, 0, 0, 0, 0, 0, 0, 0, 0, 0, 0, 0, 0, 0, 0, 0, 0, 0, 0] (4.287s)
  Sub: Z₀=20.826758 [LOCAL] (0.3s), α=[0.000,0.000,0.000,0.000,0.000,0.000,0.000,0.000,0.000,0.000,0.000,0.000,0.000,0.000,2.095,0.000,0.000,0.000,0.000,0.000,0.000,0.000,0.000,0.000,0.000,6.997,0.564,1.159,0.000,0.000]
  Iter 301: LB=-11.612791  UB=14.045931  gap=1.83e+00
  Cut: intercept=-1121.225431, π_x_range=[-830.4673, 584.5167]

=== True-DRO Benders iter 302 ===
  OMP: t₀=-11.612790, UB=14.045931, gap=1.83e+00, x=[0, 0, 0, 0, 0, 0, 0, 0, 1, 0, 0, 0, 0, 0, 0, 1, 0, 0, 0, 0, 0, 0, 0, 0, 0, 0, 0, 0, 0, 0] (4.783s)
  Sub: Z₀=20.826758 [LOCAL] (0.3s), α=[0.000,0.000,0.000,0.000,0.000,0.000,0.000,0.000,0.000,0.000,0.000,0.000,0.000,0.000,2.095,0.000,0.000,0.000,0.000,0.000,0.000,0.000,0.000,0.000,0.000,6.997,0.574,1.149,0.000,0.000]
  Iter 302: LB=-11.612790  UB=14.045931  gap=1.83e+00
  Cut: intercept=-1102.167858, π_x_range=[-832.0873, 584.5043]

=== True-DRO Benders iter 303 ===
  OMP: t₀=-11.612784, UB=14.045931, gap=1.83e+00, x=[0, 0, 0, 0, 0, 0, 0, 0, 1, 0, 0, 0, 0, 0, 0, 0, 0, 0, 0, 0, 1, 0, 0, 0, 0, 0, 0, 0, 0, 0] (4.058s)
  Sub: Z₀=20.826758 [LOCAL] (0.4s), α=[0.000,0.000,0.000,0.000,0.000,0.000,0.000,0.000,0.000,0.000,0.000,0.000,0.000,0.000,2.095,0.000,0.000,0.000,0.000,0.000,0.000,0.000,0.000,0.000,0.000,6.997,0.543,1.180,0.000,0.000]
  Iter 303: LB=-11.612784  UB=14.045931  gap=1.83e+00
  Cut: intercept=-1148.676908, π_x_range=[-832.5837, 584.9335]

=== True-DRO Benders iter 304 ===
  OMP: t₀=-11.612788, UB=14.045931, gap=1.83e+00, x=[0, 0, 0, 0, 0, 0, 0, 0, 1, 0, 0, 0, 0, 0, 0, 0, 1, 0, 0, 0, 0, 0, 0, 0, 0, 0, 0, 0, 0, 0] (4.695s)
  Sub: Z₀=20.826758 [LOCAL] (0.4s), α=[0.000,0.000,0.000,0.000,0.000,0.000,0.000,0.000,0.000,0.000,0.000,0.000,0.000,0.000,2.095,0.000,0.000,0.000,0.000,0.000,0.000,0.000,0.000,0.000,0.000,6.997,0.698,1.025,0.000,0.000]
  Iter 304: LB=-11.612788  UB=14.045931  gap=1.83e+00
  Cut: intercept=-1108.994467, π_x_range=[-832.6448, 584.5387]

=== True-DRO Benders iter 305 ===
  OMP: t₀=-11.612775, UB=14.045931, gap=1.83e+00, x=[0, 0, 0, 0, 0, 0, 0, 0, 1, 0, 0, 0, 0, 0, 0, 0, 0, 0, 0, 0, 0, 0, 0, 0, 1, 0, 0, 0, 0, 0] (4.604s)
  Sub: Z₀=20.826758 [TIME_LIMIT] (15.6s), α=[0.000,0.000,0.000,0.000,0.000,0.000,0.000,0.000,0.000,0.000,0.000,0.000,0.000,0.000,2.095,0.000,0.000,0.000,0.000,0.000,0.000,0.000,0.000,0.000,0.000,6.997,0.320,1.404,0.000,0.000]
  Iter 305: LB=-11.612775  UB=14.045931  gap=1.83e+00
  Cut: intercept=-49.990599, π_x_range=[-271.0000, 47.8936]

=== True-DRO Benders iter 306 ===
  OMP: t₀=-11.612765, UB=14.045931, gap=1.83e+00, x=[0, 0, 0, 0, 0, 0, 0, 0, 1, 0, 0, 0, 0, 0, 0, 0, 0, 0, 0, 0, 0, 0, 0, 1, 0, 0, 0, 0, 0, 0] (5.568s)
  Sub: Z₀=20.826758 [LOCAL] (0.3s), α=[0.000,0.000,0.000,0.000,0.000,0.000,0.000,0.000,0.000,0.000,0.000,0.000,0.000,0.000,2.095,0.000,0.000,0.000,0.000,0.000,0.000,0.000,0.000,0.000,0.000,6.997,0.671,1.053,0.000,0.000]
  Iter 306: LB=-11.612765  UB=14.045931  gap=1.83e+00
  Cut: intercept=-1144.411268, π_x_range=[-832.5989, 584.5104]

=== True-DRO Benders iter 307 ===
  OMP: t₀=-11.612763, UB=14.045931, gap=1.83e+00, x=[0, 0, 0, 0, 0, 0, 0, 0, 1, 0, 0, 0, 0, 0, 0, 0, 0, 0, 0, 0, 0, 0, 0, 0, 0, 0, 0, 0, 0, 1] (5.360s)
  Sub: Z₀=20.826758 [LOCAL] (0.5s), α=[0.000,0.000,0.000,0.000,0.000,0.000,0.000,0.000,0.000,0.000,0.000,0.000,0.000,0.000,2.095,0.000,0.000,0.000,0.000,0.000,0.000,0.000,0.000,0.000,0.000,6.997,0.568,1.156,0.000,0.000]
  Iter 307: LB=-11.612763  UB=14.045931  gap=1.83e+00
  Cut: intercept=-1153.536772, π_x_range=[-832.7153, 589.6668]

=== True-DRO Benders iter 308 ===
  OMP: t₀=-11.612754, UB=14.045931, gap=1.83e+00, x=[0, 0, 0, 0, 0, 0, 0, 0, 1, 0, 0, 0, 0, 0, 0, 0, 0, 0, 0, 0, 0, 0, 0, 0, 0, 0, 0, 0, 1, 0] (4.181s)
  Sub: Z₀=20.826758 [LOCAL] (0.3s), α=[0.000,0.000,0.000,0.000,0.000,0.000,0.000,0.000,0.000,0.000,0.000,0.000,0.000,0.000,2.095,0.000,0.000,0.000,0.000,0.000,0.000,0.000,0.000,0.000,0.000,6.997,0.568,1.156,0.000,0.000]
  Iter 308: LB=-11.612754  UB=14.045931  gap=1.83e+00
  Cut: intercept=-1103.676148, π_x_range=[-832.5455, 584.5424]

=== True-DRO Benders iter 309 ===
  OMP: t₀=-11.612722, UB=14.045931, gap=1.83e+00, x=[0, 0, 0, 0, 0, 1, 0, 0, 1, 0, 0, 0, 0, 0, 0, 0, 0, 0, 0, 0, 0, 0, 0, 0, 0, 0, 0, 0, 0, 0] (6.274s)
  Sub: Z₀=20.826758 [LOCAL] (0.4s), α=[0.000,0.000,0.000,0.000,0.000,0.000,0.000,0.000,0.000,0.000,0.000,0.000,0.000,0.000,2.095,0.000,0.000,0.000,0.000,0.000,0.000,0.000,0.000,0.000,0.000,6.997,0.568,1.156,0.000,0.000]
  Iter 309: LB=-11.612722  UB=14.045931  gap=1.83e+00
  Cut: intercept=-1133.559420, π_x_range=[-832.4857, 584.5105]

=== True-DRO Benders iter 310 ===
  OMP: t₀=-11.612694, UB=14.045931, gap=1.83e+00, x=[0, 1, 0, 0, 0, 0, 0, 0, 1, 0, 0, 0, 0, 0, 0, 0, 0, 0, 0, 0, 0, 0, 0, 0, 0, 0, 0, 0, 0, 0] (4.926s)
  Sub: Z₀=20.826758 [TIME_LIMIT] (15.5s), α=[0.000,0.000,0.000,0.000,0.000,0.000,0.000,0.000,0.000,0.000,0.000,0.000,0.000,0.000,2.095,0.000,0.000,0.000,0.000,0.000,0.000,0.000,0.000,0.000,0.000,6.997,0.320,1.403,0.000,0.000]
  Iter 310: LB=-11.612694  UB=14.045931  gap=1.83e+00
  Cut: intercept=-2.030584, π_x_range=[-271.0000, 22.8573]

=== True-DRO Benders iter 311 ===
  OMP: t₀=-11.612694, UB=14.045931, gap=1.83e+00, x=[1, 0, 0, 0, 0, 0, 0, 0, 1, 0, 0, 0, 0, 0, 0, 0, 0, 0, 0, 0, 0, 0, 0, 0, 0, 0, 0, 0, 0, 0] (5.450s)
  Sub: Z₀=20.826758 [LOCAL] (0.3s), α=[0.000,0.000,0.000,0.000,0.000,0.000,0.000,0.000,0.000,0.000,0.000,0.000,0.000,0.000,2.095,0.000,0.000,0.000,0.000,0.000,0.000,0.000,0.000,0.000,0.000,6.997,0.567,1.156,0.000,0.000]
  Iter 311: LB=-11.612694  UB=14.045931  gap=1.83e+00
  Cut: intercept=-1126.281689, π_x_range=[-832.6651, 584.5892]

=== True-DRO Benders iter 312 ===
  OMP: t₀=-11.612668, UB=14.045931, gap=1.83e+00, x=[0, 0, 0, 0, 0, 0, 0, 0, 1, 1, 0, 0, 0, 0, 0, 0, 0, 0, 0, 0, 0, 0, 0, 0, 0, 0, 0, 0, 0, 0] (4.425s)
  Sub: Z₀=20.826758 [LOCAL] (0.3s), α=[0.000,0.000,0.000,0.000,0.000,0.000,0.000,0.000,0.000,0.000,0.000,0.000,0.000,0.000,2.095,0.000,0.000,0.000,0.000,0.000,0.000,0.000,0.000,0.000,0.000,6.997,0.530,1.193,0.000,0.000]
  Iter 312: LB=-11.612668  UB=14.045931  gap=1.83e+00
  Cut: intercept=-1144.480636, π_x_range=[-832.6569, 584.5789]

=== True-DRO Benders iter 313 ===
  OMP: t₀=-11.232433, UB=14.045931, gap=1.80e+00, x=[0, 0, 0, 0, 0, 0, 0, 0, 0, 0, 0, 1, 0, 1, 0, 0, 0, 0, 0, 0, 0, 0, 0, 0, 0, 0, 0, 0, 0, 0] (4.405s)
  Sub: Z₀=20.826758 [LOCAL] (0.3s), α=[0.000,0.000,0.000,0.000,0.000,0.000,0.000,0.000,0.000,0.000,0.000,0.000,0.000,0.000,2.095,0.000,0.000,0.000,0.000,0.000,0.000,0.000,0.000,0.000,0.000,6.997,1.250,0.474,0.000,0.000]
  Iter 313: LB=-11.232433  UB=14.045931  gap=1.80e+00
  Cut: intercept=-1129.562483, π_x_range=[-833.5080, 588.1241]

=== True-DRO Benders iter 314 ===
  OMP: t₀=-11.232468, UB=14.045931, gap=1.80e+00, x=[0, 0, 0, 0, 0, 0, 0, 0, 0, 0, 0, 0, 0, 1, 0, 0, 0, 0, 0, 0, 0, 0, 0, 0, 0, 0, 0, 0, 0, 0] (6.078s)
  Sub: Z₀=20.826758 [LOCAL] (0.3s), α=[0.000,0.000,0.000,0.000,0.000,0.000,0.000,0.000,0.000,0.000,0.000,0.000,0.000,0.000,2.095,0.000,0.000,0.000,0.000,0.000,0.000,0.000,0.000,0.000,0.000,6.997,1.234,0.489,0.000,0.000]
  Iter 314: LB=-11.232468  UB=14.045931  gap=1.80e+00
  Cut: intercept=-567.389520, π_x_range=[-833.3696, 588.2163]

=== True-DRO Benders iter 315 ===
  OMP: t₀=-11.232430, UB=14.045931, gap=1.80e+00, x=[0, 0, 0, 0, 0, 0, 0, 0, 0, 0, 0, 0, 1, 1, 0, 0, 0, 0, 0, 0, 0, 0, 0, 0, 0, 0, 0, 0, 0, 0] (5.293s)
  Sub: Z₀=20.826758 [TIME_LIMIT] (15.6s), α=[0.000,0.000,0.000,0.000,0.000,0.000,0.000,0.000,0.000,0.000,0.000,0.000,0.000,0.000,2.095,0.000,0.000,0.000,0.000,0.000,0.000,0.000,0.000,0.000,0.000,6.997,0.874,0.849,0.000,0.000]
  Iter 315: LB=-11.232430  UB=14.045931  gap=1.80e+00
  Cut: intercept=-14.591361, π_x_range=[-271.0000, 20.3650]

=== True-DRO Benders iter 316 ===
  OMP: t₀=-11.232428, UB=14.045931, gap=1.80e+00, x=[0, 0, 1, 0, 0, 0, 0, 0, 0, 0, 0, 0, 0, 1, 0, 0, 0, 0, 0, 0, 0, 0, 0, 0, 0, 0, 0, 0, 0, 0] (5.149s)
  Sub: Z₀=20.826758 [LOCAL] (0.3s), α=[0.000,0.000,0.000,0.000,0.000,0.000,0.000,0.000,0.000,0.000,0.000,0.000,0.000,0.000,2.095,0.000,0.000,0.000,0.000,0.000,0.000,0.000,0.000,0.000,0.000,6.997,1.231,0.492,0.000,0.000]
  Iter 316: LB=-11.232428  UB=14.045931  gap=1.80e+00
  Cut: intercept=-1124.728118, π_x_range=[-831.2382, 588.0502]

=== True-DRO Benders iter 317 ===
  OMP: t₀=-11.232427, UB=14.045931, gap=1.80e+00, x=[0, 0, 0, 0, 0, 0, 0, 0, 0, 0, 0, 0, 0, 1, 0, 1, 0, 0, 0, 0, 0, 0, 0, 0, 0, 0, 0, 0, 0, 0] (4.607s)
  Sub: Z₀=20.826758 [LOCAL] (0.3s), α=[0.000,0.000,0.000,0.000,0.000,0.000,0.000,0.000,0.000,0.000,0.000,0.000,0.000,0.000,2.095,0.000,0.000,0.000,0.000,0.000,0.000,0.000,0.000,0.000,0.000,6.997,1.239,0.485,0.000,0.000]
  Iter 317: LB=-11.232427  UB=14.045931  gap=1.80e+00
  Cut: intercept=-1106.063920, π_x_range=[-832.7798, 588.3472]

=== True-DRO Benders iter 318 ===
  OMP: t₀=-11.232425, UB=14.045931, gap=1.80e+00, x=[0, 0, 0, 0, 0, 0, 0, 0, 0, 0, 0, 0, 0, 1, 0, 0, 1, 0, 0, 0, 0, 0, 0, 0, 0, 0, 0, 0, 0, 0] (4.155s)
  Sub: Z₀=20.826758 [LOCAL] (0.3s), α=[0.000,0.000,0.000,0.000,0.000,0.000,0.000,0.000,0.000,0.000,0.000,0.000,0.000,0.000,2.095,0.000,0.000,0.000,0.000,0.000,0.000,0.000,0.000,0.000,0.000,6.997,1.303,0.420,0.000,0.000]
  Iter 318: LB=-11.232425  UB=14.045931  gap=1.80e+00
  Cut: intercept=-1112.766575, π_x_range=[-833.3538, 588.2618]

=== True-DRO Benders iter 319 ===
  OMP: t₀=-11.232421, UB=14.045931, gap=1.80e+00, x=[0, 0, 0, 0, 0, 0, 0, 0, 0, 0, 0, 0, 0, 1, 0, 0, 0, 0, 0, 0, 1, 0, 0, 0, 0, 0, 0, 0, 0, 0] (4.140s)
  Sub: Z₀=20.826758 [LOCAL] (0.3s), α=[0.000,0.000,0.000,0.000,0.000,0.000,0.000,0.000,0.000,0.000,0.000,0.000,0.000,0.000,2.095,0.000,0.000,0.000,0.000,0.000,0.000,0.000,0.000,0.000,0.000,6.997,1.211,0.512,0.000,0.000]
  Iter 319: LB=-11.232421  UB=14.045931  gap=1.80e+00
  Cut: intercept=-1152.186777, π_x_range=[-833.2974, 588.1390]

=== True-DRO Benders iter 320 ===
  OMP: t₀=-11.232412, UB=14.045931, gap=1.80e+00, x=[0, 0, 0, 0, 0, 0, 0, 0, 0, 0, 0, 0, 0, 1, 0, 0, 0, 0, 0, 0, 0, 0, 0, 0, 1, 0, 0, 0, 0, 0] (4.433s)
  Sub: Z₀=20.826758 [TIME_LIMIT] (15.5s), α=[0.000,0.000,0.000,0.000,0.000,0.000,0.000,0.000,0.000,0.000,0.000,0.000,0.000,0.000,2.095,0.000,0.000,0.000,0.000,0.000,0.000,0.000,0.000,0.000,0.000,6.997,0.950,0.774,0.000,0.000]
  Iter 320: LB=-11.232412  UB=14.045931  gap=1.80e+00
  Cut: intercept=-42.062146, π_x_range=[-271.0000, 47.8081]

=== True-DRO Benders iter 321 ===
  OMP: t₀=-11.232402, UB=14.045931, gap=1.80e+00, x=[0, 0, 0, 0, 0, 0, 0, 0, 0, 0, 0, 0, 0, 1, 0, 0, 0, 0, 0, 0, 0, 0, 0, 1, 0, 0, 0, 0, 0, 0] (5.398s)
  Sub: Z₀=20.826758 [LOCAL] (0.3s), α=[0.000,0.000,0.000,0.000,0.000,0.000,0.000,0.000,0.000,0.000,0.000,0.000,0.000,0.000,2.095,0.000,0.000,0.000,0.000,0.000,0.000,0.000,0.000,0.000,0.000,6.997,1.263,0.461,0.000,0.000]
  Iter 321: LB=-11.232402  UB=14.045931  gap=1.80e+00
  Cut: intercept=-1147.958348, π_x_range=[-833.3156, 588.1409]

=== True-DRO Benders iter 322 ===
  OMP: t₀=-11.232400, UB=14.045931, gap=1.80e+00, x=[0, 0, 0, 0, 0, 0, 0, 0, 0, 0, 0, 0, 0, 1, 0, 0, 0, 0, 0, 0, 0, 0, 0, 0, 0, 0, 0, 0, 0, 1] (4.561s)
  Sub: Z₀=20.826758 [LOCAL] (0.3s), α=[0.000,0.000,0.000,0.000,0.000,0.000,0.000,0.000,0.000,0.000,0.000,0.000,0.000,0.000,2.095,0.000,0.000,0.000,0.000,0.000,0.000,0.000,0.000,0.000,0.000,6.997,1.234,0.489,0.000,0.000]
  Iter 322: LB=-11.232400  UB=14.045931  gap=1.80e+00
  Cut: intercept=-1157.034836, π_x_range=[-833.4266, 589.6287]

=== True-DRO Benders iter 323 ===
  OMP: t₀=-11.232390, UB=14.045931, gap=1.80e+00, x=[0, 0, 0, 0, 0, 0, 0, 0, 0, 0, 0, 0, 0, 1, 0, 0, 0, 0, 0, 0, 0, 0, 0, 0, 0, 0, 0, 0, 1, 0] (4.300s)
  Sub: Z₀=20.826758 [LOCAL] (0.3s), α=[0.000,0.000,0.000,0.000,0.000,0.000,0.000,0.000,0.000,0.000,0.000,0.000,0.000,0.000,2.095,0.000,0.000,0.000,0.000,0.000,0.000,0.000,0.000,0.000,0.000,6.997,1.235,0.489,0.000,0.000]
  Iter 323: LB=-11.232390  UB=14.045931  gap=1.80e+00
  Cut: intercept=-1107.301910, π_x_range=[-833.2114, 588.2575]

=== True-DRO Benders iter 324 ===
  OMP: t₀=-11.232358, UB=14.045931, gap=1.80e+00, x=[0, 0, 0, 0, 0, 1, 0, 0, 0, 0, 0, 0, 0, 1, 0, 0, 0, 0, 0, 0, 0, 0, 0, 0, 0, 0, 0, 0, 0, 0] (4.226s)
  Sub: Z₀=20.826758 [LOCAL] (0.4s), α=[0.000,0.000,0.000,0.000,0.000,0.000,0.000,0.000,0.000,0.000,0.000,0.000,0.000,0.000,2.095,0.000,0.000,0.000,0.000,0.000,0.000,0.000,0.000,0.000,0.000,6.997,1.235,0.489,0.000,0.000]
  Iter 324: LB=-11.232358  UB=14.045931  gap=1.80e+00
  Cut: intercept=-1137.247708, π_x_range=[-833.1648, 588.1825]

=== True-DRO Benders iter 325 ===
  OMP: t₀=-11.232330, UB=14.045931, gap=1.80e+00, x=[1, 0, 0, 0, 0, 0, 0, 0, 0, 0, 0, 0, 0, 1, 0, 0, 0, 0, 0, 0, 0, 0, 0, 0, 0, 0, 0, 0, 0, 0] (4.188s)
  Sub: Z₀=20.826758 [TIME_LIMIT] (15.7s), α=[0.000,0.000,0.000,0.000,0.000,0.000,0.000,0.000,0.000,0.000,0.000,0.000,0.000,0.000,2.095,0.000,0.000,0.000,0.000,0.000,0.000,0.000,0.000,0.000,0.000,6.997,0.952,0.772,0.000,0.000]
  Iter 325: LB=-11.232330  UB=14.045931  gap=1.80e+00
  Cut: intercept=5.788617, π_x_range=[-271.0000, 15.0381]

=== True-DRO Benders iter 326 ===
  OMP: t₀=-11.232330, UB=14.045931, gap=1.80e+00, x=[0, 1, 0, 0, 0, 0, 0, 0, 0, 0, 0, 0, 0, 1, 0, 0, 0, 0, 0, 0, 0, 0, 0, 0, 0, 0, 0, 0, 0, 0] (4.226s)
  Sub: Z₀=20.826758 [LOCAL] (0.3s), α=[0.000,0.000,0.000,0.000,0.000,0.000,0.000,0.000,0.000,0.000,0.000,0.000,0.000,0.000,2.095,0.000,0.000,0.000,0.000,0.000,0.000,0.000,0.000,0.000,0.000,6.997,1.234,0.490,0.000,0.000]
  Iter 326: LB=-11.232330  UB=14.045931  gap=1.80e+00
  Cut: intercept=-1122.672259, π_x_range=[-833.3784, 588.2313]

=== True-DRO Benders iter 327 ===
  OMP: t₀=-11.232305, UB=14.045931, gap=1.80e+00, x=[0, 0, 0, 0, 0, 0, 0, 0, 0, 1, 0, 0, 0, 1, 0, 0, 0, 0, 0, 0, 0, 0, 0, 0, 0, 0, 0, 0, 0, 0] (4.348s)
  Sub: Z₀=20.826758 [LOCAL] (0.4s), α=[0.000,0.000,0.000,0.000,0.000,0.000,0.000,0.000,0.000,0.000,0.000,0.000,0.000,0.000,2.095,0.000,0.000,0.000,0.000,0.000,0.000,0.000,0.000,0.000,0.000,6.997,1.213,0.510,0.000,0.000]
  Iter 327: LB=-11.232305  UB=14.045931  gap=1.80e+00
  Cut: intercept=-1148.191809, π_x_range=[-833.3626, 588.2466]

=== True-DRO Benders iter 328 ===
  OMP: t₀=-10.978889, UB=14.045931, gap=1.78e+00, x=[0, 0, 0, 0, 0, 0, 0, 0, 0, 0, 0, 1, 1, 0, 0, 0, 0, 0, 0, 0, 0, 0, 0, 0, 0, 0, 0, 0, 0, 0] (5.314s)
  Sub: Z₀=20.826758 [LOCAL] (0.3s), α=[0.000,0.000,0.000,0.000,0.000,0.000,0.000,0.000,0.000,0.000,0.000,0.000,0.000,0.000,2.095,0.000,0.000,0.000,0.000,0.000,0.000,0.000,0.000,0.000,0.000,6.997,1.214,0.509,0.000,0.000]
  Iter 328: LB=-10.978889  UB=14.045931  gap=1.78e+00
  Cut: intercept=-1120.495439, π_x_range=[-832.8499, 578.9872]

=== True-DRO Benders iter 329 ===
  OMP: t₀=-10.978888, UB=14.045931, gap=1.78e+00, x=[0, 0, 1, 0, 0, 0, 0, 0, 0, 0, 0, 1, 0, 0, 0, 0, 0, 0, 0, 0, 0, 0, 0, 0, 0, 0, 0, 0, 0, 0] (4.922s)
  Sub: Z₀=20.826758 [LOCAL] (0.3s), α=[0.000,0.000,0.000,0.000,0.000,0.000,0.000,0.000,0.000,0.000,0.000,0.000,0.000,0.000,2.095,0.000,0.000,0.000,0.000,0.000,0.000,0.000,0.000,0.000,0.000,6.997,1.255,0.469,0.000,0.000]
  Iter 329: LB=-10.978888  UB=14.045931  gap=1.78e+00
  Cut: intercept=-1098.885494, π_x_range=[-830.7034, 562.2303]

=== True-DRO Benders iter 330 ===
  OMP: t₀=-10.978886, UB=14.045931, gap=1.78e+00, x=[0, 0, 0, 0, 0, 0, 0, 0, 0, 0, 0, 1, 0, 0, 0, 1, 0, 0, 0, 0, 0, 0, 0, 0, 0, 0, 0, 0, 0, 0] (4.064s)
  Sub: Z₀=20.826758 [TIME_LIMIT] (15.4s), α=[0.000,0.000,0.000,0.000,0.000,0.000,0.000,0.000,0.000,0.000,0.000,0.000,0.000,0.000,2.095,0.000,0.000,0.000,0.000,0.000,0.000,0.000,0.000,0.000,0.000,6.997,1.002,0.721,0.000,0.000]
  Iter 330: LB=-10.978886  UB=14.045931  gap=1.78e+00
  Cut: intercept=-99.802387, π_x_range=[-271.0000, 67.9255]

=== True-DRO Benders iter 331 ===
  OMP: t₀=-10.978884, UB=14.045931, gap=1.78e+00, x=[0, 0, 1, 0, 0, 0, 0, 0, 0, 0, 0, 0, 1, 0, 0, 0, 0, 0, 0, 0, 0, 0, 0, 0, 0, 0, 0, 0, 0, 0] (4.304s)
  Sub: Z₀=20.826758 [LOCAL] (0.5s), α=[0.000,0.000,0.000,0.000,0.000,0.000,0.000,0.000,0.000,0.000,0.000,0.000,0.000,0.000,2.095,0.000,0.000,0.000,0.000,0.000,0.000,0.000,0.000,0.000,0.000,6.997,1.192,0.531,0.000,0.000]
  Iter 331: LB=-10.978884  UB=14.045931  gap=1.78e+00
  Cut: intercept=-1115.618420, π_x_range=[-830.4987, 578.8922]

=== True-DRO Benders iter 332 ===
  OMP: t₀=-10.978884, UB=14.045931, gap=1.78e+00, x=[0, 0, 0, 0, 0, 0, 0, 0, 0, 0, 0, 1, 0, 0, 0, 0, 1, 0, 0, 0, 0, 0, 0, 0, 0, 0, 0, 0, 0, 0] (4.071s)
  Sub: Z₀=20.826758 [LOCAL] (0.4s), α=[0.000,0.000,0.000,0.000,0.000,0.000,0.000,0.000,0.000,0.000,0.000,0.000,0.000,0.000,2.095,0.000,0.000,0.000,0.000,0.000,0.000,0.000,0.000,0.000,0.000,6.997,1.324,0.399,0.000,0.000]
  Iter 332: LB=-10.978884  UB=14.045931  gap=1.78e+00
  Cut: intercept=-1086.778133, π_x_range=[-832.8365, 562.2833]

=== True-DRO Benders iter 333 ===
  OMP: t₀=-10.978883, UB=14.045931, gap=1.78e+00, x=[0, 0, 0, 0, 0, 0, 0, 0, 0, 0, 0, 0, 1, 0, 0, 1, 0, 0, 0, 0, 0, 0, 0, 0, 0, 0, 0, 0, 0, 0] (4.164s)
  Sub: Z₀=20.826758 [LOCAL] (0.3s), α=[0.000,0.000,0.000,0.000,0.000,0.000,0.000,0.000,0.000,0.000,0.000,0.000,0.000,0.000,2.095,0.000,0.000,0.000,0.000,0.000,0.000,0.000,0.000,0.000,0.000,6.997,1.202,0.522,0.000,0.000]
  Iter 333: LB=-10.978883  UB=14.045931  gap=1.78e+00
  Cut: intercept=-1096.445498, π_x_range=[-832.1030, 578.9067]

=== True-DRO Benders iter 334 ===
  OMP: t₀=-10.978882, UB=14.045931, gap=1.78e+00, x=[0, 0, 0, 0, 0, 0, 0, 0, 0, 0, 0, 1, 0, 0, 0, 0, 0, 0, 0, 0, 1, 0, 0, 0, 0, 0, 0, 0, 0, 0] (4.668s)
  Sub: Z₀=20.826758 [LOCAL] (0.3s), α=[0.000,0.000,0.000,0.000,0.000,0.000,0.000,0.000,0.000,0.000,0.000,0.000,0.000,0.000,2.095,0.000,0.000,0.000,0.000,0.000,0.000,0.000,0.000,0.000,0.000,6.997,1.237,0.487,0.000,0.000]
  Iter 334: LB=-10.978882  UB=14.045931  gap=1.78e+00
  Cut: intercept=-1126.479576, π_x_range=[-832.7802, 584.8993]

=== True-DRO Benders iter 335 ===
  OMP: t₀=-10.978881, UB=14.045931, gap=1.78e+00, x=[0, 0, 1, 0, 0, 0, 0, 0, 0, 0, 0, 0, 0, 0, 0, 1, 0, 0, 0, 0, 0, 0, 0, 0, 0, 0, 0, 0, 0, 0] (4.521s)
  Sub: Z₀=20.826758 [TIME_LIMIT] (15.5s), α=[0.000,0.000,0.000,0.000,0.000,0.000,0.000,0.000,0.000,0.000,0.000,0.000,0.000,0.000,2.095,0.000,0.000,0.000,0.000,0.000,0.000,0.000,0.000,0.000,0.000,6.997,0.964,0.759,0.000,0.000]
  Iter 335: LB=-10.978881  UB=14.045931  gap=1.78e+00
  Cut: intercept=-90.354009, π_x_range=[-271.0000, 67.7767]

=== True-DRO Benders iter 336 ===
  OMP: t₀=-10.978881, UB=14.045931, gap=1.78e+00, x=[0, 0, 0, 0, 0, 0, 0, 0, 0, 0, 0, 0, 1, 0, 0, 0, 1, 0, 0, 0, 0, 0, 0, 0, 0, 0, 0, 0, 0, 0] (4.622s)
  Sub: Z₀=20.826758 [LOCAL] (0.4s), α=[0.000,0.000,0.000,0.000,0.000,0.000,0.000,0.000,0.000,0.000,0.000,0.000,0.000,0.000,2.095,0.000,0.000,0.000,0.000,0.000,0.000,0.000,0.000,0.000,0.000,6.997,1.271,0.452,0.000,0.000]
  Iter 336: LB=-10.978881  UB=14.045931  gap=1.78e+00
  Cut: intercept=-1103.428117, π_x_range=[-832.6683, 578.9193]

=== True-DRO Benders iter 337 ===
  OMP: t₀=-10.978878, UB=14.045931, gap=1.78e+00, x=[0, 0, 0, 0, 0, 0, 0, 0, 0, 0, 0, 0, 0, 0, 0, 1, 1, 0, 0, 0, 0, 0, 0, 0, 0, 0, 0, 0, 0, 0] (5.126s)
  Sub: Z₀=20.826758 [LOCAL] (0.4s), α=[0.000,0.000,0.000,0.000,0.000,0.000,0.000,0.000,0.000,0.000,0.000,0.000,0.000,0.000,2.095,0.000,0.000,0.000,0.000,0.000,0.000,0.000,0.000,0.000,0.000,6.997,1.316,0.408,0.000,0.000]
  Iter 337: LB=-10.978878  UB=14.045931  gap=1.78e+00
  Cut: intercept=-1062.886473, π_x_range=[-832.1095, 545.3166]

=== True-DRO Benders iter 338 ===
  OMP: t₀=-10.978877, UB=14.045931, gap=1.78e+00, x=[0, 0, 0, 0, 0, 0, 0, 0, 0, 0, 0, 0, 1, 0, 0, 0, 0, 0, 0, 0, 1, 0, 0, 0, 0, 0, 0, 0, 0, 0] (4.656s)
  Sub: Z₀=20.826758 [LOCAL] (0.4s), α=[0.000,0.000,0.000,0.000,0.000,0.000,0.000,0.000,0.000,0.000,0.000,0.000,0.000,0.000,2.095,0.000,0.000,0.000,0.000,0.000,0.000,0.000,0.000,0.000,0.000,6.997,1.170,0.554,0.000,0.000]
  Iter 338: LB=-10.978877  UB=14.045931  gap=1.78e+00
  Cut: intercept=-1143.087994, π_x_range=[-832.6060, 584.8992]

=== True-DRO Benders iter 339 ===
  OMP: t₀=-10.978876, UB=14.045931, gap=1.78e+00, x=[0, 0, 1, 0, 0, 0, 0, 0, 0, 0, 0, 0, 0, 0, 0, 0, 0, 0, 0, 0, 1, 0, 0, 0, 0, 0, 0, 0, 0, 0] (5.623s)
  Sub: Z₀=20.826758 [LOCAL] (0.3s), α=[0.000,0.000,0.000,0.000,0.000,0.000,0.000,0.000,0.000,0.000,0.000,0.000,0.000,0.000,2.095,0.000,0.000,0.000,0.000,0.000,0.000,0.000,0.000,0.000,0.000,6.997,1.217,0.507,0.000,0.000]
  Iter 339: LB=-10.978876  UB=14.045931  gap=1.78e+00
  Cut: intercept=-1121.642421, π_x_range=[-830.4301, 584.9284]

=== True-DRO Benders iter 340 ===
  OMP: t₀=-10.978875, UB=14.045931, gap=1.78e+00, x=[0, 0, 0, 0, 0, 0, 0, 0, 0, 0, 0, 0, 0, 0, 0, 1, 0, 0, 0, 0, 1, 0, 0, 0, 0, 0, 0, 0, 0, 0] (4.770s)
  Sub: Z₀=20.826758 [TIME_LIMIT] (15.4s), α=[0.000,0.000,0.000,0.000,0.000,0.000,0.000,0.000,0.000,0.000,0.000,0.000,0.000,0.000,2.095,0.000,0.000,0.000,0.000,0.000,0.000,0.000,0.000,0.000,0.000,6.997,0.928,0.796,0.000,0.000]
  Iter 340: LB=-10.978875  UB=14.045931  gap=1.78e+00
  Cut: intercept=-67.060019, π_x_range=[-271.0000, 67.8135]

=== True-DRO Benders iter 341 ===
  OMP: t₀=-10.978872, UB=14.045931, gap=1.78e+00, x=[0, 0, 0, 0, 0, 0, 0, 0, 0, 0, 0, 0, 0, 0, 0, 0, 1, 0, 0, 0, 1, 0, 0, 0, 0, 0, 0, 0, 0, 0] (4.820s)
  Sub: Z₀=20.826758 [LOCAL] (0.3s), α=[0.000,0.000,0.000,0.000,0.000,0.000,0.000,0.000,0.000,0.000,0.000,0.000,0.000,0.000,2.095,0.000,0.000,0.000,0.000,0.000,0.000,0.000,0.000,0.000,0.000,6.997,1.291,0.433,0.000,0.000]
  Iter 341: LB=-10.978872  UB=14.045931  gap=1.78e+00
  Cut: intercept=-1109.443277, π_x_range=[-832.5996, 585.0040]

=== True-DRO Benders iter 342 ===
  OMP: t₀=-10.978872, UB=14.045931, gap=1.78e+00, x=[0, 0, 0, 0, 0, 0, 0, 0, 0, 0, 0, 1, 0, 0, 0, 0, 0, 0, 0, 0, 0, 0, 0, 0, 1, 0, 0, 0, 0, 0] (5.034s)
  Sub: Z₀=20.826758 [LOCAL] (0.3s), α=[0.000,0.000,0.000,0.000,0.000,0.000,0.000,0.000,0.000,0.000,0.000,0.000,0.000,0.000,2.095,0.000,0.000,0.000,0.000,0.000,0.000,0.000,0.000,0.000,0.000,6.997,1.257,0.467,0.000,0.000]
  Iter 342: LB=-10.978872  UB=14.045931  gap=1.78e+00
  Cut: intercept=-1100.238706, π_x_range=[-832.8298, 562.3376]

=== True-DRO Benders iter 343 ===
  OMP: t₀=-10.978869, UB=14.045931, gap=1.78e+00, x=[0, 0, 0, 0, 0, 0, 0, 0, 0, 0, 0, 0, 1, 0, 0, 0, 0, 0, 0, 0, 0, 0, 0, 0, 1, 0, 0, 0, 0, 0] (5.286s)
  Sub: Z₀=20.826758 [LOCAL] (0.4s), α=[0.000,0.000,0.000,0.000,0.000,0.000,0.000,0.000,0.000,0.000,0.000,0.000,0.000,0.000,2.095,0.000,0.000,0.000,0.000,0.000,0.000,0.000,0.000,0.000,0.000,6.997,1.195,0.529,0.000,0.000]
  Iter 343: LB=-10.978869  UB=14.045931  gap=1.78e+00
  Cut: intercept=-1116.926401, π_x_range=[-832.6569, 578.9200]

=== True-DRO Benders iter 344 ===
  OMP: t₀=-10.978867, UB=14.045931, gap=1.78e+00, x=[0, 0, 1, 0, 0, 0, 0, 0, 0, 0, 0, 0, 0, 0, 0, 0, 0, 0, 0, 0, 0, 0, 0, 0, 1, 0, 0, 0, 0, 0] (5.685s)
  Sub: Z₀=20.826758 [LOCAL] (0.4s), α=[0.000,0.000,0.000,0.000,0.000,0.000,0.000,0.000,0.000,0.000,0.000,0.000,0.000,0.000,2.095,0.000,0.000,0.000,0.000,0.000,0.000,0.000,0.000,0.000,0.000,6.997,1.238,0.485,0.000,0.000]
  Iter 344: LB=-10.978867  UB=14.045931  gap=1.78e+00
  Cut: intercept=-1095.524789, π_x_range=[-830.4847, 558.8103]

=== True-DRO Benders iter 345 ===
  OMP: t₀=-10.978862, UB=14.045931, gap=1.78e+00, x=[0, 0, 0, 0, 0, 0, 0, 0, 0, 0, 0, 1, 0, 0, 0, 0, 0, 0, 0, 0, 0, 0, 0, 1, 0, 0, 0, 0, 0, 0] (4.505s)
  Sub: Z₀=20.826758 [TIME_LIMIT] (15.8s), α=[0.000,0.000,0.000,0.000,0.000,0.000,0.000,0.000,0.000,0.000,0.000,0.000,0.000,0.000,2.095,0.000,0.000,0.000,0.000,0.000,0.000,0.000,0.000,0.000,0.000,6.997,1.040,0.684,0.000,0.000]
  Iter 345: LB=-10.978862  UB=14.045931  gap=1.78e+00
  Cut: intercept=-49.712768, π_x_range=[-271.0000, 52.7471]

=== True-DRO Benders iter 346 ===
  OMP: t₀=-10.979135, UB=14.045931, gap=1.78e+00, x=[0, 0, 0, 0, 0, 0, 0, 0, 0, 0, 0, 0, 0, 0, 0, 0, 1, 0, 0, 0, 0, 0, 0, 0, 0, 0, 0, 0, 0, 0] (4.567s)
  Sub: Z₀=20.826758 [LOCAL] (0.3s), α=[0.000,0.000,0.000,0.000,0.000,0.000,0.000,0.000,0.000,0.000,0.000,0.000,0.000,0.000,2.095,0.000,0.000,0.000,0.000,0.000,0.000,0.000,0.000,0.000,0.000,6.997,1.311,0.412,0.000,0.000]
  Iter 346: LB=-10.979135  UB=14.045931  gap=1.78e+00
  Cut: intercept=-524.489437, π_x_range=[-832.6742, 545.3162]

=== True-DRO Benders iter 347 ===
  OMP: t₀=-10.978866, UB=14.045931, gap=1.78e+00, x=[0, 0, 0, 0, 0, 0, 0, 0, 0, 0, 0, 0, 0, 0, 0, 1, 0, 0, 0, 0, 0, 0, 0, 0, 1, 0, 0, 0, 0, 0] (6.088s)
  Sub: Z₀=20.826758 [LOCAL] (0.4s), α=[0.000,0.000,0.000,0.000,0.000,0.000,0.000,0.000,0.000,0.000,0.000,0.000,0.000,0.000,2.095,0.000,0.000,0.000,0.000,0.000,0.000,0.000,0.000,0.000,0.000,6.997,1.246,0.477,0.000,0.000]
  Iter 347: LB=-10.978866  UB=14.045931  gap=1.78e+00
  Cut: intercept=-1076.379465, π_x_range=[-832.0839, 558.7873]

=== True-DRO Benders iter 348 ===
  OMP: t₀=-10.978863, UB=14.045931, gap=1.78e+00, x=[0, 0, 0, 0, 0, 0, 0, 0, 0, 0, 0, 0, 0, 0, 0, 0, 1, 0, 0, 0, 0, 0, 0, 0, 1, 0, 0, 0, 0, 0] (5.392s)
  Sub: Z₀=20.826758 [LOCAL] (0.5s), α=[0.000,0.000,0.000,0.000,0.000,0.000,0.000,0.000,0.000,0.000,0.000,0.000,0.000,0.000,2.095,0.000,0.000,0.000,0.000,0.000,0.000,0.000,0.000,0.000,0.000,6.997,1.310,0.414,0.000,0.000]
  Iter 348: LB=-10.978863  UB=14.045931  gap=1.78e+00
  Cut: intercept=-1083.299953, π_x_range=[-832.6509, 558.8503]

=== True-DRO Benders iter 349 ===
  OMP: t₀=-10.978860, UB=14.045931, gap=1.78e+00, x=[0, 0, 0, 0, 0, 0, 0, 0, 0, 0, 0, 1, 0, 0, 0, 0, 0, 0, 0, 0, 0, 0, 0, 0, 0, 0, 0, 0, 0, 1] (4.952s)
  Sub: Z₀=20.826758 [LOCAL] (0.4s), α=[0.000,0.000,0.000,0.000,0.000,0.000,0.000,0.000,0.000,0.000,0.000,0.000,0.000,0.000,2.095,0.000,0.000,0.000,0.000,0.000,0.000,0.000,0.000,0.000,0.000,6.997,1.258,0.465,0.000,0.000]
  Iter 349: LB=-10.978860  UB=14.045931  gap=1.78e+00
  Cut: intercept=-1131.137498, π_x_range=[-832.9120, 589.6715]

=== True-DRO Benders iter 350 ===
  OMP: t₀=-10.978860, UB=14.045931, gap=1.78e+00, x=[0, 0, 0, 0, 0, 0, 0, 0, 0, 0, 0, 0, 0, 0, 0, 0, 0, 0, 0, 0, 1, 0, 0, 0, 1, 0, 0, 0, 0, 0] (7.123s)
  Sub: Z₀=20.826758 [TIME_LIMIT] (15.5s), α=[0.000,0.000,0.000,0.000,0.000,0.000,0.000,0.000,0.000,0.000,0.000,0.000,0.000,0.000,2.095,0.000,0.000,0.000,0.000,0.000,0.000,0.000,0.000,0.000,0.000,6.997,0.917,0.807,0.000,0.000]
  Iter 350: LB=-10.978860  UB=14.045931  gap=1.78e+00
  Cut: intercept=-47.017237, π_x_range=[-271.0000, 47.7693]

=== True-DRO Benders iter 351 ===
  OMP: t₀=-10.978857, UB=14.045931, gap=1.78e+00, x=[0, 0, 1, 0, 0, 0, 0, 0, 0, 0, 0, 0, 0, 0, 0, 0, 0, 0, 0, 0, 0, 0, 0, 1, 0, 0, 0, 0, 0, 0] (4.838s)
  Sub: Z₀=20.826758 [LOCAL] (0.3s), α=[0.000,0.000,0.000,0.000,0.000,0.000,0.000,0.000,0.000,0.000,0.000,0.000,0.000,0.000,2.095,0.000,0.000,0.000,0.000,0.000,0.000,0.000,0.000,0.000,0.000,6.997,1.268,0.456,0.000,0.000]
  Iter 351: LB=-10.978857  UB=14.045931  gap=1.78e+00
  Cut: intercept=-1117.399213, π_x_range=[-830.4387, 580.7099]

=== True-DRO Benders iter 352 ===
  OMP: t₀=-10.978858, UB=14.045931, gap=1.78e+00, x=[0, 0, 0, 0, 0, 0, 0, 0, 0, 0, 0, 0, 1, 0, 0, 0, 0, 0, 0, 0, 0, 0, 0, 1, 0, 0, 0, 0, 0, 0] (5.386s)
  Sub: Z₀=20.826758 [LOCAL] (0.3s), α=[0.000,0.000,0.000,0.000,0.000,0.000,0.000,0.000,0.000,0.000,0.000,0.000,0.000,0.000,2.095,0.000,0.000,0.000,0.000,0.000,0.000,0.000,0.000,0.000,0.000,6.997,1.228,0.496,0.000,0.000]
  Iter 352: LB=-10.978858  UB=14.045931  gap=1.78e+00
  Cut: intercept=-1138.890381, π_x_range=[-832.6204, 580.7195]

=== True-DRO Benders iter 353 ===
  OMP: t₀=-10.978857, UB=14.045931, gap=1.78e+00, x=[0, 0, 0, 0, 0, 0, 0, 0, 0, 0, 0, 0, 1, 0, 0, 0, 0, 0, 0, 0, 0, 0, 0, 0, 0, 0, 0, 0, 0, 1] (4.837s)
  Sub: Z₀=20.826758 [LOCAL] (0.3s), α=[0.000,0.000,0.000,0.000,0.000,0.000,0.000,0.000,0.000,0.000,0.000,0.000,0.000,0.000,2.095,0.000,0.000,0.000,0.000,0.000,0.000,0.000,0.000,0.000,0.000,6.997,1.196,0.527,0.000,0.000]
  Iter 353: LB=-10.978857  UB=14.045931  gap=1.78e+00
  Cut: intercept=-1147.840242, π_x_range=[-832.7383, 589.7011]

=== True-DRO Benders iter 354 ===
  OMP: t₀=-10.978852, UB=14.045931, gap=1.78e+00, x=[0, 0, 0, 0, 0, 0, 0, 0, 0, 0, 0, 0, 0, 0, 0, 0, 1, 0, 0, 0, 0, 0, 0, 0, 0, 0, 0, 0, 0, 1] (4.763s)
  Sub: Z₀=20.826758 [LOCAL] (0.3s), α=[0.000,0.000,0.000,0.000,0.000,0.000,0.000,0.000,0.000,0.000,0.000,0.000,0.000,0.000,2.095,0.000,0.000,0.000,0.000,0.000,0.000,0.000,0.000,0.000,0.000,6.997,1.311,0.412,0.000,0.000]
  Iter 354: LB=-10.978852  UB=14.045931  gap=1.78e+00
  Cut: intercept=-1114.174090, π_x_range=[-832.7340, 589.7215]

=== True-DRO Benders iter 355 ===
  OMP: t₀=-10.978856, UB=14.045931, gap=1.78e+00, x=[0, 0, 0, 0, 0, 0, 0, 0, 0, 0, 0, 0, 0, 0, 0, 1, 0, 0, 0, 0, 0, 0, 0, 1, 0, 0, 0, 0, 0, 0] (4.304s)
  Sub: Z₀=20.826758 [TIME_LIMIT] (15.5s), α=[0.000,0.000,0.000,0.000,0.000,0.000,0.000,0.000,0.000,0.000,0.000,0.000,0.000,0.000,2.095,0.000,0.000,0.000,0.000,0.000,0.000,0.000,0.000,0.000,0.000,6.997,1.019,0.705,0.000,0.000]
  Iter 355: LB=-10.978856  UB=14.045931  gap=1.78e+00
  Cut: intercept=-64.908679, π_x_range=[-271.0000, 67.9540]

=== True-DRO Benders iter 356 ===
  OMP: t₀=-10.979173, UB=14.045931, gap=1.78e+00, x=[0, 0, 1, 0, 0, 0, 0, 0, 0, 0, 0, 0, 0, 0, 0, 0, 0, 0, 0, 0, 0, 0, 0, 0, 0, 0, 0, 0, 0, 0] (4.500s)
  Sub: Z₀=20.826758 [LOCAL] (0.3s), α=[0.000,0.000,0.000,0.000,0.000,0.000,0.000,0.000,0.000,0.000,0.000,0.000,0.000,0.000,2.095,0.000,0.000,0.000,0.000,0.000,0.000,0.000,0.000,0.000,0.000,6.997,1.239,0.484,0.000,0.000]
  Iter 356: LB=-10.979173  UB=14.045931  gap=1.78e+00
  Cut: intercept=-536.712339, π_x_range=[-830.4953, 557.5391]

=== True-DRO Benders iter 357 ===
  OMP: t₀=-10.978855, UB=14.045931, gap=1.78e+00, x=[0, 0, 1, 0, 0, 0, 0, 0, 0, 0, 0, 0, 0, 0, 0, 0, 0, 0, 0, 0, 0, 0, 0, 0, 0, 0, 0, 0, 0, 1] (4.217s)
  Sub: Z₀=20.826758 [LOCAL] (0.3s), α=[0.000,0.000,0.000,0.000,0.000,0.000,0.000,0.000,0.000,0.000,0.000,0.000,0.000,0.000,2.095,0.000,0.000,0.000,0.000,0.000,0.000,0.000,0.000,0.000,0.000,6.997,1.240,0.484,0.000,0.000]
  Iter 357: LB=-10.978855  UB=14.045931  gap=1.78e+00
  Cut: intercept=-1126.443992, π_x_range=[-830.5482, 589.6923]

=== True-DRO Benders iter 358 ===
  OMP: t₀=-10.978853, UB=14.045931, gap=1.78e+00, x=[0, 0, 0, 0, 0, 0, 0, 0, 0, 0, 0, 0, 0, 0, 0, 0, 1, 0, 0, 0, 0, 0, 0, 1, 0, 0, 0, 0, 0, 0] (6.447s)
  Sub: Z₀=20.826758 [LOCAL] (0.3s), α=[0.000,0.000,0.000,0.000,0.000,0.000,0.000,0.000,0.000,0.000,0.000,0.000,0.000,0.000,2.095,0.000,0.000,0.000,0.000,0.000,0.000,0.000,0.000,0.000,0.000,6.997,1.333,0.391,0.000,0.000]
  Iter 358: LB=-10.978853  UB=14.045931  gap=1.78e+00
  Cut: intercept=-1105.220697, π_x_range=[-832.6142, 580.7541]

=== True-DRO Benders iter 359 ===
  OMP: t₀=-10.978854, UB=14.045931, gap=1.78e+00, x=[0, 0, 0, 0, 0, 0, 0, 0, 0, 0, 0, 0, 0, 0, 0, 1, 0, 0, 0, 0, 0, 0, 0, 0, 0, 0, 0, 0, 0, 1] (4.622s)
  Sub: Z₀=20.826758 [LOCAL] (0.3s), α=[0.000,0.000,0.000,0.000,0.000,0.000,0.000,0.000,0.000,0.000,0.000,0.000,0.000,0.000,2.095,0.000,0.000,0.000,0.000,0.000,0.000,0.000,0.000,0.000,0.000,6.997,1.248,0.476,0.000,0.000]
  Iter 359: LB=-10.978854  UB=14.045931  gap=1.78e+00
  Cut: intercept=-1107.281215, π_x_range=[-832.1713, 589.6925]

=== True-DRO Benders iter 360 ===
  OMP: t₀=-10.978850, UB=14.045931, gap=1.78e+00, x=[0, 0, 0, 0, 0, 0, 0, 0, 0, 0, 0, 1, 0, 0, 0, 0, 0, 0, 0, 0, 0, 0, 0, 0, 0, 0, 0, 0, 1, 0] (4.975s)
  Sub: Z₀=20.826758 [TIME_LIMIT] (15.6s), α=[0.000,0.000,0.000,0.000,0.000,0.000,0.000,0.000,0.000,0.000,0.000,0.000,0.000,0.000,2.095,0.000,0.000,0.000,0.000,0.000,0.000,0.000,0.000,0.000,0.000,6.997,0.993,0.730,0.000,0.000]
  Iter 360: LB=-10.978850  UB=14.045931  gap=1.78e+00
  Cut: intercept=-99.614434, π_x_range=[-271.0000, 67.7190]

=== True-DRO Benders iter 361 ===
  OMP: t₀=-10.978850, UB=14.045931, gap=1.78e+00, x=[0, 0, 0, 0, 0, 0, 0, 0, 0, 0, 0, 0, 0, 0, 0, 0, 0, 0, 0, 0, 1, 0, 0, 1, 0, 0, 0, 0, 0, 0] (5.188s)
  Sub: Z₀=20.826758 [LOCAL] (0.3s), α=[0.000,0.000,0.000,0.000,0.000,0.000,0.000,0.000,0.000,0.000,0.000,0.000,0.000,0.000,2.095,0.000,0.000,0.000,0.000,0.000,0.000,0.000,0.000,0.000,0.000,6.997,1.250,0.474,0.000,0.000]
  Iter 361: LB=-10.978850  UB=14.045931  gap=1.78e+00
  Cut: intercept=-1144.752389, π_x_range=[-832.5545, 584.8788]

=== True-DRO Benders iter 362 ===
  OMP: t₀=-10.978847, UB=14.045931, gap=1.78e+00, x=[0, 0, 0, 0, 0, 0, 0, 0, 0, 0, 0, 0, 1, 0, 0, 0, 0, 0, 0, 0, 0, 0, 0, 0, 0, 0, 0, 0, 1, 0] (4.322s)
  Sub: Z₀=20.826758 [LOCAL] (0.4s), α=[0.000,0.000,0.000,0.000,0.000,0.000,0.000,0.000,0.000,0.000,0.000,0.000,0.000,0.000,2.095,0.000,0.000,0.000,0.000,0.000,0.000,0.000,0.000,0.000,0.000,6.997,1.197,0.527,0.000,0.000]
  Iter 362: LB=-10.978847  UB=14.045931  gap=1.78e+00
  Cut: intercept=-1098.004046, π_x_range=[-832.5695, 578.8531]

=== True-DRO Benders iter 363 ===
  OMP: t₀=-10.978848, UB=14.045931, gap=1.78e+00, x=[0, 0, 0, 0, 0, 0, 0, 0, 0, 0, 0, 0, 0, 0, 0, 0, 0, 0, 0, 0, 1, 0, 0, 0, 0, 0, 0, 0, 0, 1] (6.703s)
  Sub: Z₀=20.826758 [LOCAL] (0.4s), α=[0.000,0.000,0.000,0.000,0.000,0.000,0.000,0.000,0.000,0.000,0.000,0.000,0.000,0.000,2.095,0.000,0.000,0.000,0.000,0.000,0.000,0.000,0.000,0.000,0.000,6.997,1.220,0.503,0.000,0.000]
  Iter 363: LB=-10.978848  UB=14.045931  gap=1.78e+00
  Cut: intercept=-1153.755865, π_x_range=[-832.6684, 589.6094]

=== True-DRO Benders iter 364 ===
  OMP: t₀=-10.978844, UB=14.045931, gap=1.78e+00, x=[0, 0, 0, 0, 0, 0, 0, 0, 0, 0, 0, 0, 0, 0, 0, 1, 0, 0, 0, 0, 0, 0, 0, 0, 0, 0, 0, 0, 1, 0] (5.135s)
  Sub: Z₀=20.826758 [LOCAL] (0.4s), α=[0.000,0.000,0.000,0.000,0.000,0.000,0.000,0.000,0.000,0.000,0.000,0.000,0.000,0.000,2.095,0.000,0.000,0.000,0.000,0.000,0.000,0.000,0.000,0.000,0.000,6.997,1.248,0.476,0.000,0.000]
  Iter 364: LB=-10.978844  UB=14.045931  gap=1.78e+00
  Cut: intercept=-1057.471624, π_x_range=[-832.0465, 539.9559]

=== True-DRO Benders iter 365 ===
  OMP: t₀=-10.978842, UB=14.045931, gap=1.78e+00, x=[0, 0, 0, 0, 0, 0, 0, 0, 0, 0, 0, 0, 0, 0, 0, 0, 1, 0, 0, 0, 0, 0, 0, 0, 0, 0, 0, 0, 1, 0] (5.084s)
  Sub: Z₀=20.826758 [TIME_LIMIT] (15.9s), α=[0.000,0.000,0.000,0.000,0.000,0.000,0.000,0.000,0.000,0.000,0.000,0.000,0.000,0.000,2.095,0.000,0.000,0.000,0.000,0.000,0.000,0.000,0.000,0.000,0.000,6.997,1.090,0.633,0.000,0.000]
  Iter 365: LB=-10.978842  UB=14.045931  gap=1.78e+00
  Cut: intercept=-100.910478, π_x_range=[-271.0000, 67.7005]

=== True-DRO Benders iter 366 ===
  OMP: t₀=-10.978841, UB=14.045931, gap=1.78e+00, x=[0, 0, 0, 0, 0, 0, 0, 0, 0, 0, 0, 0, 0, 0, 0, 0, 0, 0, 0, 0, 0, 0, 0, 1, 1, 0, 0, 0, 0, 0] (4.931s)
  Sub: Z₀=20.826758 [LOCAL] (0.3s), α=[0.000,0.000,0.000,0.000,0.000,0.000,0.000,0.000,0.000,0.000,0.000,0.000,0.000,0.000,2.095,0.000,0.000,0.000,0.000,0.000,0.000,0.000,0.000,0.000,0.000,6.997,1.270,0.454,0.000,0.000]
  Iter 366: LB=-10.978841  UB=14.045931  gap=1.78e+00
  Cut: intercept=-1118.571572, π_x_range=[-832.6055, 580.7083]

=== True-DRO Benders iter 367 ===
  OMP: t₀=-10.978839, UB=14.045931, gap=1.78e+00, x=[0, 0, 0, 0, 0, 0, 0, 0, 0, 0, 0, 0, 0, 0, 0, 0, 0, 0, 0, 0, 0, 0, 0, 0, 1, 0, 0, 0, 0, 1] (6.696s)
  Sub: Z₀=20.826758 [LOCAL] (0.4s), α=[0.000,0.000,0.000,0.000,0.000,0.000,0.000,0.000,0.000,0.000,0.000,0.000,0.000,0.000,2.095,0.000,0.000,0.000,0.000,0.000,0.000,0.000,0.000,0.000,0.000,6.997,1.242,0.482,0.000,0.000]
  Iter 367: LB=-10.978839  UB=14.045931  gap=1.78e+00
  Cut: intercept=-1127.704198, π_x_range=[-832.7207, 589.6536]

=== True-DRO Benders iter 368 ===
  OMP: t₀=-10.978838, UB=14.045931, gap=1.78e+00, x=[0, 0, 0, 0, 0, 0, 0, 0, 0, 0, 0, 0, 0, 0, 0, 0, 0, 0, 0, 0, 1, 0, 0, 0, 0, 0, 0, 0, 1, 0] (4.701s)
  Sub: Z₀=20.826758 [LOCAL] (0.4s), α=[0.000,0.000,0.000,0.000,0.000,0.000,0.000,0.000,0.000,0.000,0.000,0.000,0.000,0.000,2.095,0.000,0.000,0.000,0.000,0.000,0.000,0.000,0.000,0.000,0.000,6.997,1.221,0.503,0.000,0.000]
  Iter 368: LB=-10.978838  UB=14.045931  gap=1.78e+00
  Cut: intercept=-1104.084876, π_x_range=[-832.4986, 584.9514]

=== True-DRO Benders iter 369 ===
  OMP: t₀=-10.978829, UB=14.045931, gap=1.78e+00, x=[0, 0, 0, 0, 0, 0, 0, 0, 0, 0, 0, 0, 0, 0, 0, 0, 0, 0, 0, 0, 0, 0, 0, 1, 0, 0, 0, 0, 0, 1] (6.238s)
  Sub: Z₀=20.826758 [LOCAL] (0.3s), α=[0.000,0.000,0.000,0.000,0.000,0.000,0.000,0.000,0.000,0.000,0.000,0.000,0.000,0.000,2.095,0.000,0.000,0.000,0.000,0.000,0.000,0.000,0.000,0.000,0.000,6.997,1.271,0.452,0.000,0.000]
  Iter 369: LB=-10.978829  UB=14.045931  gap=1.78e+00
  Cut: intercept=-1149.654011, π_x_range=[-832.6832, 589.6212]

=== True-DRO Benders iter 370 ===
  OMP: t₀=-10.978829, UB=14.045931, gap=1.78e+00, x=[0, 0, 0, 0, 0, 0, 0, 0, 0, 0, 0, 0, 0, 0, 0, 0, 0, 0, 0, 0, 0, 0, 0, 0, 1, 0, 0, 0, 1, 0] (5.608s)
  Sub: Z₀=20.826758 [TIME_LIMIT] (15.9s), α=[0.000,0.000,0.000,0.000,0.000,0.000,0.000,0.000,0.000,0.000,0.000,0.000,0.000,0.000,2.095,0.000,0.000,0.000,0.000,0.000,0.000,0.000,0.000,0.000,0.000,6.997,0.960,0.763,0.000,0.000]
  Iter 370: LB=-10.978829  UB=14.045931  gap=1.78e+00
  Cut: intercept=-94.722874, π_x_range=[-271.0000, 67.7075]

=== True-DRO Benders iter 371 ===
  OMP: t₀=-10.978819, UB=14.045931, gap=1.78e+00, x=[0, 0, 0, 0, 0, 0, 0, 0, 0, 0, 0, 0, 0, 0, 0, 0, 0, 0, 0, 0, 0, 0, 0, 1, 0, 0, 0, 0, 1, 0] (4.588s)
  Sub: Z₀=20.826758 [LOCAL] (0.4s), α=[0.000,0.000,0.000,0.000,0.000,0.000,0.000,0.000,0.000,0.000,0.000,0.000,0.000,0.000,2.095,0.000,0.000,0.000,0.000,0.000,0.000,0.000,0.000,0.000,0.000,6.997,1.272,0.452,0.000,0.000]
  Iter 371: LB=-10.978819  UB=14.045931  gap=1.78e+00
  Cut: intercept=-1099.788632, π_x_range=[-832.5125, 580.7485]

=== True-DRO Benders iter 372 ===
  OMP: t₀=-10.978818, UB=14.045931, gap=1.78e+00, x=[0, 0, 0, 0, 0, 1, 0, 0, 0, 0, 0, 1, 0, 0, 0, 0, 0, 0, 0, 0, 0, 0, 0, 0, 0, 0, 0, 0, 0, 0] (6.357s)
  Sub: Z₀=20.826758 [LOCAL] (0.3s), α=[0.000,0.000,0.000,0.000,0.000,0.000,0.000,0.000,0.000,0.000,0.000,0.000,0.000,0.000,2.095,0.000,0.000,0.000,0.000,0.000,0.000,0.000,0.000,0.000,0.000,6.997,1.259,0.465,0.000,0.000]
  Iter 372: LB=-10.978818  UB=14.045931  gap=1.78e+00
  Cut: intercept=-1111.488709, π_x_range=[-832.6802, 569.8660]

=== True-DRO Benders iter 373 ===
  OMP: t₀=-10.978818, UB=14.045931, gap=1.78e+00, x=[0, 0, 0, 0, 0, 0, 0, 0, 0, 0, 0, 0, 0, 0, 0, 0, 0, 0, 0, 0, 0, 0, 0, 0, 0, 0, 0, 0, 1, 1] (5.769s)
  Sub: Z₀=20.826758 [LOCAL] (0.3s), α=[0.000,0.000,0.000,0.000,0.000,0.000,0.000,0.000,0.000,0.000,0.000,0.000,0.000,0.000,2.095,0.000,0.000,0.000,0.000,0.000,0.000,0.000,0.000,0.000,0.000,6.997,1.243,0.480,0.000,0.000]
  Iter 373: LB=-10.978818  UB=14.045931  gap=1.78e+00
  Cut: intercept=-1109.063247, π_x_range=[-832.6346, 589.7787]

=== True-DRO Benders iter 374 ===
  OMP: t₀=-10.978815, UB=14.045931, gap=1.78e+00, x=[0, 0, 0, 0, 0, 1, 0, 0, 0, 0, 0, 0, 1, 0, 0, 0, 0, 0, 0, 0, 0, 0, 0, 0, 0, 0, 0, 0, 0, 0] (5.223s)
  Sub: Z₀=20.826758 [LOCAL] (0.3s), α=[0.000,0.000,0.000,0.000,0.000,0.000,0.000,0.000,0.000,0.000,0.000,0.000,0.000,0.000,2.095,0.000,0.000,0.000,0.000,0.000,0.000,0.000,0.000,0.000,0.000,6.997,1.197,0.527,0.000,0.000]
  Iter 374: LB=-10.978815  UB=14.045931  gap=1.78e+00
  Cut: intercept=-1128.031936, π_x_range=[-832.5065, 578.9770]

=== True-DRO Benders iter 375 ===
  OMP: t₀=-10.978813, UB=14.045931, gap=1.78e+00, x=[0, 0, 1, 0, 0, 1, 0, 0, 0, 0, 0, 0, 0, 0, 0, 0, 0, 0, 0, 0, 0, 0, 0, 0, 0, 0, 0, 0, 0, 0] (5.060s)
  Sub: Z₀=20.826758 [TIME_LIMIT] (15.7s), α=[0.000,0.000,0.000,0.000,0.000,0.000,0.000,0.000,0.000,0.000,0.000,0.000,0.000,0.000,2.095,0.000,0.000,0.000,0.000,0.000,0.000,0.000,0.000,0.000,0.000,6.997,0.953,0.770,0.000,0.000]
  Iter 375: LB=-10.978813  UB=14.045931  gap=1.78e+00
  Cut: intercept=-54.012125, π_x_range=[-271.0000, 43.3451]

=== True-DRO Benders iter 376 ===
  OMP: t₀=-10.978812, UB=14.045931, gap=1.78e+00, x=[0, 0, 0, 0, 0, 1, 0, 0, 0, 0, 0, 0, 0, 0, 0, 1, 0, 0, 0, 0, 0, 0, 0, 0, 0, 0, 0, 0, 0, 0] (4.381s)
  Sub: Z₀=20.826758 [LOCAL] (0.3s), α=[0.000,0.000,0.000,0.000,0.000,0.000,0.000,0.000,0.000,0.000,0.000,0.000,0.000,0.000,2.095,0.000,0.000,0.000,0.000,0.000,0.000,0.000,0.000,0.000,0.000,6.997,1.248,0.476,0.000,0.000]
  Iter 376: LB=-10.978812  UB=14.045931  gap=1.78e+00
  Cut: intercept=-1087.561877, π_x_range=[-831.9847, 569.8866]

=== True-DRO Benders iter 377 ===
  OMP: t₀=-10.978810, UB=14.045931, gap=1.78e+00, x=[0, 0, 0, 0, 0, 1, 0, 0, 0, 0, 0, 0, 0, 0, 0, 0, 1, 0, 0, 0, 0, 0, 0, 0, 0, 0, 0, 0, 0, 0] (6.937s)
  Sub: Z₀=20.826758 [LOCAL] (0.3s), α=[0.000,0.000,0.000,0.000,0.000,0.000,0.000,0.000,0.000,0.000,0.000,0.000,0.000,0.000,2.095,0.000,0.000,0.000,0.000,0.000,0.000,0.000,0.000,0.000,0.000,6.997,1.311,0.412,0.000,0.000]
  Iter 377: LB=-10.978810  UB=14.045931  gap=1.78e+00
  Cut: intercept=-1094.330376, π_x_range=[-832.4997, 569.8760]

=== True-DRO Benders iter 378 ===
  OMP: t₀=-10.978806, UB=14.045931, gap=1.78e+00, x=[0, 0, 0, 0, 0, 1, 0, 0, 0, 0, 0, 0, 0, 0, 0, 0, 0, 0, 0, 0, 1, 0, 0, 0, 0, 0, 0, 0, 0, 0] (4.670s)
  Sub: Z₀=20.826758 [LOCAL] (0.3s), α=[0.000,0.000,0.000,0.000,0.000,0.000,0.000,0.000,0.000,0.000,0.000,0.000,0.000,0.000,2.095,0.000,0.000,0.000,0.000,0.000,0.000,0.000,0.000,0.000,0.000,6.997,1.221,0.503,0.000,0.000]
  Iter 378: LB=-10.978806  UB=14.045931  gap=1.78e+00
  Cut: intercept=-1133.925180, π_x_range=[-832.4417, 584.9002]

=== True-DRO Benders iter 379 ===
  OMP: t₀=-10.978797, UB=14.045931, gap=1.78e+00, x=[0, 0, 0, 0, 0, 1, 0, 0, 0, 0, 0, 0, 0, 0, 0, 0, 0, 0, 0, 0, 0, 0, 0, 0, 1, 0, 0, 0, 0, 0] (6.401s)
  Sub: Z₀=20.826758 [LOCAL] (0.3s), α=[0.000,0.000,0.000,0.000,0.000,0.000,0.000,0.000,0.000,0.000,0.000,0.000,0.000,0.000,2.095,0.000,0.000,0.000,0.000,0.000,0.000,0.000,0.000,0.000,0.000,6.997,1.242,0.482,0.000,0.000]
  Iter 379: LB=-10.978797  UB=14.045931  gap=1.78e+00
  Cut: intercept=-1107.802398, π_x_range=[-832.4718, 569.8849]

=== True-DRO Benders iter 380 ===
  OMP: t₀=-10.978787, UB=14.045931, gap=1.78e+00, x=[0, 0, 0, 0, 0, 1, 0, 0, 0, 0, 0, 0, 0, 0, 0, 0, 0, 0, 0, 0, 0, 0, 0, 1, 0, 0, 0, 0, 0, 0] (4.469s)
  Sub: Z₀=20.826758 [TIME_LIMIT] (15.6s), α=[0.000,0.000,0.000,0.000,0.000,0.000,0.000,0.000,0.000,0.000,0.000,0.000,0.000,0.000,2.095,0.000,0.000,0.000,0.000,0.000,0.000,0.000,0.000,0.000,0.000,6.997,1.011,0.712,0.000,0.000]
  Iter 380: LB=-10.978787  UB=14.045931  gap=1.78e+00
  Cut: intercept=-28.492480, π_x_range=[-271.0000, 31.5646]

=== True-DRO Benders iter 381 ===
  OMP: t₀=-10.978790, UB=14.045931, gap=1.78e+00, x=[1, 0, 0, 0, 0, 0, 0, 0, 0, 0, 0, 1, 0, 0, 0, 0, 0, 0, 0, 0, 0, 0, 0, 0, 0, 0, 0, 0, 0, 0] (4.596s)
  Sub: Z₀=20.826758 [LOCAL] (0.3s), α=[0.000,0.000,0.000,0.000,0.000,0.000,0.000,0.000,0.000,0.000,0.000,0.000,0.000,0.000,2.095,0.000,0.000,0.000,0.000,0.000,0.000,0.000,0.000,0.000,0.000,6.997,1.258,0.466,0.000,0.000]
  Iter 381: LB=-10.978790  UB=14.045931  gap=1.78e+00
  Cut: intercept=-1104.100123, π_x_range=[-832.8607, 562.5321]

=== True-DRO Benders iter 382 ===
  OMP: t₀=-10.978790, UB=14.045931, gap=1.78e+00, x=[0, 1, 0, 0, 0, 0, 0, 0, 0, 0, 0, 1, 0, 0, 0, 0, 0, 0, 0, 0, 0, 0, 0, 0, 0, 0, 0, 0, 0, 0] (6.003s)
  Sub: Z₀=20.826758 [LOCAL] (0.3s), α=[0.000,0.000,0.000,0.000,0.000,0.000,0.000,0.000,0.000,0.000,0.000,0.000,0.000,0.000,2.095,0.000,0.000,0.000,0.000,0.000,0.000,0.000,0.000,0.000,0.000,6.997,1.258,0.466,0.000,0.000]
  Iter 382: LB=-10.978790  UB=14.045931  gap=1.78e+00
  Cut: intercept=-1096.780399, π_x_range=[-832.8651, 562.3808]

=== True-DRO Benders iter 383 ===
  OMP: t₀=-10.978786, UB=14.045931, gap=1.78e+00, x=[0, 0, 0, 0, 0, 1, 0, 0, 0, 0, 0, 0, 0, 0, 0, 0, 0, 0, 0, 0, 0, 0, 0, 0, 0, 0, 0, 0, 0, 1] (7.575s)
  Sub: Z₀=20.826758 [LOCAL] (0.4s), α=[0.000,0.000,0.000,0.000,0.000,0.000,0.000,0.000,0.000,0.000,0.000,0.000,0.000,0.000,2.095,0.000,0.000,0.000,0.000,0.000,0.000,0.000,0.000,0.000,0.000,6.997,1.243,0.480,0.000,0.000]
  Iter 383: LB=-10.978786  UB=14.045931  gap=1.78e+00
  Cut: intercept=-1138.748872, π_x_range=[-832.5677, 589.6831]

=== True-DRO Benders iter 384 ===
  OMP: t₀=-10.978787, UB=14.045931, gap=1.78e+00, x=[1, 0, 0, 0, 0, 0, 0, 0, 0, 0, 0, 0, 1, 0, 0, 0, 0, 0, 0, 0, 0, 0, 0, 0, 0, 0, 0, 0, 0, 0] (5.102s)
  Sub: Z₀=20.826758 [LOCAL] (0.3s), α=[0.000,0.000,0.000,0.000,0.000,0.000,0.000,0.000,0.000,0.000,0.000,0.000,0.000,0.000,2.095,0.000,0.000,0.000,0.000,0.000,0.000,0.000,0.000,0.000,0.000,6.997,1.196,0.528,0.000,0.000]
  Iter 384: LB=-10.978787  UB=14.045931  gap=1.78e+00
  Cut: intercept=-1120.632121, π_x_range=[-832.6872, 578.9735]

=== True-DRO Benders iter 385 ===
  OMP: t₀=-10.978787, UB=14.045931, gap=1.78e+00, x=[0, 1, 0, 0, 0, 0, 0, 0, 0, 0, 0, 0, 1, 0, 0, 0, 0, 0, 0, 0, 0, 0, 0, 0, 0, 0, 0, 0, 0, 0] (5.507s)
  Sub: Z₀=20.826759 [TIME_LIMIT] (15.6s), α=[0.000,0.000,0.000,0.000,0.000,0.000,0.000,0.000,0.000,0.000,0.000,0.000,0.000,0.000,2.095,0.000,0.000,0.000,0.000,0.000,0.000,0.000,0.000,0.000,0.000,6.997,0.885,0.838,0.000,0.000]
  Iter 385: LB=-10.978787  UB=14.045931  gap=1.78e+00
  Cut: intercept=0.510925, π_x_range=[-271.0000, 20.3158]

=== True-DRO Benders iter 386 ===
  OMP: t₀=-10.978785, UB=14.045931, gap=1.78e+00, x=[0, 1, 1, 0, 0, 0, 0, 0, 0, 0, 0, 0, 0, 0, 0, 0, 0, 0, 0, 0, 0, 0, 0, 0, 0, 0, 0, 0, 0, 0] (4.948s)
  Sub: Z₀=20.826758 [LOCAL] (0.3s), α=[0.000,0.000,0.000,0.000,0.000,0.000,0.000,0.000,0.000,0.000,0.000,0.000,0.000,0.000,2.095,0.000,0.000,0.000,0.000,0.000,0.000,0.000,0.000,0.000,0.000,6.997,1.239,0.484,0.000,0.000]
  Iter 386: LB=-10.978785  UB=14.045931  gap=1.78e+00
  Cut: intercept=-1091.725809, π_x_range=[-830.5060, 557.5442]

=== True-DRO Benders iter 387 ===
  OMP: t₀=-10.978785, UB=14.045931, gap=1.78e+00, x=[1, 0, 1, 0, 0, 0, 0, 0, 0, 0, 0, 0, 0, 0, 0, 0, 0, 0, 0, 0, 0, 0, 0, 0, 0, 0, 0, 0, 0, 0] (4.435s)
  Sub: Z₀=20.826758 [LOCAL] (0.4s), α=[0.000,0.000,0.000,0.000,0.000,0.000,0.000,0.000,0.000,0.000,0.000,0.000,0.000,0.000,2.095,0.000,0.000,0.000,0.000,0.000,0.000,0.000,0.000,0.000,0.000,6.997,1.239,0.485,0.000,0.000]
  Iter 387: LB=-10.978785  UB=14.045931  gap=1.78e+00
  Cut: intercept=-1099.199853, π_x_range=[-830.5016, 562.4850]

=== True-DRO Benders iter 388 ===
  OMP: t₀=-10.978784, UB=14.045931, gap=1.78e+00, x=[0, 1, 0, 0, 0, 0, 0, 0, 0, 0, 0, 0, 0, 0, 0, 1, 0, 0, 0, 0, 0, 0, 0, 0, 0, 0, 0, 0, 0, 0] (4.640s)
  Sub: Z₀=20.826758 [LOCAL] (0.3s), α=[0.000,0.000,0.000,0.000,0.000,0.000,0.000,0.000,0.000,0.000,0.000,0.000,0.000,0.000,2.095,0.000,0.000,0.000,0.000,0.000,0.000,0.000,0.000,0.000,0.000,6.997,1.248,0.476,0.000,0.000]
  Iter 388: LB=-10.978784  UB=14.045931  gap=1.78e+00
  Cut: intercept=-1072.722876, π_x_range=[-832.1270, 555.0511]

=== True-DRO Benders iter 389 ===
  OMP: t₀=-10.978784, UB=14.045931, gap=1.78e+00, x=[1, 0, 0, 0, 0, 0, 0, 0, 0, 0, 0, 0, 0, 0, 0, 1, 0, 0, 0, 0, 0, 0, 0, 0, 0, 0, 0, 0, 0, 0] (4.882s)
  Sub: Z₀=20.826758 [LOCAL] (0.4s), α=[0.000,0.000,0.000,0.000,0.000,0.000,0.000,0.000,0.000,0.000,0.000,0.000,0.000,0.000,2.095,0.000,0.000,0.000,0.000,0.000,0.000,0.000,0.000,0.000,0.000,6.997,1.247,0.476,0.000,0.000]
  Iter 389: LB=-10.978784  UB=14.045931  gap=1.78e+00
  Cut: intercept=-1080.196310, π_x_range=[-832.1225, 562.5026]

=== True-DRO Benders iter 390 ===
  OMP: t₀=-10.978782, UB=14.045931, gap=1.78e+00, x=[1, 0, 0, 0, 0, 0, 0, 0, 0, 0, 0, 0, 0, 0, 0, 0, 1, 0, 0, 0, 0, 0, 0, 0, 0, 0, 0, 0, 0, 0] (5.997s)
  Sub: Z₀=20.826758 [TIME_LIMIT] (15.7s), α=[0.000,0.000,0.000,0.000,0.000,0.000,0.000,0.000,0.000,0.000,0.000,0.000,0.000,0.000,2.095,0.000,0.000,0.000,0.000,0.000,0.000,0.000,0.000,0.000,0.000,6.997,1.091,0.633,0.000,0.000]
  Iter 390: LB=-10.978782  UB=14.045931  gap=1.78e+00
  Cut: intercept=-33.039026, π_x_range=[-271.0000, 53.8658]

=== True-DRO Benders iter 391 ===
  OMP: t₀=-10.978782, UB=14.045931, gap=1.78e+00, x=[0, 1, 0, 0, 0, 0, 0, 0, 0, 0, 0, 0, 0, 0, 0, 0, 1, 0, 0, 0, 0, 0, 0, 0, 0, 0, 0, 0, 0, 0] (4.681s)
  Sub: Z₀=20.826758 [LOCAL] (0.3s), α=[0.000,0.000,0.000,0.000,0.000,0.000,0.000,0.000,0.000,0.000,0.000,0.000,0.000,0.000,2.095,0.000,0.000,0.000,0.000,0.000,0.000,0.000,0.000,0.000,0.000,6.997,1.311,0.412,0.000,0.000]
  Iter 391: LB=-10.978782  UB=14.045931  gap=1.78e+00
  Cut: intercept=-1079.490000, π_x_range=[-832.6863, 554.9946]

=== True-DRO Benders iter 392 ===
  OMP: t₀=-10.978778, UB=14.045931, gap=1.78e+00, x=[1, 0, 0, 0, 0, 0, 0, 0, 0, 0, 0, 0, 0, 0, 0, 0, 0, 0, 0, 0, 1, 0, 0, 0, 0, 0, 0, 0, 0, 0] (4.517s)
  Sub: Z₀=20.826758 [LOCAL] (0.4s), α=[0.000,0.000,0.000,0.000,0.000,0.000,0.000,0.000,0.000,0.000,0.000,0.000,0.000,0.000,2.095,0.000,0.000,0.000,0.000,0.000,0.000,0.000,0.000,0.000,0.000,6.997,1.220,0.504,0.000,0.000]
  Iter 392: LB=-10.978778  UB=14.045931  gap=1.78e+00
  Cut: intercept=-1126.560503, π_x_range=[-832.6192, 584.9262]

=== True-DRO Benders iter 393 ===
  OMP: t₀=-10.978779, UB=14.045931, gap=1.78e+00, x=[0, 1, 0, 0, 0, 0, 0, 0, 0, 0, 0, 0, 0, 0, 0, 0, 0, 0, 0, 0, 1, 0, 0, 0, 0, 0, 0, 0, 0, 0] (4.549s)
  Sub: Z₀=20.826758 [LOCAL] (0.3s), α=[0.000,0.000,0.000,0.000,0.000,0.000,0.000,0.000,0.000,0.000,0.000,0.000,0.000,0.000,2.095,0.000,0.000,0.000,0.000,0.000,0.000,0.000,0.000,0.000,0.000,6.997,1.220,0.503,0.000,0.000]
  Iter 393: LB=-10.978779  UB=14.045931  gap=1.78e+00
  Cut: intercept=-1119.367261, π_x_range=[-832.6235, 584.9322]

=== True-DRO Benders iter 394 ===
  OMP: t₀=-10.978776, UB=14.045931, gap=1.78e+00, x=[0, 0, 0, 0, 0, 1, 0, 0, 0, 0, 0, 0, 0, 0, 0, 0, 0, 0, 0, 0, 0, 0, 0, 0, 0, 0, 0, 0, 1, 0] (7.073s)
  Sub: Z₀=20.826758 [LOCAL] (0.4s), α=[0.000,0.000,0.000,0.000,0.000,0.000,0.000,0.000,0.000,0.000,0.000,0.000,0.000,0.000,2.095,0.000,0.000,0.000,0.000,0.000,0.000,0.000,0.000,0.000,0.000,6.997,1.243,0.481,0.000,0.000]
  Iter 394: LB=-10.978776  UB=14.045931  gap=1.78e+00
  Cut: intercept=-1088.957855, π_x_range=[-832.4982, 569.8640]

=== True-DRO Benders iter 395 ===
  OMP: t₀=-10.978769, UB=14.045931, gap=1.78e+00, x=[1, 0, 0, 0, 0, 0, 0, 0, 0, 0, 0, 0, 0, 0, 0, 0, 0, 0, 0, 0, 0, 0, 0, 0, 1, 0, 0, 0, 0, 0] (5.253s)
  Sub: Z₀=20.826758 [TIME_LIMIT] (15.6s), α=[0.000,0.000,0.000,0.000,0.000,0.000,0.000,0.000,0.000,0.000,0.000,0.000,0.000,0.000,2.095,0.000,0.000,0.000,0.000,0.000,0.000,0.000,0.000,0.000,0.000,6.997,0.960,0.763,0.000,0.000]
  Iter 395: LB=-10.978769  UB=14.045931  gap=1.78e+00
  Cut: intercept=-26.867271, π_x_range=[-271.0000, 47.6940]

=== True-DRO Benders iter 396 ===
  OMP: t₀=-10.978769, UB=14.045931, gap=1.78e+00, x=[0, 1, 0, 0, 0, 0, 0, 0, 0, 0, 0, 0, 0, 0, 0, 0, 0, 0, 0, 0, 0, 0, 0, 0, 1, 0, 0, 0, 0, 0] (4.481s)
  Sub: Z₀=20.826758 [LOCAL] (0.4s), α=[0.000,0.000,0.000,0.000,0.000,0.000,0.000,0.000,0.000,0.000,0.000,0.000,0.000,0.000,2.095,0.000,0.000,0.000,0.000,0.000,0.000,0.000,0.000,0.000,0.000,6.997,1.241,0.482,0.000,0.000]
  Iter 396: LB=-10.978769  UB=14.045931  gap=1.78e+00
  Cut: intercept=-1093.068118, π_x_range=[-832.6753, 558.8208]

=== True-DRO Benders iter 397 ===
  OMP: t₀=-10.978765, UB=14.045931, gap=1.78e+00, x=[0, 0, 0, 0, 0, 0, 0, 0, 0, 1, 0, 1, 0, 0, 0, 0, 0, 0, 0, 0, 0, 0, 0, 0, 0, 0, 0, 0, 0, 0] (4.877s)
  Sub: Z₀=20.826758 [LOCAL] (0.3s), α=[0.000,0.000,0.000,0.000,0.000,0.000,0.000,0.000,0.000,0.000,0.000,0.000,0.000,0.000,2.095,0.000,0.000,0.000,0.000,0.000,0.000,0.000,0.000,0.000,0.000,6.997,1.238,0.485,0.000,0.000]
  Iter 397: LB=-10.978765  UB=14.045931  gap=1.78e+00
  Cut: intercept=-1122.286480, π_x_range=[-832.8519, 580.7710]

=== True-DRO Benders iter 398 ===
  OMP: t₀=-10.978761, UB=14.045931, gap=1.78e+00, x=[0, 0, 0, 0, 0, 0, 0, 0, 0, 1, 0, 0, 1, 0, 0, 0, 0, 0, 0, 0, 0, 0, 0, 0, 0, 0, 0, 0, 0, 0] (5.495s)
  Sub: Z₀=20.826758 [LOCAL] (0.3s), α=[0.000,0.000,0.000,0.000,0.000,0.000,0.000,0.000,0.000,0.000,0.000,0.000,0.000,0.000,2.095,0.000,0.000,0.000,0.000,0.000,0.000,0.000,0.000,0.000,0.000,6.997,1.174,0.549,0.000,0.000]
  Iter 398: LB=-10.978761  UB=14.045931  gap=1.78e+00
  Cut: intercept=-1138.766841, π_x_range=[-832.6805, 580.6443]

=== True-DRO Benders iter 399 ===
  OMP: t₀=-10.978760, UB=14.045931, gap=1.78e+00, x=[0, 0, 1, 0, 0, 0, 0, 0, 0, 1, 0, 0, 0, 0, 0, 0, 0, 0, 0, 0, 0, 0, 0, 0, 0, 0, 0, 0, 0, 0] (4.859s)
  Sub: Z₀=20.826758 [LOCAL] (0.3s), α=[0.000,0.000,0.000,0.000,0.000,0.000,0.000,0.000,0.000,0.000,0.000,0.000,0.000,0.000,2.095,0.000,0.000,0.000,0.000,0.000,0.000,0.000,0.000,0.000,0.000,6.997,1.219,0.505,0.000,0.000]
  Iter 399: LB=-10.978760  UB=14.045931  gap=1.78e+00
  Cut: intercept=-1117.391536, π_x_range=[-830.4949, 580.6564]

=== True-DRO Benders iter 400 ===
  OMP: t₀=-10.978760, UB=14.045931, gap=1.78e+00, x=[0, 1, 0, 0, 0, 0, 0, 0, 0, 0, 0, 0, 0, 0, 0, 0, 0, 0, 0, 0, 0, 0, 0, 1, 0, 0, 0, 0, 0, 0] (5.426s)
  Sub: Z₀=20.826758 [TIME_LIMIT] (15.5s), α=[0.000,0.000,0.000,0.000,0.000,0.000,0.000,0.000,0.000,0.000,0.000,0.000,0.000,0.000,2.095,0.000,0.000,0.000,0.000,0.000,0.000,0.000,0.000,0.000,0.000,6.997,1.011,0.712,0.000,0.000]
  Iter 400: LB=-10.978760  UB=14.045931  gap=1.78e+00
  Cut: intercept=3.094378, π_x_range=[-271.0000, 17.7324]

=== True-DRO Benders iter 401 ===
  OMP: t₀=-10.978759, UB=14.045931, gap=1.78e+00, x=[1, 0, 0, 0, 0, 0, 0, 0, 0, 0, 0, 0, 0, 0, 0, 0, 0, 0, 0, 0, 0, 0, 0, 1, 0, 0, 0, 0, 0, 0] (5.223s)
  Sub: Z₀=20.826758 [LOCAL] (0.3s), α=[0.000,0.000,0.000,0.000,0.000,0.000,0.000,0.000,0.000,0.000,0.000,0.000,0.000,0.000,2.095,0.000,0.000,0.000,0.000,0.000,0.000,0.000,0.000,0.000,0.000,6.997,1.271,0.453,0.000,0.000]
  Iter 401: LB=-10.978759  UB=14.045931  gap=1.78e+00
  Cut: intercept=-1122.432346, π_x_range=[-832.6346, 580.7539]

=== True-DRO Benders iter 402 ===
  OMP: t₀=-10.978759, UB=14.045931, gap=1.78e+00, x=[0, 0, 0, 0, 0, 0, 0, 0, 0, 1, 0, 0, 0, 0, 0, 1, 0, 0, 0, 0, 0, 0, 0, 0, 0, 0, 0, 0, 0, 0] (5.011s)
  Sub: Z₀=20.826758 [LOCAL] (0.3s), α=[0.000,0.000,0.000,0.000,0.000,0.000,0.000,0.000,0.000,0.000,0.000,0.000,0.000,0.000,2.095,0.000,0.000,0.000,0.000,0.000,0.000,0.000,0.000,0.000,0.000,6.997,1.227,0.496,0.000,0.000]
  Iter 402: LB=-10.978759  UB=14.045931  gap=1.78e+00
  Cut: intercept=-1098.355172, π_x_range=[-832.1172, 580.6817]

=== True-DRO Benders iter 403 ===
  OMP: t₀=-10.978758, UB=14.045931, gap=1.78e+00, x=[0, 1, 0, 0, 0, 0, 0, 0, 0, 0, 0, 0, 0, 0, 0, 0, 0, 0, 0, 0, 0, 0, 0, 0, 0, 0, 0, 0, 0, 1] (5.689s)
  Sub: Z₀=20.826758 [LOCAL] (0.3s), α=[0.000,0.000,0.000,0.000,0.000,0.000,0.000,0.000,0.000,0.000,0.000,0.000,0.000,0.000,2.095,0.000,0.000,0.000,0.000,0.000,0.000,0.000,0.000,0.000,0.000,6.997,1.243,0.481,0.000,0.000]
  Iter 403: LB=-10.978758  UB=14.045931  gap=1.78e+00
  Cut: intercept=-1123.941211, π_x_range=[-832.7572, 589.6992]

=== True-DRO Benders iter 404 ===
  OMP: t₀=-10.978758, UB=14.045931, gap=1.78e+00, x=[1, 0, 0, 0, 0, 0, 0, 0, 0, 0, 0, 0, 0, 0, 0, 0, 0, 0, 0, 0, 0, 0, 0, 0, 0, 0, 0, 0, 0, 1] (4.712s)
  Sub: Z₀=20.826758 [LOCAL] (0.5s), α=[0.000,0.000,0.000,0.000,0.000,0.000,0.000,0.000,0.000,0.000,0.000,0.000,0.000,0.000,2.095,0.000,0.000,0.000,0.000,0.000,0.000,0.000,0.000,0.000,0.000,6.997,1.242,0.481,0.000,0.000]
  Iter 404: LB=-10.978758  UB=14.045931  gap=1.78e+00
  Cut: intercept=-1131.365194, π_x_range=[-832.7525, 589.6896]

=== True-DRO Benders iter 405 ===
  OMP: t₀=-10.978756, UB=14.045931, gap=1.78e+00, x=[0, 0, 0, 0, 0, 0, 0, 0, 0, 1, 0, 0, 0, 0, 0, 0, 1, 0, 0, 0, 0, 0, 0, 0, 0, 0, 0, 0, 0, 0] (4.451s)
  Sub: Z₀=20.826758 [TIME_LIMIT] (15.6s), α=[0.000,0.000,0.000,0.000,0.000,0.000,0.000,0.000,0.000,0.000,0.000,0.000,0.000,0.000,2.095,0.000,0.000,0.000,0.000,0.000,0.000,0.000,0.000,0.000,0.000,6.997,1.070,0.653,0.000,0.000]
  Iter 405: LB=-10.978756  UB=14.045931  gap=1.78e+00
  Cut: intercept=-58.483589, π_x_range=[-271.0000, 54.0256]

=== True-DRO Benders iter 406 ===
  OMP: t₀=-10.978753, UB=14.045931, gap=1.78e+00, x=[0, 0, 0, 0, 0, 0, 0, 0, 0, 1, 0, 0, 0, 0, 0, 0, 0, 0, 0, 0, 1, 0, 0, 0, 0, 0, 0, 0, 0, 0] (4.594s)
  Sub: Z₀=20.826758 [LOCAL] (0.3s), α=[0.000,0.000,0.000,0.000,0.000,0.000,0.000,0.000,0.000,0.000,0.000,0.000,0.000,0.000,2.095,0.000,0.000,0.000,0.000,0.000,0.000,0.000,0.000,0.000,0.000,6.997,1.199,0.524,0.000,0.000]
  Iter 406: LB=-10.978753  UB=14.045931  gap=1.78e+00
  Cut: intercept=-1144.861443, π_x_range=[-832.6101, 584.9367]

=== True-DRO Benders iter 407 ===
  OMP: t₀=-10.978786, UB=14.045931, gap=1.78e+00, x=[0, 0, 0, 0, 0, 1, 0, 0, 0, 0, 0, 0, 0, 0, 0, 0, 0, 0, 0, 0, 0, 0, 0, 0, 0, 0, 0, 0, 0, 1] (6.130s)
  Sub: Z₀=20.826758 [LOCAL] (0.4s), α=[0.000,0.000,0.000,0.000,0.000,0.000,0.000,0.000,0.000,0.000,0.000,0.000,0.000,0.000,2.095,0.000,0.000,0.000,0.000,0.000,0.000,0.000,0.000,0.000,0.000,6.997,1.243,0.480,0.000,0.000]
  Iter 407: LB=-10.978786  UB=14.045931  gap=1.78e+00
  Cut: intercept=-1138.748872, π_x_range=[-832.5677, 589.6831]

=== True-DRO Benders iter 408 ===
  OMP: t₀=-10.978786, UB=14.045931, gap=1.78e+00, x=[0, 0, 0, 0, 0, 1, 0, 0, 0, 0, 0, 0, 0, 0, 0, 0, 0, 0, 0, 0, 0, 0, 0, 0, 0, 0, 0, 0, 0, 1] (6.236s)
  Sub: Z₀=20.826758 [LOCAL] (0.4s), α=[0.000,0.000,0.000,0.000,0.000,0.000,0.000,0.000,0.000,0.000,0.000,0.000,0.000,0.000,2.095,0.000,0.000,0.000,0.000,0.000,0.000,0.000,0.000,0.000,0.000,6.997,1.243,0.480,0.000,0.000]
  Iter 408: LB=-10.978786  UB=14.045931  gap=1.78e+00
  Cut: intercept=-1138.748872, π_x_range=[-832.5677, 589.6831]

=== True-DRO Benders iter 409 ===
  OMP: t₀=-10.978786, UB=14.045931, gap=1.78e+00, x=[0, 0, 0, 0, 0, 1, 0, 0, 0, 0, 0, 0, 0, 0, 0, 0, 0, 0, 0, 0, 0, 0, 0, 0, 0, 0, 0, 0, 0, 1] (6.062s)
  Sub: Z₀=20.826758 [LOCAL] (0.4s), α=[0.000,0.000,0.000,0.000,0.000,0.000,0.000,0.000,0.000,0.000,0.000,0.000,0.000,0.000,2.095,0.000,0.000,0.000,0.000,0.000,0.000,0.000,0.000,0.000,0.000,6.997,1.243,0.480,0.000,0.000]
  Iter 409: LB=-10.978786  UB=14.045931  gap=1.78e+00
  Cut: intercept=-1138.748872, π_x_range=[-832.5677, 589.6831]

=== True-DRO Benders iter 410 ===
  OMP: t₀=-10.978786, UB=14.045931, gap=1.78e+00, x=[0, 0, 0, 0, 0, 1, 0, 0, 0, 0, 0, 0, 0, 0, 0, 0, 0, 0, 0, 0, 0, 0, 0, 0, 0, 0, 0, 0, 0, 1] (6.162s)
  Sub: Z₀=20.826758 [TIME_LIMIT] (15.5s), α=[0.000,0.000,0.000,0.000,0.000,0.000,0.000,0.000,0.000,0.000,0.000,0.000,0.000,0.000,2.095,0.000,0.000,0.000,0.000,0.000,0.000,0.000,0.000,0.000,0.000,6.997,0.962,0.761,0.000,0.000]
  Iter 410: LB=-10.978786  UB=14.045931  gap=1.78e+00
  Cut: intercept=-29.162901, π_x_range=[-271.0000, 31.5477]

=== True-DRO Benders iter 411 ===
  OMP: t₀=-10.978748, UB=14.045931, gap=1.78e+00, x=[0, 1, 0, 0, 0, 0, 0, 0, 0, 0, 0, 0, 0, 0, 0, 0, 0, 0, 0, 0, 0, 0, 0, 0, 0, 0, 0, 0, 1, 0] (4.588s)
  Sub: Z₀=20.826758 [LOCAL] (0.3s), α=[0.000,0.000,0.000,0.000,0.000,0.000,0.000,0.000,0.000,0.000,0.000,0.000,0.000,0.000,2.095,0.000,0.000,0.000,0.000,0.000,0.000,0.000,0.000,0.000,0.000,6.997,1.243,0.480,0.000,0.000]
  Iter 411: LB=-10.978748  UB=14.045931  gap=1.78e+00
  Cut: intercept=-1074.121549, π_x_range=[-832.5869, 554.9179]

=== True-DRO Benders iter 412 ===
  OMP: t₀=-10.978748, UB=14.045931, gap=1.78e+00, x=[1, 0, 0, 0, 0, 0, 0, 0, 0, 0, 0, 0, 0, 0, 0, 0, 0, 0, 0, 0, 0, 0, 0, 0, 0, 0, 0, 0, 1, 0] (5.488s)
  Sub: Z₀=20.826758 [LOCAL] (0.5s), α=[0.000,0.000,0.000,0.000,0.000,0.000,0.000,0.000,0.000,0.000,0.000,0.000,0.000,0.000,2.095,0.000,0.000,0.000,0.000,0.000,0.000,0.000,0.000,0.000,0.000,6.997,1.243,0.481,0.000,0.000]
  Iter 412: LB=-10.978748  UB=14.045931  gap=1.78e+00
  Cut: intercept=-1081.690943, π_x_range=[-832.5818, 562.4954]

=== True-DRO Benders iter 413 ===
  OMP: t₀=-10.978744, UB=14.045931, gap=1.78e+00, x=[0, 0, 0, 0, 0, 0, 0, 0, 0, 1, 0, 0, 0, 0, 0, 0, 0, 0, 0, 0, 0, 0, 0, 0, 1, 0, 0, 0, 0, 0] (4.708s)
  Sub: Z₀=20.826758 [LOCAL] (0.3s), α=[0.000,0.000,0.000,0.000,0.000,0.000,0.000,0.000,0.000,0.000,0.000,0.000,0.000,0.000,2.095,0.000,0.000,0.000,0.000,0.000,0.000,0.000,0.000,0.000,0.000,6.997,1.221,0.502,0.000,0.000]
  Iter 413: LB=-10.978744  UB=14.045931  gap=1.78e+00
  Cut: intercept=-1118.696520, π_x_range=[-832.6632, 580.6804]

=== True-DRO Benders iter 414 ===
  OMP: t₀=-10.978732, UB=14.045931, gap=1.78e+00, x=[0, 0, 0, 0, 0, 0, 0, 0, 0, 1, 0, 0, 0, 0, 0, 0, 0, 0, 0, 0, 0, 0, 0, 0, 0, 0, 0, 0, 0, 1] (6.656s)
  Sub: Z₀=20.826758 [LOCAL] (0.3s), α=[0.000,0.000,0.000,0.000,0.000,0.000,0.000,0.000,0.000,0.000,0.000,0.000,0.000,0.000,2.095,0.000,0.000,0.000,0.000,0.000,0.000,0.000,0.000,0.000,0.000,6.997,1.222,0.501,0.000,0.000]
  Iter 414: LB=-10.978732  UB=14.045931  gap=1.78e+00
  Cut: intercept=-1149.570407, π_x_range=[-832.7471, 589.7099]

=== True-DRO Benders iter 415 ===
  OMP: t₀=-10.978734, UB=14.045931, gap=1.78e+00, x=[0, 0, 0, 0, 0, 0, 0, 0, 0, 1, 0, 0, 0, 0, 0, 0, 0, 0, 0, 0, 0, 0, 0, 1, 0, 0, 0, 0, 0, 0] (4.667s)
  Sub: Z₀=20.826758 [TIME_LIMIT] (15.6s), α=[0.000,0.000,0.000,0.000,0.000,0.000,0.000,0.000,0.000,0.000,0.000,0.000,0.000,0.000,2.095,0.000,0.000,0.000,0.000,0.000,0.000,0.000,0.000,0.000,0.000,6.997,0.996,0.727,0.000,0.000]
  Iter 415: LB=-10.978734  UB=14.045931  gap=1.78e+00
  Cut: intercept=-22.262451, π_x_range=[-271.0000, 25.3056]

=== True-DRO Benders iter 416 ===
  OMP: t₀=-10.978722, UB=14.045931, gap=1.78e+00, x=[0, 0, 0, 0, 0, 0, 0, 0, 0, 1, 0, 0, 0, 0, 0, 0, 0, 0, 0, 0, 0, 0, 0, 0, 0, 0, 0, 0, 1, 0] (6.059s)
  Sub: Z₀=20.826758 [LOCAL] (0.3s), α=[0.000,0.000,0.000,0.000,0.000,0.000,0.000,0.000,0.000,0.000,0.000,0.000,0.000,0.000,2.095,0.000,0.000,0.000,0.000,0.000,0.000,0.000,0.000,0.000,0.000,6.997,1.223,0.501,0.000,0.000]
  Iter 416: LB=-10.978722  UB=14.045931  gap=1.78e+00
  Cut: intercept=-1099.845692, π_x_range=[-832.5771, 580.6159]

=== True-DRO Benders iter 417 ===
  OMP: t₀=-10.978716, UB=14.045931, gap=1.78e+00, x=[1, 0, 0, 0, 0, 1, 0, 0, 0, 0, 0, 0, 0, 0, 0, 0, 0, 0, 0, 0, 0, 0, 0, 0, 0, 0, 0, 0, 0, 0] (4.536s)
  Sub: Z₀=20.826758 [LOCAL] (0.3s), α=[0.000,0.000,0.000,0.000,0.000,0.000,0.000,0.000,0.000,0.000,0.000,0.000,0.000,0.000,2.095,0.000,0.000,0.000,0.000,0.000,0.000,0.000,0.000,0.000,0.000,6.997,1.243,0.481,0.000,0.000]
  Iter 417: LB=-10.978716  UB=14.045931  gap=1.78e+00
  Cut: intercept=-1111.541735, π_x_range=[-832.5206, 569.8808]

=== True-DRO Benders iter 418 ===
  OMP: t₀=-10.978716, UB=14.045931, gap=1.78e+00, x=[0, 1, 0, 0, 0, 1, 0, 0, 0, 0, 0, 0, 0, 0, 0, 0, 0, 0, 0, 0, 0, 0, 0, 0, 0, 0, 0, 0, 0, 0] (6.869s)
  Sub: Z₀=20.826758 [LOCAL] (0.4s), α=[0.000,0.000,0.000,0.000,0.000,0.000,0.000,0.000,0.000,0.000,0.000,0.000,0.000,0.000,2.095,0.000,0.000,0.000,0.000,0.000,0.000,0.000,0.000,0.000,0.000,6.997,1.243,0.480,0.000,0.000]
  Iter 418: LB=-10.978716  UB=14.045931  gap=1.78e+00
  Cut: intercept=-1104.241659, π_x_range=[-832.5248, 569.8827]

=== True-DRO Benders iter 419 ===
  OMP: t₀=-10.978690, UB=14.045931, gap=1.78e+00, x=[0, 0, 0, 0, 0, 1, 0, 0, 0, 1, 0, 0, 0, 0, 0, 0, 0, 0, 0, 0, 0, 0, 0, 0, 0, 0, 0, 0, 0, 0] (4.771s)
  Sub: Z₀=20.826758 [LOCAL] (0.3s), α=[0.000,0.000,0.000,0.000,0.000,0.000,0.000,0.000,0.000,0.000,0.000,0.000,0.000,0.000,2.095,0.000,0.000,0.000,0.000,0.000,0.000,0.000,0.000,0.000,0.000,6.997,1.223,0.501,0.000,0.000]
  Iter 419: LB=-10.978690  UB=14.045931  gap=1.78e+00
  Cut: intercept=-1129.811961, π_x_range=[-832.5109, 580.7434]

=== True-DRO Benders iter 420 ===
  OMP: t₀=-10.978688, UB=14.045931, gap=1.78e+00, x=[1, 1, 0, 0, 0, 0, 0, 0, 0, 0, 0, 0, 0, 0, 0, 0, 0, 0, 0, 0, 0, 0, 0, 0, 0, 0, 0, 0, 0, 0] (4.806s)
  Sub: Z₀=20.826758 [TIME_LIMIT] (15.4s), α=[0.000,0.000,0.000,0.000,0.000,0.000,0.000,0.000,0.000,0.000,0.000,0.000,0.000,0.000,2.095,0.000,0.000,0.000,0.000,0.000,0.000,0.000,0.000,0.000,0.000,6.997,0.962,0.761,0.000,0.000]
  Iter 420: LB=-10.978688  UB=14.045931  gap=1.78e+00
  Cut: intercept=20.826758, π_x_range=[-271.0000, 0.0000]

=== True-DRO Benders iter 421 ===
  OMP: t₀=-10.978662, UB=14.045931, gap=1.78e+00, x=[1, 0, 0, 0, 0, 0, 0, 0, 0, 1, 0, 0, 0, 0, 0, 0, 0, 0, 0, 0, 0, 0, 0, 0, 0, 0, 0, 0, 0, 0] (4.553s)
  Sub: Z₀=20.826758 [LOCAL] (0.3s), α=[0.000,0.000,0.000,0.000,0.000,0.000,0.000,0.000,0.000,0.000,0.000,0.000,0.000,0.000,2.095,0.000,0.000,0.000,0.000,0.000,0.000,0.000,0.000,0.000,0.000,6.997,1.222,0.502,0.000,0.000]
  Iter 421: LB=-10.978662  UB=14.045931  gap=1.78e+00
  Cut: intercept=-1122.391770, π_x_range=[-832.6937, 580.7293]

=== True-DRO Benders iter 422 ===
  OMP: t₀=-10.978662, UB=14.045931, gap=1.78e+00, x=[0, 1, 0, 0, 0, 0, 0, 0, 0, 1, 0, 0, 0, 0, 0, 0, 0, 0, 0, 0, 0, 0, 0, 0, 0, 0, 0, 0, 0, 0] (4.936s)
  Sub: Z₀=20.826758 [LOCAL] (0.3s), α=[0.000,0.000,0.000,0.000,0.000,0.000,0.000,0.000,0.000,0.000,0.000,0.000,0.000,0.000,2.095,0.000,0.000,0.000,0.000,0.000,0.000,0.000,0.000,0.000,0.000,6.997,1.222,0.501,0.000,0.000]
  Iter 422: LB=-10.978662  UB=14.045931  gap=1.78e+00
  Cut: intercept=-1114.953874, π_x_range=[-832.6985, 580.7132]

=== True-DRO Benders iter 423 ===
  OMP: t₀=-7.356860, UB=14.045931, gap=1.52e+00, x=[0, 0, 0, 0, 0, 0, 0, 0, 0, 0, 0, 0, 0, 0, 0, 0, 0, 1, 0, 0, 0, 0, 0, 0, 0, 1, 0, 0, 0, 0] (4.959s)
  Sub: Z₀=16.457712 [LOCAL] (0.2s), α=[0.000,0.000,0.000,0.000,0.000,0.000,0.000,0.000,0.000,0.000,0.000,0.000,0.000,0.000,0.000,0.000,0.000,0.000,0.000,0.000,0.000,0.000,0.000,0.000,0.000,10.815,0.000,0.000,0.000,0.000]
  Iter 423: LB=-7.356860  UB=14.045931  gap=1.52e+00
  Cut: intercept=-1136.147579, π_x_range=[-828.8621, 584.0320]

=== True-DRO Benders iter 424 ===
  OMP: t₀=-5.981191, UB=14.045931, gap=1.43e+00, x=[0, 0, 0, 0, 0, 0, 0, 0, 0, 0, 0, 0, 0, 0, 0, 0, 0, 0, 0, 0, 0, 0, 1, 0, 0, 1, 0, 0, 0, 0] (6.191s)
  Sub: Z₀=14.387670 [LOCAL] (0.2s), α=[0.000,0.000,0.000,0.000,0.000,0.000,0.000,0.000,0.000,0.000,0.000,0.000,0.000,0.000,0.172,0.000,0.000,0.000,0.000,0.000,0.000,0.000,0.000,0.000,0.000,10.643,0.000,0.000,0.000,0.000]
  Iter 424: LB=-5.981191  UB=14.045931  gap=1.43e+00
  Cut: intercept=-1137.804037, π_x_range=[-829.9465, 578.9891]

=== True-DRO Benders iter 425 ===
  OMP: t₀=-5.905451, UB=14.045931, gap=1.42e+00, x=[0, 0, 0, 0, 0, 0, 0, 0, 0, 0, 0, 0, 0, 0, 1, 0, 0, 0, 0, 0, 0, 0, 0, 0, 0, 1, 0, 0, 0, 0] (4.634s)
  Sub: Z₀=13.728966 [TIME_LIMIT] (15.6s), α=[0.000,0.000,0.000,0.000,0.000,0.000,0.000,0.000,0.000,0.000,0.000,0.000,0.000,0.000,0.395,0.000,0.000,0.000,0.000,0.000,0.000,0.000,0.000,0.000,0.000,10.420,0.000,0.000,0.000,0.000]
  Iter 425: LB=-5.905451  UB=14.045931  gap=1.42e+00
  Cut: intercept=-56.020366, π_x_range=[-247.0000, 46.6679]

=== True-DRO Benders iter 426 ===
  OMP: t₀=-2.702456, UB=14.045931, gap=1.19e+00, x=[0, 0, 0, 0, 0, 0, 0, 0, 0, 0, 0, 0, 0, 0, 0, 0, 0, 0, 0, 0, 1, 0, 0, 0, 0, 0, 0, 0, 0, 0] (5.957s)
  Sub: Z₀=20.826758 [LOCAL] (0.3s), α=[0.000,0.000,0.000,0.000,0.000,0.000,0.000,0.000,0.000,0.000,0.000,0.000,0.000,0.000,2.095,0.000,0.000,0.000,0.000,0.000,0.000,0.000,0.000,0.000,0.000,6.997,1.220,0.503,0.000,0.000]
  Iter 426: LB=-2.702456  UB=14.045931  gap=1.19e+00
  Cut: intercept=-564.096343, π_x_range=[-832.6138, 584.9231]

=== True-DRO Benders iter 427 ===
  OMP: t₀=-1.944099, UB=14.045931, gap=1.14e+00, x=[0, 0, 0, 0, 0, 0, 0, 0, 0, 0, 0, 0, 0, 0, 0, 0, 0, 0, 0, 0, 0, 0, 0, 0, 0, 0, 1, 0, 0, 0] (5.785s)
  Sub: Z₀=17.352772 [LOCAL] (0.2s), α=[0.000,0.000,0.000,0.000,0.000,0.000,0.000,0.000,0.000,0.000,0.000,0.000,0.000,0.000,0.000,0.000,0.000,0.000,0.000,0.000,0.000,0.000,0.000,0.000,0.000,2.130,8.354,0.330,0.000,0.000]
  Iter 427: LB=-1.944099  UB=14.045931  gap=1.14e+00
  Cut: intercept=-542.282551, π_x_range=[-830.4452, 559.6353]

=== True-DRO Benders iter 428 ===
  OMP: t₀=-1.209799, UB=14.045931, gap=1.09e+00, x=[0, 0, 0, 0, 0, 0, 0, 0, 0, 0, 0, 0, 0, 0, 1, 0, 0, 0, 0, 0, 0, 0, 0, 0, 0, 0, 0, 0, 0, 0] (6.932s)
  Sub: Z₀=19.576967 [LOCAL] (0.3s), α=[0.000,0.000,0.000,0.000,0.000,0.000,0.000,0.000,0.000,0.000,0.000,0.000,0.000,0.000,6.053,0.000,0.000,0.000,0.000,0.000,0.000,0.000,0.000,0.000,0.000,3.619,0.809,0.334,0.000,0.000]
  Iter 428: LB=-1.209799  UB=14.045931  gap=1.09e+00
  Cut: intercept=-567.027300, π_x_range=[-831.0859, 586.6043]

=== True-DRO Benders iter 429 ===
  OMP: t₀=-0.151553, UB=14.045931, gap=1.01e+00, x=[0, 0, 0, 0, 0, 0, 1, 0, 0, 0, 0, 0, 0, 0, 0, 0, 0, 0, 0, 0, 0, 0, 0, 0, 0, 0, 0, 0, 0, 0] (6.119s)
  Sub: Z₀=18.752388 [LOCAL] (0.3s), α=[0.000,0.000,0.000,0.000,0.043,0.000,2.747,0.000,0.000,0.000,0.000,0.000,0.000,0.000,0.329,0.000,0.000,0.000,0.000,0.000,0.000,0.000,0.000,0.000,0.000,7.039,0.408,0.249,0.000,0.000]
  Iter 429: LB=-0.151553  UB=14.045931  gap=1.01e+00
  Cut: intercept=-565.333773, π_x_range=[-832.9950, 584.0862]

=== True-DRO Benders iter 430 ===
  OMP: t₀=2.286756, UB=14.045931, gap=8.37e-01, x=[0, 0, 0, 0, 0, 0, 0, 0, 0, 0, 0, 0, 0, 0, 0, 0, 0, 0, 0, 0, 0, 0, 1, 0, 0, 0, 0, 0, 0, 0] (5.977s)
  Sub: Z₀=18.440346 [TIME_LIMIT] (15.5s), α=[0.000,0.000,0.000,0.000,0.000,0.000,0.000,0.051,0.000,0.000,0.000,0.000,0.000,0.000,1.520,0.000,0.000,0.000,0.000,0.000,0.000,0.000,3.859,0.000,0.000,5.386,0.000,0.000,0.000,0.000]
  Iter 430: LB=2.286756  UB=14.045931  gap=8.37e-01
  Cut: intercept=-20.664938, π_x_range=[-271.0000, 39.1053]

=== True-DRO Benders iter 431 ===
  OMP: t₀=3.034311, UB=14.045931, gap=7.84e-01, x=[0, 0, 0, 0, 0, 0, 0, 0, 0, 0, 0, 1, 0, 0, 0, 0, 0, 0, 0, 0, 0, 0, 0, 0, 0, 0, 0, 0, 0, 0] (6.487s)
  Sub: Z₀=20.826758 [LOCAL] (0.3s), α=[0.000,0.000,0.000,0.000,0.000,0.000,0.000,0.000,0.000,0.000,0.000,0.000,0.000,0.000,2.095,0.000,0.000,0.000,0.000,0.000,0.000,0.000,0.000,0.000,0.000,6.997,1.258,0.465,0.000,0.000]
  Iter 431: LB=3.034311  UB=14.045931  gap=7.84e-01
  Cut: intercept=-541.563582, π_x_range=[-832.8543, 562.3903]

=== True-DRO Benders iter 432 ===
  OMP: t₀=3.043174, UB=14.045931, gap=7.83e-01, x=[0, 0, 0, 0, 0, 0, 0, 0, 0, 1, 0, 0, 0, 0, 0, 0, 0, 0, 0, 0, 0, 0, 0, 0, 0, 0, 0, 0, 0, 0] (6.813s)
  Sub: Z₀=20.826758 [LOCAL] (0.3s), α=[0.000,0.000,0.000,0.000,0.000,0.000,0.000,0.000,0.000,0.000,0.000,0.000,0.000,0.000,2.095,0.000,0.000,0.000,0.000,0.000,0.000,0.000,0.000,0.000,0.000,6.997,1.222,0.501,0.000,0.000]
  Iter 432: LB=3.043174  UB=14.045931  gap=7.83e-01
  Cut: intercept=-559.896174, π_x_range=[-832.6866, 580.7229]

=== True-DRO Benders iter 433 ===
  OMP: t₀=3.045300, UB=14.045931, gap=7.83e-01, x=[0, 0, 0, 0, 0, 0, 0, 0, 0, 0, 0, 0, 0, 0, 0, 1, 0, 0, 0, 0, 0, 0, 0, 0, 0, 0, 0, 0, 0, 0] (4.819s)
  Sub: Z₀=20.826758 [LOCAL] (0.4s), α=[0.000,0.000,0.000,0.000,0.000,0.000,0.000,0.000,0.000,0.000,0.000,0.000,0.000,0.000,2.095,0.000,0.000,0.000,0.000,0.000,0.000,0.000,0.000,0.000,0.000,6.997,1.248,0.476,0.000,0.000]
  Iter 433: LB=3.045300  UB=14.045931  gap=7.83e-01
  Cut: intercept=-517.671880, π_x_range=[-832.1156, 538.4986]

=== True-DRO Benders iter 434 ===
  OMP: t₀=3.072114, UB=14.045931, gap=7.81e-01, x=[0, 0, 0, 0, 0, 1, 0, 0, 0, 0, 0, 0, 0, 0, 0, 0, 0, 0, 0, 0, 0, 0, 0, 0, 0, 0, 0, 0, 0, 0] (4.634s)
  Sub: Z₀=20.826758 [LOCAL] (0.3s), α=[0.000,0.000,0.000,0.000,0.000,0.000,0.000,0.000,0.000,0.000,0.000,0.000,0.000,0.000,2.095,0.000,0.000,0.000,0.000,0.000,0.000,0.000,0.000,0.000,0.000,6.997,1.243,0.480,0.000,0.000]
  Iter 434: LB=3.072114  UB=14.045931  gap=7.81e-01
  Cut: intercept=-549.054613, π_x_range=[-832.5148, 569.8814]

=== True-DRO Benders iter 435 ===
  OMP: t₀=3.345296, UB=14.045931, gap=7.62e-01, x=[0, 0, 0, 0, 0, 0, 0, 0, 0, 0, 0, 0, 0, 0, 0, 0, 0, 0, 0, 1, 0, 0, 0, 0, 0, 0, 0, 0, 0, 0] (6.168s)
  Sub: Z₀=18.440346 [TIME_LIMIT] (15.5s), α=[0.000,0.000,0.000,0.000,0.000,0.000,0.000,0.036,0.000,0.000,0.000,0.000,0.000,0.000,1.520,0.000,0.000,0.000,0.000,3.874,0.000,0.000,0.000,0.000,0.000,5.386,0.000,0.000,0.000,0.000]
  Iter 435: LB=3.345296  UB=14.045931  gap=7.62e-01
  Cut: intercept=-16.180928, π_x_range=[-271.0000, 34.6213]

=== True-DRO Benders iter 436 ===
  OMP: t₀=4.682880, UB=14.045931, gap=6.67e-01, x=[0, 0, 0, 0, 0, 0, 0, 0, 0, 0, 0, 0, 0, 0, 0, 0, 0, 1, 0, 0, 0, 0, 0, 0, 0, 0, 0, 0, 0, 0] (5.928s)
  Sub: Z₀=20.631899 [LOCAL] (0.3s), α=[0.000,0.000,0.000,0.000,0.000,0.000,0.000,0.000,0.000,0.000,0.000,0.000,0.000,0.000,3.697,0.000,0.000,0.074,0.000,0.000,0.000,0.000,0.000,0.000,0.000,5.365,0.523,1.156,0.000,0.000]
  Iter 436: LB=4.682880  UB=14.045931  gap=6.67e-01
  Cut: intercept=-531.620000, π_x_range=[-829.5647, 552.2519]

=== True-DRO Benders iter 437 ===
  OMP: t₀=4.778295, UB=14.045931, gap=6.60e-01, x=[0, 0, 0, 0, 0, 0, 0, 0, 0, 0, 0, 0, 0, 0, 0, 0, 0, 0, 0, 0, 0, 0, 0, 0, 0, 0, 0, 0, 1, 0] (4.578s)
  Sub: Z₀=20.826758 [LOCAL] (0.3s), α=[0.000,0.000,0.000,0.000,0.000,0.000,0.000,0.000,0.000,0.000,0.000,0.000,0.000,0.000,2.095,0.000,0.000,0.000,0.000,0.000,0.000,0.000,0.000,0.000,0.000,6.997,1.243,0.480,0.000,0.000]
  Iter 437: LB=4.778295  UB=14.045931  gap=6.60e-01
  Cut: intercept=-519.169314, π_x_range=[-832.5742, 539.9961]

=== True-DRO Benders iter 438 ===
  OMP: t₀=5.116668, UB=14.045931, gap=6.36e-01, x=[0, 0, 0, 0, 0, 0, 0, 0, 0, 0, 0, 0, 0, 0, 0, 0, 0, 0, 0, 0, 0, 0, 0, 0, 0, 0, 0, 0, 0, 1] (4.987s)
  Sub: Z₀=20.826758 [LOCAL] (0.3s), α=[0.000,0.000,0.000,0.000,0.000,0.000,0.000,0.000,0.000,0.000,0.000,0.000,0.000,0.000,2.095,0.000,0.000,0.000,0.000,0.000,0.000,0.000,0.000,0.000,0.000,6.997,1.243,0.481,0.000,0.000]
  Iter 438: LB=5.116668  UB=14.045931  gap=6.36e-01
  Cut: intercept=-568.859038, π_x_range=[-832.7444, 589.6858]

=== True-DRO Benders iter 439 ===
  OMP: t₀=11.361416, UB=14.045931, gap=1.91e-01, x=[0, 0, 0, 0, 0, 0, 0, 0, 0, 0, 0, 0, 0, 0, 0, 0, 0, 0, 0, 0, 0, 1, 0, 0, 0, 1, 0, 0, 0, 0] (6.192s)
  Sub: Z₀=16.457712 [LOCAL] (0.2s), α=[0.000,0.000,0.000,0.000,0.000,0.000,0.000,0.000,0.000,0.000,0.000,0.000,0.000,0.000,0.000,0.000,0.000,0.000,0.000,0.000,0.000,0.000,0.000,0.000,0.000,10.815,0.000,0.000,0.000,0.000]
  Iter 439: LB=11.361416  UB=14.045931  gap=1.91e-01
  Cut: intercept=-1140.321375, π_x_range=[-830.6084, 584.0742]

=== True-DRO Benders iter 440 ===
  OMP: t₀=11.833818, UB=14.045931, gap=1.57e-01, x=[0, 0, 0, 0, 1, 0, 0, 0, 0, 0, 0, 0, 0, 0, 0, 0, 0, 0, 0, 0, 0, 0, 0, 0, 0, 1, 0, 0, 0, 0] (4.980s)
  Sub: Z₀=12.324776 [TIME_LIMIT] (15.4s), α=[0.000,0.000,0.000,0.000,1.691,0.000,0.502,0.000,0.000,0.000,0.000,0.000,0.000,0.000,2.022,0.000,0.000,0.000,0.000,0.000,0.000,0.000,0.000,0.000,0.000,1.691,3.774,1.136,0.000,0.000]
  Iter 440: LB=11.833818  UB=14.045931  gap=1.57e-01
  Cut: intercept=-63.447614, π_x_range=[-284.0000, 44.9408]

=== True-DRO Benders iter 441 ===
  OMP: t₀=11.910459, UB=14.045931, gap=1.52e-01, x=[0, 0, 0, 0, 0, 0, 0, 0, 0, 0, 1, 0, 0, 0, 0, 0, 0, 0, 0, 0, 0, 0, 0, 0, 0, 1, 0, 0, 0, 0] (5.251s)
  Sub: Z₀=11.910459 [LOCAL] (0.3s), α=[0.000,0.000,0.000,0.000,0.000,0.000,0.000,0.000,0.000,0.000,4.597,0.000,0.000,0.000,1.520,0.000,0.000,0.000,0.000,0.000,0.000,0.000,0.000,0.000,0.000,4.697,0.000,0.000,0.000,0.000]
  Iter 441: LB=11.910459  UB=14.045931  gap=1.52e-01
  Cut: intercept=-1103.344019, π_x_range=[-820.1571, 579.9277]

=== True-DRO Benders iter 442 ===
  OMP: t₀=11.910459, UB=14.045931, gap=1.52e-01, x=[0, 0, 0, 0, 0, 0, 0, 0, 0, 0, 1, 0, 0, 0, 0, 0, 0, 0, 0, 0, 0, 0, 0, 0, 0, 1, 0, 0, 0, 0] (6.354s)
  Sub: Z₀=11.910459 [LOCAL] (0.3s), α=[0.000,0.000,0.000,0.000,0.000,0.000,0.000,0.000,0.000,0.000,4.597,0.000,0.000,0.000,1.520,0.000,0.000,0.000,0.000,0.000,0.000,0.000,0.000,0.000,0.000,4.697,0.000,0.000,0.000,0.000]
  Iter 442: LB=11.910459  UB=14.045931  gap=1.52e-01
  Cut: intercept=-1103.344019, π_x_range=[-820.1571, 579.9277]

=== True-DRO Benders iter 443 ===
  OMP: t₀=11.910459, UB=14.045931, gap=1.52e-01, x=[0, 0, 0, 0, 0, 0, 0, 0, 0, 0, 1, 0, 0, 0, 0, 0, 0, 0, 0, 0, 0, 0, 0, 0, 0, 1, 0, 0, 0, 0] (5.403s)
  Sub: Z₀=11.910459 [LOCAL] (0.3s), α=[0.000,0.000,0.000,0.000,0.000,0.000,0.000,0.000,0.000,0.000,4.597,0.000,0.000,0.000,1.520,0.000,0.000,0.000,0.000,0.000,0.000,0.000,0.000,0.000,0.000,4.697,0.000,0.000,0.000,0.000]
  Iter 443: LB=11.910459  UB=14.045931  gap=1.52e-01
  Cut: intercept=-1103.344019, π_x_range=[-820.1571, 579.9277]

=== True-DRO Benders iter 444 ===
  OMP: t₀=11.910459, UB=14.045931, gap=1.52e-01, x=[0, 0, 0, 0, 0, 0, 0, 0, 0, 0, 1, 0, 0, 0, 0, 0, 0, 0, 0, 0, 0, 0, 0, 0, 0, 1, 0, 0, 0, 0] (6.403s)
  Sub: Z₀=11.910459 [LOCAL] (0.3s), α=[0.000,0.000,0.000,0.000,0.000,0.000,0.000,0.000,0.000,0.000,4.597,0.000,0.000,0.000,1.520,0.000,0.000,0.000,0.000,0.000,0.000,0.000,0.000,0.000,0.000,4.697,0.000,0.000,0.000,0.000]
  Iter 444: LB=11.910459  UB=14.045931  gap=1.52e-01
  Cut: intercept=-1103.344019, π_x_range=[-820.1571, 579.9277]

=== True-DRO Benders iter 445 ===
  OMP: t₀=11.910459, UB=14.045931, gap=1.52e-01, x=[0, 0, 0, 0, 0, 0, 0, 0, 0, 0, 1, 0, 0, 0, 0, 0, 0, 0, 0, 0, 0, 0, 0, 0, 0, 1, 0, 0, 0, 0] (6.394s)
  Sub: Z₀=12.086979 [TIME_LIMIT] (15.6s), α=[0.000,0.000,0.000,0.000,0.000,0.000,0.000,0.000,0.000,0.000,3.715,0.000,0.000,0.000,1.520,0.000,0.000,0.000,0.000,0.000,0.000,0.000,0.000,0.000,0.000,3.815,0.986,0.779,0.000,0.000]
  Iter 445: LB=11.910459  UB=14.045931  gap=1.52e-01
  Cut: intercept=-105.287791, π_x_range=[-253.0000, 81.2180]

=== True-DRO Benders iter 446 ===
  OMP: t₀=11.910459, UB=14.045931, gap=1.52e-01, x=[0, 0, 0, 0, 1, 0, 0, 0, 0, 0, 1, 0, 0, 0, 0, 0, 0, 0, 0, 0, 0, 0, 0, 0, 0, 0, 0, 0, 0, 0] (5.180s)
  Sub: Z₀=11.910459 [LOCAL] (0.3s), α=[0.000,0.000,0.000,0.000,4.931,0.000,0.000,0.000,0.000,0.000,4.364,0.000,0.000,0.000,1.520,0.000,0.000,0.000,0.000,0.000,0.000,0.000,0.000,0.000,0.000,0.000,0.000,0.000,0.000,0.000]
  Iter 446: LB=11.910459  UB=14.045931  gap=1.52e-01
  Cut: intercept=-1094.099917, π_x_range=[-822.0154, 567.7679]

=== True-DRO Benders iter 447 ===
  OMP: t₀=11.910459, UB=14.045931, gap=1.52e-01, x=[0, 0, 0, 0, 1, 0, 0, 0, 0, 0, 1, 0, 0, 0, 0, 0, 0, 0, 0, 0, 0, 0, 0, 0, 0, 0, 0, 0, 0, 0] (5.269s)
  Sub: Z₀=11.910459 [LOCAL] (0.3s), α=[0.000,0.000,0.000,0.000,4.931,0.000,0.000,0.000,0.000,0.000,4.364,0.000,0.000,0.000,1.520,0.000,0.000,0.000,0.000,0.000,0.000,0.000,0.000,0.000,0.000,0.000,0.000,0.000,0.000,0.000]
  Iter 447: LB=11.910459  UB=14.045931  gap=1.52e-01
  Cut: intercept=-1094.099917, π_x_range=[-822.0154, 567.7679]

=== True-DRO Benders iter 448 ===
  OMP: t₀=11.910459, UB=14.045931, gap=1.52e-01, x=[0, 0, 0, 0, 1, 0, 0, 0, 0, 0, 1, 0, 0, 0, 0, 0, 0, 0, 0, 0, 0, 0, 0, 0, 0, 0, 0, 0, 0, 0] (4.959s)
  Sub: Z₀=11.910459 [LOCAL] (0.3s), α=[0.000,0.000,0.000,0.000,4.931,0.000,0.000,0.000,0.000,0.000,4.364,0.000,0.000,0.000,1.520,0.000,0.000,0.000,0.000,0.000,0.000,0.000,0.000,0.000,0.000,0.000,0.000,0.000,0.000,0.000]
  Iter 448: LB=11.910459  UB=14.045931  gap=1.52e-01
  Cut: intercept=-1094.099917, π_x_range=[-822.0154, 567.7679]

=== True-DRO Benders iter 449 ===
  OMP: t₀=11.910459, UB=14.045931, gap=1.52e-01, x=[0, 0, 0, 0, 1, 0, 0, 0, 0, 0, 1, 0, 0, 0, 0, 0, 0, 0, 0, 0, 0, 0, 0, 0, 0, 0, 0, 0, 0, 0] (4.959s)
  Sub: Z₀=11.910459 [LOCAL] (0.3s), α=[0.000,0.000,0.000,0.000,4.931,0.000,0.000,0.000,0.000,0.000,4.364,0.000,0.000,0.000,1.520,0.000,0.000,0.000,0.000,0.000,0.000,0.000,0.000,0.000,0.000,0.000,0.000,0.000,0.000,0.000]
  Iter 449: LB=11.910459  UB=14.045931  gap=1.52e-01
  Cut: intercept=-1094.099917, π_x_range=[-822.0154, 567.7679]

=== True-DRO Benders iter 450 ===
  OMP: t₀=11.910459, UB=14.045931, gap=1.52e-01, x=[0, 0, 0, 0, 1, 0, 0, 0, 0, 0, 1, 0, 0, 0, 0, 0, 0, 0, 0, 0, 0, 0, 0, 0, 0, 0, 0, 0, 0, 0] (5.007s)
  Sub: Z₀=11.910459 [TIME_LIMIT] (15.5s), α=[0.000,0.000,0.000,0.000,4.931,0.000,0.000,0.000,0.000,0.000,4.364,0.000,0.000,0.000,1.520,0.000,0.000,0.000,0.000,0.000,0.000,0.000,0.000,0.000,0.000,0.000,0.000,0.000,0.000,0.000]
  Iter 450: LB=11.910459  UB=14.045931  gap=1.52e-01
  Cut: intercept=-151.263601, π_x_range=[-233.0000, 104.5918]

=== True-DRO Benders iter 451 ===
  OMP: t₀=11.910459, UB=14.045931, gap=1.52e-01, x=[0, 0, 0, 0, 1, 0, 0, 0, 0, 0, 1, 0, 0, 0, 0, 0, 0, 0, 0, 0, 0, 0, 0, 0, 0, 0, 0, 0, 0, 0] (4.579s)
  Sub: Z₀=11.910459 [LOCAL] (0.3s), α=[0.000,0.000,0.000,0.000,4.931,0.000,0.000,0.000,0.000,0.000,4.364,0.000,0.000,0.000,1.520,0.000,0.000,0.000,0.000,0.000,0.000,0.000,0.000,0.000,0.000,0.000,0.000,0.000,0.000,0.000]
  Iter 451: LB=11.910459  UB=14.045931  gap=1.52e-01
  Cut: intercept=-1094.099917, π_x_range=[-822.0154, 567.7679]

=== True-DRO Benders iter 452 ===
  OMP: t₀=11.910459, UB=14.045931, gap=1.52e-01, x=[0, 0, 0, 0, 1, 0, 0, 0, 0, 0, 1, 0, 0, 0, 0, 0, 0, 0, 0, 0, 0, 0, 0, 0, 0, 0, 0, 0, 0, 0] (4.541s)
  Sub: Z₀=11.910459 [LOCAL] (0.3s), α=[0.000,0.000,0.000,0.000,4.931,0.000,0.000,0.000,0.000,0.000,4.364,0.000,0.000,0.000,1.520,0.000,0.000,0.000,0.000,0.000,0.000,0.000,0.000,0.000,0.000,0.000,0.000,0.000,0.000,0.000]
  Iter 452: LB=11.910459  UB=14.045931  gap=1.52e-01
  Cut: intercept=-1094.099917, π_x_range=[-822.0154, 567.7679]

=== True-DRO Benders iter 453 ===
  OMP: t₀=11.910459, UB=14.045931, gap=1.52e-01, x=[0, 0, 0, 0, 1, 0, 0, 0, 0, 0, 1, 0, 0, 0, 0, 0, 0, 0, 0, 0, 0, 0, 0, 0, 0, 0, 0, 0, 0, 0] (4.671s)
  Sub: Z₀=11.910459 [LOCAL] (0.3s), α=[0.000,0.000,0.000,0.000,4.931,0.000,0.000,0.000,0.000,0.000,4.364,0.000,0.000,0.000,1.520,0.000,0.000,0.000,0.000,0.000,0.000,0.000,0.000,0.000,0.000,0.000,0.000,0.000,0.000,0.000]
  Iter 453: LB=11.910459  UB=14.045931  gap=1.52e-01
  Cut: intercept=-1094.099917, π_x_range=[-822.0154, 567.7679]

=== True-DRO Benders iter 454 ===
  OMP: t₀=11.910459, UB=14.045931, gap=1.52e-01, x=[0, 0, 0, 0, 1, 0, 0, 0, 0, 0, 1, 0, 0, 0, 0, 0, 0, 0, 0, 0, 0, 0, 0, 0, 0, 0, 0, 0, 0, 0] (4.325s)
  Sub: Z₀=11.910459 [LOCAL] (0.3s), α=[0.000,0.000,0.000,0.000,4.931,0.000,0.000,0.000,0.000,0.000,4.364,0.000,0.000,0.000,1.520,0.000,0.000,0.000,0.000,0.000,0.000,0.000,0.000,0.000,0.000,0.000,0.000,0.000,0.000,0.000]
  Iter 454: LB=11.910459  UB=14.045931  gap=1.52e-01
  Cut: intercept=-1094.099917, π_x_range=[-822.0154, 567.7679]

=== True-DRO Benders iter 455 ===
  OMP: t₀=11.910459, UB=14.045931, gap=1.52e-01, x=[0, 0, 0, 0, 1, 0, 0, 0, 0, 0, 1, 0, 0, 0, 0, 0, 0, 0, 0, 0, 0, 0, 0, 0, 0, 0, 0, 0, 0, 0] (4.543s)
  → Boost: time limit 3600s + MIPGap=0.5% (same x + prev TIME_LIMIT)
  Sub: Z₀=12.108937 (470.4s), α=[0.000,0.000,0.000,0.000,4.501,0.000,0.000,0.000,0.000,0.000,3.934,0.000,0.000,0.000,0.395,0.000,0.000,0.000,0.000,0.000,0.000,0.000,0.000,0.000,0.000,0.000,1.829,0.156,0.000,0.000]
  Iter 455: LB=11.910459  UB=12.108937  gap=1.64e-02
  Cut: intercept=-117.459009, π_x_range=[-230.6658, 78.1494]
  Sherali-Cut: intercept=-103.936626, π_x_range=[-83.9022, 67.3738]

=== True-DRO Benders iter 456 ===
  OMP: t₀=12.010355, UB=12.108937, gap=8.14e-03, x=[0, 0, 0, 0, 0, 0, 0, 0, 0, 0, 0, 0, 0, 0, 0, 0, 0, 0, 0, 0, 0, 0, 0, 0, 0, 1, 1, 0, 0, 0] (8.356s)
  Sub: Z₀=12.010355 [LOCAL] (0.3s), α=[0.000,0.000,0.000,0.000,0.000,0.000,0.000,0.000,0.000,0.000,0.000,0.000,0.000,0.000,0.395,0.000,0.000,0.000,0.000,0.000,0.000,0.000,0.000,0.000,0.000,6.279,4.000,0.142,0.000,0.000]
  Iter 456: LB=12.010355  UB=12.108937  gap=8.14e-03
  Cut: intercept=-1137.041731, π_x_range=[-827.9795, 583.7055]

=== True-DRO Benders iter 457 ===
  OMP: t₀=12.010355, UB=12.108937, gap=8.14e-03, x=[0, 0, 0, 0, 0, 0, 0, 0, 0, 0, 0, 0, 0, 0, 0, 0, 0, 0, 0, 0, 0, 0, 0, 0, 0, 1, 1, 0, 0, 0] (5.224s)
  Sub: Z₀=12.010355 [LOCAL] (0.3s), α=[0.000,0.000,0.000,0.000,0.000,0.000,0.000,0.000,0.000,0.000,0.000,0.000,0.000,0.000,0.395,0.000,0.000,0.000,0.000,0.000,0.000,0.000,0.000,0.000,0.000,6.279,4.000,0.142,0.000,0.000]
  Iter 457: LB=12.010355  UB=12.108937  gap=8.14e-03
  Cut: intercept=-1137.041731, π_x_range=[-827.9795, 583.7055]

=== True-DRO Benders iter 458 ===
  OMP: t₀=12.010355, UB=12.108937, gap=8.14e-03, x=[0, 0, 0, 0, 0, 0, 0, 0, 0, 0, 0, 0, 0, 0, 0, 0, 0, 0, 0, 0, 0, 0, 0, 0, 0, 1, 1, 0, 0, 0] (5.128s)
  Sub: Z₀=12.010355 [LOCAL] (0.3s), α=[0.000,0.000,0.000,0.000,0.000,0.000,0.000,0.000,0.000,0.000,0.000,0.000,0.000,0.000,0.395,0.000,0.000,0.000,0.000,0.000,0.000,0.000,0.000,0.000,0.000,6.279,4.000,0.142,0.000,0.000]
  Iter 458: LB=12.010355  UB=12.108937  gap=8.14e-03
  Cut: intercept=-1137.041731, π_x_range=[-827.9795, 583.7055]

=== True-DRO Benders iter 459 ===
  OMP: t₀=12.010355, UB=12.108937, gap=8.14e-03, x=[0, 0, 0, 0, 0, 0, 0, 0, 0, 0, 0, 0, 0, 0, 0, 0, 0, 0, 0, 0, 0, 0, 0, 0, 0, 1, 1, 0, 0, 0] (5.377s)
  Sub: Z₀=12.010355 [LOCAL] (0.3s), α=[0.000,0.000,0.000,0.000,0.000,0.000,0.000,0.000,0.000,0.000,0.000,0.000,0.000,0.000,0.395,0.000,0.000,0.000,0.000,0.000,0.000,0.000,0.000,0.000,0.000,6.279,4.000,0.142,0.000,0.000]
  Iter 459: LB=12.010355  UB=12.108937  gap=8.14e-03
  Cut: intercept=-1137.041731, π_x_range=[-827.9795, 583.7055]

=== True-DRO Benders iter 460 ===
  OMP: t₀=12.010355, UB=12.108937, gap=8.14e-03, x=[0, 0, 0, 0, 0, 0, 0, 0, 0, 0, 0, 0, 0, 0, 0, 0, 0, 0, 0, 0, 0, 0, 0, 0, 0, 1, 1, 0, 0, 0] (5.231s)
  Sub: Z₀=12.060329 [TIME_LIMIT] (16.7s), α=[0.000,0.000,0.000,0.000,0.000,0.000,0.000,0.000,0.000,0.000,0.000,0.000,0.000,0.000,0.000,0.000,0.000,0.000,0.000,0.000,0.000,0.000,0.000,0.000,0.000,4.666,4.696,1.453,0.000,0.000]
  Iter 460: LB=12.010355  UB=12.108937  gap=8.14e-03
  Cut: intercept=-78.083488, π_x_range=[-222.0000, 45.8625]

=== True-DRO Benders iter 461 ===
  OMP: t₀=12.060329, UB=12.108937, gap=4.01e-03, x=[0, 0, 0, 0, 0, 0, 0, 0, 0, 0, 0, 0, 0, 0, 0, 0, 0, 0, 0, 0, 0, 0, 0, 0, 0, 1, 1, 0, 0, 0] (4.815s)
  Sub: Z₀=12.010355 [LOCAL] (0.3s), α=[0.000,0.000,0.000,0.000,0.000,0.000,0.000,0.000,0.000,0.000,0.000,0.000,0.000,0.000,0.395,0.000,0.000,0.000,0.000,0.000,0.000,0.000,0.000,0.000,0.000,6.279,4.000,0.142,0.000,0.000]
  Iter 461: LB=12.060329  UB=12.108937  gap=4.01e-03
True-DRO Benders converged at iter 461 (gap=4.01e-03)
  Wall time: 4726.19 sec
  OMP  time: mean=3.879s, median=4.279s, max=8.356s
  Sub  time (exact): mean=242.434s, median=242.434s, q90=424.780s, max=470.367s (n=2/461)

Result (double/naive): Z₀=12.108937, iters=461, time=4726.2s
x arcs = [5, 11]
