============================================================
nobel_us — double [mb_only]: ε̂=0.20, ε̃=0.20, β=0.00
  mini_benders=true, valid_inequality=none
============================================================
Set parameter Username
Set parameter LicenseID to value 2742039
Academic license - for non-commercial use only - expires 2026-11-20
Set parameter Username
Set parameter LicenseID to value 2742039
Academic license - for non-commercial use only - expires 2026-11-20
Set parameter OutputFlag to value 1
Set parameter LogFile to value "global_miqcp.log"
Set parameter Username
Set parameter LicenseID to value 2742039
Academic license - for non-commercial use only - expires 2026-11-20
Set parameter Username
Set parameter LicenseID to value 2742039
Academic license - for non-commercial use only - expires 2026-11-20
Set parameter Username
Set parameter LicenseID to value 2742039
Academic license - for non-commercial use only - expires 2026-11-20
Set parameter Username
Set parameter LicenseID to value 2742039
Academic license - for non-commercial use only - expires 2026-11-20

=== True-DRO Benders iter 1 ===
  OMP: t₀=-10000.000000, UB=Inf, gap=NaN, x=[0, 0, 0, 0, 0, 0, 0, 0, 0, 0, 0, 0, 0, 0, 0, 0, 0, 0, 0, 0, 0, 0, 0, 0, 0, 0, 0, 0, 0, 0, 0, 0, 0, 0, 0, 0, 0, 0] (0.000s)
  Sub: Z₀=20.464707 [LOCAL] (0.4s), α=[0.000,0.000,0.000,0.000,0.000,1.469,0.000,0.000,3.402,0.000,0.000,0.000,0.000,0.000,2.284,0.000,0.000,0.000,0.000,0.000,0.000,0.000,0.000,0.000,0.000,0.000,3.548,0.000,0.000,0.000,0.000,0.000,0.000,0.000,0.000,0.000,0.000,0.000]
  Iter 1: LB=-10000.000000  UB=Inf  gap=NaN
  Cut: intercept=20.464707, π_x_range=[-832.2981, -800.2003]
  Mini-Benders[1] (mw): LB=-1638.909187, Z₀(α*)=4.561464, intercept=-131.436840 (0.109s) [OMP=0.026 ISP-L=0.011 ISP-F=0.027 MW-L=0.011 MW-F=0.019]
  Mini-Benders[2] (mw): LB=-254.530641, Z₀(α*)=-3.822739, intercept=-36.221054 (0.078s) [OMP=0.016 ISP-L=0.007 ISP-F=0.021 MW-L=0.012 MW-F=0.027]
  Mini-Benders[3] (mw): LB=-219.308341, Z₀(α*)=-4.542388, intercept=-79.739830 (0.094s) [OMP=0.040 ISP-L=0.008 ISP-F=0.020 MW-L=0.011 MW-F=0.017]
  Mini-Benders[4] (mw): LB=-168.579967, Z₀(α*)=13.406208, intercept=-66.638990 (0.125s) [OMP=0.059 ISP-L=0.008 ISP-F=0.021 MW-L=0.011 MW-F=0.020]
  Mini-Benders[5] (mw): LB=-140.892333, Z₀(α*)=-38.126922, intercept=-148.488400 (0.188s) [OMP=0.132 ISP-L=0.008 ISP-F=0.020 MW-L=0.011 MW-F=0.019]
Set parameter NonConvex to value 2
Set parameter DualReductions to value 0
  α-step: Z₀=9.885086, α=[0.000,0.000,0.000,0.000,0.000,0.000,0.000,0.000,0.000,0.000,0.000,0.000,0.000,0.000,0.000,0.000,0.000,0.000,0.000,0.000,0.000,5.570,0.000,0.000,5.132,0.000,0.000,0.000,0.000,0.000,0.000,0.000,0.000,0.000,0.000,0.000,0.000,0.000]
  Alt-Benders[1] (mw): LB=-121.456045, Z₀(α*)=-23.260057, intercept=-115.659529 (0.250s) [OMP=0.186 ISP-L=0.008 ISP-F=0.020 MW-L=0.012 MW-F=0.020]
  Alt-Benders[2] (mw): LB=-120.775772, Z₀(α*)=-62.077280, intercept=-101.109672 (0.235s) [OMP=0.167 ISP-L=0.007 ISP-F=0.020 MW-L=0.011 MW-F=0.019]
  Alt-Benders[3] (mw): LB=-118.247977, Z₀(α*)=-41.063180, intercept=-65.126094 (0.250s) [OMP=0.192 ISP-L=0.008 ISP-F=0.021 MW-L=0.019 MW-F=0.017]
  Alt-Benders[4] (mw): LB=-112.648230, Z₀(α*)=-30.222618, intercept=-115.919484 (0.328s) [OMP=0.261 ISP-L=0.008 ISP-F=0.021 MW-L=0.010 MW-F=0.019]
  Alt-Benders[5] (mw): LB=-107.194803, Z₀(α*)=-79.448824, intercept=-82.581670 (0.250s) [OMP=0.188 ISP-L=0.007 ISP-F=0.020 MW-L=0.012 MW-F=0.020]
  OMP re-solve: 0.440s

=== True-DRO Benders iter 2 ===
  OMP: t₀=-104.521655, UB=Inf, gap=NaN, x=[0, 0, 0, 0, 0, 0, 0, 0, 0, 0, 0, 0, 0, 0, 1, 0, 0, 0, 0, 0, 0, 0, 0, 0, 0, 0, 0, 0, 0, 0, 0, 1, 0, 0, 0, 0, 0, 0] (0.000s)
  Sub: Z₀=12.963981 [LOCAL] (0.4s), α=[0.000,0.000,0.000,0.000,0.000,0.000,0.000,0.000,0.000,0.000,0.000,0.000,0.000,0.000,4.661,0.000,0.000,0.000,0.000,0.000,0.000,0.000,0.000,0.000,0.000,0.000,0.000,0.000,0.000,0.000,0.000,6.042,0.000,0.000,0.000,0.000,0.000,0.000]
  Iter 2: LB=-104.521655  UB=Inf  gap=NaN
  Cut: intercept=-1120.204412, π_x_range=[-823.1595, 586.5954]
  Mini-Benders[1] (mw): LB=-102.303352, Z₀(α*)=-47.849415, intercept=-94.501214 (0.531s) [OMP=0.472 ISP-L=0.008 ISP-F=0.021 MW-L=0.011 MW-F=0.018]
  Mini-Benders[2] (mw): LB=-100.985874, Z₀(α*)=-27.996983, intercept=-71.758056 (0.328s) [OMP=0.266 ISP-L=0.008 ISP-F=0.020 MW-L=0.012 MW-F=0.019]
  Mini-Benders[3] (mw): LB=-100.546067, Z₀(α*)=-47.849415, intercept=-99.745643 (0.328s) [OMP=0.272 ISP-L=0.008 ISP-F=0.021 MW-L=0.012 MW-F=0.017]
  Mini-Benders[4] (mw): LB=-94.539891, Z₀(α*)=-1.849690, intercept=-79.806445 (0.360s) [OMP=0.296 ISP-L=0.014 ISP-F=0.022 MW-L=0.012 MW-F=0.020]
  Mini-Benders[5] (mw): LB=-94.320169, Z₀(α*)=-1.057155, intercept=-73.851641 (0.390s) [OMP=0.329 ISP-L=0.008 ISP-F=0.023 MW-L=0.011 MW-F=0.017]
  α-step: Z₀=12.385521, α=[0.000,0.000,0.000,0.000,0.000,0.000,0.000,0.000,0.000,0.000,0.000,0.000,0.000,0.000,1.816,0.000,0.000,0.000,0.000,4.443,0.000,0.000,0.000,0.000,4.443,0.000,0.000,0.000,0.000,0.000,0.000,0.000,0.000,0.000,0.000,0.000,0.000,0.000]
  Alt-Benders[1] (mw): LB=-92.228649, Z₀(α*)=-1.658855, intercept=-70.229376 (0.360s) [OMP=0.307 ISP-L=0.008 ISP-F=0.020 MW-L=0.017 MW-F=0.018]
  Alt-Benders[2] (mw): LB=-87.377936, Z₀(α*)=-11.524642, intercept=-106.852302 (0.359s) [OMP=0.294 ISP-L=0.008 ISP-F=0.021 MW-L=0.011 MW-F=0.022]
  Alt-Benders[3] (mw): LB=-85.744421, Z₀(α*)=-44.947128, intercept=-89.173836 (0.359s) [OMP=0.290 ISP-L=0.007 ISP-F=0.022 MW-L=0.011 MW-F=0.020]
  Alt-Benders[4] (mw): LB=-83.674174, Z₀(α*)=-57.387472, intercept=-79.816090 (0.391s) [OMP=0.327 ISP-L=0.007 ISP-F=0.020 MW-L=0.011 MW-F=0.023]
  Alt-Benders[5] (mw): LB=-80.375439, Z₀(α*)=-49.858088, intercept=-51.478978 (0.422s) [OMP=0.362 ISP-L=0.008 ISP-F=0.020 MW-L=0.012 MW-F=0.017]
  OMP re-solve: 0.483s

=== True-DRO Benders iter 3 ===
  OMP: t₀=-79.448826, UB=Inf, gap=NaN, x=[0, 0, 0, 0, 0, 0, 1, 0, 1, 0, 0, 0, 0, 0, 0, 0, 0, 0, 0, 0, 0, 0, 0, 0, 0, 0, 0, 0, 0, 0, 0, 0, 0, 0, 0, 0, 0, 0] (0.000s)
  Sub: Z₀=14.651154 [LOCAL] (0.3s), α=[0.000,0.000,0.000,0.000,0.000,0.032,0.426,0.000,9.538,0.000,0.000,0.000,0.000,0.000,0.000,0.000,0.000,0.000,0.000,0.000,0.000,0.000,0.000,0.000,0.000,0.000,0.706,0.000,0.000,0.000,0.000,0.000,0.000,0.000,0.000,0.000,0.000,0.000]
  Iter 3: LB=-79.448826  UB=Inf  gap=NaN
  Cut: intercept=-1146.482319, π_x_range=[-829.7457, 587.7469]
  Mini-Benders[1] (mw): LB=-75.850061, Z₀(α*)=11.558244, intercept=-51.486483 (0.531s) [OMP=0.484 ISP-L=0.007 ISP-F=0.021 MW-L=0.011 MW-F=0.018]
  Mini-Benders[2] (mw): LB=-75.070988, Z₀(α*)=-40.768155, intercept=-49.094603 (0.438s) [OMP=0.363 ISP-L=0.007 ISP-F=0.021 MW-L=0.018 MW-F=0.020]
  Mini-Benders[3] (mw): LB=-73.194237, Z₀(α*)=-31.027833, intercept=-112.551057 (0.609s) [OMP=0.559 ISP-L=0.007 ISP-F=0.021 MW-L=0.011 MW-F=0.017]
  Mini-Benders[4] (mw): LB=-71.661098, Z₀(α*)=11.770771, intercept=-76.573855 (0.469s) [OMP=0.412 ISP-L=0.008 ISP-F=0.021 MW-L=0.012 MW-F=0.018]
  Mini-Benders[5] (mw): LB=-69.904970, Z₀(α*)=-43.691607, intercept=-47.900796 (0.484s) [OMP=0.408 ISP-L=0.008 ISP-F=0.021 MW-L=0.017 MW-F=0.020]
  α-step: Z₀=12.368929, α=[0.000,0.000,0.000,0.000,0.000,0.000,0.000,0.000,0.000,0.000,0.000,0.000,0.000,0.000,0.000,0.000,0.000,0.000,0.000,0.000,0.000,4.211,0.000,0.000,0.000,0.000,0.899,0.000,0.000,0.000,0.000,5.592,0.000,0.000,0.000,0.000,0.000,0.000]
  Alt-Benders[1] (mw): LB=-69.387136, Z₀(α*)=-35.092808, intercept=-105.699311 (0.516s) [OMP=0.460 ISP-L=0.008 ISP-F=0.021 MW-L=0.011 MW-F=0.020]
  Alt-Benders[2] (mw): LB=-69.123462, Z₀(α*)=-25.994530, intercept=-63.169732 (0.500s) [OMP=0.430 ISP-L=0.008 ISP-F=0.021 MW-L=0.010 MW-F=0.024]
  Alt-Benders[3] (mw): LB=-69.047061, Z₀(α*)=-56.750308, intercept=-91.026804 (0.390s) [OMP=0.327 ISP-L=0.007 ISP-F=0.019 MW-L=0.012 MW-F=0.020]
  Alt-Benders[4] (mw): LB=-63.632762, Z₀(α*)=-37.888220, intercept=-69.661727 (0.422s) [OMP=0.366 ISP-L=0.008 ISP-F=0.019 MW-L=0.012 MW-F=0.018]
  Alt-Benders[5] (mw): LB=-62.596116, Z₀(α*)=-53.688452, intercept=-131.079385 (0.531s) [OMP=0.484 ISP-L=0.008 ISP-F=0.020 MW-L=0.011 MW-F=0.018]
  OMP re-solve: 0.327s

=== True-DRO Benders iter 4 ===
  OMP: t₀=-62.077282, UB=Inf, gap=NaN, x=[0, 0, 0, 0, 0, 0, 1, 0, 0, 0, 0, 0, 0, 0, 0, 0, 0, 0, 0, 1, 0, 0, 0, 0, 0, 0, 0, 0, 0, 0, 0, 0, 0, 0, 0, 0, 0, 0] (0.000s)
  Sub: Z₀=12.685037 [LOCAL] (0.3s), α=[0.000,0.000,0.000,0.000,0.000,0.000,3.785,0.000,0.000,0.000,0.000,0.000,0.000,0.000,0.000,0.000,0.000,0.000,0.000,6.917,0.000,0.000,0.000,0.000,0.000,0.000,0.000,0.000,0.000,0.000,0.000,0.000,0.000,0.000,0.000,0.000,0.000,0.000]
  Iter 4: LB=-62.077282  UB=Inf  gap=NaN
  Cut: intercept=-1113.195077, π_x_range=[-827.1240, 572.6398]
  Mini-Benders[1] (mw): LB=-61.085937, Z₀(α*)=-66.125324, intercept=-48.940961 (0.516s) [OMP=0.455 ISP-L=0.007 ISP-F=0.021 MW-L=0.012 MW-F=0.020]
  Mini-Benders[2] (mw): LB=-61.085936, Z₀(α*)=-66.125324, intercept=-48.940961 (0.375s) [OMP=0.315 ISP-L=0.007 ISP-F=0.021 MW-L=0.012 MW-F=0.020]
  Mini-Benders[3] (mw): LB=-61.085936, Z₀(α*)=-66.125324, intercept=-48.940961 (0.422s) [OMP=0.351 ISP-L=0.007 ISP-F=0.021 MW-L=0.012 MW-F=0.026]
  Mini-Benders[4]: LB stagnated, break
  α-step: Z₀=13.131275, α=[0.000,0.000,0.000,0.000,0.000,6.626,0.000,0.000,0.000,0.000,0.000,0.000,0.000,0.000,1.606,0.000,0.000,0.000,0.000,0.000,0.000,0.000,0.000,0.000,0.000,0.000,2.471,0.000,0.000,0.000,0.000,0.000,0.000,0.000,0.000,0.000,0.000,0.000]
  Alt-Benders[1] (mw): LB=-60.592828, Z₀(α*)=-21.382601, intercept=-73.801667 (0.516s) [OMP=0.449 ISP-L=0.007 ISP-F=0.021 MW-L=0.011 MW-F=0.019]
  Alt-Benders[2] (mw): LB=-60.251057, Z₀(α*)=-35.318889, intercept=-96.151014 (0.531s) [OMP=0.474 ISP-L=0.007 ISP-F=0.020 MW-L=0.012 MW-F=0.024]
  Alt-Benders[3] (mw): LB=-59.492554, Z₀(α*)=-19.643205, intercept=-120.820662 (0.516s) [OMP=0.456 ISP-L=0.008 ISP-F=0.022 MW-L=0.012 MW-F=0.019]
  Alt-Benders[4] (mw): LB=-59.225519, Z₀(α*)=-28.164617, intercept=-88.858559 (0.500s) [OMP=0.430 ISP-L=0.008 ISP-F=0.022 MW-L=0.011 MW-F=0.019]
  Alt-Benders[5] (mw): LB=-57.967234, Z₀(α*)=2.653693, intercept=-41.877812 (0.594s) [OMP=0.540 ISP-L=0.008 ISP-F=0.022 MW-L=0.010 MW-F=0.019]
  OMP re-solve: 0.834s

=== True-DRO Benders iter 5 ===
  OMP: t₀=-56.822807, UB=Inf, gap=NaN, x=[0, 0, 0, 0, 0, 0, 0, 0, 1, 0, 0, 0, 0, 0, 0, 0, 0, 0, 0, 0, 0, 0, 0, 0, 1, 0, 0, 0, 0, 0, 0, 0, 0, 0, 0, 0, 0, 0] (0.000s)
  Sub: Z₀=13.844999 [TIME_LIMIT] (15.5s), α=[0.000,0.000,0.000,0.000,0.000,0.000,0.000,0.000,4.073,0.000,0.000,0.000,0.000,0.000,2.557,0.000,0.000,0.000,0.000,0.000,0.000,0.000,0.000,0.000,4.073,0.000,0.000,0.000,0.000,0.000,0.000,0.000,0.000,0.000,0.000,0.000,0.000,0.000]
  Iter 5: LB=-56.822807  UB=14.990890  gap=4.79e+00
  Cut: intercept=-123.923678, π_x_range=[-275.0000, 93.5740]
  Mini-Benders[1] (mw): LB=-56.750310, Z₀(α*)=-64.482184, intercept=-90.851841 (1.687s) [OMP=1.632 ISP-L=0.007 ISP-F=0.021 MW-L=0.012 MW-F=0.018]
  Mini-Benders[2] (mw): LB=-56.750310, Z₀(α*)=-64.482184, intercept=-90.851841 (1.672s) [OMP=1.612 ISP-L=0.007 ISP-F=0.021 MW-L=0.012 MW-F=0.018]
  Mini-Benders[3] (mw): LB=-56.750310, Z₀(α*)=-64.482184, intercept=-90.851841 (1.672s) [OMP=1.596 ISP-L=0.007 ISP-F=0.021 MW-L=0.012 MW-F=0.024]
  Mini-Benders[4]: LB stagnated, break
  α-step: Z₀=14.181759, α=[0.000,0.000,0.000,0.000,0.000,0.000,0.000,0.000,0.000,0.000,0.000,0.000,0.000,0.000,0.889,0.000,0.000,0.000,0.000,5.630,0.000,0.000,0.000,0.000,0.000,0.000,3.757,0.427,0.000,0.000,0.000,0.000,0.000,0.000,0.000,0.000,0.000,0.000]
  Alt-Benders[1] (mw): LB=-55.664559, Z₀(α*)=-20.323327, intercept=-70.099793 (1.281s) [OMP=1.225 ISP-L=0.008 ISP-F=0.020 MW-L=0.011 MW-F=0.018]
  Alt-Benders[2] (mw): LB=-55.611316, Z₀(α*)=-19.066722, intercept=-55.311991 (1.344s) [OMP=1.270 ISP-L=0.007 ISP-F=0.019 MW-L=0.011 MW-F=0.025]
  Alt-Benders[3] (mw): LB=-55.268422, Z₀(α*)=11.605611, intercept=-124.573873 (1.797s) [OMP=1.748 ISP-L=0.007 ISP-F=0.022 MW-L=0.012 MW-F=0.019]
  Alt-Benders[4] (mw): LB=-54.143305, Z₀(α*)=-39.740131, intercept=-42.219460 (1.796s) [OMP=1.726 ISP-L=0.007 ISP-F=0.020 MW-L=0.011 MW-F=0.020]
  Alt-Benders[5] (mw): LB=-53.688454, Z₀(α*)=-22.584940, intercept=-129.699707 (1.704s) [OMP=1.649 ISP-L=0.008 ISP-F=0.020 MW-L=0.012 MW-F=0.019]
  OMP re-solve: 1.478s

=== True-DRO Benders iter 6 ===
  OMP: t₀=-53.686897, UB=14.990890, gap=4.58e+00, x=[0, 0, 0, 0, 0, 0, 0, 0, 0, 0, 0, 0, 0, 0, 0, 0, 0, 0, 0, 0, 0, 0, 0, 0, 0, 0, 1, 0, 0, 0, 0, 0, 0, 1, 0, 0, 0, 0] (0.001s)
  Sub: Z₀=18.072484 [LOCAL] (0.3s), α=[0.000,0.000,0.000,0.000,0.000,1.352,0.000,0.000,3.129,0.000,0.000,0.000,0.000,0.000,1.073,0.000,0.000,0.000,0.000,0.000,0.000,0.000,0.000,0.000,0.000,0.000,5.149,0.000,0.000,0.000,0.000,0.000,0.000,0.000,0.000,0.000,0.000,0.000]
  Iter 6: LB=-53.686897  UB=14.990890  gap=4.58e+00
  Cut: intercept=-1131.647734, π_x_range=[-832.1009, 591.2681]
  Mini-Benders[1] (mw): LB=-51.641432, Z₀(α*)=18.881584, intercept=12.286304 (1.859s) [OMP=1.782 ISP-L=0.008 ISP-F=0.021 MW-L=0.011 MW-F=0.024]
  Mini-Benders[2] (mw): LB=-48.112704, Z₀(α*)=-14.235193, intercept=-70.797284 (1.750s) [OMP=1.701 ISP-L=0.007 ISP-F=0.021 MW-L=0.011 MW-F=0.019]
  Mini-Benders[3] (mw): LB=-47.849417, Z₀(α*)=3.825132, intercept=-106.336264 (1.797s) [OMP=1.729 ISP-L=0.007 ISP-F=0.019 MW-L=0.012 MW-F=0.024]
  Mini-Benders[4] (mw): LB=-47.849417, Z₀(α*)=3.934342, intercept=-112.087965 (1.985s) [OMP=1.929 ISP-L=0.007 ISP-F=0.020 MW-L=0.012 MW-F=0.017]
  Mini-Benders[5] (mw): LB=-47.457224, Z₀(α*)=9.836164, intercept=-104.370439 (1.515s) [OMP=1.449 ISP-L=0.007 ISP-F=0.021 MW-L=0.013 MW-F=0.017]
  α-step: Z₀=17.339975, α=[0.000,0.000,0.000,0.000,0.000,1.370,0.000,0.000,3.147,0.000,0.000,0.000,0.000,0.000,2.897,0.000,0.000,0.000,0.000,0.000,0.000,0.000,0.000,0.000,0.000,0.000,3.288,0.000,0.000,0.000,0.000,0.000,0.000,0.000,0.000,0.000,0.000,0.000]
  Alt-Benders[1] (mw): LB=-46.459025, Z₀(α*)=-13.266201, intercept=-64.735499 (1.969s) [OMP=1.906 ISP-L=0.008 ISP-F=0.020 MW-L=0.018 MW-F=0.020]
  Alt-Benders[2] (mw): LB=-45.066327, Z₀(α*)=-1.288935, intercept=-89.278691 (2.047s) [OMP=1.992 ISP-L=0.007 ISP-F=0.021 MW-L=0.011 MW-F=0.017]
  Alt-Benders[3] (mw): LB=-44.947130, Z₀(α*)=-16.768536, intercept=-87.185684 (2.343s) [OMP=2.274 ISP-L=0.008 ISP-F=0.021 MW-L=0.013 MW-F=0.020]
  Alt-Benders[4] (mw): LB=-44.498795, Z₀(α*)=1.020353, intercept=-72.558628 (2.297s) [OMP=2.226 ISP-L=0.008 ISP-F=0.020 MW-L=0.018 MW-F=0.019]
  Alt-Benders[5] (mw): LB=-44.292106, Z₀(α*)=-10.789384, intercept=-63.869428 (1.938s) [OMP=1.880 ISP-L=0.008 ISP-F=0.020 MW-L=0.012 MW-F=0.019]
  OMP re-solve: 1.930s

=== True-DRO Benders iter 7 ===
  OMP: t₀=-44.197687, UB=14.990890, gap=3.95e+00, x=[0, 0, 1, 0, 0, 0, 1, 0, 0, 0, 0, 0, 0, 0, 0, 0, 0, 0, 0, 0, 0, 0, 0, 0, 0, 0, 0, 0, 0, 0, 0, 0, 0, 0, 0, 0, 0, 0] (0.000s)
  Sub: Z₀=17.101352 [LOCAL] (0.3s), α=[0.000,0.000,0.000,0.000,0.000,2.108,4.319,0.000,3.884,0.000,0.000,0.000,0.000,0.000,0.000,0.000,0.000,0.000,0.000,0.000,0.000,0.000,0.000,0.000,0.000,0.000,0.391,0.000,0.000,0.000,0.000,0.000,0.000,0.000,0.000,0.000,0.000,0.000]
  Iter 7: LB=-44.197687  UB=14.990890  gap=3.95e+00
  Cut: intercept=-1141.073730, π_x_range=[-833.1845, 590.2085]
  Mini-Benders[1] (mw): LB=-44.018605, Z₀(α*)=-22.012730, intercept=-41.123897 (2.078s) [OMP=2.005 ISP-L=0.007 ISP-F=0.021 MW-L=0.011 MW-F=0.024]
  Mini-Benders[2] (mw): LB=-43.691609, Z₀(α*)=-25.266467, intercept=-46.672648 (2.360s) [OMP=2.310 ISP-L=0.008 ISP-F=0.021 MW-L=0.011 MW-F=0.020]
  Mini-Benders[3] (mw): LB=-41.641934, Z₀(α*)=-8.514216, intercept=-36.136131 (2.312s) [OMP=2.250 ISP-L=0.008 ISP-F=0.022 MW-L=0.011 MW-F=0.019]
  Mini-Benders[4] (mw): LB=-40.768157, Z₀(α*)=-37.738653, intercept=-48.805352 (2.516s) [OMP=2.455 ISP-L=0.007 ISP-F=0.021 MW-L=0.012 MW-F=0.018]
  Mini-Benders[5] (mw): LB=-40.090063, Z₀(α*)=-8.822979, intercept=-29.943787 (2.203s) [OMP=2.126 ISP-L=0.008 ISP-F=0.022 MW-L=0.018 MW-F=0.018]
  α-step: Z₀=14.577394, α=[0.000,0.000,0.000,0.000,0.000,0.276,0.000,0.000,0.000,0.000,0.000,0.000,0.000,0.000,0.000,0.000,0.000,0.000,0.000,0.000,0.000,0.000,0.000,0.000,0.000,0.000,5.436,0.000,0.000,0.000,0.000,4.991,0.000,0.000,0.000,0.000,0.000,0.000]
  Alt-Benders[1] (mw): LB=-39.245967, Z₀(α*)=-30.274200, intercept=-57.743153 (2.734s) [OMP=2.683 ISP-L=0.007 ISP-F=0.021 MW-L=0.011 MW-F=0.019]
  Alt-Benders[2] (mw): LB=-38.465600, Z₀(α*)=8.641857, intercept=-138.643272 (2.828s) [OMP=2.754 ISP-L=0.007 ISP-F=0.022 MW-L=0.012 MW-F=0.024]
  Alt-Benders[3] (mw): LB=-38.126924, Z₀(α*)=-56.751228, intercept=-148.096884 (2.844s) [OMP=2.782 ISP-L=0.007 ISP-F=0.020 MW-L=0.011 MW-F=0.020]
  Alt-Benders[4] (mw): LB=-38.126924, Z₀(α*)=-56.751228, intercept=-148.096884 (2.969s) [OMP=2.921 ISP-L=0.007 ISP-F=0.019 MW-L=0.011 MW-F=0.019]
  Alt-Benders[5] (mw): LB=-38.126924, Z₀(α*)=-56.751228, intercept=-148.096884 (2.890s) [OMP=2.817 ISP-L=0.007 ISP-F=0.019 MW-L=0.011 MW-F=0.025]
  OMP re-solve: 2.890s

=== True-DRO Benders iter 8 ===
  OMP: t₀=-38.126924, UB=14.990890, gap=3.54e+00, x=[0, 0, 0, 0, 0, 0, 1, 0, 0, 0, 0, 0, 0, 0, 0, 0, 0, 0, 0, 0, 0, 0, 0, 0, 1, 0, 0, 0, 0, 0, 0, 0, 0, 0, 0, 0, 0, 0] (0.000s)
  Sub: Z₀=12.299971 [LOCAL] (0.3s), α=[0.000,0.000,0.000,0.000,0.000,0.000,2.007,0.000,0.112,0.000,0.000,0.000,0.000,0.000,0.000,0.000,0.000,0.000,0.000,0.000,0.000,0.000,0.000,0.000,8.583,0.000,0.000,0.000,0.000,0.000,0.000,0.000,0.000,0.000,0.000,0.000,0.000,0.000]
  Iter 8: LB=-38.126924  UB=14.990890  gap=3.54e+00
  Cut: intercept=-1116.366339, π_x_range=[-829.0070, 580.7049]
  Mini-Benders[1] (mw): LB=-37.888222, Z₀(α*)=-43.053098, intercept=-59.300824 (2.516s) [OMP=2.460 ISP-L=0.007 ISP-F=0.021 MW-L=0.012 MW-F=0.019]
  Mini-Benders[2] (mw): LB=-37.888222, Z₀(α*)=-43.053098, intercept=-59.300824 (2.234s) [OMP=2.164 ISP-L=0.008 ISP-F=0.021 MW-L=0.012 MW-F=0.019]
  Mini-Benders[3] (mw): LB=-37.888222, Z₀(α*)=-43.053098, intercept=-59.300824 (2.250s) [OMP=2.182 ISP-L=0.007 ISP-F=0.021 MW-L=0.018 MW-F=0.019]
  Mini-Benders[4]: LB stagnated, break
  α-step: Z₀=12.997037, α=[0.000,0.000,0.000,0.000,0.000,6.790,0.000,0.000,1.658,0.000,0.000,0.000,0.000,0.000,2.254,0.000,0.000,0.000,0.000,0.000,0.000,0.000,0.000,0.000,0.000,0.000,0.000,0.000,0.000,0.000,0.000,0.000,0.000,0.000,0.000,0.000,0.000,0.000]
  Alt-Benders[1] (mw): LB=-37.738655, Z₀(α*)=-17.521083, intercept=-47.826570 (2.359s) [OMP=2.294 ISP-L=0.008 ISP-F=0.021 MW-L=0.011 MW-F=0.018]
  Alt-Benders[2] (mw): LB=-36.341840, Z₀(α*)=14.762370, intercept=-58.727995 (3.219s) [OMP=3.156 ISP-L=0.008 ISP-F=0.020 MW-L=0.012 MW-F=0.025]
  Alt-Benders[3] (mw): LB=-36.071112, Z₀(α*)=11.910686, intercept=-28.939620 (2.750s) [OMP=2.701 ISP-L=0.007 ISP-F=0.020 MW-L=0.011 MW-F=0.017]
  Alt-Benders[4] (mw): LB=-35.318891, Z₀(α*)=-23.249093, intercept=-95.170937 (1.812s) [OMP=1.758 ISP-L=0.008 ISP-F=0.020 MW-L=0.012 MW-F=0.019]
  Alt-Benders[5] (mw): LB=-35.096474, Z₀(α*)=-9.333225, intercept=-81.205269 (1.938s) [OMP=1.871 ISP-L=0.007 ISP-F=0.021 MW-L=0.012 MW-F=0.017]
  OMP re-solve: 1.869s

=== True-DRO Benders iter 9 ===
  OMP: t₀=-35.092810, UB=14.990890, gap=3.34e+00, x=[0, 0, 0, 0, 0, 0, 0, 0, 0, 0, 0, 0, 0, 0, 0, 0, 0, 0, 0, 0, 0, 0, 0, 0, 1, 0, 0, 0, 0, 0, 0, 0, 1, 0, 0, 0, 0, 0] (0.000s)
  Sub: Z₀=13.993809 [LOCAL] (0.3s), α=[0.000,0.000,0.000,0.000,0.000,0.000,0.000,0.000,0.000,0.000,0.000,0.000,0.000,0.000,2.805,0.000,0.000,0.000,0.000,0.000,0.000,0.000,0.000,0.000,5.734,0.000,0.247,0.000,0.000,0.000,0.000,0.000,1.857,0.059,0.000,0.000,0.000,0.000]
  Iter 9: LB=-35.092810  UB=14.990890  gap=3.34e+00
  Cut: intercept=-1058.432574, π_x_range=[-829.4083, 537.1668]
  Mini-Benders[1] (mw): LB=-35.016053, Z₀(α*)=-28.161615, intercept=-34.916969 (1.953s) [OMP=1.899 ISP-L=0.007 ISP-F=0.022 MW-L=0.011 MW-F=0.019]
  Mini-Benders[2] (mw): LB=-34.874735, Z₀(α*)=-29.673771, intercept=-35.899485 (2.328s) [OMP=2.258 ISP-L=0.007 ISP-F=0.021 MW-L=0.011 MW-F=0.019]
  Mini-Benders[3] (mw): LB=-34.352870, Z₀(α*)=-21.468685, intercept=-100.168090 (1.625s) [OMP=1.558 ISP-L=0.008 ISP-F=0.022 MW-L=0.017 MW-F=0.019]
  Mini-Benders[4] (mw): LB=-33.267296, Z₀(α*)=-54.095777, intercept=-66.994296 (2.828s) [OMP=2.769 ISP-L=0.008 ISP-F=0.021 MW-L=0.011 MW-F=0.019]
  Mini-Benders[5] (mw): LB=-33.267296, Z₀(α*)=-54.095777, intercept=-66.994296 (2.250s) [OMP=2.187 ISP-L=0.008 ISP-F=0.021 MW-L=0.011 MW-F=0.020]
  α-step: Z₀=14.809027, α=[0.000,0.000,0.000,0.000,0.000,5.357,0.000,0.000,0.000,0.000,0.000,0.000,0.000,0.000,0.346,0.000,0.000,0.000,0.000,0.000,0.000,0.000,0.000,0.000,0.000,0.000,4.999,0.000,0.000,0.000,0.000,0.000,0.000,0.000,0.000,0.000,0.000,0.000]
  Alt-Benders[1] (mw): LB=-33.162327, Z₀(α*)=-55.278282, intercept=-49.586582 (2.438s) [OMP=2.381 ISP-L=0.008 ISP-F=0.019 MW-L=0.012 MW-F=0.018]
  Alt-Benders[2] (mw): LB=-33.162327, Z₀(α*)=-55.278282, intercept=-49.586582 (2.125s) [OMP=2.067 ISP-L=0.008 ISP-F=0.019 MW-L=0.012 MW-F=0.018]
  Alt-Benders[3] (mw): LB=-33.162327, Z₀(α*)=-55.278282, intercept=-49.586582 (2.203s) [OMP=2.142 ISP-L=0.007 ISP-F=0.019 MW-L=0.012 MW-F=0.018]
  Alt-Benders[4]: LB stagnated, break
  OMP re-solve: 0.001s

=== True-DRO Benders iter 10 ===
  OMP: t₀=-33.162327, UB=14.990890, gap=3.21e+00, x=[0, 0, 0, 0, 0, 0, 0, 0, 1, 0, 0, 0, 0, 0, 1, 0, 0, 0, 0, 0, 0, 0, 0, 0, 0, 0, 0, 0, 0, 0, 0, 0, 0, 0, 0, 0, 0, 0] (0.000s)
  Sub: Z₀=13.598585 [TIME_LIMIT] (15.7s), α=[0.000,0.000,0.000,0.000,0.000,0.123,0.000,0.000,9.418,0.000,0.000,0.000,0.000,0.000,0.546,0.000,0.000,0.000,0.000,0.000,0.000,0.000,0.000,0.000,0.000,0.000,0.615,0.000,0.000,0.000,0.000,0.000,0.000,0.000,0.000,0.000,0.000,0.000]
  Iter 10: LB=-33.162327  UB=14.195105  gap=3.34e+00
  Cut: intercept=-65.993474, π_x_range=[-284.0000, 52.8439]
  Mini-Benders[1] (mw): LB=-31.926416, Z₀(α*)=5.760295, intercept=-84.043482 (2.141s) [OMP=2.073 ISP-L=0.008 ISP-F=0.021 MW-L=0.011 MW-F=0.018]
  Mini-Benders[2] (mw): LB=-31.027835, Z₀(α*)=-29.843030, intercept=-103.557746 (2.125s) [OMP=2.070 ISP-L=0.008 ISP-F=0.020 MW-L=0.012 MW-F=0.018]
  Mini-Benders[3] (mw): LB=-30.322214, Z₀(α*)=-41.426814, intercept=-41.985120 (2.547s) [OMP=2.484 ISP-L=0.008 ISP-F=0.021 MW-L=0.011 MW-F=0.026]
  Mini-Benders[4] (mw): LB=-30.322214, Z₀(α*)=-41.426814, intercept=-41.985120 (2.421s) [OMP=2.346 ISP-L=0.008 ISP-F=0.022 MW-L=0.011 MW-F=0.020]
  Mini-Benders[5] (mw): LB=-30.322214, Z₀(α*)=-41.426814, intercept=-41.985120 (2.485s) [OMP=2.434 ISP-L=0.008 ISP-F=0.021 MW-L=0.011 MW-F=0.020]
  α-step: Z₀=15.808677, α=[0.000,0.000,0.000,0.000,0.000,0.000,0.000,0.000,0.000,0.000,0.000,0.000,0.000,0.000,1.951,0.000,0.000,0.000,0.000,6.906,0.000,0.000,0.000,0.000,0.000,0.000,1.845,0.000,0.000,0.000,0.000,0.000,0.000,0.000,0.000,0.000,0.000,0.000]
  Alt-Benders[1] (mw): LB=-30.222620, Z₀(α*)=-18.917852, intercept=-110.930368 (2.891s) [OMP=2.843 ISP-L=0.007 ISP-F=0.021 MW-L=0.011 MW-F=0.018]
  Alt-Benders[2] (mw): LB=-29.849268, Z₀(α*)=-22.180470, intercept=-72.212636 (2.969s) [OMP=2.909 ISP-L=0.007 ISP-F=0.020 MW-L=0.011 MW-F=0.020]
  Alt-Benders[3] (mw): LB=-29.843032, Z₀(α*)=-21.018457, intercept=-111.607571 (3.124s) [OMP=3.065 ISP-L=0.007 ISP-F=0.020 MW-L=0.011 MW-F=0.019]
  Alt-Benders[4] (mw): LB=-29.718570, Z₀(α*)=-20.124613, intercept=-76.008741 (2.891s) [OMP=2.817 ISP-L=0.008 ISP-F=0.020 MW-L=0.018 MW-F=0.018]
  Alt-Benders[5] (mw): LB=-29.673773, Z₀(α*)=-26.733709, intercept=-26.299464 (2.703s) [OMP=2.654 ISP-L=0.007 ISP-F=0.020 MW-L=0.011 MW-F=0.018]
  OMP re-solve: 3.052s

=== True-DRO Benders iter 11 ===
  OMP: t₀=-29.604703, UB=14.195105, gap=3.09e+00, x=[1, 0, 0, 0, 0, 0, 0, 0, 0, 0, 0, 0, 0, 0, 0, 0, 0, 0, 0, 1, 0, 0, 0, 0, 0, 0, 0, 0, 0, 0, 0, 0, 0, 0, 0, 0, 0, 0] (0.001s)
  Sub: Z₀=15.644308 [LOCAL] (0.4s), α=[0.000,0.000,0.000,0.000,0.000,0.725,0.000,0.000,0.459,0.000,0.000,0.000,0.000,0.000,1.816,0.000,0.000,0.000,0.000,7.537,0.000,0.000,0.000,0.000,0.000,0.000,0.165,0.000,0.000,0.000,0.000,0.000,0.000,0.000,0.000,0.000,0.000,0.000]
  Iter 11: LB=-29.604703  UB=14.195105  gap=3.09e+00
  Cut: intercept=-1061.980259, π_x_range=[-829.3977, 539.7627]
  Mini-Benders[1] (mw): LB=-29.439092, Z₀(α*)=15.826405, intercept=-25.272077 (2.953s) [OMP=2.879 ISP-L=0.008 ISP-F=0.022 MW-L=0.011 MW-F=0.032]
  Mini-Benders[2] (mw): LB=-28.934943, Z₀(α*)=-12.051482, intercept=-22.723785 (2.953s) [OMP=2.895 ISP-L=0.007 ISP-F=0.022 MW-L=0.011 MW-F=0.018]
  Mini-Benders[3] (mw): LB=-28.164619, Z₀(α*)=12.378996, intercept=-58.201735 (2.828s) [OMP=2.768 ISP-L=0.008 ISP-F=0.021 MW-L=0.011 MW-F=0.017]
  Mini-Benders[4] (mw): LB=-28.132954, Z₀(α*)=-34.873897, intercept=-66.081220 (2.532s) [OMP=2.469 ISP-L=0.008 ISP-F=0.023 MW-L=0.012 MW-F=0.019]
  Mini-Benders[5] (mw): LB=-28.132954, Z₀(α*)=-34.873897, intercept=-66.081220 (2.359s) [OMP=2.285 ISP-L=0.008 ISP-F=0.024 MW-L=0.018 MW-F=0.020]
  α-step: Z₀=16.236133, α=[0.000,0.000,0.000,0.000,0.000,0.000,0.000,0.000,0.000,0.000,0.000,0.000,0.000,0.000,1.816,0.000,0.000,0.000,0.000,0.000,0.000,0.000,0.000,0.000,0.000,0.000,3.577,0.000,0.000,0.000,0.000,5.309,0.000,0.000,0.000,0.000,0.000,0.000]
  Alt-Benders[1] (mw): LB=-27.973905, Z₀(α*)=15.940513, intercept=-74.582613 (2.375s) [OMP=2.310 ISP-L=0.008 ISP-F=0.022 MW-L=0.011 MW-F=0.028]
  Alt-Benders[2] (mw): LB=-26.733711, Z₀(α*)=-21.863347, intercept=-20.670978 (2.937s) [OMP=2.862 ISP-L=0.007 ISP-F=0.020 MW-L=0.018 MW-F=0.020]
  Alt-Benders[3] (mw): LB=-26.310565, Z₀(α*)=-5.668889, intercept=-62.663702 (2.485s) [OMP=2.434 ISP-L=0.008 ISP-F=0.019 MW-L=0.012 MW-F=0.020]
  Alt-Benders[4] (mw): LB=-26.256803, Z₀(α*)=-15.648662, intercept=-54.191360 (2.734s) [OMP=2.672 ISP-L=0.008 ISP-F=0.020 MW-L=0.012 MW-F=0.019]
  Alt-Benders[5] (mw): LB=-26.197398, Z₀(α*)=-21.077726, intercept=-50.975107 (2.703s) [OMP=2.633 ISP-L=0.008 ISP-F=0.021 MW-L=0.011 MW-F=0.025]
  OMP re-solve: 2.838s

=== True-DRO Benders iter 12 ===
  OMP: t₀=-25.994532, UB=14.195105, gap=2.83e+00, x=[0, 0, 0, 0, 0, 0, 1, 0, 0, 0, 0, 0, 0, 0, 0, 0, 0, 0, 0, 0, 0, 0, 0, 0, 0, 0, 0, 0, 0, 0, 0, 0, 1, 0, 0, 0, 0, 0] (0.001s)
  Sub: Z₀=14.417986 [LOCAL] (0.4s), α=[0.000,0.000,0.000,0.000,0.000,0.000,4.074,0.000,1.385,0.000,0.000,0.000,0.000,0.000,0.000,0.000,0.000,0.000,0.000,0.000,0.000,0.000,0.000,0.000,0.000,0.000,0.000,0.000,0.000,0.000,0.000,0.000,5.174,0.069,0.000,0.000,0.000,0.000]
  Iter 12: LB=-25.994532  UB=14.195105  gap=2.83e+00
  Cut: intercept=-1089.161096, π_x_range=[-829.0904, 561.9029]
  Mini-Benders[1] (mw): LB=-25.266469, Z₀(α*)=-51.781752, intercept=-49.775279 (2.688s) [OMP=2.627 ISP-L=0.008 ISP-F=0.022 MW-L=0.011 MW-F=0.019]
  Mini-Benders[2] (mw): LB=-25.266469, Z₀(α*)=-51.781752, intercept=-49.775279 (2.234s) [OMP=2.182 ISP-L=0.008 ISP-F=0.022 MW-L=0.011 MW-F=0.019]
  Mini-Benders[3] (mw): LB=-25.266469, Z₀(α*)=-51.781752, intercept=-49.775279 (2.219s) [OMP=2.150 ISP-L=0.008 ISP-F=0.021 MW-L=0.018 MW-F=0.019]
  Mini-Benders[4]: LB stagnated, break
  α-step: Z₀=14.540304, α=[0.000,0.000,0.000,0.000,0.000,10.230,0.000,0.000,0.000,0.000,0.000,0.000,0.000,0.000,0.472,0.000,0.000,0.000,0.000,0.000,0.000,0.000,0.000,0.000,0.000,0.000,0.000,0.000,0.000,0.000,0.000,0.000,0.000,0.000,0.000,0.000,0.000,0.000]
  Alt-Benders[1] (mw): LB=-25.266468, Z₀(α*)=14.634676, intercept=-48.556820 (2.172s) [OMP=2.097 ISP-L=0.008 ISP-F=0.022 MW-L=0.010 MW-F=0.019]
  Alt-Benders[2] (mw): LB=-24.055886, Z₀(α*)=-29.217561, intercept=-33.945116 (3.031s) [OMP=2.985 ISP-L=0.007 ISP-F=0.020 MW-L=0.011 MW-F=0.023]
  Alt-Benders[3] (mw): LB=-24.055886, Z₀(α*)=-29.217561, intercept=-33.945116 (2.000s) [OMP=1.942 ISP-L=0.008 ISP-F=0.020 MW-L=0.011 MW-F=0.018]
  Alt-Benders[4] (mw): LB=-24.055886, Z₀(α*)=-29.217561, intercept=-33.945116 (2.063s) [OMP=2.002 ISP-L=0.007 ISP-F=0.020 MW-L=0.011 MW-F=0.017]
  Alt-Benders[5]: LB stagnated, break
  OMP re-solve: 0.001s

=== True-DRO Benders iter 13 ===
  OMP: t₀=-24.055886, UB=14.195105, gap=2.69e+00, x=[0, 0, 0, 0, 0, 0, 1, 0, 0, 0, 0, 0, 0, 0, 0, 0, 0, 0, 0, 0, 0, 0, 0, 0, 0, 0, 0, 0, 0, 0, 1, 0, 0, 0, 0, 0, 0, 0] (0.001s)
  Sub: Z₀=17.158177 [LOCAL] (0.4s), α=[0.000,0.000,0.000,0.000,0.000,1.111,3.603,0.000,4.242,0.000,0.000,0.000,0.000,0.000,0.000,0.000,0.000,0.000,0.000,0.000,0.000,0.000,0.000,0.000,0.000,0.000,1.745,0.000,0.000,0.000,0.000,0.000,0.000,0.000,0.000,0.000,0.000,0.000]
  Iter 13: LB=-24.055886  UB=14.195105  gap=2.69e+00
  Cut: intercept=-1138.849575, π_x_range=[-833.6946, 588.1840]
  Mini-Benders[1] (mw): LB=-23.260059, Z₀(α*)=-61.209789, intercept=-83.947902 (2.594s) [OMP=2.544 ISP-L=0.007 ISP-F=0.019 MW-L=0.012 MW-F=0.020]
  Mini-Benders[2] (mw): LB=-23.260059, Z₀(α*)=-61.209789, intercept=-83.947902 (2.875s) [OMP=2.816 ISP-L=0.007 ISP-F=0.019 MW-L=0.012 MW-F=0.020]
  Mini-Benders[3] (mw): LB=-23.260059, Z₀(α*)=-61.209789, intercept=-83.947902 (2.906s) [OMP=2.847 ISP-L=0.007 ISP-F=0.019 MW-L=0.012 MW-F=0.020]
  Mini-Benders[4]: LB stagnated, break
  α-step: Z₀=11.685605, α=[0.000,0.000,0.000,0.000,0.000,0.000,0.000,0.000,0.000,0.000,0.000,0.000,0.000,0.000,0.000,0.000,0.000,0.000,0.000,5.630,0.000,4.414,0.000,0.000,0.000,0.000,0.658,0.000,0.000,0.000,0.000,0.000,0.000,0.000,0.000,0.000,0.000,0.000]
  Alt-Benders[1] (mw): LB=-23.249095, Z₀(α*)=-52.982824, intercept=-97.960840 (2.313s) [OMP=2.248 ISP-L=0.008 ISP-F=0.019 MW-L=0.011 MW-F=0.019]
  Alt-Benders[2] (mw): LB=-23.249095, Z₀(α*)=-52.982824, intercept=-97.960840 (2.094s) [OMP=2.030 ISP-L=0.007 ISP-F=0.019 MW-L=0.011 MW-F=0.019]
  Alt-Benders[3] (mw): LB=-23.249095, Z₀(α*)=-52.982824, intercept=-97.960840 (2.109s) [OMP=2.058 ISP-L=0.007 ISP-F=0.019 MW-L=0.011 MW-F=0.025]
  Alt-Benders[4]: LB stagnated, break
  OMP re-solve: 0.001s

=== True-DRO Benders iter 14 ===
  OMP: t₀=-23.249095, UB=14.195105, gap=2.64e+00, x=[0, 0, 0, 0, 0, 0, 0, 0, 0, 0, 0, 0, 0, 0, 1, 0, 0, 0, 0, 0, 0, 0, 0, 0, 1, 0, 0, 0, 0, 0, 0, 0, 0, 0, 0, 0, 0, 0] (0.001s)
  Sub: Z₀=12.346378 [LOCAL] (0.3s), α=[0.000,0.000,0.000,0.000,0.000,0.000,0.000,0.000,0.000,0.000,0.000,0.000,0.000,0.000,4.845,0.000,0.000,0.000,0.000,0.000,0.000,0.000,0.000,0.000,5.858,0.000,0.000,0.000,0.000,0.000,0.000,0.000,0.000,0.000,0.000,0.000,0.000,0.000]
  Iter 14: LB=-23.249095  UB=14.195105  gap=2.64e+00
  Cut: intercept=-1132.247535, π_x_range=[-829.9922, 592.3355]
  Mini-Benders[1] (mw): LB=-23.243924, Z₀(α*)=-25.545231, intercept=-43.909240 (2.485s) [OMP=2.429 ISP-L=0.008 ISP-F=0.022 MW-L=0.012 MW-F=0.020]
  Mini-Benders[2] (mw): LB=-23.243924, Z₀(α*)=-25.545231, intercept=-43.909240 (2.812s) [OMP=2.753 ISP-L=0.007 ISP-F=0.022 MW-L=0.012 MW-F=0.019]
  Mini-Benders[3] (mw): LB=-23.243924, Z₀(α*)=-25.545231, intercept=-43.909240 (2.750s) [OMP=2.673 ISP-L=0.007 ISP-F=0.022 MW-L=0.018 MW-F=0.020]
  Mini-Benders[4]: LB stagnated, break
  α-step: Z₀=15.670416, α=[0.000,0.000,0.000,0.000,0.000,1.396,5.667,0.000,3.211,0.000,0.000,0.000,0.000,0.000,0.000,0.000,0.000,0.000,0.000,0.000,0.000,0.000,0.000,0.000,0.000,0.000,0.429,0.000,0.000,0.000,0.000,0.000,0.000,0.000,0.000,0.000,0.000,0.000]
  Alt-Benders[1] (mw): LB=-22.932834, Z₀(α*)=-1.293969, intercept=-42.102426 (2.375s) [OMP=2.325 ISP-L=0.008 ISP-F=0.022 MW-L=0.011 MW-F=0.018]
  Alt-Benders[2] (mw): LB=-22.893522, Z₀(α*)=-68.094113, intercept=-69.804599 (2.344s) [OMP=2.274 ISP-L=0.008 ISP-F=0.020 MW-L=0.018 MW-F=0.021]
  Alt-Benders[3] (mw): LB=-22.893522, Z₀(α*)=-68.094113, intercept=-69.804599 (2.188s) [OMP=2.126 ISP-L=0.008 ISP-F=0.020 MW-L=0.012 MW-F=0.021]
  Alt-Benders[4] (mw): LB=-22.893522, Z₀(α*)=-68.094113, intercept=-69.804599 (2.234s) [OMP=2.169 ISP-L=0.008 ISP-F=0.020 MW-L=0.012 MW-F=0.021]
  Alt-Benders[5]: LB stagnated, break
  OMP re-solve: 0.001s

=== True-DRO Benders iter 15 ===
  OMP: t₀=-22.893522, UB=14.195105, gap=2.61e+00, x=[0, 0, 0, 0, 0, 0, 0, 0, 0, 0, 0, 0, 0, 0, 1, 0, 0, 0, 0, 1, 0, 0, 0, 0, 0, 0, 0, 0, 0, 0, 0, 0, 0, 0, 0, 0, 0, 0] (0.001s)
  Sub: Z₀=13.087291 [TIME_LIMIT] (15.7s), α=[0.000,0.000,0.000,0.000,0.000,0.000,0.000,0.000,0.000,0.000,0.000,0.000,0.000,0.000,4.513,0.000,0.000,0.000,0.000,5.995,0.000,0.000,0.000,0.000,0.000,0.000,0.194,0.000,0.000,0.000,0.000,0.000,0.000,0.000,0.000,0.000,0.000,0.000]
  Iter 15: LB=-22.893522  UB=13.392554  gap=2.71e+00
  Cut: intercept=-78.557717, π_x_range=[-270.0000, 62.0882]
  Mini-Benders[1] (mw): LB=-22.890799, Z₀(α*)=-28.862894, intercept=-51.498177 (2.078s) [OMP=2.029 ISP-L=0.008 ISP-F=0.020 MW-L=0.012 MW-F=0.018]
  Mini-Benders[2] (mw): LB=-22.890799, Z₀(α*)=-28.862894, intercept=-51.498177 (2.266s) [OMP=2.204 ISP-L=0.008 ISP-F=0.020 MW-L=0.012 MW-F=0.018]
  Mini-Benders[3] (mw): LB=-22.890799, Z₀(α*)=-28.862894, intercept=-51.498177 (2.360s) [OMP=2.301 ISP-L=0.007 ISP-F=0.020 MW-L=0.012 MW-F=0.018]
  Mini-Benders[4]: LB stagnated, break
  α-step: Z₀=15.492578, α=[0.000,0.000,0.000,0.000,0.000,0.000,0.000,0.000,6.638,0.000,0.000,0.000,0.000,0.000,0.000,0.000,0.000,0.000,0.000,0.000,0.000,0.000,0.000,0.000,0.000,0.000,4.065,0.000,0.000,0.000,0.000,0.000,0.000,0.000,0.000,0.000,0.000,0.000]
  Alt-Benders[1] (mw): LB=-22.584942, Z₀(α*)=1.607249, intercept=-126.576559 (2.125s) [OMP=2.067 ISP-L=0.007 ISP-F=0.020 MW-L=0.012 MW-F=0.020]
  Alt-Benders[2] (mw): LB=-22.180726, Z₀(α*)=-12.515197, intercept=-75.487900 (2.094s) [OMP=2.032 ISP-L=0.007 ISP-F=0.022 MW-L=0.012 MW-F=0.018]
  Alt-Benders[3] (mw): LB=-22.148167, Z₀(α*)=6.030377, intercept=-75.604124 (2.719s) [OMP=2.651 ISP-L=0.007 ISP-F=0.019 MW-L=0.011 MW-F=0.024]
  Alt-Benders[4] (mw): LB=-21.863349, Z₀(α*)=16.216509, intercept=-17.308184 (2.343s) [OMP=2.282 ISP-L=0.008 ISP-F=0.021 MW-L=0.012 MW-F=0.022]
  Alt-Benders[5] (mw): LB=-21.468687, Z₀(α*)=16.202503, intercept=-65.821440 (2.266s) [OMP=2.203 ISP-L=0.008 ISP-F=0.021 MW-L=0.012 MW-F=0.020]
  OMP re-solve: 2.142s

=== True-DRO Benders iter 16 ===
  OMP: t₀=-21.382603, UB=13.392554, gap=2.60e+00, x=[0, 0, 1, 0, 0, 0, 0, 0, 0, 0, 0, 0, 0, 0, 0, 0, 0, 0, 0, 0, 0, 0, 0, 0, 0, 0, 0, 0, 0, 0, 0, 1, 0, 0, 0, 0, 0, 0] (0.001s)
  Sub: Z₀=15.149757 [LOCAL] (0.4s), α=[0.000,0.000,0.000,0.000,0.000,0.000,0.000,0.000,1.156,0.000,0.000,0.000,0.000,0.000,0.014,0.000,0.000,0.000,0.000,0.000,0.000,0.000,0.000,0.000,0.000,0.000,1.058,0.000,0.000,0.000,0.000,8.474,0.000,0.000,0.000,0.000,0.000,0.000]
  Iter 16: LB=-21.382603  UB=13.392554  gap=2.60e+00
  Cut: intercept=-1112.638640, π_x_range=[-823.5016, 589.6784]
  Mini-Benders[1] (mw): LB=-21.084966, Z₀(α*)=-35.455348, intercept=-81.795543 (2.641s) [OMP=2.591 ISP-L=0.007 ISP-F=0.022 MW-L=0.011 MW-F=0.018]
  Mini-Benders[2] (mw): LB=-21.084966, Z₀(α*)=-35.455348, intercept=-81.795543 (2.219s) [OMP=2.156 ISP-L=0.008 ISP-F=0.022 MW-L=0.011 MW-F=0.018]
  Mini-Benders[3] (mw): LB=-21.084966, Z₀(α*)=-35.455348, intercept=-81.795543 (2.156s) [OMP=2.098 ISP-L=0.008 ISP-F=0.022 MW-L=0.011 MW-F=0.018]
  Mini-Benders[4]: LB stagnated, break
  α-step: Z₀=15.287868, α=[0.000,0.000,0.000,0.000,0.000,0.000,0.000,0.000,1.567,0.000,0.000,0.000,0.000,0.000,1.751,0.000,0.000,0.000,0.000,0.000,0.000,0.000,0.000,0.000,6.699,0.000,0.687,0.000,0.000,0.000,0.000,0.000,0.000,0.000,0.000,0.000,0.000,0.000]
  Alt-Benders[1] (mw): LB=-21.084966, Z₀(α*)=15.487959, intercept=-68.998227 (2.156s) [OMP=2.085 ISP-L=0.008 ISP-F=0.021 MW-L=0.011 MW-F=0.019]
  Alt-Benders[2] (mw): LB=-21.077728, Z₀(α*)=-19.636173, intercept=-41.998739 (2.047s) [OMP=1.988 ISP-L=0.007 ISP-F=0.021 MW-L=0.012 MW-F=0.020]
  Alt-Benders[3] (mw): LB=-21.018459, Z₀(α*)=-4.358455, intercept=-129.024642 (1.937s) [OMP=1.871 ISP-L=0.007 ISP-F=0.020 MW-L=0.011 MW-F=0.025]
  Alt-Benders[4] (mw): LB=-20.323329, Z₀(α*)=-20.665734, intercept=-72.741333 (2.000s) [OMP=1.945 ISP-L=0.008 ISP-F=0.020 MW-L=0.011 MW-F=0.019]
  Alt-Benders[5] (mw): LB=-20.323329, Z₀(α*)=-20.665734, intercept=-72.741333 (1.860s) [OMP=1.802 ISP-L=0.008 ISP-F=0.020 MW-L=0.011 MW-F=0.019]
  OMP re-solve: 1.849s

=== True-DRO Benders iter 17 ===
  OMP: t₀=-20.323329, UB=13.392554, gap=2.52e+00, x=[1, 0, 0, 0, 0, 0, 0, 0, 0, 0, 0, 0, 0, 0, 0, 0, 0, 0, 0, 0, 0, 0, 0, 0, 0, 0, 0, 1, 0, 0, 0, 0, 0, 0, 0, 0, 0, 0] (0.001s)
  Sub: Z₀=18.073434 [LOCAL] (0.4s), α=[1.586,0.000,0.349,0.000,0.000,1.483,0.000,0.000,3.969,0.000,0.000,0.000,0.000,0.000,0.000,0.000,0.000,0.000,0.000,0.000,0.000,0.000,0.000,0.000,0.000,0.000,2.324,0.992,0.000,0.000,0.000,0.000,0.000,0.000,0.000,0.000,0.000,0.000]
  Iter 17: LB=-20.323329  UB=13.392554  gap=2.52e+00
  Cut: intercept=-1116.277671, π_x_range=[-829.9620, 580.9819]
  Mini-Benders[1] (mw): LB=-20.241333, Z₀(α*)=-0.482262, intercept=-24.197425 (2.047s) [OMP=1.974 ISP-L=0.008 ISP-F=0.021 MW-L=0.018 MW-F=0.019]
  Mini-Benders[2] (mw): LB=-20.124615, Z₀(α*)=2.283897, intercept=-49.541940 (2.063s) [OMP=2.001 ISP-L=0.008 ISP-F=0.021 MW-L=0.012 MW-F=0.017]
  Mini-Benders[3] (mw): LB=-19.868611, Z₀(α*)=12.839816, intercept=-30.575225 (1.968s) [OMP=1.912 ISP-L=0.008 ISP-F=0.022 MW-L=0.011 MW-F=0.019]
  Mini-Benders[4] (mw): LB=-19.643207, Z₀(α*)=-3.230984, intercept=-111.968393 (2.125s) [OMP=2.052 ISP-L=0.007 ISP-F=0.020 MW-L=0.012 MW-F=0.023]
  Mini-Benders[5] (mw): LB=-19.636175, Z₀(α*)=-0.342714, intercept=-50.608608 (2.047s) [OMP=1.991 ISP-L=0.007 ISP-F=0.021 MW-L=0.012 MW-F=0.018]
  α-step: Z₀=12.049362, α=[0.000,0.000,0.000,0.000,0.000,0.000,0.606,0.000,2.747,0.000,0.000,0.000,0.000,0.000,0.000,0.000,0.000,0.000,0.000,0.000,0.000,0.000,0.000,0.000,0.000,0.000,2.634,0.000,0.000,0.000,0.000,4.715,0.000,0.000,0.000,0.000,0.000,0.000]
  Alt-Benders[1] (mw): LB=-17.845244, Z₀(α*)=-13.553453, intercept=-20.205737 (2.110s) [OMP=2.040 ISP-L=0.008 ISP-F=0.020 MW-L=0.011 MW-F=0.024]
  Alt-Benders[2] (mw): LB=-17.559805, Z₀(α*)=-4.050355, intercept=-38.507681 (2.156s) [OMP=2.103 ISP-L=0.008 ISP-F=0.022 MW-L=0.011 MW-F=0.018]
  Alt-Benders[3] (mw): LB=-17.553781, Z₀(α*)=-11.235210, intercept=-41.011264 (1.781s) [OMP=1.718 ISP-L=0.008 ISP-F=0.021 MW-L=0.011 MW-F=0.019]
  Alt-Benders[4] (mw): LB=-17.521085, Z₀(α*)=-36.394424, intercept=-57.462245 (1.813s) [OMP=1.745 ISP-L=0.007 ISP-F=0.021 MW-L=0.012 MW-F=0.020]
  Alt-Benders[5] (mw): LB=-17.521085, Z₀(α*)=-36.394424, intercept=-57.462245 (1.937s) [OMP=1.872 ISP-L=0.008 ISP-F=0.021 MW-L=0.018 MW-F=0.021]
  OMP re-solve: 1.908s

=== True-DRO Benders iter 18 ===
  OMP: t₀=-17.521085, UB=13.392554, gap=2.31e+00, x=[0, 0, 0, 0, 0, 0, 0, 0, 0, 0, 0, 0, 0, 0, 0, 0, 0, 0, 0, 1, 0, 0, 0, 0, 0, 0, 0, 0, 0, 0, 0, 0, 0, 1, 0, 0, 0, 0] (0.001s)
  Sub: Z₀=15.564685 [LOCAL] (0.6s), α=[0.000,0.000,0.000,0.000,0.000,0.000,0.000,0.000,0.000,0.000,0.000,0.000,0.000,0.000,3.763,0.000,0.000,0.000,0.000,5.734,0.000,0.000,0.000,0.000,0.000,0.000,1.205,0.000,0.000,0.000,0.000,0.000,0.000,0.000,0.000,0.000,0.000,0.000]
  Iter 18: LB=-17.521085  UB=13.392554  gap=2.31e+00
  Cut: intercept=-1080.258082, π_x_range=[-828.4874, 555.5069]
  Mini-Benders[1] (mw): LB=-16.768538, Z₀(α*)=-38.317527, intercept=-88.255918 (2.218s) [OMP=2.156 ISP-L=0.008 ISP-F=0.021 MW-L=0.011 MW-F=0.021]
  Mini-Benders[2] (mw): LB=-16.768538, Z₀(α*)=-38.317527, intercept=-88.255918 (2.329s) [OMP=2.259 ISP-L=0.008 ISP-F=0.022 MW-L=0.011 MW-F=0.026]
  Mini-Benders[3] (mw): LB=-16.768538, Z₀(α*)=-38.317527, intercept=-88.255918 (2.312s) [OMP=2.245 ISP-L=0.008 ISP-F=0.022 MW-L=0.011 MW-F=0.021]
  Mini-Benders[4]: LB stagnated, break
  α-step: Z₀=12.546952, α=[0.000,0.000,0.000,0.000,0.000,8.162,0.000,0.000,0.000,0.000,0.000,0.000,0.000,0.000,0.952,0.000,0.000,0.000,0.000,0.000,0.000,0.000,0.000,0.000,0.000,0.000,0.000,0.000,0.000,0.000,0.000,0.000,1.589,0.000,0.000,0.000,0.000,0.000]
  Alt-Benders[1] (mw): LB=-16.754783, Z₀(α*)=-27.746143, intercept=-29.242974 (2.375s) [OMP=2.312 ISP-L=0.008 ISP-F=0.022 MW-L=0.011 MW-F=0.018]
  Alt-Benders[2] (mw): LB=-16.754783, Z₀(α*)=-27.746143, intercept=-29.242974 (2.437s) [OMP=2.372 ISP-L=0.007 ISP-F=0.022 MW-L=0.018 MW-F=0.018]
  Alt-Benders[3] (mw): LB=-16.754783, Z₀(α*)=-27.746143, intercept=-29.242974 (2.438s) [OMP=2.387 ISP-L=0.007 ISP-F=0.022 MW-L=0.011 MW-F=0.018]
  Alt-Benders[4]: LB stagnated, break
  OMP re-solve: 0.001s

=== True-DRO Benders iter 19 ===
  OMP: t₀=-16.754783, UB=13.392554, gap=2.25e+00, x=[0, 0, 0, 0, 0, 0, 1, 0, 0, 0, 0, 0, 0, 0, 0, 0, 0, 0, 1, 0, 0, 0, 0, 0, 0, 0, 0, 0, 0, 0, 0, 0, 0, 0, 0, 0, 0, 0] (0.001s)
  Sub: Z₀=17.158177 [LOCAL] (0.3s), α=[0.000,0.000,0.000,0.000,0.000,1.208,3.603,0.000,4.242,0.000,0.000,0.000,0.000,0.000,0.000,0.000,0.000,0.000,0.000,0.000,0.000,0.000,0.000,0.000,0.000,0.000,1.649,0.000,0.000,0.000,0.000,0.000,0.000,0.000,0.000,0.000,0.000,0.000]
  Iter 19: LB=-16.754783  UB=13.392554  gap=2.25e+00
  Cut: intercept=-1104.474331, π_x_range=[-833.2067, 567.7842]
  Mini-Benders[1] (mw): LB=-16.668895, Z₀(α*)=-3.497303, intercept=-75.437810 (2.547s) [OMP=2.478 ISP-L=0.008 ISP-F=0.022 MW-L=0.011 MW-F=0.024]
  Mini-Benders[2] (mw): LB=-15.648664, Z₀(α*)=-16.012792, intercept=-74.772513 (2.485s) [OMP=2.426 ISP-L=0.008 ISP-F=0.021 MW-L=0.012 MW-F=0.020]
  Mini-Benders[3] (mw): LB=-15.648664, Z₀(α*)=-16.012792, intercept=-74.772513 (2.390s) [OMP=2.326 ISP-L=0.008 ISP-F=0.021 MW-L=0.012 MW-F=0.020]
  Mini-Benders[4] (mw): LB=-15.648664, Z₀(α*)=-16.012792, intercept=-74.772513 (2.344s) [OMP=2.278 ISP-L=0.008 ISP-F=0.022 MW-L=0.012 MW-F=0.026]
  Mini-Benders[5]: LB stagnated, break
  α-step: Z₀=15.441833, α=[0.000,0.000,0.000,0.000,0.000,0.000,0.000,0.000,1.438,0.000,0.000,0.000,0.000,0.000,1.072,0.000,0.000,0.000,0.000,0.000,0.000,0.000,0.000,0.000,0.000,0.000,1.125,0.000,0.000,0.000,0.000,0.000,7.068,0.000,0.000,0.000,0.000,0.000]
  Alt-Benders[1] (mw): LB=-15.226944, Z₀(α*)=-19.142588, intercept=-26.444685 (2.547s) [OMP=2.480 ISP-L=0.008 ISP-F=0.021 MW-L=0.012 MW-F=0.019]
  Alt-Benders[2] (mw): LB=-15.226944, Z₀(α*)=-19.142588, intercept=-26.444685 (2.703s) [OMP=2.654 ISP-L=0.007 ISP-F=0.021 MW-L=0.011 MW-F=0.019]
  Alt-Benders[3] (mw): LB=-15.226944, Z₀(α*)=-19.142588, intercept=-26.444685 (2.703s) [OMP=2.628 ISP-L=0.007 ISP-F=0.021 MW-L=0.017 MW-F=0.019]
  Alt-Benders[4]: LB stagnated, break
  OMP re-solve: 0.001s

=== True-DRO Benders iter 20 ===
  OMP: t₀=-15.226944, UB=13.392554, gap=2.14e+00, x=[0, 0, 0, 0, 0, 0, 1, 0, 0, 0, 0, 0, 1, 0, 0, 0, 0, 0, 0, 0, 0, 0, 0, 0, 0, 0, 0, 0, 0, 0, 0, 0, 0, 0, 0, 0, 0, 0] (0.001s)
  Sub: Z₀=17.158177 [TIME_LIMIT] (15.7s), α=[0.000,0.000,0.000,0.000,0.000,1.145,4.130,0.000,3.716,0.000,0.000,0.000,0.000,0.000,0.000,0.000,0.000,0.000,0.000,0.000,0.000,0.000,0.000,0.000,0.000,0.000,1.712,0.000,0.000,0.000,0.000,0.000,0.000,0.000,0.000,0.000,0.000,0.000]
  Iter 20: LB=-15.226944  UB=13.392554  gap=2.14e+00
  Cut: intercept=-42.653660, π_x_range=[-264.0000, 52.9305]
  Mini-Benders[1] (mw): LB=-15.210565, Z₀(α*)=13.351529, intercept=-49.011427 (2.266s) [OMP=2.216 ISP-L=0.007 ISP-F=0.022 MW-L=0.011 MW-F=0.019]
  Mini-Benders[2] (mw): LB=-14.377671, Z₀(α*)=-3.061049, intercept=-31.217937 (2.453s) [OMP=2.380 ISP-L=0.007 ISP-F=0.022 MW-L=0.010 MW-F=0.026]
  Mini-Benders[3] (mw): LB=-14.337070, Z₀(α*)=1.720313, intercept=-37.398056 (2.328s) [OMP=2.273 ISP-L=0.007 ISP-F=0.021 MW-L=0.011 MW-F=0.020]
  Mini-Benders[4] (mw): LB=-14.235195, Z₀(α*)=-25.282990, intercept=-71.484716 (2.078s) [OMP=2.009 ISP-L=0.007 ISP-F=0.021 MW-L=0.011 MW-F=0.019]
  Mini-Benders[5] (mw): LB=-14.235195, Z₀(α*)=-25.282990, intercept=-71.484716 (1.953s) [OMP=1.902 ISP-L=0.007 ISP-F=0.021 MW-L=0.011 MW-F=0.019]
  α-step: Z₀=15.395539, α=[0.000,0.000,0.000,0.000,0.000,0.000,0.000,0.000,0.142,0.000,0.000,0.000,0.000,0.000,3.922,0.000,0.000,0.000,0.000,0.000,0.000,0.000,0.000,0.000,5.274,0.000,1.364,0.000,0.000,0.000,0.000,0.000,0.000,0.000,0.000,0.000,0.000,0.000]
  Alt-Benders[1] (mw): LB=-14.003535, Z₀(α*)=-7.967160, intercept=-11.719575 (2.406s) [OMP=2.348 ISP-L=0.008 ISP-F=0.021 MW-L=0.011 MW-F=0.018]
  Alt-Benders[2] (mw): LB=-13.553455, Z₀(α*)=-9.822112, intercept=-20.072205 (2.422s) [OMP=2.362 ISP-L=0.007 ISP-F=0.022 MW-L=0.011 MW-F=0.018]
  Alt-Benders[3] (mw): LB=-13.315916, Z₀(α*)=-33.754575, intercept=-48.225552 (2.516s) [OMP=2.441 ISP-L=0.007 ISP-F=0.019 MW-L=0.018 MW-F=0.019]
  Alt-Benders[4] (mw): LB=-13.315916, Z₀(α*)=-33.754575, intercept=-48.225552 (2.031s) [OMP=1.979 ISP-L=0.008 ISP-F=0.019 MW-L=0.011 MW-F=0.019]
  Alt-Benders[5] (mw): LB=-13.315916, Z₀(α*)=-33.754575, intercept=-48.225552 (2.047s) [OMP=1.985 ISP-L=0.007 ISP-F=0.019 MW-L=0.011 MW-F=0.019]
  OMP re-solve: 1.991s

=== True-DRO Benders iter 21 ===
  OMP: t₀=-13.315916, UB=13.392554, gap=1.99e+00, x=[0, 0, 0, 0, 0, 1, 0, 0, 0, 0, 0, 0, 0, 0, 0, 0, 0, 0, 0, 0, 0, 0, 0, 0, 0, 0, 0, 0, 0, 0, 0, 0, 0, 1, 0, 0, 0, 0] (0.001s)
  Sub: Z₀=14.696999 [LOCAL] (0.4s), α=[0.000,0.000,0.000,0.000,0.000,7.994,0.000,0.000,0.000,0.000,0.000,0.000,0.000,0.000,1.072,0.000,0.000,0.000,0.000,0.000,0.000,0.000,0.000,0.000,0.000,0.000,1.637,0.000,0.000,0.000,0.000,0.000,0.000,0.000,0.000,0.000,0.000,0.000]
  Iter 21: LB=-13.315916  UB=13.392554  gap=1.99e+00
  Cut: intercept=-1127.586003, π_x_range=[-827.7648, 575.3692]
  Mini-Benders[1] (mw): LB=-13.084228, Z₀(α*)=-18.663002, intercept=-28.679967 (2.516s) [OMP=2.456 ISP-L=0.008 ISP-F=0.021 MW-L=0.011 MW-F=0.017]
  Mini-Benders[2] (mw): LB=-13.084228, Z₀(α*)=-18.663002, intercept=-28.679967 (2.515s) [OMP=2.455 ISP-L=0.007 ISP-F=0.021 MW-L=0.011 MW-F=0.017]
  Mini-Benders[3] (mw): LB=-13.084228, Z₀(α*)=-18.663002, intercept=-28.679967 (2.453s) [OMP=2.402 ISP-L=0.007 ISP-F=0.021 MW-L=0.011 MW-F=0.017]
  Mini-Benders[4]: LB stagnated, break
  α-step: Z₀=16.350462, α=[0.000,0.000,0.000,0.000,0.000,4.564,0.000,0.000,3.884,0.000,0.000,0.000,0.000,0.000,2.254,0.000,0.000,0.000,0.000,0.000,0.000,0.000,0.000,0.000,0.000,0.000,0.000,0.000,0.000,0.000,0.000,0.000,0.000,0.000,0.000,0.000,0.000,0.000]
  Alt-Benders[1] (mw): LB=-13.024445, Z₀(α*)=17.294127, intercept=0.850058 (2.375s) [OMP=2.323 ISP-L=0.008 ISP-F=0.021 MW-L=0.011 MW-F=0.018]
  Alt-Benders[2] (mw): LB=-12.931840, Z₀(α*)=18.349065, intercept=-2.522807 (2.484s) [OMP=2.428 ISP-L=0.008 ISP-F=0.021 MW-L=0.012 MW-F=0.018]
  Alt-Benders[3] (mw): LB=-12.762025, Z₀(α*)=14.112946, intercept=-31.597134 (2.516s) [OMP=2.450 ISP-L=0.008 ISP-F=0.020 MW-L=0.011 MW-F=0.022]
  Alt-Benders[4] (mw): LB=-12.515199, Z₀(α*)=-16.783526, intercept=-87.479898 (2.344s) [OMP=2.276 ISP-L=0.008 ISP-F=0.021 MW-L=0.011 MW-F=0.018]
  Alt-Benders[5] (mw): LB=-12.515199, Z₀(α*)=-16.783526, intercept=-87.479898 (2.312s) [OMP=2.264 ISP-L=0.008 ISP-F=0.021 MW-L=0.011 MW-F=0.018]
  OMP re-solve: 2.331s

=== True-DRO Benders iter 22 ===
  OMP: t₀=-12.515199, UB=13.392554, gap=1.93e+00, x=[1, 0, 0, 0, 0, 0, 0, 0, 0, 0, 0, 0, 0, 0, 0, 0, 0, 0, 0, 0, 0, 0, 0, 0, 0, 0, 0, 0, 0, 0, 0, 1, 0, 0, 0, 0, 0, 0] (0.001s)
  Sub: Z₀=15.511540 [LOCAL] (0.4s), α=[0.000,0.000,0.715,0.000,0.000,0.005,0.000,0.000,1.086,0.000,0.000,0.000,0.000,0.000,0.122,0.000,0.000,0.000,0.000,0.000,0.000,0.000,0.000,0.000,0.000,0.000,1.091,0.000,0.000,0.000,0.000,7.683,0.000,0.000,0.000,0.000,0.000,0.000]
  Iter 22: LB=-12.515199  UB=13.392554  gap=1.93e+00
  Cut: intercept=-1053.751436, π_x_range=[-823.4778, 536.2757]
  Mini-Benders[1] (mw): LB=-12.337875, Z₀(α*)=-27.640692, intercept=-31.301938 (2.344s) [OMP=2.271 ISP-L=0.008 ISP-F=0.021 MW-L=0.018 MW-F=0.020]
  Mini-Benders[2] (mw): LB=-12.337875, Z₀(α*)=-27.640692, intercept=-31.301938 (2.531s) [OMP=2.482 ISP-L=0.008 ISP-F=0.021 MW-L=0.011 MW-F=0.020]
  Mini-Benders[3] (mw): LB=-12.337875, Z₀(α*)=-27.640692, intercept=-31.301938 (2.610s) [OMP=2.550 ISP-L=0.008 ISP-F=0.020 MW-L=0.011 MW-F=0.020]
  Mini-Benders[4]: LB stagnated, break
  α-step: Z₀=18.782061, α=[0.000,0.000,0.000,0.000,0.000,0.900,0.000,0.000,4.007,0.000,0.000,0.000,0.000,0.000,0.624,0.000,0.000,0.000,0.000,0.000,0.000,0.000,0.000,0.000,0.000,0.000,5.171,0.000,0.000,0.000,0.000,0.000,0.000,0.000,0.000,0.000,0.000,0.000]
  Alt-Benders[1] (mw): LB=-12.291514, Z₀(α*)=19.582735, intercept=4.779700 (2.359s) [OMP=2.293 ISP-L=0.008 ISP-F=0.023 MW-L=0.011 MW-F=0.019]
  Alt-Benders[2] (mw): LB=-12.051484, Z₀(α*)=7.717016, intercept=-19.444907 (2.344s) [OMP=2.281 ISP-L=0.008 ISP-F=0.021 MW-L=0.012 MW-F=0.020]
  Alt-Benders[3] (mw): LB=-11.524644, Z₀(α*)=-22.421783, intercept=-98.844976 (2.641s) [OMP=2.573 ISP-L=0.007 ISP-F=0.020 MW-L=0.012 MW-F=0.025]
  Alt-Benders[4] (mw): LB=-11.524644, Z₀(α*)=-22.421783, intercept=-98.844976 (2.640s) [OMP=2.591 ISP-L=0.007 ISP-F=0.020 MW-L=0.012 MW-F=0.019]
  Alt-Benders[5] (mw): LB=-11.524644, Z₀(α*)=-22.421783, intercept=-98.844976 (2.626s) [OMP=2.566 ISP-L=0.007 ISP-F=0.020 MW-L=0.012 MW-F=0.018]
  OMP re-solve: 2.582s

=== True-DRO Benders iter 23 ===
  OMP: t₀=-11.524644, UB=13.392554, gap=1.86e+00, x=[0, 0, 0, 0, 0, 0, 0, 0, 1, 0, 0, 0, 0, 0, 0, 0, 0, 0, 0, 1, 0, 0, 0, 0, 0, 0, 0, 0, 0, 0, 0, 0, 0, 0, 0, 0, 0, 0] (0.001s)
  Sub: Z₀=13.532630 [LOCAL] (0.3s), α=[0.000,0.000,0.000,0.000,0.000,0.000,0.000,0.000,4.193,0.000,0.000,0.000,0.000,0.000,2.317,0.000,0.000,0.000,0.000,4.193,0.000,0.000,0.000,0.000,0.000,0.000,0.000,0.000,0.000,0.000,0.000,0.000,0.000,0.000,0.000,0.000,0.000,0.000]
  Iter 23: LB=-11.524644  UB=13.392554  gap=1.86e+00
  Cut: intercept=-1127.260594, π_x_range=[-828.6044, 583.4685]
  Mini-Benders[1] (mw): LB=-10.994898, Z₀(α*)=-2.976363, intercept=-46.154142 (2.766s) [OMP=2.699 ISP-L=0.008 ISP-F=0.020 MW-L=0.018 MW-F=0.020]
  Mini-Benders[2] (mw): LB=-10.789386, Z₀(α*)=4.888858, intercept=-45.247516 (2.609s) [OMP=2.559 ISP-L=0.008 ISP-F=0.020 MW-L=0.012 MW-F=0.019]
  Mini-Benders[3] (mw): LB=-9.822114, Z₀(α*)=-5.572740, intercept=-17.381093 (2.703s) [OMP=2.642 ISP-L=0.007 ISP-F=0.020 MW-L=0.012 MW-F=0.020]
  Mini-Benders[4] (mw): LB=-9.695828, Z₀(α*)=-0.288753, intercept=-32.196386 (2.595s) [OMP=2.518 ISP-L=0.008 ISP-F=0.023 MW-L=0.012 MW-F=0.025]
  Mini-Benders[5] (mw): LB=-8.985985, Z₀(α*)=-9.790354, intercept=-32.432980 (2.656s) [OMP=2.603 ISP-L=0.007 ISP-F=0.021 MW-L=0.011 MW-F=0.017]
  α-step: Z₀=16.297718, α=[0.000,0.000,0.000,0.000,0.000,1.906,0.000,0.000,3.683,0.000,0.000,0.000,0.000,0.000,0.000,0.000,0.000,0.000,0.000,0.000,0.000,5.113,0.000,0.000,0.000,0.000,0.000,0.000,0.000,0.000,0.000,0.000,0.000,0.000,0.000,0.000,0.000,0.000]
  Alt-Benders[1] (mw): LB=-8.822981, Z₀(α*)=-13.451619, intercept=-30.698796 (2.547s) [OMP=2.491 ISP-L=0.008 ISP-F=0.020 MW-L=0.012 MW-F=0.019]
  Alt-Benders[2] (mw): LB=-8.822981, Z₀(α*)=-13.451619, intercept=-30.698796 (2.375s) [OMP=2.300 ISP-L=0.008 ISP-F=0.020 MW-L=0.018 MW-F=0.019]
  Alt-Benders[3] (mw): LB=-8.822981, Z₀(α*)=-13.451619, intercept=-30.698796 (2.312s) [OMP=2.263 ISP-L=0.008 ISP-F=0.021 MW-L=0.012 MW-F=0.019]
  Alt-Benders[4]: LB stagnated, break
  OMP re-solve: 0.001s

=== True-DRO Benders iter 24 ===
  OMP: t₀=-8.822981, UB=13.392554, gap=1.66e+00, x=[0, 0, 1, 0, 0, 0, 0, 0, 0, 0, 0, 0, 0, 0, 0, 0, 0, 0, 0, 0, 0, 0, 0, 0, 0, 0, 0, 1, 0, 0, 0, 0, 0, 0, 0, 0, 0, 0] (0.001s)
  Sub: Z₀=19.831109 [LOCAL] (0.4s), α=[0.000,0.000,0.000,0.000,0.000,0.000,0.000,0.000,4.223,0.000,0.000,0.000,0.000,0.000,0.926,0.000,0.000,0.000,0.000,0.000,0.000,0.000,0.000,0.000,0.000,0.000,5.553,0.000,0.000,0.000,0.000,0.000,0.000,0.000,0.000,0.000,0.000,0.000]
  Iter 24: LB=-8.822981  UB=13.392554  gap=1.66e+00
  Cut: intercept=-1146.218193, π_x_range=[-830.8361, 588.2081]
  Mini-Benders[1] (mw): LB=-8.221518, Z₀(α*)=18.259952, intercept=-13.561931 (2.500s) [OMP=2.428 ISP-L=0.008 ISP-F=0.023 MW-L=0.017 MW-F=0.026]
  Mini-Benders[2] (mw): LB=-8.077125, Z₀(α*)=12.455469, intercept=-28.913352 (2.437s) [OMP=2.378 ISP-L=0.007 ISP-F=0.021 MW-L=0.012 MW-F=0.019]
  Mini-Benders[3] (mw): LB=-8.040006, Z₀(α*)=11.805537, intercept=-11.279476 (2.453s) [OMP=2.393 ISP-L=0.008 ISP-F=0.021 MW-L=0.011 MW-F=0.018]
  Mini-Benders[4] (mw): LB=-7.967162, Z₀(α*)=11.805537, intercept=-11.279476 (2.063s) [OMP=1.987 ISP-L=0.007 ISP-F=0.021 MW-L=0.011 MW-F=0.024]
  Mini-Benders[5] (mw): LB=-7.030194, Z₀(α*)=-6.685748, intercept=-39.795254 (2.031s) [OMP=1.966 ISP-L=0.008 ISP-F=0.021 MW-L=0.012 MW-F=0.022]
  α-step: Z₀=15.768576, α=[0.000,0.000,0.000,0.000,0.000,1.127,0.000,0.000,9.576,0.000,0.000,0.000,0.000,0.000,0.000,0.000,0.000,0.000,0.000,0.000,0.000,0.000,0.000,0.000,0.000,0.000,0.000,0.000,0.000,0.000,0.000,0.000,0.000,0.000,0.000,0.000,0.000,0.000]
  Alt-Benders[1] (mw): LB=-6.685750, Z₀(α*)=15.226290, intercept=-50.455905 (2.016s) [OMP=1.965 ISP-L=0.007 ISP-F=0.021 MW-L=0.011 MW-F=0.019]
  Alt-Benders[2] (mw): LB=-6.549002, Z₀(α*)=-37.947596, intercept=-84.505929 (2.281s) [OMP=2.205 ISP-L=0.007 ISP-F=0.021 MW-L=0.018 MW-F=0.019]
  Alt-Benders[3] (mw): LB=-6.549002, Z₀(α*)=-37.947596, intercept=-84.505929 (2.203s) [OMP=2.143 ISP-L=0.008 ISP-F=0.021 MW-L=0.011 MW-F=0.019]
  Alt-Benders[4] (mw): LB=-6.549002, Z₀(α*)=-37.947596, intercept=-84.505929 (2.219s) [OMP=2.167 ISP-L=0.007 ISP-F=0.021 MW-L=0.011 MW-F=0.019]
  Alt-Benders[5]: LB stagnated, break
  OMP re-solve: 0.002s

=== True-DRO Benders iter 25 ===
  OMP: t₀=-6.549002, UB=13.392554, gap=1.49e+00, x=[0, 0, 0, 0, 0, 0, 0, 0, 0, 0, 0, 0, 0, 0, 0, 0, 0, 0, 0, 0, 0, 0, 0, 0, 0, 0, 0, 0, 0, 0, 1, 1, 0, 0, 0, 0, 0, 0] (0.002s)
  Sub: Z₀=15.455763 [TIME_LIMIT] (15.5s), α=[0.000,0.000,0.000,0.000,0.000,0.000,0.000,0.000,0.000,0.000,0.000,0.000,0.000,0.000,0.986,0.000,0.000,0.000,0.000,0.000,0.000,0.000,0.000,0.000,0.000,0.000,2.747,0.000,0.000,0.000,0.000,6.970,0.000,0.000,0.000,0.000,0.000,0.000]
  Iter 25: LB=-6.549002  UB=13.392554  gap=1.49e+00
  Cut: intercept=-99.577572, π_x_range=[-285.0000, 89.8469]
  Mini-Benders[1] (mw): LB=-6.440036, Z₀(α*)=16.120801, intercept=-59.334872 (2.204s) [OMP=2.137 ISP-L=0.007 ISP-F=0.021 MW-L=0.011 MW-F=0.019]
  Mini-Benders[2] (mw): LB=-6.145734, Z₀(α*)=-30.995929, intercept=-28.508040 (2.781s) [OMP=2.729 ISP-L=0.008 ISP-F=0.021 MW-L=0.012 MW-F=0.017]
  Mini-Benders[3] (mw): LB=-6.145734, Z₀(α*)=-30.995929, intercept=-28.508040 (2.344s) [OMP=2.282 ISP-L=0.007 ISP-F=0.021 MW-L=0.012 MW-F=0.017]
  Mini-Benders[4] (mw): LB=-6.145734, Z₀(α*)=-30.995929, intercept=-28.508040 (2.343s) [OMP=2.282 ISP-L=0.008 ISP-F=0.021 MW-L=0.019 MW-F=0.017]
  Mini-Benders[5]: LB stagnated, break
  α-step: Z₀=16.254317, α=[0.000,0.000,0.000,0.000,0.000,0.000,0.000,0.000,8.953,0.000,0.000,0.000,0.000,0.000,0.425,0.000,0.000,0.000,0.000,0.000,0.000,0.000,0.000,0.000,0.000,0.000,1.324,0.000,0.000,0.000,0.000,0.000,0.000,0.000,0.000,0.000,0.000,0.000]
  Alt-Benders[1] (mw): LB=-5.764943, Z₀(α*)=2.525915, intercept=-65.223911 (2.078s) [OMP=2.020 ISP-L=0.008 ISP-F=0.021 MW-L=0.011 MW-F=0.017]
  Alt-Benders[2] (mw): LB=-5.668891, Z₀(α*)=6.748712, intercept=-65.521916 (2.329s) [OMP=2.254 ISP-L=0.008 ISP-F=0.020 MW-L=0.017 MW-F=0.017]
  Alt-Benders[3] (mw): LB=-5.094870, Z₀(α*)=11.613188, intercept=-46.480587 (2.218s) [OMP=2.171 ISP-L=0.008 ISP-F=0.021 MW-L=0.012 MW-F=0.018]
  Alt-Benders[4] (mw): LB=-4.967293, Z₀(α*)=-39.531929, intercept=-67.350600 (2.110s) [OMP=2.050 ISP-L=0.008 ISP-F=0.021 MW-L=0.011 MW-F=0.020]
  Alt-Benders[5] (mw): LB=-4.967293, Z₀(α*)=-39.531929, intercept=-67.350600 (2.359s) [OMP=2.285 ISP-L=0.008 ISP-F=0.021 MW-L=0.011 MW-F=0.026]
  OMP re-solve: 2.380s

=== True-DRO Benders iter 26 ===
  OMP: t₀=-4.967293, UB=13.392554, gap=1.37e+00, x=[0, 0, 0, 0, 0, 0, 0, 0, 0, 0, 0, 0, 0, 0, 0, 0, 0, 0, 0, 1, 0, 0, 0, 0, 0, 0, 1, 0, 0, 0, 0, 0, 0, 0, 0, 0, 0, 0] (0.002s)
  Sub: Z₀=14.227316 [LOCAL] (0.4s), α=[0.000,0.000,0.000,0.000,0.000,0.000,0.000,0.000,0.000,0.000,0.000,0.000,0.000,0.000,2.069,0.000,0.000,0.000,0.000,5.630,0.000,0.000,0.000,0.000,0.000,0.000,3.004,0.000,0.000,0.000,0.000,0.000,0.000,0.000,0.000,0.000,0.000,0.000]
  Iter 26: LB=-4.967293  UB=13.392554  gap=1.37e+00
  Cut: intercept=-1128.752012, π_x_range=[-829.7546, 593.5689]
  Mini-Benders[1] (mw): LB=-4.542391, Z₀(α*)=4.943812, intercept=-109.923611 (2.265s) [OMP=2.215 ISP-L=0.007 ISP-F=0.020 MW-L=0.011 MW-F=0.018]
  Mini-Benders[2] (mw): LB=-4.358457, Z₀(α*)=-14.010897, intercept=-111.345019 (2.313s) [OMP=2.240 ISP-L=0.007 ISP-F=0.022 MW-L=0.012 MW-F=0.020]
  Mini-Benders[3] (mw): LB=-4.358457, Z₀(α*)=-14.010897, intercept=-111.345019 (2.140s) [OMP=2.078 ISP-L=0.007 ISP-F=0.022 MW-L=0.018 MW-F=0.021]
  Mini-Benders[4] (mw): LB=-4.358457, Z₀(α*)=-14.010897, intercept=-111.345019 (1.954s) [OMP=1.882 ISP-L=0.007 ISP-F=0.022 MW-L=0.012 MW-F=0.020]
  Mini-Benders[5]: LB stagnated, break
  α-step: Z₀=11.686648, α=[0.000,0.000,0.000,0.000,0.000,2.601,0.000,0.000,0.000,0.000,0.000,0.000,0.000,0.000,2.254,0.000,0.000,0.000,0.000,0.000,0.000,0.000,0.000,0.000,0.849,0.000,4.999,0.000,0.000,0.000,0.000,0.000,0.000,0.000,0.000,0.000,0.000,0.000]
  Alt-Benders[1] (mw): LB=-4.079888, Z₀(α*)=-15.711716, intercept=-32.949491 (1.906s) [OMP=1.840 ISP-L=0.008 ISP-F=0.021 MW-L=0.012 MW-F=0.025]
  Alt-Benders[2] (mw): LB=-4.079888, Z₀(α*)=-15.711716, intercept=-32.949491 (2.234s) [OMP=2.181 ISP-L=0.008 ISP-F=0.020 MW-L=0.012 MW-F=0.019]
  Alt-Benders[3] (mw): LB=-4.079888, Z₀(α*)=-15.711716, intercept=-32.949491 (2.125s) [OMP=2.053 ISP-L=0.008 ISP-F=0.021 MW-L=0.012 MW-F=0.019]
  Alt-Benders[4]: LB stagnated, break
  OMP re-solve: 0.002s

=== True-DRO Benders iter 27 ===
  OMP: t₀=-4.079888, UB=13.392554, gap=1.30e+00, x=[0, 0, 0, 0, 0, 0, 0, 0, 1, 0, 0, 1, 0, 0, 0, 0, 0, 0, 0, 0, 0, 0, 0, 0, 0, 0, 0, 0, 0, 0, 0, 0, 0, 0, 0, 0, 0, 0] (0.002s)
  Sub: Z₀=16.771447 [LOCAL] (0.4s), α=[0.000,0.000,0.000,0.000,0.000,0.000,0.000,0.000,9.598,0.000,0.000,0.000,0.000,0.000,0.000,0.000,0.000,0.000,0.000,0.000,0.000,0.000,0.000,0.000,0.000,0.000,1.104,0.000,0.000,0.000,0.000,0.000,0.000,0.000,0.000,0.000,0.000,0.000]
  Iter 27: LB=-4.079888  UB=13.392554  gap=1.30e+00
  Cut: intercept=-1157.352352, π_x_range=[-829.5860, 588.3079]
  Mini-Benders[1] (mw): LB=-3.799315, Z₀(α*)=-32.976840, intercept=-76.760339 (2.312s) [OMP=2.243 ISP-L=0.007 ISP-F=0.021 MW-L=0.018 MW-F=0.020]
  Mini-Benders[2] (mw): LB=-3.799315, Z₀(α*)=-32.976840, intercept=-76.760339 (2.250s) [OMP=2.187 ISP-L=0.007 ISP-F=0.021 MW-L=0.012 MW-F=0.019]
  Mini-Benders[3] (mw): LB=-3.799315, Z₀(α*)=-32.976840, intercept=-76.760339 (2.266s) [OMP=2.207 ISP-L=0.008 ISP-F=0.021 MW-L=0.012 MW-F=0.019]
  Mini-Benders[4]: LB stagnated, break
  α-step: Z₀=14.319318, α=[0.000,0.000,0.000,0.000,0.000,0.000,0.000,0.000,0.000,0.000,0.000,0.000,0.000,0.000,2.194,0.000,0.000,0.000,0.000,0.000,0.000,0.000,0.000,0.000,4.633,0.000,3.875,0.000,0.000,0.000,0.000,0.000,0.000,0.000,0.000,0.000,0.000,0.000]
  Alt-Benders[1] (mw): LB=-3.561373, Z₀(α*)=-2.741898, intercept=-11.571691 (2.312s) [OMP=2.263 ISP-L=0.008 ISP-F=0.021 MW-L=0.011 MW-F=0.019]
  Alt-Benders[2] (mw): LB=-3.230986, Z₀(α*)=-13.135756, intercept=-110.130066 (2.032s) [OMP=1.958 ISP-L=0.008 ISP-F=0.021 MW-L=0.012 MW-F=0.019]
  Alt-Benders[3] (mw): LB=-3.230986, Z₀(α*)=-13.135756, intercept=-110.130066 (2.093s) [OMP=2.033 ISP-L=0.007 ISP-F=0.021 MW-L=0.012 MW-F=0.025]
  Alt-Benders[4] (mw): LB=-3.230986, Z₀(α*)=-13.135756, intercept=-110.130066 (2.058s) [OMP=2.002 ISP-L=0.008 ISP-F=0.021 MW-L=0.012 MW-F=0.019]
  Alt-Benders[5]: LB stagnated, break
  OMP re-solve: 0.002s

=== True-DRO Benders iter 28 ===
  OMP: t₀=-3.230986, UB=13.392554, gap=1.24e+00, x=[0, 0, 0, 0, 0, 0, 0, 0, 1, 0, 0, 0, 0, 0, 0, 0, 0, 0, 0, 0, 0, 0, 0, 0, 0, 0, 0, 0, 0, 0, 0, 1, 0, 0, 0, 0, 0, 0] (0.002s)
  Sub: Z₀=12.832465 [LOCAL] (0.3s), α=[0.000,0.000,0.000,0.000,0.000,0.000,0.000,0.000,4.232,0.000,0.000,0.000,0.000,0.000,0.041,0.000,0.000,0.000,0.000,0.000,0.000,0.000,0.000,0.000,0.000,0.000,3.606,0.000,0.000,0.000,0.000,2.824,0.000,0.000,0.000,0.000,0.000,0.000]
  Iter 28: LB=-3.230986  UB=13.392554  gap=1.24e+00
  Cut: intercept=-1130.952428, π_x_range=[-822.0734, 587.1982]
  Mini-Benders[1] (mw): LB=-2.741900, Z₀(α*)=5.763677, intercept=-11.240603 (2.218s) [OMP=2.154 ISP-L=0.008 ISP-F=0.022 MW-L=0.010 MW-F=0.019]
  Mini-Benders[2] (mw): LB=-2.522807, Z₀(α*)=4.597461, intercept=4.984025 (2.157s) [OMP=2.079 ISP-L=0.008 ISP-F=0.023 MW-L=0.017 MW-F=0.021]
  Mini-Benders[3] (mw): LB=-2.441338, Z₀(α*)=4.504563, intercept=4.855103 (2.046s) [OMP=1.996 ISP-L=0.008 ISP-F=0.021 MW-L=0.010 MW-F=0.019]
  Mini-Benders[4] (mw): LB=-2.413204, Z₀(α*)=-3.210465, intercept=-16.286957 (1.985s) [OMP=1.925 ISP-L=0.008 ISP-F=0.021 MW-L=0.011 MW-F=0.019]
  Mini-Benders[5] (mw): LB=-2.413204, Z₀(α*)=-3.210465, intercept=-16.286957 (1.922s) [OMP=1.851 ISP-L=0.008 ISP-F=0.021 MW-L=0.011 MW-F=0.025]
  α-step: Z₀=16.722066, α=[0.000,0.000,0.000,0.000,0.000,3.198,0.000,0.000,3.884,0.000,0.000,0.000,0.000,0.000,2.254,0.000,0.000,0.000,0.000,0.000,0.000,0.000,0.000,0.000,0.000,0.000,1.367,0.000,0.000,0.000,0.000,0.000,0.000,0.000,0.000,0.000,0.000,0.000]
  Alt-Benders[1] (mw): LB=-1.849692, Z₀(α*)=-37.844702, intercept=-173.478901 (1.953s) [OMP=1.886 ISP-L=0.007 ISP-F=0.021 MW-L=0.012 MW-F=0.022]
  Alt-Benders[2] (mw): LB=-1.849692, Z₀(α*)=-37.844702, intercept=-173.478901 (2.000s) [OMP=1.936 ISP-L=0.007 ISP-F=0.021 MW-L=0.012 MW-F=0.022]
  Alt-Benders[3] (mw): LB=-1.849692, Z₀(α*)=-37.844702, intercept=-173.478901 (1.985s) [OMP=1.921 ISP-L=0.007 ISP-F=0.021 MW-L=0.019 MW-F=0.022]
  Alt-Benders[4]: LB stagnated, break
  OMP re-solve: 0.002s

=== True-DRO Benders iter 29 ===
  OMP: t₀=-1.849692, UB=13.392554, gap=1.14e+00, x=[0, 0, 0, 0, 0, 0, 0, 0, 0, 0, 0, 0, 0, 0, 0, 0, 0, 0, 0, 0, 0, 0, 0, 0, 0, 0, 0, 0, 0, 0, 0, 1, 1, 0, 0, 0, 0, 0] (0.002s)
  Sub: Z₀=13.339488 [LOCAL] (0.3s), α=[0.000,0.000,0.000,0.000,0.000,0.000,0.000,0.000,0.000,0.000,0.000,0.000,0.000,0.000,0.000,0.000,0.000,0.000,0.000,0.000,0.000,0.000,0.000,0.000,0.000,0.000,0.000,0.000,0.000,0.000,0.000,7.191,3.432,0.079,0.000,0.000,0.000,0.000]
  Iter 29: LB=-1.849692  UB=13.392554  gap=1.14e+00
  Cut: intercept=-1066.810097, π_x_range=[-822.2488, 541.9652]
  Mini-Benders[1] (mw): LB=-1.658857, Z₀(α*)=-41.859411, intercept=-81.879865 (2.063s) [OMP=2.011 ISP-L=0.007 ISP-F=0.021 MW-L=0.011 MW-F=0.019]
  Mini-Benders[2] (mw): LB=-1.658857, Z₀(α*)=-41.859411, intercept=-81.879865 (2.234s) [OMP=2.167 ISP-L=0.007 ISP-F=0.021 MW-L=0.011 MW-F=0.025]
  Mini-Benders[3] (mw): LB=-1.658857, Z₀(α*)=-41.859411, intercept=-81.879865 (2.250s) [OMP=2.185 ISP-L=0.008 ISP-F=0.021 MW-L=0.011 MW-F=0.019]
  Mini-Benders[4]: LB stagnated, break
  α-step: Z₀=15.431537, α=[0.000,0.000,0.000,0.000,0.000,0.000,0.000,0.000,0.698,0.000,0.000,0.000,0.000,0.000,2.254,0.000,0.000,0.000,0.000,0.000,0.000,0.000,0.000,0.000,5.830,0.000,1.920,0.000,0.000,0.000,0.000,0.000,0.000,0.000,0.000,0.000,0.000,0.000]
  Alt-Benders[1] (mw): LB=-1.288937, Z₀(α*)=-22.587743, intercept=-95.854376 (2.000s) [OMP=1.935 ISP-L=0.007 ISP-F=0.020 MW-L=0.011 MW-F=0.026]
  Alt-Benders[2] (mw): LB=-1.288937, Z₀(α*)=-22.587743, intercept=-95.854376 (2.547s) [OMP=2.485 ISP-L=0.008 ISP-F=0.021 MW-L=0.011 MW-F=0.021]
  Alt-Benders[3] (mw): LB=-1.288937, Z₀(α*)=-22.587743, intercept=-95.854376 (2.562s) [OMP=2.502 ISP-L=0.008 ISP-F=0.021 MW-L=0.011 MW-F=0.021]
  Alt-Benders[4]: LB stagnated, break
  OMP re-solve: 0.002s

=== True-DRO Benders iter 30 ===
  OMP: t₀=-1.288937, UB=13.392554, gap=1.10e+00, x=[0, 0, 0, 0, 0, 0, 0, 0, 0, 0, 0, 0, 0, 0, 0, 0, 0, 0, 0, 0, 0, 0, 0, 0, 0, 0, 0, 1, 0, 0, 0, 1, 0, 0, 0, 0, 0, 0] (0.002s)
  Sub: Z₀=15.586965 [TIME_LIMIT] (15.5s), α=[0.000,0.000,0.000,0.000,0.000,0.000,0.000,0.000,2.382,0.000,0.000,0.000,0.000,0.000,0.000,0.000,0.000,0.000,0.000,0.000,0.000,0.000,0.000,0.000,0.000,0.000,3.606,0.000,0.000,0.000,0.000,4.715,0.000,0.000,0.000,0.000,0.000,0.000]
  Iter 30: LB=-1.288937  UB=13.392554  gap=1.10e+00
  Cut: intercept=-122.003363, π_x_range=[-264.0000, 99.8664]
  Mini-Benders[1] (mw): LB=-1.215859, Z₀(α*)=-11.011051, intercept=-34.815954 (2.047s) [OMP=1.978 ISP-L=0.007 ISP-F=0.021 MW-L=0.017 MW-F=0.019]
  Mini-Benders[2] (mw): LB=-1.215859, Z₀(α*)=-11.011051, intercept=-34.815954 (2.344s) [OMP=2.294 ISP-L=0.007 ISP-F=0.021 MW-L=0.011 MW-F=0.018]
  Mini-Benders[3] (mw): LB=-1.215859, Z₀(α*)=-11.011051, intercept=-34.815954 (2.406s) [OMP=2.348 ISP-L=0.008 ISP-F=0.021 MW-L=0.011 MW-F=0.018]
  Mini-Benders[4]: LB stagnated, break
  α-step: Z₀=15.776582, α=[0.000,0.000,0.000,0.000,0.000,3.935,0.000,0.000,3.138,0.000,0.000,0.000,0.000,0.000,2.557,0.000,0.000,0.000,0.000,0.000,0.000,0.000,0.000,0.000,0.000,0.000,0.375,0.000,0.000,0.000,0.000,0.000,0.697,0.000,0.000,0.000,0.000,0.000]
  Alt-Benders[1] (mw): LB=-1.057157, Z₀(α*)=-19.259449, intercept=-66.287302 (2.344s) [OMP=2.291 ISP-L=0.008 ISP-F=0.022 MW-L=0.011 MW-F=0.017]
  Alt-Benders[2] (mw): LB=-1.057157, Z₀(α*)=-19.259449, intercept=-66.287302 (2.250s) [OMP=2.189 ISP-L=0.007 ISP-F=0.022 MW-L=0.011 MW-F=0.017]
  Alt-Benders[3] (mw): LB=-1.057157, Z₀(α*)=-19.259449, intercept=-66.287302 (2.281s) [OMP=2.222 ISP-L=0.007 ISP-F=0.022 MW-L=0.011 MW-F=0.017]
  Alt-Benders[4]: LB stagnated, break
  OMP re-solve: 0.002s

=== True-DRO Benders iter 31 ===
  OMP: t₀=-1.057157, UB=13.392554, gap=1.08e+00, x=[0, 0, 0, 0, 0, 0, 0, 0, 0, 0, 0, 0, 0, 0, 0, 0, 0, 0, 0, 0, 0, 0, 0, 0, 0, 0, 0, 0, 0, 0, 0, 1, 0, 1, 0, 0, 0, 0] (0.002s)
  Sub: Z₀=15.520868 [LOCAL] (0.3s), α=[0.000,0.000,0.000,0.000,0.000,0.000,0.000,0.000,0.000,0.000,0.000,0.000,0.000,0.000,0.641,0.000,0.000,0.000,0.000,0.000,0.000,0.000,0.000,0.000,0.000,0.000,2.403,0.000,0.000,0.000,0.000,7.659,0.000,0.000,0.000,0.000,0.000,0.000]
  Iter 31: LB=-1.057157  UB=13.392554  gap=1.08e+00
  Cut: intercept=-1074.721181, π_x_range=[-823.4365, 555.7152]
  Mini-Benders[1] (mw): LB=-0.850248, Z₀(α*)=-11.781020, intercept=-36.293719 (2.156s) [OMP=2.108 ISP-L=0.008 ISP-F=0.022 MW-L=0.012 MW-F=0.018]
  Mini-Benders[2] (mw): LB=-0.850248, Z₀(α*)=-11.781020, intercept=-36.293719 (2.078s) [OMP=2.017 ISP-L=0.008 ISP-F=0.022 MW-L=0.012 MW-F=0.018]
  Mini-Benders[3] (mw): LB=-0.850248, Z₀(α*)=-11.781020, intercept=-36.293719 (2.125s) [OMP=2.049 ISP-L=0.008 ISP-F=0.022 MW-L=0.011 MW-F=0.024]
  Mini-Benders[4]: LB stagnated, break
  α-step: Z₀=16.162519, α=[0.000,0.000,0.000,0.000,0.000,1.347,0.000,0.000,1.445,0.000,0.000,0.000,0.000,0.000,2.254,0.000,0.000,0.000,0.000,0.000,0.000,0.000,0.000,0.000,0.000,0.000,1.320,0.000,0.000,0.000,0.000,0.000,4.336,0.000,0.000,0.000,0.000,0.000]
  Alt-Benders[1] (mw): LB=-0.826118, Z₀(α*)=-1.432982, intercept=-25.583314 (2.453s) [OMP=2.405 ISP-L=0.008 ISP-F=0.022 MW-L=0.010 MW-F=0.019]
  Alt-Benders[2] (mw): LB=-0.826118, Z₀(α*)=-1.432982, intercept=-25.583314 (2.484s) [OMP=2.424 ISP-L=0.008 ISP-F=0.022 MW-L=0.011 MW-F=0.019]
  Alt-Benders[3] (mw): LB=-0.826118, Z₀(α*)=-1.432982, intercept=-25.583314 (2.516s) [OMP=2.440 ISP-L=0.008 ISP-F=0.022 MW-L=0.017 MW-F=0.019]
  Alt-Benders[4]: LB stagnated, break
  OMP re-solve: 0.002s

=== True-DRO Benders iter 32 ===
  OMP: t₀=-0.826118, UB=13.392554, gap=1.06e+00, x=[0, 0, 0, 0, 1, 0, 0, 0, 0, 0, 0, 1, 0, 0, 0, 0, 0, 0, 0, 0, 0, 0, 0, 0, 0, 0, 0, 0, 0, 0, 0, 0, 0, 0, 0, 0, 0, 0] (0.002s)
  Sub: Z₀=20.242579 [LOCAL] (0.3s), α=[0.000,0.000,0.000,0.000,0.000,2.361,0.000,0.000,3.928,0.000,0.000,0.000,0.000,0.000,1.939,0.000,0.000,0.000,0.000,0.000,0.000,0.000,0.000,0.000,0.000,0.000,2.474,0.000,0.000,0.000,0.000,0.000,0.000,0.000,0.000,0.000,0.000,0.000]
  Iter 32: LB=-0.826118  UB=13.392554  gap=1.06e+00
  Cut: intercept=-1118.616023, π_x_range=[-831.8241, 578.8785]
  Mini-Benders[1] (mw): LB=-0.416878, Z₀(α*)=15.929107, intercept=-26.761594 (2.453s) [OMP=2.394 ISP-L=0.008 ISP-F=0.021 MW-L=0.011 MW-F=0.019]
  Mini-Benders[2] (mw): LB=-0.288755, Z₀(α*)=12.145269, intercept=-28.790031 (2.360s) [OMP=2.283 ISP-L=0.008 ISP-F=0.021 MW-L=0.017 MW-F=0.018]
  Mini-Benders[3] (mw): LB=0.157767, Z₀(α*)=5.177456, intercept=-49.340312 (2.343s) [OMP=2.294 ISP-L=0.008 ISP-F=0.020 MW-L=0.012 MW-F=0.019]
  Mini-Benders[4] (mw): LB=0.717169, Z₀(α*)=-0.191437, intercept=-36.194336 (2.469s) [OMP=2.410 ISP-L=0.007 ISP-F=0.021 MW-L=0.012 MW-F=0.019]
  Mini-Benders[5] (mw): LB=0.717169, Z₀(α*)=-0.191437, intercept=-36.194336 (2.625s) [OMP=2.551 ISP-L=0.007 ISP-F=0.021 MW-L=0.012 MW-F=0.025]
  α-step: Z₀=14.900834, α=[0.000,0.000,0.000,0.000,0.000,2.077,1.449,0.000,5.616,0.000,0.000,0.000,0.000,0.000,1.449,0.000,0.000,0.000,0.000,0.111,0.000,0.000,0.000,0.000,0.000,0.000,0.000,0.000,0.000,0.000,0.000,0.000,0.000,0.000,0.000,0.000,0.000,0.000]
  Alt-Benders[1] (mw): LB=0.850058, Z₀(α*)=7.813955, intercept=-8.435236 (2.343s) [OMP=2.293 ISP-L=0.008 ISP-F=0.021 MW-L=0.011 MW-F=0.017]
  Alt-Benders[2] (mw): LB=1.020351, Z₀(α*)=-2.177132, intercept=-74.085701 (2.328s) [OMP=2.269 ISP-L=0.008 ISP-F=0.020 MW-L=0.012 MW-F=0.018]
  Alt-Benders[3] (mw): LB=1.020351, Z₀(α*)=-2.177132, intercept=-74.085701 (2.188s) [OMP=2.113 ISP-L=0.008 ISP-F=0.020 MW-L=0.019 MW-F=0.019]
  Alt-Benders[4] (mw): LB=1.020351, Z₀(α*)=-2.177132, intercept=-74.085701 (2.156s) [OMP=2.106 ISP-L=0.008 ISP-F=0.020 MW-L=0.012 MW-F=0.018]
  Alt-Benders[5]: LB stagnated, break
  OMP re-solve: 0.002s

=== True-DRO Benders iter 33 ===
  OMP: t₀=1.020351, UB=13.392554, gap=9.24e-01, x=[0, 0, 0, 0, 0, 0, 0, 0, 0, 0, 0, 0, 0, 0, 0, 0, 0, 0, 0, 0, 0, 1, 0, 0, 0, 0, 0, 0, 0, 0, 0, 0, 1, 0, 0, 0, 0, 0] (0.002s)
  Sub: Z₀=14.163426 [LOCAL] (0.3s), α=[0.000,0.000,0.000,0.000,0.000,0.000,0.000,0.000,2.336,0.000,0.000,0.000,0.000,0.000,0.000,0.000,0.000,0.000,0.000,0.000,0.000,4.601,0.000,0.000,0.000,0.000,0.000,0.000,0.000,0.000,0.000,0.000,3.726,0.039,0.000,0.000,0.000,0.000]
  Iter 33: LB=1.020351  UB=13.392554  gap=9.24e-01
  Cut: intercept=-1102.216358, π_x_range=[-829.4617, 569.9917]
  Mini-Benders[1] (mw): LB=1.246411, Z₀(α*)=-18.516970, intercept=-21.917823 (2.359s) [OMP=2.291 ISP-L=0.007 ISP-F=0.021 MW-L=0.011 MW-F=0.024]
  Mini-Benders[2] (mw): LB=1.246411, Z₀(α*)=-18.516970, intercept=-21.917823 (2.234s) [OMP=2.186 ISP-L=0.008 ISP-F=0.021 MW-L=0.011 MW-F=0.018]
  Mini-Benders[3] (mw): LB=1.246411, Z₀(α*)=-18.516970, intercept=-21.917823 (2.203s) [OMP=2.144 ISP-L=0.008 ISP-F=0.021 MW-L=0.011 MW-F=0.018]
  Mini-Benders[4]: LB stagnated, break
  α-step: Z₀=20.315780, α=[0.000,0.000,0.000,0.000,0.000,2.108,0.000,0.000,4.557,0.000,0.000,0.000,0.000,0.000,1.310,0.000,0.000,0.000,0.000,0.000,0.000,0.000,0.000,0.000,0.000,0.000,2.727,0.000,0.000,0.000,0.000,0.000,0.000,0.000,0.000,0.000,0.000,0.000]
  Alt-Benders[1] (mw): LB=1.294969, Z₀(α*)=-1.842370, intercept=-50.950637 (2.328s) [OMP=2.260 ISP-L=0.007 ISP-F=0.021 MW-L=0.019 MW-F=0.019]
  Alt-Benders[2] (mw): LB=1.294969, Z₀(α*)=-1.842370, intercept=-50.950637 (2.282s) [OMP=2.230 ISP-L=0.007 ISP-F=0.021 MW-L=0.012 MW-F=0.018]
  Alt-Benders[3] (mw): LB=1.294969, Z₀(α*)=-1.842370, intercept=-50.950637 (2.312s) [OMP=2.253 ISP-L=0.007 ISP-F=0.021 MW-L=0.012 MW-F=0.018]
  Alt-Benders[4]: LB stagnated, break
  OMP re-solve: 0.002s

=== True-DRO Benders iter 34 ===
  OMP: t₀=1.294969, UB=13.392554, gap=9.03e-01, x=[0, 0, 0, 0, 0, 0, 1, 0, 0, 0, 0, 0, 0, 0, 0, 0, 0, 0, 0, 0, 0, 1, 0, 0, 0, 0, 0, 0, 0, 0, 0, 0, 0, 0, 0, 0, 0, 0] (0.002s)
  Sub: Z₀=15.110660 [LOCAL] (0.4s), α=[0.000,0.000,0.000,0.000,0.000,0.461,0.319,0.000,9.216,0.000,0.000,0.000,0.000,0.000,0.000,0.000,0.000,0.000,0.000,0.007,0.000,0.319,0.000,0.000,0.000,0.000,0.381,0.000,0.000,0.000,0.000,0.000,0.000,0.000,0.000,0.000,0.000,0.000]
  Iter 34: LB=1.294969  UB=13.392554  gap=9.03e-01
  Cut: intercept=-1109.091269, π_x_range=[-831.4299, 566.1398]
  Mini-Benders[1] (mw): LB=1.434666, Z₀(α*)=5.265949, intercept=-4.292290 (2.156s) [OMP=2.100 ISP-L=0.008 ISP-F=0.021 MW-L=0.011 MW-F=0.018]
  Mini-Benders[2] (mw): LB=1.607247, Z₀(α*)=-22.664416, intercept=-129.732361 (2.329s) [OMP=2.266 ISP-L=0.008 ISP-F=0.021 MW-L=0.012 MW-F=0.020]
  Mini-Benders[3] (mw): LB=1.607247, Z₀(α*)=-22.664416, intercept=-129.732361 (2.656s) [OMP=2.585 ISP-L=0.008 ISP-F=0.022 MW-L=0.012 MW-F=0.026]
  Mini-Benders[4] (mw): LB=1.607247, Z₀(α*)=-22.664416, intercept=-129.732361 (2.672s) [OMP=2.609 ISP-L=0.008 ISP-F=0.021 MW-L=0.012 MW-F=0.020]
  Mini-Benders[5]: LB stagnated, break
  α-step: Z₀=12.647972, α=[0.000,0.000,0.000,0.000,0.000,0.000,0.000,0.000,0.000,0.000,0.000,0.000,0.000,0.000,0.000,0.000,0.000,0.000,0.000,0.000,0.000,0.000,0.000,0.000,6.155,0.000,4.547,0.000,0.000,0.000,0.000,0.000,0.000,0.000,0.000,0.000,0.000,0.000]
  Alt-Benders[1] (mw): LB=1.765978, Z₀(α*)=-18.831472, intercept=-18.831473 (2.328s) [OMP=2.268 ISP-L=0.008 ISP-F=0.021 MW-L=0.011 MW-F=0.017]
  Alt-Benders[2] (mw): LB=1.765978, Z₀(α*)=-18.831472, intercept=-18.831473 (2.703s) [OMP=2.633 ISP-L=0.008 ISP-F=0.022 MW-L=0.017 MW-F=0.017]
  Alt-Benders[3] (mw): LB=1.765978, Z₀(α*)=-18.831472, intercept=-18.831473 (2.672s) [OMP=2.607 ISP-L=0.008 ISP-F=0.022 MW-L=0.011 MW-F=0.017]
  Alt-Benders[4]: LB stagnated, break
  OMP re-solve: 0.002s

=== True-DRO Benders iter 35 ===
  OMP: t₀=1.765978, UB=13.392554, gap=8.68e-01, x=[0, 0, 0, 0, 0, 0, 0, 0, 0, 0, 0, 0, 1, 0, 0, 0, 0, 1, 0, 0, 0, 0, 0, 0, 0, 0, 0, 0, 0, 0, 0, 0, 0, 0, 0, 0, 0, 0] (0.002s)
  Sub: Z₀=20.464709 [TIME_LIMIT] (15.5s), α=[0.000,0.000,0.000,0.000,0.000,1.347,0.000,0.000,3.431,0.000,0.000,0.000,0.000,0.000,2.254,0.000,0.000,0.000,0.000,0.000,0.000,0.000,0.000,0.000,0.000,0.000,3.670,0.000,0.000,0.000,0.000,0.000,0.000,0.000,0.000,0.000,0.000,0.000]
  Iter 35: LB=1.765978  UB=13.392554  gap=8.68e-01
  Cut: intercept=20.464709, π_x_range=[-209.2925, 0.0000]
  Mini-Benders[1] (mw): LB=2.449412, Z₀(α*)=-16.973275, intercept=-62.947720 (2.797s) [OMP=2.722 ISP-L=0.008 ISP-F=0.021 MW-L=0.011 MW-F=0.025]
  Mini-Benders[2] (mw): LB=2.449412, Z₀(α*)=-16.973275, intercept=-62.947720 (2.203s) [OMP=2.151 ISP-L=0.007 ISP-F=0.020 MW-L=0.011 MW-F=0.019]
  Mini-Benders[3] (mw): LB=2.449412, Z₀(α*)=-16.973275, intercept=-62.947720 (2.219s) [OMP=2.159 ISP-L=0.007 ISP-F=0.020 MW-L=0.011 MW-F=0.019]
  Mini-Benders[4]: LB stagnated, break
  α-step: Z₀=15.838967, α=[0.000,0.000,0.000,0.000,0.000,0.000,0.000,0.000,0.000,0.000,0.000,0.000,0.000,0.000,2.254,0.000,0.000,0.000,0.000,5.630,0.000,0.000,0.000,0.000,0.000,0.000,2.819,0.000,0.000,0.000,0.000,0.000,0.000,0.000,0.000,0.000,0.000,0.000]
  Alt-Benders[1] (mw): LB=2.525913, Z₀(α*)=-24.055066, intercept=-47.529813 (2.204s) [OMP=2.125 ISP-L=0.007 ISP-F=0.021 MW-L=0.017 MW-F=0.018]
  Alt-Benders[2] (mw): LB=2.525913, Z₀(α*)=-24.055066, intercept=-47.529813 (2.828s) [OMP=2.777 ISP-L=0.008 ISP-F=0.021 MW-L=0.011 MW-F=0.018]
  Alt-Benders[3] (mw): LB=2.525913, Z₀(α*)=-24.055066, intercept=-47.529813 (2.750s) [OMP=2.694 ISP-L=0.008 ISP-F=0.021 MW-L=0.011 MW-F=0.018]
  Alt-Benders[4]: LB stagnated, break
  OMP re-solve: 0.002s

=== True-DRO Benders iter 36 ===
  OMP: t₀=2.525913, UB=13.392554, gap=8.11e-01, x=[0, 0, 0, 0, 1, 0, 0, 0, 0, 0, 0, 0, 0, 0, 0, 0, 0, 0, 0, 0, 0, 1, 0, 0, 0, 0, 0, 0, 0, 0, 0, 0, 0, 0, 0, 0, 0, 0] (0.002s)
  Sub: Z₀=16.627211 [LOCAL] (0.4s), α=[0.000,0.000,0.000,0.000,0.000,0.971,0.000,0.000,3.922,0.000,0.000,0.000,0.000,0.000,0.000,0.000,0.000,0.000,0.000,0.000,0.000,5.810,0.000,0.000,0.000,0.000,0.000,0.000,0.000,0.000,0.000,0.000,0.000,0.000,0.000,0.000,0.000,0.000]
  Iter 36: LB=2.525913  UB=13.392554  gap=8.11e-01
  Cut: intercept=-1118.904131, π_x_range=[-831.5175, 571.1324]
  Mini-Benders[1] (mw): LB=2.554618, Z₀(α*)=-13.299166, intercept=-15.854555 (2.250s) [OMP=2.190 ISP-L=0.008 ISP-F=0.022 MW-L=0.011 MW-F=0.020]
  Mini-Benders[2] (mw): LB=2.554618, Z₀(α*)=-13.299166, intercept=-15.854555 (2.813s) [OMP=2.748 ISP-L=0.008 ISP-F=0.022 MW-L=0.011 MW-F=0.020]
  Mini-Benders[3] (mw): LB=2.554618, Z₀(α*)=-13.299166, intercept=-15.854555 (2.781s) [OMP=2.724 ISP-L=0.008 ISP-F=0.022 MW-L=0.011 MW-F=0.020]
  Mini-Benders[4]: LB stagnated, break
  α-step: Z₀=15.925693, α=[0.000,0.000,0.000,0.000,0.000,2.006,0.000,0.000,3.782,0.000,0.000,0.000,0.000,0.000,3.273,0.000,0.000,0.000,0.000,0.000,0.000,0.000,0.000,0.000,0.000,0.000,1.642,0.000,0.000,0.000,0.000,0.000,0.000,0.000,0.000,0.000,0.000,0.000]
  Alt-Benders[1] (mw): LB=2.738021, Z₀(α*)=6.159101, intercept=-40.407954 (2.281s) [OMP=2.210 ISP-L=0.008 ISP-F=0.022 MW-L=0.012 MW-F=0.021]
  Alt-Benders[2] (mw): LB=2.957928, Z₀(α*)=-11.809884, intercept=-69.983140 (2.500s) [OMP=2.434 ISP-L=0.008 ISP-F=0.021 MW-L=0.011 MW-F=0.021]
  Alt-Benders[3] (mw): LB=2.957928, Z₀(α*)=-11.809884, intercept=-69.983140 (2.828s) [OMP=2.769 ISP-L=0.008 ISP-F=0.021 MW-L=0.011 MW-F=0.027]
  Alt-Benders[4] (mw): LB=2.957928, Z₀(α*)=-11.809884, intercept=-69.983140 (2.828s) [OMP=2.758 ISP-L=0.008 ISP-F=0.021 MW-L=0.011 MW-F=0.021]
  Alt-Benders[5]: LB stagnated, break
  OMP re-solve: 0.002s

=== True-DRO Benders iter 37 ===
  OMP: t₀=2.957928, UB=13.392554, gap=7.79e-01, x=[0, 0, 0, 0, 0, 0, 0, 0, 0, 0, 0, 0, 0, 0, 0, 0, 0, 1, 0, 0, 0, 0, 0, 0, 0, 0, 0, 0, 0, 0, 0, 1, 0, 0, 0, 0, 0, 0] (0.002s)
  Sub: Z₀=15.288509 [LOCAL] (0.3s), α=[0.000,0.000,0.000,0.000,0.000,0.000,0.000,0.000,0.000,0.000,0.000,0.000,0.000,0.000,0.583,0.000,0.000,0.000,0.000,0.000,0.000,0.000,0.000,0.000,0.000,0.000,2.345,0.000,0.000,0.000,0.000,7.774,0.000,0.000,0.000,0.000,0.000,0.000]
  Iter 37: LB=2.957928  UB=13.392554  gap=7.79e-01
  Cut: intercept=-1110.447761, π_x_range=[-823.8265, 581.1563]
  Mini-Benders[1] (mw): LB=3.009213, Z₀(α*)=-18.473874, intercept=-34.217126 (2.328s) [OMP=2.255 ISP-L=0.008 ISP-F=0.020 MW-L=0.011 MW-F=0.023]
  Mini-Benders[2] (mw): LB=3.009213, Z₀(α*)=-18.473874, intercept=-34.217126 (2.828s) [OMP=2.775 ISP-L=0.008 ISP-F=0.020 MW-L=0.011 MW-F=0.018]
  Mini-Benders[3] (mw): LB=3.009213, Z₀(α*)=-18.473874, intercept=-34.217126 (2.828s) [OMP=2.771 ISP-L=0.008 ISP-F=0.020 MW-L=0.011 MW-F=0.018]
  Mini-Benders[4]: LB stagnated, break
  α-step: Z₀=19.568591, α=[0.000,0.000,0.000,0.000,0.000,4.156,0.000,0.000,4.492,0.000,0.000,0.000,0.000,0.000,1.072,0.000,0.000,0.000,0.000,0.607,0.000,0.000,0.000,0.000,0.000,0.000,0.375,0.000,0.000,0.000,0.000,0.000,0.000,0.000,0.000,0.000,0.000,0.000]
  Alt-Benders[1] (mw): LB=3.186628, Z₀(α*)=9.447045, intercept=-18.304948 (2.297s) [OMP=2.225 ISP-L=0.008 ISP-F=0.020 MW-L=0.017 MW-F=0.017]
  Alt-Benders[2] (mw): LB=3.825130, Z₀(α*)=-1.735405, intercept=-91.715431 (2.516s) [OMP=2.463 ISP-L=0.008 ISP-F=0.019 MW-L=0.011 MW-F=0.017]
  Alt-Benders[3] (mw): LB=3.825130, Z₀(α*)=-1.735405, intercept=-91.715431 (2.312s) [OMP=2.261 ISP-L=0.008 ISP-F=0.018 MW-L=0.011 MW-F=0.017]
  Alt-Benders[4] (mw): LB=3.825130, Z₀(α*)=-1.735405, intercept=-91.715431 (2.297s) [OMP=2.241 ISP-L=0.008 ISP-F=0.018 MW-L=0.011 MW-F=0.023]
  Alt-Benders[5]: LB stagnated, break
  OMP re-solve: 0.002s

=== True-DRO Benders iter 38 ===
  OMP: t₀=3.825130, UB=13.392554, gap=7.14e-01, x=[0, 0, 0, 0, 0, 1, 0, 0, 0, 0, 0, 0, 0, 0, 0, 0, 0, 0, 0, 0, 0, 1, 0, 0, 0, 0, 0, 0, 0, 0, 0, 0, 0, 0, 0, 0, 0, 0] (0.002s)
  Sub: Z₀=11.641604 [LOCAL] (0.3s), α=[0.000,0.000,0.000,0.000,0.000,6.127,0.000,0.000,0.000,0.000,0.000,0.000,0.000,0.000,0.000,0.000,0.000,0.000,0.000,0.000,0.000,4.121,0.000,0.000,0.000,0.000,0.455,0.000,0.000,0.000,0.000,0.000,0.000,0.000,0.000,0.000,0.000,0.000]
  Iter 38: LB=3.825130  UB=13.392554  gap=7.14e-01
  Cut: intercept=-1135.244983, π_x_range=[-825.6784, 574.9402]
  Mini-Benders[1] (mw): LB=3.934339, Z₀(α*)=-7.286398, intercept=-75.945152 (2.672s) [OMP=2.612 ISP-L=0.007 ISP-F=0.021 MW-L=0.011 MW-F=0.019]
  Mini-Benders[2] (mw): LB=3.934340, Z₀(α*)=-7.286398, intercept=-75.945152 (2.297s) [OMP=2.249 ISP-L=0.007 ISP-F=0.021 MW-L=0.011 MW-F=0.018]
  Mini-Benders[3] (mw): LB=3.934340, Z₀(α*)=-7.286398, intercept=-75.945152 (2.328s) [OMP=2.254 ISP-L=0.007 ISP-F=0.021 MW-L=0.018 MW-F=0.019]
  Mini-Benders[4]: LB stagnated, break
  α-step: Z₀=11.933720, α=[0.000,0.000,0.000,0.000,0.000,9.337,1.365,0.000,0.000,0.000,0.000,0.000,0.000,0.000,0.000,0.000,0.000,0.000,0.000,0.000,0.000,0.000,0.000,0.000,0.000,0.000,0.000,0.000,0.000,0.000,0.000,0.000,0.000,0.000,0.000,0.000,0.000,0.000]
  Alt-Benders[1] (mw): LB=4.232699, Z₀(α*)=-5.685433, intercept=-28.745341 (3.094s) [OMP=3.047 ISP-L=0.008 ISP-F=0.021 MW-L=0.010 MW-F=0.017]
  Alt-Benders[2] (mw): LB=4.232700, Z₀(α*)=-5.685433, intercept=-28.745341 (2.968s) [OMP=2.899 ISP-L=0.008 ISP-F=0.021 MW-L=0.011 MW-F=0.023]
  Alt-Benders[3] (mw): LB=4.232700, Z₀(α*)=-5.685433, intercept=-28.745341 (2.969s) [OMP=2.904 ISP-L=0.008 ISP-F=0.021 MW-L=0.011 MW-F=0.018]
  Alt-Benders[4]: LB stagnated, break
  OMP re-solve: 0.002s

=== True-DRO Benders iter 39 ===
  OMP: t₀=4.232700, UB=13.392554, gap=6.84e-01, x=[0, 0, 1, 0, 0, 0, 0, 0, 0, 0, 0, 0, 0, 0, 0, 0, 0, 0, 1, 0, 0, 0, 0, 0, 0, 0, 0, 0, 0, 0, 0, 0, 0, 0, 0, 0, 0, 0] (0.002s)
  Sub: Z₀=20.315778 [LOCAL] (0.3s), α=[0.000,0.000,0.000,0.000,0.000,2.108,0.000,0.000,4.172,0.000,0.000,0.000,0.000,0.000,1.695,0.000,0.000,0.000,0.000,0.000,0.000,0.000,0.000,0.000,0.000,0.000,2.727,0.000,0.000,0.000,0.000,0.000,0.000,0.000,0.000,0.000,0.000,0.000]
  Iter 39: LB=4.232700  UB=13.392554  gap=6.84e-01
  Cut: intercept=-1123.732012, π_x_range=[-833.2957, 589.8661]
  Mini-Benders[1] (mw): LB=4.361439, Z₀(α*)=5.744446, intercept=-23.192314 (2.843s) [OMP=2.790 ISP-L=0.008 ISP-F=0.021 MW-L=0.011 MW-F=0.019]
  Mini-Benders[2] (mw): LB=4.403705, Z₀(α*)=6.167209, intercept=-23.192322 (2.969s) [OMP=2.896 ISP-L=0.008 ISP-F=0.021 MW-L=0.018 MW-F=0.020]
  Mini-Benders[3] (mw): LB=4.510188, Z₀(α*)=20.315780, intercept=20.354212 (2.563s) [OMP=2.510 ISP-L=0.007 ISP-F=0.021 MW-L=0.011 MW-F=0.017]
  Mini-Benders[4] (mw): LB=4.561462, Z₀(α*)=0.472289, intercept=-135.328867 (2.671s) [OMP=2.604 ISP-L=0.007 ISP-F=0.021 MW-L=0.011 MW-F=0.019]
  Mini-Benders[5] (mw): LB=4.561462, Z₀(α*)=0.472289, intercept=-135.328867 (2.438s) [OMP=2.372 ISP-L=0.007 ISP-F=0.021 MW-L=0.017 MW-F=0.020]
  α-step: Z₀=12.331996, α=[0.000,0.000,0.000,0.000,0.000,0.000,0.000,0.000,0.000,0.000,0.000,0.000,0.000,0.000,2.707,0.000,0.000,0.000,0.000,0.000,0.000,0.000,0.000,0.000,2.195,0.000,3.606,0.000,0.000,0.000,0.000,2.195,0.000,0.000,0.000,0.000,0.000,0.000]
  Alt-Benders[1] (mw): LB=4.791193, Z₀(α*)=-27.815302, intercept=-54.283576 (2.860s) [OMP=2.800 ISP-L=0.008 ISP-F=0.021 MW-L=0.011 MW-F=0.027]
  Alt-Benders[2] (mw): LB=4.791193, Z₀(α*)=-27.815302, intercept=-54.283576 (2.828s) [OMP=2.751 ISP-L=0.007 ISP-F=0.021 MW-L=0.011 MW-F=0.033]
  Alt-Benders[3] (mw): LB=4.791193, Z₀(α*)=-27.815302, intercept=-54.283576 (2.859s) [OMP=2.785 ISP-L=0.008 ISP-F=0.021 MW-L=0.011 MW-F=0.026]
  Alt-Benders[4]: LB stagnated, break
  OMP re-solve: 0.002s

=== True-DRO Benders iter 40 ===
  OMP: t₀=4.791193, UB=13.392554, gap=6.42e-01, x=[1, 0, 1, 0, 0, 0, 0, 0, 0, 0, 0, 0, 0, 0, 0, 0, 0, 0, 0, 0, 0, 0, 0, 0, 0, 0, 0, 0, 0, 0, 0, 0, 0, 0, 0, 0, 0, 0] (0.002s)
  Sub: Z₀=18.335097 [TIME_LIMIT] (15.7s), α=[0.417,0.000,0.365,0.000,0.000,4.444,0.000,0.000,5.476,0.000,0.000,0.000,0.000,0.000,0.000,0.000,0.000,0.000,0.000,0.000,0.000,0.000,0.000,0.000,0.000,0.000,0.000,0.000,0.000,0.000,0.000,0.000,0.000,0.000,0.000,0.000,0.000,0.000]
  Iter 40: LB=4.791193  UB=13.392554  gap=6.42e-01
  Cut: intercept=-53.853834, π_x_range=[-286.0000, 50.8596]
  Mini-Benders[1] (mw): LB=4.817057, Z₀(α*)=8.696086, intercept=-37.819123 (2.484s) [OMP=2.435 ISP-L=0.008 ISP-F=0.022 MW-L=0.012 MW-F=0.017]
  Mini-Benders[2] (mw): LB=4.888856, Z₀(α*)=-40.063008, intercept=-49.905417 (2.578s) [OMP=2.506 ISP-L=0.007 ISP-F=0.021 MW-L=0.018 MW-F=0.019]
  Mini-Benders[3] (mw): LB=4.888856, Z₀(α*)=-40.063008, intercept=-49.905417 (2.735s) [OMP=2.678 ISP-L=0.008 ISP-F=0.020 MW-L=0.011 MW-F=0.019]
  Mini-Benders[4] (mw): LB=4.888856, Z₀(α*)=-40.063008, intercept=-49.905417 (2.718s) [OMP=2.663 ISP-L=0.007 ISP-F=0.021 MW-L=0.011 MW-F=0.019]
  Mini-Benders[5]: LB stagnated, break
  α-step: Z₀=15.838967, α=[0.000,0.000,0.000,0.000,0.000,0.000,0.000,0.000,0.000,0.000,0.000,0.000,0.000,0.000,3.815,0.000,0.000,0.000,0.000,5.630,0.000,0.000,0.000,0.000,0.000,0.000,1.258,0.000,0.000,0.000,0.000,0.000,0.000,0.000,0.000,0.000,0.000,0.000]
  Alt-Benders[1] (mw): LB=4.943810, Z₀(α*)=-6.356551, intercept=-110.076194 (2.641s) [OMP=2.589 ISP-L=0.008 ISP-F=0.020 MW-L=0.011 MW-F=0.018]
  Alt-Benders[2] (mw): LB=4.943810, Z₀(α*)=-6.356551, intercept=-110.076194 (2.234s) [OMP=2.177 ISP-L=0.007 ISP-F=0.020 MW-L=0.011 MW-F=0.018]
  Alt-Benders[3] (mw): LB=4.943810, Z₀(α*)=-6.356551, intercept=-110.076194 (2.203s) [OMP=2.145 ISP-L=0.007 ISP-F=0.020 MW-L=0.011 MW-F=0.018]
  Alt-Benders[4]: LB stagnated, break
  OMP re-solve: 0.002s

=== True-DRO Benders iter 41 ===
  OMP: t₀=4.943810, UB=13.392554, gap=6.31e-01, x=[0, 0, 0, 0, 0, 1, 0, 0, 0, 0, 0, 0, 0, 0, 0, 0, 0, 0, 0, 1, 0, 0, 0, 0, 0, 0, 0, 0, 0, 0, 0, 0, 0, 0, 0, 0, 0, 0] (0.002s)
  Sub: Z₀=12.885878 [LOCAL] (0.5s), α=[0.000,0.000,0.000,0.000,0.000,2.625,0.000,0.000,0.000,0.000,0.000,0.000,0.000,0.000,1.072,0.000,0.000,0.000,0.000,2.006,0.000,0.000,0.000,0.000,0.000,0.000,4.999,0.000,0.000,0.000,0.000,0.000,0.000,0.000,0.000,0.000,0.000,0.000]
  Iter 41: LB=4.943810  UB=13.392554  gap=6.31e-01
  Cut: intercept=-1111.946109, π_x_range=[-823.4735, 574.1752]
  Mini-Benders[1] (mw): LB=5.177454, Z₀(α*)=-7.279062, intercept=-50.468910 (3.047s) [OMP=2.988 ISP-L=0.008 ISP-F=0.022 MW-L=0.011 MW-F=0.018]
  Mini-Benders[2] (mw): LB=5.177454, Z₀(α*)=-7.279062, intercept=-50.468910 (2.734s) [OMP=2.679 ISP-L=0.007 ISP-F=0.022 MW-L=0.011 MW-F=0.018]
  Mini-Benders[3] (mw): LB=5.177454, Z₀(α*)=-7.279062, intercept=-50.468910 (2.719s) [OMP=2.646 ISP-L=0.008 ISP-F=0.022 MW-L=0.011 MW-F=0.024]
  Mini-Benders[4]: LB stagnated, break
  α-step: Z₀=15.355187, α=[0.000,0.000,0.000,0.000,0.000,2.108,1.915,0.000,4.965,0.000,0.000,0.000,0.000,0.000,0.000,0.000,0.000,0.000,0.000,0.000,0.000,0.000,0.000,0.000,0.000,0.000,1.715,0.000,0.000,0.000,0.000,0.000,0.000,0.000,0.000,0.000,0.000,0.000]
  Alt-Benders[1] (mw): LB=5.245299, Z₀(α*)=12.779689, intercept=-7.164062 (3.109s) [OMP=3.049 ISP-L=0.008 ISP-F=0.021 MW-L=0.011 MW-F=0.018]
  Alt-Benders[2] (mw): LB=5.573914, Z₀(α*)=-20.183711, intercept=-76.376958 (3.172s) [OMP=3.117 ISP-L=0.008 ISP-F=0.020 MW-L=0.011 MW-F=0.019]
  Alt-Benders[3] (mw): LB=5.573914, Z₀(α*)=-20.183711, intercept=-76.376958 (2.812s) [OMP=2.755 ISP-L=0.008 ISP-F=0.021 MW-L=0.018 MW-F=0.019]
  Alt-Benders[4] (mw): LB=5.573914, Z₀(α*)=-20.183711, intercept=-76.376958 (2.860s) [OMP=2.797 ISP-L=0.008 ISP-F=0.020 MW-L=0.011 MW-F=0.019]
  Alt-Benders[5]: LB stagnated, break
  OMP re-solve: 0.002s

=== True-DRO Benders iter 42 ===
  OMP: t₀=5.573914, UB=13.392554, gap=5.84e-01, x=[0, 0, 0, 0, 0, 0, 0, 0, 0, 0, 0, 0, 0, 0, 0, 0, 0, 0, 0, 0, 0, 0, 0, 0, 1, 0, 0, 0, 0, 0, 1, 0, 0, 0, 0, 0, 0, 0] (0.002s)
  Sub: Z₀=15.746793 [LOCAL] (0.4s), α=[0.000,0.000,0.000,0.000,0.000,0.000,0.000,0.000,0.000,0.000,0.000,0.000,0.000,0.000,1.999,0.000,0.000,0.000,0.000,0.000,0.000,0.000,0.000,0.000,7.735,0.000,0.968,0.000,0.000,0.000,0.000,0.000,0.000,0.000,0.000,0.000,0.000,0.000]
  Iter 42: LB=5.573914  UB=13.392554  gap=5.84e-01
  Cut: intercept=-1111.217722, π_x_range=[-829.9274, 586.9856]
  Mini-Benders[1] (mw): LB=5.641038, Z₀(α*)=-24.709366, intercept=-42.151135 (3.156s) [OMP=3.085 ISP-L=0.008 ISP-F=0.021 MW-L=0.011 MW-F=0.026]
  Mini-Benders[2] (mw): LB=5.641038, Z₀(α*)=-24.709366, intercept=-42.151135 (2.891s) [OMP=2.830 ISP-L=0.008 ISP-F=0.021 MW-L=0.011 MW-F=0.020]
  Mini-Benders[3] (mw): LB=5.641038, Z₀(α*)=-24.709366, intercept=-42.151135 (2.891s) [OMP=2.824 ISP-L=0.008 ISP-F=0.021 MW-L=0.011 MW-F=0.020]
  Mini-Benders[4]: LB stagnated, break
  α-step: Z₀=15.990048, α=[0.000,0.000,0.000,0.000,0.000,0.276,0.000,0.000,2.052,0.000,0.000,0.000,0.000,0.000,0.000,0.000,0.000,0.000,0.000,0.000,0.000,5.667,0.000,0.000,0.000,0.000,2.708,0.000,0.000,0.000,0.000,0.000,0.000,0.000,0.000,0.000,0.000,0.000]
  Alt-Benders[1] (mw): LB=5.744444, Z₀(α*)=16.372320, intercept=-25.607257 (3.078s) [OMP=3.016 ISP-L=0.008 ISP-F=0.021 MW-L=0.011 MW-F=0.025]
  Alt-Benders[2] (mw): LB=5.808539, Z₀(α*)=-14.783234, intercept=-85.668974 (3.078s) [OMP=3.019 ISP-L=0.008 ISP-F=0.021 MW-L=0.012 MW-F=0.019]
  Alt-Benders[3] (mw): LB=5.808539, Z₀(α*)=-14.783234, intercept=-85.668974 (2.969s) [OMP=2.902 ISP-L=0.008 ISP-F=0.022 MW-L=0.012 MW-F=0.019]
  Alt-Benders[4] (mw): LB=5.808539, Z₀(α*)=-14.783234, intercept=-85.668974 (3.016s) [OMP=2.954 ISP-L=0.008 ISP-F=0.022 MW-L=0.019 MW-F=0.020]
  Alt-Benders[5]: LB stagnated, break
  OMP re-solve: 0.002s

=== True-DRO Benders iter 43 ===
  OMP: t₀=5.808539, UB=13.392554, gap=5.66e-01, x=[0, 0, 0, 0, 0, 0, 0, 0, 0, 0, 0, 1, 0, 0, 0, 0, 0, 0, 0, 0, 0, 0, 0, 0, 0, 0, 0, 0, 0, 0, 0, 1, 0, 0, 0, 0, 0, 0] (0.002s)
  Sub: Z₀=15.899790 [LOCAL] (0.3s), α=[0.000,0.000,0.000,0.000,0.000,0.000,0.000,0.000,0.919,0.000,0.000,0.000,0.000,0.000,0.167,0.000,0.000,0.000,0.000,0.000,0.000,0.000,0.000,0.000,0.000,0.000,1.339,0.000,0.000,0.000,0.000,8.277,0.000,0.000,0.000,0.000,0.000,0.000]
  Iter 43: LB=5.808539  UB=13.392554  gap=5.66e-01
  Cut: intercept=-1103.830460, π_x_range=[-824.1826, 578.2862]
  Mini-Benders[1] (mw): LB=5.861987, Z₀(α*)=-19.358334, intercept=-35.612155 (2.828s) [OMP=2.769 ISP-L=0.008 ISP-F=0.021 MW-L=0.011 MW-F=0.021]
  Mini-Benders[2] (mw): LB=5.861987, Z₀(α*)=-19.358334, intercept=-35.612155 (3.140s) [OMP=3.061 ISP-L=0.008 ISP-F=0.021 MW-L=0.011 MW-F=0.027]
  Mini-Benders[3] (mw): LB=5.861987, Z₀(α*)=-19.358334, intercept=-35.612155 (3.078s) [OMP=3.025 ISP-L=0.008 ISP-F=0.021 MW-L=0.011 MW-F=0.021]
  Mini-Benders[4]: LB stagnated, break
  α-step: Z₀=17.693895, α=[0.000,0.000,0.000,0.000,0.000,3.440,0.000,0.000,3.884,0.000,0.000,0.000,0.000,0.000,1.072,0.000,0.000,0.000,0.000,0.000,0.000,0.000,0.000,0.000,0.000,0.000,2.307,0.000,0.000,0.000,0.000,0.000,0.000,0.000,0.000,0.000,0.000,0.000]
  Alt-Benders[1] (mw): LB=5.945868, Z₀(α*)=3.194585, intercept=-39.529664 (3.016s) [OMP=2.944 ISP-L=0.008 ISP-F=0.022 MW-L=0.012 MW-F=0.018]
  Alt-Benders[2] (mw): LB=5.945868, Z₀(α*)=3.194585, intercept=-39.529664 (2.609s) [OMP=2.542 ISP-L=0.008 ISP-F=0.022 MW-L=0.019 MW-F=0.018]
  Alt-Benders[3] (mw): LB=5.945868, Z₀(α*)=3.194585, intercept=-39.529664 (2.547s) [OMP=2.499 ISP-L=0.008 ISP-F=0.021 MW-L=0.012 MW-F=0.018]
  Alt-Benders[4]: LB stagnated, break
  OMP re-solve: 0.002s

=== True-DRO Benders iter 44 ===
  OMP: t₀=5.945868, UB=13.392554, gap=5.56e-01, x=[0, 0, 0, 0, 0, 1, 0, 0, 0, 0, 0, 0, 0, 0, 0, 0, 0, 0, 0, 0, 0, 0, 0, 0, 0, 0, 0, 0, 0, 0, 1, 0, 0, 0, 0, 0, 0, 0] (0.002s)
  Sub: Z₀=14.842229 [LOCAL] (0.3s), α=[0.000,0.000,0.000,0.000,0.000,8.088,0.000,0.000,0.000,0.000,0.000,0.000,0.000,0.000,0.472,0.000,0.000,0.000,0.000,0.000,0.000,0.000,0.000,0.000,0.000,0.000,2.143,0.000,0.000,0.000,0.000,0.000,0.000,0.000,0.000,0.000,0.000,0.000]
  Iter 44: LB=5.945868  UB=13.392554  gap=5.56e-01
  Cut: intercept=-1152.633844, π_x_range=[-828.2511, 590.9602]
  Mini-Benders[1] (mw): LB=6.030375, Z₀(α*)=-49.568572, intercept=-78.922912 (2.844s) [OMP=2.770 ISP-L=0.007 ISP-F=0.019 MW-L=0.012 MW-F=0.023]
  Mini-Benders[2] (mw): LB=6.030375, Z₀(α*)=-49.568572, intercept=-78.922912 (2.718s) [OMP=2.671 ISP-L=0.007 ISP-F=0.019 MW-L=0.012 MW-F=0.018]
  Mini-Benders[3] (mw): LB=6.030375, Z₀(α*)=-49.568572, intercept=-78.922912 (2.750s) [OMP=2.692 ISP-L=0.007 ISP-F=0.019 MW-L=0.012 MW-F=0.018]
  Mini-Benders[4]: LB stagnated, break
  α-step: Z₀=12.679523, α=[0.000,0.000,0.000,0.000,0.000,1.042,0.000,0.000,9.460,0.000,0.000,0.000,0.000,0.000,0.000,0.000,0.000,0.000,0.000,0.000,0.000,0.200,0.000,0.000,0.000,0.000,0.000,0.000,0.000,0.000,0.000,0.000,0.000,0.000,0.000,0.000,0.000,0.000]
  Alt-Benders[1] (mw): LB=6.131559, Z₀(α*)=15.671449, intercept=-9.429507 (2.750s) [OMP=2.682 ISP-L=0.008 ISP-F=0.021 MW-L=0.018 MW-F=0.019]
  Alt-Benders[2] (mw): LB=6.159099, Z₀(α*)=6.686564, intercept=-48.144844 (2.984s) [OMP=2.919 ISP-L=0.008 ISP-F=0.022 MW-L=0.011 MW-F=0.021]
  Alt-Benders[3] (mw): LB=6.333748, Z₀(α*)=-4.549695, intercept=-37.415233 (3.344s) [OMP=3.296 ISP-L=0.008 ISP-F=0.021 MW-L=0.012 MW-F=0.017]
  Alt-Benders[4] (mw): LB=6.333748, Z₀(α*)=-4.549695, intercept=-37.415233 (3.313s) [OMP=3.242 ISP-L=0.008 ISP-F=0.021 MW-L=0.012 MW-F=0.023]
  Alt-Benders[5] (mw): LB=6.333748, Z₀(α*)=-4.549695, intercept=-37.415233 (3.281s) [OMP=3.217 ISP-L=0.008 ISP-F=0.021 MW-L=0.012 MW-F=0.017]
  OMP re-solve: 3.276s

=== True-DRO Benders iter 45 ===
  OMP: t₀=6.333748, UB=13.392554, gap=5.27e-01, x=[0, 0, 0, 0, 0, 0, 0, 0, 0, 0, 0, 0, 0, 0, 0, 0, 0, 0, 0, 0, 0, 0, 0, 0, 0, 0, 1, 1, 0, 0, 0, 0, 0, 0, 0, 0, 0, 0] (0.002s)
  Sub: Z₀=18.352811 [TIME_LIMIT] (15.8s), α=[0.000,0.000,0.000,0.000,0.000,0.459,0.000,0.000,3.867,0.000,0.000,0.000,0.000,0.000,0.000,0.000,0.000,0.000,0.000,0.000,0.000,0.000,0.000,0.000,0.000,0.000,6.377,0.000,0.000,0.000,0.000,0.000,0.000,0.000,0.000,0.000,0.000,0.000]
  Iter 45: LB=6.333748  UB=13.392554  gap=5.27e-01
  Cut: intercept=-34.714063, π_x_range=[-296.0000, 37.6313]
  Mini-Benders[1] (mw): LB=6.389591, Z₀(α*)=8.172925, intercept=-32.327845 (2.563s) [OMP=2.487 ISP-L=0.007 ISP-F=0.020 MW-L=0.012 MW-F=0.023]
  Mini-Benders[2] (mw): LB=6.613836, Z₀(α*)=3.668855, intercept=-42.764811 (3.047s) [OMP=2.986 ISP-L=0.008 ISP-F=0.021 MW-L=0.011 MW-F=0.019]
  Mini-Benders[3] (mw): LB=6.613835, Z₀(α*)=3.668855, intercept=-42.764811 (3.000s) [OMP=2.943 ISP-L=0.007 ISP-F=0.021 MW-L=0.011 MW-F=0.019]
  Mini-Benders[4] (mw): LB=6.613835, Z₀(α*)=3.668855, intercept=-42.764811 (3.062s) [OMP=3.001 ISP-L=0.008 ISP-F=0.022 MW-L=0.012 MW-F=0.019]
  Mini-Benders[5]: LB stagnated, break
  α-step: Z₀=15.855547, α=[0.000,0.000,0.000,0.000,0.000,2.667,0.000,0.000,2.628,0.000,0.000,0.000,0.000,0.000,1.072,0.000,0.000,0.000,0.000,0.000,0.000,0.000,0.000,0.000,0.000,0.000,0.000,0.000,0.000,0.000,0.000,0.000,4.336,0.000,0.000,0.000,0.000,0.000]
  Alt-Benders[1] (mw): LB=6.686562, Z₀(α*)=-13.946763, intercept=-40.996549 (2.781s) [OMP=2.726 ISP-L=0.008 ISP-F=0.022 MW-L=0.011 MW-F=0.019]
  Alt-Benders[2] (mw): LB=6.686562, Z₀(α*)=-13.946763, intercept=-40.996549 (3.203s) [OMP=3.138 ISP-L=0.008 ISP-F=0.022 MW-L=0.011 MW-F=0.020]
  Alt-Benders[3] (mw): LB=6.686562, Z₀(α*)=-13.946763, intercept=-40.996549 (3.219s) [OMP=3.143 ISP-L=0.008 ISP-F=0.022 MW-L=0.011 MW-F=0.026]
  Alt-Benders[4]: LB stagnated, break
  OMP re-solve: 0.002s

=== True-DRO Benders iter 46 ===
  OMP: t₀=6.686562, UB=13.392554, gap=5.01e-01, x=[0, 0, 0, 0, 0, 0, 0, 0, 0, 0, 0, 1, 0, 0, 0, 0, 0, 0, 0, 0, 0, 0, 0, 0, 0, 0, 0, 1, 0, 0, 0, 0, 0, 0, 0, 0, 0, 0] (0.002s)
  Sub: Z₀=19.012155 [LOCAL] (0.3s), α=[0.000,0.000,0.059,0.000,0.000,0.279,0.000,0.000,5.700,0.000,0.000,0.077,0.008,0.000,0.000,0.000,0.000,0.000,0.000,0.000,0.000,0.000,0.000,0.000,0.000,0.000,4.197,0.383,0.000,0.000,0.000,0.000,0.000,0.000,0.000,0.000,0.000,0.000]
  Iter 46: LB=6.686562  UB=13.392554  gap=5.01e-01
  Cut: intercept=-1137.337660, π_x_range=[-829.9431, 580.6800]
  Mini-Benders[1] (mw): LB=6.748710, Z₀(α*)=5.220108, intercept=-60.439858 (3.109s) [OMP=3.055 ISP-L=0.007 ISP-F=0.021 MW-L=0.012 MW-F=0.018]
  Mini-Benders[2] (mw): LB=6.748710, Z₀(α*)=5.220108, intercept=-60.439858 (3.297s) [OMP=3.223 ISP-L=0.008 ISP-F=0.022 MW-L=0.012 MW-F=0.018]
  Mini-Benders[3] (mw): LB=6.748710, Z₀(α*)=5.220108, intercept=-60.439858 (3.390s) [OMP=3.329 ISP-L=0.008 ISP-F=0.022 MW-L=0.019 MW-F=0.019]
  Mini-Benders[4]: LB stagnated, break
  α-step: Z₀=14.150181, α=[0.000,0.000,0.000,0.000,0.000,1.347,0.000,0.000,0.000,0.000,0.000,0.000,0.000,0.000,5.235,0.000,0.000,0.000,0.000,0.000,0.000,0.000,0.000,0.000,0.000,0.000,2.057,0.000,0.000,0.000,0.000,0.000,2.063,0.000,0.000,0.000,0.000,0.000]
  Alt-Benders[1] (mw): LB=6.860518, Z₀(α*)=-8.189954, intercept=-30.007514 (3.562s) [OMP=3.504 ISP-L=0.008 ISP-F=0.020 MW-L=0.011 MW-F=0.018]
  Alt-Benders[2] (mw): LB=6.860518, Z₀(α*)=-8.189954, intercept=-30.007514 (3.344s) [OMP=3.279 ISP-L=0.008 ISP-F=0.021 MW-L=0.011 MW-F=0.024]
  Alt-Benders[3] (mw): LB=6.860518, Z₀(α*)=-8.189954, intercept=-30.007514 (3.359s) [OMP=3.303 ISP-L=0.008 ISP-F=0.021 MW-L=0.011 MW-F=0.019]
  Alt-Benders[4]: LB stagnated, break
  OMP re-solve: 0.002s

=== True-DRO Benders iter 47 ===
  OMP: t₀=6.860518, UB=13.392554, gap=4.88e-01, x=[0, 0, 1, 0, 0, 0, 0, 0, 0, 0, 0, 1, 0, 0, 0, 0, 0, 0, 0, 0, 0, 0, 0, 0, 0, 0, 0, 0, 0, 0, 0, 0, 0, 0, 0, 0, 0, 0] (0.002s)
  Sub: Z₀=19.747807 [LOCAL] (0.3s), α=[0.000,0.000,0.000,0.000,0.000,5.202,0.000,0.000,4.136,0.000,0.000,0.000,0.000,0.000,1.365,0.000,0.000,0.000,0.000,0.000,0.000,0.000,0.000,0.000,0.000,0.000,0.000,0.000,0.000,0.000,0.000,0.000,0.000,0.000,0.000,0.000,0.000,0.000]
  Iter 47: LB=6.860518  UB=13.392554  gap=4.88e-01
  Cut: intercept=-1148.988614, π_x_range=[-833.7831, 589.6094]
  Mini-Benders[1] (mw): LB=6.987818, Z₀(α*)=19.578351, intercept=4.485269 (3.531s) [OMP=3.462 ISP-L=0.008 ISP-F=0.022 MW-L=0.011 MW-F=0.019]
  Mini-Benders[2] (mw): LB=7.208241, Z₀(α*)=8.060425, intercept=-29.960188 (3.469s) [OMP=3.410 ISP-L=0.008 ISP-F=0.022 MW-L=0.018 MW-F=0.019]
  Mini-Benders[3] (mw): LB=7.510356, Z₀(α*)=-8.798616, intercept=-30.971533 (3.437s) [OMP=3.379 ISP-L=0.008 ISP-F=0.020 MW-L=0.012 MW-F=0.019]
  Mini-Benders[4] (mw): LB=7.510356, Z₀(α*)=-8.798616, intercept=-30.971533 (3.391s) [OMP=3.319 ISP-L=0.008 ISP-F=0.021 MW-L=0.012 MW-F=0.019]
  Mini-Benders[5] (mw): LB=7.510356, Z₀(α*)=-8.798616, intercept=-30.971533 (3.312s) [OMP=3.248 ISP-L=0.008 ISP-F=0.021 MW-L=0.011 MW-F=0.025]
  α-step: Z₀=15.853742, α=[0.000,0.000,0.000,0.000,0.000,0.276,0.000,0.000,3.950,0.000,0.000,0.000,0.000,0.000,0.000,0.000,0.000,0.000,0.000,0.000,0.000,3.289,0.000,0.000,0.000,0.000,3.189,0.000,0.000,0.000,0.000,0.000,0.000,0.000,0.000,0.000,0.000,0.000]
  Alt-Benders[1] (mw): LB=7.667353, Z₀(α*)=-3.192590, intercept=-12.544230 (2.422s) [OMP=2.374 ISP-L=0.007 ISP-F=0.019 MW-L=0.010 MW-F=0.019]
  Alt-Benders[2] (mw): LB=7.667353, Z₀(α*)=-3.192590, intercept=-12.544230 (3.265s) [OMP=3.210 ISP-L=0.008 ISP-F=0.019 MW-L=0.011 MW-F=0.019]
  Alt-Benders[3] (mw): LB=7.667353, Z₀(α*)=-3.192590, intercept=-12.544230 (3.453s) [OMP=3.379 ISP-L=0.007 ISP-F=0.019 MW-L=0.017 MW-F=0.019]
  Alt-Benders[4]: LB stagnated, break
  OMP re-solve: 0.002s

=== True-DRO Benders iter 48 ===
  OMP: t₀=7.667353, UB=13.392554, gap=4.27e-01, x=[0, 0, 0, 0, 0, 0, 0, 0, 0, 0, 0, 0, 0, 0, 1, 0, 0, 0, 0, 0, 0, 0, 0, 0, 0, 0, 0, 0, 0, 0, 1, 0, 0, 0, 0, 0, 0, 0] (0.002s)
  Sub: Z₀=16.801178 [LOCAL] (0.3s), α=[0.000,0.000,0.000,0.000,0.000,0.742,0.000,0.000,2.519,0.000,0.000,0.000,0.000,0.000,6.523,0.000,0.000,0.000,0.000,0.000,0.000,0.000,0.000,0.000,0.000,0.000,0.918,0.000,0.000,0.000,0.000,0.000,0.000,0.000,0.000,0.000,0.000,0.000]
  Iter 48: LB=7.667353  UB=13.392554  gap=4.27e-01
  Cut: intercept=-1160.015414, π_x_range=[-831.0186, 590.5570]
  Mini-Benders[1] (mw): LB=7.717014, Z₀(α*)=16.443384, intercept=-9.890959 (3.579s) [OMP=3.526 ISP-L=0.007 ISP-F=0.021 MW-L=0.011 MW-F=0.019]
  Mini-Benders[2] (mw): LB=7.844035, Z₀(α*)=-8.002003, intercept=-78.842590 (3.078s) [OMP=3.003 ISP-L=0.007 ISP-F=0.022 MW-L=0.018 MW-F=0.018]
  Mini-Benders[3] (mw): LB=7.844035, Z₀(α*)=-8.002003, intercept=-78.842590 (3.422s) [OMP=3.370 ISP-L=0.007 ISP-F=0.022 MW-L=0.012 MW-F=0.018]
  Mini-Benders[4] (mw): LB=7.844035, Z₀(α*)=-8.002003, intercept=-78.842590 (3.359s) [OMP=3.290 ISP-L=0.008 ISP-F=0.022 MW-L=0.012 MW-F=0.018]
  Mini-Benders[5]: LB stagnated, break
  α-step: Z₀=15.653930, α=[0.000,0.000,0.000,0.000,0.000,0.000,0.000,0.000,0.142,0.000,0.000,0.000,0.000,0.000,3.922,0.000,0.000,0.000,0.000,0.000,0.000,0.000,0.000,0.000,5.274,0.000,1.364,0.000,0.000,0.000,0.000,0.000,0.000,0.000,0.000,0.000,0.000,0.000]
  Alt-Benders[1] (mw): LB=8.060423, Z₀(α*)=-24.110364, intercept=-24.988322 (2.688s) [OMP=2.635 ISP-L=0.007 ISP-F=0.021 MW-L=0.012 MW-F=0.018]
  Alt-Benders[2] (mw): LB=8.060423, Z₀(α*)=-24.110364, intercept=-24.988322 (3.047s) [OMP=2.988 ISP-L=0.007 ISP-F=0.021 MW-L=0.012 MW-F=0.018]
  Alt-Benders[3] (mw): LB=8.060423, Z₀(α*)=-24.110364, intercept=-24.988322 (3.078s) [OMP=3.014 ISP-L=0.008 ISP-F=0.021 MW-L=0.012 MW-F=0.018]
  Alt-Benders[4]: LB stagnated, break
  OMP re-solve: 0.002s

=== True-DRO Benders iter 49 ===
  OMP: t₀=8.060423, UB=13.392554, gap=3.98e-01, x=[0, 0, 0, 0, 0, 0, 1, 0, 0, 0, 0, 0, 0, 0, 0, 0, 0, 0, 0, 0, 0, 0, 1, 0, 0, 0, 0, 0, 0, 0, 0, 0, 0, 0, 0, 0, 0, 0] (0.002s)
  Sub: Z₀=17.033973 [LOCAL] (0.3s), α=[0.000,0.000,0.000,0.000,0.000,0.812,5.667,0.000,3.211,0.000,0.000,0.000,0.000,0.000,0.000,0.000,0.000,0.000,0.000,0.000,0.000,0.000,0.000,0.000,0.000,0.000,1.014,0.000,0.000,0.000,0.000,0.000,0.000,0.000,0.000,0.000,0.000,0.000]
  Iter 49: LB=8.060423  UB=13.392554  gap=3.98e-01
  Cut: intercept=-1126.198322, π_x_range=[-831.4861, 579.0535]
  Mini-Benders[1] (mw): LB=8.129472, Z₀(α*)=-29.248443, intercept=-41.543201 (2.953s) [OMP=2.901 ISP-L=0.007 ISP-F=0.021 MW-L=0.012 MW-F=0.018]
  Mini-Benders[2] (mw): LB=8.129472, Z₀(α*)=-29.248443, intercept=-41.543201 (3.062s) [OMP=2.994 ISP-L=0.008 ISP-F=0.021 MW-L=0.012 MW-F=0.018]
  Mini-Benders[3] (mw): LB=8.129472, Z₀(α*)=-29.248443, intercept=-41.543201 (3.063s) [OMP=3.006 ISP-L=0.008 ISP-F=0.021 MW-L=0.012 MW-F=0.024]
  Mini-Benders[4]: LB stagnated, break
  α-step: Z₀=14.783804, α=[0.000,0.000,0.000,0.000,0.000,9.047,0.000,0.000,0.000,0.000,0.000,0.000,0.000,0.000,1.656,0.000,0.000,0.000,0.000,0.000,0.000,0.000,0.000,0.000,0.000,0.000,0.000,0.000,0.000,0.000,0.000,0.000,0.000,0.000,0.000,0.000,0.000,0.000]
  Alt-Benders[1] (mw): LB=8.138018, Z₀(α*)=-4.393683, intercept=-18.231462 (2.906s) [OMP=2.851 ISP-L=0.007 ISP-F=0.020 MW-L=0.010 MW-F=0.018]
  Alt-Benders[2] (mw): LB=8.138018, Z₀(α*)=-4.393683, intercept=-18.231462 (2.578s) [OMP=2.513 ISP-L=0.008 ISP-F=0.020 MW-L=0.010 MW-F=0.018]
  Alt-Benders[3] (mw): LB=8.138018, Z₀(α*)=-4.393683, intercept=-18.231462 (2.532s) [OMP=2.466 ISP-L=0.008 ISP-F=0.020 MW-L=0.017 MW-F=0.018]
  Alt-Benders[4]: LB stagnated, break
  OMP re-solve: 0.002s

=== True-DRO Benders iter 50 ===
  OMP: t₀=8.138018, UB=13.392554, gap=3.92e-01, x=[1, 0, 0, 0, 0, 0, 0, 0, 0, 0, 0, 0, 1, 0, 0, 0, 0, 0, 0, 0, 0, 0, 0, 0, 0, 0, 0, 0, 0, 0, 0, 0, 0, 0, 0, 0, 0, 0] (0.002s)
  Sub: Z₀=19.896048 [TIME_LIMIT] (15.6s), α=[0.000,0.000,0.000,0.000,0.000,4.460,0.000,0.000,4.824,0.000,0.000,0.000,0.000,0.000,1.043,0.000,0.000,0.000,0.000,0.000,0.000,0.000,0.000,0.000,0.000,0.000,0.375,0.000,0.000,0.000,0.000,0.000,0.000,0.000,0.000,0.000,0.000,0.000]
  Iter 50: LB=8.138018  UB=13.392554  gap=3.92e-01
  Cut: intercept=-43.094670, π_x_range=[-285.0000, 55.8997]
  Mini-Benders[1] (mw): LB=8.172923, Z₀(α*)=11.326491, intercept=-34.390345 (2.594s) [OMP=2.547 ISP-L=0.007 ISP-F=0.020 MW-L=0.011 MW-F=0.017]
  Mini-Benders[2] (mw): LB=8.590805, Z₀(α*)=-18.231274, intercept=-71.594944 (2.594s) [OMP=2.520 ISP-L=0.007 ISP-F=0.022 MW-L=0.011 MW-F=0.023]
  Mini-Benders[3] (mw): LB=8.590805, Z₀(α*)=-18.231274, intercept=-71.594944 (3.031s) [OMP=2.969 ISP-L=0.008 ISP-F=0.023 MW-L=0.012 MW-F=0.017]
  Mini-Benders[4] (mw): LB=8.590805, Z₀(α*)=-18.231274, intercept=-71.594944 (3.016s) [OMP=2.961 ISP-L=0.008 ISP-F=0.022 MW-L=0.012 MW-F=0.017]
  Mini-Benders[5]: LB stagnated, break
  α-step: Z₀=16.144111, α=[0.000,0.000,0.000,0.000,0.000,0.000,0.000,0.000,0.000,0.000,0.000,0.000,0.000,0.000,1.255,0.000,0.000,0.000,0.000,0.000,0.000,0.000,0.000,0.000,0.000,0.000,2.682,0.000,0.000,0.000,0.000,6.765,0.000,0.000,0.000,0.000,0.000,0.000]
  Alt-Benders[1] (mw): LB=8.641855, Z₀(α*)=-8.408428, intercept=-97.222738 (2.766s) [OMP=2.702 ISP-L=0.008 ISP-F=0.021 MW-L=0.018 MW-F=0.020]
  Alt-Benders[2] (mw): LB=8.641855, Z₀(α*)=-8.408428, intercept=-97.222738 (2.562s) [OMP=2.510 ISP-L=0.007 ISP-F=0.020 MW-L=0.011 MW-F=0.020]
  Alt-Benders[3] (mw): LB=8.641855, Z₀(α*)=-8.408428, intercept=-97.222738 (2.594s) [OMP=2.533 ISP-L=0.007 ISP-F=0.021 MW-L=0.011 MW-F=0.020]
  Alt-Benders[4]: LB stagnated, break
  OMP re-solve: 0.002s

=== True-DRO Benders iter 51 ===
  OMP: t₀=8.641855, UB=13.392554, gap=3.55e-01, x=[0, 0, 0, 0, 0, 1, 0, 0, 0, 0, 0, 0, 0, 0, 0, 0, 0, 0, 0, 0, 0, 0, 0, 0, 0, 0, 0, 0, 0, 0, 0, 1, 0, 0, 0, 0, 0, 0] (0.002s)
  Sub: Z₀=13.230818 [LOCAL] (0.3s), α=[0.000,0.000,0.310,0.000,0.000,2.264,0.000,0.000,0.000,0.000,0.000,0.000,0.000,0.000,0.000,0.000,0.000,0.000,0.000,0.000,0.000,0.000,0.000,0.000,0.000,0.000,5.963,0.000,0.000,0.000,0.000,2.164,0.000,0.000,0.000,0.000,0.000,0.000]
  Iter 51: LB=8.641855  UB=13.392554  gap=3.55e-01
  Cut: intercept=-1101.108879, π_x_range=[-822.6190, 568.3892]
  Mini-Benders[1] (mw): LB=8.663704, Z₀(α*)=-30.824759, intercept=-98.903547 (3.156s) [OMP=3.103 ISP-L=0.008 ISP-F=0.021 MW-L=0.012 MW-F=0.018]
  Mini-Benders[2] (mw): LB=8.663704, Z₀(α*)=-30.824759, intercept=-98.903547 (3.047s) [OMP=2.990 ISP-L=0.007 ISP-F=0.021 MW-L=0.011 MW-F=0.018]
  Mini-Benders[3] (mw): LB=8.663704, Z₀(α*)=-30.824759, intercept=-98.903547 (2.937s) [OMP=2.879 ISP-L=0.007 ISP-F=0.021 MW-L=0.011 MW-F=0.018]
  Mini-Benders[4]: LB stagnated, break
  α-step: Z₀=16.619921, α=[0.000,0.000,0.000,0.000,0.000,3.837,1.643,0.000,5.222,0.000,0.000,0.000,0.000,0.000,0.000,0.000,0.000,0.000,0.000,0.000,0.000,0.000,0.000,0.000,0.000,0.000,0.000,0.000,0.000,0.000,0.000,0.000,0.000,0.000,0.000,0.000,0.000,0.000]
  Alt-Benders[1] (mw): LB=8.684428, Z₀(α*)=5.295336, intercept=-19.005413 (3.172s) [OMP=3.123 ISP-L=0.008 ISP-F=0.022 MW-L=0.012 MW-F=0.016]
  Alt-Benders[2] (mw): LB=8.684428, Z₀(α*)=5.295336, intercept=-19.005413 (3.078s) [OMP=3.017 ISP-L=0.008 ISP-F=0.021 MW-L=0.012 MW-F=0.016]
  Alt-Benders[3] (mw): LB=8.684428, Z₀(α*)=5.295336, intercept=-19.005413 (3.313s) [OMP=3.238 ISP-L=0.008 ISP-F=0.021 MW-L=0.012 MW-F=0.022]
  Alt-Benders[4]: LB stagnated, break
  OMP re-solve: 0.002s

=== True-DRO Benders iter 52 ===
  OMP: t₀=8.684428, UB=13.392554, gap=3.52e-01, x=[0, 0, 0, 0, 0, 0, 0, 0, 1, 0, 0, 0, 0, 0, 0, 0, 0, 0, 0, 0, 0, 0, 0, 0, 0, 0, 0, 0, 0, 0, 1, 0, 0, 0, 0, 0, 0, 0] (0.002s)
  Sub: Z₀=16.771447 [LOCAL] (0.3s), α=[0.000,0.000,0.000,0.000,0.000,0.000,0.000,0.000,9.497,0.000,0.000,0.000,0.000,0.000,0.000,0.000,0.000,0.000,0.000,0.000,0.000,0.000,0.000,0.000,0.000,0.000,1.205,0.000,0.000,0.000,0.000,0.000,0.000,0.000,0.000,0.000,0.000,0.000]
  Iter 52: LB=8.684428  UB=13.392554  gap=3.52e-01
  Cut: intercept=-1163.580028, π_x_range=[-831.1115, 591.3544]
  Mini-Benders[1] (mw): LB=8.696084, Z₀(α*)=12.955539, intercept=-37.562587 (3.313s) [OMP=3.243 ISP-L=0.008 ISP-F=0.021 MW-L=0.012 MW-F=0.019]
  Mini-Benders[2] (mw): LB=8.696714, Z₀(α*)=13.979836, intercept=-31.467964 (3.172s) [OMP=3.103 ISP-L=0.008 ISP-F=0.021 MW-L=0.012 MW-F=0.024]
  Mini-Benders[3] (mw): LB=8.711129, Z₀(α*)=6.104773, intercept=-77.977343 (3.344s) [OMP=3.293 ISP-L=0.008 ISP-F=0.021 MW-L=0.012 MW-F=0.017]
  Mini-Benders[4] (mw): LB=8.711129, Z₀(α*)=6.104773, intercept=-77.977343 (2.703s) [OMP=2.644 ISP-L=0.008 ISP-F=0.021 MW-L=0.012 MW-F=0.017]
  Mini-Benders[5] (mw): LB=8.711129, Z₀(α*)=6.104773, intercept=-77.977343 (2.687s) [OMP=2.628 ISP-L=0.008 ISP-F=0.021 MW-L=0.012 MW-F=0.017]
  α-step: Z₀=15.691672, α=[0.000,0.000,0.000,0.000,0.000,0.000,0.000,0.000,3.559,0.000,0.000,0.000,0.000,0.000,0.000,0.000,0.000,0.000,0.000,0.000,0.000,0.000,0.000,0.000,0.000,0.000,4.999,0.000,0.000,0.000,0.000,0.000,2.144,0.000,0.000,0.000,0.000,0.000]
  Alt-Benders[1] (mw): LB=8.834491, Z₀(α*)=-10.173397, intercept=-22.691510 (3.094s) [OMP=3.027 ISP-L=0.008 ISP-F=0.023 MW-L=0.011 MW-F=0.021]
  Alt-Benders[2] (mw): LB=8.834491, Z₀(α*)=-10.173397, intercept=-22.691510 (2.937s) [OMP=2.879 ISP-L=0.008 ISP-F=0.022 MW-L=0.010 MW-F=0.021]
  Alt-Benders[3] (mw): LB=8.834491, Z₀(α*)=-10.173397, intercept=-22.691510 (3.016s) [OMP=2.934 ISP-L=0.008 ISP-F=0.022 MW-L=0.010 MW-F=0.027]
  Alt-Benders[4]: LB stagnated, break
  OMP re-solve: 0.002s

=== True-DRO Benders iter 53 ===
  OMP: t₀=8.834491, UB=13.392554, gap=3.40e-01, x=[1, 0, 0, 0, 1, 0, 0, 0, 0, 0, 0, 0, 0, 0, 0, 0, 0, 0, 0, 0, 0, 0, 0, 0, 0, 0, 0, 0, 0, 0, 0, 0, 0, 0, 0, 0, 0, 0] (0.002s)
  Sub: Z₀=19.893165 [LOCAL] (0.3s), α=[0.000,0.000,0.000,0.000,0.000,4.489,0.000,0.000,4.796,0.000,0.000,0.000,0.000,0.000,1.072,0.000,0.000,0.000,0.000,0.000,0.000,0.000,0.000,0.000,0.000,0.000,0.346,0.000,0.000,0.000,0.000,0.000,0.000,0.000,0.000,0.000,0.000,0.000]
  Iter 53: LB=8.834491  UB=13.392554  gap=3.40e-01
  Cut: intercept=-1085.514287, π_x_range=[-832.9620, 559.8049]
  Mini-Benders[1] (mw): LB=9.579610, Z₀(α*)=19.893168, intercept=16.468362 (3.188s) [OMP=3.127 ISP-L=0.008 ISP-F=0.021 MW-L=0.011 MW-F=0.018]
  Mini-Benders[2] (mw): LB=9.583760, Z₀(α*)=9.431748, intercept=-29.927581 (3.328s) [OMP=3.277 ISP-L=0.007 ISP-F=0.021 MW-L=0.012 MW-F=0.020]
  Mini-Benders[3] (mw): LB=9.583760, Z₀(α*)=9.431748, intercept=-29.927581 (3.063s) [OMP=2.991 ISP-L=0.008 ISP-F=0.021 MW-L=0.019 MW-F=0.021]
  Mini-Benders[4] (mw): LB=9.583760, Z₀(α*)=9.431748, intercept=-29.927581 (3.109s) [OMP=3.042 ISP-L=0.008 ISP-F=0.021 MW-L=0.012 MW-F=0.020]
  Mini-Benders[5]: LB stagnated, break
  α-step: Z₀=17.158179, α=[0.000,0.000,0.000,0.000,0.000,0.276,4.876,0.000,2.969,0.000,0.000,0.000,0.000,0.000,0.000,0.000,0.000,0.000,0.000,0.000,0.000,0.000,0.000,0.000,0.000,0.000,2.581,0.000,0.000,0.000,0.000,0.000,0.000,0.000,0.000,0.000,0.000,0.000]
  Alt-Benders[1] (mw): LB=9.607489, Z₀(α*)=-8.442594, intercept=-9.537517 (3.078s) [OMP=3.022 ISP-L=0.008 ISP-F=0.021 MW-L=0.011 MW-F=0.024]
  Alt-Benders[2] (mw): LB=9.607489, Z₀(α*)=-8.442594, intercept=-9.537517 (2.891s) [OMP=2.825 ISP-L=0.008 ISP-F=0.021 MW-L=0.011 MW-F=0.018]
  Alt-Benders[3] (mw): LB=9.607489, Z₀(α*)=-8.442594, intercept=-9.537517 (2.875s) [OMP=2.812 ISP-L=0.008 ISP-F=0.022 MW-L=0.011 MW-F=0.019]
  Alt-Benders[4]: LB stagnated, break
  OMP re-solve: 0.002s

=== True-DRO Benders iter 54 ===
  OMP: t₀=9.607489, UB=13.392554, gap=2.83e-01, x=[0, 0, 0, 0, 1, 0, 0, 0, 0, 0, 0, 0, 0, 0, 0, 0, 0, 0, 0, 0, 0, 0, 0, 0, 0, 0, 1, 0, 0, 0, 0, 0, 0, 0, 0, 0, 0, 0] (0.002s)
  Sub: Z₀=18.881582 [LOCAL] (0.3s), α=[0.000,0.000,0.000,0.000,0.000,1.750,0.000,0.000,3.526,0.000,0.000,0.000,0.000,0.000,0.677,0.000,0.000,0.000,0.000,0.000,0.000,0.000,0.000,0.000,0.000,0.000,4.751,0.000,0.000,0.000,0.000,0.000,0.000,0.000,0.000,0.000,0.000,0.000]
  Iter 54: LB=9.607489  UB=13.392554  gap=2.83e-01
  Cut: intercept=-1141.386995, π_x_range=[-832.8593, 593.8713]
  Mini-Benders[1] (mw): LB=9.836162, Z₀(α*)=9.837622, intercept=-104.256510 (2.984s) [OMP=2.922 ISP-L=0.007 ISP-F=0.021 MW-L=0.018 MW-F=0.017]
  Mini-Benders[2] (mw): LB=9.837620, Z₀(α*)=9.837622, intercept=-104.256510 (2.703s) [OMP=2.650 ISP-L=0.007 ISP-F=0.020 MW-L=0.012 MW-F=0.017]
  Mini-Benders[3] (mw): LB=9.837620, Z₀(α*)=9.837622, intercept=-104.256510 (2.703s) [OMP=2.645 ISP-L=0.007 ISP-F=0.020 MW-L=0.012 MW-F=0.017]
  Mini-Benders[4] (mw): LB=9.837620, Z₀(α*)=9.837622, intercept=-104.256510 (2.704s) [OMP=2.630 ISP-L=0.007 ISP-F=0.020 MW-L=0.012 MW-F=0.023]
  Mini-Benders[5]: LB stagnated, break
  α-step: Z₀=10.136712, α=[0.000,0.000,0.000,0.000,0.000,3.804,0.000,0.000,3.704,0.000,0.000,0.000,0.000,0.000,0.000,0.000,0.000,0.000,0.000,0.000,0.000,0.000,0.000,0.000,0.000,0.000,3.195,0.000,0.000,0.000,0.000,0.000,0.000,0.000,0.000,0.000,0.000,0.000]
  Alt-Benders[1] (mw): LB=9.885086, Z₀(α*)=-29.243474, intercept=-109.595205 (2.859s) [OMP=2.808 ISP-L=0.007 ISP-F=0.020 MW-L=0.012 MW-F=0.018]
  Alt-Benders[2] (mw): LB=9.885086, Z₀(α*)=-29.243474, intercept=-109.595205 (2.766s) [OMP=2.707 ISP-L=0.007 ISP-F=0.020 MW-L=0.012 MW-F=0.018]
  Alt-Benders[3] (mw): LB=9.885086, Z₀(α*)=-29.243474, intercept=-109.595205 (2.765s) [OMP=2.692 ISP-L=0.007 ISP-F=0.020 MW-L=0.018 MW-F=0.018]
  Alt-Benders[4]: LB stagnated, break
  OMP re-solve: 0.002s

=== True-DRO Benders iter 55 ===
  OMP: t₀=9.885086, UB=13.392554, gap=2.62e-01, x=[0, 0, 0, 0, 0, 0, 0, 0, 0, 0, 0, 0, 0, 0, 0, 0, 0, 0, 0, 0, 0, 1, 0, 0, 1, 0, 0, 0, 0, 0, 0, 0, 0, 0, 0, 0, 0, 0] (0.002s)
  Sub: Z₀=11.579505 [TIME_LIMIT] (15.7s), α=[0.000,0.000,0.000,0.000,0.000,0.000,0.000,0.000,0.373,0.000,0.000,0.000,0.000,0.000,0.000,0.000,0.000,0.000,0.000,0.000,0.000,1.105,0.000,0.000,8.844,0.000,0.380,0.000,0.000,0.000,0.000,0.000,0.000,0.000,0.000,0.000,0.000,0.000]
  Iter 55: LB=9.885086  UB=12.586710  gap=2.15e-01
  Cut: intercept=-132.067549, π_x_range=[-275.0000, 95.5295]
  Mini-Benders[1] (mw): LB=9.919110, Z₀(α*)=-34.232580, intercept=-54.706735 (3.188s) [OMP=3.137 ISP-L=0.007 ISP-F=0.020 MW-L=0.011 MW-F=0.016]
  Mini-Benders[2] (mw): LB=9.919110, Z₀(α*)=-34.232580, intercept=-54.706735 (3.328s) [OMP=3.263 ISP-L=0.008 ISP-F=0.020 MW-L=0.011 MW-F=0.022]
  Mini-Benders[3] (mw): LB=9.919110, Z₀(α*)=-34.232580, intercept=-54.706735 (3.234s) [OMP=3.187 ISP-L=0.008 ISP-F=0.020 MW-L=0.011 MW-F=0.016]
  Mini-Benders[4]: LB stagnated, break
  α-step: Z₀=16.096841, α=[0.000,0.000,0.000,0.000,0.000,1.347,0.000,0.000,4.404,0.000,0.000,0.000,0.000,0.000,2.525,0.000,0.000,0.000,0.000,0.000,0.000,0.000,0.000,0.000,0.000,0.000,2.425,0.000,0.000,0.000,0.000,0.000,0.000,0.000,0.000,0.000,0.000,0.000]
  Alt-Benders[1] (mw): LB=10.067123, Z₀(α*)=-7.312505, intercept=-71.591487 (3.281s) [OMP=3.230 ISP-L=0.007 ISP-F=0.023 MW-L=0.012 MW-F=0.018]
  Alt-Benders[2] (mw): LB=10.067123, Z₀(α*)=-7.312505, intercept=-71.591487 (3.047s) [OMP=2.966 ISP-L=0.008 ISP-F=0.023 MW-L=0.018 MW-F=0.018]
  Alt-Benders[3] (mw): LB=10.067123, Z₀(α*)=-7.312505, intercept=-71.591487 (3.047s) [OMP=2.987 ISP-L=0.008 ISP-F=0.023 MW-L=0.012 MW-F=0.018]
  Alt-Benders[4]: LB stagnated, break
  OMP re-solve: 0.003s

=== True-DRO Benders iter 56 ===
  OMP: t₀=10.067123, UB=12.586710, gap=2.00e-01, x=[0, 0, 0, 0, 0, 0, 0, 0, 0, 0, 0, 0, 0, 0, 0, 0, 1, 0, 0, 0, 0, 0, 0, 0, 0, 0, 0, 0, 0, 0, 0, 1, 0, 0, 0, 0, 0, 0] (0.002s)
  Sub: Z₀=16.157033 [LOCAL] (0.3s), α=[0.000,0.000,0.000,0.000,0.000,0.000,0.000,0.000,0.000,0.000,0.000,0.000,0.000,0.000,0.986,0.000,0.000,0.000,0.000,0.000,0.000,0.000,0.000,0.000,0.000,0.000,2.747,0.000,0.000,0.000,0.000,6.970,0.000,0.000,0.000,0.000,0.000,0.000]
  Iter 56: LB=10.067123  UB=12.586710  gap=2.00e-01
  Cut: intercept=-1083.476095, π_x_range=[-823.9231, 556.1808]
  Mini-Benders[1] (mw): LB=10.136712, Z₀(α*)=-28.609589, intercept=-105.974526 (3.187s) [OMP=3.111 ISP-L=0.008 ISP-F=0.021 MW-L=0.018 MW-F=0.019]
  Mini-Benders[2] (mw): LB=10.136712, Z₀(α*)=-28.609589, intercept=-105.974526 (2.844s) [OMP=2.797 ISP-L=0.007 ISP-F=0.021 MW-L=0.012 MW-F=0.019]
  Mini-Benders[3] (mw): LB=10.136712, Z₀(α*)=-28.609589, intercept=-105.974526 (2.828s) [OMP=2.768 ISP-L=0.007 ISP-F=0.021 MW-L=0.012 MW-F=0.019]
  Mini-Benders[4]: LB stagnated, break
  α-step: Z₀=9.878249, α=[0.000,0.000,0.000,0.000,0.000,6.258,0.000,0.000,2.006,0.000,0.000,0.000,0.000,0.000,1.072,0.000,0.000,0.000,0.000,0.000,0.000,0.000,0.000,0.000,0.000,0.000,1.367,0.000,0.000,0.000,0.000,0.000,0.000,0.000,0.000,0.000,0.000,0.000]
  Alt-Benders[1] (mw): LB=10.136712, Z₀(α*)=10.136712, intercept=-97.187335 (2.844s) [OMP=2.770 ISP-L=0.007 ISP-F=0.021 MW-L=0.011 MW-F=0.023]
  Alt-Benders[2] (mw): LB=10.136712, Z₀(α*)=10.136712, intercept=-97.187335 (2.765s) [OMP=2.702 ISP-L=0.007 ISP-F=0.021 MW-L=0.011 MW-F=0.022]
  Alt-Benders[3] (mw): LB=10.136712, Z₀(α*)=10.136712, intercept=-97.187335 (2.829s) [OMP=2.781 ISP-L=0.007 ISP-F=0.020 MW-L=0.011 MW-F=0.022]
  Alt-Benders[4]: LB stagnated, break
  OMP re-solve: 0.002s

=== True-DRO Benders iter 57 ===
  OMP: t₀=10.136712, UB=12.586710, gap=1.95e-01, x=[0, 0, 0, 0, 0, 1, 0, 0, 1, 0, 0, 0, 0, 0, 0, 0, 0, 0, 0, 0, 0, 0, 0, 0, 0, 0, 0, 0, 0, 0, 0, 0, 0, 0, 0, 0, 0, 0] (0.002s)
  Sub: Z₀=10.136710 [LOCAL] (0.4s), α=[0.000,0.000,0.000,0.000,0.000,3.223,0.000,0.000,3.244,0.000,0.000,0.000,0.000,0.000,0.020,0.000,0.000,0.000,0.000,0.000,0.000,0.000,0.000,0.000,0.000,0.000,4.215,0.000,0.000,0.000,0.000,0.000,0.000,0.000,0.000,0.000,0.000,0.000]
  Iter 57: LB=10.136712  UB=12.586710  gap=1.95e-01
  Cut: intercept=-1154.958582, π_x_range=[-824.3757, 589.5507]
  Mini-Benders[1] (mw): LB=10.136712, Z₀(α*)=10.136712, intercept=-94.929078 (2.750s) [OMP=2.698 ISP-L=0.007 ISP-F=0.020 MW-L=0.011 MW-F=0.018]
  Mini-Benders[2] (mw): LB=10.136712, Z₀(α*)=10.136712, intercept=-94.929078 (2.797s) [OMP=2.739 ISP-L=0.007 ISP-F=0.020 MW-L=0.011 MW-F=0.018]
  Mini-Benders[3]: LB stagnated, break
  α-step: Z₀=10.136712, α=[0.000,0.000,0.000,0.000,0.000,3.804,0.000,0.000,3.704,0.000,0.000,0.000,0.000,0.000,0.000,0.000,0.000,0.000,0.000,0.000,0.000,0.000,0.000,0.000,0.000,0.000,3.195,0.000,0.000,0.000,0.000,0.000,0.000,0.000,0.000,0.000,0.000,0.000]
  Alt-Benders[1] (mw): LB=10.136712, Z₀(α*)=10.136712, intercept=-94.799172 (2.891s) [OMP=2.833 ISP-L=0.007 ISP-F=0.020 MW-L=0.012 MW-F=0.019]
  Alt-Benders[2] (mw): LB=10.136712, Z₀(α*)=10.136712, intercept=-94.799172 (2.812s) [OMP=2.752 ISP-L=0.007 ISP-F=0.020 MW-L=0.012 MW-F=0.019]
  Alt-Benders[3]: LB stagnated, break
  OMP re-solve: 0.002s

=== True-DRO Benders iter 58 ===
  OMP: t₀=10.136712, UB=12.586710, gap=1.95e-01, x=[0, 0, 0, 0, 0, 1, 0, 0, 1, 0, 0, 0, 0, 0, 0, 0, 0, 0, 0, 0, 0, 0, 0, 0, 0, 0, 0, 0, 0, 0, 0, 0, 0, 0, 0, 0, 0, 0] (0.002s)
  Sub: Z₀=10.136710 [LOCAL] (0.3s), α=[0.000,0.000,0.000,0.000,0.000,3.223,0.000,0.000,3.244,0.000,0.000,0.000,0.000,0.000,0.020,0.000,0.000,0.000,0.000,0.000,0.000,0.000,0.000,0.000,0.000,0.000,4.215,0.000,0.000,0.000,0.000,0.000,0.000,0.000,0.000,0.000,0.000,0.000]
  Iter 58: LB=10.136712  UB=12.586710  gap=1.95e-01
  Cut: intercept=-1154.958582, π_x_range=[-824.3757, 589.5507]
  Mini-Benders[1] (mw): LB=10.136712, Z₀(α*)=10.136712, intercept=-94.929078 (2.813s) [OMP=2.739 ISP-L=0.007 ISP-F=0.020 MW-L=0.018 MW-F=0.018]
  Mini-Benders[2] (mw): LB=10.136712, Z₀(α*)=10.136712, intercept=-94.929078 (2.812s) [OMP=2.762 ISP-L=0.007 ISP-F=0.020 MW-L=0.011 MW-F=0.018]
  Mini-Benders[3]: LB stagnated, break
  α-step: Z₀=10.136712, α=[0.000,0.000,0.000,0.000,0.000,3.804,0.000,0.000,3.704,0.000,0.000,0.000,0.000,0.000,0.000,0.000,0.000,0.000,0.000,0.000,0.000,0.000,0.000,0.000,0.000,0.000,3.195,0.000,0.000,0.000,0.000,0.000,0.000,0.000,0.000,0.000,0.000,0.000]
  Alt-Benders[1] (mw): LB=10.136712, Z₀(α*)=10.136712, intercept=-94.799172 (2.859s) [OMP=2.788 ISP-L=0.007 ISP-F=0.020 MW-L=0.012 MW-F=0.025]
  Alt-Benders[2] (mw): LB=10.136712, Z₀(α*)=10.136712, intercept=-94.799172 (2.859s) [OMP=2.810 ISP-L=0.007 ISP-F=0.020 MW-L=0.012 MW-F=0.019]
  Alt-Benders[3]: LB stagnated, break
  OMP re-solve: 0.002s

=== True-DRO Benders iter 59 ===
  OMP: t₀=10.136712, UB=12.586710, gap=1.95e-01, x=[0, 0, 0, 0, 0, 1, 0, 0, 1, 0, 0, 0, 0, 0, 0, 0, 0, 0, 0, 0, 0, 0, 0, 0, 0, 0, 0, 0, 0, 0, 0, 0, 0, 0, 0, 0, 0, 0] (0.002s)
  Sub: Z₀=10.136710 [LOCAL] (0.3s), α=[0.000,0.000,0.000,0.000,0.000,3.223,0.000,0.000,3.244,0.000,0.000,0.000,0.000,0.000,0.020,0.000,0.000,0.000,0.000,0.000,0.000,0.000,0.000,0.000,0.000,0.000,4.215,0.000,0.000,0.000,0.000,0.000,0.000,0.000,0.000,0.000,0.000,0.000]
  Iter 59: LB=10.136712  UB=12.586710  gap=1.95e-01
  Cut: intercept=-1154.958582, π_x_range=[-824.3757, 589.5507]
  Mini-Benders[1] (mw): LB=10.136712, Z₀(α*)=10.136712, intercept=-94.929078 (2.829s) [OMP=2.769 ISP-L=0.007 ISP-F=0.020 MW-L=0.011 MW-F=0.018]
  Mini-Benders[2] (mw): LB=10.136712, Z₀(α*)=10.136712, intercept=-94.929078 (2.874s) [OMP=2.801 ISP-L=0.007 ISP-F=0.020 MW-L=0.018 MW-F=0.018]
  Mini-Benders[3]: LB stagnated, break
  α-step: Z₀=10.136712, α=[0.000,0.000,0.000,0.000,0.000,3.804,0.000,0.000,3.704,0.000,0.000,0.000,0.000,0.000,0.000,0.000,0.000,0.000,0.000,0.000,0.000,0.000,0.000,0.000,0.000,0.000,3.195,0.000,0.000,0.000,0.000,0.000,0.000,0.000,0.000,0.000,0.000,0.000]
  Alt-Benders[1] (mw): LB=10.136712, Z₀(α*)=10.136712, intercept=-94.799172 (2.875s) [OMP=2.819 ISP-L=0.007 ISP-F=0.020 MW-L=0.012 MW-F=0.019]
  Alt-Benders[2] (mw): LB=10.136712, Z₀(α*)=10.136712, intercept=-94.799172 (2.891s) [OMP=2.815 ISP-L=0.007 ISP-F=0.020 MW-L=0.012 MW-F=0.025]
  Alt-Benders[3]: LB stagnated, break
  OMP re-solve: 0.003s

=== True-DRO Benders iter 60 ===
  OMP: t₀=10.136712, UB=12.586710, gap=1.95e-01, x=[0, 0, 0, 0, 0, 1, 0, 0, 1, 0, 0, 0, 0, 0, 0, 0, 0, 0, 0, 0, 0, 0, 0, 0, 0, 0, 0, 0, 0, 0, 0, 0, 0, 0, 0, 0, 0, 0] (0.002s)
  Sub: Z₀=10.136712 [TIME_LIMIT] (15.6s), α=[0.000,0.000,0.000,0.000,0.000,3.804,0.000,0.000,3.704,0.000,0.000,0.000,0.000,0.000,0.000,0.000,0.000,0.000,0.000,0.000,0.000,0.000,0.000,0.000,0.000,0.000,3.195,0.000,0.000,0.000,0.000,0.000,0.000,0.000,0.000,0.000,0.000,0.000]
  Iter 60: LB=10.136712  UB=12.398419  gap=1.82e-01
  Cut: intercept=-144.139279, π_x_range=[-214.9417, 83.1750]
  Mini-Benders[1] (mw): LB=10.136712, Z₀(α*)=10.136712, intercept=-94.799172 (2.813s) [OMP=2.751 ISP-L=0.007 ISP-F=0.020 MW-L=0.012 MW-F=0.019]
  Mini-Benders[2] (mw): LB=10.136712, Z₀(α*)=10.136712, intercept=-94.799172 (2.750s) [OMP=2.691 ISP-L=0.007 ISP-F=0.020 MW-L=0.012 MW-F=0.019]
  Mini-Benders[3]: LB stagnated, break
  α-step: Z₀=10.136712, α=[0.000,0.000,0.000,0.000,0.000,3.804,0.000,0.000,3.704,0.000,0.000,0.000,0.000,0.000,0.000,0.000,0.000,0.000,0.000,0.000,0.000,0.000,0.000,0.000,0.000,0.000,3.195,0.000,0.000,0.000,0.000,0.000,0.000,0.000,0.000,0.000,0.000,0.000]
  Alt-Benders[1] (mw): LB=10.136712, Z₀(α*)=10.136712, intercept=-94.799172 (2.875s) [OMP=2.822 ISP-L=0.007 ISP-F=0.020 MW-L=0.012 MW-F=0.019]
  Alt-Benders[2] (mw): LB=10.136712, Z₀(α*)=10.136712, intercept=-94.799172 (2.859s) [OMP=2.800 ISP-L=0.007 ISP-F=0.020 MW-L=0.012 MW-F=0.019]
  Alt-Benders[3]: LB stagnated, break
  OMP re-solve: 0.003s

=== True-DRO Benders iter 61 ===
  OMP: t₀=10.136712, UB=12.398419, gap=1.82e-01, x=[0, 0, 0, 0, 0, 1, 0, 0, 1, 0, 0, 0, 0, 0, 0, 0, 0, 0, 0, 0, 0, 0, 0, 0, 0, 0, 0, 0, 0, 0, 0, 0, 0, 0, 0, 0, 0, 0] (0.003s)
  Sub: Z₀=10.136710 [LOCAL] (0.4s), α=[0.000,0.000,0.000,0.000,0.000,3.223,0.000,0.000,3.244,0.000,0.000,0.000,0.000,0.000,0.020,0.000,0.000,0.000,0.000,0.000,0.000,0.000,0.000,0.000,0.000,0.000,4.215,0.000,0.000,0.000,0.000,0.000,0.000,0.000,0.000,0.000,0.000,0.000]
  Iter 61: LB=10.136712  UB=12.398419  gap=1.82e-01
  Cut: intercept=-1154.958582, π_x_range=[-824.3757, 589.5507]
  Mini-Benders[1] (mw): LB=10.136712, Z₀(α*)=10.136712, intercept=-94.929078 (2.844s) [OMP=2.795 ISP-L=0.007 ISP-F=0.020 MW-L=0.011 MW-F=0.018]
  Mini-Benders[2] (mw): LB=10.136712, Z₀(α*)=10.136712, intercept=-94.929078 (2.797s) [OMP=2.738 ISP-L=0.007 ISP-F=0.020 MW-L=0.011 MW-F=0.018]
  Mini-Benders[3]: LB stagnated, break
  α-step: Z₀=10.136712, α=[0.000,0.000,0.000,0.000,0.000,3.804,0.000,0.000,3.704,0.000,0.000,0.000,0.000,0.000,0.000,0.000,0.000,0.000,0.000,0.000,0.000,0.000,0.000,0.000,0.000,0.000,3.195,0.000,0.000,0.000,0.000,0.000,0.000,0.000,0.000,0.000,0.000,0.000]
  Alt-Benders[1] (mw): LB=10.136712, Z₀(α*)=10.136712, intercept=-94.799172 (2.843s) [OMP=2.773 ISP-L=0.007 ISP-F=0.020 MW-L=0.019 MW-F=0.019]
  Alt-Benders[2] (mw): LB=10.136712, Z₀(α*)=10.136712, intercept=-94.799172 (2.813s) [OMP=2.761 ISP-L=0.007 ISP-F=0.020 MW-L=0.012 MW-F=0.019]
  Alt-Benders[3]: LB stagnated, break
  OMP re-solve: 0.002s

=== True-DRO Benders iter 62 ===
  OMP: t₀=10.136712, UB=12.398419, gap=1.82e-01, x=[0, 0, 0, 0, 0, 1, 0, 0, 1, 0, 0, 0, 0, 0, 0, 0, 0, 0, 0, 0, 0, 0, 0, 0, 0, 0, 0, 0, 0, 0, 0, 0, 0, 0, 0, 0, 0, 0] (0.002s)
  Sub: Z₀=10.136710 [LOCAL] (0.3s), α=[0.000,0.000,0.000,0.000,0.000,3.223,0.000,0.000,3.244,0.000,0.000,0.000,0.000,0.000,0.020,0.000,0.000,0.000,0.000,0.000,0.000,0.000,0.000,0.000,0.000,0.000,4.215,0.000,0.000,0.000,0.000,0.000,0.000,0.000,0.000,0.000,0.000,0.000]
  Iter 62: LB=10.136712  UB=12.398419  gap=1.82e-01
  Cut: intercept=-1154.958582, π_x_range=[-824.3757, 589.5507]
  Mini-Benders[1] (mw): LB=10.136712, Z₀(α*)=10.136712, intercept=-94.929078 (2.844s) [OMP=2.770 ISP-L=0.007 ISP-F=0.020 MW-L=0.011 MW-F=0.024]
  Mini-Benders[2] (mw): LB=10.136712, Z₀(α*)=10.136712, intercept=-94.929078 (2.891s) [OMP=2.843 ISP-L=0.007 ISP-F=0.020 MW-L=0.011 MW-F=0.018]
  Mini-Benders[3]: LB stagnated, break
  α-step: Z₀=10.136712, α=[0.000,0.000,0.000,0.000,0.000,3.804,0.000,0.000,3.704,0.000,0.000,0.000,0.000,0.000,0.000,0.000,0.000,0.000,0.000,0.000,0.000,0.000,0.000,0.000,0.000,0.000,3.195,0.000,0.000,0.000,0.000,0.000,0.000,0.000,0.000,0.000,0.000,0.000]
  Alt-Benders[1] (mw): LB=10.136712, Z₀(α*)=10.136712, intercept=-94.799172 (2.859s) [OMP=2.788 ISP-L=0.007 ISP-F=0.020 MW-L=0.012 MW-F=0.025]
  Alt-Benders[2] (mw): LB=10.136712, Z₀(α*)=10.136712, intercept=-94.799172 (2.828s) [OMP=2.778 ISP-L=0.007 ISP-F=0.020 MW-L=0.012 MW-F=0.019]
  Alt-Benders[3]: LB stagnated, break
  OMP re-solve: 0.002s

=== True-DRO Benders iter 63 ===
  OMP: t₀=10.136712, UB=12.398419, gap=1.82e-01, x=[0, 0, 0, 0, 0, 1, 0, 0, 1, 0, 0, 0, 0, 0, 0, 0, 0, 0, 0, 0, 0, 0, 0, 0, 0, 0, 0, 0, 0, 0, 0, 0, 0, 0, 0, 0, 0, 0] (0.002s)
  Sub: Z₀=10.136710 [LOCAL] (0.3s), α=[0.000,0.000,0.000,0.000,0.000,3.223,0.000,0.000,3.244,0.000,0.000,0.000,0.000,0.000,0.020,0.000,0.000,0.000,0.000,0.000,0.000,0.000,0.000,0.000,0.000,0.000,4.215,0.000,0.000,0.000,0.000,0.000,0.000,0.000,0.000,0.000,0.000,0.000]
  Iter 63: LB=10.136712  UB=12.398419  gap=1.82e-01
  Cut: intercept=-1154.958582, π_x_range=[-824.3757, 589.5507]
  Mini-Benders[1] (mw): LB=10.136712, Z₀(α*)=10.136712, intercept=-94.929078 (2.859s) [OMP=2.800 ISP-L=0.007 ISP-F=0.020 MW-L=0.011 MW-F=0.018]
  Mini-Benders[2] (mw): LB=10.136712, Z₀(α*)=10.136712, intercept=-94.929078 (2.875s) [OMP=2.801 ISP-L=0.007 ISP-F=0.020 MW-L=0.017 MW-F=0.019]
  Mini-Benders[3]: LB stagnated, break
  α-step: Z₀=10.136712, α=[0.000,0.000,0.000,0.000,0.000,3.804,0.000,0.000,3.704,0.000,0.000,0.000,0.000,0.000,0.000,0.000,0.000,0.000,0.000,0.000,0.000,0.000,0.000,0.000,0.000,0.000,3.195,0.000,0.000,0.000,0.000,0.000,0.000,0.000,0.000,0.000,0.000,0.000]
  Alt-Benders[1] (mw): LB=10.136712, Z₀(α*)=10.136712, intercept=-94.799172 (2.860s) [OMP=2.803 ISP-L=0.007 ISP-F=0.020 MW-L=0.012 MW-F=0.019]
  Alt-Benders[2] (mw): LB=10.136712, Z₀(α*)=10.136712, intercept=-94.799172 (2.890s) [OMP=2.815 ISP-L=0.007 ISP-F=0.020 MW-L=0.012 MW-F=0.025]
  Alt-Benders[3]: LB stagnated, break
  OMP re-solve: 0.002s

=== True-DRO Benders iter 64 ===
  OMP: t₀=10.136712, UB=12.398419, gap=1.82e-01, x=[0, 0, 0, 0, 0, 1, 0, 0, 1, 0, 0, 0, 0, 0, 0, 0, 0, 0, 0, 0, 0, 0, 0, 0, 0, 0, 0, 0, 0, 0, 0, 0, 0, 0, 0, 0, 0, 0] (0.002s)
  Sub: Z₀=10.136710 [LOCAL] (0.3s), α=[0.000,0.000,0.000,0.000,0.000,3.223,0.000,0.000,3.244,0.000,0.000,0.000,0.000,0.000,0.020,0.000,0.000,0.000,0.000,0.000,0.000,0.000,0.000,0.000,0.000,0.000,4.215,0.000,0.000,0.000,0.000,0.000,0.000,0.000,0.000,0.000,0.000,0.000]
  Iter 64: LB=10.136712  UB=12.398419  gap=1.82e-01
  Cut: intercept=-1154.958582, π_x_range=[-824.3757, 589.5507]
  Mini-Benders[1] (mw): LB=10.136712, Z₀(α*)=10.136712, intercept=-94.929078 (2.843s) [OMP=2.786 ISP-L=0.007 ISP-F=0.020 MW-L=0.011 MW-F=0.018]
  Mini-Benders[2] (mw): LB=10.136712, Z₀(α*)=10.136712, intercept=-94.929078 (2.860s) [OMP=2.801 ISP-L=0.007 ISP-F=0.020 MW-L=0.011 MW-F=0.018]
  Mini-Benders[3]: LB stagnated, break
  α-step: Z₀=10.136712, α=[0.000,0.000,0.000,0.000,0.000,3.804,0.000,0.000,3.704,0.000,0.000,0.000,0.000,0.000,0.000,0.000,0.000,0.000,0.000,0.000,0.000,0.000,0.000,0.000,0.000,0.000,3.195,0.000,0.000,0.000,0.000,0.000,0.000,0.000,0.000,0.000,0.000,0.000]
  Alt-Benders[1] (mw): LB=10.136712, Z₀(α*)=10.136712, intercept=-94.799172 (2.859s) [OMP=2.812 ISP-L=0.007 ISP-F=0.020 MW-L=0.012 MW-F=0.019]
  Alt-Benders[2] (mw): LB=10.136712, Z₀(α*)=10.136712, intercept=-94.799172 (2.860s) [OMP=2.800 ISP-L=0.007 ISP-F=0.020 MW-L=0.012 MW-F=0.019]
  Alt-Benders[3]: LB stagnated, break
  OMP re-solve: 0.003s

=== True-DRO Benders iter 65 ===
  OMP: t₀=10.136712, UB=12.398419, gap=1.82e-01, x=[0, 0, 0, 0, 0, 1, 0, 0, 1, 0, 0, 0, 0, 0, 0, 0, 0, 0, 0, 0, 0, 0, 0, 0, 0, 0, 0, 0, 0, 0, 0, 0, 0, 0, 0, 0, 0, 0] (0.002s)
  → Boost: time limit 3600s + MIPGap=0.5% (same x + prev TIME_LIMIT)
  Sub: Z₀=10.136713 (609.9s), α=[0.000,0.000,0.000,0.000,0.000,3.511,0.000,0.000,1.441,0.000,0.000,0.000,0.000,0.000,1.637,0.000,0.000,0.000,0.000,0.000,0.000,0.000,0.000,0.000,0.000,0.000,4.114,0.000,0.000,0.000,0.000,0.000,0.000,0.000,0.000,0.000,0.000,0.000]
  Iter 65: LB=10.136712  UB=10.136713  gap=1.69e-07
True-DRO Benders converged at iter 65 (gap=1.69e-07)
  Wall time: 2225.44 sec
  OMP  time: mean=1.841s, median=2.254s, max=3.526s
  Sub  time (exact): mean=609.855s, median=609.855s, q90=609.855s, max=609.855s (n=1/65)

Result (double/mb_only): Z₀=10.136713, iters=65, time=2225.5s
x arcs = [6, 9]
