============================================================
sioux_falls — double [mb_only]: ε̂=0.20, ε̃=0.20, β=0.00
  mini_benders=true, valid_inequality=none
============================================================
Set parameter Username
Set parameter LicenseID to value 2742039
Academic license - for non-commercial use only - expires 2026-11-20
Set parameter Username
Set parameter LicenseID to value 2742039
Academic license - for non-commercial use only - expires 2026-11-20
Set parameter OutputFlag to value 1
Set parameter LogFile to value "global_miqcp.log"
Set parameter Username
Set parameter LicenseID to value 2742039
Academic license - for non-commercial use only - expires 2026-11-20
Set parameter Username
Set parameter LicenseID to value 2742039
Academic license - for non-commercial use only - expires 2026-11-20
Set parameter Username
Set parameter LicenseID to value 2742039
Academic license - for non-commercial use only - expires 2026-11-20
Set parameter Username
Set parameter LicenseID to value 2742039
Academic license - for non-commercial use only - expires 2026-11-20

=== True-DRO Benders iter 1 ===
  OMP: t₀=-10000.000000, UB=Inf, gap=NaN, x=[0, 0, 0, 0, 0, 0, 0, 0, 0, 0, 0, 0, 0, 0, 0, 0, 0, 0, 0, 0, 0, 0, 0, 0, 0, 0, 0, 0, 0, 0, 0, 0, 0, 0, 0, 0, 0, 0, 0, 0, 0, 0, 0, 0, 0, 0, 0, 0, 0, 0, 0, 0, 0, 0, 0, 0, 0, 0, 0, 0, 0, 0, 0, 0, 0, 0, 0, 0, 0, 0, 0, 0, 0, 0, 0, 0] (0.000s)
  Sub: Z₀=27.344697 [LOCAL] (0.5s), α=[0.000,0.000,0.000,0.000,0.000,0.000,0.000,0.000,0.000,0.000,0.000,0.000,0.000,0.000,0.000,0.000,1.579,0.000,0.000,0.000,0.175,0.000,0.000,0.000,0.000,0.000,0.000,0.000,0.000,0.000,0.000,0.000,0.000,0.000,2.612,0.000,0.000,0.000,0.000,0.000,0.000,0.000,0.000,0.000,0.000,0.000,0.000,0.000,0.000,0.000,0.649,0.000,0.000,0.000,0.000,0.000,0.000,0.000,0.000,0.000,0.000,0.000,0.000,0.000,0.000,0.000,0.000,0.000,0.000,0.000,0.000,0.024,5.403,0.000,0.000,0.000]
  Iter 1: LB=-10000.000000  UB=Inf  gap=NaN
  Cut: intercept=27.344697, π_x_range=[-826.5419, -799.3571]
  Mini-Benders[1] (mw): LB=-1625.587325, Z₀(α*)=20.470640, intercept=-14.047470 (0.125s) [OMP=0.005 ISP-L=0.013 ISP-F=0.037 MW-L=0.027 MW-F=0.033]
  Mini-Benders[2] (mw): LB=-226.203207, Z₀(α*)=-10.900978, intercept=-42.489041 (0.094s) [OMP=0.003 ISP-L=0.008 ISP-F=0.024 MW-L=0.022 MW-F=0.032]
  Mini-Benders[3] (mw): LB=-208.914180, Z₀(α*)=-0.739972, intercept=-68.531207 (0.094s) [OMP=0.005 ISP-L=0.008 ISP-F=0.028 MW-L=0.024 MW-F=0.028]
  Mini-Benders[4] (mw): LB=-141.969566, Z₀(α*)=2.076503, intercept=-63.261389 (0.125s) [OMP=0.040 ISP-L=0.009 ISP-F=0.025 MW-L=0.023 MW-F=0.027]
  Mini-Benders[5] (mw): LB=-126.424481, Z₀(α*)=11.253589, intercept=-45.496083 (0.156s) [OMP=0.056 ISP-L=0.009 ISP-F=0.034 MW-L=0.022 MW-F=0.034]
Set parameter NonConvex to value 2
Set parameter DualReductions to value 0
  α-step: Z₀=17.800373, α=[0.000,0.000,0.000,0.000,0.000,0.000,0.000,0.000,0.000,0.000,0.164,0.000,0.000,0.000,0.000,0.000,0.000,0.000,0.000,0.000,0.000,0.000,0.000,0.000,0.000,0.000,0.000,0.000,0.000,0.000,0.000,0.000,0.000,0.000,0.000,0.000,0.000,0.000,1.293,0.000,0.000,0.000,0.000,0.000,0.000,3.350,0.000,0.000,0.000,5.562,0.000,0.000,0.000,0.000,0.000,0.000,0.000,0.000,0.000,0.000,0.000,0.000,0.000,0.000,0.000,0.000,0.000,0.000,0.000,0.000,0.000,0.000,0.074,0.000,0.000,0.000]
  Alt-Benders[1] (mw): LB=-109.805617, Z₀(α*)=-3.708559, intercept=-108.031597 (0.234s) [OMP=0.149 ISP-L=0.007 ISP-F=0.024 MW-L=0.026 MW-F=0.030]
  Alt-Benders[2] (mw): LB=-102.301764, Z₀(α*)=-12.399396, intercept=-72.119393 (0.438s) [OMP=0.339 ISP-L=0.009 ISP-F=0.030 MW-L=0.026 MW-F=0.032]
  Alt-Benders[3] (mw): LB=-100.789096, Z₀(α*)=-36.725678, intercept=-111.936694 (0.422s) [OMP=0.319 ISP-L=0.009 ISP-F=0.032 MW-L=0.021 MW-F=0.037]
  Alt-Benders[4] (mw): LB=-100.594437, Z₀(α*)=-10.443719, intercept=-80.278487 (0.250s) [OMP=0.139 ISP-L=0.008 ISP-F=0.032 MW-L=0.021 MW-F=0.038]
  Alt-Benders[5] (mw): LB=-99.853621, Z₀(α*)=-53.373200, intercept=-135.196066 (0.406s) [OMP=0.324 ISP-L=0.009 ISP-F=0.028 MW-L=0.022 MW-F=0.034]
  OMP re-solve: 0.185s

=== True-DRO Benders iter 2 ===
  OMP: t₀=-94.510928, UB=Inf, gap=NaN, x=[0, 0, 0, 0, 0, 0, 0, 0, 0, 0, 0, 0, 0, 0, 0, 0, 0, 0, 0, 0, 0, 0, 0, 0, 0, 0, 0, 0, 0, 0, 0, 0, 0, 0, 0, 0, 0, 0, 0, 0, 0, 0, 1, 0, 0, 0, 0, 0, 0, 0, 0, 0, 0, 0, 0, 0, 0, 0, 0, 0, 0, 0, 0, 0, 0, 0, 0, 0, 0, 0, 0, 0, 1, 0, 0, 0] (0.000s)
  Sub: Z₀=22.778177 [LOCAL] (0.9s), α=[0.000,0.000,0.000,0.000,0.000,0.000,0.000,0.000,0.000,0.000,0.000,0.000,0.000,0.000,0.000,0.000,0.000,0.000,0.000,0.000,0.000,0.000,0.000,0.000,0.000,0.000,0.000,0.000,0.000,0.000,0.000,0.000,0.000,0.000,0.477,0.000,0.000,0.000,0.000,0.000,0.000,0.000,0.575,0.000,0.000,0.000,0.000,0.000,0.000,0.000,0.000,0.000,0.000,0.000,0.000,0.000,0.000,0.000,0.000,0.000,0.000,0.000,0.000,0.000,0.000,0.000,0.000,0.000,0.000,0.000,0.000,0.000,9.391,0.000,0.000,0.000]
  Iter 2: LB=-94.510928  UB=Inf  gap=NaN
  Cut: intercept=-1094.349307, π_x_range=[-824.9169, 569.9495]
  Mini-Benders[1] (mw): LB=-92.156352, Z₀(α*)=20.954380, intercept=-3.278204 (0.329s) [OMP=0.231 ISP-L=0.009 ISP-F=0.026 MW-L=0.021 MW-F=0.033]
  Mini-Benders[2] (mw): LB=-91.236841, Z₀(α*)=-10.873370, intercept=-128.242581 (0.234s) [OMP=0.152 ISP-L=0.008 ISP-F=0.028 MW-L=0.023 MW-F=0.029]
  Mini-Benders[3] (mw): LB=-90.306867, Z₀(α*)=20.597828, intercept=-12.038076 (0.391s) [OMP=0.290 ISP-L=0.009 ISP-F=0.026 MW-L=0.023 MW-F=0.029]
  Mini-Benders[4] (mw): LB=-87.285295, Z₀(α*)=9.612770, intercept=-78.809216 (0.312s) [OMP=0.226 ISP-L=0.008 ISP-F=0.032 MW-L=0.024 MW-F=0.029]
  Mini-Benders[5] (mw): LB=-87.020278, Z₀(α*)=-35.421501, intercept=-117.376212 (0.344s) [OMP=0.235 ISP-L=0.008 ISP-F=0.027 MW-L=0.023 MW-F=0.039]
  α-step: Z₀=18.814646, α=[0.000,0.648,0.000,0.000,0.000,0.000,0.000,0.000,0.000,0.000,0.000,0.000,0.000,0.000,0.000,0.000,0.000,0.000,0.000,0.000,0.000,0.000,0.000,0.211,0.000,0.000,0.000,0.779,0.000,0.000,0.000,0.000,0.000,0.000,2.589,0.000,0.000,0.000,0.000,0.000,0.000,0.000,0.000,0.000,0.000,0.000,0.000,0.000,0.000,0.000,1.352,2.513,0.000,0.000,0.000,0.000,0.000,0.000,0.000,0.000,0.000,0.000,0.325,0.000,0.000,0.000,0.000,0.000,0.000,0.000,0.000,0.000,2.026,0.000,0.000,0.000]
  Alt-Benders[1] (mw): LB=-85.495375, Z₀(α*)=10.219580, intercept=-76.233174 (0.391s) [OMP=0.297 ISP-L=0.009 ISP-F=0.032 MW-L=0.024 MW-F=0.029]
  Alt-Benders[2] (mw): LB=-84.361516, Z₀(α*)=10.222835, intercept=-120.190674 (0.453s) [OMP=0.361 ISP-L=0.009 ISP-F=0.028 MW-L=0.026 MW-F=0.032]
  Alt-Benders[3] (mw): LB=-80.512825, Z₀(α*)=-3.058754, intercept=-67.558700 (0.437s) [OMP=0.340 ISP-L=0.009 ISP-F=0.029 MW-L=0.022 MW-F=0.036]
  Alt-Benders[4] (mw): LB=-77.813270, Z₀(α*)=4.062039, intercept=-9.468405 (0.469s) [OMP=0.371 ISP-L=0.008 ISP-F=0.033 MW-L=0.019 MW-F=0.033]
  Alt-Benders[5] (mw): LB=-74.212923, Z₀(α*)=-12.663256, intercept=-84.780903 (0.547s) [OMP=0.450 ISP-L=0.007 ISP-F=0.023 MW-L=0.022 MW-F=0.029]
  OMP re-solve: 0.366s

=== True-DRO Benders iter 3 ===
  OMP: t₀=-74.170420, UB=Inf, gap=NaN, x=[0, 0, 0, 0, 0, 0, 0, 0, 0, 0, 1, 0, 0, 0, 0, 0, 0, 0, 0, 0, 0, 0, 0, 0, 0, 0, 0, 0, 0, 0, 0, 0, 0, 0, 0, 0, 0, 0, 0, 0, 0, 0, 0, 0, 0, 0, 0, 0, 0, 0, 0, 0, 0, 1, 0, 0, 0, 0, 0, 0, 0, 0, 0, 0, 0, 0, 0, 0, 0, 0, 0, 0, 0, 0, 0, 0] (0.000s)
  Sub: Z₀=21.823089 [LOCAL] (0.8s), α=[0.000,0.000,0.000,0.000,0.000,0.000,0.000,0.000,0.000,0.000,0.063,0.000,0.000,0.000,0.000,0.000,0.002,0.000,0.000,0.000,0.002,0.000,0.000,0.000,0.000,0.000,0.000,0.000,0.000,0.000,0.000,0.000,0.000,0.000,3.603,0.000,0.000,0.000,0.000,0.000,0.000,0.000,0.000,0.000,0.000,0.000,0.000,0.000,0.000,0.000,0.018,0.000,0.000,5.975,0.000,0.780,0.000,0.000,0.000,0.000,0.000,0.000,0.000,0.000,0.000,0.000,0.000,0.000,0.000,0.000,0.000,0.000,0.000,0.000,0.000,0.000]
  Iter 3: LB=-74.170420  UB=Inf  gap=NaN
  Cut: intercept=-1097.815426, π_x_range=[-826.9021, 575.6890]
  Mini-Benders[1] (mw): LB=-73.530734, Z₀(α*)=21.584844, intercept=-40.703976 (0.469s) [OMP=0.361 ISP-L=0.009 ISP-F=0.030 MW-L=0.021 MW-F=0.035]
  Mini-Benders[2] (mw): LB=-72.951129, Z₀(α*)=16.099359, intercept=-118.949102 (0.468s) [OMP=0.375 ISP-L=0.009 ISP-F=0.031 MW-L=0.022 MW-F=0.038]
  Mini-Benders[3] (mw): LB=-72.476173, Z₀(α*)=-9.992349, intercept=-76.172484 (0.485s) [OMP=0.388 ISP-L=0.008 ISP-F=0.032 MW-L=0.023 MW-F=0.033]
  Mini-Benders[4] (mw): LB=-67.224334, Z₀(α*)=19.721457, intercept=-82.996699 (0.500s) [OMP=0.400 ISP-L=0.007 ISP-F=0.028 MW-L=0.024 MW-F=0.031]
  Mini-Benders[5] (mw): LB=-66.463580, Z₀(α*)=-10.398287, intercept=-83.057111 (0.547s) [OMP=0.454 ISP-L=0.008 ISP-F=0.030 MW-L=0.018 MW-F=0.037]
  α-step: Z₀=16.298953, α=[0.000,0.000,0.000,0.000,0.000,0.000,0.000,0.000,0.000,0.000,0.000,0.000,0.000,0.000,0.000,0.000,0.000,0.000,0.000,0.000,0.000,0.000,0.000,0.000,0.000,0.000,0.000,0.000,0.000,0.000,0.000,0.000,0.000,0.000,10.443,0.000,0.000,0.000,0.000,0.000,0.000,0.000,0.000,0.000,0.000,0.000,0.000,0.000,0.000,0.000,0.000,0.000,0.000,0.000,0.000,0.000,0.000,0.000,0.000,0.000,0.000,0.000,0.000,0.000,0.000,0.000,0.000,0.000,0.000,0.000,0.000,0.000,0.000,0.000,0.000,0.000]
  Alt-Benders[1] (mw): LB=-64.647221, Z₀(α*)=-1.297992, intercept=-91.559147 (0.609s) [OMP=0.513 ISP-L=0.009 ISP-F=0.028 MW-L=0.025 MW-F=0.025]
  Alt-Benders[2] (mw): LB=-64.542460, Z₀(α*)=-56.735968, intercept=-63.553593 (0.532s) [OMP=0.452 ISP-L=0.007 ISP-F=0.027 MW-L=0.024 MW-F=0.030]
  Alt-Benders[3] (mw): LB=-64.420703, Z₀(α*)=2.441214, intercept=-51.175517 (0.687s) [OMP=0.590 ISP-L=0.009 ISP-F=0.028 MW-L=0.022 MW-F=0.030]
  Alt-Benders[4] (mw): LB=-63.366798, Z₀(α*)=6.439660, intercept=-46.795611 (0.594s) [OMP=0.493 ISP-L=0.007 ISP-F=0.030 MW-L=0.020 MW-F=0.037]
  Alt-Benders[5] (mw): LB=-63.271538, Z₀(α*)=-9.493103, intercept=-59.486077 (0.609s) [OMP=0.521 ISP-L=0.009 ISP-F=0.034 MW-L=0.022 MW-F=0.032]
  OMP re-solve: 0.532s

=== True-DRO Benders iter 4 ===
  OMP: t₀=-62.581904, UB=Inf, gap=NaN, x=[0, 0, 0, 0, 0, 0, 0, 0, 0, 0, 0, 0, 0, 0, 0, 0, 0, 0, 0, 0, 0, 0, 0, 0, 0, 0, 0, 0, 0, 0, 0, 0, 0, 0, 0, 0, 0, 0, 0, 0, 0, 0, 0, 0, 0, 0, 0, 0, 0, 0, 0, 0, 0, 0, 0, 0, 0, 0, 0, 0, 0, 1, 0, 0, 0, 0, 0, 0, 0, 0, 0, 1, 0, 0, 0, 0] (0.000s)
  Sub: Z₀=20.820442 [LOCAL] (0.4s), α=[0.000,0.000,0.000,0.000,0.000,0.000,0.000,0.000,0.000,0.000,0.000,0.000,0.000,0.000,0.000,0.000,0.000,0.000,0.000,0.000,0.000,0.000,0.000,0.000,0.000,0.000,0.000,0.000,0.000,0.000,0.000,0.000,0.000,0.000,0.000,0.000,0.000,0.000,0.000,0.000,0.000,0.000,0.000,0.000,0.000,0.000,0.000,0.000,0.000,0.000,0.000,0.000,0.000,0.000,0.000,0.000,0.000,0.000,0.000,0.000,0.000,0.000,0.000,0.000,0.000,0.000,0.000,0.000,0.000,0.000,0.000,6.831,3.612,0.000,0.000,0.000]
  Iter 4: LB=-62.581904  UB=Inf  gap=NaN
  Cut: intercept=-1096.642652, π_x_range=[-825.4969, 568.6674]
  Mini-Benders[1] (mw): LB=-60.996953, Z₀(α*)=20.592153, intercept=-54.545851 (0.625s) [OMP=0.528 ISP-L=0.009 ISP-F=0.030 MW-L=0.024 MW-F=0.029]
  Mini-Benders[2] (mw): LB=-58.911691, Z₀(α*)=5.543592, intercept=-7.382746 (0.532s) [OMP=0.451 ISP-L=0.009 ISP-F=0.031 MW-L=0.021 MW-F=0.029]
  Mini-Benders[3] (mw): LB=-58.119611, Z₀(α*)=-1.123783, intercept=-30.503652 (0.468s) [OMP=0.362 ISP-L=0.007 ISP-F=0.028 MW-L=0.024 MW-F=0.031]
  Mini-Benders[4] (mw): LB=-57.889061, Z₀(α*)=3.009311, intercept=-44.874964 (0.594s) [OMP=0.503 ISP-L=0.009 ISP-F=0.030 MW-L=0.023 MW-F=0.033]
  Mini-Benders[5] (mw): LB=-55.939127, Z₀(α*)=-18.658207, intercept=-30.827509 (0.563s) [OMP=0.477 ISP-L=0.008 ISP-F=0.026 MW-L=0.023 MW-F=0.029]
  α-step: Z₀=21.032508, α=[0.000,0.000,0.000,0.000,0.000,0.000,0.000,0.000,0.000,0.000,0.000,0.000,0.000,0.000,0.000,0.000,0.000,0.000,0.000,0.000,0.000,0.000,0.000,0.000,0.000,0.000,0.000,0.000,0.000,0.000,0.000,0.000,0.000,0.000,0.000,0.000,0.000,0.000,0.000,0.000,0.000,0.000,0.000,0.000,0.000,0.000,0.000,0.000,0.000,0.000,0.000,0.000,0.000,0.000,0.000,0.000,0.000,0.000,0.000,0.000,1.473,1.780,0.000,0.000,0.000,0.000,0.000,0.000,0.000,0.000,0.000,0.000,7.191,0.000,0.000,0.000]
  Alt-Benders[1] (mw): LB=-52.712295, Z₀(α*)=8.170917, intercept=-57.278094 (0.594s) [OMP=0.493 ISP-L=0.007 ISP-F=0.029 MW-L=0.021 MW-F=0.035]
  Alt-Benders[2] (mw): LB=-50.366473, Z₀(α*)=4.230968, intercept=-68.408753 (0.515s) [OMP=0.428 ISP-L=0.008 ISP-F=0.031 MW-L=0.024 MW-F=0.030]
  Alt-Benders[3] (mw): LB=-49.523580, Z₀(α*)=-2.870268, intercept=-64.570867 (0.610s) [OMP=0.517 ISP-L=0.008 ISP-F=0.025 MW-L=0.024 MW-F=0.032]
  Alt-Benders[4] (mw): LB=-49.480361, Z₀(α*)=4.930981, intercept=-59.439086 (0.656s) [OMP=0.564 ISP-L=0.007 ISP-F=0.024 MW-L=0.018 MW-F=0.035]
  Alt-Benders[5] (mw): LB=-49.400901, Z₀(α*)=6.390353, intercept=-61.890982 (0.640s) [OMP=0.546 ISP-L=0.008 ISP-F=0.031 MW-L=0.020 MW-F=0.031]
  OMP re-solve: 0.550s

=== True-DRO Benders iter 5 ===
  OMP: t₀=-48.131596, UB=Inf, gap=NaN, x=[0, 0, 0, 0, 0, 0, 0, 0, 0, 0, 0, 0, 0, 0, 0, 0, 0, 0, 0, 0, 0, 0, 0, 0, 0, 0, 0, 0, 0, 0, 0, 0, 0, 0, 0, 0, 0, 0, 0, 0, 0, 0, 0, 0, 0, 0, 0, 0, 0, 1, 0, 0, 0, 0, 0, 0, 0, 0, 0, 0, 0, 0, 0, 0, 0, 0, 0, 0, 0, 0, 0, 0, 1, 0, 0, 0] (0.000s)
  Sub: Z₀=22.824729 (5.9s), α=[0.000,0.000,0.000,0.000,0.000,0.000,0.000,0.000,0.000,0.000,0.000,0.000,0.000,0.000,0.000,0.000,0.000,0.000,0.000,0.000,0.000,0.000,0.000,0.000,0.000,0.000,0.000,0.000,0.000,0.000,0.000,0.000,0.000,0.000,1.507,0.000,0.000,0.000,0.000,0.000,0.000,0.000,0.000,0.000,0.000,0.000,0.000,0.000,0.000,0.000,0.000,0.000,0.000,0.000,0.000,0.000,0.000,0.000,0.000,0.000,0.000,0.000,0.000,0.000,0.000,0.000,0.000,0.000,0.000,0.000,0.000,0.000,8.935,0.000,0.000,0.000]
  Iter 5: LB=-48.131596  UB=22.824729  gap=3.11e+00
  Cut: intercept=-81.467544, π_x_range=[-189.0141, 62.9137]
  Sherali-Cut: intercept=-23.601034, π_x_range=[-103.5562, 38.0516]
  Mini-Benders[1] (mw): LB=-48.064520, Z₀(α*)=19.351088, intercept=-2.145573 (0.500s) [OMP=0.417 ISP-L=0.009 ISP-F=0.031 MW-L=0.020 MW-F=0.027]
  Mini-Benders[2] (mw): LB=-47.201988, Z₀(α*)=-12.207566, intercept=-77.743432 (0.609s) [OMP=0.504 ISP-L=0.007 ISP-F=0.030 MW-L=0.024 MW-F=0.030]
  Mini-Benders[3] (mw): LB=-46.291577, Z₀(α*)=22.971702, intercept=-13.881484 (0.594s) [OMP=0.510 ISP-L=0.008 ISP-F=0.030 MW-L=0.021 MW-F=0.025]
  Mini-Benders[4] (mw): LB=-46.078795, Z₀(α*)=-26.099774, intercept=-98.177668 (0.453s) [OMP=0.370 ISP-L=0.008 ISP-F=0.024 MW-L=0.022 MW-F=0.031]
  Mini-Benders[5] (mw): LB=-45.054721, Z₀(α*)=24.544940, intercept=-5.351563 (0.484s) [OMP=0.383 ISP-L=0.009 ISP-F=0.029 MW-L=0.018 MW-F=0.034]
  α-step: Z₀=18.549570, α=[0.000,0.000,0.000,0.000,0.000,0.000,0.000,0.000,0.000,0.000,0.000,0.000,0.000,0.000,0.000,0.000,0.000,0.000,0.000,0.000,0.000,0.000,0.000,0.000,0.000,0.000,0.000,0.000,0.000,0.000,0.000,0.000,0.000,0.000,0.000,0.000,0.000,0.000,0.000,0.000,0.000,0.000,0.000,0.000,0.000,0.000,0.000,0.000,0.000,0.000,0.000,0.000,0.000,0.000,0.000,0.000,0.000,0.000,0.000,0.000,0.000,0.000,0.000,0.000,0.000,0.000,0.000,0.000,0.000,0.000,0.000,3.252,7.191,0.000,0.000,0.000]
  Alt-Benders[1] (mw): LB=-44.717175, Z₀(α*)=-18.527235, intercept=-68.062323 (0.578s) [OMP=0.478 ISP-L=0.008 ISP-F=0.027 MW-L=0.023 MW-F=0.032]
  Alt-Benders[2] (mw): LB=-44.110725, Z₀(α*)=-1.945489, intercept=-40.340643 (0.610s) [OMP=0.519 ISP-L=0.008 ISP-F=0.028 MW-L=0.020 MW-F=0.033]
  Alt-Benders[3] (mw): LB=-43.213597, Z₀(α*)=17.235070, intercept=-57.110454 (0.531s) [OMP=0.428 ISP-L=0.008 ISP-F=0.031 MW-L=0.022 MW-F=0.032]
  Alt-Benders[4] (mw): LB=-43.167174, Z₀(α*)=23.530818, intercept=-78.715013 (0.594s) [OMP=0.518 ISP-L=0.007 ISP-F=0.029 MW-L=0.021 MW-F=0.025]
  Alt-Benders[5] (mw): LB=-42.362600, Z₀(α*)=-3.557395, intercept=-25.196130 (0.531s) [OMP=0.440 ISP-L=0.008 ISP-F=0.028 MW-L=0.023 MW-F=0.030]
  OMP re-solve: 0.403s

=== True-DRO Benders iter 6 ===
  OMP: t₀=-41.570619, UB=22.824729, gap=2.82e+00, x=[0, 0, 0, 0, 0, 0, 0, 0, 0, 0, 0, 0, 0, 0, 0, 0, 0, 0, 0, 0, 0, 0, 0, 1, 0, 0, 0, 0, 0, 0, 0, 0, 0, 0, 0, 0, 0, 0, 1, 0, 0, 0, 0, 0, 0, 0, 0, 0, 0, 0, 0, 0, 0, 0, 0, 0, 0, 0, 0, 0, 0, 0, 0, 0, 0, 0, 0, 0, 0, 0, 0, 0, 0, 0, 0, 0] (0.000s)
  Sub: Z₀=26.502958 [LOCAL] (0.8s), α=[0.000,0.000,0.000,0.000,0.000,0.000,0.000,0.000,0.000,0.000,0.000,0.000,0.000,0.000,0.000,0.000,1.845,0.000,0.000,0.000,0.190,0.000,0.000,2.129,0.000,0.000,0.000,0.000,0.000,0.000,0.000,0.000,0.000,0.000,0.000,0.000,0.000,0.000,0.000,0.000,0.000,0.000,0.000,0.000,0.000,0.000,0.000,0.000,0.000,0.000,0.000,0.000,0.000,0.000,0.000,0.000,0.000,0.000,0.000,0.000,0.000,0.000,1.524,0.000,0.000,0.000,0.000,0.000,0.000,0.000,0.000,0.000,4.754,0.000,0.000,0.000]
  Iter 6: LB=-41.570619  UB=22.824729  gap=2.82e+00
  Cut: intercept=-1142.428780, π_x_range=[-827.6015, 586.9428]
  Mini-Benders[1] (mw): LB=-41.480783, Z₀(α*)=-1.926445, intercept=-28.880122 (0.500s) [OMP=0.396 ISP-L=0.007 ISP-F=0.026 MW-L=0.020 MW-F=0.037]
  Mini-Benders[2] (mw): LB=-40.941983, Z₀(α*)=23.746641, intercept=-18.482334 (0.578s) [OMP=0.492 ISP-L=0.009 ISP-F=0.029 MW-L=0.021 MW-F=0.026]
  Mini-Benders[3] (mw): LB=-39.525529, Z₀(α*)=3.083223, intercept=-74.527889 (0.578s) [OMP=0.491 ISP-L=0.008 ISP-F=0.027 MW-L=0.023 MW-F=0.032]
  Mini-Benders[4] (mw): LB=-39.425002, Z₀(α*)=0.880363, intercept=-45.773417 (0.640s) [OMP=0.546 ISP-L=0.009 ISP-F=0.027 MW-L=0.022 MW-F=0.035]
  Mini-Benders[5] (mw): LB=-39.349857, Z₀(α*)=-9.108670, intercept=-22.088901 (0.579s) [OMP=0.483 ISP-L=0.009 ISP-F=0.029 MW-L=0.020 MW-F=0.037]
  α-step: Z₀=24.917327, α=[0.000,0.000,0.000,0.000,0.000,0.000,0.000,0.000,0.000,0.000,0.000,0.000,0.000,0.000,0.000,0.000,5.445,0.000,0.000,0.000,0.000,0.000,0.000,0.000,0.000,0.000,0.000,0.000,0.000,0.000,0.000,0.000,0.000,0.000,0.254,0.000,0.000,0.000,0.000,0.000,0.000,0.000,0.000,0.000,0.000,0.000,0.000,0.000,0.000,0.000,0.000,0.000,0.000,0.000,0.000,0.000,0.000,0.000,0.000,0.000,0.000,0.000,0.000,0.000,0.000,0.000,0.000,0.000,0.000,0.000,0.000,0.000,4.744,0.000,0.000,0.000]
  Alt-Benders[1] (mw): LB=-39.146090, Z₀(α*)=20.582145, intercept=-69.180489 (0.593s) [OMP=0.497 ISP-L=0.009 ISP-F=0.029 MW-L=0.023 MW-F=0.029]
  Alt-Benders[2] (mw): LB=-38.080798, Z₀(α*)=15.593850, intercept=-43.319781 (0.594s) [OMP=0.494 ISP-L=0.008 ISP-F=0.030 MW-L=0.022 MW-F=0.026]
  Alt-Benders[3] (mw): LB=-36.725680, Z₀(α*)=-10.952278, intercept=-108.127496 (0.594s) [OMP=0.505 ISP-L=0.009 ISP-F=0.030 MW-L=0.019 MW-F=0.028]
  Alt-Benders[4] (mw): LB=-36.668526, Z₀(α*)=26.197849, intercept=-18.530437 (0.609s) [OMP=0.525 ISP-L=0.009 ISP-F=0.026 MW-L=0.020 MW-F=0.032]
  Alt-Benders[5] (mw): LB=-35.572753, Z₀(α*)=-18.999354, intercept=-69.886293 (0.594s) [OMP=0.502 ISP-L=0.009 ISP-F=0.024 MW-L=0.024 MW-F=0.026]
  OMP re-solve: 0.477s

=== True-DRO Benders iter 7 ===
  OMP: t₀=-35.421504, UB=22.824729, gap=2.55e+00, x=[0, 0, 0, 0, 0, 0, 0, 0, 0, 0, 0, 0, 0, 0, 0, 0, 0, 0, 0, 0, 0, 0, 0, 0, 0, 0, 0, 0, 0, 0, 0, 0, 0, 0, 0, 0, 0, 0, 0, 0, 0, 0, 0, 0, 0, 0, 0, 0, 0, 0, 0, 1, 0, 0, 0, 0, 0, 0, 0, 0, 0, 0, 0, 0, 0, 0, 0, 0, 0, 0, 0, 1, 0, 0, 0, 0] (0.000s)
  Sub: Z₀=16.768886 [LOCAL] (0.4s), α=[0.000,0.000,0.000,0.000,0.000,0.000,0.000,0.000,0.000,0.000,0.000,0.000,0.000,0.000,0.000,0.000,0.000,0.000,0.000,0.000,0.000,0.000,0.000,0.000,0.000,0.000,0.000,0.000,0.000,0.000,0.000,0.000,0.000,0.000,0.000,0.000,0.000,0.000,0.000,0.000,0.000,0.000,0.000,0.000,0.000,0.000,0.000,0.000,0.000,0.000,0.000,0.000,0.000,0.000,0.000,0.000,0.000,0.000,0.000,0.000,0.000,0.000,0.000,0.000,0.000,0.000,0.000,0.000,0.000,0.000,0.000,10.443,0.000,0.000,0.000,0.000]
  Iter 7: LB=-35.421504  UB=22.824729  gap=2.55e+00
  Cut: intercept=-1128.058743, π_x_range=[-824.1478, 581.8842]
  Mini-Benders[1] (mw): LB=-35.242864, Z₀(α*)=-11.867456, intercept=-11.867457 (0.593s) [OMP=0.486 ISP-L=0.009 ISP-F=0.031 MW-L=0.019 MW-F=0.032]
  Mini-Benders[2] (mw): LB=-35.024644, Z₀(α*)=-20.134102, intercept=-61.707651 (0.579s) [OMP=0.501 ISP-L=0.008 ISP-F=0.026 MW-L=0.019 MW-F=0.029]
  Mini-Benders[3] (mw): LB=-34.776370, Z₀(α*)=-14.289960, intercept=-25.194274 (0.562s) [OMP=0.460 ISP-L=0.008 ISP-F=0.031 MW-L=0.022 MW-F=0.035]
  Mini-Benders[4] (mw): LB=-34.614974, Z₀(α*)=-15.971714, intercept=-86.912793 (0.578s) [OMP=0.486 ISP-L=0.008 ISP-F=0.026 MW-L=0.022 MW-F=0.033]
  Mini-Benders[5] (mw): LB=-34.328909, Z₀(α*)=-27.325497, intercept=-101.311093 (0.594s) [OMP=0.502 ISP-L=0.009 ISP-F=0.031 MW-L=0.020 MW-F=0.036]
  α-step: Z₀=26.613248, α=[0.000,0.000,0.000,0.000,0.000,0.000,0.000,0.000,0.000,0.000,0.000,0.000,0.000,0.000,0.000,0.000,0.000,0.000,0.000,0.000,0.000,0.000,0.000,0.000,0.000,0.000,0.000,0.000,0.000,0.000,0.000,0.000,0.000,0.000,0.000,0.000,0.000,0.000,0.000,0.000,0.000,0.000,0.000,0.000,0.000,0.000,0.000,0.000,0.000,0.000,1.877,0.000,0.000,0.000,0.000,0.000,0.000,0.000,0.000,0.000,0.000,0.000,1.934,0.000,0.000,0.000,0.000,0.000,0.000,0.000,0.000,0.000,6.631,0.000,0.000,0.000]
  Alt-Benders[1] (mw): LB=-33.953578, Z₀(α*)=2.914145, intercept=-59.320888 (0.625s) [OMP=0.527 ISP-L=0.008 ISP-F=0.026 MW-L=0.025 MW-F=0.037]
  Alt-Benders[2] (mw): LB=-33.733839, Z₀(α*)=15.135320, intercept=-37.047168 (0.625s) [OMP=0.524 ISP-L=0.007 ISP-F=0.030 MW-L=0.025 MW-F=0.033]
  Alt-Benders[3] (mw): LB=-33.448783, Z₀(α*)=25.863139, intercept=-62.300739 (0.594s) [OMP=0.507 ISP-L=0.008 ISP-F=0.030 MW-L=0.023 MW-F=0.034]
  Alt-Benders[4] (mw): LB=-33.059044, Z₀(α*)=24.276090, intercept=-36.668016 (0.578s) [OMP=0.479 ISP-L=0.009 ISP-F=0.027 MW-L=0.020 MW-F=0.029]
  Alt-Benders[5] (mw): LB=-32.106402, Z₀(α*)=17.056729, intercept=-64.791003 (0.578s) [OMP=0.503 ISP-L=0.008 ISP-F=0.027 MW-L=0.024 MW-F=0.028]
  OMP re-solve: 0.531s

=== True-DRO Benders iter 8 ===
  OMP: t₀=-31.232645, UB=22.824729, gap=2.37e+00, x=[0, 0, 0, 0, 0, 0, 0, 0, 0, 0, 1, 0, 0, 0, 0, 0, 0, 0, 0, 0, 0, 0, 0, 0, 0, 0, 0, 0, 0, 0, 0, 0, 0, 0, 1, 0, 0, 0, 0, 0, 0, 0, 0, 0, 0, 0, 0, 0, 0, 0, 0, 0, 0, 0, 0, 0, 0, 0, 0, 0, 0, 0, 0, 0, 0, 0, 0, 0, 0, 0, 0, 0, 0, 0, 0, 0] (0.000s)
  Sub: Z₀=20.353235 [LOCAL] (0.4s), α=[0.000,0.000,0.000,0.000,0.000,0.000,0.000,0.000,0.000,0.000,0.000,0.000,0.000,0.000,0.000,0.000,0.000,0.000,0.000,0.000,0.000,0.000,0.000,0.000,0.000,0.000,0.000,0.000,0.000,0.000,0.000,0.000,0.000,0.000,8.023,0.000,0.000,0.000,0.000,0.000,0.000,0.000,0.000,0.000,0.000,0.000,0.000,0.000,0.000,0.000,0.000,0.000,0.000,0.000,0.000,0.000,0.000,0.000,0.000,0.000,0.000,0.000,0.000,0.000,0.000,0.000,0.000,0.000,0.000,0.000,0.000,0.000,2.420,0.000,0.000,0.000]
  Iter 8: LB=-31.232645  UB=22.824729  gap=2.37e+00
  Cut: intercept=-1136.815530, π_x_range=[-825.9930, 584.7255]
  Mini-Benders[1] (mw): LB=-30.758417, Z₀(α*)=17.517775, intercept=-47.248055 (0.625s) [OMP=0.534 ISP-L=0.008 ISP-F=0.029 MW-L=0.023 MW-F=0.033]
  Mini-Benders[2] (mw): LB=-30.286791, Z₀(α*)=13.101240, intercept=-27.077038 (0.562s) [OMP=0.471 ISP-L=0.008 ISP-F=0.027 MW-L=0.019 MW-F=0.035]
  Mini-Benders[3] (mw): LB=-30.166591, Z₀(α*)=21.038136, intercept=-60.626525 (0.594s) [OMP=0.494 ISP-L=0.009 ISP-F=0.026 MW-L=0.022 MW-F=0.041]
  Mini-Benders[4] (mw): LB=-29.673277, Z₀(α*)=18.976606, intercept=-60.688720 (0.578s) [OMP=0.488 ISP-L=0.009 ISP-F=0.026 MW-L=0.021 MW-F=0.031]
  Mini-Benders[5] (mw): LB=-29.642803, Z₀(α*)=-10.528946, intercept=-85.169511 (0.594s) [OMP=0.504 ISP-L=0.008 ISP-F=0.024 MW-L=0.025 MW-F=0.031]
  α-step: Z₀=23.340709, α=[0.000,0.000,0.000,0.000,0.000,0.000,0.000,0.000,0.000,0.000,0.000,0.000,0.000,2.952,0.000,0.000,1.646,0.000,0.000,0.000,0.000,0.000,0.000,0.000,0.000,0.000,0.000,0.000,0.000,0.000,0.000,0.000,0.000,0.000,2.589,0.000,0.000,0.000,0.000,0.000,0.000,0.000,0.000,0.000,0.000,0.000,0.000,0.000,0.000,0.000,0.000,0.000,0.000,0.000,0.000,0.000,0.000,0.000,0.000,0.000,0.000,0.000,0.000,0.000,0.000,0.000,0.000,0.000,0.000,0.000,0.000,0.000,3.257,0.000,0.000,0.000]
  Alt-Benders[1] (mw): LB=-29.469276, Z₀(α*)=-15.112633, intercept=-76.496221 (0.563s) [OMP=0.478 ISP-L=0.008 ISP-F=0.026 MW-L=0.019 MW-F=0.037]
  Alt-Benders[2] (mw): LB=-29.388203, Z₀(α*)=20.589018, intercept=-53.258179 (0.563s) [OMP=0.489 ISP-L=0.007 ISP-F=0.027 MW-L=0.024 MW-F=0.028]
  Alt-Benders[3] (mw): LB=-29.019883, Z₀(α*)=24.009521, intercept=-25.049570 (0.562s) [OMP=0.472 ISP-L=0.008 ISP-F=0.029 MW-L=0.025 MW-F=0.029]
  Alt-Benders[4] (mw): LB=-27.802573, Z₀(α*)=15.990542, intercept=-1.968628 (0.594s) [OMP=0.497 ISP-L=0.008 ISP-F=0.033 MW-L=0.023 MW-F=0.030]
  Alt-Benders[5] (mw): LB=-27.634396, Z₀(α*)=6.114633, intercept=-16.469530 (0.531s) [OMP=0.442 ISP-L=0.009 ISP-F=0.029 MW-L=0.022 MW-F=0.028]
  OMP re-solve: 0.471s

=== True-DRO Benders iter 9 ===
  OMP: t₀=-27.561697, UB=22.824729, gap=2.21e+00, x=[0, 0, 0, 0, 0, 0, 1, 0, 0, 0, 0, 0, 0, 0, 0, 0, 0, 0, 0, 0, 0, 0, 0, 0, 0, 0, 0, 0, 0, 0, 0, 0, 0, 0, 0, 0, 0, 0, 0, 0, 0, 0, 0, 0, 0, 0, 0, 0, 0, 1, 0, 0, 0, 0, 0, 0, 0, 0, 0, 0, 0, 0, 0, 0, 0, 0, 0, 0, 0, 0, 0, 0, 0, 0, 0, 0] (0.000s)
  Sub: Z₀=24.904427 [LOCAL] (0.5s), α=[0.000,0.000,0.000,0.000,0.000,0.000,0.000,0.000,0.000,0.000,0.000,0.000,0.000,0.000,0.000,0.000,0.000,0.000,0.000,0.000,0.777,0.000,0.000,0.000,0.000,0.000,0.000,0.000,0.000,0.000,0.000,0.000,0.000,0.000,2.357,0.000,0.000,0.000,0.000,0.000,0.000,0.000,0.000,0.000,0.000,0.000,0.000,0.000,0.000,0.000,2.432,0.000,0.000,0.000,0.000,0.000,0.000,0.000,0.000,0.000,0.000,0.000,0.000,0.000,0.000,0.000,0.000,0.000,0.000,0.000,0.000,0.000,4.877,0.000,0.000,0.000]
  Iter 9: LB=-27.561697  UB=22.824729  gap=2.21e+00
  Cut: intercept=-1104.612382, π_x_range=[-831.5491, 567.8305]
  Mini-Benders[1] (mw): LB=-26.154885, Z₀(α*)=-0.767643, intercept=-68.973928 (0.578s) [OMP=0.486 ISP-L=0.007 ISP-F=0.024 MW-L=0.025 MW-F=0.030]
  Mini-Benders[2] (mw): LB=-26.107826, Z₀(α*)=-2.646970, intercept=-70.976282 (0.531s) [OMP=0.445 ISP-L=0.008 ISP-F=0.026 MW-L=0.027 MW-F=0.035]
  Mini-Benders[3] (mw): LB=-26.099776, Z₀(α*)=-7.060413, intercept=-127.031725 (0.625s) [OMP=0.518 ISP-L=0.008 ISP-F=0.029 MW-L=0.019 MW-F=0.037]
  Mini-Benders[4] (mw): LB=-26.022432, Z₀(α*)=12.338806, intercept=-67.102842 (0.610s) [OMP=0.496 ISP-L=0.009 ISP-F=0.032 MW-L=0.020 MW-F=0.046]
  Mini-Benders[5] (mw): LB=-25.917004, Z₀(α*)=20.987246, intercept=1.208141 (0.578s) [OMP=0.487 ISP-L=0.008 ISP-F=0.031 MW-L=0.023 MW-F=0.028]
  α-step: Z₀=24.795919, α=[0.000,0.000,0.000,0.000,0.000,0.000,0.000,0.000,0.000,0.000,2.532,0.000,0.000,0.000,0.000,0.000,0.000,0.000,0.000,0.000,0.000,0.000,0.000,0.000,0.000,0.000,0.000,0.000,0.000,0.000,0.000,0.000,0.000,0.000,3.493,0.000,0.000,0.000,0.000,0.000,0.000,0.000,0.000,0.000,0.000,0.000,0.000,0.000,0.000,0.000,0.000,0.000,0.000,0.000,0.000,0.000,0.000,0.000,0.000,0.000,0.000,0.000,0.000,0.000,0.000,0.000,0.000,0.000,0.000,0.000,0.000,0.000,4.418,0.000,0.000,0.000]
  Alt-Benders[1] (mw): LB=-25.194061, Z₀(α*)=-10.011832, intercept=-56.453235 (0.657s) [OMP=0.563 ISP-L=0.008 ISP-F=0.023 MW-L=0.025 MW-F=0.028]
  Alt-Benders[2] (mw): LB=-25.138551, Z₀(α*)=25.258438, intercept=9.825388 (0.593s) [OMP=0.509 ISP-L=0.008 ISP-F=0.028 MW-L=0.019 MW-F=0.031]
  Alt-Benders[3] (mw): LB=-24.918885, Z₀(α*)=26.755029, intercept=26.755028 (0.625s) [OMP=0.535 ISP-L=0.008 ISP-F=0.028 MW-L=0.021 MW-F=0.029]
  Alt-Benders[4] (mw): LB=-24.326339, Z₀(α*)=5.916995, intercept=-76.371197 (0.532s) [OMP=0.446 ISP-L=0.009 ISP-F=0.025 MW-L=0.023 MW-F=0.029]
  Alt-Benders[5] (mw): LB=-23.661713, Z₀(α*)=18.217066, intercept=-66.720299 (0.515s) [OMP=0.434 ISP-L=0.007 ISP-F=0.024 MW-L=0.024 MW-F=0.029]
  OMP re-solve: 0.464s

=== True-DRO Benders iter 10 ===
  OMP: t₀=-22.491922, UB=22.824729, gap=1.99e+00, x=[0, 0, 0, 0, 0, 0, 0, 0, 0, 0, 0, 0, 0, 1, 0, 0, 0, 0, 0, 0, 0, 0, 0, 0, 0, 0, 0, 0, 0, 0, 0, 0, 0, 0, 0, 0, 0, 0, 0, 0, 0, 0, 0, 0, 0, 0, 0, 0, 0, 0, 0, 0, 0, 0, 0, 0, 0, 0, 0, 0, 0, 0, 0, 0, 0, 0, 0, 0, 0, 0, 0, 0, 1, 0, 0, 0] (0.000s)
  Sub: Z₀=21.546869 [TIME_LIMIT] (15.1s), α=[0.000,0.000,0.000,0.000,0.000,0.000,0.000,0.000,0.000,0.000,0.000,0.000,0.000,0.000,0.000,0.000,0.000,0.000,0.000,0.000,0.000,0.000,0.000,0.000,0.000,0.000,0.000,0.000,0.000,0.000,0.000,0.000,0.000,0.000,0.000,0.000,0.000,0.000,0.000,0.000,0.000,0.000,0.000,0.000,0.000,0.000,0.000,0.000,0.000,0.000,0.000,0.000,0.000,0.000,0.000,0.000,0.000,0.000,0.000,0.000,0.000,0.000,0.000,0.000,0.000,0.000,0.000,0.000,0.000,0.000,0.000,0.000,10.443,0.000,0.000,0.000]
  Iter 10: LB=-22.491922  UB=21.730403  gap=2.04e+00
  Cut: intercept=-53.248452, π_x_range=[-195.1188, 39.2575]
  Mini-Benders[1] (mw): LB=-21.617204, Z₀(α*)=15.084584, intercept=-85.097925 (0.485s) [OMP=0.398 ISP-L=0.007 ISP-F=0.026 MW-L=0.020 MW-F=0.028]
  Mini-Benders[2] (mw): LB=-21.226345, Z₀(α*)=24.828308, intercept=11.791825 (0.515s) [OMP=0.427 ISP-L=0.008 ISP-F=0.028 MW-L=0.022 MW-F=0.025]
  Mini-Benders[3] (mw): LB=-21.056045, Z₀(α*)=24.121075, intercept=-42.023472 (0.578s) [OMP=0.490 ISP-L=0.009 ISP-F=0.028 MW-L=0.022 MW-F=0.031]
  Mini-Benders[4] (mw): LB=-20.927899, Z₀(α*)=21.546852, intercept=-23.873618 (0.578s) [OMP=0.478 ISP-L=0.008 ISP-F=0.029 MW-L=0.020 MW-F=0.031]
  Mini-Benders[5] (mw): LB=-20.825930, Z₀(α*)=21.823446, intercept=-56.933731 (0.547s) [OMP=0.462 ISP-L=0.008 ISP-F=0.029 MW-L=0.021 MW-F=0.032]
  α-step: Z₀=25.280798, α=[0.000,0.000,0.000,0.000,0.000,0.000,0.000,0.000,0.000,0.000,0.000,0.000,0.000,0.000,0.000,0.000,1.428,0.000,0.000,0.000,0.000,0.000,0.000,0.000,0.000,0.000,0.000,0.000,0.000,0.000,0.000,0.000,0.000,0.000,1.824,0.000,0.000,0.000,0.000,0.000,0.000,0.000,0.000,0.000,0.000,0.000,0.000,0.000,0.000,0.000,0.000,0.000,0.000,0.000,0.000,0.000,0.000,0.000,0.000,0.000,0.000,0.000,0.000,0.000,0.000,0.000,0.000,0.000,0.000,0.000,0.000,0.000,7.191,0.000,0.000,0.000]
  Alt-Benders[1] (mw): LB=-20.342943, Z₀(α*)=19.840198, intercept=-64.366871 (0.640s) [OMP=0.548 ISP-L=0.009 ISP-F=0.030 MW-L=0.023 MW-F=0.025]
  Alt-Benders[2] (mw): LB=-20.151228, Z₀(α*)=14.298977, intercept=-37.990269 (0.641s) [OMP=0.542 ISP-L=0.008 ISP-F=0.028 MW-L=0.023 MW-F=0.029]
  Alt-Benders[3] (mw): LB=-19.327567, Z₀(α*)=19.128028, intercept=-12.277540 (0.750s) [OMP=0.670 ISP-L=0.008 ISP-F=0.031 MW-L=0.020 MW-F=0.024]
  Alt-Benders[4] (mw): LB=-18.999356, Z₀(α*)=11.138214, intercept=-70.865008 (0.641s) [OMP=0.550 ISP-L=0.009 ISP-F=0.026 MW-L=0.024 MW-F=0.027]
  Alt-Benders[5] (mw): LB=-18.658210, Z₀(α*)=15.312936, intercept=-32.918287 (0.609s) [OMP=0.525 ISP-L=0.008 ISP-F=0.024 MW-L=0.024 MW-F=0.028]
  OMP re-solve: 0.523s

=== True-DRO Benders iter 11 ===
  OMP: t₀=-18.643964, UB=21.730403, gap=1.86e+00, x=[0, 0, 0, 0, 0, 0, 0, 0, 0, 0, 0, 0, 0, 0, 0, 0, 0, 0, 0, 0, 0, 0, 0, 0, 0, 0, 0, 0, 0, 0, 0, 0, 0, 0, 0, 0, 0, 0, 0, 0, 0, 0, 0, 0, 0, 0, 0, 0, 0, 0, 0, 0, 0, 0, 0, 0, 0, 0, 0, 0, 0, 0, 0, 0, 1, 0, 0, 0, 0, 0, 0, 0, 1, 0, 0, 0] (0.000s)
  Sub: Z₀=22.471056 [LOCAL] (0.4s), α=[0.000,0.000,0.000,0.000,0.000,0.000,0.000,0.000,0.000,0.000,0.000,0.000,0.000,0.000,0.000,0.000,0.000,0.000,0.000,0.000,0.000,0.000,0.000,0.000,0.000,0.000,0.000,0.000,0.000,0.000,0.000,0.000,0.000,0.000,0.000,0.000,0.000,0.000,0.000,0.000,0.000,0.000,0.000,0.000,0.000,0.000,0.000,0.000,0.000,0.000,0.000,0.000,0.000,0.000,0.000,0.000,0.000,0.000,0.000,0.000,0.000,0.000,0.000,0.000,0.000,0.000,0.000,0.000,0.000,0.000,0.000,0.000,10.443,0.000,0.000,0.000]
  Iter 11: LB=-18.643964  UB=21.730403  gap=1.86e+00
  Cut: intercept=-1125.103901, π_x_range=[-825.9292, 584.2422]
  Mini-Benders[1] (mw): LB=-18.527237, Z₀(α*)=-18.729637, intercept=-68.916564 (0.656s) [OMP=0.560 ISP-L=0.007 ISP-F=0.024 MW-L=0.021 MW-F=0.035]
  Mini-Benders[2] (mw): LB=-18.527237, Z₀(α*)=-18.729637, intercept=-68.916564 (0.578s) [OMP=0.493 ISP-L=0.007 ISP-F=0.023 MW-L=0.021 MW-F=0.035]
  Mini-Benders[3] (mw): LB=-18.527237, Z₀(α*)=-18.729637, intercept=-68.916564 (0.609s) [OMP=0.520 ISP-L=0.007 ISP-F=0.023 MW-L=0.024 MW-F=0.032]
  Mini-Benders[4]: LB stagnated, break
  α-step: Z₀=22.012381, α=[0.000,0.000,0.000,0.000,0.000,0.000,0.000,0.000,0.000,0.000,0.962,0.000,0.000,0.000,0.000,0.000,0.000,0.000,0.000,0.000,0.000,0.000,0.000,0.000,0.000,0.000,0.000,0.000,0.000,0.000,0.000,0.000,0.000,0.000,2.589,0.000,0.000,0.000,0.000,0.000,0.000,0.000,2.846,0.000,0.000,0.000,0.000,0.000,0.000,0.000,1.940,1.003,0.000,0.000,0.000,0.000,0.000,0.000,0.000,0.000,0.000,0.000,0.000,0.000,0.000,0.000,0.000,0.000,0.000,0.000,0.000,0.000,1.103,0.000,0.000,0.000]
  Alt-Benders[1] (mw): LB=-18.427504, Z₀(α*)=-0.751853, intercept=0.008751 (0.640s) [OMP=0.541 ISP-L=0.008 ISP-F=0.035 MW-L=0.023 MW-F=0.030]
  Alt-Benders[2] (mw): LB=-18.418678, Z₀(α*)=7.569967, intercept=-46.187496 (0.563s) [OMP=0.466 ISP-L=0.009 ISP-F=0.027 MW-L=0.020 MW-F=0.036]
  Alt-Benders[3] (mw): LB=-17.932300, Z₀(α*)=2.293118, intercept=-47.942545 (0.625s) [OMP=0.538 ISP-L=0.008 ISP-F=0.030 MW-L=0.024 MW-F=0.028]
  Alt-Benders[4] (mw): LB=-17.667303, Z₀(α*)=8.176230, intercept=-27.611963 (0.640s) [OMP=0.537 ISP-L=0.008 ISP-F=0.029 MW-L=0.022 MW-F=0.027]
  Alt-Benders[5] (mw): LB=-17.650273, Z₀(α*)=-5.728583, intercept=-49.791577 (0.672s) [OMP=0.579 ISP-L=0.009 ISP-F=0.029 MW-L=0.023 MW-F=0.030]
  OMP re-solve: 0.570s

=== True-DRO Benders iter 12 ===
  OMP: t₀=-17.196659, UB=21.730403, gap=1.79e+00, x=[0, 0, 0, 0, 0, 0, 0, 0, 0, 0, 0, 0, 0, 0, 0, 0, 0, 0, 0, 0, 0, 0, 0, 0, 0, 0, 0, 0, 0, 0, 0, 0, 0, 0, 0, 0, 0, 0, 0, 0, 0, 0, 0, 0, 0, 0, 0, 0, 0, 0, 0, 1, 0, 0, 0, 0, 0, 0, 0, 0, 0, 0, 1, 0, 0, 0, 0, 0, 0, 0, 0, 0, 0, 0, 0, 0] (0.000s)
  Sub: Z₀=23.589722 [LOCAL] (0.5s), α=[0.000,0.000,0.000,0.000,0.000,0.000,0.000,0.000,0.000,0.000,0.000,0.000,0.000,0.000,0.000,0.000,0.000,0.000,0.000,0.000,0.000,0.000,0.000,0.000,0.000,0.000,0.000,0.000,0.000,0.000,0.000,0.000,0.000,0.000,2.713,0.000,0.000,0.000,0.000,0.000,0.000,0.000,0.000,0.000,0.000,0.000,0.000,0.000,0.000,0.000,1.258,3.465,0.000,0.000,0.000,0.000,0.000,0.000,0.000,0.000,0.000,0.000,0.000,0.000,0.000,0.000,0.000,0.000,0.000,0.000,0.000,0.124,2.883,0.000,0.000,0.000]
  Iter 12: LB=-17.196659  UB=21.730403  gap=1.79e+00
  Cut: intercept=-1130.381778, π_x_range=[-826.2537, 590.8356]
  Mini-Benders[1] (mw): LB=-16.758707, Z₀(α*)=9.294760, intercept=-17.199815 (0.656s) [OMP=0.568 ISP-L=0.009 ISP-F=0.027 MW-L=0.023 MW-F=0.035]
  Mini-Benders[2] (mw): LB=-16.447371, Z₀(α*)=23.380895, intercept=-53.710226 (0.688s) [OMP=0.588 ISP-L=0.008 ISP-F=0.024 MW-L=0.022 MW-F=0.033]
  Mini-Benders[3] (mw): LB=-16.219227, Z₀(α*)=-19.083593, intercept=-107.338337 (0.609s) [OMP=0.524 ISP-L=0.009 ISP-F=0.027 MW-L=0.026 MW-F=0.028]
  Mini-Benders[4] (mw): LB=-16.219227, Z₀(α*)=-19.083593, intercept=-107.338337 (0.641s) [OMP=0.552 ISP-L=0.008 ISP-F=0.027 MW-L=0.025 MW-F=0.030]
  Mini-Benders[5] (mw): LB=-16.219227, Z₀(α*)=-19.083593, intercept=-107.338337 (0.656s) [OMP=0.557 ISP-L=0.009 ISP-F=0.026 MW-L=0.022 MW-F=0.031]
  α-step: Z₀=19.499924, α=[0.000,0.000,0.000,0.000,0.000,0.000,0.000,0.000,0.000,0.000,0.000,0.000,0.000,0.000,0.000,0.000,0.000,0.000,0.000,0.000,0.000,0.000,0.000,0.000,0.000,0.000,0.000,0.000,0.000,0.000,0.000,0.000,0.000,0.000,0.000,0.000,0.000,0.000,0.000,0.000,0.000,0.000,0.000,0.000,0.000,0.000,0.000,0.000,0.000,0.000,0.410,0.000,0.000,0.000,0.000,0.000,0.000,0.000,0.000,0.000,0.000,0.000,0.000,0.000,0.000,0.000,0.000,0.000,0.000,0.000,0.000,2.433,7.600,0.000,0.000,0.000]
  Alt-Benders[1] (mw): LB=-16.193397, Z₀(α*)=11.654546, intercept=-74.693872 (0.640s) [OMP=0.544 ISP-L=0.007 ISP-F=0.031 MW-L=0.024 MW-F=0.025]
  Alt-Benders[2] (mw): LB=-16.154285, Z₀(α*)=20.692453, intercept=-7.029243 (0.688s) [OMP=0.595 ISP-L=0.009 ISP-F=0.032 MW-L=0.023 MW-F=0.030]
  Alt-Benders[3] (mw): LB=-16.108054, Z₀(α*)=14.291152, intercept=-63.457009 (0.922s) [OMP=0.836 ISP-L=0.009 ISP-F=0.032 MW-L=0.020 MW-F=0.028]
  Alt-Benders[4] (mw): LB=-16.073507, Z₀(α*)=-3.357105, intercept=-74.463712 (0.968s) [OMP=0.878 ISP-L=0.007 ISP-F=0.026 MW-L=0.020 MW-F=0.029]
  Alt-Benders[5] (mw): LB=-15.971716, Z₀(α*)=15.041079, intercept=-86.933991 (0.641s) [OMP=0.559 ISP-L=0.008 ISP-F=0.022 MW-L=0.023 MW-F=0.027]
  OMP re-solve: 0.579s

=== True-DRO Benders iter 13 ===
  OMP: t₀=-15.674866, UB=21.730403, gap=1.72e+00, x=[0, 0, 0, 0, 0, 0, 1, 0, 0, 0, 0, 0, 0, 0, 0, 0, 0, 0, 0, 0, 0, 0, 0, 0, 0, 0, 0, 0, 0, 0, 0, 0, 0, 0, 0, 0, 0, 0, 0, 0, 0, 0, 1, 0, 0, 0, 0, 0, 0, 0, 0, 0, 0, 0, 0, 0, 0, 0, 0, 0, 0, 0, 0, 0, 0, 0, 0, 0, 0, 0, 0, 0, 0, 0, 0, 0] (0.000s)
  Sub: Z₀=23.242362 [LOCAL] (0.6s), α=[0.000,0.000,0.000,0.000,0.000,0.000,0.910,0.000,0.000,0.000,0.000,0.000,0.000,0.000,0.000,0.000,0.675,0.000,0.000,0.000,0.000,0.000,0.000,0.000,0.000,0.000,0.000,0.000,0.000,0.000,0.000,0.000,0.000,0.000,0.000,0.000,0.000,0.000,0.000,0.000,0.000,0.000,4.259,0.000,0.000,0.000,0.000,0.000,0.000,0.000,2.084,0.000,0.000,0.000,0.000,0.000,0.000,0.000,0.000,0.000,0.000,0.000,0.000,0.000,0.000,0.000,0.000,0.000,0.000,0.000,0.000,0.000,2.515,0.000,0.000,0.000]
  Iter 13: LB=-15.674866  UB=21.730403  gap=1.72e+00
  Cut: intercept=-1079.153525, π_x_range=[-826.8743, 566.9151]
  Mini-Benders[1] (mw): LB=-15.112635, Z₀(α*)=-32.140290, intercept=-79.612193 (0.656s) [OMP=0.565 ISP-L=0.008 ISP-F=0.028 MW-L=0.025 MW-F=0.036]
  Mini-Benders[2] (mw): LB=-15.112635, Z₀(α*)=-32.140290, intercept=-79.612193 (0.641s) [OMP=0.537 ISP-L=0.008 ISP-F=0.028 MW-L=0.022 MW-F=0.037]
  Mini-Benders[3] (mw): LB=-15.112635, Z₀(α*)=-32.140290, intercept=-79.612193 (0.625s) [OMP=0.532 ISP-L=0.008 ISP-F=0.028 MW-L=0.025 MW-F=0.034]
  Mini-Benders[4]: LB stagnated, break
  α-step: Z₀=19.545114, α=[0.000,0.000,0.000,0.000,0.000,0.000,0.000,0.000,0.000,0.000,0.000,0.000,0.000,0.000,0.000,0.000,0.000,0.000,0.000,0.000,0.000,0.000,0.000,0.000,0.000,0.000,0.000,0.000,0.000,0.000,0.000,0.000,0.000,0.000,0.000,0.000,0.000,0.000,0.000,0.000,0.000,0.000,0.000,0.000,0.000,0.000,0.000,0.000,0.000,0.000,0.000,0.000,0.000,0.000,0.000,0.000,0.000,0.000,0.000,0.000,0.000,0.000,0.000,0.000,0.000,0.000,0.000,0.000,0.000,0.000,0.000,5.689,4.754,0.000,0.000,0.000]
  Alt-Benders[1] (mw): LB=-15.089559, Z₀(α*)=6.101869, intercept=-14.594651 (0.625s) [OMP=0.528 ISP-L=0.008 ISP-F=0.031 MW-L=0.022 MW-F=0.030]
  Alt-Benders[2] (mw): LB=-14.821527, Z₀(α*)=2.712036, intercept=-29.902267 (0.609s) [OMP=0.531 ISP-L=0.008 ISP-F=0.029 MW-L=0.019 MW-F=0.031]
  Alt-Benders[3] (mw): LB=-14.564456, Z₀(α*)=5.790827, intercept=-3.037107 (0.594s) [OMP=0.509 ISP-L=0.008 ISP-F=0.026 MW-L=0.018 MW-F=0.029]
  Alt-Benders[4] (mw): LB=-14.479040, Z₀(α*)=8.107302, intercept=-23.697753 (0.609s) [OMP=0.511 ISP-L=0.008 ISP-F=0.030 MW-L=0.021 MW-F=0.027]
  Alt-Benders[5] (mw): LB=-14.415132, Z₀(α*)=0.779255, intercept=-69.867003 (0.610s) [OMP=0.512 ISP-L=0.007 ISP-F=0.027 MW-L=0.022 MW-F=0.038]
  OMP re-solve: 0.524s

=== True-DRO Benders iter 14 ===
  OMP: t₀=-14.097275, UB=21.730403, gap=1.65e+00, x=[0, 0, 0, 0, 0, 0, 0, 0, 0, 0, 0, 0, 0, 0, 0, 0, 0, 0, 0, 0, 0, 0, 0, 1, 0, 0, 0, 0, 0, 0, 0, 0, 0, 0, 0, 0, 0, 0, 0, 0, 0, 0, 0, 0, 0, 0, 0, 0, 0, 0, 0, 0, 0, 0, 0, 0, 0, 0, 0, 0, 0, 0, 0, 0, 0, 0, 0, 0, 0, 0, 0, 1, 0, 0, 0, 0] (0.000s)
  Sub: Z₀=20.501120 [LOCAL] (0.4s), α=[0.000,0.000,0.000,0.000,0.000,0.000,0.000,0.000,0.000,0.000,0.000,0.000,0.000,0.000,0.000,0.000,0.000,0.000,0.000,0.000,0.000,0.000,0.000,0.000,0.000,0.000,0.000,0.000,0.000,0.000,0.000,0.000,0.000,0.000,0.000,0.000,0.000,0.000,0.000,0.000,0.000,0.000,0.000,0.000,0.000,0.000,0.000,0.000,0.000,0.000,0.000,0.000,0.000,0.000,0.000,0.000,0.000,0.000,0.000,0.000,0.000,0.000,0.000,0.000,0.000,0.000,0.000,0.000,0.000,0.000,0.000,6.831,3.612,0.000,0.000,0.000]
  Iter 14: LB=-14.097275  UB=21.730403  gap=1.65e+00
  Cut: intercept=-1134.916911, π_x_range=[-825.2091, 591.4591]
  Mini-Benders[1] (mw): LB=-14.051585, Z₀(α*)=-2.052545, intercept=-13.524981 (0.906s) [OMP=0.813 ISP-L=0.008 ISP-F=0.028 MW-L=0.020 MW-F=0.034]
  Mini-Benders[2] (mw): LB=-13.640218, Z₀(α*)=6.215272, intercept=-30.514217 (0.641s) [OMP=0.540 ISP-L=0.007 ISP-F=0.029 MW-L=0.019 MW-F=0.033]
  Mini-Benders[3] (mw): LB=-13.454194, Z₀(α*)=8.280745, intercept=-21.708358 (0.546s) [OMP=0.449 ISP-L=0.008 ISP-F=0.030 MW-L=0.024 MW-F=0.032]
  Mini-Benders[4] (mw): LB=-13.317880, Z₀(α*)=0.038207, intercept=5.355706 (0.547s) [OMP=0.463 ISP-L=0.008 ISP-F=0.029 MW-L=0.024 MW-F=0.030]
  Mini-Benders[5] (mw): LB=-13.028636, Z₀(α*)=13.860399, intercept=-29.549691 (0.594s) [OMP=0.492 ISP-L=0.007 ISP-F=0.031 MW-L=0.020 MW-F=0.033]
  α-step: Z₀=20.393999, α=[0.000,0.000,0.000,0.000,0.000,0.000,0.000,0.000,0.000,0.000,0.000,0.000,0.000,0.000,0.000,0.000,0.000,0.000,0.000,0.000,0.000,0.000,0.000,0.000,0.000,0.000,0.000,0.000,0.000,0.000,0.000,0.000,0.000,0.000,0.000,0.000,0.000,0.000,0.000,0.000,0.000,0.000,0.000,0.000,0.000,0.000,0.000,0.000,0.000,0.000,0.000,0.000,0.000,0.000,0.000,0.000,0.000,0.000,0.000,0.000,0.000,0.000,0.000,0.000,0.000,0.000,0.000,0.000,0.000,0.000,0.000,7.997,2.446,0.000,0.000,0.000]
  Alt-Benders[1] (mw): LB=-12.741552, Z₀(α*)=20.937012, intercept=-64.021720 (0.563s) [OMP=0.476 ISP-L=0.008 ISP-F=0.027 MW-L=0.022 MW-F=0.031]
  Alt-Benders[2] (mw): LB=-12.727051, Z₀(α*)=-6.761951, intercept=-51.282995 (0.579s) [OMP=0.495 ISP-L=0.009 ISP-F=0.028 MW-L=0.023 MW-F=0.033]
  Alt-Benders[3] (mw): LB=-12.399398, Z₀(α*)=-2.989095, intercept=-71.360057 (0.562s) [OMP=0.463 ISP-L=0.008 ISP-F=0.027 MW-L=0.023 MW-F=0.028]
  Alt-Benders[4] (mw): LB=-12.207568, Z₀(α*)=-17.715461, intercept=-78.486002 (0.547s) [OMP=0.461 ISP-L=0.007 ISP-F=0.029 MW-L=0.020 MW-F=0.037]
  Alt-Benders[5] (mw): LB=-12.207568, Z₀(α*)=-17.715461, intercept=-78.486002 (0.578s) [OMP=0.470 ISP-L=0.007 ISP-F=0.029 MW-L=0.020 MW-F=0.037]
  OMP re-solve: 0.465s

=== True-DRO Benders iter 15 ===
  OMP: t₀=-12.207568, UB=21.730403, gap=1.56e+00, x=[0, 0, 0, 0, 0, 0, 0, 0, 0, 0, 0, 0, 0, 0, 0, 0, 0, 0, 0, 0, 0, 0, 0, 0, 0, 0, 0, 0, 0, 0, 0, 0, 0, 0, 0, 0, 0, 0, 0, 0, 0, 0, 0, 0, 0, 0, 0, 0, 0, 1, 0, 1, 0, 0, 0, 0, 0, 0, 0, 0, 0, 0, 0, 0, 0, 0, 0, 0, 0, 0, 0, 0, 0, 0, 0, 0] (0.000s)
  Sub: Z₀=22.342850 [TIME_LIMIT] (15.1s), α=[0.000,0.000,0.000,0.000,0.000,0.000,0.000,0.000,0.000,0.000,0.000,0.000,0.000,0.000,0.000,0.000,0.000,0.000,0.000,0.000,0.000,0.000,0.000,0.000,0.000,0.000,0.000,0.000,0.000,0.000,0.000,0.000,0.000,0.000,3.849,0.000,0.000,0.000,0.000,0.000,0.000,0.000,0.000,0.000,0.000,0.000,0.000,0.000,0.000,0.000,1.896,4.698,0.000,0.000,0.000,0.000,0.000,0.000,0.000,0.000,0.000,0.000,0.000,0.000,0.000,0.000,0.000,0.000,0.000,0.000,0.000,0.000,0.000,0.000,0.000,0.000]
  Iter 15: LB=-12.207568  UB=21.730403  gap=1.56e+00
  Cut: intercept=-108.796083, π_x_range=[-260.0000, 69.3507]
  Mini-Benders[1] (mw): LB=-11.889892, Z₀(α*)=20.609909, intercept=-47.944442 (0.594s) [OMP=0.499 ISP-L=0.008 ISP-F=0.028 MW-L=0.023 MW-F=0.034]
  Mini-Benders[2] (mw): LB=-11.444179, Z₀(α*)=-2.755456, intercept=-33.851187 (0.578s) [OMP=0.486 ISP-L=0.008 ISP-F=0.032 MW-L=0.022 MW-F=0.027]
  Mini-Benders[3] (mw): LB=-11.361569, Z₀(α*)=-12.628251, intercept=-48.410751 (0.594s) [OMP=0.492 ISP-L=0.009 ISP-F=0.027 MW-L=0.020 MW-F=0.034]
  Mini-Benders[4] (mw): LB=-11.361569, Z₀(α*)=-12.628251, intercept=-48.410751 (0.562s) [OMP=0.473 ISP-L=0.008 ISP-F=0.027 MW-L=0.019 MW-F=0.034]
  Mini-Benders[5] (mw): LB=-11.361569, Z₀(α*)=-12.628251, intercept=-48.410751 (0.563s) [OMP=0.477 ISP-L=0.009 ISP-F=0.027 MW-L=0.022 MW-F=0.031]
  α-step: Z₀=24.459892, α=[0.000,0.000,0.000,0.000,0.000,0.000,0.000,0.000,0.000,0.000,1.596,0.000,0.000,0.000,0.000,0.000,1.966,0.000,0.000,0.000,0.000,0.000,0.000,0.000,0.000,0.000,0.000,0.000,0.000,0.000,0.000,0.000,0.000,0.000,0.000,0.000,0.000,0.000,0.000,0.000,0.000,0.000,0.000,0.000,0.000,0.000,0.000,0.000,0.000,0.000,1.477,0.000,0.000,0.000,0.000,0.000,0.000,0.000,0.000,0.000,0.000,0.669,0.000,0.000,0.000,0.000,0.000,0.000,0.000,0.000,0.000,0.000,4.734,0.000,0.000,0.000]
  Alt-Benders[1] (mw): LB=-11.343873, Z₀(α*)=20.831955, intercept=-26.649777 (0.578s) [OMP=0.487 ISP-L=0.008 ISP-F=0.027 MW-L=0.018 MW-F=0.037]
  Alt-Benders[2] (mw): LB=-11.300504, Z₀(α*)=20.753672, intercept=20.408487 (0.578s) [OMP=0.499 ISP-L=0.008 ISP-F=0.031 MW-L=0.017 MW-F=0.028]
  Alt-Benders[3] (mw): LB=-11.156626, Z₀(α*)=11.057980, intercept=-31.979533 (0.578s) [OMP=0.482 ISP-L=0.008 ISP-F=0.027 MW-L=0.025 MW-F=0.031]
  Alt-Benders[4] (mw): LB=-10.952280, Z₀(α*)=-3.772446, intercept=-108.445169 (0.578s) [OMP=0.474 ISP-L=0.010 ISP-F=0.030 MW-L=0.024 MW-F=0.026]
  Alt-Benders[5] (mw): LB=-10.873372, Z₀(α*)=-19.825949, intercept=-129.666940 (0.579s) [OMP=0.494 ISP-L=0.009 ISP-F=0.026 MW-L=0.025 MW-F=0.033]
  OMP re-solve: 0.433s

=== True-DRO Benders iter 16 ===
  OMP: t₀=-10.873372, UB=21.730403, gap=1.50e+00, x=[0, 0, 0, 0, 0, 0, 0, 0, 0, 0, 0, 0, 0, 0, 0, 0, 0, 0, 0, 0, 0, 0, 0, 0, 0, 0, 0, 0, 0, 0, 0, 0, 0, 0, 0, 0, 0, 0, 0, 0, 0, 0, 0, 0, 0, 0, 0, 0, 0, 0, 0, 0, 0, 1, 0, 0, 0, 0, 0, 0, 0, 0, 0, 0, 0, 0, 0, 0, 0, 0, 0, 1, 0, 0, 0, 0] (0.000s)
  Sub: Z₀=15.775180 [LOCAL] (0.4s), α=[0.000,0.000,0.000,0.000,0.000,0.000,0.000,0.000,0.000,0.000,0.000,0.000,0.000,0.000,0.000,0.000,0.000,0.000,0.000,0.000,0.000,0.000,0.000,0.000,0.000,0.000,0.000,0.000,0.000,0.000,0.000,0.000,0.000,0.000,0.000,0.000,0.000,0.000,0.000,0.000,0.000,0.000,0.000,0.000,0.000,0.000,0.000,0.000,0.000,0.000,0.000,0.000,0.000,0.000,0.000,0.000,0.000,0.000,0.000,0.000,0.000,0.000,0.000,0.000,0.000,0.000,0.000,0.000,0.000,0.000,0.000,10.443,0.000,0.000,0.000,0.000]
  Iter 16: LB=-10.873372  UB=21.730403  gap=1.50e+00
  Cut: intercept=-1117.747345, π_x_range=[-824.4379, 571.4145]
  Mini-Benders[1] (mw): LB=-10.783705, Z₀(α*)=-19.500745, intercept=-57.256169 (0.531s) [OMP=0.436 ISP-L=0.009 ISP-F=0.029 MW-L=0.020 MW-F=0.037]
  Mini-Benders[2] (mw): LB=-10.783705, Z₀(α*)=-19.500745, intercept=-57.256169 (0.531s) [OMP=0.444 ISP-L=0.008 ISP-F=0.028 MW-L=0.022 MW-F=0.034]
  Mini-Benders[3] (mw): LB=-10.783705, Z₀(α*)=-19.500745, intercept=-57.256169 (0.547s) [OMP=0.444 ISP-L=0.008 ISP-F=0.029 MW-L=0.024 MW-F=0.034]
  Mini-Benders[4]: LB stagnated, break
  α-step: Z₀=22.415902, α=[0.000,0.000,0.000,0.000,0.000,0.000,0.000,0.000,0.000,0.000,0.000,0.000,0.000,0.000,0.000,0.000,0.000,0.000,0.000,0.000,0.000,0.000,0.000,0.000,0.000,0.000,0.000,0.000,0.000,0.000,0.000,0.000,0.000,0.000,2.589,0.000,0.000,0.000,0.000,0.000,0.000,0.000,0.000,0.000,0.000,0.000,0.000,0.000,0.000,0.000,2.632,0.000,0.000,2.692,0.000,0.000,0.000,0.000,0.000,0.000,0.000,0.000,0.000,0.000,0.000,0.000,0.000,0.000,0.000,0.000,0.000,0.000,2.530,0.000,0.000,0.000]
  Alt-Benders[1] (mw): LB=-10.676489, Z₀(α*)=14.227870, intercept=-73.096247 (0.531s) [OMP=0.430 ISP-L=0.008 ISP-F=0.032 MW-L=0.019 MW-F=0.035]
  Alt-Benders[2] (mw): LB=-10.528948, Z₀(α*)=-9.579658, intercept=-85.574903 (0.516s) [OMP=0.418 ISP-L=0.008 ISP-F=0.024 MW-L=0.022 MW-F=0.035]
  Alt-Benders[3] (mw): LB=-10.443721, Z₀(α*)=-2.571945, intercept=-76.287661 (0.547s) [OMP=0.455 ISP-L=0.007 ISP-F=0.029 MW-L=0.022 MW-F=0.035]
  Alt-Benders[4] (mw): LB=-10.349909, Z₀(α*)=9.573760, intercept=-22.337837 (0.547s) [OMP=0.451 ISP-L=0.007 ISP-F=0.027 MW-L=0.024 MW-F=0.028]
  Alt-Benders[5] (mw): LB=-9.992351, Z₀(α*)=8.211214, intercept=-45.407516 (0.578s) [OMP=0.489 ISP-L=0.008 ISP-F=0.029 MW-L=0.020 MW-F=0.038]
  OMP re-solve: 0.690s

=== True-DRO Benders iter 17 ===
  OMP: t₀=-9.937495, UB=21.730403, gap=1.46e+00, x=[0, 1, 0, 0, 0, 0, 0, 0, 0, 0, 0, 0, 0, 0, 0, 0, 1, 0, 0, 0, 0, 0, 0, 0, 0, 0, 0, 0, 0, 0, 0, 0, 0, 0, 0, 0, 0, 0, 0, 0, 0, 0, 0, 0, 0, 0, 0, 0, 0, 0, 0, 0, 0, 0, 0, 0, 0, 0, 0, 0, 0, 0, 0, 0, 0, 0, 0, 0, 0, 0, 0, 0, 0, 0, 0, 0] (0.001s)
  Sub: Z₀=25.771637 [LOCAL] (0.5s), α=[0.000,0.709,0.000,0.000,0.000,0.000,0.000,0.000,0.000,0.000,0.270,0.000,0.000,0.000,0.000,0.000,0.000,0.000,0.000,0.000,0.000,0.000,0.000,0.504,0.000,0.000,0.000,1.180,0.000,0.000,0.000,0.000,0.000,0.000,0.866,0.000,0.000,0.000,0.000,0.000,0.000,0.000,0.000,0.000,0.000,0.000,0.000,0.000,0.000,0.000,0.044,0.000,0.000,0.000,0.000,0.000,0.000,0.000,0.000,0.000,0.000,0.000,2.072,0.000,0.000,0.000,0.000,0.000,0.000,0.000,0.000,0.000,4.798,0.000,0.000,0.000]
  Iter 17: LB=-9.937495  UB=21.730403  gap=1.46e+00
  Cut: intercept=-1086.253269, π_x_range=[-826.1098, 574.0915]
  Mini-Benders[1] (mw): LB=-9.579660, Z₀(α*)=3.641798, intercept=-79.190847 (0.703s) [OMP=0.613 ISP-L=0.008 ISP-F=0.029 MW-L=0.026 MW-F=0.030]
  Mini-Benders[2] (mw): LB=-9.508886, Z₀(α*)=17.113293, intercept=4.864709 (0.735s) [OMP=0.641 ISP-L=0.008 ISP-F=0.032 MW-L=0.024 MW-F=0.026]
  Mini-Benders[3] (mw): LB=-9.427164, Z₀(α*)=19.770471, intercept=19.770477 (0.844s) [OMP=0.741 ISP-L=0.008 ISP-F=0.028 MW-L=0.024 MW-F=0.035]
  Mini-Benders[4] (mw): LB=-9.108672, Z₀(α*)=-2.327758, intercept=-28.127740 (0.687s) [OMP=0.598 ISP-L=0.008 ISP-F=0.028 MW-L=0.022 MW-F=0.036]
  Mini-Benders[5] (mw): LB=-8.851463, Z₀(α*)=16.215198, intercept=-12.127309 (0.672s) [OMP=0.574 ISP-L=0.008 ISP-F=0.031 MW-L=0.021 MW-F=0.032]
  α-step: Z₀=21.390085, α=[0.000,0.000,0.000,0.000,0.000,0.000,0.000,0.000,0.000,0.000,0.000,0.000,0.000,2.952,0.000,0.000,0.000,0.000,0.000,0.000,0.000,0.000,0.000,0.000,0.000,0.000,0.000,0.000,0.000,0.000,0.000,0.000,0.000,0.000,0.512,0.000,0.000,0.000,0.000,0.000,0.000,0.000,3.722,0.000,0.000,0.000,0.000,0.000,0.000,0.000,0.000,0.000,0.000,0.000,0.000,0.000,0.000,0.000,0.000,0.000,0.000,0.000,0.000,0.000,0.000,0.000,0.000,0.000,0.000,0.000,0.000,0.000,3.257,0.000,0.000,0.000]
  Alt-Benders[1] (mw): LB=-8.623983, Z₀(α*)=4.074020, intercept=-57.954111 (0.688s) [OMP=0.608 ISP-L=0.009 ISP-F=0.029 MW-L=0.022 MW-F=0.026]
  Alt-Benders[2] (mw): LB=-8.580168, Z₀(α*)=3.964849, intercept=-62.075719 (0.687s) [OMP=0.592 ISP-L=0.008 ISP-F=0.029 MW-L=0.022 MW-F=0.033]
  Alt-Benders[3] (mw): LB=-8.282158, Z₀(α*)=-11.276395, intercept=-40.839304 (0.688s) [OMP=0.598 ISP-L=0.008 ISP-F=0.026 MW-L=0.020 MW-F=0.034]
  Alt-Benders[4] (mw): LB=-8.282158, Z₀(α*)=-11.276395, intercept=-40.839304 (0.750s) [OMP=0.659 ISP-L=0.008 ISP-F=0.026 MW-L=0.021 MW-F=0.033]
  Alt-Benders[5] (mw): LB=-8.282158, Z₀(α*)=-11.276395, intercept=-40.839304 (0.766s) [OMP=0.666 ISP-L=0.008 ISP-F=0.025 MW-L=0.024 MW-F=0.031]
  OMP re-solve: 0.668s

=== True-DRO Benders iter 18 ===
  OMP: t₀=-8.282158, UB=21.730403, gap=1.38e+00, x=[0, 0, 0, 0, 0, 0, 0, 0, 0, 0, 0, 0, 0, 0, 0, 0, 1, 0, 0, 0, 0, 0, 0, 0, 0, 0, 0, 0, 0, 0, 0, 0, 0, 0, 0, 0, 0, 0, 0, 0, 0, 0, 0, 0, 0, 0, 0, 0, 0, 0, 0, 1, 0, 0, 0, 0, 0, 0, 0, 0, 0, 0, 0, 0, 0, 0, 0, 0, 0, 0, 0, 0, 0, 0, 0, 0] (0.000s)
  Sub: Z₀=22.964082 [LOCAL] (0.5s), α=[0.000,0.000,0.000,0.000,0.000,0.000,0.000,0.000,0.000,0.000,0.000,0.000,0.000,0.000,0.000,0.000,0.000,0.000,0.000,0.000,0.000,0.000,0.000,0.000,0.000,0.000,0.000,0.000,0.000,0.000,0.000,0.000,0.000,0.000,2.747,0.000,0.000,0.000,0.000,0.000,0.000,0.000,0.000,0.000,0.000,0.000,0.000,0.000,0.000,0.000,1.431,3.474,0.000,0.000,0.000,0.000,0.000,0.000,0.000,0.000,0.000,0.000,0.000,0.000,0.000,0.000,0.000,0.000,0.000,0.000,0.000,0.158,2.634,0.000,0.000,0.000]
  Iter 18: LB=-8.282158  UB=21.730403  gap=1.38e+00
  Cut: intercept=-1117.309447, π_x_range=[-825.5096, 578.8648]
  Mini-Benders[1] (mw): LB=-8.002995, Z₀(α*)=3.189076, intercept=-29.615334 (0.735s) [OMP=0.633 ISP-L=0.008 ISP-F=0.030 MW-L=0.020 MW-F=0.032]
  Mini-Benders[2] (mw): LB=-7.715412, Z₀(α*)=6.874444, intercept=6.768218 (0.719s) [OMP=0.634 ISP-L=0.008 ISP-F=0.028 MW-L=0.021 MW-F=0.035]
  Mini-Benders[3] (mw): LB=-7.705946, Z₀(α*)=6.336424, intercept=-107.071521 (0.687s) [OMP=0.598 ISP-L=0.007 ISP-F=0.025 MW-L=0.021 MW-F=0.028]
  Mini-Benders[4] (mw): LB=-7.527812, Z₀(α*)=1.932029, intercept=-47.967644 (0.719s) [OMP=0.622 ISP-L=0.009 ISP-F=0.027 MW-L=0.025 MW-F=0.031]
  Mini-Benders[5] (mw): LB=-7.418318, Z₀(α*)=1.322877, intercept=-85.160956 (0.687s) [OMP=0.602 ISP-L=0.007 ISP-F=0.025 MW-L=0.022 MW-F=0.031]
  α-step: Z₀=26.899944, α=[0.000,0.000,0.000,0.000,0.000,0.000,0.000,0.000,0.000,0.000,0.000,0.000,0.000,0.000,0.000,0.000,0.490,0.000,0.000,0.000,0.000,0.000,0.000,0.000,0.000,0.000,0.000,0.000,0.000,0.000,0.000,0.000,0.000,0.000,2.762,0.000,0.000,0.000,0.000,0.000,0.000,0.000,0.000,0.000,0.000,0.000,0.000,0.000,0.000,0.000,0.000,0.000,0.000,0.000,0.000,0.000,0.000,0.000,0.000,0.000,0.000,0.000,0.000,0.000,0.000,0.000,0.000,0.000,0.000,0.000,0.000,0.000,7.191,0.000,0.000,0.000]
  Alt-Benders[1] (mw): LB=-7.060414, Z₀(α*)=-18.451977, intercept=-97.824703 (0.703s) [OMP=0.616 ISP-L=0.008 ISP-F=0.024 MW-L=0.020 MW-F=0.037]
  Alt-Benders[2] (mw): LB=-7.060414, Z₀(α*)=-18.451977, intercept=-97.824703 (0.766s) [OMP=0.668 ISP-L=0.008 ISP-F=0.023 MW-L=0.023 MW-F=0.033]
  Alt-Benders[3] (mw): LB=-7.060414, Z₀(α*)=-18.451977, intercept=-97.824703 (0.765s) [OMP=0.674 ISP-L=0.008 ISP-F=0.024 MW-L=0.024 MW-F=0.033]
  Alt-Benders[4]: LB stagnated, break
  OMP re-solve: 0.000s

=== True-DRO Benders iter 19 ===
  OMP: t₀=-7.060414, UB=21.730403, gap=1.32e+00, x=[0, 0, 0, 0, 0, 0, 0, 0, 0, 0, 0, 0, 0, 0, 0, 0, 0, 0, 0, 0, 0, 0, 0, 0, 0, 0, 0, 0, 0, 0, 0, 0, 0, 0, 1, 0, 0, 0, 0, 0, 0, 0, 0, 0, 0, 0, 0, 0, 0, 0, 0, 1, 0, 0, 0, 0, 0, 0, 0, 0, 0, 0, 0, 0, 0, 0, 0, 0, 0, 0, 0, 0, 0, 0, 0, 0] (0.000s)
  Sub: Z₀=17.958260 [LOCAL] (0.4s), α=[0.000,0.000,0.000,0.000,0.000,0.000,0.000,0.000,0.000,0.000,0.000,0.000,0.000,0.000,0.000,0.000,0.000,0.000,0.000,0.000,0.000,0.000,0.000,0.000,0.000,0.000,0.000,0.000,0.000,0.000,0.000,0.000,0.000,0.000,10.443,0.000,0.000,0.000,0.000,0.000,0.000,0.000,0.000,0.000,0.000,0.000,0.000,0.000,0.000,0.000,0.000,0.000,0.000,0.000,0.000,0.000,0.000,0.000,0.000,0.000,0.000,0.000,0.000,0.000,0.000,0.000,0.000,0.000,0.000,0.000,0.000,0.000,0.000,0.000,0.000,0.000]
  Iter 19: LB=-7.060414  UB=21.730403  gap=1.32e+00
  Cut: intercept=-1148.065122, π_x_range=[-824.7459, 588.0366]
  Mini-Benders[1] (mw): LB=-6.775879, Z₀(α*)=-1.467810, intercept=-29.699375 (0.719s) [OMP=0.620 ISP-L=0.009 ISP-F=0.034 MW-L=0.021 MW-F=0.036]
  Mini-Benders[2] (mw): LB=-6.761953, Z₀(α*)=12.449648, intercept=-15.979413 (0.703s) [OMP=0.617 ISP-L=0.009 ISP-F=0.028 MW-L=0.021 MW-F=0.031]
  Mini-Benders[3] (mw): LB=-6.436155, Z₀(α*)=-10.525968, intercept=-104.699697 (0.719s) [OMP=0.615 ISP-L=0.009 ISP-F=0.031 MW-L=0.025 MW-F=0.032]
  Mini-Benders[4] (mw): LB=-6.436155, Z₀(α*)=-10.525968, intercept=-104.699697 (1.203s) [OMP=1.099 ISP-L=0.008 ISP-F=0.031 MW-L=0.025 MW-F=0.032]
  Mini-Benders[5] (mw): LB=-6.436155, Z₀(α*)=-10.525968, intercept=-104.699697 (1.172s) [OMP=1.078 ISP-L=0.008 ISP-F=0.031 MW-L=0.025 MW-F=0.034]
  α-step: Z₀=24.742727, α=[0.000,0.000,0.000,0.000,0.000,0.000,0.000,0.000,0.000,0.000,0.000,0.000,0.000,0.000,0.000,0.000,0.970,0.000,0.000,0.000,0.000,0.000,0.000,0.000,0.000,0.000,0.000,0.000,0.000,0.000,0.000,0.000,0.000,0.000,0.000,0.000,0.000,0.000,0.000,0.000,0.000,0.000,0.000,0.000,0.000,0.000,0.000,0.000,0.000,0.000,2.478,0.000,0.000,0.000,0.000,0.000,0.000,0.000,0.000,0.000,0.000,0.669,0.000,0.000,0.000,0.000,0.000,0.000,0.000,0.000,0.000,0.000,6.326,0.000,0.000,0.000]
  Alt-Benders[1] (mw): LB=-6.332730, Z₀(α*)=22.827476, intercept=-23.908796 (0.672s) [OMP=0.586 ISP-L=0.008 ISP-F=0.030 MW-L=0.018 MW-F=0.036]
  Alt-Benders[2] (mw): LB=-6.184954, Z₀(α*)=14.727448, intercept=-15.245881 (0.672s) [OMP=0.582 ISP-L=0.008 ISP-F=0.027 MW-L=0.023 MW-F=0.027]
  Alt-Benders[3] (mw): LB=-6.150367, Z₀(α*)=15.839472, intercept=-31.342836 (0.672s) [OMP=0.589 ISP-L=0.007 ISP-F=0.026 MW-L=0.021 MW-F=0.026]
  Alt-Benders[4] (mw): LB=-6.148548, Z₀(α*)=4.852051, intercept=-45.843120 (0.656s) [OMP=0.563 ISP-L=0.007 ISP-F=0.026 MW-L=0.024 MW-F=0.028]
  Alt-Benders[5] (mw): LB=-5.894979, Z₀(α*)=-13.709908, intercept=-45.515025 (0.672s) [OMP=0.582 ISP-L=0.008 ISP-F=0.026 MW-L=0.021 MW-F=0.034]
  OMP re-solve: 0.585s

=== True-DRO Benders iter 20 ===
  OMP: t₀=-5.894979, UB=21.730403, gap=1.27e+00, x=[0, 0, 0, 0, 0, 0, 0, 0, 0, 0, 0, 0, 0, 0, 0, 0, 0, 0, 0, 0, 0, 0, 0, 0, 0, 0, 0, 0, 0, 0, 0, 0, 0, 0, 0, 0, 0, 0, 0, 0, 0, 0, 0, 0, 0, 0, 0, 0, 0, 0, 0, 1, 0, 1, 0, 0, 0, 0, 0, 0, 0, 0, 0, 0, 0, 0, 0, 0, 0, 0, 0, 0, 0, 0, 0, 0] (0.001s)
  Sub: Z₀=22.093321 [TIME_LIMIT] (15.1s), α=[0.000,0.000,0.000,0.000,0.000,0.000,0.000,0.000,0.000,0.000,0.000,0.000,0.000,0.000,0.000,0.000,0.000,0.000,0.000,0.000,0.000,0.000,0.000,0.000,0.000,0.000,0.000,0.000,0.000,0.000,0.000,0.000,0.000,0.000,3.090,0.000,0.000,0.000,0.000,0.000,0.000,0.000,0.000,0.000,0.000,0.000,0.000,0.000,0.000,0.000,6.537,0.315,0.000,0.000,0.000,0.000,0.000,0.000,0.000,0.000,0.000,0.000,0.000,0.000,0.000,0.000,0.000,0.000,0.000,0.000,0.000,0.501,0.000,0.000,0.000,0.000]
  Iter 20: LB=-5.894979  UB=21.730403  gap=1.27e+00
  Cut: intercept=-128.166820, π_x_range=[-254.0000, 78.4846]
  Mini-Benders[1] (mw): LB=-5.772302, Z₀(α*)=7.819896, intercept=-98.348046 (0.688s) [OMP=0.598 ISP-L=0.009 ISP-F=0.032 MW-L=0.022 MW-F=0.029]
  Mini-Benders[2] (mw): LB=-5.728585, Z₀(α*)=-12.346923, intercept=-40.330816 (0.656s) [OMP=0.565 ISP-L=0.007 ISP-F=0.029 MW-L=0.023 MW-F=0.031]
  Mini-Benders[3] (mw): LB=-5.728585, Z₀(α*)=-12.346923, intercept=-40.330816 (0.719s) [OMP=0.628 ISP-L=0.008 ISP-F=0.029 MW-L=0.020 MW-F=0.033]
  Mini-Benders[4] (mw): LB=-5.728585, Z₀(α*)=-12.346923, intercept=-40.330816 (0.718s) [OMP=0.626 ISP-L=0.008 ISP-F=0.028 MW-L=0.019 MW-F=0.033]
  Mini-Benders[5]: LB stagnated, break
  α-step: Z₀=21.408096, α=[0.000,0.000,0.000,0.000,0.000,0.000,0.000,0.000,0.000,0.000,0.000,0.000,0.000,0.000,0.000,0.000,0.982,0.000,0.000,0.000,0.000,0.000,0.000,0.000,0.000,0.000,0.000,0.000,0.000,0.000,0.000,0.000,0.000,0.000,2.589,0.000,0.000,0.000,0.000,0.000,0.000,0.000,0.000,0.000,0.000,0.000,0.000,0.000,0.000,0.000,2.532,0.000,0.000,0.330,0.000,0.000,0.000,0.000,0.000,0.000,0.000,0.000,0.000,0.000,0.000,0.000,0.000,0.000,0.000,0.000,0.000,0.000,4.011,0.000,0.000,0.000]
  Alt-Benders[1] (mw): LB=-5.549037, Z₀(α*)=18.743650, intercept=-0.693208 (0.719s) [OMP=0.627 ISP-L=0.008 ISP-F=0.033 MW-L=0.023 MW-F=0.027]
  Alt-Benders[2] (mw): LB=-5.531830, Z₀(α*)=20.603925, intercept=-25.771334 (0.735s) [OMP=0.621 ISP-L=0.008 ISP-F=0.028 MW-L=0.024 MW-F=0.056]
  Alt-Benders[3] (mw): LB=-5.307355, Z₀(α*)=0.301328, intercept=-36.522071 (0.671s) [OMP=0.578 ISP-L=0.009 ISP-F=0.030 MW-L=0.020 MW-F=0.029]
  Alt-Benders[4] (mw): LB=-5.070504, Z₀(α*)=22.482029, intercept=-16.646297 (0.688s) [OMP=0.602 ISP-L=0.007 ISP-F=0.030 MW-L=0.020 MW-F=0.031]
  Alt-Benders[5] (mw): LB=-5.057310, Z₀(α*)=8.751700, intercept=-44.077224 (0.766s) [OMP=0.663 ISP-L=0.008 ISP-F=0.029 MW-L=0.023 MW-F=0.030]
  OMP re-solve: 0.616s

=== True-DRO Benders iter 21 ===
  OMP: t₀=-4.780833, UB=21.730403, gap=1.22e+00, x=[0, 0, 0, 0, 0, 0, 0, 0, 0, 0, 0, 0, 0, 0, 0, 0, 0, 0, 0, 0, 0, 0, 0, 0, 0, 0, 0, 0, 0, 0, 0, 0, 0, 0, 0, 0, 0, 0, 0, 0, 0, 0, 0, 0, 0, 0, 0, 0, 0, 0, 0, 0, 0, 0, 0, 0, 0, 0, 0, 0, 0, 0, 0, 0, 0, 0, 0, 0, 1, 0, 0, 0, 1, 0, 0, 0] (0.001s)
  Sub: Z₀=23.834185 [LOCAL] (0.4s), α=[0.000,0.000,0.000,0.000,0.000,0.000,0.000,0.000,0.000,0.000,0.000,0.000,0.000,0.000,0.000,0.000,0.000,0.000,0.000,0.000,0.000,0.000,0.000,0.000,0.000,0.000,0.000,0.000,0.000,0.000,0.000,0.000,0.000,0.000,0.000,0.000,0.000,0.000,0.000,0.000,0.000,0.000,0.000,0.000,0.000,0.000,0.000,0.000,0.000,0.000,0.000,0.000,0.000,0.000,0.000,0.000,0.000,0.000,0.000,0.000,0.000,0.000,0.000,0.000,0.000,0.000,0.000,0.000,0.000,0.000,0.000,0.000,10.443,0.000,0.000,0.000]
  Iter 21: LB=-4.780833  UB=21.730403  gap=1.22e+00
  Cut: intercept=-1151.298048, π_x_range=[-826.9092, 591.2519]
  Mini-Benders[1] (mw): LB=-4.503662, Z₀(α*)=18.773029, intercept=-63.437794 (0.703s) [OMP=0.626 ISP-L=0.009 ISP-F=0.027 MW-L=0.022 MW-F=0.027]
  Mini-Benders[2] (mw): LB=-4.358331, Z₀(α*)=20.265794, intercept=-20.959712 (0.718s) [OMP=0.614 ISP-L=0.008 ISP-F=0.028 MW-L=0.020 MW-F=0.034]
  Mini-Benders[3] (mw): LB=-4.272290, Z₀(α*)=15.710321, intercept=-14.384179 (0.719s) [OMP=0.632 ISP-L=0.008 ISP-F=0.029 MW-L=0.021 MW-F=0.030]
  Mini-Benders[4] (mw): LB=-4.240853, Z₀(α*)=20.393596, intercept=2.667216 (0.703s) [OMP=0.624 ISP-L=0.008 ISP-F=0.028 MW-L=0.024 MW-F=0.026]
  Mini-Benders[5] (mw): LB=-4.183152, Z₀(α*)=20.712075, intercept=-43.986652 (0.735s) [OMP=0.628 ISP-L=0.007 ISP-F=0.027 MW-L=0.024 MW-F=0.034]
  α-step: Z₀=25.576424, α=[0.000,0.000,0.000,0.000,0.000,0.000,0.000,0.000,0.000,0.000,0.000,0.000,0.000,0.000,0.000,0.000,2.193,0.000,0.000,0.000,0.000,0.000,0.000,0.000,0.000,0.000,0.000,0.000,0.000,0.000,0.000,0.000,0.000,0.000,2.589,0.000,0.000,0.000,0.000,0.000,0.000,0.000,0.000,0.000,0.000,0.000,0.000,0.000,0.000,0.000,0.000,0.000,0.000,0.000,0.000,0.000,0.000,0.000,0.000,0.000,0.000,0.000,0.000,0.000,0.000,0.000,0.000,0.000,0.000,0.000,0.000,0.000,5.661,0.000,0.000,0.000]
  Alt-Benders[1] (mw): LB=-3.990382, Z₀(α*)=19.255177, intercept=-7.735592 (0.718s) [OMP=0.631 ISP-L=0.009 ISP-F=0.030 MW-L=0.020 MW-F=0.029]
  Alt-Benders[2] (mw): LB=-3.829898, Z₀(α*)=21.062161, intercept=-55.222630 (0.719s) [OMP=0.638 ISP-L=0.007 ISP-F=0.024 MW-L=0.019 MW-F=0.031]
  Alt-Benders[3] (mw): LB=-3.782622, Z₀(α*)=23.169423, intercept=-17.614126 (0.750s) [OMP=0.651 ISP-L=0.008 ISP-F=0.030 MW-L=0.025 MW-F=0.026]
  Alt-Benders[4] (mw): LB=-3.772448, Z₀(α*)=4.070791, intercept=-109.296145 (0.750s) [OMP=0.662 ISP-L=0.009 ISP-F=0.029 MW-L=0.022 MW-F=0.030]
  Alt-Benders[5] (mw): LB=-3.731890, Z₀(α*)=24.735921, intercept=-1.740117 (0.719s) [OMP=0.622 ISP-L=0.009 ISP-F=0.030 MW-L=0.024 MW-F=0.024]
  OMP re-solve: 0.666s

=== True-DRO Benders iter 22 ===
  OMP: t₀=-3.708561, UB=21.730403, gap=1.17e+00, x=[0, 0, 0, 0, 0, 0, 0, 0, 0, 0, 0, 0, 0, 0, 0, 0, 0, 0, 0, 0, 0, 0, 0, 0, 0, 0, 0, 0, 0, 0, 0, 0, 0, 0, 0, 0, 0, 0, 0, 0, 0, 0, 1, 0, 0, 0, 0, 0, 0, 1, 0, 0, 0, 0, 0, 0, 0, 0, 0, 0, 0, 0, 0, 0, 0, 0, 0, 0, 0, 0, 0, 0, 0, 0, 0, 0] (0.001s)
  Sub: Z₀=18.850169 [LOCAL] (0.4s), α=[0.000,0.000,0.000,0.000,0.000,0.000,0.000,0.000,0.000,0.000,0.000,0.000,0.000,0.000,0.000,0.000,0.000,0.000,0.000,0.000,0.000,0.000,0.000,0.000,0.000,0.000,0.000,0.000,0.000,0.000,0.000,0.000,0.000,0.000,0.000,0.000,0.000,0.000,0.000,0.000,0.000,0.000,5.393,0.000,0.000,0.000,0.000,0.000,0.000,5.049,0.000,0.000,0.000,0.000,0.000,0.000,0.000,0.000,0.000,0.000,0.000,0.000,0.000,0.000,0.000,0.000,0.000,0.000,0.000,0.000,0.000,0.000,0.000,0.000,0.000,0.000]
  Iter 22: LB=-3.708561  UB=21.730403  gap=1.17e+00
  Cut: intercept=-1100.562517, π_x_range=[-824.3931, 567.8542]
  Mini-Benders[1] (mw): LB=-3.702729, Z₀(α*)=-23.717013, intercept=-49.514247 (0.718s) [OMP=0.630 ISP-L=0.008 ISP-F=0.031 MW-L=0.019 MW-F=0.036]
  Mini-Benders[2] (mw): LB=-3.702729, Z₀(α*)=-23.717013, intercept=-49.514247 (0.735s) [OMP=0.636 ISP-L=0.008 ISP-F=0.031 MW-L=0.022 MW-F=0.033]
  Mini-Benders[3] (mw): LB=-3.702729, Z₀(α*)=-23.717013, intercept=-49.514247 (0.719s) [OMP=0.624 ISP-L=0.009 ISP-F=0.031 MW-L=0.023 MW-F=0.033]
  Mini-Benders[4]: LB stagnated, break
  α-step: Z₀=25.727809, α=[0.000,0.000,0.000,0.000,0.000,0.000,0.000,0.000,0.000,0.000,0.000,0.000,0.000,2.952,0.000,0.000,3.755,0.000,0.000,0.000,0.000,0.000,0.000,0.000,0.000,0.000,0.000,0.000,0.000,0.000,0.000,0.000,0.000,0.000,0.000,0.000,0.000,0.000,0.000,0.000,0.000,0.000,0.000,0.000,0.000,0.000,0.000,0.000,0.000,0.000,0.000,0.000,0.000,0.000,0.000,0.000,0.000,0.000,0.000,0.000,0.000,0.000,0.000,0.000,0.000,0.000,0.000,0.000,0.000,0.000,0.000,0.000,3.736,0.000,0.000,0.000]
  Alt-Benders[1] (mw): LB=-3.455042, Z₀(α*)=1.221649, intercept=-28.069365 (0.750s) [OMP=0.659 ISP-L=0.008 ISP-F=0.024 MW-L=0.021 MW-F=0.029]
  Alt-Benders[2] (mw): LB=-3.357107, Z₀(α*)=-6.317978, intercept=-73.218961 (0.735s) [OMP=0.651 ISP-L=0.007 ISP-F=0.025 MW-L=0.019 MW-F=0.033]
  Alt-Benders[3] (mw): LB=-3.357107, Z₀(α*)=-6.317978, intercept=-73.218961 (0.921s) [OMP=0.835 ISP-L=0.007 ISP-F=0.025 MW-L=0.022 MW-F=0.029]
  Alt-Benders[4] (mw): LB=-3.357107, Z₀(α*)=-6.317978, intercept=-73.218961 (0.813s) [OMP=0.724 ISP-L=0.007 ISP-F=0.025 MW-L=0.022 MW-F=0.029]
  Alt-Benders[5]: LB stagnated, break
  OMP re-solve: 0.001s

=== True-DRO Benders iter 23 ===
  OMP: t₀=-3.357107, UB=21.730403, gap=1.15e+00, x=[0, 0, 0, 0, 0, 0, 0, 0, 0, 0, 0, 0, 0, 0, 0, 0, 0, 0, 0, 0, 0, 0, 0, 0, 0, 0, 0, 0, 0, 0, 0, 0, 0, 0, 1, 0, 0, 0, 0, 0, 0, 0, 1, 0, 0, 0, 0, 0, 0, 0, 0, 0, 0, 0, 0, 0, 0, 0, 0, 0, 0, 0, 0, 0, 0, 0, 0, 0, 0, 0, 0, 0, 0, 0, 0, 0] (0.000s)
  Sub: Z₀=20.655182 [LOCAL] (0.4s), α=[0.000,0.000,0.000,0.000,0.000,0.000,0.000,0.000,0.000,0.000,0.000,0.000,0.000,0.000,0.000,0.000,0.000,0.000,0.000,0.000,0.000,0.000,0.000,0.000,0.000,0.000,0.000,0.000,0.000,0.000,0.000,0.000,0.000,0.000,8.138,0.000,0.000,0.000,0.000,0.000,0.000,0.000,0.000,0.000,0.000,0.000,0.000,0.000,0.000,0.000,0.000,0.000,0.000,0.000,0.000,0.000,0.000,0.000,0.000,0.000,0.000,0.000,0.000,0.000,0.000,0.000,0.000,0.000,0.000,0.000,0.000,0.000,2.305,0.000,0.000,0.000]
  Iter 23: LB=-3.357107  UB=21.730403  gap=1.15e+00
  Cut: intercept=-1103.799852, π_x_range=[-824.6636, 574.4963]
  Mini-Benders[1] (mw): LB=-3.262081, Z₀(α*)=15.203208, intercept=-29.002535 (0.718s) [OMP=0.626 ISP-L=0.008 ISP-F=0.031 MW-L=0.019 MW-F=0.029]
  Mini-Benders[2] (mw): LB=-3.072976, Z₀(α*)=21.537394, intercept=21.537395 (0.735s) [OMP=0.636 ISP-L=0.008 ISP-F=0.030 MW-L=0.017 MW-F=0.032]
  Mini-Benders[3] (mw): LB=-3.058756, Z₀(α*)=0.223397, intercept=-78.900659 (0.734s) [OMP=0.642 ISP-L=0.008 ISP-F=0.029 MW-L=0.024 MW-F=0.032]
  Mini-Benders[4] (mw): LB=-2.989097, Z₀(α*)=20.092689, intercept=-24.845776 (0.719s) [OMP=0.634 ISP-L=0.007 ISP-F=0.024 MW-L=0.024 MW-F=0.028]
  Mini-Benders[5] (mw): LB=-2.870270, Z₀(α*)=-31.382559, intercept=-62.631654 (0.703s) [OMP=0.620 ISP-L=0.007 ISP-F=0.026 MW-L=0.025 MW-F=0.031]
  α-step: Z₀=20.248606, α=[0.000,0.000,0.000,0.000,0.000,0.000,0.000,0.000,0.000,0.000,0.000,0.000,0.000,0.000,0.000,0.000,0.000,0.000,0.000,0.000,0.000,0.000,0.000,0.000,0.000,0.000,0.000,0.000,0.000,0.000,0.000,0.000,0.000,0.000,0.000,0.000,0.000,0.000,0.000,0.000,0.000,0.000,0.000,0.000,0.000,0.000,0.000,0.000,0.000,0.000,0.000,0.000,0.000,0.000,0.000,0.000,0.000,0.000,0.000,0.000,0.000,0.000,0.000,0.000,0.000,0.000,0.000,0.000,0.000,0.000,0.000,5.689,4.754,0.000,0.000,0.000]
  Alt-Benders[1] (mw): LB=-2.758808, Z₀(α*)=-12.276888, intercept=-42.376392 (0.735s) [OMP=0.643 ISP-L=0.008 ISP-F=0.027 MW-L=0.020 MW-F=0.030]
  Alt-Benders[2] (mw): LB=-2.758808, Z₀(α*)=-12.276888, intercept=-42.376392 (0.687s) [OMP=0.602 ISP-L=0.007 ISP-F=0.026 MW-L=0.022 MW-F=0.027]
  Alt-Benders[3] (mw): LB=-2.758808, Z₀(α*)=-12.276888, intercept=-42.376392 (0.688s) [OMP=0.601 ISP-L=0.007 ISP-F=0.027 MW-L=0.023 MW-F=0.027]
  Alt-Benders[4]: LB stagnated, break
  OMP re-solve: 0.001s

=== True-DRO Benders iter 24 ===
  OMP: t₀=-2.758808, UB=21.730403, gap=1.13e+00, x=[0, 0, 0, 0, 0, 0, 1, 0, 0, 0, 0, 0, 0, 0, 0, 0, 0, 0, 0, 0, 0, 0, 0, 0, 0, 0, 0, 0, 0, 0, 0, 0, 0, 0, 1, 0, 0, 0, 0, 0, 0, 0, 0, 0, 0, 0, 0, 0, 0, 0, 0, 0, 0, 0, 0, 0, 0, 0, 0, 0, 0, 0, 0, 0, 0, 0, 0, 0, 0, 0, 0, 0, 0, 0, 0, 0] (0.000s)
  Sub: Z₀=20.606450 [LOCAL] (0.4s), α=[0.000,0.000,0.000,0.000,0.000,0.000,0.000,0.000,0.000,0.000,0.000,0.000,0.000,0.000,0.000,0.000,0.000,0.000,0.000,0.000,0.000,0.000,0.000,0.000,0.000,0.000,0.000,0.000,0.000,0.000,0.000,0.000,0.000,0.000,7.761,0.000,0.000,0.000,0.000,0.000,0.000,0.000,0.000,0.000,0.000,0.000,0.000,0.000,0.000,0.000,0.000,0.000,0.000,0.000,0.000,0.000,0.000,0.000,0.000,0.000,0.000,0.000,0.000,0.000,0.000,0.000,0.000,0.000,0.000,0.000,0.000,0.000,2.682,0.000,0.000,0.000]
  Iter 24: LB=-2.758808  UB=21.730403  gap=1.13e+00
  Cut: intercept=-1144.525494, π_x_range=[-825.8226, 584.8955]
  Mini-Benders[1] (mw): LB=-2.755458, Z₀(α*)=12.819969, intercept=-19.043567 (0.812s) [OMP=0.716 ISP-L=0.008 ISP-F=0.031 MW-L=0.019 MW-F=0.035]
  Mini-Benders[2] (mw): LB=-2.706324, Z₀(α*)=7.836950, intercept=-45.663703 (0.750s) [OMP=0.668 ISP-L=0.007 ISP-F=0.025 MW-L=0.020 MW-F=0.030]
  Mini-Benders[3] (mw): LB=-2.646973, Z₀(α*)=-22.207172, intercept=-72.120850 (0.735s) [OMP=0.635 ISP-L=0.007 ISP-F=0.026 MW-L=0.024 MW-F=0.034]
  Mini-Benders[4] (mw): LB=-2.646973, Z₀(α*)=-22.207172, intercept=-72.120850 (0.828s) [OMP=0.742 ISP-L=0.008 ISP-F=0.026 MW-L=0.025 MW-F=0.034]
  Mini-Benders[5] (mw): LB=-2.646973, Z₀(α*)=-22.207172, intercept=-72.120850 (0.844s) [OMP=0.746 ISP-L=0.008 ISP-F=0.026 MW-L=0.025 MW-F=0.036]
  α-step: Z₀=19.545114, α=[0.000,0.000,0.000,0.000,0.000,0.000,0.000,0.000,0.000,0.000,0.000,0.000,0.000,0.000,0.000,0.000,0.000,0.000,0.000,0.000,0.000,0.000,0.000,0.000,0.000,0.000,0.000,0.000,0.000,0.000,0.000,0.000,0.000,0.000,0.000,0.000,0.000,0.000,0.000,0.000,0.000,0.000,0.000,0.000,0.000,0.000,0.000,0.000,0.000,0.000,0.000,0.000,0.000,0.000,0.000,0.000,0.000,0.000,0.000,0.000,0.000,0.000,0.000,0.000,0.000,0.000,0.000,0.000,0.000,0.000,0.000,5.689,4.754,0.000,0.000,0.000]
  Alt-Benders[1] (mw): LB=-2.571947, Z₀(α*)=-1.075140, intercept=-80.838353 (0.766s) [OMP=0.647 ISP-L=0.007 ISP-F=0.030 MW-L=0.023 MW-F=0.063]
  Alt-Benders[2] (mw): LB=-2.431960, Z₀(α*)=20.417240, intercept=-38.786431 (0.781s) [OMP=0.677 ISP-L=0.008 ISP-F=0.026 MW-L=0.024 MW-F=0.035]
  Alt-Benders[3] (mw): LB=-2.327760, Z₀(α*)=-1.548423, intercept=-22.028880 (0.750s) [OMP=0.660 ISP-L=0.008 ISP-F=0.028 MW-L=0.024 MW-F=0.030]
  Alt-Benders[4] (mw): LB=-2.260658, Z₀(α*)=4.873095, intercept=-4.307761 (0.750s) [OMP=0.666 ISP-L=0.008 ISP-F=0.030 MW-L=0.021 MW-F=0.029]
  Alt-Benders[5] (mw): LB=-2.142165, Z₀(α*)=2.079513, intercept=-31.313689 (0.766s) [OMP=0.667 ISP-L=0.009 ISP-F=0.028 MW-L=0.020 MW-F=0.033]
  OMP re-solve: 0.617s

=== True-DRO Benders iter 25 ===
  OMP: t₀=-2.131360, UB=21.730403, gap=1.10e+00, x=[0, 0, 0, 0, 0, 0, 0, 0, 0, 0, 0, 0, 0, 0, 0, 0, 0, 0, 0, 0, 0, 0, 0, 0, 0, 0, 0, 0, 0, 0, 0, 0, 0, 0, 1, 0, 0, 0, 0, 0, 0, 0, 0, 0, 0, 0, 0, 0, 0, 0, 0, 0, 0, 0, 0, 0, 0, 0, 0, 0, 0, 0, 0, 0, 1, 0, 0, 0, 0, 0, 0, 0, 0, 0, 0, 0] (0.001s)
  Sub: Z₀=20.485267 [TIME_LIMIT] (15.1s), α=[0.000,0.000,0.000,0.000,0.000,0.000,0.000,0.000,0.000,0.000,0.000,0.000,0.000,0.000,0.000,0.000,0.000,0.000,0.000,0.000,0.000,0.000,0.000,0.000,0.000,0.000,0.000,0.000,0.000,0.000,0.000,0.000,0.000,0.000,7.090,0.000,0.000,0.000,0.000,0.000,0.000,0.000,0.000,0.000,0.000,0.000,0.000,0.000,0.000,0.000,0.000,0.000,0.000,0.000,0.000,0.000,0.000,0.000,0.000,0.000,0.000,0.000,0.000,0.000,0.000,0.000,0.000,0.000,0.000,0.000,0.000,0.000,3.353,0.000,0.000,0.000]
  Iter 25: LB=-2.131360  UB=20.488329  gap=1.10e+00
  Cut: intercept=-184.462964, π_x_range=[-263.0000, 132.2069]
  Mini-Benders[1] (mw): LB=-2.052547, Z₀(α*)=11.603600, intercept=-7.369054 (0.860s) [OMP=0.773 ISP-L=0.009 ISP-F=0.029 MW-L=0.024 MW-F=0.026]
  Mini-Benders[2] (mw): LB=-1.945491, Z₀(α*)=20.684049, intercept=-34.802320 (0.906s) [OMP=0.820 ISP-L=0.008 ISP-F=0.026 MW-L=0.024 MW-F=0.029]
  Mini-Benders[3] (mw): LB=-1.926447, Z₀(α*)=13.636288, intercept=-38.915017 (0.906s) [OMP=0.805 ISP-L=0.007 ISP-F=0.027 MW-L=0.024 MW-F=0.033]
  Mini-Benders[4] (mw): LB=-1.784009, Z₀(α*)=13.328527, intercept=-81.193549 (0.875s) [OMP=0.794 ISP-L=0.007 ISP-F=0.027 MW-L=0.020 MW-F=0.032]
  Mini-Benders[5] (mw): LB=-1.548425, Z₀(α*)=5.867755, intercept=-46.441643 (0.891s) [OMP=0.794 ISP-L=0.008 ISP-F=0.026 MW-L=0.022 MW-F=0.030]
  α-step: Z₀=24.050629, α=[0.000,0.000,0.000,0.000,0.000,0.000,0.000,0.000,0.000,0.000,0.000,0.000,0.000,0.000,0.000,0.000,1.728,0.000,0.000,0.000,0.000,0.000,0.000,0.000,0.000,0.000,0.000,1.134,0.000,0.000,0.000,0.000,0.000,0.000,4.325,0.000,0.000,0.000,0.000,0.000,0.000,0.000,0.000,0.000,0.000,0.000,0.000,0.000,0.000,0.000,0.000,0.000,0.000,0.000,0.000,0.000,0.000,0.000,0.000,0.000,0.000,0.000,0.000,0.000,0.000,0.000,0.000,0.000,0.000,0.000,0.000,0.000,3.257,0.000,0.000,0.000]
  Alt-Benders[1] (mw): LB=-1.467812, Z₀(α*)=17.158888, intercept=-32.483817 (0.860s) [OMP=0.765 ISP-L=0.008 ISP-F=0.032 MW-L=0.024 MW-F=0.031]
  Alt-Benders[2] (mw): LB=-1.424997, Z₀(α*)=24.342110, intercept=-4.370660 (0.781s) [OMP=0.688 ISP-L=0.007 ISP-F=0.026 MW-L=0.023 MW-F=0.035]
  Alt-Benders[3] (mw): LB=-1.297994, Z₀(α*)=10.850992, intercept=-91.824418 (0.750s) [OMP=0.666 ISP-L=0.008 ISP-F=0.029 MW-L=0.021 MW-F=0.034]
  Alt-Benders[4] (mw): LB=-1.150781, Z₀(α*)=7.284279, intercept=-84.513122 (0.781s) [OMP=0.672 ISP-L=0.009 ISP-F=0.032 MW-L=0.020 MW-F=0.036]
  Alt-Benders[5] (mw): LB=-1.123785, Z₀(α*)=15.468183, intercept=-24.712997 (0.750s) [OMP=0.660 ISP-L=0.007 ISP-F=0.027 MW-L=0.024 MW-F=0.032]
  OMP re-solve: 0.673s

=== True-DRO Benders iter 26 ===
  OMP: t₀=-1.113959, UB=20.488329, gap=1.05e+00, x=[0, 0, 0, 0, 0, 0, 0, 0, 0, 0, 0, 0, 0, 0, 0, 0, 1, 0, 0, 0, 0, 0, 0, 0, 0, 0, 0, 0, 0, 0, 0, 0, 0, 0, 0, 0, 0, 0, 0, 0, 0, 0, 0, 0, 0, 0, 0, 0, 0, 0, 0, 0, 0, 0, 0, 0, 0, 0, 0, 0, 1, 0, 0, 0, 0, 0, 0, 0, 0, 0, 0, 0, 0, 0, 0, 0] (0.001s)
  Sub: Z₀=26.898974 [LOCAL] (0.8s), α=[0.000,0.000,0.000,0.000,0.000,0.000,0.000,0.000,0.000,0.000,0.000,0.000,0.000,0.000,0.000,0.000,2.281,0.000,0.000,0.000,0.061,0.000,0.000,0.000,0.000,0.000,0.000,0.000,0.000,0.000,0.000,0.000,0.000,0.000,2.602,0.000,0.000,0.000,0.000,0.000,0.000,0.000,0.000,0.000,0.000,0.000,0.000,0.000,0.000,0.000,0.365,0.000,0.000,0.000,0.000,0.000,0.000,0.000,0.000,0.000,0.000,0.000,0.000,0.000,0.000,0.000,0.000,0.000,0.000,0.000,0.000,0.014,5.120,0.000,0.000,0.000]
  Iter 26: LB=-1.113959  UB=20.488329  gap=1.05e+00
  Cut: intercept=-1100.738094, π_x_range=[-826.4807, 570.0625]
  Mini-Benders[1] (mw): LB=-1.075142, Z₀(α*)=13.545907, intercept=-67.894216 (0.813s) [OMP=0.713 ISP-L=0.007 ISP-F=0.027 MW-L=0.024 MW-F=0.032]
  Mini-Benders[2] (mw): LB=-1.059153, Z₀(α*)=24.949315, intercept=-29.786430 (0.765s) [OMP=0.682 ISP-L=0.007 ISP-F=0.028 MW-L=0.020 MW-F=0.034]
  Mini-Benders[3] (mw): LB=-0.830810, Z₀(α*)=18.698272, intercept=-13.857757 (0.813s) [OMP=0.716 ISP-L=0.010 ISP-F=0.031 MW-L=0.021 MW-F=0.035]
  Mini-Benders[4] (mw): LB=-0.767646, Z₀(α*)=-2.529034, intercept=-69.226300 (0.781s) [OMP=0.680 ISP-L=0.009 ISP-F=0.025 MW-L=0.021 MW-F=0.033]
  Mini-Benders[5] (mw): LB=-0.767646, Z₀(α*)=-2.529034, intercept=-69.226300 (0.750s) [OMP=0.660 ISP-L=0.009 ISP-F=0.025 MW-L=0.023 MW-F=0.029]
  α-step: Z₀=20.014957, α=[0.000,0.000,0.000,0.000,0.000,0.000,0.000,0.000,0.000,0.000,0.000,0.000,0.000,0.000,0.000,0.000,0.000,0.000,0.000,0.000,0.000,0.000,0.000,0.000,0.000,0.000,0.000,0.000,0.000,0.000,0.000,0.000,0.000,0.000,0.000,0.000,0.000,0.000,0.000,0.000,0.000,0.000,0.000,0.000,0.000,0.000,0.000,0.000,0.000,0.000,0.122,0.000,0.000,0.000,0.000,0.000,0.000,0.000,0.000,0.000,0.000,0.000,0.000,0.000,0.000,0.000,0.000,0.000,0.000,0.000,0.000,5.445,4.876,0.000,0.000,0.000]
  Alt-Benders[1] (mw): LB=-0.751855, Z₀(α*)=8.847628, intercept=12.750594 (0.766s) [OMP=0.668 ISP-L=0.009 ISP-F=0.032 MW-L=0.025 MW-F=0.032]
  Alt-Benders[2] (mw): LB=-0.739974, Z₀(α*)=20.302880, intercept=-69.063610 (0.781s) [OMP=0.668 ISP-L=0.008 ISP-F=0.026 MW-L=0.021 MW-F=0.048]
  Alt-Benders[3] (mw): LB=-0.408512, Z₀(α*)=14.267880, intercept=-24.385250 (0.797s) [OMP=0.712 ISP-L=0.007 ISP-F=0.031 MW-L=0.019 MW-F=0.035]
  Alt-Benders[4] (mw): LB=-0.276707, Z₀(α*)=1.592524, intercept=-44.300713 (0.797s) [OMP=0.701 ISP-L=0.008 ISP-F=0.026 MW-L=0.023 MW-F=0.030]
  Alt-Benders[5] (mw): LB=-0.106482, Z₀(α*)=6.662090, intercept=-14.497221 (0.859s) [OMP=0.774 ISP-L=0.008 ISP-F=0.028 MW-L=0.023 MW-F=0.031]
  OMP re-solve: 0.735s

=== True-DRO Benders iter 27 ===
  OMP: t₀=0.009355, UB=20.488329, gap=1.00e+00, x=[0, 0, 0, 0, 0, 0, 0, 0, 0, 0, 0, 0, 0, 0, 0, 0, 0, 0, 0, 0, 0, 0, 0, 0, 0, 0, 0, 0, 0, 0, 0, 0, 0, 0, 0, 0, 0, 0, 0, 0, 0, 0, 0, 0, 0, 0, 0, 0, 0, 0, 0, 1, 0, 0, 0, 0, 0, 0, 0, 0, 1, 0, 0, 0, 0, 0, 0, 0, 0, 0, 0, 0, 0, 0, 0, 0] (0.001s)
  Sub: Z₀=23.599722 [LOCAL] (0.5s), α=[0.000,0.000,0.000,0.000,0.000,0.000,0.000,0.000,0.000,0.000,0.000,0.000,0.000,0.000,0.000,0.000,0.000,0.000,0.000,0.000,0.000,0.000,0.000,0.000,0.000,0.000,0.000,0.000,0.000,0.000,0.000,0.000,0.000,0.000,2.646,0.000,0.000,0.000,0.000,0.000,0.000,0.000,0.000,0.000,0.000,0.000,0.000,0.000,0.000,0.000,1.239,3.550,0.000,0.000,0.000,0.000,0.000,0.000,0.000,0.000,0.000,0.000,0.000,0.000,0.000,0.000,0.000,0.000,0.000,0.000,0.000,0.057,2.950,0.000,0.000,0.000]
  Iter 27: LB=0.009355  UB=20.488329  gap=1.00e+00
  Cut: intercept=-1100.785581, π_x_range=[-827.4679, 563.2457]
  Mini-Benders[1] (mw): LB=0.056270, Z₀(α*)=-9.516790, intercept=-55.257254 (0.813s) [OMP=0.718 ISP-L=0.008 ISP-F=0.025 MW-L=0.020 MW-F=0.035]
  Mini-Benders[2] (mw): LB=0.056270, Z₀(α*)=-9.516790, intercept=-55.257254 (0.781s) [OMP=0.686 ISP-L=0.009 ISP-F=0.024 MW-L=0.021 MW-F=0.036]
  Mini-Benders[3] (mw): LB=0.056270, Z₀(α*)=-9.516790, intercept=-55.257254 (0.781s) [OMP=0.688 ISP-L=0.008 ISP-F=0.024 MW-L=0.023 MW-F=0.033]
  Mini-Benders[4]: LB stagnated, break
  α-step: Z₀=20.125041, α=[0.000,0.000,0.000,0.000,0.000,0.000,0.000,0.000,0.000,0.000,0.000,0.000,0.000,0.000,0.000,0.000,0.000,0.000,0.000,0.000,0.000,0.000,0.000,0.000,0.000,0.000,0.000,0.000,0.000,0.000,0.000,0.000,0.000,0.000,7.186,0.000,0.000,0.000,0.000,0.000,0.000,0.000,0.000,0.000,0.000,0.000,0.000,0.000,0.000,0.000,0.000,0.000,0.000,0.000,0.000,0.000,0.000,0.000,0.000,0.000,0.000,0.000,0.000,0.000,0.000,0.000,0.000,0.000,0.000,0.000,0.000,0.000,3.257,0.000,0.000,0.000]
  Alt-Benders[1] (mw): LB=0.180626, Z₀(α*)=8.782705, intercept=-65.439227 (0.844s) [OMP=0.758 ISP-L=0.009 ISP-F=0.029 MW-L=0.025 MW-F=0.034]
  Alt-Benders[2] (mw): LB=0.223395, Z₀(α*)=6.125086, intercept=-84.607459 (0.953s) [OMP=0.854 ISP-L=0.008 ISP-F=0.028 MW-L=0.020 MW-F=0.033]
  Alt-Benders[3] (mw): LB=0.301326, Z₀(α*)=2.388796, intercept=-37.823618 (0.937s) [OMP=0.835 ISP-L=0.008 ISP-F=0.031 MW-L=0.020 MW-F=0.035]
  Alt-Benders[4] (mw): LB=0.776710, Z₀(α*)=1.233499, intercept=-30.981216 (0.860s) [OMP=0.777 ISP-L=0.008 ISP-F=0.027 MW-L=0.023 MW-F=0.029]
  Alt-Benders[5] (mw): LB=0.779253, Z₀(α*)=12.440750, intercept=-71.206995 (0.828s) [OMP=0.731 ISP-L=0.007 ISP-F=0.026 MW-L=0.023 MW-F=0.029]
  OMP re-solve: 0.752s

=== True-DRO Benders iter 28 ===
  OMP: t₀=0.880361, UB=20.488329, gap=9.57e-01, x=[0, 1, 0, 0, 0, 0, 0, 0, 0, 0, 0, 0, 0, 0, 0, 0, 0, 0, 0, 0, 0, 0, 0, 0, 0, 0, 0, 0, 0, 0, 0, 0, 0, 0, 1, 0, 0, 0, 0, 0, 0, 0, 0, 0, 0, 0, 0, 0, 0, 0, 0, 0, 0, 0, 0, 0, 0, 0, 0, 0, 0, 0, 0, 0, 0, 0, 0, 0, 0, 0, 0, 0, 0, 0, 0, 0] (0.001s)
  Sub: Z₀=20.669237 [LOCAL] (0.4s), α=[0.000,0.000,0.000,0.000,0.000,0.000,0.000,0.000,0.000,0.000,0.000,0.000,0.000,0.000,0.000,0.000,0.000,0.000,0.000,0.000,0.000,0.000,0.000,0.000,0.000,0.000,0.000,0.000,0.000,0.000,0.000,0.000,0.000,0.000,7.736,0.000,0.000,0.000,0.000,0.000,0.000,0.000,0.000,0.000,0.000,0.000,0.000,0.000,0.000,0.000,0.000,0.000,0.000,0.000,0.000,0.000,0.000,0.000,0.000,0.000,0.000,0.000,0.000,0.000,0.000,0.000,0.000,0.000,0.000,0.000,0.000,0.000,2.706,0.000,0.000,0.000]
  Iter 28: LB=0.880361  UB=20.488329  gap=9.57e-01
  Cut: intercept=-1111.751897, π_x_range=[-824.9824, 571.9252]
  Mini-Benders[1] (mw): LB=1.124825, Z₀(α*)=19.904066, intercept=-1.682115 (0.828s) [OMP=0.743 ISP-L=0.008 ISP-F=0.031 MW-L=0.021 MW-F=0.027]
  Mini-Benders[2] (mw): LB=1.170487, Z₀(α*)=17.616353, intercept=-38.021171 (0.938s) [OMP=0.849 ISP-L=0.007 ISP-F=0.026 MW-L=0.020 MW-F=0.034]
  Mini-Benders[3] (mw): LB=1.196030, Z₀(α*)=17.950453, intercept=-45.828351 (0.921s) [OMP=0.831 ISP-L=0.008 ISP-F=0.028 MW-L=0.020 MW-F=0.035]
  Mini-Benders[4] (mw): LB=1.199537, Z₀(α*)=6.851502, intercept=-45.004187 (0.907s) [OMP=0.797 ISP-L=0.009 ISP-F=0.031 MW-L=0.023 MW-F=0.030]
  Mini-Benders[5] (mw): LB=1.221647, Z₀(α*)=17.580793, intercept=-40.353175 (0.828s) [OMP=0.748 ISP-L=0.008 ISP-F=0.028 MW-L=0.025 MW-F=0.029]
  α-step: Z₀=22.659662, α=[0.000,0.000,0.000,0.000,0.000,0.000,0.000,0.000,0.000,0.000,0.000,0.000,0.000,0.000,0.000,0.000,0.000,0.000,0.000,0.000,0.000,0.000,0.000,0.000,0.000,0.000,0.000,0.000,0.000,0.000,0.000,0.000,0.000,0.000,0.000,0.000,0.000,0.000,0.000,0.000,0.000,0.000,0.000,0.000,0.000,0.000,0.000,0.000,0.000,0.000,0.000,0.000,0.000,0.000,0.000,0.000,0.000,0.000,0.000,0.000,0.000,0.000,0.000,0.000,0.000,0.000,0.000,0.000,0.000,0.000,0.000,0.000,10.443,0.000,0.000,0.000]
  Alt-Benders[1] (mw): LB=1.233517, Z₀(α*)=10.042082, intercept=-42.886352 (0.937s) [OMP=0.845 ISP-L=0.008 ISP-F=0.027 MW-L=0.019 MW-F=0.030]
  Alt-Benders[2] (mw): LB=1.280486, Z₀(α*)=17.130959, intercept=-45.909797 (0.891s) [OMP=0.798 ISP-L=0.007 ISP-F=0.027 MW-L=0.020 MW-F=0.028]
  Alt-Benders[3] (mw): LB=1.312219, Z₀(α*)=20.801343, intercept=-43.825304 (0.906s) [OMP=0.828 ISP-L=0.008 ISP-F=0.032 MW-L=0.023 MW-F=0.029]
  Alt-Benders[4] (mw): LB=1.322875, Z₀(α*)=17.464951, intercept=-88.050173 (0.859s) [OMP=0.777 ISP-L=0.007 ISP-F=0.026 MW-L=0.025 MW-F=0.031]
  Alt-Benders[5] (mw): LB=1.592522, Z₀(α*)=21.391007, intercept=-26.804012 (0.828s) [OMP=0.739 ISP-L=0.009 ISP-F=0.025 MW-L=0.025 MW-F=0.033]
  OMP re-solve: 0.727s

=== True-DRO Benders iter 29 ===
  OMP: t₀=1.932027, UB=20.488329, gap=9.06e-01, x=[0, 0, 0, 0, 0, 0, 0, 0, 0, 0, 0, 0, 0, 0, 0, 0, 1, 0, 0, 0, 0, 0, 0, 0, 0, 0, 0, 0, 0, 0, 0, 0, 0, 0, 0, 0, 0, 0, 0, 0, 0, 0, 0, 0, 0, 0, 0, 0, 0, 0, 0, 0, 0, 0, 0, 0, 0, 0, 0, 0, 0, 0, 0, 0, 1, 0, 0, 0, 0, 0, 0, 0, 0, 0, 0, 0] (0.001s)
  Sub: Z₀=26.139118 [LOCAL] (0.5s), α=[0.000,0.000,0.000,0.000,0.000,0.000,0.000,0.000,0.000,0.000,0.000,0.000,0.000,0.000,0.000,0.000,0.000,0.000,0.000,0.000,0.000,0.000,0.000,0.000,0.000,0.000,0.000,0.000,0.000,0.000,0.000,0.000,0.000,0.000,0.000,0.000,0.000,0.000,0.000,0.000,0.000,0.000,0.000,0.000,0.000,0.000,0.000,0.000,0.000,0.000,0.496,0.000,0.000,0.000,0.000,0.000,0.000,0.000,0.000,0.000,0.000,0.000,4.697,0.000,0.000,0.000,0.000,0.000,0.000,0.000,0.000,0.000,5.250,0.000,0.000,0.000]
  Iter 29: LB=1.932027  UB=20.488329  gap=9.06e-01
  Cut: intercept=-1109.626849, π_x_range=[-826.0917, 578.8704]
  Mini-Benders[1] (mw): LB=2.076501, Z₀(α*)=-13.745622, intercept=-64.453228 (0.829s) [OMP=0.727 ISP-L=0.009 ISP-F=0.029 MW-L=0.022 MW-F=0.031]
  Mini-Benders[2] (mw): LB=2.076501, Z₀(α*)=-13.745622, intercept=-64.453228 (0.796s) [OMP=0.717 ISP-L=0.009 ISP-F=0.029 MW-L=0.025 MW-F=0.028]
  Mini-Benders[3] (mw): LB=2.076501, Z₀(α*)=-13.745622, intercept=-64.453228 (0.813s) [OMP=0.714 ISP-L=0.009 ISP-F=0.028 MW-L=0.026 MW-F=0.028]
  Mini-Benders[4]: LB stagnated, break
  α-step: Z₀=22.519401, α=[0.000,0.000,0.000,0.000,0.000,0.000,0.000,0.000,0.000,0.000,0.000,0.000,0.000,0.000,0.000,0.000,0.000,0.000,0.000,0.000,0.000,0.000,0.000,0.000,0.000,0.000,0.000,0.000,0.000,0.000,0.000,0.000,0.000,0.000,0.000,0.000,0.000,0.000,0.000,0.000,0.000,0.000,0.000,0.000,0.000,0.000,0.000,0.000,0.000,0.000,0.000,0.000,0.000,0.000,0.000,0.000,0.000,0.000,0.000,0.000,0.000,0.000,0.000,0.000,0.000,0.000,0.000,0.000,0.000,0.000,0.000,0.000,10.443,0.000,0.000,0.000]
  Alt-Benders[1] (mw): LB=2.079511, Z₀(α*)=21.625359, intercept=-40.322965 (0.828s) [OMP=0.736 ISP-L=0.009 ISP-F=0.028 MW-L=0.019 MW-F=0.030]
  Alt-Benders[2] (mw): LB=2.091013, Z₀(α*)=20.776607, intercept=7.946088 (0.937s) [OMP=0.853 ISP-L=0.008 ISP-F=0.028 MW-L=0.019 MW-F=0.030]
  Alt-Benders[3] (mw): LB=2.120481, Z₀(α*)=24.730900, intercept=-21.591103 (0.813s) [OMP=0.723 ISP-L=0.007 ISP-F=0.026 MW-L=0.021 MW-F=0.027]
  Alt-Benders[4] (mw): LB=2.293116, Z₀(α*)=21.672784, intercept=-50.657527 (0.844s) [OMP=0.751 ISP-L=0.008 ISP-F=0.031 MW-L=0.023 MW-F=0.027]
  Alt-Benders[5] (mw): LB=2.388794, Z₀(α*)=22.920518, intercept=-9.237927 (0.812s) [OMP=0.724 ISP-L=0.008 ISP-F=0.030 MW-L=0.026 MW-F=0.030]
  OMP re-solve: 0.743s

=== True-DRO Benders iter 30 ===
  OMP: t₀=2.441212, UB=20.488329, gap=8.81e-01, x=[0, 0, 0, 0, 0, 0, 0, 0, 0, 0, 0, 0, 0, 0, 0, 0, 0, 0, 0, 0, 0, 0, 0, 0, 0, 0, 0, 0, 0, 0, 0, 0, 0, 0, 0, 0, 0, 0, 0, 0, 0, 0, 0, 0, 0, 0, 0, 0, 0, 0, 0, 1, 0, 0, 0, 0, 0, 0, 0, 0, 0, 0, 0, 0, 1, 0, 0, 0, 0, 0, 0, 0, 0, 0, 0, 0] (0.001s)
  Sub: Z₀=22.765274 [TIME_LIMIT] (15.1s), α=[0.000,0.000,0.000,0.000,0.000,0.000,0.000,0.000,0.000,0.000,0.000,0.000,0.000,0.000,0.000,0.000,0.000,0.000,0.000,0.000,0.000,0.000,0.000,0.000,0.000,0.000,0.000,0.000,0.000,0.000,0.000,0.000,0.000,0.000,0.000,0.000,0.000,0.000,0.000,0.000,0.000,0.000,0.000,0.000,0.000,0.000,0.000,0.000,0.000,0.000,2.532,3.906,0.000,0.000,0.000,0.000,0.000,0.000,0.000,0.000,0.000,0.000,0.000,0.000,0.000,0.000,0.000,0.000,0.000,0.000,0.000,0.000,4.006,0.000,0.000,0.000]
  Iter 30: LB=2.441212  UB=20.488329  gap=8.81e-01
  Cut: intercept=-149.962893, π_x_range=[-273.0000, 93.3247]
  Mini-Benders[1] (mw): LB=2.535586, Z₀(α*)=11.833525, intercept=-55.531194 (0.891s) [OMP=0.781 ISP-L=0.009 ISP-F=0.030 MW-L=0.021 MW-F=0.034]
  Mini-Benders[2] (mw): LB=2.662646, Z₀(α*)=8.599651, intercept=1.138033 (0.875s) [OMP=0.777 ISP-L=0.008 ISP-F=0.033 MW-L=0.019 MW-F=0.035]
  Mini-Benders[3] (mw): LB=2.712034, Z₀(α*)=0.007053, intercept=-37.269330 (0.859s) [OMP=0.778 ISP-L=0.008 ISP-F=0.029 MW-L=0.023 MW-F=0.031]
  Mini-Benders[4] (mw): LB=2.712034, Z₀(α*)=0.007053, intercept=-37.269330 (0.828s) [OMP=0.734 ISP-L=0.008 ISP-F=0.029 MW-L=0.023 MW-F=0.031]
  Mini-Benders[5] (mw): LB=2.712034, Z₀(α*)=0.007053, intercept=-37.269330 (0.844s) [OMP=0.740 ISP-L=0.008 ISP-F=0.029 MW-L=0.023 MW-F=0.032]
  α-step: Z₀=24.308241, α=[0.000,0.000,0.000,0.000,0.000,0.000,0.000,0.000,0.000,0.000,3.234,0.000,0.000,0.000,0.000,0.000,0.000,0.000,0.000,0.000,0.000,0.000,0.000,0.000,0.000,0.000,0.000,1.018,0.000,0.000,0.000,0.000,0.000,0.000,2.589,0.000,0.000,0.000,0.000,0.000,0.000,0.000,0.000,0.000,0.000,0.000,0.000,0.000,0.000,0.000,0.000,0.000,0.000,0.000,0.000,0.000,0.000,0.000,0.000,0.000,0.000,0.000,0.000,0.000,0.000,0.000,0.000,0.000,0.000,0.000,0.000,0.000,3.602,0.000,0.000,0.000]
  Alt-Benders[1] (mw): LB=2.745619, Z₀(α*)=24.766048, intercept=-17.382574 (0.890s) [OMP=0.790 ISP-L=0.008 ISP-F=0.031 MW-L=0.020 MW-F=0.032]
  Alt-Benders[2] (mw): LB=2.812521, Z₀(α*)=10.945230, intercept=-29.798661 (0.828s) [OMP=0.741 ISP-L=0.009 ISP-F=0.029 MW-L=0.023 MW-F=0.030]
  Alt-Benders[3] (mw): LB=2.914143, Z₀(α*)=-6.355092, intercept=-49.940324 (0.969s) [OMP=0.867 ISP-L=0.008 ISP-F=0.027 MW-L=0.025 MW-F=0.033]
  Alt-Benders[4] (mw): LB=2.914143, Z₀(α*)=-6.355092, intercept=-49.940324 (0.844s) [OMP=0.744 ISP-L=0.008 ISP-F=0.028 MW-L=0.025 MW-F=0.035]
  Alt-Benders[5] (mw): LB=2.914143, Z₀(α*)=-6.355092, intercept=-49.940324 (0.828s) [OMP=0.738 ISP-L=0.008 ISP-F=0.028 MW-L=0.022 MW-F=0.036]
  OMP re-solve: 0.732s

=== True-DRO Benders iter 31 ===
  OMP: t₀=2.914143, UB=20.488329, gap=8.58e-01, x=[0, 0, 0, 0, 0, 0, 0, 0, 0, 0, 0, 0, 0, 1, 0, 0, 0, 0, 0, 0, 0, 0, 0, 0, 0, 0, 0, 0, 0, 0, 0, 0, 0, 0, 1, 0, 0, 0, 0, 0, 0, 0, 0, 0, 0, 0, 0, 0, 0, 0, 0, 0, 0, 0, 0, 0, 0, 0, 0, 0, 0, 0, 0, 0, 0, 0, 0, 0, 0, 0, 0, 0, 0, 0, 0, 0] (0.001s)
  Sub: Z₀=20.353235 [LOCAL] (0.5s), α=[0.000,0.000,0.000,0.000,0.000,0.000,0.000,0.000,0.000,0.000,0.000,0.000,0.000,0.000,0.000,0.000,0.000,0.000,0.000,0.000,0.000,0.000,0.000,0.000,0.000,0.000,0.000,0.000,0.000,0.000,0.000,0.000,0.000,0.000,8.023,0.000,0.000,0.000,0.000,0.000,0.000,0.000,0.000,0.000,0.000,0.000,0.000,0.000,0.000,0.000,0.000,0.000,0.000,0.000,0.000,0.000,0.000,0.000,0.000,0.000,0.000,0.000,0.000,0.000,0.000,0.000,0.000,0.000,0.000,0.000,0.000,0.000,2.420,0.000,0.000,0.000]
  Iter 31: LB=2.914143  UB=20.488329  gap=8.58e-01
  Cut: intercept=-1145.791731, π_x_range=[-826.0704, 593.6333]
  Mini-Benders[1] (mw): LB=2.971570, Z₀(α*)=-31.133231, intercept=-59.800882 (0.890s) [OMP=0.792 ISP-L=0.008 ISP-F=0.027 MW-L=0.020 MW-F=0.032]
  Mini-Benders[2] (mw): LB=2.971570, Z₀(α*)=-31.133231, intercept=-59.800882 (0.829s) [OMP=0.743 ISP-L=0.008 ISP-F=0.027 MW-L=0.023 MW-F=0.028]
  Mini-Benders[3] (mw): LB=2.971570, Z₀(α*)=-31.133231, intercept=-59.800882 (0.828s) [OMP=0.742 ISP-L=0.008 ISP-F=0.026 MW-L=0.023 MW-F=0.028]
  Mini-Benders[4]: LB stagnated, break
  α-step: Z₀=20.350002, α=[0.000,0.000,0.000,0.000,0.000,0.000,0.000,0.000,0.000,0.000,0.000,0.000,0.000,0.000,0.000,0.000,0.000,0.000,0.000,0.000,0.000,0.000,0.000,0.000,0.000,0.000,0.000,0.000,0.000,0.000,0.000,0.000,0.000,0.000,0.000,0.000,0.000,0.000,0.000,0.000,0.000,0.000,0.000,0.000,0.000,0.000,0.000,0.000,0.000,0.000,0.000,0.000,0.000,0.000,0.000,0.000,0.000,0.000,0.000,0.000,0.000,0.000,0.000,0.000,0.000,0.000,0.000,0.000,0.000,0.000,0.000,5.689,4.754,0.000,0.000,0.000]
  Alt-Benders[1] (mw): LB=3.009309, Z₀(α*)=7.045166, intercept=-44.532299 (0.953s) [OMP=0.846 ISP-L=0.008 ISP-F=0.032 MW-L=0.019 MW-F=0.035]
  Alt-Benders[2] (mw): LB=3.034514, Z₀(α*)=14.603501, intercept=17.297126 (0.844s) [OMP=0.761 ISP-L=0.008 ISP-F=0.032 MW-L=0.020 MW-F=0.031]
  Alt-Benders[3] (mw): LB=3.083221, Z₀(α*)=-11.330076, intercept=-58.443716 (0.906s) [OMP=0.809 ISP-L=0.008 ISP-F=0.028 MW-L=0.023 MW-F=0.029]
  Alt-Benders[4] (mw): LB=3.083221, Z₀(α*)=-11.330076, intercept=-58.443716 (0.828s) [OMP=0.743 ISP-L=0.008 ISP-F=0.028 MW-L=0.024 MW-F=0.029]
  Alt-Benders[5] (mw): LB=3.083221, Z₀(α*)=-11.330076, intercept=-58.443716 (0.844s) [OMP=0.752 ISP-L=0.008 ISP-F=0.028 MW-L=0.023 MW-F=0.031]
  OMP re-solve: 0.743s

=== True-DRO Benders iter 32 ===
  OMP: t₀=3.083221, UB=20.488329, gap=8.50e-01, x=[0, 0, 0, 0, 0, 0, 0, 0, 0, 0, 0, 0, 0, 1, 0, 0, 0, 0, 0, 0, 0, 0, 0, 0, 0, 0, 0, 0, 0, 0, 0, 0, 0, 0, 0, 0, 0, 0, 0, 0, 0, 0, 0, 0, 0, 0, 0, 0, 0, 0, 0, 1, 0, 0, 0, 0, 0, 0, 0, 0, 0, 0, 0, 0, 0, 0, 0, 0, 0, 0, 0, 0, 0, 0, 0, 0] (0.001s)
  Sub: Z₀=22.472619 [LOCAL] (0.5s), α=[0.000,0.000,0.000,0.000,0.000,0.000,0.000,0.000,0.000,0.000,0.000,0.000,0.000,1.348,0.000,0.000,0.000,0.000,0.000,0.000,0.000,0.000,0.000,0.000,0.000,0.000,0.000,0.000,0.000,0.000,0.000,0.000,0.000,0.000,2.773,0.000,0.000,0.000,0.000,0.000,0.000,0.000,0.000,0.000,0.000,0.000,0.000,0.000,0.000,0.000,0.000,4.271,0.000,0.000,0.000,0.000,0.000,0.000,0.000,0.000,0.000,0.000,0.000,0.000,0.000,0.000,0.000,0.000,0.000,0.000,0.000,0.185,1.866,0.000,0.000,0.000]
  Iter 32: LB=3.083221  UB=20.488329  gap=8.50e-01
  Cut: intercept=-1119.456572, π_x_range=[-826.3567, 582.6581]
  Mini-Benders[1] (mw): LB=3.157399, Z₀(α*)=0.247678, intercept=-30.863137 (0.875s) [OMP=0.772 ISP-L=0.009 ISP-F=0.038 MW-L=0.019 MW-F=0.034]
  Mini-Benders[2] (mw): LB=3.157399, Z₀(α*)=0.247678, intercept=-30.863137 (0.859s) [OMP=0.757 ISP-L=0.009 ISP-F=0.038 MW-L=0.019 MW-F=0.035]
  Mini-Benders[3] (mw): LB=3.157399, Z₀(α*)=0.247678, intercept=-30.863137 (0.860s) [OMP=0.757 ISP-L=0.009 ISP-F=0.038 MW-L=0.022 MW-F=0.031]
  Mini-Benders[4]: LB stagnated, break
  α-step: Z₀=25.885887, α=[0.000,0.000,0.000,0.000,0.000,0.000,0.000,0.000,0.000,0.000,0.000,0.000,0.000,0.000,0.000,0.000,1.381,0.000,0.000,0.000,0.000,0.000,0.000,0.000,0.000,0.000,0.000,0.000,0.000,0.000,0.000,0.000,0.000,0.000,0.326,0.000,0.000,0.000,0.000,0.000,0.000,0.000,0.000,0.000,0.000,0.000,0.000,0.000,0.000,0.000,2.532,0.000,0.000,0.030,0.000,0.000,0.000,0.000,0.000,0.000,0.000,0.000,0.000,0.000,0.000,0.000,0.000,0.000,0.000,0.000,0.000,0.000,6.174,0.000,0.000,0.000]
  Alt-Benders[1] (mw): LB=3.183514, Z₀(α*)=24.018669, intercept=18.284952 (0.953s) [OMP=0.849 ISP-L=0.009 ISP-F=0.031 MW-L=0.024 MW-F=0.026]
  Alt-Benders[2] (mw): LB=3.189074, Z₀(α*)=12.706332, intercept=-33.346447 (0.859s) [OMP=0.764 ISP-L=0.008 ISP-F=0.033 MW-L=0.021 MW-F=0.031]
  Alt-Benders[3] (mw): LB=3.285752, Z₀(α*)=26.839429, intercept=-13.137152 (0.859s) [OMP=0.774 ISP-L=0.008 ISP-F=0.029 MW-L=0.021 MW-F=0.028]
  Alt-Benders[4] (mw): LB=3.299023, Z₀(α*)=12.292016, intercept=-32.011979 (0.844s) [OMP=0.760 ISP-L=0.008 ISP-F=0.027 MW-L=0.024 MW-F=0.028]
  Alt-Benders[5] (mw): LB=3.641796, Z₀(α*)=15.132883, intercept=-83.315886 (0.906s) [OMP=0.817 ISP-L=0.007 ISP-F=0.023 MW-L=0.022 MW-F=0.031]
  OMP re-solve: 0.867s

=== True-DRO Benders iter 33 ===
  OMP: t₀=3.673747, UB=20.488329, gap=8.21e-01, x=[0, 0, 0, 0, 0, 0, 0, 0, 0, 0, 0, 0, 0, 0, 0, 0, 0, 0, 0, 0, 0, 1, 0, 0, 0, 0, 0, 0, 0, 0, 0, 0, 0, 0, 0, 0, 0, 0, 0, 0, 0, 0, 0, 0, 0, 0, 0, 0, 0, 0, 0, 0, 0, 0, 0, 0, 0, 0, 0, 0, 1, 0, 0, 0, 0, 0, 0, 0, 0, 0, 0, 0, 0, 0, 0, 0] (0.001s)
  Sub: Z₀=27.344697 [LOCAL] (0.5s), α=[0.000,0.000,0.000,0.000,0.000,0.000,0.000,0.000,0.000,0.000,0.000,0.000,0.000,0.000,0.000,0.000,1.586,0.000,0.000,0.000,0.169,0.000,0.000,0.000,0.000,0.000,0.000,0.000,0.000,0.000,0.000,0.000,0.000,0.000,2.606,0.000,0.000,0.000,0.000,0.000,0.000,0.000,0.000,0.000,0.000,0.000,0.000,0.000,0.000,0.000,0.656,0.000,0.000,0.000,0.000,0.000,0.000,0.000,0.000,0.000,0.000,0.000,0.000,0.000,0.000,0.000,0.000,0.000,0.000,0.000,0.000,0.017,5.410,0.000,0.000,0.000]
  Iter 33: LB=3.673747  UB=20.488329  gap=8.21e-01
  Cut: intercept=-1075.876527, π_x_range=[-826.6845, 557.9638]
  Mini-Benders[1] (mw): LB=3.964847, Z₀(α*)=24.438439, intercept=-40.011386 (0.891s) [OMP=0.792 ISP-L=0.008 ISP-F=0.031 MW-L=0.021 MW-F=0.035]
  Mini-Benders[2] (mw): LB=4.070789, Z₀(α*)=6.512319, intercept=-109.299002 (0.890s) [OMP=0.797 ISP-L=0.010 ISP-F=0.032 MW-L=0.020 MW-F=0.033]
  Mini-Benders[3] (mw): LB=4.074018, Z₀(α*)=20.639455, intercept=-34.730915 (0.985s) [OMP=0.890 ISP-L=0.009 ISP-F=0.030 MW-L=0.020 MW-F=0.030]
  Mini-Benders[4] (mw): LB=4.227124, Z₀(α*)=23.857524, intercept=1.839711 (1.031s) [OMP=0.940 ISP-L=0.008 ISP-F=0.028 MW-L=0.024 MW-F=0.025]
  Mini-Benders[5] (mw): LB=4.230966, Z₀(α*)=6.645635, intercept=-67.754863 (1.000s) [OMP=0.912 ISP-L=0.008 ISP-F=0.026 MW-L=0.024 MW-F=0.029]
  α-step: Z₀=21.792218, α=[0.000,0.000,0.000,0.000,0.000,0.000,0.000,0.000,0.000,0.000,0.000,0.000,0.000,0.000,0.000,0.000,0.000,0.000,0.000,0.000,0.000,0.000,0.000,0.000,0.000,0.000,0.000,0.000,0.000,0.000,0.000,0.000,0.000,0.000,3.129,0.000,0.000,0.000,0.000,0.000,0.000,0.000,0.000,0.000,0.000,0.000,0.000,0.000,0.000,0.000,2.532,0.000,0.000,2.108,0.000,2.133,0.000,0.000,0.000,0.000,0.000,0.000,0.000,0.000,0.000,0.000,0.000,0.000,0.000,0.000,0.000,0.540,0.000,0.000,0.000,0.000]
  Alt-Benders[1] (mw): LB=4.443456, Z₀(α*)=0.974488, intercept=-24.629714 (0.907s) [OMP=0.818 ISP-L=0.009 ISP-F=0.029 MW-L=0.018 MW-F=0.031]
  Alt-Benders[2] (mw): LB=4.443456, Z₀(α*)=0.974488, intercept=-24.629714 (0.812s) [OMP=0.725 ISP-L=0.008 ISP-F=0.028 MW-L=0.018 MW-F=0.030]
  Alt-Benders[3] (mw): LB=4.443456, Z₀(α*)=0.974488, intercept=-24.629714 (0.813s) [OMP=0.712 ISP-L=0.009 ISP-F=0.028 MW-L=0.021 MW-F=0.027]
  Alt-Benders[4]: LB stagnated, break
  OMP re-solve: 0.001s

=== True-DRO Benders iter 34 ===
  OMP: t₀=4.443456, UB=20.488329, gap=7.83e-01, x=[0, 0, 0, 0, 0, 0, 1, 0, 0, 0, 0, 0, 0, 0, 0, 0, 0, 0, 0, 0, 0, 0, 0, 0, 0, 0, 0, 0, 0, 0, 0, 0, 0, 0, 0, 0, 0, 0, 0, 0, 0, 0, 0, 0, 0, 0, 0, 0, 0, 0, 1, 0, 0, 0, 0, 0, 0, 0, 0, 0, 0, 0, 0, 0, 0, 0, 0, 0, 0, 0, 0, 0, 0, 0, 0, 0] (0.001s)
  Sub: Z₀=26.316692 [LOCAL] (0.5s), α=[0.000,0.000,0.000,0.000,0.000,0.000,0.000,0.000,0.000,0.000,0.000,0.000,0.000,0.000,0.000,0.000,0.866,0.000,0.000,0.000,0.114,0.000,0.000,0.000,0.000,0.000,0.000,0.000,0.000,0.000,0.000,0.000,0.000,0.000,2.110,0.000,0.000,0.000,0.000,0.000,0.000,0.000,0.000,0.000,0.000,0.000,0.000,0.000,0.000,0.000,2.952,0.000,0.000,0.000,0.000,0.000,0.000,0.000,0.000,0.000,0.000,0.000,0.000,0.000,0.000,0.000,0.000,0.000,0.000,0.000,0.000,0.000,4.401,0.000,0.000,0.000]
  Iter 34: LB=4.443456  UB=20.488329  gap=7.83e-01
  Cut: intercept=-1137.097543, π_x_range=[-826.7900, 593.9403]
  Mini-Benders[1] (mw): LB=4.648638, Z₀(α*)=20.318450, intercept=-14.901971 (0.937s) [OMP=0.849 ISP-L=0.009 ISP-F=0.032 MW-L=0.022 MW-F=0.027]
  Mini-Benders[2] (mw): LB=4.852049, Z₀(α*)=9.968876, intercept=-39.025207 (0.953s) [OMP=0.866 ISP-L=0.006 ISP-F=0.023 MW-L=0.025 MW-F=0.030]
  Mini-Benders[3] (mw): LB=4.862794, Z₀(α*)=18.867557, intercept=8.755758 (0.985s) [OMP=0.889 ISP-L=0.009 ISP-F=0.032 MW-L=0.022 MW-F=0.029]
  Mini-Benders[4] (mw): LB=4.873093, Z₀(α*)=26.206513, intercept=-27.178878 (0.968s) [OMP=0.850 ISP-L=0.009 ISP-F=0.031 MW-L=0.019 MW-F=0.056]
  Mini-Benders[5] (mw): LB=4.884365, Z₀(α*)=16.613400, intercept=-40.938113 (0.938s) [OMP=0.843 ISP-L=0.009 ISP-F=0.030 MW-L=0.022 MW-F=0.029]
  α-step: Z₀=22.104160, α=[0.000,0.000,0.000,0.000,0.000,0.000,0.000,0.000,0.000,0.000,0.000,0.000,0.000,0.000,0.000,0.000,0.000,0.000,0.000,0.000,0.000,0.000,0.000,0.000,0.000,0.000,0.000,0.000,0.000,0.000,0.000,0.000,0.000,0.000,2.186,0.000,0.000,0.000,0.000,0.000,0.000,0.000,5.000,0.000,0.000,0.000,0.000,0.000,0.000,0.000,0.000,0.000,0.000,0.000,0.000,0.000,0.000,0.000,0.000,0.000,0.000,0.000,0.000,0.000,0.000,0.000,0.000,0.000,0.000,0.000,0.000,0.000,3.257,0.000,0.000,0.000]
  Alt-Benders[1] (mw): LB=5.301114, Z₀(α*)=2.294963, intercept=-21.565399 (0.968s) [OMP=0.878 ISP-L=0.008 ISP-F=0.029 MW-L=0.023 MW-F=0.029]
  Alt-Benders[2] (mw): LB=5.301114, Z₀(α*)=2.294963, intercept=-21.565399 (0.954s) [OMP=0.856 ISP-L=0.009 ISP-F=0.029 MW-L=0.020 MW-F=0.030]
  Alt-Benders[3] (mw): LB=5.301114, Z₀(α*)=2.294963, intercept=-21.565399 (0.937s) [OMP=0.846 ISP-L=0.008 ISP-F=0.029 MW-L=0.020 MW-F=0.030]
  Alt-Benders[4]: LB stagnated, break
  OMP re-solve: 0.000s

=== True-DRO Benders iter 35 ===
  OMP: t₀=5.301114, UB=20.488329, gap=7.41e-01, x=[0, 0, 0, 0, 0, 0, 0, 0, 0, 0, 0, 0, 0, 0, 0, 0, 0, 0, 0, 0, 0, 0, 0, 0, 0, 0, 0, 0, 0, 0, 0, 0, 0, 0, 0, 0, 0, 0, 0, 0, 0, 0, 0, 0, 0, 0, 0, 0, 0, 0, 0, 0, 0, 1, 0, 0, 0, 0, 0, 0, 0, 0, 1, 0, 0, 0, 0, 0, 0, 0, 0, 0, 0, 0, 0, 0] (0.000s)
  Sub: Z₀=23.302522 [TIME_LIMIT] (15.1s), α=[0.000,0.000,0.000,0.000,0.000,0.000,0.000,0.000,0.000,0.000,0.000,0.000,0.000,0.000,0.000,0.000,0.000,0.000,0.000,0.000,0.000,0.000,0.000,0.000,0.000,0.000,0.000,0.000,0.000,0.000,0.000,0.000,0.000,0.000,3.670,0.000,0.000,0.000,0.000,0.000,0.000,0.000,0.000,0.000,0.000,0.000,0.000,0.000,0.000,0.000,1.059,0.000,0.000,2.857,0.000,2.857,0.000,0.000,0.000,0.000,0.000,0.000,0.000,0.000,0.000,0.000,0.000,0.000,0.000,0.000,0.000,0.000,0.000,0.000,0.000,0.000]
  Iter 35: LB=5.301114  UB=20.488329  gap=7.41e-01
  Cut: intercept=-45.534442, π_x_range=[-231.9898, 68.7370]
  Mini-Benders[1] (mw): LB=5.305011, Z₀(α*)=-7.568968, intercept=-38.323224 (0.976s) [OMP=0.895 ISP-L=0.008 ISP-F=0.032 MW-L=0.023 MW-F=0.026]
  Mini-Benders[2] (mw): LB=5.305011, Z₀(α*)=-7.568968, intercept=-38.323224 (0.969s) [OMP=0.875 ISP-L=0.008 ISP-F=0.030 MW-L=0.023 MW-F=0.026]
  Mini-Benders[3] (mw): LB=5.305011, Z₀(α*)=-7.568968, intercept=-38.323224 (0.984s) [OMP=0.881 ISP-L=0.008 ISP-F=0.031 MW-L=0.023 MW-F=0.027]
  Mini-Benders[4]: LB stagnated, break
  α-step: Z₀=25.319576, α=[0.000,0.000,0.000,0.000,0.000,0.000,0.000,0.000,0.000,0.000,0.000,0.000,0.000,0.000,0.000,0.000,3.242,0.000,0.000,0.000,0.000,0.000,0.000,0.000,0.000,0.000,0.000,0.000,0.000,0.000,0.000,0.000,0.000,0.000,2.589,0.000,0.000,0.000,0.000,0.000,0.000,0.000,0.000,0.000,0.000,0.000,0.000,0.000,0.000,0.000,1.083,0.000,0.000,0.000,0.000,0.000,0.000,0.000,0.000,0.000,0.000,0.000,0.000,0.000,0.000,0.000,0.000,0.000,0.000,0.000,0.000,0.000,3.529,0.000,0.000,0.000]
  Alt-Benders[1] (mw): LB=5.315574, Z₀(α*)=25.784120, intercept=15.271417 (1.016s) [OMP=0.906 ISP-L=0.009 ISP-F=0.031 MW-L=0.020 MW-F=0.036]
  Alt-Benders[2] (mw): LB=5.329742, Z₀(α*)=15.454189, intercept=-28.193842 (0.953s) [OMP=0.862 ISP-L=0.010 ISP-F=0.033 MW-L=0.023 MW-F=0.028]
  Alt-Benders[3] (mw): LB=5.360102, Z₀(α*)=13.237050, intercept=-20.598926 (0.969s) [OMP=0.875 ISP-L=0.009 ISP-F=0.026 MW-L=0.024 MW-F=0.033]
  Alt-Benders[4] (mw): LB=5.543590, Z₀(α*)=25.152093, intercept=6.546911 (0.937s) [OMP=0.839 ISP-L=0.009 ISP-F=0.029 MW-L=0.025 MW-F=0.030]
  Alt-Benders[5] (mw): LB=5.567471, Z₀(α*)=23.363783, intercept=-14.381623 (0.969s) [OMP=0.866 ISP-L=0.009 ISP-F=0.029 MW-L=0.020 MW-F=0.038]
  OMP re-solve: 0.842s

=== True-DRO Benders iter 36 ===
  OMP: t₀=5.629933, UB=20.488329, gap=7.25e-01, x=[0, 0, 0, 0, 0, 0, 0, 0, 0, 0, 0, 0, 0, 0, 0, 0, 0, 0, 0, 0, 1, 0, 0, 0, 0, 0, 0, 0, 0, 1, 0, 0, 0, 0, 0, 0, 0, 0, 0, 0, 0, 0, 0, 0, 0, 0, 0, 0, 0, 0, 0, 0, 0, 0, 0, 0, 0, 0, 0, 0, 0, 0, 0, 0, 0, 0, 0, 0, 0, 0, 0, 0, 0, 0, 0, 0] (0.000s)
  Sub: Z₀=24.157863 [LOCAL] (0.5s), α=[0.000,0.000,0.000,0.000,0.000,0.000,0.000,0.000,0.000,0.000,0.000,0.000,0.000,0.000,0.000,0.000,0.822,0.000,0.000,0.000,2.412,0.000,0.000,0.000,0.000,0.000,0.000,0.000,0.000,0.000,0.000,0.000,0.000,0.000,2.455,0.000,0.000,0.000,0.000,0.000,0.000,0.000,0.000,0.000,0.000,0.000,0.000,0.000,0.000,0.000,0.000,0.000,0.000,0.000,0.000,0.000,0.000,0.000,0.000,0.000,0.000,0.000,0.000,0.000,0.000,0.000,0.000,0.000,0.000,0.000,0.000,0.000,4.754,0.000,0.000,0.000]
  Iter 36: LB=5.629933  UB=20.488329  gap=7.25e-01
  Cut: intercept=-1143.687211, π_x_range=[-825.2932, 583.9546]
  Mini-Benders[1] (mw): LB=5.779567, Z₀(α*)=12.437102, intercept=-22.803529 (0.891s) [OMP=0.806 ISP-L=0.008 ISP-F=0.027 MW-L=0.020 MW-F=0.034]
  Mini-Benders[2] (mw): LB=5.790825, Z₀(α*)=25.396090, intercept=-4.630966 (0.922s) [OMP=0.817 ISP-L=0.008 ISP-F=0.030 MW-L=0.022 MW-F=0.033]
  Mini-Benders[3] (mw): LB=5.803876, Z₀(α*)=24.107521, intercept=-28.068223 (0.922s) [OMP=0.823 ISP-L=0.008 ISP-F=0.032 MW-L=0.023 MW-F=0.032]
  Mini-Benders[4] (mw): LB=5.842595, Z₀(α*)=11.555962, intercept=-31.283821 (1.000s) [OMP=0.913 ISP-L=0.009 ISP-F=0.030 MW-L=0.025 MW-F=0.029]
  Mini-Benders[5] (mw): LB=5.867752, Z₀(α*)=10.077697, intercept=-27.220080 (0.984s) [OMP=0.884 ISP-L=0.008 ISP-F=0.025 MW-L=0.020 MW-F=0.033]
  α-step: Z₀=26.079710, α=[0.000,0.000,0.000,0.000,0.000,0.000,0.000,0.000,0.000,0.000,0.000,0.000,0.000,0.000,0.000,0.000,2.457,0.000,0.000,0.000,0.000,0.000,0.000,0.000,0.000,0.000,0.000,0.000,0.000,0.000,0.000,0.000,0.000,0.000,5.726,0.000,0.000,0.000,0.000,0.000,0.000,0.000,0.000,0.000,0.000,0.000,0.000,0.000,0.000,0.000,0.000,0.000,0.000,0.000,0.000,0.000,0.000,0.000,0.000,0.000,0.000,0.000,0.000,0.000,0.000,0.000,0.000,0.000,0.000,0.000,0.000,0.000,2.260,0.000,0.000,0.000]
  Alt-Benders[1] (mw): LB=5.916993, Z₀(α*)=13.937749, intercept=-58.045260 (0.906s) [OMP=0.816 ISP-L=0.008 ISP-F=0.026 MW-L=0.024 MW-F=0.028]
  Alt-Benders[2] (mw): LB=6.114631, Z₀(α*)=20.315835, intercept=-15.841248 (1.015s) [OMP=0.921 ISP-L=0.008 ISP-F=0.029 MW-L=0.024 MW-F=0.029]
  Alt-Benders[3] (mw): LB=6.125085, Z₀(α*)=6.342550, intercept=-65.581179 (0.954s) [OMP=0.859 ISP-L=0.007 ISP-F=0.028 MW-L=0.025 MW-F=0.030]
  Alt-Benders[4] (mw): LB=6.215270, Z₀(α*)=23.286372, intercept=-22.650050 (0.875s) [OMP=0.798 ISP-L=0.008 ISP-F=0.027 MW-L=0.022 MW-F=0.031]
  Alt-Benders[5] (mw): LB=6.220194, Z₀(α*)=26.068015, intercept=7.727442 (0.937s) [OMP=0.837 ISP-L=0.008 ISP-F=0.028 MW-L=0.018 MW-F=0.034]
  OMP re-solve: 0.828s

=== True-DRO Benders iter 37 ===
  OMP: t₀=6.336422, UB=20.488329, gap=6.91e-01, x=[0, 0, 0, 0, 0, 0, 0, 0, 0, 0, 0, 0, 0, 0, 0, 0, 0, 0, 0, 0, 0, 0, 0, 0, 0, 0, 0, 0, 0, 0, 0, 0, 0, 0, 0, 0, 0, 0, 0, 0, 0, 0, 1, 0, 0, 0, 0, 0, 0, 0, 0, 0, 0, 0, 0, 0, 0, 0, 0, 0, 0, 0, 0, 0, 1, 0, 0, 0, 0, 0, 0, 0, 0, 0, 0, 0] (0.001s)
  Sub: Z₀=24.116958 [LOCAL] (0.6s), α=[0.000,0.000,0.000,0.000,0.000,0.000,0.000,0.000,0.000,0.000,1.710,0.000,0.000,0.000,0.000,0.000,0.000,0.000,0.000,0.000,0.000,0.000,0.000,0.000,0.000,0.000,0.000,0.000,0.000,0.000,0.000,0.000,0.000,0.000,0.000,0.000,0.000,0.000,0.000,0.000,0.000,0.000,3.993,0.000,0.000,0.000,0.000,0.000,0.000,0.010,0.000,0.000,0.000,0.000,0.000,0.000,0.000,0.000,0.000,0.000,0.000,0.000,1.532,0.000,0.751,0.000,0.000,0.000,0.000,0.000,0.000,0.000,2.446,0.000,0.000,0.000]
  Iter 37: LB=6.336422  UB=20.488329  gap=6.91e-01
  Cut: intercept=-1057.959752, π_x_range=[-825.1361, 551.5560]
  Mini-Benders[1] (mw): LB=6.342548, Z₀(α*)=1.473609, intercept=-67.907011 (0.969s) [OMP=0.869 ISP-L=0.008 ISP-F=0.033 MW-L=0.023 MW-F=0.034]
  Mini-Benders[2] (mw): LB=6.342548, Z₀(α*)=1.473609, intercept=-67.907011 (0.922s) [OMP=0.823 ISP-L=0.008 ISP-F=0.033 MW-L=0.024 MW-F=0.034]
  Mini-Benders[3] (mw): LB=6.342548, Z₀(α*)=1.473609, intercept=-67.907011 (0.906s) [OMP=0.805 ISP-L=0.008 ISP-F=0.032 MW-L=0.023 MW-F=0.035]
  Mini-Benders[4]: LB stagnated, break
  α-step: Z₀=22.164562, α=[0.000,0.000,0.000,0.000,0.000,0.000,0.000,0.000,0.000,0.000,0.000,0.000,0.000,0.000,0.000,0.000,0.656,0.000,0.000,0.000,0.000,0.000,0.000,0.000,0.000,0.000,0.000,0.000,0.000,0.000,0.000,0.000,0.000,0.000,0.000,0.000,0.000,0.000,0.000,0.000,0.000,0.000,0.000,0.000,0.000,0.000,0.000,0.000,0.000,0.000,2.532,0.000,0.000,0.398,0.000,0.000,0.000,0.000,0.000,0.000,0.000,0.671,0.000,0.000,0.000,0.000,0.000,0.000,0.000,0.000,0.000,0.000,6.186,0.000,0.000,0.000]
  Alt-Benders[1] (mw): LB=6.390351, Z₀(α*)=12.020030, intercept=-65.853149 (0.937s) [OMP=0.849 ISP-L=0.008 ISP-F=0.028 MW-L=0.019 MW-F=0.029]
  Alt-Benders[2] (mw): LB=6.412722, Z₀(α*)=19.693862, intercept=10.916182 (0.891s) [OMP=0.800 ISP-L=0.008 ISP-F=0.029 MW-L=0.020 MW-F=0.030]
  Alt-Benders[3] (mw): LB=6.439658, Z₀(α*)=20.997158, intercept=-36.509380 (0.937s) [OMP=0.845 ISP-L=0.007 ISP-F=0.030 MW-L=0.022 MW-F=0.026]
  Alt-Benders[4] (mw): LB=6.512317, Z₀(α*)=12.198342, intercept=-108.341574 (0.969s) [OMP=0.867 ISP-L=0.009 ISP-F=0.029 MW-L=0.024 MW-F=0.030]
  Alt-Benders[5] (mw): LB=6.620771, Z₀(α*)=25.888457, intercept=-25.299860 (1.031s) [OMP=0.920 ISP-L=0.009 ISP-F=0.031 MW-L=0.021 MW-F=0.050]
  OMP re-solve: 0.905s

=== True-DRO Benders iter 38 ===
  OMP: t₀=6.631789, UB=20.488329, gap=6.76e-01, x=[0, 0, 0, 0, 0, 0, 0, 0, 0, 0, 0, 0, 0, 0, 0, 0, 0, 0, 0, 0, 0, 0, 0, 0, 0, 0, 0, 0, 0, 0, 0, 0, 0, 0, 0, 0, 0, 0, 0, 0, 0, 0, 0, 0, 0, 0, 0, 0, 0, 0, 0, 0, 0, 0, 0, 0, 0, 0, 0, 0, 0, 1, 0, 0, 1, 0, 0, 0, 0, 0, 0, 0, 0, 0, 0, 0] (0.000s)
  Sub: Z₀=25.246748 [LOCAL] (0.5s), α=[0.000,0.000,0.000,0.000,0.000,0.000,0.000,0.000,0.000,0.000,0.000,0.000,0.000,0.000,0.000,0.000,0.000,0.000,0.000,0.000,0.000,0.000,0.000,0.000,0.000,0.000,0.000,0.000,0.000,0.000,0.000,0.000,0.000,0.000,0.000,0.000,0.000,0.000,0.000,0.000,0.000,0.000,0.000,0.000,0.000,0.000,0.000,0.000,0.000,0.000,2.079,0.000,0.000,0.257,0.000,0.000,0.000,0.000,0.000,0.000,0.000,0.669,1.907,0.000,0.025,0.000,0.000,0.000,0.000,0.000,0.000,0.000,5.505,0.000,0.000,0.000]
  Iter 38: LB=6.631789  UB=20.488329  gap=6.76e-01
  Cut: intercept=-1069.640093, π_x_range=[-825.7919, 557.0440]
  Mini-Benders[1] (mw): LB=6.645633, Z₀(α*)=6.860657, intercept=-46.385283 (0.922s) [OMP=0.827 ISP-L=0.009 ISP-F=0.030 MW-L=0.022 MW-F=0.034]
  Mini-Benders[2] (mw): LB=6.662088, Z₀(α*)=17.808720, intercept=-10.800674 (0.922s) [OMP=0.836 ISP-L=0.007 ISP-F=0.027 MW-L=0.022 MW-F=0.033]
  Mini-Benders[3] (mw): LB=6.718464, Z₀(α*)=20.863159, intercept=-80.719669 (0.937s) [OMP=0.842 ISP-L=0.008 ISP-F=0.026 MW-L=0.022 MW-F=0.030]
  Mini-Benders[4] (mw): LB=6.778823, Z₀(α*)=21.881030, intercept=-76.634933 (1.047s) [OMP=0.946 ISP-L=0.009 ISP-F=0.031 MW-L=0.022 MW-F=0.029]
  Mini-Benders[5] (mw): LB=6.827297, Z₀(α*)=22.128720, intercept=10.166093 (0.937s) [OMP=0.850 ISP-L=0.008 ISP-F=0.029 MW-L=0.024 MW-F=0.032]
  α-step: Z₀=22.561334, α=[0.000,0.000,0.000,0.000,0.000,0.000,0.000,0.000,0.000,0.000,0.000,0.000,0.000,0.000,0.000,0.000,0.000,0.000,0.000,0.000,0.000,0.000,0.000,0.000,0.000,0.000,0.000,0.000,0.000,0.000,0.000,0.000,0.000,0.000,0.000,0.000,0.000,0.000,0.000,0.000,0.000,0.000,0.000,0.000,0.000,0.000,0.000,0.000,0.000,0.000,0.000,0.000,0.000,0.000,0.000,0.000,0.000,0.000,0.000,0.000,0.000,0.000,0.000,0.000,0.000,0.000,0.000,0.000,0.000,0.000,0.000,0.000,10.443,0.000,0.000,0.000]
  Alt-Benders[1] (mw): LB=6.874347, Z₀(α*)=25.241522, intercept=12.066221 (0.922s) [OMP=0.835 ISP-L=0.009 ISP-F=0.029 MW-L=0.018 MW-F=0.029]
  Alt-Benders[2] (mw): LB=6.938183, Z₀(α*)=23.171808, intercept=-36.403974 (0.906s) [OMP=0.814 ISP-L=0.009 ISP-F=0.032 MW-L=0.025 MW-F=0.026]
  Alt-Benders[3] (mw): LB=7.045164, Z₀(α*)=20.826200, intercept=-35.997018 (1.032s) [OMP=0.937 ISP-L=0.009 ISP-F=0.030 MW-L=0.022 MW-F=0.030]
  Alt-Benders[4] (mw): LB=7.109152, Z₀(α*)=19.826561, intercept=3.637404 (1.031s) [OMP=0.945 ISP-L=0.008 ISP-F=0.027 MW-L=0.023 MW-F=0.030]
  Alt-Benders[5] (mw): LB=7.157133, Z₀(α*)=24.365881, intercept=-31.869090 (0.937s) [OMP=0.844 ISP-L=0.009 ISP-F=0.027 MW-L=0.020 MW-F=0.030]
  OMP re-solve: 0.963s

=== True-DRO Benders iter 39 ===
  OMP: t₀=7.284277, UB=20.488329, gap=6.44e-01, x=[0, 0, 0, 0, 0, 0, 1, 0, 0, 0, 0, 0, 0, 0, 0, 0, 0, 0, 0, 0, 0, 0, 0, 0, 0, 0, 0, 0, 0, 0, 0, 0, 0, 0, 0, 0, 0, 0, 0, 0, 0, 0, 0, 0, 0, 0, 0, 0, 0, 0, 0, 0, 0, 0, 0, 0, 0, 0, 0, 0, 0, 0, 0, 0, 1, 0, 0, 0, 0, 0, 0, 0, 0, 0, 0, 0] (0.000s)
  Sub: Z₀=26.247804 [LOCAL] (0.6s), α=[0.000,0.000,0.000,0.000,0.000,0.000,0.000,0.000,0.000,0.000,0.000,0.000,0.000,0.000,0.000,0.000,0.000,0.000,0.000,0.000,0.000,0.000,0.000,0.000,0.000,0.000,0.000,0.000,0.000,0.000,0.000,0.000,0.000,0.000,0.000,0.000,0.000,0.000,0.000,0.000,0.000,0.000,0.000,0.000,0.000,0.000,0.000,0.000,0.000,0.000,2.335,0.000,0.000,0.000,0.000,0.000,0.000,0.000,0.000,0.000,0.000,0.000,1.934,0.000,0.000,0.000,0.000,0.000,0.000,0.000,0.000,0.000,6.173,0.000,0.000,0.000]
  Iter 39: LB=7.284277  UB=20.488329  gap=6.44e-01
  Cut: intercept=-1107.813764, π_x_range=[-825.9268, 570.5322]
  Mini-Benders[1] (mw): LB=7.512821, Z₀(α*)=5.516189, intercept=-46.522423 (0.937s) [OMP=0.847 ISP-L=0.007 ISP-F=0.029 MW-L=0.021 MW-F=0.032]
  Mini-Benders[2] (mw): LB=7.512821, Z₀(α*)=5.516189, intercept=-46.522423 (0.906s) [OMP=0.820 ISP-L=0.007 ISP-F=0.029 MW-L=0.024 MW-F=0.029]
  Mini-Benders[3] (mw): LB=7.512821, Z₀(α*)=5.516189, intercept=-46.522423 (0.891s) [OMP=0.800 ISP-L=0.007 ISP-F=0.028 MW-L=0.024 MW-F=0.030]
  Mini-Benders[4]: LB stagnated, break
  α-step: Z₀=24.608784, α=[0.000,0.000,0.000,0.000,0.000,0.000,0.000,0.000,0.000,0.000,2.522,0.000,0.000,0.000,0.000,0.000,0.000,0.000,0.000,0.000,0.000,0.000,0.000,0.000,0.000,0.000,0.000,0.000,0.000,0.000,0.000,0.000,0.000,0.000,1.358,0.000,0.000,0.000,0.000,0.000,0.000,0.000,3.572,0.000,0.000,0.000,0.000,0.000,0.000,0.000,0.000,0.000,0.000,0.000,0.000,0.000,0.000,0.000,0.000,0.000,0.000,0.000,0.000,0.000,0.000,0.000,0.000,0.000,0.000,0.000,0.000,0.000,2.992,0.000,0.000,0.000]
  Alt-Benders[1] (mw): LB=7.792548, Z₀(α*)=-4.676129, intercept=-21.208325 (0.953s) [OMP=0.862 ISP-L=0.009 ISP-F=0.029 MW-L=0.022 MW-F=0.028]
  Alt-Benders[2] (mw): LB=7.792548, Z₀(α*)=-4.676129, intercept=-21.208325 (0.938s) [OMP=0.853 ISP-L=0.009 ISP-F=0.029 MW-L=0.022 MW-F=0.028]
  Alt-Benders[3] (mw): LB=7.792548, Z₀(α*)=-4.676129, intercept=-21.208325 (1.000s) [OMP=0.906 ISP-L=0.010 ISP-F=0.030 MW-L=0.022 MW-F=0.029]
  Alt-Benders[4]: LB stagnated, break
  OMP re-solve: 0.000s

=== True-DRO Benders iter 40 ===
  OMP: t₀=7.792548, UB=20.488329, gap=6.20e-01, x=[1, 0, 0, 0, 0, 0, 0, 0, 0, 0, 0, 0, 0, 0, 0, 0, 0, 0, 0, 0, 0, 0, 0, 0, 0, 0, 0, 0, 0, 0, 0, 0, 0, 0, 0, 0, 0, 0, 0, 0, 0, 0, 0, 0, 0, 0, 0, 0, 0, 0, 0, 0, 0, 1, 0, 0, 0, 0, 0, 0, 0, 0, 0, 0, 0, 0, 0, 0, 0, 0, 0, 0, 0, 0, 0, 0] (0.000s)
  Sub: Z₀=23.258471 [TIME_LIMIT] (15.1s), α=[0.000,0.000,0.000,0.000,0.000,0.000,0.000,0.000,0.000,0.000,0.000,0.000,0.000,0.000,0.000,0.000,0.000,0.000,0.000,0.000,0.000,0.000,0.000,0.000,0.000,0.000,0.000,0.000,0.000,0.000,0.000,0.000,0.000,0.000,2.627,0.000,0.000,0.000,0.000,0.000,0.000,0.000,0.000,0.000,0.000,0.000,0.000,0.000,0.000,0.000,1.629,0.000,0.000,5.318,0.000,0.327,0.000,0.000,0.000,0.000,0.000,0.000,0.000,0.000,0.000,0.000,0.000,0.000,0.000,0.000,0.000,0.038,0.502,0.000,0.000,0.000]
  Iter 40: LB=7.792548  UB=20.488329  gap=6.20e-01
  Cut: intercept=-75.963846, π_x_range=[-262.0000, 68.5813]
  Mini-Benders[1] (mw): LB=7.819894, Z₀(α*)=13.649152, intercept=-97.905320 (0.954s) [OMP=0.862 ISP-L=0.009 ISP-F=0.027 MW-L=0.024 MW-F=0.032]
  Mini-Benders[2] (mw): LB=7.840127, Z₀(α*)=0.882743, intercept=-26.323148 (0.921s) [OMP=0.817 ISP-L=0.008 ISP-F=0.032 MW-L=0.023 MW-F=0.034]
  Mini-Benders[3] (mw): LB=7.840127, Z₀(α*)=0.882743, intercept=-26.323148 (0.844s) [OMP=0.749 ISP-L=0.008 ISP-F=0.032 MW-L=0.019 MW-F=0.036]
  Mini-Benders[4] (mw): LB=7.840127, Z₀(α*)=0.882743, intercept=-26.323148 (0.860s) [OMP=0.750 ISP-L=0.008 ISP-F=0.033 MW-L=0.020 MW-F=0.036]
  Mini-Benders[5]: LB stagnated, break
  α-step: Z₀=26.297130, α=[0.000,0.000,0.000,0.000,0.000,0.000,0.000,0.000,0.000,0.000,0.000,0.000,0.000,0.000,0.000,0.000,2.185,0.000,0.000,0.000,0.000,0.000,0.000,0.000,0.000,0.000,0.000,0.000,0.000,0.000,0.000,0.000,0.000,0.000,6.231,0.000,0.000,0.000,0.000,0.000,0.000,0.000,0.000,0.000,0.000,0.000,0.000,0.000,0.000,0.000,0.543,0.000,0.000,0.000,0.000,0.000,0.000,0.000,0.000,0.000,0.000,0.000,0.000,0.000,0.000,0.000,0.000,0.000,0.000,0.000,0.000,0.000,1.484,0.000,0.000,0.000]
  Alt-Benders[1] (mw): LB=8.049055, Z₀(α*)=-41.428375, intercept=-59.322276 (1.016s) [OMP=0.929 ISP-L=0.009 ISP-F=0.026 MW-L=0.023 MW-F=0.031]
  Alt-Benders[2] (mw): LB=8.049055, Z₀(α*)=-41.428375, intercept=-59.322276 (0.937s) [OMP=0.843 ISP-L=0.008 ISP-F=0.025 MW-L=0.024 MW-F=0.031]
  Alt-Benders[3] (mw): LB=8.049055, Z₀(α*)=-41.428375, intercept=-59.322276 (0.938s) [OMP=0.855 ISP-L=0.009 ISP-F=0.026 MW-L=0.024 MW-F=0.033]
  Alt-Benders[4]: LB stagnated, break
  OMP re-solve: 0.001s

=== True-DRO Benders iter 41 ===
  OMP: t₀=8.049055, UB=20.488329, gap=6.07e-01, x=[0, 0, 0, 0, 0, 1, 0, 0, 0, 0, 0, 0, 0, 0, 0, 0, 0, 0, 0, 0, 0, 0, 0, 0, 0, 0, 0, 0, 0, 0, 0, 0, 0, 0, 0, 0, 0, 0, 0, 0, 0, 0, 0, 0, 0, 0, 0, 0, 0, 0, 0, 0, 0, 0, 0, 0, 0, 0, 0, 0, 0, 0, 0, 0, 0, 0, 0, 0, 0, 0, 0, 1, 0, 0, 0, 0] (0.001s)
  Sub: Z₀=20.887365 [LOCAL] (0.4s), α=[0.000,0.000,0.000,0.000,0.000,0.000,0.000,0.000,0.000,0.000,0.000,0.000,0.000,0.000,0.000,0.000,0.000,0.000,0.000,0.000,0.000,0.000,0.000,0.000,0.000,0.000,0.000,0.000,0.000,0.000,0.000,0.000,0.000,0.000,0.000,0.000,0.000,0.000,0.000,0.000,0.000,0.000,0.000,0.000,0.000,0.000,0.000,0.000,0.000,0.000,0.000,0.000,0.000,0.000,0.000,0.000,0.000,0.000,0.000,0.000,0.000,0.000,0.000,0.000,0.000,0.000,0.000,0.000,0.000,0.000,0.000,6.831,3.612,0.000,0.000,0.000]
  Iter 41: LB=8.049055  UB=20.488329  gap=6.07e-01
  Cut: intercept=-1122.622450, π_x_range=[-825.4414, 574.6431]
  Mini-Benders[1] (mw): LB=8.170915, Z₀(α*)=-5.904489, intercept=-60.087073 (0.984s) [OMP=0.890 ISP-L=0.007 ISP-F=0.023 MW-L=0.020 MW-F=0.037]
  Mini-Benders[2] (mw): LB=8.170915, Z₀(α*)=-5.904489, intercept=-60.087073 (1.031s) [OMP=0.945 ISP-L=0.007 ISP-F=0.023 MW-L=0.020 MW-F=0.037]
  Mini-Benders[3] (mw): LB=8.170915, Z₀(α*)=-5.904489, intercept=-60.087073 (1.032s) [OMP=0.949 ISP-L=0.007 ISP-F=0.023 MW-L=0.023 MW-F=0.034]
  Mini-Benders[4]: LB stagnated, break
  α-step: Z₀=24.867745, α=[0.000,0.000,0.000,0.000,0.000,0.000,0.000,0.000,0.000,0.000,2.522,0.000,0.000,0.000,0.000,0.000,1.078,0.000,0.000,0.000,0.000,0.000,0.000,0.000,0.000,0.000,0.000,0.000,0.000,0.000,0.000,0.000,0.000,0.000,0.267,0.000,0.000,0.000,0.000,0.000,0.000,0.000,3.319,0.000,0.000,0.000,0.000,0.000,0.000,0.000,0.000,0.000,0.000,0.000,0.000,0.000,0.000,0.000,0.000,0.000,0.000,0.000,0.000,0.000,0.000,0.000,0.000,0.000,0.000,0.000,0.000,0.000,3.257,0.000,0.000,0.000]
  Alt-Benders[1] (mw): LB=8.211212, Z₀(α*)=12.481680, intercept=-34.100822 (1.140s) [OMP=1.037 ISP-L=0.008 ISP-F=0.029 MW-L=0.024 MW-F=0.030]
  Alt-Benders[2] (mw): LB=8.280743, Z₀(α*)=10.444505, intercept=-25.262672 (1.047s) [OMP=0.956 ISP-L=0.008 ISP-F=0.025 MW-L=0.019 MW-F=0.036]
  Alt-Benders[3] (mw): LB=8.302510, Z₀(α*)=-30.480806, intercept=-60.146889 (1.000s) [OMP=0.924 ISP-L=0.008 ISP-F=0.024 MW-L=0.021 MW-F=0.032]
  Alt-Benders[4] (mw): LB=8.302510, Z₀(α*)=-30.480806, intercept=-60.146889 (0.985s) [OMP=0.889 ISP-L=0.008 ISP-F=0.024 MW-L=0.021 MW-F=0.032]
  Alt-Benders[5] (mw): LB=8.302510, Z₀(α*)=-30.480806, intercept=-60.146889 (0.984s) [OMP=0.888 ISP-L=0.008 ISP-F=0.025 MW-L=0.024 MW-F=0.029]
  OMP re-solve: 0.887s

=== True-DRO Benders iter 42 ===
  OMP: t₀=8.302510, UB=20.488329, gap=5.95e-01, x=[0, 0, 0, 0, 0, 0, 0, 0, 0, 0, 0, 0, 0, 0, 0, 0, 0, 0, 0, 0, 0, 0, 0, 0, 0, 0, 0, 0, 0, 0, 0, 0, 0, 0, 0, 0, 0, 0, 0, 0, 0, 0, 0, 0, 0, 0, 0, 0, 0, 0, 0, 0, 0, 0, 0, 0, 0, 0, 0, 0, 0, 0, 0, 0, 0, 0, 0, 0, 1, 0, 0, 1, 0, 0, 0, 0] (0.000s)
  Sub: Z₀=20.887365 [LOCAL] (0.4s), α=[0.000,0.000,0.000,0.000,0.000,0.000,0.000,0.000,0.000,0.000,0.000,0.000,0.000,0.000,0.000,0.000,0.000,0.000,0.000,0.000,0.000,0.000,0.000,0.000,0.000,0.000,0.000,0.000,0.000,0.000,0.000,0.000,0.000,0.000,0.000,0.000,0.000,0.000,0.000,0.000,0.000,0.000,0.000,0.000,0.000,0.000,0.000,0.000,0.000,0.000,0.000,0.000,0.000,0.000,0.000,0.000,0.000,0.000,0.000,0.000,0.000,0.000,0.000,0.000,0.000,0.000,0.000,0.000,0.000,0.000,0.000,6.831,3.612,0.000,0.000,0.000]
  Iter 42: LB=8.302510  UB=20.488329  gap=5.95e-01
  Cut: intercept=-1138.838389, π_x_range=[-825.4981, 590.8322]
  Mini-Benders[1] (mw): LB=8.310565, Z₀(α*)=-5.030549, intercept=-85.932849 (1.047s) [OMP=0.946 ISP-L=0.007 ISP-F=0.029 MW-L=0.025 MW-F=0.033]
  Mini-Benders[2] (mw): LB=8.310565, Z₀(α*)=-5.030549, intercept=-85.932849 (1.016s) [OMP=0.923 ISP-L=0.007 ISP-F=0.028 MW-L=0.022 MW-F=0.035]
  Mini-Benders[3] (mw): LB=8.310565, Z₀(α*)=-5.030549, intercept=-85.932849 (1.000s) [OMP=0.907 ISP-L=0.006 ISP-F=0.028 MW-L=0.022 MW-F=0.034]
  Mini-Benders[4]: LB stagnated, break
  α-step: Z₀=25.350527, α=[0.000,0.000,0.000,0.000,0.000,0.000,0.000,0.000,0.000,0.000,2.522,0.000,0.000,0.000,0.000,0.000,1.023,0.000,0.000,0.000,0.000,0.000,0.000,0.000,0.000,0.000,0.000,0.000,0.000,0.000,0.000,0.000,0.000,0.000,0.581,0.000,0.000,0.000,0.000,0.000,0.000,0.000,3.060,0.000,0.000,0.000,0.000,0.000,0.000,0.000,0.000,0.000,0.000,0.000,0.000,0.000,0.000,0.000,0.000,0.000,0.000,0.000,0.000,0.000,0.000,0.000,0.000,0.000,0.000,0.000,0.000,0.000,3.257,0.000,0.000,0.000]
  Alt-Benders[1] (mw): LB=8.367472, Z₀(α*)=13.130981, intercept=-25.033864 (1.015s) [OMP=0.914 ISP-L=0.008 ISP-F=0.030 MW-L=0.023 MW-F=0.029]
  Alt-Benders[2] (mw): LB=8.486026, Z₀(α*)=9.959883, intercept=-30.159302 (1.032s) [OMP=0.940 ISP-L=0.008 ISP-F=0.027 MW-L=0.024 MW-F=0.026]
  Alt-Benders[3] (mw): LB=8.599649, Z₀(α*)=13.729386, intercept=7.569201 (1.109s) [OMP=1.018 ISP-L=0.008 ISP-F=0.033 MW-L=0.024 MW-F=0.029]
  Alt-Benders[4] (mw): LB=8.750592, Z₀(α*)=-28.376000, intercept=-73.287575 (1.016s) [OMP=0.926 ISP-L=0.008 ISP-F=0.028 MW-L=0.020 MW-F=0.036]
  Alt-Benders[5] (mw): LB=8.750592, Z₀(α*)=-28.376000, intercept=-73.287575 (1.000s) [OMP=0.905 ISP-L=0.007 ISP-F=0.028 MW-L=0.020 MW-F=0.036]
  OMP re-solve: 0.910s

=== True-DRO Benders iter 43 ===
  OMP: t₀=8.750592, UB=20.488329, gap=5.73e-01, x=[0, 0, 0, 0, 0, 0, 0, 0, 0, 0, 0, 0, 0, 0, 0, 0, 0, 0, 0, 0, 0, 0, 0, 0, 0, 0, 0, 0, 0, 0, 0, 0, 0, 0, 0, 0, 0, 0, 0, 0, 0, 0, 0, 0, 0, 0, 1, 0, 0, 0, 0, 0, 0, 0, 0, 0, 0, 0, 0, 0, 0, 0, 0, 0, 0, 0, 0, 0, 0, 0, 0, 1, 0, 0, 0, 0] (0.000s)
  Sub: Z₀=20.816147 [LOCAL] (0.4s), α=[0.000,0.000,0.000,0.000,0.000,0.000,0.000,0.000,0.000,0.000,0.000,0.000,0.000,0.000,0.000,0.000,0.000,0.000,0.000,0.000,0.000,0.000,0.000,0.000,0.000,0.000,0.000,0.000,0.000,0.000,0.000,0.000,0.000,0.000,0.000,0.000,0.000,0.000,0.000,0.000,0.000,0.000,0.000,0.000,0.000,0.000,0.000,0.000,0.000,0.000,0.000,0.000,0.000,0.000,0.000,0.000,0.000,0.000,0.000,0.000,0.000,0.000,0.000,0.000,0.000,0.000,0.000,0.000,0.000,0.000,0.000,7.186,3.257,0.000,0.000,0.000]
  Iter 43: LB=8.750592  UB=20.488329  gap=5.73e-01
  Cut: intercept=-1123.837712, π_x_range=[-825.3632, 578.6080]
  Mini-Benders[1] (mw): LB=8.751699, Z₀(α*)=-12.730605, intercept=-47.672816 (1.078s) [OMP=0.979 ISP-L=0.008 ISP-F=0.031 MW-L=0.025 MW-F=0.034]
  Mini-Benders[2] (mw): LB=8.751699, Z₀(α*)=-12.730605, intercept=-47.672816 (0.953s) [OMP=0.855 ISP-L=0.008 ISP-F=0.032 MW-L=0.025 MW-F=0.034]
  Mini-Benders[3] (mw): LB=8.751699, Z₀(α*)=-12.730605, intercept=-47.672816 (0.938s) [OMP=0.829 ISP-L=0.008 ISP-F=0.031 MW-L=0.024 MW-F=0.035]
  Mini-Benders[4]: LB stagnated, break
  α-step: Z₀=22.966977, α=[0.000,0.000,0.000,0.000,0.000,0.000,0.000,0.000,0.000,0.000,0.000,0.000,0.000,0.000,0.000,0.000,0.000,0.000,0.000,0.000,0.000,0.000,0.000,0.000,0.000,0.000,0.000,0.000,0.000,0.000,0.000,0.000,0.000,0.000,0.000,0.000,0.000,0.000,0.000,0.000,0.000,0.000,0.000,0.000,0.000,0.000,0.000,0.000,0.000,0.000,1.297,0.000,0.000,0.000,0.000,0.000,0.000,0.000,0.000,0.000,0.000,0.000,0.000,0.000,0.000,0.000,0.000,0.000,0.000,0.000,0.000,0.000,9.146,0.000,0.000,0.000]
  Alt-Benders[1] (mw): LB=8.782703, Z₀(α*)=22.760872, intercept=-58.103184 (1.016s) [OMP=0.920 ISP-L=0.009 ISP-F=0.030 MW-L=0.019 MW-F=0.031]
  Alt-Benders[2] (mw): LB=8.807296, Z₀(α*)=25.718527, intercept=-10.815102 (1.031s) [OMP=0.944 ISP-L=0.008 ISP-F=0.030 MW-L=0.020 MW-F=0.030]
  Alt-Benders[3] (mw): LB=8.847626, Z₀(α*)=23.314259, intercept=19.749821 (1.032s) [OMP=0.934 ISP-L=0.009 ISP-F=0.030 MW-L=0.022 MW-F=0.029]
  Alt-Benders[4] (mw): LB=8.923696, Z₀(α*)=20.562875, intercept=-5.217909 (1.031s) [OMP=0.939 ISP-L=0.009 ISP-F=0.033 MW-L=0.023 MW-F=0.022]
  Alt-Benders[5] (mw): LB=9.002823, Z₀(α*)=7.531066, intercept=-63.465010 (1.000s) [OMP=0.916 ISP-L=0.008 ISP-F=0.026 MW-L=0.024 MW-F=0.030]
  OMP re-solve: 0.880s

=== True-DRO Benders iter 44 ===
  OMP: t₀=9.002824, UB=20.488329, gap=5.61e-01, x=[0, 0, 0, 0, 0, 0, 0, 0, 0, 0, 0, 0, 0, 0, 0, 0, 0, 0, 0, 0, 0, 0, 0, 0, 0, 0, 0, 0, 0, 0, 0, 0, 0, 0, 0, 0, 0, 0, 0, 0, 0, 0, 0, 0, 0, 0, 0, 0, 0, 0, 1, 0, 0, 0, 0, 0, 0, 0, 0, 0, 0, 0, 0, 0, 0, 0, 0, 0, 0, 0, 0, 1, 0, 0, 0, 0] (0.001s)
  Sub: Z₀=20.680996 [LOCAL] (0.4s), α=[0.000,0.000,0.000,0.000,0.000,0.000,0.000,0.000,0.000,0.000,0.000,0.000,0.000,0.000,0.000,0.000,0.000,0.000,0.000,0.000,0.000,0.000,0.000,0.000,0.000,0.000,0.000,0.000,0.000,0.000,0.000,0.000,0.000,0.000,0.000,0.000,0.000,0.000,0.000,0.000,0.000,0.000,0.000,0.000,0.000,0.000,0.000,0.000,0.000,0.000,0.000,0.000,0.000,0.000,0.000,0.000,0.000,0.000,0.000,0.000,0.000,0.000,0.000,0.000,0.000,0.000,0.000,0.000,0.000,0.000,0.000,8.994,1.449,0.000,0.000,0.000]
  Iter 44: LB=9.002824  UB=20.488329  gap=5.61e-01
  Cut: intercept=-1146.190806, π_x_range=[-825.2725, 599.1889]
  Mini-Benders[1] (mw): LB=9.081791, Z₀(α*)=-1.437253, intercept=-8.898870 (1.047s) [OMP=0.953 ISP-L=0.009 ISP-F=0.032 MW-L=0.018 MW-F=0.033]
  Mini-Benders[2] (mw): LB=9.081791, Z₀(α*)=-1.437253, intercept=-8.898870 (1.063s) [OMP=0.961 ISP-L=0.008 ISP-F=0.031 MW-L=0.018 MW-F=0.033]
  Mini-Benders[3] (mw): LB=9.081791, Z₀(α*)=-1.437253, intercept=-8.898870 (0.969s) [OMP=0.882 ISP-L=0.008 ISP-F=0.031 MW-L=0.021 MW-F=0.029]
  Mini-Benders[4]: LB stagnated, break
  α-step: Z₀=27.184993, α=[0.000,0.000,0.000,0.000,0.000,0.000,0.000,0.000,0.000,0.000,1.247,0.000,0.000,0.000,0.000,0.000,0.000,0.000,0.000,0.000,0.000,0.000,0.000,0.000,0.000,0.000,0.000,0.000,0.000,0.000,0.000,0.000,0.000,0.000,0.000,0.000,0.000,0.000,0.000,0.000,0.000,0.000,0.000,0.000,0.000,0.000,0.000,0.000,0.000,0.000,1.507,0.000,0.000,0.000,0.000,0.000,0.000,0.000,0.000,0.000,0.000,0.000,0.000,0.000,0.000,0.000,0.000,0.000,0.000,0.000,0.000,1.427,6.261,0.000,0.000,0.000]
  Alt-Benders[1] (mw): LB=9.199918, Z₀(α*)=8.225522, intercept=-45.315179 (0.968s) [OMP=0.877 ISP-L=0.007 ISP-F=0.030 MW-L=0.024 MW-F=0.032]
  Alt-Benders[2] (mw): LB=9.199918, Z₀(α*)=8.225522, intercept=-45.315179 (1.000s) [OMP=0.897 ISP-L=0.007 ISP-F=0.031 MW-L=0.024 MW-F=0.035]
  Alt-Benders[3] (mw): LB=9.199918, Z₀(α*)=8.225522, intercept=-45.315179 (1.000s) [OMP=0.903 ISP-L=0.007 ISP-F=0.030 MW-L=0.020 MW-F=0.036]
  Alt-Benders[4]: LB stagnated, break
  OMP re-solve: 0.000s

=== True-DRO Benders iter 45 ===
  OMP: t₀=9.199918, UB=20.488329, gap=5.51e-01, x=[0, 0, 0, 0, 0, 0, 0, 0, 0, 0, 0, 0, 0, 0, 0, 1, 0, 0, 0, 0, 0, 0, 0, 0, 0, 0, 0, 0, 0, 0, 0, 0, 0, 0, 0, 0, 0, 0, 0, 0, 0, 0, 1, 0, 0, 0, 0, 0, 0, 0, 0, 0, 0, 0, 0, 0, 0, 0, 0, 0, 0, 0, 0, 0, 0, 0, 0, 0, 0, 0, 0, 0, 0, 0, 0, 0] (0.000s)
  Sub: Z₀=25.598385 [TIME_LIMIT] (15.1s), α=[0.000,0.000,0.000,0.000,0.000,0.000,0.000,0.000,0.000,0.000,2.522,0.000,0.000,0.000,0.000,0.000,0.335,0.000,0.000,0.000,0.000,0.000,0.000,0.000,0.000,0.000,0.000,0.000,0.000,0.000,0.000,0.000,0.000,0.000,0.527,0.000,0.000,0.000,0.000,0.000,0.000,0.000,3.903,0.000,0.000,0.000,0.000,0.000,0.000,0.000,0.000,0.000,0.000,0.000,0.000,0.000,0.000,0.000,0.000,0.000,0.000,0.000,0.000,0.000,0.000,0.000,0.000,0.000,0.000,0.000,0.000,0.000,3.156,0.000,0.000,0.000]
  Iter 45: LB=9.199918  UB=20.488329  gap=5.51e-01
  Cut: intercept=-69.299142, π_x_range=[-242.0000, 58.7238]
  Mini-Benders[1] (mw): LB=9.201564, Z₀(α*)=7.794455, intercept=-10.760637 (1.110s) [OMP=1.020 ISP-L=0.009 ISP-F=0.030 MW-L=0.020 MW-F=0.032]
  Mini-Benders[2] (mw): LB=9.201564, Z₀(α*)=7.794455, intercept=-10.760637 (0.953s) [OMP=0.852 ISP-L=0.008 ISP-F=0.030 MW-L=0.023 MW-F=0.029]
  Mini-Benders[3] (mw): LB=9.201564, Z₀(α*)=7.794455, intercept=-10.760637 (0.922s) [OMP=0.833 ISP-L=0.009 ISP-F=0.030 MW-L=0.023 MW-F=0.029]
  Mini-Benders[4]: LB stagnated, break
  α-step: Z₀=25.517721, α=[0.000,0.000,0.000,0.000,0.000,0.000,0.000,0.000,0.000,0.000,0.100,0.000,0.000,0.000,0.000,0.000,3.916,0.000,0.000,0.000,0.000,0.000,0.000,0.000,0.000,0.000,0.000,0.000,0.000,0.000,0.000,0.000,0.000,0.000,2.589,0.000,0.000,0.000,0.000,0.000,0.000,0.000,0.000,0.000,0.000,0.000,0.000,0.000,0.000,0.000,0.000,0.000,0.000,0.000,0.000,0.000,0.000,0.000,0.000,0.000,0.000,0.000,0.000,0.000,0.000,0.000,0.000,0.000,0.000,0.000,0.000,0.000,3.838,0.000,0.000,0.000]
  Alt-Benders[1] (mw): LB=9.203906, Z₀(α*)=24.340944, intercept=-15.365860 (1.125s) [OMP=1.037 ISP-L=0.008 ISP-F=0.026 MW-L=0.020 MW-F=0.035]
  Alt-Benders[2] (mw): LB=9.212353, Z₀(α*)=26.899565, intercept=18.253366 (1.063s) [OMP=0.936 ISP-L=0.008 ISP-F=0.027 MW-L=0.019 MW-F=0.060]
  Alt-Benders[3] (mw): LB=9.231946, Z₀(α*)=-17.945668, intercept=-58.701452 (1.046s) [OMP=0.954 ISP-L=0.008 ISP-F=0.029 MW-L=0.023 MW-F=0.027]
  Alt-Benders[4] (mw): LB=9.231946, Z₀(α*)=-17.945668, intercept=-58.701452 (1.188s) [OMP=1.098 ISP-L=0.008 ISP-F=0.029 MW-L=0.025 MW-F=0.023]
  Alt-Benders[5] (mw): LB=9.231946, Z₀(α*)=-17.945668, intercept=-58.701452 (1.172s) [OMP=1.084 ISP-L=0.008 ISP-F=0.029 MW-L=0.026 MW-F=0.024]
  OMP re-solve: 1.087s

=== True-DRO Benders iter 46 ===
  OMP: t₀=9.231946, UB=20.488329, gap=5.49e-01, x=[0, 0, 0, 0, 0, 0, 0, 0, 0, 0, 0, 0, 0, 0, 0, 0, 0, 0, 0, 0, 0, 0, 0, 0, 0, 0, 0, 0, 0, 0, 0, 0, 0, 0, 0, 0, 0, 0, 1, 0, 0, 0, 0, 0, 0, 0, 0, 0, 0, 0, 0, 0, 0, 0, 0, 0, 0, 0, 0, 0, 0, 0, 0, 0, 0, 0, 0, 0, 0, 0, 0, 1, 0, 0, 0, 0] (0.000s)
  Sub: Z₀=20.887365 [LOCAL] (0.4s), α=[0.000,0.000,0.000,0.000,0.000,0.000,0.000,0.000,0.000,0.000,0.000,0.000,0.000,0.000,0.000,0.000,0.000,0.000,0.000,0.000,0.000,0.000,0.000,0.000,0.000,0.000,0.000,0.000,0.000,0.000,0.000,0.000,0.000,0.000,0.000,0.000,0.000,0.000,0.000,0.000,0.000,0.000,0.000,0.000,0.000,0.000,0.000,0.000,0.000,0.000,0.000,0.000,0.000,0.000,0.000,0.000,0.000,0.000,0.000,0.000,0.000,0.000,0.000,0.000,0.000,0.000,0.000,0.000,0.000,0.000,0.000,6.831,3.612,0.000,0.000,0.000]
  Iter 46: LB=9.231946  UB=20.488329  gap=5.49e-01
  Cut: intercept=-1139.463827, π_x_range=[-826.4082, 591.4546]
  Mini-Benders[1] (mw): LB=9.294758, Z₀(α*)=-0.211985, intercept=-31.123763 (1.094s) [OMP=0.996 ISP-L=0.009 ISP-F=0.032 MW-L=0.019 MW-F=0.030]
  Mini-Benders[2] (mw): LB=9.294758, Z₀(α*)=-0.211985, intercept=-31.123763 (1.062s) [OMP=0.969 ISP-L=0.009 ISP-F=0.032 MW-L=0.019 MW-F=0.029]
  Mini-Benders[3] (mw): LB=9.294758, Z₀(α*)=-0.211985, intercept=-31.123763 (1.047s) [OMP=0.956 ISP-L=0.009 ISP-F=0.032 MW-L=0.019 MW-F=0.029]
  Mini-Benders[4]: LB stagnated, break
  α-step: Z₀=22.709694, α=[0.000,0.000,0.000,0.000,0.000,0.000,0.000,0.000,0.000,0.000,0.000,0.000,0.000,0.000,0.000,0.000,0.000,0.000,0.000,0.000,0.000,0.000,0.000,0.000,0.000,0.000,0.000,0.000,0.000,0.000,0.000,0.000,0.000,0.000,1.749,0.000,0.000,0.000,0.000,0.000,0.000,0.000,0.000,0.000,0.000,0.000,0.000,0.000,0.000,0.000,2.532,0.000,0.000,1.223,0.000,0.000,0.000,0.000,0.000,0.000,0.000,0.000,0.000,0.000,0.000,0.000,0.000,0.000,0.000,0.000,0.000,1.569,3.370,0.000,0.000,0.000]
  Alt-Benders[1] (mw): LB=9.321011, Z₀(α*)=12.413939, intercept=-29.629747 (1.125s) [OMP=1.028 ISP-L=0.009 ISP-F=0.029 MW-L=0.024 MW-F=0.032]
  Alt-Benders[2] (mw): LB=9.354187, Z₀(α*)=22.279733, intercept=-31.069899 (1.172s) [OMP=1.083 ISP-L=0.009 ISP-F=0.030 MW-L=0.025 MW-F=0.024]
  Alt-Benders[3] (mw): LB=9.573758, Z₀(α*)=12.262898, intercept=-22.512303 (1.094s) [OMP=1.004 ISP-L=0.007 ISP-F=0.027 MW-L=0.024 MW-F=0.028]
  Alt-Benders[4] (mw): LB=9.612768, Z₀(α*)=22.244775, intercept=-28.938181 (1.109s) [OMP=0.998 ISP-L=0.008 ISP-F=0.028 MW-L=0.021 MW-F=0.055]
  Alt-Benders[5] (mw): LB=9.618823, Z₀(α*)=8.892216, intercept=-14.421114 (1.172s) [OMP=1.069 ISP-L=0.008 ISP-F=0.032 MW-L=0.019 MW-F=0.030]
  OMP re-solve: 1.008s

=== True-DRO Benders iter 47 ===
  OMP: t₀=9.618823, UB=20.488329, gap=5.31e-01, x=[0, 0, 0, 0, 0, 0, 0, 0, 0, 0, 1, 0, 0, 1, 0, 0, 0, 0, 0, 0, 0, 0, 0, 0, 0, 0, 0, 0, 0, 0, 0, 0, 0, 0, 0, 0, 0, 0, 0, 0, 0, 0, 0, 0, 0, 0, 0, 0, 0, 0, 0, 0, 0, 0, 0, 0, 0, 0, 0, 0, 0, 0, 0, 0, 0, 0, 0, 0, 0, 0, 0, 0, 0, 0, 0, 0] (0.000s)
  Sub: Z₀=25.634667 [LOCAL] (0.5s), α=[0.000,0.000,0.000,0.000,0.000,0.000,0.000,0.000,0.000,0.000,0.000,0.000,0.000,0.000,0.000,0.000,3.943,0.000,0.000,0.000,0.526,0.000,0.000,0.000,0.000,0.000,0.000,0.000,0.000,0.000,0.000,0.000,0.000,0.000,2.236,0.000,0.000,0.000,0.000,0.000,0.000,0.000,0.000,0.000,0.000,0.000,0.000,0.000,0.000,0.000,0.000,0.000,0.000,0.000,0.000,0.000,0.000,0.000,0.000,0.000,0.000,0.000,0.000,0.000,0.000,0.000,0.000,0.000,0.000,0.000,0.000,0.000,3.738,0.000,0.000,0.000]
  Iter 47: LB=9.618823  UB=20.488329  gap=5.31e-01
  Cut: intercept=-1135.047239, π_x_range=[-827.4743, 582.3694]
  Mini-Benders[1] (mw): LB=9.700202, Z₀(α*)=18.017835, intercept=-5.834842 (1.110s) [OMP=1.007 ISP-L=0.009 ISP-F=0.030 MW-L=0.025 MW-F=0.026]
  Mini-Benders[2] (mw): LB=9.762171, Z₀(α*)=19.680651, intercept=-33.449656 (1.203s) [OMP=1.105 ISP-L=0.009 ISP-F=0.030 MW-L=0.027 MW-F=0.030]
  Mini-Benders[3] (mw): LB=9.807303, Z₀(α*)=25.345720, intercept=-21.864906 (1.172s) [OMP=1.055 ISP-L=0.008 ISP-F=0.030 MW-L=0.023 MW-F=0.051]
  Mini-Benders[4] (mw): LB=9.959881, Z₀(α*)=23.644961, intercept=-17.567682 (1.031s) [OMP=0.952 ISP-L=0.008 ISP-F=0.030 MW-L=0.022 MW-F=0.030]
  Mini-Benders[5] (mw): LB=10.029339, Z₀(α*)=18.707195, intercept=-53.302533 (1.140s) [OMP=1.042 ISP-L=0.007 ISP-F=0.024 MW-L=0.021 MW-F=0.030]
  α-step: Z₀=19.919955, α=[0.000,0.000,0.000,0.000,0.000,0.000,0.000,0.000,0.000,0.000,0.000,0.000,0.000,0.000,0.000,0.000,0.000,0.000,0.000,0.000,0.000,0.000,0.000,0.000,0.000,0.000,0.000,0.000,0.000,0.000,0.000,0.000,0.000,0.000,7.997,0.000,0.000,0.000,0.000,0.000,0.000,0.000,0.000,0.000,0.000,0.000,0.000,0.000,0.000,0.000,0.000,0.000,0.000,0.000,0.000,0.000,0.000,0.000,0.000,0.000,0.000,0.000,0.000,0.000,0.000,0.000,0.000,0.000,0.000,0.000,0.000,0.000,2.446,0.000,0.000,0.000]
  Alt-Benders[1] (mw): LB=10.077695, Z₀(α*)=0.877999, intercept=-46.623095 (1.109s) [OMP=1.026 ISP-L=0.008 ISP-F=0.026 MW-L=0.023 MW-F=0.028]
  Alt-Benders[2] (mw): LB=10.077695, Z₀(α*)=0.877999, intercept=-46.623095 (1.203s) [OMP=1.112 ISP-L=0.008 ISP-F=0.025 MW-L=0.024 MW-F=0.028]
  Alt-Benders[3] (mw): LB=10.077695, Z₀(α*)=0.877999, intercept=-46.623095 (1.203s) [OMP=1.114 ISP-L=0.008 ISP-F=0.025 MW-L=0.024 MW-F=0.028]
  Alt-Benders[4]: LB stagnated, break
  OMP re-solve: 0.000s

=== True-DRO Benders iter 48 ===
  OMP: t₀=10.077695, UB=20.488329, gap=5.08e-01, x=[0, 0, 0, 0, 0, 0, 0, 0, 0, 0, 0, 0, 0, 0, 0, 0, 0, 0, 0, 0, 0, 0, 0, 0, 0, 0, 0, 0, 0, 0, 0, 0, 0, 0, 0, 0, 0, 0, 0, 0, 0, 0, 0, 0, 0, 1, 0, 0, 0, 0, 0, 0, 0, 0, 0, 0, 0, 0, 0, 0, 0, 0, 0, 0, 0, 0, 0, 0, 0, 0, 0, 0, 1, 0, 0, 0] (0.000s)
  Sub: Z₀=23.675734 [LOCAL] (0.8s), α=[0.000,0.000,0.000,0.000,0.000,0.000,0.000,0.000,0.000,0.000,0.000,0.000,0.000,0.000,0.000,0.000,0.000,0.000,0.000,0.000,0.000,0.000,0.000,0.000,0.000,0.000,0.000,0.000,0.000,0.000,0.000,0.000,0.000,0.000,0.708,0.000,0.000,0.000,0.000,0.000,0.000,0.000,0.000,0.000,0.000,0.000,0.000,0.000,0.000,0.000,0.000,0.000,0.000,0.000,0.000,0.000,0.000,0.000,0.000,0.000,0.000,0.000,0.000,0.000,0.000,0.000,0.000,0.000,0.000,0.000,0.000,0.000,9.735,0.000,0.000,0.000]
  Iter 48: LB=10.077695  UB=20.488329  gap=5.08e-01
  Cut: intercept=-1096.773215, π_x_range=[-825.3449, 578.3376]
  Mini-Benders[1] (mw): LB=10.174862, Z₀(α*)=18.770385, intercept=-1.818681 (1.156s) [OMP=1.076 ISP-L=0.008 ISP-F=0.028 MW-L=0.020 MW-F=0.033]
  Mini-Benders[2] (mw): LB=10.178850, Z₀(α*)=9.541419, intercept=-43.982474 (1.078s) [OMP=0.972 ISP-L=0.008 ISP-F=0.033 MW-L=0.023 MW-F=0.030]
  Mini-Benders[3] (mw): LB=10.178850, Z₀(α*)=9.541419, intercept=-43.982474 (1.188s) [OMP=1.092 ISP-L=0.008 ISP-F=0.035 MW-L=0.026 MW-F=0.027]
  Mini-Benders[4] (mw): LB=10.178850, Z₀(α*)=9.541419, intercept=-43.982474 (1.171s) [OMP=1.078 ISP-L=0.008 ISP-F=0.033 MW-L=0.026 MW-F=0.026]
  Mini-Benders[5]: LB stagnated, break
  α-step: Z₀=21.799728, α=[0.000,0.000,0.000,0.000,0.000,0.000,0.000,0.000,0.000,0.000,0.000,0.000,0.000,0.000,0.000,0.000,0.000,0.000,0.000,0.000,0.000,0.000,0.000,0.000,0.000,0.000,0.000,0.000,0.000,0.000,0.000,0.000,0.000,0.000,2.589,0.000,0.000,0.000,0.000,0.000,0.000,0.000,0.000,0.000,0.000,0.000,0.000,0.000,0.000,0.000,1.142,0.000,0.000,0.000,0.000,0.000,0.000,0.000,0.000,0.000,0.000,0.000,0.000,0.000,0.000,0.000,0.000,0.000,0.000,0.000,0.000,0.000,6.712,0.000,0.000,0.000]
  Alt-Benders[1] (mw): LB=10.219578, Z₀(α*)=18.732223, intercept=-68.826872 (1.078s) [OMP=0.982 ISP-L=0.008 ISP-F=0.030 MW-L=0.027 MW-F=0.033]
  Alt-Benders[2] (mw): LB=10.222833, Z₀(α*)=1.033712, intercept=-101.549775 (1.063s) [OMP=0.970 ISP-L=0.008 ISP-F=0.027 MW-L=0.020 MW-F=0.034]
  Alt-Benders[3] (mw): LB=10.222833, Z₀(α*)=1.033712, intercept=-101.549775 (1.265s) [OMP=1.177 ISP-L=0.007 ISP-F=0.027 MW-L=0.020 MW-F=0.034]
  Alt-Benders[4] (mw): LB=10.222833, Z₀(α*)=1.033712, intercept=-101.549775 (1.282s) [OMP=1.186 ISP-L=0.008 ISP-F=0.027 MW-L=0.021 MW-F=0.034]
  Alt-Benders[5]: LB stagnated, break
  OMP re-solve: 0.000s

=== True-DRO Benders iter 49 ===
  OMP: t₀=10.222833, UB=20.488329, gap=5.01e-01, x=[0, 0, 0, 0, 0, 0, 0, 0, 0, 0, 0, 0, 0, 0, 0, 0, 0, 0, 0, 0, 0, 0, 0, 0, 0, 0, 0, 0, 0, 0, 0, 0, 0, 0, 0, 0, 0, 0, 0, 0, 0, 0, 0, 0, 0, 0, 0, 0, 0, 0, 0, 1, 0, 0, 0, 0, 0, 0, 0, 0, 0, 1, 0, 0, 0, 0, 0, 0, 0, 0, 0, 0, 0, 0, 0, 0] (0.000s)
  Sub: Z₀=22.249465 [LOCAL] (0.5s), α=[0.000,0.000,0.000,0.000,0.000,0.000,0.000,0.000,0.000,0.000,0.000,0.000,0.000,0.000,0.000,0.000,0.000,0.000,0.000,0.000,0.000,0.000,0.000,0.000,0.000,0.000,0.000,0.000,0.000,0.000,0.000,0.000,0.000,0.000,0.000,0.000,0.000,0.000,0.000,0.000,0.000,0.000,0.000,0.000,0.000,0.000,0.000,0.000,0.000,0.000,1.573,4.232,0.000,0.000,0.000,0.000,0.000,0.000,0.000,0.000,0.000,0.671,0.000,0.000,0.000,0.000,0.000,0.000,0.000,0.000,0.000,0.000,3.966,0.000,0.000,0.000]
  Iter 49: LB=10.222833  UB=20.488329  gap=5.01e-01
  Cut: intercept=-1103.313759, π_x_range=[-825.2552, 576.7276]
  Mini-Benders[1] (mw): LB=10.413776, Z₀(α*)=-5.805883, intercept=-55.703467 (1.062s) [OMP=0.964 ISP-L=0.007 ISP-F=0.028 MW-L=0.023 MW-F=0.033]
  Mini-Benders[2] (mw): LB=10.413775, Z₀(α*)=-5.805883, intercept=-55.703467 (1.000s) [OMP=0.909 ISP-L=0.007 ISP-F=0.027 MW-L=0.024 MW-F=0.035]
  Mini-Benders[3] (mw): LB=10.413775, Z₀(α*)=-5.805883, intercept=-55.703467 (1.016s) [OMP=0.919 ISP-L=0.007 ISP-F=0.028 MW-L=0.020 MW-F=0.036]
  Mini-Benders[4]: LB stagnated, break
  α-step: Z₀=25.213493, α=[0.000,0.000,0.000,0.000,0.000,0.000,0.000,0.000,0.000,0.000,2.212,0.000,0.000,0.000,0.000,0.000,0.773,0.000,0.000,0.000,0.000,0.000,0.000,0.000,0.000,0.000,0.000,0.000,0.000,0.000,0.000,0.000,0.000,0.000,1.835,0.000,0.000,0.000,0.000,0.000,0.000,0.000,3.340,0.000,0.000,0.000,0.000,0.000,0.000,0.000,0.000,0.000,0.000,0.000,0.000,0.000,0.000,0.000,0.000,0.000,0.000,0.000,0.000,0.000,0.000,0.000,0.000,0.000,0.000,0.000,0.000,0.000,2.283,0.000,0.000,0.000]
  Alt-Benders[1] (mw): LB=10.421410, Z₀(α*)=12.123749, intercept=12.123748 (1.047s) [OMP=0.955 ISP-L=0.008 ISP-F=0.028 MW-L=0.018 MW-F=0.030]
  Alt-Benders[2] (mw): LB=10.434636, Z₀(α*)=25.376677, intercept=-37.819664 (1.078s) [OMP=0.997 ISP-L=0.007 ISP-F=0.031 MW-L=0.021 MW-F=0.026]
  Alt-Benders[3] (mw): LB=10.444503, Z₀(α*)=8.816950, intercept=-29.941193 (1.078s) [OMP=0.978 ISP-L=0.008 ISP-F=0.025 MW-L=0.025 MW-F=0.034]
  Alt-Benders[4] (mw): LB=10.444503, Z₀(α*)=8.816950, intercept=-29.941193 (1.016s) [OMP=0.925 ISP-L=0.008 ISP-F=0.025 MW-L=0.024 MW-F=0.034]
  Alt-Benders[5] (mw): LB=10.444503, Z₀(α*)=8.816950, intercept=-29.941193 (1.047s) [OMP=0.940 ISP-L=0.008 ISP-F=0.026 MW-L=0.026 MW-F=0.036]
  OMP re-solve: 0.933s

=== True-DRO Benders iter 50 ===
  OMP: t₀=10.444503, UB=20.488329, gap=4.90e-01, x=[0, 0, 0, 0, 0, 0, 0, 0, 0, 0, 1, 0, 0, 0, 0, 0, 0, 0, 0, 0, 1, 0, 0, 0, 0, 0, 0, 0, 0, 0, 0, 0, 0, 0, 0, 0, 0, 0, 0, 0, 0, 0, 0, 0, 0, 0, 0, 0, 0, 0, 0, 0, 0, 0, 0, 0, 0, 0, 0, 0, 0, 0, 0, 0, 0, 0, 0, 0, 0, 0, 0, 0, 0, 0, 0, 0] (0.000s)
  Sub: Z₀=23.633803 [TIME_LIMIT] (15.1s), α=[0.000,0.000,0.000,0.000,0.000,0.000,0.000,0.000,0.000,0.000,1.202,0.000,0.000,0.000,0.000,0.000,0.077,0.000,0.000,0.000,0.314,0.000,0.000,0.000,0.000,0.000,0.000,0.000,0.000,0.000,0.000,0.000,0.000,0.000,0.675,0.000,0.000,0.000,0.000,0.000,0.000,0.000,0.000,0.000,0.000,0.000,0.000,0.000,0.000,0.000,0.660,0.000,0.000,0.000,0.000,0.000,0.000,0.000,0.000,0.000,0.000,0.000,0.000,0.000,0.000,0.000,0.000,0.000,0.000,0.000,0.000,2.101,5.414,0.000,0.000,0.000]
  Iter 50: LB=10.444503  UB=20.488329  gap=4.90e-01
  Cut: intercept=-24.607767, π_x_range=[-254.0000, 29.9610]
  Mini-Benders[1] (mw): LB=10.547648, Z₀(α*)=20.555829, intercept=-46.829432 (1.047s) [OMP=0.963 ISP-L=0.008 ISP-F=0.030 MW-L=0.020 MW-F=0.028]
  Mini-Benders[2] (mw): LB=10.614191, Z₀(α*)=25.573560, intercept=15.934713 (1.015s) [OMP=0.933 ISP-L=0.008 ISP-F=0.027 MW-L=0.019 MW-F=0.029]
  Mini-Benders[3] (mw): LB=10.688882, Z₀(α*)=24.402206, intercept=-13.639307 (0.985s) [OMP=0.894 ISP-L=0.007 ISP-F=0.028 MW-L=0.022 MW-F=0.028]
  Mini-Benders[4] (mw): LB=10.714823, Z₀(α*)=-2.152544, intercept=-47.708167 (0.937s) [OMP=0.842 ISP-L=0.008 ISP-F=0.025 MW-L=0.024 MW-F=0.027]
  Mini-Benders[5] (mw): LB=10.714823, Z₀(α*)=-2.152544, intercept=-47.708167 (0.938s) [OMP=0.863 ISP-L=0.007 ISP-F=0.024 MW-L=0.024 MW-F=0.029]
  α-step: Z₀=23.715752, α=[0.000,0.000,0.000,0.000,0.000,0.000,0.000,0.000,0.000,0.000,0.000,0.000,0.000,0.000,0.000,0.000,0.000,0.000,0.000,0.000,0.000,0.000,0.000,0.000,0.000,0.000,0.000,0.000,0.000,0.000,0.000,0.000,0.000,0.000,0.000,0.000,0.000,0.000,0.000,0.000,0.000,0.000,0.000,0.000,0.000,0.000,0.000,0.000,0.000,0.000,2.852,3.290,0.000,0.000,0.000,0.000,0.000,0.000,0.000,0.000,0.000,0.000,0.000,0.000,0.000,0.000,0.000,0.000,0.000,0.000,0.000,0.000,4.302,0.000,0.000,0.000]
  Alt-Benders[1] (mw): LB=10.737208, Z₀(α*)=-15.771517, intercept=-34.823666 (1.031s) [OMP=0.955 ISP-L=0.008 ISP-F=0.025 MW-L=0.020 MW-F=0.032]
  Alt-Benders[2] (mw): LB=10.737208, Z₀(α*)=-15.771517, intercept=-34.823666 (1.125s) [OMP=1.025 ISP-L=0.008 ISP-F=0.025 MW-L=0.020 MW-F=0.033]
  Alt-Benders[3] (mw): LB=10.737208, Z₀(α*)=-15.771517, intercept=-34.823666 (1.094s) [OMP=1.015 ISP-L=0.007 ISP-F=0.025 MW-L=0.023 MW-F=0.029]
  Alt-Benders[4]: LB stagnated, break
  OMP re-solve: 0.000s

=== True-DRO Benders iter 51 ===
  OMP: t₀=10.737208, UB=20.488329, gap=4.76e-01, x=[0, 0, 0, 0, 0, 0, 0, 0, 0, 0, 0, 0, 0, 0, 0, 0, 0, 0, 0, 0, 0, 0, 0, 0, 0, 0, 0, 0, 0, 0, 0, 0, 0, 0, 1, 0, 0, 0, 0, 0, 0, 0, 0, 0, 0, 0, 0, 0, 0, 0, 0, 0, 0, 0, 0, 0, 0, 0, 0, 0, 0, 0, 0, 0, 0, 0, 0, 0, 1, 0, 0, 0, 0, 0, 0, 0] (0.000s)
  Sub: Z₀=21.040734 [LOCAL] (0.5s), α=[0.000,0.000,0.000,0.000,0.000,0.000,0.000,0.000,0.000,0.000,0.000,0.000,0.000,0.000,0.000,0.000,0.000,0.000,0.000,0.000,0.000,0.000,0.000,0.000,0.000,0.000,0.000,0.000,0.000,0.000,0.000,0.000,0.000,0.000,7.777,0.000,0.000,0.000,0.000,0.000,0.000,0.000,0.000,0.000,0.000,0.000,0.000,0.000,0.000,0.000,0.000,0.000,0.000,0.000,0.000,0.000,0.000,0.000,0.000,0.000,0.000,0.000,0.000,0.000,0.000,0.000,0.000,0.000,0.000,0.000,0.000,0.000,2.666,0.000,0.000,0.000]
  Iter 51: LB=10.737208  UB=20.488329  gap=4.76e-01
  Cut: intercept=-1162.572937, π_x_range=[-825.2980, 594.8648]
  Mini-Benders[1] (mw): LB=10.770025, Z₀(α*)=23.089277, intercept=23.337549 (1.000s) [OMP=0.916 ISP-L=0.009 ISP-F=0.028 MW-L=0.022 MW-F=0.027]
  Mini-Benders[2] (mw): LB=10.850990, Z₀(α*)=11.032692, intercept=-91.498314 (1.063s) [OMP=0.965 ISP-L=0.008 ISP-F=0.029 MW-L=0.023 MW-F=0.032]
  Mini-Benders[3] (mw): LB=10.952121, Z₀(α*)=21.910549, intercept=15.729788 (1.062s) [OMP=0.979 ISP-L=0.008 ISP-F=0.031 MW-L=0.020 MW-F=0.031]
  Mini-Benders[4] (mw): LB=10.985930, Z₀(α*)=9.551895, intercept=-24.019428 (1.031s) [OMP=0.945 ISP-L=0.008 ISP-F=0.030 MW-L=0.020 MW-F=0.036]
  Mini-Benders[5] (mw): LB=10.985930, Z₀(α*)=9.551895, intercept=-24.019428 (1.156s) [OMP=1.065 ISP-L=0.009 ISP-F=0.030 MW-L=0.020 MW-F=0.035]
  α-step: Z₀=25.544044, α=[0.000,0.000,0.000,0.000,0.000,0.000,0.000,0.000,0.000,0.000,0.000,0.000,0.000,0.000,0.000,0.000,1.191,0.000,0.000,0.000,0.000,0.000,0.000,0.000,0.000,0.000,0.000,0.000,0.000,0.000,0.000,0.000,0.000,0.000,0.932,0.000,0.000,0.000,0.000,0.000,0.000,0.000,0.000,0.000,0.000,0.000,0.000,0.000,0.000,0.000,2.532,0.000,0.000,0.000,0.000,0.000,0.000,0.000,0.000,0.000,0.000,0.000,0.000,0.000,0.000,0.000,0.000,0.000,0.000,0.000,0.000,0.000,5.788,0.000,0.000,0.000]
  Alt-Benders[1] (mw): LB=10.999198, Z₀(α*)=11.928825, intercept=-45.660261 (1.063s) [OMP=0.981 ISP-L=0.009 ISP-F=0.026 MW-L=0.024 MW-F=0.030]
  Alt-Benders[2] (mw): LB=11.023880, Z₀(α*)=13.715033, intercept=-54.174681 (1.172s) [OMP=1.071 ISP-L=0.007 ISP-F=0.030 MW-L=0.025 MW-F=0.027]
  Alt-Benders[3] (mw): LB=11.032690, Z₀(α*)=18.656007, intercept=-77.439808 (1.031s) [OMP=0.939 ISP-L=0.008 ISP-F=0.029 MW-L=0.023 MW-F=0.035]
  Alt-Benders[4] (mw): LB=11.057978, Z₀(α*)=16.999153, intercept=-10.946725 (1.031s) [OMP=0.941 ISP-L=0.008 ISP-F=0.026 MW-L=0.021 MW-F=0.028]
  Alt-Benders[5] (mw): LB=11.076555, Z₀(α*)=25.551643, intercept=-24.186072 (1.016s) [OMP=0.925 ISP-L=0.009 ISP-F=0.032 MW-L=0.019 MW-F=0.031]
  OMP re-solve: 0.963s

=== True-DRO Benders iter 52 ===
  OMP: t₀=11.110887, UB=20.488329, gap=4.58e-01, x=[0, 0, 0, 0, 0, 0, 0, 0, 0, 0, 0, 0, 0, 0, 0, 0, 0, 0, 0, 0, 0, 0, 0, 0, 0, 0, 0, 0, 0, 0, 0, 0, 0, 0, 0, 0, 0, 0, 0, 1, 0, 0, 0, 0, 0, 0, 0, 0, 0, 0, 1, 0, 0, 0, 0, 0, 0, 0, 0, 0, 0, 0, 0, 0, 0, 0, 0, 0, 0, 0, 0, 0, 0, 0, 0, 0] (0.000s)
  Sub: Z₀=26.321422 [LOCAL] (0.5s), α=[0.000,0.000,0.000,0.000,0.000,0.000,0.000,0.000,0.000,0.000,0.000,0.000,0.000,0.000,0.000,0.000,1.728,0.000,0.000,0.000,0.208,0.000,0.000,0.000,0.000,0.000,0.000,0.000,0.000,0.000,0.000,0.000,0.000,0.000,2.605,0.000,0.000,0.000,0.000,0.000,0.000,0.000,0.000,0.000,0.000,0.000,0.000,0.000,0.000,0.000,0.616,0.000,0.000,0.000,0.000,0.000,0.000,0.000,0.000,0.000,0.000,0.000,0.000,0.000,0.000,0.000,0.000,0.000,0.000,0.000,0.000,0.016,5.270,0.000,0.000,0.000]
  Iter 52: LB=11.110887  UB=20.488329  gap=4.58e-01
  Cut: intercept=-1131.282734, π_x_range=[-826.5529, 598.7091]
  Mini-Benders[1] (mw): LB=11.135930, Z₀(α*)=25.239823, intercept=11.044974 (1.047s) [OMP=0.968 ISP-L=0.008 ISP-F=0.028 MW-L=0.024 MW-F=0.029]
  Mini-Benders[2] (mw): LB=11.138212, Z₀(α*)=5.987182, intercept=-70.582999 (1.015s) [OMP=0.925 ISP-L=0.009 ISP-F=0.026 MW-L=0.025 MW-F=0.022]
  Mini-Benders[3] (mw): LB=11.138212, Z₀(α*)=5.987182, intercept=-70.582999 (1.063s) [OMP=0.970 ISP-L=0.009 ISP-F=0.025 MW-L=0.025 MW-F=0.024]
  Mini-Benders[4] (mw): LB=11.138212, Z₀(α*)=5.987182, intercept=-70.582999 (1.047s) [OMP=0.974 ISP-L=0.009 ISP-F=0.025 MW-L=0.021 MW-F=0.025]
  Mini-Benders[5]: LB stagnated, break
  α-step: Z₀=15.851749, α=[0.000,0.000,0.000,0.000,0.000,0.000,0.000,0.000,0.000,0.000,0.000,0.000,0.000,0.000,0.000,0.000,0.000,0.000,0.000,0.000,0.000,0.000,0.000,0.000,0.000,0.000,0.000,0.000,0.000,0.000,0.000,0.000,0.000,0.000,4.272,0.000,0.000,0.000,0.000,0.000,0.000,0.000,0.000,0.000,0.000,0.000,0.000,0.000,0.000,0.000,0.000,0.000,0.000,0.000,0.000,0.000,0.000,0.000,0.000,0.000,0.000,0.000,0.000,0.000,0.000,0.000,0.000,0.000,0.000,0.000,0.000,0.000,6.171,0.000,0.000,0.000]
  Alt-Benders[1] (mw): LB=11.162821, Z₀(α*)=15.414869, intercept=-45.397102 (1.093s) [OMP=0.997 ISP-L=0.007 ISP-F=0.027 MW-L=0.020 MW-F=0.031]
  Alt-Benders[2] (mw): LB=11.203217, Z₀(α*)=25.606407, intercept=4.250041 (1.047s) [OMP=0.941 ISP-L=0.007 ISP-F=0.026 MW-L=0.023 MW-F=0.054]
  Alt-Benders[3] (mw): LB=11.253587, Z₀(α*)=20.726524, intercept=-34.074515 (1.141s) [OMP=1.015 ISP-L=0.008 ISP-F=0.029 MW-L=0.023 MW-F=0.051]
  Alt-Benders[4] (mw): LB=11.300625, Z₀(α*)=24.679488, intercept=11.812573 (1.109s) [OMP=1.031 ISP-L=0.008 ISP-F=0.025 MW-L=0.024 MW-F=0.029]
  Alt-Benders[5] (mw): LB=11.325335, Z₀(α*)=20.385601, intercept=-24.949736 (1.110s) [OMP=0.991 ISP-L=0.009 ISP-F=0.029 MW-L=0.024 MW-F=0.048]
  OMP re-solve: 1.060s

=== True-DRO Benders iter 53 ===
  OMP: t₀=11.356918, UB=20.488329, gap=4.46e-01, x=[0, 0, 0, 0, 0, 0, 0, 0, 0, 0, 0, 0, 0, 0, 0, 1, 0, 0, 0, 0, 0, 0, 0, 0, 0, 0, 0, 0, 0, 0, 0, 0, 0, 0, 1, 0, 0, 0, 0, 0, 0, 0, 0, 0, 0, 0, 0, 0, 0, 0, 0, 0, 0, 0, 0, 0, 0, 0, 0, 0, 0, 0, 0, 0, 0, 0, 0, 0, 0, 0, 0, 0, 0, 0, 0, 0] (0.000s)
  Sub: Z₀=21.040734 [LOCAL] (0.4s), α=[0.000,0.000,0.000,0.000,0.000,0.000,0.000,0.000,0.000,0.000,0.000,0.000,0.000,0.000,0.000,0.000,0.000,0.000,0.000,0.000,0.000,0.000,0.000,0.000,0.000,0.000,0.000,0.000,0.000,0.000,0.000,0.000,0.000,0.000,7.782,0.000,0.000,0.000,0.000,0.000,0.000,0.000,0.000,0.000,0.000,0.000,0.000,0.000,0.000,0.000,0.000,0.000,0.000,0.000,0.000,0.000,0.000,0.000,0.000,0.000,0.000,0.000,0.000,0.000,0.000,0.000,0.000,0.000,0.000,0.000,0.000,0.000,2.661,0.000,0.000,0.000]
  Iter 53: LB=11.356918  UB=20.488329  gap=4.46e-01
  Cut: intercept=-1155.376008, π_x_range=[-826.2890, 588.8300]
  Mini-Benders[1] (mw): LB=11.386128, Z₀(α*)=21.233270, intercept=3.929522 (1.078s) [OMP=0.989 ISP-L=0.008 ISP-F=0.031 MW-L=0.020 MW-F=0.029]
  Mini-Benders[2] (mw): LB=11.434788, Z₀(α*)=7.750778, intercept=-45.667903 (1.062s) [OMP=0.973 ISP-L=0.007 ISP-F=0.025 MW-L=0.018 MW-F=0.030]
  Mini-Benders[3] (mw): LB=11.434788, Z₀(α*)=7.750778, intercept=-45.667903 (1.078s) [OMP=1.009 ISP-L=0.007 ISP-F=0.025 MW-L=0.021 MW-F=0.027]
  Mini-Benders[4] (mw): LB=11.434788, Z₀(α*)=7.750778, intercept=-45.667903 (1.094s) [OMP=1.001 ISP-L=0.007 ISP-F=0.026 MW-L=0.022 MW-F=0.027]
  Mini-Benders[5]: LB stagnated, break
  α-step: Z₀=25.233648, α=[0.000,0.000,0.000,0.000,0.000,0.000,0.000,0.000,0.000,0.000,2.522,0.000,0.000,0.000,0.000,0.000,0.000,0.000,0.000,0.000,0.000,0.000,0.000,0.000,0.000,0.000,0.000,0.000,0.000,0.000,0.000,0.000,0.000,0.000,1.093,0.000,0.000,0.000,0.000,0.000,0.000,0.000,3.572,0.000,0.000,0.000,0.000,0.000,0.000,0.000,0.000,0.000,0.000,0.000,0.000,0.000,0.000,0.000,0.000,0.000,0.000,0.000,0.000,0.000,0.000,0.000,0.000,0.000,0.000,0.000,0.000,0.000,3.257,0.000,0.000,0.000]
  Alt-Benders[1] (mw): LB=11.494979, Z₀(α*)=10.163657, intercept=11.319196 (1.094s) [OMP=1.003 ISP-L=0.008 ISP-F=0.028 MW-L=0.022 MW-F=0.031]
  Alt-Benders[2] (mw): LB=11.494979, Z₀(α*)=10.163657, intercept=11.319196 (1.078s) [OMP=0.993 ISP-L=0.008 ISP-F=0.029 MW-L=0.019 MW-F=0.032]
  Alt-Benders[3] (mw): LB=11.494979, Z₀(α*)=10.163657, intercept=11.319196 (1.078s) [OMP=0.987 ISP-L=0.008 ISP-F=0.029 MW-L=0.019 MW-F=0.032]
  Alt-Benders[4]: LB stagnated, break
  OMP re-solve: 0.000s

=== True-DRO Benders iter 54 ===
  OMP: t₀=11.494979, UB=20.488329, gap=4.39e-01, x=[0, 0, 0, 0, 0, 0, 0, 0, 0, 0, 0, 0, 0, 0, 0, 1, 0, 0, 0, 0, 0, 0, 0, 1, 0, 0, 0, 0, 0, 0, 0, 0, 0, 0, 0, 0, 0, 0, 0, 0, 0, 0, 0, 0, 0, 0, 0, 0, 0, 0, 0, 0, 0, 0, 0, 0, 0, 0, 0, 0, 0, 0, 0, 0, 0, 0, 0, 0, 0, 0, 0, 0, 0, 0, 0, 0] (0.000s)
  Sub: Z₀=26.502958 [LOCAL] (0.5s), α=[0.000,0.000,0.000,0.000,0.000,0.000,0.000,0.000,0.000,0.000,0.000,0.000,0.000,0.000,0.000,0.000,2.579,0.000,0.000,0.000,0.017,0.000,0.000,1.839,0.000,0.000,0.000,0.000,0.000,0.000,0.000,0.000,0.000,0.000,0.000,0.000,0.000,0.000,0.000,0.000,0.000,0.000,0.000,0.000,0.000,0.000,0.000,0.000,0.000,0.000,0.000,0.000,0.000,0.000,0.000,0.000,0.000,0.000,0.000,0.000,0.000,0.000,1.254,0.000,0.000,0.000,0.000,0.000,0.000,0.000,0.000,0.000,4.754,0.000,0.000,0.000]
  Iter 54: LB=11.494979  UB=20.488329  gap=4.39e-01
  Cut: intercept=-1125.024368, π_x_range=[-827.6218, 582.3483]
  Mini-Benders[1] (mw): LB=11.506027, Z₀(α*)=3.335295, intercept=-25.029625 (1.062s) [OMP=0.973 ISP-L=0.008 ISP-F=0.027 MW-L=0.023 MW-F=0.030]
  Mini-Benders[2] (mw): LB=11.506027, Z₀(α*)=3.335295, intercept=-25.029625 (1.078s) [OMP=0.982 ISP-L=0.008 ISP-F=0.027 MW-L=0.023 MW-F=0.030]
  Mini-Benders[3] (mw): LB=11.506027, Z₀(α*)=3.335295, intercept=-25.029625 (1.079s) [OMP=0.995 ISP-L=0.009 ISP-F=0.027 MW-L=0.024 MW-F=0.030]
  Mini-Benders[4]: LB stagnated, break
  α-step: Z₀=23.599726, α=[0.000,0.000,0.000,0.000,0.000,0.000,0.000,0.000,0.000,0.000,0.000,0.000,0.000,0.000,0.000,0.000,0.000,0.000,0.000,0.000,0.000,0.000,0.000,0.000,0.000,0.000,0.000,0.000,0.000,0.000,0.000,0.000,0.000,0.000,2.589,0.000,0.000,0.000,0.000,0.000,0.000,0.000,0.000,0.000,0.000,0.000,0.000,0.000,0.000,0.000,1.940,2.907,0.000,0.000,0.000,0.000,0.000,0.000,0.000,0.000,0.000,0.000,0.000,0.000,0.000,0.000,0.000,0.000,0.000,0.000,0.000,0.000,3.007,0.000,0.000,0.000]
  Alt-Benders[1] (mw): LB=11.647448, Z₀(α*)=23.333966, intercept=-30.059248 (1.125s) [OMP=1.022 ISP-L=0.008 ISP-F=0.025 MW-L=0.020 MW-F=0.049]
  Alt-Benders[2] (mw): LB=11.654544, Z₀(α*)=4.517767, intercept=-74.016337 (1.032s) [OMP=0.946 ISP-L=0.007 ISP-F=0.030 MW-L=0.020 MW-F=0.027]
  Alt-Benders[3] (mw): LB=11.654544, Z₀(α*)=4.517767, intercept=-74.016337 (1.109s) [OMP=1.017 ISP-L=0.007 ISP-F=0.030 MW-L=0.020 MW-F=0.027]
  Alt-Benders[4] (mw): LB=11.654544, Z₀(α*)=4.517767, intercept=-74.016337 (1.125s) [OMP=1.026 ISP-L=0.007 ISP-F=0.031 MW-L=0.020 MW-F=0.028]
  Alt-Benders[5]: LB stagnated, break
  OMP re-solve: 0.000s

=== True-DRO Benders iter 55 ===
  OMP: t₀=11.654544, UB=20.488329, gap=4.31e-01, x=[0, 1, 0, 0, 0, 0, 0, 0, 0, 0, 0, 0, 0, 0, 0, 0, 0, 0, 0, 0, 0, 0, 0, 0, 0, 0, 0, 0, 0, 0, 0, 0, 0, 0, 0, 0, 0, 0, 0, 0, 0, 0, 1, 0, 0, 0, 0, 0, 0, 0, 0, 0, 0, 0, 0, 0, 0, 0, 0, 0, 0, 0, 0, 0, 0, 0, 0, 0, 0, 0, 0, 0, 0, 0, 0, 0] (0.000s)
  Sub: Z₀=24.620969 [TIME_LIMIT] (15.1s), α=[0.000,0.000,0.000,0.000,0.000,0.000,0.000,0.000,0.000,0.000,3.482,0.000,0.000,0.717,0.000,0.000,0.062,0.000,0.000,0.000,0.000,0.000,0.000,3.240,0.000,0.000,0.000,0.000,0.000,0.000,0.000,0.000,0.000,0.000,0.000,0.000,0.000,0.000,0.000,0.000,0.000,0.000,0.833,0.000,0.000,0.000,0.000,0.000,0.000,0.000,0.000,0.000,0.000,0.000,0.000,0.000,0.000,0.000,0.000,0.000,0.000,0.000,0.603,0.000,0.000,0.000,0.000,0.000,0.000,0.000,0.000,0.000,1.506,0.000,0.000,0.000]
  Iter 55: LB=11.654544  UB=20.488329  gap=4.31e-01
  Cut: intercept=-70.222449, π_x_range=[-199.8296, 65.3073]
  Mini-Benders[1] (mw): LB=11.746226, Z₀(α*)=-10.957847, intercept=-27.438347 (1.125s) [OMP=1.036 ISP-L=0.009 ISP-F=0.025 MW-L=0.023 MW-F=0.029]
  Mini-Benders[2] (mw): LB=11.746226, Z₀(α*)=-10.957847, intercept=-27.438347 (1.110s) [OMP=1.022 ISP-L=0.009 ISP-F=0.025 MW-L=0.024 MW-F=0.031]
  Mini-Benders[3] (mw): LB=11.746226, Z₀(α*)=-10.957847, intercept=-27.438347 (1.109s) [OMP=1.025 ISP-L=0.008 ISP-F=0.025 MW-L=0.020 MW-F=0.033]
  Mini-Benders[4]: LB stagnated, break
  α-step: Z₀=23.599726, α=[0.000,0.000,0.000,0.000,0.000,0.000,0.000,0.000,0.000,0.000,0.000,0.000,0.000,0.000,0.000,0.000,0.000,0.000,0.000,0.000,0.000,0.000,0.000,0.000,0.000,0.000,0.000,0.000,0.000,0.000,0.000,0.000,0.000,0.000,2.589,0.000,0.000,0.000,0.000,0.000,0.000,0.000,0.000,0.000,0.000,0.000,0.000,0.000,0.000,0.000,1.940,2.907,0.000,0.000,0.000,0.000,0.000,0.000,0.000,0.000,0.000,0.000,0.000,0.000,0.000,0.000,0.000,0.000,0.000,0.000,0.000,0.000,3.007,0.000,0.000,0.000]
  Alt-Benders[1] (mw): LB=11.840015, Z₀(α*)=5.567217, intercept=-41.810995 (1.172s) [OMP=1.073 ISP-L=0.009 ISP-F=0.030 MW-L=0.021 MW-F=0.035]
  Alt-Benders[2] (mw): LB=11.840015, Z₀(α*)=5.567217, intercept=-41.810995 (1.156s) [OMP=1.055 ISP-L=0.008 ISP-F=0.029 MW-L=0.024 MW-F=0.032]
  Alt-Benders[3] (mw): LB=11.840015, Z₀(α*)=5.567217, intercept=-41.810995 (1.172s) [OMP=1.080 ISP-L=0.008 ISP-F=0.030 MW-L=0.024 MW-F=0.032]
  Alt-Benders[4]: LB stagnated, break
  OMP re-solve: 0.000s

=== True-DRO Benders iter 56 ===
  OMP: t₀=11.840015, UB=20.488329, gap=4.22e-01, x=[0, 0, 0, 0, 0, 1, 0, 0, 0, 0, 0, 0, 0, 0, 0, 0, 0, 0, 0, 0, 0, 0, 0, 0, 0, 0, 0, 0, 0, 0, 0, 0, 0, 0, 0, 0, 0, 0, 0, 0, 0, 0, 0, 0, 0, 0, 0, 0, 0, 0, 0, 0, 0, 0, 0, 0, 0, 0, 0, 0, 0, 0, 0, 0, 1, 0, 0, 0, 0, 0, 0, 0, 0, 0, 0, 0] (0.000s)
  Sub: Z₀=26.740842 [LOCAL] (0.5s), α=[0.000,0.000,0.000,0.000,0.000,0.000,0.000,0.000,0.000,0.000,0.000,0.000,0.000,0.000,0.000,0.000,0.000,0.000,0.000,0.000,0.000,0.000,0.000,0.000,0.000,0.000,0.000,0.000,0.000,0.000,0.000,0.000,0.000,0.000,0.000,0.000,0.000,0.000,0.000,0.000,0.000,0.000,0.000,0.000,0.000,0.000,0.000,0.000,0.000,0.000,0.496,0.000,0.000,0.000,0.000,0.000,0.000,0.000,0.000,0.000,0.000,0.000,4.697,0.000,0.000,0.000,0.000,0.000,0.000,0.000,0.000,0.000,5.250,0.000,0.000,0.000]
  Iter 56: LB=11.840015  UB=20.488329  gap=4.22e-01
  Cut: intercept=-1092.341982, π_x_range=[-826.2778, 562.2261]
  Mini-Benders[1] (mw): LB=11.848384, Z₀(α*)=6.846425, intercept=-41.367440 (1.172s) [OMP=1.074 ISP-L=0.007 ISP-F=0.025 MW-L=0.026 MW-F=0.034]
  Mini-Benders[2] (mw): LB=11.848384, Z₀(α*)=6.846425, intercept=-41.367440 (1.032s) [OMP=0.936 ISP-L=0.007 ISP-F=0.024 MW-L=0.022 MW-F=0.035]
  Mini-Benders[3] (mw): LB=11.848384, Z₀(α*)=6.846425, intercept=-41.367440 (1.015s) [OMP=0.937 ISP-L=0.006 ISP-F=0.024 MW-L=0.022 MW-F=0.034]
  Mini-Benders[4]: LB stagnated, break
  α-step: Z₀=25.038063, α=[0.000,0.000,0.000,0.000,0.000,0.000,0.000,0.000,0.000,0.000,2.717,0.000,0.000,0.000,0.000,0.000,1.012,0.000,0.000,0.000,0.000,0.000,0.000,0.000,0.000,0.000,0.000,0.000,0.000,0.000,0.000,0.000,0.000,0.000,0.250,0.000,0.000,0.000,0.000,0.000,0.000,0.000,3.253,0.000,0.000,0.000,0.000,0.000,0.000,0.000,0.000,0.000,0.000,0.000,0.000,0.000,0.000,0.000,0.000,0.000,0.000,0.000,0.000,0.000,0.000,0.000,0.000,0.000,0.000,0.000,0.000,0.000,3.212,0.000,0.000,0.000]
  Alt-Benders[1] (mw): LB=12.020028, Z₀(α*)=2.073167, intercept=-85.917151 (1.250s) [OMP=1.163 ISP-L=0.008 ISP-F=0.033 MW-L=0.024 MW-F=0.024]
  Alt-Benders[2] (mw): LB=12.020028, Z₀(α*)=2.073167, intercept=-85.917151 (1.110s) [OMP=1.019 ISP-L=0.008 ISP-F=0.033 MW-L=0.024 MW-F=0.023]
  Alt-Benders[3] (mw): LB=12.020028, Z₀(α*)=2.073167, intercept=-85.917151 (1.109s) [OMP=1.017 ISP-L=0.008 ISP-F=0.032 MW-L=0.024 MW-F=0.023]
  Alt-Benders[4]: LB stagnated, break
  OMP re-solve: 0.000s

=== True-DRO Benders iter 57 ===
  OMP: t₀=12.020028, UB=20.488329, gap=4.13e-01, x=[0, 1, 0, 0, 0, 0, 0, 1, 0, 0, 0, 0, 0, 0, 0, 0, 0, 0, 0, 0, 0, 0, 0, 0, 0, 0, 0, 0, 0, 0, 0, 0, 0, 0, 0, 0, 0, 0, 0, 0, 0, 0, 0, 0, 0, 0, 0, 0, 0, 0, 0, 0, 0, 0, 0, 0, 0, 0, 0, 0, 0, 0, 0, 0, 0, 0, 0, 0, 0, 0, 0, 0, 0, 0, 0, 0] (0.000s)
  Sub: Z₀=21.859832 [LOCAL] (0.4s), α=[0.000,3.406,0.000,0.000,0.000,0.000,0.000,1.535,0.000,0.000,0.000,0.000,0.000,0.000,0.000,0.000,0.000,0.000,0.000,0.000,0.000,0.000,0.000,0.000,0.000,0.000,0.000,3.666,0.000,0.000,0.000,0.000,0.000,0.000,0.000,0.000,0.000,0.000,0.000,0.000,0.000,0.000,0.000,0.000,0.000,0.000,0.000,0.000,0.000,0.000,0.000,0.000,0.000,0.000,0.000,0.000,0.000,0.000,0.000,0.000,0.000,0.000,0.000,0.000,0.000,0.000,0.000,0.000,0.000,0.000,0.000,0.000,1.836,0.000,0.000,0.000]
  Iter 57: LB=12.020028  UB=20.488329  gap=4.13e-01
  Cut: intercept=-1104.514523, π_x_range=[-824.7854, 570.5991]
  Mini-Benders[1] (mw): LB=12.123747, Z₀(α*)=-8.818860, intercept=-8.818861 (1.063s) [OMP=0.968 ISP-L=0.009 ISP-F=0.029 MW-L=0.019 MW-F=0.031]
  Mini-Benders[2] (mw): LB=12.123747, Z₀(α*)=-8.818860, intercept=-8.818861 (1.125s) [OMP=1.032 ISP-L=0.009 ISP-F=0.029 MW-L=0.019 MW-F=0.031]
  Mini-Benders[3] (mw): LB=12.123747, Z₀(α*)=-8.818860, intercept=-8.818861 (1.125s) [OMP=1.039 ISP-L=0.008 ISP-F=0.029 MW-L=0.019 MW-F=0.031]
  Mini-Benders[4]: LB stagnated, break
  α-step: Z₀=27.448252, α=[0.000,0.000,0.000,0.000,0.000,0.000,0.000,0.000,0.000,0.000,0.594,0.000,0.000,0.000,0.000,0.000,0.285,0.000,0.000,0.000,0.000,0.000,0.000,0.000,0.000,0.000,0.000,0.000,0.000,0.000,0.000,0.000,0.000,0.000,0.000,0.000,0.000,0.000,0.000,0.000,0.000,0.000,0.000,0.000,0.000,0.000,0.000,0.000,0.000,0.000,1.692,0.000,0.000,0.000,0.000,0.000,0.000,0.000,0.000,0.000,0.000,0.000,0.000,0.000,0.000,0.000,0.000,0.000,0.000,0.000,0.000,1.427,6.446,0.000,0.000,0.000]
  Alt-Benders[1] (mw): LB=12.151777, Z₀(α*)=5.605410, intercept=-33.214878 (1.125s) [OMP=1.030 ISP-L=0.008 ISP-F=0.026 MW-L=0.023 MW-F=0.029]
  Alt-Benders[2] (mw): LB=12.151777, Z₀(α*)=5.605410, intercept=-33.214878 (1.110s) [OMP=1.018 ISP-L=0.008 ISP-F=0.026 MW-L=0.023 MW-F=0.029]
  Alt-Benders[3] (mw): LB=12.151777, Z₀(α*)=5.605410, intercept=-33.214878 (1.125s) [OMP=1.029 ISP-L=0.008 ISP-F=0.026 MW-L=0.023 MW-F=0.031]
  Alt-Benders[4]: LB stagnated, break
  OMP re-solve: 0.000s

=== True-DRO Benders iter 58 ===
  OMP: t₀=12.151777, UB=20.488329, gap=4.07e-01, x=[0, 0, 0, 0, 0, 0, 0, 0, 0, 0, 0, 0, 0, 0, 0, 0, 0, 0, 0, 0, 0, 0, 0, 0, 0, 0, 0, 0, 0, 0, 0, 0, 0, 0, 1, 0, 0, 0, 1, 0, 0, 0, 0, 0, 0, 0, 0, 0, 0, 0, 0, 0, 0, 0, 0, 0, 0, 0, 0, 0, 0, 0, 0, 0, 0, 0, 0, 0, 0, 0, 0, 0, 0, 0, 0, 0] (0.000s)
  Sub: Z₀=21.040734 [LOCAL] (0.4s), α=[0.000,0.000,0.000,0.000,0.000,0.000,0.000,0.000,0.000,0.000,0.000,0.000,0.000,0.000,0.000,0.000,0.000,0.000,0.000,0.000,0.000,0.000,0.000,0.000,0.000,0.000,0.000,0.000,0.000,0.000,0.000,0.000,0.000,0.000,7.780,0.000,0.000,0.000,0.000,0.000,0.000,0.000,0.000,0.000,0.000,0.000,0.000,0.000,0.000,0.000,0.000,0.000,0.000,0.000,0.000,0.000,0.000,0.000,0.000,0.000,0.000,0.000,0.000,0.000,0.000,0.000,0.000,0.000,0.000,0.000,0.000,0.000,2.662,0.000,0.000,0.000]
  Iter 58: LB=12.151777  UB=20.488329  gap=4.07e-01
  Cut: intercept=-1162.991542, π_x_range=[-826.2810, 595.1705]
  Mini-Benders[1] (mw): LB=12.180470, Z₀(α*)=21.393707, intercept=8.822227 (1.140s) [OMP=1.042 ISP-L=0.008 ISP-F=0.028 MW-L=0.020 MW-F=0.033]
  Mini-Benders[2] (mw): LB=12.198340, Z₀(α*)=-2.594746, intercept=-110.795739 (1.094s) [OMP=1.007 ISP-L=0.009 ISP-F=0.029 MW-L=0.022 MW-F=0.035]
  Mini-Benders[3] (mw): LB=12.198340, Z₀(α*)=-2.594746, intercept=-110.795739 (1.109s) [OMP=1.007 ISP-L=0.009 ISP-F=0.030 MW-L=0.022 MW-F=0.034]
  Mini-Benders[4] (mw): LB=12.198340, Z₀(α*)=-2.594746, intercept=-110.795739 (1.125s) [OMP=1.030 ISP-L=0.010 ISP-F=0.030 MW-L=0.026 MW-F=0.031]
  Mini-Benders[5]: LB stagnated, break
  α-step: Z₀=19.082200, α=[0.000,0.000,0.000,0.000,0.000,0.000,0.000,0.000,0.000,0.000,0.000,0.000,0.000,0.000,0.000,0.000,0.000,0.000,0.000,0.000,0.000,0.000,0.000,0.000,0.000,0.000,0.000,0.000,0.000,0.000,0.000,0.000,0.000,0.000,0.000,0.000,0.000,0.000,0.000,0.000,0.000,0.000,0.000,0.000,0.000,0.000,0.000,0.000,0.000,0.000,2.532,0.000,0.000,3.233,0.000,0.000,0.000,0.000,0.000,0.000,0.000,0.000,0.000,0.000,0.000,0.000,0.000,0.000,0.000,0.000,0.000,0.000,4.679,0.000,0.000,0.000]
  Alt-Benders[1] (mw): LB=12.262896, Z₀(α*)=9.603529, intercept=-27.118542 (1.078s) [OMP=0.989 ISP-L=0.007 ISP-F=0.027 MW-L=0.024 MW-F=0.028]
  Alt-Benders[2] (mw): LB=12.262896, Z₀(α*)=9.603529, intercept=-27.118542 (1.109s) [OMP=1.021 ISP-L=0.007 ISP-F=0.027 MW-L=0.024 MW-F=0.030]
  Alt-Benders[3] (mw): LB=12.262896, Z₀(α*)=9.603529, intercept=-27.118542 (1.109s) [OMP=1.013 ISP-L=0.007 ISP-F=0.027 MW-L=0.020 MW-F=0.031]
  Alt-Benders[4]: LB stagnated, break
  OMP re-solve: 0.001s

=== True-DRO Benders iter 59 ===
  OMP: t₀=12.262896, UB=20.488329, gap=4.01e-01, x=[0, 0, 0, 0, 0, 0, 0, 0, 0, 0, 0, 0, 0, 0, 0, 0, 0, 0, 0, 0, 0, 0, 0, 0, 0, 0, 0, 0, 0, 0, 0, 0, 0, 0, 0, 0, 0, 0, 1, 0, 0, 0, 0, 0, 0, 0, 0, 0, 0, 1, 0, 0, 0, 0, 0, 0, 0, 0, 0, 0, 0, 0, 0, 0, 0, 0, 0, 0, 0, 0, 0, 0, 0, 0, 0, 0] (0.001s)
  Sub: Z₀=25.002883 [LOCAL] (0.5s), α=[0.000,0.000,0.000,0.000,0.000,0.000,0.000,0.000,0.000,0.000,2.632,0.000,0.000,0.035,0.000,0.000,0.065,0.000,0.000,0.000,0.216,0.000,0.000,0.000,0.000,0.000,0.000,0.000,0.000,0.000,0.000,0.000,0.000,0.000,2.589,0.000,0.000,0.000,0.391,0.000,0.000,0.000,0.000,0.000,0.000,0.015,0.000,0.000,0.000,1.225,0.000,0.000,0.000,0.000,0.000,0.000,0.000,0.000,0.000,0.000,0.000,0.000,0.000,0.000,0.000,0.000,0.000,0.000,0.000,0.000,0.000,0.000,3.276,0.000,0.000,0.000]
  Iter 59: LB=12.262896  UB=20.488329  gap=4.01e-01
  Cut: intercept=-1108.490927, π_x_range=[-830.1508, 581.6840]
  Mini-Benders[1] (mw): LB=12.289967, Z₀(α*)=3.035943, intercept=-27.911862 (1.125s) [OMP=1.038 ISP-L=0.008 ISP-F=0.026 MW-L=0.019 MW-F=0.032]
  Mini-Benders[2] (mw): LB=12.289967, Z₀(α*)=3.035943, intercept=-27.911862 (0.922s) [OMP=0.843 ISP-L=0.008 ISP-F=0.026 MW-L=0.022 MW-F=0.029]
  Mini-Benders[3] (mw): LB=12.289967, Z₀(α*)=3.035943, intercept=-27.911862 (0.953s) [OMP=0.859 ISP-L=0.008 ISP-F=0.027 MW-L=0.022 MW-F=0.029]
  Mini-Benders[4]: LB stagnated, break
  α-step: Z₀=22.624409, α=[0.000,0.000,0.000,0.000,0.000,0.000,0.000,0.000,0.000,0.000,0.000,0.000,0.000,0.000,0.000,0.000,0.000,0.000,0.000,0.000,0.000,0.000,0.000,0.000,0.000,0.000,0.000,0.000,0.000,0.000,0.000,0.000,0.000,0.000,3.927,0.000,0.000,0.000,0.000,0.000,0.000,0.000,0.000,0.000,0.000,0.000,0.000,0.000,0.000,0.000,2.632,1.223,0.000,0.000,0.000,0.000,0.000,0.000,0.000,0.000,0.000,0.000,0.000,0.000,0.000,0.000,0.000,0.000,0.000,0.000,0.000,1.339,1.323,0.000,0.000,0.000]
  Alt-Benders[1] (mw): LB=12.336467, Z₀(α*)=23.530533, intercept=-32.485321 (0.937s) [OMP=0.839 ISP-L=0.009 ISP-F=0.028 MW-L=0.025 MW-F=0.029]
  Alt-Benders[2] (mw): LB=12.338804, Z₀(α*)=3.791876, intercept=-56.728778 (0.922s) [OMP=0.821 ISP-L=0.008 ISP-F=0.030 MW-L=0.021 MW-F=0.037]
  Alt-Benders[3] (mw): LB=12.338804, Z₀(α*)=3.791876, intercept=-56.728778 (0.906s) [OMP=0.806 ISP-L=0.008 ISP-F=0.030 MW-L=0.021 MW-F=0.037]
  Alt-Benders[4] (mw): LB=12.338804, Z₀(α*)=3.791876, intercept=-56.728778 (0.891s) [OMP=0.795 ISP-L=0.008 ISP-F=0.029 MW-L=0.021 MW-F=0.037]
  Alt-Benders[5]: LB stagnated, break
  OMP re-solve: 0.001s

=== True-DRO Benders iter 60 ===
  OMP: t₀=12.338804, UB=20.488329, gap=3.98e-01, x=[0, 1, 0, 0, 0, 0, 0, 0, 0, 0, 0, 0, 0, 0, 0, 0, 0, 0, 0, 0, 0, 0, 0, 0, 0, 0, 0, 0, 0, 0, 0, 0, 0, 0, 0, 0, 0, 0, 0, 0, 0, 0, 0, 0, 0, 0, 0, 0, 0, 0, 0, 0, 0, 0, 0, 0, 0, 0, 0, 0, 0, 0, 0, 0, 1, 0, 0, 0, 0, 0, 0, 0, 0, 0, 0, 0] (0.001s)
  Sub: Z₀=25.347704 [TIME_LIMIT] (15.1s), α=[0.000,0.323,0.000,0.000,0.000,0.000,0.000,0.000,0.000,0.000,0.499,0.000,0.000,0.000,0.000,0.000,0.000,0.000,0.000,0.000,0.000,0.000,0.000,0.000,0.000,0.000,0.000,0.310,0.000,0.000,0.000,0.000,0.000,0.000,0.000,0.000,0.000,0.000,0.000,0.000,0.000,0.000,0.000,0.000,0.000,0.000,0.000,0.000,0.000,0.000,0.216,0.000,0.000,0.000,0.000,0.000,0.000,0.000,0.000,0.000,0.000,0.000,4.124,0.000,0.000,0.000,0.000,0.000,0.000,0.000,0.000,0.000,4.970,0.000,0.000,0.000]
  Iter 60: LB=12.338804  UB=20.488329  gap=3.98e-01
  Cut: intercept=-103.299823, π_x_range=[-184.0264, 78.5567]
  Mini-Benders[1] (mw): LB=12.413937, Z₀(α*)=21.298070, intercept=-22.295247 (0.969s) [OMP=0.882 ISP-L=0.009 ISP-F=0.030 MW-L=0.024 MW-F=0.033]
  Mini-Benders[2] (mw): LB=12.437100, Z₀(α*)=-5.465595, intercept=-14.018952 (0.953s) [OMP=0.864 ISP-L=0.008 ISP-F=0.028 MW-L=0.024 MW-F=0.028]
  Mini-Benders[3] (mw): LB=12.437100, Z₀(α*)=-5.465595, intercept=-14.018952 (0.984s) [OMP=0.887 ISP-L=0.009 ISP-F=0.028 MW-L=0.025 MW-F=0.030]
  Mini-Benders[4] (mw): LB=12.437100, Z₀(α*)=-5.465595, intercept=-14.018952 (0.985s) [OMP=0.886 ISP-L=0.009 ISP-F=0.029 MW-L=0.022 MW-F=0.032]
  Mini-Benders[5]: LB stagnated, break
  α-step: Z₀=21.953671, α=[0.000,0.000,0.000,0.000,0.000,0.000,0.000,0.000,0.000,0.000,0.000,0.000,0.000,0.000,0.000,0.000,0.551,0.000,0.000,0.000,0.000,0.000,0.000,0.000,0.000,0.000,0.000,0.000,0.000,0.000,0.000,0.000,0.000,0.000,0.000,0.000,0.000,0.000,0.000,0.000,0.000,0.000,0.000,0.000,0.000,0.000,0.000,0.000,0.000,0.000,0.000,0.000,0.000,0.000,0.000,0.000,0.000,0.000,0.000,0.000,0.000,0.000,0.000,0.000,0.000,0.000,0.000,0.000,0.000,0.000,0.000,0.000,9.892,0.000,0.000,0.000]
  Alt-Benders[1] (mw): LB=12.440748, Z₀(α*)=21.089314, intercept=-64.769336 (1.000s) [OMP=0.913 ISP-L=0.007 ISP-F=0.029 MW-L=0.021 MW-F=0.034]
  Alt-Benders[2] (mw): LB=12.449646, Z₀(α*)=4.669990, intercept=-43.803727 (1.000s) [OMP=0.908 ISP-L=0.009 ISP-F=0.028 MW-L=0.022 MW-F=0.027]
  Alt-Benders[3] (mw): LB=12.449646, Z₀(α*)=4.669990, intercept=-43.803727 (1.000s) [OMP=0.913 ISP-L=0.009 ISP-F=0.030 MW-L=0.024 MW-F=0.029]
  Alt-Benders[4] (mw): LB=12.449646, Z₀(α*)=4.669990, intercept=-43.803727 (1.000s) [OMP=0.908 ISP-L=0.009 ISP-F=0.028 MW-L=0.023 MW-F=0.028]
  Alt-Benders[5]: LB stagnated, break
  OMP re-solve: 0.000s

=== True-DRO Benders iter 61 ===
  OMP: t₀=12.449646, UB=20.488329, gap=3.92e-01, x=[0, 0, 0, 0, 0, 0, 0, 0, 0, 0, 0, 0, 0, 0, 0, 0, 0, 0, 0, 0, 0, 0, 0, 0, 0, 0, 0, 0, 0, 0, 0, 0, 0, 0, 0, 0, 0, 0, 1, 0, 0, 0, 0, 0, 0, 0, 0, 0, 0, 0, 0, 0, 0, 1, 0, 0, 0, 0, 0, 0, 0, 0, 0, 0, 0, 0, 0, 0, 0, 0, 0, 0, 0, 0, 0, 0] (0.000s)
  Sub: Z₀=23.258469 [LOCAL] (0.4s), α=[0.000,0.000,0.000,0.000,0.000,0.000,0.000,0.000,0.000,0.000,0.000,0.000,0.000,0.000,0.000,0.000,0.000,0.000,0.000,0.000,0.000,0.000,0.000,0.000,0.000,0.000,0.000,0.000,0.000,0.000,0.000,0.000,0.000,0.000,2.635,0.000,0.000,0.000,0.000,0.000,0.000,0.000,0.000,0.000,0.000,0.000,0.000,0.000,0.000,0.000,1.751,0.000,0.000,4.966,0.000,0.550,0.000,0.000,0.000,0.000,0.000,0.000,0.000,0.000,0.000,0.000,0.000,0.000,0.000,0.000,0.000,0.046,0.494,0.000,0.000,0.000]
  Iter 61: LB=12.449646  UB=20.488329  gap=3.92e-01
  Cut: intercept=-1123.556223, π_x_range=[-827.1826, 588.8303]
  Mini-Benders[1] (mw): LB=12.481678, Z₀(α*)=-8.845143, intercept=-71.657170 (1.031s) [OMP=0.933 ISP-L=0.007 ISP-F=0.034 MW-L=0.019 MW-F=0.038]
  Mini-Benders[2] (mw): LB=12.481678, Z₀(α*)=-8.845143, intercept=-71.657170 (1.031s) [OMP=0.917 ISP-L=0.008 ISP-F=0.035 MW-L=0.019 MW-F=0.038]
  Mini-Benders[3] (mw): LB=12.481678, Z₀(α*)=-8.845143, intercept=-71.657170 (0.985s) [OMP=0.885 ISP-L=0.008 ISP-F=0.035 MW-L=0.019 MW-F=0.038]
  Mini-Benders[4]: LB stagnated, break
  α-step: Z₀=24.831100, α=[0.000,0.000,0.000,0.000,0.000,0.000,0.000,0.000,0.000,0.000,2.717,0.000,0.000,0.000,0.000,0.000,0.000,0.000,0.000,0.000,0.637,0.000,0.000,0.000,0.000,0.000,0.000,0.000,0.000,0.000,0.000,0.000,0.000,0.000,1.168,0.000,0.000,0.000,0.000,0.000,0.000,0.000,0.000,0.000,0.000,0.000,0.000,0.000,0.000,0.000,1.332,0.000,0.000,0.000,0.000,0.000,0.000,0.000,0.000,0.000,0.000,0.000,0.000,0.000,0.000,0.000,0.000,0.000,0.000,0.000,0.000,0.000,4.589,0.000,0.000,0.000]
  Alt-Benders[1] (mw): LB=12.567613, Z₀(α*)=26.729229, intercept=26.729232 (0.953s) [OMP=0.871 ISP-L=0.008 ISP-F=0.032 MW-L=0.023 MW-F=0.023]
  Alt-Benders[2] (mw): LB=12.689420, Z₀(α*)=-2.113039, intercept=-1.495283 (1.000s) [OMP=0.912 ISP-L=0.008 ISP-F=0.030 MW-L=0.024 MW-F=0.031]
  Alt-Benders[3] (mw): LB=12.689420, Z₀(α*)=-2.113039, intercept=-1.495283 (0.954s) [OMP=0.844 ISP-L=0.008 ISP-F=0.030 MW-L=0.023 MW-F=0.031]
  Alt-Benders[4] (mw): LB=12.689420, Z₀(α*)=-2.113039, intercept=-1.495283 (1.015s) [OMP=0.922 ISP-L=0.008 ISP-F=0.030 MW-L=0.023 MW-F=0.033]
  Alt-Benders[5]: LB stagnated, break
  OMP re-solve: 0.000s

=== True-DRO Benders iter 62 ===
  OMP: t₀=12.689420, UB=20.488329, gap=3.81e-01, x=[0, 0, 0, 0, 0, 0, 0, 0, 0, 0, 0, 0, 0, 0, 0, 0, 0, 0, 0, 0, 0, 0, 0, 0, 0, 0, 0, 0, 0, 0, 0, 0, 0, 0, 0, 0, 0, 0, 0, 0, 0, 0, 0, 0, 0, 0, 0, 0, 0, 0, 0, 0, 0, 0, 0, 0, 0, 0, 0, 0, 0, 0, 1, 0, 0, 0, 0, 0, 0, 0, 0, 0, 1, 0, 0, 0] (0.000s)
  Sub: Z₀=23.824185 [LOCAL] (0.4s), α=[0.000,0.000,0.000,0.000,0.000,0.000,0.000,0.000,0.000,0.000,0.000,0.000,0.000,0.000,0.000,0.000,0.000,0.000,0.000,0.000,0.000,0.000,0.000,0.000,0.000,0.000,0.000,0.000,0.000,0.000,0.000,0.000,0.000,0.000,0.000,0.000,0.000,0.000,0.000,0.000,0.000,0.000,0.000,0.000,0.000,0.000,0.000,0.000,0.000,0.000,0.000,0.000,0.000,0.000,0.000,0.000,0.000,0.000,0.000,0.000,0.000,0.000,0.000,0.000,0.000,0.000,0.000,0.000,0.000,0.000,0.000,0.000,10.443,0.000,0.000,0.000]
  Iter 62: LB=12.689420  UB=20.488329  gap=3.81e-01
  Cut: intercept=-1155.230766, π_x_range=[-826.8909, 595.2136]
  Mini-Benders[1] (mw): LB=12.706330, Z₀(α*)=15.033230, intercept=-48.733403 (1.000s) [OMP=0.913 ISP-L=0.009 ISP-F=0.031 MW-L=0.020 MW-F=0.030]
  Mini-Benders[2] (mw): LB=12.819967, Z₀(α*)=22.926950, intercept=-19.456017 (1.015s) [OMP=0.914 ISP-L=0.008 ISP-F=0.032 MW-L=0.021 MW-F=0.033]
  Mini-Benders[3] (mw): LB=12.969347, Z₀(α*)=-9.800483, intercept=-20.667130 (1.032s) [OMP=0.938 ISP-L=0.008 ISP-F=0.029 MW-L=0.024 MW-F=0.029]
  Mini-Benders[4] (mw): LB=12.969347, Z₀(α*)=-9.800483, intercept=-20.667130 (1.046s) [OMP=0.949 ISP-L=0.008 ISP-F=0.029 MW-L=0.025 MW-F=0.029]
  Mini-Benders[5] (mw): LB=12.969347, Z₀(α*)=-9.800483, intercept=-20.667130 (1.047s) [OMP=0.956 ISP-L=0.008 ISP-F=0.029 MW-L=0.025 MW-F=0.029]
  α-step: Z₀=23.840519, α=[0.000,0.000,0.000,0.000,0.000,0.000,0.000,0.000,0.000,0.000,0.000,0.000,0.000,0.000,0.000,0.000,0.000,0.000,0.000,0.000,0.000,0.000,0.000,0.000,0.000,0.000,0.000,0.000,0.000,0.000,0.000,0.000,0.000,0.000,0.449,0.000,0.000,0.000,0.000,0.000,0.000,0.000,0.000,0.000,0.000,0.000,0.000,0.000,0.000,0.000,0.100,4.763,0.000,0.000,0.000,0.000,0.000,0.000,0.000,0.000,0.000,0.000,0.000,0.000,0.000,0.000,0.000,0.000,0.000,0.000,0.000,0.268,4.863,0.000,0.000,0.000]
  Alt-Benders[1] (mw): LB=13.101238, Z₀(α*)=12.663585, intercept=-23.421876 (1.015s) [OMP=0.928 ISP-L=0.008 ISP-F=0.027 MW-L=0.019 MW-F=0.030]
  Alt-Benders[2] (mw): LB=13.101238, Z₀(α*)=12.663585, intercept=-23.421876 (0.985s) [OMP=0.905 ISP-L=0.007 ISP-F=0.027 MW-L=0.019 MW-F=0.030]
  Alt-Benders[3] (mw): LB=13.101238, Z₀(α*)=12.663585, intercept=-23.421876 (1.000s) [OMP=0.920 ISP-L=0.007 ISP-F=0.026 MW-L=0.019 MW-F=0.029]
  Alt-Benders[4]: LB stagnated, break
  OMP re-solve: 0.001s

=== True-DRO Benders iter 63 ===
  OMP: t₀=13.101238, UB=20.488329, gap=3.61e-01, x=[0, 0, 0, 0, 0, 0, 0, 0, 0, 0, 0, 0, 0, 0, 0, 0, 0, 0, 0, 0, 0, 0, 0, 0, 0, 0, 0, 0, 0, 1, 0, 0, 0, 0, 0, 0, 0, 0, 0, 0, 0, 0, 0, 0, 0, 1, 0, 0, 0, 0, 0, 0, 0, 0, 0, 0, 0, 0, 0, 0, 0, 0, 0, 0, 0, 0, 0, 0, 0, 0, 0, 0, 0, 0, 0, 0] (0.001s)
  Sub: Z₀=26.368919 [LOCAL] (0.9s), α=[0.000,0.000,0.000,0.000,0.000,0.000,0.000,0.000,0.000,0.000,0.000,0.000,0.000,0.000,0.000,0.000,0.000,0.000,0.000,0.000,0.000,0.000,0.000,0.000,0.000,0.000,0.000,0.000,0.000,0.000,0.000,0.000,0.000,0.000,0.095,0.000,0.000,0.000,0.000,0.000,0.000,0.000,0.000,0.000,0.000,0.000,0.000,0.000,0.000,0.000,2.036,0.000,0.000,0.000,0.000,0.000,0.000,0.000,0.000,0.000,0.000,0.000,0.000,0.000,0.000,0.000,0.000,0.000,0.000,0.000,0.000,1.521,6.790,0.000,0.000,0.000]
  Iter 63: LB=13.101238  UB=20.488329  gap=3.61e-01
  Cut: intercept=-1091.488337, π_x_range=[-827.4019, 580.1021]
  Mini-Benders[1] (mw): LB=13.130979, Z₀(α*)=14.479670, intercept=-18.702207 (1.032s) [OMP=0.935 ISP-L=0.008 ISP-F=0.030 MW-L=0.024 MW-F=0.028]
  Mini-Benders[2] (mw): LB=13.163505, Z₀(α*)=5.829949, intercept=-23.090715 (0.968s) [OMP=0.870 ISP-L=0.008 ISP-F=0.029 MW-L=0.023 MW-F=0.032]
  Mini-Benders[3] (mw): LB=13.163505, Z₀(α*)=5.829949, intercept=-23.090715 (1.047s) [OMP=0.950 ISP-L=0.009 ISP-F=0.030 MW-L=0.022 MW-F=0.034]
  Mini-Benders[4] (mw): LB=13.163505, Z₀(α*)=5.829949, intercept=-23.090715 (1.031s) [OMP=0.938 ISP-L=0.008 ISP-F=0.029 MW-L=0.019 MW-F=0.035]
  Mini-Benders[5]: LB stagnated, break
  α-step: Z₀=23.217844, α=[0.000,0.000,0.000,0.000,0.000,0.000,0.000,0.000,0.000,0.000,0.000,0.000,0.000,0.000,0.000,0.000,0.551,0.000,0.000,0.000,0.000,0.000,0.000,0.000,0.000,0.000,0.000,0.000,0.000,0.000,0.000,0.000,0.000,0.000,0.000,0.000,0.000,0.000,0.000,0.000,0.000,0.000,0.000,0.000,0.000,0.000,0.000,0.000,0.000,0.000,0.000,0.000,0.000,0.000,0.000,0.000,0.000,0.000,0.000,0.000,0.000,0.000,0.000,0.000,0.000,0.000,0.000,0.000,0.000,0.000,0.000,0.000,9.892,0.000,0.000,0.000]
  Alt-Benders[1] (mw): LB=13.194574, Z₀(α*)=23.724057, intercept=-3.296229 (1.031s) [OMP=0.937 ISP-L=0.009 ISP-F=0.029 MW-L=0.020 MW-F=0.026]
  Alt-Benders[2] (mw): LB=13.237048, Z₀(α*)=4.769990, intercept=-44.646639 (1.016s) [OMP=0.931 ISP-L=0.009 ISP-F=0.026 MW-L=0.020 MW-F=0.028]
  Alt-Benders[3] (mw): LB=13.237048, Z₀(α*)=4.769990, intercept=-44.646639 (1.031s) [OMP=0.953 ISP-L=0.009 ISP-F=0.026 MW-L=0.023 MW-F=0.024]
  Alt-Benders[4] (mw): LB=13.237048, Z₀(α*)=4.769990, intercept=-44.646639 (1.063s) [OMP=0.972 ISP-L=0.010 ISP-F=0.027 MW-L=0.024 MW-F=0.024]
  Alt-Benders[5]: LB stagnated, break
  OMP re-solve: 0.000s

=== True-DRO Benders iter 64 ===
  OMP: t₀=13.237048, UB=20.488329, gap=3.54e-01, x=[0, 0, 0, 0, 0, 0, 0, 0, 0, 0, 0, 0, 0, 0, 0, 0, 1, 0, 0, 0, 0, 0, 0, 0, 0, 0, 0, 0, 0, 0, 0, 0, 0, 0, 0, 0, 0, 0, 0, 0, 0, 0, 0, 0, 0, 0, 0, 0, 0, 0, 0, 0, 0, 1, 0, 0, 0, 0, 0, 0, 0, 0, 0, 0, 0, 0, 0, 0, 0, 0, 0, 0, 0, 0, 0, 0] (0.000s)
  Sub: Z₀=22.791433 [LOCAL] (0.4s), α=[0.000,0.000,0.000,0.000,0.000,0.000,0.000,0.000,0.000,0.000,0.000,0.000,0.000,0.000,0.000,0.000,0.000,0.000,0.000,0.000,0.000,0.000,0.000,0.000,0.000,0.000,0.000,0.000,0.000,0.000,0.000,0.000,0.000,0.000,3.670,0.000,0.000,0.000,0.000,0.000,0.000,0.000,0.000,0.000,0.000,0.000,0.000,0.000,0.000,0.000,1.890,0.000,0.000,4.312,0.000,0.572,0.000,0.000,0.000,0.000,0.000,0.000,0.000,0.000,0.000,0.000,0.000,0.000,0.000,0.000,0.000,0.000,0.000,0.000,0.000,0.000]
  Iter 64: LB=13.237048  UB=20.488329  gap=3.54e-01
  Cut: intercept=-1108.346219, π_x_range=[-826.4035, 580.4366]
  Mini-Benders[1] (mw): LB=13.284258, Z₀(α*)=-2.930064, intercept=-37.005244 (1.000s) [OMP=0.893 ISP-L=0.009 ISP-F=0.032 MW-L=0.022 MW-F=0.032]
  Mini-Benders[2] (mw): LB=13.284258, Z₀(α*)=-2.930064, intercept=-37.005244 (1.000s) [OMP=0.906 ISP-L=0.009 ISP-F=0.031 MW-L=0.018 MW-F=0.034]
  Mini-Benders[3] (mw): LB=13.284258, Z₀(α*)=-2.930064, intercept=-37.005244 (1.016s) [OMP=0.916 ISP-L=0.008 ISP-F=0.031 MW-L=0.018 MW-F=0.032]
  Mini-Benders[4]: LB stagnated, break
  α-step: Z₀=26.521581, α=[0.000,0.100,0.000,0.000,0.000,0.000,0.000,0.000,0.000,0.000,2.129,0.000,0.000,0.000,0.000,0.000,1.018,0.000,0.000,0.000,0.000,0.000,0.000,0.000,0.000,0.000,0.000,0.324,0.000,0.000,0.000,0.000,0.000,0.000,4.426,0.000,0.000,0.000,0.000,0.000,0.000,0.000,0.000,0.000,0.000,0.000,0.000,0.000,0.000,0.000,0.000,0.000,0.000,0.000,0.000,0.000,0.000,0.000,0.000,0.000,0.000,0.000,0.000,0.000,0.000,0.000,0.000,0.000,0.000,0.000,0.000,0.000,2.446,0.000,0.000,0.000]
  Alt-Benders[1] (mw): LB=13.294941, Z₀(α*)=16.426129, intercept=-27.924464 (1.046s) [OMP=0.957 ISP-L=0.009 ISP-F=0.031 MW-L=0.020 MW-F=0.038]
  Alt-Benders[2] (mw): LB=13.339918, Z₀(α*)=24.326938, intercept=-13.410349 (0.985s) [OMP=0.890 ISP-L=0.008 ISP-F=0.028 MW-L=0.023 MW-F=0.025]
  Alt-Benders[3] (mw): LB=13.405250, Z₀(α*)=15.867153, intercept=-51.679537 (1.000s) [OMP=0.914 ISP-L=0.007 ISP-F=0.026 MW-L=0.023 MW-F=0.024]
  Alt-Benders[4] (mw): LB=13.545905, Z₀(α*)=14.109016, intercept=-63.316118 (0.953s) [OMP=0.863 ISP-L=0.007 ISP-F=0.030 MW-L=0.025 MW-F=0.035]
  Alt-Benders[5] (mw): LB=13.636286, Z₀(α*)=21.956846, intercept=-29.312105 (0.984s) [OMP=0.882 ISP-L=0.007 ISP-F=0.027 MW-L=0.025 MW-F=0.034]
  OMP re-solve: 0.844s

=== True-DRO Benders iter 65 ===
  OMP: t₀=13.649149, UB=20.488329, gap=3.34e-01, x=[0, 0, 0, 0, 0, 0, 0, 0, 0, 0, 0, 0, 0, 0, 0, 0, 0, 0, 0, 0, 0, 0, 0, 0, 0, 0, 0, 0, 0, 0, 0, 0, 0, 0, 0, 0, 0, 0, 0, 0, 0, 0, 0, 0, 0, 0, 0, 0, 0, 0, 0, 0, 0, 0, 0, 0, 0, 0, 0, 0, 0, 0, 0, 0, 1, 0, 1, 0, 0, 0, 0, 0, 0, 0, 0, 0] (0.000s)
  Sub: Z₀=25.017320 [TIME_LIMIT] (15.1s), α=[0.000,0.000,0.000,0.000,0.000,0.000,0.000,0.000,0.000,0.000,0.000,0.000,0.000,0.000,0.000,0.000,0.000,0.000,0.000,0.000,0.000,0.000,0.000,0.000,0.000,0.000,0.000,0.000,0.000,0.000,0.000,0.000,0.000,0.000,0.000,0.000,0.000,0.000,0.000,0.000,0.000,0.000,0.000,0.000,0.000,0.000,0.000,0.000,0.000,0.000,0.334,0.000,0.000,0.000,0.000,0.000,0.000,0.000,0.000,0.000,0.000,0.000,0.000,0.000,3.137,0.000,1.096,0.000,0.901,0.000,0.000,0.000,4.976,0.000,0.000,0.000]
  Iter 65: LB=13.649149  UB=20.488329  gap=3.34e-01
  Cut: intercept=-80.268177, π_x_range=[-170.5040, 55.9049]
  Mini-Benders[1] (mw): LB=13.729384, Z₀(α*)=8.967139, intercept=-1.797231 (1.015s) [OMP=0.921 ISP-L=0.009 ISP-F=0.032 MW-L=0.019 MW-F=0.029]
  Mini-Benders[2] (mw): LB=13.729384, Z₀(α*)=8.967139, intercept=-1.797231 (1.047s) [OMP=0.958 ISP-L=0.008 ISP-F=0.031 MW-L=0.019 MW-F=0.028]
  Mini-Benders[3] (mw): LB=13.729384, Z₀(α*)=8.967139, intercept=-1.797231 (1.016s) [OMP=0.929 ISP-L=0.008 ISP-F=0.031 MW-L=0.022 MW-F=0.025]
  Mini-Benders[4]: LB stagnated, break
  α-step: Z₀=27.184993, α=[0.000,0.000,0.000,0.000,0.000,0.000,0.000,0.000,0.000,0.000,0.000,0.000,0.000,0.000,0.000,0.000,0.000,0.000,0.000,0.000,0.000,0.000,0.000,0.000,0.000,0.000,0.000,0.000,0.000,0.000,0.000,0.000,0.000,0.000,0.000,0.000,0.000,0.000,0.000,0.000,0.000,0.000,0.000,0.000,0.000,0.000,0.000,0.000,0.000,0.000,2.131,0.000,0.000,0.000,0.000,0.000,0.000,0.000,0.000,0.000,0.000,0.000,0.000,0.000,0.000,0.000,0.000,0.000,0.000,0.000,0.000,1.427,6.885,0.000,0.000,0.000]
  Alt-Benders[1] (mw): LB=13.761957, Z₀(α*)=21.961994, intercept=-29.916823 (1.094s) [OMP=0.971 ISP-L=0.009 ISP-F=0.029 MW-L=0.024 MW-F=0.045]
  Alt-Benders[2] (mw): LB=13.815878, Z₀(α*)=26.880217, intercept=24.541872 (1.078s) [OMP=0.972 ISP-L=0.008 ISP-F=0.027 MW-L=0.024 MW-F=0.050]
  Alt-Benders[3] (mw): LB=13.876741, Z₀(α*)=8.371577, intercept=-47.059656 (0.984s) [OMP=0.907 ISP-L=0.008 ISP-F=0.022 MW-L=0.021 MW-F=0.031]
  Alt-Benders[4] (mw): LB=13.876741, Z₀(α*)=8.371577, intercept=-47.059656 (1.016s) [OMP=0.915 ISP-L=0.008 ISP-F=0.022 MW-L=0.021 MW-F=0.032]
  Alt-Benders[5] (mw): LB=13.876741, Z₀(α*)=8.371577, intercept=-47.059656 (1.000s) [OMP=0.923 ISP-L=0.008 ISP-F=0.022 MW-L=0.021 MW-F=0.032]
  OMP re-solve: 0.948s

=== True-DRO Benders iter 66 ===
  OMP: t₀=13.876741, UB=20.488329, gap=3.23e-01, x=[0, 0, 0, 0, 0, 0, 0, 0, 0, 0, 0, 0, 0, 0, 0, 0, 0, 0, 0, 0, 0, 0, 0, 0, 0, 0, 0, 0, 0, 0, 0, 0, 0, 0, 1, 0, 0, 0, 0, 0, 0, 0, 0, 0, 0, 0, 0, 0, 0, 0, 1, 0, 0, 0, 0, 0, 0, 0, 0, 0, 0, 0, 0, 0, 0, 0, 0, 0, 0, 0, 0, 0, 0, 0, 0, 0] (0.001s)
  Sub: Z₀=20.788466 [LOCAL] (0.5s), α=[0.000,0.000,0.000,0.000,0.000,0.000,0.000,0.000,0.000,0.000,0.000,0.000,0.000,0.000,0.000,0.000,0.000,0.000,0.000,0.000,0.000,0.000,0.000,0.000,0.000,0.000,0.000,0.000,0.000,0.000,0.000,0.000,0.000,0.000,9.912,0.000,0.000,0.000,0.000,0.000,0.000,0.000,0.000,0.000,0.000,0.000,0.000,0.000,0.000,0.000,0.000,0.000,0.000,0.000,0.000,0.000,0.000,0.000,0.000,0.000,0.000,0.000,0.000,0.000,0.000,0.000,0.000,0.000,0.000,0.000,0.000,0.000,0.530,0.000,0.000,0.000]
  Iter 66: LB=13.876741  UB=20.488329  gap=3.23e-01
  Cut: intercept=-1163.140874, π_x_range=[-825.3285, 597.7593]
  Mini-Benders[1] (mw): LB=13.912139, Z₀(α*)=15.036447, intercept=6.745438 (1.062s) [OMP=0.970 ISP-L=0.009 ISP-F=0.027 MW-L=0.021 MW-F=0.029]
  Mini-Benders[2] (mw): LB=13.937747, Z₀(α*)=17.943877, intercept=-86.106590 (1.016s) [OMP=0.934 ISP-L=0.009 ISP-F=0.029 MW-L=0.023 MW-F=0.024]
  Mini-Benders[3] (mw): LB=14.030045, Z₀(α*)=6.658496, intercept=0.447012 (1.125s) [OMP=1.037 ISP-L=0.007 ISP-F=0.026 MW-L=0.024 MW-F=0.026]
  Mini-Benders[4] (mw): LB=14.030045, Z₀(α*)=6.658496, intercept=0.447012 (1.000s) [OMP=0.920 ISP-L=0.007 ISP-F=0.026 MW-L=0.023 MW-F=0.028]
  Mini-Benders[5] (mw): LB=14.030045, Z₀(α*)=6.658496, intercept=0.447012 (1.000s) [OMP=0.911 ISP-L=0.007 ISP-F=0.026 MW-L=0.020 MW-F=0.030]
  α-step: Z₀=24.884181, α=[0.000,0.000,0.000,0.000,0.000,0.000,0.000,0.000,0.000,0.000,0.100,0.000,0.000,0.000,0.000,0.000,2.171,0.000,0.000,0.000,0.000,0.000,0.000,0.000,0.000,0.000,0.000,0.000,0.000,0.000,0.000,0.000,0.000,0.000,5.726,0.000,0.000,0.000,0.000,0.000,0.000,0.000,0.000,0.000,0.000,0.000,0.000,0.000,0.000,0.000,0.000,0.000,0.000,0.000,0.000,0.000,0.000,0.000,0.000,0.000,0.000,0.000,0.000,0.000,0.000,0.000,0.000,0.000,0.000,0.000,0.000,0.000,2.446,0.000,0.000,0.000]
  Alt-Benders[1] (mw): LB=14.034255, Z₀(α*)=-30.747735, intercept=-75.984938 (1.000s) [OMP=0.903 ISP-L=0.008 ISP-F=0.025 MW-L=0.022 MW-F=0.032]
  Alt-Benders[2] (mw): LB=14.034255, Z₀(α*)=-30.747735, intercept=-75.984938 (1.016s) [OMP=0.932 ISP-L=0.007 ISP-F=0.024 MW-L=0.021 MW-F=0.031]
  Alt-Benders[3] (mw): LB=14.034255, Z₀(α*)=-30.747735, intercept=-75.984938 (1.015s) [OMP=0.930 ISP-L=0.007 ISP-F=0.024 MW-L=0.024 MW-F=0.028]
  Alt-Benders[4]: LB stagnated, break
  OMP re-solve: 0.000s

=== True-DRO Benders iter 67 ===
  OMP: t₀=14.034255, UB=20.488329, gap=3.15e-01, x=[0, 0, 0, 0, 0, 0, 0, 0, 0, 0, 0, 0, 0, 0, 0, 0, 0, 0, 0, 0, 0, 0, 0, 0, 0, 0, 0, 0, 0, 0, 0, 0, 0, 0, 0, 0, 0, 0, 0, 0, 0, 0, 0, 0, 0, 0, 0, 0, 0, 0, 0, 0, 0, 0, 0, 0, 0, 0, 0, 0, 0, 0, 0, 0, 0, 0, 1, 0, 0, 0, 0, 1, 0, 0, 0, 0] (0.000s)
  Sub: Z₀=20.877365 [LOCAL] (0.5s), α=[0.000,0.000,0.000,0.000,0.000,0.000,0.000,0.000,0.000,0.000,0.000,0.000,0.000,0.000,0.000,0.000,0.000,0.000,0.000,0.000,0.000,0.000,0.000,0.000,0.000,0.000,0.000,0.000,0.000,0.000,0.000,0.000,0.000,0.000,0.000,0.000,0.000,0.000,0.000,0.000,0.000,0.000,0.000,0.000,0.000,0.000,0.000,0.000,0.000,0.000,0.000,0.000,0.000,0.000,0.000,0.000,0.000,0.000,0.000,0.000,0.000,0.000,0.000,0.000,0.000,0.000,0.000,0.000,0.000,0.000,0.000,6.831,3.612,0.000,0.000,0.000]
  Iter 67: LB=14.034255  UB=20.488329  gap=3.15e-01
  Cut: intercept=-1117.769086, π_x_range=[-825.4875, 569.7442]
  Mini-Benders[1] (mw): LB=14.109014, Z₀(α*)=-4.330476, intercept=-85.921246 (1.046s) [OMP=0.939 ISP-L=0.007 ISP-F=0.031 MW-L=0.025 MW-F=0.035]
  Mini-Benders[2] (mw): LB=14.109014, Z₀(α*)=-4.330476, intercept=-85.921246 (1.032s) [OMP=0.936 ISP-L=0.006 ISP-F=0.030 MW-L=0.024 MW-F=0.037]
  Mini-Benders[3] (mw): LB=14.109014, Z₀(α*)=-4.330476, intercept=-85.921246 (1.046s) [OMP=0.948 ISP-L=0.007 ISP-F=0.031 MW-L=0.021 MW-F=0.040]
  Mini-Benders[4]: LB stagnated, break
  α-step: Z₀=24.486766, α=[0.000,0.000,0.000,0.000,0.000,0.000,0.000,0.000,0.000,0.000,1.853,0.000,0.000,0.000,0.000,0.000,0.708,0.000,0.000,0.000,0.000,0.000,0.000,0.000,0.000,0.000,0.000,0.000,0.000,0.000,0.000,0.000,0.000,0.000,0.000,0.000,0.000,0.000,0.000,0.000,0.000,0.000,2.479,0.000,0.000,0.000,0.000,0.000,0.000,0.000,0.000,0.000,0.000,0.000,0.000,0.000,0.000,0.000,0.000,0.000,0.000,0.147,0.000,0.000,0.000,0.000,0.000,0.000,0.000,0.000,0.000,0.000,5.256,0.000,0.000,0.000]
  Alt-Benders[1] (mw): LB=14.189212, Z₀(α*)=7.170642, intercept=-7.439044 (1.063s) [OMP=0.970 ISP-L=0.008 ISP-F=0.033 MW-L=0.020 MW-F=0.027]
  Alt-Benders[2] (mw): LB=14.189212, Z₀(α*)=7.170642, intercept=-7.439044 (1.015s) [OMP=0.928 ISP-L=0.008 ISP-F=0.032 MW-L=0.020 MW-F=0.027]
  Alt-Benders[3] (mw): LB=14.189212, Z₀(α*)=7.170642, intercept=-7.439044 (1.000s) [OMP=0.911 ISP-L=0.008 ISP-F=0.032 MW-L=0.023 MW-F=0.024]
  Alt-Benders[4]: LB stagnated, break
  OMP re-solve: 0.000s

=== True-DRO Benders iter 68 ===
  OMP: t₀=14.189212, UB=20.488329, gap=3.07e-01, x=[0, 0, 0, 0, 0, 0, 0, 0, 0, 0, 0, 0, 0, 1, 0, 0, 0, 0, 0, 0, 0, 0, 0, 0, 0, 0, 0, 0, 0, 0, 0, 0, 0, 0, 0, 0, 0, 0, 0, 0, 0, 0, 0, 0, 0, 0, 1, 0, 0, 0, 0, 0, 0, 0, 0, 0, 0, 0, 0, 0, 0, 0, 0, 0, 0, 0, 0, 0, 0, 0, 0, 0, 0, 0, 0, 0] (0.000s)
  Sub: Z₀=25.483726 [LOCAL] (0.5s), α=[0.000,0.000,0.000,0.000,0.000,0.000,0.000,0.000,0.000,0.000,0.000,0.000,0.000,2.738,0.000,0.000,2.326,0.000,0.000,0.000,0.000,0.000,0.000,0.000,0.000,0.000,0.000,0.000,0.000,0.000,0.000,0.000,0.000,0.000,0.624,0.000,0.000,0.000,0.000,0.000,0.000,0.000,0.000,0.000,0.000,0.000,0.000,0.000,0.000,0.000,0.000,0.000,0.000,0.000,0.000,0.000,0.000,0.000,0.000,0.000,0.000,0.000,0.000,0.000,0.000,0.000,0.000,0.000,0.000,0.000,0.000,0.000,4.754,0.000,0.000,0.000]
  Iter 68: LB=14.189212  UB=20.488329  gap=3.07e-01
  Cut: intercept=-1128.956328, π_x_range=[-828.1595, 584.6120]
  Mini-Benders[1] (mw): LB=14.227868, Z₀(α*)=12.649599, intercept=-56.892950 (1.078s) [OMP=0.978 ISP-L=0.007 ISP-F=0.030 MW-L=0.025 MW-F=0.037]
  Mini-Benders[2] (mw): LB=14.227868, Z₀(α*)=12.649599, intercept=-56.892950 (1.031s) [OMP=0.933 ISP-L=0.007 ISP-F=0.029 MW-L=0.025 MW-F=0.036]
  Mini-Benders[3] (mw): LB=14.227868, Z₀(α*)=12.649599, intercept=-56.892950 (1.031s) [OMP=0.921 ISP-L=0.007 ISP-F=0.030 MW-L=0.025 MW-F=0.039]
  Mini-Benders[4]: LB stagnated, break
  α-step: Z₀=26.637455, α=[0.000,0.000,0.000,0.000,0.000,0.000,0.000,0.000,0.000,0.000,0.000,0.000,0.000,0.000,0.000,0.000,1.379,0.000,0.000,0.000,0.000,0.000,0.000,0.000,0.000,0.000,0.000,0.000,0.000,0.000,0.000,0.000,0.000,0.000,0.076,0.000,0.000,0.000,0.043,0.000,0.000,0.000,0.000,0.000,0.000,0.000,0.000,0.000,0.000,0.000,2.532,0.000,0.000,0.000,0.000,0.000,0.000,0.000,0.000,0.000,0.000,0.000,0.000,0.000,0.000,0.000,0.000,0.000,0.000,0.000,0.000,0.000,6.413,0.000,0.000,0.000]
  Alt-Benders[1] (mw): LB=14.276712, Z₀(α*)=24.521785, intercept=18.119803 (1.078s) [OMP=0.992 ISP-L=0.008 ISP-F=0.035 MW-L=0.020 MW-F=0.028]
  Alt-Benders[2] (mw): LB=14.291150, Z₀(α*)=18.817718, intercept=-21.728326 (1.000s) [OMP=0.898 ISP-L=0.008 ISP-F=0.030 MW-L=0.022 MW-F=0.027]
  Alt-Benders[3] (mw): LB=14.298975, Z₀(α*)=4.476599, intercept=-33.249366 (0.984s) [OMP=0.904 ISP-L=0.008 ISP-F=0.027 MW-L=0.023 MW-F=0.025]
  Alt-Benders[4] (mw): LB=14.298975, Z₀(α*)=4.476599, intercept=-33.249366 (1.000s) [OMP=0.908 ISP-L=0.009 ISP-F=0.027 MW-L=0.023 MW-F=0.026]
  Alt-Benders[5] (mw): LB=14.298975, Z₀(α*)=4.476599, intercept=-33.249366 (0.985s) [OMP=0.905 ISP-L=0.008 ISP-F=0.027 MW-L=0.024 MW-F=0.026]
  OMP re-solve: 0.888s

=== True-DRO Benders iter 69 ===
  OMP: t₀=14.298975, UB=20.488329, gap=3.02e-01, x=[0, 0, 0, 0, 0, 0, 0, 0, 0, 0, 0, 0, 0, 0, 0, 0, 0, 0, 0, 0, 0, 0, 0, 0, 0, 0, 0, 0, 0, 0, 0, 0, 0, 0, 1, 0, 0, 0, 0, 0, 0, 0, 0, 0, 0, 0, 0, 0, 0, 0, 0, 0, 0, 0, 0, 0, 0, 0, 0, 0, 1, 0, 0, 0, 0, 0, 0, 0, 0, 0, 0, 0, 0, 0, 0, 0] (0.001s)
  Sub: Z₀=21.040734 [LOCAL] (0.4s), α=[0.000,0.000,0.000,0.000,0.000,0.000,0.000,0.000,0.000,0.000,0.000,0.000,0.000,0.000,0.000,0.000,0.000,0.000,0.000,0.000,0.000,0.000,0.000,0.000,0.000,0.000,0.000,0.000,0.000,0.000,0.000,0.000,0.000,0.000,7.773,0.000,0.000,0.000,0.000,0.000,0.000,0.000,0.000,0.000,0.000,0.000,0.000,0.000,0.000,0.000,0.000,0.000,0.000,0.000,0.000,0.000,0.000,0.000,0.000,0.000,0.000,0.000,0.000,0.000,0.000,0.000,0.000,0.000,0.000,0.000,0.000,0.000,2.670,0.000,0.000,0.000]
  Iter 69: LB=14.298975  UB=20.488329  gap=3.02e-01
  Cut: intercept=-1147.930841, π_x_range=[-825.3427, 588.7271]
  Mini-Benders[1] (mw): LB=14.320663, Z₀(α*)=22.984714, intercept=23.352247 (1.015s) [OMP=0.914 ISP-L=0.008 ISP-F=0.033 MW-L=0.022 MW-F=0.028]
  Mini-Benders[2] (mw): LB=14.472605, Z₀(α*)=10.605278, intercept=10.322019 (0.985s) [OMP=0.897 ISP-L=0.008 ISP-F=0.028 MW-L=0.021 MW-F=0.035]
  Mini-Benders[3] (mw): LB=14.472605, Z₀(α*)=10.605278, intercept=10.322019 (1.047s) [OMP=0.947 ISP-L=0.008 ISP-F=0.028 MW-L=0.021 MW-F=0.036]
  Mini-Benders[4] (mw): LB=14.472605, Z₀(α*)=10.605278, intercept=10.322019 (1.031s) [OMP=0.935 ISP-L=0.008 ISP-F=0.028 MW-L=0.021 MW-F=0.035]
  Mini-Benders[5]: LB stagnated, break
  α-step: Z₀=26.429503, α=[0.000,0.000,0.000,0.000,0.000,0.000,0.000,0.000,0.000,0.000,0.000,0.000,0.000,0.000,0.000,0.000,2.383,0.000,0.000,0.000,0.000,0.000,0.000,0.000,0.000,0.000,0.000,0.000,0.000,0.000,0.000,0.000,0.000,0.000,3.305,0.000,0.000,0.000,0.000,0.000,0.000,0.000,0.000,0.000,0.000,0.000,0.000,0.000,0.000,0.000,0.000,0.000,0.000,0.000,0.000,0.000,0.000,0.000,0.000,0.000,0.000,0.000,0.000,0.000,0.000,0.000,0.000,0.000,0.000,0.000,0.000,0.000,4.754,0.000,0.000,0.000]
  Alt-Benders[1] (mw): LB=14.479668, Z₀(α*)=22.539386, intercept=-1.183803 (0.985s) [OMP=0.908 ISP-L=0.007 ISP-F=0.029 MW-L=0.021 MW-F=0.027]
  Alt-Benders[2] (mw): LB=14.532822, Z₀(α*)=26.524458, intercept=24.108768 (1.015s) [OMP=0.924 ISP-L=0.009 ISP-F=0.026 MW-L=0.024 MW-F=0.024]
  Alt-Benders[3] (mw): LB=14.541011, Z₀(α*)=25.037694, intercept=5.030380 (1.031s) [OMP=0.912 ISP-L=0.009 ISP-F=0.031 MW-L=0.026 MW-F=0.051]
  Alt-Benders[4] (mw): LB=14.567082, Z₀(α*)=-10.798426, intercept=-58.573908 (1.016s) [OMP=0.922 ISP-L=0.008 ISP-F=0.025 MW-L=0.023 MW-F=0.029]
  Alt-Benders[5] (mw): LB=14.567082, Z₀(α*)=-10.798426, intercept=-58.573908 (1.000s) [OMP=0.917 ISP-L=0.008 ISP-F=0.025 MW-L=0.020 MW-F=0.031]
  OMP re-solve: 0.912s

=== True-DRO Benders iter 70 ===
  OMP: t₀=14.567082, UB=20.488329, gap=2.89e-01, x=[0, 0, 0, 0, 0, 0, 0, 0, 0, 0, 0, 0, 0, 0, 0, 0, 0, 0, 0, 0, 0, 1, 0, 0, 0, 0, 0, 0, 0, 0, 0, 0, 0, 0, 0, 0, 0, 0, 0, 0, 0, 0, 0, 0, 0, 0, 0, 0, 0, 0, 0, 0, 0, 0, 0, 0, 0, 0, 0, 0, 0, 0, 0, 0, 0, 0, 0, 0, 0, 0, 0, 1, 0, 0, 0, 0] (0.000s)
  Sub: Z₀=20.937012 (2.5s), α=[0.000,0.000,0.000,0.000,0.000,0.000,0.000,0.000,0.000,0.000,0.000,0.000,0.000,0.000,0.000,0.000,0.000,0.000,0.000,0.000,0.000,0.000,0.000,0.000,0.000,0.000,0.000,0.000,0.000,0.000,0.000,0.000,0.000,0.000,0.000,0.000,0.000,0.000,0.000,0.000,0.000,0.000,0.000,0.000,0.000,0.000,0.000,0.000,0.000,0.000,0.000,0.000,0.000,0.000,0.000,0.000,0.000,0.000,0.000,0.000,0.000,0.000,0.000,0.000,0.000,0.000,0.000,0.000,0.000,0.000,0.000,8.935,1.508,0.000,0.000,0.000]
  Iter 70: LB=14.567082  UB=20.488329  gap=2.89e-01
  Cut: intercept=-122.664547, π_x_range=[-179.4908, 143.6016]
  Sherali-Cut: intercept=-64.021833, π_x_range=[-107.4923, 84.9586]
  Mini-Benders[1] (mw): LB=14.687145, Z₀(α*)=-5.154842, intercept=-12.663453 (0.766s) [OMP=0.672 ISP-L=0.008 ISP-F=0.029 MW-L=0.022 MW-F=0.027]
  Mini-Benders[2] (mw): LB=14.687145, Z₀(α*)=-5.154842, intercept=-12.663453 (0.734s) [OMP=0.640 ISP-L=0.008 ISP-F=0.028 MW-L=0.024 MW-F=0.026]
  Mini-Benders[3] (mw): LB=14.687145, Z₀(α*)=-5.154842, intercept=-12.663453 (0.719s) [OMP=0.637 ISP-L=0.007 ISP-F=0.028 MW-L=0.023 MW-F=0.029]
  Mini-Benders[4]: LB stagnated, break
  α-step: Z₀=26.956953, α=[0.000,0.000,0.000,0.000,0.000,0.000,0.000,0.000,0.000,0.000,0.000,0.000,0.000,0.000,0.000,0.000,5.231,0.000,0.000,0.000,0.000,0.000,0.000,0.000,0.000,0.000,0.000,0.000,0.000,0.000,0.000,0.000,0.000,0.000,0.000,0.000,0.000,0.000,0.000,0.000,0.000,0.000,0.000,0.000,0.000,0.000,0.000,0.000,0.000,0.000,0.000,0.000,0.000,0.000,0.000,0.000,0.000,0.000,0.000,0.000,0.000,0.000,0.000,0.000,0.000,0.000,0.000,0.000,0.000,0.000,0.000,0.458,4.754,0.000,0.000,0.000]
  Alt-Benders[1] (mw): LB=14.716148, Z₀(α*)=27.182193, intercept=27.182193 (1.047s) [OMP=0.919 ISP-L=0.008 ISP-F=0.031 MW-L=0.020 MW-F=0.055]
  Alt-Benders[2] (mw): LB=14.716149, Z₀(α*)=27.182193, intercept=27.182191 (1.016s) [OMP=0.907 ISP-L=0.008 ISP-F=0.030 MW-L=0.019 MW-F=0.054]
  Alt-Benders[3] (mw): LB=14.727446, Z₀(α*)=23.738228, intercept=-31.645509 (1.000s) [OMP=0.900 ISP-L=0.008 ISP-F=0.029 MW-L=0.019 MW-F=0.035]
  Alt-Benders[4] (mw): LB=14.960457, Z₀(α*)=26.575073, intercept=24.023338 (0.953s) [OMP=0.843 ISP-L=0.009 ISP-F=0.026 MW-L=0.021 MW-F=0.050]
  Alt-Benders[5] (mw): LB=15.009745, Z₀(α*)=-10.263460, intercept=-4.820337 (0.937s) [OMP=0.857 ISP-L=0.008 ISP-F=0.030 MW-L=0.025 MW-F=0.024]
  OMP re-solve: 0.871s

=== True-DRO Benders iter 71 ===
  OMP: t₀=15.009745, UB=20.488329, gap=2.67e-01, x=[0, 0, 0, 0, 0, 0, 0, 0, 0, 0, 0, 0, 0, 0, 0, 0, 0, 0, 0, 0, 0, 0, 1, 0, 0, 0, 0, 0, 0, 0, 0, 0, 0, 0, 0, 0, 0, 0, 0, 0, 0, 0, 0, 0, 0, 0, 0, 0, 0, 0, 0, 0, 0, 0, 0, 0, 0, 0, 0, 0, 0, 0, 0, 0, 0, 0, 0, 0, 0, 0, 0, 0, 1, 0, 0, 0] (0.001s)
  Sub: Z₀=23.834185 [LOCAL] (0.4s), α=[0.000,0.000,0.000,0.000,0.000,0.000,0.000,0.000,0.000,0.000,0.000,0.000,0.000,0.000,0.000,0.000,0.000,0.000,0.000,0.000,0.000,0.000,0.000,0.000,0.000,0.000,0.000,0.000,0.000,0.000,0.000,0.000,0.000,0.000,0.000,0.000,0.000,0.000,0.000,0.000,0.000,0.000,0.000,0.000,0.000,0.000,0.000,0.000,0.000,0.000,0.000,0.000,0.000,0.000,0.000,0.000,0.000,0.000,0.000,0.000,0.000,0.000,0.000,0.000,0.000,0.000,0.000,0.000,0.000,0.000,0.000,0.000,10.443,0.000,0.000,0.000]
  Iter 71: LB=15.009745  UB=20.488329  gap=2.67e-01
  Cut: intercept=-1148.094635, π_x_range=[-826.9420, 588.0752]
  Mini-Benders[1] (mw): LB=15.033228, Z₀(α*)=15.033230, intercept=-48.733404 (1.000s) [OMP=0.899 ISP-L=0.009 ISP-F=0.030 MW-L=0.023 MW-F=0.026]
  Mini-Benders[2] (mw): LB=15.033228, Z₀(α*)=15.033230, intercept=-48.733404 (0.985s) [OMP=0.897 ISP-L=0.008 ISP-F=0.029 MW-L=0.023 MW-F=0.029]
  Mini-Benders[3] (mw): LB=15.033228, Z₀(α*)=15.033230, intercept=-48.733404 (0.968s) [OMP=0.875 ISP-L=0.008 ISP-F=0.029 MW-L=0.020 MW-F=0.030]
  Mini-Benders[4]: LB stagnated, break
  α-step: Z₀=23.313131, α=[0.000,0.000,0.000,0.000,0.000,0.000,0.000,0.000,0.000,0.000,0.000,0.000,0.000,2.952,0.000,0.000,0.000,0.000,0.000,0.000,0.000,0.000,0.000,0.000,0.000,0.000,0.000,0.000,0.000,0.000,0.000,0.000,0.000,0.000,2.589,0.000,0.000,0.000,0.000,0.000,0.000,0.000,0.000,0.000,0.000,0.000,0.000,0.000,0.000,0.000,0.000,0.000,0.000,0.000,0.000,0.000,0.000,0.000,0.000,0.000,0.000,0.000,0.000,0.000,0.000,0.000,0.000,0.000,0.000,0.000,0.000,0.000,4.902,0.000,0.000,0.000]
  Alt-Benders[1] (mw): LB=15.036445, Z₀(α*)=16.130468, intercept=15.298327 (0.953s) [OMP=0.848 ISP-L=0.008 ISP-F=0.031 MW-L=0.021 MW-F=0.034]
  Alt-Benders[2] (mw): LB=15.041077, Z₀(α*)=-5.132355, intercept=-99.844123 (0.953s) [OMP=0.870 ISP-L=0.007 ISP-F=0.024 MW-L=0.021 MW-F=0.033]
  Alt-Benders[3] (mw): LB=15.041077, Z₀(α*)=-5.132355, intercept=-99.844123 (0.969s) [OMP=0.875 ISP-L=0.008 ISP-F=0.024 MW-L=0.024 MW-F=0.029]
  Alt-Benders[4] (mw): LB=15.041077, Z₀(α*)=-5.132355, intercept=-99.844123 (0.968s) [OMP=0.883 ISP-L=0.008 ISP-F=0.025 MW-L=0.025 MW-F=0.030]
  Alt-Benders[5]: LB stagnated, break
  OMP re-solve: 0.001s

=== True-DRO Benders iter 72 ===
  OMP: t₀=15.041077, UB=20.488329, gap=2.66e-01, x=[0, 0, 0, 0, 0, 0, 0, 0, 0, 0, 0, 0, 0, 0, 0, 0, 0, 0, 0, 0, 0, 0, 0, 0, 0, 0, 0, 0, 0, 0, 0, 0, 0, 0, 1, 0, 0, 0, 0, 0, 0, 0, 0, 0, 0, 0, 0, 0, 0, 0, 0, 0, 0, 0, 0, 0, 0, 0, 0, 0, 0, 0, 0, 0, 0, 0, 0, 0, 0, 0, 0, 1, 0, 0, 0, 0] (0.001s)
  Sub: Z₀=17.897252 [LOCAL] (0.4s), α=[0.000,0.000,0.000,0.000,0.000,0.000,0.000,0.000,0.000,0.000,0.000,0.000,0.000,0.000,0.000,0.000,0.000,0.000,0.000,0.000,0.000,0.000,0.000,0.000,0.000,0.000,0.000,0.000,0.000,0.000,0.000,0.000,0.000,0.000,1.996,0.000,0.000,0.000,0.000,0.000,0.000,0.000,0.000,0.000,0.000,0.000,0.000,0.000,0.000,0.000,0.531,0.000,0.000,0.000,0.000,0.000,0.000,0.000,0.000,0.000,0.000,0.000,0.000,0.000,0.000,0.000,0.000,0.000,0.000,0.000,0.000,1.996,5.920,0.000,0.000,0.000]
  Iter 72: LB=15.041077  UB=20.488329  gap=2.66e-01
  Cut: intercept=-1109.325094, π_x_range=[-824.9509, 570.0413]
  Mini-Benders[1] (mw): LB=15.061812, Z₀(α*)=7.269951, intercept=-48.211078 (0.984s) [OMP=0.894 ISP-L=0.007 ISP-F=0.026 MW-L=0.027 MW-F=0.032]
  Mini-Benders[2] (mw): LB=15.061812, Z₀(α*)=7.269951, intercept=-48.211078 (0.984s) [OMP=0.878 ISP-L=0.007 ISP-F=0.027 MW-L=0.027 MW-F=0.034]
  Mini-Benders[3] (mw): LB=15.061812, Z₀(α*)=7.269951, intercept=-48.211078 (0.954s) [OMP=0.861 ISP-L=0.007 ISP-F=0.026 MW-L=0.023 MW-F=0.035]
  Mini-Benders[4]: LB stagnated, break
  α-step: Z₀=24.858320, α=[0.000,0.000,0.000,0.000,0.000,0.000,0.000,0.000,0.000,0.000,1.997,0.000,0.000,0.000,0.000,0.000,0.019,0.000,0.000,0.000,0.000,0.000,0.000,0.000,0.000,0.000,0.000,0.000,0.000,0.000,0.000,0.000,0.000,0.000,2.687,0.000,0.000,0.000,0.000,0.000,0.000,0.000,3.741,0.000,0.000,0.000,0.000,0.000,0.000,0.000,0.000,0.000,0.000,0.000,0.000,0.000,0.000,0.000,0.000,0.000,0.000,0.000,0.000,0.000,0.000,0.000,0.000,0.000,0.000,0.000,0.000,0.000,1.998,0.000,0.000,0.000]
  Alt-Benders[1] (mw): LB=15.084582, Z₀(α*)=-32.194076, intercept=-81.905903 (0.938s) [OMP=0.847 ISP-L=0.007 ISP-F=0.026 MW-L=0.020 MW-F=0.036]
  Alt-Benders[2] (mw): LB=15.084582, Z₀(α*)=-32.194076, intercept=-81.905903 (0.937s) [OMP=0.857 ISP-L=0.007 ISP-F=0.026 MW-L=0.024 MW-F=0.032]
  Alt-Benders[3] (mw): LB=15.084582, Z₀(α*)=-32.194076, intercept=-81.905903 (0.953s) [OMP=0.863 ISP-L=0.007 ISP-F=0.026 MW-L=0.023 MW-F=0.032]
  Alt-Benders[4]: LB stagnated, break
  OMP re-solve: 0.001s

=== True-DRO Benders iter 73 ===
  OMP: t₀=15.084582, UB=20.488329, gap=2.64e-01, x=[0, 0, 0, 0, 0, 0, 0, 0, 0, 0, 0, 0, 0, 0, 0, 0, 0, 0, 0, 0, 0, 0, 0, 0, 0, 0, 0, 0, 0, 0, 0, 0, 0, 0, 0, 0, 0, 0, 0, 0, 0, 0, 1, 0, 0, 0, 0, 0, 0, 0, 0, 0, 0, 0, 0, 0, 0, 0, 0, 0, 0, 0, 0, 0, 0, 0, 0, 0, 0, 0, 0, 1, 0, 0, 0, 0] (0.001s)
  Sub: Z₀=20.717333 [LOCAL] (0.4s), α=[0.000,0.000,0.000,0.000,0.000,0.000,0.000,0.000,0.000,0.000,0.000,0.000,0.000,0.000,0.000,0.000,0.000,0.000,0.000,0.000,0.000,0.000,0.000,0.000,0.000,0.000,0.000,0.000,0.000,0.000,0.000,0.000,0.000,0.000,0.000,0.000,0.000,0.000,0.000,0.000,0.000,0.000,0.000,0.000,0.000,0.000,0.000,0.000,0.000,0.000,0.000,0.000,0.000,0.000,0.000,0.000,0.000,0.000,0.000,0.000,0.000,0.000,0.000,0.000,0.000,0.000,0.000,0.000,0.000,0.000,0.000,7.186,3.257,0.000,0.000,0.000]
  Iter 73: LB=15.084582  UB=20.488329  gap=2.64e-01
  Cut: intercept=-1070.315757, π_x_range=[-824.3797, 551.0924]
  Mini-Benders[1] (mw): LB=15.132880, Z₀(α*)=18.937633, intercept=-78.453147 (0.968s) [OMP=0.863 ISP-L=0.008 ISP-F=0.029 MW-L=0.021 MW-F=0.032]
  Mini-Benders[2] (mw): LB=15.135318, Z₀(α*)=0.300274, intercept=-39.657815 (0.969s) [OMP=0.877 ISP-L=0.007 ISP-F=0.028 MW-L=0.025 MW-F=0.028]
  Mini-Benders[3] (mw): LB=15.135318, Z₀(α*)=0.300274, intercept=-39.657815 (0.953s) [OMP=0.871 ISP-L=0.007 ISP-F=0.028 MW-L=0.021 MW-F=0.029]
  Mini-Benders[4] (mw): LB=15.135318, Z₀(α*)=0.300274, intercept=-39.657815 (0.938s) [OMP=0.854 ISP-L=0.007 ISP-F=0.028 MW-L=0.021 MW-F=0.029]
  Mini-Benders[5]: LB stagnated, break
  α-step: Z₀=25.431957, α=[0.000,0.000,0.000,0.000,0.000,0.000,0.000,0.000,0.000,0.000,0.000,0.000,0.000,3.940,0.000,0.000,0.000,0.000,0.000,0.000,0.000,0.000,0.000,0.000,0.000,0.000,0.000,0.000,0.000,0.000,0.000,0.000,0.000,0.000,0.000,0.000,0.000,0.000,0.000,0.000,0.000,0.000,0.000,0.000,0.000,0.000,0.000,0.000,0.000,0.000,0.161,0.000,0.000,0.000,0.000,0.000,0.000,0.000,0.000,0.000,0.000,0.000,0.000,0.000,0.000,0.000,0.000,0.000,0.000,0.000,0.000,1.427,4.915,0.000,0.000,0.000]
  Alt-Benders[1] (mw): LB=15.143050, Z₀(α*)=9.267630, intercept=-49.913172 (1.015s) [OMP=0.928 ISP-L=0.009 ISP-F=0.030 MW-L=0.019 MW-F=0.032]
  Alt-Benders[2] (mw): LB=15.143050, Z₀(α*)=9.267630, intercept=-49.913172 (0.953s) [OMP=0.866 ISP-L=0.008 ISP-F=0.030 MW-L=0.022 MW-F=0.028]
  Alt-Benders[3] (mw): LB=15.143050, Z₀(α*)=9.267630, intercept=-49.913172 (0.954s) [OMP=0.862 ISP-L=0.008 ISP-F=0.030 MW-L=0.022 MW-F=0.028]
  Alt-Benders[4]: LB stagnated, break
  OMP re-solve: 0.000s

=== True-DRO Benders iter 74 ===
  OMP: t₀=15.143050, UB=20.488329, gap=2.61e-01, x=[0, 1, 0, 0, 0, 0, 0, 0, 0, 0, 0, 0, 0, 0, 0, 0, 0, 0, 0, 0, 0, 0, 0, 0, 0, 0, 0, 0, 0, 0, 0, 0, 0, 0, 0, 0, 0, 0, 0, 1, 0, 0, 0, 0, 0, 0, 0, 0, 0, 0, 0, 0, 0, 0, 0, 0, 0, 0, 0, 0, 0, 0, 0, 0, 0, 0, 0, 0, 0, 0, 0, 0, 0, 0, 0, 0] (0.000s)
  Sub: Z₀=25.766778 [LOCAL] (0.5s), α=[0.000,0.968,0.000,0.000,0.000,0.000,0.000,0.000,0.000,0.000,2.512,0.000,0.000,0.000,0.000,0.000,0.000,0.000,0.000,0.000,0.000,0.000,0.000,0.000,0.000,0.000,0.000,1.211,0.000,0.000,0.000,0.000,0.000,0.000,0.997,0.000,0.000,0.000,0.000,0.000,0.000,0.000,0.000,0.000,0.000,0.000,0.000,0.000,0.000,0.000,0.000,0.000,0.000,0.000,0.000,0.000,0.000,0.000,0.000,0.000,0.000,0.000,0.000,0.000,0.000,0.000,0.000,0.000,0.000,0.000,0.000,0.000,4.754,0.000,0.000,0.000]
  Iter 74: LB=15.143050  UB=20.488329  gap=2.61e-01
  Cut: intercept=-1078.178832, π_x_range=[-824.3203, 562.0694]
  Mini-Benders[1] (mw): LB=15.203206, Z₀(α*)=19.993775, intercept=-13.951455 (0.938s) [OMP=0.844 ISP-L=0.008 ISP-F=0.032 MW-L=0.024 MW-F=0.031]
  Mini-Benders[2] (mw): LB=15.312934, Z₀(α*)=-0.914321, intercept=-40.095524 (1.031s) [OMP=0.937 ISP-L=0.008 ISP-F=0.027 MW-L=0.024 MW-F=0.032]
  Mini-Benders[3] (mw): LB=15.312934, Z₀(α*)=-0.914321, intercept=-40.095524 (0.953s) [OMP=0.857 ISP-L=0.008 ISP-F=0.028 MW-L=0.020 MW-F=0.034]
  Mini-Benders[4] (mw): LB=15.312934, Z₀(α*)=-0.914321, intercept=-40.095524 (0.922s) [OMP=0.835 ISP-L=0.008 ISP-F=0.027 MW-L=0.020 MW-F=0.033]
  Mini-Benders[5]: LB stagnated, break
  α-step: Z₀=20.755966, α=[0.000,0.000,0.000,0.000,0.000,0.000,0.000,0.000,0.000,0.000,0.000,0.000,0.000,0.000,0.000,0.000,0.000,0.000,0.000,0.000,0.000,0.000,0.000,0.000,0.000,0.000,0.000,0.000,0.000,0.000,0.000,0.000,0.000,0.000,7.186,0.000,0.000,0.000,0.000,0.000,0.000,0.000,0.000,0.000,0.000,0.000,0.000,0.000,0.000,0.000,0.000,0.000,0.000,0.000,0.000,0.000,0.000,0.000,0.000,0.000,0.000,0.000,0.000,0.000,0.000,0.000,0.000,0.000,0.000,0.000,0.000,0.000,3.257,0.000,0.000,0.000]
  Alt-Benders[1] (mw): LB=15.317702, Z₀(α*)=21.040737, intercept=-32.945931 (1.015s) [OMP=0.918 ISP-L=0.009 ISP-F=0.026 MW-L=0.021 MW-F=0.033]
  Alt-Benders[2] (mw): LB=15.390403, Z₀(α*)=15.154303, intercept=-32.496204 (1.016s) [OMP=0.922 ISP-L=0.008 ISP-F=0.031 MW-L=0.027 MW-F=0.025]
  Alt-Benders[3] (mw): LB=15.390403, Z₀(α*)=15.154303, intercept=-32.496204 (0.969s) [OMP=0.873 ISP-L=0.008 ISP-F=0.031 MW-L=0.027 MW-F=0.025]
  Alt-Benders[4] (mw): LB=15.390403, Z₀(α*)=15.154303, intercept=-32.496204 (0.969s) [OMP=0.881 ISP-L=0.008 ISP-F=0.031 MW-L=0.026 MW-F=0.026]
  Alt-Benders[5]: LB stagnated, break
  OMP re-solve: 0.000s

=== True-DRO Benders iter 75 ===
  OMP: t₀=15.390403, UB=20.488329, gap=2.49e-01, x=[0, 0, 0, 0, 0, 0, 0, 0, 0, 0, 0, 0, 0, 0, 0, 0, 0, 0, 0, 0, 0, 0, 0, 0, 0, 0, 0, 0, 0, 0, 0, 0, 0, 0, 0, 0, 0, 0, 0, 0, 0, 0, 0, 0, 0, 0, 0, 0, 0, 0, 0, 0, 0, 1, 0, 1, 0, 0, 0, 0, 0, 0, 0, 0, 0, 0, 0, 0, 0, 0, 0, 0, 0, 0, 0, 0] (0.000s)
  Sub: Z₀=22.851684 [TIME_LIMIT] (15.1s), α=[0.000,0.000,0.000,0.000,0.000,0.000,0.000,0.000,0.000,0.000,0.000,0.000,0.000,0.000,0.000,0.000,0.000,0.000,0.000,0.000,0.000,0.000,0.000,0.000,0.000,0.000,0.000,0.000,0.000,0.000,0.000,0.000,0.000,0.000,2.589,0.000,0.000,0.000,0.000,0.000,0.000,0.000,0.000,0.000,0.000,0.000,0.000,0.000,0.000,0.000,1.564,0.000,0.000,4.645,0.000,1.644,0.000,0.000,0.000,0.000,0.000,0.000,0.000,0.000,0.000,0.000,0.000,0.000,0.000,0.000,0.000,0.000,0.000,0.000,0.000,0.000]
  Iter 75: LB=15.390403  UB=20.488329  gap=2.49e-01
  Cut: intercept=-36.716399, π_x_range=[-515.7826, 55.9253]
  Mini-Benders[1] (mw): LB=15.403704, Z₀(α*)=-9.162473, intercept=-70.680865 (1.172s) [OMP=1.075 ISP-L=0.009 ISP-F=0.028 MW-L=0.018 MW-F=0.037]
  Mini-Benders[2] (mw): LB=15.403704, Z₀(α*)=-9.162473, intercept=-70.680865 (1.140s) [OMP=1.051 ISP-L=0.008 ISP-F=0.027 MW-L=0.018 MW-F=0.037]
  Mini-Benders[3] (mw): LB=15.403704, Z₀(α*)=-9.162473, intercept=-70.680865 (1.141s) [OMP=1.038 ISP-L=0.008 ISP-F=0.027 MW-L=0.018 MW-F=0.037]
  Mini-Benders[4]: LB stagnated, break
  α-step: Z₀=26.241088, α=[0.000,0.000,0.000,0.000,0.000,0.000,0.000,0.000,0.000,0.000,0.000,0.000,0.000,0.000,0.000,0.000,1.785,0.000,0.000,0.000,0.000,0.000,0.000,0.000,0.000,0.000,0.000,0.000,0.000,0.000,0.000,0.000,0.000,0.000,1.349,0.000,0.000,0.000,0.000,0.000,0.000,0.000,0.000,0.000,0.000,0.000,0.000,0.000,0.000,0.000,2.432,0.000,0.000,0.000,0.000,0.000,0.000,0.000,0.000,0.000,0.000,0.000,0.000,0.000,0.000,0.000,0.000,0.000,0.000,0.000,0.000,0.000,4.877,0.000,0.000,0.000]
  Alt-Benders[1] (mw): LB=15.414867, Z₀(α*)=7.360637, intercept=-41.955494 (1.063s) [OMP=0.974 ISP-L=0.007 ISP-F=0.028 MW-L=0.023 MW-F=0.028]
  Alt-Benders[2] (mw): LB=15.414867, Z₀(α*)=7.360637, intercept=-41.955494 (1.000s) [OMP=0.913 ISP-L=0.006 ISP-F=0.027 MW-L=0.024 MW-F=0.028]
  Alt-Benders[3] (mw): LB=15.414867, Z₀(α*)=7.360637, intercept=-41.955494 (0.984s) [OMP=0.890 ISP-L=0.006 ISP-F=0.027 MW-L=0.024 MW-F=0.028]
  Alt-Benders[4]: LB stagnated, break
  OMP re-solve: 0.000s

=== True-DRO Benders iter 76 ===
  OMP: t₀=15.414867, UB=20.488329, gap=2.48e-01, x=[0, 0, 0, 0, 0, 0, 0, 0, 0, 0, 0, 0, 0, 0, 0, 0, 0, 0, 0, 0, 0, 0, 0, 0, 0, 0, 0, 0, 0, 0, 0, 0, 0, 0, 0, 0, 0, 0, 1, 0, 0, 0, 1, 0, 0, 0, 0, 0, 0, 0, 0, 0, 0, 0, 0, 0, 0, 0, 0, 0, 0, 0, 0, 0, 0, 0, 0, 0, 0, 0, 0, 0, 0, 0, 0, 0] (0.000s)
  Sub: Z₀=25.654781 [LOCAL] (0.9s), α=[0.000,0.000,0.000,0.000,0.000,0.000,0.000,0.000,0.000,0.000,2.663,0.000,0.000,0.000,0.000,0.000,0.287,0.000,0.000,0.000,0.000,0.000,0.000,0.000,0.000,0.000,0.000,0.000,0.000,0.000,0.000,0.000,0.000,0.000,0.233,0.000,0.000,0.000,0.000,0.000,0.000,0.000,4.003,0.000,0.000,0.000,0.000,0.000,0.000,0.000,0.000,0.000,0.000,0.000,0.000,0.000,0.000,0.000,0.000,0.000,0.000,0.000,0.000,0.000,0.000,0.000,0.000,0.000,0.000,0.000,0.000,0.000,3.257,0.000,0.000,0.000]
  Iter 76: LB=15.414867  UB=20.488329  gap=2.48e-01
  Cut: intercept=-1092.171268, π_x_range=[-825.8734, 585.8277]
  Mini-Benders[1] (mw): LB=15.454187, Z₀(α*)=10.012397, intercept=-28.589067 (1.031s) [OMP=0.946 ISP-L=0.008 ISP-F=0.030 MW-L=0.024 MW-F=0.030]
  Mini-Benders[2] (mw): LB=15.454187, Z₀(α*)=10.012397, intercept=-28.589067 (0.953s) [OMP=0.859 ISP-L=0.008 ISP-F=0.029 MW-L=0.021 MW-F=0.031]
  Mini-Benders[3] (mw): LB=15.454187, Z₀(α*)=10.012397, intercept=-28.589067 (0.969s) [OMP=0.870 ISP-L=0.008 ISP-F=0.029 MW-L=0.021 MW-F=0.031]
  Mini-Benders[4]: LB stagnated, break
  α-step: Z₀=25.178665, α=[0.000,0.000,0.000,0.000,0.000,0.000,0.000,0.000,0.000,0.000,2.522,0.000,0.000,0.000,0.000,0.000,0.000,0.000,0.000,0.000,0.000,0.000,0.000,2.169,0.000,0.000,0.000,0.000,0.000,0.000,0.000,0.000,0.000,0.000,0.000,0.000,0.000,0.000,0.000,0.000,0.000,0.000,0.000,0.000,0.000,0.000,0.000,0.000,0.000,0.000,0.998,0.000,0.000,0.000,0.000,0.000,0.000,0.000,0.000,0.000,0.000,0.000,0.000,0.000,0.000,0.000,0.000,0.000,0.000,0.000,0.000,0.000,4.754,0.000,0.000,0.000]
  Alt-Benders[1] (mw): LB=15.468181, Z₀(α*)=4.560121, intercept=-37.636742 (1.063s) [OMP=0.978 ISP-L=0.007 ISP-F=0.027 MW-L=0.021 MW-F=0.034]
  Alt-Benders[2] (mw): LB=15.468181, Z₀(α*)=4.560121, intercept=-37.636742 (1.094s) [OMP=1.001 ISP-L=0.007 ISP-F=0.027 MW-L=0.023 MW-F=0.031]
  Alt-Benders[3] (mw): LB=15.468181, Z₀(α*)=4.560121, intercept=-37.636742 (1.109s) [OMP=1.016 ISP-L=0.007 ISP-F=0.027 MW-L=0.024 MW-F=0.031]
  Alt-Benders[4]: LB stagnated, break
  OMP re-solve: 0.001s

=== True-DRO Benders iter 77 ===
  OMP: t₀=15.468181, UB=20.488329, gap=2.45e-01, x=[0, 0, 0, 0, 0, 0, 0, 0, 0, 0, 0, 0, 0, 1, 0, 0, 0, 0, 0, 0, 0, 0, 0, 0, 0, 0, 0, 0, 0, 0, 0, 0, 0, 0, 0, 0, 0, 0, 0, 0, 0, 0, 0, 0, 0, 0, 0, 0, 0, 1, 0, 0, 0, 0, 0, 0, 0, 0, 0, 0, 0, 0, 0, 0, 0, 0, 0, 0, 0, 0, 0, 0, 0, 0, 0, 0] (0.001s)
  Sub: Z₀=23.792322 [LOCAL] (0.5s), α=[0.000,0.000,0.000,0.000,0.000,0.000,0.000,0.000,0.000,0.000,0.000,0.000,0.000,5.211,0.000,0.000,0.000,0.000,0.000,0.000,0.000,0.000,0.000,0.000,0.000,0.000,0.000,0.000,0.000,0.000,0.000,0.000,0.000,0.000,2.589,0.000,0.000,0.000,0.000,0.000,0.000,0.000,0.000,0.000,0.000,0.000,0.000,0.000,0.000,0.000,0.000,0.000,0.000,0.000,0.000,0.000,0.000,0.000,0.000,0.000,0.000,0.000,0.000,0.000,0.000,0.000,0.000,0.000,0.000,0.000,0.000,0.000,2.643,0.000,0.000,0.000]
  Iter 77: LB=15.468181  UB=20.488329  gap=2.45e-01
  Cut: intercept=-1109.882065, π_x_range=[-830.8425, 579.0251]
  Mini-Benders[1] (mw): LB=15.593848, Z₀(α*)=11.578304, intercept=-40.218225 (1.062s) [OMP=0.960 ISP-L=0.009 ISP-F=0.033 MW-L=0.026 MW-F=0.030]
  Mini-Benders[2] (mw): LB=15.593848, Z₀(α*)=11.578304, intercept=-40.218225 (1.094s) [OMP=1.007 ISP-L=0.008 ISP-F=0.032 MW-L=0.026 MW-F=0.032]
  Mini-Benders[3] (mw): LB=15.593848, Z₀(α*)=11.578304, intercept=-40.218225 (1.109s) [OMP=0.996 ISP-L=0.008 ISP-F=0.032 MW-L=0.023 MW-F=0.033]
  Mini-Benders[4]: LB stagnated, break
  α-step: Z₀=20.855070, α=[0.000,0.000,0.000,0.000,0.000,0.000,0.000,0.000,0.000,0.000,0.000,0.000,0.000,0.000,0.000,0.000,4.068,0.000,0.000,0.000,0.000,0.000,0.000,0.000,0.000,0.000,0.000,0.000,0.000,0.000,0.000,0.000,0.000,0.000,2.589,0.000,0.000,0.000,0.000,0.000,0.000,0.000,0.000,0.000,0.000,0.000,0.000,0.000,0.000,0.000,2.532,0.000,0.000,1.255,0.000,0.000,0.000,0.000,0.000,0.000,0.000,0.000,0.000,0.000,0.000,0.000,0.000,0.000,0.000,0.000,0.000,0.000,0.000,0.000,0.000,0.000]
  Alt-Benders[1] (mw): LB=15.672033, Z₀(α*)=5.377644, intercept=-33.903562 (1.110s) [OMP=1.005 ISP-L=0.008 ISP-F=0.030 MW-L=0.020 MW-F=0.032]
  Alt-Benders[2] (mw): LB=15.672033, Z₀(α*)=5.377644, intercept=-33.903562 (1.125s) [OMP=1.036 ISP-L=0.008 ISP-F=0.030 MW-L=0.020 MW-F=0.032]
  Alt-Benders[3] (mw): LB=15.672033, Z₀(α*)=5.377644, intercept=-33.903562 (1.125s) [OMP=1.040 ISP-L=0.008 ISP-F=0.030 MW-L=0.023 MW-F=0.029]
  Alt-Benders[4]: LB stagnated, break
  OMP re-solve: 0.001s

=== True-DRO Benders iter 78 ===
  OMP: t₀=15.672033, UB=20.488329, gap=2.35e-01, x=[0, 0, 0, 0, 0, 0, 0, 0, 0, 0, 0, 0, 0, 0, 0, 0, 0, 0, 0, 0, 0, 1, 0, 0, 0, 0, 0, 0, 0, 0, 0, 0, 0, 0, 0, 0, 0, 0, 0, 0, 0, 0, 0, 0, 0, 0, 0, 0, 0, 0, 0, 1, 0, 0, 0, 0, 0, 0, 0, 0, 0, 0, 0, 0, 0, 0, 0, 0, 0, 0, 0, 0, 0, 0, 0, 0] (0.001s)
  Sub: Z₀=23.599722 [LOCAL] (0.5s), α=[0.000,0.000,0.000,0.000,0.000,0.000,0.000,0.000,0.000,0.000,0.000,0.000,0.000,0.000,0.000,0.000,0.000,0.000,0.000,0.000,0.000,0.000,0.000,0.000,0.000,0.000,0.000,0.000,0.000,0.000,0.000,0.000,0.000,0.000,2.616,0.000,0.000,0.000,0.000,0.000,0.000,0.000,0.000,0.000,0.000,0.000,0.000,0.000,0.000,0.000,1.264,3.556,0.000,0.000,0.000,0.000,0.000,0.000,0.000,0.000,0.000,0.000,0.000,0.000,0.000,0.000,0.000,0.000,0.000,0.000,0.000,0.027,2.980,0.000,0.000,0.000]
  Iter 78: LB=15.672033  UB=20.488329  gap=2.35e-01
  Cut: intercept=-1089.057810, π_x_range=[-825.5148, 563.2751]
  Mini-Benders[1] (mw): LB=15.710319, Z₀(α*)=4.413384, intercept=-3.813014 (1.063s) [OMP=0.985 ISP-L=0.008 ISP-F=0.028 MW-L=0.022 MW-F=0.025]
  Mini-Benders[2] (mw): LB=15.710319, Z₀(α*)=4.413384, intercept=-3.813014 (1.078s) [OMP=0.993 ISP-L=0.008 ISP-F=0.028 MW-L=0.023 MW-F=0.025]
  Mini-Benders[3] (mw): LB=15.710319, Z₀(α*)=4.413384, intercept=-3.813014 (1.094s) [OMP=1.003 ISP-L=0.008 ISP-F=0.028 MW-L=0.023 MW-F=0.027]
  Mini-Benders[4]: LB stagnated, break
  α-step: Z₀=24.577784, α=[0.000,0.000,0.000,0.000,0.000,0.000,0.000,0.000,0.000,0.000,0.000,0.000,0.000,2.952,0.000,0.000,1.709,0.000,0.000,0.000,0.000,0.000,0.000,0.000,0.000,0.000,0.000,0.000,0.000,0.000,0.000,0.000,0.000,0.000,3.336,0.000,0.000,0.000,0.000,0.000,0.000,0.000,0.000,0.000,0.000,0.000,0.000,0.000,0.000,0.000,0.000,0.000,0.000,0.000,0.000,0.000,0.000,0.000,0.000,0.000,0.000,0.000,0.000,0.000,0.000,0.000,0.000,0.000,0.000,0.000,0.000,0.000,2.446,0.000,0.000,0.000]
  Alt-Benders[1] (mw): LB=15.775180, Z₀(α*)=-32.887367, intercept=-130.009684 (1.110s) [OMP=1.009 ISP-L=0.009 ISP-F=0.026 MW-L=0.021 MW-F=0.035]
  Alt-Benders[2] (mw): LB=15.775180, Z₀(α*)=-32.887367, intercept=-130.009684 (1.015s) [OMP=0.935 ISP-L=0.009 ISP-F=0.026 MW-L=0.021 MW-F=0.035]
  Alt-Benders[3] (mw): LB=15.775180, Z₀(α*)=-32.887367, intercept=-130.009684 (1.016s) [OMP=0.911 ISP-L=0.008 ISP-F=0.025 MW-L=0.020 MW-F=0.035]
  Alt-Benders[4]: LB stagnated, break
  OMP re-solve: 0.000s

=== True-DRO Benders iter 79 ===
  OMP: t₀=15.775180, UB=20.488329, gap=2.30e-01, x=[0, 0, 0, 0, 0, 0, 0, 0, 0, 0, 0, 0, 0, 0, 0, 0, 0, 0, 0, 0, 0, 0, 0, 0, 0, 0, 0, 0, 0, 0, 0, 0, 0, 0, 0, 0, 0, 0, 0, 0, 0, 0, 0, 0, 0, 0, 0, 0, 0, 0, 0, 0, 0, 1, 0, 0, 0, 0, 0, 0, 0, 0, 0, 0, 0, 0, 0, 0, 0, 0, 0, 1, 0, 0, 0, 0] (0.000s)
  Sub: Z₀=15.775180 [LOCAL] (0.4s), α=[0.000,0.000,0.000,0.000,0.000,0.000,0.000,0.000,0.000,0.000,0.000,0.000,0.000,0.000,0.000,0.000,0.000,0.000,0.000,0.000,0.000,0.000,0.000,0.000,0.000,0.000,0.000,0.000,0.000,0.000,0.000,0.000,0.000,0.000,0.000,0.000,0.000,0.000,0.000,0.000,0.000,0.000,0.000,0.000,0.000,0.000,0.000,0.000,0.000,0.000,0.000,0.000,0.000,0.000,0.000,0.000,0.000,0.000,0.000,0.000,0.000,0.000,0.000,0.000,0.000,0.000,0.000,0.000,0.000,0.000,0.000,10.443,0.000,0.000,0.000,0.000]
  Iter 79: LB=15.775180  UB=20.488329  gap=2.30e-01
  Cut: intercept=-1117.747345, π_x_range=[-824.4379, 571.4145]
  Mini-Benders[1] (mw): LB=15.775180, Z₀(α*)=15.775185, intercept=-106.496013 (1.031s) [OMP=0.929 ISP-L=0.009 ISP-F=0.030 MW-L=0.025 MW-F=0.029]
  Mini-Benders[2] (mw): LB=15.775183, Z₀(α*)=15.775185, intercept=-106.496013 (1.032s) [OMP=0.949 ISP-L=0.008 ISP-F=0.029 MW-L=0.025 MW-F=0.029]
  Mini-Benders[3] (mw): LB=15.775183, Z₀(α*)=15.775185, intercept=-106.496013 (1.047s) [OMP=0.939 ISP-L=0.009 ISP-F=0.030 MW-L=0.025 MW-F=0.029]
  Mini-Benders[4] (mw): LB=15.775183, Z₀(α*)=15.775185, intercept=-106.496013 (1.046s) [OMP=0.957 ISP-L=0.009 ISP-F=0.030 MW-L=0.025 MW-F=0.029]
  Mini-Benders[5]: LB stagnated, break
  α-step: Z₀=15.775184, α=[0.000,0.000,0.000,0.000,0.000,0.000,0.000,0.000,0.000,0.000,0.000,0.000,0.000,0.000,0.000,0.000,0.000,0.000,0.000,0.000,0.000,0.000,0.000,0.000,0.000,0.000,0.000,0.000,0.000,0.000,0.000,0.000,0.000,0.000,0.000,0.000,0.000,0.000,0.000,0.000,0.000,0.000,0.000,0.000,0.000,0.000,0.000,0.000,0.000,0.000,0.000,0.000,0.000,0.000,0.000,0.000,0.000,0.000,0.000,0.000,0.000,0.000,0.000,0.000,0.000,0.000,0.000,0.000,0.000,0.000,0.000,10.443,0.000,0.000,0.000,0.000]
  Alt-Benders[1] (mw): LB=15.775184, Z₀(α*)=15.775184, intercept=-106.496010 (1.016s) [OMP=0.914 ISP-L=0.008 ISP-F=0.023 MW-L=0.020 MW-F=0.036]
  Alt-Benders[2] (mw): LB=15.775184, Z₀(α*)=15.775184, intercept=-106.496010 (0.984s) [OMP=0.902 ISP-L=0.008 ISP-F=0.023 MW-L=0.020 MW-F=0.036]
  Alt-Benders[3] (mw): LB=15.775184, Z₀(α*)=15.775184, intercept=-106.496010 (1.032s) [OMP=0.931 ISP-L=0.008 ISP-F=0.024 MW-L=0.020 MW-F=0.036]
  Alt-Benders[4]: LB stagnated, break
  OMP re-solve: 0.000s

=== True-DRO Benders iter 80 ===
  OMP: t₀=15.775184, UB=20.488329, gap=2.30e-01, x=[0, 0, 0, 0, 0, 0, 0, 0, 0, 0, 0, 0, 0, 0, 0, 0, 0, 0, 0, 0, 0, 0, 0, 0, 0, 0, 0, 0, 0, 0, 0, 0, 0, 0, 0, 0, 0, 0, 0, 0, 0, 0, 0, 0, 0, 0, 0, 0, 0, 0, 0, 0, 0, 1, 0, 0, 0, 0, 0, 0, 0, 0, 0, 0, 0, 0, 0, 0, 0, 0, 0, 1, 0, 0, 0, 0] (0.000s)
  Sub: Z₀=15.775184 (6.9s), α=[0.000,0.000,0.000,0.000,0.000,0.000,0.000,0.000,0.000,0.000,0.000,0.000,0.000,0.000,0.000,0.000,0.000,0.000,0.000,0.000,0.000,0.000,0.000,0.000,0.000,0.000,0.000,0.000,0.000,0.000,0.000,0.000,0.000,0.000,0.000,0.000,0.000,0.000,0.000,0.000,0.000,0.000,0.000,0.000,0.000,0.000,0.000,0.000,0.000,0.000,0.000,0.000,0.000,0.000,0.000,0.000,0.000,0.000,0.000,0.000,0.000,0.000,0.000,0.000,0.000,0.000,0.000,0.000,0.000,0.000,0.000,10.443,0.000,0.000,0.000,0.000]
  Iter 80: LB=15.775184  UB=15.775184  gap=2.84e-09
True-DRO Benders converged at iter 80 (gap=2.84e-09)
  Wall time: 958.54 sec
  OMP  time: mean=0.645s, median=0.757s, max=1.186s
  Sub  time (exact): mean=5.110s, median=5.936s, q90=6.710s, max=6.904s (n=3/80)

Result (double/mb_only): Z₀=15.775184, iters=80, time=958.6s
x arcs = [54, 72]
