============================================================
sioux_falls — single_l: ε̂=0.50, ε̃=0.00, β=0.00
============================================================
Set parameter Username
Set parameter LicenseID to value 2742039
Academic license - for non-commercial use only - expires 2026-11-20
Set parameter Username
Set parameter LicenseID to value 2742039
Academic license - for non-commercial use only - expires 2026-11-20
Set parameter OutputFlag to value 1
Set parameter LogFile to value "global_miqcp.log"
Set parameter Username
Set parameter LicenseID to value 2742039
Academic license - for non-commercial use only - expires 2026-11-20
Set parameter Username
Set parameter LicenseID to value 2742039
Academic license - for non-commercial use only - expires 2026-11-20
Set parameter Username
Set parameter LicenseID to value 2742039
Academic license - for non-commercial use only - expires 2026-11-20
Set parameter Username
Set parameter LicenseID to value 2742039
Academic license - for non-commercial use only - expires 2026-11-20

=== True-DRO Benders iter 1 ===
  OMP: t₀=4.381626, UB=Inf, gap=NaN, x=[0, 0, 0, 0, 0, 0, 0, 0, 0, 0, 0, 0, 0, 0, 0, 0, 0, 0, 0, 0, 0, 0, 0, 0, 0, 0, 0, 0, 0, 0, 0, 0, 0, 0, 1, 0, 0, 0, 0, 0, 0, 0, 0, 0, 0, 0, 0, 0, 0, 0, 0, 0, 0, 0, 0, 0, 0, 0, 0, 0, 0, 0, 0, 0, 0, 0, 0, 0, 0, 0, 0, 0, 1, 0, 0, 0] (0.036s)
  Sub: Z₀=19.224669 [LOCAL] (0.4s), α=[0.000,0.000,0.000,0.000,0.000,0.000,0.000,0.000,0.000,0.000,0.000,0.000,0.000,0.000,0.000,0.000,0.000,0.000,0.000,0.000,0.000,0.000,0.000,0.000,0.000,0.000,0.000,0.000,0.000,0.000,0.000,0.000,0.000,0.000,6.831,0.000,0.000,0.000,0.000,0.000,0.000,0.000,0.000,0.000,0.000,0.000,0.000,0.000,0.000,0.000,0.000,0.000,0.000,0.000,0.000,0.000,0.000,0.000,0.000,0.000,0.000,0.000,0.000,0.000,0.000,0.000,0.000,0.000,0.000,0.000,0.000,0.000,3.612,0.000,0.000,0.000]
  Iter 1: LB=4.381626  UB=Inf  gap=NaN
  Cut: intercept=-1164.468065, π_x_range=[-825.5175, 594.2397]
  Mini-Benders[1] (mw): LB=4.405663, Z₀(α*)=-51.869524, intercept=-161.946135 (0.167s) [OMP=0.068 ISP-L=0.014 ISP-F=0.031 MW-L=0.029 MW-F=0.027]
  Mini-Benders[2] (mw): LB=4.405663, Z₀(α*)=-51.869524, intercept=-161.946135 (0.151s) [OMP=0.071 ISP-L=0.008 ISP-F=0.023 MW-L=0.020 MW-F=0.026]
  Mini-Benders[3] (mw): LB=4.405663, Z₀(α*)=-51.869524, intercept=-161.946135 (0.151s) [OMP=0.069 ISP-L=0.008 ISP-F=0.023 MW-L=0.021 MW-F=0.027]
  Mini-Benders[4]: LB stagnated, break
Set parameter NonConvex to value 2
Set parameter DualReductions to value 0
  α-step: Z₀=15.138802, α=[0.000,0.000,0.000,0.000,0.000,0.000,0.000,0.000,0.000,0.000,0.000,0.000,0.000,0.000,0.000,0.000,0.000,0.000,0.000,0.000,0.000,0.000,0.000,0.000,0.000,0.000,0.000,0.000,0.000,0.000,0.000,0.000,0.000,0.000,0.000,0.000,0.000,0.000,0.000,0.000,0.000,0.000,0.000,0.000,0.000,0.000,0.000,0.000,0.000,0.000,0.000,0.000,0.000,0.000,0.000,0.000,0.000,0.000,0.000,0.000,0.000,0.000,0.000,0.000,0.000,0.000,0.000,0.000,0.000,0.000,0.000,10.443,0.000,0.000,0.000,0.000]
  Alt-Benders[1] (mw): LB=5.059815, Z₀(α*)=20.001840, intercept=-173.961175 (0.182s) [OMP=0.087 ISP-L=0.008 ISP-F=0.026 MW-L=0.030 MW-F=0.024]
  Alt-Benders[2] (mw): LB=6.168579, Z₀(α*)=-69.304952, intercept=-144.146663 (0.214s) [OMP=0.137 ISP-L=0.008 ISP-F=0.021 MW-L=0.027 MW-F=0.028]
  Alt-Benders[3] (mw): LB=6.168579, Z₀(α*)=-69.304952, intercept=-144.146663 (0.260s) [OMP=0.172 ISP-L=0.008 ISP-F=0.021 MW-L=0.021 MW-F=0.027]
  Alt-Benders[4] (mw): LB=6.168579, Z₀(α*)=-69.304952, intercept=-144.146663 (0.245s) [OMP=0.171 ISP-L=0.008 ISP-F=0.021 MW-L=0.021 MW-F=0.028]
  Alt-Benders[5]: LB stagnated, break
  OMP re-solve: 0.000s

=== True-DRO Benders iter 2 ===
  OMP: t₀=6.168579, UB=Inf, gap=NaN, x=[0, 0, 0, 0, 0, 0, 0, 0, 0, 0, 0, 0, 0, 0, 0, 0, 0, 0, 0, 0, 0, 0, 0, 0, 0, 0, 0, 0, 0, 0, 0, 0, 0, 0, 1, 0, 0, 0, 0, 0, 0, 0, 0, 0, 0, 0, 0, 0, 0, 0, 0, 0, 0, 1, 0, 0, 0, 0, 0, 0, 0, 0, 0, 0, 0, 0, 0, 0, 0, 0, 0, 0, 0, 0, 0, 0] (0.000s)
  Sub: Z₀=19.981748 [LOCAL] (0.4s), α=[0.000,0.000,0.000,0.000,0.000,0.000,0.000,0.000,0.000,0.000,0.000,0.000,0.000,0.000,0.000,0.000,0.000,0.000,0.000,0.000,0.000,0.000,0.000,0.000,0.000,0.000,0.000,0.000,0.000,0.000,0.000,0.000,0.000,0.000,10.443,0.000,0.000,0.000,0.000,0.000,0.000,0.000,0.000,0.000,0.000,0.000,0.000,0.000,0.000,0.000,0.000,0.000,0.000,0.000,0.000,0.000,0.000,0.000,0.000,0.000,0.000,0.000,0.000,0.000,0.000,0.000,0.000,0.000,0.000,0.000,0.000,0.000,0.000,0.000,0.000,0.000]
  Iter 2: LB=6.168579  UB=Inf  gap=NaN
  Cut: intercept=-1144.814813, π_x_range=[-825.8694, 591.0106]
  Mini-Benders[1] (mw): LB=6.822731, Z₀(α*)=20.893060, intercept=-145.697642 (0.232s) [OMP=0.156 ISP-L=0.008 ISP-F=0.023 MW-L=0.028 MW-F=0.017]
  Mini-Benders[2] (mw): LB=8.953326, Z₀(α*)=-46.065409, intercept=-98.563008 (0.276s) [OMP=0.189 ISP-L=0.008 ISP-F=0.020 MW-L=0.026 MW-F=0.024]
  Mini-Benders[3] (mw): LB=8.953326, Z₀(α*)=-46.065409, intercept=-98.563008 (0.275s) [OMP=0.194 ISP-L=0.008 ISP-F=0.020 MW-L=0.027 MW-F=0.024]
  Mini-Benders[4] (mw): LB=8.953326, Z₀(α*)=-46.065409, intercept=-98.563008 (0.276s) [OMP=0.195 ISP-L=0.008 ISP-F=0.020 MW-L=0.027 MW-F=0.027]
  Mini-Benders[5]: LB stagnated, break
  α-step: Z₀=16.814650, α=[0.000,0.000,0.000,0.000,0.000,0.000,0.000,0.000,0.000,0.000,0.000,0.000,0.000,0.000,0.000,0.000,0.000,0.000,0.000,0.000,0.000,0.000,0.000,0.000,0.000,0.000,0.000,0.000,0.000,0.000,0.000,0.000,0.000,0.000,1.303,0.000,0.000,0.000,0.000,0.000,0.000,0.000,0.000,0.000,0.000,0.000,0.000,0.000,0.000,0.000,0.323,0.000,0.000,0.000,0.000,0.000,0.000,0.000,0.000,0.000,0.000,0.000,0.000,0.000,0.000,0.000,0.000,0.000,0.000,0.000,0.000,1.303,7.514,0.000,0.000,0.000]
  Alt-Benders[1] (mw): LB=9.421703, Z₀(α*)=8.030714, intercept=-95.359579 (0.326s) [OMP=0.252 ISP-L=0.008 ISP-F=0.022 MW-L=0.021 MW-F=0.025]
  Alt-Benders[2] (mw): LB=9.421703, Z₀(α*)=8.030714, intercept=-95.359579 (0.276s) [OMP=0.194 ISP-L=0.008 ISP-F=0.022 MW-L=0.026 MW-F=0.019]
  Alt-Benders[3] (mw): LB=9.421703, Z₀(α*)=8.030714, intercept=-95.359579 (0.276s) [OMP=0.198 ISP-L=0.008 ISP-F=0.022 MW-L=0.027 MW-F=0.019]
  Alt-Benders[4]: LB stagnated, break
  OMP re-solve: 0.000s

=== True-DRO Benders iter 3 ===
  OMP: t₀=9.421703, UB=Inf, gap=NaN, x=[0, 0, 0, 0, 0, 0, 0, 0, 0, 0, 0, 0, 0, 0, 0, 0, 0, 0, 0, 0, 1, 0, 0, 0, 0, 0, 0, 0, 0, 0, 0, 0, 0, 0, 0, 0, 0, 0, 0, 0, 0, 0, 0, 0, 0, 0, 0, 0, 0, 0, 0, 0, 0, 0, 0, 0, 0, 0, 0, 0, 0, 0, 0, 0, 0, 0, 0, 0, 0, 0, 0, 1, 0, 0, 0, 0] (0.000s)
  Sub: Z₀=21.237618 [LOCAL] (0.4s), α=[0.000,0.000,0.000,0.000,0.000,0.000,0.000,0.000,0.000,0.000,0.000,0.000,0.000,0.000,0.000,0.000,0.000,0.000,0.000,0.000,0.000,0.000,0.000,0.000,0.000,0.000,0.000,0.000,0.000,0.000,0.000,0.000,0.000,0.000,0.000,0.000,0.000,0.000,0.000,0.000,0.000,0.000,0.000,0.000,0.000,0.000,0.000,0.000,0.000,0.000,0.000,0.000,0.000,0.000,0.000,0.000,0.000,0.000,0.000,0.000,0.000,0.000,0.000,0.000,0.000,0.000,0.000,0.000,0.000,0.000,0.000,7.186,3.257,0.000,0.000,0.000]
  Iter 3: LB=9.421703  UB=Inf  gap=NaN
  Cut: intercept=-1131.002159, π_x_range=[-823.4036, 594.1158]
  Mini-Benders[1] (mw): LB=9.446063, Z₀(α*)=-38.385362, intercept=-163.574474 (0.293s) [OMP=0.209 ISP-L=0.006 ISP-F=0.020 MW-L=0.022 MW-F=0.024]
  Mini-Benders[2] (mw): LB=9.446063, Z₀(α*)=-38.385362, intercept=-163.574474 (0.323s) [OMP=0.258 ISP-L=0.006 ISP-F=0.020 MW-L=0.017 MW-F=0.026]
  Mini-Benders[3] (mw): LB=9.446063, Z₀(α*)=-38.385362, intercept=-163.574474 (0.338s) [OMP=0.257 ISP-L=0.006 ISP-F=0.020 MW-L=0.017 MW-F=0.025]
  Mini-Benders[4]: LB stagnated, break
  α-step: Z₀=20.608200, α=[0.000,0.000,0.000,0.000,0.000,0.000,0.000,0.000,0.000,0.000,0.000,0.000,0.000,0.000,0.000,0.000,0.000,0.000,0.000,0.000,0.000,0.000,0.000,0.000,0.000,0.000,0.000,0.000,0.000,0.000,0.000,0.000,0.000,0.000,0.000,0.000,0.000,0.000,0.000,0.000,0.000,0.000,5.066,0.000,0.000,0.000,0.000,0.000,0.000,5.377,0.000,0.000,0.000,0.000,0.000,0.000,0.000,0.000,0.000,0.000,0.000,0.000,0.000,0.000,0.000,0.000,0.000,0.000,0.000,0.000,0.000,0.000,0.000,0.000,0.000,0.000]
  Alt-Benders[1] (mw): LB=9.465275, Z₀(α*)=-54.969492, intercept=-79.410458 (0.340s) [OMP=0.271 ISP-L=0.008 ISP-F=0.024 MW-L=0.026 MW-F=0.020]
  Alt-Benders[2] (mw): LB=9.465275, Z₀(α*)=-54.969492, intercept=-79.410458 (0.294s) [OMP=0.214 ISP-L=0.008 ISP-F=0.023 MW-L=0.027 MW-F=0.020]
  Alt-Benders[3] (mw): LB=9.465275, Z₀(α*)=-54.969492, intercept=-79.410458 (0.307s) [OMP=0.211 ISP-L=0.008 ISP-F=0.023 MW-L=0.026 MW-F=0.024]
  Alt-Benders[4]: LB stagnated, break
  OMP re-solve: 0.000s

=== True-DRO Benders iter 4 ===
  OMP: t₀=9.465275, UB=Inf, gap=NaN, x=[0, 0, 0, 0, 0, 0, 0, 0, 0, 0, 0, 0, 0, 0, 0, 0, 0, 0, 0, 0, 1, 0, 0, 0, 0, 0, 0, 0, 0, 0, 0, 0, 0, 0, 1, 0, 0, 0, 0, 0, 0, 0, 0, 0, 0, 0, 0, 0, 0, 0, 0, 0, 0, 0, 0, 0, 0, 0, 0, 0, 0, 0, 0, 0, 0, 0, 0, 0, 0, 0, 0, 0, 0, 0, 0, 0] (0.000s)
  Sub: Z₀=21.355473 [LOCAL] (0.4s), α=[0.000,0.000,0.000,0.000,0.000,0.000,0.000,0.000,0.000,0.000,0.000,0.000,0.000,0.000,0.000,0.000,0.000,0.000,0.000,0.000,0.000,0.000,0.000,0.000,0.000,0.000,0.000,0.000,0.000,0.000,0.000,0.000,0.000,0.000,7.795,0.000,0.000,0.000,0.000,0.000,0.000,0.000,0.000,0.000,0.000,0.000,0.000,0.000,0.000,0.000,0.000,0.000,0.000,0.000,0.000,0.000,0.000,0.000,0.000,0.000,0.000,0.000,0.000,0.000,0.000,0.000,0.000,0.000,0.000,0.000,0.000,0.000,2.647,0.000,0.000,0.000]
  Iter 4: LB=9.465275  UB=Inf  gap=NaN
  Cut: intercept=-1145.939701, π_x_range=[-823.5785, 598.4858]
  Mini-Benders[1] (mw): LB=9.748259, Z₀(α*)=-48.424717, intercept=-111.461603 (0.295s) [OMP=0.198 ISP-L=0.008 ISP-F=0.025 MW-L=0.022 MW-F=0.026]
  Mini-Benders[2] (mw): LB=9.748259, Z₀(α*)=-48.424717, intercept=-111.461603 (0.322s) [OMP=0.245 ISP-L=0.008 ISP-F=0.024 MW-L=0.022 MW-F=0.025]
  Mini-Benders[3] (mw): LB=9.748259, Z₀(α*)=-48.424717, intercept=-111.461603 (0.323s) [OMP=0.242 ISP-L=0.008 ISP-F=0.025 MW-L=0.027 MW-F=0.020]
  Mini-Benders[4]: LB stagnated, break
  α-step: Z₀=19.824845, α=[0.000,0.000,0.000,0.000,0.000,0.000,0.000,0.000,0.000,0.000,0.000,0.000,0.000,0.000,0.000,0.000,0.000,0.000,0.000,0.000,0.000,0.000,0.000,0.000,0.000,0.000,0.000,0.000,0.000,0.000,0.000,0.000,0.000,0.000,0.000,0.000,0.000,0.000,0.000,0.000,0.000,0.000,0.000,0.000,0.000,0.000,0.000,0.000,0.000,0.000,0.000,0.000,0.000,0.000,0.000,0.000,0.000,0.000,0.000,0.000,0.000,0.000,0.000,0.000,0.000,0.000,0.000,0.000,0.000,0.000,0.000,6.831,3.612,0.000,0.000,0.000]
  Alt-Benders[1] (mw): LB=9.795956, Z₀(α*)=18.866331, intercept=-89.752661 (0.279s) [OMP=0.211 ISP-L=0.009 ISP-F=0.022 MW-L=0.029 MW-F=0.019]
  Alt-Benders[2] (mw): LB=9.815182, Z₀(α*)=20.892609, intercept=-96.665982 (0.323s) [OMP=0.224 ISP-L=0.009 ISP-F=0.026 MW-L=0.028 MW-F=0.022]
  Alt-Benders[3] (mw): LB=9.815182, Z₀(α*)=21.710252, intercept=-83.796097 (0.291s) [OMP=0.211 ISP-L=0.008 ISP-F=0.025 MW-L=0.020 MW-F=0.023]
  Alt-Benders[4] (mw): LB=9.815182, Z₀(α*)=21.710252, intercept=-83.796097 (0.307s) [OMP=0.235 ISP-L=0.009 ISP-F=0.026 MW-L=0.021 MW-F=0.024]
  Alt-Benders[5]: LB stagnated, break
  OMP re-solve: 0.000s

=== True-DRO Benders iter 5 ===
  OMP: t₀=9.815182, UB=Inf, gap=NaN, x=[0, 0, 0, 0, 0, 0, 0, 1, 0, 0, 0, 0, 0, 0, 0, 0, 0, 0, 0, 0, 0, 0, 0, 0, 0, 0, 0, 0, 0, 0, 0, 0, 0, 0, 0, 0, 0, 0, 0, 0, 0, 0, 0, 0, 0, 0, 0, 0, 0, 0, 0, 0, 0, 0, 0, 0, 0, 0, 0, 0, 0, 0, 0, 0, 0, 0, 0, 0, 0, 0, 0, 1, 0, 0, 0, 0] (0.000s)
  Sub: Z₀=21.733817 (1.6s), α=[0.000,0.000,0.000,0.000,0.000,0.000,0.000,0.000,0.000,0.000,0.000,0.000,0.000,0.000,0.000,0.000,0.000,0.000,0.000,0.000,0.000,0.000,0.000,0.000,0.000,0.000,0.000,0.000,0.000,0.000,0.000,0.000,0.000,0.000,0.000,0.000,0.000,0.000,0.000,0.000,0.000,0.000,0.000,0.000,0.000,0.000,0.000,0.000,0.000,0.000,0.000,0.000,0.000,0.000,0.000,0.000,0.000,0.000,0.000,0.000,0.000,0.000,0.000,0.000,0.000,0.000,0.000,0.000,0.000,0.000,0.000,7.186,3.257,0.000,0.000,0.000]
  Iter 5: LB=9.815182  UB=21.733817  gap=5.48e-01
  Cut: intercept=-181.186118, π_x_range=[-248.5036, 111.4636]
  Sherali-Cut: intercept=-84.220446, π_x_range=[-96.2932, 105.9542]
  Mini-Benders[1] (mw): LB=9.815182, Z₀(α*)=21.648141, intercept=-93.030392 (0.338s) [OMP=0.244 ISP-L=0.008 ISP-F=0.023 MW-L=0.028 MW-F=0.022]
  Mini-Benders[2] (mw): LB=9.815182, Z₀(α*)=19.956296, intercept=-111.861282 (0.292s) [OMP=0.220 ISP-L=0.009 ISP-F=0.026 MW-L=0.021 MW-F=0.024]
  Mini-Benders[3]: LB stagnated, break
  α-step: Z₀=21.370511, α=[0.000,0.000,0.000,0.000,0.000,0.000,0.000,0.000,0.000,0.000,0.000,0.000,0.000,0.000,0.000,0.000,0.000,0.000,0.000,0.000,0.000,0.000,0.000,0.000,0.000,0.000,0.000,0.000,0.000,0.000,0.000,0.000,0.000,0.000,0.000,0.000,0.000,0.000,0.000,0.000,0.000,0.000,0.000,0.000,0.000,0.000,0.000,0.000,0.000,0.000,0.000,0.000,0.000,0.000,0.000,0.000,0.000,0.000,0.000,0.000,0.000,0.000,0.000,0.000,0.000,0.000,0.000,0.000,0.000,0.000,0.000,7.186,3.257,0.000,0.000,0.000]
  Alt-Benders[1] (mw): LB=9.815182, Z₀(α*)=21.648141, intercept=-81.842581 (0.328s) [OMP=0.242 ISP-L=0.008 ISP-F=0.024 MW-L=0.029 MW-F=0.017]
  Alt-Benders[2] (mw): LB=9.815182, Z₀(α*)=21.247741, intercept=-78.663391 (0.306s) [OMP=0.230 ISP-L=0.008 ISP-F=0.025 MW-L=0.030 MW-F=0.020]
  Alt-Benders[3]: LB stagnated, break
  OMP re-solve: 0.000s

=== True-DRO Benders iter 6 ===
  OMP: t₀=9.815182, UB=21.733817, gap=5.48e-01, x=[0, 0, 0, 0, 0, 0, 0, 0, 0, 0, 0, 0, 0, 0, 0, 0, 0, 0, 0, 0, 0, 0, 0, 1, 0, 0, 0, 0, 0, 0, 0, 0, 0, 0, 0, 0, 0, 0, 0, 0, 0, 0, 0, 0, 0, 0, 0, 0, 0, 0, 0, 0, 0, 0, 0, 0, 0, 0, 0, 0, 0, 0, 0, 0, 0, 0, 0, 0, 0, 0, 0, 1, 0, 0, 0, 0] (0.000s)
  Sub: Z₀=21.540539 [LOCAL] (0.4s), α=[0.000,0.000,0.000,0.000,0.000,0.000,0.000,0.000,0.000,0.000,0.000,0.000,0.000,0.000,0.000,0.000,0.000,0.000,0.000,0.000,0.000,0.000,0.000,0.000,0.000,0.000,0.000,0.000,0.000,0.000,0.000,0.000,0.000,0.000,0.000,0.000,0.000,0.000,0.000,0.000,0.000,0.000,0.000,0.000,0.000,0.000,0.000,0.000,0.000,0.000,0.000,0.000,0.000,0.000,0.000,0.000,0.000,0.000,0.000,0.000,0.000,0.000,0.000,0.000,0.000,0.000,0.000,0.000,0.000,0.000,0.000,6.831,3.612,0.000,0.000,0.000]
  Iter 6: LB=9.815182  UB=21.733817  gap=5.48e-01
  Cut: intercept=-1133.575208, π_x_range=[-825.5668, 591.9102]
  Mini-Benders[1] (mw): LB=9.815182, Z₀(α*)=21.612628, intercept=-79.102378 (0.322s) [OMP=0.243 ISP-L=0.009 ISP-F=0.025 MW-L=0.025 MW-F=0.022]
  Mini-Benders[2] (mw): LB=9.815182, Z₀(α*)=21.588206, intercept=-92.552120 (0.341s) [OMP=0.245 ISP-L=0.008 ISP-F=0.025 MW-L=0.025 MW-F=0.029]
  Mini-Benders[3]: LB stagnated, break
  α-step: Z₀=21.238215, α=[0.000,0.000,0.000,0.000,0.000,0.000,0.000,0.000,0.000,0.000,0.000,0.000,0.000,0.000,0.000,0.000,0.000,0.000,0.000,0.000,0.000,0.000,0.000,0.000,0.000,0.000,0.000,0.000,0.000,0.000,0.000,0.000,0.000,0.000,0.000,0.000,0.000,0.000,0.000,0.000,0.000,0.000,0.000,0.000,0.000,0.000,0.000,0.000,0.000,0.000,0.000,0.000,0.000,0.000,0.000,0.000,0.000,0.000,0.000,0.000,0.000,0.000,0.000,0.000,0.000,0.000,0.000,0.000,0.000,0.000,0.000,7.186,3.257,0.000,0.000,0.000]
  Alt-Benders[1] (mw): LB=10.325597, Z₀(α*)=21.733817, intercept=-85.063404 (0.370s) [OMP=0.293 ISP-L=0.009 ISP-F=0.025 MW-L=0.024 MW-F=0.024]
  Alt-Benders[2] (mw): LB=10.412381, Z₀(α*)=-36.192944, intercept=-75.881565 (0.357s) [OMP=0.278 ISP-L=0.008 ISP-F=0.024 MW-L=0.026 MW-F=0.021]
  Alt-Benders[3] (mw): LB=10.412381, Z₀(α*)=-36.192944, intercept=-75.881565 (0.309s) [OMP=0.226 ISP-L=0.008 ISP-F=0.024 MW-L=0.025 MW-F=0.021]
  Alt-Benders[4] (mw): LB=10.412381, Z₀(α*)=-36.192944, intercept=-75.881565 (0.307s) [OMP=0.226 ISP-L=0.008 ISP-F=0.024 MW-L=0.026 MW-F=0.021]
  Alt-Benders[5]: LB stagnated, break
  OMP re-solve: 0.000s

=== True-DRO Benders iter 7 ===
  OMP: t₀=10.412381, UB=21.733817, gap=5.21e-01, x=[0, 0, 0, 0, 0, 0, 0, 0, 0, 0, 0, 0, 0, 1, 0, 0, 0, 0, 0, 0, 0, 0, 0, 0, 0, 0, 0, 0, 0, 0, 0, 0, 0, 0, 1, 0, 0, 0, 0, 0, 0, 0, 0, 0, 0, 0, 0, 0, 0, 0, 0, 0, 0, 0, 0, 0, 0, 0, 0, 0, 0, 0, 0, 0, 0, 0, 0, 0, 0, 0, 0, 0, 0, 0, 0, 0] (0.000s)
  Sub: Z₀=21.437375 [LOCAL] (0.4s), α=[0.000,0.000,0.000,0.000,0.000,0.000,0.000,0.000,0.000,0.000,0.000,0.000,0.000,0.000,0.000,0.000,0.000,0.000,0.000,0.000,0.000,0.000,0.000,0.000,0.000,0.000,0.000,0.000,0.000,0.000,0.000,0.000,0.000,0.000,8.049,0.000,0.000,0.000,0.000,0.000,0.000,0.000,0.000,0.000,0.000,0.000,0.000,0.000,0.000,0.000,0.000,0.000,0.000,0.000,0.000,0.000,0.000,0.000,0.000,0.000,0.000,0.000,0.000,0.000,0.000,0.000,0.000,0.000,0.000,0.000,0.000,0.000,2.394,0.000,0.000,0.000]
  Iter 7: LB=10.412381  UB=21.733817  gap=5.21e-01
  Cut: intercept=-1141.857265, π_x_range=[-826.1195, 592.3967]
  Mini-Benders[1] (mw): LB=10.412381, Z₀(α*)=21.437379, intercept=-56.932417 (0.341s) [OMP=0.260 ISP-L=0.008 ISP-F=0.025 MW-L=0.021 MW-F=0.024]
  Mini-Benders[2] (mw): LB=10.422381, Z₀(α*)=21.580813, intercept=-71.545481 (0.370s) [OMP=0.281 ISP-L=0.008 ISP-F=0.025 MW-L=0.021 MW-F=0.023]
  Mini-Benders[3] (mw): LB=10.451047, Z₀(α*)=21.472705, intercept=-70.538655 (0.341s) [OMP=0.265 ISP-L=0.007 ISP-F=0.028 MW-L=0.023 MW-F=0.022]
  Mini-Benders[4] (mw): LB=10.461047, Z₀(α*)=21.605171, intercept=-68.827257 (0.354s) [OMP=0.276 ISP-L=0.009 ISP-F=0.026 MW-L=0.023 MW-F=0.018]
  Mini-Benders[5] (mw): LB=10.526018, Z₀(α*)=21.482765, intercept=-116.254329 (0.372s) [OMP=0.284 ISP-L=0.009 ISP-F=0.030 MW-L=0.028 MW-F=0.018]
  α-step: Z₀=21.451620, α=[0.000,0.000,0.000,0.000,0.000,0.000,0.000,0.000,0.000,0.000,0.000,0.000,0.000,0.000,0.000,0.000,0.000,0.000,0.000,0.000,0.000,0.000,0.000,0.000,0.000,0.000,0.000,0.000,0.000,0.000,0.000,0.000,0.000,0.000,8.159,0.000,0.000,0.000,0.000,0.000,0.000,0.000,0.000,0.000,0.000,0.000,0.000,0.000,0.000,0.000,0.000,0.000,0.000,0.000,0.000,0.000,0.000,0.000,0.000,0.000,0.000,0.000,0.000,0.000,0.000,0.000,0.000,0.000,0.000,0.000,0.000,0.000,2.284,0.000,0.000,0.000]
  Alt-Benders[1] (mw): LB=10.813081, Z₀(α*)=20.731802, intercept=-70.396394 (0.360s) [OMP=0.269 ISP-L=0.008 ISP-F=0.027 MW-L=0.024 MW-F=0.023]
  Alt-Benders[2] (mw): LB=10.822307, Z₀(α*)=21.643396, intercept=-65.814390 (0.338s) [OMP=0.261 ISP-L=0.008 ISP-F=0.023 MW-L=0.020 MW-F=0.023]
  Alt-Benders[3] (mw): LB=10.832307, Z₀(α*)=21.543298, intercept=-68.743678 (0.353s) [OMP=0.277 ISP-L=0.008 ISP-F=0.022 MW-L=0.022 MW-F=0.022]
  Alt-Benders[4] (mw): LB=10.832307, Z₀(α*)=21.444145, intercept=-68.812770 (0.324s) [OMP=0.247 ISP-L=0.008 ISP-F=0.027 MW-L=0.027 MW-F=0.018]
  Alt-Benders[5] (mw): LB=10.832307, Z₀(α*)=21.653396, intercept=-65.959153 (0.386s) [OMP=0.309 ISP-L=0.009 ISP-F=0.025 MW-L=0.026 MW-F=0.018]
  OMP re-solve: 0.255s

=== True-DRO Benders iter 8 ===
  OMP: t₀=10.832307, UB=21.733817, gap=5.02e-01, x=[0, 0, 0, 0, 0, 0, 0, 0, 0, 0, 0, 0, 0, 0, 0, 0, 0, 0, 0, 0, 0, 0, 0, 0, 0, 0, 0, 0, 0, 0, 0, 0, 0, 0, 1, 0, 0, 0, 0, 0, 0, 0, 0, 0, 0, 0, 0, 0, 0, 0, 0, 0, 0, 0, 0, 0, 0, 0, 0, 0, 0, 0, 0, 0, 0, 0, 0, 0, 1, 0, 0, 0, 0, 0, 0, 0] (0.000s)
  Sub: Z₀=21.814922 [LOCAL] (0.4s), α=[0.000,0.000,0.000,0.000,0.000,0.000,0.000,0.000,0.000,0.000,0.000,0.000,0.000,0.000,0.000,0.000,0.000,0.000,0.000,0.000,0.000,0.000,0.000,0.000,0.000,0.000,0.000,0.000,0.000,0.000,0.000,0.000,0.000,0.000,7.997,0.000,0.000,0.000,0.000,0.000,0.000,0.000,0.000,0.000,0.000,0.000,0.000,0.000,0.000,0.000,0.000,0.000,0.000,0.000,0.000,0.000,0.000,0.000,0.000,0.000,0.000,0.000,0.000,0.000,0.000,0.000,0.000,0.000,0.000,0.000,0.000,0.000,2.446,0.000,0.000,0.000]
  Iter 8: LB=10.832307  UB=21.733817  gap=5.02e-01
  Cut: intercept=-1160.479243, π_x_range=[-825.3960, 595.0751]
  Mini-Benders[1] (mw): LB=10.832307, Z₀(α*)=21.729250, intercept=-68.459990 (0.355s) [OMP=0.278 ISP-L=0.007 ISP-F=0.023 MW-L=0.024 MW-F=0.022]
  Mini-Benders[2] (mw): LB=10.832307, Z₀(α*)=21.729250, intercept=-70.769845 (0.356s) [OMP=0.283 ISP-L=0.008 ISP-F=0.023 MW-L=0.022 MW-F=0.024]
  Mini-Benders[3]: LB stagnated, break
  α-step: Z₀=21.729250, α=[0.000,0.000,0.000,0.000,0.000,0.000,0.000,0.000,0.000,0.000,0.000,0.000,0.000,0.000,0.000,0.000,0.000,0.000,0.000,0.000,0.000,0.000,0.000,0.000,0.000,0.000,0.000,0.000,0.000,0.000,0.000,0.000,0.000,0.000,7.997,0.000,0.000,0.000,0.000,0.000,0.000,0.000,0.000,0.000,0.000,0.000,0.000,0.000,0.000,0.000,0.000,0.000,0.000,0.000,0.000,0.000,0.000,0.000,0.000,0.000,0.000,0.000,0.000,0.000,0.000,0.000,0.000,0.000,0.000,0.000,0.000,0.000,2.446,0.000,0.000,0.000]
  Alt-Benders[1] (mw): LB=10.832307, Z₀(α*)=21.729250, intercept=-54.912952 (0.348s) [OMP=0.278 ISP-L=0.009 ISP-F=0.025 MW-L=0.023 MW-F=0.023]
  Alt-Benders[2] (mw): LB=10.832307, Z₀(α*)=21.814926, intercept=-65.601320 (0.354s) [OMP=0.275 ISP-L=0.009 ISP-F=0.025 MW-L=0.025 MW-F=0.017]
  Alt-Benders[3] (mw): LB=11.109339, Z₀(α*)=-28.546874, intercept=-154.951789 (0.372s) [OMP=0.276 ISP-L=0.009 ISP-F=0.027 MW-L=0.029 MW-F=0.020]
  Alt-Benders[4] (mw): LB=11.109339, Z₀(α*)=-28.546874, intercept=-154.951789 (0.323s) [OMP=0.238 ISP-L=0.008 ISP-F=0.026 MW-L=0.027 MW-F=0.020]
  Alt-Benders[5] (mw): LB=11.109339, Z₀(α*)=-28.546874, intercept=-154.951789 (0.322s) [OMP=0.237 ISP-L=0.008 ISP-F=0.026 MW-L=0.028 MW-F=0.023]
  OMP re-solve: 0.235s

=== True-DRO Benders iter 9 ===
  OMP: t₀=11.109339, UB=21.733817, gap=4.89e-01, x=[0, 0, 0, 0, 0, 0, 0, 0, 0, 0, 0, 0, 0, 0, 0, 0, 0, 0, 0, 0, 0, 0, 0, 0, 0, 0, 0, 0, 0, 0, 0, 0, 0, 0, 0, 0, 0, 0, 0, 0, 0, 0, 0, 0, 0, 0, 0, 0, 0, 0, 0, 0, 0, 0, 0, 0, 0, 0, 0, 0, 1, 1, 0, 0, 0, 0, 0, 0, 0, 0, 0, 0, 0, 0, 0, 0] (0.000s)
  Sub: Z₀=20.342504 [LOCAL] (0.4s), α=[0.000,0.000,0.000,0.000,0.000,0.000,0.000,0.000,0.000,0.000,0.000,0.000,0.000,0.000,0.000,0.000,0.000,0.000,0.000,0.000,0.000,0.000,0.000,0.000,0.000,0.000,0.000,0.000,0.000,0.000,0.000,0.000,0.000,0.000,0.000,0.000,0.000,0.000,0.000,0.000,0.000,0.000,0.000,0.000,0.000,0.000,0.000,0.000,0.000,0.000,0.000,0.000,0.000,0.000,0.000,0.000,0.000,0.000,0.000,0.000,2.879,3.952,0.000,0.000,0.000,0.000,0.000,0.000,0.000,0.000,0.000,0.000,3.612,0.000,0.000,0.000]
  Iter 9: LB=11.109339  UB=21.733817  gap=4.89e-01
  Cut: intercept=-1101.816536, π_x_range=[-825.2000, 570.3671]
  Mini-Benders[1] (mw): LB=11.259645, Z₀(α*)=-22.050020, intercept=-125.257291 (0.384s) [OMP=0.300 ISP-L=0.008 ISP-F=0.029 MW-L=0.017 MW-F=0.024]
  Mini-Benders[2] (mw): LB=11.259645, Z₀(α*)=-22.050020, intercept=-125.257291 (0.357s) [OMP=0.284 ISP-L=0.009 ISP-F=0.030 MW-L=0.018 MW-F=0.024]
  Mini-Benders[3] (mw): LB=11.259645, Z₀(α*)=-22.050020, intercept=-125.257291 (0.372s) [OMP=0.285 ISP-L=0.008 ISP-F=0.030 MW-L=0.022 MW-F=0.019]
  Mini-Benders[4]: LB stagnated, break
  α-step: Z₀=23.607692, α=[0.000,0.000,0.000,0.000,0.000,0.000,0.000,0.000,0.000,0.000,0.000,0.000,0.000,0.000,0.000,0.000,0.000,0.000,0.000,0.000,0.000,0.000,0.000,0.000,0.000,0.000,0.000,0.000,0.000,0.000,0.000,0.000,0.000,0.000,0.000,0.000,0.000,0.000,0.000,0.000,0.000,0.000,0.000,0.000,0.000,0.000,0.000,0.000,0.000,0.000,0.000,0.000,0.000,0.000,0.000,0.000,0.000,0.000,0.000,0.000,0.000,0.000,0.000,0.000,0.000,0.000,0.000,0.000,0.000,0.000,0.000,0.000,10.443,0.000,0.000,0.000]
  Alt-Benders[1] (mw): LB=11.555484, Z₀(α*)=-19.279354, intercept=-145.596730 (0.367s) [OMP=0.280 ISP-L=0.009 ISP-F=0.028 MW-L=0.029 MW-F=0.024]
  Alt-Benders[2] (mw): LB=11.555484, Z₀(α*)=-19.279354, intercept=-145.596730 (0.354s) [OMP=0.268 ISP-L=0.009 ISP-F=0.028 MW-L=0.024 MW-F=0.025]
  Alt-Benders[3] (mw): LB=11.555484, Z₀(α*)=-19.279354, intercept=-145.596730 (0.357s) [OMP=0.269 ISP-L=0.009 ISP-F=0.027 MW-L=0.024 MW-F=0.025]
  Alt-Benders[4]: LB stagnated, break
  OMP re-solve: 0.000s

=== True-DRO Benders iter 10 ===
  OMP: t₀=11.555484, UB=21.733817, gap=4.68e-01, x=[0, 0, 0, 0, 0, 0, 0, 0, 0, 0, 0, 0, 0, 0, 0, 0, 0, 0, 0, 0, 0, 0, 0, 0, 0, 0, 0, 0, 0, 0, 0, 0, 0, 0, 0, 0, 0, 0, 0, 0, 0, 0, 0, 0, 0, 0, 0, 0, 0, 0, 0, 0, 0, 1, 0, 0, 0, 0, 0, 0, 0, 0, 0, 0, 1, 0, 0, 0, 0, 0, 0, 0, 0, 0, 0, 0] (0.000s)
  Sub: Z₀=23.378686 (2.7s), α=[0.000,0.000,0.000,0.000,0.000,0.000,0.000,0.000,0.000,0.000,0.000,0.000,0.000,0.000,0.000,0.000,0.000,0.000,0.000,0.000,0.000,0.000,0.000,0.000,0.000,0.000,0.000,0.000,0.000,0.000,0.000,0.000,0.000,0.000,0.000,0.000,0.000,0.000,0.000,0.000,0.000,0.000,0.000,0.000,0.000,0.000,0.000,0.000,0.000,0.000,0.000,0.000,0.000,9.575,0.000,0.000,0.000,0.000,0.000,0.000,0.000,0.000,0.000,0.000,0.000,0.000,0.000,0.000,0.000,0.000,0.000,0.000,0.868,0.000,0.000,0.000]
  Iter 10: LB=11.555484  UB=21.733817  gap=4.68e-01
  Cut: intercept=-147.987136, π_x_range=[-174.3092, 102.9052]
  Sherali-Cut: intercept=-146.472717, π_x_range=[-91.4301, 102.5320]
  Mini-Benders[1] (mw): LB=11.584307, Z₀(α*)=-54.495026, intercept=-122.064472 (0.369s) [OMP=0.295 ISP-L=0.010 ISP-F=0.027 MW-L=0.025 MW-F=0.022]
  Mini-Benders[2] (mw): LB=11.584307, Z₀(α*)=-54.495026, intercept=-122.064472 (0.372s) [OMP=0.287 ISP-L=0.009 ISP-F=0.026 MW-L=0.020 MW-F=0.025]
  Mini-Benders[3] (mw): LB=11.584307, Z₀(α*)=-54.495026, intercept=-122.064472 (0.372s) [OMP=0.283 ISP-L=0.009 ISP-F=0.026 MW-L=0.020 MW-F=0.024]
  Mini-Benders[4]: LB stagnated, break
  α-step: Z₀=21.301472, α=[0.000,0.000,0.000,0.000,0.000,0.000,0.000,0.000,0.000,0.000,0.000,0.000,0.000,0.000,0.000,0.000,0.000,0.000,0.000,0.000,0.000,0.000,0.000,0.000,0.000,0.000,0.000,0.000,0.000,0.000,0.000,0.000,0.000,0.000,0.000,0.000,0.000,0.000,0.000,0.000,0.000,0.000,0.000,0.000,0.000,0.000,0.000,0.000,0.000,0.000,0.000,0.000,0.000,0.000,0.000,0.000,0.000,0.000,0.000,0.000,0.000,0.000,0.000,0.000,0.000,0.000,0.000,0.000,0.000,0.000,0.000,0.000,10.443,0.000,0.000,0.000]
  Alt-Benders[1] (mw): LB=11.708586, Z₀(α*)=24.504548, intercept=-50.828587 (0.353s) [OMP=0.288 ISP-L=0.008 ISP-F=0.022 MW-L=0.025 MW-F=0.018]
  Alt-Benders[2] (mw): LB=11.803372, Z₀(α*)=-2.427519, intercept=-87.309813 (0.401s) [OMP=0.313 ISP-L=0.008 ISP-F=0.025 MW-L=0.027 MW-F=0.019]
  Alt-Benders[3] (mw): LB=11.803372, Z₀(α*)=-2.427519, intercept=-87.309813 (0.356s) [OMP=0.278 ISP-L=0.008 ISP-F=0.025 MW-L=0.026 MW-F=0.020]
  Alt-Benders[4] (mw): LB=11.803372, Z₀(α*)=-2.427519, intercept=-87.309813 (0.370s) [OMP=0.277 ISP-L=0.008 ISP-F=0.024 MW-L=0.026 MW-F=0.023]
  Alt-Benders[5]: LB stagnated, break
  OMP re-solve: 0.000s

=== True-DRO Benders iter 11 ===
  OMP: t₀=11.803372, UB=21.733817, gap=4.57e-01, x=[0, 0, 0, 0, 0, 0, 0, 0, 0, 0, 0, 0, 0, 0, 0, 1, 0, 0, 0, 0, 0, 0, 0, 0, 0, 0, 0, 0, 0, 0, 0, 0, 0, 0, 0, 0, 0, 0, 0, 0, 0, 0, 0, 0, 0, 0, 0, 0, 0, 0, 0, 0, 0, 0, 0, 0, 0, 0, 0, 0, 0, 0, 0, 0, 0, 0, 0, 0, 0, 0, 0, 1, 0, 0, 0, 0] (0.000s)
  Sub: Z₀=20.296415 [LOCAL] (0.4s), α=[0.000,0.000,0.000,0.000,0.000,0.000,0.000,0.000,0.000,0.000,0.000,0.000,0.000,0.000,0.000,0.000,0.000,0.000,0.000,0.000,0.000,0.000,0.000,0.000,0.000,0.000,0.000,0.000,0.000,0.000,0.000,0.000,0.000,0.000,0.000,0.000,0.000,0.000,0.000,0.000,0.000,0.000,0.000,0.000,0.000,0.000,0.000,0.000,0.000,0.000,0.000,0.000,0.000,0.000,0.000,0.000,0.000,0.000,0.000,0.000,0.000,0.000,0.000,0.000,0.000,0.000,0.000,0.000,0.000,0.000,0.000,7.186,3.257,0.000,0.000,0.000]
  Iter 11: LB=11.803372  UB=21.733817  gap=4.57e-01
  Cut: intercept=-1129.137398, π_x_range=[-825.4578, 582.7883]
  Mini-Benders[1] (mw): LB=11.824944, Z₀(α*)=-22.068460, intercept=-158.294507 (0.372s) [OMP=0.290 ISP-L=0.006 ISP-F=0.023 MW-L=0.021 MW-F=0.025]
  Mini-Benders[2] (mw): LB=11.824944, Z₀(α*)=-22.068460, intercept=-158.294507 (0.325s) [OMP=0.254 ISP-L=0.006 ISP-F=0.022 MW-L=0.022 MW-F=0.026]
  Mini-Benders[3] (mw): LB=11.824944, Z₀(α*)=-22.068460, intercept=-158.294507 (0.339s) [OMP=0.255 ISP-L=0.006 ISP-F=0.023 MW-L=0.026 MW-F=0.020]
  Mini-Benders[4]: LB stagnated, break
  α-step: Z₀=23.686317, α=[0.000,0.000,0.000,0.000,0.000,0.000,0.000,0.000,0.000,0.000,0.000,0.000,0.000,0.000,0.000,0.000,0.000,0.000,0.000,0.000,0.000,0.000,0.000,0.000,0.000,0.000,0.000,0.000,0.000,0.000,0.000,0.000,0.000,0.000,0.000,0.000,0.000,0.000,0.000,0.000,0.000,0.000,0.000,0.000,0.000,0.000,0.000,0.000,0.000,7.997,0.000,0.000,0.000,0.000,0.000,0.000,0.000,0.000,0.000,0.000,0.000,0.000,0.000,0.000,0.000,0.000,0.000,0.000,0.000,0.000,0.000,0.000,2.446,0.000,0.000,0.000]
  Alt-Benders[1] (mw): LB=11.991902, Z₀(α*)=-44.829317, intercept=-69.939222 (0.412s) [OMP=0.331 ISP-L=0.008 ISP-F=0.026 MW-L=0.024 MW-F=0.021]
  Alt-Benders[2] (mw): LB=11.991902, Z₀(α*)=-44.829317, intercept=-69.939222 (0.338s) [OMP=0.263 ISP-L=0.008 ISP-F=0.026 MW-L=0.025 MW-F=0.023]
  Alt-Benders[3] (mw): LB=11.991902, Z₀(α*)=-44.829317, intercept=-69.939222 (0.341s) [OMP=0.260 ISP-L=0.008 ISP-F=0.026 MW-L=0.020 MW-F=0.026]
  Alt-Benders[4]: LB stagnated, break
  OMP re-solve: 0.000s

=== True-DRO Benders iter 12 ===
  OMP: t₀=11.991902, UB=21.733817, gap=4.48e-01, x=[0, 0, 0, 0, 0, 0, 0, 0, 0, 0, 0, 0, 0, 0, 0, 1, 0, 0, 0, 0, 0, 0, 0, 0, 0, 0, 0, 0, 0, 0, 0, 0, 0, 0, 1, 0, 0, 0, 0, 0, 0, 0, 0, 0, 0, 0, 0, 0, 0, 0, 0, 0, 0, 0, 0, 0, 0, 0, 0, 0, 0, 0, 0, 0, 0, 0, 0, 0, 0, 0, 0, 0, 0, 0, 0, 0] (0.000s)
  Sub: Z₀=21.814922 [LOCAL] (0.4s), α=[0.000,0.000,0.000,0.000,0.000,0.000,0.000,0.000,0.000,0.000,0.000,0.000,0.000,0.000,0.000,0.000,0.000,0.000,0.000,0.000,0.000,0.000,0.000,0.000,0.000,0.000,0.000,0.000,0.000,0.000,0.000,0.000,0.000,0.000,7.997,0.000,0.000,0.000,0.000,0.000,0.000,0.000,0.000,0.000,0.000,0.000,0.000,0.000,0.000,0.000,0.000,0.000,0.000,0.000,0.000,0.000,0.000,0.000,0.000,0.000,0.000,0.000,0.000,0.000,0.000,0.000,0.000,0.000,0.000,0.000,0.000,0.000,2.446,0.000,0.000,0.000]
  Iter 12: LB=11.991902  UB=21.733817  gap=4.48e-01
  Cut: intercept=-1152.740521, π_x_range=[-826.7307, 587.3381]
  Mini-Benders[1] (mw): LB=12.223982, Z₀(α*)=14.517072, intercept=-89.699879 (0.370s) [OMP=0.285 ISP-L=0.008 ISP-F=0.027 MW-L=0.019 MW-F=0.024]
  Mini-Benders[2] (mw): LB=12.227469, Z₀(α*)=-14.251201, intercept=-57.376359 (0.417s) [OMP=0.334 ISP-L=0.009 ISP-F=0.027 MW-L=0.027 MW-F=0.019]
  Mini-Benders[3] (mw): LB=12.227469, Z₀(α*)=-14.251201, intercept=-57.376359 (0.416s) [OMP=0.327 ISP-L=0.010 ISP-F=0.027 MW-L=0.028 MW-F=0.019]
  Mini-Benders[4] (mw): LB=12.227469, Z₀(α*)=-14.251201, intercept=-57.376359 (0.417s) [OMP=0.332 ISP-L=0.009 ISP-F=0.027 MW-L=0.027 MW-F=0.019]
  Mini-Benders[5]: LB stagnated, break
  α-step: Z₀=23.098492, α=[0.000,0.000,0.000,0.000,0.000,0.000,0.000,0.000,0.000,0.000,0.000,0.000,0.000,0.000,0.000,0.000,0.000,0.000,0.000,0.000,0.000,0.000,0.000,0.000,0.000,0.000,0.000,0.000,0.000,0.000,0.000,0.000,0.000,0.000,0.000,0.000,0.000,0.000,0.000,0.000,0.000,0.000,0.000,0.000,0.000,0.000,0.000,0.000,0.000,0.000,0.000,0.000,0.000,0.000,0.000,0.000,0.000,0.000,0.000,0.000,0.000,0.000,0.000,0.000,0.000,0.000,0.000,0.000,0.000,0.000,0.000,0.000,10.443,0.000,0.000,0.000]
  Alt-Benders[1] (mw): LB=12.306524, Z₀(α*)=-13.074805, intercept=-147.420278 (0.395s) [OMP=0.316 ISP-L=0.009 ISP-F=0.026 MW-L=0.021 MW-F=0.025]
  Alt-Benders[2] (mw): LB=12.306524, Z₀(α*)=-13.074805, intercept=-147.420278 (0.387s) [OMP=0.306 ISP-L=0.009 ISP-F=0.027 MW-L=0.021 MW-F=0.024]
  Alt-Benders[3] (mw): LB=12.306524, Z₀(α*)=-13.074805, intercept=-147.420278 (0.388s) [OMP=0.307 ISP-L=0.009 ISP-F=0.026 MW-L=0.021 MW-F=0.024]
  Alt-Benders[4]: LB stagnated, break
  OMP re-solve: 0.000s

=== True-DRO Benders iter 13 ===
  OMP: t₀=12.306524, UB=21.733817, gap=4.34e-01, x=[0, 0, 0, 0, 0, 0, 0, 0, 0, 0, 0, 0, 0, 0, 0, 0, 0, 0, 0, 0, 0, 0, 0, 0, 0, 0, 0, 0, 0, 0, 0, 0, 0, 0, 0, 0, 0, 0, 0, 0, 0, 0, 0, 0, 0, 0, 0, 0, 0, 0, 0, 0, 0, 1, 0, 0, 0, 0, 0, 0, 0, 1, 0, 0, 0, 0, 0, 0, 0, 0, 0, 0, 0, 0, 0, 0] (0.000s)
  Sub: Z₀=22.827893 [LOCAL] (0.4s), α=[0.000,0.000,0.000,0.000,0.000,0.000,0.000,0.000,0.000,0.000,0.000,0.000,0.000,0.000,0.000,0.000,0.000,0.000,0.000,0.000,0.000,0.000,0.000,0.000,0.000,0.000,0.000,0.000,0.000,0.000,0.000,0.000,0.000,0.000,0.000,0.000,0.000,0.000,0.000,0.000,0.000,0.000,0.000,0.000,0.000,0.000,0.000,0.000,0.000,0.000,1.741,0.000,0.000,6.531,0.000,0.000,0.000,0.000,0.000,0.000,0.000,0.671,0.000,0.000,0.000,0.000,0.000,0.000,0.000,0.000,0.000,0.000,1.499,0.000,0.000,0.000]
  Iter 13: LB=12.306524  UB=21.733817  gap=4.34e-01
  Cut: intercept=-1088.974670, π_x_range=[-826.2659, 564.7754]
  Mini-Benders[1] (mw): LB=12.799989, Z₀(α*)=-51.496716, intercept=-51.996912 (0.341s) [OMP=0.259 ISP-L=0.008 ISP-F=0.024 MW-L=0.027 MW-F=0.019]
  Mini-Benders[2] (mw): LB=12.799989, Z₀(α*)=-51.496716, intercept=-51.996912 (0.354s) [OMP=0.273 ISP-L=0.008 ISP-F=0.024 MW-L=0.027 MW-F=0.019]
  Mini-Benders[3] (mw): LB=12.799989, Z₀(α*)=-51.496716, intercept=-51.996912 (0.357s) [OMP=0.274 ISP-L=0.008 ISP-F=0.024 MW-L=0.028 MW-F=0.022]
  Mini-Benders[4]: LB stagnated, break
  α-step: Z₀=20.743167, α=[0.000,0.000,0.000,0.000,0.000,0.000,0.000,0.000,0.000,0.000,0.000,0.000,0.000,0.000,0.000,0.000,0.000,0.000,0.000,0.000,0.000,0.000,0.000,0.000,0.000,0.000,0.000,0.000,0.000,0.000,0.000,0.000,0.000,0.000,0.000,0.000,0.000,0.000,0.000,0.000,0.000,0.000,0.000,0.000,0.000,0.000,0.000,0.000,0.000,0.000,0.000,0.000,0.000,0.000,0.000,0.000,0.000,0.000,0.000,0.000,0.000,0.000,0.000,0.000,0.000,0.000,0.000,0.000,0.000,0.000,0.000,0.000,10.443,0.000,0.000,0.000]
  Alt-Benders[1] (mw): LB=12.865037, Z₀(α*)=22.973121, intercept=-56.249143 (0.395s) [OMP=0.324 ISP-L=0.009 ISP-F=0.026 MW-L=0.021 MW-F=0.022]
  Alt-Benders[2] (mw): LB=12.865037, Z₀(α*)=22.973121, intercept=-44.524257 (0.416s) [OMP=0.334 ISP-L=0.008 ISP-F=0.027 MW-L=0.021 MW-F=0.024]
  Alt-Benders[3] (mw): LB=12.867592, Z₀(α*)=19.699578, intercept=-83.826889 (0.400s) [OMP=0.321 ISP-L=0.006 ISP-F=0.023 MW-L=0.026 MW-F=0.018]
  Alt-Benders[4] (mw): LB=12.920405, Z₀(α*)=-3.145570, intercept=-68.587614 (0.354s) [OMP=0.279 ISP-L=0.009 ISP-F=0.022 MW-L=0.027 MW-F=0.019]
  Alt-Benders[5] (mw): LB=12.920405, Z₀(α*)=-3.145570, intercept=-68.587614 (0.401s) [OMP=0.314 ISP-L=0.009 ISP-F=0.023 MW-L=0.026 MW-F=0.020]
  OMP re-solve: 0.314s

=== True-DRO Benders iter 14 ===
  OMP: t₀=12.920405, UB=21.733817, gap=4.06e-01, x=[0, 0, 0, 0, 0, 0, 0, 0, 0, 0, 0, 0, 0, 0, 0, 0, 0, 0, 0, 0, 0, 0, 0, 0, 0, 0, 0, 0, 0, 0, 0, 0, 0, 0, 1, 0, 0, 0, 0, 0, 0, 0, 0, 0, 0, 0, 0, 0, 0, 0, 0, 0, 0, 0, 0, 0, 0, 0, 0, 0, 1, 0, 0, 0, 0, 0, 0, 0, 0, 0, 0, 0, 0, 0, 0, 0] (0.000s)
  Sub: Z₀=21.814922 [LOCAL] (0.4s), α=[0.000,0.000,0.000,0.000,0.000,0.000,0.000,0.000,0.000,0.000,0.000,0.000,0.000,0.000,0.000,0.000,0.000,0.000,0.000,0.000,0.000,0.000,0.000,0.000,0.000,0.000,0.000,0.000,0.000,0.000,0.000,0.000,0.000,0.000,7.997,0.000,0.000,0.000,0.000,0.000,0.000,0.000,0.000,0.000,0.000,0.000,0.000,0.000,0.000,0.000,0.000,0.000,0.000,0.000,0.000,0.000,0.000,0.000,0.000,0.000,0.000,0.000,0.000,0.000,0.000,0.000,0.000,0.000,0.000,0.000,0.000,0.000,2.446,0.000,0.000,0.000]
  Iter 14: LB=12.920405  UB=21.733817  gap=4.06e-01
  Cut: intercept=-1145.308080, π_x_range=[-825.4300, 587.2256]
  Mini-Benders[1] (mw): LB=12.947892, Z₀(α*)=-13.231603, intercept=-24.597079 (0.385s) [OMP=0.300 ISP-L=0.009 ISP-F=0.024 MW-L=0.022 MW-F=0.025]
  Mini-Benders[2] (mw): LB=12.947892, Z₀(α*)=-13.231603, intercept=-24.597079 (0.354s) [OMP=0.274 ISP-L=0.009 ISP-F=0.024 MW-L=0.022 MW-F=0.024]
  Mini-Benders[3] (mw): LB=12.947892, Z₀(α*)=-13.231603, intercept=-24.597079 (0.356s) [OMP=0.271 ISP-L=0.009 ISP-F=0.024 MW-L=0.022 MW-F=0.024]
  Mini-Benders[4]: LB stagnated, break
  α-step: Z₀=23.592493, α=[0.000,0.000,0.000,0.000,0.000,0.000,0.000,0.000,0.000,0.000,0.000,0.000,0.000,0.000,0.000,0.000,0.000,0.000,0.000,0.000,0.000,0.000,0.000,0.000,0.000,0.000,0.000,0.000,0.000,0.000,0.000,0.000,0.000,0.000,0.000,0.000,0.000,0.000,0.000,0.000,0.000,0.000,0.000,0.000,0.000,0.000,0.000,0.000,0.000,0.000,0.000,0.000,0.000,0.000,0.000,0.000,0.000,0.000,0.000,0.000,0.000,0.000,0.000,0.000,0.000,0.000,0.000,0.000,0.000,0.000,0.000,0.000,10.443,0.000,0.000,0.000]
  Alt-Benders[1] (mw): LB=12.947892, Z₀(α*)=25.024202, intercept=-24.322795 (0.430s) [OMP=0.349 ISP-L=0.009 ISP-F=0.026 MW-L=0.026 MW-F=0.018]
  Alt-Benders[2] (mw): LB=12.947892, Z₀(α*)=4.371174, intercept=-58.967741 (0.432s) [OMP=0.360 ISP-L=0.009 ISP-F=0.026 MW-L=0.028 MW-F=0.020]
  Alt-Benders[3] (mw): LB=12.947892, Z₀(α*)=4.371174, intercept=-58.967741 (0.385s) [OMP=0.281 ISP-L=0.009 ISP-F=0.026 MW-L=0.029 MW-F=0.023]
  Alt-Benders[4]: LB stagnated, break
  OMP re-solve: 0.000s

=== True-DRO Benders iter 15 ===
  OMP: t₀=12.947892, UB=21.733817, gap=4.04e-01, x=[0, 0, 0, 0, 0, 0, 0, 0, 0, 0, 0, 0, 0, 0, 0, 0, 0, 0, 0, 0, 0, 0, 0, 0, 0, 0, 0, 0, 0, 0, 0, 0, 0, 0, 0, 0, 0, 0, 0, 0, 0, 0, 0, 0, 0, 0, 0, 0, 0, 0, 0, 0, 0, 1, 0, 0, 0, 0, 0, 0, 0, 0, 0, 0, 0, 0, 0, 0, 0, 0, 0, 0, 1, 0, 0, 0] (0.000s)
  Sub: Z₀=23.954443 [TIME_LIMIT] (15.1s), α=[0.000,0.000,0.000,0.000,0.000,0.000,0.000,0.000,0.000,0.000,0.000,0.000,0.000,0.000,0.000,0.000,0.000,0.000,0.000,0.000,0.000,0.000,0.000,0.000,0.000,0.000,0.000,0.000,0.000,0.000,0.000,0.000,0.000,0.000,3.274,0.000,0.000,0.000,0.000,0.000,0.000,0.000,0.000,0.000,0.000,0.000,0.000,0.000,0.000,0.000,0.795,0.000,0.000,0.400,0.000,0.000,0.000,0.000,0.000,0.000,0.000,0.000,0.000,0.000,0.000,0.000,0.000,0.000,0.000,0.000,0.000,0.686,5.288,0.000,0.000,0.000]
  Iter 15: LB=12.947892  UB=21.733817  gap=4.04e-01
  Cut: intercept=-58.916199, π_x_range=[-253.0000, 63.8513]
  Mini-Benders[1] (mw): LB=12.947892, Z₀(α*)=2.391976, intercept=-24.441431 (0.447s) [OMP=0.373 ISP-L=0.009 ISP-F=0.025 MW-L=0.020 MW-F=0.023]
  Mini-Benders[2] (mw): LB=12.947892, Z₀(α*)=2.391976, intercept=-24.441431 (0.448s) [OMP=0.359 ISP-L=0.009 ISP-F=0.025 MW-L=0.021 MW-F=0.024]
  Mini-Benders[3]: LB stagnated, break
  α-step: Z₀=24.009478, α=[0.000,0.000,0.000,0.000,0.000,0.000,0.000,0.000,0.000,0.000,0.000,0.000,0.000,0.000,0.000,0.000,0.000,0.000,0.000,0.000,0.000,0.000,0.000,0.000,0.000,0.000,0.000,0.000,0.000,0.000,0.000,0.000,0.000,0.000,0.000,0.000,0.000,0.000,0.000,0.000,0.000,0.000,0.000,0.000,0.000,0.000,0.000,0.000,0.000,0.000,0.000,0.000,0.000,0.000,0.000,0.000,0.000,0.000,0.000,0.000,0.000,0.000,0.000,0.000,0.000,0.000,0.000,0.000,0.000,0.000,0.000,0.000,10.443,0.000,0.000,0.000]
  Alt-Benders[1] (mw): LB=12.947892, Z₀(α*)=23.734761, intercept=-59.477283 (0.448s) [OMP=0.359 ISP-L=0.008 ISP-F=0.024 MW-L=0.027 MW-F=0.019]
  Alt-Benders[2] (mw): LB=12.947892, Z₀(α*)=24.921533, intercept=-23.595797 (0.432s) [OMP=0.353 ISP-L=0.009 ISP-F=0.028 MW-L=0.023 MW-F=0.019]
  Alt-Benders[3]: LB stagnated, break
  OMP re-solve: 0.000s

=== True-DRO Benders iter 16 ===
  OMP: t₀=12.947892, UB=21.733817, gap=4.04e-01, x=[0, 0, 0, 0, 0, 1, 0, 0, 0, 0, 0, 0, 0, 0, 0, 0, 0, 0, 0, 0, 0, 0, 0, 0, 0, 0, 0, 0, 0, 0, 0, 0, 0, 0, 0, 0, 0, 0, 0, 0, 0, 0, 0, 0, 0, 0, 0, 0, 0, 0, 0, 0, 0, 0, 0, 0, 0, 0, 0, 0, 0, 0, 0, 0, 0, 0, 0, 0, 0, 0, 0, 0, 1, 0, 0, 0] (0.000s)
  Sub: Z₀=25.024197 [LOCAL] (0.4s), α=[0.000,0.000,0.000,0.000,0.000,0.000,0.000,0.000,0.000,0.000,0.000,0.000,0.000,0.000,0.000,0.000,0.000,0.000,0.000,0.000,0.000,0.000,0.000,0.000,0.000,0.000,0.000,0.000,0.000,0.000,0.000,0.000,0.000,0.000,0.000,0.000,0.000,0.000,0.000,0.000,0.000,0.000,0.000,0.000,0.000,0.000,0.000,0.000,0.000,0.000,0.000,0.000,0.000,0.000,0.000,0.000,0.000,0.000,0.000,0.000,0.000,0.000,0.000,0.000,0.000,0.000,0.000,0.000,0.000,0.000,0.000,0.000,10.443,0.000,0.000,0.000]
  Iter 16: LB=12.947892  UB=21.733817  gap=4.04e-01
  Cut: intercept=-1131.732393, π_x_range=[-826.9109, 585.1437]
  Mini-Benders[1] (mw): LB=12.947892, Z₀(α*)=25.024202, intercept=-24.322799 (0.433s) [OMP=0.353 ISP-L=0.009 ISP-F=0.024 MW-L=0.022 MW-F=0.024]
  Mini-Benders[2] (mw): LB=12.947892, Z₀(α*)=24.921533, intercept=-36.091629 (0.400s) [OMP=0.324 ISP-L=0.009 ISP-F=0.029 MW-L=0.022 MW-F=0.022]
  Mini-Benders[3]: LB stagnated, break
  α-step: Z₀=24.516211, α=[0.000,0.000,0.000,0.000,0.000,0.000,0.000,0.000,0.000,0.000,0.000,0.000,0.000,0.000,0.000,0.000,0.156,0.000,0.000,0.000,0.000,0.000,0.000,0.000,0.000,0.000,0.000,0.000,0.000,0.000,0.000,0.000,0.000,0.000,0.000,0.000,0.000,0.000,0.000,0.000,0.000,0.000,0.000,0.000,0.000,0.000,0.000,0.000,0.000,0.000,0.000,0.000,0.000,0.000,0.000,0.000,0.000,0.000,0.000,0.000,0.000,0.000,0.000,0.000,0.000,0.000,0.000,0.000,0.000,0.000,0.000,0.000,10.287,0.000,0.000,0.000]
  Alt-Benders[1] (mw): LB=12.947892, Z₀(α*)=24.261375, intercept=-39.980770 (0.373s) [OMP=0.312 ISP-L=0.008 ISP-F=0.023 MW-L=0.024 MW-F=0.018]
  Alt-Benders[2] (mw): LB=12.947892, Z₀(α*)=24.593886, intercept=-19.623713 (0.448s) [OMP=0.362 ISP-L=0.008 ISP-F=0.026 MW-L=0.028 MW-F=0.016]
  Alt-Benders[3]: LB stagnated, break
  OMP re-solve: 0.000s

=== True-DRO Benders iter 17 ===
  OMP: t₀=12.947892, UB=21.733817, gap=4.04e-01, x=[0, 0, 0, 0, 0, 0, 0, 0, 0, 0, 0, 0, 0, 0, 0, 0, 0, 0, 0, 0, 0, 0, 0, 0, 0, 0, 0, 0, 0, 0, 0, 0, 0, 0, 0, 0, 0, 0, 0, 0, 0, 0, 0, 0, 0, 0, 0, 0, 0, 0, 1, 0, 0, 0, 0, 0, 0, 0, 0, 0, 0, 0, 0, 0, 0, 0, 0, 0, 0, 0, 0, 0, 1, 0, 0, 0] (0.000s)
  Sub: Z₀=24.029417 [LOCAL] (0.4s), α=[0.000,0.000,0.000,0.000,0.000,0.000,0.000,0.000,0.000,0.000,0.000,0.000,0.000,0.000,0.000,0.000,0.000,0.000,0.000,0.000,0.000,0.000,0.000,0.000,0.000,0.000,0.000,0.000,0.000,0.000,0.000,0.000,0.000,0.000,0.000,0.000,0.000,0.000,0.000,0.000,0.000,0.000,0.000,0.000,0.000,0.000,0.000,0.000,0.000,0.000,0.000,0.000,0.000,0.000,0.000,0.000,0.000,0.000,0.000,0.000,0.000,0.000,0.000,0.000,0.000,0.000,0.000,0.000,0.000,0.000,0.000,0.000,10.443,0.000,0.000,0.000]
  Iter 17: LB=12.947892  UB=21.733817  gap=4.04e-01
  Cut: intercept=-1155.628065, π_x_range=[-826.5536, 600.1481]
  Mini-Benders[1] (mw): LB=13.047787, Z₀(α*)=-0.464212, intercept=-115.270986 (0.372s) [OMP=0.287 ISP-L=0.008 ISP-F=0.026 MW-L=0.026 MW-F=0.022]
  Mini-Benders[2] (mw): LB=13.047787, Z₀(α*)=-0.464212, intercept=-115.270986 (0.357s) [OMP=0.263 ISP-L=0.008 ISP-F=0.025 MW-L=0.021 MW-F=0.024]
  Mini-Benders[3] (mw): LB=13.047787, Z₀(α*)=-0.464212, intercept=-115.270986 (0.338s) [OMP=0.265 ISP-L=0.008 ISP-F=0.025 MW-L=0.021 MW-F=0.023]
  Mini-Benders[4]: LB stagnated, break
  α-step: Z₀=23.994118, α=[0.000,7.483,0.000,0.000,0.000,0.000,0.000,0.514,0.000,0.000,0.000,0.000,0.000,0.000,0.000,0.000,0.000,0.000,0.000,0.000,0.000,0.000,0.000,0.000,0.000,0.000,0.000,0.000,0.000,0.000,0.000,0.000,0.000,0.000,0.000,0.000,0.000,0.000,0.000,0.000,0.000,0.000,0.000,0.000,0.000,0.000,0.000,0.000,0.000,0.000,0.000,0.000,0.000,0.000,0.000,0.000,0.000,0.000,0.000,0.000,0.000,0.000,0.000,0.000,0.000,0.000,0.000,0.000,0.000,0.000,0.000,0.000,2.446,0.000,0.000,0.000]
  Alt-Benders[1] (mw): LB=13.057825, Z₀(α*)=-16.676473, intercept=-66.269221 (0.335s) [OMP=0.265 ISP-L=0.008 ISP-F=0.027 MW-L=0.022 MW-F=0.025]
  Alt-Benders[2] (mw): LB=13.057825, Z₀(α*)=-16.676473, intercept=-66.269221 (0.401s) [OMP=0.318 ISP-L=0.008 ISP-F=0.027 MW-L=0.027 MW-F=0.020]
  Alt-Benders[3] (mw): LB=13.057825, Z₀(α*)=-16.676473, intercept=-66.269221 (0.401s) [OMP=0.308 ISP-L=0.007 ISP-F=0.027 MW-L=0.026 MW-F=0.020]
  Alt-Benders[4]: LB stagnated, break
  OMP re-solve: 0.000s

=== True-DRO Benders iter 18 ===
  OMP: t₀=13.057825, UB=21.733817, gap=3.99e-01, x=[0, 0, 0, 0, 0, 0, 0, 0, 0, 0, 0, 0, 0, 0, 0, 0, 0, 0, 0, 0, 1, 0, 0, 0, 0, 0, 0, 0, 0, 0, 0, 0, 0, 0, 0, 0, 0, 0, 0, 0, 0, 0, 0, 0, 0, 0, 0, 0, 0, 0, 0, 1, 0, 0, 0, 0, 0, 0, 0, 0, 0, 0, 0, 0, 0, 0, 0, 0, 0, 0, 0, 0, 0, 0, 0, 0] (0.000s)
  Sub: Z₀=24.655769 [LOCAL] (0.4s), α=[0.000,0.000,0.000,0.000,0.000,0.000,0.000,0.000,0.000,0.000,0.000,0.000,0.000,0.000,0.000,0.000,0.000,0.000,0.000,0.000,0.000,0.000,0.000,0.000,0.000,0.000,0.000,0.000,0.000,0.000,0.000,0.000,0.000,0.000,5.783,0.000,0.000,0.000,0.000,0.000,0.000,0.000,0.000,0.000,0.000,0.000,0.000,0.000,0.000,0.000,1.160,2.061,0.000,0.000,0.000,0.000,0.000,0.000,0.000,0.000,0.000,0.000,0.000,0.000,0.000,0.000,0.000,0.000,0.000,0.000,0.000,0.057,1.382,0.000,0.000,0.000]
  Iter 18: LB=13.057825  UB=21.733817  gap=3.99e-01
  Cut: intercept=-1119.325306, π_x_range=[-824.3766, 588.1103]
  Mini-Benders[1] (mw): LB=13.089621, Z₀(α*)=14.496178, intercept=-48.305856 (0.431s) [OMP=0.339 ISP-L=0.008 ISP-F=0.027 MW-L=0.024 MW-F=0.021]
  Mini-Benders[2] (mw): LB=13.171053, Z₀(α*)=-25.498604, intercept=-24.926687 (0.448s) [OMP=0.365 ISP-L=0.009 ISP-F=0.026 MW-L=0.020 MW-F=0.023]
  Mini-Benders[3] (mw): LB=13.171053, Z₀(α*)=-25.498604, intercept=-24.926687 (0.447s) [OMP=0.365 ISP-L=0.009 ISP-F=0.026 MW-L=0.020 MW-F=0.024]
  Mini-Benders[4] (mw): LB=13.171053, Z₀(α*)=-25.498604, intercept=-24.926687 (0.447s) [OMP=0.365 ISP-L=0.009 ISP-F=0.026 MW-L=0.020 MW-F=0.023]
  Mini-Benders[5]: LB stagnated, break
  α-step: Z₀=23.592493, α=[0.000,0.000,0.000,0.000,0.000,0.000,0.000,0.000,0.000,0.000,0.000,0.000,0.000,0.000,0.000,0.000,0.000,0.000,0.000,0.000,0.000,0.000,0.000,0.000,0.000,0.000,0.000,0.000,0.000,0.000,0.000,0.000,0.000,0.000,0.000,0.000,0.000,0.000,0.000,0.000,0.000,0.000,0.000,0.000,0.000,0.000,0.000,0.000,0.000,0.000,0.000,0.000,0.000,0.000,0.000,0.000,0.000,0.000,0.000,0.000,0.000,0.000,0.000,0.000,0.000,0.000,0.000,0.000,0.000,0.000,0.000,0.000,10.443,0.000,0.000,0.000]
  Alt-Benders[1] (mw): LB=13.391177, Z₀(α*)=-7.174626, intercept=-97.783699 (0.411s) [OMP=0.329 ISP-L=0.009 ISP-F=0.027 MW-L=0.027 MW-F=0.019]
  Alt-Benders[2] (mw): LB=13.391177, Z₀(α*)=-7.174626, intercept=-97.783699 (0.386s) [OMP=0.305 ISP-L=0.008 ISP-F=0.027 MW-L=0.030 MW-F=0.019]
  Alt-Benders[3] (mw): LB=13.391177, Z₀(α*)=-7.174626, intercept=-97.783699 (0.388s) [OMP=0.300 ISP-L=0.009 ISP-F=0.027 MW-L=0.027 MW-F=0.023]
  Alt-Benders[4]: LB stagnated, break
  OMP re-solve: 0.000s

=== True-DRO Benders iter 19 ===
  OMP: t₀=13.391177, UB=21.733817, gap=3.84e-01, x=[0, 1, 0, 0, 0, 0, 0, 0, 0, 0, 0, 0, 0, 0, 0, 0, 0, 0, 0, 0, 0, 0, 0, 0, 0, 0, 0, 0, 0, 0, 0, 0, 0, 0, 0, 0, 0, 0, 0, 0, 0, 0, 0, 0, 0, 0, 0, 0, 0, 0, 0, 0, 0, 1, 0, 0, 0, 0, 0, 0, 0, 0, 0, 0, 0, 0, 0, 0, 0, 0, 0, 0, 0, 0, 0, 0] (0.000s)
  Sub: Z₀=23.888319 [LOCAL] (0.4s), α=[0.000,0.000,0.000,0.000,0.000,0.000,0.000,0.000,0.000,0.000,0.000,0.000,0.000,0.000,0.000,0.000,0.000,0.000,0.000,0.000,0.000,0.000,0.000,0.000,0.000,0.000,0.000,0.000,0.000,0.000,0.000,0.000,0.000,0.000,1.585,0.000,0.000,0.000,0.000,0.000,0.000,0.000,0.000,0.000,0.000,0.000,0.000,0.000,0.000,0.000,1.784,0.000,0.000,6.032,0.000,0.000,0.000,0.000,0.000,0.000,0.000,0.000,0.000,0.000,0.000,0.000,0.000,0.000,0.000,0.000,0.000,0.000,1.042,0.000,0.000,0.000]
  Iter 19: LB=13.391177  UB=21.733817  gap=3.84e-01
  Cut: intercept=-1087.507984, π_x_range=[-825.7550, 558.0375]
  Mini-Benders[1] (mw): LB=13.571854, Z₀(α*)=-0.092787, intercept=-81.054738 (0.403s) [OMP=0.317 ISP-L=0.008 ISP-F=0.029 MW-L=0.021 MW-F=0.024]
  Mini-Benders[2] (mw): LB=13.571854, Z₀(α*)=-0.092787, intercept=-81.054738 (0.370s) [OMP=0.290 ISP-L=0.008 ISP-F=0.029 MW-L=0.021 MW-F=0.023]
  Mini-Benders[3] (mw): LB=13.571854, Z₀(α*)=-0.092787, intercept=-81.054738 (0.369s) [OMP=0.281 ISP-L=0.008 ISP-F=0.029 MW-L=0.026 MW-F=0.018]
  Mini-Benders[4]: LB stagnated, break
  α-step: Z₀=21.807006, α=[0.000,0.000,0.000,0.000,0.000,0.000,0.000,0.000,0.000,0.000,0.000,0.000,0.000,0.000,0.000,0.000,0.000,0.000,0.000,0.000,0.000,0.000,0.000,0.000,0.000,0.000,0.000,0.000,0.000,0.000,0.000,0.000,0.000,0.000,4.645,0.000,0.000,0.000,0.000,0.000,0.000,0.000,0.000,0.000,0.000,0.000,0.000,0.000,0.000,0.000,3.741,0.000,0.000,0.000,0.000,0.000,0.000,0.000,0.000,0.000,0.000,0.000,0.000,0.000,0.000,0.000,0.000,0.000,0.000,0.000,0.000,2.056,0.000,0.000,0.000,0.000]
  Alt-Benders[1] (mw): LB=13.653375, Z₀(α*)=-50.059180, intercept=-107.458533 (0.412s) [OMP=0.333 ISP-L=0.008 ISP-F=0.025 MW-L=0.031 MW-F=0.022]
  Alt-Benders[2] (mw): LB=13.653375, Z₀(α*)=-50.059180, intercept=-107.458533 (0.370s) [OMP=0.281 ISP-L=0.008 ISP-F=0.024 MW-L=0.029 MW-F=0.026]
  Alt-Benders[3] (mw): LB=13.653375, Z₀(α*)=-50.059180, intercept=-107.458533 (0.372s) [OMP=0.280 ISP-L=0.008 ISP-F=0.024 MW-L=0.023 MW-F=0.028]
  Alt-Benders[4]: LB stagnated, break
  OMP re-solve: 0.000s

=== True-DRO Benders iter 20 ===
  OMP: t₀=13.653375, UB=21.733817, gap=3.72e-01, x=[0, 0, 0, 0, 0, 0, 0, 0, 0, 0, 0, 0, 0, 0, 0, 0, 0, 0, 0, 0, 0, 0, 0, 0, 0, 0, 0, 0, 0, 0, 0, 0, 0, 0, 0, 0, 0, 0, 0, 0, 0, 0, 0, 0, 0, 0, 0, 0, 0, 0, 0, 0, 0, 0, 0, 0, 0, 0, 0, 0, 0, 0, 0, 0, 0, 0, 1, 0, 0, 0, 0, 1, 0, 0, 0, 0] (0.000s)
  Sub: Z₀=21.723817 (2.1s), α=[0.000,0.000,0.000,0.000,0.000,0.000,0.000,0.000,0.000,0.000,0.000,0.000,0.000,0.000,0.000,0.000,0.000,0.000,0.000,0.000,0.000,0.000,0.000,0.000,0.000,0.000,0.000,0.000,0.000,0.000,0.000,0.000,0.000,0.000,0.000,0.000,0.000,0.000,0.000,0.000,0.000,0.000,0.000,0.000,0.000,0.000,0.000,0.000,0.000,0.000,0.000,0.000,0.000,0.000,0.000,0.000,0.000,0.000,0.000,0.000,0.000,0.000,0.000,0.000,0.000,0.000,0.000,0.000,0.000,0.000,0.000,7.186,3.257,0.000,0.000,0.000]
  Iter 20: LB=13.653375  UB=21.723817  gap=3.72e-01
  Cut: intercept=-190.262053, π_x_range=[-260.0000, 112.7277]
  Sherali-Cut: intercept=-102.679584, π_x_range=[-101.1894, 107.5177]
  Mini-Benders[1] (mw): LB=13.689777, Z₀(α*)=21.414305, intercept=-76.140115 (0.390s) [OMP=0.310 ISP-L=0.008 ISP-F=0.024 MW-L=0.028 MW-F=0.018]
  Mini-Benders[2] (mw): LB=13.700750, Z₀(α*)=-23.824435, intercept=-158.787019 (0.464s) [OMP=0.385 ISP-L=0.008 ISP-F=0.025 MW-L=0.029 MW-F=0.021]
  Mini-Benders[3] (mw): LB=13.700750, Z₀(α*)=-23.824435, intercept=-158.787019 (0.401s) [OMP=0.305 ISP-L=0.008 ISP-F=0.025 MW-L=0.029 MW-F=0.024]
  Mini-Benders[4] (mw): LB=13.700750, Z₀(α*)=-23.824435, intercept=-158.787019 (0.387s) [OMP=0.306 ISP-L=0.008 ISP-F=0.025 MW-L=0.023 MW-F=0.025]
  Mini-Benders[5]: LB stagnated, break
  α-step: Z₀=24.473024, α=[0.000,0.000,0.000,0.000,0.000,0.000,0.000,0.000,0.000,0.000,0.000,0.000,0.000,0.000,0.000,0.000,0.000,0.000,0.000,0.000,0.000,0.000,0.000,0.000,0.000,0.000,0.000,0.000,0.000,0.000,0.000,0.000,0.000,0.000,0.000,0.000,0.000,0.000,0.000,0.000,0.000,0.000,0.000,0.000,0.000,0.000,0.000,0.000,0.000,0.000,1.940,3.866,0.000,0.000,0.000,0.000,0.000,0.000,0.000,0.000,0.000,0.671,0.000,0.000,0.000,0.000,0.000,0.000,0.000,0.000,0.000,0.000,3.966,0.000,0.000,0.000]
  Alt-Benders[1] (mw): LB=13.876123, Z₀(α*)=13.644400, intercept=-99.560858 (0.453s) [OMP=0.366 ISP-L=0.009 ISP-F=0.029 MW-L=0.021 MW-F=0.024]
  Alt-Benders[2] (mw): LB=13.876123, Z₀(α*)=13.644400, intercept=-99.560858 (0.386s) [OMP=0.300 ISP-L=0.009 ISP-F=0.029 MW-L=0.026 MW-F=0.018]
  Alt-Benders[3] (mw): LB=13.876123, Z₀(α*)=13.644400, intercept=-99.560858 (0.385s) [OMP=0.297 ISP-L=0.009 ISP-F=0.029 MW-L=0.026 MW-F=0.019]
  Alt-Benders[4]: LB stagnated, break
  OMP re-solve: 0.000s

=== True-DRO Benders iter 21 ===
  OMP: t₀=13.876123, UB=21.723817, gap=3.61e-01, x=[0, 1, 0, 0, 0, 0, 0, 0, 0, 0, 0, 0, 0, 0, 0, 0, 0, 0, 0, 0, 0, 0, 0, 0, 0, 0, 0, 0, 0, 0, 0, 0, 0, 0, 0, 0, 0, 0, 0, 0, 0, 0, 0, 0, 0, 0, 0, 0, 0, 0, 0, 1, 0, 0, 0, 0, 0, 0, 0, 0, 0, 0, 0, 0, 0, 0, 0, 0, 0, 0, 0, 0, 0, 0, 0, 0] (0.000s)
  Sub: Z₀=24.239059 [LOCAL] (0.4s), α=[0.000,0.000,0.000,0.000,0.000,0.000,0.000,0.000,0.000,0.000,0.000,0.000,0.000,0.000,0.000,0.000,0.000,0.000,0.000,0.000,0.000,0.000,0.000,0.000,0.000,0.000,0.000,0.000,0.000,0.000,0.000,0.000,0.000,0.000,3.112,0.000,0.000,0.000,0.000,0.000,0.000,0.000,0.000,0.000,0.000,0.000,0.000,0.000,0.000,0.000,2.189,5.079,0.000,0.000,0.000,0.000,0.000,0.000,0.000,0.000,0.000,0.000,0.000,0.000,0.000,0.000,0.000,0.000,0.000,0.000,0.000,0.000,0.063,0.000,0.000,0.000]
  Iter 21: LB=13.876123  UB=21.723817  gap=3.61e-01
  Cut: intercept=-1087.996535, π_x_range=[-824.3969, 563.5362]
  Mini-Benders[1] (mw): LB=14.050390, Z₀(α*)=24.359786, intercept=-50.723845 (0.480s) [OMP=0.399 ISP-L=0.009 ISP-F=0.027 MW-L=0.029 MW-F=0.018]
  Mini-Benders[2] (mw): LB=14.132097, Z₀(α*)=21.319568, intercept=-128.588931 (0.479s) [OMP=0.385 ISP-L=0.009 ISP-F=0.033 MW-L=0.028 MW-F=0.022]
  Mini-Benders[3] (mw): LB=14.190847, Z₀(α*)=-3.549387, intercept=-33.801600 (0.417s) [OMP=0.344 ISP-L=0.009 ISP-F=0.027 MW-L=0.021 MW-F=0.023]
  Mini-Benders[4] (mw): LB=14.190847, Z₀(α*)=-3.549387, intercept=-33.801600 (0.401s) [OMP=0.313 ISP-L=0.009 ISP-F=0.026 MW-L=0.020 MW-F=0.023]
  Mini-Benders[5] (mw): LB=14.190847, Z₀(α*)=-3.549387, intercept=-33.801600 (0.385s) [OMP=0.309 ISP-L=0.009 ISP-F=0.027 MW-L=0.020 MW-F=0.023]
  α-step: Z₀=23.015881, α=[0.000,0.000,0.000,0.000,0.000,0.000,0.000,0.000,0.000,0.000,0.000,0.000,0.000,0.000,0.000,0.000,0.000,0.000,0.000,0.000,0.000,0.000,0.000,0.000,0.000,0.000,0.000,0.000,0.000,0.000,0.000,0.000,0.000,0.000,2.589,0.000,0.000,0.000,0.000,0.000,0.000,0.000,0.000,0.000,0.000,0.000,0.000,0.000,0.000,0.000,2.532,0.000,0.000,5.048,0.000,0.000,0.000,0.000,0.000,0.000,0.000,0.000,0.000,0.000,0.000,0.000,0.000,0.000,0.000,0.000,0.000,0.000,0.275,0.000,0.000,0.000]
  Alt-Benders[1] (mw): LB=14.266341, Z₀(α*)=-11.408809, intercept=-35.079869 (0.464s) [OMP=0.378 ISP-L=0.007 ISP-F=0.026 MW-L=0.027 MW-F=0.018]
  Alt-Benders[2] (mw): LB=14.266341, Z₀(α*)=-11.408809, intercept=-35.079869 (0.385s) [OMP=0.304 ISP-L=0.007 ISP-F=0.026 MW-L=0.027 MW-F=0.018]
  Alt-Benders[3] (mw): LB=14.266341, Z₀(α*)=-11.408809, intercept=-35.079869 (0.386s) [OMP=0.299 ISP-L=0.007 ISP-F=0.025 MW-L=0.027 MW-F=0.021]
  Alt-Benders[4]: LB stagnated, break
  OMP re-solve: 0.000s

=== True-DRO Benders iter 22 ===
  OMP: t₀=14.266341, UB=21.723817, gap=3.43e-01, x=[0, 0, 0, 0, 0, 0, 0, 0, 0, 0, 1, 0, 0, 0, 0, 0, 0, 0, 0, 0, 1, 0, 0, 0, 0, 0, 0, 0, 0, 0, 0, 0, 0, 0, 0, 0, 0, 0, 0, 0, 0, 0, 0, 0, 0, 0, 0, 0, 0, 0, 0, 0, 0, 0, 0, 0, 0, 0, 0, 0, 0, 0, 0, 0, 0, 0, 0, 0, 0, 0, 0, 0, 0, 0, 0, 0] (0.000s)
  Sub: Z₀=27.983055 [LOCAL] (0.4s), α=[0.000,0.000,0.000,0.000,0.000,0.000,0.000,0.000,0.000,0.000,1.920,0.000,0.000,0.000,0.000,0.000,0.180,0.000,0.000,0.000,1.001,0.000,0.000,0.000,0.000,0.000,0.000,0.000,0.000,0.000,0.000,0.000,0.000,0.000,2.589,0.000,0.000,0.000,0.000,0.000,0.000,0.000,0.000,0.000,0.000,0.000,0.000,0.000,0.000,0.000,0.000,0.000,0.000,0.000,0.000,0.000,0.000,0.000,0.000,0.000,0.000,0.000,0.000,0.000,0.000,0.000,0.000,0.000,0.000,0.000,0.000,0.000,4.754,0.000,0.000,0.000]
  Iter 22: LB=14.266341  UB=21.723817  gap=3.43e-01
  Cut: intercept=-1135.341625, π_x_range=[-825.2042, 586.1126]
  Mini-Benders[1] (mw): LB=14.266341, Z₀(α*)=16.485280, intercept=-47.133787 (0.401s) [OMP=0.332 ISP-L=0.009 ISP-F=0.024 MW-L=0.022 MW-F=0.024]
  Mini-Benders[2] (mw): LB=14.269142, Z₀(α*)=-7.557022, intercept=-72.137583 (0.417s) [OMP=0.335 ISP-L=0.007 ISP-F=0.027 MW-L=0.022 MW-F=0.024]
  Mini-Benders[3] (mw): LB=14.269142, Z₀(α*)=-7.557022, intercept=-72.137583 (0.369s) [OMP=0.287 ISP-L=0.008 ISP-F=0.027 MW-L=0.020 MW-F=0.024]
  Mini-Benders[4] (mw): LB=14.269142, Z₀(α*)=-7.557022, intercept=-72.137583 (0.386s) [OMP=0.289 ISP-L=0.008 ISP-F=0.027 MW-L=0.026 MW-F=0.019]
  Mini-Benders[5]: LB stagnated, break
  α-step: Z₀=22.337445, α=[0.000,0.000,0.000,0.000,0.000,0.000,0.000,0.000,0.000,0.000,0.000,0.000,0.000,0.000,0.000,0.000,0.000,0.000,0.000,0.000,0.000,0.000,0.000,0.000,0.000,0.000,0.000,0.000,0.000,0.000,0.000,0.000,0.000,0.000,3.849,0.000,0.000,0.000,0.000,0.000,0.000,0.000,0.000,0.000,0.000,0.000,0.000,0.000,0.000,0.000,2.532,4.062,0.000,0.000,0.000,0.000,0.000,0.000,0.000,0.000,0.000,0.000,0.000,0.000,0.000,0.000,0.000,0.000,0.000,0.000,0.000,0.000,0.000,0.000,0.000,0.000]
  Alt-Benders[1] (mw): LB=14.416492, Z₀(α*)=1.200831, intercept=-32.148451 (0.429s) [OMP=0.353 ISP-L=0.008 ISP-F=0.026 MW-L=0.026 MW-F=0.018]
  Alt-Benders[2] (mw): LB=14.416492, Z₀(α*)=1.200831, intercept=-32.148451 (0.432s) [OMP=0.350 ISP-L=0.008 ISP-F=0.025 MW-L=0.026 MW-F=0.023]
  Alt-Benders[3] (mw): LB=14.416492, Z₀(α*)=1.200831, intercept=-32.148451 (0.433s) [OMP=0.349 ISP-L=0.008 ISP-F=0.026 MW-L=0.020 MW-F=0.023]
  Alt-Benders[4]: LB stagnated, break
  OMP re-solve: 0.000s

=== True-DRO Benders iter 23 ===
  OMP: t₀=14.416492, UB=21.723817, gap=3.36e-01, x=[0, 0, 0, 0, 0, 0, 0, 0, 0, 0, 0, 0, 0, 0, 0, 0, 0, 0, 0, 0, 0, 0, 0, 0, 0, 0, 0, 0, 0, 0, 0, 0, 0, 0, 0, 0, 0, 0, 0, 0, 0, 0, 0, 0, 0, 0, 0, 0, 0, 0, 1, 0, 0, 1, 0, 0, 0, 0, 0, 0, 0, 0, 0, 0, 0, 0, 0, 0, 0, 0, 0, 0, 0, 0, 0, 0] (0.000s)
  Sub: Z₀=23.782609 [LOCAL] (0.4s), α=[0.000,0.000,0.000,0.000,0.000,0.000,0.000,0.000,0.000,0.000,0.000,0.000,0.000,0.000,0.000,0.000,0.000,0.000,0.000,0.000,0.000,0.000,0.000,0.000,0.000,0.000,0.000,0.000,0.000,0.000,0.000,0.000,0.000,0.000,2.589,0.000,0.000,0.000,0.000,0.000,0.000,0.000,0.000,0.000,0.000,0.000,0.000,0.000,0.000,0.000,2.134,0.000,0.000,5.196,0.000,0.524,0.000,0.000,0.000,0.000,0.000,0.000,0.000,0.000,0.000,0.000,0.000,0.000,0.000,0.000,0.000,0.000,0.000,0.000,0.000,0.000]
  Iter 23: LB=14.416492  UB=21.723817  gap=3.36e-01
  Cut: intercept=-1117.481321, π_x_range=[-826.4895, 592.2309]
  Mini-Benders[1] (mw): LB=14.416564, Z₀(α*)=-53.528461, intercept=-40.091513 (0.431s) [OMP=0.351 ISP-L=0.008 ISP-F=0.024 MW-L=0.019 MW-F=0.025]
  Mini-Benders[2] (mw): LB=14.416564, Z₀(α*)=-53.528461, intercept=-40.091513 (0.386s) [OMP=0.303 ISP-L=0.008 ISP-F=0.024 MW-L=0.024 MW-F=0.020]
  Mini-Benders[3] (mw): LB=14.416564, Z₀(α*)=-53.528461, intercept=-40.091513 (0.385s) [OMP=0.299 ISP-L=0.008 ISP-F=0.024 MW-L=0.024 MW-F=0.020]
  Mini-Benders[4]: LB stagnated, break
  α-step: Z₀=24.009478, α=[0.000,0.000,0.000,0.000,0.000,0.000,0.000,0.000,0.000,0.000,0.000,0.000,0.000,0.000,0.000,0.000,0.000,0.000,0.000,0.000,0.000,0.000,0.000,0.000,0.000,0.000,0.000,0.000,0.000,0.000,0.000,0.000,0.000,0.000,0.000,0.000,0.000,0.000,0.000,0.000,0.000,0.000,0.000,0.000,0.000,0.000,0.000,0.000,0.000,0.000,0.000,0.000,0.000,0.000,0.000,0.000,0.000,0.000,0.000,0.000,0.000,0.000,0.000,0.000,0.000,0.000,0.000,0.000,0.000,0.000,0.000,0.000,10.443,0.000,0.000,0.000]
  Alt-Benders[1] (mw): LB=14.432476, Z₀(α*)=-2.327519, intercept=-87.497960 (0.390s) [OMP=0.319 ISP-L=0.008 ISP-F=0.025 MW-L=0.027 MW-F=0.020]
  Alt-Benders[2] (mw): LB=14.432476, Z₀(α*)=-2.327519, intercept=-87.497960 (0.448s) [OMP=0.359 ISP-L=0.008 ISP-F=0.026 MW-L=0.022 MW-F=0.024]
  Alt-Benders[3] (mw): LB=14.432476, Z₀(α*)=-2.327519, intercept=-87.497960 (0.432s) [OMP=0.345 ISP-L=0.008 ISP-F=0.025 MW-L=0.022 MW-F=0.027]
  Alt-Benders[4]: LB stagnated, break
  OMP re-solve: 0.001s

=== True-DRO Benders iter 24 ===
  OMP: t₀=14.432476, UB=21.723817, gap=3.36e-01, x=[0, 0, 0, 0, 0, 0, 0, 0, 0, 0, 0, 0, 0, 0, 0, 0, 0, 0, 0, 0, 0, 0, 0, 0, 0, 0, 0, 0, 0, 0, 0, 0, 0, 0, 0, 0, 0, 0, 0, 0, 0, 0, 0, 0, 0, 0, 0, 0, 0, 0, 0, 0, 0, 0, 0, 0, 0, 0, 0, 0, 0, 0, 1, 0, 0, 0, 0, 0, 0, 0, 0, 1, 0, 0, 0, 0] (0.000s)
  Sub: Z₀=19.725119 [LOCAL] (0.4s), α=[0.000,0.000,0.000,0.000,0.000,0.000,0.000,0.000,0.000,0.000,0.000,0.000,0.000,0.000,0.000,0.000,0.000,0.000,0.000,0.000,0.000,0.000,0.000,0.000,0.000,0.000,0.000,0.000,0.000,0.000,0.000,0.000,0.000,0.000,0.000,0.000,0.000,0.000,0.000,0.000,0.000,0.000,0.000,0.000,0.000,0.000,0.000,0.000,0.000,0.000,0.000,0.000,0.000,0.000,0.000,0.000,0.000,0.000,0.000,0.000,0.000,0.000,0.000,0.000,0.000,0.000,0.000,0.000,0.000,0.000,0.000,7.186,3.257,0.000,0.000,0.000]
  Iter 24: LB=14.432476  UB=21.723817  gap=3.36e-01
  Cut: intercept=-1142.589112, π_x_range=[-825.6282, 595.6310]
  Mini-Benders[1] (mw): LB=14.450189, Z₀(α*)=21.733817, intercept=-83.975561 (0.448s) [OMP=0.359 ISP-L=0.009 ISP-F=0.029 MW-L=0.022 MW-F=0.024]
  Mini-Benders[2] (mw): LB=14.461980, Z₀(α*)=-15.790278, intercept=-54.604230 (0.432s) [OMP=0.362 ISP-L=0.008 ISP-F=0.025 MW-L=0.023 MW-F=0.019]
  Mini-Benders[3] (mw): LB=14.461980, Z₀(α*)=-15.790278, intercept=-54.604230 (0.448s) [OMP=0.360 ISP-L=0.007 ISP-F=0.025 MW-L=0.025 MW-F=0.019]
  Mini-Benders[4] (mw): LB=14.461980, Z₀(α*)=-15.790278, intercept=-54.604230 (0.448s) [OMP=0.362 ISP-L=0.007 ISP-F=0.025 MW-L=0.024 MW-F=0.020]
  Mini-Benders[5]: LB stagnated, break
  α-step: Z₀=24.050744, α=[0.000,0.000,0.000,0.000,0.000,0.000,0.000,0.000,0.000,0.000,1.222,0.000,0.000,0.000,0.000,0.000,0.000,0.000,0.000,0.000,0.000,0.000,0.000,0.000,0.000,0.000,0.000,0.000,0.000,0.000,0.000,0.000,0.000,0.000,3.856,0.000,0.000,0.000,0.000,0.000,0.000,0.000,0.000,0.000,0.000,0.000,0.000,0.000,0.000,0.000,0.000,3.314,0.000,0.000,0.000,0.000,0.000,0.000,0.000,0.000,0.000,0.000,0.000,0.000,0.000,0.000,0.000,0.000,0.000,0.000,0.000,1.268,0.783,0.000,0.000,0.000]
  Alt-Benders[1] (mw): LB=14.480222, Z₀(α*)=-1.700398, intercept=-80.681199 (0.439s) [OMP=0.355 ISP-L=0.008 ISP-F=0.026 MW-L=0.028 MW-F=0.022]
  Alt-Benders[2] (mw): LB=14.480222, Z₀(α*)=-1.700398, intercept=-80.681199 (0.386s) [OMP=0.309 ISP-L=0.007 ISP-F=0.025 MW-L=0.023 MW-F=0.023]
  Alt-Benders[3] (mw): LB=14.480222, Z₀(α*)=-1.700398, intercept=-80.681199 (0.385s) [OMP=0.310 ISP-L=0.007 ISP-F=0.026 MW-L=0.022 MW-F=0.023]
  Alt-Benders[4]: LB stagnated, break
  OMP re-solve: 0.001s

=== True-DRO Benders iter 25 ===
  OMP: t₀=14.480222, UB=21.723817, gap=3.33e-01, x=[0, 0, 0, 0, 0, 0, 0, 0, 0, 0, 0, 0, 0, 0, 0, 0, 0, 0, 0, 0, 0, 0, 0, 0, 0, 0, 0, 0, 0, 0, 0, 0, 0, 0, 0, 0, 0, 0, 0, 0, 0, 0, 1, 0, 0, 0, 0, 0, 0, 0, 0, 0, 0, 1, 0, 0, 0, 0, 0, 0, 0, 0, 0, 0, 0, 0, 0, 0, 0, 0, 0, 0, 0, 0, 0, 0] (0.000s)
  Sub: Z₀=23.411541 [TIME_LIMIT] (15.1s), α=[0.000,0.000,0.000,0.000,0.000,0.000,0.000,0.000,0.000,0.000,0.000,0.000,0.000,0.000,0.000,0.000,0.000,0.000,0.000,0.000,0.000,0.000,0.000,0.000,0.000,0.000,0.000,0.000,0.000,0.000,0.000,0.000,0.000,0.000,0.885,0.000,0.000,0.000,0.000,0.000,0.000,0.000,1.688,0.000,0.000,0.000,0.000,0.000,0.000,0.000,1.954,0.000,0.000,4.934,0.000,0.981,0.000,0.000,0.000,0.000,0.000,0.000,0.000,0.000,0.000,0.000,0.000,0.000,0.000,0.000,0.000,0.000,0.000,0.000,0.000,0.000]
  Iter 25: LB=14.480222  UB=21.723817  gap=3.33e-01
  Cut: intercept=-80.209175, π_x_range=[-254.0000, 59.2434]
  Mini-Benders[1] (mw): LB=14.495988, Z₀(α*)=-16.400689, intercept=-74.366577 (0.432s) [OMP=0.336 ISP-L=0.009 ISP-F=0.029 MW-L=0.032 MW-F=0.023]
  Mini-Benders[2] (mw): LB=14.495988, Z₀(α*)=-16.400689, intercept=-74.366577 (0.463s) [OMP=0.373 ISP-L=0.009 ISP-F=0.029 MW-L=0.027 MW-F=0.021]
  Mini-Benders[3] (mw): LB=14.495988, Z₀(α*)=-16.400689, intercept=-74.366577 (0.464s) [OMP=0.374 ISP-L=0.008 ISP-F=0.029 MW-L=0.028 MW-F=0.021]
  Mini-Benders[4]: LB stagnated, break
  α-step: Z₀=24.326321, α=[0.000,0.000,0.000,0.000,0.000,0.000,0.000,0.000,0.000,0.000,0.000,0.000,0.000,1.222,0.000,0.000,0.000,0.000,0.000,0.000,0.000,0.000,0.000,0.000,0.000,0.000,0.000,0.000,0.000,0.000,0.000,0.000,0.000,0.000,2.589,0.000,0.000,0.000,0.000,0.000,0.000,0.000,0.000,0.000,0.000,0.000,0.000,0.000,0.000,0.000,0.000,4.582,0.000,0.000,0.000,0.000,0.000,0.000,0.000,0.000,0.000,0.000,0.000,0.000,0.000,0.000,0.000,0.000,0.000,0.000,0.000,0.000,2.050,0.000,0.000,0.000]
  Alt-Benders[1] (mw): LB=14.496176, Z₀(α*)=1.931224, intercept=-48.386864 (0.543s) [OMP=0.458 ISP-L=0.009 ISP-F=0.027 MW-L=0.023 MW-F=0.021]
  Alt-Benders[2] (mw): LB=14.496176, Z₀(α*)=1.931224, intercept=-48.386864 (0.416s) [OMP=0.340 ISP-L=0.008 ISP-F=0.027 MW-L=0.018 MW-F=0.023]
  Alt-Benders[3] (mw): LB=14.496176, Z₀(α*)=1.931224, intercept=-48.386864 (0.416s) [OMP=0.344 ISP-L=0.008 ISP-F=0.027 MW-L=0.018 MW-F=0.022]
  Alt-Benders[4]: LB stagnated, break
  OMP re-solve: 0.001s

=== True-DRO Benders iter 26 ===
  OMP: t₀=14.496176, UB=21.723817, gap=3.33e-01, x=[0, 0, 0, 0, 0, 0, 0, 0, 0, 0, 0, 0, 0, 0, 0, 0, 0, 0, 0, 0, 1, 0, 0, 0, 0, 0, 0, 0, 0, 0, 0, 0, 0, 0, 0, 0, 0, 0, 0, 0, 0, 0, 0, 0, 0, 0, 0, 0, 0, 0, 0, 0, 0, 1, 0, 0, 0, 0, 0, 0, 0, 0, 0, 0, 0, 0, 0, 0, 0, 0, 0, 0, 0, 0, 0, 0] (0.000s)
  Sub: Z₀=24.948345 [LOCAL] (0.4s), α=[0.000,0.000,0.000,0.000,0.000,0.000,0.000,0.000,0.000,0.000,0.000,0.000,0.000,0.000,0.000,0.000,0.593,0.000,0.000,0.000,2.069,0.000,0.000,0.000,0.000,0.000,0.000,0.000,0.000,0.000,0.000,0.000,0.000,0.000,4.169,0.000,0.000,0.000,0.000,0.000,0.000,0.000,0.000,0.000,0.000,0.000,0.000,0.000,0.000,0.000,0.000,0.000,0.000,0.000,0.000,0.000,0.000,0.000,0.000,0.000,0.000,0.000,0.000,0.000,0.000,0.000,0.000,0.000,0.000,0.000,0.000,0.000,3.612,0.000,0.000,0.000]
  Iter 26: LB=14.496176  UB=21.723817  gap=3.33e-01
  Cut: intercept=-1108.622900, π_x_range=[-826.0124, 582.6309]
  Mini-Benders[1] (mw): LB=14.517070, Z₀(α*)=4.785297, intercept=-87.052892 (0.463s) [OMP=0.372 ISP-L=0.009 ISP-F=0.027 MW-L=0.025 MW-F=0.018]
  Mini-Benders[2] (mw): LB=14.517070, Z₀(α*)=4.785297, intercept=-87.052892 (0.447s) [OMP=0.371 ISP-L=0.008 ISP-F=0.027 MW-L=0.026 MW-F=0.018]
  Mini-Benders[3] (mw): LB=14.517070, Z₀(α*)=4.785297, intercept=-87.052892 (0.448s) [OMP=0.371 ISP-L=0.009 ISP-F=0.027 MW-L=0.025 MW-F=0.018]
  Mini-Benders[4]: LB stagnated, break
  α-step: Z₀=21.083753, α=[0.000,0.000,0.000,0.000,0.000,0.000,0.000,0.000,0.000,0.000,0.000,0.000,0.000,0.000,0.000,0.000,0.000,0.000,0.000,0.000,0.000,0.000,0.000,0.000,0.000,0.000,0.000,0.000,0.000,0.000,0.000,0.000,0.000,0.000,3.245,0.000,0.000,0.000,0.000,0.000,0.000,0.000,0.000,0.000,0.000,0.000,0.000,0.000,0.000,0.000,0.100,2.652,0.000,0.000,0.000,0.000,0.000,0.000,0.000,0.000,0.000,0.000,0.000,0.000,0.000,0.000,0.000,0.000,0.000,0.000,0.000,0.656,3.790,0.000,0.000,0.000]
  Alt-Benders[1] (mw): LB=14.523529, Z₀(α*)=10.264800, intercept=-45.758304 (0.498s) [OMP=0.413 ISP-L=0.008 ISP-F=0.028 MW-L=0.026 MW-F=0.022]
  Alt-Benders[2] (mw): LB=14.523529, Z₀(α*)=10.264800, intercept=-45.758304 (0.463s) [OMP=0.380 ISP-L=0.008 ISP-F=0.027 MW-L=0.020 MW-F=0.023]
  Alt-Benders[3] (mw): LB=14.523529, Z₀(α*)=10.264800, intercept=-45.758304 (0.448s) [OMP=0.376 ISP-L=0.008 ISP-F=0.027 MW-L=0.021 MW-F=0.024]
  Alt-Benders[4]: LB stagnated, break
  OMP re-solve: 0.000s

=== True-DRO Benders iter 27 ===
  OMP: t₀=14.523529, UB=21.723817, gap=3.31e-01, x=[0, 0, 0, 0, 0, 0, 0, 0, 0, 0, 0, 0, 0, 0, 0, 0, 0, 0, 0, 0, 0, 0, 0, 0, 0, 0, 0, 0, 0, 0, 0, 0, 0, 0, 0, 0, 0, 0, 0, 0, 0, 0, 0, 0, 0, 0, 0, 0, 0, 1, 0, 0, 0, 1, 0, 0, 0, 0, 0, 0, 0, 0, 0, 0, 0, 0, 0, 0, 0, 0, 0, 0, 0, 0, 0, 0] (0.000s)
  Sub: Z₀=24.991038 [LOCAL] (0.4s), α=[0.000,0.000,0.000,0.000,0.000,0.000,0.000,0.000,0.000,0.000,0.000,0.000,0.000,0.000,0.000,0.000,0.000,0.000,0.000,0.000,0.000,0.000,0.000,0.000,0.000,0.000,0.000,0.000,0.000,0.000,0.000,0.000,0.000,0.000,4.512,0.000,0.000,0.000,0.000,0.000,0.000,0.000,0.000,0.000,0.000,0.000,0.000,0.000,0.000,0.000,1.715,0.000,0.000,3.765,0.000,0.451,0.000,0.000,0.000,0.000,0.000,0.000,0.000,0.000,0.000,0.000,0.000,0.000,0.000,0.000,0.000,0.000,0.000,0.000,0.000,0.000]
  Iter 27: LB=14.523529  UB=21.723817  gap=3.31e-01
  Cut: intercept=-1086.895270, π_x_range=[-830.5101, 560.3574]
  Mini-Benders[1] (mw): LB=14.566659, Z₀(α*)=23.157801, intercept=-49.818193 (0.479s) [OMP=0.409 ISP-L=0.010 ISP-F=0.028 MW-L=0.027 MW-F=0.017]
  Mini-Benders[2] (mw): LB=14.573828, Z₀(α*)=-25.612451, intercept=-114.247799 (0.433s) [OMP=0.346 ISP-L=0.009 ISP-F=0.025 MW-L=0.025 MW-F=0.019]
  Mini-Benders[3] (mw): LB=14.573828, Z₀(α*)=-25.612451, intercept=-114.247799 (0.401s) [OMP=0.324 ISP-L=0.009 ISP-F=0.025 MW-L=0.026 MW-F=0.019]
  Mini-Benders[4] (mw): LB=14.573828, Z₀(α*)=-25.612451, intercept=-114.247799 (0.416s) [OMP=0.322 ISP-L=0.008 ISP-F=0.025 MW-L=0.025 MW-F=0.020]
  Mini-Benders[5]: LB stagnated, break
  α-step: Z₀=24.707435, α=[0.000,0.000,0.000,0.000,0.000,0.000,0.000,0.000,0.000,0.000,0.000,0.000,0.000,0.000,0.000,0.000,0.000,0.000,0.000,0.000,0.000,0.000,0.000,0.000,0.000,0.000,0.000,0.000,0.000,0.000,0.000,0.000,0.000,0.000,0.000,0.000,0.000,0.000,0.000,0.000,0.000,0.000,0.000,0.000,0.000,0.000,0.000,0.000,0.000,0.000,1.596,0.000,0.000,0.000,0.000,0.000,0.000,0.000,0.000,0.000,0.000,1.262,0.000,0.000,0.000,0.000,0.000,0.000,0.000,0.000,0.000,0.000,7.585,0.000,0.000,0.000]
  Alt-Benders[1] (mw): LB=14.586942, Z₀(α*)=3.595761, intercept=-54.128972 (0.456s) [OMP=0.371 ISP-L=0.009 ISP-F=0.029 MW-L=0.024 MW-F=0.024]
  Alt-Benders[2] (mw): LB=14.586942, Z₀(α*)=3.595761, intercept=-54.128972 (0.401s) [OMP=0.317 ISP-L=0.008 ISP-F=0.028 MW-L=0.023 MW-F=0.023]
  Alt-Benders[3] (mw): LB=14.586942, Z₀(α*)=3.595761, intercept=-54.128972 (0.400s) [OMP=0.319 ISP-L=0.008 ISP-F=0.029 MW-L=0.024 MW-F=0.024]
  Alt-Benders[4]: LB stagnated, break
  OMP re-solve: 0.000s

=== True-DRO Benders iter 28 ===
  OMP: t₀=14.586942, UB=21.723817, gap=3.29e-01, x=[0, 0, 0, 0, 0, 0, 0, 0, 0, 0, 0, 0, 0, 0, 0, 0, 0, 0, 0, 0, 0, 0, 0, 0, 0, 0, 0, 0, 0, 1, 0, 0, 0, 0, 0, 0, 0, 0, 0, 0, 0, 0, 0, 0, 0, 0, 0, 0, 0, 0, 0, 0, 0, 1, 0, 0, 0, 0, 0, 0, 0, 0, 0, 0, 0, 0, 0, 0, 0, 0, 0, 0, 0, 0, 0, 0] (0.000s)
  Sub: Z₀=24.619447 [LOCAL] (0.4s), α=[0.000,0.000,0.000,0.000,0.000,0.000,0.000,0.000,0.000,0.000,0.000,0.000,0.000,0.000,0.000,0.000,0.000,0.000,0.000,0.000,0.000,0.000,0.000,0.000,0.000,0.000,0.000,0.000,0.000,0.000,0.000,0.000,0.000,0.000,2.630,0.000,0.000,0.000,0.000,0.000,0.000,0.000,0.000,0.000,0.000,0.000,0.000,0.000,0.000,0.000,1.775,0.000,0.000,4.993,0.000,0.504,0.000,0.000,0.000,0.000,0.000,0.000,0.000,0.000,0.000,0.000,0.000,0.000,0.000,0.000,0.000,0.041,0.500,0.000,0.000,0.000]
  Iter 28: LB=14.586942  UB=21.723817  gap=3.29e-01
  Cut: intercept=-1113.874737, π_x_range=[-826.7489, 582.8484]
  Mini-Benders[1] (mw): LB=14.598143, Z₀(α*)=-3.694377, intercept=-85.572273 (0.494s) [OMP=0.403 ISP-L=0.009 ISP-F=0.026 MW-L=0.027 MW-F=0.018]
  Mini-Benders[2] (mw): LB=14.598143, Z₀(α*)=-3.694377, intercept=-85.572273 (0.386s) [OMP=0.301 ISP-L=0.008 ISP-F=0.026 MW-L=0.026 MW-F=0.018]
  Mini-Benders[3] (mw): LB=14.598143, Z₀(α*)=-3.694377, intercept=-85.572273 (0.385s) [OMP=0.301 ISP-L=0.009 ISP-F=0.026 MW-L=0.027 MW-F=0.019]
  Mini-Benders[4]: LB stagnated, break
  α-step: Z₀=25.189967, α=[0.000,0.000,0.000,0.000,0.000,0.000,0.000,0.000,0.000,0.000,0.000,0.000,0.000,0.000,0.000,0.000,0.000,0.000,0.000,0.000,0.000,0.000,0.000,0.000,0.000,0.000,0.000,0.000,0.000,0.000,0.000,0.000,0.000,0.000,1.067,0.000,0.000,0.000,0.000,0.000,0.000,0.000,0.000,0.000,0.000,0.000,0.000,0.000,0.000,0.000,0.000,0.000,0.000,0.000,0.000,0.000,0.000,0.000,0.000,0.000,0.000,0.000,5.764,0.000,0.000,0.000,0.000,0.000,0.000,0.000,0.000,0.000,3.612,0.000,0.000,0.000]
  Alt-Benders[1] (mw): LB=14.610270, Z₀(α*)=-10.992845, intercept=-63.286069 (0.495s) [OMP=0.420 ISP-L=0.009 ISP-F=0.029 MW-L=0.023 MW-F=0.024]
  Alt-Benders[2] (mw): LB=14.610270, Z₀(α*)=-10.992845, intercept=-63.286069 (0.432s) [OMP=0.343 ISP-L=0.009 ISP-F=0.029 MW-L=0.023 MW-F=0.025]
  Alt-Benders[3] (mw): LB=14.610270, Z₀(α*)=-10.992845, intercept=-63.286069 (0.417s) [OMP=0.333 ISP-L=0.009 ISP-F=0.028 MW-L=0.023 MW-F=0.024]
  Alt-Benders[4]: LB stagnated, break
  OMP re-solve: 0.001s

=== True-DRO Benders iter 29 ===
  OMP: t₀=14.610270, UB=21.723817, gap=3.27e-01, x=[0, 0, 0, 0, 0, 0, 0, 0, 0, 0, 0, 0, 0, 0, 0, 0, 0, 0, 0, 0, 0, 1, 0, 0, 0, 0, 0, 0, 0, 0, 0, 0, 0, 0, 0, 0, 0, 0, 0, 0, 0, 0, 0, 0, 0, 0, 0, 0, 0, 0, 0, 0, 0, 1, 0, 0, 0, 0, 0, 0, 0, 0, 0, 0, 0, 0, 0, 0, 0, 0, 0, 0, 0, 0, 0, 0] (0.000s)
  Sub: Z₀=24.811178 [LOCAL] (0.4s), α=[0.000,0.000,0.000,0.000,0.000,0.000,0.000,0.000,0.000,0.000,0.000,0.000,0.000,0.000,0.000,0.000,0.000,0.000,0.000,0.000,0.000,0.000,0.000,0.000,0.000,0.000,0.000,0.000,0.000,0.000,0.000,0.000,0.000,0.000,2.589,0.000,0.000,0.000,0.000,0.000,0.000,0.000,0.000,0.000,0.000,0.000,0.000,0.000,0.000,0.000,1.764,0.000,0.000,5.549,0.000,0.000,0.000,0.000,0.000,0.000,0.000,0.000,0.000,0.000,0.000,0.000,0.000,0.000,0.000,0.000,0.000,0.000,0.540,0.000,0.000,0.000]
  Iter 29: LB=14.610270  UB=21.723817  gap=3.27e-01
  Cut: intercept=-1091.564548, π_x_range=[-826.2993, 558.7167]
  Mini-Benders[1] (mw): LB=14.647213, Z₀(α*)=-7.980142, intercept=-59.974113 (0.464s) [OMP=0.390 ISP-L=0.007 ISP-F=0.026 MW-L=0.025 MW-F=0.019]
  Mini-Benders[2] (mw): LB=14.647213, Z₀(α*)=-7.980142, intercept=-59.974113 (0.432s) [OMP=0.343 ISP-L=0.007 ISP-F=0.026 MW-L=0.026 MW-F=0.019]
  Mini-Benders[3] (mw): LB=14.647213, Z₀(α*)=-7.980142, intercept=-59.974113 (0.419s) [OMP=0.346 ISP-L=0.007 ISP-F=0.026 MW-L=0.025 MW-F=0.019]
  Mini-Benders[4]: LB stagnated, break
  α-step: Z₀=27.244234, α=[0.000,0.000,0.000,0.000,0.000,0.000,0.000,0.000,0.000,0.000,2.522,0.000,0.000,0.000,0.000,0.000,0.000,0.000,0.000,0.000,1.401,0.000,0.000,0.000,0.000,0.000,0.000,0.000,0.000,0.000,0.000,0.000,0.000,0.000,3.263,0.000,0.000,0.000,0.000,0.000,0.000,0.000,0.000,0.000,0.000,0.000,0.000,0.000,0.000,0.000,0.000,0.000,0.000,0.000,0.000,0.000,0.000,0.000,0.000,0.000,0.000,0.000,0.000,0.000,0.000,0.000,0.000,0.000,0.000,0.000,0.000,0.000,3.257,0.000,0.000,0.000]
  Alt-Benders[1] (mw): LB=14.651990, Z₀(α*)=8.630814, intercept=-41.059280 (0.494s) [OMP=0.413 ISP-L=0.009 ISP-F=0.026 MW-L=0.021 MW-F=0.024]
  Alt-Benders[2] (mw): LB=14.651990, Z₀(α*)=8.630814, intercept=-41.059280 (0.438s) [OMP=0.368 ISP-L=0.009 ISP-F=0.026 MW-L=0.021 MW-F=0.023]
  Alt-Benders[3] (mw): LB=14.651990, Z₀(α*)=8.630814, intercept=-41.059280 (0.463s) [OMP=0.368 ISP-L=0.009 ISP-F=0.026 MW-L=0.021 MW-F=0.024]
  Alt-Benders[4]: LB stagnated, break
  OMP re-solve: 0.000s

=== True-DRO Benders iter 30 ===
  OMP: t₀=14.651990, UB=21.723817, gap=3.26e-01, x=[0, 0, 0, 0, 0, 0, 0, 0, 0, 0, 1, 0, 0, 0, 0, 0, 0, 0, 0, 0, 0, 0, 0, 0, 0, 0, 0, 0, 0, 0, 0, 0, 0, 0, 0, 0, 0, 0, 0, 0, 0, 0, 0, 0, 0, 0, 0, 0, 0, 0, 0, 0, 0, 1, 0, 0, 0, 0, 0, 0, 0, 0, 0, 0, 0, 0, 0, 0, 0, 0, 0, 0, 0, 0, 0, 0] (0.000s)
  Sub: Z₀=23.563391 [TIME_LIMIT] (15.1s), α=[0.000,0.000,0.000,0.000,0.000,0.000,0.000,0.000,0.000,0.000,0.171,0.000,0.000,0.000,0.000,0.000,1.442,0.000,0.000,0.000,0.000,0.000,0.000,0.000,0.000,0.000,0.000,0.000,0.000,0.000,0.000,0.000,0.000,0.000,2.589,0.000,0.000,0.000,0.000,0.000,0.000,0.000,0.000,0.000,0.000,0.000,0.000,0.000,0.000,0.000,0.171,0.000,0.000,6.070,0.000,0.000,0.000,0.000,0.000,0.000,0.000,0.000,0.000,0.000,0.000,0.000,0.000,0.000,0.000,0.000,0.000,0.000,0.000,0.000,0.000,0.000]
  Iter 30: LB=14.651990  UB=21.723817  gap=3.26e-01
  Cut: intercept=-43.010805, π_x_range=[-248.0000, 45.6420]
  Mini-Benders[1] (mw): LB=14.651990, Z₀(α*)=22.656118, intercept=-52.714906 (0.464s) [OMP=0.388 ISP-L=0.010 ISP-F=0.028 MW-L=0.026 MW-F=0.018]
  Mini-Benders[2] (mw): LB=14.688089, Z₀(α*)=-8.897908, intercept=-83.184725 (0.557s) [OMP=0.467 ISP-L=0.007 ISP-F=0.026 MW-L=0.027 MW-F=0.019]
  Mini-Benders[3] (mw): LB=14.688089, Z₀(α*)=-8.897908, intercept=-83.184725 (0.479s) [OMP=0.408 ISP-L=0.007 ISP-F=0.025 MW-L=0.027 MW-F=0.018]
  Mini-Benders[4] (mw): LB=14.688089, Z₀(α*)=-8.897908, intercept=-83.184725 (0.494s) [OMP=0.401 ISP-L=0.007 ISP-F=0.025 MW-L=0.027 MW-F=0.019]
  Mini-Benders[5]: LB stagnated, break
  α-step: Z₀=23.275861, α=[0.000,0.000,0.000,0.000,0.000,0.000,0.000,0.000,0.000,0.000,0.520,0.000,0.000,0.000,0.000,0.000,0.000,0.000,0.000,0.000,0.000,0.000,0.000,0.000,0.000,0.000,0.000,0.000,0.000,0.000,0.000,0.000,0.000,0.000,2.589,0.000,0.000,0.000,0.000,0.000,0.000,0.000,1.743,0.000,0.000,0.000,0.000,0.000,0.000,0.000,2.532,3.059,0.000,0.000,0.000,0.000,0.000,0.000,0.000,0.000,0.000,0.000,0.000,0.000,0.000,0.000,0.000,0.000,0.000,0.000,0.000,0.000,0.000,0.000,0.000,0.000]
  Alt-Benders[1] (mw): LB=14.734844, Z₀(α*)=-0.143741, intercept=-41.328826 (0.497s) [OMP=0.402 ISP-L=0.008 ISP-F=0.026 MW-L=0.022 MW-F=0.023]
  Alt-Benders[2] (mw): LB=14.734844, Z₀(α*)=-0.143741, intercept=-41.328826 (0.463s) [OMP=0.385 ISP-L=0.008 ISP-F=0.025 MW-L=0.021 MW-F=0.022]
  Alt-Benders[3] (mw): LB=14.734844, Z₀(α*)=-0.143741, intercept=-41.328826 (0.464s) [OMP=0.384 ISP-L=0.008 ISP-F=0.025 MW-L=0.021 MW-F=0.023]
  Alt-Benders[4]: LB stagnated, break
  OMP re-solve: 0.000s

=== True-DRO Benders iter 31 ===
  OMP: t₀=14.734844, UB=21.723817, gap=3.22e-01, x=[0, 0, 0, 0, 0, 0, 0, 0, 0, 0, 0, 0, 0, 0, 0, 0, 0, 0, 0, 0, 0, 0, 0, 0, 0, 0, 0, 0, 0, 0, 0, 0, 0, 0, 0, 0, 0, 0, 0, 0, 0, 0, 0, 0, 0, 1, 0, 0, 0, 0, 0, 0, 0, 1, 0, 0, 0, 0, 0, 0, 0, 0, 0, 0, 0, 0, 0, 0, 0, 0, 0, 0, 0, 0, 0, 0] (0.000s)
  Sub: Z₀=25.042042 [LOCAL] (0.4s), α=[0.000,0.000,0.000,0.000,0.000,0.000,0.000,0.000,0.000,0.000,0.000,0.000,0.000,0.000,0.000,0.000,0.000,0.000,0.000,0.000,0.000,0.000,0.000,0.000,0.000,0.000,0.000,0.000,0.000,0.000,0.000,0.000,0.000,0.000,3.670,0.000,0.000,0.000,0.000,0.000,0.000,0.000,0.000,0.000,0.000,0.000,0.000,0.000,0.000,0.000,1.797,0.000,0.000,4.474,0.000,0.502,0.000,0.000,0.000,0.000,0.000,0.000,0.000,0.000,0.000,0.000,0.000,0.000,0.000,0.000,0.000,0.000,0.000,0.000,0.000,0.000]
  Iter 31: LB=14.734844  UB=21.723817  gap=3.22e-01
  Cut: intercept=-1066.480242, π_x_range=[-826.1753, 551.2751]
  Mini-Benders[1] (mw): LB=14.734844, Z₀(α*)=24.651779, intercept=-43.022759 (0.498s) [OMP=0.410 ISP-L=0.010 ISP-F=0.026 MW-L=0.028 MW-F=0.018]
  Mini-Benders[2] (mw): LB=14.734844, Z₀(α*)=24.651779, intercept=-43.022759 (0.447s) [OMP=0.358 ISP-L=0.009 ISP-F=0.027 MW-L=0.027 MW-F=0.018]
  Mini-Benders[3]: LB stagnated, break
  α-step: Z₀=24.922024, α=[0.000,0.000,0.000,0.000,0.000,0.000,0.000,0.000,0.000,0.000,0.000,0.000,0.000,0.000,0.000,0.000,0.000,0.000,0.000,0.000,0.000,0.000,0.000,0.000,0.000,0.000,0.000,0.000,0.000,0.000,0.000,0.000,0.000,0.000,2.589,0.000,0.000,0.000,0.000,0.000,0.000,0.000,0.000,0.000,0.000,0.000,0.000,0.000,0.000,0.000,2.532,0.000,0.000,4.782,0.000,0.000,0.000,0.000,0.000,0.000,0.000,0.000,0.000,0.000,0.000,0.000,0.000,0.000,0.000,0.000,0.000,0.000,0.540,0.000,0.000,0.000]
  Alt-Benders[1] (mw): LB=14.734844, Z₀(α*)=24.894269, intercept=-53.062816 (0.419s) [OMP=0.346 ISP-L=0.009 ISP-F=0.028 MW-L=0.025 MW-F=0.021]
  Alt-Benders[2] (mw): LB=14.734844, Z₀(α*)=24.791708, intercept=-50.339961 (0.463s) [OMP=0.372 ISP-L=0.008 ISP-F=0.028 MW-L=0.021 MW-F=0.023]
  Alt-Benders[3]: LB stagnated, break
  OMP re-solve: 0.000s

=== True-DRO Benders iter 32 ===
  OMP: t₀=14.734844, UB=21.723817, gap=3.22e-01, x=[0, 0, 0, 0, 0, 0, 0, 0, 0, 0, 0, 0, 0, 0, 0, 0, 1, 0, 0, 0, 0, 0, 0, 0, 0, 0, 0, 0, 0, 0, 0, 0, 0, 0, 0, 0, 0, 0, 0, 0, 0, 0, 0, 0, 0, 0, 0, 0, 0, 0, 0, 0, 0, 1, 0, 0, 0, 0, 0, 0, 0, 0, 0, 0, 0, 0, 0, 0, 0, 0, 0, 0, 0, 0, 0, 0] (0.000s)
  Sub: Z₀=25.061948 [LOCAL] (0.4s), α=[0.000,0.000,0.000,0.000,0.000,0.000,0.000,0.000,0.000,0.000,0.000,0.000,0.000,0.000,0.000,0.000,0.000,0.000,0.000,0.000,0.000,0.000,0.000,0.000,0.000,0.000,0.000,0.000,0.000,0.000,0.000,0.000,0.000,0.000,3.670,0.000,0.000,0.000,0.000,0.000,0.000,0.000,0.000,0.000,0.000,0.000,0.000,0.000,0.000,0.000,1.898,0.000,0.000,4.313,0.000,0.562,0.000,0.000,0.000,0.000,0.000,0.000,0.000,0.000,0.000,0.000,0.000,0.000,0.000,0.000,0.000,0.000,0.000,0.000,0.000,0.000]
  Iter 32: LB=14.734844  UB=21.723817  gap=3.22e-01
  Cut: intercept=-1106.396057, π_x_range=[-826.5086, 580.3799]
  Mini-Benders[1] (mw): LB=14.734844, Z₀(α*)=22.963855, intercept=-46.516233 (0.465s) [OMP=0.373 ISP-L=0.008 ISP-F=0.029 MW-L=0.020 MW-F=0.022]
  Mini-Benders[2] (mw): LB=14.734844, Z₀(α*)=24.651779, intercept=-43.022759 (0.463s) [OMP=0.381 ISP-L=0.009 ISP-F=0.027 MW-L=0.021 MW-F=0.023]
  Mini-Benders[3] (mw): LB=14.785402, Z₀(α*)=3.730959, intercept=-51.382447 (0.464s) [OMP=0.388 ISP-L=0.008 ISP-F=0.027 MW-L=0.026 MW-F=0.018]
  Mini-Benders[4] (mw): LB=14.785402, Z₀(α*)=3.730959, intercept=-51.382447 (0.432s) [OMP=0.341 ISP-L=0.009 ISP-F=0.027 MW-L=0.027 MW-F=0.017]
  Mini-Benders[5] (mw): LB=14.785402, Z₀(α*)=3.730959, intercept=-51.382447 (0.416s) [OMP=0.341 ISP-L=0.008 ISP-F=0.027 MW-L=0.027 MW-F=0.018]
  α-step: Z₀=25.600726, α=[0.000,0.000,0.000,0.000,0.000,0.000,0.000,0.000,0.000,0.000,0.000,0.000,0.000,0.000,0.000,0.000,0.000,0.000,0.000,0.000,0.000,0.000,0.000,0.000,0.000,0.000,0.000,0.000,0.000,0.000,0.000,0.000,0.000,0.000,2.589,0.000,0.000,0.000,0.000,0.000,0.000,0.000,0.000,0.000,0.000,0.000,0.000,0.000,0.000,0.000,2.371,2.692,0.000,0.000,0.000,0.000,0.000,0.000,0.000,0.000,0.000,0.000,0.000,0.000,0.000,0.000,0.000,0.000,0.000,0.000,0.000,0.000,2.792,0.000,0.000,0.000]
  Alt-Benders[1] (mw): LB=14.792359, Z₀(α*)=1.160330, intercept=-25.713627 (0.448s) [OMP=0.368 ISP-L=0.007 ISP-F=0.028 MW-L=0.025 MW-F=0.023]
  Alt-Benders[2] (mw): LB=14.792359, Z₀(α*)=1.160330, intercept=-25.713627 (0.447s) [OMP=0.360 ISP-L=0.007 ISP-F=0.027 MW-L=0.018 MW-F=0.024]
  Alt-Benders[3] (mw): LB=14.792359, Z₀(α*)=1.160330, intercept=-25.713627 (0.433s) [OMP=0.361 ISP-L=0.008 ISP-F=0.027 MW-L=0.018 MW-F=0.024]
  Alt-Benders[4]: LB stagnated, break
  OMP re-solve: 0.000s

=== True-DRO Benders iter 33 ===
  OMP: t₀=14.792359, UB=21.723817, gap=3.19e-01, x=[0, 0, 0, 0, 0, 0, 0, 0, 0, 0, 0, 0, 0, 0, 0, 0, 0, 0, 0, 0, 1, 0, 0, 1, 0, 0, 0, 0, 0, 0, 0, 0, 0, 0, 0, 0, 0, 0, 0, 0, 0, 0, 0, 0, 0, 0, 0, 0, 0, 0, 0, 0, 0, 0, 0, 0, 0, 0, 0, 0, 0, 0, 0, 0, 0, 0, 0, 0, 0, 0, 0, 0, 0, 0, 0, 0] (0.000s)
  Sub: Z₀=27.818551 [LOCAL] (0.4s), α=[0.000,0.000,0.000,0.000,0.000,0.000,0.000,0.000,0.000,0.000,0.000,0.000,0.000,0.000,0.000,0.000,0.415,0.000,0.000,0.000,1.591,0.000,0.000,1.321,0.000,0.000,0.000,0.000,0.000,0.000,0.000,0.000,0.000,0.000,1.616,0.000,0.000,0.000,0.000,0.000,0.000,0.000,0.000,0.000,0.000,0.000,0.000,0.000,0.000,0.000,0.000,0.000,0.000,0.000,0.000,0.000,0.000,0.000,0.000,0.000,0.000,0.000,0.746,0.000,0.000,0.000,0.000,0.000,0.000,0.000,0.000,0.000,4.754,0.000,0.000,0.000]
  Iter 33: LB=14.792359  UB=21.723817  gap=3.19e-01
  Cut: intercept=-1139.862252, π_x_range=[-825.1716, 585.3026]
  Mini-Benders[1] (mw): LB=14.926300, Z₀(α*)=9.378748, intercept=-80.173072 (0.466s) [OMP=0.379 ISP-L=0.008 ISP-F=0.026 MW-L=0.029 MW-F=0.018]
  Mini-Benders[2] (mw): LB=14.926300, Z₀(α*)=9.378748, intercept=-80.173072 (0.448s) [OMP=0.371 ISP-L=0.007 ISP-F=0.026 MW-L=0.029 MW-F=0.018]
  Mini-Benders[3] (mw): LB=14.926300, Z₀(α*)=9.378748, intercept=-80.173072 (0.447s) [OMP=0.371 ISP-L=0.007 ISP-F=0.026 MW-L=0.030 MW-F=0.019]
  Mini-Benders[4]: LB stagnated, break
  α-step: Z₀=21.731927, α=[0.000,0.000,0.000,0.000,0.000,0.000,0.000,0.000,0.000,0.000,2.522,0.000,0.000,0.000,0.000,0.000,0.708,0.000,0.000,0.000,0.000,0.000,0.000,0.000,0.000,0.000,0.000,0.000,0.000,0.000,0.000,0.000,0.000,0.000,0.652,0.000,0.000,0.000,0.000,0.000,0.000,0.000,3.654,0.000,0.000,0.000,0.000,0.000,0.000,0.000,0.000,0.000,0.000,0.000,0.000,0.000,0.000,0.000,0.000,0.000,0.000,0.000,0.000,0.000,0.000,0.000,0.000,0.000,0.000,0.000,0.000,0.000,2.907,0.000,0.000,0.000]
  Alt-Benders[1] (mw): LB=14.939251, Z₀(α*)=1.457228, intercept=-33.272511 (0.491s) [OMP=0.407 ISP-L=0.008 ISP-F=0.026 MW-L=0.026 MW-F=0.024]
  Alt-Benders[2] (mw): LB=14.939251, Z₀(α*)=1.457228, intercept=-33.272511 (0.401s) [OMP=0.327 ISP-L=0.008 ISP-F=0.026 MW-L=0.021 MW-F=0.026]
  Alt-Benders[3] (mw): LB=14.939251, Z₀(α*)=1.457228, intercept=-33.272511 (0.416s) [OMP=0.329 ISP-L=0.007 ISP-F=0.026 MW-L=0.021 MW-F=0.026]
  Alt-Benders[4]: LB stagnated, break
  OMP re-solve: 0.000s

=== True-DRO Benders iter 34 ===
  OMP: t₀=14.939251, UB=21.723817, gap=3.12e-01, x=[0, 0, 0, 0, 0, 0, 1, 0, 0, 0, 0, 0, 0, 0, 0, 0, 0, 0, 0, 0, 1, 0, 0, 0, 0, 0, 0, 0, 0, 0, 0, 0, 0, 0, 0, 0, 0, 0, 0, 0, 0, 0, 0, 0, 0, 0, 0, 0, 0, 0, 0, 0, 0, 0, 0, 0, 0, 0, 0, 0, 0, 0, 0, 0, 0, 0, 0, 0, 0, 0, 0, 0, 0, 0, 0, 0] (0.000s)
  Sub: Z₀=29.406635 [LOCAL] (0.4s), α=[0.000,0.000,0.000,0.000,0.000,0.000,0.000,0.000,0.000,0.000,0.000,0.000,0.000,0.000,0.000,0.000,0.223,0.000,0.000,0.000,1.077,0.000,0.000,0.000,0.000,0.000,0.000,0.000,0.000,0.000,0.000,0.000,0.000,0.000,0.277,0.000,0.000,0.000,0.000,0.000,0.000,0.000,0.000,0.000,0.000,0.000,0.000,0.000,0.000,0.000,2.532,0.000,0.000,0.000,0.000,0.000,0.000,0.000,0.000,0.000,0.000,0.000,0.000,0.000,0.000,0.000,0.000,0.000,0.000,0.000,0.000,0.000,6.334,0.000,0.000,0.000]
  Iter 34: LB=14.939251  UB=21.723817  gap=3.12e-01
  Cut: intercept=-1126.035518, π_x_range=[-826.6832, 586.6349]
  Mini-Benders[1] (mw): LB=14.992334, Z₀(α*)=12.507197, intercept=-61.874740 (0.464s) [OMP=0.389 ISP-L=0.009 ISP-F=0.027 MW-L=0.020 MW-F=0.023]
  Mini-Benders[2] (mw): LB=14.992335, Z₀(α*)=12.507197, intercept=-61.874740 (0.432s) [OMP=0.343 ISP-L=0.009 ISP-F=0.027 MW-L=0.025 MW-F=0.017]
  Mini-Benders[3] (mw): LB=14.992335, Z₀(α*)=12.507197, intercept=-61.874740 (0.417s) [OMP=0.342 ISP-L=0.009 ISP-F=0.027 MW-L=0.025 MW-F=0.018]
  Mini-Benders[4]: LB stagnated, break
  α-step: Z₀=23.972489, α=[0.000,0.000,0.000,0.000,0.000,0.000,0.000,0.000,0.000,0.000,0.000,0.000,0.000,0.000,0.000,0.000,0.000,0.000,0.000,0.000,0.000,0.000,0.000,0.000,0.000,0.000,0.000,0.000,0.000,0.000,0.000,0.000,0.000,0.000,2.589,0.000,0.000,0.000,0.000,0.000,0.000,0.000,0.000,0.000,0.000,0.000,0.000,0.000,0.000,0.000,2.532,0.000,0.000,2.960,0.000,0.000,0.000,0.000,0.000,0.000,0.000,0.000,0.000,0.000,0.000,0.000,0.000,0.000,0.000,0.000,0.000,0.000,2.363,0.000,0.000,0.000]
  Alt-Benders[1] (mw): LB=15.019593, Z₀(α*)=8.411505, intercept=-65.647590 (0.511s) [OMP=0.414 ISP-L=0.008 ISP-F=0.027 MW-L=0.028 MW-F=0.019]
  Alt-Benders[2] (mw): LB=15.019593, Z₀(α*)=8.411505, intercept=-65.647590 (0.495s) [OMP=0.406 ISP-L=0.008 ISP-F=0.027 MW-L=0.029 MW-F=0.022]
  Alt-Benders[3] (mw): LB=15.019593, Z₀(α*)=8.411505, intercept=-65.647590 (0.479s) [OMP=0.403 ISP-L=0.008 ISP-F=0.028 MW-L=0.023 MW-F=0.024]
  Alt-Benders[4]: LB stagnated, break
  OMP re-solve: 0.000s

=== True-DRO Benders iter 35 ===
  OMP: t₀=15.019593, UB=21.723817, gap=3.09e-01, x=[0, 0, 0, 0, 0, 0, 0, 0, 0, 0, 0, 0, 0, 0, 0, 0, 0, 0, 0, 0, 0, 0, 0, 0, 0, 0, 0, 0, 0, 0, 0, 0, 0, 0, 0, 0, 0, 0, 0, 0, 0, 0, 0, 0, 0, 0, 1, 0, 0, 0, 0, 1, 0, 0, 0, 0, 0, 0, 0, 0, 0, 0, 0, 0, 0, 0, 0, 0, 0, 0, 0, 0, 0, 0, 0, 0] (0.000s)
  Sub: Z₀=25.708567 [TIME_LIMIT] (15.1s), α=[0.000,0.000,0.000,0.000,0.000,0.000,0.000,0.000,0.000,0.000,0.000,0.000,0.000,0.000,0.000,0.000,0.000,0.000,0.000,0.000,0.000,0.000,0.000,0.000,0.000,0.000,0.000,0.000,0.000,0.000,0.000,0.000,0.000,0.000,2.589,0.000,0.000,0.000,0.000,0.000,0.000,0.000,0.000,0.000,0.000,0.000,0.000,0.000,0.000,0.000,0.000,4.847,0.000,0.000,0.000,0.000,0.000,0.000,0.000,0.000,0.000,0.000,0.000,0.000,0.000,0.000,0.000,0.000,0.000,0.000,0.000,0.000,3.007,0.000,0.000,0.000]
  Iter 35: LB=15.019593  UB=21.723817  gap=3.09e-01
  Cut: intercept=-66.070078, π_x_range=[-239.0000, 69.7666]
  Mini-Benders[1] (mw): LB=15.024929, Z₀(α*)=25.708567, intercept=-54.113397 (0.511s) [OMP=0.423 ISP-L=0.008 ISP-F=0.030 MW-L=0.021 MW-F=0.023]
  Mini-Benders[2] (mw): LB=15.032612, Z₀(α*)=6.355284, intercept=-17.045672 (0.541s) [OMP=0.473 ISP-L=0.008 ISP-F=0.024 MW-L=0.020 MW-F=0.023]
  Mini-Benders[3] (mw): LB=15.032612, Z₀(α*)=6.355284, intercept=-17.045672 (0.557s) [OMP=0.476 ISP-L=0.009 ISP-F=0.025 MW-L=0.026 MW-F=0.018]
  Mini-Benders[4] (mw): LB=15.032612, Z₀(α*)=6.355284, intercept=-17.045672 (0.557s) [OMP=0.473 ISP-L=0.008 ISP-F=0.025 MW-L=0.026 MW-F=0.019]
  Mini-Benders[5]: LB stagnated, break
  α-step: Z₀=28.527088, α=[0.000,0.000,0.000,0.000,0.000,0.000,0.000,0.000,0.000,0.000,0.000,0.000,0.000,0.000,0.000,0.000,2.495,0.000,0.000,0.000,0.000,0.000,0.000,0.000,0.000,0.000,0.000,0.000,0.000,0.000,0.000,0.000,0.000,0.000,2.589,0.000,0.000,0.000,0.000,0.000,0.000,0.000,0.000,0.000,0.000,0.000,0.000,0.000,0.000,0.000,0.302,0.000,0.000,0.000,0.000,0.000,0.000,0.000,0.000,0.000,0.000,0.000,0.000,0.000,0.000,0.000,0.000,0.000,0.000,0.000,0.000,0.000,5.056,0.000,0.000,0.000]
  Alt-Benders[1] (mw): LB=15.060909, Z₀(α*)=4.950294, intercept=-119.094757 (0.528s) [OMP=0.445 ISP-L=0.010 ISP-F=0.027 MW-L=0.025 MW-F=0.018]
  Alt-Benders[2] (mw): LB=15.060909, Z₀(α*)=4.950294, intercept=-119.094757 (0.448s) [OMP=0.361 ISP-L=0.009 ISP-F=0.026 MW-L=0.025 MW-F=0.022]
  Alt-Benders[3] (mw): LB=15.060909, Z₀(α*)=4.950294, intercept=-119.094757 (0.437s) [OMP=0.359 ISP-L=0.009 ISP-F=0.027 MW-L=0.019 MW-F=0.024]
  Alt-Benders[4]: LB stagnated, break
  OMP re-solve: 0.000s

=== True-DRO Benders iter 36 ===
  OMP: t₀=15.060909, UB=21.723817, gap=3.07e-01, x=[0, 0, 0, 0, 0, 0, 0, 0, 0, 0, 0, 0, 0, 0, 0, 0, 0, 0, 0, 0, 0, 0, 0, 0, 0, 0, 0, 0, 0, 0, 0, 0, 0, 0, 0, 0, 0, 0, 0, 0, 0, 0, 0, 0, 0, 0, 0, 0, 0, 0, 0, 0, 0, 0, 0, 0, 0, 0, 0, 0, 0, 0, 0, 0, 1, 0, 0, 0, 1, 0, 0, 0, 0, 0, 0, 0] (0.000s)
  Sub: Z₀=26.471237 [LOCAL] (0.4s), α=[0.000,0.000,0.000,0.000,0.000,0.000,0.000,0.000,0.000,0.000,0.000,0.000,0.000,0.000,0.000,0.000,0.000,0.000,0.000,0.000,0.000,0.000,0.000,0.000,0.000,0.000,0.000,0.000,0.000,0.000,0.000,0.000,0.000,0.000,0.000,0.000,0.000,0.000,0.000,0.000,0.000,0.000,0.000,0.000,0.000,0.000,0.000,0.000,0.000,0.000,1.304,0.000,0.000,0.000,0.000,0.000,0.000,0.000,0.000,0.000,0.000,0.000,1.260,0.000,0.674,0.000,0.000,0.000,0.000,0.000,0.000,0.000,7.204,0.000,0.000,0.000]
  Iter 36: LB=15.060909  UB=21.723817  gap=3.07e-01
  Cut: intercept=-1128.368758, π_x_range=[-825.6729, 592.5748]
  Mini-Benders[1] (mw): LB=15.101967, Z₀(α*)=-9.056271, intercept=-51.460951 (0.432s) [OMP=0.347 ISP-L=0.007 ISP-F=0.029 MW-L=0.023 MW-F=0.025]
  Mini-Benders[2] (mw): LB=15.101967, Z₀(α*)=-9.056271, intercept=-51.460951 (0.448s) [OMP=0.357 ISP-L=0.008 ISP-F=0.028 MW-L=0.023 MW-F=0.024]
  Mini-Benders[3] (mw): LB=15.101967, Z₀(α*)=-9.056271, intercept=-51.460951 (0.448s) [OMP=0.357 ISP-L=0.007 ISP-F=0.028 MW-L=0.028 MW-F=0.019]
  Mini-Benders[4]: LB stagnated, break
  α-step: Z₀=25.442590, α=[0.000,0.000,0.000,0.000,0.000,0.000,0.000,0.000,0.000,0.000,0.000,0.000,0.000,0.000,0.000,0.000,0.000,0.000,0.000,0.000,0.000,0.000,0.000,0.000,0.000,0.000,0.000,0.000,0.000,0.000,0.000,0.000,0.000,0.000,2.589,0.000,0.000,0.000,0.000,0.000,0.000,0.000,0.000,0.000,0.000,0.000,0.000,0.000,0.000,0.000,2.852,2.451,0.000,0.000,0.000,0.000,0.000,0.000,0.000,0.000,0.000,0.000,0.000,0.000,0.000,0.000,0.000,0.000,0.000,0.000,0.000,0.000,2.551,0.000,0.000,0.000]
  Alt-Benders[1] (mw): LB=15.105173, Z₀(α*)=2.290139, intercept=-25.305653 (0.417s) [OMP=0.331 ISP-L=0.007 ISP-F=0.025 MW-L=0.024 MW-F=0.020]
  Alt-Benders[2] (mw): LB=15.105173, Z₀(α*)=2.290139, intercept=-25.305653 (0.482s) [OMP=0.408 ISP-L=0.008 ISP-F=0.025 MW-L=0.023 MW-F=0.020]
  Alt-Benders[3] (mw): LB=15.105173, Z₀(α*)=2.290139, intercept=-25.305653 (0.494s) [OMP=0.409 ISP-L=0.007 ISP-F=0.025 MW-L=0.024 MW-F=0.023]
  Alt-Benders[4]: LB stagnated, break
  OMP re-solve: 0.000s

=== True-DRO Benders iter 37 ===
  OMP: t₀=15.105173, UB=21.723817, gap=3.05e-01, x=[0, 0, 0, 0, 0, 0, 0, 0, 0, 0, 0, 0, 0, 0, 0, 0, 0, 0, 0, 0, 1, 0, 0, 0, 0, 0, 0, 0, 0, 1, 0, 0, 0, 0, 0, 0, 0, 0, 0, 0, 0, 0, 0, 0, 0, 0, 0, 0, 0, 0, 0, 0, 0, 0, 0, 0, 0, 0, 0, 0, 0, 0, 0, 0, 0, 0, 0, 0, 0, 0, 0, 0, 0, 0, 0, 0] (0.000s)
  Sub: Z₀=27.918007 [LOCAL] (0.4s), α=[0.000,0.000,0.000,0.000,0.000,0.000,0.000,0.000,0.000,0.000,0.000,0.000,0.000,0.000,0.000,0.000,0.772,0.000,0.000,0.000,2.328,0.000,0.000,0.000,0.000,0.000,0.000,0.000,0.000,0.000,0.000,0.000,0.000,0.000,2.589,0.000,0.000,0.000,0.000,0.000,0.000,0.000,0.000,0.000,0.000,0.000,0.000,0.000,0.000,0.000,0.000,0.000,0.000,0.000,0.000,0.000,0.000,0.000,0.000,0.000,0.000,0.000,0.000,0.000,0.000,0.000,0.000,0.000,0.000,0.000,0.000,0.000,4.754,0.000,0.000,0.000]
  Iter 37: LB=15.105173  UB=21.723817  gap=3.05e-01
  Cut: intercept=-1142.489178, π_x_range=[-825.9018, 585.7074]
  Mini-Benders[1] (mw): LB=15.121366, Z₀(α*)=-0.127806, intercept=-59.166479 (0.418s) [OMP=0.339 ISP-L=0.008 ISP-F=0.023 MW-L=0.021 MW-F=0.024]
  Mini-Benders[2] (mw): LB=15.121366, Z₀(α*)=-0.127806, intercept=-59.166479 (0.432s) [OMP=0.360 ISP-L=0.008 ISP-F=0.023 MW-L=0.021 MW-F=0.024]
  Mini-Benders[3] (mw): LB=15.121366, Z₀(α*)=-0.127806, intercept=-59.166479 (0.448s) [OMP=0.359 ISP-L=0.008 ISP-F=0.023 MW-L=0.021 MW-F=0.024]
  Mini-Benders[4]: LB stagnated, break
  α-step: Z₀=25.737619, α=[0.000,0.000,0.000,0.000,0.000,0.000,0.000,0.000,0.000,0.000,0.000,0.000,0.000,0.000,0.000,0.000,0.000,0.000,0.000,0.000,0.000,0.000,0.000,0.000,0.000,0.000,0.000,0.000,0.000,0.000,0.000,0.000,0.000,0.000,2.589,0.000,0.000,0.000,0.000,0.000,0.000,0.000,0.000,0.000,0.000,0.000,0.000,0.000,0.000,0.000,1.940,2.907,0.000,0.000,0.000,0.000,0.000,0.000,0.000,0.000,0.000,0.000,0.000,0.000,0.000,0.000,0.000,0.000,0.000,0.000,0.000,0.000,3.007,0.000,0.000,0.000]
  Alt-Benders[1] (mw): LB=15.136691, Z₀(α*)=-20.417860, intercept=-87.135766 (0.464s) [OMP=0.388 ISP-L=0.006 ISP-F=0.022 MW-L=0.028 MW-F=0.021]
  Alt-Benders[2] (mw): LB=15.136691, Z₀(α*)=-20.417860, intercept=-87.135766 (0.416s) [OMP=0.330 ISP-L=0.006 ISP-F=0.022 MW-L=0.029 MW-F=0.021]
  Alt-Benders[3] (mw): LB=15.136691, Z₀(α*)=-20.417860, intercept=-87.135766 (0.401s) [OMP=0.334 ISP-L=0.006 ISP-F=0.022 MW-L=0.028 MW-F=0.021]
  Alt-Benders[4]: LB stagnated, break
  OMP re-solve: 0.001s

=== True-DRO Benders iter 38 ===
  OMP: t₀=15.136691, UB=21.723817, gap=3.03e-01, x=[0, 0, 0, 0, 0, 0, 0, 0, 0, 0, 0, 0, 0, 1, 0, 0, 0, 0, 0, 0, 0, 0, 0, 0, 0, 0, 0, 0, 0, 0, 0, 0, 0, 0, 0, 0, 0, 0, 0, 0, 0, 0, 1, 0, 0, 0, 0, 0, 0, 0, 0, 0, 0, 0, 0, 0, 0, 0, 0, 0, 0, 0, 0, 0, 0, 0, 0, 0, 0, 0, 0, 0, 0, 0, 0, 0] (0.000s)
  Sub: Z₀=24.730082 [LOCAL] (0.4s), α=[0.000,0.000,0.000,0.000,0.000,0.000,0.000,0.000,0.000,0.000,0.000,0.000,0.000,3.916,0.000,0.000,0.000,0.000,0.000,0.000,0.000,0.000,0.000,0.000,0.000,0.000,0.000,0.000,0.000,0.000,0.000,0.000,0.000,0.000,1.899,0.000,0.000,0.000,0.000,0.000,0.000,0.000,2.183,0.000,0.000,0.000,0.000,0.000,0.000,0.000,0.000,0.000,0.000,0.000,0.000,0.000,0.000,0.000,0.000,0.000,0.000,0.000,0.000,0.000,0.000,0.000,0.000,0.000,0.000,0.000,0.000,0.000,2.446,0.000,0.000,0.000]
  Iter 38: LB=15.136691  UB=21.723817  gap=3.03e-01
  Cut: intercept=-1101.050208, π_x_range=[-825.9125, 586.6997]
  Mini-Benders[1] (mw): LB=15.138802, Z₀(α*)=-58.630272, intercept=-162.557183 (0.479s) [OMP=0.404 ISP-L=0.008 ISP-F=0.024 MW-L=0.024 MW-F=0.026]
  Mini-Benders[2] (mw): LB=15.138802, Z₀(α*)=-58.630272, intercept=-162.557183 (0.542s) [OMP=0.450 ISP-L=0.008 ISP-F=0.023 MW-L=0.024 MW-F=0.025]
  Mini-Benders[3] (mw): LB=15.138802, Z₀(α*)=-58.630272, intercept=-162.557183 (0.526s) [OMP=0.447 ISP-L=0.008 ISP-F=0.023 MW-L=0.024 MW-F=0.026]
  Mini-Benders[4]: LB stagnated, break
  α-step: Z₀=16.241858, α=[0.000,0.000,0.000,0.000,0.000,0.000,0.000,0.000,0.000,0.000,0.000,0.000,0.000,0.000,0.000,0.000,0.000,0.000,0.000,0.000,0.000,0.000,0.000,0.000,0.000,0.000,0.000,0.000,0.000,0.000,0.000,0.000,0.000,0.000,0.000,0.000,0.000,0.000,0.000,0.000,0.000,0.000,0.000,0.000,0.000,0.000,0.000,0.000,0.000,0.000,0.000,0.000,0.000,0.000,0.000,0.000,0.000,0.000,0.000,0.000,0.000,0.000,0.000,0.000,0.000,0.000,0.000,0.000,0.000,0.000,0.000,10.443,0.000,0.000,0.000,0.000]
  Alt-Benders[1] (mw): LB=15.142329, Z₀(α*)=-21.722028, intercept=-58.734091 (0.449s) [OMP=0.359 ISP-L=0.008 ISP-F=0.029 MW-L=0.026 MW-F=0.019]
  Alt-Benders[2] (mw): LB=15.142329, Z₀(α*)=-21.722028, intercept=-58.734091 (0.432s) [OMP=0.350 ISP-L=0.007 ISP-F=0.029 MW-L=0.026 MW-F=0.019]
  Alt-Benders[3] (mw): LB=15.142329, Z₀(α*)=-21.722028, intercept=-58.734091 (0.432s) [OMP=0.350 ISP-L=0.008 ISP-F=0.029 MW-L=0.027 MW-F=0.019]
  Alt-Benders[4]: LB stagnated, break
  OMP re-solve: 0.000s

=== True-DRO Benders iter 39 ===
  OMP: t₀=15.142329, UB=21.723817, gap=3.03e-01, x=[0, 0, 0, 0, 0, 0, 0, 1, 0, 0, 0, 0, 0, 0, 0, 0, 0, 0, 0, 0, 0, 0, 0, 0, 0, 0, 0, 0, 0, 0, 0, 0, 0, 0, 0, 0, 0, 0, 0, 0, 0, 0, 0, 0, 0, 0, 0, 0, 0, 0, 0, 1, 0, 0, 0, 0, 0, 0, 0, 0, 0, 0, 0, 0, 0, 0, 0, 0, 0, 0, 0, 0, 0, 0, 0, 0] (0.000s)
  Sub: Z₀=25.758578 [LOCAL] (0.4s), α=[0.000,0.000,0.000,0.000,0.000,0.000,0.000,0.000,0.000,0.000,0.000,0.000,0.000,0.000,0.000,0.000,0.000,0.000,0.000,0.000,0.000,0.000,0.000,0.000,0.000,0.000,0.000,0.000,0.000,0.000,0.000,0.000,0.000,0.000,2.808,0.000,0.000,0.000,0.000,0.000,0.000,0.000,0.000,0.000,0.000,0.000,0.000,0.000,0.000,0.000,1.268,3.359,0.000,0.000,0.000,0.000,0.000,0.000,0.000,0.000,0.000,0.000,0.000,0.000,0.000,0.000,0.000,0.000,0.000,0.000,0.000,0.219,2.788,0.000,0.000,0.000]
  Iter 39: LB=15.142329  UB=21.723817  gap=3.03e-01
  Cut: intercept=-1104.554845, π_x_range=[-826.2249, 565.5945]
  Mini-Benders[1] (mw): LB=15.146508, Z₀(α*)=9.384973, intercept=-91.589198 (0.512s) [OMP=0.433 ISP-L=0.007 ISP-F=0.027 MW-L=0.025 MW-F=0.026]
  Mini-Benders[2] (mw): LB=15.146508, Z₀(α*)=9.384973, intercept=-91.589198 (0.463s) [OMP=0.375 ISP-L=0.007 ISP-F=0.027 MW-L=0.020 MW-F=0.028]
  Mini-Benders[3] (mw): LB=15.146508, Z₀(α*)=9.384973, intercept=-91.589198 (0.463s) [OMP=0.382 ISP-L=0.007 ISP-F=0.027 MW-L=0.019 MW-F=0.027]
  Mini-Benders[4]: LB stagnated, break
  α-step: Z₀=27.323314, α=[0.000,0.000,0.000,0.000,0.000,0.000,0.000,0.000,0.000,0.000,0.000,0.000,0.000,0.000,0.000,0.000,1.122,0.000,0.000,0.000,0.000,0.000,0.000,0.000,0.000,0.000,0.000,0.000,0.000,0.000,0.000,0.000,0.000,0.000,3.395,0.000,0.000,0.000,1.088,0.000,0.000,0.000,0.000,0.000,0.000,0.083,0.000,0.000,0.000,0.000,0.000,0.000,0.000,0.000,0.000,0.000,0.000,0.000,0.000,0.000,0.000,0.000,0.000,0.000,0.000,0.000,0.000,0.000,0.000,0.000,0.000,0.000,4.754,0.000,0.000,0.000]
  Alt-Benders[1] (mw): LB=15.153706, Z₀(α*)=17.913196, intercept=-65.514645 (0.495s) [OMP=0.405 ISP-L=0.009 ISP-F=0.026 MW-L=0.018 MW-F=0.025]
  Alt-Benders[2] (mw): LB=15.178295, Z₀(α*)=2.047714, intercept=-75.863771 (0.526s) [OMP=0.449 ISP-L=0.008 ISP-F=0.024 MW-L=0.027 MW-F=0.018]
  Alt-Benders[3] (mw): LB=15.178295, Z₀(α*)=2.047714, intercept=-75.863771 (0.447s) [OMP=0.376 ISP-L=0.009 ISP-F=0.024 MW-L=0.027 MW-F=0.018]
  Alt-Benders[4] (mw): LB=15.178295, Z₀(α*)=2.047714, intercept=-75.863771 (0.464s) [OMP=0.374 ISP-L=0.008 ISP-F=0.023 MW-L=0.027 MW-F=0.018]
  Alt-Benders[5]: LB stagnated, break
  OMP re-solve: 0.001s

=== True-DRO Benders iter 40 ===
  OMP: t₀=15.178295, UB=21.723817, gap=3.01e-01, x=[0, 0, 0, 0, 0, 0, 0, 0, 0, 0, 0, 0, 0, 0, 0, 0, 0, 0, 0, 0, 0, 0, 0, 0, 0, 0, 0, 0, 0, 0, 0, 0, 0, 0, 0, 0, 0, 0, 0, 0, 0, 0, 0, 0, 0, 0, 0, 0, 0, 0, 0, 1, 0, 0, 0, 0, 0, 0, 0, 0, 0, 0, 0, 0, 0, 0, 1, 0, 0, 0, 0, 0, 0, 0, 0, 0] (0.000s)
  Sub: Z₀=25.784553 [TIME_LIMIT] (15.1s), α=[0.000,0.000,0.000,0.000,0.000,0.000,0.000,0.000,0.000,0.000,0.000,0.000,0.000,0.000,0.000,0.000,0.000,0.000,0.000,0.000,0.000,0.000,0.000,0.000,0.000,0.000,0.000,0.000,0.000,0.000,0.000,0.000,0.000,0.000,3.021,0.000,0.000,0.000,0.000,0.000,0.000,0.000,0.000,0.000,0.000,0.000,0.000,0.000,0.000,0.000,1.253,3.161,0.000,0.000,0.000,0.000,0.000,0.000,0.000,0.000,0.000,0.000,0.000,0.000,0.000,0.000,0.000,0.000,0.000,0.000,0.000,0.433,2.575,0.000,0.000,0.000]
  Iter 40: LB=15.178295  UB=21.723817  gap=3.01e-01
  Cut: intercept=-105.720421, π_x_range=[-253.0324, 69.7135]
  Mini-Benders[1] (mw): LB=15.297126, Z₀(α*)=-22.680133, intercept=-81.119578 (0.604s) [OMP=0.519 ISP-L=0.006 ISP-F=0.028 MW-L=0.027 MW-F=0.021]
  Mini-Benders[2] (mw): LB=15.297126, Z₀(α*)=-22.680133, intercept=-81.119578 (0.513s) [OMP=0.417 ISP-L=0.006 ISP-F=0.033 MW-L=0.022 MW-F=0.026]
  Mini-Benders[3] (mw): LB=15.297126, Z₀(α*)=-22.680133, intercept=-81.119578 (0.495s) [OMP=0.412 ISP-L=0.006 ISP-F=0.027 MW-L=0.021 MW-F=0.026]
  Mini-Benders[4]: LB stagnated, break
  α-step: Z₀=25.535288, α=[0.000,0.000,0.000,0.000,0.000,0.000,0.000,0.000,0.000,0.000,5.946,0.000,0.000,0.000,0.000,0.000,0.000,0.000,0.000,0.000,0.000,0.000,0.000,0.000,0.000,0.000,0.000,0.000,0.000,0.000,0.000,0.000,0.000,0.000,0.000,0.000,0.000,0.000,0.000,0.000,0.000,0.000,2.622,0.000,0.000,0.000,0.000,0.000,0.000,0.000,0.000,0.000,0.000,0.000,0.000,0.000,0.000,0.000,0.000,0.000,0.000,0.000,0.000,0.000,0.000,0.000,0.000,0.000,0.000,0.000,0.000,0.000,1.875,0.000,0.000,0.000]
  Alt-Benders[1] (mw): LB=15.323049, Z₀(α*)=-6.552277, intercept=-88.474858 (0.513s) [OMP=0.432 ISP-L=0.008 ISP-F=0.028 MW-L=0.021 MW-F=0.026]
  Alt-Benders[2] (mw): LB=15.323049, Z₀(α*)=-6.552277, intercept=-88.474858 (0.479s) [OMP=0.385 ISP-L=0.009 ISP-F=0.028 MW-L=0.021 MW-F=0.025]
  Alt-Benders[3] (mw): LB=15.323049, Z₀(α*)=-6.552277, intercept=-88.474858 (0.463s) [OMP=0.384 ISP-L=0.008 ISP-F=0.028 MW-L=0.026 MW-F=0.019]
  Alt-Benders[4]: LB stagnated, break
  OMP re-solve: 0.001s

=== True-DRO Benders iter 41 ===
  OMP: t₀=15.323049, UB=21.723817, gap=2.95e-01, x=[0, 1, 0, 0, 0, 0, 0, 0, 0, 0, 0, 0, 0, 0, 0, 1, 0, 0, 0, 0, 0, 0, 0, 0, 0, 0, 0, 0, 0, 0, 0, 0, 0, 0, 0, 0, 0, 0, 0, 0, 0, 0, 0, 0, 0, 0, 0, 0, 0, 0, 0, 0, 0, 0, 0, 0, 0, 0, 0, 0, 0, 0, 0, 0, 0, 0, 0, 0, 0, 0, 0, 0, 0, 0, 0, 0] (0.000s)
  Sub: Z₀=25.990777 [LOCAL] (0.4s), α=[0.000,1.994,0.000,0.000,0.000,0.000,0.000,0.000,0.000,0.000,0.000,0.000,0.000,0.000,0.000,0.000,4.030,0.000,0.000,0.000,0.000,0.000,0.000,0.000,0.000,0.000,0.000,1.973,0.000,0.000,0.000,0.000,0.000,0.000,0.000,0.000,0.000,0.000,0.000,0.000,0.000,0.000,0.000,0.000,0.000,0.000,0.000,0.000,0.000,0.000,0.000,0.000,0.000,0.000,0.000,0.000,0.000,0.000,0.000,0.000,0.000,0.000,0.000,0.000,0.000,0.000,0.000,0.000,0.000,0.000,0.000,0.000,2.446,0.000,0.000,0.000]
  Iter 41: LB=15.323049  UB=21.723817  gap=2.95e-01
  Cut: intercept=-1103.361648, π_x_range=[-824.6670, 580.6895]
  Mini-Benders[1] (mw): LB=15.330197, Z₀(α*)=-14.822258, intercept=-45.319686 (0.464s) [OMP=0.385 ISP-L=0.008 ISP-F=0.028 MW-L=0.026 MW-F=0.019]
  Mini-Benders[2] (mw): LB=15.330197, Z₀(α*)=-14.822258, intercept=-45.319686 (0.479s) [OMP=0.394 ISP-L=0.008 ISP-F=0.028 MW-L=0.026 MW-F=0.019]
  Mini-Benders[3] (mw): LB=15.330197, Z₀(α*)=-14.822258, intercept=-45.319686 (0.479s) [OMP=0.388 ISP-L=0.008 ISP-F=0.028 MW-L=0.026 MW-F=0.023]
  Mini-Benders[4]: LB stagnated, break
  α-step: Z₀=25.412762, α=[0.000,0.000,0.000,0.000,0.000,0.000,0.000,0.000,0.000,0.000,0.000,0.000,0.000,0.000,0.000,0.000,0.000,0.000,0.000,0.000,0.000,0.000,0.000,0.000,0.000,0.000,0.000,0.000,0.000,0.000,0.000,0.000,0.000,0.000,2.589,0.000,0.000,0.000,0.000,0.000,0.000,0.000,0.000,0.000,0.000,0.000,0.000,0.000,0.000,0.000,1.940,2.907,0.000,0.000,0.000,0.000,0.000,0.000,0.000,0.000,0.000,0.000,0.000,0.000,0.000,0.000,0.000,0.000,0.000,0.000,0.000,0.000,3.007,0.000,0.000,0.000]
  Alt-Benders[1] (mw): LB=15.345384, Z₀(α*)=8.977276, intercept=-61.342929 (0.517s) [OMP=0.440 ISP-L=0.008 ISP-F=0.024 MW-L=0.021 MW-F=0.025]
  Alt-Benders[2] (mw): LB=15.345384, Z₀(α*)=8.977276, intercept=-61.342929 (0.448s) [OMP=0.378 ISP-L=0.008 ISP-F=0.024 MW-L=0.021 MW-F=0.024]
  Alt-Benders[3] (mw): LB=15.345384, Z₀(α*)=8.977276, intercept=-61.342929 (0.463s) [OMP=0.380 ISP-L=0.008 ISP-F=0.024 MW-L=0.021 MW-F=0.025]
  Alt-Benders[4]: LB stagnated, break
  OMP re-solve: 0.000s

=== True-DRO Benders iter 42 ===
  OMP: t₀=15.345384, UB=21.723817, gap=2.94e-01, x=[0, 0, 0, 0, 0, 0, 0, 0, 0, 0, 0, 0, 0, 0, 0, 0, 0, 0, 0, 0, 1, 0, 0, 0, 0, 0, 0, 0, 0, 0, 0, 0, 0, 0, 0, 0, 0, 0, 0, 0, 0, 0, 0, 0, 0, 0, 0, 0, 0, 0, 0, 0, 0, 0, 0, 0, 0, 0, 0, 0, 0, 0, 0, 0, 0, 0, 1, 0, 0, 0, 0, 0, 0, 0, 0, 0] (0.000s)
  Sub: Z₀=28.712391 [LOCAL] (0.4s), α=[0.000,0.000,0.000,0.000,0.000,0.000,0.000,0.000,0.000,0.000,0.000,0.000,0.000,0.000,0.000,0.000,0.338,0.000,0.000,0.000,1.417,0.000,0.000,0.000,0.000,0.000,0.000,0.000,0.000,0.000,0.000,0.000,0.000,0.000,2.611,0.000,0.000,0.000,0.000,0.000,0.000,0.000,0.000,0.000,0.000,0.000,0.000,0.000,0.000,0.000,0.650,0.000,0.000,0.000,0.000,0.000,0.000,0.000,0.000,0.000,0.000,0.000,0.000,0.000,0.000,0.000,0.000,0.000,0.000,0.000,0.000,0.022,5.405,0.000,0.000,0.000]
  Iter 42: LB=15.345384  UB=21.723817  gap=2.94e-01
  Cut: intercept=-1115.563857, π_x_range=[-825.8281, 586.4968]
  Mini-Benders[1] (mw): LB=15.348114, Z₀(α*)=28.518733, intercept=-55.993654 (0.450s) [OMP=0.375 ISP-L=0.008 ISP-F=0.026 MW-L=0.026 MW-F=0.018]
  Mini-Benders[2] (mw): LB=15.387126, Z₀(α*)=4.740802, intercept=-41.064280 (0.542s) [OMP=0.457 ISP-L=0.008 ISP-F=0.024 MW-L=0.024 MW-F=0.018]
  Mini-Benders[3] (mw): LB=15.387126, Z₀(α*)=4.740802, intercept=-41.064280 (0.463s) [OMP=0.385 ISP-L=0.008 ISP-F=0.024 MW-L=0.025 MW-F=0.018]
  Mini-Benders[4] (mw): LB=15.387126, Z₀(α*)=4.740802, intercept=-41.064280 (0.448s) [OMP=0.379 ISP-L=0.008 ISP-F=0.024 MW-L=0.024 MW-F=0.018]
  Mini-Benders[5]: LB stagnated, break
  α-step: Z₀=26.003379, α=[0.000,0.000,0.000,0.000,0.000,0.000,0.000,0.000,0.000,0.000,0.000,0.000,0.000,0.000,0.000,0.000,0.000,0.000,0.000,0.000,0.000,0.000,0.000,0.000,0.000,0.000,0.000,0.000,0.000,0.000,0.000,0.000,0.000,0.000,2.589,0.000,0.000,0.000,0.000,0.000,0.000,0.000,0.000,0.000,0.000,0.000,0.000,0.000,0.000,0.000,1.940,2.907,0.000,0.000,0.000,0.000,0.000,0.000,0.000,0.000,0.000,0.000,0.000,0.000,0.000,0.000,0.000,0.000,0.000,0.000,0.000,0.000,3.007,0.000,0.000,0.000]
  Alt-Benders[1] (mw): LB=15.387126, Z₀(α*)=26.003379, intercept=-43.120064 (0.501s) [OMP=0.417 ISP-L=0.009 ISP-F=0.030 MW-L=0.019 MW-F=0.025]
  Alt-Benders[2] (mw): LB=15.387126, Z₀(α*)=26.003379, intercept=-43.120067 (0.511s) [OMP=0.429 ISP-L=0.008 ISP-F=0.029 MW-L=0.020 MW-F=0.023]
  Alt-Benders[3] (mw): LB=15.387126, Z₀(α*)=26.003379, intercept=-43.120063 (0.494s) [OMP=0.417 ISP-L=0.009 ISP-F=0.029 MW-L=0.021 MW-F=0.023]
  Alt-Benders[4]: LB stagnated, break
  OMP re-solve: 0.001s

=== True-DRO Benders iter 43 ===
  OMP: t₀=15.387126, UB=21.723817, gap=2.92e-01, x=[0, 0, 0, 0, 0, 0, 0, 0, 0, 0, 0, 0, 0, 0, 0, 1, 0, 0, 0, 0, 0, 0, 0, 0, 0, 0, 0, 0, 0, 0, 0, 0, 0, 0, 0, 0, 0, 0, 0, 0, 0, 0, 0, 0, 0, 0, 0, 0, 0, 0, 0, 1, 0, 0, 0, 0, 0, 0, 0, 0, 0, 0, 0, 0, 0, 0, 0, 0, 0, 0, 0, 0, 0, 0, 0, 0] (0.001s)
  Sub: Z₀=26.003374 [LOCAL] (0.4s), α=[0.000,0.000,0.000,0.000,0.000,0.000,0.000,0.000,0.000,0.000,0.000,0.000,0.000,0.000,0.000,0.000,0.000,0.000,0.000,0.000,0.000,0.000,0.000,0.000,0.000,0.000,0.000,0.000,0.000,0.000,0.000,0.000,0.000,0.000,2.752,0.000,0.000,0.000,0.000,0.000,0.000,0.000,0.000,0.000,0.000,0.000,0.000,0.000,0.000,0.000,1.267,3.417,0.000,0.000,0.000,0.000,0.000,0.000,0.000,0.000,0.000,0.000,0.000,0.000,0.000,0.000,0.000,0.000,0.000,0.000,0.000,0.163,2.844,0.000,0.000,0.000]
  Iter 43: LB=15.387126  UB=21.723817  gap=2.92e-01
  Cut: intercept=-1110.253488, π_x_range=[-827.4162, 571.2532]
  Mini-Benders[1] (mw): LB=15.397053, Z₀(α*)=5.466579, intercept=-39.124041 (0.448s) [OMP=0.358 ISP-L=0.009 ISP-F=0.028 MW-L=0.019 MW-F=0.022]
  Mini-Benders[2] (mw): LB=15.397053, Z₀(α*)=5.466579, intercept=-39.124041 (0.526s) [OMP=0.439 ISP-L=0.009 ISP-F=0.028 MW-L=0.024 MW-F=0.017]
  Mini-Benders[3] (mw): LB=15.397053, Z₀(α*)=5.466579, intercept=-39.124041 (0.511s) [OMP=0.437 ISP-L=0.009 ISP-F=0.028 MW-L=0.025 MW-F=0.017]
  Mini-Benders[4]: LB stagnated, break
  α-step: Z₀=24.099786, α=[0.000,0.000,0.000,0.000,0.000,0.000,0.000,0.000,0.000,0.000,0.000,0.000,0.000,0.000,0.000,0.000,0.000,0.000,0.000,0.000,0.000,0.000,0.000,0.000,0.000,0.000,0.000,0.000,0.000,0.000,0.000,0.000,0.000,0.000,2.589,0.000,0.000,0.000,0.000,0.000,0.000,0.000,0.000,0.000,0.000,0.000,0.000,0.000,0.000,0.000,2.532,0.000,0.000,2.792,0.000,0.000,0.000,0.000,0.000,0.000,0.000,0.000,0.000,0.000,0.000,0.000,0.000,0.000,0.000,0.000,0.000,0.000,2.530,0.000,0.000,0.000]
  Alt-Benders[1] (mw): LB=15.555031, Z₀(α*)=-12.108303, intercept=-82.589036 (0.542s) [OMP=0.472 ISP-L=0.007 ISP-F=0.025 MW-L=0.027 MW-F=0.019]
  Alt-Benders[2] (mw): LB=15.555031, Z₀(α*)=-12.108303, intercept=-82.589036 (0.432s) [OMP=0.347 ISP-L=0.006 ISP-F=0.024 MW-L=0.027 MW-F=0.023]
  Alt-Benders[3] (mw): LB=15.555031, Z₀(α*)=-12.108303, intercept=-82.589036 (0.432s) [OMP=0.347 ISP-L=0.006 ISP-F=0.025 MW-L=0.021 MW-F=0.025]
  Alt-Benders[4]: LB stagnated, break
  OMP re-solve: 0.001s

=== True-DRO Benders iter 44 ===
  OMP: t₀=15.555031, UB=21.723817, gap=2.84e-01, x=[0, 0, 0, 0, 0, 0, 0, 0, 0, 0, 0, 0, 0, 0, 0, 0, 0, 0, 0, 0, 0, 0, 0, 0, 0, 0, 0, 0, 0, 0, 0, 0, 0, 0, 0, 0, 0, 0, 0, 0, 0, 0, 1, 0, 0, 0, 1, 0, 0, 0, 0, 0, 0, 0, 0, 0, 0, 0, 0, 0, 0, 0, 0, 0, 0, 0, 0, 0, 0, 0, 0, 0, 0, 0, 0, 0] (0.000s)
  Sub: Z₀=26.858375 [LOCAL] (0.4s), α=[0.000,0.000,0.000,0.000,0.000,0.000,0.000,0.000,0.000,0.000,1.787,0.000,0.000,0.000,0.000,0.000,1.360,0.000,0.000,0.000,0.000,0.000,0.000,0.000,0.000,0.000,0.000,0.000,0.000,0.000,0.000,0.000,0.000,0.000,0.923,0.000,0.000,0.000,0.000,0.000,0.000,0.000,3.927,0.000,0.000,0.000,0.000,0.000,0.000,0.000,0.000,0.000,0.000,0.000,0.000,0.000,0.000,0.000,0.000,0.000,0.000,0.000,0.000,0.000,0.000,0.000,0.000,0.000,0.000,0.000,0.000,0.000,2.446,0.000,0.000,0.000]
  Iter 44: LB=15.555031  UB=21.723817  gap=2.84e-01
  Cut: intercept=-1089.545361, π_x_range=[-826.5352, 577.7376]
  Mini-Benders[1] (mw): LB=15.604336, Z₀(α*)=5.616246, intercept=-14.752534 (0.526s) [OMP=0.458 ISP-L=0.008 ISP-F=0.023 MW-L=0.021 MW-F=0.024]
  Mini-Benders[2] (mw): LB=15.604336, Z₀(α*)=5.616246, intercept=-14.752534 (0.511s) [OMP=0.425 ISP-L=0.008 ISP-F=0.023 MW-L=0.021 MW-F=0.024]
  Mini-Benders[3] (mw): LB=15.604336, Z₀(α*)=5.616246, intercept=-14.752534 (0.494s) [OMP=0.417 ISP-L=0.008 ISP-F=0.023 MW-L=0.026 MW-F=0.019]
  Mini-Benders[4]: LB stagnated, break
  α-step: Z₀=28.538047, α=[0.000,0.000,0.000,0.000,0.000,0.000,0.000,0.000,0.000,0.000,0.000,0.000,0.000,0.000,0.000,0.000,1.888,0.000,0.000,0.000,0.000,0.000,0.000,0.000,0.000,0.000,0.000,0.000,0.000,0.000,0.000,0.000,0.000,0.000,2.589,0.000,0.000,0.000,0.000,0.000,0.000,0.000,0.000,0.000,0.000,0.000,0.000,0.000,0.000,0.000,0.606,0.000,0.000,0.000,0.000,0.000,0.000,0.000,0.000,0.000,0.000,0.000,0.000,0.000,0.000,0.000,0.000,0.000,0.000,0.000,0.000,0.000,5.360,0.000,0.000,0.000]
  Alt-Benders[1] (mw): LB=15.615109, Z₀(α*)=26.464645, intercept=-22.267116 (0.515s) [OMP=0.431 ISP-L=0.009 ISP-F=0.027 MW-L=0.028 MW-F=0.018]
  Alt-Benders[2] (mw): LB=15.624336, Z₀(α*)=28.579062, intercept=-8.221014 (0.526s) [OMP=0.451 ISP-L=0.008 ISP-F=0.026 MW-L=0.026 MW-F=0.018]
  Alt-Benders[3] (mw): LB=15.634336, Z₀(α*)=22.585901, intercept=-35.858142 (0.510s) [OMP=0.431 ISP-L=0.008 ISP-F=0.024 MW-L=0.026 MW-F=0.019]
  Alt-Benders[4] (mw): LB=15.634336, Z₀(α*)=28.981748, intercept=-24.395501 (0.541s) [OMP=0.449 ISP-L=0.008 ISP-F=0.026 MW-L=0.027 MW-F=0.022]
  Alt-Benders[5] (mw): LB=15.634336, Z₀(α*)=28.142444, intercept=-18.567399 (0.495s) [OMP=0.425 ISP-L=0.008 ISP-F=0.026 MW-L=0.020 MW-F=0.023]
  OMP re-solve: 0.458s

=== True-DRO Benders iter 45 ===
  OMP: t₀=15.763668, UB=21.723817, gap=2.74e-01, x=[0, 0, 0, 0, 0, 0, 0, 0, 0, 0, 0, 0, 0, 1, 0, 0, 0, 0, 0, 0, 0, 0, 0, 0, 0, 0, 0, 0, 0, 0, 0, 0, 0, 0, 0, 0, 0, 0, 0, 0, 0, 0, 0, 0, 0, 0, 0, 0, 0, 1, 0, 0, 0, 0, 0, 0, 0, 0, 0, 0, 0, 0, 0, 0, 0, 0, 0, 0, 0, 0, 0, 0, 0, 0, 0, 0] (0.001s)
  Sub: Z₀=26.274420 [TIME_LIMIT] (15.1s), α=[0.000,0.000,0.000,0.000,0.000,0.000,0.000,0.000,0.000,0.000,0.000,0.000,0.000,4.199,0.000,0.000,0.000,0.000,0.000,0.000,0.000,0.000,0.000,0.000,0.000,0.000,0.000,0.000,0.000,0.000,0.000,0.000,0.000,0.000,2.987,0.000,0.000,0.000,0.000,0.000,0.000,0.000,0.000,0.000,0.000,0.000,0.000,0.000,0.000,0.000,0.000,0.000,0.000,0.000,0.000,0.000,0.000,0.000,0.000,0.000,0.000,0.000,0.000,0.000,0.000,0.000,0.000,0.000,0.000,0.000,0.000,0.000,3.257,0.000,0.000,0.000]
  Iter 45: LB=15.763668  UB=21.723817  gap=2.74e-01
  Cut: intercept=-46.663987, π_x_range=[-253.2916, 47.5681]
  Mini-Benders[1] (mw): LB=15.799890, Z₀(α*)=-14.605784, intercept=-64.887638 (0.510s) [OMP=0.433 ISP-L=0.009 ISP-F=0.025 MW-L=0.021 MW-F=0.025]
  Mini-Benders[2] (mw): LB=15.799890, Z₀(α*)=-14.605784, intercept=-64.887638 (0.479s) [OMP=0.395 ISP-L=0.009 ISP-F=0.024 MW-L=0.021 MW-F=0.024]
  Mini-Benders[3] (mw): LB=15.799890, Z₀(α*)=-14.605784, intercept=-64.887638 (0.479s) [OMP=0.393 ISP-L=0.009 ISP-F=0.024 MW-L=0.021 MW-F=0.025]
  Mini-Benders[4]: LB stagnated, break
  α-step: Z₀=24.424934, α=[0.000,0.000,0.000,0.000,0.000,0.000,0.000,0.000,0.000,0.000,0.000,0.000,0.000,0.000,0.000,0.000,0.000,0.000,0.000,0.000,0.000,0.000,0.000,0.000,0.000,0.000,0.000,0.000,0.000,0.000,0.000,0.000,0.000,0.000,0.708,0.000,0.000,0.000,0.000,0.000,0.000,0.000,0.000,0.000,0.000,0.000,0.000,0.000,0.000,0.000,0.000,0.000,0.000,0.000,0.000,0.000,0.000,0.000,0.000,0.000,0.000,0.000,0.000,0.000,0.000,0.000,0.000,0.000,0.000,0.000,0.000,0.000,9.735,0.000,0.000,0.000]
  Alt-Benders[1] (mw): LB=15.841556, Z₀(α*)=-4.042899, intercept=-43.750568 (0.510s) [OMP=0.431 ISP-L=0.009 ISP-F=0.027 MW-L=0.026 MW-F=0.019]
  Alt-Benders[2] (mw): LB=15.841556, Z₀(α*)=-4.042899, intercept=-43.750568 (0.494s) [OMP=0.403 ISP-L=0.009 ISP-F=0.027 MW-L=0.026 MW-F=0.019]
  Alt-Benders[3] (mw): LB=15.841556, Z₀(α*)=-4.042899, intercept=-43.750568 (0.479s) [OMP=0.399 ISP-L=0.009 ISP-F=0.027 MW-L=0.027 MW-F=0.019]
  Alt-Benders[4]: LB stagnated, break
  OMP re-solve: 0.001s

=== True-DRO Benders iter 46 ===
  OMP: t₀=15.841556, UB=21.723817, gap=2.71e-01, x=[0, 0, 0, 0, 0, 0, 0, 0, 0, 0, 0, 0, 0, 0, 0, 0, 0, 0, 0, 0, 0, 0, 0, 0, 0, 0, 0, 0, 0, 0, 0, 0, 0, 0, 0, 0, 0, 0, 0, 0, 0, 0, 0, 0, 0, 0, 0, 0, 0, 0, 0, 0, 0, 1, 0, 0, 0, 0, 0, 0, 0, 0, 1, 0, 0, 0, 0, 0, 0, 0, 0, 0, 0, 0, 0, 0] (0.000s)
  Sub: Z₀=24.953829 [LOCAL] (0.4s), α=[0.000,0.000,0.000,0.000,0.000,0.000,0.000,0.000,0.000,0.000,0.000,0.000,0.000,0.000,0.000,0.000,0.000,0.000,0.000,0.000,0.000,0.000,0.000,0.000,0.000,0.000,0.000,0.000,0.000,0.000,0.000,0.000,0.000,0.000,2.630,0.000,0.000,0.000,0.000,0.000,0.000,0.000,0.000,0.000,0.000,0.000,0.000,0.000,0.000,0.000,1.779,0.000,0.000,5.029,0.000,0.464,0.000,0.000,0.000,0.000,0.000,0.000,0.000,0.000,0.000,0.000,0.000,0.000,0.000,0.000,0.000,0.042,0.499,0.000,0.000,0.000]
  Iter 46: LB=15.841556  UB=21.723817  gap=2.71e-01
  Cut: intercept=-1126.496898, π_x_range=[-826.3130, 592.8782]
  Mini-Benders[1] (mw): LB=15.856090, Z₀(α*)=-9.830406, intercept=-85.500607 (0.527s) [OMP=0.455 ISP-L=0.006 ISP-F=0.027 MW-L=0.025 MW-F=0.025]
  Mini-Benders[2] (mw): LB=15.856090, Z₀(α*)=-9.830406, intercept=-85.500607 (0.495s) [OMP=0.406 ISP-L=0.006 ISP-F=0.027 MW-L=0.025 MW-F=0.025]
  Mini-Benders[3] (mw): LB=15.856090, Z₀(α*)=-9.830406, intercept=-85.500607 (0.494s) [OMP=0.401 ISP-L=0.006 ISP-F=0.027 MW-L=0.025 MW-F=0.025]
  Mini-Benders[4]: LB stagnated, break
  α-step: Z₀=23.839876, α=[0.000,0.000,0.000,0.000,0.000,0.000,0.000,0.000,0.000,0.000,0.000,0.000,0.000,0.000,0.000,0.000,0.238,0.000,0.000,0.000,0.000,0.000,0.000,0.000,0.000,0.000,0.000,0.000,0.000,0.000,0.000,0.000,0.000,0.000,0.484,0.000,0.000,0.000,0.000,0.000,0.000,0.000,3.960,0.000,0.000,0.000,0.000,0.000,0.000,0.000,2.852,0.000,0.000,0.000,0.000,0.000,0.000,0.000,0.000,0.000,0.000,0.000,0.000,0.000,0.000,0.000,0.000,0.000,0.000,0.000,0.000,0.000,2.910,0.000,0.000,0.000]
  Alt-Benders[1] (mw): LB=15.861198, Z₀(α*)=-35.777304, intercept=-41.643831 (0.516s) [OMP=0.445 ISP-L=0.009 ISP-F=0.027 MW-L=0.022 MW-F=0.025]
  Alt-Benders[2] (mw): LB=15.861199, Z₀(α*)=-35.777304, intercept=-41.643831 (0.464s) [OMP=0.374 ISP-L=0.009 ISP-F=0.027 MW-L=0.027 MW-F=0.020]
  Alt-Benders[3] (mw): LB=15.861199, Z₀(α*)=-35.777304, intercept=-41.643831 (0.463s) [OMP=0.375 ISP-L=0.009 ISP-F=0.027 MW-L=0.027 MW-F=0.020]
  Alt-Benders[4]: LB stagnated, break
  OMP re-solve: 0.001s

=== True-DRO Benders iter 47 ===
  OMP: t₀=15.861199, UB=21.723817, gap=2.70e-01, x=[0, 0, 0, 0, 0, 0, 0, 0, 0, 0, 0, 0, 0, 0, 0, 1, 0, 0, 0, 0, 0, 0, 0, 0, 0, 0, 0, 0, 0, 0, 0, 0, 0, 0, 0, 0, 0, 0, 0, 0, 0, 0, 0, 0, 0, 0, 0, 0, 0, 0, 0, 0, 0, 0, 0, 0, 0, 0, 0, 0, 0, 0, 0, 0, 0, 0, 0, 0, 0, 0, 0, 0, 1, 0, 0, 0] (0.000s)
  Sub: Z₀=24.926654 [LOCAL] (0.4s), α=[0.000,0.000,0.000,0.000,0.000,0.000,0.000,0.000,0.000,0.000,0.000,0.000,0.000,0.000,0.000,0.000,0.000,0.000,0.000,0.000,0.000,0.000,0.000,0.000,0.000,0.000,0.000,0.000,0.000,0.000,0.000,0.000,0.000,0.000,0.000,0.000,0.000,0.000,0.000,0.000,0.000,0.000,0.000,0.000,0.000,0.000,0.000,0.000,0.000,0.000,0.000,0.000,0.000,0.000,0.000,0.000,0.000,0.000,0.000,0.000,0.000,0.000,0.000,0.000,0.000,0.000,0.000,0.000,0.000,0.000,0.000,0.000,10.443,0.000,0.000,0.000]
  Iter 47: LB=15.861199  UB=21.723817  gap=2.70e-01
  Cut: intercept=-1142.312240, π_x_range=[-826.8203, 585.0095]
  Mini-Benders[1] (mw): LB=15.879511, Z₀(α*)=3.223952, intercept=-62.731965 (0.557s) [OMP=0.470 ISP-L=0.009 ISP-F=0.025 MW-L=0.026 MW-F=0.020]
  Mini-Benders[2] (mw): LB=15.879511, Z₀(α*)=3.223952, intercept=-62.731965 (0.526s) [OMP=0.451 ISP-L=0.008 ISP-F=0.025 MW-L=0.027 MW-F=0.023]
  Mini-Benders[3] (mw): LB=15.879511, Z₀(α*)=3.223952, intercept=-62.731965 (0.541s) [OMP=0.449 ISP-L=0.009 ISP-F=0.025 MW-L=0.021 MW-F=0.025]
  Mini-Benders[4]: LB stagnated, break
  α-step: Z₀=25.877581, α=[0.000,0.000,0.000,0.000,0.000,0.000,0.000,0.000,0.000,0.000,0.000,0.000,0.000,3.234,0.000,0.000,0.000,0.000,0.000,0.000,0.000,0.000,0.000,0.000,0.000,0.000,0.000,1.363,0.000,0.000,0.000,0.000,0.000,0.000,2.589,0.000,0.000,0.000,0.000,0.000,0.000,0.000,0.000,0.000,0.000,0.000,0.000,0.000,0.000,0.000,0.000,0.000,0.000,0.000,0.000,0.000,0.000,0.000,0.000,0.000,0.000,0.000,0.000,0.000,0.000,0.000,0.000,0.000,0.000,0.000,0.000,0.000,3.257,0.000,0.000,0.000]
  Alt-Benders[1] (mw): LB=16.112057, Z₀(α*)=-3.129369, intercept=-52.761729 (0.442s) [OMP=0.373 ISP-L=0.009 ISP-F=0.026 MW-L=0.021 MW-F=0.025]
  Alt-Benders[2] (mw): LB=16.112057, Z₀(α*)=-3.129369, intercept=-52.761729 (0.495s) [OMP=0.417 ISP-L=0.008 ISP-F=0.026 MW-L=0.021 MW-F=0.024]
  Alt-Benders[3] (mw): LB=16.112057, Z₀(α*)=-3.129369, intercept=-52.761729 (0.526s) [OMP=0.437 ISP-L=0.009 ISP-F=0.027 MW-L=0.021 MW-F=0.025]
  Alt-Benders[4]: LB stagnated, break
  OMP re-solve: 0.001s

=== True-DRO Benders iter 48 ===
  OMP: t₀=16.112057, UB=21.723817, gap=2.58e-01, x=[0, 0, 0, 0, 0, 0, 0, 0, 0, 0, 0, 0, 0, 0, 0, 1, 0, 0, 0, 0, 0, 0, 0, 0, 0, 0, 0, 0, 0, 0, 0, 0, 0, 0, 0, 0, 0, 0, 0, 0, 0, 0, 0, 0, 0, 0, 0, 0, 0, 0, 0, 0, 0, 1, 0, 0, 0, 0, 0, 0, 0, 0, 0, 0, 0, 0, 0, 0, 0, 0, 0, 0, 0, 0, 0, 0] (0.000s)
  Sub: Z₀=24.904554 [LOCAL] (0.4s), α=[0.000,0.000,0.000,0.000,0.000,0.000,0.000,0.000,0.000,0.000,0.000,0.000,0.000,0.000,0.000,0.000,0.000,0.000,0.000,0.000,0.000,0.000,0.000,0.000,0.000,0.000,0.000,0.000,0.000,0.000,0.000,0.000,0.000,0.000,2.639,0.000,0.000,0.000,0.000,0.000,0.000,0.000,0.000,0.000,0.000,0.000,0.000,0.000,0.000,0.000,1.783,0.000,0.000,4.870,0.000,0.610,0.000,0.000,0.000,0.000,0.000,0.000,0.000,0.000,0.000,0.000,0.000,0.000,0.000,0.000,0.000,0.050,0.490,0.000,0.000,0.000]
  Iter 48: LB=16.112057  UB=21.723817  gap=2.58e-01
  Cut: intercept=-1103.627794, π_x_range=[-826.2510, 572.4368]
  Mini-Benders[1] (mw): LB=16.241858, Z₀(α*)=-21.327576, intercept=-163.719866 (0.510s) [OMP=0.425 ISP-L=0.009 ISP-F=0.024 MW-L=0.026 MW-F=0.021]
  Mini-Benders[2] (mw): LB=16.241858, Z₀(α*)=-21.327576, intercept=-163.719866 (0.604s) [OMP=0.524 ISP-L=0.009 ISP-F=0.025 MW-L=0.026 MW-F=0.021]
  Mini-Benders[3] (mw): LB=16.241858, Z₀(α*)=-21.327576, intercept=-163.719866 (0.606s) [OMP=0.517 ISP-L=0.009 ISP-F=0.024 MW-L=0.027 MW-F=0.021]
  Mini-Benders[4]: LB stagnated, break
  α-step: Z₀=16.241858, α=[0.000,0.000,0.000,0.000,0.000,0.000,0.000,0.000,0.000,0.000,0.000,0.000,0.000,0.000,0.000,0.000,0.000,0.000,0.000,0.000,0.000,0.000,0.000,0.000,0.000,0.000,0.000,0.000,0.000,0.000,0.000,0.000,0.000,0.000,0.000,0.000,0.000,0.000,0.000,0.000,0.000,0.000,0.000,0.000,0.000,0.000,0.000,0.000,0.000,0.000,0.000,0.000,0.000,0.000,0.000,0.000,0.000,0.000,0.000,0.000,0.000,0.000,0.000,0.000,0.000,0.000,0.000,0.000,0.000,0.000,0.000,10.443,0.000,0.000,0.000,0.000]
  Alt-Benders[1] (mw): LB=16.241858, Z₀(α*)=18.621044, intercept=-163.755519 (0.603s) [OMP=0.518 ISP-L=0.009 ISP-F=0.024 MW-L=0.028 MW-F=0.022]
  Alt-Benders[2] (mw): LB=16.384645, Z₀(α*)=-21.377232, intercept=-51.137669 (0.512s) [OMP=0.428 ISP-L=0.008 ISP-F=0.025 MW-L=0.023 MW-F=0.024]
  Alt-Benders[3] (mw): LB=16.384645, Z₀(α*)=-21.377232, intercept=-51.137669 (0.480s) [OMP=0.400 ISP-L=0.008 ISP-F=0.026 MW-L=0.022 MW-F=0.023]
  Alt-Benders[4] (mw): LB=16.384645, Z₀(α*)=-21.377232, intercept=-51.137669 (0.479s) [OMP=0.400 ISP-L=0.008 ISP-F=0.025 MW-L=0.022 MW-F=0.024]
  Alt-Benders[5]: LB stagnated, break
  OMP re-solve: 0.001s

=== True-DRO Benders iter 49 ===
  OMP: t₀=16.384645, UB=21.723817, gap=2.46e-01, x=[0, 0, 0, 0, 0, 0, 0, 0, 0, 0, 0, 0, 0, 0, 0, 0, 0, 0, 0, 0, 0, 0, 0, 0, 0, 0, 0, 0, 0, 0, 0, 0, 0, 0, 0, 0, 0, 0, 0, 0, 0, 0, 0, 0, 0, 0, 0, 0, 0, 0, 0, 1, 0, 0, 0, 0, 0, 0, 0, 0, 0, 0, 1, 0, 0, 0, 0, 0, 0, 0, 0, 0, 0, 0, 0, 0] (0.000s)
  Sub: Z₀=25.993374 [LOCAL] (0.4s), α=[0.000,0.000,0.000,0.000,0.000,0.000,0.000,0.000,0.000,0.000,0.000,0.000,0.000,0.000,0.000,0.000,0.000,0.000,0.000,0.000,0.000,0.000,0.000,0.000,0.000,0.000,0.000,0.000,0.000,0.000,0.000,0.000,0.000,0.000,2.710,0.000,0.000,0.000,0.000,0.000,0.000,0.000,0.000,0.000,0.000,0.000,0.000,0.000,0.000,0.000,1.275,3.450,0.000,0.000,0.000,0.000,0.000,0.000,0.000,0.000,0.000,0.000,0.000,0.000,0.000,0.000,0.000,0.000,0.000,0.000,0.000,0.121,2.886,0.000,0.000,0.000]
  Iter 49: LB=16.384645  UB=21.723817  gap=2.46e-01
  Cut: intercept=-1129.220422, π_x_range=[-827.0756, 590.2319]
  Mini-Benders[1] (mw): LB=16.410706, Z₀(α*)=8.977276, intercept=-9.993590 (0.558s) [OMP=0.468 ISP-L=0.009 ISP-F=0.028 MW-L=0.020 MW-F=0.023]
  Mini-Benders[2] (mw): LB=16.410706, Z₀(α*)=8.977276, intercept=-9.993590 (0.510s) [OMP=0.426 ISP-L=0.008 ISP-F=0.027 MW-L=0.025 MW-F=0.017]
  Mini-Benders[3] (mw): LB=16.410706, Z₀(α*)=8.977276, intercept=-9.993590 (0.495s) [OMP=0.423 ISP-L=0.009 ISP-F=0.027 MW-L=0.026 MW-F=0.017]
  Mini-Benders[4]: LB stagnated, break
  α-step: Z₀=28.069138, α=[0.000,0.000,0.000,0.000,0.000,0.000,0.000,0.000,0.000,0.000,0.000,0.000,0.000,0.000,0.000,0.000,2.091,0.000,0.000,0.000,0.000,0.000,0.000,0.000,0.000,0.000,0.000,0.000,0.000,0.000,0.000,0.000,0.000,0.000,3.598,0.000,0.000,0.000,0.000,0.000,0.000,0.000,0.000,0.000,0.000,0.000,0.000,0.000,0.000,0.000,0.000,0.000,0.000,0.000,0.000,0.000,0.000,0.000,0.000,0.000,0.000,0.000,0.000,0.000,0.000,0.000,0.000,0.000,0.000,0.000,0.000,0.000,4.754,0.000,0.000,0.000]
  Alt-Benders[1] (mw): LB=16.446579, Z₀(α*)=19.737970, intercept=-47.965407 (0.531s) [OMP=0.444 ISP-L=0.007 ISP-F=0.030 MW-L=0.030 MW-F=0.019]
  Alt-Benders[2] (mw): LB=16.465907, Z₀(α*)=3.743872, intercept=-41.830592 (0.544s) [OMP=0.463 ISP-L=0.006 ISP-F=0.027 MW-L=0.028 MW-F=0.023]
  Alt-Benders[3] (mw): LB=16.465907, Z₀(α*)=3.743872, intercept=-41.830592 (0.620s) [OMP=0.532 ISP-L=0.006 ISP-F=0.027 MW-L=0.022 MW-F=0.024]
  Alt-Benders[4] (mw): LB=16.465907, Z₀(α*)=3.743872, intercept=-41.830592 (0.606s) [OMP=0.527 ISP-L=0.006 ISP-F=0.027 MW-L=0.022 MW-F=0.024]
  Alt-Benders[5]: LB stagnated, break
  OMP re-solve: 0.000s

=== True-DRO Benders iter 50 ===
  OMP: t₀=16.465907, UB=21.723817, gap=2.42e-01, x=[0, 0, 0, 0, 0, 0, 0, 0, 0, 0, 1, 0, 0, 0, 0, 0, 0, 0, 0, 0, 0, 0, 0, 0, 0, 0, 0, 0, 0, 0, 0, 0, 0, 0, 0, 0, 0, 0, 0, 0, 0, 0, 0, 0, 0, 0, 0, 0, 0, 1, 0, 0, 0, 0, 0, 0, 0, 0, 0, 0, 0, 0, 0, 0, 0, 0, 0, 0, 0, 0, 0, 0, 0, 0, 0, 0] (0.000s)
  Sub: Z₀=26.634795 [TIME_LIMIT] (15.1s), α=[0.000,0.000,0.000,0.000,0.000,0.000,0.000,0.000,0.000,0.000,5.408,0.000,0.000,0.000,0.000,0.000,0.000,0.000,0.000,0.000,0.000,0.000,0.000,0.000,0.000,0.000,0.000,0.000,0.000,0.000,0.000,0.000,0.000,0.000,2.589,0.000,0.000,0.000,0.000,0.000,0.000,0.000,0.000,0.000,0.000,0.000,0.000,0.000,0.000,0.000,0.000,0.000,0.000,0.000,0.000,0.000,0.000,0.000,0.000,0.000,0.000,0.000,0.000,0.000,0.000,0.000,0.000,0.000,0.000,0.000,0.000,0.000,2.446,0.000,0.000,0.000]
  Iter 50: LB=16.465907  UB=21.723817  gap=2.42e-01
  Cut: intercept=-50.987751, π_x_range=[-234.8040, 55.2146]
  Mini-Benders[1] (mw): LB=16.485072, Z₀(α*)=-5.725623, intercept=-35.128045 (0.573s) [OMP=0.482 ISP-L=0.009 ISP-F=0.031 MW-L=0.022 MW-F=0.025]
  Mini-Benders[2] (mw): LB=16.485072, Z₀(α*)=-5.725623, intercept=-35.128045 (0.526s) [OMP=0.444 ISP-L=0.008 ISP-F=0.030 MW-L=0.022 MW-F=0.024]
  Mini-Benders[3] (mw): LB=16.485072, Z₀(α*)=-5.725623, intercept=-35.128045 (0.542s) [OMP=0.443 ISP-L=0.009 ISP-F=0.030 MW-L=0.027 MW-F=0.018]
  Mini-Benders[4]: LB stagnated, break
  α-step: Z₀=24.834797, α=[0.000,0.000,0.000,0.000,0.000,0.000,0.000,0.000,0.000,0.000,0.000,0.000,0.000,2.952,0.000,0.000,4.040,0.000,0.000,0.000,0.000,0.000,0.000,0.000,0.000,0.000,0.000,0.000,0.000,0.000,0.000,0.000,0.000,0.000,0.000,0.000,0.000,0.000,0.000,0.000,0.000,0.000,0.000,0.000,0.000,0.000,0.000,0.000,0.000,0.000,0.000,0.000,0.000,0.000,0.000,0.000,0.000,0.000,0.000,0.000,0.000,0.000,0.000,0.000,0.000,0.000,0.000,0.000,0.000,0.000,0.000,0.000,3.452,0.000,0.000,0.000]
  Alt-Benders[1] (mw): LB=16.485072, Z₀(α*)=11.752098, intercept=-30.776577 (0.528s) [OMP=0.445 ISP-L=0.008 ISP-F=0.029 MW-L=0.027 MW-F=0.019]
  Alt-Benders[2] (mw): LB=16.485072, Z₀(α*)=11.752098, intercept=-30.776577 (0.557s) [OMP=0.469 ISP-L=0.008 ISP-F=0.029 MW-L=0.027 MW-F=0.019]
  Alt-Benders[3] (mw): LB=16.485072, Z₀(α*)=11.752098, intercept=-30.776577 (0.557s) [OMP=0.469 ISP-L=0.008 ISP-F=0.028 MW-L=0.027 MW-F=0.019]
  Alt-Benders[4]: LB stagnated, break
  OMP re-solve: 0.001s

=== True-DRO Benders iter 51 ===
  OMP: t₀=16.485072, UB=21.723817, gap=2.41e-01, x=[0, 0, 0, 0, 0, 0, 0, 0, 0, 0, 1, 0, 0, 0, 0, 0, 0, 0, 0, 0, 0, 0, 0, 1, 0, 0, 0, 0, 0, 0, 0, 0, 0, 0, 0, 0, 0, 0, 0, 0, 0, 0, 0, 0, 0, 0, 0, 0, 0, 0, 0, 0, 0, 0, 0, 0, 0, 0, 0, 0, 0, 0, 0, 0, 0, 0, 0, 0, 0, 0, 0, 0, 0, 0, 0, 0] (0.000s)
  Sub: Z₀=27.332970 [LOCAL] (0.4s), α=[0.000,0.000,0.000,0.000,0.000,0.000,0.000,0.000,0.000,0.000,2.324,0.000,0.000,0.000,0.000,0.000,1.517,0.000,0.000,0.000,0.173,0.000,0.000,1.791,0.000,0.000,0.000,0.000,0.000,0.000,0.000,0.000,0.000,0.000,0.000,0.000,0.000,0.000,0.000,0.000,0.000,0.000,0.000,0.000,0.000,0.000,0.000,0.000,0.000,0.000,0.000,0.000,0.000,0.000,0.000,0.000,0.000,0.000,0.000,0.000,0.000,0.000,1.186,0.000,0.000,0.000,0.000,0.000,0.000,0.000,0.000,0.000,3.452,0.000,0.000,0.000]
  Iter 51: LB=16.485072  UB=21.723817  gap=2.41e-01
  Cut: intercept=-1142.164699, π_x_range=[-826.5162, 587.9159]
  Mini-Benders[1] (mw): LB=16.485264, Z₀(α*)=6.059969, intercept=-46.254346 (0.558s) [OMP=0.470 ISP-L=0.009 ISP-F=0.028 MW-L=0.020 MW-F=0.024]
  Mini-Benders[2] (mw): LB=16.485264, Z₀(α*)=6.059969, intercept=-46.254346 (0.510s) [OMP=0.427 ISP-L=0.009 ISP-F=0.028 MW-L=0.020 MW-F=0.024]
  Mini-Benders[3] (mw): LB=16.485264, Z₀(α*)=6.059969, intercept=-46.254346 (0.526s) [OMP=0.430 ISP-L=0.009 ISP-F=0.028 MW-L=0.020 MW-F=0.023]
  Mini-Benders[4]: LB stagnated, break
  α-step: Z₀=27.523146, α=[0.000,3.227,0.000,0.000,0.000,0.000,0.000,0.000,0.000,0.000,0.000,0.000,0.000,0.000,0.000,0.000,0.000,0.000,0.000,0.000,0.000,0.000,0.000,0.000,0.000,0.000,0.000,0.000,0.000,0.000,0.000,0.000,0.000,0.000,0.000,0.000,0.000,0.000,0.000,0.000,0.000,0.000,0.000,0.000,0.000,0.000,0.000,0.000,0.000,0.000,0.000,0.000,0.000,0.000,0.000,0.000,0.000,0.000,0.000,0.000,0.000,0.000,1.464,0.000,0.000,0.000,0.000,0.000,0.000,0.000,0.000,0.000,5.752,0.000,0.000,0.000]
  Alt-Benders[1] (mw): LB=16.485278, Z₀(α*)=9.126387, intercept=-47.710904 (0.495s) [OMP=0.417 ISP-L=0.008 ISP-F=0.024 MW-L=0.019 MW-F=0.023]
  Alt-Benders[2] (mw): LB=16.485278, Z₀(α*)=9.126387, intercept=-47.710904 (0.542s) [OMP=0.457 ISP-L=0.008 ISP-F=0.024 MW-L=0.025 MW-F=0.017]
  Alt-Benders[3] (mw): LB=16.485278, Z₀(α*)=9.126387, intercept=-47.710904 (0.526s) [OMP=0.458 ISP-L=0.008 ISP-F=0.024 MW-L=0.025 MW-F=0.018]
  Alt-Benders[4]: LB stagnated, break
  OMP re-solve: 0.000s

=== True-DRO Benders iter 52 ===
  OMP: t₀=16.485278, UB=21.723817, gap=2.41e-01, x=[0, 0, 0, 0, 0, 0, 0, 0, 0, 0, 0, 0, 0, 1, 0, 0, 0, 0, 0, 0, 1, 0, 0, 0, 0, 0, 0, 0, 0, 0, 0, 0, 0, 0, 0, 0, 0, 0, 0, 0, 0, 0, 0, 0, 0, 0, 0, 0, 0, 0, 0, 0, 0, 0, 0, 0, 0, 0, 0, 0, 0, 0, 0, 0, 0, 0, 0, 0, 0, 0, 0, 0, 0, 0, 0, 0] (0.000s)
  Sub: Z₀=27.983055 [LOCAL] (0.4s), α=[0.000,0.000,0.000,0.000,0.000,0.000,0.000,0.000,0.000,0.000,0.000,0.000,0.000,2.280,0.000,0.000,0.094,0.000,0.000,0.000,0.727,0.000,0.000,0.000,0.000,0.000,0.000,0.000,0.000,0.000,0.000,0.000,0.000,0.000,2.589,0.000,0.000,0.000,0.000,0.000,0.000,0.000,0.000,0.000,0.000,0.000,0.000,0.000,0.000,0.000,0.000,0.000,0.000,0.000,0.000,0.000,0.000,0.000,0.000,0.000,0.000,0.000,0.000,0.000,0.000,0.000,0.000,0.000,0.000,0.000,0.000,0.000,4.754,0.000,0.000,0.000]
  Iter 52: LB=16.485278  UB=21.723817  gap=2.41e-01
  Cut: intercept=-1143.922239, π_x_range=[-825.9150, 586.6699]
  Mini-Benders[1] (mw): LB=16.505997, Z₀(α*)=2.004524, intercept=-42.410401 (0.541s) [OMP=0.445 ISP-L=0.008 ISP-F=0.026 MW-L=0.027 MW-F=0.019]
  Mini-Benders[2] (mw): LB=16.505997, Z₀(α*)=2.004524, intercept=-42.410401 (0.463s) [OMP=0.385 ISP-L=0.008 ISP-F=0.027 MW-L=0.029 MW-F=0.019]
  Mini-Benders[3] (mw): LB=16.505997, Z₀(α*)=2.004524, intercept=-42.410401 (0.463s) [OMP=0.371 ISP-L=0.008 ISP-F=0.026 MW-L=0.028 MW-F=0.023]
  Mini-Benders[4]: LB stagnated, break
  α-step: Z₀=25.622118, α=[0.000,0.000,0.000,0.000,0.000,0.000,0.000,0.000,0.000,0.000,0.000,0.000,0.000,0.000,0.000,0.000,0.000,0.000,0.000,0.000,0.000,0.000,0.000,0.000,0.000,0.000,0.000,0.000,0.000,0.000,0.000,0.000,0.000,0.000,2.589,0.000,0.000,0.000,0.000,0.000,0.000,0.000,0.000,0.000,0.000,0.000,0.000,0.000,0.000,0.000,1.940,2.907,0.000,0.000,0.000,0.000,0.000,0.000,0.000,0.000,0.000,0.000,0.000,0.000,0.000,0.000,0.000,0.000,0.000,0.000,0.000,0.000,3.007,0.000,0.000,0.000]
  Alt-Benders[1] (mw): LB=16.562422, Z₀(α*)=7.577382, intercept=-72.609493 (0.573s) [OMP=0.492 ISP-L=0.009 ISP-F=0.028 MW-L=0.021 MW-F=0.025]
  Alt-Benders[2] (mw): LB=16.562422, Z₀(α*)=7.577382, intercept=-72.609493 (0.635s) [OMP=0.551 ISP-L=0.009 ISP-F=0.027 MW-L=0.021 MW-F=0.024]
  Alt-Benders[3] (mw): LB=16.562422, Z₀(α*)=7.577382, intercept=-72.609493 (0.635s) [OMP=0.549 ISP-L=0.009 ISP-F=0.028 MW-L=0.021 MW-F=0.026]
  Alt-Benders[4]: LB stagnated, break
  OMP re-solve: 0.001s

=== True-DRO Benders iter 53 ===
  OMP: t₀=16.562422, UB=21.723817, gap=2.38e-01, x=[0, 1, 0, 0, 0, 0, 1, 0, 0, 0, 0, 0, 0, 0, 0, 0, 0, 0, 0, 0, 0, 0, 0, 0, 0, 0, 0, 0, 0, 0, 0, 0, 0, 0, 0, 0, 0, 0, 0, 0, 0, 0, 0, 0, 0, 0, 0, 0, 0, 0, 0, 0, 0, 0, 0, 0, 0, 0, 0, 0, 0, 0, 0, 0, 0, 0, 0, 0, 0, 0, 0, 0, 0, 0, 0, 0] (0.000s)
  Sub: Z₀=26.823657 [LOCAL] (0.4s), α=[0.000,0.405,0.000,0.000,0.000,0.000,0.000,0.000,0.000,0.000,0.000,0.000,0.000,0.000,0.000,0.000,0.000,0.000,0.000,0.000,0.000,0.000,0.000,0.000,0.000,0.000,0.000,1.340,0.000,0.000,0.000,0.000,0.000,0.000,0.657,0.000,0.000,0.000,0.000,0.000,0.000,0.000,0.000,0.000,0.000,0.000,0.000,0.000,0.000,0.000,2.798,0.000,0.000,0.000,0.000,0.000,0.000,0.000,0.000,0.000,0.000,0.000,0.000,0.000,0.000,0.000,0.000,0.000,0.000,0.000,0.000,0.000,5.243,0.000,0.000,0.000]
  Iter 53: LB=16.562422  UB=21.723817  gap=2.38e-01
  Cut: intercept=-1093.983663, π_x_range=[-827.2488, 570.4452]
  Mini-Benders[1] (mw): LB=16.625499, Z₀(α*)=13.644626, intercept=-85.742319 (0.573s) [OMP=0.473 ISP-L=0.010 ISP-F=0.030 MW-L=0.026 MW-F=0.022]
  Mini-Benders[2] (mw): LB=16.625499, Z₀(α*)=13.644626, intercept=-85.742319 (0.510s) [OMP=0.414 ISP-L=0.009 ISP-F=0.030 MW-L=0.027 MW-F=0.022]
  Mini-Benders[3] (mw): LB=16.625499, Z₀(α*)=13.644626, intercept=-85.742319 (0.495s) [OMP=0.414 ISP-L=0.010 ISP-F=0.030 MW-L=0.027 MW-F=0.022]
  Mini-Benders[4]: LB stagnated, break
  α-step: Z₀=27.378350, α=[0.000,0.000,0.000,0.000,0.000,0.000,0.000,0.000,0.000,0.000,0.201,0.000,0.000,0.000,0.000,0.000,0.000,0.000,0.000,0.000,0.000,0.000,0.000,0.000,0.000,0.000,0.000,0.000,0.000,0.000,0.000,0.000,0.000,0.000,0.000,0.000,0.000,0.000,0.000,0.000,0.000,0.000,0.000,0.000,0.000,0.000,0.000,0.000,0.000,0.000,1.602,0.000,0.000,0.000,0.000,0.000,0.000,0.000,0.000,0.000,0.000,0.000,0.000,0.000,3.063,0.000,0.701,0.000,0.000,0.000,0.000,0.000,4.875,0.000,0.000,0.000]
  Alt-Benders[1] (mw): LB=16.626392, Z₀(α*)=11.926834, intercept=-89.075505 (0.542s) [OMP=0.457 ISP-L=0.010 ISP-F=0.029 MW-L=0.025 MW-F=0.018]
  Alt-Benders[2] (mw): LB=16.626392, Z₀(α*)=11.926834, intercept=-89.075505 (0.450s) [OMP=0.375 ISP-L=0.009 ISP-F=0.029 MW-L=0.025 MW-F=0.022]
  Alt-Benders[3] (mw): LB=16.626392, Z₀(α*)=11.926834, intercept=-89.075505 (0.463s) [OMP=0.377 ISP-L=0.009 ISP-F=0.029 MW-L=0.019 MW-F=0.023]
  Alt-Benders[4]: LB stagnated, break
  OMP re-solve: 0.001s

=== True-DRO Benders iter 54 ===
  OMP: t₀=16.626392, UB=21.723817, gap=2.35e-01, x=[0, 0, 0, 0, 0, 0, 0, 0, 0, 0, 0, 0, 0, 0, 0, 0, 0, 0, 0, 0, 0, 0, 0, 0, 0, 0, 0, 0, 0, 0, 0, 0, 0, 0, 0, 0, 0, 0, 0, 0, 0, 0, 0, 0, 0, 0, 0, 0, 0, 0, 0, 0, 0, 0, 0, 0, 0, 0, 0, 0, 0, 0, 1, 0, 1, 0, 0, 0, 0, 0, 0, 0, 0, 0, 0, 0] (0.000s)
  Sub: Z₀=28.544620 [LOCAL] (0.4s), α=[0.000,0.000,0.000,0.000,0.000,0.000,0.000,0.000,0.000,0.000,0.000,0.000,0.000,0.000,0.000,0.000,0.000,0.000,0.000,0.000,0.000,0.000,0.000,0.000,0.000,0.000,0.000,0.000,0.000,0.000,0.000,0.000,0.000,0.000,0.000,0.000,0.000,0.000,0.000,0.000,0.000,0.000,0.000,0.000,0.000,0.000,0.000,0.000,0.000,0.000,0.000,0.000,0.000,0.000,0.000,0.000,0.000,0.000,0.000,0.000,0.000,0.000,5.490,0.000,0.198,0.000,0.000,0.000,0.000,0.000,0.000,0.000,4.754,0.000,0.000,0.000]
  Iter 54: LB=16.626392  UB=21.723817  gap=2.35e-01
  Cut: intercept=-1120.046349, π_x_range=[-826.1611, 589.0184]
  Mini-Benders[1] (mw): LB=16.641102, Z₀(α*)=7.339594, intercept=-101.818297 (0.513s) [OMP=0.428 ISP-L=0.009 ISP-F=0.028 MW-L=0.019 MW-F=0.023]
  Mini-Benders[2] (mw): LB=16.641102, Z₀(α*)=7.339594, intercept=-101.818297 (0.479s) [OMP=0.400 ISP-L=0.009 ISP-F=0.028 MW-L=0.019 MW-F=0.023]
  Mini-Benders[3] (mw): LB=16.641102, Z₀(α*)=7.339594, intercept=-101.818297 (0.494s) [OMP=0.401 ISP-L=0.010 ISP-F=0.027 MW-L=0.019 MW-F=0.023]
  Mini-Benders[4]: LB stagnated, break
  α-step: Z₀=24.243392, α=[0.000,0.000,0.000,0.000,0.000,0.000,0.000,0.000,0.000,0.000,0.000,0.000,0.000,0.000,0.000,0.000,0.947,0.000,0.000,0.000,0.000,0.000,0.000,0.000,0.000,0.000,0.000,0.000,0.000,0.000,0.000,0.000,0.000,0.000,0.000,0.000,0.000,0.000,0.000,0.000,0.000,0.000,0.000,0.000,0.000,0.000,0.000,0.000,0.000,0.000,2.454,0.000,0.000,0.000,0.000,0.000,0.000,0.000,0.000,0.000,0.000,0.975,0.000,0.000,0.000,0.000,0.000,0.000,0.000,0.000,0.000,0.000,6.066,0.000,0.000,0.000]
  Alt-Benders[1] (mw): LB=16.654934, Z₀(α*)=13.468763, intercept=-89.792081 (0.520s) [OMP=0.449 ISP-L=0.008 ISP-F=0.025 MW-L=0.027 MW-F=0.018]
  Alt-Benders[2] (mw): LB=16.654934, Z₀(α*)=13.468763, intercept=-89.792081 (0.463s) [OMP=0.384 ISP-L=0.008 ISP-F=0.025 MW-L=0.027 MW-F=0.017]
  Alt-Benders[3] (mw): LB=16.654934, Z₀(α*)=13.468763, intercept=-89.792081 (0.464s) [OMP=0.385 ISP-L=0.008 ISP-F=0.025 MW-L=0.027 MW-F=0.018]
  Alt-Benders[4]: LB stagnated, break
  OMP re-solve: 0.000s

=== True-DRO Benders iter 55 ===
  OMP: t₀=16.654934, UB=21.723817, gap=2.33e-01, x=[0, 0, 0, 0, 0, 0, 0, 0, 0, 0, 0, 0, 0, 0, 0, 0, 0, 0, 0, 0, 0, 0, 0, 0, 0, 0, 0, 0, 0, 0, 0, 0, 0, 0, 0, 0, 0, 0, 0, 0, 0, 0, 0, 0, 0, 0, 0, 0, 0, 1, 0, 0, 0, 0, 0, 0, 0, 0, 0, 0, 0, 0, 0, 0, 1, 0, 0, 0, 0, 0, 0, 0, 0, 0, 0, 0] (0.001s)
  Sub: Z₀=26.406260 (4.5s), α=[0.000,0.000,0.000,0.000,0.000,0.000,0.000,0.000,0.000,0.000,2.522,0.000,0.000,0.000,0.000,0.000,0.000,0.000,0.000,0.000,0.000,0.000,0.000,0.000,0.000,0.000,0.000,0.000,0.000,0.000,0.000,0.000,0.000,0.000,0.000,0.000,0.000,0.000,0.121,0.000,0.000,0.000,0.000,0.000,0.000,0.089,0.000,0.000,0.000,0.435,0.000,0.000,0.000,0.000,0.000,0.000,0.000,0.000,0.000,0.000,0.000,0.000,2.658,0.000,1.523,0.000,0.000,0.000,0.000,0.000,0.000,0.000,3.095,0.000,0.000,0.000]
  Iter 55: LB=16.654934  UB=21.723817  gap=2.33e-01
  Cut: intercept=-90.626105, π_x_range=[-267.0000, 69.5936]
  Sherali-Cut: intercept=-89.694515, π_x_range=[-105.1323, 69.3826]
  Mini-Benders[1] (mw): LB=16.721544, Z₀(α*)=16.113470, intercept=-39.427419 (0.558s) [OMP=0.462 ISP-L=0.009 ISP-F=0.029 MW-L=0.022 MW-F=0.025]
  Mini-Benders[2] (mw): LB=16.721544, Z₀(α*)=16.113470, intercept=-39.427419 (0.479s) [OMP=0.405 ISP-L=0.008 ISP-F=0.027 MW-L=0.021 MW-F=0.024]
  Mini-Benders[3] (mw): LB=16.721544, Z₀(α*)=16.113470, intercept=-39.427419 (0.494s) [OMP=0.404 ISP-L=0.008 ISP-F=0.028 MW-L=0.021 MW-F=0.024]
  Mini-Benders[4]: LB stagnated, break
  α-step: Z₀=27.245209, α=[0.000,0.000,0.000,0.000,0.000,0.000,0.000,0.000,0.000,0.000,3.234,0.000,0.000,0.000,0.000,0.000,0.000,0.000,0.000,0.000,0.000,0.000,0.000,0.000,0.000,0.000,0.000,1.242,0.000,0.000,0.000,0.000,0.000,0.000,2.140,0.000,0.000,0.000,0.000,0.000,0.000,0.000,0.000,0.000,0.000,0.000,0.000,0.000,0.000,0.000,0.000,0.000,0.000,0.000,0.000,0.000,0.000,0.000,0.000,0.000,0.000,0.000,0.000,0.000,0.000,0.000,0.000,0.000,0.000,0.000,0.000,0.000,3.827,0.000,0.000,0.000]
  Alt-Benders[1] (mw): LB=16.772984, Z₀(α*)=9.660810, intercept=-115.355585 (0.505s) [OMP=0.434 ISP-L=0.007 ISP-F=0.029 MW-L=0.028 MW-F=0.019]
  Alt-Benders[2] (mw): LB=16.772984, Z₀(α*)=9.660810, intercept=-115.355585 (0.542s) [OMP=0.453 ISP-L=0.007 ISP-F=0.028 MW-L=0.027 MW-F=0.019]
  Alt-Benders[3] (mw): LB=16.772984, Z₀(α*)=9.660810, intercept=-115.355585 (0.541s) [OMP=0.456 ISP-L=0.007 ISP-F=0.028 MW-L=0.027 MW-F=0.019]
  Alt-Benders[4]: LB stagnated, break
  OMP re-solve: 0.001s

=== True-DRO Benders iter 56 ===
  OMP: t₀=16.772984, UB=21.723817, gap=2.28e-01, x=[0, 0, 0, 0, 0, 0, 0, 0, 0, 0, 0, 0, 0, 0, 0, 0, 0, 0, 0, 0, 0, 0, 0, 0, 0, 0, 0, 0, 0, 0, 0, 0, 0, 0, 0, 0, 0, 0, 0, 0, 0, 0, 1, 0, 0, 0, 0, 0, 0, 0, 0, 0, 0, 0, 0, 0, 0, 0, 0, 0, 0, 0, 0, 0, 1, 0, 0, 0, 0, 0, 0, 0, 0, 0, 0, 0] (0.000s)
  Sub: Z₀=25.453905 [LOCAL] (0.4s), α=[0.000,0.000,0.000,0.000,0.000,0.000,0.000,0.000,0.000,0.000,0.000,0.000,0.000,0.000,0.000,0.000,0.000,0.000,0.000,0.000,0.000,0.000,0.000,0.000,0.000,0.000,0.000,0.000,0.000,0.000,0.000,0.000,0.000,0.000,0.000,0.000,0.000,0.000,0.000,0.000,0.000,0.000,3.711,0.000,0.000,0.000,0.000,0.000,0.000,0.000,0.000,0.000,0.000,0.000,0.000,0.000,0.000,0.000,0.000,0.000,0.000,0.000,2.780,0.000,1.128,0.000,0.000,0.000,0.000,0.000,0.000,0.000,2.823,0.000,0.000,0.000]
  Iter 56: LB=16.772984  UB=21.723817  gap=2.28e-01
  Cut: intercept=-1053.623333, π_x_range=[-825.7851, 549.3585]
  Mini-Benders[1] (mw): LB=16.795752, Z₀(α*)=-3.041505, intercept=-34.827700 (0.527s) [OMP=0.448 ISP-L=0.009 ISP-F=0.027 MW-L=0.028 MW-F=0.018]
  Mini-Benders[2] (mw): LB=16.795752, Z₀(α*)=-3.041505, intercept=-34.827700 (0.526s) [OMP=0.443 ISP-L=0.009 ISP-F=0.026 MW-L=0.030 MW-F=0.022]
  Mini-Benders[3] (mw): LB=16.795752, Z₀(α*)=-3.041505, intercept=-34.827700 (0.510s) [OMP=0.435 ISP-L=0.008 ISP-F=0.026 MW-L=0.022 MW-F=0.023]
  Mini-Benders[4]: LB stagnated, break
  α-step: Z₀=25.925452, α=[0.000,0.000,0.000,0.000,0.000,0.000,0.000,0.000,0.000,0.000,0.000,0.000,0.000,2.952,0.000,0.000,2.734,0.000,0.000,0.000,0.000,0.000,0.000,0.000,0.000,0.000,0.000,0.000,0.000,0.000,0.000,0.000,0.000,0.000,2.311,0.000,0.000,0.000,0.000,0.000,0.000,0.000,0.000,0.000,0.000,0.000,0.000,0.000,0.000,0.000,0.000,0.000,0.000,0.000,0.000,0.000,0.000,0.000,0.000,0.000,0.000,0.000,0.000,0.000,0.000,0.000,0.000,0.000,0.000,0.000,0.000,0.000,2.446,0.000,0.000,0.000]
  Alt-Benders[1] (mw): LB=16.802659, Z₀(α*)=10.287336, intercept=-84.401166 (0.551s) [OMP=0.473 ISP-L=0.009 ISP-F=0.027 MW-L=0.022 MW-F=0.023]
  Alt-Benders[2] (mw): LB=16.802659, Z₀(α*)=10.287336, intercept=-84.401166 (0.557s) [OMP=0.472 ISP-L=0.009 ISP-F=0.027 MW-L=0.021 MW-F=0.023]
  Alt-Benders[3] (mw): LB=16.802659, Z₀(α*)=10.287336, intercept=-84.401166 (0.541s) [OMP=0.469 ISP-L=0.010 ISP-F=0.027 MW-L=0.021 MW-F=0.023]
  Alt-Benders[4]: LB stagnated, break
  OMP re-solve: 0.000s

=== True-DRO Benders iter 57 ===
  OMP: t₀=16.802659, UB=21.723817, gap=2.27e-01, x=[0, 0, 0, 0, 0, 0, 0, 0, 0, 0, 0, 0, 0, 1, 0, 0, 0, 0, 0, 0, 0, 0, 0, 0, 0, 0, 0, 0, 0, 0, 0, 0, 0, 0, 0, 0, 0, 0, 0, 0, 0, 0, 0, 0, 0, 0, 0, 0, 0, 0, 0, 0, 0, 0, 0, 0, 0, 0, 0, 0, 0, 0, 0, 0, 1, 0, 0, 0, 0, 0, 0, 0, 0, 0, 0, 0] (0.000s)
  Sub: Z₀=28.035679 [LOCAL] (0.4s), α=[0.000,0.000,0.000,0.000,0.000,0.000,0.000,0.000,0.000,0.000,0.000,0.000,0.000,2.582,0.000,0.000,0.101,0.000,0.000,0.000,0.032,0.000,0.000,0.000,0.000,0.000,0.000,0.000,0.000,0.000,0.000,0.000,0.000,0.000,0.000,0.000,0.000,0.000,0.000,0.000,0.000,0.000,0.000,0.000,0.000,0.000,0.000,0.000,0.000,0.000,0.000,0.000,0.000,0.000,0.000,0.000,0.000,0.000,0.000,0.000,0.000,0.000,2.973,0.000,0.000,0.000,0.000,0.000,0.000,0.000,0.000,0.000,4.754,0.000,0.000,0.000]
  Iter 57: LB=16.802659  UB=21.723817  gap=2.27e-01
  Cut: intercept=-1111.635197, π_x_range=[-827.0138, 584.0581]
  Mini-Benders[1] (mw): LB=16.802659, Z₀(α*)=17.118490, intercept=-67.330843 (0.587s) [OMP=0.502 ISP-L=0.008 ISP-F=0.030 MW-L=0.027 MW-F=0.018]
  Mini-Benders[2] (mw): LB=16.812995, Z₀(α*)=14.505855, intercept=-135.195061 (0.482s) [OMP=0.393 ISP-L=0.010 ISP-F=0.030 MW-L=0.024 MW-F=0.018]
  Mini-Benders[3] (mw): LB=16.812995, Z₀(α*)=14.505855, intercept=-135.195061 (0.588s) [OMP=0.509 ISP-L=0.009 ISP-F=0.031 MW-L=0.024 MW-F=0.018]
  Mini-Benders[4] (mw): LB=16.812995, Z₀(α*)=14.505855, intercept=-135.195061 (0.589s) [OMP=0.506 ISP-L=0.009 ISP-F=0.031 MW-L=0.024 MW-F=0.018]
  Mini-Benders[5]: LB stagnated, break
  α-step: Z₀=27.316010, α=[0.000,0.000,0.000,0.000,0.000,0.000,0.000,0.000,0.000,0.000,0.000,0.000,0.000,0.000,0.000,0.000,0.000,0.000,0.000,0.000,0.000,0.000,0.000,0.000,0.000,0.000,0.000,0.000,0.000,0.000,0.000,0.000,0.000,0.000,0.000,0.000,0.000,0.000,0.000,0.000,0.000,0.000,0.000,0.000,0.000,0.000,0.000,0.000,0.000,0.000,0.000,0.000,0.000,0.000,0.000,0.000,0.000,0.000,0.000,0.000,0.000,0.669,4.123,0.000,0.038,0.000,0.000,0.000,0.000,0.000,0.000,0.000,5.613,0.000,0.000,0.000]
  Alt-Benders[1] (mw): LB=16.814650, Z₀(α*)=-7.420529, intercept=-96.635650 (0.567s) [OMP=0.495 ISP-L=0.009 ISP-F=0.020 MW-L=0.029 MW-F=0.022]
  Alt-Benders[2] (mw): LB=16.814650, Z₀(α*)=-7.420529, intercept=-96.635650 (0.525s) [OMP=0.447 ISP-L=0.009 ISP-F=0.020 MW-L=0.023 MW-F=0.025]
  Alt-Benders[3] (mw): LB=16.814650, Z₀(α*)=-7.420529, intercept=-96.635650 (0.526s) [OMP=0.447 ISP-L=0.008 ISP-F=0.020 MW-L=0.022 MW-F=0.024]
  Alt-Benders[4]: LB stagnated, break
  OMP re-solve: 0.001s

=== True-DRO Benders iter 58 ===
  OMP: t₀=16.814650, UB=21.723817, gap=2.26e-01, x=[0, 0, 0, 0, 0, 0, 0, 0, 0, 0, 0, 0, 0, 0, 0, 0, 0, 0, 0, 0, 0, 0, 0, 0, 0, 0, 0, 0, 0, 0, 0, 0, 0, 0, 1, 0, 0, 0, 0, 0, 0, 0, 0, 0, 0, 0, 0, 0, 0, 0, 0, 0, 0, 0, 0, 0, 0, 0, 0, 0, 0, 0, 0, 0, 0, 0, 0, 0, 0, 0, 0, 1, 0, 0, 0, 0] (0.000s)
  Sub: Z₀=19.071070 [LOCAL] (0.4s), α=[0.000,0.000,0.000,0.000,0.000,0.000,0.000,0.000,0.000,0.000,0.000,0.000,0.000,0.000,0.000,0.000,0.000,0.000,0.000,0.000,0.000,0.000,0.000,0.000,0.000,0.000,0.000,0.000,0.000,0.000,0.000,0.000,0.000,0.000,1.980,0.000,0.000,0.000,0.000,0.000,0.000,0.000,0.000,0.000,0.000,0.000,0.000,0.000,0.000,0.000,0.547,0.000,0.000,0.000,0.000,0.000,0.000,0.000,0.000,0.000,0.000,0.000,0.000,0.000,0.000,0.000,0.000,0.000,0.000,0.000,0.000,1.980,5.935,0.000,0.000,0.000]
  Iter 58: LB=16.814650  UB=21.723817  gap=2.26e-01
  Cut: intercept=-1106.438044, π_x_range=[-824.8747, 569.8648]
  Mini-Benders[1] (mw): LB=16.842570, Z₀(α*)=2.545125, intercept=-93.198433 (0.620s) [OMP=0.524 ISP-L=0.009 ISP-F=0.024 MW-L=0.023 MW-F=0.025]
  Mini-Benders[2] (mw): LB=16.842570, Z₀(α*)=2.545125, intercept=-93.198433 (0.579s) [OMP=0.505 ISP-L=0.008 ISP-F=0.023 MW-L=0.024 MW-F=0.026]
  Mini-Benders[3] (mw): LB=16.842570, Z₀(α*)=2.545125, intercept=-93.198433 (0.588s) [OMP=0.502 ISP-L=0.009 ISP-F=0.024 MW-L=0.028 MW-F=0.019]
  Mini-Benders[4]: LB stagnated, break
  α-step: Z₀=20.233376, α=[0.000,0.000,0.000,0.000,0.000,0.000,0.000,0.000,0.000,0.000,0.000,0.000,0.000,0.000,0.000,0.000,0.000,0.000,0.000,0.000,0.000,0.000,0.000,0.000,0.000,0.000,0.000,0.000,0.000,0.000,0.000,0.000,0.000,0.000,0.000,0.000,0.000,0.000,0.000,0.000,0.000,0.000,0.000,0.000,0.000,0.000,0.000,0.000,0.000,0.000,0.000,0.000,0.000,0.000,0.000,0.000,0.000,0.000,0.000,0.000,0.000,0.000,0.000,0.000,0.000,0.000,0.000,0.000,0.000,0.000,0.000,6.831,3.612,0.000,0.000,0.000]
  Alt-Benders[1] (mw): LB=16.859074, Z₀(α*)=-14.556723, intercept=-41.573043 (0.559s) [OMP=0.476 ISP-L=0.009 ISP-F=0.027 MW-L=0.029 MW-F=0.018]
  Alt-Benders[2] (mw): LB=16.859074, Z₀(α*)=-14.556723, intercept=-41.573043 (0.495s) [OMP=0.414 ISP-L=0.008 ISP-F=0.027 MW-L=0.031 MW-F=0.018]
  Alt-Benders[3] (mw): LB=16.859074, Z₀(α*)=-14.556723, intercept=-41.573043 (0.495s) [OMP=0.405 ISP-L=0.008 ISP-F=0.026 MW-L=0.029 MW-F=0.019]
  Alt-Benders[4]: LB stagnated, break
  OMP re-solve: 0.000s

=== True-DRO Benders iter 59 ===
  OMP: t₀=16.859074, UB=21.723817, gap=2.24e-01, x=[0, 0, 0, 0, 0, 0, 0, 0, 0, 0, 0, 0, 0, 0, 0, 0, 0, 0, 0, 0, 0, 0, 0, 0, 0, 0, 0, 0, 0, 0, 0, 0, 0, 0, 0, 0, 0, 0, 1, 0, 0, 0, 0, 0, 0, 0, 0, 0, 0, 0, 0, 1, 0, 0, 0, 0, 0, 0, 0, 0, 0, 0, 0, 0, 0, 0, 0, 0, 0, 0, 0, 0, 0, 0, 0, 0] (0.000s)
  Sub: Z₀=26.003374 [LOCAL] (0.4s), α=[0.000,0.000,0.000,0.000,0.000,0.000,0.000,0.000,0.000,0.000,0.000,0.000,0.000,0.000,0.000,0.000,0.000,0.000,0.000,0.000,0.000,0.000,0.000,0.000,0.000,0.000,0.000,0.000,0.000,0.000,0.000,0.000,0.000,0.000,2.727,0.000,0.000,0.000,0.000,0.000,0.000,0.000,0.000,0.000,0.000,0.000,0.000,0.000,0.000,0.000,1.265,3.443,0.000,0.000,0.000,0.000,0.000,0.000,0.000,0.000,0.000,0.000,0.000,0.000,0.000,0.000,0.000,0.000,0.000,0.000,0.000,0.139,2.869,0.000,0.000,0.000]
  Iter 59: LB=16.859074  UB=21.723817  gap=2.24e-01
  Cut: intercept=-1125.723119, π_x_range=[-826.4198, 586.7285]
  Mini-Benders[1] (mw): LB=16.935577, Z₀(α*)=1.230523, intercept=-25.285425 (0.495s) [OMP=0.411 ISP-L=0.008 ISP-F=0.026 MW-L=0.027 MW-F=0.023]
  Mini-Benders[2] (mw): LB=16.935577, Z₀(α*)=1.230523, intercept=-25.285425 (0.479s) [OMP=0.397 ISP-L=0.008 ISP-F=0.026 MW-L=0.021 MW-F=0.024]
  Mini-Benders[3] (mw): LB=16.935577, Z₀(α*)=1.230523, intercept=-25.285425 (0.479s) [OMP=0.394 ISP-L=0.008 ISP-F=0.026 MW-L=0.021 MW-F=0.025]
  Mini-Benders[4]: LB stagnated, break
  α-step: Z₀=28.085208, α=[0.000,0.000,0.000,0.000,0.000,0.000,0.000,0.000,0.000,0.000,0.000,0.000,0.000,2.952,0.000,0.000,0.148,0.000,0.000,0.000,0.000,0.000,0.000,0.000,0.000,0.000,0.000,0.000,0.000,0.000,0.000,0.000,0.000,0.000,2.589,0.000,0.000,0.000,0.000,0.000,0.000,0.000,0.000,0.000,0.000,0.000,0.000,0.000,0.000,0.000,0.000,0.000,0.000,0.000,0.000,0.000,0.000,0.000,0.000,0.000,0.000,0.000,0.000,0.000,0.000,0.000,0.000,0.000,0.000,0.000,0.000,0.000,4.754,0.000,0.000,0.000]
  Alt-Benders[1] (mw): LB=16.935577, Z₀(α*)=13.098021, intercept=-8.788167 (0.516s) [OMP=0.432 ISP-L=0.008 ISP-F=0.028 MW-L=0.023 MW-F=0.023]
  Alt-Benders[2] (mw): LB=16.935577, Z₀(α*)=13.098021, intercept=-8.788167 (0.495s) [OMP=0.410 ISP-L=0.008 ISP-F=0.028 MW-L=0.023 MW-F=0.023]
  Alt-Benders[3] (mw): LB=16.935577, Z₀(α*)=13.098021, intercept=-8.788167 (0.510s) [OMP=0.433 ISP-L=0.008 ISP-F=0.029 MW-L=0.024 MW-F=0.024]
  Alt-Benders[4]: LB stagnated, break
  OMP re-solve: 0.001s

=== True-DRO Benders iter 60 ===
  OMP: t₀=16.935577, UB=21.723817, gap=2.20e-01, x=[0, 0, 0, 0, 0, 0, 0, 0, 0, 0, 1, 0, 0, 0, 0, 0, 0, 0, 0, 0, 0, 0, 0, 0, 0, 0, 0, 0, 0, 1, 0, 0, 0, 0, 0, 0, 0, 0, 0, 0, 0, 0, 0, 0, 0, 0, 0, 0, 0, 0, 0, 0, 0, 0, 0, 0, 0, 0, 0, 0, 0, 0, 0, 0, 0, 0, 0, 0, 0, 0, 0, 0, 0, 0, 0, 0] (0.000s)
  Sub: Z₀=28.085208 [TIME_LIMIT] (15.1s), α=[0.000,0.000,0.000,0.000,0.000,0.000,0.000,0.000,0.000,0.000,0.000,0.000,0.000,0.000,0.000,0.000,3.100,0.000,0.000,0.000,0.000,0.000,0.000,0.000,0.000,0.000,0.000,0.000,0.000,0.000,0.000,0.000,0.000,0.000,2.589,0.000,0.000,0.000,0.000,0.000,0.000,0.000,0.000,0.000,0.000,0.000,0.000,0.000,0.000,0.000,0.000,0.000,0.000,0.000,0.000,0.000,0.000,0.000,0.000,0.000,0.000,0.000,0.000,0.000,0.000,0.000,0.000,0.000,0.000,0.000,0.000,0.000,4.754,0.000,0.000,0.000]
  Iter 60: LB=16.935577  UB=21.723817  gap=2.20e-01
  Cut: intercept=-8.576314, π_x_range=[-192.1933, 22.4080]
  Mini-Benders[1] (mw): LB=16.950513, Z₀(α*)=2.746266, intercept=-45.657167 (0.604s) [OMP=0.506 ISP-L=0.009 ISP-F=0.028 MW-L=0.028 MW-F=0.019]
  Mini-Benders[2] (mw): LB=16.950513, Z₀(α*)=2.746266, intercept=-45.657167 (0.497s) [OMP=0.412 ISP-L=0.008 ISP-F=0.028 MW-L=0.027 MW-F=0.019]
  Mini-Benders[3] (mw): LB=16.950513, Z₀(α*)=2.746266, intercept=-45.657167 (0.480s) [OMP=0.406 ISP-L=0.008 ISP-F=0.028 MW-L=0.028 MW-F=0.019]
  Mini-Benders[4]: LB stagnated, break
  α-step: Z₀=24.925267, α=[0.000,1.206,0.000,0.000,0.000,0.000,0.000,0.000,0.000,0.000,0.000,0.000,0.000,0.000,0.000,0.000,0.000,0.000,0.000,0.000,0.000,0.000,0.000,0.000,0.000,0.000,0.000,0.000,0.000,0.000,0.000,0.000,0.000,0.000,0.000,0.000,0.000,0.000,0.000,0.000,0.000,0.000,0.000,0.000,0.000,0.000,0.000,0.000,0.000,0.000,0.000,0.000,0.000,0.000,0.000,0.000,0.000,0.000,0.000,0.000,0.000,0.000,4.482,0.000,0.000,0.000,0.000,0.000,0.000,0.000,0.000,0.000,4.754,0.000,0.000,0.000]
  Alt-Benders[1] (mw): LB=16.982338, Z₀(α*)=26.550121, intercept=-87.972823 (0.594s) [OMP=0.507 ISP-L=0.010 ISP-F=0.030 MW-L=0.025 MW-F=0.018]
  Alt-Benders[2] (mw): LB=16.983930, Z₀(α*)=-20.852345, intercept=-24.959316 (0.635s) [OMP=0.546 ISP-L=0.009 ISP-F=0.025 MW-L=0.021 MW-F=0.026]
  Alt-Benders[3] (mw): LB=16.983930, Z₀(α*)=-20.852345, intercept=-24.959316 (0.466s) [OMP=0.393 ISP-L=0.008 ISP-F=0.023 MW-L=0.021 MW-F=0.023]
  Alt-Benders[4] (mw): LB=16.983930, Z₀(α*)=-20.852345, intercept=-24.959316 (0.479s) [OMP=0.388 ISP-L=0.008 ISP-F=0.023 MW-L=0.021 MW-F=0.023]
  Alt-Benders[5]: LB stagnated, break
  OMP re-solve: 0.000s

=== True-DRO Benders iter 61 ===
  OMP: t₀=16.983930, UB=21.723817, gap=2.18e-01, x=[0, 0, 0, 0, 0, 0, 0, 0, 0, 0, 0, 0, 0, 0, 0, 0, 0, 0, 0, 0, 0, 0, 0, 0, 0, 0, 0, 0, 0, 0, 0, 0, 0, 0, 0, 0, 0, 0, 0, 0, 0, 0, 0, 0, 0, 0, 0, 0, 0, 0, 0, 0, 0, 0, 0, 0, 0, 0, 0, 0, 0, 0, 1, 0, 0, 0, 0, 0, 0, 0, 0, 0, 1, 0, 0, 0] (0.000s)
  Sub: Z₀=25.024197 [LOCAL] (0.4s), α=[0.000,0.000,0.000,0.000,0.000,0.000,0.000,0.000,0.000,0.000,0.000,0.000,0.000,0.000,0.000,0.000,0.000,0.000,0.000,0.000,0.000,0.000,0.000,0.000,0.000,0.000,0.000,0.000,0.000,0.000,0.000,0.000,0.000,0.000,0.000,0.000,0.000,0.000,0.000,0.000,0.000,0.000,0.000,0.000,0.000,0.000,0.000,0.000,0.000,0.000,0.000,0.000,0.000,0.000,0.000,0.000,0.000,0.000,0.000,0.000,0.000,0.000,0.000,0.000,0.000,0.000,0.000,0.000,0.000,0.000,0.000,0.000,10.443,0.000,0.000,0.000]
  Iter 61: LB=16.983930  UB=21.723817  gap=2.18e-01
  Cut: intercept=-1155.587231, π_x_range=[-826.8813, 595.4158]
  Mini-Benders[1] (mw): LB=17.075633, Z₀(α*)=11.308361, intercept=-35.532924 (0.526s) [OMP=0.445 ISP-L=0.008 ISP-F=0.025 MW-L=0.021 MW-F=0.024]
  Mini-Benders[2] (mw): LB=17.075633, Z₀(α*)=11.308361, intercept=-35.532924 (0.526s) [OMP=0.443 ISP-L=0.008 ISP-F=0.025 MW-L=0.021 MW-F=0.024]
  Mini-Benders[3] (mw): LB=17.075633, Z₀(α*)=11.308361, intercept=-35.532924 (0.541s) [OMP=0.465 ISP-L=0.008 ISP-F=0.025 MW-L=0.027 MW-F=0.018]
  Mini-Benders[4]: LB stagnated, break
  α-step: Z₀=23.009335, α=[0.000,2.714,0.000,0.000,0.000,0.000,0.000,0.000,0.000,0.000,0.000,0.000,0.000,0.000,0.000,0.000,0.000,0.000,0.000,0.000,0.000,0.000,0.000,0.000,0.000,0.000,0.000,1.977,0.000,0.000,0.000,0.000,0.000,0.000,0.337,0.000,0.000,0.000,0.000,0.000,0.000,0.000,0.000,0.000,0.000,0.000,0.000,0.000,0.000,0.000,0.000,0.000,0.000,0.000,0.000,0.000,0.000,0.000,0.000,0.000,0.000,0.000,0.000,0.000,0.000,0.000,0.000,0.000,0.000,0.000,0.000,0.000,5.414,0.000,0.000,0.000]
  Alt-Benders[1] (mw): LB=17.077833, Z₀(α*)=-3.374860, intercept=-87.547514 (0.541s) [OMP=0.465 ISP-L=0.009 ISP-F=0.027 MW-L=0.027 MW-F=0.018]
  Alt-Benders[2] (mw): LB=17.077833, Z₀(α*)=-3.374860, intercept=-87.547514 (0.526s) [OMP=0.429 ISP-L=0.010 ISP-F=0.027 MW-L=0.026 MW-F=0.018]
  Alt-Benders[3] (mw): LB=17.077833, Z₀(α*)=-3.374860, intercept=-87.547514 (0.494s) [OMP=0.419 ISP-L=0.008 ISP-F=0.027 MW-L=0.027 MW-F=0.018]
  Alt-Benders[4]: LB stagnated, break
  OMP re-solve: 0.000s

=== True-DRO Benders iter 62 ===
  OMP: t₀=17.077833, UB=21.723817, gap=2.14e-01, x=[0, 0, 0, 0, 0, 0, 1, 0, 0, 0, 0, 0, 0, 0, 0, 0, 0, 0, 0, 0, 0, 0, 0, 0, 0, 0, 0, 0, 0, 0, 0, 0, 0, 0, 0, 0, 0, 0, 0, 0, 0, 0, 0, 0, 0, 0, 0, 0, 0, 0, 0, 0, 0, 0, 0, 0, 0, 0, 0, 0, 0, 0, 0, 0, 1, 0, 0, 0, 0, 0, 0, 0, 0, 0, 0, 0] (0.000s)
  Sub: Z₀=29.067709 [LOCAL] (0.4s), α=[0.000,0.000,0.000,0.000,0.000,0.000,0.000,0.000,0.000,0.000,0.000,0.000,0.000,0.000,0.000,0.000,0.000,0.000,0.000,0.000,0.000,0.000,0.000,0.000,0.000,0.000,0.000,0.000,0.000,0.000,0.000,0.000,0.000,0.000,0.000,0.000,0.000,0.000,0.000,0.000,0.000,0.000,0.000,0.000,0.000,0.000,0.000,0.000,0.000,0.000,2.263,0.000,0.000,0.000,0.000,0.000,0.000,0.000,0.000,0.000,0.000,0.000,2.824,0.000,0.000,0.000,0.000,0.000,0.000,0.000,0.000,0.000,5.355,0.000,0.000,0.000]
  Iter 62: LB=17.077833  UB=21.723817  gap=2.14e-01
  Cut: intercept=-1104.453293, π_x_range=[-827.5989, 573.8420]
  Mini-Benders[1] (mw): LB=17.087522, Z₀(α*)=25.396909, intercept=-45.871728 (0.589s) [OMP=0.508 ISP-L=0.010 ISP-F=0.028 MW-L=0.024 MW-F=0.021]
  Mini-Benders[2] (mw): LB=17.115654, Z₀(α*)=8.796759, intercept=-102.432492 (0.622s) [OMP=0.529 ISP-L=0.009 ISP-F=0.029 MW-L=0.020 MW-F=0.025]
  Mini-Benders[3] (mw): LB=17.115654, Z₀(α*)=8.796759, intercept=-102.432492 (0.526s) [OMP=0.439 ISP-L=0.009 ISP-F=0.030 MW-L=0.020 MW-F=0.024]
  Mini-Benders[4] (mw): LB=17.115654, Z₀(α*)=8.796759, intercept=-102.432492 (0.510s) [OMP=0.434 ISP-L=0.009 ISP-F=0.030 MW-L=0.020 MW-F=0.025]
  Mini-Benders[5]: LB stagnated, break
  α-step: Z₀=26.208015, α=[0.000,2.714,0.000,0.000,0.000,0.000,0.000,0.000,0.000,0.000,1.568,0.000,0.000,0.000,0.000,0.000,0.000,0.000,0.000,0.000,0.000,0.000,0.000,0.000,0.000,0.000,0.000,0.316,0.000,0.000,0.000,0.000,0.000,0.000,2.589,0.000,0.000,0.000,0.000,0.000,0.000,0.000,0.000,0.000,0.000,0.000,0.000,0.000,0.000,0.000,0.000,0.000,0.000,0.000,0.000,0.000,0.000,0.000,0.000,0.000,0.000,0.000,0.000,0.000,0.000,0.000,0.000,0.000,0.000,0.000,0.000,0.000,3.257,0.000,0.000,0.000]
  Alt-Benders[1] (mw): LB=17.118488, Z₀(α*)=4.346662, intercept=-68.579971 (0.581s) [OMP=0.507 ISP-L=0.009 ISP-F=0.028 MW-L=0.021 MW-F=0.025]
  Alt-Benders[2] (mw): LB=17.118488, Z₀(α*)=4.346662, intercept=-68.579971 (0.542s) [OMP=0.457 ISP-L=0.009 ISP-F=0.028 MW-L=0.021 MW-F=0.024]
  Alt-Benders[3] (mw): LB=17.118488, Z₀(α*)=4.346662, intercept=-68.579971 (0.541s) [OMP=0.441 ISP-L=0.009 ISP-F=0.028 MW-L=0.026 MW-F=0.019]
  Alt-Benders[4]: LB stagnated, break
  OMP re-solve: 0.000s

=== True-DRO Benders iter 63 ===
  OMP: t₀=17.118488, UB=21.723817, gap=2.12e-01, x=[0, 0, 0, 0, 0, 0, 0, 0, 0, 0, 1, 0, 0, 0, 0, 0, 0, 0, 0, 0, 0, 0, 0, 0, 0, 0, 0, 0, 0, 0, 0, 0, 0, 0, 0, 0, 0, 0, 0, 0, 0, 0, 0, 0, 0, 0, 0, 0, 0, 0, 0, 0, 0, 0, 0, 0, 0, 0, 0, 0, 0, 0, 0, 0, 1, 0, 0, 0, 0, 0, 0, 0, 0, 0, 0, 0] (0.000s)
  Sub: Z₀=28.035679 [LOCAL] (0.4s), α=[0.000,0.000,0.000,0.000,0.000,0.000,0.000,0.000,0.000,0.000,2.605,0.000,0.000,0.000,0.000,0.000,0.083,0.000,0.000,0.000,0.028,0.000,0.000,0.000,0.000,0.000,0.000,0.000,0.000,0.000,0.000,0.000,0.000,0.000,0.000,0.000,0.000,0.000,0.000,0.000,0.000,0.000,0.000,0.000,0.000,0.000,0.000,0.000,0.000,0.000,0.000,0.000,0.000,0.000,0.000,0.000,0.000,0.000,0.000,0.000,0.000,0.000,2.973,0.000,0.000,0.000,0.000,0.000,0.000,0.000,0.000,0.000,4.754,0.000,0.000,0.000]
  Iter 63: LB=17.118488  UB=21.723817  gap=2.12e-01
  Cut: intercept=-1104.566032, π_x_range=[-826.2403, 576.9196]
  Mini-Benders[1] (mw): LB=17.152215, Z₀(α*)=21.271708, intercept=-9.644791 (0.621s) [OMP=0.537 ISP-L=0.009 ISP-F=0.025 MW-L=0.029 MW-F=0.016]
  Mini-Benders[2] (mw): LB=17.171193, Z₀(α*)=21.010831, intercept=-49.906559 (0.606s) [OMP=0.513 ISP-L=0.010 ISP-F=0.030 MW-L=0.024 MW-F=0.020]
  Mini-Benders[3] (mw): LB=17.194948, Z₀(α*)=25.221931, intercept=-44.074190 (0.635s) [OMP=0.552 ISP-L=0.007 ISP-F=0.029 MW-L=0.032 MW-F=0.018]
  Mini-Benders[4] (mw): LB=17.236637, Z₀(α*)=-5.720747, intercept=-88.618962 (0.557s) [OMP=0.462 ISP-L=0.009 ISP-F=0.025 MW-L=0.030 MW-F=0.020]
  Mini-Benders[5] (mw): LB=17.236637, Z₀(α*)=-5.720747, intercept=-88.618962 (0.636s) [OMP=0.542 ISP-L=0.009 ISP-F=0.025 MW-L=0.030 MW-F=0.023]
  α-step: Z₀=25.671578, α=[0.000,0.000,0.000,0.000,0.000,0.000,0.000,0.000,0.000,0.000,0.000,0.000,0.000,2.952,0.000,0.000,2.684,0.000,0.000,0.000,0.000,0.000,0.000,0.000,0.000,0.000,0.000,0.000,0.000,0.000,0.000,0.000,0.000,0.000,2.361,0.000,0.000,0.000,0.000,0.000,0.000,0.000,0.000,0.000,0.000,0.000,0.000,0.000,0.000,0.000,0.000,0.000,0.000,0.000,0.000,0.000,0.000,0.000,0.000,0.000,0.000,0.000,0.000,0.000,0.000,0.000,0.000,0.000,0.000,0.000,0.000,0.000,2.446,0.000,0.000,0.000]
  Alt-Benders[1] (mw): LB=17.242138, Z₀(α*)=-2.972871, intercept=-59.933708 (0.592s) [OMP=0.500 ISP-L=0.009 ISP-F=0.028 MW-L=0.020 MW-F=0.024]
  Alt-Benders[2] (mw): LB=17.242138, Z₀(α*)=-2.972871, intercept=-59.933708 (0.541s) [OMP=0.463 ISP-L=0.009 ISP-F=0.028 MW-L=0.021 MW-F=0.025]
  Alt-Benders[3] (mw): LB=17.242138, Z₀(α*)=-2.972871, intercept=-59.933708 (0.557s) [OMP=0.471 ISP-L=0.009 ISP-F=0.028 MW-L=0.020 MW-F=0.024]
  Alt-Benders[4]: LB stagnated, break
  OMP re-solve: 0.001s

=== True-DRO Benders iter 64 ===
  OMP: t₀=17.242138, UB=21.723817, gap=2.06e-01, x=[0, 0, 0, 0, 0, 0, 0, 0, 0, 0, 0, 0, 0, 0, 0, 0, 0, 0, 0, 0, 0, 0, 0, 0, 0, 0, 0, 0, 0, 0, 0, 0, 0, 0, 0, 0, 0, 0, 0, 0, 0, 0, 0, 0, 0, 0, 0, 0, 0, 0, 1, 0, 0, 0, 0, 0, 0, 0, 0, 0, 0, 0, 0, 0, 1, 0, 0, 0, 0, 0, 0, 0, 0, 0, 0, 0] (0.000s)
  Sub: Z₀=28.845668 [LOCAL] (0.4s), α=[0.000,0.000,0.000,0.000,0.000,0.000,0.000,0.000,0.000,0.000,0.000,0.000,0.000,0.000,0.000,0.000,0.000,0.000,0.000,0.000,0.000,0.000,0.000,0.000,0.000,0.000,0.000,0.000,0.000,0.000,0.000,0.000,0.000,0.000,0.000,0.000,0.000,0.000,0.000,0.000,0.000,0.000,0.000,0.000,0.000,0.000,0.000,0.000,0.000,0.000,0.546,0.000,0.000,0.000,0.000,0.000,0.000,0.000,0.000,0.000,0.000,0.000,4.697,0.000,0.000,0.000,0.000,0.000,0.000,0.000,0.000,0.000,5.200,0.000,0.000,0.000]
  Iter 64: LB=17.242138  UB=21.723817  gap=2.06e-01
  Cut: intercept=-1125.125094, π_x_range=[-825.9194, 598.9910]
  Mini-Benders[1] (mw): LB=17.288961, Z₀(α*)=-26.182749, intercept=-91.806930 (0.575s) [OMP=0.497 ISP-L=0.008 ISP-F=0.023 MW-L=0.022 MW-F=0.025]
  Mini-Benders[2] (mw): LB=17.288961, Z₀(α*)=-26.182749, intercept=-91.806930 (0.557s) [OMP=0.472 ISP-L=0.008 ISP-F=0.023 MW-L=0.027 MW-F=0.020]
  Mini-Benders[3] (mw): LB=17.288961, Z₀(α*)=-26.182749, intercept=-91.806930 (0.573s) [OMP=0.484 ISP-L=0.008 ISP-F=0.024 MW-L=0.028 MW-F=0.020]
  Mini-Benders[4]: LB stagnated, break
  α-step: Z₀=19.836342, α=[0.000,0.000,0.000,0.000,0.000,0.000,0.000,0.000,0.000,0.000,0.000,0.000,0.000,0.000,0.000,0.000,0.000,0.000,0.000,0.000,0.000,0.000,0.000,0.000,0.000,0.000,0.000,0.000,0.000,0.000,0.000,0.000,0.000,0.000,0.000,0.000,0.000,0.000,0.000,0.000,0.000,0.000,0.000,0.000,0.000,0.000,0.000,0.000,0.000,0.000,0.000,0.000,0.000,0.000,0.000,0.000,0.000,0.000,0.000,0.000,0.000,0.000,0.000,0.000,0.000,0.000,0.000,0.000,0.000,0.000,0.000,7.501,2.942,0.000,0.000,0.000]
  Alt-Benders[1] (mw): LB=17.311893, Z₀(α*)=-2.105526, intercept=-58.135086 (0.590s) [OMP=0.505 ISP-L=0.009 ISP-F=0.028 MW-L=0.027 MW-F=0.019]
  Alt-Benders[2] (mw): LB=17.311893, Z₀(α*)=-2.105526, intercept=-58.135086 (0.557s) [OMP=0.474 ISP-L=0.009 ISP-F=0.027 MW-L=0.027 MW-F=0.019]
  Alt-Benders[3] (mw): LB=17.311893, Z₀(α*)=-2.105526, intercept=-58.135086 (0.541s) [OMP=0.462 ISP-L=0.008 ISP-F=0.027 MW-L=0.027 MW-F=0.019]
  Alt-Benders[4]: LB stagnated, break
  OMP re-solve: 0.001s

=== True-DRO Benders iter 65 ===
  OMP: t₀=17.311893, UB=21.723817, gap=2.03e-01, x=[0, 0, 0, 0, 0, 0, 0, 0, 0, 0, 1, 0, 0, 0, 0, 0, 0, 0, 0, 0, 0, 0, 0, 0, 0, 0, 0, 0, 0, 0, 0, 0, 0, 0, 0, 0, 0, 0, 0, 0, 0, 0, 0, 0, 0, 0, 0, 0, 0, 0, 0, 0, 0, 0, 0, 0, 0, 0, 0, 0, 0, 1, 0, 0, 0, 0, 0, 0, 0, 0, 0, 0, 0, 0, 0, 0] (0.000s)
  Sub: Z₀=25.442122 [TIME_LIMIT] (15.1s), α=[0.000,0.000,0.000,0.000,0.000,0.000,0.000,0.000,0.000,0.000,2.783,0.000,0.000,0.000,0.000,0.000,0.594,0.000,0.000,0.000,0.185,0.000,0.000,0.000,0.000,0.000,0.000,0.000,0.000,0.000,0.000,0.000,0.000,0.000,0.000,0.000,0.000,0.000,0.000,0.000,0.000,0.000,0.000,0.000,0.000,0.000,0.000,0.000,0.000,0.000,1.061,0.000,0.000,0.417,0.000,0.000,0.000,0.000,0.000,0.000,0.000,0.669,0.000,0.000,0.000,0.000,0.000,0.000,0.000,0.000,0.000,0.000,4.734,0.000,0.000,0.000]
  Iter 65: LB=17.311893  UB=21.723817  gap=2.03e-01
  Cut: intercept=-57.281962, π_x_range=[-245.6003, 61.8870]
  Mini-Benders[1] (mw): LB=17.311893, Z₀(α*)=12.707612, intercept=-67.279707 (0.542s) [OMP=0.460 ISP-L=0.009 ISP-F=0.030 MW-L=0.020 MW-F=0.025]
  Mini-Benders[2] (mw): LB=17.311893, Z₀(α*)=12.707612, intercept=-67.279707 (0.666s) [OMP=0.577 ISP-L=0.009 ISP-F=0.030 MW-L=0.021 MW-F=0.024]
  Mini-Benders[3]: LB stagnated, break
  α-step: Z₀=25.284201, α=[0.000,0.000,0.000,0.000,0.000,0.000,0.000,0.000,0.000,0.000,0.000,0.000,0.000,2.952,0.000,0.000,0.610,0.000,0.000,0.000,0.000,0.000,0.000,0.000,0.000,0.000,0.000,0.000,0.000,0.000,0.000,0.000,0.000,0.000,0.000,0.000,0.000,0.000,0.000,0.000,0.000,0.000,0.000,0.000,0.000,0.000,0.000,0.000,0.000,0.000,1.477,0.000,0.000,0.000,0.000,0.000,0.000,0.000,0.000,0.000,0.000,0.669,0.000,0.000,0.000,0.000,0.000,0.000,0.000,0.000,0.000,0.000,4.734,0.000,0.000,0.000]
  Alt-Benders[1] (mw): LB=17.364932, Z₀(α*)=4.503403, intercept=-1.148934 (0.654s) [OMP=0.575 ISP-L=0.009 ISP-F=0.027 MW-L=0.023 MW-F=0.024]
  Alt-Benders[2] (mw): LB=17.364932, Z₀(α*)=4.503403, intercept=-1.148934 (0.528s) [OMP=0.442 ISP-L=0.008 ISP-F=0.026 MW-L=0.023 MW-F=0.024]
  Alt-Benders[3] (mw): LB=17.364932, Z₀(α*)=4.503403, intercept=-1.148934 (0.542s) [OMP=0.451 ISP-L=0.008 ISP-F=0.027 MW-L=0.023 MW-F=0.024]
  Alt-Benders[4]: LB stagnated, break
  OMP re-solve: 0.001s

=== True-DRO Benders iter 66 ===
  OMP: t₀=17.364932, UB=21.723817, gap=2.01e-01, x=[0, 0, 0, 0, 0, 0, 0, 0, 0, 0, 1, 0, 0, 0, 0, 0, 1, 0, 0, 0, 0, 0, 0, 0, 0, 0, 0, 0, 0, 0, 0, 0, 0, 0, 0, 0, 0, 0, 0, 0, 0, 0, 0, 0, 0, 0, 0, 0, 0, 0, 0, 0, 0, 0, 0, 0, 0, 0, 0, 0, 0, 0, 0, 0, 0, 0, 0, 0, 0, 0, 0, 0, 0, 0, 0, 0] (0.000s)
  Sub: Z₀=27.898409 [LOCAL] (0.4s), α=[0.000,0.000,0.000,0.000,0.000,0.000,0.000,0.000,0.000,0.000,2.659,0.000,0.000,0.000,0.000,0.000,2.393,0.000,0.000,0.000,0.062,0.000,0.000,0.000,0.000,0.000,0.000,0.000,0.000,0.000,0.000,0.000,0.000,0.000,0.574,0.000,0.000,0.000,0.000,0.000,0.000,0.000,0.000,0.000,0.000,0.000,0.000,0.000,0.000,0.000,0.000,0.000,0.000,0.000,0.000,0.000,0.000,0.000,0.000,0.000,0.000,0.000,0.000,0.000,0.000,0.000,0.000,0.000,0.000,0.000,0.000,0.000,4.754,0.000,0.000,0.000]
  Iter 66: LB=17.364932  UB=21.723817  gap=2.01e-01
  Cut: intercept=-1121.128747, π_x_range=[-826.2991, 577.4495]
  Mini-Benders[1] (mw): LB=17.374952, Z₀(α*)=18.211701, intercept=-28.300546 (0.604s) [OMP=0.519 ISP-L=0.007 ISP-F=0.026 MW-L=0.029 MW-F=0.018]
  Mini-Benders[2] (mw): LB=17.381504, Z₀(α*)=12.060834, intercept=-72.206700 (0.588s) [OMP=0.498 ISP-L=0.007 ISP-F=0.026 MW-L=0.032 MW-F=0.019]
  Mini-Benders[3] (mw): LB=17.381504, Z₀(α*)=12.060834, intercept=-72.206700 (0.589s) [OMP=0.507 ISP-L=0.007 ISP-F=0.026 MW-L=0.031 MW-F=0.019]
  Mini-Benders[4] (mw): LB=17.381504, Z₀(α*)=12.060834, intercept=-72.206700 (0.589s) [OMP=0.493 ISP-L=0.007 ISP-F=0.026 MW-L=0.032 MW-F=0.019]
  Mini-Benders[5]: LB stagnated, break
  α-step: Z₀=26.866811, α=[0.000,0.596,0.000,0.000,0.000,0.000,0.000,0.000,0.000,0.000,2.522,0.000,0.000,0.000,0.000,0.000,0.000,0.000,0.000,0.000,0.000,0.000,0.000,0.000,0.000,0.000,0.000,0.000,0.000,0.000,0.000,0.000,0.000,0.000,0.216,0.000,0.000,0.000,0.000,0.000,0.000,0.000,3.928,0.000,0.000,0.000,0.000,0.000,0.000,0.000,0.000,0.000,0.000,0.000,0.000,0.000,0.000,0.000,0.000,0.000,0.000,0.000,0.000,0.000,0.000,0.000,0.000,0.000,0.000,0.000,0.000,0.000,3.181,0.000,0.000,0.000]
  Alt-Benders[1] (mw): LB=17.394606, Z₀(α*)=8.968968, intercept=-43.216517 (0.620s) [OMP=0.537 ISP-L=0.010 ISP-F=0.029 MW-L=0.027 MW-F=0.018]
  Alt-Benders[2] (mw): LB=17.394606, Z₀(α*)=8.968968, intercept=-43.216517 (0.588s) [OMP=0.507 ISP-L=0.009 ISP-F=0.029 MW-L=0.027 MW-F=0.022]
  Alt-Benders[3] (mw): LB=17.394606, Z₀(α*)=8.968968, intercept=-43.216517 (0.607s) [OMP=0.508 ISP-L=0.010 ISP-F=0.029 MW-L=0.021 MW-F=0.023]
  Alt-Benders[4]: LB stagnated, break
  OMP re-solve: 0.001s

=== True-DRO Benders iter 67 ===
  OMP: t₀=17.394606, UB=21.723817, gap=1.99e-01, x=[0, 1, 0, 0, 0, 0, 0, 0, 0, 0, 0, 0, 0, 0, 0, 0, 0, 0, 0, 0, 0, 0, 0, 0, 0, 0, 0, 0, 0, 0, 0, 0, 0, 0, 0, 0, 0, 0, 0, 0, 0, 0, 0, 0, 0, 0, 0, 0, 0, 0, 0, 0, 0, 0, 0, 0, 0, 0, 0, 0, 0, 0, 1, 0, 0, 0, 0, 0, 0, 0, 0, 0, 0, 0, 0, 0] (0.000s)
  Sub: Z₀=26.762298 [LOCAL] (0.4s), α=[0.000,0.897,0.000,0.000,0.000,0.000,0.000,0.000,0.000,0.000,0.084,0.000,0.000,0.000,0.000,0.000,0.000,0.000,0.000,0.000,0.000,0.000,0.000,0.230,0.000,0.000,0.000,1.441,0.000,0.000,0.000,0.000,0.000,0.000,2.589,0.000,0.000,0.000,0.000,0.000,0.000,0.000,0.000,0.000,0.000,0.000,0.000,0.000,0.000,0.000,0.000,0.000,0.000,0.000,0.000,0.000,0.000,0.000,0.000,0.000,0.000,0.000,2.757,0.000,0.000,0.000,0.000,0.000,0.000,0.000,0.000,0.000,2.446,0.000,0.000,0.000]
  Iter 67: LB=17.394606  UB=21.723817  gap=1.99e-01
  Cut: intercept=-1109.454476, π_x_range=[-826.9296, 588.2986]
  Mini-Benders[1] (mw): LB=17.405384, Z₀(α*)=9.113407, intercept=-87.348396 (0.651s) [OMP=0.563 ISP-L=0.008 ISP-F=0.028 MW-L=0.020 MW-F=0.024]
  Mini-Benders[2] (mw): LB=17.405384, Z₀(α*)=9.113407, intercept=-87.348396 (0.604s) [OMP=0.519 ISP-L=0.009 ISP-F=0.029 MW-L=0.020 MW-F=0.024]
  Mini-Benders[3] (mw): LB=17.405384, Z₀(α*)=9.113407, intercept=-87.348396 (0.575s) [OMP=0.502 ISP-L=0.008 ISP-F=0.028 MW-L=0.020 MW-F=0.024]
  Mini-Benders[4]: LB stagnated, break
  α-step: Z₀=28.797735, α=[0.000,0.000,0.000,0.000,0.000,0.000,0.000,0.000,0.000,0.000,0.000,0.000,0.000,0.000,0.000,0.000,0.000,0.000,0.000,0.000,0.000,0.000,0.000,0.000,0.000,0.000,0.000,0.000,0.000,0.000,0.000,0.000,0.000,0.000,0.000,0.000,0.000,0.000,0.000,0.000,0.000,0.000,0.000,0.000,0.000,0.000,0.000,0.000,0.000,0.000,0.601,0.000,0.000,0.000,0.000,0.000,0.000,0.000,0.000,0.000,0.000,0.000,4.448,0.000,0.038,0.000,0.000,0.000,0.000,0.000,0.000,0.000,5.355,0.000,0.000,0.000]
  Alt-Benders[1] (mw): LB=17.407000, Z₀(α*)=21.756094, intercept=-9.043483 (0.562s) [OMP=0.485 ISP-L=0.008 ISP-F=0.027 MW-L=0.020 MW-F=0.023]
  Alt-Benders[2] (mw): LB=17.410720, Z₀(α*)=27.072040, intercept=-74.766195 (0.604s) [OMP=0.527 ISP-L=0.008 ISP-F=0.029 MW-L=0.024 MW-F=0.018]
  Alt-Benders[3] (mw): LB=17.414849, Z₀(α*)=1.484964, intercept=-45.707736 (0.638s) [OMP=0.552 ISP-L=0.006 ISP-F=0.026 MW-L=0.027 MW-F=0.019]
  Alt-Benders[4] (mw): LB=17.414849, Z₀(α*)=1.484964, intercept=-45.707736 (0.637s) [OMP=0.553 ISP-L=0.006 ISP-F=0.026 MW-L=0.027 MW-F=0.018]
  Alt-Benders[5] (mw): LB=17.414849, Z₀(α*)=1.484964, intercept=-45.707736 (0.621s) [OMP=0.551 ISP-L=0.006 ISP-F=0.026 MW-L=0.027 MW-F=0.019]
  OMP re-solve: 0.566s

=== True-DRO Benders iter 68 ===
  OMP: t₀=17.414849, UB=21.723817, gap=1.98e-01, x=[0, 0, 0, 0, 0, 0, 0, 0, 0, 0, 0, 0, 0, 0, 0, 0, 0, 0, 0, 0, 0, 0, 0, 1, 0, 0, 0, 0, 0, 0, 0, 0, 0, 0, 0, 0, 0, 0, 0, 0, 0, 0, 1, 0, 0, 0, 0, 0, 0, 0, 0, 0, 0, 0, 0, 0, 0, 0, 0, 0, 0, 0, 0, 0, 0, 0, 0, 0, 0, 0, 0, 0, 0, 0, 0, 0] (0.001s)
  Sub: Z₀=27.023662 [LOCAL] (0.4s), α=[0.000,0.000,0.000,0.000,0.000,0.000,0.000,0.000,0.000,0.000,2.552,0.000,0.000,0.030,0.000,0.000,1.081,0.000,0.000,0.000,0.018,0.000,0.000,0.502,0.000,0.000,0.000,0.000,0.000,0.000,0.000,0.000,0.000,0.000,0.312,0.000,0.000,0.000,0.000,0.000,0.000,0.000,3.267,0.000,0.000,0.000,0.000,0.000,0.000,0.018,0.000,0.000,0.000,0.000,0.000,0.000,0.000,0.000,0.000,0.000,0.000,0.000,0.095,0.000,0.000,0.000,0.000,0.000,0.000,0.000,0.000,0.000,2.568,0.000,0.000,0.000]
  Iter 68: LB=17.414849  UB=21.723817  gap=1.98e-01
  Cut: intercept=-1084.037735, π_x_range=[-826.2643, 583.8881]
  Mini-Benders[1] (mw): LB=17.430234, Z₀(α*)=25.271788, intercept=-53.583222 (0.619s) [OMP=0.528 ISP-L=0.008 ISP-F=0.026 MW-L=0.030 MW-F=0.019]
  Mini-Benders[2] (mw): LB=17.450832, Z₀(α*)=10.772276, intercept=-42.512090 (0.573s) [OMP=0.491 ISP-L=0.007 ISP-F=0.027 MW-L=0.029 MW-F=0.022]
  Mini-Benders[3] (mw): LB=17.450832, Z₀(α*)=10.772276, intercept=-42.512090 (0.635s) [OMP=0.545 ISP-L=0.007 ISP-F=0.027 MW-L=0.023 MW-F=0.025]
  Mini-Benders[4] (mw): LB=17.450832, Z₀(α*)=10.772276, intercept=-42.512090 (0.638s) [OMP=0.558 ISP-L=0.008 ISP-F=0.027 MW-L=0.023 MW-F=0.024]
  Mini-Benders[5]: LB stagnated, break
  α-step: Z₀=26.778070, α=[0.000,0.000,0.000,0.000,0.000,0.000,0.000,0.000,0.000,0.000,2.522,0.000,0.000,0.000,0.000,0.000,0.000,0.000,0.000,0.000,0.760,0.000,0.000,0.000,0.000,0.000,0.000,0.000,0.000,0.000,0.000,0.000,0.000,0.000,1.682,0.000,0.000,0.000,0.000,0.000,0.000,0.000,0.000,0.000,0.000,0.000,0.000,0.000,0.000,2.222,0.000,0.000,0.000,0.000,0.000,0.000,0.000,0.000,0.000,0.000,0.000,0.000,0.000,0.000,0.000,0.000,0.000,0.000,0.000,0.000,0.000,0.000,3.257,0.000,0.000,0.000]
  Alt-Benders[1] (mw): LB=17.488662, Z₀(α*)=5.894811, intercept=-27.146601 (0.587s) [OMP=0.504 ISP-L=0.008 ISP-F=0.028 MW-L=0.021 MW-F=0.024]
  Alt-Benders[2] (mw): LB=17.488662, Z₀(α*)=5.894811, intercept=-27.146601 (0.682s) [OMP=0.600 ISP-L=0.009 ISP-F=0.029 MW-L=0.021 MW-F=0.026]
  Alt-Benders[3] (mw): LB=17.488662, Z₀(α*)=5.894811, intercept=-27.146601 (0.682s) [OMP=0.591 ISP-L=0.009 ISP-F=0.028 MW-L=0.021 MW-F=0.024]
  Alt-Benders[4]: LB stagnated, break
  OMP re-solve: 0.001s

=== True-DRO Benders iter 69 ===
  OMP: t₀=17.488662, UB=21.723817, gap=1.95e-01, x=[0, 0, 0, 0, 0, 0, 1, 0, 0, 0, 0, 0, 0, 0, 0, 0, 1, 0, 0, 0, 0, 0, 0, 0, 0, 0, 0, 0, 0, 0, 0, 0, 0, 0, 0, 0, 0, 0, 0, 0, 0, 0, 0, 0, 0, 0, 0, 0, 0, 0, 0, 0, 0, 0, 0, 0, 0, 0, 0, 0, 0, 0, 0, 0, 0, 0, 0, 0, 0, 0, 0, 0, 0, 0, 0, 0] (0.000s)
  Sub: Z₀=27.659392 [LOCAL] (0.4s), α=[0.000,0.000,0.000,0.000,0.000,0.000,0.000,0.000,0.000,0.000,0.000,0.000,0.000,0.000,0.000,0.000,3.723,0.000,0.000,0.000,0.091,0.000,0.000,0.000,0.000,0.000,0.000,0.000,0.000,0.000,0.000,0.000,0.000,0.000,2.589,0.000,0.000,0.000,0.000,0.000,0.000,0.000,0.000,0.000,0.000,0.000,0.000,0.000,0.000,0.000,0.797,0.000,0.000,0.000,0.000,0.000,0.000,0.000,0.000,0.000,0.000,0.000,0.000,0.000,0.000,0.000,0.000,0.000,0.000,0.000,0.000,0.000,3.243,0.000,0.000,0.000]
  Iter 69: LB=17.488662  UB=21.723817  gap=1.95e-01
  Cut: intercept=-1122.879550, π_x_range=[-827.7829, 577.0836]
  Mini-Benders[1] (mw): LB=17.500159, Z₀(α*)=16.484058, intercept=-45.264047 (0.654s) [OMP=0.568 ISP-L=0.006 ISP-F=0.025 MW-L=0.028 MW-F=0.018]
  Mini-Benders[2] (mw): LB=17.500159, Z₀(α*)=16.484058, intercept=-45.264047 (0.513s) [OMP=0.433 ISP-L=0.007 ISP-F=0.025 MW-L=0.028 MW-F=0.018]
  Mini-Benders[3] (mw): LB=17.500159, Z₀(α*)=16.484058, intercept=-45.264047 (0.526s) [OMP=0.449 ISP-L=0.007 ISP-F=0.025 MW-L=0.028 MW-F=0.018]
  Mini-Benders[4]: LB stagnated, break
  α-step: Z₀=26.579870, α=[0.000,0.000,0.000,0.000,0.000,0.000,0.000,0.000,0.000,0.000,0.000,0.000,0.000,2.974,0.000,0.000,0.000,0.000,0.000,0.000,0.000,0.000,0.000,0.000,0.000,0.000,0.000,0.000,0.000,0.000,0.000,0.000,0.000,0.000,2.715,0.000,0.000,0.000,0.000,0.000,0.000,0.000,0.000,0.000,0.000,0.000,0.000,0.000,0.000,0.000,0.000,0.000,0.000,0.000,0.000,0.000,0.000,0.000,0.000,0.000,0.000,0.000,0.000,0.000,0.000,0.000,0.000,0.000,0.000,0.000,0.000,0.000,4.754,0.000,0.000,0.000]
  Alt-Benders[1] (mw): LB=17.500159, Z₀(α*)=8.761123, intercept=-41.957123 (0.620s) [OMP=0.548 ISP-L=0.007 ISP-F=0.029 MW-L=0.027 MW-F=0.018]
  Alt-Benders[2] (mw): LB=17.500159, Z₀(α*)=8.761123, intercept=-41.957123 (0.542s) [OMP=0.454 ISP-L=0.006 ISP-F=0.028 MW-L=0.027 MW-F=0.018]
  Alt-Benders[3] (mw): LB=17.500159, Z₀(α*)=8.761123, intercept=-41.957123 (0.557s) [OMP=0.463 ISP-L=0.007 ISP-F=0.029 MW-L=0.027 MW-F=0.022]
  Alt-Benders[4]: LB stagnated, break
  OMP re-solve: 0.001s

=== True-DRO Benders iter 70 ===
  OMP: t₀=17.500159, UB=21.723817, gap=1.94e-01, x=[0, 0, 0, 0, 0, 0, 0, 0, 0, 0, 1, 0, 0, 0, 0, 0, 0, 0, 0, 0, 0, 0, 0, 0, 0, 0, 0, 0, 0, 0, 0, 0, 0, 0, 0, 0, 0, 0, 0, 0, 0, 0, 0, 0, 0, 1, 0, 0, 0, 0, 0, 0, 0, 0, 0, 0, 0, 0, 0, 0, 0, 0, 0, 0, 0, 0, 0, 0, 0, 0, 0, 0, 0, 0, 0, 0] (0.000s)
  Sub: Z₀=27.893556 [TIME_LIMIT] (15.1s), α=[0.000,0.000,0.000,0.000,0.000,0.000,0.000,0.000,0.000,0.000,5.612,0.000,0.000,0.000,0.000,0.000,0.000,0.000,0.000,0.000,0.000,0.000,0.000,0.000,0.000,0.000,0.000,0.000,0.000,0.000,0.000,0.000,0.000,0.000,0.077,0.000,0.000,0.000,0.000,0.000,0.000,0.000,0.000,0.000,0.000,0.000,0.000,0.000,0.000,0.000,0.000,0.000,0.000,0.000,0.000,0.000,0.000,0.000,0.000,0.000,0.000,0.000,0.000,0.000,0.000,0.000,0.000,0.000,0.000,0.000,0.000,0.000,4.754,0.000,0.000,0.000]
  Iter 70: LB=17.500159  UB=21.723817  gap=1.94e-01
  Cut: intercept=-59.289974, π_x_range=[-243.0000, 64.9154]
  Mini-Benders[1] (mw): LB=17.507158, Z₀(α*)=18.062834, intercept=-86.365234 (0.651s) [OMP=0.573 ISP-L=0.009 ISP-F=0.027 MW-L=0.019 MW-F=0.024]
  Mini-Benders[2] (mw): LB=17.515588, Z₀(α*)=-6.113669, intercept=-27.413321 (0.666s) [OMP=0.579 ISP-L=0.009 ISP-F=0.027 MW-L=0.021 MW-F=0.024]
  Mini-Benders[3] (mw): LB=17.515588, Z₀(α*)=-6.113669, intercept=-27.413321 (0.560s) [OMP=0.478 ISP-L=0.009 ISP-F=0.028 MW-L=0.021 MW-F=0.025]
  Mini-Benders[4] (mw): LB=17.515588, Z₀(α*)=-6.113669, intercept=-27.413321 (0.557s) [OMP=0.464 ISP-L=0.009 ISP-F=0.027 MW-L=0.021 MW-F=0.025]
  Mini-Benders[5]: LB stagnated, break
  α-step: Z₀=26.139725, α=[0.000,0.000,0.000,0.000,0.000,0.000,0.000,0.000,0.000,0.000,0.000,0.000,0.000,2.952,0.000,0.000,2.684,0.000,0.000,0.000,0.000,0.000,0.000,0.000,0.000,0.000,0.000,0.000,0.000,0.000,0.000,0.000,0.000,0.000,2.142,0.000,0.000,0.000,0.000,0.000,0.000,0.000,0.000,0.000,0.000,0.000,0.000,0.000,0.000,0.000,0.000,0.000,0.000,0.000,0.000,0.000,0.000,0.000,0.000,0.000,0.000,0.000,0.000,0.000,0.000,0.000,0.000,0.000,0.000,0.000,0.000,0.000,2.665,0.000,0.000,0.000]
  Alt-Benders[1] (mw): LB=17.528121, Z₀(α*)=-7.160305, intercept=-56.454386 (0.620s) [OMP=0.532 ISP-L=0.009 ISP-F=0.029 MW-L=0.020 MW-F=0.026]
  Alt-Benders[2] (mw): LB=17.528121, Z₀(α*)=-7.160305, intercept=-56.454386 (0.528s) [OMP=0.449 ISP-L=0.009 ISP-F=0.029 MW-L=0.025 MW-F=0.018]
  Alt-Benders[3] (mw): LB=17.528121, Z₀(α*)=-7.160305, intercept=-56.454386 (0.557s) [OMP=0.471 ISP-L=0.009 ISP-F=0.029 MW-L=0.025 MW-F=0.018]
  Alt-Benders[4]: LB stagnated, break
  OMP re-solve: 0.001s

=== True-DRO Benders iter 71 ===
  OMP: t₀=17.528121, UB=21.723817, gap=1.93e-01, x=[0, 0, 0, 0, 0, 0, 0, 1, 0, 0, 0, 0, 0, 0, 0, 0, 0, 0, 0, 0, 0, 0, 0, 0, 0, 0, 0, 0, 0, 0, 0, 0, 0, 0, 0, 0, 0, 0, 0, 0, 0, 0, 0, 0, 0, 0, 0, 0, 0, 0, 0, 0, 0, 0, 0, 0, 0, 0, 0, 0, 0, 0, 0, 0, 1, 0, 0, 0, 0, 0, 0, 0, 0, 0, 0, 0] (0.000s)
  Sub: Z₀=29.016220 [LOCAL] (0.4s), α=[0.000,0.000,0.000,0.000,0.000,0.000,0.000,0.000,0.000,0.000,0.000,0.000,0.000,0.000,0.000,0.000,0.000,0.000,0.000,0.000,0.000,0.000,0.000,0.000,0.000,0.000,0.000,0.000,0.000,0.000,0.000,0.000,0.000,0.000,0.000,0.000,0.000,0.000,0.000,0.000,0.000,0.000,0.000,0.000,0.000,0.000,0.000,0.000,0.000,0.000,0.496,0.000,0.000,0.000,0.000,0.000,0.000,0.000,0.000,0.000,0.000,0.000,4.697,0.000,0.000,0.000,0.000,0.000,0.000,0.000,0.000,0.000,5.250,0.000,0.000,0.000]
  Iter 71: LB=17.528121  UB=21.723817  gap=1.93e-01
  Cut: intercept=-1093.929343, π_x_range=[-826.5877, 567.1476]
  Mini-Benders[1] (mw): LB=17.543446, Z₀(α*)=24.568449, intercept=-49.567126 (0.620s) [OMP=0.540 ISP-L=0.008 ISP-F=0.028 MW-L=0.024 MW-F=0.019]
  Mini-Benders[2] (mw): LB=17.564438, Z₀(α*)=26.394849, intercept=-21.934684 (0.619s) [OMP=0.538 ISP-L=0.008 ISP-F=0.029 MW-L=0.026 MW-F=0.018]
  Mini-Benders[3] (mw): LB=17.591438, Z₀(α*)=-7.193381, intercept=-43.379655 (0.638s) [OMP=0.553 ISP-L=0.006 ISP-F=0.026 MW-L=0.025 MW-F=0.020]
  Mini-Benders[4] (mw): LB=17.591438, Z₀(α*)=-7.193381, intercept=-43.379655 (0.638s) [OMP=0.555 ISP-L=0.006 ISP-F=0.026 MW-L=0.026 MW-F=0.023]
  Mini-Benders[5] (mw): LB=17.591438, Z₀(α*)=-7.193381, intercept=-43.379655 (0.638s) [OMP=0.560 ISP-L=0.006 ISP-F=0.026 MW-L=0.020 MW-F=0.026]
  α-step: Z₀=26.815699, α=[0.000,0.000,0.000,0.000,0.000,0.000,0.000,0.000,0.000,0.000,2.806,0.000,0.000,0.089,0.000,0.000,0.708,0.000,0.000,0.000,0.000,0.000,0.000,0.000,0.000,0.000,0.000,0.000,0.000,0.000,0.000,0.000,0.000,0.000,0.556,0.000,0.000,0.000,0.000,0.000,0.000,0.000,3.471,0.000,0.000,0.000,0.000,0.000,0.000,0.000,0.000,0.000,0.000,0.000,0.000,0.000,0.000,0.000,0.000,0.000,0.000,0.000,0.000,0.000,0.000,0.000,0.000,0.000,0.000,0.000,0.000,0.000,2.813,0.000,0.000,0.000]
  Alt-Benders[1] (mw): LB=17.608909, Z₀(α*)=8.220295, intercept=-78.406498 (0.605s) [OMP=0.510 ISP-L=0.010 ISP-F=0.032 MW-L=0.020 MW-F=0.024]
  Alt-Benders[2] (mw): LB=17.608909, Z₀(α*)=8.220295, intercept=-78.406498 (0.666s) [OMP=0.588 ISP-L=0.009 ISP-F=0.031 MW-L=0.020 MW-F=0.023]
  Alt-Benders[3] (mw): LB=17.608909, Z₀(α*)=8.220295, intercept=-78.406498 (0.682s) [OMP=0.579 ISP-L=0.009 ISP-F=0.031 MW-L=0.020 MW-F=0.024]
  Alt-Benders[4]: LB stagnated, break
  OMP re-solve: 0.001s

=== True-DRO Benders iter 72 ===
  OMP: t₀=17.608909, UB=21.723817, gap=1.89e-01, x=[0, 1, 0, 0, 0, 0, 0, 0, 0, 0, 0, 0, 0, 0, 0, 0, 0, 0, 0, 0, 0, 0, 0, 0, 0, 0, 0, 0, 0, 0, 0, 0, 0, 0, 0, 0, 0, 0, 0, 0, 0, 0, 0, 0, 0, 0, 0, 0, 0, 0, 0, 0, 0, 0, 0, 0, 0, 0, 0, 0, 0, 1, 0, 0, 0, 0, 0, 0, 0, 0, 0, 0, 0, 0, 0, 0] (0.000s)
  Sub: Z₀=26.647935 [LOCAL] (0.4s), α=[0.000,0.315,0.000,0.000,0.000,0.000,0.000,0.000,0.000,0.000,0.061,0.000,0.000,0.000,0.000,0.000,0.000,0.000,0.000,0.000,0.000,0.000,0.000,0.141,0.000,0.000,0.000,0.892,0.000,0.000,0.000,0.000,0.000,0.000,0.000,0.000,0.000,0.000,0.000,0.000,0.000,0.000,0.000,0.000,0.000,0.000,0.000,0.000,0.000,0.000,2.047,0.000,0.000,0.058,0.000,0.000,0.000,0.000,0.000,0.000,0.000,0.439,0.774,0.000,0.000,0.000,0.000,0.000,0.000,0.000,0.000,0.000,5.717,0.000,0.000,0.000]
  Iter 72: LB=17.608909  UB=21.723817  gap=1.89e-01
  Cut: intercept=-1043.833891, π_x_range=[-825.2982, 540.2229]
  Mini-Benders[1] (mw): LB=17.609123, Z₀(α*)=9.373608, intercept=-31.628321 (0.651s) [OMP=0.572 ISP-L=0.008 ISP-F=0.028 MW-L=0.022 MW-F=0.023]
  Mini-Benders[2] (mw): LB=17.609123, Z₀(α*)=9.373608, intercept=-31.628321 (0.651s) [OMP=0.569 ISP-L=0.008 ISP-F=0.027 MW-L=0.022 MW-F=0.025]
  Mini-Benders[3] (mw): LB=17.609123, Z₀(α*)=9.373608, intercept=-31.628321 (0.651s) [OMP=0.566 ISP-L=0.008 ISP-F=0.028 MW-L=0.028 MW-F=0.017]
  Mini-Benders[4]: LB stagnated, break
  α-step: Z₀=27.873352, α=[0.000,0.000,0.000,0.000,0.000,0.000,0.000,0.000,0.000,0.000,0.000,0.000,0.000,2.952,0.000,0.000,0.148,0.000,0.000,0.000,0.000,0.000,0.000,0.000,0.000,0.000,0.000,0.000,0.000,0.000,0.000,0.000,0.000,0.000,2.589,0.000,0.000,0.000,0.000,0.000,0.000,0.000,0.000,0.000,0.000,0.000,0.000,0.000,0.000,0.000,0.000,0.000,0.000,0.000,0.000,0.000,0.000,0.000,0.000,0.000,0.000,0.000,0.000,0.000,0.000,0.000,0.000,0.000,0.000,0.000,0.000,0.000,4.754,0.000,0.000,0.000]
  Alt-Benders[1] (mw): LB=17.609123, Z₀(α*)=13.098021, intercept=-16.546691 (0.635s) [OMP=0.558 ISP-L=0.008 ISP-F=0.028 MW-L=0.027 MW-F=0.017]
  Alt-Benders[2] (mw): LB=17.609123, Z₀(α*)=13.098021, intercept=-16.546691 (0.653s) [OMP=0.580 ISP-L=0.007 ISP-F=0.026 MW-L=0.026 MW-F=0.017]
  Alt-Benders[3] (mw): LB=17.609123, Z₀(α*)=13.098021, intercept=-16.546691 (0.667s) [OMP=0.576 ISP-L=0.007 ISP-F=0.027 MW-L=0.027 MW-F=0.018]
  Alt-Benders[4]: LB stagnated, break
  OMP re-solve: 0.001s

=== True-DRO Benders iter 73 ===
  OMP: t₀=17.609123, UB=21.723817, gap=1.89e-01, x=[0, 0, 0, 0, 0, 0, 0, 0, 0, 0, 1, 0, 0, 0, 0, 0, 0, 0, 0, 0, 0, 0, 0, 0, 0, 0, 0, 0, 0, 0, 0, 0, 0, 0, 0, 0, 0, 0, 0, 0, 0, 0, 0, 0, 0, 0, 1, 0, 0, 0, 0, 0, 0, 0, 0, 0, 0, 0, 0, 0, 0, 0, 0, 0, 0, 0, 0, 0, 0, 0, 0, 0, 0, 0, 0, 0] (0.000s)
  Sub: Z₀=27.983055 [LOCAL] (0.4s), α=[0.000,0.000,0.000,0.000,0.000,0.000,0.000,0.000,0.000,0.000,2.227,0.000,0.000,0.000,0.000,0.000,0.873,0.000,0.000,0.000,0.000,0.000,0.000,0.000,0.000,0.000,0.000,0.000,0.000,0.000,0.000,0.000,0.000,0.000,2.589,0.000,0.000,0.000,0.000,0.000,0.000,0.000,0.000,0.000,0.000,0.000,0.000,0.000,0.000,0.000,0.000,0.000,0.000,0.000,0.000,0.000,0.000,0.000,0.000,0.000,0.000,0.000,0.000,0.000,0.000,0.000,0.000,0.000,0.000,0.000,0.000,0.000,4.754,0.000,0.000,0.000]
  Iter 73: LB=17.609123  UB=21.723817  gap=1.89e-01
  Cut: intercept=-1122.826154, π_x_range=[-828.7553, 576.9869]
  Mini-Benders[1] (mw): LB=17.639735, Z₀(α*)=18.005019, intercept=-49.039190 (0.573s) [OMP=0.492 ISP-L=0.010 ISP-F=0.026 MW-L=0.025 MW-F=0.019]
  Mini-Benders[2] (mw): LB=17.646520, Z₀(α*)=24.194056, intercept=-70.452657 (0.636s) [OMP=0.556 ISP-L=0.007 ISP-F=0.028 MW-L=0.028 MW-F=0.018]
  Mini-Benders[3] (mw): LB=17.648092, Z₀(α*)=22.729734, intercept=-63.687276 (0.635s) [OMP=0.531 ISP-L=0.007 ISP-F=0.030 MW-L=0.029 MW-F=0.026]
  Mini-Benders[4] (mw): LB=17.658599, Z₀(α*)=18.796476, intercept=-35.664934 (0.635s) [OMP=0.556 ISP-L=0.008 ISP-F=0.025 MW-L=0.023 MW-F=0.025]
  Mini-Benders[5] (mw): LB=17.687705, Z₀(α*)=27.983060, intercept=-45.402154 (0.667s) [OMP=0.577 ISP-L=0.009 ISP-F=0.027 MW-L=0.023 MW-F=0.024]
  α-step: Z₀=27.899477, α=[0.000,0.000,0.000,0.000,0.000,0.000,0.000,0.000,0.000,0.000,0.000,0.000,0.000,2.952,0.000,0.000,0.566,0.000,0.000,0.000,0.000,0.000,0.000,0.000,0.000,0.000,0.000,0.000,0.000,0.000,0.000,0.000,0.000,0.000,2.171,0.000,0.000,0.000,0.000,0.000,0.000,0.000,0.000,0.000,0.000,0.000,0.000,0.000,0.000,0.000,0.000,0.000,0.000,0.000,0.000,0.000,0.000,0.000,0.000,0.000,0.000,0.000,0.000,0.000,0.000,0.000,0.000,0.000,0.000,0.000,0.000,0.000,4.754,0.000,0.000,0.000]
  Alt-Benders[1] (mw): LB=17.690434, Z₀(α*)=12.694891, intercept=-32.773506 (0.619s) [OMP=0.530 ISP-L=0.007 ISP-F=0.027 MW-L=0.019 MW-F=0.024]
  Alt-Benders[2] (mw): LB=17.690434, Z₀(α*)=12.694891, intercept=-32.773506 (0.605s) [OMP=0.523 ISP-L=0.007 ISP-F=0.029 MW-L=0.019 MW-F=0.024]
  Alt-Benders[3] (mw): LB=17.690434, Z₀(α*)=12.694891, intercept=-32.773506 (0.590s) [OMP=0.506 ISP-L=0.008 ISP-F=0.027 MW-L=0.019 MW-F=0.024]
  Alt-Benders[4]: LB stagnated, break
  OMP re-solve: 0.001s

=== True-DRO Benders iter 74 ===
  OMP: t₀=17.690434, UB=21.723817, gap=1.86e-01, x=[0, 0, 0, 0, 0, 0, 0, 0, 0, 0, 1, 0, 0, 0, 0, 0, 0, 0, 0, 0, 0, 0, 0, 0, 0, 0, 0, 0, 0, 0, 0, 0, 0, 0, 0, 0, 0, 0, 0, 1, 0, 0, 0, 0, 0, 0, 0, 0, 0, 0, 0, 0, 0, 0, 0, 0, 0, 0, 0, 0, 0, 0, 0, 0, 0, 0, 0, 0, 0, 0, 0, 0, 0, 0, 0, 0] (0.000s)
  Sub: Z₀=27.925672 [LOCAL] (0.4s), α=[0.000,0.000,0.000,0.000,0.000,0.000,0.000,0.000,0.000,0.000,3.374,0.000,0.000,0.000,0.000,0.000,1.508,0.000,0.000,0.000,0.182,0.000,0.000,0.000,0.000,0.000,0.000,0.000,0.000,0.000,0.000,0.000,0.000,0.000,0.624,0.000,0.000,0.000,0.000,0.000,0.000,0.000,0.000,0.000,0.000,0.000,0.000,0.000,0.000,0.000,0.000,0.000,0.000,0.000,0.000,0.000,0.000,0.000,0.000,0.000,0.000,0.000,0.000,0.000,0.000,0.000,0.000,0.000,0.000,0.000,0.000,0.000,4.754,0.000,0.000,0.000]
  Iter 74: LB=17.690434  UB=21.723817  gap=1.86e-01
  Cut: intercept=-1113.634101, π_x_range=[-826.7653, 576.3611]
  Mini-Benders[1] (mw): LB=17.694861, Z₀(α*)=17.463551, intercept=-38.007914 (0.667s) [OMP=0.577 ISP-L=0.008 ISP-F=0.027 MW-L=0.026 MW-F=0.019]
  Mini-Benders[2] (mw): LB=17.694861, Z₀(α*)=17.463551, intercept=-38.007914 (0.698s) [OMP=0.610 ISP-L=0.009 ISP-F=0.028 MW-L=0.027 MW-F=0.019]
  Mini-Benders[3] (mw): LB=17.694861, Z₀(α*)=17.463551, intercept=-38.007914 (0.682s) [OMP=0.605 ISP-L=0.008 ISP-F=0.027 MW-L=0.026 MW-F=0.019]
  Mini-Benders[4]: LB stagnated, break
  α-step: Z₀=27.327465, α=[0.000,0.000,0.000,0.000,0.000,0.000,0.000,0.000,0.000,0.000,2.522,0.000,0.000,0.000,0.000,0.000,0.000,0.000,0.000,0.000,0.257,0.000,0.000,0.000,0.000,0.000,0.000,0.000,0.000,0.000,0.000,0.000,0.000,0.000,2.589,0.000,0.000,0.000,0.000,0.000,0.000,0.000,0.000,0.000,0.000,0.000,0.000,0.000,0.000,1.877,0.000,0.000,0.000,0.000,0.000,0.000,0.000,0.000,0.000,0.000,0.000,0.000,0.000,0.000,0.000,0.000,0.000,0.000,0.000,0.000,0.000,0.000,3.198,0.000,0.000,0.000]
  Alt-Benders[1] (mw): LB=17.713211, Z₀(α*)=12.020876, intercept=4.495267 (0.654s) [OMP=0.566 ISP-L=0.008 ISP-F=0.030 MW-L=0.028 MW-F=0.018]
  Alt-Benders[2] (mw): LB=17.713211, Z₀(α*)=12.020876, intercept=4.495267 (0.651s) [OMP=0.575 ISP-L=0.008 ISP-F=0.029 MW-L=0.029 MW-F=0.018]
  Alt-Benders[3] (mw): LB=17.713211, Z₀(α*)=12.020876, intercept=4.495267 (0.682s) [OMP=0.592 ISP-L=0.009 ISP-F=0.030 MW-L=0.029 MW-F=0.018]
  Alt-Benders[4]: LB stagnated, break
  OMP re-solve: 0.001s

=== True-DRO Benders iter 75 ===
  OMP: t₀=17.713211, UB=21.723817, gap=1.85e-01, x=[0, 0, 0, 0, 0, 0, 0, 0, 0, 0, 0, 0, 0, 0, 0, 0, 1, 0, 0, 0, 0, 0, 0, 1, 0, 0, 0, 0, 0, 0, 0, 0, 0, 0, 0, 0, 0, 0, 0, 0, 0, 0, 0, 0, 0, 0, 0, 0, 0, 0, 0, 0, 0, 0, 0, 0, 0, 0, 0, 0, 0, 0, 0, 0, 0, 0, 0, 0, 0, 0, 0, 0, 0, 0, 0, 0] (0.000s)
  Sub: Z₀=28.357544 [TIME_LIMIT] (15.1s), α=[0.000,0.000,0.000,0.000,0.000,0.000,0.000,0.000,0.000,0.000,0.000,0.000,0.000,0.000,0.000,0.000,2.261,0.000,0.000,0.000,0.155,0.000,0.000,1.096,0.000,0.000,0.000,0.000,0.000,0.000,0.000,0.000,0.000,0.000,1.554,0.000,0.000,0.000,0.000,0.000,0.000,0.000,0.000,0.000,0.000,0.000,0.000,0.000,0.000,0.000,0.000,0.000,0.000,0.000,0.000,0.000,0.000,0.000,0.000,0.000,0.000,0.000,0.623,0.000,0.000,0.000,0.000,0.000,0.000,0.000,0.000,0.000,4.754,0.000,0.000,0.000]
  Iter 75: LB=17.713211  UB=21.723817  gap=1.85e-01
  Cut: intercept=5.503515, π_x_range=[-253.0000, 14.9594]
  Mini-Benders[1] (mw): LB=17.716641, Z₀(α*)=14.695478, intercept=-28.013326 (0.714s) [OMP=0.632 ISP-L=0.008 ISP-F=0.028 MW-L=0.022 MW-F=0.024]
  Mini-Benders[2] (mw): LB=17.716641, Z₀(α*)=14.695478, intercept=-28.013326 (0.760s) [OMP=0.671 ISP-L=0.007 ISP-F=0.026 MW-L=0.022 MW-F=0.023]
  Mini-Benders[3] (mw): LB=17.716641, Z₀(α*)=14.695478, intercept=-28.013326 (0.745s) [OMP=0.666 ISP-L=0.007 ISP-F=0.026 MW-L=0.022 MW-F=0.024]
  Mini-Benders[4]: LB stagnated, break
  α-step: Z₀=27.691166, α=[0.000,0.000,0.000,0.000,0.000,0.000,0.000,0.000,0.000,0.000,2.522,0.000,0.000,0.000,0.000,0.000,0.000,0.000,0.000,0.000,1.196,0.000,0.000,0.000,0.000,0.000,0.000,0.000,0.000,0.000,0.000,0.000,0.000,0.000,3.469,0.000,0.000,0.000,0.000,0.000,0.000,0.000,0.000,0.000,0.000,0.000,0.000,0.000,0.000,0.000,0.000,0.000,0.000,0.000,0.000,0.000,0.000,0.000,0.000,0.000,0.000,0.000,0.000,0.000,0.000,0.000,0.000,0.000,0.000,0.000,0.000,0.000,3.257,0.000,0.000,0.000]
  Alt-Benders[1] (mw): LB=17.720347, Z₀(α*)=-3.398177, intercept=-84.124831 (0.622s) [OMP=0.546 ISP-L=0.009 ISP-F=0.026 MW-L=0.020 MW-F=0.025]
  Alt-Benders[2] (mw): LB=17.720350, Z₀(α*)=-3.398177, intercept=-84.124831 (0.653s) [OMP=0.567 ISP-L=0.009 ISP-F=0.027 MW-L=0.020 MW-F=0.025]
  Alt-Benders[3] (mw): LB=17.720350, Z₀(α*)=-3.398177, intercept=-84.124831 (0.636s) [OMP=0.555 ISP-L=0.009 ISP-F=0.025 MW-L=0.020 MW-F=0.025]
  Alt-Benders[4] (mw): LB=17.720350, Z₀(α*)=-3.398177, intercept=-84.124831 (0.622s) [OMP=0.544 ISP-L=0.009 ISP-F=0.025 MW-L=0.020 MW-F=0.025]
  Alt-Benders[5]: LB stagnated, break
  OMP re-solve: 0.001s

=== True-DRO Benders iter 76 ===
  OMP: t₀=17.720350, UB=21.723817, gap=1.84e-01, x=[0, 0, 0, 0, 0, 0, 0, 0, 0, 0, 0, 0, 0, 0, 0, 0, 0, 0, 0, 0, 0, 0, 0, 0, 0, 0, 0, 0, 0, 0, 0, 0, 0, 0, 1, 0, 0, 0, 0, 0, 0, 0, 0, 0, 0, 0, 0, 0, 0, 0, 0, 0, 0, 0, 0, 0, 0, 0, 0, 0, 0, 0, 0, 0, 0, 0, 1, 0, 0, 0, 0, 0, 0, 0, 0, 0] (0.000s)
  Sub: Z₀=21.804922 [LOCAL] (0.4s), α=[0.000,0.000,0.000,0.000,0.000,0.000,0.000,0.000,0.000,0.000,0.000,0.000,0.000,0.000,0.000,0.000,0.000,0.000,0.000,0.000,0.000,0.000,0.000,0.000,0.000,0.000,0.000,0.000,0.000,0.000,0.000,0.000,0.000,0.000,7.997,0.000,0.000,0.000,0.000,0.000,0.000,0.000,0.000,0.000,0.000,0.000,0.000,0.000,0.000,0.000,0.000,0.000,0.000,0.000,0.000,0.000,0.000,0.000,0.000,0.000,0.000,0.000,0.000,0.000,0.000,0.000,0.000,0.000,0.000,0.000,0.000,0.000,2.446,0.000,0.000,0.000]
  Iter 76: LB=17.720350  UB=21.723817  gap=1.84e-01
  Cut: intercept=-1138.070081, π_x_range=[-826.0735, 587.3871]
  Mini-Benders[1] (mw): LB=17.728384, Z₀(α*)=11.593241, intercept=-22.770436 (0.635s) [OMP=0.557 ISP-L=0.008 ISP-F=0.031 MW-L=0.026 MW-F=0.020]
  Mini-Benders[2] (mw): LB=17.728384, Z₀(α*)=11.593241, intercept=-22.770436 (0.666s) [OMP=0.579 ISP-L=0.007 ISP-F=0.032 MW-L=0.029 MW-F=0.020]
  Mini-Benders[3] (mw): LB=17.728384, Z₀(α*)=11.593241, intercept=-22.770436 (0.667s) [OMP=0.569 ISP-L=0.008 ISP-F=0.031 MW-L=0.026 MW-F=0.019]
  Mini-Benders[4]: LB stagnated, break
  α-step: Z₀=26.970972, α=[0.000,0.000,0.000,0.000,0.000,0.000,0.000,0.000,0.000,0.000,0.000,0.000,0.000,2.952,0.000,0.000,0.148,0.000,0.000,0.000,0.000,0.000,0.000,0.000,0.000,0.000,0.000,0.000,0.000,0.000,0.000,0.000,0.000,0.000,2.589,0.000,0.000,0.000,0.000,0.000,0.000,0.000,0.000,0.000,0.000,0.000,0.000,0.000,0.000,0.000,0.000,0.000,0.000,0.000,0.000,0.000,0.000,0.000,0.000,0.000,0.000,0.000,0.000,0.000,0.000,0.000,0.000,0.000,0.000,0.000,0.000,0.000,4.754,0.000,0.000,0.000]
  Alt-Benders[1] (mw): LB=17.728384, Z₀(α*)=13.098021, intercept=-8.515428 (0.631s) [OMP=0.553 ISP-L=0.009 ISP-F=0.027 MW-L=0.027 MW-F=0.018]
  Alt-Benders[2] (mw): LB=17.728384, Z₀(α*)=13.098021, intercept=-8.515428 (0.653s) [OMP=0.575 ISP-L=0.008 ISP-F=0.026 MW-L=0.028 MW-F=0.017]
  Alt-Benders[3] (mw): LB=17.728384, Z₀(α*)=13.098021, intercept=-8.515428 (0.654s) [OMP=0.571 ISP-L=0.008 ISP-F=0.025 MW-L=0.028 MW-F=0.018]
  Alt-Benders[4]: LB stagnated, break
  OMP re-solve: 0.001s

=== True-DRO Benders iter 77 ===
  OMP: t₀=17.728384, UB=21.723817, gap=1.84e-01, x=[0, 0, 0, 0, 0, 0, 0, 0, 0, 0, 1, 0, 0, 0, 0, 1, 0, 0, 0, 0, 0, 0, 0, 0, 0, 0, 0, 0, 0, 0, 0, 0, 0, 0, 0, 0, 0, 0, 0, 0, 0, 0, 0, 0, 0, 0, 0, 0, 0, 0, 0, 0, 0, 0, 0, 0, 0, 0, 0, 0, 0, 0, 0, 0, 0, 0, 0, 0, 0, 0, 0, 0, 0, 0, 0, 0] (0.000s)
  Sub: Z₀=28.125376 [LOCAL] (0.4s), α=[0.000,0.000,0.000,0.000,0.000,0.000,0.000,0.000,0.000,0.000,3.810,0.000,0.000,0.000,0.000,0.000,1.879,0.000,0.000,0.000,0.000,0.000,0.000,0.000,0.000,0.000,0.000,0.000,0.000,0.000,0.000,0.000,0.000,0.000,0.000,0.000,0.000,0.000,0.000,0.000,0.000,0.000,0.000,0.000,0.000,0.000,0.000,0.000,0.000,0.000,0.000,0.000,0.000,0.000,0.000,0.000,0.000,0.000,0.000,0.000,0.000,0.000,0.000,0.000,0.000,0.000,0.000,0.000,0.000,0.000,0.000,0.000,4.754,0.000,0.000,0.000]
  Iter 77: LB=17.728384  UB=21.723817  gap=1.84e-01
  Cut: intercept=-1121.505105, π_x_range=[-826.0362, 576.1249]
  Mini-Benders[1] (mw): LB=17.731860, Z₀(α*)=5.747401, intercept=-8.311733 (0.698s) [OMP=0.610 ISP-L=0.010 ISP-F=0.028 MW-L=0.022 MW-F=0.024]
  Mini-Benders[2] (mw): LB=17.731860, Z₀(α*)=5.747401, intercept=-8.311733 (0.682s) [OMP=0.603 ISP-L=0.009 ISP-F=0.027 MW-L=0.022 MW-F=0.023]
  Mini-Benders[3] (mw): LB=17.731860, Z₀(α*)=5.747401, intercept=-8.311733 (0.682s) [OMP=0.603 ISP-L=0.008 ISP-F=0.026 MW-L=0.023 MW-F=0.023]
  Mini-Benders[4]: LB stagnated, break
  α-step: Z₀=27.893953, α=[0.000,0.000,0.000,0.000,0.000,0.000,0.000,0.000,0.000,0.000,0.000,0.000,0.000,2.952,0.000,0.000,0.000,0.000,0.000,0.000,0.000,0.000,0.000,0.000,0.000,0.000,0.000,0.000,0.000,0.000,0.000,0.000,0.000,0.000,2.589,0.000,0.000,0.000,0.000,0.000,0.000,0.000,0.000,0.000,0.000,0.000,0.000,0.000,0.000,0.000,0.074,0.000,0.000,0.000,0.000,0.000,0.000,0.000,0.000,0.000,0.000,0.000,0.000,0.000,0.000,0.000,0.000,0.000,0.000,0.000,0.000,0.000,4.828,0.000,0.000,0.000]
  Alt-Benders[1] (mw): LB=17.731860, Z₀(α*)=12.779152, intercept=-4.614836 (0.622s) [OMP=0.546 ISP-L=0.008 ISP-F=0.030 MW-L=0.022 MW-F=0.023]
  Alt-Benders[2] (mw): LB=17.731860, Z₀(α*)=12.779152, intercept=-4.614836 (0.575s) [OMP=0.492 ISP-L=0.007 ISP-F=0.029 MW-L=0.022 MW-F=0.022]
  Alt-Benders[3] (mw): LB=17.731860, Z₀(α*)=12.779152, intercept=-4.614836 (0.588s) [OMP=0.501 ISP-L=0.008 ISP-F=0.030 MW-L=0.022 MW-F=0.022]
  Alt-Benders[4]: LB stagnated, break
  OMP re-solve: 0.001s

=== True-DRO Benders iter 78 ===
  OMP: t₀=17.731860, UB=21.723817, gap=1.84e-01, x=[0, 0, 0, 0, 0, 0, 0, 1, 0, 0, 1, 0, 0, 0, 0, 0, 0, 0, 0, 0, 0, 0, 0, 0, 0, 0, 0, 0, 0, 0, 0, 0, 0, 0, 0, 0, 0, 0, 0, 0, 0, 0, 0, 0, 0, 0, 0, 0, 0, 0, 0, 0, 0, 0, 0, 0, 0, 0, 0, 0, 0, 0, 0, 0, 0, 0, 0, 0, 0, 0, 0, 0, 0, 0, 0, 0] (0.000s)
  Sub: Z₀=27.967097 [LOCAL] (0.4s), α=[0.000,0.000,0.000,0.000,0.000,0.000,0.000,0.000,0.000,0.000,5.065,0.000,0.000,0.000,0.000,0.000,0.000,0.000,0.000,0.000,0.000,0.000,0.000,0.000,0.000,0.000,0.000,0.000,0.000,0.000,0.000,0.000,0.000,0.000,0.624,0.000,0.000,0.000,0.000,0.000,0.000,0.000,0.000,0.000,0.000,0.000,0.000,0.000,0.000,0.000,0.000,0.000,0.000,0.000,0.000,0.000,0.000,0.000,0.000,0.000,0.000,0.000,0.000,0.000,0.000,0.000,0.000,0.000,0.000,0.000,0.000,0.000,4.754,0.000,0.000,0.000]
  Iter 78: LB=17.731860  UB=21.723817  gap=1.84e-01
  Cut: intercept=-1114.248254, π_x_range=[-826.6010, 574.8594]
  Mini-Benders[1] (mw): LB=17.752767, Z₀(α*)=19.103146, intercept=-37.811308 (0.667s) [OMP=0.583 ISP-L=0.009 ISP-F=0.028 MW-L=0.020 MW-F=0.024]
  Mini-Benders[2] (mw): LB=17.758973, Z₀(α*)=4.528827, intercept=-48.094550 (0.666s) [OMP=0.578 ISP-L=0.009 ISP-F=0.028 MW-L=0.029 MW-F=0.019]
  Mini-Benders[3] (mw): LB=17.758973, Z₀(α*)=4.528827, intercept=-48.094550 (0.667s) [OMP=0.569 ISP-L=0.009 ISP-F=0.028 MW-L=0.029 MW-F=0.019]
  Mini-Benders[4] (mw): LB=17.758973, Z₀(α*)=4.528827, intercept=-48.094550 (0.651s) [OMP=0.569 ISP-L=0.009 ISP-F=0.028 MW-L=0.028 MW-F=0.019]
  Mini-Benders[5]: LB stagnated, break
  α-step: Z₀=26.162176, α=[0.000,0.000,0.000,0.000,0.000,0.000,0.000,0.000,0.000,0.000,0.000,0.000,0.000,0.000,0.000,0.000,1.236,0.000,0.000,0.000,0.000,0.000,0.000,0.000,0.000,0.000,0.000,0.000,0.000,0.000,0.000,0.000,0.000,0.000,0.000,0.000,0.000,0.000,0.000,0.000,0.000,0.000,0.000,0.000,0.000,0.000,0.000,0.000,0.000,0.000,2.852,0.000,0.000,0.000,0.000,0.000,0.000,0.000,0.000,0.000,0.000,0.000,0.000,0.000,0.000,0.000,0.000,0.000,0.000,0.000,0.000,0.000,6.355,0.000,0.000,0.000]
  Alt-Benders[1] (mw): LB=17.759400, Z₀(α*)=2.438605, intercept=-40.930880 (0.651s) [OMP=0.575 ISP-L=0.008 ISP-F=0.028 MW-L=0.027 MW-F=0.019]
  Alt-Benders[2] (mw): LB=17.759400, Z₀(α*)=2.438605, intercept=-40.930880 (0.651s) [OMP=0.567 ISP-L=0.008 ISP-F=0.028 MW-L=0.028 MW-F=0.019]
  Alt-Benders[3] (mw): LB=17.759400, Z₀(α*)=2.438605, intercept=-40.930880 (0.637s) [OMP=0.566 ISP-L=0.008 ISP-F=0.028 MW-L=0.029 MW-F=0.020]
  Alt-Benders[4]: LB stagnated, break
  OMP re-solve: 0.001s

=== True-DRO Benders iter 79 ===
  OMP: t₀=17.759400, UB=21.723817, gap=1.82e-01, x=[0, 0, 0, 0, 0, 0, 0, 0, 0, 0, 0, 0, 0, 0, 0, 0, 0, 0, 0, 0, 0, 0, 0, 0, 0, 0, 0, 0, 0, 0, 0, 0, 0, 0, 0, 0, 0, 0, 0, 0, 0, 0, 0, 0, 0, 0, 0, 0, 0, 0, 0, 1, 0, 0, 0, 0, 1, 0, 0, 0, 0, 0, 0, 0, 0, 0, 0, 0, 0, 0, 0, 0, 0, 0, 0, 0] (0.001s)
  Sub: Z₀=26.003374 [LOCAL] (0.4s), α=[0.000,0.000,0.000,0.000,0.000,0.000,0.000,0.000,0.000,0.000,0.000,0.000,0.000,0.000,0.000,0.000,0.000,0.000,0.000,0.000,0.000,0.000,0.000,0.000,0.000,0.000,0.000,0.000,0.000,0.000,0.000,0.000,0.000,0.000,2.676,0.000,0.000,0.000,0.000,0.000,0.000,0.000,0.000,0.000,0.000,0.000,0.000,0.000,0.000,0.000,1.224,3.536,0.000,0.000,0.000,0.000,0.000,0.000,0.000,0.000,0.000,0.000,0.000,0.000,0.000,0.000,0.000,0.000,0.000,0.000,0.000,0.087,2.920,0.000,0.000,0.000]
  Iter 79: LB=17.759400  UB=21.723817  gap=1.82e-01
  Cut: intercept=-1125.257500, π_x_range=[-826.6697, 586.2712]
  Mini-Benders[1] (mw): LB=17.762135, Z₀(α*)=10.991820, intercept=-52.767790 (0.699s) [OMP=0.609 ISP-L=0.008 ISP-F=0.029 MW-L=0.027 MW-F=0.022]
  Mini-Benders[2] (mw): LB=17.762135, Z₀(α*)=10.991820, intercept=-52.767790 (0.713s) [OMP=0.637 ISP-L=0.007 ISP-F=0.029 MW-L=0.022 MW-F=0.023]
  Mini-Benders[3] (mw): LB=17.762135, Z₀(α*)=10.991820, intercept=-52.767790 (0.714s) [OMP=0.630 ISP-L=0.008 ISP-F=0.029 MW-L=0.022 MW-F=0.024]
  Mini-Benders[4]: LB stagnated, break
  α-step: Z₀=26.818297, α=[0.000,1.374,0.000,0.000,0.000,0.000,0.000,0.000,0.000,0.000,2.717,0.000,0.000,0.000,0.000,0.000,0.000,0.000,0.000,0.000,0.000,0.000,0.000,0.000,0.000,0.000,0.000,0.316,0.000,0.000,0.000,0.000,0.000,0.000,2.589,0.000,0.000,0.000,0.000,0.000,0.000,0.000,0.000,0.000,0.000,0.000,0.000,0.000,0.000,0.000,0.000,0.000,0.000,0.000,0.000,0.000,0.000,0.000,0.000,0.000,0.000,0.000,0.000,0.000,0.000,0.000,0.000,0.000,0.000,0.000,0.000,0.000,3.447,0.000,0.000,0.000]
  Alt-Benders[1] (mw): LB=17.772917, Z₀(α*)=1.493678, intercept=-45.443106 (0.699s) [OMP=0.616 ISP-L=0.009 ISP-F=0.030 MW-L=0.021 MW-F=0.024]
  Alt-Benders[2] (mw): LB=17.772917, Z₀(α*)=1.493678, intercept=-45.443106 (0.666s) [OMP=0.577 ISP-L=0.009 ISP-F=0.029 MW-L=0.021 MW-F=0.023]
  Alt-Benders[3] (mw): LB=17.772917, Z₀(α*)=1.493678, intercept=-45.443106 (0.651s) [OMP=0.569 ISP-L=0.009 ISP-F=0.030 MW-L=0.021 MW-F=0.024]
  Alt-Benders[4]: LB stagnated, break
  OMP re-solve: 0.001s

=== True-DRO Benders iter 80 ===
  OMP: t₀=17.772917, UB=21.723817, gap=1.82e-01, x=[0, 0, 0, 0, 0, 0, 0, 0, 0, 0, 0, 0, 0, 0, 0, 0, 0, 0, 0, 0, 0, 0, 0, 0, 0, 0, 0, 0, 0, 0, 0, 0, 0, 0, 0, 0, 0, 0, 0, 0, 0, 0, 0, 0, 0, 0, 0, 0, 0, 0, 0, 0, 0, 0, 0, 0, 0, 0, 0, 0, 1, 0, 0, 0, 1, 0, 0, 0, 0, 0, 0, 0, 0, 0, 0, 0] (0.000s)
  Sub: Z₀=29.261021 (2.5s), α=[0.000,0.000,0.000,0.000,0.000,0.000,0.000,0.000,0.000,0.000,0.000,0.000,0.000,0.000,0.000,0.000,0.000,0.000,0.000,0.000,0.000,0.000,0.000,0.000,0.000,0.000,0.000,0.000,0.000,0.000,0.000,0.000,0.000,0.000,0.000,0.000,0.000,0.000,0.000,0.000,0.000,0.000,0.000,0.000,0.000,0.000,0.000,0.000,0.000,0.000,0.496,0.000,0.000,0.000,0.000,0.000,0.000,0.000,0.000,0.000,0.000,0.000,4.697,0.000,0.000,0.000,0.000,0.000,0.000,0.000,0.000,0.000,5.250,0.000,0.000,0.000]
  Iter 80: LB=17.772917  UB=21.723817  gap=1.82e-01
  Cut: intercept=-102.769742, π_x_range=[-240.9006, 88.3419]
  Sherali-Cut: intercept=-43.891548, π_x_range=[-113.0006, 73.1526]
  Mini-Benders[1] (mw): LB=17.772917, Z₀(α*)=28.643882, intercept=-57.772972 (0.704s) [OMP=0.618 ISP-L=0.009 ISP-F=0.030 MW-L=0.024 MW-F=0.018]
  Mini-Benders[2] (mw): LB=17.772917, Z₀(α*)=29.261021, intercept=-43.891496 (0.526s) [OMP=0.445 ISP-L=0.008 ISP-F=0.027 MW-L=0.026 MW-F=0.018]
  Mini-Benders[3]: LB stagnated, break
  α-step: Z₀=29.261021, α=[0.000,0.000,0.000,0.000,0.000,0.000,0.000,0.000,0.000,0.000,0.000,0.000,0.000,0.000,0.000,0.000,0.000,0.000,0.000,0.000,0.000,0.000,0.000,0.000,0.000,0.000,0.000,0.000,0.000,0.000,0.000,0.000,0.000,0.000,0.000,0.000,0.000,0.000,0.000,0.000,0.000,0.000,0.000,0.000,0.000,0.000,0.000,0.000,0.000,0.000,0.496,0.000,0.000,0.000,0.000,0.000,0.000,0.000,0.000,0.000,0.000,0.000,4.697,0.000,0.000,0.000,0.000,0.000,0.000,0.000,0.000,0.000,5.250,0.000,0.000,0.000]
  Alt-Benders[1] (mw): LB=17.843317, Z₀(α*)=14.679669, intercept=-71.978541 (0.699s) [OMP=0.626 ISP-L=0.008 ISP-F=0.028 MW-L=0.026 MW-F=0.018]
  Alt-Benders[2] (mw): LB=17.843317, Z₀(α*)=14.679669, intercept=-71.978541 (0.682s) [OMP=0.596 ISP-L=0.009 ISP-F=0.029 MW-L=0.027 MW-F=0.018]
  Alt-Benders[3] (mw): LB=17.843317, Z₀(α*)=14.679669, intercept=-71.978541 (0.667s) [OMP=0.577 ISP-L=0.008 ISP-F=0.028 MW-L=0.026 MW-F=0.018]
  Alt-Benders[4]: LB stagnated, break
  OMP re-solve: 0.001s

=== True-DRO Benders iter 81 ===
  OMP: t₀=17.843317, UB=21.723817, gap=1.79e-01, x=[0, 1, 0, 0, 0, 0, 0, 0, 0, 0, 0, 0, 0, 0, 0, 0, 0, 0, 0, 0, 0, 0, 0, 0, 0, 0, 0, 0, 0, 0, 0, 0, 0, 0, 0, 0, 0, 0, 0, 1, 0, 0, 0, 0, 0, 0, 0, 0, 0, 0, 0, 0, 0, 0, 0, 0, 0, 0, 0, 0, 0, 0, 0, 0, 0, 0, 0, 0, 0, 0, 0, 0, 0, 0, 0, 0] (0.000s)
  Sub: Z₀=27.988680 [LOCAL] (0.4s), α=[0.000,1.025,0.000,0.000,0.000,0.000,0.000,0.000,0.000,0.000,2.238,0.000,0.000,0.000,0.000,0.000,0.000,0.000,0.000,0.000,0.000,0.000,0.000,0.000,0.000,0.000,0.000,1.334,0.000,0.000,0.000,0.000,0.000,0.000,1.185,0.000,0.000,0.000,0.000,0.000,0.000,0.000,0.000,0.000,0.000,0.000,0.000,0.000,0.000,0.000,0.000,0.000,0.000,0.000,0.000,0.000,0.000,0.000,0.000,0.000,0.000,0.000,0.000,0.000,0.000,0.000,0.000,0.000,0.000,0.000,0.000,0.000,4.661,0.000,0.000,0.000]
  Iter 81: LB=17.843317  UB=21.723817  gap=1.79e-01
  Cut: intercept=-1077.699635, π_x_range=[-825.2048, 563.4516]
  Mini-Benders[1] (mw): LB=17.846521, Z₀(α*)=5.801373, intercept=-71.156691 (0.682s) [OMP=0.603 ISP-L=0.007 ISP-F=0.028 MW-L=0.023 MW-F=0.027]
  Mini-Benders[2] (mw): LB=17.846521, Z₀(α*)=5.801373, intercept=-71.156691 (0.682s) [OMP=0.585 ISP-L=0.007 ISP-F=0.029 MW-L=0.023 MW-F=0.026]
  Mini-Benders[3] (mw): LB=17.846521, Z₀(α*)=5.801373, intercept=-71.156691 (0.651s) [OMP=0.572 ISP-L=0.007 ISP-F=0.028 MW-L=0.024 MW-F=0.026]
  Mini-Benders[4]: LB stagnated, break
  α-step: Z₀=25.769359, α=[0.000,0.000,0.000,0.000,0.000,0.000,0.000,0.000,0.000,0.000,0.456,0.000,0.000,0.000,0.000,0.000,1.230,0.000,0.000,0.000,0.000,0.000,0.000,0.000,0.000,0.000,0.000,0.000,0.000,0.000,0.000,0.000,0.000,0.000,0.000,0.000,0.000,0.000,0.000,0.000,0.000,0.000,3.472,0.000,0.000,0.000,0.000,0.000,0.000,0.000,0.287,0.000,0.000,0.000,0.000,0.000,0.000,0.000,0.000,0.000,0.000,0.669,0.000,0.000,0.000,0.000,0.000,0.000,0.000,0.000,0.000,0.000,4.329,0.000,0.000,0.000]
  Alt-Benders[1] (mw): LB=17.856226, Z₀(α*)=1.094381, intercept=-16.275270 (0.688s) [OMP=0.602 ISP-L=0.009 ISP-F=0.029 MW-L=0.020 MW-F=0.024]
  Alt-Benders[2] (mw): LB=17.856226, Z₀(α*)=1.094381, intercept=-16.275270 (0.698s) [OMP=0.616 ISP-L=0.009 ISP-F=0.029 MW-L=0.020 MW-F=0.023]
  Alt-Benders[3] (mw): LB=17.856226, Z₀(α*)=1.094381, intercept=-16.275270 (0.666s) [OMP=0.594 ISP-L=0.009 ISP-F=0.028 MW-L=0.021 MW-F=0.023]
  Alt-Benders[4]: LB stagnated, break
  OMP re-solve: 0.001s

=== True-DRO Benders iter 82 ===
  OMP: t₀=17.856226, UB=21.723817, gap=1.78e-01, x=[0, 0, 0, 0, 0, 0, 0, 0, 0, 0, 0, 0, 0, 1, 0, 0, 0, 0, 0, 0, 0, 0, 0, 0, 0, 0, 0, 0, 0, 0, 0, 0, 0, 0, 0, 0, 0, 0, 1, 0, 0, 0, 0, 0, 0, 0, 0, 0, 0, 0, 0, 0, 0, 0, 0, 0, 0, 0, 0, 0, 0, 0, 0, 0, 0, 0, 0, 0, 0, 0, 0, 0, 0, 0, 0, 0] (0.001s)
  Sub: Z₀=27.321776 [LOCAL] (0.5s), α=[0.000,0.000,0.000,0.000,0.000,0.000,0.000,0.000,0.000,0.000,0.000,0.000,0.000,4.199,0.000,0.000,1.285,0.000,0.000,0.000,0.151,0.000,0.000,0.000,0.000,0.000,0.000,0.000,0.000,0.000,0.000,0.000,0.000,0.000,1.812,0.000,0.000,0.000,0.000,0.000,0.000,0.000,0.000,0.000,0.000,0.000,0.000,0.000,0.000,0.000,0.000,0.000,0.000,0.000,0.000,0.000,0.000,0.000,0.000,0.000,0.000,0.000,0.000,0.000,0.000,0.000,0.000,0.000,0.000,0.000,0.000,0.000,2.995,0.000,0.000,0.000]
  Iter 82: LB=17.856226  UB=21.723817  gap=1.78e-01
  Cut: intercept=-1141.950912, π_x_range=[-826.8492, 586.7974]
  Mini-Benders[1] (mw): LB=17.913194, Z₀(α*)=8.146941, intercept=-67.069941 (0.652s) [OMP=0.574 ISP-L=0.010 ISP-F=0.027 MW-L=0.020 MW-F=0.028]
  Mini-Benders[2] (mw): LB=17.913194, Z₀(α*)=8.146941, intercept=-67.069941 (0.713s) [OMP=0.628 ISP-L=0.010 ISP-F=0.027 MW-L=0.025 MW-F=0.019]
  Mini-Benders[3] (mw): LB=17.913194, Z₀(α*)=8.146941, intercept=-67.069941 (0.729s) [OMP=0.642 ISP-L=0.010 ISP-F=0.028 MW-L=0.026 MW-F=0.019]
  Mini-Benders[4]: LB stagnated, break
  α-step: Z₀=26.562487, α=[0.000,0.000,0.000,0.000,0.000,0.000,0.000,0.000,0.000,0.000,0.000,0.000,0.000,0.000,0.000,0.000,1.272,0.000,0.000,0.000,0.000,0.000,0.000,0.000,0.000,0.000,0.000,0.000,0.000,0.000,0.000,0.000,0.000,0.000,0.000,0.000,0.000,0.000,0.000,0.000,0.000,0.000,0.000,0.000,0.000,0.000,0.000,0.000,0.000,0.000,2.532,0.000,0.000,0.248,0.000,0.000,0.000,0.000,0.000,0.000,0.000,0.000,0.000,0.000,0.000,0.000,0.000,0.000,0.000,0.000,0.000,0.000,6.391,0.000,0.000,0.000]
  Alt-Benders[1] (mw): LB=17.919547, Z₀(α*)=25.607108, intercept=-78.623254 (0.688s) [OMP=0.615 ISP-L=0.009 ISP-F=0.025 MW-L=0.024 MW-F=0.017]
  Alt-Benders[2] (mw): LB=17.926656, Z₀(α*)=14.796646, intercept=-15.505574 (0.682s) [OMP=0.597 ISP-L=0.007 ISP-F=0.026 MW-L=0.028 MW-F=0.018]
  Alt-Benders[3] (mw): LB=17.926656, Z₀(α*)=14.796646, intercept=-15.505574 (0.698s) [OMP=0.617 ISP-L=0.007 ISP-F=0.026 MW-L=0.029 MW-F=0.018]
  Alt-Benders[4] (mw): LB=17.926656, Z₀(α*)=14.796646, intercept=-15.505574 (0.698s) [OMP=0.618 ISP-L=0.007 ISP-F=0.025 MW-L=0.028 MW-F=0.019]
  Alt-Benders[5]: LB stagnated, break
  OMP re-solve: 0.001s

=== True-DRO Benders iter 83 ===
  OMP: t₀=17.926656, UB=21.723817, gap=1.75e-01, x=[0, 0, 0, 0, 0, 0, 0, 0, 0, 0, 0, 0, 0, 1, 0, 0, 0, 0, 0, 0, 0, 0, 0, 0, 0, 0, 0, 0, 0, 0, 0, 0, 0, 1, 0, 0, 0, 0, 0, 0, 0, 0, 0, 0, 0, 0, 0, 0, 0, 0, 0, 0, 0, 0, 0, 0, 0, 0, 0, 0, 0, 0, 0, 0, 0, 0, 0, 0, 0, 0, 0, 0, 0, 0, 0, 0] (0.000s)
  Sub: Z₀=28.191894 [LOCAL] (0.4s), α=[0.000,0.000,0.000,0.000,0.000,0.000,0.000,0.000,0.000,0.000,0.000,0.000,0.000,2.762,0.000,0.000,2.084,0.000,0.000,0.000,0.240,0.000,0.000,0.000,0.000,0.000,0.000,0.000,0.000,0.000,0.000,0.000,0.000,0.079,0.524,0.000,0.000,0.000,0.000,0.000,0.000,0.000,0.000,0.000,0.000,0.000,0.000,0.000,0.000,0.000,0.000,0.000,0.000,0.000,0.000,0.000,0.000,0.000,0.000,0.000,0.000,0.000,0.000,0.000,0.000,0.000,0.000,0.000,0.000,0.000,0.000,0.000,4.754,0.000,0.000,0.000]
  Iter 83: LB=17.926656  UB=21.723817  gap=1.75e-01
  Cut: intercept=-1138.778925, π_x_range=[-827.2634, 584.0627]
  Mini-Benders[1] (mw): LB=17.926656, Z₀(α*)=16.425579, intercept=-1.197348 (0.636s) [OMP=0.541 ISP-L=0.009 ISP-F=0.025 MW-L=0.028 MW-F=0.019]
  Mini-Benders[2] (mw): LB=17.926656, Z₀(α*)=16.425579, intercept=-1.197348 (0.729s) [OMP=0.640 ISP-L=0.009 ISP-F=0.025 MW-L=0.028 MW-F=0.023]
  Mini-Benders[3]: LB stagnated, break
  α-step: Z₀=28.023900, α=[0.000,0.000,0.000,0.000,0.000,0.000,0.000,0.000,0.000,0.000,4.182,0.000,0.000,0.000,0.000,0.000,0.983,0.000,0.000,0.000,0.000,0.000,0.000,0.000,0.000,0.000,0.000,0.000,0.000,0.000,0.000,0.000,0.000,0.000,0.524,0.000,0.000,0.000,0.000,0.000,0.000,0.000,0.000,0.000,0.000,0.000,0.000,0.000,0.000,0.000,0.000,0.000,0.000,0.000,0.000,0.000,0.000,0.000,0.000,0.000,0.000,0.000,0.000,0.000,0.000,0.000,0.000,0.000,0.000,0.000,0.000,0.000,4.754,0.000,0.000,0.000]
  Alt-Benders[1] (mw): LB=17.957430, Z₀(α*)=6.904810, intercept=-19.510734 (0.635s) [OMP=0.558 ISP-L=0.009 ISP-F=0.027 MW-L=0.023 MW-F=0.023]
  Alt-Benders[2] (mw): LB=17.957430, Z₀(α*)=6.904810, intercept=-19.510734 (0.685s) [OMP=0.593 ISP-L=0.009 ISP-F=0.026 MW-L=0.023 MW-F=0.024]
  Alt-Benders[3] (mw): LB=17.957430, Z₀(α*)=6.904810, intercept=-19.510734 (0.666s) [OMP=0.583 ISP-L=0.008 ISP-F=0.026 MW-L=0.023 MW-F=0.023]
  Alt-Benders[4]: LB stagnated, break
  OMP re-solve: 0.001s

=== True-DRO Benders iter 84 ===
  OMP: t₀=17.957430, UB=21.723817, gap=1.73e-01, x=[0, 0, 0, 0, 0, 0, 0, 0, 0, 0, 0, 0, 0, 1, 0, 0, 0, 0, 0, 0, 0, 0, 0, 0, 0, 0, 0, 0, 0, 0, 0, 0, 0, 0, 0, 0, 0, 0, 0, 0, 0, 0, 0, 0, 0, 0, 0, 0, 0, 0, 1, 0, 0, 0, 0, 0, 0, 0, 0, 0, 0, 0, 0, 0, 0, 0, 0, 0, 0, 0, 0, 0, 0, 0, 0, 0] (0.001s)
  Sub: Z₀=27.141162 [LOCAL] (0.4s), α=[0.000,0.000,0.000,0.000,0.000,0.000,0.000,0.000,0.000,0.000,0.000,0.000,0.000,2.543,0.000,0.000,1.592,0.000,0.000,0.000,0.187,0.000,0.000,0.000,0.000,0.000,0.000,0.000,0.000,0.000,0.000,0.000,0.000,0.000,2.964,0.000,0.000,0.000,0.000,0.000,0.000,0.000,0.000,0.000,0.000,0.000,0.000,0.000,0.000,0.000,0.000,0.000,0.000,0.000,0.000,0.000,0.000,0.000,0.000,0.000,0.000,0.000,0.000,0.000,0.000,0.000,0.000,0.000,0.000,0.000,0.000,0.000,3.157,0.000,0.000,0.000]
  Iter 84: LB=17.957430  UB=21.723817  gap=1.73e-01
  Cut: intercept=-1154.022579, π_x_range=[-827.2881, 598.5423]
  Mini-Benders[1] (mw): LB=17.957430, Z₀(α*)=14.982263, intercept=-2.698211 (0.558s) [OMP=0.479 ISP-L=0.009 ISP-F=0.027 MW-L=0.021 MW-F=0.023]
  Mini-Benders[2] (mw): LB=17.957430, Z₀(α*)=14.982263, intercept=-2.698211 (0.729s) [OMP=0.643 ISP-L=0.008 ISP-F=0.025 MW-L=0.021 MW-F=0.023]
  Mini-Benders[3]: LB stagnated, break
  α-step: Z₀=27.141166, α=[0.000,0.000,0.000,0.000,0.000,0.000,0.000,0.000,0.000,0.000,2.522,0.000,0.000,0.000,0.000,0.000,1.801,0.000,0.000,0.000,0.000,0.000,0.000,0.000,0.000,0.000,0.000,0.000,0.000,0.000,0.000,0.000,0.000,0.000,2.964,0.000,0.000,0.000,0.000,0.000,0.000,0.000,0.000,0.000,0.000,0.000,0.000,0.000,0.000,0.000,0.000,0.000,0.000,0.000,0.000,0.000,0.000,0.000,0.000,0.000,0.000,0.000,0.000,0.000,0.000,0.000,0.000,0.000,0.000,0.000,0.000,0.000,3.157,0.000,0.000,0.000]
  Alt-Benders[1] (mw): LB=17.959533, Z₀(α*)=24.851508, intercept=-39.573726 (0.712s) [OMP=0.640 ISP-L=0.007 ISP-F=0.027 MW-L=0.021 MW-F=0.024]
  Alt-Benders[2] (mw): LB=17.959995, Z₀(α*)=24.923360, intercept=-26.664463 (0.713s) [OMP=0.618 ISP-L=0.008 ISP-F=0.028 MW-L=0.022 MW-F=0.023]
  Alt-Benders[3] (mw): LB=17.960769, Z₀(α*)=21.320042, intercept=-25.331664 (0.667s) [OMP=0.596 ISP-L=0.007 ISP-F=0.024 MW-L=0.029 MW-F=0.018]
  Alt-Benders[4] (mw): LB=17.966656, Z₀(α*)=26.920128, intercept=5.340094 (0.729s) [OMP=0.638 ISP-L=0.010 ISP-F=0.027 MW-L=0.026 MW-F=0.017]
  Alt-Benders[5] (mw): LB=17.966656, Z₀(α*)=14.776779, intercept=-10.669202 (0.682s) [OMP=0.596 ISP-L=0.009 ISP-F=0.026 MW-L=0.030 MW-F=0.017]
  OMP re-solve: 0.523s

=== True-DRO Benders iter 85 ===
  OMP: t₀=17.966656, UB=21.723817, gap=1.73e-01, x=[0, 0, 0, 0, 0, 0, 0, 0, 0, 0, 0, 0, 0, 1, 0, 0, 0, 0, 0, 1, 0, 0, 0, 0, 0, 0, 0, 0, 0, 0, 0, 0, 0, 0, 0, 0, 0, 0, 0, 0, 0, 0, 0, 0, 0, 0, 0, 0, 0, 0, 0, 0, 0, 0, 0, 0, 0, 0, 0, 0, 0, 0, 0, 0, 0, 0, 0, 0, 0, 0, 0, 0, 0, 0, 0, 0] (0.001s)
  Sub: Z₀=28.211907 [TIME_LIMIT] (15.1s), α=[0.000,0.000,0.000,0.000,0.000,0.000,0.000,0.000,0.000,0.000,0.000,0.000,0.000,2.822,0.000,0.000,1.825,0.000,0.000,0.000,0.467,0.000,0.000,0.000,0.000,0.000,0.000,0.000,0.000,0.000,0.000,0.000,0.000,0.000,0.574,0.000,0.000,0.000,0.000,0.000,0.000,0.000,0.000,0.000,0.000,0.000,0.000,0.000,0.000,0.000,0.000,0.000,0.000,0.000,0.000,0.000,0.000,0.000,0.000,0.000,0.000,0.000,0.000,0.000,0.000,0.000,0.000,0.000,0.000,0.000,0.000,0.000,4.754,0.000,0.000,0.000]
  Iter 85: LB=17.966656  UB=21.723817  gap=1.73e-01
  Cut: intercept=-13.301802, π_x_range=[-244.0000, 37.8422]
  Mini-Benders[1] (mw): LB=17.966656, Z₀(α*)=28.211898, intercept=-9.491304 (0.713s) [OMP=0.632 ISP-L=0.009 ISP-F=0.029 MW-L=0.027 MW-F=0.018]
  Mini-Benders[2] (mw): LB=17.966656, Z₀(α*)=16.200909, intercept=5.548879 (0.761s) [OMP=0.666 ISP-L=0.009 ISP-F=0.026 MW-L=0.027 MW-F=0.018]
  Mini-Benders[3]: LB stagnated, break
  α-step: Z₀=28.053900, α=[0.000,0.000,0.000,0.000,0.000,0.000,0.000,0.000,0.000,0.000,4.625,0.000,0.000,0.000,0.000,0.000,0.439,0.000,0.000,0.000,0.000,0.000,0.000,0.000,0.000,0.000,0.000,0.000,0.000,0.000,0.000,0.000,0.000,0.000,0.624,0.000,0.000,0.000,0.000,0.000,0.000,0.000,0.000,0.000,0.000,0.000,0.000,0.000,0.000,0.000,0.000,0.000,0.000,0.000,0.000,0.000,0.000,0.000,0.000,0.000,0.000,0.000,0.000,0.000,0.000,0.000,0.000,0.000,0.000,0.000,0.000,0.000,4.754,0.000,0.000,0.000]
  Alt-Benders[1] (mw): LB=17.967770, Z₀(α*)=19.433389, intercept=-55.110123 (0.715s) [OMP=0.631 ISP-L=0.009 ISP-F=0.029 MW-L=0.026 MW-F=0.018]
  Alt-Benders[2] (mw): LB=17.976656, Z₀(α*)=5.236739, intercept=-9.890266 (0.667s) [OMP=0.582 ISP-L=0.008 ISP-F=0.029 MW-L=0.031 MW-F=0.018]
  Alt-Benders[3] (mw): LB=17.976656, Z₀(α*)=5.236739, intercept=-9.890266 (0.713s) [OMP=0.621 ISP-L=0.009 ISP-F=0.029 MW-L=0.030 MW-F=0.022]
  Alt-Benders[4] (mw): LB=17.976656, Z₀(α*)=5.236739, intercept=-9.890266 (0.729s) [OMP=0.629 ISP-L=0.009 ISP-F=0.029 MW-L=0.025 MW-F=0.023]
  Alt-Benders[5]: LB stagnated, break
  OMP re-solve: 0.001s

=== True-DRO Benders iter 86 ===
  OMP: t₀=17.976656, UB=21.723817, gap=1.72e-01, x=[0, 0, 0, 0, 0, 0, 0, 0, 0, 0, 0, 0, 0, 1, 0, 0, 0, 0, 0, 0, 0, 1, 0, 0, 0, 0, 0, 0, 0, 0, 0, 0, 0, 0, 0, 0, 0, 0, 0, 0, 0, 0, 0, 0, 0, 0, 0, 0, 0, 0, 0, 0, 0, 0, 0, 0, 0, 0, 0, 0, 0, 0, 0, 0, 0, 0, 0, 0, 0, 0, 0, 0, 0, 0, 0, 0] (0.000s)
  Sub: Z₀=28.006988 [LOCAL] (0.4s), α=[0.000,0.000,0.000,0.000,0.000,0.000,0.000,0.000,0.000,0.000,0.000,0.000,0.000,2.615,0.000,0.000,0.407,0.000,0.000,0.000,0.077,0.000,0.000,0.000,0.000,0.000,0.000,0.000,0.000,0.000,0.000,0.000,0.000,0.000,2.589,0.000,0.000,0.000,0.000,0.000,0.000,0.000,0.000,0.000,0.000,0.000,0.000,0.000,0.000,0.000,0.000,0.000,0.000,0.000,0.000,0.000,0.000,0.000,0.000,0.000,0.000,0.000,0.000,0.000,0.000,0.000,0.000,0.000,0.000,0.000,0.000,0.000,4.754,0.000,0.000,0.000]
  Iter 86: LB=17.976656  UB=21.723817  gap=1.72e-01
  Cut: intercept=-1107.102109, π_x_range=[-827.2697, 584.9063]
  Mini-Benders[1] (mw): LB=17.976656, Z₀(α*)=28.085208, intercept=-9.785109 (0.698s) [OMP=0.613 ISP-L=0.009 ISP-F=0.027 MW-L=0.021 MW-F=0.024]
  Mini-Benders[2] (mw): LB=17.976656, Z₀(α*)=14.814691, intercept=5.465387 (0.698s) [OMP=0.599 ISP-L=0.009 ISP-F=0.029 MW-L=0.021 MW-F=0.023]
  Mini-Benders[3]: LB stagnated, break
  α-step: Z₀=27.873352, α=[0.000,0.000,0.000,0.000,0.000,0.000,0.000,0.000,0.000,0.000,2.784,0.000,0.000,0.000,0.000,0.000,0.316,0.000,0.000,0.000,0.000,0.000,0.000,0.000,0.000,0.000,0.000,0.000,0.000,0.000,0.000,0.000,0.000,0.000,2.589,0.000,0.000,0.000,0.000,0.000,0.000,0.000,0.000,0.000,0.000,0.000,0.000,0.000,0.000,0.000,0.000,0.000,0.000,0.000,0.000,0.000,0.000,0.000,0.000,0.000,0.000,0.000,0.000,0.000,0.000,0.000,0.000,0.000,0.000,0.000,0.000,0.000,4.754,0.000,0.000,0.000]
  Alt-Benders[1] (mw): LB=17.976656, Z₀(α*)=10.693967, intercept=-10.030628 (0.723s) [OMP=0.643 ISP-L=0.009 ISP-F=0.027 MW-L=0.019 MW-F=0.024]
  Alt-Benders[2] (mw): LB=17.976656, Z₀(α*)=10.693967, intercept=-10.030628 (0.729s) [OMP=0.647 ISP-L=0.009 ISP-F=0.026 MW-L=0.019 MW-F=0.023]
  Alt-Benders[3]: LB stagnated, break
  OMP re-solve: 0.001s

=== True-DRO Benders iter 87 ===
  OMP: t₀=17.976656, UB=21.723817, gap=1.72e-01, x=[0, 0, 0, 0, 0, 0, 0, 0, 0, 0, 0, 0, 0, 1, 0, 0, 0, 0, 0, 0, 0, 0, 0, 0, 0, 0, 0, 0, 0, 0, 0, 0, 0, 0, 0, 0, 0, 0, 0, 0, 0, 0, 0, 0, 0, 0, 0, 0, 0, 0, 0, 0, 0, 0, 0, 0, 0, 0, 0, 0, 0, 0, 0, 0, 0, 0, 0, 0, 0, 0, 1, 0, 0, 0, 0, 0] (0.000s)
  Sub: Z₀=28.211894 [LOCAL] (0.4s), α=[0.000,0.000,0.000,0.000,0.000,0.000,0.000,0.000,0.000,0.000,0.000,0.000,0.000,2.763,0.000,0.000,2.078,0.000,0.000,0.000,0.224,0.000,0.000,0.000,0.000,0.000,0.000,0.000,0.000,0.000,0.000,0.000,0.000,0.000,0.624,0.000,0.000,0.000,0.000,0.000,0.000,0.000,0.000,0.000,0.000,0.000,0.000,0.000,0.000,0.000,0.000,0.000,0.000,0.000,0.000,0.000,0.000,0.000,0.000,0.000,0.000,0.000,0.000,0.000,0.000,0.000,0.000,0.000,0.000,0.000,0.000,0.000,4.754,0.000,0.000,0.000]
  Iter 87: LB=17.976656  UB=21.723817  gap=1.72e-01
  Cut: intercept=-1108.830518, π_x_range=[-827.3379, 584.0076]
  Mini-Benders[1] (mw): LB=17.976656, Z₀(α*)=16.451182, intercept=5.664838 (0.668s) [OMP=0.596 ISP-L=0.009 ISP-F=0.026 MW-L=0.020 MW-F=0.022]
  Mini-Benders[2] (mw): LB=17.976656, Z₀(α*)=16.451182, intercept=5.664838 (0.635s) [OMP=0.539 ISP-L=0.009 ISP-F=0.027 MW-L=0.020 MW-F=0.023]
  Mini-Benders[3]: LB stagnated, break
  α-step: Z₀=28.053900, α=[0.000,0.000,0.000,0.000,0.000,0.000,0.000,0.000,0.000,0.000,4.082,0.000,0.000,0.000,0.000,0.000,0.983,0.000,0.000,0.000,0.000,0.000,0.000,0.000,0.000,0.000,0.000,0.000,0.000,0.000,0.000,0.000,0.000,0.000,0.624,0.000,0.000,0.000,0.000,0.000,0.000,0.000,0.000,0.000,0.000,0.000,0.000,0.000,0.000,0.000,0.000,0.000,0.000,0.000,0.000,0.000,0.000,0.000,0.000,0.000,0.000,0.000,0.000,0.000,0.000,0.000,0.000,0.000,0.000,0.000,0.000,0.000,4.754,0.000,0.000,0.000]
  Alt-Benders[1] (mw): LB=17.976656, Z₀(α*)=8.821127, intercept=-16.213572 (0.653s) [OMP=0.562 ISP-L=0.009 ISP-F=0.029 MW-L=0.032 MW-F=0.018]
  Alt-Benders[2] (mw): LB=17.976656, Z₀(α*)=8.821127, intercept=-16.213572 (0.682s) [OMP=0.599 ISP-L=0.009 ISP-F=0.029 MW-L=0.032 MW-F=0.018]
  Alt-Benders[3]: LB stagnated, break
  OMP re-solve: 0.001s

=== True-DRO Benders iter 88 ===
  OMP: t₀=17.976656, UB=21.723817, gap=1.72e-01, x=[0, 0, 0, 0, 0, 0, 1, 0, 0, 0, 0, 0, 0, 1, 0, 0, 0, 0, 0, 0, 0, 0, 0, 0, 0, 0, 0, 0, 0, 0, 0, 0, 0, 0, 0, 0, 0, 0, 0, 0, 0, 0, 0, 0, 0, 0, 0, 0, 0, 0, 0, 0, 0, 0, 0, 0, 0, 0, 0, 0, 0, 0, 0, 0, 0, 0, 0, 0, 0, 0, 0, 0, 0, 0, 0, 0] (0.001s)
  Sub: Z₀=27.687370 [LOCAL] (0.5s), α=[0.000,0.000,0.000,0.000,0.000,0.000,0.000,0.000,0.000,0.000,0.000,0.000,0.000,0.100,0.000,0.000,3.866,0.000,0.000,0.000,0.476,0.000,0.000,0.000,0.000,0.000,0.000,0.000,0.000,0.000,0.000,0.000,0.000,0.000,2.163,0.000,0.000,0.000,0.000,0.000,0.000,0.000,0.000,0.000,0.000,0.000,0.000,0.000,0.000,0.000,0.000,0.000,0.000,0.000,0.000,0.000,0.000,0.000,0.000,0.000,0.000,0.000,0.000,0.000,0.000,0.000,0.000,0.000,0.000,0.000,0.000,0.000,3.838,0.000,0.000,0.000]
  Iter 88: LB=17.976656  UB=21.723817  gap=1.72e-01
  Cut: intercept=-1123.697204, π_x_range=[-828.9582, 584.6298]
  Mini-Benders[1] (mw): LB=17.976656, Z₀(α*)=27.267375, intercept=5.732165 (0.667s) [OMP=0.592 ISP-L=0.008 ISP-F=0.027 MW-L=0.030 MW-F=0.017]
  Mini-Benders[2] (mw): LB=17.976656, Z₀(α*)=27.267375, intercept=5.495553 (0.588s) [OMP=0.499 ISP-L=0.008 ISP-F=0.029 MW-L=0.030 MW-F=0.017]
  Mini-Benders[3]: LB stagnated, break
  α-step: Z₀=28.053900, α=[0.000,0.000,0.000,0.000,0.000,0.000,0.000,0.000,0.000,0.000,3.097,0.000,0.000,0.000,0.000,0.000,1.967,0.000,0.000,0.000,0.000,0.000,0.000,0.000,0.000,0.000,0.000,0.000,0.000,0.000,0.000,0.000,0.000,0.000,0.624,0.000,0.000,0.000,0.000,0.000,0.000,0.000,0.000,0.000,0.000,0.000,0.000,0.000,0.000,0.000,0.000,0.000,0.000,0.000,0.000,0.000,0.000,0.000,0.000,0.000,0.000,0.000,0.000,0.000,0.000,0.000,0.000,0.000,0.000,0.000,0.000,0.000,4.754,0.000,0.000,0.000]
  Alt-Benders[1] (mw): LB=17.979995, Z₀(α*)=19.238825, intercept=-20.351502 (0.679s) [OMP=0.614 ISP-L=0.008 ISP-F=0.027 MW-L=0.025 MW-F=0.017]
  Alt-Benders[2] (mw): LB=17.979995, Z₀(α*)=19.238825, intercept=-20.488812 (0.714s) [OMP=0.625 ISP-L=0.007 ISP-F=0.027 MW-L=0.024 MW-F=0.019]
  Alt-Benders[3] (mw): LB=17.979995, Z₀(α*)=19.238825, intercept=-20.351505 (0.713s) [OMP=0.623 ISP-L=0.008 ISP-F=0.028 MW-L=0.028 MW-F=0.017]
  Alt-Benders[4]: LB stagnated, break
  OMP re-solve: 0.001s

=== True-DRO Benders iter 89 ===
  OMP: t₀=17.979995, UB=21.723817, gap=1.72e-01, x=[0, 0, 0, 0, 0, 0, 0, 0, 0, 0, 0, 0, 0, 0, 0, 1, 0, 0, 0, 0, 0, 0, 0, 0, 0, 0, 0, 0, 0, 0, 0, 0, 0, 0, 0, 0, 0, 0, 0, 0, 0, 0, 0, 0, 0, 0, 0, 0, 0, 1, 0, 0, 0, 0, 0, 0, 0, 0, 0, 0, 0, 0, 0, 0, 0, 0, 0, 0, 0, 0, 0, 0, 0, 0, 0, 0] (0.001s)
  Sub: Z₀=27.608798 [LOCAL] (0.4s), α=[0.000,0.000,0.000,0.000,0.000,0.000,0.000,0.000,0.000,0.000,2.522,0.000,0.000,0.000,0.000,0.000,0.000,0.000,0.000,0.000,0.000,0.000,0.000,0.000,0.000,0.000,0.000,0.000,0.000,0.000,0.000,0.000,0.000,0.000,2.273,0.000,0.000,0.000,0.000,0.000,0.000,0.000,0.000,0.000,0.000,0.000,0.000,0.000,0.000,2.307,0.000,0.000,0.000,0.000,0.000,0.000,0.000,0.000,0.000,0.000,0.000,0.000,0.000,0.000,0.000,0.000,0.000,0.000,0.000,0.000,0.000,0.000,3.341,0.000,0.000,0.000]
  Iter 89: LB=17.979995  UB=21.723817  gap=1.72e-01
  Cut: intercept=-1091.629282, π_x_range=[-831.2156, 569.4208]
  Mini-Benders[1] (mw): LB=17.979995, Z₀(α*)=27.453500, intercept=-19.782771 (0.607s) [OMP=0.512 ISP-L=0.009 ISP-F=0.027 MW-L=0.027 MW-F=0.021]
  Mini-Benders[2] (mw): LB=17.979995, Z₀(α*)=27.453500, intercept=-19.782771 (0.682s) [OMP=0.609 ISP-L=0.008 ISP-F=0.027 MW-L=0.022 MW-F=0.023]
  Mini-Benders[3]: LB stagnated, break
  α-step: Z₀=26.975818, α=[0.000,0.000,0.000,0.000,0.000,0.000,0.000,0.000,0.000,0.000,2.522,0.000,0.000,0.000,0.000,0.000,0.000,0.000,0.000,0.000,0.502,0.000,0.000,0.000,0.000,0.000,0.000,0.000,0.000,0.000,0.000,0.000,0.000,0.000,2.589,0.000,0.000,0.000,0.000,0.000,0.000,0.000,0.000,0.000,0.000,0.000,0.000,0.000,0.000,1.898,0.000,0.000,0.000,0.000,0.000,0.000,0.000,0.000,0.000,0.000,0.000,0.000,0.000,0.000,0.000,0.000,0.000,0.000,0.000,0.000,0.000,0.000,2.932,0.000,0.000,0.000]
  Alt-Benders[1] (mw): LB=17.984499, Z₀(α*)=15.910505, intercept=-33.795972 (0.726s) [OMP=0.649 ISP-L=0.009 ISP-F=0.028 MW-L=0.021 MW-F=0.023]
  Alt-Benders[2] (mw): LB=17.984499, Z₀(α*)=15.910505, intercept=-33.795972 (0.729s) [OMP=0.641 ISP-L=0.009 ISP-F=0.028 MW-L=0.021 MW-F=0.023]
  Alt-Benders[3] (mw): LB=17.984499, Z₀(α*)=15.910505, intercept=-33.795972 (0.714s) [OMP=0.641 ISP-L=0.009 ISP-F=0.028 MW-L=0.021 MW-F=0.023]
  Alt-Benders[4]: LB stagnated, break
  OMP re-solve: 0.001s

=== True-DRO Benders iter 90 ===
  OMP: t₀=17.984499, UB=21.723817, gap=1.72e-01, x=[0, 1, 0, 0, 0, 0, 0, 0, 0, 0, 0, 0, 0, 0, 0, 0, 0, 0, 0, 0, 0, 0, 0, 0, 0, 0, 0, 0, 0, 0, 0, 1, 0, 0, 0, 0, 0, 0, 0, 0, 0, 0, 0, 0, 0, 0, 0, 0, 0, 0, 0, 0, 0, 0, 0, 0, 0, 0, 0, 0, 0, 0, 0, 0, 0, 0, 0, 0, 0, 0, 0, 0, 0, 0, 0, 0] (0.000s)
  Sub: Z₀=27.634174 [TIME_LIMIT] (15.1s), α=[0.000,2.714,0.000,0.000,0.000,0.000,0.000,0.000,0.000,0.000,0.234,0.000,0.000,0.000,0.000,0.000,0.000,0.000,0.000,0.000,0.000,0.000,0.000,0.480,0.000,0.000,0.000,0.000,0.000,0.000,0.000,0.000,0.000,0.000,2.273,0.000,0.000,0.000,0.000,0.000,0.000,0.000,0.000,0.000,0.000,0.000,0.000,0.000,0.000,0.000,0.000,0.000,0.000,0.000,0.000,0.000,0.000,0.000,0.000,0.000,0.000,0.000,1.182,0.000,0.000,0.000,0.000,0.000,0.000,0.000,0.000,0.000,3.560,0.000,0.000,0.000]
  Iter 90: LB=17.984499  UB=21.723817  gap=1.72e-01
  Cut: intercept=-93.392581, π_x_range=[-254.0000, 68.7192]
  Mini-Benders[1] (mw): LB=18.002711, Z₀(α*)=26.313486, intercept=-35.740037 (0.729s) [OMP=0.641 ISP-L=0.009 ISP-F=0.029 MW-L=0.023 MW-F=0.024]
  Mini-Benders[2] (mw): LB=18.005017, Z₀(α*)=6.794589, intercept=-50.119921 (0.776s) [OMP=0.688 ISP-L=0.008 ISP-F=0.026 MW-L=0.018 MW-F=0.026]
  Mini-Benders[3] (mw): LB=18.005017, Z₀(α*)=6.794589, intercept=-50.119921 (0.807s) [OMP=0.737 ISP-L=0.009 ISP-F=0.026 MW-L=0.018 MW-F=0.026]
  Mini-Benders[4] (mw): LB=18.005017, Z₀(α*)=6.794589, intercept=-50.119921 (0.858s) [OMP=0.775 ISP-L=0.009 ISP-F=0.027 MW-L=0.018 MW-F=0.026]
  Mini-Benders[5]: LB stagnated, break
  α-step: Z₀=26.487023, α=[0.000,0.000,0.000,0.000,0.000,0.000,0.000,0.000,0.000,0.000,0.000,0.000,0.000,0.000,0.000,0.000,2.825,0.000,0.000,0.000,0.000,0.000,0.000,0.000,0.000,0.000,0.000,0.000,0.000,0.000,0.000,0.000,0.000,0.000,0.000,0.000,0.000,0.000,0.000,0.000,0.000,0.000,0.000,0.000,0.000,0.000,0.000,0.000,0.000,0.000,0.000,0.000,0.000,0.000,0.000,0.000,0.000,0.000,0.000,0.000,0.000,0.669,0.000,0.000,0.000,0.000,0.000,0.000,0.000,0.000,0.000,0.000,6.949,0.000,0.000,0.000]
  Alt-Benders[1] (mw): LB=18.030301, Z₀(α*)=2.735609, intercept=-93.665138 (0.700s) [OMP=0.621 ISP-L=0.006 ISP-F=0.025 MW-L=0.025 MW-F=0.019]
  Alt-Benders[2] (mw): LB=18.030301, Z₀(α*)=2.735609, intercept=-93.665138 (0.698s) [OMP=0.626 ISP-L=0.006 ISP-F=0.025 MW-L=0.026 MW-F=0.019]
  Alt-Benders[3] (mw): LB=18.030301, Z₀(α*)=2.735609, intercept=-93.665138 (0.703s) [OMP=0.624 ISP-L=0.006 ISP-F=0.024 MW-L=0.025 MW-F=0.019]
  Alt-Benders[4]: LB stagnated, break
  OMP re-solve: 0.001s

=== True-DRO Benders iter 91 ===
  OMP: t₀=18.030301, UB=21.723817, gap=1.70e-01, x=[0, 0, 0, 0, 0, 0, 0, 0, 0, 0, 0, 0, 0, 0, 0, 0, 0, 0, 0, 0, 0, 0, 0, 0, 0, 0, 0, 0, 0, 0, 0, 0, 0, 0, 0, 0, 0, 0, 0, 0, 0, 0, 1, 0, 0, 0, 0, 0, 0, 0, 0, 0, 0, 0, 0, 0, 0, 0, 0, 0, 0, 0, 0, 0, 0, 0, 1, 0, 0, 0, 0, 0, 0, 0, 0, 0] (0.000s)
  Sub: Z₀=27.275150 [LOCAL] (0.4s), α=[0.000,0.000,0.000,0.000,0.000,0.000,0.000,0.000,0.000,0.000,2.522,0.000,0.000,0.000,0.000,0.000,0.708,0.000,0.000,0.000,0.000,0.000,0.000,0.000,0.000,0.000,0.000,0.000,0.000,0.000,0.000,0.000,0.000,0.000,0.651,0.000,0.000,0.000,0.000,0.000,0.000,0.000,3.654,0.000,0.000,0.000,0.000,0.000,0.000,0.000,0.000,0.000,0.000,0.000,0.000,0.000,0.000,0.000,0.000,0.000,0.000,0.000,0.000,0.000,0.000,0.000,0.000,0.000,0.000,0.000,0.000,0.000,2.908,0.000,0.000,0.000]
  Iter 91: LB=18.030301  UB=21.723817  gap=1.70e-01
  Cut: intercept=-1063.269514, π_x_range=[-827.0517, 556.1586]
  Mini-Benders[1] (mw): LB=18.030301, Z₀(α*)=27.282963, intercept=-39.894845 (0.729s) [OMP=0.648 ISP-L=0.007 ISP-F=0.028 MW-L=0.028 MW-F=0.018]
  Mini-Benders[2] (mw): LB=18.040301, Z₀(α*)=27.260314, intercept=-51.701706 (0.729s) [OMP=0.635 ISP-L=0.007 ISP-F=0.028 MW-L=0.030 MW-F=0.019]
  Mini-Benders[3] (mw): LB=18.040301, Z₀(α*)=27.292963, intercept=-39.794845 (0.682s) [OMP=0.608 ISP-L=0.006 ISP-F=0.028 MW-L=0.027 MW-F=0.018]
  Mini-Benders[4] (mw): LB=18.040301, Z₀(α*)=27.551735, intercept=-43.767067 (0.745s) [OMP=0.653 ISP-L=0.006 ISP-F=0.028 MW-L=0.030 MW-F=0.018]
  Mini-Benders[5]: LB stagnated, break
  α-step: Z₀=27.354267, α=[0.000,0.000,0.000,0.000,0.000,0.000,0.000,0.000,0.000,0.000,2.522,0.000,0.000,0.000,0.000,0.000,0.417,0.000,0.000,0.000,0.000,0.000,0.000,0.000,0.000,0.000,0.000,0.000,0.000,0.000,0.000,0.000,0.000,0.000,0.243,0.000,0.000,0.000,0.000,0.000,0.000,0.000,3.537,0.000,0.000,0.000,0.000,0.000,0.000,0.466,0.000,0.000,0.000,0.000,0.000,0.000,0.000,0.000,0.000,0.000,0.000,0.000,0.000,0.000,0.000,0.000,0.000,0.000,0.000,0.000,0.000,0.000,3.257,0.000,0.000,0.000]
  Alt-Benders[1] (mw): LB=18.040301, Z₀(α*)=26.915203, intercept=-39.683504 (0.710s) [OMP=0.628 ISP-L=0.007 ISP-F=0.028 MW-L=0.030 MW-F=0.020]
  Alt-Benders[2] (mw): LB=18.040301, Z₀(α*)=26.915203, intercept=-39.683503 (0.667s) [OMP=0.578 ISP-L=0.007 ISP-F=0.027 MW-L=0.028 MW-F=0.023]
  Alt-Benders[3] (mw): LB=18.040301, Z₀(α*)=26.915203, intercept=-39.683504 (0.698s) [OMP=0.620 ISP-L=0.007 ISP-F=0.026 MW-L=0.022 MW-F=0.024]
  Alt-Benders[4]: LB stagnated, break
  OMP re-solve: 0.001s

=== True-DRO Benders iter 92 ===
  OMP: t₀=18.040301, UB=21.723817, gap=1.70e-01, x=[0, 0, 0, 0, 0, 0, 0, 0, 0, 0, 0, 0, 0, 0, 0, 0, 0, 0, 0, 0, 0, 0, 0, 0, 0, 0, 0, 0, 0, 0, 0, 0, 0, 0, 0, 0, 0, 0, 0, 0, 0, 0, 1, 0, 0, 0, 0, 0, 0, 0, 1, 0, 0, 0, 0, 0, 0, 0, 0, 0, 0, 0, 0, 0, 0, 0, 0, 0, 0, 0, 0, 0, 0, 0, 0, 0] (0.001s)
  Sub: Z₀=26.648649 [LOCAL] (0.4s), α=[0.000,0.000,0.000,0.000,0.000,0.000,0.000,0.000,0.000,0.000,1.997,0.000,0.000,0.000,0.000,0.000,0.071,0.000,0.000,0.000,0.000,0.000,0.000,0.000,0.000,0.000,0.000,0.000,0.000,0.000,0.000,0.000,0.000,0.000,2.531,0.000,0.000,0.000,0.000,0.000,0.000,0.000,3.793,0.000,0.000,0.000,0.000,0.000,0.000,0.000,0.000,0.000,0.000,0.000,0.000,0.000,0.000,0.000,0.000,0.000,0.000,0.000,0.000,0.000,0.000,0.000,0.000,0.000,0.000,0.000,0.000,0.000,2.050,0.000,0.000,0.000]
  Iter 92: LB=18.040301  UB=21.723817  gap=1.70e-01
  Cut: intercept=-1104.591760, π_x_range=[-826.2053, 598.1738]
  Mini-Benders[1] (mw): LB=18.040301, Z₀(α*)=25.093359, intercept=-40.479547 (0.716s) [OMP=0.642 ISP-L=0.006 ISP-F=0.027 MW-L=0.022 MW-F=0.023]
  Mini-Benders[2] (mw): LB=18.041895, Z₀(α*)=8.682716, intercept=-58.443183 (0.729s) [OMP=0.635 ISP-L=0.009 ISP-F=0.026 MW-L=0.023 MW-F=0.024]
  Mini-Benders[3] (mw): LB=18.041895, Z₀(α*)=8.682716, intercept=-58.443183 (0.682s) [OMP=0.591 ISP-L=0.009 ISP-F=0.027 MW-L=0.023 MW-F=0.024]
  Mini-Benders[4] (mw): LB=18.041895, Z₀(α*)=8.682716, intercept=-58.443183 (0.651s) [OMP=0.575 ISP-L=0.009 ISP-F=0.026 MW-L=0.023 MW-F=0.024]
  Mini-Benders[5]: LB stagnated, break
  α-step: Z₀=28.011030, α=[0.000,0.000,0.000,0.000,0.000,0.000,0.000,0.000,0.000,0.000,0.000,0.000,0.000,0.000,0.000,0.000,3.395,0.000,0.000,0.000,0.000,0.000,0.000,0.000,0.000,0.000,0.000,0.000,0.000,0.000,0.000,0.000,0.000,0.000,3.791,0.000,0.000,0.000,0.000,0.000,0.000,0.000,0.000,0.000,0.000,0.000,0.000,0.000,0.000,0.000,0.000,0.000,0.000,0.000,0.000,0.000,0.000,0.000,0.000,0.000,0.000,0.000,0.000,0.000,0.000,0.000,0.000,0.000,0.000,0.000,0.000,0.000,3.257,0.000,0.000,0.000]
  Alt-Benders[1] (mw): LB=18.042504, Z₀(α*)=22.162249, intercept=-8.449433 (0.747s) [OMP=0.668 ISP-L=0.008 ISP-F=0.029 MW-L=0.020 MW-F=0.025]
  Alt-Benders[2] (mw): LB=18.046466, Z₀(α*)=19.211032, intercept=-34.049323 (0.698s) [OMP=0.606 ISP-L=0.009 ISP-F=0.027 MW-L=0.021 MW-F=0.024]
  Alt-Benders[3] (mw): LB=18.062832, Z₀(α*)=10.877339, intercept=-87.195819 (0.666s) [OMP=0.593 ISP-L=0.010 ISP-F=0.027 MW-L=0.022 MW-F=0.024]
  Alt-Benders[4] (mw): LB=18.062832, Z₀(α*)=10.877339, intercept=-87.195819 (0.683s) [OMP=0.599 ISP-L=0.010 ISP-F=0.025 MW-L=0.022 MW-F=0.024]
  Alt-Benders[5] (mw): LB=18.062832, Z₀(α*)=10.877339, intercept=-87.195819 (0.697s) [OMP=0.600 ISP-L=0.010 ISP-F=0.025 MW-L=0.029 MW-F=0.018]
  OMP re-solve: 0.592s

=== True-DRO Benders iter 93 ===
  OMP: t₀=18.062832, UB=21.723817, gap=1.69e-01, x=[0, 0, 0, 0, 0, 0, 0, 0, 0, 0, 0, 0, 0, 0, 0, 0, 0, 0, 0, 0, 0, 0, 0, 0, 0, 0, 0, 0, 0, 0, 0, 0, 0, 0, 0, 0, 0, 0, 0, 1, 0, 0, 0, 0, 0, 0, 0, 0, 0, 0, 0, 0, 0, 0, 0, 0, 0, 0, 0, 0, 0, 0, 0, 0, 1, 0, 0, 0, 0, 0, 0, 0, 0, 0, 0, 0] (0.001s)
  Sub: Z₀=29.135129 [LOCAL] (0.4s), α=[0.000,0.000,0.000,0.000,0.000,0.000,0.000,0.000,0.000,0.000,0.000,0.000,0.000,0.000,0.000,0.000,0.000,0.000,0.000,0.000,0.000,0.000,0.000,0.000,0.000,0.000,0.000,0.000,0.000,0.000,0.000,0.000,0.000,0.000,0.000,0.000,0.000,0.000,0.000,0.000,0.000,0.000,0.000,0.000,0.000,0.000,0.000,0.000,0.000,0.000,1.877,0.000,0.000,0.000,0.000,0.000,0.000,0.000,0.000,0.000,0.000,0.000,0.936,0.000,0.998,0.000,0.000,0.000,0.000,0.000,0.000,0.000,6.631,0.000,0.000,0.000]
  Iter 93: LB=18.062832  UB=21.723817  gap=1.69e-01
  Cut: intercept=-1081.687935, π_x_range=[-826.3077, 561.4855]
  Mini-Benders[1] (mw): LB=18.075103, Z₀(α*)=22.392984, intercept=-30.661780 (0.683s) [OMP=0.597 ISP-L=0.010 ISP-F=0.029 MW-L=0.026 MW-F=0.018]
  Mini-Benders[2] (mw): LB=18.079539, Z₀(α*)=16.883839, intercept=-28.766972 (0.807s) [OMP=0.724 ISP-L=0.009 ISP-F=0.027 MW-L=0.026 MW-F=0.018]
  Mini-Benders[3] (mw): LB=18.079539, Z₀(α*)=16.883839, intercept=-28.766972 (0.696s) [OMP=0.616 ISP-L=0.009 ISP-F=0.026 MW-L=0.027 MW-F=0.018]
  Mini-Benders[4] (mw): LB=18.079539, Z₀(α*)=16.883839, intercept=-28.766972 (0.682s) [OMP=0.604 ISP-L=0.009 ISP-F=0.026 MW-L=0.026 MW-F=0.018]
  Mini-Benders[5]: LB stagnated, break
  α-step: Z₀=26.523951, α=[0.000,2.514,0.000,0.000,0.000,0.000,0.000,0.000,0.000,0.000,0.204,0.000,0.000,0.000,0.000,0.000,0.000,0.000,0.000,0.000,0.000,0.000,0.000,0.000,0.000,0.000,0.000,0.000,0.000,0.000,0.000,0.000,0.000,0.000,2.073,0.000,0.000,0.000,0.000,0.000,0.000,0.000,0.000,0.000,0.000,0.000,0.000,0.000,0.000,0.000,0.000,0.000,0.000,0.000,0.000,0.000,0.000,0.000,0.000,0.000,0.000,0.000,1.436,0.000,0.000,0.000,0.000,0.000,0.000,0.000,0.000,0.000,4.216,0.000,0.000,0.000]
  Alt-Benders[1] (mw): LB=18.089539, Z₀(α*)=27.664585, intercept=-24.178149 (0.687s) [OMP=0.604 ISP-L=0.010 ISP-F=0.032 MW-L=0.029 MW-F=0.018]
  Alt-Benders[2] (mw): LB=18.089539, Z₀(α*)=26.204007, intercept=-21.714488 (0.729s) [OMP=0.648 ISP-L=0.009 ISP-F=0.028 MW-L=0.028 MW-F=0.020]
  Alt-Benders[3] (mw): LB=18.089539, Z₀(α*)=27.664585, intercept=-24.178149 (0.713s) [OMP=0.616 ISP-L=0.009 ISP-F=0.029 MW-L=0.028 MW-F=0.018]
  Alt-Benders[4]: LB stagnated, break
  OMP re-solve: 0.001s

=== True-DRO Benders iter 94 ===
  OMP: t₀=18.089539, UB=21.723817, gap=1.67e-01, x=[0, 1, 0, 0, 0, 0, 0, 0, 0, 0, 0, 0, 0, 0, 0, 0, 0, 0, 0, 0, 0, 0, 0, 0, 0, 0, 0, 0, 0, 0, 0, 0, 0, 0, 0, 0, 0, 0, 1, 0, 0, 0, 0, 0, 0, 0, 0, 0, 0, 0, 0, 0, 0, 0, 0, 0, 0, 0, 0, 0, 0, 0, 0, 0, 0, 0, 0, 0, 0, 0, 0, 0, 0, 0, 0, 0] (0.001s)
  Sub: Z₀=27.909215 [LOCAL] (0.4s), α=[0.000,1.206,0.000,0.000,0.000,0.000,0.000,0.000,0.000,0.000,0.012,0.000,0.000,0.000,0.000,0.000,0.000,0.000,0.000,0.000,0.000,0.000,0.000,0.017,0.000,0.000,0.000,2.589,0.000,0.000,0.000,0.000,0.000,0.000,2.589,0.000,0.000,0.000,0.000,0.000,0.000,0.000,0.000,0.000,0.000,0.000,0.000,0.000,0.000,0.000,0.000,0.000,0.000,0.000,0.000,0.000,0.000,0.000,0.000,0.000,0.000,0.000,0.071,0.000,0.000,0.000,0.000,0.000,0.000,0.000,0.000,0.000,3.958,0.000,0.000,0.000]
  Iter 94: LB=18.089539  UB=21.723817  gap=1.67e-01
  Cut: intercept=-1100.211803, π_x_range=[-826.5174, 585.8836]
  Mini-Benders[1] (mw): LB=18.089539, Z₀(α*)=25.615436, intercept=-36.580861 (0.730s) [OMP=0.637 ISP-L=0.007 ISP-F=0.030 MW-L=0.027 MW-F=0.023]
  Mini-Benders[2] (mw): LB=18.089539, Z₀(α*)=27.973278, intercept=-24.275529 (0.745s) [OMP=0.655 ISP-L=0.011 ISP-F=0.030 MW-L=0.021 MW-F=0.023]
  Mini-Benders[3] (mw): LB=18.149672, Z₀(α*)=8.779725, intercept=-41.496334 (0.573s) [OMP=0.494 ISP-L=0.009 ISP-F=0.026 MW-L=0.020 MW-F=0.024]
  Mini-Benders[4] (mw): LB=18.149672, Z₀(α*)=8.779725, intercept=-41.496334 (0.634s) [OMP=0.550 ISP-L=0.009 ISP-F=0.026 MW-L=0.020 MW-F=0.023]
  Mini-Benders[5] (mw): LB=18.149672, Z₀(α*)=8.779725, intercept=-41.496334 (0.636s) [OMP=0.554 ISP-L=0.009 ISP-F=0.027 MW-L=0.021 MW-F=0.026]
  α-step: Z₀=27.149732, α=[0.000,0.000,0.000,0.000,0.000,0.000,0.000,0.000,0.000,0.000,0.000,0.000,0.000,0.000,0.000,0.000,0.259,0.000,0.000,0.000,0.000,0.000,0.000,0.000,0.000,0.000,0.000,0.000,0.000,0.000,0.000,0.000,0.000,0.000,0.000,0.000,0.000,0.000,0.000,0.000,0.000,0.000,0.000,0.000,0.000,0.000,0.000,0.000,0.000,0.000,3.223,0.000,0.000,0.000,0.000,0.000,0.000,0.000,0.000,0.000,0.000,0.669,0.000,0.000,0.000,0.000,0.000,0.000,0.000,0.000,0.000,0.000,6.292,0.000,0.000,0.000]
  Alt-Benders[1] (mw): LB=18.158898, Z₀(α*)=25.896016, intercept=-78.274023 (0.763s) [OMP=0.678 ISP-L=0.010 ISP-F=0.029 MW-L=0.019 MW-F=0.025]
  Alt-Benders[2] (mw): LB=18.158898, Z₀(α*)=25.966137, intercept=-27.991388 (0.729s) [OMP=0.639 ISP-L=0.010 ISP-F=0.030 MW-L=0.019 MW-F=0.023]
  Alt-Benders[3] (mw): LB=18.168898, Z₀(α*)=25.966137, intercept=-47.700581 (0.729s) [OMP=0.646 ISP-L=0.009 ISP-F=0.029 MW-L=0.020 MW-F=0.024]
  Alt-Benders[4] (mw): LB=18.168898, Z₀(α*)=26.979535, intercept=-35.842883 (0.713s) [OMP=0.628 ISP-L=0.009 ISP-F=0.028 MW-L=0.022 MW-F=0.024]
  Alt-Benders[5] (mw): LB=18.168898, Z₀(α*)=26.979535, intercept=-34.744305 (0.682s) [OMP=0.595 ISP-L=0.010 ISP-F=0.028 MW-L=0.021 MW-F=0.022]
  OMP re-solve: 0.614s

=== True-DRO Benders iter 95 ===
  OMP: t₀=18.168898, UB=21.723817, gap=1.64e-01, x=[0, 0, 0, 0, 0, 0, 0, 0, 0, 0, 0, 0, 0, 0, 0, 0, 0, 0, 0, 0, 0, 0, 0, 0, 0, 0, 0, 0, 0, 0, 0, 0, 0, 0, 0, 0, 0, 0, 0, 0, 0, 0, 0, 0, 0, 1, 0, 0, 0, 0, 0, 0, 0, 0, 0, 0, 0, 0, 0, 0, 0, 1, 0, 0, 0, 0, 0, 0, 0, 0, 0, 0, 0, 0, 0, 0] (0.001s)
  Sub: Z₀=27.176019 [TIME_LIMIT] (15.1s), α=[0.000,0.000,0.000,0.000,0.000,0.000,0.000,0.000,0.000,0.000,1.922,0.000,0.000,0.000,0.000,0.000,0.000,0.000,0.000,0.000,0.000,0.000,0.000,0.000,0.000,0.000,0.000,0.000,0.000,0.000,0.000,0.000,0.000,0.000,0.000,0.000,0.000,0.000,0.008,0.000,0.000,0.000,0.000,0.000,0.000,0.040,0.000,0.000,0.000,0.000,1.828,0.000,0.000,0.445,0.000,0.000,0.000,0.000,0.000,0.000,0.000,0.669,0.000,0.000,0.000,0.000,0.000,0.000,0.000,0.000,0.000,0.000,5.530,0.000,0.000,0.000]
  Iter 95: LB=18.168898  UB=21.723817  gap=1.64e-01
  Cut: intercept=-75.000433, π_x_range=[-246.8049, 54.7401]
  Mini-Benders[1] (mw): LB=18.168898, Z₀(α*)=24.352904, intercept=-40.254566 (0.932s) [OMP=0.850 ISP-L=0.009 ISP-F=0.030 MW-L=0.020 MW-F=0.024]
  Mini-Benders[2] (mw): LB=18.168898, Z₀(α*)=25.449782, intercept=-25.970767 (0.839s) [OMP=0.743 ISP-L=0.010 ISP-F=0.029 MW-L=0.026 MW-F=0.019]
  Mini-Benders[3]: LB stagnated, break
  α-step: Z₀=27.353317, α=[0.000,0.000,0.000,0.000,0.000,0.000,0.000,0.000,0.000,0.000,0.000,0.000,0.000,0.000,0.000,0.000,0.931,0.000,0.000,0.000,0.000,0.000,0.000,0.000,0.000,0.000,0.000,0.000,0.000,0.000,0.000,0.000,0.000,0.000,0.000,0.000,0.000,0.000,0.000,0.000,0.000,0.000,0.000,0.000,0.000,0.000,0.000,0.000,0.000,0.000,2.532,0.000,0.000,0.262,0.000,0.000,0.000,0.000,0.000,0.000,0.000,0.669,0.000,0.000,0.000,0.000,0.000,0.000,0.000,0.000,0.000,0.000,6.050,0.000,0.000,0.000]
  Alt-Benders[1] (mw): LB=18.191069, Z₀(α*)=15.252372, intercept=-20.088486 (0.762s) [OMP=0.693 ISP-L=0.008 ISP-F=0.028 MW-L=0.027 MW-F=0.017]
  Alt-Benders[2] (mw): LB=18.191069, Z₀(α*)=15.252372, intercept=-20.088486 (0.745s) [OMP=0.658 ISP-L=0.007 ISP-F=0.027 MW-L=0.028 MW-F=0.017]
  Alt-Benders[3] (mw): LB=18.191069, Z₀(α*)=15.252372, intercept=-20.088486 (0.745s) [OMP=0.654 ISP-L=0.007 ISP-F=0.028 MW-L=0.027 MW-F=0.017]
  Alt-Benders[4]: LB stagnated, break
  OMP re-solve: 0.001s

=== True-DRO Benders iter 96 ===
  OMP: t₀=18.191069, UB=21.723817, gap=1.63e-01, x=[0, 0, 0, 0, 0, 1, 0, 0, 0, 0, 0, 0, 0, 0, 0, 0, 0, 0, 0, 0, 0, 0, 0, 0, 0, 0, 0, 0, 0, 0, 0, 0, 0, 0, 0, 0, 0, 0, 0, 0, 0, 0, 0, 0, 0, 0, 0, 0, 0, 1, 0, 0, 0, 0, 0, 0, 0, 0, 0, 0, 0, 0, 0, 0, 0, 0, 0, 0, 0, 0, 0, 0, 0, 0, 0, 0] (0.000s)
  Sub: Z₀=27.528102 [LOCAL] (0.5s), α=[0.000,0.000,0.000,0.000,0.000,0.000,0.000,0.000,0.000,0.000,2.522,0.000,0.000,0.000,0.000,0.000,0.000,0.000,0.000,0.000,0.162,0.000,0.000,0.000,0.000,0.000,0.000,0.000,0.000,0.000,0.000,0.000,0.000,0.000,2.589,0.000,0.000,0.000,0.000,0.000,0.000,0.000,0.000,0.000,0.000,0.000,0.000,0.000,0.000,2.068,0.000,0.000,0.000,0.000,0.000,0.000,0.000,0.000,0.000,0.000,0.000,0.000,0.000,0.000,0.000,0.000,0.000,0.000,0.000,0.000,0.000,0.000,3.103,0.000,0.000,0.000]
  Iter 96: LB=18.191069  UB=21.723817  gap=1.63e-01
  Cut: intercept=-1077.738239, π_x_range=[-831.4868, 555.2870]
  Mini-Benders[1] (mw): LB=18.192071, Z₀(α*)=11.131090, intercept=-8.706121 (0.729s) [OMP=0.651 ISP-L=0.008 ISP-F=0.029 MW-L=0.025 MW-F=0.018]
  Mini-Benders[2] (mw): LB=18.192071, Z₀(α*)=11.131090, intercept=-8.706121 (0.714s) [OMP=0.631 ISP-L=0.008 ISP-F=0.029 MW-L=0.025 MW-F=0.018]
  Mini-Benders[3] (mw): LB=18.192071, Z₀(α*)=11.131090, intercept=-8.706121 (0.729s) [OMP=0.648 ISP-L=0.008 ISP-F=0.028 MW-L=0.024 MW-F=0.018]
  Mini-Benders[4]: LB stagnated, break
  α-step: Z₀=28.549984, α=[0.000,0.000,0.000,0.000,0.000,0.000,0.000,0.000,0.000,0.000,0.000,0.000,0.000,0.000,0.000,0.000,5.689,0.000,0.000,0.000,0.000,0.000,0.000,0.000,0.000,0.000,0.000,0.000,0.000,0.000,0.000,0.000,0.000,0.000,0.000,0.000,0.000,0.000,0.000,0.000,0.000,0.000,0.000,0.000,0.000,0.000,0.000,0.000,0.000,0.000,0.000,0.000,0.000,0.000,0.000,0.000,0.000,0.000,0.000,0.000,0.000,0.000,0.000,0.000,0.000,0.000,0.000,0.000,0.000,0.000,0.000,0.000,4.754,0.000,0.000,0.000]
  Alt-Benders[1] (mw): LB=18.197407, Z₀(α*)=24.712074, intercept=-23.046092 (0.587s) [OMP=0.522 ISP-L=0.007 ISP-F=0.026 MW-L=0.026 MW-F=0.018]
  Alt-Benders[2] (mw): LB=18.198499, Z₀(α*)=23.216137, intercept=-17.291266 (0.748s) [OMP=0.661 ISP-L=0.009 ISP-F=0.028 MW-L=0.025 MW-F=0.019]
  Alt-Benders[3] (mw): LB=18.203764, Z₀(α*)=27.554037, intercept=8.476212 (0.760s) [OMP=0.674 ISP-L=0.008 ISP-F=0.028 MW-L=0.026 MW-F=0.022]
  Alt-Benders[4] (mw): LB=18.211699, Z₀(α*)=3.583774, intercept=-30.017306 (0.666s) [OMP=0.579 ISP-L=0.007 ISP-F=0.026 MW-L=0.022 MW-F=0.023]
  Alt-Benders[5] (mw): LB=18.211699, Z₀(α*)=3.583774, intercept=-30.017306 (0.729s) [OMP=0.651 ISP-L=0.007 ISP-F=0.026 MW-L=0.021 MW-F=0.024]
  OMP re-solve: 0.646s

=== True-DRO Benders iter 97 ===
  OMP: t₀=18.211699, UB=21.723817, gap=1.62e-01, x=[0, 0, 0, 0, 0, 0, 0, 0, 0, 0, 0, 0, 0, 0, 0, 0, 0, 0, 0, 0, 0, 0, 0, 0, 0, 0, 0, 0, 0, 0, 0, 0, 0, 0, 0, 0, 0, 0, 1, 0, 0, 0, 0, 0, 0, 0, 0, 0, 0, 1, 0, 0, 0, 0, 0, 0, 0, 0, 0, 0, 0, 0, 0, 0, 0, 0, 0, 0, 0, 0, 0, 0, 0, 0, 0, 0] (0.001s)
  Sub: Z₀=26.885546 [LOCAL] (0.5s), α=[0.000,0.000,0.000,0.000,0.000,0.000,0.000,0.000,0.000,0.000,2.749,0.000,0.000,0.032,0.000,0.000,0.068,0.000,0.000,0.000,0.217,0.000,0.000,0.000,0.000,0.000,0.000,0.000,0.000,0.000,0.000,0.000,0.000,0.000,2.589,0.000,0.000,0.000,0.378,0.000,0.000,0.000,0.000,0.000,0.000,0.015,0.000,0.000,0.000,1.140,0.000,0.000,0.000,0.000,0.000,0.000,0.000,0.000,0.000,0.000,0.000,0.000,0.000,0.000,0.000,0.000,0.000,0.000,0.000,0.000,0.000,0.000,3.257,0.000,0.000,0.000]
  Iter 97: LB=18.211699  UB=21.723817  gap=1.62e-01
  Cut: intercept=-1109.008738, π_x_range=[-830.6851, 582.3479]
  Mini-Benders[1] (mw): LB=18.213723, Z₀(α*)=13.492075, intercept=-38.377903 (0.713s) [OMP=0.636 ISP-L=0.009 ISP-F=0.027 MW-L=0.021 MW-F=0.024]
  Mini-Benders[2] (mw): LB=18.213723, Z₀(α*)=13.492075, intercept=-38.377903 (0.729s) [OMP=0.639 ISP-L=0.009 ISP-F=0.026 MW-L=0.020 MW-F=0.023]
  Mini-Benders[3] (mw): LB=18.213723, Z₀(α*)=13.492075, intercept=-38.377903 (0.714s) [OMP=0.634 ISP-L=0.009 ISP-F=0.026 MW-L=0.021 MW-F=0.023]
  Mini-Benders[4]: LB stagnated, break
  α-step: Z₀=28.581637, α=[0.000,0.000,0.000,0.000,0.000,0.000,0.000,0.000,0.000,0.000,0.000,0.000,0.000,0.000,0.000,0.000,1.468,0.000,0.000,0.000,0.000,0.000,0.000,4.220,0.000,0.000,0.000,0.000,0.000,0.000,0.000,0.000,0.000,0.000,0.000,0.000,0.000,0.000,0.000,0.000,0.000,0.000,0.000,0.000,0.000,0.000,0.000,0.000,0.000,0.000,0.000,0.000,0.000,0.000,0.000,0.000,0.000,0.000,0.000,0.000,0.000,0.000,0.000,0.000,0.000,0.000,0.000,0.000,0.000,0.000,0.000,0.000,4.754,0.000,0.000,0.000]
  Alt-Benders[1] (mw): LB=18.231681, Z₀(α*)=-19.684971, intercept=-65.355303 (0.710s) [OMP=0.639 ISP-L=0.010 ISP-F=0.023 MW-L=0.020 MW-F=0.028]
  Alt-Benders[2] (mw): LB=18.231681, Z₀(α*)=-19.684971, intercept=-65.355303 (0.651s) [OMP=0.571 ISP-L=0.009 ISP-F=0.022 MW-L=0.019 MW-F=0.025]
  Alt-Benders[3] (mw): LB=18.231681, Z₀(α*)=-19.684971, intercept=-65.355303 (0.653s) [OMP=0.566 ISP-L=0.009 ISP-F=0.023 MW-L=0.019 MW-F=0.025]
  Alt-Benders[4]: LB stagnated, break
  OMP re-solve: 0.001s

=== True-DRO Benders iter 98 ===
  OMP: t₀=18.231681, UB=21.723817, gap=1.61e-01, x=[0, 0, 0, 0, 0, 1, 0, 0, 0, 0, 0, 0, 0, 0, 0, 0, 0, 0, 0, 0, 0, 0, 0, 0, 0, 0, 0, 0, 0, 0, 0, 0, 0, 0, 1, 0, 0, 0, 0, 0, 0, 0, 0, 0, 0, 0, 0, 0, 0, 0, 0, 0, 0, 0, 0, 0, 0, 0, 0, 0, 0, 0, 0, 0, 0, 0, 0, 0, 0, 0, 0, 0, 0, 0, 0, 0] (0.001s)
  Sub: Z₀=21.814922 [LOCAL] (0.4s), α=[0.000,0.000,0.000,0.000,0.000,0.000,0.000,0.000,0.000,0.000,0.000,0.000,0.000,0.000,0.000,0.000,0.000,0.000,0.000,0.000,0.000,0.000,0.000,0.000,0.000,0.000,0.000,0.000,0.000,0.000,0.000,0.000,0.000,0.000,7.997,0.000,0.000,0.000,0.000,0.000,0.000,0.000,0.000,0.000,0.000,0.000,0.000,0.000,0.000,0.000,0.000,0.000,0.000,0.000,0.000,0.000,0.000,0.000,0.000,0.000,0.000,0.000,0.000,0.000,0.000,0.000,0.000,0.000,0.000,0.000,0.000,0.000,2.446,0.000,0.000,0.000]
  Iter 98: LB=18.231681  UB=21.723817  gap=1.61e-01
  Cut: intercept=-1145.600310, π_x_range=[-824.3302, 587.5373]
  Mini-Benders[1] (mw): LB=18.257878, Z₀(α*)=9.689531, intercept=4.096898 (0.716s) [OMP=0.626 ISP-L=0.009 ISP-F=0.030 MW-L=0.021 MW-F=0.023]
  Mini-Benders[2] (mw): LB=18.257878, Z₀(α*)=9.689531, intercept=4.096898 (0.745s) [OMP=0.667 ISP-L=0.009 ISP-F=0.029 MW-L=0.020 MW-F=0.023]
  Mini-Benders[3] (mw): LB=18.257878, Z₀(α*)=9.689531, intercept=4.096898 (0.760s) [OMP=0.672 ISP-L=0.009 ISP-F=0.029 MW-L=0.025 MW-F=0.017]
  Mini-Benders[4]: LB stagnated, break
  α-step: Z₀=26.680289, α=[0.000,0.000,0.000,0.000,0.000,0.000,0.000,0.000,0.000,0.000,0.000,0.000,0.000,0.000,0.000,0.000,0.000,0.000,0.000,0.000,0.000,0.000,0.000,0.000,0.000,0.000,0.000,0.000,0.000,0.000,0.000,0.000,0.000,0.000,1.507,0.000,0.000,0.000,0.000,0.000,0.000,0.000,0.000,0.000,0.000,0.000,0.000,0.000,0.000,0.000,0.000,0.000,0.000,0.000,0.000,0.000,0.000,0.000,0.000,0.000,0.000,0.000,4.181,0.000,0.000,0.000,0.000,0.000,0.000,0.000,0.000,0.000,4.754,0.000,0.000,0.000]
  Alt-Benders[1] (mw): LB=18.258033, Z₀(α*)=-26.200593, intercept=-98.001752 (0.763s) [OMP=0.691 ISP-L=0.009 ISP-F=0.025 MW-L=0.028 MW-F=0.018]
  Alt-Benders[2] (mw): LB=18.258033, Z₀(α*)=-26.200593, intercept=-98.001752 (0.760s) [OMP=0.672 ISP-L=0.009 ISP-F=0.025 MW-L=0.028 MW-F=0.018]
  Alt-Benders[3] (mw): LB=18.258033, Z₀(α*)=-26.200593, intercept=-98.001752 (0.729s) [OMP=0.656 ISP-L=0.009 ISP-F=0.024 MW-L=0.028 MW-F=0.018]
  Alt-Benders[4]: LB stagnated, break
  OMP re-solve: 0.001s

=== True-DRO Benders iter 99 ===
  OMP: t₀=18.258033, UB=21.723817, gap=1.60e-01, x=[0, 0, 0, 0, 0, 0, 0, 0, 0, 0, 0, 0, 0, 0, 0, 0, 0, 0, 0, 0, 0, 0, 0, 0, 0, 0, 0, 0, 0, 0, 0, 0, 0, 0, 0, 0, 0, 0, 0, 0, 0, 0, 0, 0, 0, 0, 1, 0, 0, 0, 0, 0, 0, 0, 0, 0, 0, 0, 0, 0, 0, 0, 0, 0, 0, 0, 0, 0, 0, 0, 0, 1, 0, 0, 0, 0] (0.000s)
  Sub: Z₀=21.648136 [LOCAL] (0.4s), α=[0.000,0.000,0.000,0.000,0.000,0.000,0.000,0.000,0.000,0.000,0.000,0.000,0.000,0.000,0.000,0.000,0.000,0.000,0.000,0.000,0.000,0.000,0.000,0.000,0.000,0.000,0.000,0.000,0.000,0.000,0.000,0.000,0.000,0.000,0.000,0.000,0.000,0.000,0.000,0.000,0.000,0.000,0.000,0.000,0.000,0.000,0.000,0.000,0.000,0.000,0.000,0.000,0.000,0.000,0.000,0.000,0.000,0.000,0.000,0.000,0.000,0.000,0.000,0.000,0.000,0.000,0.000,0.000,0.000,0.000,0.000,7.186,3.257,0.000,0.000,0.000]
  Iter 99: LB=18.258033  UB=21.723817  gap=1.60e-01
  Cut: intercept=-1124.372888, π_x_range=[-825.7115, 579.7272]
  Mini-Benders[1] (mw): LB=18.282034, Z₀(α*)=-3.745151, intercept=-30.778506 (0.698s) [OMP=0.616 ISP-L=0.008 ISP-F=0.029 MW-L=0.028 MW-F=0.018]
  Mini-Benders[2] (mw): LB=18.282034, Z₀(α*)=-3.745151, intercept=-30.778506 (0.729s) [OMP=0.647 ISP-L=0.009 ISP-F=0.029 MW-L=0.028 MW-F=0.019]
  Mini-Benders[3] (mw): LB=18.282034, Z₀(α*)=-3.745151, intercept=-30.778506 (0.729s) [OMP=0.639 ISP-L=0.008 ISP-F=0.028 MW-L=0.028 MW-F=0.018]
  Mini-Benders[4]: LB stagnated, break
  α-step: Z₀=29.539923, α=[0.000,0.000,0.000,0.000,0.000,0.000,0.000,0.000,0.000,0.000,0.000,0.000,0.000,0.000,0.000,0.000,1.301,0.000,0.000,0.000,0.000,0.000,0.000,0.000,0.000,0.000,0.000,0.000,0.000,0.000,0.000,0.000,0.000,0.000,0.277,0.000,0.000,0.000,0.000,0.000,0.000,0.000,0.000,0.000,0.000,0.000,0.000,0.000,0.000,0.000,2.532,0.000,0.000,0.000,0.000,0.000,0.000,0.000,0.000,0.000,0.000,0.000,0.000,0.000,0.000,0.000,0.000,0.000,0.000,0.000,0.000,0.000,6.334,0.000,0.000,0.000]
  Alt-Benders[1] (mw): LB=18.282506, Z₀(α*)=28.859001, intercept=-49.468959 (0.767s) [OMP=0.697 ISP-L=0.007 ISP-F=0.027 MW-L=0.029 MW-F=0.019]
  Alt-Benders[2] (mw): LB=18.293844, Z₀(α*)=19.956264, intercept=-2.861613 (0.729s) [OMP=0.639 ISP-L=0.008 ISP-F=0.029 MW-L=0.027 MW-F=0.018]
  Alt-Benders[3] (mw): LB=18.320846, Z₀(α*)=18.134603, intercept=5.910410 (0.745s) [OMP=0.660 ISP-L=0.009 ISP-F=0.026 MW-L=0.026 MW-F=0.018]
  Alt-Benders[4] (mw): LB=18.320846, Z₀(α*)=18.134603, intercept=5.910410 (0.635s) [OMP=0.548 ISP-L=0.010 ISP-F=0.027 MW-L=0.025 MW-F=0.022]
  Alt-Benders[5] (mw): LB=18.320846, Z₀(α*)=18.134603, intercept=5.910410 (0.607s) [OMP=0.531 ISP-L=0.009 ISP-F=0.026 MW-L=0.021 MW-F=0.025]
  OMP re-solve: 0.539s

=== True-DRO Benders iter 100 ===
  OMP: t₀=18.320846, UB=21.723817, gap=1.57e-01, x=[0, 0, 0, 0, 0, 0, 0, 0, 0, 0, 0, 0, 0, 0, 0, 0, 1, 0, 0, 0, 0, 0, 0, 0, 0, 0, 0, 0, 0, 0, 0, 0, 0, 0, 0, 0, 0, 0, 0, 0, 0, 0, 0, 0, 0, 0, 0, 0, 0, 0, 0, 0, 0, 0, 0, 0, 0, 0, 0, 0, 0, 0, 1, 0, 0, 0, 0, 0, 0, 0, 0, 0, 0, 0, 0, 0] (0.001s)
  Sub: Z₀=28.173324 [TIME_LIMIT] (15.1s), α=[0.000,0.000,0.000,0.000,0.000,0.000,0.000,0.000,0.000,0.000,0.000,0.000,0.000,0.000,0.000,0.000,1.469,0.000,0.000,0.000,1.926,0.000,0.000,0.000,0.000,0.000,0.000,0.000,0.000,0.000,0.000,0.000,0.000,0.000,3.791,0.000,0.000,0.000,0.000,0.000,0.000,0.000,0.000,0.000,0.000,0.000,0.000,0.000,0.000,0.000,0.000,0.000,0.000,0.000,0.000,0.000,0.000,0.000,0.000,0.000,0.000,0.000,0.000,0.000,0.000,0.000,0.000,0.000,0.000,0.000,0.000,0.000,3.257,0.000,0.000,0.000]
  Iter 100: LB=18.320846  UB=21.723817  gap=1.57e-01
  Cut: intercept=7.050314, π_x_range=[-252.0000, 14.1107]
  Mini-Benders[1] (mw): LB=18.330078, Z₀(α*)=21.291886, intercept=8.720811 (0.729s) [OMP=0.647 ISP-L=0.008 ISP-F=0.028 MW-L=0.021 MW-F=0.024]
  Mini-Benders[2] (mw): LB=18.344773, Z₀(α*)=21.291886, intercept=7.536489 (0.854s) [OMP=0.760 ISP-L=0.008 ISP-F=0.028 MW-L=0.020 MW-F=0.025]
  Mini-Benders[3] (mw): LB=18.363345, Z₀(α*)=24.353898, intercept=-51.662797 (0.666s) [OMP=0.584 ISP-L=0.009 ISP-F=0.028 MW-L=0.021 MW-F=0.024]
  Mini-Benders[4] (mw): LB=18.369864, Z₀(α*)=19.402111, intercept=12.952806 (0.839s) [OMP=0.753 ISP-L=0.009 ISP-F=0.028 MW-L=0.021 MW-F=0.023]
  Mini-Benders[5] (mw): LB=18.375394, Z₀(α*)=25.497450, intercept=-0.440754 (0.729s) [OMP=0.645 ISP-L=0.008 ISP-F=0.029 MW-L=0.022 MW-F=0.022]
  α-step: Z₀=28.152575, α=[0.000,0.000,0.000,0.000,0.000,0.000,0.000,0.000,0.000,0.000,0.000,0.000,0.000,0.000,0.000,0.000,0.785,0.000,0.000,0.000,0.000,0.000,0.000,0.000,0.000,0.000,0.000,0.191,0.000,0.000,0.000,0.000,0.000,0.000,0.718,0.000,0.000,0.000,0.000,0.000,0.000,0.000,0.000,0.000,0.000,0.000,0.000,0.000,0.000,0.000,2.852,0.000,0.000,0.000,0.000,0.000,0.000,0.000,0.000,0.000,0.000,0.000,0.000,0.000,0.000,0.000,0.000,0.000,0.000,0.000,0.000,0.000,5.897,0.000,0.000,0.000]
  Alt-Benders[1] (mw): LB=18.446080, Z₀(α*)=24.626753, intercept=7.194609 (0.779s) [OMP=0.703 ISP-L=0.009 ISP-F=0.029 MW-L=0.020 MW-F=0.023]
  Alt-Benders[2] (mw): LB=18.447956, Z₀(α*)=20.630221, intercept=-7.200133 (0.729s) [OMP=0.643 ISP-L=0.008 ISP-F=0.026 MW-L=0.023 MW-F=0.023]
  Alt-Benders[3] (mw): LB=18.448428, Z₀(α*)=23.743103, intercept=-19.381122 (0.635s) [OMP=0.550 ISP-L=0.008 ISP-F=0.026 MW-L=0.023 MW-F=0.023]
  Alt-Benders[4] (mw): LB=18.452675, Z₀(α*)=16.863290, intercept=7.185769 (0.791s) [OMP=0.705 ISP-L=0.008 ISP-F=0.025 MW-L=0.021 MW-F=0.026]
  Alt-Benders[5] (mw): LB=18.452675, Z₀(α*)=16.863290, intercept=7.185769 (0.745s) [OMP=0.666 ISP-L=0.007 ISP-F=0.025 MW-L=0.021 MW-F=0.025]
  OMP re-solve: 0.664s

=== True-DRO Benders iter 101 ===
  OMP: t₀=18.452675, UB=21.723817, gap=1.51e-01, x=[0, 0, 0, 0, 0, 0, 0, 0, 0, 0, 0, 0, 0, 0, 0, 0, 0, 0, 0, 0, 0, 0, 0, 1, 0, 0, 0, 0, 0, 0, 0, 0, 0, 1, 0, 0, 0, 0, 0, 0, 0, 0, 0, 0, 0, 0, 0, 0, 0, 0, 0, 0, 0, 0, 0, 0, 0, 0, 0, 0, 0, 0, 0, 0, 0, 0, 0, 0, 0, 0, 0, 0, 0, 0, 0, 0] (0.001s)
  Sub: Z₀=28.840584 [LOCAL] (0.4s), α=[0.000,0.000,0.000,0.000,0.000,0.000,0.000,0.000,0.000,0.000,0.000,0.000,0.000,0.000,0.000,0.000,1.743,0.000,0.000,0.000,0.200,0.000,0.000,1.991,0.000,0.000,0.000,0.000,0.000,0.000,0.000,0.000,0.000,0.082,0.276,0.000,0.000,0.000,0.000,0.000,0.000,0.000,0.000,0.000,0.000,0.000,0.000,0.000,0.000,0.000,0.000,0.000,0.000,0.000,0.000,0.000,0.000,0.000,0.000,0.000,0.000,0.000,1.395,0.000,0.000,0.000,0.000,0.000,0.000,0.000,0.000,0.000,4.754,0.000,0.000,0.000]
  Iter 101: LB=18.452675  UB=21.723817  gap=1.51e-01
  Cut: intercept=-1135.763500, π_x_range=[-826.7189, 582.6640]
  Mini-Benders[1] (mw): LB=18.456705, Z₀(α*)=17.141159, intercept=-36.771322 (0.761s) [OMP=0.676 ISP-L=0.008 ISP-F=0.029 MW-L=0.024 MW-F=0.023]
  Mini-Benders[2] (mw): LB=18.456705, Z₀(α*)=17.141159, intercept=-36.771322 (0.776s) [OMP=0.683 ISP-L=0.008 ISP-F=0.029 MW-L=0.030 MW-F=0.017]
  Mini-Benders[3] (mw): LB=18.456705, Z₀(α*)=17.141159, intercept=-36.771322 (0.796s) [OMP=0.702 ISP-L=0.010 ISP-F=0.030 MW-L=0.030 MW-F=0.018]
  Mini-Benders[4]: LB stagnated, break
  α-step: Z₀=28.867934, α=[0.000,0.000,0.000,0.000,0.000,0.000,0.000,0.000,0.000,0.000,0.000,0.000,0.000,0.000,0.000,0.000,3.191,0.000,0.000,0.000,0.000,0.000,0.000,0.000,0.000,0.000,0.000,0.000,0.000,0.000,0.000,0.000,0.000,0.000,2.498,0.000,0.000,0.000,0.000,0.000,0.000,0.000,0.000,0.000,0.000,0.000,0.000,0.000,0.000,0.000,0.000,0.000,0.000,0.000,0.000,0.000,0.000,0.000,0.000,0.000,0.000,0.000,0.000,0.000,0.000,0.000,0.000,0.000,0.000,0.000,0.000,0.000,4.754,0.000,0.000,0.000]
  Alt-Benders[1] (mw): LB=18.483448, Z₀(α*)=27.007545, intercept=0.062933 (0.751s) [OMP=0.678 ISP-L=0.009 ISP-F=0.025 MW-L=0.025 MW-F=0.017]
  Alt-Benders[2] (mw): LB=18.492675, Z₀(α*)=26.809772, intercept=13.859814 (0.839s) [OMP=0.767 ISP-L=0.009 ISP-F=0.027 MW-L=0.025 MW-F=0.017]
  Alt-Benders[3] (mw): LB=18.493714, Z₀(α*)=22.650711, intercept=-35.064559 (0.684s) [OMP=0.620 ISP-L=0.006 ISP-F=0.026 MW-L=0.025 MW-F=0.017]
  Alt-Benders[4] (mw): LB=18.502675, Z₀(α*)=26.919772, intercept=13.959815 (0.776s) [OMP=0.681 ISP-L=0.009 ISP-F=0.031 MW-L=0.025 MW-F=0.017]
  Alt-Benders[5] (mw): LB=18.502675, Z₀(α*)=26.919772, intercept=13.959815 (0.932s) [OMP=0.850 ISP-L=0.009 ISP-F=0.027 MW-L=0.025 MW-F=0.017]
  OMP re-solve: 0.710s

=== True-DRO Benders iter 102 ===
  OMP: t₀=18.502675, UB=21.723817, gap=1.48e-01, x=[0, 0, 0, 0, 0, 0, 0, 0, 0, 0, 0, 0, 0, 0, 0, 0, 0, 0, 0, 0, 0, 1, 0, 1, 0, 0, 0, 0, 0, 0, 0, 0, 0, 0, 0, 0, 0, 0, 0, 0, 0, 0, 0, 0, 0, 0, 0, 0, 0, 0, 0, 0, 0, 0, 0, 0, 0, 0, 0, 0, 0, 0, 0, 0, 0, 0, 0, 0, 0, 0, 0, 0, 0, 0, 0, 0] (0.001s)
  Sub: Z₀=28.801899 [LOCAL] (0.4s), α=[0.000,0.000,0.000,0.000,0.000,0.000,0.000,0.000,0.000,0.000,0.000,0.000,0.000,0.000,0.000,0.000,1.142,0.000,0.000,0.000,0.130,0.000,0.000,2.391,0.000,0.000,0.000,0.000,0.000,0.000,0.000,0.000,0.000,0.000,0.347,0.000,0.000,0.000,0.000,0.000,0.000,0.000,0.000,0.000,0.000,0.000,0.000,0.000,0.000,0.000,0.000,0.000,0.000,0.000,0.000,0.000,0.000,0.000,0.000,0.000,0.000,0.000,1.679,0.000,0.000,0.000,0.000,0.000,0.000,0.000,0.000,0.000,4.754,0.000,0.000,0.000]
  Iter 102: LB=18.502675  UB=21.723817  gap=1.48e-01
  Cut: intercept=-1101.681166, π_x_range=[-826.4917, 581.5514]
  Mini-Benders[1] (mw): LB=18.502675, Z₀(α*)=28.860588, intercept=13.902888 (0.806s) [OMP=0.731 ISP-L=0.009 ISP-F=0.027 MW-L=0.027 MW-F=0.018]
  Mini-Benders[2] (mw): LB=18.536537, Z₀(α*)=16.726090, intercept=-19.924339 (0.796s) [OMP=0.699 ISP-L=0.008 ISP-F=0.025 MW-L=0.030 MW-F=0.018]
  Mini-Benders[3] (mw): LB=18.536537, Z₀(α*)=16.726090, intercept=-19.924339 (0.697s) [OMP=0.614 ISP-L=0.008 ISP-F=0.025 MW-L=0.030 MW-F=0.018]
  Mini-Benders[4] (mw): LB=18.536537, Z₀(α*)=16.726090, intercept=-19.924339 (0.698s) [OMP=0.618 ISP-L=0.008 ISP-F=0.025 MW-L=0.030 MW-F=0.018]
  Mini-Benders[5]: LB stagnated, break
  α-step: Z₀=28.561047, α=[0.000,0.000,0.000,0.000,0.000,0.000,0.000,0.000,0.000,0.000,0.000,0.000,0.000,0.000,0.000,0.000,5.390,0.000,0.000,0.000,0.000,0.000,0.000,0.000,0.000,0.000,0.000,0.000,0.000,0.000,0.000,0.000,0.000,0.000,0.299,0.000,0.000,0.000,0.000,0.000,0.000,0.000,0.000,0.000,0.000,0.000,0.000,0.000,0.000,0.000,0.000,0.000,0.000,0.000,0.000,0.000,0.000,0.000,0.000,0.000,0.000,0.000,0.000,0.000,0.000,0.000,0.000,0.000,0.000,0.000,0.000,0.000,4.754,0.000,0.000,0.000]
  Alt-Benders[1] (mw): LB=18.539137, Z₀(α*)=20.051202, intercept=-10.299719 (0.879s) [OMP=0.790 ISP-L=0.009 ISP-F=0.027 MW-L=0.028 MW-F=0.021]
  Alt-Benders[2] (mw): LB=18.570692, Z₀(α*)=19.039027, intercept=-5.830486 (0.778s) [OMP=0.705 ISP-L=0.008 ISP-F=0.027 MW-L=0.021 MW-F=0.024]
  Alt-Benders[3] (mw): LB=18.578048, Z₀(α*)=9.248292, intercept=-49.112637 (0.729s) [OMP=0.648 ISP-L=0.008 ISP-F=0.028 MW-L=0.021 MW-F=0.023]
  Alt-Benders[4] (mw): LB=18.578048, Z₀(α*)=9.248292, intercept=-49.112637 (0.729s) [OMP=0.644 ISP-L=0.008 ISP-F=0.029 MW-L=0.021 MW-F=0.024]
  Alt-Benders[5] (mw): LB=18.578048, Z₀(α*)=9.248292, intercept=-49.112637 (0.760s) [OMP=0.663 ISP-L=0.009 ISP-F=0.030 MW-L=0.022 MW-F=0.023]
  OMP re-solve: 0.659s

=== True-DRO Benders iter 103 ===
  OMP: t₀=18.578048, UB=21.723817, gap=1.45e-01, x=[0, 0, 0, 0, 0, 0, 0, 1, 0, 0, 0, 0, 0, 0, 0, 0, 0, 0, 1, 0, 0, 0, 0, 0, 0, 0, 0, 0, 0, 0, 0, 0, 0, 0, 0, 0, 0, 0, 0, 0, 0, 0, 0, 0, 0, 0, 0, 0, 0, 0, 0, 0, 0, 0, 0, 0, 0, 0, 0, 0, 0, 0, 0, 0, 0, 0, 0, 0, 0, 0, 0, 0, 0, 0, 0, 0] (0.001s)
  Sub: Z₀=28.795565 [LOCAL] (0.4s), α=[0.000,0.000,0.000,0.000,0.000,0.000,0.000,0.000,0.000,0.000,0.000,0.000,0.000,0.000,0.000,0.000,0.000,0.000,0.000,0.000,2.342,0.000,0.000,0.000,0.000,0.000,0.000,0.000,0.000,0.000,0.000,0.000,0.000,0.000,2.604,0.000,0.000,0.000,0.000,0.000,0.000,0.000,0.000,0.000,0.000,0.000,0.000,0.000,0.000,0.000,0.364,0.000,0.000,0.000,0.000,0.000,0.000,0.000,0.000,0.000,0.000,0.000,0.000,0.000,0.000,0.000,0.000,0.000,0.000,0.000,0.000,0.015,5.118,0.000,0.000,0.000]
  Iter 103: LB=18.578048  UB=21.723817  gap=1.45e-01
  Cut: intercept=-1079.676267, π_x_range=[-826.8529, 562.1221]
  Mini-Benders[1] (mw): LB=18.610341, Z₀(α*)=21.322117, intercept=0.756591 (0.870s) [OMP=0.789 ISP-L=0.009 ISP-F=0.028 MW-L=0.021 MW-F=0.023]
  Mini-Benders[2] (mw): LB=18.621042, Z₀(α*)=-43.358942, intercept=-161.283056 (0.747s) [OMP=0.668 ISP-L=0.009 ISP-F=0.023 MW-L=0.020 MW-F=0.027]
  Mini-Benders[3] (mw): LB=18.621042, Z₀(α*)=-43.358942, intercept=-161.283056 (0.698s) [OMP=0.613 ISP-L=0.008 ISP-F=0.022 MW-L=0.019 MW-F=0.027]
  Mini-Benders[4] (mw): LB=18.621042, Z₀(α*)=-43.358942, intercept=-161.283056 (0.698s) [OMP=0.609 ISP-L=0.009 ISP-F=0.023 MW-L=0.020 MW-F=0.029]
  Mini-Benders[5]: LB stagnated, break
  α-step: Z₀=15.138802, α=[0.000,0.000,0.000,0.000,0.000,0.000,0.000,0.000,0.000,0.000,0.000,0.000,0.000,0.000,0.000,0.000,0.000,0.000,0.000,0.000,0.000,0.000,0.000,0.000,0.000,0.000,0.000,0.000,0.000,0.000,0.000,0.000,0.000,0.000,0.000,0.000,0.000,0.000,0.000,0.000,0.000,0.000,0.000,0.000,0.000,0.000,0.000,0.000,0.000,0.000,0.000,0.000,0.000,0.000,0.000,0.000,0.000,0.000,0.000,0.000,0.000,0.000,0.000,0.000,0.000,0.000,0.000,0.000,0.000,0.000,0.000,10.443,0.000,0.000,0.000,0.000]
  Alt-Benders[1] (mw): LB=18.621042, Z₀(α*)=18.621044, intercept=-163.755519 (0.789s) [OMP=0.714 ISP-L=0.009 ISP-F=0.024 MW-L=0.022 MW-F=0.025]
  Alt-Benders[2] (mw): LB=18.621042, Z₀(α*)=18.621044, intercept=-163.755519 (0.635s) [OMP=0.545 ISP-L=0.009 ISP-F=0.024 MW-L=0.022 MW-F=0.024]
  Alt-Benders[3] (mw): LB=18.621042, Z₀(α*)=18.621044, intercept=-163.755519 (0.622s) [OMP=0.552 ISP-L=0.010 ISP-F=0.025 MW-L=0.022 MW-F=0.025]
  Alt-Benders[4]: LB stagnated, break
  OMP re-solve: 0.001s

=== True-DRO Benders iter 104 ===
  OMP: t₀=18.621042, UB=21.723817, gap=1.43e-01, x=[0, 0, 0, 0, 0, 0, 0, 0, 0, 0, 0, 0, 0, 0, 0, 0, 0, 0, 0, 0, 0, 0, 0, 0, 0, 0, 0, 0, 0, 0, 0, 0, 0, 0, 0, 0, 0, 0, 0, 0, 0, 0, 0, 0, 0, 0, 0, 0, 0, 0, 0, 0, 0, 1, 0, 0, 0, 0, 0, 0, 0, 0, 0, 0, 0, 0, 0, 0, 0, 0, 0, 1, 0, 0, 0, 0] (0.000s)
  Sub: Z₀=18.299909 [LOCAL] (0.4s), α=[0.000,0.000,0.000,0.000,0.000,0.000,0.000,0.000,0.000,0.000,0.000,0.000,0.000,0.000,0.000,0.000,0.000,0.000,0.000,0.000,0.000,0.000,0.000,0.000,0.000,0.000,0.000,0.000,0.000,0.000,0.000,0.000,0.000,0.000,0.000,0.000,0.000,0.000,0.000,0.000,0.000,0.000,0.000,0.000,0.000,0.000,0.000,0.000,0.000,0.000,0.000,0.000,0.000,0.000,0.000,0.000,0.000,0.000,0.000,0.000,0.000,0.000,0.000,0.000,0.000,0.000,0.000,0.000,0.000,0.000,0.000,10.443,0.000,0.000,0.000,0.000]
  Iter 104: LB=18.621042  UB=21.723817  gap=1.43e-01
  Cut: intercept=-1116.978387, π_x_range=[-824.8548, 573.0034]
  Mini-Benders[1] (mw): LB=18.621042, Z₀(α*)=18.621044, intercept=-163.755522 (0.776s) [OMP=0.699 ISP-L=0.009 ISP-F=0.024 MW-L=0.021 MW-F=0.025]
  Mini-Benders[2] (mw): LB=18.621043, Z₀(α*)=18.621044, intercept=-163.755522 (0.823s) [OMP=0.739 ISP-L=0.009 ISP-F=0.024 MW-L=0.021 MW-F=0.024]
  Mini-Benders[3]: LB stagnated, break
  α-step: Z₀=18.621044, α=[0.000,0.000,0.000,0.000,0.000,0.000,0.000,0.000,0.000,0.000,0.000,0.000,0.000,0.000,0.000,0.000,0.000,0.000,0.000,0.000,0.000,0.000,0.000,0.000,0.000,0.000,0.000,0.000,0.000,0.000,0.000,0.000,0.000,0.000,0.000,0.000,0.000,0.000,0.000,0.000,0.000,0.000,0.000,0.000,0.000,0.000,0.000,0.000,0.000,0.000,0.000,0.000,0.000,0.000,0.000,0.000,0.000,0.000,0.000,0.000,0.000,0.000,0.000,0.000,0.000,0.000,0.000,0.000,0.000,0.000,0.000,10.443,0.000,0.000,0.000,0.000]
  Alt-Benders[1] (mw): LB=18.621043, Z₀(α*)=18.621044, intercept=-163.755519 (0.648s) [OMP=0.569 ISP-L=0.009 ISP-F=0.026 MW-L=0.023 MW-F=0.026]
  Alt-Benders[2] (mw): LB=18.621043, Z₀(α*)=18.621044, intercept=-163.755519 (0.650s) [OMP=0.562 ISP-L=0.009 ISP-F=0.024 MW-L=0.028 MW-F=0.019]
  Alt-Benders[3]: LB stagnated, break
  OMP re-solve: 0.001s

=== True-DRO Benders iter 105 ===
  OMP: t₀=18.621043, UB=21.723817, gap=1.43e-01, x=[0, 0, 0, 0, 0, 0, 0, 0, 0, 0, 0, 0, 0, 0, 0, 0, 0, 0, 0, 0, 0, 0, 0, 0, 0, 0, 0, 0, 0, 0, 0, 0, 0, 0, 0, 0, 0, 0, 0, 0, 0, 0, 0, 0, 0, 0, 0, 0, 0, 0, 0, 0, 0, 1, 0, 0, 0, 0, 0, 0, 0, 0, 0, 0, 0, 0, 0, 0, 0, 0, 0, 1, 0, 0, 0, 0] (0.000s)
  Sub: Z₀=18.621044 (0.4s), α=[0.000,0.000,0.000,0.000,0.000,0.000,0.000,0.000,0.000,0.000,0.000,0.000,0.000,0.000,0.000,0.000,0.000,0.000,0.000,0.000,0.000,0.000,0.000,0.000,0.000,0.000,0.000,0.000,0.000,0.000,0.000,0.000,0.000,0.000,0.000,0.000,0.000,0.000,0.000,0.000,0.000,0.000,0.000,0.000,0.000,0.000,0.000,0.000,0.000,0.000,0.000,0.000,0.000,0.000,0.000,0.000,0.000,0.000,0.000,0.000,0.000,0.000,0.000,0.000,0.000,0.000,0.000,0.000,0.000,0.000,0.000,10.443,0.000,0.000,0.000,0.000]
  Iter 105: LB=18.621043  UB=18.621044  gap=6.79e-08
True-DRO Benders converged at iter 105 (gap=6.79e-08)
  Wall time: 754.61 sec
  OMP  time: mean=0.343s, median=0.380s, max=0.850s
  Sub  time (exact): mean=2.321s, median=2.292s, q90=3.645s, max=4.541s (n=6/105)

Result (single_l): Z₀=18.621044, iters=105, time=754.7s
x arcs = [54, 72]
