============================================================
sioux_falls — double [mb_only]: ε̂=0.50, ε̃=0.50, β=0.05
  mini_benders=true, valid_inequality=none
============================================================
Set parameter Username
Set parameter LicenseID to value 2742039
Academic license - for non-commercial use only - expires 2026-11-20
Set parameter Username
Set parameter LicenseID to value 2742039
Academic license - for non-commercial use only - expires 2026-11-20
Set parameter OutputFlag to value 1
Set parameter LogFile to value "global_miqcp.log"
Set parameter Username
Set parameter LicenseID to value 2742039
Academic license - for non-commercial use only - expires 2026-11-20
Set parameter Username
Set parameter LicenseID to value 2742039
Academic license - for non-commercial use only - expires 2026-11-20
Set parameter Username
Set parameter LicenseID to value 2742039
Academic license - for non-commercial use only - expires 2026-11-20
Set parameter Username
Set parameter LicenseID to value 2742039
Academic license - for non-commercial use only - expires 2026-11-20

=== True-DRO Benders iter 1 ===
  OMP: t₀=-10000.000000, UB=Inf, gap=NaN, x=[0, 0, 0, 0, 0, 0, 0, 0, 0, 0, 0, 0, 0, 0, 0, 0, 0, 0, 0, 0, 0, 0, 0, 0, 0, 0, 0, 0, 0, 0, 0, 0, 0, 0, 0, 0, 0, 0, 0, 0, 0, 0, 0, 0, 0, 0, 0, 0, 0, 0, 0, 0, 0, 0, 0, 0, 0, 0, 0, 0, 0, 0, 0, 0, 0, 0, 0, 0, 0, 0, 0, 0, 0, 0, 0, 0] (0.000s)
  Sub: Z₀=29.620578 [LOCAL] (0.4s), α=[0.000,0.000,0.000,0.000,0.000,0.000,0.000,0.000,0.000,0.000,0.000,0.000,0.000,0.000,0.000,0.000,1.106,0.000,0.000,0.000,0.138,0.000,0.000,0.000,0.000,0.000,0.000,0.000,0.000,0.000,0.000,0.000,0.000,0.000,2.620,0.000,0.000,0.000,0.000,0.000,0.000,0.000,0.000,0.000,0.000,0.000,0.000,0.000,0.000,0.000,0.897,0.000,0.000,0.000,0.000,0.000,0.000,0.000,0.000,0.000,0.000,0.000,0.000,0.000,0.000,0.000,0.000,0.000,0.000,0.000,0.000,0.031,5.651,0.000,0.000,0.000]
  Iter 1: LB=-10000.000000  UB=Inf  gap=NaN
  Cut: intercept=29.620578, π_x_range=[-828.1368, -799.0870]
  Mini-Benders[1] (mw): LB=-1625.531102, Z₀(α*)=19.796423, intercept=-103.669752 (0.140s) [OMP=0.006 ISP-L=0.015 ISP-F=0.043 MW-L=0.024 MW-F=0.055]
  Mini-Benders[2] (mw): LB=-279.287404, Z₀(α*)=4.820086, intercept=-56.382515 (0.110s) [OMP=0.003 ISP-L=0.011 ISP-F=0.035 MW-L=0.026 MW-F=0.034]
  Mini-Benders[3] (mw): LB=-205.809400, Z₀(α*)=24.081438, intercept=-28.481251 (0.125s) [OMP=0.006 ISP-L=0.012 ISP-F=0.036 MW-L=0.023 MW-F=0.042]
  Mini-Benders[4] (mw): LB=-182.491698, Z₀(α*)=11.039739, intercept=-110.020580 (0.109s) [OMP=0.007 ISP-L=0.011 ISP-F=0.031 MW-L=0.024 MW-F=0.030]
  Mini-Benders[5] (mw): LB=-129.514402, Z₀(α*)=20.507007, intercept=-57.530874 (0.156s) [OMP=0.061 ISP-L=0.011 ISP-F=0.034 MW-L=0.024 MW-F=0.028]
Set parameter NonConvex to value 2
Set parameter DualReductions to value 0
  α-step: Z₀=20.925209, α=[0.000,0.000,0.000,0.000,0.000,0.000,0.000,0.000,0.000,0.000,0.000,0.000,0.000,0.000,0.000,0.000,0.000,0.000,0.000,0.000,0.000,0.000,0.000,0.000,0.000,0.000,0.000,0.000,0.000,0.000,0.000,0.000,0.000,0.000,0.000,0.000,0.000,0.000,0.000,0.000,0.000,0.000,0.000,0.000,0.000,0.000,0.000,0.000,0.000,0.000,0.000,0.000,0.000,0.000,0.000,0.000,0.000,0.000,0.000,0.000,0.000,0.000,0.000,0.000,0.000,0.000,0.000,0.000,0.000,0.000,0.000,0.000,10.443,0.000,0.000,0.000]
  Alt-Benders[1] (mw): LB=-119.277421, Z₀(α*)=27.566929, intercept=15.008632 (0.266s) [OMP=0.169 ISP-L=0.011 ISP-F=0.030 MW-L=0.024 MW-F=0.033]
  Alt-Benders[2] (mw): LB=-107.303587, Z₀(α*)=-10.988834, intercept=-66.456633 (0.172s) [OMP=0.062 ISP-L=0.009 ISP-F=0.028 MW-L=0.023 MW-F=0.049]
  Alt-Benders[3] (mw): LB=-101.181545, Z₀(α*)=14.358129, intercept=-89.834241 (0.281s) [OMP=0.176 ISP-L=0.010 ISP-F=0.032 MW-L=0.024 MW-F=0.033]
  Alt-Benders[4] (mw): LB=-99.952121, Z₀(α*)=20.174641, intercept=-62.935223 (0.344s) [OMP=0.240 ISP-L=0.010 ISP-F=0.030 MW-L=0.022 MW-F=0.037]
  Alt-Benders[5] (mw): LB=-93.552018, Z₀(α*)=8.085479, intercept=-97.381155 (0.422s) [OMP=0.315 ISP-L=0.012 ISP-F=0.029 MW-L=0.035 MW-F=0.033]
  OMP re-solve: 0.120s

=== True-DRO Benders iter 2 ===
  OMP: t₀=-92.707930, UB=Inf, gap=NaN, x=[0, 0, 0, 0, 0, 0, 0, 0, 0, 0, 0, 0, 0, 0, 0, 0, 1, 0, 0, 0, 0, 0, 0, 0, 0, 0, 0, 0, 0, 0, 0, 0, 0, 0, 0, 0, 0, 0, 0, 0, 0, 0, 0, 0, 0, 1, 0, 0, 0, 0, 0, 0, 0, 0, 0, 0, 0, 0, 0, 0, 0, 0, 0, 0, 0, 0, 0, 0, 0, 0, 0, 0, 0, 0, 0, 0] (0.000s)
  Sub: Z₀=29.556020 [LOCAL] (0.7s), α=[0.000,0.000,0.000,0.000,0.000,0.000,0.000,0.000,0.000,0.000,2.522,0.000,0.000,0.000,0.000,0.000,0.765,0.000,0.000,0.000,0.000,0.000,0.000,0.000,0.000,0.000,0.000,0.000,0.000,0.000,0.000,0.000,0.000,0.000,0.042,0.000,0.000,0.000,0.000,0.000,0.000,0.000,0.000,0.000,0.000,0.000,0.000,0.000,0.000,0.000,1.036,0.000,0.000,0.000,0.000,0.000,0.000,0.000,0.000,0.000,0.000,0.000,0.000,0.000,0.000,0.000,0.000,0.000,0.000,0.000,0.000,0.288,5.790,0.000,0.000,0.000]
  Iter 2: LB=-92.707930  UB=Inf  gap=NaN
  Cut: intercept=-1088.696458, π_x_range=[-826.9836, 571.0589]
  Mini-Benders[1] (mw): LB=-92.250710, Z₀(α*)=-9.034256, intercept=-79.767051 (0.313s) [OMP=0.206 ISP-L=0.011 ISP-F=0.028 MW-L=0.035 MW-F=0.031]
  Mini-Benders[2] (mw): LB=-89.828606, Z₀(α*)=2.753658, intercept=-94.783035 (0.390s) [OMP=0.279 ISP-L=0.011 ISP-F=0.031 MW-L=0.026 MW-F=0.039]
  Mini-Benders[3] (mw): LB=-86.513830, Z₀(α*)=-4.991259, intercept=-83.162482 (0.360s) [OMP=0.259 ISP-L=0.011 ISP-F=0.031 MW-L=0.021 MW-F=0.044]
  Mini-Benders[4] (mw): LB=-79.729673, Z₀(α*)=29.059938, intercept=29.293874 (0.531s) [OMP=0.399 ISP-L=0.012 ISP-F=0.031 MW-L=0.026 MW-F=0.060]
  Mini-Benders[5] (mw): LB=-74.791172, Z₀(α*)=9.871997, intercept=-78.264572 (0.484s) [OMP=0.387 ISP-L=0.012 ISP-F=0.031 MW-L=0.023 MW-F=0.029]
  α-step: Z₀=18.035532, α=[0.000,0.000,0.000,0.000,0.000,0.000,0.000,0.000,0.000,0.000,0.000,0.000,0.000,0.000,0.000,0.000,0.000,0.000,0.000,0.000,0.000,0.000,0.000,0.000,0.000,0.000,0.000,0.000,0.000,0.000,0.000,0.000,0.000,0.000,0.000,0.000,0.000,0.000,0.000,0.000,0.000,0.000,5.969,0.000,0.000,0.000,0.000,0.000,0.000,4.473,0.000,0.000,0.000,0.000,0.000,0.000,0.000,0.000,0.000,0.000,0.000,0.000,0.000,0.000,0.000,0.000,0.000,0.000,0.000,0.000,0.000,0.000,0.000,0.000,0.000,0.000]
  Alt-Benders[1] (mw): LB=-69.634847, Z₀(α*)=-34.845746, intercept=-60.275352 (0.562s) [OMP=0.454 ISP-L=0.012 ISP-F=0.027 MW-L=0.022 MW-F=0.035]
  Alt-Benders[2] (mw): LB=-65.109993, Z₀(α*)=-26.377588, intercept=-22.976979 (0.594s) [OMP=0.494 ISP-L=0.010 ISP-F=0.025 MW-L=0.024 MW-F=0.041]
  Alt-Benders[3] (mw): LB=-65.013492, Z₀(α*)=-20.740536, intercept=-70.728414 (0.531s) [OMP=0.427 ISP-L=0.012 ISP-F=0.033 MW-L=0.024 MW-F=0.037]
  Alt-Benders[4] (mw): LB=-63.485448, Z₀(α*)=-33.300967, intercept=-50.246146 (0.563s) [OMP=0.450 ISP-L=0.012 ISP-F=0.031 MW-L=0.025 MW-F=0.041]
  Alt-Benders[5] (mw): LB=-62.989117, Z₀(α*)=-31.538635, intercept=-68.683830 (0.625s) [OMP=0.497 ISP-L=0.011 ISP-F=0.036 MW-L=0.034 MW-F=0.039]
  OMP re-solve: 0.525s

=== True-DRO Benders iter 3 ===
  OMP: t₀=-61.107998, UB=Inf, gap=NaN, x=[0, 0, 0, 0, 0, 0, 0, 0, 0, 0, 0, 0, 0, 0, 0, 0, 0, 0, 0, 0, 0, 0, 0, 0, 0, 0, 0, 0, 0, 0, 0, 0, 0, 0, 0, 0, 0, 0, 0, 0, 0, 0, 0, 0, 0, 0, 0, 0, 0, 1, 0, 0, 0, 0, 0, 0, 0, 0, 0, 0, 0, 1, 0, 0, 0, 0, 0, 0, 0, 0, 0, 0, 0, 0, 0, 0] (0.000s)
  Sub: Z₀=26.793717 [LOCAL] (0.5s), α=[0.000,0.000,0.000,0.000,0.000,0.000,0.000,0.000,0.000,0.000,2.522,0.000,0.000,0.000,0.000,0.000,0.000,0.000,0.000,0.000,0.000,0.000,0.000,0.000,0.000,0.000,0.000,0.000,0.000,0.000,0.000,0.000,0.000,0.000,0.000,0.000,0.000,0.000,0.000,0.000,0.000,0.000,0.000,0.000,0.000,0.000,0.000,0.000,0.000,0.890,1.515,0.000,0.000,0.038,0.000,0.000,0.000,0.000,0.000,0.000,0.000,0.669,0.000,0.000,0.000,0.000,0.000,0.000,0.000,0.000,0.000,0.000,4.809,0.000,0.000,0.000]
  Iter 3: LB=-61.107998  UB=Inf  gap=NaN
  Cut: intercept=-1057.164815, π_x_range=[-833.0107, 553.3334]
  Mini-Benders[1] (mw): LB=-59.457208, Z₀(α*)=16.332607, intercept=-11.909769 (0.734s) [OMP=0.626 ISP-L=0.011 ISP-F=0.030 MW-L=0.034 MW-F=0.034]
  Mini-Benders[2] (mw): LB=-56.987506, Z₀(α*)=9.340398, intercept=-7.853959 (0.688s) [OMP=0.582 ISP-L=0.011 ISP-F=0.030 MW-L=0.023 MW-F=0.032]
  Mini-Benders[3] (mw): LB=-56.092378, Z₀(α*)=12.494312, intercept=10.067467 (0.703s) [OMP=0.575 ISP-L=0.011 ISP-F=0.036 MW-L=0.027 MW-F=0.051]
  Mini-Benders[4] (mw): LB=-55.361902, Z₀(α*)=-1.094779, intercept=-23.620787 (0.625s) [OMP=0.525 ISP-L=0.011 ISP-F=0.027 MW-L=0.026 MW-F=0.030]
  Mini-Benders[5] (mw): LB=-52.788786, Z₀(α*)=0.357576, intercept=-57.618938 (0.484s) [OMP=0.377 ISP-L=0.012 ISP-F=0.033 MW-L=0.021 MW-F=0.042]
  α-step: Z₀=20.872429, α=[0.000,0.000,0.000,0.000,0.000,0.000,0.000,0.000,0.000,0.000,0.000,0.000,0.000,0.000,0.000,0.000,0.000,0.000,0.000,0.000,0.000,0.000,0.000,0.000,0.000,0.000,0.000,0.000,0.000,0.000,0.000,0.000,0.000,0.000,0.708,0.000,0.000,0.000,0.000,0.000,0.000,0.000,0.000,0.000,0.000,0.000,0.000,0.000,0.000,0.000,0.000,0.000,0.000,0.000,0.000,0.000,0.000,0.000,0.000,0.000,0.000,0.000,0.000,0.000,0.000,0.000,0.000,0.000,0.000,0.000,0.000,0.000,9.735,0.000,0.000,0.000]
  Alt-Benders[1] (mw): LB=-52.276891, Z₀(α*)=24.341841, intercept=-26.328732 (0.516s) [OMP=0.393 ISP-L=0.010 ISP-F=0.031 MW-L=0.022 MW-F=0.046]
  Alt-Benders[2] (mw): LB=-50.075213, Z₀(α*)=21.561113, intercept=-75.955079 (0.546s) [OMP=0.445 ISP-L=0.009 ISP-F=0.029 MW-L=0.022 MW-F=0.047]
  Alt-Benders[3] (mw): LB=-49.209709, Z₀(α*)=-0.337273, intercept=-53.719359 (0.516s) [OMP=0.402 ISP-L=0.011 ISP-F=0.030 MW-L=0.026 MW-F=0.035]
  Alt-Benders[4] (mw): LB=-48.980850, Z₀(α*)=18.359287, intercept=-61.870335 (0.484s) [OMP=0.378 ISP-L=0.011 ISP-F=0.033 MW-L=0.024 MW-F=0.041]
  Alt-Benders[5] (mw): LB=-48.807824, Z₀(α*)=4.670299, intercept=-67.576855 (0.391s) [OMP=0.294 ISP-L=0.011 ISP-F=0.033 MW-L=0.025 MW-F=0.032]
  OMP re-solve: 0.348s

=== True-DRO Benders iter 4 ===
  OMP: t₀=-48.648228, UB=Inf, gap=NaN, x=[0, 0, 0, 0, 0, 0, 0, 0, 0, 0, 0, 0, 0, 0, 0, 0, 0, 0, 0, 0, 0, 0, 0, 0, 0, 0, 0, 0, 0, 0, 0, 0, 0, 0, 0, 0, 0, 0, 0, 0, 0, 0, 0, 0, 0, 0, 0, 0, 0, 0, 0, 0, 0, 0, 0, 0, 0, 0, 0, 0, 0, 1, 0, 0, 0, 0, 0, 0, 0, 0, 0, 1, 0, 0, 0, 0] (0.000s)
  Sub: Z₀=21.784229 [LOCAL] (0.4s), α=[0.000,0.000,0.000,0.000,0.000,0.000,0.000,0.000,0.000,0.000,0.000,0.000,0.000,0.000,0.000,0.000,0.000,0.000,0.000,0.000,0.000,0.000,0.000,0.000,0.000,0.000,0.000,0.000,0.000,0.000,0.000,0.000,0.000,0.000,0.000,0.000,0.000,0.000,0.000,0.000,0.000,0.000,0.000,0.000,0.000,0.000,0.000,0.000,0.000,0.000,0.000,0.000,0.000,0.000,0.000,0.000,0.000,0.000,0.000,0.000,0.000,0.000,0.000,0.000,0.000,0.000,0.000,0.000,0.000,0.000,0.000,6.831,3.612,0.000,0.000,0.000]
  Iter 4: LB=-48.648228  UB=Inf  gap=NaN
  Cut: intercept=-1097.200485, π_x_range=[-825.2217, 568.9829]
  Mini-Benders[1] (mw): LB=-48.417992, Z₀(α*)=5.646432, intercept=-5.105050 (0.407s) [OMP=0.292 ISP-L=0.010 ISP-F=0.034 MW-L=0.038 MW-F=0.038]
  Mini-Benders[2] (mw): LB=-47.900086, Z₀(α*)=8.773229, intercept=-28.656176 (0.531s) [OMP=0.409 ISP-L=0.010 ISP-F=0.037 MW-L=0.023 MW-F=0.040]
  Mini-Benders[3] (mw): LB=-47.302890, Z₀(α*)=10.004632, intercept=-22.928452 (0.484s) [OMP=0.369 ISP-L=0.010 ISP-F=0.035 MW-L=0.024 MW-F=0.045]
  Mini-Benders[4] (mw): LB=-45.665184, Z₀(α*)=11.024609, intercept=-84.748589 (0.563s) [OMP=0.463 ISP-L=0.011 ISP-F=0.034 MW-L=0.023 MW-F=0.034]
  Mini-Benders[5] (mw): LB=-43.962526, Z₀(α*)=-1.314974, intercept=-23.651577 (0.625s) [OMP=0.520 ISP-L=0.010 ISP-F=0.034 MW-L=0.027 MW-F=0.034]
  α-step: Z₀=26.383733, α=[0.000,0.000,0.000,0.000,0.000,0.000,0.000,0.000,0.000,0.000,2.762,0.000,0.000,0.159,0.000,0.000,0.000,0.000,0.000,0.000,0.000,0.000,0.000,0.213,0.000,0.000,0.000,0.000,0.000,0.000,0.000,0.000,0.000,0.000,0.000,0.000,0.000,0.000,0.000,0.000,0.000,0.000,3.844,0.000,0.000,0.000,0.000,0.000,0.000,0.000,0.000,0.000,0.000,0.000,0.000,0.000,0.000,0.000,0.000,0.000,0.000,0.000,0.208,0.000,0.000,0.000,0.000,0.000,0.000,0.000,0.000,0.000,3.257,0.000,0.000,0.000]
  Alt-Benders[1] (mw): LB=-43.157085, Z₀(α*)=-0.827082, intercept=-48.542468 (0.563s) [OMP=0.465 ISP-L=0.011 ISP-F=0.030 MW-L=0.023 MW-F=0.037]
  Alt-Benders[2] (mw): LB=-42.573304, Z₀(α*)=-8.243049, intercept=-12.636579 (0.609s) [OMP=0.496 ISP-L=0.012 ISP-F=0.033 MW-L=0.026 MW-F=0.047]
  Alt-Benders[3] (mw): LB=-41.518093, Z₀(α*)=3.754013, intercept=-86.976479 (0.453s) [OMP=0.367 ISP-L=0.009 ISP-F=0.029 MW-L=0.023 MW-F=0.037]
  Alt-Benders[4] (mw): LB=-40.015228, Z₀(α*)=-20.322689, intercept=-72.554156 (0.531s) [OMP=0.407 ISP-L=0.011 ISP-F=0.028 MW-L=0.024 MW-F=0.046]
  Alt-Benders[5] (mw): LB=-38.822582, Z₀(α*)=15.837934, intercept=-23.313670 (0.516s) [OMP=0.414 ISP-L=0.012 ISP-F=0.033 MW-L=0.023 MW-F=0.036]
  OMP re-solve: 0.369s

=== True-DRO Benders iter 5 ===
  OMP: t₀=-38.315038, UB=Inf, gap=NaN, x=[0, 0, 0, 0, 0, 0, 0, 0, 0, 0, 0, 0, 0, 0, 0, 0, 0, 0, 0, 0, 1, 0, 0, 0, 0, 0, 0, 0, 0, 0, 0, 0, 0, 0, 1, 0, 0, 0, 0, 0, 0, 0, 0, 0, 0, 0, 0, 0, 0, 0, 0, 0, 0, 0, 0, 0, 0, 0, 0, 0, 0, 0, 0, 0, 0, 0, 0, 0, 0, 0, 0, 0, 0, 0, 0, 0] (0.000s)
  Sub: Z₀=22.544127 [TIME_LIMIT] (15.1s), α=[0.000,0.000,0.000,0.000,0.000,0.000,0.000,0.000,0.000,0.000,0.000,0.000,0.000,0.000,0.000,0.000,0.000,0.000,0.000,0.000,0.000,0.000,0.000,0.000,0.000,0.000,0.000,0.000,0.000,0.000,0.000,0.000,0.000,0.000,0.669,0.000,0.000,0.000,0.000,0.000,0.000,0.000,0.000,0.000,0.000,0.000,0.000,0.000,0.000,0.000,0.244,0.000,0.000,0.000,0.000,0.000,0.000,0.000,0.000,0.000,0.000,0.000,0.000,0.000,0.000,0.000,0.000,0.000,0.000,0.000,0.000,2.095,7.435,0.000,0.000,0.000]
  Iter 5: LB=-38.315038  UB=22.563447  gap=2.70e+00
  Cut: intercept=-43.403920, π_x_range=[-193.5131, 43.2874]
  Mini-Benders[1] (mw): LB=-37.385207, Z₀(α*)=8.808388, intercept=-61.991641 (0.671s) [OMP=0.550 ISP-L=0.009 ISP-F=0.027 MW-L=0.036 MW-F=0.042]
  Mini-Benders[2] (mw): LB=-35.807567, Z₀(α*)=24.513367, intercept=23.777831 (0.547s) [OMP=0.441 ISP-L=0.010 ISP-F=0.032 MW-L=0.023 MW-F=0.031]
  Mini-Benders[3] (mw): LB=-35.755886, Z₀(α*)=19.240989, intercept=-59.218249 (0.672s) [OMP=0.563 ISP-L=0.011 ISP-F=0.030 MW-L=0.026 MW-F=0.050]
  Mini-Benders[4] (mw): LB=-34.845748, Z₀(α*)=17.830039, intercept=-65.119633 (0.688s) [OMP=0.590 ISP-L=0.012 ISP-F=0.031 MW-L=0.023 MW-F=0.028]
  Mini-Benders[5] (mw): LB=-33.877416, Z₀(α*)=19.382954, intercept=-83.648293 (0.672s) [OMP=0.556 ISP-L=0.012 ISP-F=0.032 MW-L=0.023 MW-F=0.041]
  α-step: Z₀=23.542758, α=[0.000,0.000,0.000,0.000,0.000,0.000,0.000,0.000,0.000,0.000,0.000,0.000,0.000,0.000,0.000,0.000,0.000,0.000,0.000,0.000,0.000,0.000,0.000,0.000,0.000,0.000,0.000,0.000,0.000,0.000,0.000,0.000,0.000,0.000,0.661,0.000,0.000,0.000,0.000,0.000,0.000,0.000,0.000,0.000,0.000,0.000,0.000,0.000,0.000,2.592,0.000,0.000,0.000,0.000,0.000,0.000,0.000,0.000,0.000,0.000,0.000,0.000,0.000,0.000,0.000,0.000,0.000,0.000,0.000,0.000,0.000,0.000,7.191,0.000,0.000,0.000]
  Alt-Benders[1] (mw): LB=-33.583080, Z₀(α*)=13.525161, intercept=-48.132811 (0.593s) [OMP=0.493 ISP-L=0.011 ISP-F=0.033 MW-L=0.023 MW-F=0.027]
  Alt-Benders[2] (mw): LB=-33.300970, Z₀(α*)=-24.815784, intercept=-27.821578 (0.719s) [OMP=0.601 ISP-L=0.011 ISP-F=0.030 MW-L=0.025 MW-F=0.053]
  Alt-Benders[3] (mw): LB=-32.714743, Z₀(α*)=12.127342, intercept=-48.027790 (0.641s) [OMP=0.555 ISP-L=0.011 ISP-F=0.033 MW-L=0.022 MW-F=0.027]
  Alt-Benders[4] (mw): LB=-32.621987, Z₀(α*)=16.065870, intercept=19.540535 (0.609s) [OMP=0.488 ISP-L=0.012 ISP-F=0.034 MW-L=0.022 MW-F=0.048]
  Alt-Benders[5] (mw): LB=-32.492279, Z₀(α*)=6.070742, intercept=-65.380087 (0.625s) [OMP=0.515 ISP-L=0.011 ISP-F=0.029 MW-L=0.022 MW-F=0.033]
  OMP re-solve: 0.585s

=== True-DRO Benders iter 6 ===
  OMP: t₀=-31.947806, UB=22.563447, gap=2.42e+00, x=[0, 0, 0, 0, 0, 0, 0, 0, 0, 0, 0, 0, 0, 0, 0, 0, 0, 0, 0, 0, 1, 0, 0, 0, 0, 0, 0, 0, 0, 0, 0, 0, 0, 0, 0, 0, 0, 0, 0, 0, 0, 0, 0, 0, 0, 0, 0, 0, 0, 0, 0, 1, 0, 0, 0, 0, 0, 0, 0, 0, 0, 0, 0, 0, 0, 0, 0, 0, 0, 0, 0, 0, 0, 0, 0, 0] (0.000s)
  Sub: Z₀=26.249332 [LOCAL] (0.4s), α=[0.000,0.000,0.000,0.000,0.000,0.000,0.000,0.000,0.000,0.000,0.000,0.000,0.000,0.000,0.000,0.000,0.000,0.000,0.000,0.000,0.000,0.000,0.000,0.000,0.000,0.000,0.000,0.000,0.000,0.000,0.000,0.000,0.000,0.000,3.145,0.000,0.000,0.000,0.000,0.000,0.000,0.000,0.000,0.000,0.000,0.000,0.000,0.000,0.000,0.000,0.063,3.308,0.000,0.000,0.000,0.000,0.000,0.000,0.000,0.000,0.000,0.000,0.000,0.000,0.000,0.000,0.000,0.000,0.000,0.000,0.000,0.556,3.371,0.000,0.000,0.000]
  Iter 6: LB=-31.947806  UB=22.563447  gap=2.42e+00
  Cut: intercept=-1119.995772, π_x_range=[-824.9829, 587.4823]
  Mini-Benders[1] (mw): LB=-31.698957, Z₀(α*)=1.470706, intercept=-19.495070 (0.656s) [OMP=0.540 ISP-L=0.011 ISP-F=0.032 MW-L=0.036 MW-F=0.028]
  Mini-Benders[2] (mw): LB=-31.538637, Z₀(α*)=11.212195, intercept=-32.229111 (0.672s) [OMP=0.574 ISP-L=0.011 ISP-F=0.032 MW-L=0.021 MW-F=0.040]
  Mini-Benders[3] (mw): LB=-31.269156, Z₀(α*)=12.495182, intercept=-62.092884 (0.640s) [OMP=0.526 ISP-L=0.011 ISP-F=0.030 MW-L=0.023 MW-F=0.044]
  Mini-Benders[4] (mw): LB=-31.233990, Z₀(α*)=4.375620, intercept=-97.720721 (0.750s) [OMP=0.652 ISP-L=0.012 ISP-F=0.032 MW-L=0.025 MW-F=0.031]
  Mini-Benders[5] (mw): LB=-30.965719, Z₀(α*)=3.495774, intercept=-12.400614 (0.641s) [OMP=0.519 ISP-L=0.011 ISP-F=0.032 MW-L=0.025 MW-F=0.039]
  α-step: Z₀=22.454168, α=[0.000,0.000,0.000,0.000,0.000,0.000,0.000,0.000,0.000,0.000,0.000,0.000,0.000,0.000,0.000,0.000,0.000,0.000,0.000,0.000,0.000,0.000,0.000,0.000,0.000,0.000,0.000,0.000,0.000,0.000,0.000,0.000,0.000,0.000,5.726,0.000,0.000,0.000,0.000,0.000,0.000,0.000,0.000,0.000,0.000,0.000,0.000,0.000,0.000,0.000,2.532,2.185,0.000,0.000,0.000,0.000,0.000,0.000,0.000,0.000,0.000,0.000,0.000,0.000,0.000,0.000,0.000,0.000,0.000,0.000,0.000,0.000,0.000,0.000,0.000,0.000]
  Alt-Benders[1] (mw): LB=-29.534334, Z₀(α*)=24.658445, intercept=-25.445115 (0.688s) [OMP=0.576 ISP-L=0.012 ISP-F=0.033 MW-L=0.021 MW-F=0.034]
  Alt-Benders[2] (mw): LB=-27.976765, Z₀(α*)=5.734455, intercept=-46.409128 (0.625s) [OMP=0.515 ISP-L=0.009 ISP-F=0.029 MW-L=0.021 MW-F=0.044]
  Alt-Benders[3] (mw): LB=-27.610545, Z₀(α*)=-4.574110, intercept=-30.104329 (0.625s) [OMP=0.529 ISP-L=0.011 ISP-F=0.033 MW-L=0.022 MW-F=0.033]
  Alt-Benders[4] (mw): LB=-27.526114, Z₀(α*)=24.622363, intercept=-25.540886 (0.625s) [OMP=0.511 ISP-L=0.010 ISP-F=0.029 MW-L=0.021 MW-F=0.043]
  Alt-Benders[5] (mw): LB=-27.371294, Z₀(α*)=6.219108, intercept=-36.949399 (0.593s) [OMP=0.495 ISP-L=0.011 ISP-F=0.036 MW-L=0.024 MW-F=0.030]
  OMP re-solve: 0.712s

=== True-DRO Benders iter 7 ===
  OMP: t₀=-26.723641, UB=22.563447, gap=2.18e+00, x=[0, 0, 0, 0, 0, 0, 0, 0, 0, 0, 0, 0, 0, 0, 0, 0, 1, 0, 0, 0, 0, 0, 0, 0, 0, 0, 0, 0, 0, 0, 0, 0, 0, 0, 0, 0, 0, 0, 0, 0, 0, 0, 0, 0, 0, 0, 0, 0, 0, 0, 0, 0, 0, 0, 0, 0, 0, 0, 0, 0, 0, 0, 0, 0, 0, 0, 0, 0, 0, 0, 0, 1, 0, 0, 0, 0] (0.000s)
  Sub: Z₀=21.718849 [LOCAL] (0.3s), α=[0.000,0.000,0.000,0.000,0.000,0.000,0.000,0.000,0.000,0.000,0.000,0.000,0.000,0.000,0.000,0.000,0.000,0.000,0.000,0.000,0.000,0.000,0.000,0.000,0.000,0.000,0.000,0.000,0.000,0.000,0.000,0.000,0.000,0.000,0.000,0.000,0.000,0.000,0.000,0.000,0.000,0.000,0.000,0.000,0.000,0.000,0.000,0.000,0.000,0.000,0.000,0.000,0.000,0.000,0.000,0.000,0.000,0.000,0.000,0.000,0.000,0.000,0.000,0.000,0.000,0.000,0.000,0.000,0.000,0.000,0.000,7.186,3.257,0.000,0.000,0.000]
  Iter 7: LB=-26.723641  UB=22.563447  gap=2.18e+00
  Cut: intercept=-1128.806377, π_x_range=[-824.8632, 584.9292]
  Mini-Benders[1] (mw): LB=-26.377590, Z₀(α*)=0.316917, intercept=-12.940432 (0.843s) [OMP=0.741 ISP-L=0.010 ISP-F=0.031 MW-L=0.032 MW-F=0.033]
  Mini-Benders[2] (mw): LB=-25.228516, Z₀(α*)=10.106424, intercept=-43.537789 (0.860s) [OMP=0.753 ISP-L=0.010 ISP-F=0.034 MW-L=0.023 MW-F=0.036]
  Mini-Benders[3] (mw): LB=-24.647870, Z₀(α*)=-1.822666, intercept=-44.074271 (0.781s) [OMP=0.666 ISP-L=0.009 ISP-F=0.032 MW-L=0.023 MW-F=0.044]
  Mini-Benders[4] (mw): LB=-24.540516, Z₀(α*)=0.316917, intercept=-12.816847 (0.797s) [OMP=0.704 ISP-L=0.011 ISP-F=0.032 MW-L=0.023 MW-F=0.027]
  Mini-Benders[5] (mw): LB=-23.986513, Z₀(α*)=9.992603, intercept=-14.275292 (0.891s) [OMP=0.770 ISP-L=0.012 ISP-F=0.034 MW-L=0.021 MW-F=0.040]
  α-step: Z₀=21.049732, α=[0.000,0.000,0.000,0.000,0.000,0.000,0.000,0.000,0.000,0.000,0.000,0.000,0.000,0.000,0.000,0.000,0.000,0.000,0.000,0.000,0.000,0.000,0.000,0.000,0.000,0.000,0.000,0.000,0.000,0.000,0.000,0.000,0.000,0.000,7.997,0.000,0.000,0.000,0.000,0.000,0.000,0.000,0.000,0.000,0.000,0.000,0.000,0.000,0.000,0.000,0.000,0.000,0.000,0.000,0.000,0.000,0.000,0.000,0.000,0.000,0.000,0.000,0.000,0.000,0.000,0.000,0.000,0.000,0.000,0.000,0.000,0.000,2.446,0.000,0.000,0.000]
  Alt-Benders[1] (mw): LB=-22.371048, Z₀(α*)=15.558862, intercept=-77.356510 (1.000s) [OMP=0.904 ISP-L=0.011 ISP-F=0.029 MW-L=0.023 MW-F=0.031]
  Alt-Benders[2] (mw): LB=-22.213579, Z₀(α*)=17.557222, intercept=-26.034954 (0.906s) [OMP=0.794 ISP-L=0.010 ISP-F=0.031 MW-L=0.025 MW-F=0.042]
  Alt-Benders[3] (mw): LB=-21.755515, Z₀(α*)=14.849905, intercept=-50.970128 (0.906s) [OMP=0.821 ISP-L=0.011 ISP-F=0.030 MW-L=0.023 MW-F=0.028]
  Alt-Benders[4] (mw): LB=-21.620958, Z₀(α*)=-13.003063, intercept=-71.026057 (0.860s) [OMP=0.748 ISP-L=0.011 ISP-F=0.028 MW-L=0.027 MW-F=0.039]
  Alt-Benders[5] (mw): LB=-21.581284, Z₀(α*)=-13.003063, intercept=-71.026062 (0.734s) [OMP=0.635 ISP-L=0.011 ISP-F=0.030 MW-L=0.024 MW-F=0.031]
  OMP re-solve: 0.677s

=== True-DRO Benders iter 8 ===
  OMP: t₀=-21.343588, UB=22.563447, gap=1.95e+00, x=[0, 0, 0, 0, 0, 0, 0, 0, 0, 0, 0, 0, 0, 0, 0, 0, 0, 0, 0, 0, 0, 0, 0, 0, 0, 0, 0, 0, 0, 0, 0, 0, 0, 0, 0, 0, 0, 0, 0, 0, 0, 0, 0, 0, 0, 0, 0, 0, 0, 0, 0, 0, 0, 0, 0, 0, 0, 0, 0, 0, 0, 0, 0, 0, 1, 0, 0, 0, 0, 0, 0, 0, 1, 0, 0, 0] (0.001s)
  Sub: Z₀=24.603346 [LOCAL] (0.3s), α=[0.000,0.000,0.000,0.000,0.000,0.000,0.000,0.000,0.000,0.000,0.000,0.000,0.000,0.000,0.000,0.000,0.000,0.000,0.000,0.000,0.000,0.000,0.000,0.000,0.000,0.000,0.000,0.000,0.000,0.000,0.000,0.000,0.000,0.000,0.000,0.000,0.000,0.000,0.000,0.000,0.000,0.000,0.000,0.000,0.000,0.000,0.000,0.000,0.000,0.000,0.000,0.000,0.000,0.000,0.000,0.000,0.000,0.000,0.000,0.000,0.000,0.000,0.000,0.000,0.000,0.000,0.000,0.000,0.000,0.000,0.000,0.000,10.443,0.000,0.000,0.000]
  Iter 8: LB=-21.343588  UB=22.563447  gap=1.95e+00
  Cut: intercept=-1126.938174, π_x_range=[-826.0283, 585.5973]
  Mini-Benders[1] (mw): LB=-21.237993, Z₀(α*)=25.103785, intercept=17.141774 (0.812s) [OMP=0.695 ISP-L=0.011 ISP-F=0.030 MW-L=0.033 MW-F=0.039]
  Mini-Benders[2] (mw): LB=-20.893377, Z₀(α*)=23.953528, intercept=-9.136247 (0.813s) [OMP=0.714 ISP-L=0.011 ISP-F=0.030 MW-L=0.023 MW-F=0.034]
  Mini-Benders[3] (mw): LB=-20.740538, Z₀(α*)=11.502989, intercept=-59.457825 (0.687s) [OMP=0.558 ISP-L=0.012 ISP-F=0.035 MW-L=0.024 MW-F=0.050]
  Mini-Benders[4] (mw): LB=-20.322691, Z₀(α*)=21.632338, intercept=-27.250729 (0.641s) [OMP=0.542 ISP-L=0.011 ISP-F=0.035 MW-L=0.024 MW-F=0.028]
  Mini-Benders[5] (mw): LB=-20.182914, Z₀(α*)=24.804231, intercept=-14.842014 (0.781s) [OMP=0.655 ISP-L=0.011 ISP-F=0.033 MW-L=0.021 MW-F=0.052]
  α-step: Z₀=21.044592, α=[0.000,0.000,0.000,0.000,0.000,0.000,0.000,0.000,0.000,0.000,0.000,0.000,0.000,0.000,0.000,0.000,0.000,0.000,0.000,0.000,0.000,0.000,0.000,0.000,0.000,0.000,0.000,0.000,0.000,0.000,0.000,0.000,0.000,0.000,5.726,0.000,0.000,0.000,0.000,0.000,0.000,0.000,0.000,0.000,0.000,0.000,0.000,0.000,0.000,0.000,0.100,2.258,0.000,0.000,0.000,0.000,0.000,0.000,0.000,0.000,0.000,0.000,0.000,0.000,0.000,0.000,0.000,0.000,0.000,0.000,0.000,0.000,2.358,0.000,0.000,0.000]
  Alt-Benders[1] (mw): LB=-19.210276, Z₀(α*)=15.871947, intercept=-5.879838 (0.672s) [OMP=0.580 ISP-L=0.011 ISP-F=0.034 MW-L=0.023 MW-F=0.028]
  Alt-Benders[2] (mw): LB=-17.824886, Z₀(α*)=22.357021, intercept=-5.394939 (0.860s) [OMP=0.736 ISP-L=0.010 ISP-F=0.032 MW-L=0.022 MW-F=0.045]
  Alt-Benders[3] (mw): LB=-17.213172, Z₀(α*)=14.294284, intercept=-46.342341 (0.750s) [OMP=0.650 ISP-L=0.009 ISP-F=0.031 MW-L=0.025 MW-F=0.040]
  Alt-Benders[4] (mw): LB=-16.766453, Z₀(α*)=16.563124, intercept=-5.687088 (0.890s) [OMP=0.765 ISP-L=0.011 ISP-F=0.036 MW-L=0.023 MW-F=0.047]
  Alt-Benders[5] (mw): LB=-14.856869, Z₀(α*)=-10.676472, intercept=-100.311870 (0.719s) [OMP=0.615 ISP-L=0.012 ISP-F=0.029 MW-L=0.025 MW-F=0.029]
  OMP re-solve: 0.622s

=== True-DRO Benders iter 9 ===
  OMP: t₀=-14.208455, UB=22.563447, gap=1.63e+00, x=[0, 0, 0, 0, 0, 0, 0, 0, 0, 0, 1, 0, 0, 0, 0, 0, 0, 0, 0, 0, 0, 0, 0, 0, 0, 0, 0, 0, 0, 0, 0, 0, 0, 0, 1, 0, 0, 0, 0, 0, 0, 0, 0, 0, 0, 0, 0, 0, 0, 0, 0, 0, 0, 0, 0, 0, 0, 0, 0, 0, 0, 0, 0, 0, 0, 0, 0, 0, 0, 0, 0, 0, 0, 0, 0, 0] (0.001s)
  Sub: Z₀=21.543692 [LOCAL] (0.4s), α=[0.000,0.000,0.000,0.000,0.000,0.000,0.000,0.000,0.000,0.000,0.000,0.000,0.000,0.000,0.000,0.000,0.000,0.000,0.000,0.000,0.000,0.000,0.000,0.000,0.000,0.000,0.000,0.000,0.000,0.000,0.000,0.000,0.000,0.000,8.070,0.000,0.000,0.000,0.000,0.000,0.000,0.000,0.000,0.000,0.000,0.000,0.000,0.000,0.000,0.000,0.000,0.000,0.000,0.000,0.000,0.000,0.000,0.000,0.000,0.000,0.000,0.000,0.000,0.000,0.000,0.000,0.000,0.000,0.000,0.000,0.000,0.000,2.372,0.000,0.000,0.000]
  Iter 9: LB=-14.208455  UB=22.563447  gap=1.63e+00
  Cut: intercept=-1135.486246, π_x_range=[-825.6623, 586.2289]
  Mini-Benders[1] (mw): LB=-14.144657, Z₀(α*)=21.804232, intercept=-4.869091 (0.734s) [OMP=0.617 ISP-L=0.011 ISP-F=0.034 MW-L=0.033 MW-F=0.040]
  Mini-Benders[2] (mw): LB=-13.455979, Z₀(α*)=17.069011, intercept=-37.621235 (0.687s) [OMP=0.591 ISP-L=0.012 ISP-F=0.032 MW-L=0.023 MW-F=0.028]
  Mini-Benders[3] (mw): LB=-13.003065, Z₀(α*)=-13.809648, intercept=-71.087807 (0.672s) [OMP=0.560 ISP-L=0.011 ISP-F=0.027 MW-L=0.025 MW-F=0.046]
  Mini-Benders[4] (mw): LB=-13.003065, Z₀(α*)=-13.809648, intercept=-71.087807 (0.672s) [OMP=0.563 ISP-L=0.011 ISP-F=0.028 MW-L=0.026 MW-F=0.033]
  Mini-Benders[5] (mw): LB=-13.003065, Z₀(α*)=-13.809648, intercept=-71.087807 (0.688s) [OMP=0.601 ISP-L=0.011 ISP-F=0.027 MW-L=0.026 MW-F=0.032]
  α-step: Z₀=22.448844, α=[0.000,0.000,0.000,0.000,0.000,0.000,0.000,0.000,0.000,0.000,0.000,0.000,0.000,0.000,0.000,0.000,0.000,0.000,0.000,0.000,0.000,0.000,0.000,0.000,0.000,0.000,0.000,0.000,0.000,0.000,0.000,0.000,0.000,0.000,2.589,0.000,0.000,0.000,0.000,0.000,0.000,0.000,0.000,0.000,0.000,0.000,0.000,0.000,0.000,0.000,0.000,0.000,0.000,0.000,0.000,0.000,0.000,0.000,0.000,0.000,0.000,0.000,0.000,0.000,0.000,0.000,0.000,0.000,0.000,0.000,0.000,0.000,7.854,0.000,0.000,0.000]
  Alt-Benders[1] (mw): LB=-12.987039, Z₀(α*)=24.761705, intercept=-22.842031 (0.641s) [OMP=0.546 ISP-L=0.009 ISP-F=0.028 MW-L=0.021 MW-F=0.041]
  Alt-Benders[2] (mw): LB=-12.245268, Z₀(α*)=16.114554, intercept=-10.487238 (0.641s) [OMP=0.534 ISP-L=0.010 ISP-F=0.030 MW-L=0.022 MW-F=0.048]
  Alt-Benders[3] (mw): LB=-11.321407, Z₀(α*)=28.144082, intercept=8.724857 (0.672s) [OMP=0.550 ISP-L=0.010 ISP-F=0.035 MW-L=0.024 MW-F=0.037]
  Alt-Benders[4] (mw): LB=-10.999532, Z₀(α*)=28.144082, intercept=-1.530915 (0.828s) [OMP=0.717 ISP-L=0.010 ISP-F=0.030 MW-L=0.022 MW-F=0.051]
  Alt-Benders[5] (mw): LB=-10.962459, Z₀(α*)=22.589253, intercept=-31.996549 (0.750s) [OMP=0.638 ISP-L=0.012 ISP-F=0.031 MW-L=0.038 MW-F=0.033]
  OMP re-solve: 0.558s

=== True-DRO Benders iter 10 ===
  OMP: t₀=-10.960542, UB=22.563447, gap=1.49e+00, x=[0, 0, 0, 0, 0, 0, 0, 0, 0, 0, 0, 0, 0, 0, 0, 0, 0, 0, 0, 0, 0, 0, 0, 0, 0, 0, 0, 0, 0, 0, 0, 0, 0, 0, 0, 0, 0, 0, 0, 0, 0, 0, 0, 0, 0, 1, 0, 0, 0, 0, 0, 0, 0, 0, 0, 0, 0, 0, 0, 0, 0, 0, 0, 0, 0, 0, 0, 0, 0, 0, 0, 1, 0, 0, 0, 0] (0.001s)
  Sub: Z₀=23.388677 (2.9s), α=[0.000,0.000,0.000,0.000,0.000,0.000,0.000,0.000,0.000,0.000,0.000,0.000,0.000,0.000,0.000,0.000,0.000,0.000,0.000,0.000,0.000,0.000,0.000,0.000,0.000,0.000,0.000,0.000,0.000,0.000,0.000,0.000,0.000,0.000,0.708,0.000,0.000,0.000,0.000,0.000,0.000,0.000,0.000,0.000,0.000,0.000,0.000,0.000,0.000,0.000,0.000,0.000,0.000,0.000,0.000,0.000,0.000,0.000,0.000,0.000,0.000,0.000,0.000,0.000,0.000,0.000,0.000,0.000,0.000,0.000,0.000,0.000,9.735,0.000,0.000,0.000]
  Iter 10: LB=-10.960542  UB=22.563447  gap=1.49e+00
  Cut: intercept=-80.725214, π_x_range=[-172.2266, 93.0887]
  Sherali-Cut: intercept=-17.381237, π_x_range=[-113.4367, 29.7769]
  Mini-Benders[1] (mw): LB=-10.802885, Z₀(α*)=17.195473, intercept=-60.190366 (0.656s) [OMP=0.558 ISP-L=0.009 ISP-F=0.028 MW-L=0.026 MW-F=0.035]
  Mini-Benders[2] (mw): LB=-10.676474, Z₀(α*)=18.359287, intercept=-75.425693 (0.688s) [OMP=0.584 ISP-L=0.011 ISP-F=0.032 MW-L=0.025 MW-F=0.031]
  Mini-Benders[3] (mw): LB=-10.641829, Z₀(α*)=25.814085, intercept=15.877735 (0.687s) [OMP=0.586 ISP-L=0.010 ISP-F=0.031 MW-L=0.020 MW-F=0.031]
  Mini-Benders[4] (mw): LB=-9.161720, Z₀(α*)=22.326770, intercept=-16.951303 (0.672s) [OMP=0.574 ISP-L=0.011 ISP-F=0.029 MW-L=0.035 MW-F=0.023]
  Mini-Benders[5] (mw): LB=-9.151481, Z₀(α*)=19.681877, intercept=-1.623505 (0.688s) [OMP=0.582 ISP-L=0.011 ISP-F=0.031 MW-L=0.019 MW-F=0.042]
  α-step: Z₀=20.805467, α=[0.000,0.000,0.000,0.000,0.000,0.000,0.000,0.000,0.000,0.000,0.000,0.000,0.000,0.000,0.000,0.000,0.000,0.000,0.000,0.000,0.000,0.000,0.000,0.000,0.000,0.000,0.000,0.000,0.000,0.000,0.000,0.000,0.000,0.000,5.025,0.000,0.000,0.000,0.000,0.000,0.000,0.000,0.000,0.000,0.000,0.000,0.000,0.000,0.000,0.000,0.000,0.000,0.000,0.000,0.000,0.000,0.000,0.000,0.000,0.000,0.000,0.000,0.000,0.000,0.000,0.000,0.000,0.000,0.000,0.000,0.000,0.000,5.418,0.000,0.000,0.000]
  Alt-Benders[1] (mw): LB=-9.034258, Z₀(α*)=-5.048293, intercept=-79.193753 (0.687s) [OMP=0.583 ISP-L=0.010 ISP-F=0.026 MW-L=0.023 MW-F=0.032]
  Alt-Benders[2] (mw): LB=-8.433391, Z₀(α*)=28.975073, intercept=28.975081 (0.781s) [OMP=0.662 ISP-L=0.012 ISP-F=0.032 MW-L=0.023 MW-F=0.061]
  Alt-Benders[3] (mw): LB=-7.619447, Z₀(α*)=21.739296, intercept=-2.652802 (0.782s) [OMP=0.671 ISP-L=0.011 ISP-F=0.032 MW-L=0.023 MW-F=0.036]
  Alt-Benders[4] (mw): LB=-7.530302, Z₀(α*)=12.275294, intercept=-64.790320 (0.765s) [OMP=0.663 ISP-L=0.010 ISP-F=0.030 MW-L=0.023 MW-F=0.030]
  Alt-Benders[5] (mw): LB=-6.772463, Z₀(α*)=25.989928, intercept=-15.583349 (0.797s) [OMP=0.685 ISP-L=0.011 ISP-F=0.029 MW-L=0.035 MW-F=0.037]
  OMP re-solve: 0.761s

=== True-DRO Benders iter 11 ===
  OMP: t₀=-5.053013, UB=22.563447, gap=1.22e+00, x=[0, 0, 0, 0, 0, 0, 1, 0, 0, 0, 0, 0, 0, 0, 0, 0, 0, 0, 0, 0, 0, 0, 0, 0, 0, 0, 0, 0, 0, 0, 0, 0, 0, 0, 0, 0, 0, 0, 0, 0, 0, 0, 0, 0, 0, 0, 0, 0, 0, 1, 0, 0, 0, 0, 0, 0, 0, 0, 0, 0, 0, 0, 0, 0, 0, 0, 0, 0, 0, 0, 0, 0, 0, 0, 0, 0] (0.001s)
  Sub: Z₀=28.210151 [LOCAL] (0.5s), α=[0.000,0.000,0.000,0.000,0.000,0.000,0.000,0.000,0.000,0.000,0.000,0.000,0.000,0.000,0.000,0.000,0.000,0.000,0.000,0.000,0.000,0.000,0.000,0.000,0.000,0.000,0.000,0.000,0.000,0.000,0.000,0.000,0.000,0.000,2.589,0.000,0.000,0.000,0.000,0.000,0.000,0.000,0.000,0.000,0.000,0.000,0.000,0.000,0.000,0.250,2.579,0.000,0.000,0.000,0.000,0.000,0.000,0.000,0.000,0.000,0.000,0.000,0.000,0.000,0.000,0.000,0.000,0.000,0.000,0.000,0.000,0.000,5.025,0.000,0.000,0.000]
  Iter 11: LB=-5.053013  UB=22.563447  gap=1.22e+00
  Cut: intercept=-1101.853417, π_x_range=[-832.3450, 566.8170]
  Mini-Benders[1] (mw): LB=-5.048295, Z₀(α*)=3.511368, intercept=-94.106380 (0.829s) [OMP=0.715 ISP-L=0.010 ISP-F=0.029 MW-L=0.023 MW-F=0.049]
  Mini-Benders[2] (mw): LB=-4.991261, Z₀(α*)=16.068036, intercept=-55.204515 (0.812s) [OMP=0.722 ISP-L=0.011 ISP-F=0.029 MW-L=0.023 MW-F=0.033]
  Mini-Benders[3] (mw): LB=-4.698754, Z₀(α*)=25.956364, intercept=-40.123530 (1.078s) [OMP=0.975 ISP-L=0.012 ISP-F=0.034 MW-L=0.022 MW-F=0.032]
  Mini-Benders[4] (mw): LB=-4.162462, Z₀(α*)=13.371865, intercept=-52.579424 (0.985s) [OMP=0.861 ISP-L=0.009 ISP-F=0.033 MW-L=0.035 MW-F=0.033]
  Mini-Benders[5] (mw): LB=-4.009997, Z₀(α*)=24.949645, intercept=-53.218500 (0.937s) [OMP=0.840 ISP-L=0.012 ISP-F=0.034 MW-L=0.024 MW-F=0.029]
  α-step: Z₀=23.976731, α=[0.000,0.000,0.000,0.000,0.000,0.000,0.000,0.000,0.000,0.000,0.000,0.000,0.000,0.000,0.000,0.000,0.000,0.000,0.000,0.000,0.000,0.000,0.000,0.000,0.000,0.000,0.000,0.000,0.000,0.000,0.000,0.000,0.000,0.000,5.726,0.000,0.000,0.000,0.000,0.000,0.000,0.000,0.000,0.000,0.000,0.000,0.000,0.000,0.000,0.000,2.532,0.000,0.000,2.185,0.000,0.000,0.000,0.000,0.000,0.000,0.000,0.000,0.000,0.000,0.000,0.000,0.000,0.000,0.000,0.000,0.000,0.000,0.000,0.000,0.000,0.000]
  Alt-Benders[1] (mw): LB=-3.363694, Z₀(α*)=1.759174, intercept=-0.348925 (0.875s) [OMP=0.766 ISP-L=0.011 ISP-F=0.038 MW-L=0.023 MW-F=0.034]
  Alt-Benders[2] (mw): LB=-3.238095, Z₀(α*)=5.386992, intercept=-45.012708 (0.891s) [OMP=0.795 ISP-L=0.009 ISP-F=0.031 MW-L=0.021 MW-F=0.046]
  Alt-Benders[3] (mw): LB=-2.981557, Z₀(α*)=18.439773, intercept=-14.730353 (0.969s) [OMP=0.860 ISP-L=0.012 ISP-F=0.033 MW-L=0.024 MW-F=0.031]
  Alt-Benders[4] (mw): LB=-2.469677, Z₀(α*)=26.162684, intercept=-74.320823 (0.968s) [OMP=0.810 ISP-L=0.012 ISP-F=0.029 MW-L=0.021 MW-F=0.090]
  Alt-Benders[5] (mw): LB=-2.409552, Z₀(α*)=-5.924247, intercept=-49.841982 (1.391s) [OMP=1.269 ISP-L=0.011 ISP-F=0.038 MW-L=0.032 MW-F=0.033]
  OMP re-solve: 0.966s

=== True-DRO Benders iter 12 ===
  OMP: t₀=-2.409552, UB=22.563447, gap=1.11e+00, x=[0, 0, 0, 0, 0, 0, 0, 0, 0, 0, 0, 0, 0, 0, 0, 0, 0, 0, 0, 0, 0, 0, 0, 0, 0, 0, 0, 0, 0, 1, 0, 0, 0, 0, 1, 0, 0, 0, 0, 0, 0, 0, 0, 0, 0, 0, 0, 0, 0, 0, 0, 0, 0, 0, 0, 0, 0, 0, 0, 0, 0, 0, 0, 0, 0, 0, 0, 0, 0, 0, 0, 0, 0, 0, 0, 0] (0.000s)
  Sub: Z₀=21.637222 [LOCAL] (0.4s), α=[0.000,0.000,0.000,0.000,0.000,0.000,0.000,0.000,0.000,0.000,0.000,0.000,0.000,0.000,0.000,0.000,0.000,0.000,0.000,0.000,0.000,0.000,0.000,0.000,0.000,0.000,0.000,0.000,0.000,0.000,0.000,0.000,0.000,0.000,7.997,0.000,0.000,0.000,0.000,0.000,0.000,0.000,0.000,0.000,0.000,0.000,0.000,0.000,0.000,0.000,0.000,0.000,0.000,0.000,0.000,0.000,0.000,0.000,0.000,0.000,0.000,0.000,0.000,0.000,0.000,0.000,0.000,0.000,0.000,0.000,0.000,0.000,2.446,0.000,0.000,0.000]
  Iter 12: LB=-2.409552  UB=22.563447  gap=1.11e+00
  Cut: intercept=-1155.778151, π_x_range=[-826.1984, 596.5156]
  Mini-Benders[1] (mw): LB=-2.175925, Z₀(α*)=25.074953, intercept=-53.715387 (0.907s) [OMP=0.776 ISP-L=0.010 ISP-F=0.033 MW-L=0.022 MW-F=0.064]
  Mini-Benders[2] (mw): LB=-1.762410, Z₀(α*)=14.589350, intercept=-1.132890 (1.109s) [OMP=1.005 ISP-L=0.012 ISP-F=0.031 MW-L=0.023 MW-F=0.038]
  Mini-Benders[3] (mw): LB=-1.406039, Z₀(α*)=21.870273, intercept=0.453123 (0.969s) [OMP=0.868 ISP-L=0.011 ISP-F=0.029 MW-L=0.022 MW-F=0.040]
  Mini-Benders[4] (mw): LB=-1.266872, Z₀(α*)=14.581714, intercept=-6.636545 (0.906s) [OMP=0.776 ISP-L=0.011 ISP-F=0.038 MW-L=0.034 MW-F=0.035]
  Mini-Benders[5] (mw): LB=-1.212300, Z₀(α*)=21.639785, intercept=-24.641976 (0.875s) [OMP=0.763 ISP-L=0.011 ISP-F=0.030 MW-L=0.025 MW-F=0.053]
  α-step: Z₀=23.219356, α=[0.000,0.000,0.000,0.000,0.000,0.000,0.000,0.000,0.000,0.000,0.000,0.000,0.000,0.000,0.000,0.000,0.000,0.000,0.000,0.000,0.000,0.000,0.000,6.454,0.000,0.000,0.000,0.000,0.000,0.000,0.000,0.000,0.000,0.000,2.589,0.000,0.000,0.000,0.000,0.000,0.000,0.000,0.000,0.000,0.000,0.000,0.000,0.000,0.000,0.000,0.000,0.000,0.000,0.000,0.000,0.000,0.000,0.000,0.000,0.000,0.000,0.000,0.000,0.000,0.000,0.000,0.000,0.000,0.000,0.000,0.000,0.000,1.400,0.000,0.000,0.000]
  Alt-Benders[1] (mw): LB=-1.094781, Z₀(α*)=-15.570875, intercept=-23.493283 (0.891s) [OMP=0.776 ISP-L=0.012 ISP-F=0.029 MW-L=0.028 MW-F=0.032]
  Alt-Benders[2] (mw): LB=-1.094781, Z₀(α*)=-15.570875, intercept=-23.493283 (1.000s) [OMP=0.903 ISP-L=0.011 ISP-F=0.029 MW-L=0.028 MW-F=0.032]
  Alt-Benders[3] (mw): LB=-1.094781, Z₀(α*)=-15.570875, intercept=-23.493283 (0.906s) [OMP=0.792 ISP-L=0.011 ISP-F=0.029 MW-L=0.042 MW-F=0.032]
  Alt-Benders[4]: LB stagnated, break
  OMP re-solve: 0.001s

=== True-DRO Benders iter 13 ===
  OMP: t₀=-1.094781, UB=22.563447, gap=1.05e+00, x=[0, 0, 0, 0, 0, 0, 0, 0, 0, 0, 0, 0, 0, 0, 0, 0, 0, 0, 0, 0, 0, 0, 0, 0, 0, 0, 0, 0, 0, 0, 0, 0, 0, 0, 1, 0, 0, 0, 0, 0, 0, 0, 0, 0, 0, 0, 0, 0, 0, 0, 0, 0, 0, 0, 0, 0, 0, 0, 0, 0, 0, 0, 0, 0, 0, 0, 0, 0, 0, 0, 0, 0, 1, 0, 0, 0] (0.000s)
  Sub: Z₀=19.654647 [LOCAL] (0.4s), α=[0.000,0.000,0.000,0.000,0.000,0.000,0.000,0.000,0.000,0.000,0.000,0.000,0.000,0.000,0.000,0.000,0.000,0.000,0.000,0.000,0.000,0.000,0.000,0.000,0.000,0.000,0.000,0.000,0.000,0.000,0.000,0.000,0.000,0.000,6.831,0.000,0.000,0.000,0.000,0.000,0.000,0.000,0.000,0.000,0.000,0.000,0.000,0.000,0.000,0.000,0.000,0.000,0.000,0.000,0.000,0.000,0.000,0.000,0.000,0.000,0.000,0.000,0.000,0.000,0.000,0.000,0.000,0.000,0.000,0.000,0.000,0.000,3.612,0.000,0.000,0.000]
  Iter 13: LB=-1.094781  UB=22.563447  gap=1.05e+00
  Cut: intercept=-1164.382094, π_x_range=[-825.7620, 594.3384]
  Mini-Benders[1] (mw): LB=-0.452380, Z₀(α*)=21.455789, intercept=-28.523353 (0.828s) [OMP=0.709 ISP-L=0.011 ISP-F=0.035 MW-L=0.030 MW-F=0.038]
  Mini-Benders[2] (mw): LB=-0.352759, Z₀(α*)=21.999520, intercept=21.547980 (0.891s) [OMP=0.778 ISP-L=0.011 ISP-F=0.030 MW-L=0.022 MW-F=0.036]
  Mini-Benders[3] (mw): LB=-0.337275, Z₀(α*)=20.844942, intercept=-62.732971 (0.859s) [OMP=0.746 ISP-L=0.010 ISP-F=0.036 MW-L=0.021 MW-F=0.046]
  Mini-Benders[4] (mw): LB=-0.282736, Z₀(α*)=22.278231, intercept=-16.483347 (0.891s) [OMP=0.795 ISP-L=0.012 ISP-F=0.034 MW-L=0.026 MW-F=0.029]
  Mini-Benders[5] (mw): LB=-0.065388, Z₀(α*)=19.910775, intercept=-41.179033 (0.781s) [OMP=0.676 ISP-L=0.011 ISP-F=0.031 MW-L=0.022 MW-F=0.038]
  α-step: Z₀=24.707853, α=[0.000,0.000,0.000,0.000,0.000,0.000,0.000,0.000,0.000,0.000,0.000,0.000,0.000,0.000,0.000,0.000,0.000,0.000,0.000,0.000,0.000,0.000,0.000,0.000,0.000,0.000,0.000,0.000,0.000,0.000,0.000,0.000,0.000,0.000,0.000,0.000,0.000,0.000,0.000,0.000,0.000,0.000,0.000,0.000,0.000,0.000,0.000,0.000,0.000,0.000,2.532,0.000,0.000,0.000,0.000,0.000,0.000,0.000,0.000,0.000,0.000,0.000,1.336,0.000,0.206,0.000,0.000,0.000,0.000,0.000,0.000,0.000,6.369,0.000,0.000,0.000]
  Alt-Benders[1] (mw): LB=0.215071, Z₀(α*)=27.157939, intercept=-148.044527 (0.797s) [OMP=0.694 ISP-L=0.011 ISP-F=0.032 MW-L=0.025 MW-F=0.032]
  Alt-Benders[2] (mw): LB=0.316915, Z₀(α*)=21.115996, intercept=-11.552349 (0.797s) [OMP=0.680 ISP-L=0.011 ISP-F=0.036 MW-L=0.024 MW-F=0.041]
  Alt-Benders[3] (mw): LB=0.357573, Z₀(α*)=22.563470, intercept=-76.970012 (0.828s) [OMP=0.730 ISP-L=0.012 ISP-F=0.033 MW-L=0.021 MW-F=0.035]
  Alt-Benders[4] (mw): LB=0.713916, Z₀(α*)=26.529267, intercept=-29.888326 (0.875s) [OMP=0.763 ISP-L=0.011 ISP-F=0.032 MW-L=0.020 MW-F=0.040]
  Alt-Benders[5] (mw): LB=0.743709, Z₀(α*)=9.281012, intercept=-29.467208 (0.812s) [OMP=0.689 ISP-L=0.009 ISP-F=0.033 MW-L=0.036 MW-F=0.041]
  OMP re-solve: 0.752s

=== True-DRO Benders iter 14 ===
  OMP: t₀=0.794029, UB=22.563447, gap=9.65e-01, x=[0, 0, 0, 0, 0, 0, 0, 0, 0, 0, 0, 0, 0, 0, 0, 0, 0, 0, 0, 0, 0, 0, 0, 0, 0, 0, 0, 0, 0, 0, 0, 0, 0, 0, 0, 0, 0, 0, 0, 0, 0, 0, 0, 0, 0, 1, 1, 0, 0, 0, 0, 0, 0, 0, 0, 0, 0, 0, 0, 0, 0, 0, 0, 0, 0, 0, 0, 0, 0, 0, 0, 0, 0, 0, 0, 0] (0.000s)
  Sub: Z₀=30.754812 [LOCAL] (0.8s), α=[0.000,0.000,0.000,0.000,0.000,0.000,0.000,0.000,0.000,0.000,0.000,0.000,0.000,0.000,0.000,0.000,0.000,0.000,0.000,0.000,0.000,0.000,0.000,0.000,0.000,0.000,0.000,0.000,0.000,0.000,0.000,0.000,0.000,0.000,0.109,0.000,0.000,0.000,0.000,0.000,0.000,0.000,0.000,0.000,0.000,0.000,0.000,0.000,0.000,0.000,2.022,0.000,0.000,0.000,0.000,0.000,0.000,0.000,0.000,0.000,0.000,0.000,0.000,0.000,0.000,0.000,0.000,0.000,0.000,0.000,0.000,1.535,6.776,0.000,0.000,0.000]
  Iter 14: LB=0.794029  UB=22.563447  gap=9.65e-01
  Cut: intercept=-1097.465312, π_x_range=[-826.9625, 577.2176]
  Mini-Benders[1] (mw): LB=0.871081, Z₀(α*)=23.011289, intercept=-10.892752 (0.984s) [OMP=0.857 ISP-L=0.011 ISP-F=0.032 MW-L=0.025 MW-F=0.063]
  Mini-Benders[2] (mw): LB=0.912326, Z₀(α*)=22.686912, intercept=-15.144239 (0.828s) [OMP=0.722 ISP-L=0.011 ISP-F=0.032 MW-L=0.023 MW-F=0.028]
  Mini-Benders[3] (mw): LB=1.314167, Z₀(α*)=30.270445, intercept=30.906553 (0.922s) [OMP=0.812 ISP-L=0.010 ISP-F=0.034 MW-L=0.023 MW-F=0.042]
  Mini-Benders[4] (mw): LB=1.564466, Z₀(α*)=23.761023, intercept=-28.877968 (1.313s) [OMP=1.182 ISP-L=0.011 ISP-F=0.033 MW-L=0.025 MW-F=0.056]
  Mini-Benders[5] (mw): LB=1.596486, Z₀(α*)=25.309094, intercept=-48.105181 (1.109s) [OMP=1.010 ISP-L=0.011 ISP-F=0.035 MW-L=0.023 MW-F=0.033]
  α-step: Z₀=22.396927, α=[0.000,0.000,0.000,0.000,0.000,0.000,0.000,0.000,0.000,0.000,0.000,0.000,0.000,1.826,0.000,0.000,0.000,0.000,0.000,0.000,0.000,0.000,0.000,0.000,0.000,0.000,0.000,0.000,0.000,0.000,0.000,0.000,0.000,0.000,0.000,0.000,0.000,0.000,0.000,0.000,0.000,0.000,0.000,0.000,0.000,0.000,0.000,0.000,0.000,0.000,0.000,0.000,0.000,0.000,0.000,0.000,0.000,0.000,0.000,0.000,0.000,0.000,0.000,0.000,0.000,0.000,0.000,0.000,0.000,0.000,0.000,1.427,7.191,0.000,0.000,0.000]
  Alt-Benders[1] (mw): LB=2.467026, Z₀(α*)=13.837305, intercept=-53.354577 (0.953s) [OMP=0.846 ISP-L=0.012 ISP-F=0.031 MW-L=0.024 MW-F=0.032]
  Alt-Benders[2] (mw): LB=2.688463, Z₀(α*)=26.672573, intercept=-11.618683 (0.828s) [OMP=0.707 ISP-L=0.011 ISP-F=0.029 MW-L=0.023 MW-F=0.052]
  Alt-Benders[3] (mw): LB=2.703705, Z₀(α*)=20.624991, intercept=-0.348354 (0.922s) [OMP=0.835 ISP-L=0.011 ISP-F=0.030 MW-L=0.023 MW-F=0.033]
  Alt-Benders[4] (mw): LB=2.753656, Z₀(α*)=11.751048, intercept=-76.067597 (1.016s) [OMP=0.910 ISP-L=0.010 ISP-F=0.027 MW-L=0.023 MW-F=0.040]
  Alt-Benders[5] (mw): LB=2.811082, Z₀(α*)=19.250132, intercept=7.108562 (0.890s) [OMP=0.770 ISP-L=0.012 ISP-F=0.030 MW-L=0.035 MW-F=0.038]
  OMP re-solve: 0.804s

=== True-DRO Benders iter 15 ===
  OMP: t₀=3.243007, UB=22.563447, gap=8.56e-01, x=[0, 0, 0, 0, 0, 0, 0, 1, 0, 0, 0, 0, 0, 0, 0, 0, 1, 0, 0, 0, 0, 0, 0, 0, 0, 0, 0, 0, 0, 0, 0, 0, 0, 0, 0, 0, 0, 0, 0, 0, 0, 0, 0, 0, 0, 0, 0, 0, 0, 0, 0, 0, 0, 0, 0, 0, 0, 0, 0, 0, 0, 0, 0, 0, 0, 0, 0, 0, 0, 0, 0, 0, 0, 0, 0, 0] (0.001s)
  Sub: Z₀=29.695696 [TIME_LIMIT] (15.1s), α=[0.000,0.000,0.000,0.000,0.000,0.000,0.000,0.000,0.000,0.000,0.000,0.000,0.000,0.000,0.000,0.000,0.295,0.000,0.000,0.000,0.297,0.000,0.000,0.000,0.000,0.000,0.000,0.000,0.000,0.000,0.000,0.000,0.000,0.000,5.906,0.000,0.000,0.000,0.000,0.000,0.000,0.000,0.000,0.000,0.000,0.000,0.000,0.000,0.000,0.000,0.000,0.000,0.000,0.000,0.000,0.415,0.000,0.000,0.000,0.000,0.000,0.000,0.000,0.000,0.000,0.000,0.000,0.000,0.000,0.000,0.000,0.000,3.529,0.000,0.000,0.000]
  Iter 15: LB=3.243007  UB=22.563447  gap=8.56e-01
  Cut: intercept=29.462359, π_x_range=[-202.1468, 0.2333]
  Mini-Benders[1] (mw): LB=3.357695, Z₀(α*)=29.696155, intercept=29.820782 (0.937s) [OMP=0.842 ISP-L=0.010 ISP-F=0.034 MW-L=0.024 MW-F=0.037]
  Mini-Benders[2] (mw): LB=3.361474, Z₀(α*)=24.359527, intercept=-47.087603 (0.828s) [OMP=0.737 ISP-L=0.009 ISP-F=0.032 MW-L=0.023 MW-F=0.037]
  Mini-Benders[3] (mw): LB=3.495772, Z₀(α*)=10.142691, intercept=-11.912326 (0.969s) [OMP=0.843 ISP-L=0.011 ISP-F=0.028 MW-L=0.026 MW-F=0.049]
  Mini-Benders[4] (mw): LB=3.511366, Z₀(α*)=-10.378562, intercept=-80.620885 (0.953s) [OMP=0.873 ISP-L=0.010 ISP-F=0.023 MW-L=0.024 MW-F=0.029]
  Mini-Benders[5] (mw): LB=3.511367, Z₀(α*)=-10.378562, intercept=-80.620885 (0.828s) [OMP=0.739 ISP-L=0.009 ISP-F=0.023 MW-L=0.023 MW-F=0.029]
  α-step: Z₀=19.111907, α=[0.000,0.000,0.000,0.000,0.000,0.000,0.000,0.000,0.000,0.000,0.000,0.000,0.000,0.000,0.000,0.000,0.000,0.000,0.000,0.000,0.000,0.000,0.000,0.000,0.000,0.000,0.000,0.000,0.000,0.000,0.000,0.000,0.000,0.000,2.589,0.000,0.000,0.000,0.000,0.000,0.000,0.000,0.000,0.000,0.000,0.000,0.000,0.000,0.000,0.000,0.100,3.308,0.000,0.000,0.000,0.000,0.000,0.000,0.000,0.000,0.000,0.000,0.000,0.000,0.000,0.000,0.000,0.000,0.000,0.000,0.000,0.000,4.446,0.000,0.000,0.000]
  Alt-Benders[1] (mw): LB=3.691947, Z₀(α*)=17.386986, intercept=6.563822 (1.500s) [OMP=1.393 ISP-L=0.010 ISP-F=0.038 MW-L=0.024 MW-F=0.033]
  Alt-Benders[2] (mw): LB=3.754011, Z₀(α*)=7.628314, intercept=-80.748857 (1.718s) [OMP=1.601 ISP-L=0.008 ISP-F=0.030 MW-L=0.026 MW-F=0.047]
  Alt-Benders[3] (mw): LB=3.868677, Z₀(α*)=20.034658, intercept=-4.473016 (0.797s) [OMP=0.714 ISP-L=0.010 ISP-F=0.030 MW-L=0.024 MW-F=0.029]
  Alt-Benders[4] (mw): LB=4.092193, Z₀(α*)=4.472677, intercept=-14.210302 (0.938s) [OMP=0.823 ISP-L=0.011 ISP-F=0.032 MW-L=0.022 MW-F=0.040]
  Alt-Benders[5] (mw): LB=4.211158, Z₀(α*)=17.183966, intercept=-15.313832 (1.484s) [OMP=1.369 ISP-L=0.011 ISP-F=0.034 MW-L=0.036 MW-F=0.035]
  OMP re-solve: 0.727s

=== True-DRO Benders iter 16 ===
  OMP: t₀=4.375618, UB=22.563447, gap=8.06e-01, x=[0, 1, 0, 0, 0, 0, 0, 0, 0, 0, 0, 0, 0, 0, 0, 0, 0, 0, 0, 0, 0, 0, 0, 0, 0, 0, 0, 0, 0, 0, 0, 0, 0, 0, 0, 0, 0, 0, 0, 0, 0, 0, 0, 0, 0, 0, 0, 0, 0, 0, 0, 0, 0, 0, 0, 0, 0, 0, 0, 0, 0, 0, 0, 0, 0, 0, 0, 0, 0, 0, 0, 1, 0, 0, 0, 0] (0.000s)
  Sub: Z₀=21.684408 [LOCAL] (0.3s), α=[0.000,0.000,0.000,0.000,0.000,0.000,0.000,0.000,0.000,0.000,0.000,0.000,0.000,0.000,0.000,0.000,0.000,0.000,0.000,0.000,0.000,0.000,0.000,0.000,0.000,0.000,0.000,0.000,0.000,0.000,0.000,0.000,0.000,0.000,0.000,0.000,0.000,0.000,0.000,0.000,0.000,0.000,0.000,0.000,0.000,0.000,0.000,0.000,0.000,0.000,0.000,0.000,0.000,0.000,0.000,0.000,0.000,0.000,0.000,0.000,0.000,0.000,0.000,0.000,0.000,0.000,0.000,0.000,0.000,0.000,0.000,7.186,3.257,0.000,0.000,0.000]
  Iter 16: LB=4.375618  UB=22.563447  gap=8.06e-01
  Cut: intercept=-1091.222211, π_x_range=[-824.1201, 558.4380]
  Mini-Benders[1] (mw): LB=4.384448, Z₀(α*)=-12.715430, intercept=-60.063676 (1.015s) [OMP=0.903 ISP-L=0.011 ISP-F=0.030 MW-L=0.022 MW-F=0.044]
  Mini-Benders[2] (mw): LB=4.384448, Z₀(α*)=-12.715430, intercept=-60.063676 (1.172s) [OMP=1.065 ISP-L=0.011 ISP-F=0.030 MW-L=0.022 MW-F=0.033]
  Mini-Benders[3] (mw): LB=4.384448, Z₀(α*)=-12.715430, intercept=-60.063676 (0.953s) [OMP=0.853 ISP-L=0.010 ISP-F=0.029 MW-L=0.022 MW-F=0.035]
  Mini-Benders[4]: LB stagnated, break
  α-step: Z₀=22.774920, α=[0.000,0.000,0.000,0.000,0.000,0.000,0.000,0.000,0.000,0.000,0.000,0.000,0.000,0.000,0.000,0.000,0.000,0.000,0.000,0.000,0.000,0.000,0.000,0.000,0.000,0.000,0.000,0.000,0.000,0.000,0.000,0.000,0.000,0.000,2.763,0.000,0.000,0.000,0.000,0.000,0.000,0.000,0.000,0.000,0.000,0.000,0.000,0.000,0.000,0.000,3.390,0.000,0.000,0.000,0.000,0.000,0.000,0.000,0.000,0.000,0.000,0.000,0.000,0.000,0.000,0.000,0.000,0.000,0.000,0.000,0.000,4.190,0.100,0.000,0.000,0.000]
  Alt-Benders[1] (mw): LB=4.401012, Z₀(α*)=16.877015, intercept=-76.717376 (0.984s) [OMP=0.876 ISP-L=0.010 ISP-F=0.035 MW-L=0.022 MW-F=0.027]
  Alt-Benders[2] (mw): LB=4.472675, Z₀(α*)=-11.542697, intercept=-58.718355 (1.344s) [OMP=1.220 ISP-L=0.011 ISP-F=0.035 MW-L=0.039 MW-F=0.042]
  Alt-Benders[3] (mw): LB=4.472675, Z₀(α*)=-11.542697, intercept=-58.718355 (0.797s) [OMP=0.681 ISP-L=0.011 ISP-F=0.035 MW-L=0.026 MW-F=0.041]
  Alt-Benders[4] (mw): LB=4.472675, Z₀(α*)=-11.542697, intercept=-58.718355 (0.812s) [OMP=0.682 ISP-L=0.011 ISP-F=0.034 MW-L=0.027 MW-F=0.055]
  Alt-Benders[5]: LB stagnated, break
  OMP re-solve: 0.001s

=== True-DRO Benders iter 17 ===
  OMP: t₀=4.472675, UB=22.563447, gap=8.02e-01, x=[0, 0, 0, 0, 0, 0, 0, 0, 0, 0, 0, 0, 0, 1, 0, 0, 0, 0, 0, 0, 0, 0, 0, 0, 0, 0, 0, 0, 0, 0, 0, 0, 0, 0, 0, 0, 0, 0, 0, 0, 0, 0, 0, 0, 0, 0, 0, 0, 0, 0, 0, 0, 0, 0, 0, 0, 0, 0, 0, 0, 0, 0, 0, 0, 0, 0, 0, 0, 0, 0, 0, 0, 1, 0, 0, 0] (0.001s)
  Sub: Z₀=23.101394 [LOCAL] (0.4s), α=[0.000,0.000,0.000,0.000,0.000,0.000,0.000,0.000,0.000,0.000,0.000,0.000,0.000,0.000,0.000,0.000,0.000,0.000,0.000,0.000,0.000,0.000,0.000,0.000,0.000,0.000,0.000,0.000,0.000,0.000,0.000,0.000,0.000,0.000,0.000,0.000,0.000,0.000,0.000,0.000,0.000,0.000,0.000,0.000,0.000,0.000,0.000,0.000,0.000,0.000,0.000,0.000,0.000,0.000,0.000,0.000,0.000,0.000,0.000,0.000,0.000,0.000,0.000,0.000,0.000,0.000,0.000,0.000,0.000,0.000,0.000,0.000,10.443,0.000,0.000,0.000]
  Iter 17: LB=4.472675  UB=22.563447  gap=8.02e-01
  Cut: intercept=-1141.241983, π_x_range=[-826.9818, 589.3953]
  Mini-Benders[1] (mw): LB=4.631750, Z₀(α*)=26.260753, intercept=1.190810 (1.344s) [OMP=1.245 ISP-L=0.011 ISP-F=0.030 MW-L=0.026 MW-F=0.038]
  Mini-Benders[2] (mw): LB=4.670297, Z₀(α*)=2.551927, intercept=-58.847915 (0.875s) [OMP=0.758 ISP-L=0.010 ISP-F=0.032 MW-L=0.036 MW-F=0.032]
  Mini-Benders[3] (mw): LB=4.670297, Z₀(α*)=2.551927, intercept=-58.847915 (0.781s) [OMP=0.674 ISP-L=0.010 ISP-F=0.033 MW-L=0.024 MW-F=0.031]
  Mini-Benders[4] (mw): LB=4.670297, Z₀(α*)=2.551927, intercept=-58.847915 (0.782s) [OMP=0.667 ISP-L=0.011 ISP-F=0.033 MW-L=0.025 MW-F=0.043]
  Mini-Benders[5]: LB stagnated, break
  α-step: Z₀=25.419461, α=[0.000,0.000,0.000,0.000,0.000,0.000,0.000,0.000,0.000,0.000,1.710,0.000,0.000,0.000,0.000,0.000,0.000,0.000,0.000,0.000,0.000,0.000,0.000,0.000,0.000,0.000,0.000,0.000,0.000,0.000,0.000,0.000,0.000,0.000,0.000,0.000,0.000,0.000,0.000,0.000,0.000,0.000,0.000,0.000,0.000,0.000,0.000,0.000,0.000,0.000,0.100,2.131,0.000,0.000,0.000,0.000,0.000,0.000,0.000,0.000,0.000,3.234,0.000,0.000,0.000,0.000,0.000,0.000,0.000,0.000,0.000,0.000,3.268,0.000,0.000,0.000]
  Alt-Benders[1] (mw): LB=4.758910, Z₀(α*)=9.326623, intercept=9.665800 (0.797s) [OMP=0.707 ISP-L=0.011 ISP-F=0.032 MW-L=0.022 MW-F=0.027]
  Alt-Benders[2] (mw): LB=4.759206, Z₀(α*)=3.864737, intercept=-48.848745 (0.813s) [OMP=0.699 ISP-L=0.011 ISP-F=0.029 MW-L=0.035 MW-F=0.035]
  Alt-Benders[3] (mw): LB=4.759206, Z₀(α*)=3.864737, intercept=-48.848745 (0.906s) [OMP=0.805 ISP-L=0.011 ISP-F=0.030 MW-L=0.022 MW-F=0.034]
  Alt-Benders[4] (mw): LB=4.759206, Z₀(α*)=3.864737, intercept=-48.848745 (0.922s) [OMP=0.813 ISP-L=0.011 ISP-F=0.029 MW-L=0.023 MW-F=0.046]
  Alt-Benders[5]: LB stagnated, break
  OMP re-solve: 0.001s

=== True-DRO Benders iter 18 ===
  OMP: t₀=4.759206, UB=22.563447, gap=7.89e-01, x=[0, 0, 0, 0, 0, 0, 0, 0, 0, 0, 0, 0, 0, 0, 0, 0, 0, 0, 0, 0, 1, 0, 0, 0, 0, 0, 0, 0, 0, 0, 0, 0, 0, 0, 0, 0, 0, 0, 0, 0, 0, 0, 0, 0, 0, 0, 0, 0, 0, 0, 0, 0, 0, 1, 0, 0, 0, 0, 0, 0, 0, 0, 0, 0, 0, 0, 0, 0, 0, 0, 0, 0, 0, 0, 0, 0] (0.001s)
  Sub: Z₀=24.784364 [LOCAL] (0.5s), α=[0.000,0.000,0.000,0.000,0.000,0.000,0.000,0.000,0.000,0.000,0.000,0.000,0.000,0.000,0.000,0.000,0.000,0.000,0.000,0.000,0.000,0.000,0.000,0.000,0.000,0.000,0.000,0.000,0.000,0.000,0.000,0.000,0.000,0.000,5.119,0.000,0.000,0.000,0.000,0.000,0.000,0.000,0.000,0.000,0.000,0.000,0.000,0.000,0.000,0.000,1.618,0.000,0.000,3.232,0.000,0.474,0.000,0.000,0.000,0.000,0.000,0.000,0.000,0.000,0.000,0.000,0.000,0.000,0.000,0.000,0.000,0.000,0.000,0.000,0.000,0.000]
  Iter 18: LB=4.759206  UB=22.563447  gap=7.89e-01
  Cut: intercept=-1110.915634, π_x_range=[-826.2433, 588.5445]
  Mini-Benders[1] (mw): LB=4.796645, Z₀(α*)=-0.963822, intercept=0.142544 (0.844s) [OMP=0.711 ISP-L=0.011 ISP-F=0.039 MW-L=0.020 MW-F=0.048]
  Mini-Benders[2] (mw): LB=4.796645, Z₀(α*)=-0.963822, intercept=0.142544 (0.765s) [OMP=0.669 ISP-L=0.010 ISP-F=0.039 MW-L=0.021 MW-F=0.036]
  Mini-Benders[3] (mw): LB=4.796645, Z₀(α*)=-0.963822, intercept=0.142544 (0.797s) [OMP=0.685 ISP-L=0.011 ISP-F=0.039 MW-L=0.020 MW-F=0.036]
  Mini-Benders[4]: LB stagnated, break
  α-step: Z₀=28.777247, α=[0.000,0.000,0.000,0.000,0.000,0.000,0.000,0.000,0.000,0.000,0.000,0.000,0.000,0.000,0.000,0.000,0.000,0.000,0.000,0.000,3.180,0.000,0.000,0.000,0.000,0.000,0.000,0.000,0.000,0.000,0.000,0.000,0.000,0.000,4.102,0.000,0.000,0.000,0.000,0.000,0.000,0.000,0.000,0.000,0.000,0.000,0.000,0.000,0.000,0.000,0.000,0.000,0.000,0.000,0.000,0.000,0.000,0.000,0.000,0.000,0.000,0.000,0.000,0.000,0.000,0.000,0.000,0.000,0.000,0.000,0.000,0.000,3.161,0.000,0.000,0.000]
  Alt-Benders[1] (mw): LB=4.926475, Z₀(α*)=21.999460, intercept=-19.340044 (0.813s) [OMP=0.711 ISP-L=0.011 ISP-F=0.028 MW-L=0.025 MW-F=0.023]
  Alt-Benders[2] (mw): LB=5.265331, Z₀(α*)=26.207997, intercept=-19.525101 (0.844s) [OMP=0.744 ISP-L=0.010 ISP-F=0.028 MW-L=0.020 MW-F=0.041]
  Alt-Benders[3] (mw): LB=5.386990, Z₀(α*)=21.462314, intercept=3.552563 (0.812s) [OMP=0.729 ISP-L=0.009 ISP-F=0.030 MW-L=0.025 MW-F=0.027]
  Alt-Benders[4] (mw): LB=5.438342, Z₀(α*)=28.336400, intercept=-10.522068 (0.859s) [OMP=0.755 ISP-L=0.010 ISP-F=0.031 MW-L=0.023 MW-F=0.033]
  Alt-Benders[5] (mw): LB=5.474094, Z₀(α*)=-6.604295, intercept=-70.521625 (1.172s) [OMP=1.071 ISP-L=0.010 ISP-F=0.025 MW-L=0.033 MW-F=0.032]
  OMP re-solve: 0.865s

=== True-DRO Benders iter 19 ===
  OMP: t₀=5.474094, UB=22.563447, gap=7.57e-01, x=[0, 0, 0, 0, 0, 0, 0, 0, 0, 1, 0, 0, 0, 0, 0, 0, 0, 0, 0, 0, 0, 0, 0, 0, 0, 0, 0, 0, 0, 0, 0, 0, 0, 0, 0, 0, 0, 0, 0, 0, 0, 0, 0, 0, 0, 0, 0, 0, 0, 0, 0, 0, 0, 0, 0, 0, 0, 0, 0, 0, 0, 0, 0, 0, 0, 0, 0, 0, 0, 0, 0, 1, 0, 0, 0, 0] (0.001s)
  Sub: Z₀=21.784229 [LOCAL] (0.4s), α=[0.000,0.000,0.000,0.000,0.000,0.000,0.000,0.000,0.000,0.000,0.000,0.000,0.000,0.000,0.000,0.000,0.000,0.000,0.000,0.000,0.000,0.000,0.000,0.000,0.000,0.000,0.000,0.000,0.000,0.000,0.000,0.000,0.000,0.000,0.000,0.000,0.000,0.000,0.000,0.000,0.000,0.000,0.000,0.000,0.000,0.000,0.000,0.000,0.000,0.000,0.000,0.000,0.000,0.000,0.000,0.000,0.000,0.000,0.000,0.000,0.000,0.000,0.000,0.000,0.000,0.000,0.000,0.000,0.000,0.000,0.000,6.831,3.612,0.000,0.000,0.000]
  Iter 19: LB=5.474094  UB=22.563447  gap=7.57e-01
  Cut: intercept=-1142.677431, π_x_range=[-825.2536, 595.3601]
  Mini-Benders[1] (mw): LB=5.508810, Z₀(α*)=15.276122, intercept=-51.144890 (0.922s) [OMP=0.795 ISP-L=0.011 ISP-F=0.035 MW-L=0.021 MW-F=0.053]
  Mini-Benders[2] (mw): LB=5.576429, Z₀(α*)=7.674111, intercept=-7.205144 (0.890s) [OMP=0.780 ISP-L=0.011 ISP-F=0.038 MW-L=0.024 MW-F=0.028]
  Mini-Benders[3] (mw): LB=5.665797, Z₀(α*)=7.950755, intercept=2.888843 (0.875s) [OMP=0.776 ISP-L=0.011 ISP-F=0.032 MW-L=0.024 MW-F=0.035]
  Mini-Benders[4] (mw): LB=5.756479, Z₀(α*)=17.324584, intercept=2.036152 (0.891s) [OMP=0.766 ISP-L=0.010 ISP-F=0.031 MW-L=0.034 MW-F=0.042]
  Mini-Benders[5] (mw): LB=5.959703, Z₀(α*)=21.784234, intercept=-25.907918 (0.875s) [OMP=0.787 ISP-L=0.012 ISP-F=0.027 MW-L=0.023 MW-F=0.033]
  α-step: Z₀=22.964448, α=[0.000,0.000,0.000,0.000,0.000,0.000,0.000,0.000,0.000,0.000,0.000,0.000,0.000,0.000,0.000,0.000,0.000,0.000,0.000,0.000,0.000,0.000,0.000,0.000,0.000,0.000,0.000,0.000,0.000,0.000,0.000,0.000,0.000,0.000,0.000,0.000,0.000,0.000,0.000,0.000,0.000,0.000,0.000,0.000,0.000,0.000,0.000,0.000,0.000,0.000,0.000,0.000,0.000,0.000,0.000,0.000,0.000,0.000,0.000,0.000,0.000,0.000,0.000,0.000,0.000,0.000,0.000,0.000,0.000,0.000,0.000,0.000,10.443,0.000,0.000,0.000]
  Alt-Benders[1] (mw): LB=6.151592, Z₀(α*)=24.380220, intercept=5.013608 (0.859s) [OMP=0.743 ISP-L=0.011 ISP-F=0.035 MW-L=0.025 MW-F=0.035]
  Alt-Benders[2] (mw): LB=6.173879, Z₀(α*)=25.269936, intercept=3.760672 (0.907s) [OMP=0.803 ISP-L=0.011 ISP-F=0.029 MW-L=0.022 MW-F=0.048]
  Alt-Benders[3] (mw): LB=6.211662, Z₀(α*)=24.563943, intercept=-14.161584 (0.843s) [OMP=0.732 ISP-L=0.011 ISP-F=0.032 MW-L=0.022 MW-F=0.034]
  Alt-Benders[4] (mw): LB=6.219106, Z₀(α*)=24.882478, intercept=-0.812783 (0.829s) [OMP=0.726 ISP-L=0.011 ISP-F=0.032 MW-L=0.022 MW-F=0.034]
  Alt-Benders[5] (mw): LB=6.235347, Z₀(α*)=21.954676, intercept=-46.978435 (1.109s) [OMP=0.999 ISP-L=0.008 ISP-F=0.028 MW-L=0.033 MW-F=0.038]
  OMP re-solve: 0.763s

=== True-DRO Benders iter 20 ===
  OMP: t₀=6.295521, UB=22.563447, gap=7.21e-01, x=[0, 0, 0, 0, 0, 0, 0, 0, 0, 0, 0, 0, 0, 1, 0, 0, 0, 0, 0, 0, 0, 0, 0, 0, 0, 0, 0, 0, 0, 0, 0, 0, 0, 0, 0, 0, 0, 0, 0, 0, 0, 0, 0, 0, 0, 1, 0, 0, 0, 0, 0, 0, 0, 0, 0, 0, 0, 0, 0, 0, 0, 0, 0, 0, 0, 0, 0, 0, 0, 0, 0, 0, 0, 0, 0, 0] (0.001s)
  Sub: Z₀=28.839240 [TIME_LIMIT] (15.2s), α=[0.000,0.000,0.000,0.000,0.000,0.000,0.000,0.000,0.000,0.000,0.000,0.000,0.000,3.940,0.000,0.000,0.000,0.000,0.000,0.000,0.000,0.000,0.000,0.000,0.000,0.000,0.000,0.000,0.000,0.000,0.000,0.000,0.000,0.000,0.028,0.000,0.000,0.000,0.000,0.000,0.000,0.000,0.000,0.000,0.000,0.000,0.000,0.000,0.000,0.000,0.133,0.000,0.000,0.000,0.000,0.000,0.000,0.000,0.000,0.000,0.000,0.000,0.000,0.000,0.000,0.000,0.000,0.000,0.000,0.000,0.000,1.454,4.887,0.000,0.000,0.000]
  Iter 20: LB=6.295521  UB=22.563447  gap=7.21e-01
  Cut: intercept=-44.662257, π_x_range=[-256.0000, 47.2095]
  Mini-Benders[1] (mw): LB=6.300910, Z₀(α*)=9.171076, intercept=-42.736787 (1.203s) [OMP=1.085 ISP-L=0.011 ISP-F=0.031 MW-L=0.023 MW-F=0.044]
  Mini-Benders[2] (mw): LB=6.375587, Z₀(α*)=27.931701, intercept=7.128145 (1.156s) [OMP=1.068 ISP-L=0.011 ISP-F=0.030 MW-L=0.023 MW-F=0.028]
  Mini-Benders[3] (mw): LB=6.573723, Z₀(α*)=10.433673, intercept=-96.233153 (1.297s) [OMP=1.189 ISP-L=0.011 ISP-F=0.032 MW-L=0.024 MW-F=0.033]
  Mini-Benders[4] (mw): LB=6.723231, Z₀(α*)=15.831432, intercept=-9.001439 (1.328s) [OMP=1.214 ISP-L=0.010 ISP-F=0.029 MW-L=0.036 MW-F=0.036]
  Mini-Benders[5] (mw): LB=7.187497, Z₀(α*)=10.189925, intercept=-91.923353 (1.219s) [OMP=1.110 ISP-L=0.009 ISP-F=0.030 MW-L=0.024 MW-F=0.043]
  α-step: Z₀=24.732422, α=[0.000,0.000,0.000,0.000,0.000,0.000,0.000,0.000,0.000,0.000,0.000,0.000,0.000,0.000,0.000,0.000,0.000,0.000,0.000,0.000,0.000,0.000,0.000,0.000,0.000,0.000,0.000,0.000,0.000,0.000,0.000,0.000,0.000,0.000,0.356,0.000,0.000,0.000,0.000,0.000,0.000,0.000,0.000,0.000,0.000,0.000,0.000,0.000,0.000,0.000,0.000,0.000,0.000,0.000,0.000,0.000,0.000,0.000,0.000,0.000,0.000,0.000,5.053,0.000,0.000,0.000,0.000,0.000,0.000,0.000,0.000,0.000,5.034,0.000,0.000,0.000]
  Alt-Benders[1] (mw): LB=7.628312, Z₀(α*)=-2.069360, intercept=-82.361825 (0.875s) [OMP=0.772 ISP-L=0.009 ISP-F=0.029 MW-L=0.023 MW-F=0.039]
  Alt-Benders[2] (mw): LB=7.628312, Z₀(α*)=-2.069360, intercept=-82.361825 (1.109s) [OMP=0.987 ISP-L=0.008 ISP-F=0.029 MW-L=0.022 MW-F=0.052]
  Alt-Benders[3] (mw): LB=7.628312, Z₀(α*)=-2.069360, intercept=-82.361825 (0.844s) [OMP=0.738 ISP-L=0.008 ISP-F=0.029 MW-L=0.023 MW-F=0.039]
  Alt-Benders[4]: LB stagnated, break
  OMP re-solve: 0.001s

=== True-DRO Benders iter 21 ===
  OMP: t₀=7.628312, UB=22.563447, gap=6.62e-01, x=[0, 0, 0, 0, 0, 0, 0, 0, 0, 0, 0, 0, 0, 0, 0, 0, 0, 0, 0, 0, 0, 0, 0, 0, 0, 0, 0, 0, 0, 0, 0, 0, 0, 0, 0, 0, 0, 0, 0, 0, 0, 0, 0, 0, 0, 1, 0, 0, 0, 1, 0, 0, 0, 0, 0, 0, 0, 0, 0, 0, 0, 0, 0, 0, 0, 0, 0, 0, 0, 0, 0, 0, 0, 0, 0, 0] (0.001s)
  Sub: Z₀=26.869577 [LOCAL] (0.4s), α=[0.000,0.000,0.000,0.000,0.000,0.000,0.000,0.000,0.000,0.000,0.000,0.000,0.000,0.000,0.000,0.000,0.000,0.000,0.000,0.000,0.000,0.000,0.000,0.000,0.000,0.000,0.000,0.000,0.000,0.000,0.000,0.000,0.000,0.000,0.000,0.000,0.000,0.000,0.013,0.000,0.000,0.000,0.000,0.000,0.000,0.288,0.000,0.000,0.000,5.663,0.000,0.000,0.000,0.000,0.000,0.000,0.000,0.000,0.000,0.000,0.000,0.000,0.000,0.000,0.000,0.000,0.000,0.000,0.000,0.000,0.000,0.000,4.478,0.000,0.000,0.000]
  Iter 21: LB=7.628312  UB=22.563447  gap=6.62e-01
  Cut: intercept=-1100.984031, π_x_range=[-824.7825, 572.6692]
  Mini-Benders[1] (mw): LB=7.637052, Z₀(α*)=-5.511007, intercept=-38.016213 (1.047s) [OMP=0.933 ISP-L=0.010 ISP-F=0.028 MW-L=0.034 MW-F=0.037]
  Mini-Benders[2] (mw): LB=7.637052, Z₀(α*)=-5.511007, intercept=-38.016213 (1.172s) [OMP=1.069 ISP-L=0.010 ISP-F=0.028 MW-L=0.022 MW-F=0.035]
  Mini-Benders[3] (mw): LB=7.637052, Z₀(α*)=-5.511007, intercept=-38.016213 (1.172s) [OMP=1.068 ISP-L=0.010 ISP-F=0.028 MW-L=0.022 MW-F=0.048]
  Mini-Benders[4]: LB stagnated, break
  α-step: Z₀=23.984961, α=[0.000,0.000,0.000,0.000,0.000,0.000,0.000,0.000,0.000,0.000,0.000,0.000,0.000,0.000,0.000,0.000,2.887,0.000,0.000,0.000,0.000,0.000,0.000,0.000,0.000,0.000,0.000,0.000,0.000,0.000,0.000,0.000,0.000,0.000,0.000,0.000,0.000,0.000,0.000,0.000,0.000,0.000,0.000,0.000,0.000,0.000,0.000,0.000,0.000,0.000,0.000,0.000,0.000,0.000,0.000,0.000,0.000,0.000,0.000,0.000,0.000,0.000,0.000,0.000,0.000,0.000,0.000,0.000,0.000,0.000,0.000,0.000,7.556,0.000,0.000,0.000]
  Alt-Benders[1] (mw): LB=7.674109, Z₀(α*)=27.195837, intercept=-9.634057 (1.140s) [OMP=1.033 ISP-L=0.011 ISP-F=0.030 MW-L=0.024 MW-F=0.042]
  Alt-Benders[2] (mw): LB=7.791815, Z₀(α*)=27.319965, intercept=-6.373424 (0.906s) [OMP=0.777 ISP-L=0.011 ISP-F=0.030 MW-L=0.034 MW-F=0.056]
  Alt-Benders[3] (mw): LB=7.866764, Z₀(α*)=22.147404, intercept=-14.615097 (1.188s) [OMP=1.095 ISP-L=0.011 ISP-F=0.030 MW-L=0.023 MW-F=0.029]
  Alt-Benders[4] (mw): LB=8.009006, Z₀(α*)=25.534146, intercept=-14.212225 (0.875s) [OMP=0.757 ISP-L=0.011 ISP-F=0.029 MW-L=0.020 MW-F=0.045]
  Alt-Benders[5] (mw): LB=8.085477, Z₀(α*)=4.231797, intercept=-99.061256 (1.109s) [OMP=1.017 ISP-L=0.011 ISP-F=0.027 MW-L=0.022 MW-F=0.030]
  OMP re-solve: 1.031s

=== True-DRO Benders iter 22 ===
  OMP: t₀=8.085477, UB=22.563447, gap=6.42e-01, x=[0, 0, 0, 0, 0, 0, 0, 0, 0, 0, 0, 0, 0, 0, 0, 0, 0, 0, 0, 0, 0, 0, 0, 0, 0, 0, 0, 0, 0, 0, 0, 0, 0, 0, 0, 0, 0, 0, 0, 0, 0, 0, 0, 0, 0, 0, 0, 0, 0, 0, 0, 0, 0, 1, 0, 0, 0, 0, 0, 0, 0, 0, 0, 0, 0, 0, 0, 0, 0, 0, 0, 1, 0, 0, 0, 0] (0.000s)
  Sub: Z₀=18.497539 [LOCAL] (0.3s), α=[0.000,0.000,0.000,0.000,0.000,0.000,0.000,0.000,0.000,0.000,0.000,0.000,0.000,0.000,0.000,0.000,0.000,0.000,0.000,0.000,0.000,0.000,0.000,0.000,0.000,0.000,0.000,0.000,0.000,0.000,0.000,0.000,0.000,0.000,0.000,0.000,0.000,0.000,0.000,0.000,0.000,0.000,0.000,0.000,0.000,0.000,0.000,0.000,0.000,0.000,0.000,0.000,0.000,0.000,0.000,0.000,0.000,0.000,0.000,0.000,0.000,0.000,0.000,0.000,0.000,0.000,0.000,0.000,0.000,0.000,0.000,10.443,0.000,0.000,0.000,0.000]
  Iter 22: LB=8.085477  UB=22.563447  gap=6.42e-01
  Cut: intercept=-1117.916760, π_x_range=[-825.0039, 573.4864]
  Mini-Benders[1] (mw): LB=8.113420, Z₀(α*)=-18.828211, intercept=-138.985492 (1.093s) [OMP=0.987 ISP-L=0.011 ISP-F=0.034 MW-L=0.032 MW-F=0.032]
  Mini-Benders[2] (mw): LB=8.113420, Z₀(α*)=-18.828211, intercept=-138.985492 (1.219s) [OMP=1.119 ISP-L=0.011 ISP-F=0.034 MW-L=0.019 MW-F=0.030]
  Mini-Benders[3] (mw): LB=8.113420, Z₀(α*)=-18.828211, intercept=-138.985492 (1.109s) [OMP=1.001 ISP-L=0.012 ISP-F=0.034 MW-L=0.031 MW-F=0.031]
  Mini-Benders[4]: LB stagnated, break
  α-step: Z₀=27.032967, α=[0.000,0.000,0.000,0.000,0.000,0.000,0.000,0.000,0.000,0.000,0.000,0.000,0.000,0.000,0.000,0.000,0.000,0.000,0.000,0.000,0.000,0.000,0.000,0.000,0.000,0.000,0.000,0.000,0.000,0.000,0.000,0.000,0.000,0.000,0.000,0.000,0.000,0.000,0.000,0.000,0.000,0.000,0.000,0.000,0.000,0.000,0.000,0.000,0.000,0.000,2.532,0.000,0.000,0.474,0.000,0.000,0.000,0.000,0.000,0.000,0.000,0.000,1.263,0.000,0.000,0.000,0.000,0.000,0.000,0.000,0.000,0.000,6.174,0.000,0.000,0.000]
  Alt-Benders[1] (mw): LB=8.349706, Z₀(α*)=29.683110, intercept=29.683109 (0.922s) [OMP=0.806 ISP-L=0.010 ISP-F=0.031 MW-L=0.024 MW-F=0.045]
  Alt-Benders[2] (mw): LB=8.516675, Z₀(α*)=12.286431, intercept=-75.542099 (0.890s) [OMP=0.796 ISP-L=0.011 ISP-F=0.027 MW-L=0.027 MW-F=0.029]
  Alt-Benders[3] (mw): LB=8.569017, Z₀(α*)=14.999316, intercept=-45.721578 (1.125s) [OMP=1.028 ISP-L=0.009 ISP-F=0.028 MW-L=0.022 MW-F=0.031]
  Alt-Benders[4] (mw): LB=8.757801, Z₀(α*)=29.683110, intercept=29.683116 (1.188s) [OMP=1.079 ISP-L=0.011 ISP-F=0.031 MW-L=0.037 MW-F=0.026]
  Alt-Benders[5] (mw): LB=8.808386, Z₀(α*)=1.783147, intercept=-44.516563 (1.078s) [OMP=0.983 ISP-L=0.009 ISP-F=0.026 MW-L=0.023 MW-F=0.032]
  OMP re-solve: 1.232s

=== True-DRO Benders iter 23 ===
  OMP: t₀=8.808386, UB=22.563447, gap=6.10e-01, x=[0, 0, 0, 0, 0, 0, 0, 0, 0, 0, 0, 0, 0, 1, 0, 0, 0, 0, 0, 0, 0, 0, 0, 0, 0, 0, 0, 0, 0, 0, 0, 0, 0, 0, 0, 0, 0, 0, 0, 0, 0, 0, 1, 0, 0, 0, 0, 0, 0, 0, 0, 0, 0, 0, 0, 0, 0, 0, 0, 0, 0, 0, 0, 0, 0, 0, 0, 0, 0, 0, 0, 0, 0, 0, 0, 0] (0.001s)
  Sub: Z₀=24.793054 [LOCAL] (0.7s), α=[0.000,0.000,0.000,0.000,0.000,0.000,0.000,0.000,0.000,0.000,0.000,0.000,0.000,3.857,0.000,0.000,0.000,0.000,0.000,0.000,0.000,0.000,0.000,0.000,0.000,0.000,0.000,0.000,0.000,0.000,0.000,0.000,0.000,0.000,1.899,0.000,0.000,0.000,0.000,0.000,0.000,0.000,2.241,0.000,0.000,0.000,0.000,0.000,0.000,0.000,0.000,0.000,0.000,0.000,0.000,0.000,0.000,0.000,0.000,0.000,0.000,0.000,0.000,0.000,0.000,0.000,0.000,0.000,0.000,0.000,0.000,0.000,2.446,0.000,0.000,0.000]
  Iter 23: LB=8.808386  UB=22.563447  gap=6.10e-01
  Cut: intercept=-1101.304451, π_x_range=[-825.8897, 586.9517]
  Mini-Benders[1] (mw): LB=9.015588, Z₀(α*)=-2.372427, intercept=-8.027091 (1.204s) [OMP=1.098 ISP-L=0.011 ISP-F=0.030 MW-L=0.024 MW-F=0.033]
  Mini-Benders[2] (mw): LB=9.015588, Z₀(α*)=-2.372427, intercept=-8.027091 (1.046s) [OMP=0.951 ISP-L=0.011 ISP-F=0.029 MW-L=0.023 MW-F=0.033]
  Mini-Benders[3] (mw): LB=9.015588, Z₀(α*)=-2.372427, intercept=-8.027091 (1.079s) [OMP=0.952 ISP-L=0.011 ISP-F=0.029 MW-L=0.037 MW-F=0.034]
  Mini-Benders[4]: LB stagnated, break
  α-step: Z₀=25.906778, α=[0.000,0.000,0.000,0.000,0.000,0.000,0.000,0.000,0.000,0.000,0.000,0.000,0.000,0.000,0.000,0.000,2.662,0.000,0.000,0.000,0.000,0.000,0.000,0.000,0.000,0.000,0.000,0.000,0.000,0.000,0.000,0.000,0.000,0.000,4.169,0.000,0.000,0.000,0.000,0.000,0.000,0.000,0.000,0.000,0.000,0.000,0.000,0.000,0.000,0.000,0.000,0.000,0.000,0.000,0.000,0.000,0.000,0.000,0.000,0.000,0.000,0.000,0.000,0.000,0.000,0.000,0.000,0.000,0.000,0.000,0.000,0.000,3.612,0.000,0.000,0.000]
  Alt-Benders[1] (mw): LB=9.102358, Z₀(α*)=27.678659, intercept=-13.199364 (0.844s) [OMP=0.730 ISP-L=0.010 ISP-F=0.028 MW-L=0.026 MW-F=0.051]
  Alt-Benders[2] (mw): LB=9.171074, Z₀(α*)=25.144644, intercept=11.019751 (1.156s) [OMP=1.049 ISP-L=0.011 ISP-F=0.030 MW-L=0.020 MW-F=0.037]
  Alt-Benders[3] (mw): LB=9.281010, Z₀(α*)=26.019916, intercept=-3.689769 (1.063s) [OMP=0.968 ISP-L=0.009 ISP-F=0.029 MW-L=0.021 MW-F=0.041]
  Alt-Benders[4] (mw): LB=9.362262, Z₀(α*)=16.997692, intercept=-34.814763 (1.125s) [OMP=1.020 ISP-L=0.012 ISP-F=0.030 MW-L=0.023 MW-F=0.038]
  Alt-Benders[5] (mw): LB=9.487298, Z₀(α*)=25.717338, intercept=11.255053 (1.234s) [OMP=1.110 ISP-L=0.012 ISP-F=0.032 MW-L=0.020 MW-F=0.060]
  OMP re-solve: 1.039s

=== True-DRO Benders iter 24 ===
  OMP: t₀=9.664441, UB=22.563447, gap=5.72e-01, x=[0, 0, 0, 0, 0, 0, 0, 0, 0, 0, 0, 0, 0, 0, 0, 0, 0, 0, 0, 0, 0, 0, 0, 0, 0, 0, 0, 0, 0, 0, 0, 0, 0, 0, 0, 0, 0, 0, 1, 0, 0, 0, 0, 0, 0, 0, 0, 0, 0, 0, 0, 0, 0, 1, 0, 0, 0, 0, 0, 0, 0, 0, 0, 0, 0, 0, 0, 0, 0, 0, 0, 0, 0, 0, 0, 0] (0.000s)
  Sub: Z₀=25.366479 [LOCAL] (0.5s), α=[0.000,0.000,0.000,0.000,0.000,0.000,0.000,0.000,0.000,0.000,0.000,0.000,0.000,0.000,0.000,0.000,0.000,0.000,0.000,0.000,0.000,0.000,0.000,0.000,0.000,0.000,0.000,0.000,0.000,0.000,0.000,0.000,0.000,0.000,3.670,0.000,0.000,0.000,0.000,0.000,0.000,0.000,0.000,0.000,0.000,0.000,0.000,0.000,0.000,0.000,1.738,0.000,0.000,4.550,0.000,0.485,0.000,0.000,0.000,0.000,0.000,0.000,0.000,0.000,0.000,0.000,0.000,0.000,0.000,0.000,0.000,0.000,0.000,0.000,0.000,0.000]
  Iter 24: LB=9.664441  UB=22.563447  gap=5.72e-01
  Cut: intercept=-1122.437726, π_x_range=[-828.6035, 588.3842]
  Mini-Benders[1] (mw): LB=9.687750, Z₀(α*)=9.035298, intercept=-68.183251 (1.110s) [OMP=0.995 ISP-L=0.011 ISP-F=0.039 MW-L=0.022 MW-F=0.035]
  Mini-Benders[2] (mw): LB=9.687750, Z₀(α*)=9.035298, intercept=-68.183251 (1.187s) [OMP=1.074 ISP-L=0.010 ISP-F=0.039 MW-L=0.022 MW-F=0.048]
  Mini-Benders[3] (mw): LB=9.687750, Z₀(α*)=9.035298, intercept=-68.183251 (1.203s) [OMP=1.095 ISP-L=0.010 ISP-F=0.039 MW-L=0.023 MW-F=0.035]
  Mini-Benders[4]: LB stagnated, break
  α-step: Z₀=28.409740, α=[0.000,0.000,0.000,0.000,0.000,0.000,0.000,0.000,0.000,0.000,0.000,0.000,0.000,0.000,0.000,0.000,0.733,0.000,0.000,0.000,0.000,0.000,0.000,0.000,0.000,0.000,0.000,0.000,0.000,0.000,0.000,0.000,0.000,0.000,1.151,0.000,0.000,0.000,0.781,0.000,0.000,0.000,0.000,0.000,0.000,0.000,0.000,0.000,0.000,0.000,2.666,0.000,0.000,0.000,0.000,0.000,0.000,0.000,0.000,0.000,0.000,0.000,0.000,0.000,0.000,0.000,0.000,0.000,0.000,0.000,0.000,0.000,5.112,0.000,0.000,0.000]
  Alt-Benders[1] (mw): LB=9.871995, Z₀(α*)=5.440661, intercept=-62.432020 (1.156s) [OMP=1.036 ISP-L=0.011 ISP-F=0.031 MW-L=0.036 MW-F=0.028]
  Alt-Benders[2] (mw): LB=9.871995, Z₀(α*)=5.440661, intercept=-62.432020 (0.969s) [OMP=0.873 ISP-L=0.011 ISP-F=0.031 MW-L=0.025 MW-F=0.027]
  Alt-Benders[3] (mw): LB=9.871995, Z₀(α*)=5.440661, intercept=-62.432020 (1.219s) [OMP=1.113 ISP-L=0.011 ISP-F=0.031 MW-L=0.025 MW-F=0.039]
  Alt-Benders[4]: LB stagnated, break
  OMP re-solve: 0.000s

=== True-DRO Benders iter 25 ===
  OMP: t₀=9.871995, UB=22.563447, gap=5.62e-01, x=[0, 1, 0, 0, 0, 0, 0, 0, 0, 0, 0, 0, 0, 0, 0, 0, 0, 0, 0, 0, 0, 0, 0, 0, 0, 0, 0, 0, 0, 0, 0, 0, 0, 0, 0, 0, 0, 0, 0, 0, 0, 0, 0, 0, 0, 0, 0, 0, 0, 0, 0, 1, 0, 0, 0, 0, 0, 0, 0, 0, 0, 0, 0, 0, 0, 0, 0, 0, 0, 0, 0, 0, 0, 0, 0, 0] (0.000s)
  Sub: Z₀=25.324761 [TIME_LIMIT] (15.2s), α=[0.000,3.379,0.000,0.000,0.000,0.000,0.000,0.000,0.000,0.000,0.000,0.000,0.000,0.000,0.000,0.000,0.000,0.000,0.000,0.000,0.000,0.000,0.000,0.000,0.000,0.000,0.000,0.000,0.000,0.000,0.000,0.000,0.000,0.000,0.181,0.000,0.000,0.000,0.000,0.000,0.000,0.000,0.000,0.000,0.000,0.000,0.000,0.000,0.000,0.000,0.000,3.442,0.000,0.000,0.000,0.000,0.000,0.000,0.000,0.000,0.000,0.000,0.000,0.000,0.000,0.000,0.000,0.000,0.000,0.000,0.000,0.000,3.442,0.000,0.000,0.000]
  Iter 25: LB=9.871995  UB=22.563447  gap=5.62e-01
  Cut: intercept=-107.019975, π_x_range=[-675.0599, 67.9329]
  Mini-Benders[1] (mw): LB=10.004630, Z₀(α*)=9.088924, intercept=-43.605702 (1.375s) [OMP=1.259 ISP-L=0.011 ISP-F=0.036 MW-L=0.021 MW-F=0.032]
  Mini-Benders[2] (mw): LB=10.004630, Z₀(α*)=9.088924, intercept=-43.605702 (1.203s) [OMP=1.088 ISP-L=0.011 ISP-F=0.035 MW-L=0.034 MW-F=0.032]
  Mini-Benders[3] (mw): LB=10.004630, Z₀(α*)=9.088924, intercept=-43.605702 (1.531s) [OMP=1.439 ISP-L=0.011 ISP-F=0.036 MW-L=0.022 MW-F=0.031]
  Mini-Benders[4]: LB stagnated, break
  α-step: Z₀=26.816173, α=[0.000,0.000,0.000,0.000,0.000,0.000,0.000,0.000,0.000,0.000,0.000,0.000,0.000,0.000,0.000,0.000,0.000,0.000,0.000,0.000,0.000,0.000,0.000,0.000,0.000,0.000,0.000,2.179,0.000,0.000,0.000,0.000,0.000,0.000,1.006,0.000,0.000,0.000,0.000,0.000,0.000,0.000,0.000,0.000,0.000,0.000,0.000,0.000,0.000,0.000,1.840,0.000,0.000,0.000,0.000,0.000,0.000,0.000,0.000,0.000,0.000,0.000,0.000,0.000,0.000,0.000,0.000,0.000,0.000,0.000,0.000,0.000,5.418,0.000,0.000,0.000]
  Alt-Benders[1] (mw): LB=10.051290, Z₀(α*)=24.600582, intercept=-5.560451 (0.969s) [OMP=0.855 ISP-L=0.009 ISP-F=0.038 MW-L=0.024 MW-F=0.030]
  Alt-Benders[2] (mw): LB=10.130855, Z₀(α*)=15.306843, intercept=-39.637998 (1.203s) [OMP=1.085 ISP-L=0.010 ISP-F=0.029 MW-L=0.024 MW-F=0.053]
  Alt-Benders[3] (mw): LB=10.142689, Z₀(α*)=17.702584, intercept=-55.028453 (0.953s) [OMP=0.854 ISP-L=0.011 ISP-F=0.029 MW-L=0.024 MW-F=0.038]
  Alt-Benders[4] (mw): LB=10.184034, Z₀(α*)=8.545695, intercept=-83.630092 (1.156s) [OMP=1.058 ISP-L=0.010 ISP-F=0.027 MW-L=0.023 MW-F=0.029]
  Alt-Benders[5] (mw): LB=10.184034, Z₀(α*)=8.545695, intercept=-83.630092 (1.281s) [OMP=1.184 ISP-L=0.009 ISP-F=0.028 MW-L=0.037 MW-F=0.029]
  OMP re-solve: 0.782s

=== True-DRO Benders iter 26 ===
  OMP: t₀=10.184034, UB=22.563447, gap=5.49e-01, x=[0, 0, 0, 0, 0, 0, 0, 0, 0, 0, 0, 0, 0, 0, 0, 0, 0, 0, 0, 0, 0, 0, 0, 0, 0, 0, 0, 0, 0, 0, 0, 0, 0, 0, 0, 0, 0, 0, 0, 0, 0, 0, 1, 0, 0, 0, 0, 0, 0, 0, 0, 0, 0, 0, 0, 0, 0, 0, 0, 0, 0, 0, 0, 0, 0, 0, 0, 0, 0, 0, 0, 1, 0, 0, 0, 0] (0.001s)
  Sub: Z₀=21.631670 [LOCAL] (0.3s), α=[0.000,0.000,0.000,0.000,0.000,0.000,0.000,0.000,0.000,0.000,0.000,0.000,0.000,0.000,0.000,0.000,0.000,0.000,0.000,0.000,0.000,0.000,0.000,0.000,0.000,0.000,0.000,0.000,0.000,0.000,0.000,0.000,0.000,0.000,0.000,0.000,0.000,0.000,0.000,0.000,0.000,0.000,0.000,0.000,0.000,0.000,0.000,0.000,0.000,0.000,0.000,0.000,0.000,0.000,0.000,0.000,0.000,0.000,0.000,0.000,0.000,0.000,0.000,0.000,0.000,0.000,0.000,0.000,0.000,0.000,0.000,7.186,3.257,0.000,0.000,0.000]
  Iter 26: LB=10.184034  UB=22.563447  gap=5.49e-01
  Cut: intercept=-1070.261571, π_x_range=[-824.8743, 551.2470]
  Mini-Benders[1] (mw): LB=10.189923, Z₀(α*)=-3.578453, intercept=-73.915105 (1.203s) [OMP=1.107 ISP-L=0.009 ISP-F=0.028 MW-L=0.022 MW-F=0.046]
  Mini-Benders[2] (mw): LB=10.189923, Z₀(α*)=-3.578453, intercept=-73.915105 (1.188s) [OMP=1.085 ISP-L=0.009 ISP-F=0.028 MW-L=0.022 MW-F=0.035]
  Mini-Benders[3] (mw): LB=10.189923, Z₀(α*)=-3.578453, intercept=-73.915105 (1.172s) [OMP=1.081 ISP-L=0.009 ISP-F=0.028 MW-L=0.022 MW-F=0.035]
  Mini-Benders[4]: LB stagnated, break
  α-step: Z₀=24.943520, α=[0.000,0.000,0.000,0.000,0.000,0.000,0.000,0.000,0.000,0.000,0.000,0.000,0.000,0.000,0.000,0.000,2.332,0.000,0.000,0.000,0.000,0.000,0.000,0.000,0.000,0.000,0.000,0.000,0.000,0.000,0.000,0.000,0.000,0.000,0.000,0.000,0.000,0.000,0.000,0.000,0.000,0.000,4.573,0.000,0.000,0.000,0.000,0.000,0.000,0.000,0.708,0.000,0.000,0.000,0.000,0.000,0.000,0.000,0.000,0.000,0.000,0.000,0.000,0.000,0.000,0.000,0.000,0.000,0.000,0.000,0.000,0.000,2.830,0.000,0.000,0.000]
  Alt-Benders[1] (mw): LB=10.287194, Z₀(α*)=8.387283, intercept=-64.753130 (1.047s) [OMP=0.949 ISP-L=0.012 ISP-F=0.035 MW-L=0.022 MW-F=0.028]
  Alt-Benders[2] (mw): LB=10.287194, Z₀(α*)=8.387283, intercept=-64.753130 (1.344s) [OMP=1.237 ISP-L=0.011 ISP-F=0.035 MW-L=0.022 MW-F=0.041]
  Alt-Benders[3] (mw): LB=10.287194, Z₀(α*)=8.387283, intercept=-64.753130 (0.890s) [OMP=0.798 ISP-L=0.011 ISP-F=0.035 MW-L=0.022 MW-F=0.029]
  Alt-Benders[4]: LB stagnated, break
  OMP re-solve: 0.001s

=== True-DRO Benders iter 27 ===
  OMP: t₀=10.287194, UB=22.563447, gap=5.44e-01, x=[0, 0, 0, 0, 0, 0, 0, 0, 0, 0, 0, 0, 0, 0, 0, 0, 0, 0, 0, 0, 0, 0, 0, 0, 0, 0, 0, 0, 0, 1, 0, 0, 0, 0, 0, 0, 0, 0, 0, 0, 0, 0, 0, 0, 0, 0, 0, 0, 0, 0, 0, 0, 0, 0, 0, 0, 0, 0, 0, 0, 0, 1, 0, 0, 0, 0, 0, 0, 0, 0, 0, 0, 0, 0, 0, 0] (0.001s)
  Sub: Z₀=27.527058 [LOCAL] (0.4s), α=[0.000,0.000,0.000,0.000,0.000,0.000,0.000,0.000,0.000,0.000,0.000,0.000,0.000,0.000,0.000,0.000,1.381,0.000,0.000,0.000,0.175,0.000,0.000,0.000,0.000,0.000,0.000,0.000,0.000,0.000,0.000,0.000,0.000,0.000,0.000,0.000,0.000,0.000,0.000,0.000,0.000,0.000,0.000,0.000,0.000,0.000,0.000,0.000,0.000,0.000,2.213,0.000,0.000,0.267,0.000,0.000,0.000,0.000,0.000,0.000,0.000,0.669,0.000,0.000,0.000,0.000,0.000,0.000,0.000,0.000,0.000,0.000,5.737,0.000,0.000,0.000]
  Iter 27: LB=10.287194  UB=22.563447  gap=5.44e-01
  Cut: intercept=-1088.338457, π_x_range=[-827.0949, 581.7620]
  Mini-Benders[1] (mw): LB=10.305171, Z₀(α*)=21.905281, intercept=0.059311 (1.109s) [OMP=0.991 ISP-L=0.011 ISP-F=0.035 MW-L=0.040 MW-F=0.035]
  Mini-Benders[2] (mw): LB=10.433671, Z₀(α*)=23.671258, intercept=-93.900791 (1.281s) [OMP=1.182 ISP-L=0.012 ISP-F=0.031 MW-L=0.022 MW-F=0.030]
  Mini-Benders[3] (mw): LB=10.492927, Z₀(α*)=27.134269, intercept=27.224760 (0.938s) [OMP=0.810 ISP-L=0.012 ISP-F=0.037 MW-L=0.022 MW-F=0.048]
  Mini-Benders[4] (mw): LB=10.494285, Z₀(α*)=27.279274, intercept=27.279276 (1.187s) [OMP=1.080 ISP-L=0.012 ISP-F=0.036 MW-L=0.023 MW-F=0.031]
  Mini-Benders[5] (mw): LB=10.872611, Z₀(α*)=21.713942, intercept=-3.106347 (1.078s) [OMP=0.965 ISP-L=0.011 ISP-F=0.034 MW-L=0.019 MW-F=0.050]
  α-step: Z₀=22.922791, α=[0.000,0.000,0.000,0.000,0.000,0.000,0.000,0.000,0.000,0.000,0.678,0.000,0.000,0.000,0.000,0.000,0.000,0.000,0.000,0.000,0.000,0.000,0.000,0.000,0.000,0.000,0.000,0.000,0.000,0.000,0.000,0.000,0.000,0.000,0.000,0.000,0.000,0.000,0.000,0.000,0.000,0.000,0.000,0.000,0.000,0.000,0.000,0.000,0.000,0.000,8.101,0.000,0.000,0.000,0.000,0.236,0.000,0.000,0.000,0.000,0.000,0.000,0.000,0.000,0.000,0.000,0.000,0.000,0.000,0.000,0.000,1.427,0.000,0.000,0.000,0.000]
  Alt-Benders[1] (mw): LB=11.039737, Z₀(α*)=-46.672547, intercept=-104.257932 (1.203s) [OMP=1.108 ISP-L=0.010 ISP-F=0.028 MW-L=0.025 MW-F=0.030]
  Alt-Benders[2] (mw): LB=11.039737, Z₀(α*)=-46.672547, intercept=-104.257932 (1.078s) [OMP=0.968 ISP-L=0.010 ISP-F=0.027 MW-L=0.037 MW-F=0.031]
  Alt-Benders[3] (mw): LB=11.039737, Z₀(α*)=-46.672547, intercept=-104.257932 (1.015s) [OMP=0.930 ISP-L=0.010 ISP-F=0.027 MW-L=0.025 MW-F=0.030]
  Alt-Benders[4]: LB stagnated, break
  OMP re-solve: 0.001s

=== True-DRO Benders iter 28 ===
  OMP: t₀=11.039737, UB=22.563447, gap=5.11e-01, x=[0, 0, 0, 0, 0, 0, 0, 0, 0, 0, 0, 0, 0, 0, 0, 0, 0, 0, 0, 0, 0, 0, 0, 0, 0, 0, 0, 0, 0, 0, 0, 0, 0, 0, 1, 0, 0, 0, 0, 0, 0, 0, 0, 0, 0, 0, 0, 0, 0, 0, 0, 0, 0, 0, 0, 0, 0, 0, 0, 0, 0, 0, 0, 0, 0, 0, 0, 0, 0, 0, 0, 1, 0, 0, 0, 0] (0.001s)
  Sub: Z₀=19.183177 [LOCAL] (0.4s), α=[0.000,0.000,0.000,0.000,0.000,0.000,0.000,0.000,0.000,0.000,0.000,0.000,0.000,0.000,0.000,0.000,0.000,0.000,0.000,0.000,0.000,0.000,0.000,0.000,0.000,0.000,0.000,0.000,0.000,0.000,0.000,0.000,0.000,0.000,1.981,0.000,0.000,0.000,0.000,0.000,0.000,0.000,0.000,0.000,0.000,0.000,0.000,0.000,0.000,0.000,0.547,0.000,0.000,0.000,0.000,0.000,0.000,0.000,0.000,0.000,0.000,0.000,0.000,0.000,0.000,0.000,0.000,0.000,0.000,0.000,0.000,1.981,5.935,0.000,0.000,0.000]
  Iter 28: LB=11.039737  UB=22.563447  gap=5.11e-01
  Cut: intercept=-1106.178115, π_x_range=[-824.8145, 569.7090]
  Mini-Benders[1] (mw): LB=11.212193, Z₀(α*)=21.938752, intercept=-21.221638 (0.984s) [OMP=0.880 ISP-L=0.010 ISP-F=0.033 MW-L=0.026 MW-F=0.031]
  Mini-Benders[2] (mw): LB=11.334685, Z₀(α*)=16.971888, intercept=6.192716 (1.375s) [OMP=1.274 ISP-L=0.009 ISP-F=0.033 MW-L=0.022 MW-F=0.037]
  Mini-Benders[3] (mw): LB=11.431033, Z₀(α*)=21.256445, intercept=-7.732071 (1.016s) [OMP=0.897 ISP-L=0.011 ISP-F=0.032 MW-L=0.034 MW-F=0.040]
  Mini-Benders[4] (mw): LB=11.480712, Z₀(α*)=28.437327, intercept=-16.688582 (1.062s) [OMP=0.937 ISP-L=0.011 ISP-F=0.041 MW-L=0.023 MW-F=0.041]
  Mini-Benders[5] (mw): LB=11.502987, Z₀(α*)=23.239683, intercept=-29.089115 (1.031s) [OMP=0.934 ISP-L=0.011 ISP-F=0.035 MW-L=0.024 MW-F=0.037]
  α-step: Z₀=17.783576, α=[0.000,0.000,0.000,0.000,0.000,0.000,0.000,0.000,0.000,0.000,0.000,0.000,0.000,0.000,0.000,0.000,0.000,0.000,0.000,0.000,0.000,0.000,0.000,0.000,0.000,0.000,0.000,0.000,0.000,0.000,0.000,0.000,0.000,0.000,0.000,0.000,0.000,0.000,0.000,0.000,0.000,0.000,0.000,0.000,0.000,0.000,0.000,0.000,0.000,0.000,0.625,0.797,0.000,0.000,0.000,0.000,0.000,0.000,0.000,0.000,0.000,0.000,0.000,0.000,0.000,0.000,0.000,0.000,0.000,0.000,0.000,1.427,7.594,0.000,0.000,0.000]
  Alt-Benders[1] (mw): LB=11.898146, Z₀(α*)=23.105949, intercept=23.859440 (1.031s) [OMP=0.926 ISP-L=0.011 ISP-F=0.039 MW-L=0.019 MW-F=0.032]
  Alt-Benders[2] (mw): LB=12.123370, Z₀(α*)=22.670261, intercept=-35.636429 (1.031s) [OMP=0.924 ISP-L=0.011 ISP-F=0.033 MW-L=0.034 MW-F=0.031]
  Alt-Benders[3] (mw): LB=12.127340, Z₀(α*)=17.700321, intercept=-50.598968 (0.969s) [OMP=0.852 ISP-L=0.011 ISP-F=0.033 MW-L=0.025 MW-F=0.032]
  Alt-Benders[4] (mw): LB=12.143758, Z₀(α*)=22.956160, intercept=-12.168706 (1.109s) [OMP=1.009 ISP-L=0.010 ISP-F=0.031 MW-L=0.033 MW-F=0.036]
  Alt-Benders[5] (mw): LB=12.215620, Z₀(α*)=27.581812, intercept=-21.027362 (1.016s) [OMP=0.913 ISP-L=0.009 ISP-F=0.031 MW-L=0.023 MW-F=0.032]
  OMP re-solve: 0.927s

=== True-DRO Benders iter 29 ===
  OMP: t₀=12.275292, UB=22.563447, gap=4.56e-01, x=[0, 0, 0, 0, 0, 0, 0, 0, 0, 0, 0, 0, 0, 0, 0, 0, 0, 0, 0, 0, 1, 0, 0, 0, 0, 0, 0, 0, 0, 0, 0, 0, 0, 0, 0, 0, 0, 0, 0, 0, 0, 0, 0, 0, 0, 0, 0, 0, 0, 0, 0, 0, 0, 0, 0, 0, 0, 0, 0, 0, 0, 0, 0, 0, 0, 0, 0, 0, 0, 0, 0, 1, 0, 0, 0, 0] (0.001s)
  Sub: Z₀=21.357578 [LOCAL] (0.6s), α=[0.000,0.000,0.000,0.000,0.000,0.000,0.000,0.000,0.000,0.000,0.000,0.000,0.000,0.000,0.000,0.000,0.000,0.000,0.000,0.000,0.000,0.000,0.000,0.000,0.000,0.000,0.000,0.000,0.000,0.000,0.000,0.000,0.000,0.000,0.000,0.000,0.000,0.000,0.000,0.000,0.000,0.000,0.000,0.000,0.000,0.000,0.000,0.000,0.000,0.000,0.000,0.000,0.000,0.000,0.000,0.000,0.000,0.000,0.000,0.000,0.000,0.000,0.000,0.000,0.000,0.000,0.000,0.000,0.000,0.000,0.000,7.186,3.257,0.000,0.000,0.000]
  Iter 29: LB=12.275292  UB=22.563447  gap=4.56e-01
  Cut: intercept=-1132.771584, π_x_range=[-823.5083, 594.9045]
  Mini-Benders[1] (mw): LB=12.286429, Z₀(α*)=21.617337, intercept=-67.053537 (1.031s) [OMP=0.916 ISP-L=0.011 ISP-F=0.029 MW-L=0.022 MW-F=0.039]
  Mini-Benders[2] (mw): LB=12.435355, Z₀(α*)=15.690225, intercept=8.838943 (1.047s) [OMP=0.951 ISP-L=0.010 ISP-F=0.031 MW-L=0.021 MW-F=0.032]
  Mini-Benders[3] (mw): LB=12.614956, Z₀(α*)=7.584705, intercept=10.014325 (1.015s) [OMP=0.918 ISP-L=0.011 ISP-F=0.029 MW-L=0.034 MW-F=0.028]
  Mini-Benders[4] (mw): LB=12.614956, Z₀(α*)=7.584705, intercept=10.014325 (0.954s) [OMP=0.857 ISP-L=0.011 ISP-F=0.029 MW-L=0.021 MW-F=0.028]
  Mini-Benders[5] (mw): LB=12.614956, Z₀(α*)=7.584705, intercept=10.014325 (0.984s) [OMP=0.875 ISP-L=0.011 ISP-F=0.029 MW-L=0.022 MW-F=0.040]
  α-step: Z₀=29.786624, α=[0.000,0.000,0.000,0.000,0.000,0.000,0.000,0.000,0.000,0.000,0.000,0.000,0.000,0.000,0.000,0.000,3.680,0.000,0.000,0.000,0.000,0.000,0.000,0.000,0.000,0.000,0.000,0.000,0.000,0.000,0.000,0.000,0.000,0.000,0.000,0.000,0.000,0.000,0.000,0.000,0.000,0.000,0.000,0.000,0.000,0.000,0.000,0.000,0.000,0.000,0.291,0.000,0.000,0.000,0.000,0.000,0.000,0.000,0.000,0.000,0.000,0.000,0.000,0.000,0.000,0.000,0.000,0.000,0.000,0.000,0.000,1.427,5.045,0.000,0.000,0.000]
  Alt-Benders[1] (mw): LB=12.756349, Z₀(α*)=26.721168, intercept=12.668630 (1.016s) [OMP=0.924 ISP-L=0.011 ISP-F=0.031 MW-L=0.020 MW-F=0.032]
  Alt-Benders[2] (mw): LB=12.824630, Z₀(α*)=3.305729, intercept=-11.442908 (1.031s) [OMP=0.901 ISP-L=0.011 ISP-F=0.030 MW-L=0.036 MW-F=0.037]
  Alt-Benders[3] (mw): LB=12.824630, Z₀(α*)=3.305729, intercept=-11.442908 (1.000s) [OMP=0.898 ISP-L=0.011 ISP-F=0.031 MW-L=0.023 MW-F=0.036]
  Alt-Benders[4] (mw): LB=12.824630, Z₀(α*)=3.305729, intercept=-11.442908 (1.016s) [OMP=0.898 ISP-L=0.011 ISP-F=0.031 MW-L=0.024 MW-F=0.048]
  Alt-Benders[5]: LB stagnated, break
  OMP re-solve: 0.001s

=== True-DRO Benders iter 30 ===
  OMP: t₀=12.824630, UB=22.563447, gap=4.32e-01, x=[0, 0, 0, 0, 0, 0, 0, 0, 0, 0, 0, 0, 0, 0, 0, 0, 0, 0, 0, 0, 0, 0, 0, 0, 0, 0, 0, 0, 0, 0, 0, 0, 0, 0, 0, 0, 0, 0, 0, 0, 0, 0, 0, 0, 0, 0, 0, 0, 0, 0, 1, 0, 0, 1, 0, 0, 0, 0, 0, 0, 0, 0, 0, 0, 0, 0, 0, 0, 0, 0, 0, 0, 0, 0, 0, 0] (0.001s)
  Sub: Z₀=24.638485 [TIME_LIMIT] (15.1s), α=[0.000,0.000,0.000,0.000,0.000,0.000,0.000,0.000,0.000,0.000,0.087,0.000,0.000,0.000,0.000,0.000,0.120,0.000,0.000,0.000,0.080,0.000,0.000,0.121,0.000,0.000,0.000,0.000,0.000,0.000,0.000,0.000,0.000,0.022,0.392,0.000,0.000,0.000,0.000,0.000,0.000,0.000,0.000,0.000,0.000,0.000,0.000,0.000,0.000,0.000,2.200,0.000,0.000,5.642,0.000,1.054,0.000,0.000,0.000,0.000,0.000,0.000,0.156,0.000,0.000,0.000,0.000,0.000,0.000,0.000,0.000,0.211,0.356,0.000,0.000,0.000]
  Iter 30: LB=12.824630  UB=22.563447  gap=4.32e-01
  Cut: intercept=-25.715472, π_x_range=[-280.0000, 47.8090]
  Mini-Benders[1] (mw): LB=12.901234, Z₀(α*)=0.970205, intercept=-47.016565 (1.141s) [OMP=1.030 ISP-L=0.012 ISP-F=0.032 MW-L=0.023 MW-F=0.033]
  Mini-Benders[2] (mw): LB=12.901234, Z₀(α*)=0.970205, intercept=-47.016565 (1.469s) [OMP=1.366 ISP-L=0.011 ISP-F=0.031 MW-L=0.036 MW-F=0.033]
  Mini-Benders[3] (mw): LB=12.901234, Z₀(α*)=0.970205, intercept=-47.016565 (1.437s) [OMP=1.327 ISP-L=0.012 ISP-F=0.032 MW-L=0.023 MW-F=0.032]
  Mini-Benders[4]: LB stagnated, break
  α-step: Z₀=26.139949, α=[0.000,0.000,0.000,0.000,0.000,0.000,0.000,0.000,0.000,0.000,0.000,0.000,0.000,0.000,0.000,0.000,0.946,0.000,0.000,0.000,0.000,0.000,0.000,0.000,0.000,0.000,0.000,0.000,0.000,0.000,0.000,0.000,0.000,0.000,0.181,0.000,0.000,0.000,0.000,0.000,0.000,0.000,0.000,0.000,0.000,0.000,0.000,0.000,0.000,0.000,2.532,3.046,0.000,0.000,0.000,0.000,0.000,0.000,0.000,0.000,0.000,0.000,0.000,0.000,0.000,0.000,0.000,0.000,0.000,0.000,0.000,0.000,3.738,0.000,0.000,0.000]
  Alt-Benders[1] (mw): LB=12.959610, Z₀(α*)=14.652220, intercept=-105.552118 (0.985s) [OMP=0.880 ISP-L=0.012 ISP-F=0.029 MW-L=0.026 MW-F=0.032]
  Alt-Benders[2] (mw): LB=13.037830, Z₀(α*)=13.578745, intercept=13.578748 (1.000s) [OMP=0.887 ISP-L=0.011 ISP-F=0.037 MW-L=0.022 MW-F=0.044]
  Alt-Benders[3] (mw): LB=13.045721, Z₀(α*)=4.321845, intercept=-12.645817 (0.984s) [OMP=0.884 ISP-L=0.011 ISP-F=0.029 MW-L=0.024 MW-F=0.031]
  Alt-Benders[4] (mw): LB=13.045721, Z₀(α*)=4.321845, intercept=-12.645817 (0.985s) [OMP=0.879 ISP-L=0.011 ISP-F=0.029 MW-L=0.023 MW-F=0.031]
  Alt-Benders[5] (mw): LB=13.045721, Z₀(α*)=4.321845, intercept=-12.645817 (0.968s) [OMP=0.862 ISP-L=0.011 ISP-F=0.028 MW-L=0.036 MW-F=0.033]
  OMP re-solve: 0.886s

=== True-DRO Benders iter 31 ===
  OMP: t₀=13.045721, UB=22.563447, gap=4.22e-01, x=[0, 0, 0, 0, 0, 0, 0, 0, 0, 0, 0, 0, 0, 0, 0, 0, 0, 0, 0, 0, 0, 0, 0, 0, 0, 0, 0, 0, 0, 0, 0, 0, 0, 0, 1, 0, 0, 0, 0, 0, 0, 0, 0, 0, 0, 0, 0, 0, 0, 0, 0, 0, 0, 0, 0, 0, 0, 0, 0, 0, 0, 0, 0, 0, 0, 0, 0, 0, 1, 0, 0, 0, 0, 0, 0, 0] (0.001s)
  Sub: Z₀=21.870268 [LOCAL] (0.3s), α=[0.000,0.000,0.000,0.000,0.000,0.000,0.000,0.000,0.000,0.000,0.000,0.000,0.000,0.000,0.000,0.000,0.000,0.000,0.000,0.000,0.000,0.000,0.000,0.000,0.000,0.000,0.000,0.000,0.000,0.000,0.000,0.000,0.000,0.000,7.997,0.000,0.000,0.000,0.000,0.000,0.000,0.000,0.000,0.000,0.000,0.000,0.000,0.000,0.000,0.000,0.000,0.000,0.000,0.000,0.000,0.000,0.000,0.000,0.000,0.000,0.000,0.000,0.000,0.000,0.000,0.000,0.000,0.000,0.000,0.000,0.000,0.000,2.446,0.000,0.000,0.000]
  Iter 31: LB=13.045721  UB=22.563447  gap=4.22e-01
  Cut: intercept=-1160.491032, π_x_range=[-825.4945, 595.3725]
  Mini-Benders[1] (mw): LB=13.051570, Z₀(α*)=18.310816, intercept=-43.140172 (1.000s) [OMP=0.897 ISP-L=0.010 ISP-F=0.028 MW-L=0.024 MW-F=0.048]
  Mini-Benders[2] (mw): LB=13.071386, Z₀(α*)=26.127437, intercept=26.564022 (1.015s) [OMP=0.903 ISP-L=0.011 ISP-F=0.030 MW-L=0.021 MW-F=0.034]
  Mini-Benders[3] (mw): LB=13.087560, Z₀(α*)=21.870273, intercept=0.453122 (1.000s) [OMP=0.904 ISP-L=0.011 ISP-F=0.033 MW-L=0.021 MW-F=0.040]
  Mini-Benders[4] (mw): LB=13.210521, Z₀(α*)=14.609512, intercept=-2.505093 (1.157s) [OMP=1.036 ISP-L=0.010 ISP-F=0.029 MW-L=0.031 MW-F=0.039]
  Mini-Benders[5] (mw): LB=13.371863, Z₀(α*)=17.902986, intercept=-60.789247 (1.093s) [OMP=0.997 ISP-L=0.009 ISP-F=0.031 MW-L=0.023 MW-F=0.035]
  α-step: Z₀=27.637399, α=[0.000,0.000,0.000,0.000,0.000,0.000,0.000,0.000,0.000,0.000,0.000,0.000,0.000,0.000,0.000,0.000,0.000,0.000,0.000,0.000,0.000,0.000,0.000,0.000,0.000,0.000,0.000,0.000,0.000,0.000,0.000,0.000,0.000,0.000,0.000,0.000,0.000,0.000,0.000,0.000,0.000,0.000,0.000,0.000,0.000,0.000,0.000,0.000,0.000,0.000,0.000,0.000,0.000,0.000,0.000,0.000,0.000,0.000,0.000,0.000,0.000,0.000,3.943,0.000,3.063,0.000,0.000,0.000,0.000,0.000,0.000,0.000,3.437,0.000,0.000,0.000]
  Alt-Benders[1] (mw): LB=13.458731, Z₀(α*)=17.454811, intercept=17.862400 (1.172s) [OMP=1.077 ISP-L=0.011 ISP-F=0.032 MW-L=0.021 MW-F=0.028]
  Alt-Benders[2] (mw): LB=13.525159, Z₀(α*)=-3.683739, intercept=-37.084624 (1.047s) [OMP=0.936 ISP-L=0.010 ISP-F=0.029 MW-L=0.026 MW-F=0.035]
  Alt-Benders[3] (mw): LB=13.525159, Z₀(α*)=-3.683739, intercept=-37.084624 (1.484s) [OMP=1.368 ISP-L=0.010 ISP-F=0.029 MW-L=0.040 MW-F=0.036]
  Alt-Benders[4] (mw): LB=13.525159, Z₀(α*)=-3.683739, intercept=-37.084624 (1.454s) [OMP=1.347 ISP-L=0.011 ISP-F=0.029 MW-L=0.027 MW-F=0.034]
  Alt-Benders[5]: LB stagnated, break
  OMP re-solve: 0.000s

=== True-DRO Benders iter 32 ===
  OMP: t₀=13.525159, UB=22.563447, gap=4.01e-01, x=[0, 0, 0, 0, 0, 0, 0, 0, 0, 0, 0, 0, 0, 0, 0, 0, 0, 0, 0, 0, 0, 0, 0, 0, 0, 0, 0, 0, 0, 1, 0, 0, 0, 0, 0, 0, 0, 0, 0, 0, 0, 0, 0, 0, 0, 0, 0, 0, 0, 0, 0, 0, 0, 1, 0, 0, 0, 0, 0, 0, 0, 0, 0, 0, 0, 0, 0, 0, 0, 0, 0, 0, 0, 0, 0, 0] (0.000s)
  Sub: Z₀=24.840986 [LOCAL] (0.5s), α=[0.000,0.000,0.000,0.000,0.000,0.000,0.000,0.000,0.000,0.000,0.000,0.000,0.000,0.000,0.000,0.000,0.000,0.000,0.000,0.000,0.000,0.000,0.000,0.000,0.000,0.000,0.000,0.000,0.000,0.000,0.000,0.000,0.000,0.000,2.630,0.000,0.000,0.000,0.000,0.000,0.000,0.000,0.000,0.000,0.000,0.000,0.000,0.000,0.000,0.000,1.774,0.000,0.000,4.996,0.000,0.503,0.000,0.000,0.000,0.000,0.000,0.000,0.000,0.000,0.000,0.000,0.000,0.000,0.000,0.000,0.000,0.041,0.500,0.000,0.000,0.000]
  Iter 32: LB=13.525159  UB=22.563447  gap=4.01e-01
  Cut: intercept=-1113.518584, π_x_range=[-826.8143, 582.8073]
  Mini-Benders[1] (mw): LB=13.578743, Z₀(α*)=-5.167218, intercept=-5.167217 (1.110s) [OMP=1.007 ISP-L=0.011 ISP-F=0.036 MW-L=0.021 MW-F=0.030]
  Mini-Benders[2] (mw): LB=13.578743, Z₀(α*)=-5.167218, intercept=-5.167217 (1.000s) [OMP=0.889 ISP-L=0.011 ISP-F=0.036 MW-L=0.021 MW-F=0.042]
  Mini-Benders[3] (mw): LB=13.578743, Z₀(α*)=-5.167218, intercept=-5.167217 (0.984s) [OMP=0.876 ISP-L=0.011 ISP-F=0.036 MW-L=0.021 MW-F=0.030]
  Mini-Benders[4]: LB stagnated, break
  α-step: Z₀=30.225708, α=[0.000,0.000,0.000,0.000,0.000,0.000,0.000,0.000,0.000,0.000,0.000,0.000,0.000,0.000,0.000,0.000,0.000,0.000,0.000,0.000,0.000,0.000,0.000,0.000,0.000,0.000,0.000,0.000,0.000,0.000,0.000,0.000,0.000,0.000,7.008,0.000,0.000,0.000,0.000,0.000,0.000,0.000,0.000,0.000,0.000,0.000,0.000,0.000,0.000,0.000,0.495,0.000,0.000,0.000,0.000,0.000,0.000,0.000,0.000,0.000,0.000,0.000,0.000,0.000,0.000,0.000,0.000,0.000,0.000,0.000,0.000,0.000,2.940,0.000,0.000,0.000]
  Alt-Benders[1] (mw): LB=13.646820, Z₀(α*)=30.282298, intercept=30.319210 (1.093s) [OMP=0.961 ISP-L=0.010 ISP-F=0.030 MW-L=0.033 MW-F=0.057]
  Alt-Benders[2] (mw): LB=13.670709, Z₀(α*)=16.721724, intercept=-58.428213 (1.016s) [OMP=0.924 ISP-L=0.010 ISP-F=0.028 MW-L=0.019 MW-F=0.030]
  Alt-Benders[3] (mw): LB=13.760504, Z₀(α*)=25.964960, intercept=-31.713426 (1.078s) [OMP=0.976 ISP-L=0.010 ISP-F=0.030 MW-L=0.021 MW-F=0.039]
  Alt-Benders[4] (mw): LB=13.867707, Z₀(α*)=21.319447, intercept=-32.887119 (1.078s) [OMP=0.972 ISP-L=0.010 ISP-F=0.031 MW-L=0.022 MW-F=0.034]
  Alt-Benders[5] (mw): LB=13.952973, Z₀(α*)=29.723322, intercept=30.319208 (1.063s) [OMP=0.941 ISP-L=0.009 ISP-F=0.030 MW-L=0.022 MW-F=0.056]
  OMP re-solve: 0.876s

=== True-DRO Benders iter 33 ===
  OMP: t₀=14.013175, UB=22.563447, gap=3.79e-01, x=[0, 0, 0, 0, 0, 0, 1, 0, 0, 0, 0, 0, 0, 0, 0, 0, 0, 0, 0, 0, 0, 0, 0, 0, 0, 0, 0, 0, 0, 0, 0, 0, 0, 0, 0, 0, 0, 0, 1, 0, 0, 0, 0, 0, 0, 0, 0, 0, 0, 0, 0, 0, 0, 0, 0, 0, 0, 0, 0, 0, 0, 0, 0, 0, 0, 0, 0, 0, 0, 0, 0, 0, 0, 0, 0, 0] (0.001s)
  Sub: Z₀=28.597018 [LOCAL] (0.7s), α=[0.000,0.000,0.000,0.000,0.000,0.000,0.000,0.000,0.000,0.000,0.000,0.000,0.000,0.000,0.000,0.000,1.593,0.000,0.000,0.000,0.153,0.000,0.000,0.000,0.000,0.000,0.000,0.000,0.000,0.000,0.000,0.000,0.000,0.000,2.589,0.000,0.000,0.000,0.000,0.000,0.000,0.000,0.000,0.000,0.000,0.000,0.000,0.000,0.000,0.000,1.831,0.000,0.000,0.000,0.000,0.000,0.000,0.000,0.000,0.000,0.000,0.000,0.000,0.000,0.000,0.000,0.000,0.000,0.000,0.000,0.000,0.000,4.277,0.000,0.000,0.000]
  Iter 33: LB=14.013175  UB=22.563447  gap=3.79e-01
  Cut: intercept=-1132.092142, π_x_range=[-829.8018, 588.3460]
  Mini-Benders[1] (mw): LB=14.040131, Z₀(α*)=27.699228, intercept=3.354582 (1.031s) [OMP=0.929 ISP-L=0.011 ISP-F=0.034 MW-L=0.022 MW-F=0.025]
  Mini-Benders[2] (mw): LB=14.040140, Z₀(α*)=27.423517, intercept=16.524496 (1.000s) [OMP=0.876 ISP-L=0.011 ISP-F=0.029 MW-L=0.023 MW-F=0.058]
  Mini-Benders[3] (mw): LB=14.105797, Z₀(α*)=28.733454, intercept=28.733455 (1.266s) [OMP=1.153 ISP-L=0.015 ISP-F=0.031 MW-L=0.024 MW-F=0.030]
  Mini-Benders[4] (mw): LB=14.226010, Z₀(α*)=19.513381, intercept=-34.254515 (1.047s) [OMP=0.939 ISP-L=0.012 ISP-F=0.034 MW-L=0.020 MW-F=0.041]
  Mini-Benders[5] (mw): LB=14.294281, Z₀(α*)=17.102468, intercept=-33.529059 (1.062s) [OMP=0.953 ISP-L=0.008 ISP-F=0.029 MW-L=0.036 MW-F=0.034]
  α-step: Z₀=21.724435, α=[0.000,0.000,0.000,0.000,0.000,0.000,0.000,0.000,0.000,0.000,0.000,0.000,0.000,0.000,0.000,0.000,0.219,0.000,0.000,0.000,0.000,0.000,0.000,0.000,0.000,0.000,0.000,0.000,0.000,0.000,0.000,0.000,0.000,0.000,5.726,0.000,0.000,0.000,0.000,0.000,0.000,0.000,0.000,0.000,0.000,0.000,0.000,0.000,0.000,0.000,0.000,0.000,0.000,0.000,0.000,0.000,0.000,0.000,0.000,0.000,0.000,0.000,1.039,0.000,0.000,0.000,0.000,0.000,0.000,0.000,0.000,0.000,3.460,0.000,0.000,0.000]
  Alt-Benders[1] (mw): LB=14.472644, Z₀(α*)=26.701190, intercept=-34.975784 (1.125s) [OMP=0.993 ISP-L=0.012 ISP-F=0.031 MW-L=0.023 MW-F=0.050]
  Alt-Benders[2] (mw): LB=14.589348, Z₀(α*)=25.505540, intercept=-2.674452 (1.063s) [OMP=0.967 ISP-L=0.010 ISP-F=0.032 MW-L=0.022 MW-F=0.036]
  Alt-Benders[3] (mw): LB=14.609510, Z₀(α*)=24.760696, intercept=-1.768437 (1.062s) [OMP=0.942 ISP-L=0.010 ISP-F=0.031 MW-L=0.021 MW-F=0.050]
  Alt-Benders[4] (mw): LB=14.643131, Z₀(α*)=25.630732, intercept=21.592298 (0.985s) [OMP=0.894 ISP-L=0.011 ISP-F=0.030 MW-L=0.022 MW-F=0.035]
  Alt-Benders[5] (mw): LB=14.646472, Z₀(α*)=25.663844, intercept=-7.722454 (1.062s) [OMP=0.954 ISP-L=0.011 ISP-F=0.032 MW-L=0.019 MW-F=0.032]
  OMP re-solve: 0.902s

=== True-DRO Benders iter 34 ===
  OMP: t₀=14.652218, UB=22.563447, gap=3.51e-01, x=[0, 0, 0, 0, 0, 0, 0, 0, 0, 0, 0, 0, 0, 0, 0, 0, 0, 0, 0, 0, 0, 0, 0, 0, 0, 0, 0, 0, 0, 0, 0, 0, 0, 0, 0, 0, 0, 0, 0, 0, 0, 0, 0, 0, 0, 0, 0, 0, 0, 0, 0, 0, 0, 0, 0, 0, 0, 0, 0, 0, 0, 1, 0, 0, 0, 0, 0, 0, 0, 0, 1, 0, 0, 0, 0, 0] (0.001s)
  Sub: Z₀=28.216163 [LOCAL] (0.3s), α=[0.000,0.000,0.000,0.000,0.000,0.000,0.000,0.000,0.000,0.000,0.000,0.000,0.000,0.000,0.000,0.000,0.000,0.000,0.000,0.000,0.000,0.000,0.000,0.000,0.000,0.000,0.000,0.000,0.000,0.000,0.000,0.000,0.000,0.000,0.000,0.000,0.000,0.000,0.000,0.000,0.000,0.000,0.000,0.000,0.000,0.000,0.000,0.000,0.000,0.000,1.622,0.000,0.000,0.055,0.000,0.000,0.000,0.000,0.000,0.000,0.000,3.650,0.000,0.000,0.000,0.000,0.000,0.000,0.007,0.000,0.133,0.000,4.976,0.000,0.000,0.000]
  Iter 34: LB=14.652218  UB=22.563447  gap=3.51e-01
  Cut: intercept=-1062.065840, π_x_range=[-826.8148, 554.1903]
  Mini-Benders[1] (mw): LB=14.779286, Z₀(α*)=13.887272, intercept=15.704213 (1.047s) [OMP=0.942 ISP-L=0.011 ISP-F=0.035 MW-L=0.021 MW-F=0.037]
  Mini-Benders[2] (mw): LB=14.779286, Z₀(α*)=13.887272, intercept=15.704213 (1.093s) [OMP=0.978 ISP-L=0.010 ISP-F=0.034 MW-L=0.021 MW-F=0.049]
  Mini-Benders[3] (mw): LB=14.779286, Z₀(α*)=13.887272, intercept=15.704213 (1.110s) [OMP=1.003 ISP-L=0.011 ISP-F=0.035 MW-L=0.022 MW-F=0.037]
  Mini-Benders[4]: LB stagnated, break
  α-step: Z₀=29.434943, α=[0.000,0.000,0.000,0.000,0.000,0.000,0.000,0.000,0.000,0.000,0.000,0.000,0.000,0.000,0.000,0.000,3.747,0.000,0.000,0.000,0.000,0.000,0.000,0.000,0.000,0.000,0.000,0.000,0.000,0.000,0.000,0.000,0.000,0.000,0.000,0.000,0.000,0.000,0.000,0.000,0.000,0.000,0.000,0.000,0.000,0.000,0.000,0.000,0.000,0.000,0.258,0.000,0.000,0.000,0.000,0.000,0.000,0.000,0.000,0.000,0.000,0.000,0.000,0.000,0.000,0.000,0.000,0.000,0.000,0.000,0.000,1.427,5.012,0.000,0.000,0.000]
  Alt-Benders[1] (mw): LB=14.849903, Z₀(α*)=23.181529, intercept=-20.984236 (1.047s) [OMP=0.948 ISP-L=0.011 ISP-F=0.029 MW-L=0.036 MW-F=0.025]
  Alt-Benders[2] (mw): LB=14.956844, Z₀(α*)=29.429280, intercept=29.828802 (1.062s) [OMP=0.933 ISP-L=0.010 ISP-F=0.033 MW-L=0.022 MW-F=0.056]
  Alt-Benders[3] (mw): LB=14.988393, Z₀(α*)=29.061495, intercept=-9.557856 (1.094s) [OMP=0.947 ISP-L=0.010 ISP-F=0.031 MW-L=0.023 MW-F=0.075]
  Alt-Benders[4] (mw): LB=14.999314, Z₀(α*)=18.757614, intercept=-42.710435 (1.063s) [OMP=0.964 ISP-L=0.008 ISP-F=0.033 MW-L=0.020 MW-F=0.038]
  Alt-Benders[5] (mw): LB=15.022873, Z₀(α*)=6.296447, intercept=-0.169621 (1.078s) [OMP=0.983 ISP-L=0.011 ISP-F=0.030 MW-L=0.023 MW-F=0.030]
  OMP re-solve: 0.900s

=== True-DRO Benders iter 35 ===
  OMP: t₀=15.022873, UB=22.563447, gap=3.34e-01, x=[0, 0, 0, 0, 0, 0, 0, 0, 0, 0, 0, 0, 0, 0, 0, 0, 0, 0, 0, 0, 0, 1, 0, 0, 0, 0, 0, 0, 0, 0, 0, 0, 0, 0, 0, 0, 0, 0, 0, 0, 0, 0, 0, 0, 0, 0, 0, 0, 0, 0, 0, 0, 0, 1, 0, 0, 0, 0, 0, 0, 0, 0, 0, 0, 0, 0, 0, 0, 0, 0, 0, 0, 0, 0, 0, 0] (0.001s)
  Sub: Z₀=25.420515 [TIME_LIMIT] (15.2s), α=[0.000,0.000,0.000,0.000,0.000,0.000,0.000,0.000,0.000,0.000,0.000,0.000,0.000,0.852,0.000,0.000,0.000,0.000,0.000,0.350,0.543,0.000,0.000,0.000,0.000,0.000,0.000,0.000,0.000,0.899,0.000,0.000,0.000,0.000,5.839,0.000,0.000,0.000,0.000,0.000,0.000,0.000,0.000,0.000,0.000,0.000,0.000,0.000,0.000,0.000,0.000,0.000,0.000,0.000,0.000,0.000,0.000,0.000,0.000,0.000,0.000,0.000,0.000,0.000,0.000,0.000,0.000,0.000,0.000,0.000,0.000,0.000,1.960,0.000,0.000,0.000]
  Iter 35: LB=15.022873  UB=22.563447  gap=3.34e-01
  Cut: intercept=-6.856122, π_x_range=[-197.2854, 32.2766]
  Mini-Benders[1] (mw): LB=15.154471, Z₀(α*)=26.746743, intercept=-10.013205 (1.172s) [OMP=1.075 ISP-L=0.010 ISP-F=0.031 MW-L=0.022 MW-F=0.035]
  Mini-Benders[2] (mw): LB=15.215801, Z₀(α*)=13.526872, intercept=-56.776197 (1.250s) [OMP=1.149 ISP-L=0.012 ISP-F=0.027 MW-L=0.022 MW-F=0.044]
  Mini-Benders[3] (mw): LB=15.215801, Z₀(α*)=13.526872, intercept=-56.776197 (1.219s) [OMP=1.110 ISP-L=0.012 ISP-F=0.027 MW-L=0.022 MW-F=0.032]
  Mini-Benders[4] (mw): LB=15.215801, Z₀(α*)=13.526872, intercept=-56.776197 (1.172s) [OMP=1.075 ISP-L=0.012 ISP-F=0.027 MW-L=0.022 MW-F=0.044]
  Mini-Benders[5]: LB stagnated, break
  α-step: Z₀=27.585103, α=[0.000,4.156,0.000,0.000,0.000,0.000,0.000,0.000,0.000,0.000,0.000,0.000,0.000,0.000,0.000,0.000,0.000,0.000,0.000,0.000,0.000,0.000,0.000,0.000,0.000,0.000,0.000,0.000,0.000,0.000,0.000,0.000,0.000,0.000,2.067,0.000,0.000,0.000,0.000,0.000,0.000,0.000,0.000,0.000,0.000,0.000,0.000,0.000,0.000,0.000,0.000,0.000,0.000,0.000,0.000,0.000,0.000,0.000,0.000,0.000,0.000,0.000,0.000,0.000,0.000,0.000,0.000,0.000,0.000,0.000,0.000,0.000,4.219,0.000,0.000,0.000]
  Alt-Benders[1] (mw): LB=15.241682, Z₀(α*)=15.877586, intercept=-7.271747 (1.140s) [OMP=1.036 ISP-L=0.011 ISP-F=0.033 MW-L=0.021 MW-F=0.028]
  Alt-Benders[2] (mw): LB=15.288286, Z₀(α*)=13.821795, intercept=14.049724 (1.110s) [OMP=1.001 ISP-L=0.011 ISP-F=0.038 MW-L=0.034 MW-F=0.030]
  Alt-Benders[3] (mw): LB=15.288286, Z₀(α*)=13.821795, intercept=14.049724 (1.125s) [OMP=1.020 ISP-L=0.011 ISP-F=0.038 MW-L=0.022 MW-F=0.029]
  Alt-Benders[4] (mw): LB=15.288286, Z₀(α*)=13.821795, intercept=14.049724 (1.156s) [OMP=1.036 ISP-L=0.011 ISP-F=0.038 MW-L=0.022 MW-F=0.042]
  Alt-Benders[5]: LB stagnated, break
  OMP re-solve: 0.001s

=== True-DRO Benders iter 36 ===
  OMP: t₀=15.288286, UB=22.563447, gap=3.22e-01, x=[0, 0, 0, 0, 0, 0, 0, 0, 0, 0, 0, 0, 0, 0, 0, 0, 0, 0, 0, 0, 0, 1, 0, 1, 0, 0, 0, 0, 0, 0, 0, 0, 0, 0, 0, 0, 0, 0, 0, 0, 0, 0, 0, 0, 0, 0, 0, 0, 0, 0, 0, 0, 0, 0, 0, 0, 0, 0, 0, 0, 0, 0, 0, 0, 0, 0, 0, 0, 0, 0, 0, 0, 0, 0, 0, 0] (0.001s)
  Sub: Z₀=29.065409 [LOCAL] (0.6s), α=[0.000,0.000,0.000,0.000,0.000,0.000,0.000,0.000,0.000,0.000,0.000,0.000,0.000,0.000,0.000,0.000,1.164,0.000,0.000,0.000,0.131,0.000,0.000,2.471,0.000,0.000,0.000,0.000,0.000,0.000,0.000,0.000,0.000,0.000,0.000,0.000,0.000,0.000,0.000,0.000,0.000,0.000,0.000,0.000,0.000,0.000,0.000,0.000,0.000,0.000,0.000,0.000,0.000,0.000,0.000,0.000,0.000,0.000,0.000,0.000,0.000,0.000,1.748,0.000,0.000,0.000,0.000,0.000,0.000,0.000,0.000,0.173,4.754,0.000,0.000,0.000]
  Iter 36: LB=15.288286  UB=22.563447  gap=3.22e-01
  Cut: intercept=-1097.297081, π_x_range=[-827.3107, 583.2784]
  Mini-Benders[1] (mw): LB=15.306841, Z₀(α*)=18.779886, intercept=-53.243121 (1.047s) [OMP=0.950 ISP-L=0.010 ISP-F=0.030 MW-L=0.022 MW-F=0.032]
  Mini-Benders[2] (mw): LB=15.449237, Z₀(α*)=-10.678015, intercept=-71.727068 (1.062s) [OMP=0.948 ISP-L=0.010 ISP-F=0.028 MW-L=0.035 MW-F=0.040]
  Mini-Benders[3] (mw): LB=15.449237, Z₀(α*)=-10.678015, intercept=-71.727068 (1.063s) [OMP=0.955 ISP-L=0.011 ISP-F=0.028 MW-L=0.022 MW-F=0.040]
  Mini-Benders[4] (mw): LB=15.449237, Z₀(α*)=-10.678015, intercept=-71.727068 (1.062s) [OMP=0.946 ISP-L=0.010 ISP-F=0.028 MW-L=0.023 MW-F=0.052]
  Mini-Benders[5]: LB stagnated, break
  α-step: Z₀=20.465205, α=[0.000,0.000,0.000,0.000,0.000,0.000,0.000,0.000,0.000,0.000,0.000,0.000,0.000,0.000,0.000,0.000,0.000,0.000,0.000,0.000,0.000,0.000,0.000,0.000,0.000,0.000,0.000,0.000,0.000,0.000,0.000,0.000,0.000,0.000,2.589,0.000,0.000,0.000,0.000,0.000,0.000,0.000,0.000,0.000,0.000,0.000,0.000,0.000,0.000,0.000,3.202,0.000,0.000,0.000,0.000,0.000,0.000,0.000,0.000,0.000,0.000,0.000,0.000,0.000,0.000,0.000,0.000,0.000,0.000,0.000,0.000,0.000,4.652,0.000,0.000,0.000]
  Alt-Benders[1] (mw): LB=15.550492, Z₀(α*)=23.783618, intercept=-51.744688 (1.157s) [OMP=1.053 ISP-L=0.010 ISP-F=0.031 MW-L=0.021 MW-F=0.032]
  Alt-Benders[2] (mw): LB=15.558860, Z₀(α*)=25.359453, intercept=-58.106254 (1.125s) [OMP=1.015 ISP-L=0.010 ISP-F=0.028 MW-L=0.037 MW-F=0.037]
  Alt-Benders[3] (mw): LB=15.690223, Z₀(α*)=24.698013, intercept=16.468942 (1.109s) [OMP=1.010 ISP-L=0.010 ISP-F=0.032 MW-L=0.022 MW-F=0.025]
  Alt-Benders[4] (mw): LB=15.794479, Z₀(α*)=20.890778, intercept=-26.356314 (1.109s) [OMP=0.978 ISP-L=0.011 ISP-F=0.030 MW-L=0.025 MW-F=0.065]
  Alt-Benders[5] (mw): LB=15.801174, Z₀(α*)=24.825144, intercept=-59.831001 (1.172s) [OMP=1.073 ISP-L=0.011 ISP-F=0.029 MW-L=0.022 MW-F=0.036]
  OMP re-solve: 1.039s

=== True-DRO Benders iter 37 ===
  OMP: t₀=15.837932, UB=22.563447, gap=2.98e-01, x=[0, 1, 0, 0, 0, 0, 0, 0, 0, 0, 0, 0, 0, 0, 0, 0, 1, 0, 0, 0, 0, 0, 0, 0, 0, 0, 0, 0, 0, 0, 0, 0, 0, 0, 0, 0, 0, 0, 0, 0, 0, 0, 0, 0, 0, 0, 0, 0, 0, 0, 0, 0, 0, 0, 0, 0, 0, 0, 0, 0, 0, 0, 0, 0, 0, 0, 0, 0, 0, 0, 0, 0, 0, 0, 0, 0] (0.001s)
  Sub: Z₀=28.425493 [LOCAL] (0.7s), α=[0.000,0.000,0.000,0.000,0.000,0.000,0.000,0.000,0.000,0.000,1.736,0.000,0.000,0.000,0.000,0.000,0.000,0.000,0.000,0.000,0.000,0.000,0.000,0.741,0.000,0.000,0.000,0.000,0.000,0.000,0.000,0.000,0.000,0.000,0.000,0.000,0.000,0.000,0.000,0.000,0.000,0.000,0.000,0.000,0.000,0.000,0.000,0.000,0.000,0.000,0.332,0.000,0.000,0.000,0.000,0.000,0.000,0.000,0.000,0.000,0.000,0.000,2.547,0.000,0.000,0.000,0.000,0.000,0.000,0.000,0.000,0.000,5.087,0.000,0.000,0.000]
  Iter 37: LB=15.837932  UB=22.563447  gap=2.98e-01
  Cut: intercept=-1082.001593, π_x_range=[-825.6196, 572.6218]
  Mini-Benders[1] (mw): LB=15.877584, Z₀(α*)=24.183583, intercept=27.339469 (1.172s) [OMP=1.058 ISP-L=0.009 ISP-F=0.031 MW-L=0.036 MW-F=0.035]
  Mini-Benders[2] (mw): LB=15.886748, Z₀(α*)=2.128275, intercept=-0.315633 (1.063s) [OMP=0.959 ISP-L=0.011 ISP-F=0.031 MW-L=0.023 MW-F=0.036]
  Mini-Benders[3] (mw): LB=15.886748, Z₀(α*)=2.128275, intercept=-0.315633 (1.296s) [OMP=1.182 ISP-L=0.011 ISP-F=0.031 MW-L=0.034 MW-F=0.037]
  Mini-Benders[4] (mw): LB=15.886748, Z₀(α*)=2.128275, intercept=-0.315633 (1.297s) [OMP=1.191 ISP-L=0.011 ISP-F=0.031 MW-L=0.023 MW-F=0.036]
  Mini-Benders[5]: LB stagnated, break
  α-step: Z₀=25.780496, α=[0.000,0.000,0.000,0.000,0.000,0.000,0.000,0.000,0.000,0.000,0.000,0.000,0.000,0.000,0.000,0.000,0.000,0.000,0.000,0.000,0.000,0.000,0.000,0.000,0.000,0.000,0.000,0.000,0.000,2.662,0.000,0.000,0.000,0.000,4.169,0.000,0.000,0.000,0.000,0.000,0.000,0.000,0.000,0.000,0.000,0.000,0.000,0.000,0.000,0.000,0.000,0.000,0.000,0.000,0.000,0.000,0.000,0.000,0.000,0.000,0.000,0.000,0.000,0.000,0.000,0.000,0.000,0.000,0.000,0.000,0.000,0.000,3.612,0.000,0.000,0.000]
  Alt-Benders[1] (mw): LB=15.971636, Z₀(α*)=28.426384, intercept=-17.914987 (1.094s) [OMP=0.992 ISP-L=0.011 ISP-F=0.028 MW-L=0.024 MW-F=0.029]
  Alt-Benders[2] (mw): LB=15.981868, Z₀(α*)=17.246763, intercept=-19.858907 (0.984s) [OMP=0.885 ISP-L=0.010 ISP-F=0.031 MW-L=0.021 MW-F=0.036]
  Alt-Benders[3] (mw): LB=16.028225, Z₀(α*)=18.560894, intercept=-34.182696 (1.297s) [OMP=1.178 ISP-L=0.011 ISP-F=0.027 MW-L=0.039 MW-F=0.036]
  Alt-Benders[4] (mw): LB=16.065868, Z₀(α*)=15.578866, intercept=-34.350302 (1.000s) [OMP=0.915 ISP-L=0.011 ISP-F=0.033 MW-L=0.020 MW-F=0.027]
  Alt-Benders[5] (mw): LB=16.065868, Z₀(α*)=15.578866, intercept=-34.350302 (1.375s) [OMP=1.262 ISP-L=0.011 ISP-F=0.033 MW-L=0.020 MW-F=0.040]
  OMP re-solve: 1.302s

=== True-DRO Benders iter 38 ===
  OMP: t₀=16.065868, UB=22.563447, gap=2.88e-01, x=[0, 0, 0, 0, 0, 0, 0, 0, 0, 0, 0, 0, 0, 0, 0, 0, 0, 0, 0, 0, 0, 0, 0, 1, 0, 0, 0, 0, 0, 0, 0, 0, 0, 0, 0, 0, 0, 0, 0, 0, 0, 0, 0, 0, 0, 0, 0, 0, 0, 0, 0, 0, 0, 0, 0, 0, 0, 0, 0, 0, 0, 1, 0, 0, 0, 0, 0, 0, 0, 0, 0, 0, 0, 0, 0, 0] (0.001s)
  Sub: Z₀=26.797239 [LOCAL] (0.5s), α=[0.000,0.000,0.000,0.000,0.000,0.000,0.000,0.000,0.000,0.000,0.000,0.000,0.000,0.000,0.000,0.000,1.391,0.000,0.000,0.000,0.156,0.000,0.000,1.845,0.000,0.000,0.000,0.000,0.000,0.000,0.000,0.000,0.000,0.000,0.000,0.000,0.000,0.000,0.000,0.000,0.000,0.000,0.000,0.000,0.000,0.000,0.000,0.000,0.000,0.000,0.789,0.000,0.000,0.024,0.000,0.000,0.000,0.000,0.000,0.000,0.000,0.671,1.142,0.000,0.000,0.000,0.000,0.000,0.000,0.000,0.000,0.000,4.425,0.000,0.000,0.000]
  Iter 38: LB=16.065868  UB=22.563447  gap=2.88e-01
  Cut: intercept=-1083.523613, π_x_range=[-826.9140, 583.1300]
  Mini-Benders[1] (mw): LB=16.068034, Z₀(α*)=-13.193277, intercept=-82.675230 (1.015s) [OMP=0.917 ISP-L=0.011 ISP-F=0.028 MW-L=0.022 MW-F=0.031]
  Mini-Benders[2] (mw): LB=16.068034, Z₀(α*)=-13.193277, intercept=-82.675230 (1.547s) [OMP=1.432 ISP-L=0.010 ISP-F=0.028 MW-L=0.034 MW-F=0.033]
  Mini-Benders[3] (mw): LB=16.068034, Z₀(α*)=-13.193277, intercept=-82.675230 (1.532s) [OMP=1.444 ISP-L=0.010 ISP-F=0.028 MW-L=0.023 MW-F=0.031]
  Mini-Benders[4]: LB stagnated, break
  α-step: Z₀=20.912671, α=[0.000,0.000,0.000,0.000,0.000,0.000,0.000,0.000,0.000,0.000,0.000,0.000,0.000,0.000,0.000,0.000,0.000,0.000,0.000,0.000,0.000,0.000,0.000,0.000,0.000,0.000,0.000,0.000,0.000,0.000,0.000,0.000,0.000,0.000,9.405,0.000,0.000,0.000,0.000,0.000,0.000,0.000,0.000,0.000,0.000,0.000,0.000,0.000,0.000,0.000,0.000,0.000,0.000,0.000,0.000,0.000,0.000,0.000,0.000,0.000,0.000,0.000,0.000,0.000,0.000,0.000,0.000,0.000,0.000,0.000,0.000,0.000,1.038,0.000,0.000,0.000]
  Alt-Benders[1] (mw): LB=16.332605, Z₀(α*)=21.791378, intercept=-24.765741 (1.109s) [OMP=0.992 ISP-L=0.011 ISP-F=0.030 MW-L=0.023 MW-F=0.053]
  Alt-Benders[2] (mw): LB=16.374824, Z₀(α*)=24.125453, intercept=-12.466146 (1.438s) [OMP=1.320 ISP-L=0.011 ISP-F=0.034 MW-L=0.022 MW-F=0.054]
  Alt-Benders[3] (mw): LB=16.445192, Z₀(α*)=17.788762, intercept=-11.163259 (1.046s) [OMP=0.939 ISP-L=0.010 ISP-F=0.029 MW-L=0.035 MW-F=0.030]
  Alt-Benders[4] (mw): LB=16.531595, Z₀(α*)=20.113285, intercept=16.233969 (1.641s) [OMP=1.551 ISP-L=0.011 ISP-F=0.029 MW-L=0.021 MW-F=0.030]
  Alt-Benders[5] (mw): LB=16.563122, Z₀(α*)=24.125453, intercept=-12.466146 (1.718s) [OMP=1.596 ISP-L=0.011 ISP-F=0.033 MW-L=0.022 MW-F=0.061]
  OMP re-solve: 0.961s

=== True-DRO Benders iter 39 ===
  OMP: t₀=16.714025, UB=22.563447, gap=2.59e-01, x=[0, 0, 0, 0, 0, 0, 0, 0, 0, 0, 0, 0, 0, 0, 0, 0, 0, 0, 0, 0, 0, 0, 0, 0, 0, 0, 0, 0, 0, 1, 0, 0, 0, 0, 0, 0, 0, 0, 0, 0, 0, 0, 0, 0, 0, 0, 0, 0, 0, 0, 0, 0, 0, 0, 0, 0, 0, 0, 0, 0, 0, 0, 0, 0, 0, 0, 1, 0, 0, 0, 0, 0, 0, 0, 0, 0] (0.001s)
  Sub: Z₀=29.016386 [LOCAL] (0.4s), α=[0.000,0.000,0.000,0.000,0.000,0.000,0.000,0.000,0.000,0.000,0.000,0.000,0.000,0.000,0.000,0.000,4.085,0.000,0.000,0.000,1.305,0.000,0.000,0.000,0.000,0.000,0.000,0.000,0.000,0.000,0.000,0.000,0.000,0.000,0.299,0.000,0.000,0.000,0.000,0.000,0.000,0.000,0.000,0.000,0.000,0.000,0.000,0.000,0.000,0.000,0.000,0.000,0.000,0.000,0.000,0.000,0.000,0.000,0.000,0.000,0.000,0.000,0.000,0.000,0.000,0.000,0.000,0.000,0.000,0.000,0.000,0.000,4.754,0.000,0.000,0.000]
  Iter 39: LB=16.714025  UB=22.563447  gap=2.59e-01
  Cut: intercept=-1110.633649, π_x_range=[-828.7301, 581.7764]
  Mini-Benders[1] (mw): LB=16.721722, Z₀(α*)=17.828160, intercept=-93.914313 (1.078s) [OMP=0.963 ISP-L=0.012 ISP-F=0.031 MW-L=0.022 MW-F=0.055]
  Mini-Benders[2] (mw): LB=16.926907, Z₀(α*)=28.482076, intercept=26.677756 (1.062s) [OMP=0.952 ISP-L=0.011 ISP-F=0.033 MW-L=0.023 MW-F=0.033]
  Mini-Benders[3] (mw): LB=16.997690, Z₀(α*)=7.417366, intercept=-25.957909 (1.078s) [OMP=0.983 ISP-L=0.011 ISP-F=0.032 MW-L=0.023 MW-F=0.030]
  Mini-Benders[4] (mw): LB=16.997691, Z₀(α*)=7.417366, intercept=-25.957909 (1.422s) [OMP=1.314 ISP-L=0.011 ISP-F=0.031 MW-L=0.034 MW-F=0.030]
  Mini-Benders[5] (mw): LB=16.997691, Z₀(α*)=7.417366, intercept=-25.957909 (1.391s) [OMP=1.293 ISP-L=0.010 ISP-F=0.032 MW-L=0.022 MW-F=0.030]
  α-step: Z₀=26.967571, α=[0.000,0.000,0.000,0.000,0.000,0.000,0.000,0.000,0.000,0.000,0.000,0.000,0.000,0.000,0.000,0.000,0.000,0.000,0.000,0.000,0.000,0.000,0.000,0.000,0.000,0.000,0.000,0.000,0.000,0.000,0.000,0.000,0.000,0.000,2.589,0.000,0.000,0.000,0.000,0.000,0.000,0.000,0.000,0.000,0.000,0.000,0.000,0.000,0.000,0.000,0.470,0.000,0.000,0.000,0.000,0.000,0.000,0.000,0.000,0.000,0.000,0.000,0.000,0.000,0.000,0.000,0.000,0.000,0.000,0.000,0.000,0.000,7.384,0.000,0.000,0.000]
  Alt-Benders[1] (mw): LB=17.069009, Z₀(α*)=25.432853, intercept=-25.005540 (1.062s) [OMP=0.960 ISP-L=0.012 ISP-F=0.033 MW-L=0.021 MW-F=0.032]
  Alt-Benders[2] (mw): LB=17.083099, Z₀(α*)=22.825680, intercept=-63.845790 (1.125s) [OMP=1.030 ISP-L=0.010 ISP-F=0.025 MW-L=0.021 MW-F=0.027]
  Alt-Benders[3] (mw): LB=17.102466, Z₀(α*)=22.899557, intercept=-46.622599 (1.109s) [OMP=0.998 ISP-L=0.008 ISP-F=0.029 MW-L=0.037 MW-F=0.037]
  Alt-Benders[4] (mw): LB=17.106259, Z₀(α*)=24.365488, intercept=-33.944944 (1.079s) [OMP=0.982 ISP-L=0.011 ISP-F=0.034 MW-L=0.022 MW-F=0.031]
  Alt-Benders[5] (mw): LB=17.161738, Z₀(α*)=29.104717, intercept=29.104716 (1.109s) [OMP=0.994 ISP-L=0.011 ISP-F=0.031 MW-L=0.021 MW-F=0.046]
  OMP re-solve: 0.972s

=== True-DRO Benders iter 40 ===
  OMP: t₀=17.177170, UB=22.563447, gap=2.39e-01, x=[0, 0, 0, 0, 0, 0, 0, 0, 0, 0, 0, 0, 0, 0, 0, 0, 0, 0, 0, 0, 0, 0, 0, 0, 0, 0, 0, 0, 0, 1, 0, 0, 0, 0, 0, 0, 0, 0, 0, 0, 0, 0, 0, 0, 0, 0, 0, 0, 0, 0, 0, 0, 0, 0, 0, 0, 0, 0, 0, 0, 0, 0, 0, 0, 1, 0, 0, 0, 0, 0, 0, 0, 0, 0, 0, 0] (0.001s)
  Sub: Z₀=30.735753 [TIME_LIMIT] (15.2s), α=[0.000,0.000,0.000,0.000,0.000,0.000,0.000,0.000,0.000,0.000,0.000,0.000,0.000,0.000,0.000,0.000,0.000,0.000,0.000,0.000,0.000,0.000,0.000,0.000,0.000,0.000,0.000,0.000,0.000,0.000,0.000,0.000,0.000,0.000,0.000,0.000,0.000,0.000,0.000,0.000,0.000,0.000,0.000,0.000,0.000,0.000,0.000,0.000,0.000,0.000,0.601,0.000,0.000,0.000,0.000,0.000,0.000,0.000,0.000,0.000,0.000,0.000,1.410,0.000,0.000,0.000,0.000,0.000,0.000,0.000,0.000,3.076,5.355,0.000,0.000,0.000]
  Iter 40: LB=17.177170  UB=22.563447  gap=2.39e-01
  Cut: intercept=-73.711589, π_x_range=[-261.0000, 77.7145]
  Mini-Benders[1] (mw): LB=17.183964, Z₀(α*)=20.830390, intercept=-12.749233 (1.093s) [OMP=0.996 ISP-L=0.011 ISP-F=0.036 MW-L=0.023 MW-F=0.036]
  Mini-Benders[2] (mw): LB=17.195471, Z₀(α*)=4.912356, intercept=-57.061677 (1.172s) [OMP=1.046 ISP-L=0.008 ISP-F=0.027 MW-L=0.036 MW-F=0.038]
  Mini-Benders[3] (mw): LB=17.195471, Z₀(α*)=4.912356, intercept=-57.061677 (1.313s) [OMP=1.222 ISP-L=0.008 ISP-F=0.027 MW-L=0.023 MW-F=0.037]
  Mini-Benders[4] (mw): LB=17.195471, Z₀(α*)=4.912356, intercept=-57.061677 (1.343s) [OMP=1.225 ISP-L=0.008 ISP-F=0.027 MW-L=0.023 MW-F=0.049]
  Mini-Benders[5]: LB stagnated, break
  α-step: Z₀=26.129224, α=[0.000,0.000,0.000,0.000,0.000,0.000,0.000,0.000,0.000,0.000,2.522,0.000,0.000,0.000,0.000,0.000,0.708,0.000,0.000,0.000,0.000,0.000,0.000,0.000,0.000,0.000,0.000,0.000,0.000,0.000,0.000,0.000,0.000,0.000,0.651,0.000,0.000,0.000,0.000,0.000,0.000,0.000,3.654,0.000,0.000,0.000,0.000,0.000,0.000,0.000,0.000,0.000,0.000,0.000,0.000,0.000,0.000,0.000,0.000,0.000,0.000,0.000,0.000,0.000,0.000,0.000,0.000,0.000,0.000,0.000,0.000,0.000,2.908,0.000,0.000,0.000]
  Alt-Benders[1] (mw): LB=17.246761, Z₀(α*)=12.095919, intercept=-11.436589 (1.515s) [OMP=1.410 ISP-L=0.010 ISP-F=0.031 MW-L=0.022 MW-F=0.030]
  Alt-Benders[2] (mw): LB=17.246761, Z₀(α*)=12.095919, intercept=-11.436589 (1.391s) [OMP=1.282 ISP-L=0.011 ISP-F=0.031 MW-L=0.035 MW-F=0.030]
  Alt-Benders[3] (mw): LB=17.246761, Z₀(α*)=12.095919, intercept=-11.436589 (1.375s) [OMP=1.288 ISP-L=0.011 ISP-F=0.031 MW-L=0.022 MW-F=0.028]
  Alt-Benders[4]: LB stagnated, break
  OMP re-solve: 0.001s

=== True-DRO Benders iter 41 ===
  OMP: t₀=17.246761, UB=22.563447, gap=2.36e-01, x=[0, 0, 0, 0, 0, 0, 0, 0, 0, 0, 0, 0, 0, 0, 0, 0, 0, 0, 0, 0, 0, 1, 0, 0, 0, 0, 0, 0, 0, 0, 0, 0, 0, 0, 0, 0, 0, 0, 0, 0, 0, 0, 0, 0, 0, 0, 0, 0, 0, 0, 0, 1, 0, 0, 0, 0, 0, 0, 0, 0, 0, 0, 0, 0, 0, 0, 0, 0, 0, 0, 0, 0, 0, 0, 0, 0] (0.001s)
  Sub: Z₀=25.929132 [LOCAL] (0.4s), α=[0.000,0.000,0.000,0.000,0.000,0.000,0.000,0.000,0.000,0.000,0.000,0.000,0.000,0.000,0.000,0.000,0.000,0.000,0.000,0.000,0.000,0.000,0.000,0.000,0.000,0.000,0.000,0.000,0.000,0.000,0.000,0.000,0.000,0.000,2.616,0.000,0.000,0.000,0.000,0.000,0.000,0.000,0.000,0.000,0.000,0.000,0.000,0.000,0.000,0.000,1.276,3.544,0.000,0.000,0.000,0.000,0.000,0.000,0.000,0.000,0.000,0.000,0.000,0.000,0.000,0.000,0.000,0.000,0.000,0.000,0.000,0.027,2.980,0.000,0.000,0.000]
  Iter 41: LB=17.246761  UB=22.563447  gap=2.36e-01
  Cut: intercept=-1088.406024, π_x_range=[-826.2284, 565.4078]
  Mini-Benders[1] (mw): LB=17.454809, Z₀(α*)=13.262318, intercept=13.323142 (1.343s) [OMP=1.241 ISP-L=0.012 ISP-F=0.033 MW-L=0.022 MW-F=0.028]
  Mini-Benders[2] (mw): LB=17.454809, Z₀(α*)=13.262318, intercept=13.323142 (1.047s) [OMP=0.942 ISP-L=0.011 ISP-F=0.033 MW-L=0.021 MW-F=0.040]
  Mini-Benders[3] (mw): LB=17.454809, Z₀(α*)=13.262318, intercept=13.323142 (1.063s) [OMP=0.952 ISP-L=0.012 ISP-F=0.033 MW-L=0.022 MW-F=0.027]
  Mini-Benders[4]: LB stagnated, break
  α-step: Z₀=29.821203, α=[0.000,0.000,0.000,0.000,0.000,0.000,0.000,0.000,0.000,0.000,0.000,0.000,0.000,0.000,0.000,0.000,1.792,0.000,0.000,0.000,0.000,0.000,0.000,0.000,0.000,0.000,0.000,0.000,0.000,0.000,0.000,0.000,0.000,0.000,6.205,0.000,0.000,0.000,0.000,0.000,0.000,0.000,0.000,0.000,0.000,0.000,0.000,0.000,0.000,0.000,0.000,0.000,0.000,0.000,0.000,0.000,0.000,0.000,0.000,0.000,0.000,0.000,0.000,0.000,0.000,0.000,0.000,0.000,0.000,0.000,0.000,0.000,2.446,0.000,0.000,0.000]
  Alt-Benders[1] (mw): LB=17.557220, Z₀(α*)=24.852709, intercept=-25.815455 (1.063s) [OMP=0.961 ISP-L=0.010 ISP-F=0.032 MW-L=0.033 MW-F=0.032]
  Alt-Benders[2] (mw): LB=17.659858, Z₀(α*)=24.421984, intercept=-9.781148 (1.078s) [OMP=0.972 ISP-L=0.011 ISP-F=0.030 MW-L=0.022 MW-F=0.034]
  Alt-Benders[3] (mw): LB=17.700319, Z₀(α*)=21.686087, intercept=-16.373808 (1.312s) [OMP=1.176 ISP-L=0.012 ISP-F=0.033 MW-L=0.022 MW-F=0.065]
  Alt-Benders[4] (mw): LB=17.702582, Z₀(α*)=3.639986, intercept=-10.953222 (1.110s) [OMP=1.010 ISP-L=0.011 ISP-F=0.031 MW-L=0.023 MW-F=0.037]
  Alt-Benders[5] (mw): LB=17.702582, Z₀(α*)=3.639986, intercept=-10.953222 (1.734s) [OMP=1.626 ISP-L=0.011 ISP-F=0.031 MW-L=0.022 MW-F=0.037]
  OMP re-solve: 1.669s

=== True-DRO Benders iter 42 ===
  OMP: t₀=17.702582, UB=22.563447, gap=2.15e-01, x=[0, 0, 0, 0, 0, 0, 0, 0, 0, 0, 0, 0, 0, 0, 0, 0, 0, 0, 0, 0, 0, 0, 0, 0, 0, 0, 0, 0, 0, 0, 0, 0, 0, 0, 0, 0, 0, 0, 0, 0, 0, 0, 0, 0, 0, 0, 0, 0, 0, 0, 0, 0, 0, 0, 0, 0, 0, 0, 0, 0, 0, 1, 0, 0, 0, 0, 0, 0, 0, 0, 0, 0, 1, 0, 0, 0] (0.000s)
  Sub: Z₀=24.092075 [LOCAL] (0.3s), α=[0.000,0.000,0.000,0.000,0.000,0.000,0.000,0.000,0.000,0.000,0.000,0.000,0.000,0.000,0.000,0.000,0.000,0.000,0.000,0.000,0.000,0.000,0.000,0.000,0.000,0.000,0.000,0.000,0.000,0.000,0.000,0.000,0.000,0.000,0.000,0.000,0.000,0.000,0.000,0.000,0.000,0.000,0.000,0.000,0.000,0.000,0.000,0.000,0.000,0.000,0.000,0.000,0.000,0.000,0.000,0.000,0.000,0.000,0.000,0.000,0.000,0.000,0.000,0.000,0.000,0.000,0.000,0.000,0.000,0.000,0.000,0.000,10.443,0.000,0.000,0.000]
  Iter 42: LB=17.702582  UB=22.563447  gap=2.15e-01
  Cut: intercept=-1117.086462, π_x_range=[-827.5702, 590.3470]
  Mini-Benders[1] (mw): LB=17.767547, Z₀(α*)=26.904490, intercept=8.695228 (1.015s) [OMP=0.900 ISP-L=0.012 ISP-F=0.036 MW-L=0.021 MW-F=0.041]
  Mini-Benders[2] (mw): LB=17.783576, Z₀(α*)=22.162504, intercept=-82.541757 (1.094s) [OMP=0.953 ISP-L=0.010 ISP-F=0.032 MW-L=0.025 MW-F=0.070]
  Mini-Benders[3] (mw): LB=17.788760, Z₀(α*)=25.049749, intercept=17.227433 (1.047s) [OMP=0.950 ISP-L=0.010 ISP-F=0.027 MW-L=0.021 MW-F=0.036]
  Mini-Benders[4] (mw): LB=17.828158, Z₀(α*)=24.759190, intercept=-16.710715 (1.047s) [OMP=0.948 ISP-L=0.011 ISP-F=0.032 MW-L=0.021 MW-F=0.033]
  Mini-Benders[5] (mw): LB=17.830037, Z₀(α*)=2.116719, intercept=-66.398373 (1.266s) [OMP=1.150 ISP-L=0.011 ISP-F=0.027 MW-L=0.035 MW-F=0.036]
  α-step: Z₀=21.854183, α=[0.000,0.000,0.000,0.000,0.000,0.000,0.000,0.000,0.000,0.000,0.000,0.000,0.000,0.000,0.000,0.000,0.000,0.000,0.000,0.000,0.000,0.000,0.000,0.000,0.000,0.000,0.000,0.000,0.000,0.000,0.000,0.000,0.000,0.000,0.000,0.000,0.000,0.000,0.000,0.000,0.000,0.000,0.000,0.000,0.000,0.000,0.000,0.000,0.000,0.000,0.708,0.000,0.000,1.016,0.000,0.000,0.000,0.000,0.000,0.000,0.000,0.000,0.000,0.000,0.000,0.000,0.000,0.000,0.000,0.000,0.000,1.427,7.293,0.000,0.000,0.000]
  Alt-Benders[1] (mw): LB=17.902984, Z₀(α*)=-6.788529, intercept=-91.171167 (1.172s) [OMP=1.054 ISP-L=0.009 ISP-F=0.028 MW-L=0.025 MW-F=0.046]
  Alt-Benders[2] (mw): LB=17.902984, Z₀(α*)=-6.788529, intercept=-91.171167 (1.046s) [OMP=0.944 ISP-L=0.009 ISP-F=0.028 MW-L=0.026 MW-F=0.035]
  Alt-Benders[3] (mw): LB=17.902984, Z₀(α*)=-6.788529, intercept=-91.171167 (1.016s) [OMP=0.929 ISP-L=0.009 ISP-F=0.028 MW-L=0.025 MW-F=0.036]
  Alt-Benders[4]: LB stagnated, break
  OMP re-solve: 0.001s

=== True-DRO Benders iter 43 ===
  OMP: t₀=17.902984, UB=22.563447, gap=2.07e-01, x=[0, 0, 0, 0, 0, 0, 0, 0, 0, 0, 0, 0, 0, 0, 0, 0, 0, 0, 0, 0, 0, 0, 0, 0, 0, 0, 0, 0, 0, 0, 0, 0, 0, 0, 0, 0, 0, 0, 0, 0, 0, 0, 1, 0, 0, 0, 0, 0, 0, 0, 0, 1, 0, 0, 0, 0, 0, 0, 0, 0, 0, 0, 0, 0, 0, 0, 0, 0, 0, 0, 0, 0, 0, 0, 0, 0] (0.001s)
  Sub: Z₀=24.391180 [LOCAL] (0.5s), α=[0.000,0.000,0.000,0.000,0.000,0.000,0.000,0.000,0.000,0.000,2.522,0.000,0.000,0.000,0.000,0.000,0.000,0.000,0.000,0.000,0.000,0.000,0.000,0.000,0.000,0.000,0.000,0.000,0.000,0.000,0.000,0.000,0.000,0.000,2.590,0.000,0.000,0.000,0.000,0.000,0.000,0.000,0.746,0.000,0.000,0.000,0.000,0.000,0.000,0.000,1.889,2.695,0.000,0.000,0.000,0.000,0.000,0.000,0.000,0.000,0.000,0.000,0.000,0.000,0.000,0.000,0.000,0.000,0.000,0.000,0.000,0.000,0.000,0.000,0.000,0.000]
  Iter 43: LB=17.902984  UB=22.563447  gap=2.07e-01
  Cut: intercept=-1069.417154, π_x_range=[-826.4913, 559.8991]
  Mini-Benders[1] (mw): LB=18.022083, Z₀(α*)=-9.242211, intercept=-44.132643 (1.172s) [OMP=1.069 ISP-L=0.010 ISP-F=0.033 MW-L=0.020 MW-F=0.033]
  Mini-Benders[2] (mw): LB=18.022083, Z₀(α*)=-9.242211, intercept=-44.132643 (1.125s) [OMP=1.022 ISP-L=0.010 ISP-F=0.033 MW-L=0.020 MW-F=0.045]
  Mini-Benders[3] (mw): LB=18.022083, Z₀(α*)=-9.242211, intercept=-44.132643 (1.140s) [OMP=1.035 ISP-L=0.010 ISP-F=0.033 MW-L=0.021 MW-F=0.032]
  Mini-Benders[4]: LB stagnated, break
  α-step: Z₀=27.442621, α=[0.000,0.000,0.000,0.000,0.000,0.000,0.000,0.000,0.000,0.000,0.000,0.000,0.000,3.087,0.000,0.000,0.000,0.000,0.000,0.000,0.000,0.000,0.000,0.000,0.000,0.000,0.000,0.000,0.000,0.000,0.000,0.000,0.000,0.000,4.910,0.000,0.000,0.000,0.000,0.000,0.000,0.000,0.000,0.000,0.000,0.000,0.000,0.000,0.000,0.000,0.000,0.000,0.000,0.000,0.000,0.000,0.000,0.000,0.000,0.000,0.000,0.000,0.000,0.000,0.000,0.000,0.000,0.000,0.000,0.000,0.000,0.000,2.446,0.000,0.000,0.000]
  Alt-Benders[1] (mw): LB=18.035532, Z₀(α*)=21.718921, intercept=-77.083731 (1.203s) [OMP=1.094 ISP-L=0.008 ISP-F=0.026 MW-L=0.035 MW-F=0.042]
  Alt-Benders[2] (mw): LB=18.107546, Z₀(α*)=27.922116, intercept=-2.548247 (1.141s) [OMP=1.058 ISP-L=0.010 ISP-F=0.030 MW-L=0.020 MW-F=0.024]
  Alt-Benders[3] (mw): LB=18.138992, Z₀(α*)=22.700287, intercept=-86.827132 (1.093s) [OMP=0.992 ISP-L=0.009 ISP-F=0.029 MW-L=0.036 MW-F=0.023]
  Alt-Benders[4] (mw): LB=18.156889, Z₀(α*)=23.955753, intercept=-46.564068 (1.125s) [OMP=1.011 ISP-L=0.009 ISP-F=0.028 MW-L=0.023 MW-F=0.056]
  Alt-Benders[5] (mw): LB=18.310814, Z₀(α*)=7.537622, intercept=-20.113522 (1.032s) [OMP=0.920 ISP-L=0.010 ISP-F=0.027 MW-L=0.024 MW-F=0.049]
  OMP re-solve: 1.370s

=== True-DRO Benders iter 44 ===
  OMP: t₀=18.310814, UB=22.563447, gap=1.88e-01, x=[0, 0, 0, 0, 0, 0, 0, 0, 0, 0, 0, 0, 0, 0, 0, 0, 0, 0, 0, 0, 0, 0, 0, 0, 0, 0, 0, 0, 0, 0, 0, 0, 0, 0, 0, 0, 0, 0, 0, 0, 0, 0, 0, 0, 0, 0, 0, 0, 0, 1, 0, 1, 0, 0, 0, 0, 0, 0, 0, 0, 0, 0, 0, 0, 0, 0, 0, 0, 0, 0, 0, 0, 0, 0, 0, 0] (0.001s)
  Sub: Z₀=24.389062 [LOCAL] (0.3s), α=[0.000,0.000,0.000,0.000,0.000,0.000,0.000,0.000,0.000,0.000,0.000,0.000,0.000,0.000,0.000,0.000,0.000,0.000,0.000,0.000,0.000,0.000,0.000,0.000,0.000,0.000,0.000,0.000,0.000,0.000,0.000,0.000,0.000,0.000,3.849,0.000,0.000,0.000,0.000,0.000,0.000,0.000,0.000,0.000,0.000,0.000,0.000,0.000,0.000,0.000,1.975,4.619,0.000,0.000,0.000,0.000,0.000,0.000,0.000,0.000,0.000,0.000,0.000,0.000,0.000,0.000,0.000,0.000,0.000,0.000,0.000,0.000,0.000,0.000,0.000,0.000]
  Iter 44: LB=18.310814  UB=22.563447  gap=1.88e-01
  Cut: intercept=-1092.280376, π_x_range=[-830.5358, 560.2287]
  Mini-Benders[1] (mw): LB=18.322156, Z₀(α*)=2.892771, intercept=-36.673673 (1.172s) [OMP=1.063 ISP-L=0.011 ISP-F=0.031 MW-L=0.021 MW-F=0.038]
  Mini-Benders[2] (mw): LB=18.322156, Z₀(α*)=2.892771, intercept=-36.673673 (1.157s) [OMP=1.037 ISP-L=0.011 ISP-F=0.030 MW-L=0.033 MW-F=0.039]
  Mini-Benders[3] (mw): LB=18.322156, Z₀(α*)=2.892771, intercept=-36.673673 (1.156s) [OMP=1.052 ISP-L=0.011 ISP-F=0.030 MW-L=0.021 MW-F=0.038]
  Mini-Benders[4]: LB stagnated, break
  α-step: Z₀=28.874155, α=[0.000,0.000,0.000,0.000,0.000,0.000,0.000,0.000,0.000,0.000,0.000,0.000,0.000,0.000,0.000,0.000,1.651,0.000,0.000,0.000,0.000,0.000,0.000,0.000,0.000,0.000,0.000,0.000,0.000,0.000,0.000,0.000,0.000,0.000,2.304,0.000,0.000,0.000,0.000,0.000,0.000,0.000,0.000,0.000,0.000,0.000,0.000,0.000,0.000,0.000,2.021,0.000,0.000,0.000,0.000,0.000,0.000,0.000,0.000,0.000,0.000,0.000,0.000,0.000,0.000,0.000,0.000,0.000,0.000,0.000,0.000,0.000,4.467,0.000,0.000,0.000]
  Alt-Benders[1] (mw): LB=18.359285, Z₀(α*)=7.603278, intercept=-79.879419 (1.468s) [OMP=1.364 ISP-L=0.011 ISP-F=0.029 MW-L=0.021 MW-F=0.032]
  Alt-Benders[2] (mw): LB=18.359285, Z₀(α*)=7.603278, intercept=-79.879419 (1.563s) [OMP=1.475 ISP-L=0.010 ISP-F=0.029 MW-L=0.021 MW-F=0.033]
  Alt-Benders[3] (mw): LB=18.359285, Z₀(α*)=7.603278, intercept=-79.879419 (1.594s) [OMP=1.474 ISP-L=0.010 ISP-F=0.028 MW-L=0.034 MW-F=0.033]
  Alt-Benders[4]: LB stagnated, break
  OMP re-solve: 0.001s

=== True-DRO Benders iter 45 ===
  OMP: t₀=18.359285, UB=22.563447, gap=1.86e-01, x=[0, 0, 0, 0, 0, 0, 0, 0, 0, 0, 1, 0, 0, 0, 0, 0, 0, 0, 0, 0, 0, 0, 0, 0, 0, 0, 0, 0, 0, 0, 0, 0, 0, 0, 0, 0, 0, 0, 0, 0, 0, 0, 0, 0, 0, 0, 0, 0, 0, 0, 0, 0, 0, 0, 0, 0, 0, 0, 0, 0, 0, 0, 0, 0, 0, 0, 0, 0, 0, 0, 0, 1, 0, 0, 0, 0] (0.001s)
  Sub: Z₀=22.092788 [TIME_LIMIT] (15.1s), α=[0.000,0.000,0.000,0.000,0.000,0.000,0.000,0.000,0.000,0.000,0.000,0.000,0.000,0.000,0.000,0.000,0.000,0.000,0.000,0.000,0.000,0.000,0.000,0.000,0.000,0.000,0.000,0.000,0.000,0.000,0.000,0.000,0.000,0.000,4.014,0.000,0.000,0.000,0.000,0.000,0.000,0.000,0.000,0.000,0.000,0.000,0.000,0.000,0.000,0.000,0.000,0.000,0.000,0.000,0.000,0.000,0.000,0.000,0.000,0.000,0.000,0.000,0.000,0.000,0.000,0.000,0.000,0.000,0.000,0.000,0.000,1.485,4.944,0.000,0.000,0.000]
  Iter 45: LB=18.359285  UB=22.161018  gap=1.72e-01
  Cut: intercept=-94.195043, π_x_range=[-213.0893, 76.5557]
  Mini-Benders[1] (mw): LB=18.359285, Z₀(α*)=22.092788, intercept=-49.620383 (1.203s) [OMP=1.066 ISP-L=0.011 ISP-F=0.029 MW-L=0.022 MW-F=0.066]
  Mini-Benders[2] (mw): LB=18.373311, Z₀(α*)=28.905081, intercept=25.832641 (1.266s) [OMP=1.145 ISP-L=0.011 ISP-F=0.031 MW-L=0.023 MW-F=0.057]
  Mini-Benders[3] (mw): LB=18.439771, Z₀(α*)=24.386629, intercept=-7.758150 (1.094s) [OMP=0.982 ISP-L=0.012 ISP-F=0.032 MW-L=0.023 MW-F=0.034]
  Mini-Benders[4] (mw): LB=18.497539, Z₀(α*)=19.804268, intercept=-109.493044 (1.250s) [OMP=1.152 ISP-L=0.010 ISP-F=0.029 MW-L=0.033 MW-F=0.029]
  Mini-Benders[5] (mw): LB=18.649759, Z₀(α*)=24.448360, intercept=-10.335505 (1.125s) [OMP=1.021 ISP-L=0.012 ISP-F=0.035 MW-L=0.024 MW-F=0.029]
  α-step: Z₀=20.426706, α=[0.000,0.000,0.000,0.000,0.000,0.000,0.000,0.000,0.000,0.000,0.000,0.000,0.000,0.000,0.000,0.000,0.000,0.000,0.000,0.000,0.000,0.000,0.000,0.000,0.000,0.000,0.000,0.000,0.000,0.000,0.000,0.000,0.000,0.000,7.186,0.000,0.000,0.000,0.000,0.000,0.000,0.000,0.000,0.000,0.000,0.000,0.000,0.000,0.000,0.000,0.000,0.000,0.000,0.000,0.000,0.000,0.000,0.000,0.000,0.000,0.000,0.000,0.000,0.000,0.000,0.000,0.000,0.000,0.000,0.000,0.000,0.000,3.257,0.000,0.000,0.000]
  Alt-Benders[1] (mw): LB=18.757612, Z₀(α*)=18.515152, intercept=-45.118368 (1.078s) [OMP=0.982 ISP-L=0.009 ISP-F=0.028 MW-L=0.022 MW-F=0.034]
  Alt-Benders[2] (mw): LB=18.757612, Z₀(α*)=18.515152, intercept=-45.118368 (1.938s) [OMP=1.840 ISP-L=0.008 ISP-F=0.028 MW-L=0.022 MW-F=0.035]
  Alt-Benders[3] (mw): LB=18.757612, Z₀(α*)=18.515152, intercept=-45.118368 (1.906s) [OMP=1.796 ISP-L=0.008 ISP-F=0.027 MW-L=0.035 MW-F=0.035]
  Alt-Benders[4]: LB stagnated, break
  OMP re-solve: 0.000s

=== True-DRO Benders iter 46 ===
  OMP: t₀=18.757612, UB=22.161018, gap=1.54e-01, x=[0, 0, 0, 0, 0, 0, 0, 0, 0, 0, 0, 0, 0, 0, 0, 0, 0, 0, 0, 0, 0, 0, 0, 0, 0, 0, 0, 0, 0, 0, 0, 0, 0, 0, 0, 0, 0, 0, 0, 0, 0, 0, 1, 0, 0, 0, 0, 0, 0, 0, 1, 0, 0, 0, 0, 0, 0, 0, 0, 0, 0, 0, 0, 0, 0, 0, 0, 0, 0, 0, 0, 0, 0, 0, 0, 0] (0.000s)
  Sub: Z₀=27.250008 [LOCAL] (0.7s), α=[0.000,0.000,0.000,0.000,0.000,0.000,0.000,0.000,0.000,0.000,2.717,0.000,0.000,0.000,0.000,0.000,0.000,0.000,0.000,0.000,0.000,0.000,0.000,0.000,0.000,0.000,0.000,0.000,0.000,0.000,0.000,0.000,0.000,0.000,1.525,0.000,0.000,0.000,0.000,0.000,0.000,0.000,3.465,0.000,0.000,0.000,0.000,0.000,0.000,0.009,0.000,0.000,0.000,0.000,0.000,0.000,0.000,0.000,0.000,0.000,0.000,0.000,0.000,0.000,0.000,0.000,0.000,0.000,0.000,0.000,0.000,0.000,2.727,0.000,0.000,0.000]
  Iter 46: LB=18.757612  UB=22.161018  gap=1.54e-01
  Cut: intercept=-1100.809033, π_x_range=[-827.6496, 599.7138]
  Mini-Benders[1] (mw): LB=18.779884, Z₀(α*)=2.279414, intercept=-47.998485 (1.485s) [OMP=1.376 ISP-L=0.010 ISP-F=0.032 MW-L=0.021 MW-F=0.042]
  Mini-Benders[2] (mw): LB=18.779884, Z₀(α*)=2.279414, intercept=-47.998485 (2.140s) [OMP=2.034 ISP-L=0.011 ISP-F=0.032 MW-L=0.021 MW-F=0.032]
  Mini-Benders[3] (mw): LB=18.779884, Z₀(α*)=2.279414, intercept=-47.998485 (1.719s) [OMP=1.608 ISP-L=0.010 ISP-F=0.032 MW-L=0.021 MW-F=0.044]
  Mini-Benders[4]: LB stagnated, break
  α-step: Z₀=27.566707, α=[0.000,0.000,0.000,0.000,0.000,0.000,0.000,0.000,0.000,0.000,0.000,0.000,0.000,0.000,0.000,0.000,0.589,0.000,0.000,0.000,0.000,0.000,0.000,0.000,0.000,0.000,0.000,0.000,0.000,0.000,0.000,0.000,0.000,0.000,0.000,0.000,0.000,0.000,0.000,0.000,0.000,0.000,0.000,0.000,0.000,0.000,0.000,0.000,0.000,0.000,2.852,1.059,0.000,0.000,0.000,0.000,0.000,0.000,0.000,0.000,0.000,0.000,0.000,0.000,0.000,0.000,0.000,0.000,0.000,0.000,0.000,0.000,5.943,0.000,0.000,0.000]
  Alt-Benders[1] (mw): LB=19.037897, Z₀(α*)=20.952562, intercept=-11.861840 (1.188s) [OMP=1.085 ISP-L=0.012 ISP-F=0.040 MW-L=0.024 MW-F=0.028]
  Alt-Benders[2] (mw): LB=19.059669, Z₀(α*)=22.667057, intercept=-12.653762 (1.203s) [OMP=1.089 ISP-L=0.009 ISP-F=0.031 MW-L=0.036 MW-F=0.035]
  Alt-Benders[3] (mw): LB=19.111907, Z₀(α*)=0.716144, intercept=-94.875371 (1.140s) [OMP=1.037 ISP-L=0.011 ISP-F=0.030 MW-L=0.021 MW-F=0.033]
  Alt-Benders[4] (mw): LB=19.111907, Z₀(α*)=0.716144, intercept=-94.875371 (1.204s) [OMP=1.095 ISP-L=0.011 ISP-F=0.030 MW-L=0.021 MW-F=0.047]
  Alt-Benders[5] (mw): LB=19.111907, Z₀(α*)=0.716144, intercept=-94.875371 (1.156s) [OMP=1.058 ISP-L=0.011 ISP-F=0.030 MW-L=0.021 MW-F=0.033]
  OMP re-solve: 1.076s

=== True-DRO Benders iter 47 ===
  OMP: t₀=19.111907, UB=22.161018, gap=1.38e-01, x=[0, 0, 0, 0, 0, 0, 0, 0, 0, 0, 0, 0, 0, 0, 0, 0, 0, 0, 0, 0, 0, 0, 0, 0, 0, 0, 0, 0, 0, 0, 0, 0, 0, 0, 0, 0, 0, 0, 0, 0, 0, 0, 0, 0, 0, 0, 0, 0, 0, 0, 0, 1, 0, 0, 0, 0, 0, 0, 0, 0, 0, 0, 0, 0, 0, 0, 0, 0, 0, 0, 0, 1, 0, 0, 0, 0] (0.001s)
  Sub: Z₀=20.350052 [LOCAL] (0.3s), α=[0.000,0.000,0.000,0.000,0.000,0.000,0.000,0.000,0.000,0.000,0.000,0.000,0.000,0.000,0.000,0.000,0.000,0.000,0.000,0.000,0.000,0.000,0.000,0.000,0.000,0.000,0.000,0.000,0.000,0.000,0.000,0.000,0.000,0.000,0.000,0.000,0.000,0.000,0.000,0.000,0.000,0.000,0.000,0.000,0.000,0.000,0.000,0.000,0.000,0.000,0.000,0.000,0.000,0.000,0.000,0.000,0.000,0.000,0.000,0.000,0.000,0.000,0.000,0.000,0.000,0.000,0.000,0.000,0.000,0.000,0.000,10.443,0.000,0.000,0.000,0.000]
  Iter 47: LB=19.111907  UB=22.161018  gap=1.38e-01
  Cut: intercept=-1130.032112, π_x_range=[-824.6776, 585.7568]
  Mini-Benders[1] (mw): LB=19.183177, Z₀(α*)=9.394882, intercept=-42.600979 (1.188s) [OMP=1.071 ISP-L=0.010 ISP-F=0.030 MW-L=0.035 MW-F=0.032]
  Mini-Benders[2] (mw): LB=19.183177, Z₀(α*)=9.394882, intercept=-42.600979 (1.562s) [OMP=1.468 ISP-L=0.010 ISP-F=0.030 MW-L=0.024 MW-F=0.030]
  Mini-Benders[3] (mw): LB=19.183177, Z₀(α*)=9.394882, intercept=-42.600979 (1.578s) [OMP=1.465 ISP-L=0.010 ISP-F=0.030 MW-L=0.024 MW-F=0.044]
  Mini-Benders[4]: LB stagnated, break
  α-step: Z₀=19.931457, α=[0.000,0.000,0.000,0.000,0.000,0.000,0.000,0.000,0.000,0.000,0.000,0.000,0.000,0.000,0.000,0.000,0.344,0.000,0.000,0.000,0.000,0.000,0.000,0.000,0.000,0.000,0.000,0.000,0.000,0.000,0.000,0.000,0.000,0.000,0.000,0.000,0.000,0.000,0.000,0.000,0.000,0.000,0.000,0.000,0.000,0.000,0.000,0.000,0.000,0.000,0.000,0.000,0.000,0.000,0.000,0.000,0.000,0.000,0.000,0.000,0.000,0.000,0.000,0.000,0.000,0.000,0.000,0.000,0.000,0.000,0.000,4.711,5.388,0.000,0.000,0.000]
  Alt-Benders[1] (mw): LB=19.240987, Z₀(α*)=21.587320, intercept=-23.253249 (1.188s) [OMP=1.078 ISP-L=0.011 ISP-F=0.030 MW-L=0.025 MW-F=0.029]
  Alt-Benders[2] (mw): LB=19.250130, Z₀(α*)=13.990994, intercept=3.883256 (1.250s) [OMP=1.133 ISP-L=0.011 ISP-F=0.033 MW-L=0.031 MW-F=0.043]
  Alt-Benders[3] (mw): LB=19.250130, Z₀(α*)=13.990994, intercept=3.883256 (1.843s) [OMP=1.738 ISP-L=0.012 ISP-F=0.032 MW-L=0.020 MW-F=0.042]
  Alt-Benders[4] (mw): LB=19.250130, Z₀(α*)=13.990994, intercept=3.883256 (1.875s) [OMP=1.746 ISP-L=0.012 ISP-F=0.032 MW-L=0.021 MW-F=0.055]
  Alt-Benders[5]: LB stagnated, break
  OMP re-solve: 0.000s

=== True-DRO Benders iter 48 ===
  OMP: t₀=19.250130, UB=22.161018, gap=1.31e-01, x=[0, 0, 0, 0, 0, 0, 1, 0, 0, 0, 0, 0, 0, 0, 0, 0, 0, 0, 0, 0, 0, 0, 0, 0, 0, 0, 0, 0, 0, 0, 0, 0, 0, 0, 0, 0, 0, 0, 0, 0, 0, 0, 0, 0, 0, 0, 0, 0, 0, 0, 0, 0, 0, 0, 0, 0, 0, 0, 0, 0, 0, 1, 0, 0, 0, 0, 0, 0, 0, 0, 0, 0, 0, 0, 0, 0] (0.000s)
  Sub: Z₀=27.975093 [LOCAL] (0.4s), α=[0.000,0.000,0.000,0.000,0.000,0.000,0.000,0.000,0.000,0.000,0.000,0.000,0.000,0.000,0.000,0.000,0.208,0.000,0.000,0.000,0.050,0.000,0.000,0.000,0.000,0.000,0.000,0.000,0.000,0.000,0.000,0.000,0.000,0.000,0.000,0.000,0.000,0.000,0.000,0.000,0.000,0.000,0.000,0.000,0.000,0.000,0.000,0.000,0.000,0.000,3.173,0.000,0.000,0.000,0.000,0.000,0.000,0.000,0.000,0.000,0.000,0.669,0.000,0.000,0.000,0.000,0.000,0.000,0.000,0.000,0.000,0.000,6.342,0.000,0.000,0.000]
  Iter 48: LB=19.250130  UB=22.161018  gap=1.31e-01
  Cut: intercept=-1069.827713, π_x_range=[-827.8390, 563.1232]
  Mini-Benders[1] (mw): LB=19.382952, Z₀(α*)=18.294682, intercept=-44.059093 (1.234s) [OMP=1.131 ISP-L=0.011 ISP-F=0.033 MW-L=0.022 MW-F=0.031]
  Mini-Benders[2] (mw): LB=19.382952, Z₀(α*)=18.294682, intercept=-44.059093 (1.735s) [OMP=1.614 ISP-L=0.011 ISP-F=0.033 MW-L=0.034 MW-F=0.032]
  Mini-Benders[3] (mw): LB=19.382952, Z₀(α*)=18.294682, intercept=-44.059093 (1.734s) [OMP=1.637 ISP-L=0.011 ISP-F=0.033 MW-L=0.022 MW-F=0.030]
  Mini-Benders[4]: LB stagnated, break
  α-step: Z₀=24.726426, α=[0.000,0.000,0.000,0.000,0.000,0.000,0.000,0.000,0.000,0.000,0.000,0.000,0.000,0.000,0.000,0.000,0.000,0.000,0.000,0.000,0.000,0.000,0.000,0.000,0.000,0.000,0.000,1.206,0.000,0.000,0.000,0.000,0.000,0.000,0.000,0.000,0.000,0.000,0.000,0.000,0.000,0.000,0.000,0.000,0.000,0.000,0.000,0.000,0.000,0.000,2.714,0.000,0.000,0.000,0.000,0.000,0.000,0.000,0.000,0.000,0.000,0.000,0.000,0.000,0.000,0.000,0.000,0.000,0.000,0.000,0.000,0.000,6.523,0.000,0.000,0.000]
  Alt-Benders[1] (mw): LB=19.534776, Z₀(α*)=24.996853, intercept=-20.214283 (1.171s) [OMP=1.067 ISP-L=0.011 ISP-F=0.033 MW-L=0.022 MW-F=0.034]
  Alt-Benders[2] (mw): LB=19.536813, Z₀(α*)=14.477444, intercept=-70.761228 (1.172s) [OMP=1.083 ISP-L=0.010 ISP-F=0.027 MW-L=0.023 MW-F=0.029]
  Alt-Benders[3] (mw): LB=19.536813, Z₀(α*)=14.477444, intercept=-70.761228 (2.063s) [OMP=1.945 ISP-L=0.011 ISP-F=0.026 MW-L=0.036 MW-F=0.030]
  Alt-Benders[4] (mw): LB=19.536813, Z₀(α*)=14.477444, intercept=-70.761228 (2.000s) [OMP=1.907 ISP-L=0.011 ISP-F=0.026 MW-L=0.024 MW-F=0.029]
  Alt-Benders[5]: LB stagnated, break
  OMP re-solve: 0.000s

=== True-DRO Benders iter 49 ===
  OMP: t₀=19.536813, UB=22.161018, gap=1.18e-01, x=[0, 0, 0, 0, 0, 0, 0, 0, 0, 0, 0, 0, 0, 0, 0, 0, 0, 0, 0, 0, 0, 0, 0, 0, 0, 0, 0, 0, 0, 0, 0, 0, 0, 0, 0, 0, 0, 0, 0, 0, 0, 0, 0, 0, 0, 0, 0, 0, 0, 0, 0, 0, 0, 0, 0, 1, 0, 0, 0, 0, 0, 0, 0, 0, 0, 0, 0, 0, 0, 0, 0, 1, 0, 0, 0, 0] (0.000s)
  Sub: Z₀=21.708678 [LOCAL] (0.4s), α=[0.000,0.000,0.000,0.000,0.000,0.000,0.000,0.000,0.000,0.000,0.000,0.000,0.000,0.000,0.000,0.000,0.000,0.000,0.000,0.000,0.000,0.000,0.000,0.000,0.000,0.000,0.000,0.000,0.000,0.000,0.000,0.000,0.000,0.000,0.000,0.000,0.000,0.000,0.000,0.000,0.000,0.000,0.000,0.000,0.000,0.000,0.000,0.000,0.000,0.000,0.000,0.000,0.000,0.000,0.000,0.000,0.000,0.000,0.000,0.000,0.000,0.000,0.000,0.000,0.000,0.000,0.000,0.000,0.000,0.000,0.000,7.501,2.942,0.000,0.000,0.000]
  Iter 49: LB=19.536813  UB=22.161018  gap=1.18e-01
  Cut: intercept=-1140.865019, π_x_range=[-825.2421, 593.5712]
  Mini-Benders[1] (mw): LB=19.619196, Z₀(α*)=6.502043, intercept=8.732807 (1.438s) [OMP=1.327 ISP-L=0.011 ISP-F=0.034 MW-L=0.027 MW-F=0.036]
  Mini-Benders[2] (mw): LB=19.619196, Z₀(α*)=6.502043, intercept=8.732807 (1.750s) [OMP=1.631 ISP-L=0.011 ISP-F=0.033 MW-L=0.026 MW-F=0.046]
  Mini-Benders[3] (mw): LB=19.619196, Z₀(α*)=6.502043, intercept=8.732807 (1.766s) [OMP=1.658 ISP-L=0.011 ISP-F=0.034 MW-L=0.025 MW-F=0.034]
  Mini-Benders[4]: LB stagnated, break
  α-step: Z₀=29.786624, α=[0.000,0.000,0.000,0.000,0.000,0.000,0.000,0.000,0.000,0.000,0.000,0.000,0.000,0.000,0.000,0.000,3.680,0.000,0.000,0.000,0.000,0.000,0.000,0.000,0.000,0.000,0.000,0.000,0.000,0.000,0.000,0.000,0.000,0.000,0.000,0.000,0.000,0.000,0.000,0.000,0.000,0.000,0.000,0.000,0.000,0.000,0.000,0.000,0.000,0.000,0.291,0.000,0.000,0.000,0.000,0.000,0.000,0.000,0.000,0.000,0.000,0.000,0.000,0.000,0.000,0.000,0.000,0.000,0.000,0.000,0.000,1.427,5.045,0.000,0.000,0.000]
  Alt-Benders[1] (mw): LB=19.624097, Z₀(α*)=11.341275, intercept=-85.804704 (1.344s) [OMP=1.223 ISP-L=0.011 ISP-F=0.029 MW-L=0.038 MW-F=0.045]
  Alt-Benders[2] (mw): LB=19.624097, Z₀(α*)=11.341275, intercept=-85.804704 (1.828s) [OMP=1.708 ISP-L=0.012 ISP-F=0.029 MW-L=0.025 MW-F=0.043]
  Alt-Benders[3] (mw): LB=19.624097, Z₀(α*)=11.341275, intercept=-85.804704 (1.844s) [OMP=1.718 ISP-L=0.012 ISP-F=0.029 MW-L=0.025 MW-F=0.057]
  Alt-Benders[4]: LB stagnated, break
  OMP re-solve: 0.000s

=== True-DRO Benders iter 50 ===
  OMP: t₀=19.624097, UB=22.161018, gap=1.14e-01, x=[0, 1, 0, 0, 0, 0, 1, 0, 0, 0, 0, 0, 0, 0, 0, 0, 0, 0, 0, 0, 0, 0, 0, 0, 0, 0, 0, 0, 0, 0, 0, 0, 0, 0, 0, 0, 0, 0, 0, 0, 0, 0, 0, 0, 0, 0, 0, 0, 0, 0, 0, 0, 0, 0, 0, 0, 0, 0, 0, 0, 0, 0, 0, 0, 0, 0, 0, 0, 0, 0, 0, 0, 0, 0, 0, 0] (0.000s)
  Sub: Z₀=27.087783 [TIME_LIMIT] (15.2s), α=[0.000,0.407,0.000,0.000,0.000,0.000,0.000,0.000,0.000,0.000,0.000,0.000,0.000,0.000,0.000,0.000,0.000,0.000,0.000,0.000,0.000,0.000,0.000,0.000,0.000,0.000,0.000,1.338,0.000,0.000,0.000,0.000,0.000,0.000,0.657,0.000,0.000,0.000,0.000,0.000,0.000,0.000,0.000,0.000,0.000,0.000,0.000,0.000,0.000,0.000,2.798,0.000,0.000,0.000,0.000,0.000,0.000,0.000,0.000,0.000,0.000,0.000,0.000,0.000,0.000,0.000,0.000,0.000,0.000,0.000,0.000,0.000,5.243,0.000,0.000,0.000]
  Iter 50: LB=19.624097  UB=22.161018  gap=1.14e-01
  Cut: intercept=-83.513910, π_x_range=[-256.0000, 65.0894]
  Mini-Benders[1] (mw): LB=19.654647, Z₀(α*)=3.817638, intercept=-24.915309 (1.296s) [OMP=1.202 ISP-L=0.011 ISP-F=0.030 MW-L=0.024 MW-F=0.032]
  Mini-Benders[2] (mw): LB=19.654647, Z₀(α*)=3.817638, intercept=-24.915309 (1.375s) [OMP=1.269 ISP-L=0.011 ISP-F=0.030 MW-L=0.037 MW-F=0.032]
  Mini-Benders[3] (mw): LB=19.654647, Z₀(α*)=3.817638, intercept=-24.915309 (1.329s) [OMP=1.230 ISP-L=0.011 ISP-F=0.030 MW-L=0.025 MW-F=0.031]
  Mini-Benders[4]: LB stagnated, break
  α-step: Z₀=20.812525, α=[0.000,0.000,0.000,0.000,0.000,0.000,0.000,0.000,0.000,0.000,0.000,0.000,0.000,0.000,0.000,0.000,2.887,0.000,0.000,0.000,0.000,0.000,0.000,0.000,0.000,0.000,0.000,0.000,0.000,0.000,0.000,0.000,0.000,0.000,3.944,0.000,0.000,0.000,0.000,0.000,0.000,0.000,0.000,0.000,0.000,0.000,0.000,0.000,0.000,0.000,0.000,0.000,0.000,0.000,0.000,0.000,0.000,0.000,0.000,0.000,0.000,0.000,0.000,0.000,0.000,0.000,0.000,0.000,0.000,0.000,0.000,0.000,3.612,0.000,0.000,0.000]
  Alt-Benders[1] (mw): LB=19.661617, Z₀(α*)=27.844306, intercept=15.010688 (1.172s) [OMP=1.073 ISP-L=0.011 ISP-F=0.032 MW-L=0.022 MW-F=0.028]
  Alt-Benders[2] (mw): LB=19.796421, Z₀(α*)=22.513438, intercept=-104.572307 (1.250s) [OMP=1.145 ISP-L=0.009 ISP-F=0.027 MW-L=0.022 MW-F=0.039]
  Alt-Benders[3] (mw): LB=19.804266, Z₀(α*)=-3.952819, intercept=-110.412234 (1.188s) [OMP=1.088 ISP-L=0.010 ISP-F=0.028 MW-L=0.035 MW-F=0.028]
  Alt-Benders[4] (mw): LB=19.804266, Z₀(α*)=-3.952819, intercept=-110.412234 (1.281s) [OMP=1.184 ISP-L=0.011 ISP-F=0.028 MW-L=0.022 MW-F=0.028]
  Alt-Benders[5] (mw): LB=19.804266, Z₀(α*)=-3.952819, intercept=-110.412234 (1.281s) [OMP=1.178 ISP-L=0.011 ISP-F=0.028 MW-L=0.023 MW-F=0.040]
  OMP re-solve: 1.157s

=== True-DRO Benders iter 51 ===
  OMP: t₀=19.804266, UB=22.161018, gap=1.06e-01, x=[0, 0, 0, 0, 0, 0, 0, 0, 0, 0, 0, 0, 0, 0, 0, 0, 0, 0, 0, 0, 0, 0, 0, 0, 0, 0, 0, 0, 0, 0, 0, 0, 0, 0, 0, 0, 0, 0, 0, 0, 0, 0, 0, 0, 0, 0, 0, 0, 0, 0, 0, 0, 0, 1, 0, 0, 0, 0, 0, 0, 0, 0, 0, 0, 0, 0, 0, 0, 0, 0, 0, 1, 0, 0, 0, 0] (0.000s)
  Sub: Z₀=18.497539 [LOCAL] (0.3s), α=[0.000,0.000,0.000,0.000,0.000,0.000,0.000,0.000,0.000,0.000,0.000,0.000,0.000,0.000,0.000,0.000,0.000,0.000,0.000,0.000,0.000,0.000,0.000,0.000,0.000,0.000,0.000,0.000,0.000,0.000,0.000,0.000,0.000,0.000,0.000,0.000,0.000,0.000,0.000,0.000,0.000,0.000,0.000,0.000,0.000,0.000,0.000,0.000,0.000,0.000,0.000,0.000,0.000,0.000,0.000,0.000,0.000,0.000,0.000,0.000,0.000,0.000,0.000,0.000,0.000,0.000,0.000,0.000,0.000,0.000,0.000,10.443,0.000,0.000,0.000,0.000]
  Iter 51: LB=19.804266  UB=22.161018  gap=1.06e-01
  Cut: intercept=-1117.916760, π_x_range=[-825.0039, 573.4864]
  Mini-Benders[1] (mw): LB=19.804266, Z₀(α*)=18.887245, intercept=-88.061778 (1.265s) [OMP=1.134 ISP-L=0.011 ISP-F=0.031 MW-L=0.023 MW-F=0.065]
  Mini-Benders[2] (mw): LB=19.804266, Z₀(α*)=18.887245, intercept=-88.061778 (1.531s) [OMP=1.384 ISP-L=0.011 ISP-F=0.030 MW-L=0.035 MW-F=0.065]
  Mini-Benders[3]: LB stagnated, break
  α-step: Z₀=18.967428, α=[0.000,0.000,0.000,0.000,0.000,0.000,0.000,0.000,0.000,0.000,0.000,0.000,0.000,0.000,0.000,0.000,0.000,0.000,0.000,0.000,0.000,0.000,0.000,0.000,0.000,0.000,0.000,0.000,0.000,0.000,0.000,0.000,0.000,0.000,0.000,0.000,0.000,0.000,0.000,0.000,0.000,0.000,0.000,0.000,0.000,0.000,0.000,0.000,0.000,0.000,0.000,0.000,0.000,0.000,0.000,0.000,0.000,0.000,0.000,0.000,0.000,0.000,0.000,0.000,0.000,0.000,0.000,0.000,0.000,0.000,0.000,10.304,0.138,0.000,0.000,0.000]
  Alt-Benders[1] (mw): LB=19.804266, Z₀(α*)=18.967428, intercept=-87.930563 (1.515s) [OMP=1.376 ISP-L=0.011 ISP-F=0.031 MW-L=0.023 MW-F=0.067]
  Alt-Benders[2] (mw): LB=19.804266, Z₀(α*)=18.967428, intercept=-87.930563 (1.532s) [OMP=1.412 ISP-L=0.011 ISP-F=0.032 MW-L=0.023 MW-F=0.056]
  Alt-Benders[3]: LB stagnated, break
  OMP re-solve: 0.001s

=== True-DRO Benders iter 52 ===
  OMP: t₀=19.804266, UB=22.161018, gap=1.06e-01, x=[0, 0, 0, 0, 0, 0, 0, 0, 0, 0, 0, 0, 0, 0, 0, 0, 0, 0, 0, 0, 0, 0, 0, 0, 0, 0, 0, 0, 0, 0, 0, 0, 0, 0, 0, 0, 0, 0, 0, 0, 0, 0, 0, 0, 0, 0, 0, 0, 0, 0, 0, 0, 0, 1, 0, 0, 0, 0, 0, 0, 0, 0, 0, 0, 0, 0, 0, 0, 0, 0, 0, 1, 0, 0, 0, 0] (0.001s)
  Sub: Z₀=18.497539 [LOCAL] (0.3s), α=[0.000,0.000,0.000,0.000,0.000,0.000,0.000,0.000,0.000,0.000,0.000,0.000,0.000,0.000,0.000,0.000,0.000,0.000,0.000,0.000,0.000,0.000,0.000,0.000,0.000,0.000,0.000,0.000,0.000,0.000,0.000,0.000,0.000,0.000,0.000,0.000,0.000,0.000,0.000,0.000,0.000,0.000,0.000,0.000,0.000,0.000,0.000,0.000,0.000,0.000,0.000,0.000,0.000,0.000,0.000,0.000,0.000,0.000,0.000,0.000,0.000,0.000,0.000,0.000,0.000,0.000,0.000,0.000,0.000,0.000,0.000,10.443,0.000,0.000,0.000,0.000]
  Iter 52: LB=19.804266  UB=22.161018  gap=1.06e-01
  Cut: intercept=-1117.916760, π_x_range=[-825.0039, 573.4864]
  Mini-Benders[1] (mw): LB=19.804266, Z₀(α*)=18.887245, intercept=-88.061778 (1.562s) [OMP=1.410 ISP-L=0.011 ISP-F=0.031 MW-L=0.035 MW-F=0.065]
  Mini-Benders[2] (mw): LB=19.804266, Z₀(α*)=18.887245, intercept=-88.061778 (1.500s) [OMP=1.370 ISP-L=0.011 ISP-F=0.031 MW-L=0.023 MW-F=0.065]
  Mini-Benders[3]: LB stagnated, break
  α-step: Z₀=18.967428, α=[0.000,0.000,0.000,0.000,0.000,0.000,0.000,0.000,0.000,0.000,0.000,0.000,0.000,0.000,0.000,0.000,0.000,0.000,0.000,0.000,0.000,0.000,0.000,0.000,0.000,0.000,0.000,0.000,0.000,0.000,0.000,0.000,0.000,0.000,0.000,0.000,0.000,0.000,0.000,0.000,0.000,0.000,0.000,0.000,0.000,0.000,0.000,0.000,0.000,0.000,0.000,0.000,0.000,0.000,0.000,0.000,0.000,0.000,0.000,0.000,0.000,0.000,0.000,0.000,0.000,0.000,0.000,0.000,0.000,0.000,0.000,10.304,0.138,0.000,0.000,0.000]
  Alt-Benders[1] (mw): LB=19.804266, Z₀(α*)=18.967428, intercept=-87.930563 (1.469s) [OMP=1.349 ISP-L=0.011 ISP-F=0.032 MW-L=0.022 MW-F=0.056]
  Alt-Benders[2] (mw): LB=19.804266, Z₀(α*)=18.967428, intercept=-87.930563 (1.516s) [OMP=1.391 ISP-L=0.011 ISP-F=0.031 MW-L=0.022 MW-F=0.056]
  Alt-Benders[3]: LB stagnated, break
  OMP re-solve: 0.001s

=== True-DRO Benders iter 53 ===
  OMP: t₀=19.804266, UB=22.161018, gap=1.06e-01, x=[0, 0, 0, 0, 0, 0, 0, 0, 0, 0, 0, 0, 0, 0, 0, 0, 0, 0, 0, 0, 0, 0, 0, 0, 0, 0, 0, 0, 0, 0, 0, 0, 0, 0, 0, 0, 0, 0, 0, 0, 0, 0, 0, 0, 0, 0, 0, 0, 0, 0, 0, 0, 0, 1, 0, 0, 0, 0, 0, 0, 0, 0, 0, 0, 0, 0, 0, 0, 0, 0, 0, 1, 0, 0, 0, 0] (0.001s)
  Sub: Z₀=18.497539 [LOCAL] (0.3s), α=[0.000,0.000,0.000,0.000,0.000,0.000,0.000,0.000,0.000,0.000,0.000,0.000,0.000,0.000,0.000,0.000,0.000,0.000,0.000,0.000,0.000,0.000,0.000,0.000,0.000,0.000,0.000,0.000,0.000,0.000,0.000,0.000,0.000,0.000,0.000,0.000,0.000,0.000,0.000,0.000,0.000,0.000,0.000,0.000,0.000,0.000,0.000,0.000,0.000,0.000,0.000,0.000,0.000,0.000,0.000,0.000,0.000,0.000,0.000,0.000,0.000,0.000,0.000,0.000,0.000,0.000,0.000,0.000,0.000,0.000,0.000,10.443,0.000,0.000,0.000,0.000]
  Iter 53: LB=19.804266  UB=22.161018  gap=1.06e-01
  Cut: intercept=-1117.916760, π_x_range=[-825.0039, 573.4864]
  Mini-Benders[1] (mw): LB=19.804266, Z₀(α*)=18.887245, intercept=-88.061778 (1.546s) [OMP=1.412 ISP-L=0.011 ISP-F=0.031 MW-L=0.023 MW-F=0.065]
  Mini-Benders[2] (mw): LB=19.804266, Z₀(α*)=18.887245, intercept=-88.061778 (1.500s) [OMP=1.351 ISP-L=0.011 ISP-F=0.031 MW-L=0.034 MW-F=0.066]
  Mini-Benders[3]: LB stagnated, break
  α-step: Z₀=18.967428, α=[0.000,0.000,0.000,0.000,0.000,0.000,0.000,0.000,0.000,0.000,0.000,0.000,0.000,0.000,0.000,0.000,0.000,0.000,0.000,0.000,0.000,0.000,0.000,0.000,0.000,0.000,0.000,0.000,0.000,0.000,0.000,0.000,0.000,0.000,0.000,0.000,0.000,0.000,0.000,0.000,0.000,0.000,0.000,0.000,0.000,0.000,0.000,0.000,0.000,0.000,0.000,0.000,0.000,0.000,0.000,0.000,0.000,0.000,0.000,0.000,0.000,0.000,0.000,0.000,0.000,0.000,0.000,0.000,0.000,0.000,0.000,10.304,0.138,0.000,0.000,0.000]
  Alt-Benders[1] (mw): LB=19.804266, Z₀(α*)=18.967428, intercept=-87.930563 (1.485s) [OMP=1.345 ISP-L=0.011 ISP-F=0.031 MW-L=0.022 MW-F=0.068]
  Alt-Benders[2] (mw): LB=19.804266, Z₀(α*)=18.967428, intercept=-87.930563 (1.531s) [OMP=1.412 ISP-L=0.011 ISP-F=0.031 MW-L=0.023 MW-F=0.055]
  Alt-Benders[3]: LB stagnated, break
  OMP re-solve: 0.001s

=== True-DRO Benders iter 54 ===
  OMP: t₀=19.804266, UB=22.161018, gap=1.06e-01, x=[0, 0, 0, 0, 0, 0, 0, 0, 0, 0, 0, 0, 0, 0, 0, 0, 0, 0, 0, 0, 0, 0, 0, 0, 0, 0, 0, 0, 0, 0, 0, 0, 0, 0, 0, 0, 0, 0, 0, 0, 0, 0, 0, 0, 0, 0, 0, 0, 0, 0, 0, 0, 0, 1, 0, 0, 0, 0, 0, 0, 0, 0, 0, 0, 0, 0, 0, 0, 0, 0, 0, 1, 0, 0, 0, 0] (0.001s)
  Sub: Z₀=18.497539 [LOCAL] (0.3s), α=[0.000,0.000,0.000,0.000,0.000,0.000,0.000,0.000,0.000,0.000,0.000,0.000,0.000,0.000,0.000,0.000,0.000,0.000,0.000,0.000,0.000,0.000,0.000,0.000,0.000,0.000,0.000,0.000,0.000,0.000,0.000,0.000,0.000,0.000,0.000,0.000,0.000,0.000,0.000,0.000,0.000,0.000,0.000,0.000,0.000,0.000,0.000,0.000,0.000,0.000,0.000,0.000,0.000,0.000,0.000,0.000,0.000,0.000,0.000,0.000,0.000,0.000,0.000,0.000,0.000,0.000,0.000,0.000,0.000,0.000,0.000,10.443,0.000,0.000,0.000,0.000]
  Iter 54: LB=19.804266  UB=22.161018  gap=1.06e-01
  Cut: intercept=-1117.916760, π_x_range=[-825.0039, 573.4864]
  Mini-Benders[1] (mw): LB=19.804266, Z₀(α*)=18.887245, intercept=-88.061778 (1.563s) [OMP=1.411 ISP-L=0.011 ISP-F=0.031 MW-L=0.035 MW-F=0.067]
  Mini-Benders[2] (mw): LB=19.804266, Z₀(α*)=18.887245, intercept=-88.061778 (1.547s) [OMP=1.416 ISP-L=0.011 ISP-F=0.031 MW-L=0.023 MW-F=0.065]
  Mini-Benders[3]: LB stagnated, break
  α-step: Z₀=18.967428, α=[0.000,0.000,0.000,0.000,0.000,0.000,0.000,0.000,0.000,0.000,0.000,0.000,0.000,0.000,0.000,0.000,0.000,0.000,0.000,0.000,0.000,0.000,0.000,0.000,0.000,0.000,0.000,0.000,0.000,0.000,0.000,0.000,0.000,0.000,0.000,0.000,0.000,0.000,0.000,0.000,0.000,0.000,0.000,0.000,0.000,0.000,0.000,0.000,0.000,0.000,0.000,0.000,0.000,0.000,0.000,0.000,0.000,0.000,0.000,0.000,0.000,0.000,0.000,0.000,0.000,0.000,0.000,0.000,0.000,0.000,0.000,10.304,0.138,0.000,0.000,0.000]
  Alt-Benders[1] (mw): LB=19.804266, Z₀(α*)=18.967428, intercept=-87.930563 (1.500s) [OMP=1.381 ISP-L=0.011 ISP-F=0.032 MW-L=0.023 MW-F=0.055]
  Alt-Benders[2] (mw): LB=19.804266, Z₀(α*)=18.967428, intercept=-87.930563 (1.547s) [OMP=1.422 ISP-L=0.011 ISP-F=0.031 MW-L=0.022 MW-F=0.056]
  Alt-Benders[3]: LB stagnated, break
  OMP re-solve: 0.001s

=== True-DRO Benders iter 55 ===
  OMP: t₀=19.804266, UB=22.161018, gap=1.06e-01, x=[0, 0, 0, 0, 0, 0, 0, 0, 0, 0, 0, 0, 0, 0, 0, 0, 0, 0, 0, 0, 0, 0, 0, 0, 0, 0, 0, 0, 0, 0, 0, 0, 0, 0, 0, 0, 0, 0, 0, 0, 0, 0, 0, 0, 0, 0, 0, 0, 0, 0, 0, 0, 0, 1, 0, 0, 0, 0, 0, 0, 0, 0, 0, 0, 0, 0, 0, 0, 0, 0, 0, 1, 0, 0, 0, 0] (0.001s)
  Sub: Z₀=20.489974 (3.8s), α=[0.000,0.000,0.000,0.000,0.000,0.000,0.000,0.000,0.000,0.000,0.000,0.000,0.000,0.000,0.000,0.000,0.000,0.000,0.000,0.000,0.000,0.000,0.000,0.000,0.000,0.000,0.000,0.000,0.000,0.000,0.000,0.000,0.000,0.000,2.536,0.000,0.000,0.000,0.000,0.000,0.000,0.000,0.000,0.000,0.000,0.000,0.000,0.000,0.000,0.000,0.000,0.000,0.000,0.000,0.000,0.000,0.000,0.000,0.000,0.000,0.000,0.000,0.000,0.000,0.000,0.000,0.000,0.000,0.000,0.000,0.000,0.000,7.907,0.000,0.000,0.000]
  Iter 55: LB=19.804266  UB=20.489974  gap=3.35e-02
  Cut: intercept=-111.060237, π_x_range=[-175.1926, 77.4433]
  Sherali-Cut: intercept=-74.520657, π_x_range=[-77.0429, 54.8690]
  Mini-Benders[1] (mw): LB=19.810502, Z₀(α*)=24.654791, intercept=-17.126427 (1.703s) [OMP=1.590 ISP-L=0.009 ISP-F=0.029 MW-L=0.024 MW-F=0.052]
  Mini-Benders[2] (mw): LB=19.820367, Z₀(α*)=26.513099, intercept=10.027081 (2.188s) [OMP=2.087 ISP-L=0.010 ISP-F=0.030 MW-L=0.026 MW-F=0.030]
  Mini-Benders[3] (mw): LB=19.871229, Z₀(α*)=25.622357, intercept=-3.687236 (1.750s) [OMP=1.634 ISP-L=0.009 ISP-F=0.026 MW-L=0.036 MW-F=0.035]
  Mini-Benders[4] (mw): LB=19.910773, Z₀(α*)=24.177169, intercept=7.506004 (1.781s) [OMP=1.684 ISP-L=0.011 ISP-F=0.030 MW-L=0.023 MW-F=0.037]
  Mini-Benders[5] (mw): LB=19.931457, Z₀(α*)=18.206801, intercept=-92.130245 (2.031s) [OMP=1.929 ISP-L=0.010 ISP-F=0.027 MW-L=0.023 MW-F=0.044]
  α-step: Z₀=19.711140, α=[0.000,0.000,0.000,0.000,0.000,0.000,0.000,0.000,0.000,0.000,0.000,0.000,0.000,0.000,0.000,0.000,0.000,0.000,0.000,0.000,0.000,0.000,0.000,0.000,0.000,0.000,0.000,0.000,0.000,0.000,0.000,0.000,0.000,0.000,0.354,0.000,0.000,0.000,0.000,0.000,0.000,0.000,0.000,0.000,0.000,0.000,0.000,0.000,0.000,0.000,0.000,0.000,0.000,0.000,0.000,0.000,0.000,0.000,0.000,0.000,0.000,0.000,0.000,0.000,0.000,0.000,0.000,0.000,0.000,0.000,0.000,0.354,9.735,0.000,0.000,0.000]
  Alt-Benders[1] (mw): LB=19.931457, Z₀(α*)=19.711140, intercept=-51.218384 (1.797s) [OMP=1.670 ISP-L=0.011 ISP-F=0.028 MW-L=0.024 MW-F=0.064]
  Alt-Benders[2] (mw): LB=19.931457, Z₀(α*)=19.711140, intercept=-51.218384 (1.719s) [OMP=1.574 ISP-L=0.011 ISP-F=0.029 MW-L=0.036 MW-F=0.064]
  Alt-Benders[3] (mw): LB=19.931457, Z₀(α*)=19.711140, intercept=-51.218384 (1.687s) [OMP=1.553 ISP-L=0.011 ISP-F=0.028 MW-L=0.025 MW-F=0.063]
  Alt-Benders[4]: LB stagnated, break
  OMP re-solve: 0.001s

=== True-DRO Benders iter 56 ===
  OMP: t₀=19.931457, UB=20.489974, gap=2.73e-02, x=[0, 0, 0, 0, 0, 0, 0, 0, 0, 0, 0, 0, 0, 0, 0, 0, 0, 0, 0, 0, 0, 0, 0, 0, 0, 0, 0, 0, 0, 0, 0, 0, 0, 0, 1, 0, 0, 0, 0, 0, 0, 0, 0, 0, 0, 0, 0, 0, 0, 0, 0, 0, 0, 0, 0, 0, 0, 0, 0, 0, 0, 0, 0, 0, 0, 0, 0, 0, 0, 0, 0, 1, 0, 0, 0, 0] (0.001s)
  Sub: Z₀=19.183177 [LOCAL] (0.4s), α=[0.000,0.000,0.000,0.000,0.000,0.000,0.000,0.000,0.000,0.000,0.000,0.000,0.000,0.000,0.000,0.000,0.000,0.000,0.000,0.000,0.000,0.000,0.000,0.000,0.000,0.000,0.000,0.000,0.000,0.000,0.000,0.000,0.000,0.000,1.981,0.000,0.000,0.000,0.000,0.000,0.000,0.000,0.000,0.000,0.000,0.000,0.000,0.000,0.000,0.000,0.547,0.000,0.000,0.000,0.000,0.000,0.000,0.000,0.000,0.000,0.000,0.000,0.000,0.000,0.000,0.000,0.000,0.000,0.000,0.000,0.000,1.981,5.935,0.000,0.000,0.000]
  Iter 56: LB=19.931457  UB=20.489974  gap=2.73e-02
  Cut: intercept=-1106.178115, π_x_range=[-824.8145, 569.7090]
  Mini-Benders[1] (mw): LB=19.931457, Z₀(α*)=19.357693, intercept=-65.581260 (1.672s) [OMP=1.571 ISP-L=0.011 ISP-F=0.030 MW-L=0.026 MW-F=0.028]
  Mini-Benders[2] (mw): LB=19.931457, Z₀(α*)=19.357693, intercept=-65.581260 (1.781s) [OMP=1.687 ISP-L=0.011 ISP-F=0.030 MW-L=0.025 MW-F=0.029]
  Mini-Benders[3]: LB stagnated, break
  α-step: Z₀=19.357693, α=[0.000,0.000,0.000,0.000,0.000,0.000,0.000,0.000,0.000,0.000,0.000,0.000,0.000,0.000,0.000,0.000,0.000,0.000,0.000,0.000,0.000,0.000,0.000,0.000,0.000,0.000,0.000,0.000,0.000,0.000,0.000,0.000,0.000,0.000,0.000,0.000,0.000,0.000,0.000,0.000,0.000,0.000,0.000,0.000,0.000,0.000,0.000,0.000,0.000,0.000,2.527,0.000,0.000,0.000,0.000,0.000,0.000,0.000,0.000,0.000,0.000,0.000,0.000,0.000,0.000,0.000,0.000,0.000,0.000,0.000,0.000,0.000,7.915,0.000,0.000,0.000]
  Alt-Benders[1] (mw): LB=19.931457, Z₀(α*)=19.357693, intercept=-65.581258 (1.703s) [OMP=1.605 ISP-L=0.011 ISP-F=0.027 MW-L=0.023 MW-F=0.038]
  Alt-Benders[2] (mw): LB=19.931457, Z₀(α*)=19.357693, intercept=-65.581258 (1.641s) [OMP=1.533 ISP-L=0.011 ISP-F=0.026 MW-L=0.034 MW-F=0.039]
  Alt-Benders[3]: LB stagnated, break
  OMP re-solve: 0.000s

=== True-DRO Benders iter 57 ===
  OMP: t₀=19.931457, UB=20.489974, gap=2.73e-02, x=[0, 0, 0, 0, 0, 0, 0, 0, 0, 0, 0, 0, 0, 0, 0, 0, 0, 0, 0, 0, 0, 0, 0, 0, 0, 0, 0, 0, 0, 0, 0, 0, 0, 0, 1, 0, 0, 0, 0, 0, 0, 0, 0, 0, 0, 0, 0, 0, 0, 0, 0, 0, 0, 0, 0, 0, 0, 0, 0, 0, 0, 0, 0, 0, 0, 0, 0, 0, 0, 0, 0, 1, 0, 0, 0, 0] (0.000s)
  Sub: Z₀=19.183177 [LOCAL] (0.4s), α=[0.000,0.000,0.000,0.000,0.000,0.000,0.000,0.000,0.000,0.000,0.000,0.000,0.000,0.000,0.000,0.000,0.000,0.000,0.000,0.000,0.000,0.000,0.000,0.000,0.000,0.000,0.000,0.000,0.000,0.000,0.000,0.000,0.000,0.000,1.981,0.000,0.000,0.000,0.000,0.000,0.000,0.000,0.000,0.000,0.000,0.000,0.000,0.000,0.000,0.000,0.547,0.000,0.000,0.000,0.000,0.000,0.000,0.000,0.000,0.000,0.000,0.000,0.000,0.000,0.000,0.000,0.000,0.000,0.000,0.000,0.000,1.981,5.935,0.000,0.000,0.000]
  Iter 57: LB=19.931457  UB=20.489974  gap=2.73e-02
  Cut: intercept=-1106.178115, π_x_range=[-824.8145, 569.7090]
  Mini-Benders[1] (mw): LB=19.931457, Z₀(α*)=19.357693, intercept=-65.581260 (1.312s) [OMP=1.209 ISP-L=0.011 ISP-F=0.030 MW-L=0.025 MW-F=0.041]
  Mini-Benders[2] (mw): LB=19.931457, Z₀(α*)=19.357693, intercept=-65.581260 (1.313s) [OMP=1.205 ISP-L=0.011 ISP-F=0.030 MW-L=0.026 MW-F=0.028]
  Mini-Benders[3]: LB stagnated, break
  α-step: Z₀=19.357693, α=[0.000,0.000,0.000,0.000,0.000,0.000,0.000,0.000,0.000,0.000,0.000,0.000,0.000,0.000,0.000,0.000,0.000,0.000,0.000,0.000,0.000,0.000,0.000,0.000,0.000,0.000,0.000,0.000,0.000,0.000,0.000,0.000,0.000,0.000,0.000,0.000,0.000,0.000,0.000,0.000,0.000,0.000,0.000,0.000,0.000,0.000,0.000,0.000,0.000,0.000,2.527,0.000,0.000,0.000,0.000,0.000,0.000,0.000,0.000,0.000,0.000,0.000,0.000,0.000,0.000,0.000,0.000,0.000,0.000,0.000,0.000,0.000,7.915,0.000,0.000,0.000]
  Alt-Benders[1] (mw): LB=19.931457, Z₀(α*)=19.357693, intercept=-65.581258 (1.641s) [OMP=1.517 ISP-L=0.011 ISP-F=0.026 MW-L=0.035 MW-F=0.039]
  Alt-Benders[2] (mw): LB=19.931457, Z₀(α*)=19.357693, intercept=-65.581258 (1.640s) [OMP=1.552 ISP-L=0.011 ISP-F=0.027 MW-L=0.023 MW-F=0.038]
  Alt-Benders[3]: LB stagnated, break
  OMP re-solve: 0.000s

=== True-DRO Benders iter 58 ===
  OMP: t₀=19.931457, UB=20.489974, gap=2.73e-02, x=[0, 0, 0, 0, 0, 0, 0, 0, 0, 0, 0, 0, 0, 0, 0, 0, 0, 0, 0, 0, 0, 0, 0, 0, 0, 0, 0, 0, 0, 0, 0, 0, 0, 0, 1, 0, 0, 0, 0, 0, 0, 0, 0, 0, 0, 0, 0, 0, 0, 0, 0, 0, 0, 0, 0, 0, 0, 0, 0, 0, 0, 0, 0, 0, 0, 0, 0, 0, 0, 0, 0, 1, 0, 0, 0, 0] (0.000s)
  Sub: Z₀=19.183177 [LOCAL] (0.4s), α=[0.000,0.000,0.000,0.000,0.000,0.000,0.000,0.000,0.000,0.000,0.000,0.000,0.000,0.000,0.000,0.000,0.000,0.000,0.000,0.000,0.000,0.000,0.000,0.000,0.000,0.000,0.000,0.000,0.000,0.000,0.000,0.000,0.000,0.000,1.981,0.000,0.000,0.000,0.000,0.000,0.000,0.000,0.000,0.000,0.000,0.000,0.000,0.000,0.000,0.000,0.547,0.000,0.000,0.000,0.000,0.000,0.000,0.000,0.000,0.000,0.000,0.000,0.000,0.000,0.000,0.000,0.000,0.000,0.000,0.000,0.000,1.981,5.935,0.000,0.000,0.000]
  Iter 58: LB=19.931457  UB=20.489974  gap=2.73e-02
  Cut: intercept=-1106.178115, π_x_range=[-824.8145, 569.7090]
  Mini-Benders[1] (mw): LB=19.931457, Z₀(α*)=19.357693, intercept=-65.581260 (1.328s) [OMP=1.228 ISP-L=0.011 ISP-F=0.030 MW-L=0.026 MW-F=0.028]
  Mini-Benders[2] (mw): LB=19.931457, Z₀(α*)=19.357693, intercept=-65.581260 (1.328s) [OMP=1.231 ISP-L=0.011 ISP-F=0.030 MW-L=0.026 MW-F=0.028]
  Mini-Benders[3]: LB stagnated, break
  α-step: Z₀=19.357693, α=[0.000,0.000,0.000,0.000,0.000,0.000,0.000,0.000,0.000,0.000,0.000,0.000,0.000,0.000,0.000,0.000,0.000,0.000,0.000,0.000,0.000,0.000,0.000,0.000,0.000,0.000,0.000,0.000,0.000,0.000,0.000,0.000,0.000,0.000,0.000,0.000,0.000,0.000,0.000,0.000,0.000,0.000,0.000,0.000,0.000,0.000,0.000,0.000,0.000,0.000,2.527,0.000,0.000,0.000,0.000,0.000,0.000,0.000,0.000,0.000,0.000,0.000,0.000,0.000,0.000,0.000,0.000,0.000,0.000,0.000,0.000,0.000,7.915,0.000,0.000,0.000]
  Alt-Benders[1] (mw): LB=19.931457, Z₀(α*)=19.357693, intercept=-65.581258 (1.609s) [OMP=1.511 ISP-L=0.011 ISP-F=0.026 MW-L=0.023 MW-F=0.038]
  Alt-Benders[2] (mw): LB=19.931457, Z₀(α*)=19.357693, intercept=-65.581258 (1.344s) [OMP=1.224 ISP-L=0.010 ISP-F=0.027 MW-L=0.023 MW-F=0.050]
  Alt-Benders[3]: LB stagnated, break
  OMP re-solve: 0.000s

=== True-DRO Benders iter 59 ===
  OMP: t₀=19.931457, UB=20.489974, gap=2.73e-02, x=[0, 0, 0, 0, 0, 0, 0, 0, 0, 0, 0, 0, 0, 0, 0, 0, 0, 0, 0, 0, 0, 0, 0, 0, 0, 0, 0, 0, 0, 0, 0, 0, 0, 0, 1, 0, 0, 0, 0, 0, 0, 0, 0, 0, 0, 0, 0, 0, 0, 0, 0, 0, 0, 0, 0, 0, 0, 0, 0, 0, 0, 0, 0, 0, 0, 0, 0, 0, 0, 0, 0, 1, 0, 0, 0, 0] (0.000s)
  Sub: Z₀=19.183177 [LOCAL] (0.4s), α=[0.000,0.000,0.000,0.000,0.000,0.000,0.000,0.000,0.000,0.000,0.000,0.000,0.000,0.000,0.000,0.000,0.000,0.000,0.000,0.000,0.000,0.000,0.000,0.000,0.000,0.000,0.000,0.000,0.000,0.000,0.000,0.000,0.000,0.000,1.981,0.000,0.000,0.000,0.000,0.000,0.000,0.000,0.000,0.000,0.000,0.000,0.000,0.000,0.000,0.000,0.547,0.000,0.000,0.000,0.000,0.000,0.000,0.000,0.000,0.000,0.000,0.000,0.000,0.000,0.000,0.000,0.000,0.000,0.000,0.000,0.000,1.981,5.935,0.000,0.000,0.000]
  Iter 59: LB=19.931457  UB=20.489974  gap=2.73e-02
  Cut: intercept=-1106.178115, π_x_range=[-824.8145, 569.7090]
  Mini-Benders[1] (mw): LB=19.931457, Z₀(α*)=19.357693, intercept=-65.581260 (1.641s) [OMP=1.549 ISP-L=0.011 ISP-F=0.030 MW-L=0.025 MW-F=0.027]
  Mini-Benders[2] (mw): LB=19.931457, Z₀(α*)=19.357693, intercept=-65.581260 (1.640s) [OMP=1.532 ISP-L=0.011 ISP-F=0.030 MW-L=0.038 MW-F=0.028]
  Mini-Benders[3]: LB stagnated, break
  α-step: Z₀=19.357693, α=[0.000,0.000,0.000,0.000,0.000,0.000,0.000,0.000,0.000,0.000,0.000,0.000,0.000,0.000,0.000,0.000,0.000,0.000,0.000,0.000,0.000,0.000,0.000,0.000,0.000,0.000,0.000,0.000,0.000,0.000,0.000,0.000,0.000,0.000,0.000,0.000,0.000,0.000,0.000,0.000,0.000,0.000,0.000,0.000,0.000,0.000,0.000,0.000,0.000,0.000,2.527,0.000,0.000,0.000,0.000,0.000,0.000,0.000,0.000,0.000,0.000,0.000,0.000,0.000,0.000,0.000,0.000,0.000,0.000,0.000,0.000,0.000,7.915,0.000,0.000,0.000]
  Alt-Benders[1] (mw): LB=19.931457, Z₀(α*)=19.357693, intercept=-65.581258 (1.359s) [OMP=1.232 ISP-L=0.011 ISP-F=0.026 MW-L=0.022 MW-F=0.053]
  Alt-Benders[2] (mw): LB=19.931457, Z₀(α*)=19.357693, intercept=-65.581258 (1.328s) [OMP=1.230 ISP-L=0.011 ISP-F=0.027 MW-L=0.024 MW-F=0.040]
  Alt-Benders[3]: LB stagnated, break
  OMP re-solve: 0.000s

=== True-DRO Benders iter 60 ===
  OMP: t₀=19.931457, UB=20.489974, gap=2.73e-02, x=[0, 0, 0, 0, 0, 0, 0, 0, 0, 0, 0, 0, 0, 0, 0, 0, 0, 0, 0, 0, 0, 0, 0, 0, 0, 0, 0, 0, 0, 0, 0, 0, 0, 0, 1, 0, 0, 0, 0, 0, 0, 0, 0, 0, 0, 0, 0, 0, 0, 0, 0, 0, 0, 0, 0, 0, 0, 0, 0, 0, 0, 0, 0, 0, 0, 0, 0, 0, 0, 0, 0, 1, 0, 0, 0, 0] (0.000s)
  Sub: Z₀=20.176113 [TIME_LIMIT] (15.1s), α=[0.000,0.000,0.000,0.000,0.000,0.000,0.000,0.000,0.000,0.000,0.000,0.000,0.000,0.000,0.000,0.000,0.000,0.000,0.000,0.000,0.170,0.000,0.000,0.000,0.000,0.000,0.000,0.000,0.000,0.000,0.000,0.000,0.000,0.000,0.000,0.000,0.000,0.000,0.000,0.000,0.000,0.000,0.000,0.000,0.000,0.000,0.000,0.000,0.000,0.000,0.000,0.000,0.000,0.000,0.000,0.000,0.000,0.000,0.000,0.000,0.000,0.000,0.173,0.000,0.000,0.000,0.000,0.000,0.000,0.000,0.000,4.711,5.388,0.000,0.000,0.000]
  Iter 60: LB=19.931457  UB=20.181593  gap=1.24e-02
  Cut: intercept=-89.957373, π_x_range=[-278.0000, 67.5703]
  Mini-Benders[1] (mw): LB=19.994506, Z₀(α*)=13.402086, intercept=-15.590812 (1.797s) [OMP=1.670 ISP-L=0.011 ISP-F=0.035 MW-L=0.040 MW-F=0.038]
  Mini-Benders[2] (mw): LB=19.994506, Z₀(α*)=13.402086, intercept=-15.590812 (1.906s) [OMP=1.794 ISP-L=0.011 ISP-F=0.035 MW-L=0.026 MW-F=0.037]
  Mini-Benders[3] (mw): LB=19.994506, Z₀(α*)=13.402086, intercept=-15.590812 (1.828s) [OMP=1.714 ISP-L=0.011 ISP-F=0.034 MW-L=0.026 MW-F=0.049]
  Mini-Benders[4]: LB stagnated, break
  α-step: Z₀=27.872992, α=[0.000,0.000,0.000,0.000,0.000,0.000,0.000,0.000,0.000,0.000,2.522,0.000,0.000,0.000,0.000,0.000,0.000,0.000,0.000,0.000,0.000,0.000,0.000,0.000,0.000,0.000,0.000,0.000,0.000,0.000,0.000,0.000,0.000,0.000,0.000,0.000,0.000,0.000,0.000,0.000,0.000,0.000,0.000,0.000,0.000,0.000,0.000,0.000,0.000,0.000,0.998,0.000,0.000,0.000,0.000,0.000,0.000,0.000,0.000,0.000,0.000,0.000,2.169,0.000,0.000,0.000,0.000,0.000,0.000,0.000,0.000,0.599,4.155,0.000,0.000,0.000]
  Alt-Benders[1] (mw): LB=20.017318, Z₀(α*)=28.620889, intercept=28.909838 (1.579s) [OMP=1.475 ISP-L=0.012 ISP-F=0.033 MW-L=0.021 MW-F=0.042]
  Alt-Benders[2] (mw): LB=20.071839, Z₀(α*)=28.868966, intercept=29.132468 (1.625s) [OMP=1.509 ISP-L=0.010 ISP-F=0.033 MW-L=0.034 MW-F=0.031]
  Alt-Benders[3] (mw): LB=20.096554, Z₀(α*)=28.528011, intercept=18.539668 (1.703s) [OMP=1.593 ISP-L=0.011 ISP-F=0.035 MW-L=0.021 MW-F=0.033]
  Alt-Benders[3]: gap=4.21e-03 ≤ tol, break
  OMP re-solve: 1.560s

=== True-DRO Benders iter 61 ===
  OMP: t₀=20.145759, UB=20.181593, gap=1.78e-03, x=[0, 0, 0, 0, 0, 0, 0, 0, 0, 0, 0, 0, 0, 0, 0, 0, 0, 0, 0, 0, 0, 0, 0, 0, 0, 0, 0, 0, 0, 1, 0, 0, 0, 0, 0, 0, 0, 0, 0, 0, 0, 0, 1, 0, 0, 0, 0, 0, 0, 0, 0, 0, 0, 0, 0, 0, 0, 0, 0, 0, 0, 0, 0, 0, 0, 0, 0, 0, 0, 0, 0, 0, 0, 0, 0, 0] (0.000s)
  Sub: Z₀=27.640162 [LOCAL] (1.2s), α=[0.000,0.000,0.000,0.000,0.000,0.000,0.000,0.000,0.000,0.000,2.759,0.000,0.000,0.042,0.000,0.000,0.403,0.000,0.000,0.000,0.021,0.000,0.000,0.000,0.000,0.000,0.000,0.000,0.000,0.000,0.000,0.000,0.000,0.000,0.000,0.000,0.000,0.000,0.000,0.000,0.000,0.000,3.936,0.000,0.000,0.000,0.000,0.000,0.000,0.026,0.000,0.000,0.000,0.000,0.000,0.000,0.000,0.000,0.000,0.000,0.000,0.000,0.000,0.000,0.000,0.000,0.000,0.000,0.000,0.000,0.000,0.000,3.257,0.000,0.000,0.000]
  Iter 61: LB=20.145759  UB=20.181593  gap=1.78e-03
True-DRO Benders converged at iter 61 (gap=1.78e-03)
  Wall time: 831.11 sec
  OMP  time: mean=0.811s, median=0.897s, max=2.087s
  Sub  time (exact): mean=3.312s, median=3.312s, q90=3.676s, max=3.768s (n=2/61)

Result (double/mb_only): Z₀=20.181593, iters=61, time=831.2s
x arcs = [35, 72]
